feature_id,coverage_share,abs_corr_treatment,abs_corr_outcome_max,screen_score
q__psave_psave__lag002,0.987461,0.593486,0.314693,0.89679196
m__psavert_psavert__lag008,0.836991,0.687234,0.381473,0.89449771
q__bogz1lm903061103q_instrument_discrepancies_ts__lag002,1.0,0.436532,0.444215,0.88074737
q__psave_psave__lag001,0.990596,0.563715,0.321319,0.8767115
q__bogz1lm903061103q_instrument_discrepancies_ts__lag001,1.0,0.403847,0.468988,0.87283545
q__bogz1fa313161105q_tsy_net_tx__lag002,0.990596,0.533072,0.317671,0.84274168
q__bogz1fa713061103q_cb_tsy_tx__lag001,0.99373,0.413798,0.423813,0.83235965
m__psavert_psavert__lag009,0.836991,0.648989,0.34522,0.83214323
m__psavert_psavert__lag004,0.840125,0.618626,0.367121,0.8281507
q__tgdef_net_gov_sav__lag001,0.990596,0.579238,0.254953,0.82634533
q__fbtsatq027s_dom_fin_sector_tsy_tx__lag002,0.990596,0.545253,0.287184,0.82460874
m__psavert_psavert__lag001,0.84326,0.497023,0.457104,0.80457724
q__tgdef_net_gov_sav__lag002,0.987461,0.557179,0.24971,0.79677172
m__psavert_psavert__lag005,0.840125,0.557437,0.388716,0.79488648
m__psavert_psavert__lag007,0.836991,0.572411,0.372986,0.7912885
q__bogz1fa343061113q_fed_gov_dcf_retirement_ts_tx__lag004,0.984326,0.431948,0.370287,0.78966021
q__psave_psave__lag003,0.984326,0.447706,0.346738,0.78199116
m__psavert_psavert__lag006,0.840125,0.569451,0.357487,0.77874409
q__bogz1fl712051000q_fed_rrp__lag005,0.99373,0.566164,0.20314,0.76448028
q__bogz1fa713061103q_cb_tsy_tx__lag002,0.990596,0.500689,0.270568,0.76400378
q__bogz1lm903061103q_instrument_discrepancies_ts__lag003,1.0,0.405534,0.357853,0.7633875
m__psavert_psavert__lag011,0.833856,0.512308,0.392239,0.75426199
d__dgs5_dgs5__lag025,0.805643,0.469591,0.462979,0.75131815
d__dgs5_dgs5__lag026,0.805643,0.467648,0.46377,0.75039042
d__dgs5_dgs5__lag016,0.805643,0.465738,0.465321,0.75010025
d__dgs5_dgs5__lag023,0.805643,0.463243,0.46607,0.7486944
d__dgs5_dgs5__lag027,0.805643,0.465868,0.462869,0.74823004
d__dgs5_dgs5__lag024,0.805643,0.465713,0.461381,0.74690602
d__dgs5_dgs5__lag005,0.805643,0.450746,0.474801,0.74565977
d__dgs5_dgs5__lag002,0.805643,0.45351,0.47178,0.74545323
d__dgs5_dgs5__lag021,0.805643,0.467565,0.457432,0.74521676
d__dgs5_dgs5__lag018,0.805643,0.467351,0.457512,0.74510888
q__bogz1fl712051000q_fed_rrp__lag004,0.996865,0.492892,0.254091,0.74464133
d__dgs5_dgs5__lag029,0.805643,0.466585,0.457373,0.74437942
d__dgs5_dgs5__lag004,0.805643,0.449147,0.47339,0.74323572
m__ipfinal_ipfinal__lag001,1.0,0.370011,0.372693,0.74270463
d__dgs5_dgs5__lag009,0.805643,0.449685,0.471946,0.74250511
d__dgs5_dgs5__lag022,0.805643,0.464738,0.45673,0.74237364
d__dgs5_dgs5__lag033,0.805643,0.466297,0.455116,0.74232958
d__dgs5_dgs5__lag008,0.805643,0.45346,0.467938,0.74231783
d__dgs5_dgs5__lag011,0.805643,0.454988,0.466372,0.74228755
q__bogz1fl313024000q_tres_oper_cash__lag001,1.0,0.557432,0.184335,0.74176712
d__dgs5_dgs5__lag028,0.805643,0.463893,0.456485,0.74149582
d__dgs5_dgs5__lag001,0.805643,0.447549,0.472312,0.74107855
d__dgs5_dgs5__lag010,0.805643,0.454409,0.465431,0.74106201
d__dgs5_dgs5__lag003,0.805643,0.449795,0.469925,0.7409655
d__dgs5_dgs5__lag017,0.805643,0.463009,0.456448,0.74075414
d__dgs5_dgs5__lag006,0.805643,0.451437,0.467597,0.74041306
d__dgs5_dgs5__lag019,0.805643,0.464883,0.454147,0.74040967
d__dgs5_dgs5__lag020,0.805643,0.462715,0.455195,0.7395072
d__dgs5_dgs5__lag032,0.805643,0.463827,0.453792,0.73927302
d__dgs5_dgs5__lag007,0.805643,0.452253,0.463922,0.73811005
q__fgdef_fgdef__lag001,0.990596,0.527931,0.217035,0.73795997
d__dgs5_dgs5__lag012,0.805643,0.452082,0.463681,0.73777748
d__dgs5_dgs5__lag015,0.805643,0.46225,0.453337,0.73763579
m__psavert_psavert__lag002,0.84326,0.48192,0.392446,0.73731867
d__dgs3_dgs3__lag002,0.805643,0.458418,0.455284,0.73611716
d__dgs5_dgs5__lag030,0.805643,0.463112,0.450152,0.73576427
d__dgs5_dgs5__lag034,0.805643,0.467787,0.445361,0.7356709
d__dgs5_dgs5__lag036,0.805643,0.466634,0.446196,0.73541461
d__dgs3_dgs3__lag016,0.805643,0.46515,0.447146,0.73498403
d__dgs3_dgs3__lag005,0.805643,0.454333,0.457865,0.73490611
d__dgs5_dgs5__lag037,0.805643,0.468957,0.442914,0.73464181
d__dgs3_dgs3__lag004,0.805643,0.454349,0.457469,0.73459937
q__bogz1fl713061113q_cb_bills_raw__lag008,0.984326,0.332961,0.413258,0.73452244
q__bogz1fl713061113q_cb_bills__lag008,0.984326,0.332961,0.413258,0.73452244
d__dgs3_dgs3__lag025,0.805643,0.466033,0.445042,0.73400097
d__dgs3_dgs3__lag023,0.805643,0.461158,0.449771,0.73388332
d__dgs5_dgs5__lag031,0.805643,0.461201,0.449586,0.73376901
d__dgs3_dgs3__lag009,0.805643,0.455783,0.454947,0.73372321
m__ipcongd_ipcongd__lag009,1.0,0.453125,0.280517,0.73364144
d__dgs3_dgs3__lag011,0.805643,0.458801,0.451466,0.73334979
d__dgs3_dgs3__lag008,0.805643,0.45818,0.45165,0.73299746
d__dgs3_dgs3__lag026,0.805643,0.463832,0.445719,0.7327728
d__dgs3_dgs3__lag003,0.805643,0.455011,0.454533,0.73276706
d__dgs5_dgs5__lag013,0.805643,0.45432,0.455174,0.73272696
d__dgs3_dgs3__lag006,0.805643,0.455931,0.453438,0.73262662
d__dgs3_dgs3__lag021,0.805643,0.466933,0.442372,0.73257477
d__dgs3_dgs3__lag018,0.805643,0.466278,0.442984,0.73254006
d__dgs5_dgs5__lag035,0.805643,0.464674,0.444525,0.73248919
d__dgs3_dgs3__lag010,0.805643,0.458095,0.45105,0.73244578
d__dgs3_dgs3__lag027,0.805643,0.462914,0.445347,0.73173362
d__dgs3_dgs3__lag001,0.805643,0.45336,0.454575,0.73147125
d__dgs5_dgs5__lag039,0.805643,0.467462,0.440447,0.73144999
d__dgs3_dgs3__lag024,0.805643,0.463381,0.444171,0.73116253
d__dgs5_dgs5__lag040,0.805643,0.467142,0.439662,0.73055978
d__dgs3_dgs3__lag007,0.805643,0.456001,0.450541,0.73034906
d__dgs3_dgs3__lag017,0.805643,0.463242,0.442302,0.72954519
d__dgs3_dgs3__lag029,0.805643,0.464884,0.440244,0.72920984
d__dgs5_dgs5__lag038,0.805643,0.464451,0.44056,0.72911528
d__dgs5_dgs5__lag014,0.805643,0.456892,0.447686,0.72876698
d__dgs3_dgs3__lag012,0.805643,0.455283,0.449022,0.72854683
d__dgs3_dgs3__lag020,0.805643,0.463677,0.440377,0.72834475
d__dgs3_dgs3__lag028,0.805643,0.462724,0.441014,0.72808985
q__tgdef_net_gov_sav__lag003,0.984326,0.437201,0.302298,0.72790784
d__dgs3_dgs3__lag022,0.805643,0.462909,0.440384,0.72773138
m__psavert_psavert__lag012,0.833856,0.471926,0.400723,0.72766337
d__dgs3_dgs3__lag019,0.805643,0.463562,0.43951,0.72755352
d__dgs3_dgs3__lag015,0.805643,0.46203,0.440076,0.72677484
d__dgs5_dgs5__lag042,0.805643,0.466712,0.435392,0.726773
d__dgs5_dgs5__lag041,0.805643,0.465748,0.435306,0.72592735
d__dgs3_dgs3__lag013,0.805643,0.45689,0.442709,0.72475528
d__dgs5_dgs5__lag043,0.805643,0.46296,0.435901,0.7241604
q__bogz1fa633061105q_money_market_funds_ts_tx__lag002,0.990596,0.357364,0.372116,0.72261993
d__dgs5_dgs5__lag089,0.805643,0.461361,0.435337,0.72241804
d__dgs3_dgs3__lag033,0.805643,0.461083,0.435237,0.72211361
d__dgs5_dgs5__lag044,0.805643,0.462273,0.433689,0.7218254
d__dgs5_dgs5__lag090,0.802508,0.466701,0.431459,0.72078049
d__dgs3_dgs3__lag030,0.805643,0.461426,0.433047,0.72062567
d__dgs3_dgs3__lag014,0.805643,0.458542,0.435732,0.72046579
d__dgs3_dgs3__lag032,0.805643,0.459422,0.434149,0.71989839
d__dgs5_dgs5__lag045,0.805643,0.460074,0.432212,0.71886434
q__bogz1fl313024000q_tres_oper_cash__lag002,1.0,0.55783,0.161004,0.71883436
d__dgs5_dgs5__lag061,0.805643,0.450705,0.440286,0.71781968
d__dgs5_dgs5__lag087,0.805643,0.455278,0.435414,0.71757991
d__dgs3_dgs3__lag031,0.805643,0.45888,0.431513,0.71733851
d__dgs5_dgs5__lag057,0.805643,0.458119,0.431537,0.71674417
d__dgs5_dgs5__lag060,0.805643,0.451068,0.43844,0.716626
m__unrate_unrate__lag009,0.974922,0.518114,0.216734,0.71641922
d__dgs3_dgs3__lag034,0.805643,0.462465,0.426671,0.71632586
d__dgs5_dgs5__lag071,0.805643,0.455454,0.432696,0.71553151
d__dgs5_dgs5__lag062,0.805643,0.449121,0.438925,0.71544774
d__dgs5_dgs5__lag073,0.805643,0.454764,0.433008,0.71522687
d__dgs5_dgs5__lag086,0.805643,0.454528,0.432905,0.71495386
d__dgs5_dgs5__lag046,0.805643,0.458435,0.428905,0.71487824
d__dgs5_dgs5__lag085,0.805643,0.454991,0.432262,0.71480945
d__dgs5_dgs5__lag088,0.805643,0.454818,0.432182,0.71460527
d__dgs5_dgs5__lag059,0.805643,0.449591,0.437382,0.71458282
d__dgs5_dgs5__lag069,0.805643,0.454814,0.432046,0.71449245
m__ipfinal_ipfinal__lag009,1.0,0.475268,0.238595,0.71386343
d__dgs5_dgs5__lag056,0.805643,0.455008,0.430992,0.71379946
d__dgs5_dgs5__lag068,0.805643,0.452103,0.433608,0.71356699
d__dgs5_dgs5__lag084,0.805643,0.454342,0.431257,0.71347588
d__dgs5_dgs5__lag072,0.805643,0.455207,0.43027,0.71337782
d__dgs5_dgs5__lag065,0.805643,0.453513,0.43171,0.71317304
d__dgs5_dgs5__lag054,0.805643,0.454332,0.43079,0.71309245
d__dgs5_dgs5__lag070,0.805643,0.453622,0.431037,0.71271861
d__dgs3_dgs3__lag035,0.805643,0.459547,0.424624,0.7123258
d__dgs5_dgs5__lag083,0.805643,0.4547,0.429356,0.71223334
d__dgs5_dgs5__lag058,0.805643,0.452232,0.431734,0.71216007
q__bogz1fa633061110q_mmf_bills_tx__lag002,0.990596,0.341745,0.377131,0.71211506
d__dgs5_dgs5__lag048,0.805643,0.456184,0.42764,0.71204639
d__dgs5_dgs5__lag063,0.805643,0.447274,0.435759,0.71140924
d__dgs3_dgs3__lag037,0.805643,0.460806,0.422029,0.71124942
d__dgs3_dgs3__lag036,0.805643,0.458202,0.424319,0.71099627
d__dgs5_dgs5__lag074,0.805643,0.451168,0.429648,0.70962276
d__dgs5_dgs5__lag064,0.805643,0.449251,0.431349,0.70944919
d__dgs5_dgs5__lag047,0.805643,0.453016,0.426863,0.70886847
d__dgs5_dgs5__lag055,0.805643,0.45243,0.427442,0.70886186
d__dgs5_dgs5__lag075,0.805643,0.451469,0.42822,0.70871471
d__dgs5_dgs5__lag082,0.805643,0.452482,0.426842,0.70842031
q__fgdef_fgdef__lag002,0.987461,0.514819,0.202117,0.70794629
d__dgs5_dgs5__lag067,0.805643,0.449495,0.429207,0.70792024
d__dgs5_dgs5__lag077,0.805643,0.450598,0.427148,0.70714958
d__dgs5_dgs5__lag066,0.805643,0.449642,0.427223,0.70643907
d__dgs5_dgs5__lag081,0.805643,0.451454,0.424896,0.70602564
d__dgs3_dgs3__lag039,0.805643,0.457852,0.418387,0.70593525
d__dgs10_dgs10__lag023,0.805643,0.410064,0.466017,0.70580897
d__dgs3_dgs3__lag038,0.805643,0.456809,0.418887,0.70549846
d__dgs5_dgs5__lag049,0.805643,0.451264,0.424397,0.70546931
d__dgs5_dgs5__lag076,0.805643,0.448231,0.426383,0.70462679
m__ipfinal_ipfinal__lag003,1.0,0.398654,0.305655,0.70430962
d__dgs3_dgs3__lag040,0.805643,0.457172,0.416941,0.70422224
d__dgs5_dgs5__lag051,0.805643,0.4459,0.427392,0.70356123
m__psavert_psavert__lag003,0.84326,0.47886,0.354895,0.70307255
d__dgs5_dgs5__lag050,0.805643,0.447038,0.425581,0.70301874
d__dgs5_dgs5__lag078,0.805643,0.448176,0.424053,0.70270548
d__dgs5_dgs5__lag053,0.805643,0.444694,0.426729,0.70205552
d__dgs3_dgs3__lag041,0.805643,0.456648,0.414351,0.70171432
d__dgs5_dgs5__lag080,0.805643,0.449522,0.420308,0.70077157
d__dgs3_dgs3__lag042,0.805643,0.456414,0.412456,0.69999856
q__bogz1fa713061113q_cb_bills_tx__lag001,0.99373,0.144838,0.55928,0.69970259
q__bogz1fl712051000q_fed_rrp__lag001,1.0,0.112825,0.586102,0.69892758
d__dgs5_dgs5__lag052,0.805643,0.442919,0.423815,0.6982778
d__dgs3_dgs3__lag043,0.805643,0.453828,0.412746,0.69814886
d__dgs10_dgs10__lag026,0.805643,0.411392,0.454459,0.69756641
d__dgs5_dgs5__lag079,0.805643,0.446347,0.41905,0.69720033
d__dgs10_dgs10__lag025,0.805643,0.411499,0.453442,0.6968333
d__dgs3_dgs3__lag044,0.805643,0.453382,0.41131,0.6966328
q__bogz1fl713061113q_cb_bills_raw__lag007,0.987461,0.316858,0.388583,0.69659581
q__bogz1fl713061113q_cb_bills__lag007,0.987461,0.316858,0.388583,0.69659581
d__dgs10_dgs10__lag033,0.805643,0.419482,0.444665,0.69619333
d__dgs10_dgs10__lag016,0.805643,0.409696,0.452844,0.69489942
d__dgs10_dgs10__lag024,0.805643,0.409826,0.452443,0.69468056
d__dgs10_dgs10__lag021,0.805643,0.412087,0.449308,0.69397679
d__dgs1_dgs1__lag004,0.805643,0.429427,0.431944,0.69395715
d__dgs1_dgs1__lag003,0.805643,0.430276,0.431007,0.69388599
d__dgs3_dgs3__lag045,0.805643,0.451027,0.410102,0.6937624
d__dgs10_dgs10__lag022,0.805643,0.409895,0.451187,0.6937239
d__dgs3_dgs3__lag061,0.805643,0.443001,0.417389,0.69316642
q__bogz1fr543061175q_life_insurance_ts_reval__lag004,0.984326,0.368679,0.335384,0.69302779
d__dgs1_dgs1__lag005,0.805643,0.428113,0.43097,0.69211399
d__dgs3_dgs3__lag060,0.805643,0.442942,0.416109,0.69208843
d__dgs10_dgs10__lag036,0.805643,0.420322,0.438333,0.69176892
d__dgs1_dgs1__lag002,0.805643,0.430108,0.428356,0.69161522
d__dgs10_dgs10__lag037,0.805643,0.422796,0.435212,0.69124814
d__dgs1_dgs1__lag006,0.805643,0.427814,0.429899,0.6910105
d__dgs3_dgs3__lag046,0.805643,0.449908,0.407214,0.69053407
d__dgs3_dgs3__lag059,0.805643,0.441569,0.415252,0.69029148
d__dgs10_dgs10__lag032,0.805643,0.414244,0.44252,0.69024607
d__dgs10_dgs10__lag018,0.805643,0.412691,0.444033,0.69021385
d__dgs3_dgs3__lag057,0.805643,0.446125,0.410575,0.69019462
d__dgs10_dgs10__lag005,0.805643,0.398373,0.457954,0.68989347
d__dgs1_dgs1__lag001,0.805643,0.428524,0.427407,0.68957426
d__dgs3_dgs3__lag090,0.802508,0.448806,0.409974,0.6891778
d__dgs10_dgs10__lag034,0.805643,0.41934,0.435857,0.68898342
d__dgs3_dgs3__lag089,0.805643,0.443295,0.411867,0.68895486
d__dgs3_dgs3__lag062,0.805643,0.440359,0.414788,0.68894273
d__dgs1_dgs1__lag007,0.805643,0.427644,0.42734,0.68881162
d__dgs1_dgs1__lag010,0.805643,0.426823,0.427947,0.68863919
d__dgs10_dgs10__lag027,0.805643,0.408158,0.446456,0.6885136
d__dgs10_dgs10__lag002,0.805643,0.400364,0.453851,0.68819144
d__dgs1_dgs1__lag008,0.805643,0.427833,0.425674,0.68762104
d__dgs10_dgs10__lag029,0.805643,0.410654,0.442646,0.6874542
d__dgs1_dgs1__lag011,0.805643,0.425717,0.427578,0.68745092
d__dgs3_dgs3__lag056,0.805643,0.443562,0.40953,0.68728776
d__dgs10_dgs10__lag004,0.805643,0.396403,0.456134,0.68684027
q__fbtsatq027s_dom_fin_sector_tsy_tx__lag004,0.984326,0.515762,0.181661,0.68649129
d__dgs3_dgs3__lag058,0.805643,0.44259,0.409222,0.68625559
d__dgs1_dgs1__lag009,0.805643,0.425423,0.425995,0.68593821
d__dgs3_dgs3__lag087,0.805643,0.439583,0.411685,0.68581766
d__dgs3_dgs3__lag085,0.805643,0.440368,0.410802,0.68573836
d__dgs10_dgs10__lag039,0.805643,0.419539,0.431496,0.68563048
d__dgs3_dgs3__lag054,0.805643,0.442572,0.408359,0.68554632
d__dgs3_dgs3__lag063,0.805643,0.438723,0.412142,0.68549357
d__dgs3_dgs3__lag048,0.805643,0.446193,0.404618,0.68544965
d__dgs3_dgs3__lag047,0.805643,0.44514,0.405398,0.68522942
d__dgs10_dgs10__lag040,0.805643,0.419384,0.430864,0.68499641
q__psave_psave__lag004,0.981191,0.379903,0.318156,0.6849287
d__dgs10_dgs10__lag020,0.805643,0.406889,0.442787,0.68453446
d__dgs10_dgs10__lag035,0.805643,0.414951,0.434691,0.68450745
d__dgs10_dgs10__lag019,0.805643,0.408784,0.440819,0.6844764
d__dgs10_dgs10__lag008,0.805643,0.400442,0.449102,0.68442894
d__dgs10_dgs10__lag042,0.805643,0.421153,0.42837,0.68441212
d__dgs10_dgs10__lag011,0.805643,0.405015,0.444,0.68400305
d__dgs10_dgs10__lag017,0.805643,0.407201,0.441764,0.68396216
d__dgs3_dgs3__lag073,0.805643,0.439781,0.409169,0.68395054
d__dgs10_dgs10__lag038,0.805643,0.416563,0.432309,0.68388741
d__dgs3_dgs3__lag065,0.805643,0.441134,0.407687,0.68384607
d__dgs10_dgs10__lag003,0.805643,0.396621,0.452197,0.6838442
m__fedfunds_fed_funds__lag001,0.899687,0.386471,0.373355,0.68360471
q__bogz1fa403061105q_gses_ts_tx__lag003,0.987461,0.422412,0.269791,0.68352371
d__dgs10_dgs10__lag001,0.805643,0.394433,0.453941,0.68348575
d__dgs3_dgs3__lag055,0.805643,0.442034,0.406328,0.68347636
d__dgs3_dgs3__lag064,0.805643,0.440123,0.408131,0.68338946
d__dgs1_dgs1__lag016,0.805643,0.426274,0.421755,0.68320802
d__dgs10_dgs10__lag009,0.805643,0.396988,0.451007,0.68318136
d__dgs1_dgs1__lag012,0.805643,0.422521,0.425442,0.6831549
d__dgs10_dgs10__lag030,0.805643,0.409655,0.43825,0.68310773
q__bogz1fa713061103q_cb_tsy_tx__lag003,0.987461,0.509629,0.182111,0.68306612
d__dgs3_dgs3__lag072,0.805643,0.440497,0.407329,0.68304486
d__dgs3_dgs3__lag088,0.805643,0.438694,0.409069,0.68299352
d__dgs3_dgs3__lag071,0.805643,0.439844,0.407879,0.68296193
d__dgs3_dgs3__lag086,0.805643,0.438263,0.409416,0.68292658
d__dgs10_dgs10__lag006,0.805643,0.398402,0.449041,0.68273669
d__dgs10_dgs10__lag031,0.805643,0.409539,0.437866,0.68270547
d__dgs1_dgs1__lag014,0.805643,0.423959,0.422736,0.68213385
d__dgs1_dgs1__lag013,0.805643,0.423711,0.422747,0.68194278
d__dgs3_dgs3__lag069,0.805643,0.439655,0.406731,0.68188465
d__dgs3_dgs3__lag084,0.805643,0.438395,0.407765,0.68170256
d__dgs3_dgs3__lag049,0.805643,0.443422,0.402719,0.68168737
d__dgs3_dgs3__lag068,0.805643,0.437493,0.408123,0.68126385
d__dgs1_dgs1__lag015,0.805643,0.425387,0.420099,0.68115942
m__psavert_psavert__lag010,0.833856,0.477169,0.339672,0.68112771
d__dgs10_dgs10__lag010,0.805643,0.402416,0.442459,0.68066706
m__ipfinal_ipfinal__lag002,1.0,0.399875,0.280668,0.68054241
d__dgs10_dgs10__lag028,0.805643,0.405535,0.439154,0.68051697
d__dgs3_dgs3__lag083,0.805643,0.438812,0.40577,0.68043063
d__dgs3_dgs3__lag070,0.805643,0.438087,0.40642,0.68037042
d__dgs10_dgs10__lag041,0.805643,0.417491,0.426951,0.68031829
d__dgs3_dgs3__lag075,0.805643,0.438272,0.405901,0.68010176
d__dgs10_dgs10__lag043,0.805643,0.414879,0.428637,0.67957228
d__dgs1_dgs1__lag018,0.805643,0.425113,0.418187,0.67939876
d__dgs10_dgs10__lag015,0.805643,0.410003,0.433204,0.67932303
d__dgs1_dgs1__lag023,0.805643,0.423023,0.420158,0.67930243
d__dgs3_dgs3__lag074,0.805643,0.437135,0.406014,0.67927677
d__dgs1_dgs1__lag021,0.805643,0.425378,0.417717,0.67923278
d__dgs1_dgs1__lag020,0.805643,0.424784,0.418142,0.67909765
d__dgs3_dgs3__lag050,0.805643,0.439393,0.403374,0.67896848
d__dgs10_dgs10__lag007,0.805643,0.398088,0.444435,0.67877196
d__dgs3_dgs3__lag051,0.805643,0.437152,0.404985,0.67846132
d__dgs10_dgs10__lag012,0.805643,0.401463,0.440458,0.67828746
d__dgs1_dgs1__lag017,0.805643,0.423615,0.418206,0.67820689
d__dgs3_dgs3__lag053,0.805643,0.436622,0.404938,0.67799658
d__dgs1_dgs1__lag025,0.805643,0.42431,0.416906,0.67771893
d__dgs3_dgs3__lag067,0.805643,0.435953,0.405026,0.67752873
d__dgs1_dgs1__lag024,0.805643,0.423616,0.417016,0.67724882
q__bogz1fa403061105q_gses_ts_tx__lag004,0.984326,0.405737,0.281967,0.67692526
d__dgs3_dgs3__lag077,0.805643,0.436863,0.403258,0.67683678
d__dgs3_dgs3__lag066,0.805643,0.436675,0.403336,0.67674942
d__dgs10_dgs10__lag089,0.805643,0.421979,0.417698,0.67647956
d__dgs1_dgs1__lag019,0.805643,0.42347,0.415871,0.6762091
m__ipcongd_ipcongd__lag008,1.0,0.418043,0.258114,0.67615703
d__dgs3_dgs3__lag082,0.805643,0.436687,0.402527,0.67610665
q__bogz1fr543061175q_life_insurance_ts_reval__lag005,0.981191,0.359275,0.329487,0.67580689
d__dgs1_dgs1__lag022,0.805643,0.423099,0.415002,0.67521001
d__dgs3_dgs3__lag076,0.805643,0.434731,0.40295,0.67487144
d__dgs1_dgs1__lag026,0.805643,0.421474,0.415795,0.67453904
d__dgs3_dgs3__lag052,0.805643,0.434741,0.402235,0.67430363
q__fgdef_fgdef__lag003,0.984326,0.372856,0.311983,0.67410535
d__dgs3_dgs3__lag078,0.805643,0.435704,0.400643,0.67379727
d__dgs10_dgs10__lag090,0.802508,0.426163,0.413326,0.67369653
d__dgs10_dgs10__lag087,0.805643,0.415351,0.42034,0.67326832
d__dgs1_dgs1__lag027,0.805643,0.421863,0.413704,0.67316862
d__dgs10_dgs10__lag044,0.805643,0.411422,0.423598,0.67272772
d__dgs3_dgs3__lag081,0.805643,0.435081,0.39957,0.67243047
d__dgs10_dgs10__lag014,0.805643,0.407792,0.425845,0.6716134
d__dgs10_dgs10__lag013,0.805643,0.405203,0.428028,0.67128628
d__dgs1_dgs1__lag028,0.805643,0.421921,0.409813,0.67008066
d__dgs3_dgs3__lag080,0.805643,0.433987,0.397143,0.66959376
d__dgs10_dgs10__lag045,0.805643,0.409384,0.421621,0.66949313
q__bogz1fl713123030q_tga__lag001,1.0,0.505979,0.163033,0.66901186
q__bogz1fl713123030q_tga_z1__lag001,1.0,0.505979,0.163033,0.66901186
d__dgs10_dgs10__lag086,0.805643,0.412254,0.417449,0.66844399
d__dgs3_dgs3__lag079,0.805643,0.431987,0.396661,0.66759397
d__dgs10_dgs10__lag088,0.805643,0.41333,0.415187,0.66748801
d__dgs10_dgs10__lag085,0.805643,0.412107,0.416266,0.66737261
d__dgs10_dgs10__lag084,0.805643,0.412988,0.415369,0.66736001
d__dgs10_dgs10__lag073,0.805643,0.410163,0.417684,0.66694843
d__dgs10_dgs10__lag057,0.805643,0.410236,0.417382,0.66676433
d__dgs10_dgs10__lag056,0.805643,0.407736,0.419251,0.66625596
d__dgs10_dgs10__lag071,0.805643,0.409863,0.416865,0.66604718
d__dgs1_dgs1__lag029,0.805643,0.421536,0.404425,0.6654295
d__dgs10_dgs10__lag083,0.805643,0.41207,0.413882,0.66542154
d__dgs10_dgs10__lag046,0.805643,0.406651,0.419027,0.66520115
d__dgs10_dgs10__lag069,0.805643,0.408492,0.417116,0.66514507
d__dgs10_dgs10__lag048,0.805643,0.406302,0.418832,0.66476365
d__dgs10_dgs10__lag068,0.805643,0.405688,0.419256,0.6646101
d__dgs10_dgs10__lag070,0.805643,0.408641,0.415718,0.66413831
d__dgs10_dgs10__lag065,0.805643,0.405882,0.418219,0.66393095
q__bogz1fa763061100q_usb_tsy_oth_tx__lag001,0.99373,0.352436,0.315602,0.6638501
d__dgs10_dgs10__lag072,0.805643,0.408739,0.414413,0.66316614
d__dgs10_dgs10__lag061,0.805643,0.398912,0.424211,0.66314274
d__dgs10_dgs10__lag058,0.805643,0.404338,0.418609,0.66300125
d__dgs10_dgs10__lag062,0.805643,0.398724,0.424221,0.6629995
d__dgs10_dgs10__lag054,0.805643,0.404297,0.41802,0.66249395
d__dgs10_dgs10__lag060,0.805643,0.399598,0.422573,0.66237598
d__dgs10_dgs10__lag082,0.805643,0.410659,0.41124,0.66215656
q__bogz1fa313161110q_totalbills_z1_tx__lag002,0.990596,0.315027,0.353207,0.66194957
d__dgs10_dgs10__lag081,0.805643,0.410414,0.411107,0.66185228
d__dgs10_dgs10__lag074,0.805643,0.406464,0.413821,0.66085605
m__ipfinal_ipfinal__lag008,1.0,0.44091,0.21915,0.66006027
d__dgs10_dgs10__lag047,0.805643,0.401276,0.417171,0.65937533
d__dgs10_dgs10__lag066,0.805643,0.404297,0.413742,0.6590477
d__dgs10_dgs10__lag077,0.805643,0.406352,0.411466,0.65886857
d__dgs10_dgs10__lag055,0.805643,0.402848,0.414633,0.65859759
d__dgs10_dgs10__lag067,0.805643,0.402968,0.414448,0.65854457
d__dgs10_dgs10__lag075,0.805643,0.406188,0.411135,0.65847062
d__dgs1_dgs1__lag030,0.805643,0.419303,0.397745,0.65824882
d__dgs10_dgs10__lag063,0.805643,0.396162,0.420647,0.6580567
d__dgs10_dgs10__lag059,0.805643,0.395468,0.420847,0.6576584
d__dgs10_dgs10__lag076,0.805643,0.404237,0.411558,0.65723938
d__dgs10_dgs10__lag064,0.805643,0.399389,0.41624,0.65710536
m__unrate_unrate__lag006,0.978056,0.443067,0.227481,0.65583358
d__dgs10_dgs10__lag049,0.805643,0.398678,0.414222,0.65490641
q__fbtsatq027s_dom_fin_sector_tsy_tx__lag003,0.987461,0.466492,0.196411,0.65459116
d__dgs10_dgs10__lag080,0.805643,0.407272,0.404833,0.65426593
d__dgs10_dgs10__lag078,0.805643,0.404503,0.407494,0.65417953
q__bogz1fr543061175q_life_insurance_ts_reval__lag003,0.987461,0.317137,0.345134,0.65396667
m__ipdcongd_ipdcongd__lag009,0.987461,0.394443,0.267337,0.65348225
d__dgs1_dgs1__lag031,0.805643,0.417302,0.393214,0.6529862
d__dgs1_dgs1__lag032,0.805643,0.416567,0.393861,0.65291513
d__dgs1_dgs1__lag033,0.805643,0.416335,0.393775,0.65265946
q__bogz1fl713123030q_tga__lag002,1.0,0.516068,0.135874,0.65194128
q__bogz1fl713123030q_tga_z1__lag002,1.0,0.516068,0.135874,0.65194128
d__dgs10_dgs10__lag051,0.805643,0.39266,0.414926,0.6506255
d__dgs10_dgs10__lag050,0.805643,0.394426,0.412601,0.65017566
d__dgs10_dgs10__lag079,0.805643,0.403045,0.402818,0.64923778
d__dgs7_dgs7__lag023,0.711599,0.443359,0.469003,0.64923573
d__dgs10_dgs10__lag053,0.805643,0.392335,0.413487,0.6492046
m__unrate_unrate__lag008,0.974922,0.471015,0.193639,0.64798586
d__dgs7_dgs7__lag026,0.711599,0.445916,0.464244,0.64766894
d__dgs1_dgs1__lag034,0.805643,0.417101,0.386802,0.64765884
d__dgs7_dgs7__lag025,0.711599,0.446555,0.462773,0.64707668
m__ipfinal_ipfinal__lag006,1.0,0.36763,0.279132,0.64676185
d__dgs7_dgs7__lag016,0.711599,0.444965,0.463627,0.64655302
q__bogz1fl712051000q_fed_rrp__lag003,1.0,0.389429,0.255659,0.64508767
m__ipfinal_ipfinal__lag004,1.0,0.388292,0.256608,0.6449007
d__dgs7_dgs7__lag033,0.711599,0.450059,0.455958,0.64472066
d__dgs7_dgs7__lag024,0.711599,0.444027,0.46162,0.64445762
d__dgs7_dgs7__lag021,0.711599,0.447303,0.458011,0.64422002
d__dgs1_dgs1__lag035,0.805643,0.41599,0.38352,0.64411933
m__ipcongd_ipcongd__lag012,1.0,0.36493,0.278806,0.64373622
d__dgs7_dgs7__lag027,0.711599,0.443359,0.460965,0.64351559
d__dgs10_dgs10__lag052,0.805643,0.388529,0.410165,0.64346179
d__dgs7_dgs7__lag022,0.711599,0.445084,0.458866,0.64324988
d__dgs7_dgs7__lag037,0.711599,0.455166,0.447825,0.64256769
d__dgs1_dgs1__lag036,0.805643,0.414546,0.382386,0.64204233
d__dgs7_dgs7__lag018,0.711599,0.447957,0.453999,0.6418308
d__dgs1_dgs1__lag037,0.805643,0.415807,0.380862,0.64183018
d__dgs7_dgs7__lag036,0.711599,0.451228,0.450312,0.64153458
d__dgs7_dgs7__lag005,0.711599,0.429026,0.471445,0.64077402
q__hnotsbq027s_hhnp_tsy_tx__lag001,0.99373,0.326698,0.317754,0.64041135
q__bogz1fr753061103q_usb_tsy_for_reval__lag005,0.981191,0.358265,0.294423,0.64041113
d__dgs7_dgs7__lag029,0.711599,0.444284,0.455644,0.64038762
d__dgs7_dgs7__lag002,0.711599,0.431279,0.468095,0.63999304
m__fedfunds_fed_funds__lag002,0.899687,0.377927,0.333116,0.63971597
d__dgs7_dgs7__lag034,0.711599,0.451329,0.447185,0.63938181
d__dgs7_dgs7__lag032,0.711599,0.445029,0.453359,0.63929188
d__dgs1_dgs1__lag038,0.805643,0.41504,0.378107,0.63899352
d__dgs7_dgs7__lag004,0.711599,0.428053,0.469675,0.63882162
d__dgs1_dgs1__lag039,0.805643,0.414649,0.377231,0.63797215
d__dgs7_dgs7__lag020,0.711599,0.442491,0.45326,0.63741541
d__dgs7_dgs7__lag008,0.711599,0.432836,0.462703,0.63726448
d__dgs7_dgs7__lag019,0.711599,0.444649,0.450663,0.63710271
d__dgs7_dgs7__lag035,0.711599,0.447381,0.447788,0.63700134
d__dgs7_dgs7__lag039,0.711599,0.45121,0.443906,0.6369635
d__dgs7_dgs7__lag040,0.711599,0.451292,0.4436,0.636804
q__bogz1fa763061100q_usb_tsy_oth_tx__lag002,0.990596,0.364408,0.27843,0.63679251
q__bogz1fa713061103q_cb_tsy_tx__lag004,0.984326,0.45367,0.193016,0.63654956
d__dgs7_dgs7__lag009,0.711599,0.428432,0.465954,0.63644356
d__dgs7_dgs7__lag038,0.711599,0.449108,0.445267,0.63643598
d__dgs7_dgs7__lag017,0.711599,0.442035,0.452233,0.63635953
d__dgs7_dgs7__lag011,0.711599,0.43644,0.457753,0.63630652
d__dgs7_dgs7__lag028,0.711599,0.440658,0.453362,0.63618403
d__dgs1_dgs1__lag040,0.805643,0.413183,0.376303,0.63604407
d__dgs7_dgs7__lag001,0.711599,0.425127,0.468523,0.63591976
d__dgs7_dgs7__lag042,0.711599,0.452873,0.440569,0.63577209
d__dgs1_dgs1__lag041,0.805643,0.414091,0.374867,0.6356181
d__dgs1_dgs1__lag042,0.805643,0.413623,0.375032,0.63537429
d__dgs1_dgs1__lag043,0.805643,0.412927,0.375574,0.6352503
d__dgs7_dgs7__lag030,0.711599,0.442865,0.449606,0.6350811
d__dgs7_dgs7__lag006,0.711599,0.4302,0.462223,0.63504709
d__dgs7_dgs7__lag003,0.711599,0.427035,0.46511,0.63484919
d__dgs1_dgs1__lag044,0.805643,0.412535,0.375405,0.6347981
d__dgs7_dgs7__lag031,0.711599,0.44194,0.449028,0.63401168
d__dgs7_dgs7__lag010,0.711599,0.434569,0.456289,0.63393362
d__dgs1_dgs1__lag045,0.805643,0.411678,0.374972,0.63375917
d__dgs7_dgs7__lag041,0.711599,0.450334,0.440205,0.63370631
d__dgs7_dgs7__lag043,0.711599,0.448401,0.441814,0.63347548
d__dgs7_dgs7__lag015,0.711599,0.442692,0.446899,0.63303187
d__dgs1_dgs1__lag046,0.805643,0.411321,0.374091,0.63276173
d__dgs7_dgs7__lag007,0.711599,0.429952,0.45885,0.63247032
d__dgs7_dgs7__lag012,0.711599,0.433327,0.454902,0.63206294
q__bogz1lm903061103q_instrument_discrepancies_ts__lag004,0.996865,0.309102,0.324899,0.63201275
d__dgs7_dgs7__lag090,0.711599,0.45583,0.431302,0.63128144
d__dgs7_dgs7__lag089,0.711599,0.450497,0.435593,0.63054041
d__mortgage30us_mortgage30us__lag014,0.689655,0.448901,0.465285,0.63047286
d__mortgage30us_mortgage30us__lag015,0.689655,0.447089,0.466348,0.62995605
d__dgs7_dgs7__lag044,0.711599,0.446714,0.438315,0.62978583
d__dgs1_dgs1__lag048,0.805643,0.407087,0.372022,0.62768367
d__dgs1_dgs1__lag047,0.805643,0.407193,0.371899,0.62766952
d__dgs7_dgs7__lag045,0.711599,0.445003,0.436951,0.62759721
d__dgs7_dgs7__lag087,0.711599,0.444428,0.437042,0.62725267
d__mortgage30us_mortgage30us__lag017,0.689655,0.446081,0.462306,0.62647379
d__dgs1_dgs1__lag049,0.805643,0.406491,0.371111,0.62646952
d__dgs7_dgs7__lag057,0.711599,0.445433,0.434161,0.62591833
d__dgs7_dgs7__lag013,0.711599,0.43604,0.443375,0.62579058
d__mortgage30us_mortgage30us__lag019,0.689655,0.443661,0.463055,0.62532081
d__mortgage30us_mortgage30us__lag018,0.689655,0.444714,0.461888,0.62524238
d__dgs1_dgs1__lag050,0.805643,0.40494,0.370915,0.62506163
d__dgs7_dgs7__lag073,0.711599,0.442878,0.435222,0.62485474
d__dgs7_dgs7__lag086,0.711599,0.443228,0.434264,0.62442201
d__dgs7_dgs7__lag061,0.711599,0.434756,0.442499,0.62425372
d__dgs7_dgs7__lag014,0.711599,0.438444,0.438686,0.62416516
d__dgs7_dgs7__lag056,0.711599,0.442225,0.434537,0.62390315
d__dgs7_dgs7__lag085,0.711599,0.443216,0.433496,0.62386777
d__dgs7_dgs7__lag046,0.711599,0.442696,0.433892,0.62377893
d__dgs1_dgs1__lag054,0.805643,0.402526,0.371649,0.62370806
d__dgs1_dgs1__lag057,0.805643,0.402648,0.371513,0.62369685
d__dgs1_dgs1__lag051,0.805643,0.402125,0.371786,0.62349559
d__dgs7_dgs7__lag084,0.711599,0.443268,0.432788,0.62340046
m__ipcongd_ipcongd__lag003,1.0,0.338594,0.284755,0.62334939
d__mortgage30us_mortgage30us__lag027,0.689655,0.433913,0.469921,0.6233336
d__dgs1_dgs1__lag059,0.805643,0.400906,0.372696,0.62324642
d__dgs7_dgs7__lag060,0.711599,0.435566,0.440267,0.62324192
d__dgs1_dgs1__lag053,0.805643,0.402043,0.37139,0.62311065
d__dgs7_dgs7__lag088,0.711599,0.442768,0.43282,0.6230675
d__dgs7_dgs7__lag062,0.711599,0.434138,0.441385,0.62302111
d__dgs7_dgs7__lag048,0.711599,0.442299,0.433116,0.62294426
d__dgs1_dgs1__lag056,0.805643,0.401848,0.371305,0.62288482
d__dgs20_dgs20__lag023,0.805643,0.347908,0.425073,0.62274599
d__dgs7_dgs7__lag069,0.711599,0.441131,0.434,0.62274238
d__dgs7_dgs7__lag071,0.711599,0.441971,0.43312,0.62271342
d__dgs7_dgs7__lag054,0.711599,0.440815,0.433993,0.62251283
d__dgs1_dgs1__lag052,0.805643,0.402393,0.370245,0.62246953
d__dgs1_dgs1__lag055,0.805643,0.402238,0.370336,0.62241876
d__mortgage30us_mortgage30us__lag016,0.689655,0.442009,0.460434,0.62237441
d__dgs7_dgs7__lag083,0.711599,0.443821,0.430764,0.62235342
d__dgs7_dgs7__lag065,0.711599,0.439617,0.434941,0.62233433
d__mortgage30us_mortgage30us__lag008,0.689655,0.451875,0.450409,0.62226533
d__dgs1_dgs1__lag060,0.805643,0.400271,0.37205,0.62221511
d__mortgage30us_mortgage30us__lag020,0.689655,0.439953,0.462197,0.62217244
d__dgs7_dgs7__lag068,0.711599,0.438399,0.435893,0.62214521
d__mortgage30us_mortgage30us__lag010,0.689655,0.452044,0.449678,0.62187764
d__dgs7_dgs7__lag072,0.711599,0.442086,0.431497,0.62164067
d__dgs7_dgs7__lag058,0.711599,0.438895,0.434677,0.62163219
d__dgs1_dgs1__lag061,0.805643,0.398665,0.37264,0.62139567
d__mortgage30us_mortgage30us__lag013,0.689655,0.449217,0.451594,0.62124842
d__dgs7_dgs7__lag070,0.711599,0.440646,0.432309,0.62119395
d__mortgage30us_mortgage30us__lag028,0.689655,0.436168,0.464369,0.62105993
d__mortgage30us_mortgage30us__lag011,0.689655,0.45163,0.448666,0.62089366
d__mortgage30us_mortgage30us__lag005,0.689655,0.442226,0.458017,0.62085709
m__ipfinal_ipfinal__lag005,1.0,0.37838,0.242436,0.62081579
d__mortgage30us_mortgage30us__lag026,0.689655,0.432085,0.467935,0.62070368
d__dgs7_dgs7__lag059,0.711599,0.433064,0.439104,0.62063379
d__mortgage30us_mortgage30us__lag025,0.689655,0.432838,0.466748,0.62040401
d__dgs1_dgs1__lag058,0.805643,0.399951,0.369986,0.62029455
d__mortgage30us_mortgage30us__lag012,0.689655,0.449749,0.449559,0.62021255
d__mortgage30us_mortgage30us__lag029,0.689655,0.434284,0.464856,0.62009639
d__mortgage30us_mortgage30us__lag021,0.689655,0.433515,0.465451,0.61997652
d__mortgage30us_mortgage30us__lag009,0.689655,0.449301,0.449564,0.61990657
d__mortgage30us_mortgage30us__lag006,0.689655,0.4415,0.457159,0.61976498
d__dgs7_dgs7__lag074,0.711599,0.439367,0.431361,0.61960868
d__mortgage30us_mortgage30us__lag030,0.689655,0.433819,0.464505,0.61953407
d__dgs7_dgs7__lag063,0.711599,0.431842,0.438299,0.61919082
d__dgs7_dgs7__lag047,0.711599,0.437855,0.432209,0.61913608
d__mortgage30us_mortgage30us__lag007,0.689655,0.447943,0.449536,0.61895111
d__mortgage30us_mortgage30us__lag033,0.689655,0.432935,0.464499,0.61891994
d__dgs7_dgs7__lag082,0.711599,0.441345,0.428232,0.61879006
d__mortgage30us_mortgage30us__lag024,0.689655,0.432698,0.464529,0.61877776
m__fedfunds_fed_funds__lag003,0.899687,0.366826,0.320614,0.61847999
d__dgs1_dgs1__lag062,0.805643,0.396311,0.371271,0.61839647
d__dgs7_dgs7__lag055,0.711599,0.438674,0.430326,0.61837905
d__mortgage30us_mortgage30us__lag022,0.689655,0.431519,0.46508,0.61834399
d__dgs7_dgs7__lag064,0.711599,0.43504,0.433812,0.61827458
d__mortgage30us_mortgage30us__lag032,0.689655,0.432262,0.463625,0.61785351
d__dgs7_dgs7__lag075,0.711599,0.438928,0.429246,0.61779149
m__ipcongd_ipcongd__lag006,1.0,0.331577,0.286027,0.61760407
m__usalolitoaastsam_oecd_leading_indicator_us__lag009,0.887147,0.418523,0.277371,0.61735999
d__dgs7_dgs7__lag081,0.711599,0.440544,0.42693,0.6172932
m__unrate_unrate__lag007,0.974922,0.446532,0.186439,0.61709718
d__mortgage30us_mortgage30us__lag034,0.689655,0.430376,0.464399,0.61708592
d__mortgage30us_mortgage30us__lag023,0.689655,0.430575,0.464043,0.61697786
d__dgs1_dgs1__lag063,0.805643,0.396913,0.368642,0.6167633
d__mortgage30us_mortgage30us__lag003,0.689655,0.439144,0.45511,0.61672703
d__mortgage30us_mortgage30us__lag004,0.689655,0.44048,0.453752,0.61671168
q__fbtsatq027s_dom_fin_sector_tsy_tx__lag001,0.99373,0.351159,0.26943,0.61669814
d__dgs7_dgs7__lag067,0.711599,0.435597,0.430951,0.61663496
d__dgs7_dgs7__lag066,0.711599,0.436879,0.429627,0.61660483
d__dgs7_dgs7__lag077,0.711599,0.437995,0.428485,0.6165857
q__rowcbaq027s_row_corpbonds_flow__lag005,0.981191,0.300209,0.32795,0.61634459
d__mortgage30us_mortgage30us__lag031,0.689655,0.431252,0.462357,0.61628236
m__unrate_unrate__lag003,0.981191,0.391979,0.236036,0.616203
d__mortgage30us_mortgage30us__lag036,0.689655,0.43016,0.462838,0.61586109
q__tgdef_net_gov_sav__lag004,0.981191,0.387042,0.240611,0.61584743
d__dgs7_dgs7__lag049,0.711599,0.436011,0.42913,0.61563266
d__dgs1_dgs1__lag064,0.805643,0.39641,0.367547,0.61547579
d__dgs7_dgs7__lag076,0.711599,0.436184,0.428316,0.61517738
d__mortgage30us_mortgage30us__lag037,0.689655,0.428903,0.462786,0.614958
d__mortgage30us_mortgage30us__lag035,0.689655,0.429664,0.461908,0.61487686
d__dgs1_dgs1__lag073,0.805643,0.394136,0.369032,0.61484013
d__dgs1_dgs1__lag071,0.805643,0.393991,0.369127,0.61480024
d__mortgage30us_mortgage30us__lag001,0.689655,0.436764,0.454401,0.61459644
d__mortgage30us_mortgage30us__lag002,0.689655,0.435628,0.454728,0.61403826
q__bogz1fl712151003q_fed_repo__lag003,1.0,0.253626,0.360277,0.61390322
d__dgs7_dgs7__lag051,0.711599,0.430874,0.431829,0.6138981
d__dgs1_dgs1__lag065,0.805643,0.395744,0.366199,0.61385398
d__dgs1_dgs1__lag075,0.805643,0.395037,0.366838,0.61379862
d__dgs1_dgs1__lag072,0.805643,0.393384,0.368298,0.61364305
d__dgs1_dgs1__lag074,0.805643,0.394846,0.366749,0.61357302
d__dgs1_dgs1__lag077,0.805643,0.394639,0.366365,0.6130975
d__dgs20_dgs20__lag033,0.805643,0.356838,0.40408,0.61302826
d__dgs7_dgs7__lag078,0.711599,0.436184,0.424737,0.61263045
d__dgs1_dgs1__lag078,0.805643,0.394478,0.365632,0.61237713
d__dgs7_dgs7__lag050,0.711599,0.431053,0.429217,0.61216735
d__dgs7_dgs7__lag080,0.711599,0.438074,0.422007,0.61203271
d__dgs1_dgs1__lag076,0.805643,0.393197,0.366484,0.61203083
m__ipcongd_ipcongd__lag010,1.0,0.371556,0.239897,0.6114534
d__dgs1_dgs1__lag070,0.805643,0.392145,0.366778,0.61142082
d__dgs1_dgs1__lag085,0.805643,0.393271,0.3656,0.61137864
d__dgs1_dgs1__lag089,0.805643,0.393677,0.365072,0.61128054
d__dgs1_dgs1__lag090,0.802508,0.397195,0.364174,0.61100409
d__dgs1_dgs1__lag066,0.805643,0.393253,0.365102,0.61096271
d__dgs7_dgs7__lag053,0.711599,0.429123,0.42939,0.61091634
d__dgs1_dgs1__lag068,0.805643,0.391703,0.366294,0.61067493
d__dgs20_dgs20__lag026,0.805643,0.347055,0.410763,0.61053065
d__dgs1_dgs1__lag083,0.805643,0.393656,0.363959,0.61036688
d__dgs20_dgs20__lag021,0.805643,0.348156,0.409369,0.61029451
d__dgs1_dgs1__lag069,0.805643,0.392325,0.365145,0.61025018
d__dgs1_dgs1__lag084,0.805643,0.391706,0.365513,0.61004855
d__dgs1_dgs1__lag081,0.805643,0.393463,0.3637,0.61000259
d__dgs20_dgs20__lag025,0.805643,0.346617,0.410432,0.60991072
d__dgs1_dgs1__lag080,0.805643,0.392862,0.363723,0.60953768
d__dgs1_dgs1__lag067,0.805643,0.391446,0.364991,0.60941759
d__dgs1_dgs1__lag082,0.805643,0.392773,0.36366,0.60941519
d__dgs1_dgs1__lag087,0.805643,0.392104,0.364028,0.60917226
q__bogz1fl712151003q_fed_repo__lag002,1.0,0.266798,0.34232,0.6091179
q__ad02rc1q027sbea_gov_netlending__lag001,0.833856,0.521734,0.208615,0.60900593
d__dgs20_dgs20__lag024,0.805643,0.346259,0.40958,0.60893632
d__dgs20_dgs20__lag005,0.805643,0.340256,0.415402,0.60879006
d__dgs20_dgs20__lag022,0.805643,0.34838,0.407273,0.60878667
m__ipcongd_ipcongd__lag001,1.0,0.292344,0.316398,0.60874176
m__ipfinal_ipfinal__lag007,1.0,0.37527,0.233436,0.60870545
d__dgs7_dgs7__lag079,0.711599,0.434739,0.420193,0.60836887
d__dgs7_dgs7__lag052,0.711599,0.427732,0.427156,0.60833743
d__dgs20_dgs20__lag032,0.805643,0.351888,0.403188,0.60832156
d__dgs1_dgs1__lag079,0.805643,0.391544,0.363523,0.60831421
d__dgs1_dgs1__lag086,0.805643,0.39111,0.363759,0.6081547
d__dgs1_dgs1__lag088,0.805643,0.391655,0.363053,0.60802491
d__dgs20_dgs20__lag036,0.805643,0.356392,0.397948,0.60772828
d__dgs20_dgs20__lag002,0.805643,0.342757,0.411349,0.6075396
d__dgs20_dgs20__lag016,0.805643,0.345165,0.408424,0.60712353
d__mortgage30us_mortgage30us__lag038,0.689655,0.423164,0.456875,0.6069234
m__unrate_unrate__lag005,0.978056,0.409397,0.210181,0.60598214
d__dgs20_dgs20__lag004,0.805643,0.338196,0.413821,0.6058568
d__mortgage30us_mortgage30us__lag039,0.689655,0.42205,0.455836,0.60543877
d__dgs20_dgs20__lag034,0.805643,0.355693,0.395531,0.60521774
m__ipcongd_ipcongd__lag007,1.0,0.346819,0.258352,0.60517058
d__dgs20_dgs20__lag003,0.805643,0.338843,0.411748,0.6047082
d__mortgage30us_mortgage30us__lag040,0.689655,0.421879,0.454749,0.60457059
d__dgs20_dgs20__lag037,0.805643,0.357014,0.392745,0.60403778
d__dgs20_dgs20__lag018,0.805643,0.34881,0.399808,0.60311864
d__mortgage30us_mortgage30us__lag041,0.689655,0.41998,0.454388,0.60301238
d__dgs20_dgs20__lag008,0.805643,0.341864,0.406405,0.60283805
q__bogz1fr263061105q_row_bills_reval__lag005,0.981191,0.332955,0.280917,0.60232553
q__bogz1fr263061105q_row_tsy_reval__lag005,0.981191,0.332955,0.280917,0.60232553
q__bogz1fa633061105q_money_market_funds_ts_tx__lag004,0.984326,0.436182,0.175671,0.60226327
d__dgs20_dgs20__lag009,0.805643,0.338335,0.407917,0.60121221
d__dgs20_dgs20__lag001,0.805643,0.336969,0.40869,0.600735
d__dgs20_dgs20__lag039,0.805643,0.355839,0.389782,0.60070415
q__bogz1fa573061105q_private_pension_ts_tx__lag001,0.99373,0.257145,0.347288,0.60064342
q__bogz1fl713061113q_cb_bills_raw__lag006,0.990596,0.252674,0.353594,0.60056684
q__bogz1fl713061113q_cb_bills__lag006,0.990596,0.252674,0.353594,0.60056684
d__mortgage30us_mortgage30us__lag043,0.689655,0.417948,0.452842,0.60054487
d__dgs20_dgs20__lag040,0.805643,0.355308,0.390108,0.6005391
d__dgs20_dgs20__lag006,0.805643,0.339304,0.40597,0.60042406
d__dgs20_dgs20__lag031,0.805643,0.346514,0.398696,0.60037326
q__bogz1fl712151003q_fed_repo__lag004,0.996865,0.21504,0.386912,0.60006511
d__dgs20_dgs20__lag042,0.805643,0.357129,0.387592,0.59997925
d__mortgage30us_mortgage30us__lag078,0.689655,0.4164,0.45304,0.59961393
d__mortgage30us_mortgage30us__lag042,0.689655,0.416726,0.452104,0.59919284
q__bogz1fr543061175q_life_insurance_ts_reval__lag008,0.971787,0.320603,0.29591,0.59911918
d__dgs20_dgs20__lag019,0.805643,0.34523,0.398224,0.59895874
d__dgs20_dgs20__lag035,0.805643,0.349955,0.393248,0.5987559
q__bogz1fa223061143q_state_local_db_retirement_ts_tx__lag005,0.981191,0.355908,0.254071,0.59850577
d__dgs20_dgs20__lag020,0.805643,0.343612,0.39868,0.59802214
d__dgs20_dgs20__lag089,0.805643,0.36372,0.378306,0.5978073
d__dgs20_dgs20__lag038,0.805643,0.352189,0.389805,0.59778162
d__mortgage30us_mortgage30us__lag045,0.689655,0.413546,0.453212,0.59776399
d__mortgage30us_mortgage30us__lag051,0.689655,0.411459,0.455223,0.59771147
d__dgs20_dgs20__lag011,0.805643,0.34598,0.395794,0.59760435
d__dgs20_dgs20__lag030,0.805643,0.346273,0.395497,0.59760108
d__dgs20_dgs20__lag029,0.805643,0.346034,0.395586,0.59748082
d__dgs20_dgs20__lag027,0.805643,0.343462,0.39742,0.59688606
d__dgs20_dgs20__lag017,0.805643,0.343854,0.396983,0.59685009
d__dgs20_dgs20__lag007,0.805643,0.338403,0.401961,0.596469
d__mortgage30us_mortgage30us__lag077,0.689655,0.412753,0.451866,0.59628898
d__mortgage30us_mortgage30us__lag046,0.689655,0.411525,0.452366,0.59578657
d__dgs20_dgs20__lag041,0.805643,0.35305,0.386012,0.59542021
d__mortgage30us_mortgage30us__lag047,0.689655,0.410887,0.452038,0.59512065
d__mortgage30us_mortgage30us__lag049,0.689655,0.410052,0.452772,0.59505111
m__unrate_unrate__lag001,0.981191,0.372287,0.234027,0.5949105
d__dgs20_dgs20__lag087,0.805643,0.357404,0.381001,0.59489124
d__dgs20_dgs20__lag090,0.802508,0.367026,0.374241,0.59487208
d__mortgage30us_mortgage30us__lag052,0.689655,0.410128,0.452417,0.59485891
d__mortgage30us_mortgage30us__lag090,0.689655,0.419406,0.442936,0.59471813
d__mortgage30us_mortgage30us__lag050,0.689655,0.408865,0.453289,0.59458865
d__mortgage30us_mortgage30us__lag053,0.689655,0.410829,0.451099,0.59443326
d__mortgage30us_mortgage30us__lag044,0.689655,0.410877,0.450807,0.59426491
d__mortgage30us_mortgage30us__lag048,0.689655,0.410078,0.451248,0.59401782
d__mortgage30us_mortgage30us__lag054,0.689655,0.409208,0.451954,0.59390504
d__mortgage30us_mortgage30us__lag089,0.689655,0.419009,0.44198,0.59378576
d__dgs20_dgs20__lag010,0.805643,0.342714,0.394046,0.59356519
d__dgs20_dgs20__lag012,0.805643,0.343443,0.393214,0.5934824
d__dgs20_dgs20__lag043,0.805643,0.348608,0.388,0.59344284
d__mortgage30us_mortgage30us__lag079,0.689655,0.411604,0.448443,0.59313543
d__mortgage30us_mortgage30us__lag088,0.689655,0.417439,0.442427,0.59301161
d__mortgage30us_mortgage30us__lag070,0.689655,0.414063,0.445758,0.59297983
d__mortgage30us_mortgage30us__lag087,0.689655,0.417934,0.441772,0.59290072
d__mortgage30us_mortgage30us__lag055,0.689655,0.408024,0.451425,0.59272373
d__mortgage30us_mortgage30us__lag080,0.689655,0.412218,0.447221,0.5927165
d__mortgage30us_mortgage30us__lag083,0.689655,0.413942,0.444845,0.59226689
d__mortgage30us_mortgage30us__lag084,0.689655,0.419485,0.439173,0.59217812
m__ipfinal_ipfinal__lag012,1.0,0.329112,0.262984,0.59209556
q__bogz1fr263061145q_row_priv_tsy_reval__lag004,0.984326,0.350604,0.250789,0.59196651
d__mortgage30us_mortgage30us__lag076,0.689655,0.408838,0.448505,0.59127105
d__mortgage30us_mortgage30us__lag059,0.689655,0.407387,0.449692,0.59108881
d__mortgage30us_mortgage30us__lag075,0.689655,0.410892,0.446039,0.59098685
d__mortgage30us_mortgage30us__lag060,0.689655,0.406073,0.450641,0.59083712
d__mortgage30us_mortgage30us__lag082,0.689655,0.412369,0.44419,0.59073019
d__mortgage30us_mortgage30us__lag081,0.689655,0.412476,0.443975,0.59065557
d__mortgage30us_mortgage30us__lag066,0.689655,0.409579,0.446679,0.59052278
d__mortgage30us_mortgage30us__lag085,0.689655,0.416816,0.439438,0.59052
d__mortgage30us_mortgage30us__lag065,0.689655,0.410645,0.445376,0.59035955
d__dgs20_dgs20__lag015,0.805643,0.347323,0.385411,0.59032213
d__mortgage30us_mortgage30us__lag056,0.689655,0.408806,0.446822,0.59008808
d__dgs20_dgs20__lag088,0.805643,0.355655,0.376579,0.58991869
d__mortgage30us_mortgage30us__lag061,0.689655,0.405015,0.450265,0.58984869
d__mortgage30us_mortgage30us__lag074,0.689655,0.409571,0.44555,0.58973835
d__mortgage30us_mortgage30us__lag064,0.689655,0.410012,0.444658,0.58942756
d__dgs20_dgs20__lag028,0.805643,0.340952,0.390551,0.58932938
d__mortgage30us_mortgage30us__lag086,0.689655,0.41635,0.437765,0.58904501
d__mortgage30us_mortgage30us__lag062,0.689655,0.404518,0.449574,0.58902887
q__bogz1fl712051000q_fed_rrp__lag002,1.0,0.163406,0.425533,0.5889382
m__unrate_unrate__lag004,0.978056,0.400449,0.20161,0.58884842
d__mortgage30us_mortgage30us__lag073,0.689655,0.408656,0.44513,0.58881761
d__mortgage30us_mortgage30us__lag071,0.689655,0.408354,0.445391,0.58878923
d__mortgage30us_mortgage30us__lag069,0.689655,0.407773,0.444821,0.58799528
d__mortgage30us_mortgage30us__lag072,0.689655,0.40814,0.444343,0.58791978
d__mortgage30us_mortgage30us__lag067,0.689655,0.407786,0.444556,0.58782242
m__ipcongd_ipcongd__lag002,1.0,0.335747,0.251629,0.58737677
d__mortgage30us_mortgage30us__lag068,0.689655,0.407465,0.443304,0.58673704
d__mortgage30us_mortgage30us__lag057,0.689655,0.404482,0.446187,0.58666781
q__bogz1fr263061145q_row_priv_tsy_reval__lag005,0.981191,0.305204,0.292629,0.58658901
d__dgs20_dgs20__lag013,0.805643,0.347272,0.380334,0.58619076
d__mortgage30us_mortgage30us__lag063,0.689655,0.405861,0.444048,0.58614356
m__ipcongd_ipcongd__lag005,1.0,0.337486,0.248485,0.58597127
m__fedfunds_fed_funds__lag004,0.896552,0.348347,0.305206,0.58594452
d__dgs20_dgs20__lag044,0.805643,0.344204,0.382378,0.58536518
d__mortgage30us_mortgage30us__lag058,0.689655,0.403659,0.444809,0.5851506
q__bogz1fr543061175q_life_insurance_ts_reval__lag007,0.974922,0.322385,0.277808,0.585141
d__dgs20_dgs20__lag014,0.805643,0.348006,0.37811,0.5849903
d__dgs20_dgs20__lag086,0.805643,0.351182,0.374847,0.58491961
m__ipcongd_ipcongd__lag004,1.0,0.32603,0.257309,0.58333902
d__dgs20_dgs20__lag045,0.805643,0.342882,0.381184,0.58333878
m__ipcongd_ipcongd__lag011,1.0,0.327196,0.256026,0.58322225
q__ad02rc1q027sbea_gov_netlending__lag002,0.830721,0.508543,0.193515,0.58321426
d__dgs20_dgs20__lag085,0.805643,0.35026,0.372538,0.58231685
d__dgs20_dgs20__lag084,0.805643,0.351672,0.370782,0.58203988
d__dgs20_dgs20__lag046,0.805643,0.341972,0.380369,0.58194838
d__dgs20_dgs20__lag070,0.805643,0.345304,0.376176,0.58125464
d__dgs20_dgs20__lag083,0.805643,0.350966,0.3704,0.58116316
d__dgs20_dgs20__lag068,0.805643,0.342355,0.378935,0.58110177
d__dgs20_dgs20__lag057,0.805643,0.34533,0.375907,0.58105915
d__dgs20_dgs20__lag069,0.805643,0.343964,0.377088,0.58091054
m__unrate_unrate__lag002,0.981191,0.375237,0.216766,0.58086882
d__dgs20_dgs20__lag065,0.805643,0.341995,0.378495,0.58045752
d__dgs20_dgs20__lag071,0.805643,0.344866,0.375502,0.58035898
d__dgs20_dgs20__lag056,0.805643,0.342825,0.37754,0.5803568
d__dgs20_dgs20__lag062,0.805643,0.336758,0.383579,0.58033364
q__bogz1fa573061133q_private_dc_pension_ts_tx__lag001,0.99373,0.362404,0.221578,0.58032136
d__dgs20_dgs20__lag061,0.805643,0.337141,0.38312,0.5802727
d__dgs20_dgs20__lag048,0.805643,0.339965,0.380161,0.58016455
d__dgs20_dgs20__lag060,0.805643,0.33822,0.381831,0.58010335
d__dgs20_dgs20__lag058,0.805643,0.340964,0.378835,0.57990079
q__bogz1fr573061143q_private_db_pension_ts_reval__lag005,0.981191,0.325352,0.265486,0.57972525
d__dgs20_dgs20__lag082,0.805643,0.350108,0.368252,0.57874208
d__dgs20_dgs20__lag073,0.805643,0.344787,0.373534,0.57870983
d__dgs20_dgs20__lag066,0.805643,0.34278,0.375508,0.57868412
d__dgs20_dgs20__lag081,0.805643,0.348856,0.368822,0.57819233
d__dgs20_dgs20__lag054,0.805643,0.338737,0.377088,0.5766989
d__dgs20_dgs20__lag072,0.805643,0.34322,0.372596,0.57669208
q__netfi_netfi__lag005,0.978056,0.282871,0.306637,0.57657248
m__ipdcongd_ipdcongd__lag008,0.987461,0.349504,0.233727,0.57591807
d__dgs20_dgs20__lag063,0.805643,0.333469,0.381287,0.5758379
d__dgs20_dgs20__lag074,0.805643,0.343602,0.371076,0.57577482
d__dgs20_dgs20__lag067,0.805643,0.339721,0.374793,0.57564325
d__dgs20_dgs20__lag077,0.805643,0.344213,0.369787,0.57522907
q__bogz1fr403061105q_gses_ts_reval__lag005,0.981191,0.33567,0.250423,0.57506919
d__dgs20_dgs20__lag047,0.805643,0.335419,0.377991,0.5747537
q__bogz1fr343061113q_fed_gov_dcf_retirement_ts_reval__lag005,0.981191,0.318333,0.266828,0.57415541
d__dgs20_dgs20__lag055,0.805643,0.337605,0.37473,0.57388701
d__dgs20_dgs20__lag064,0.805643,0.335987,0.376322,0.57386596
d__dgs20_dgs20__lag076,0.805643,0.342011,0.370128,0.5737296
d__dgs20_dgs20__lag080,0.805643,0.346663,0.36433,0.57280622
q__bogz1lm403061105q_gses_ts__lag001,1.0,0.365542,0.206755,0.57229725
q__bogz1lm403061105q_gse_tsy__lag001,1.0,0.365542,0.206755,0.57229725
q__bogz1fa383061105q_dom_nonfin_sector_tsy_tx__lag001,0.99373,0.272631,0.303237,0.57225816
d__dgs20_dgs20__lag059,0.805643,0.331357,0.378309,0.5717366
q__bogz1fr593061105q_pension_ts_reval__lag005,0.981191,0.316808,0.265882,0.57173113
d__dgs20_dgs20__lag075,0.805643,0.342087,0.36749,0.5716648
q__bogz1fr573061105q_private_pension_ts_reval__lag005,0.981191,0.316386,0.266024,0.5714562
d__dgs20_dgs20__lag049,0.805643,0.332573,0.376161,0.57098634
d__dgs20_dgs20__lag078,0.805643,0.342789,0.365938,0.57098041
q__bogz1fl702050005q_usb_ffrrp__lag003,1.0,0.286715,0.282444,0.56915903
q__bogz1fr263061105q_row_bills_reval__lag003,0.987461,0.300517,0.275608,0.56890047
q__bogz1fr263061105q_row_tsy_reval__lag003,0.987461,0.300517,0.275608,0.56890047
d__dgs20_dgs20__lag079,0.805643,0.342472,0.36198,0.56753641
d__dgs20_dgs20__lag050,0.805643,0.32896,0.374798,0.56697761
q__netfi_netfi__lag006,0.974922,0.246879,0.333897,0.56621028
q__bogz1fa313161105q_tsy_net_tx__lag004,0.984326,0.459146,0.115971,0.56610169
d__dgs20_dgs20__lag053,0.805643,0.32723,0.374395,0.56525902
d__dgs20_dgs20__lag051,0.805643,0.32657,0.374997,0.56521189
q__bogz1fa313161110q_totalbills_z1_tx__lag004,0.984326,0.407101,0.166923,0.56502705
m__usalolitoaastsam_oecd_leading_indicator_us__lag008,0.887147,0.366146,0.270625,0.56490924
q__bogz1fl712051000q_fed_rrp__lag006,0.990596,0.39086,0.178755,0.56425749
q__bogz1fr223061143q_state_local_db_retirement_ts_reval__lag005,0.981191,0.312195,0.261725,0.56312516
m__ipfinal_ipfinal__lag011,1.0,0.290155,0.272663,0.5628178
q__bogz1fl702050005q_usb_ffrrp__lag004,0.996865,0.316894,0.245271,0.5604031
d__dgs2_dgs2__lag002,0.626959,0.448682,0.443463,0.55933815
d__dgs20_dgs20__lag052,0.805643,0.323126,0.370731,0.55900059
q__bogz1fr343061105q_fed_gov_retirement_ts_reval__lag005,0.981191,0.310728,0.258128,0.55815677
m__usgood_usgood__lag003,1.0,0.328598,0.229464,0.55806192
d__dgs2_dgs2__lag009,0.626959,0.44734,0.441959,0.55755425
d__dgs2_dgs2__lag003,0.626959,0.446754,0.442489,0.55751946
d__dgs2_dgs2__lag004,0.626959,0.445102,0.443993,0.55742608
d__dgs2_dgs2__lag005,0.626959,0.444795,0.444004,0.55724101
q__bogz1fr753061103q_usb_tsy_for_reval__lag003,0.987461,0.27525,0.288884,0.55705955
d__dgs2_dgs2__lag008,0.626959,0.449131,0.439041,0.5568478
d__dgs2_dgs2__lag011,0.626959,0.448973,0.438681,0.55652291
d__dgs2_dgs2__lag001,0.626959,0.4449,0.442738,0.55651288
d__dgs2_dgs2__lag006,0.626959,0.446336,0.441251,0.55648072
d__dgs2_dgs2__lag010,0.626959,0.448316,0.438882,0.55623671
d__dgs2_dgs2__lag007,0.626959,0.447312,0.439236,0.55582944
d__dgs2_dgs2__lag016,0.626959,0.450653,0.435528,0.55559944
q__hnotsbq027s_hhnp_tsy_tx__lag008,0.971787,0.341498,0.229906,0.5552836
q__ad02rc1q027sbea_gov_netlending__lag003,0.827586,0.366518,0.303505,0.5545019
d__dgs2_dgs2__lag018,0.626959,0.451205,0.432923,0.55431186
m__fedfunds_fed_funds__lag005,0.896552,0.330344,0.287873,0.55426301
d__dgs2_dgs2__lag025,0.626959,0.451426,0.432372,0.55410531
d__dgs2_dgs2__lag021,0.626959,0.452,0.431277,0.55377883
d__dgs2_dgs2__lag012,0.626959,0.445701,0.436361,0.55301656
m__usgood_usgood__lag001,1.0,0.325369,0.227636,0.55300504
d__dgs2_dgs2__lag026,0.626959,0.449307,0.432523,0.55287152
d__dgs2_dgs2__lag017,0.626959,0.449473,0.432138,0.55273408
d__dgs2_dgs2__lag023,0.626959,0.446363,0.434712,0.55239821
m__usgood_usgood__lag002,1.0,0.328623,0.223698,0.55232017
d__dgs2_dgs2__lag027,0.626959,0.449181,0.431087,0.55189233
q__bogz1fr573061133q_private_dc_pension_ts_reval__lag005,0.981191,0.299679,0.262679,0.55178081
d__dgs2_dgs2__lag020,0.626959,0.449355,0.43062,0.55170842
d__dgs2_dgs2__lag024,0.626959,0.448336,0.431349,0.5515263
q__bogz1fr263061105q_row_bills_reval__lag004,0.984326,0.303494,0.256337,0.5510567
q__bogz1fr263061105q_row_tsy_reval__lag004,0.984326,0.303494,0.256337,0.5510567
d__dgs2_dgs2__lag019,0.626959,0.448898,0.429551,0.55075148
d__dgs2_dgs2__lag013,0.626959,0.445982,0.431987,0.55045129
q__bogz1fl712151003q_fed_repo__lag005,0.99373,0.174158,0.379618,0.55030443
q__bogz1fa633061110q_mmf_bills_tx__lag004,0.984326,0.413861,0.145187,0.55028593
m__unrate_unrate__lag012,0.971787,0.373439,0.192722,0.5501877
d__dgs2_dgs2__lag015,0.626959,0.448323,0.429097,0.55010673
d__dgs2_dgs2__lag022,0.626959,0.447498,0.42912,0.54960382
q__bogz1fl313024000q_tres_oper_cash__lag003,1.0,0.361962,0.187469,0.54943035
q__bogz1fr653061105q_mutual_funds_ts_reval__lag005,0.981191,0.279371,0.280551,0.54939127
q__netfi_netfi__lag004,0.981191,0.273147,0.286337,0.54896126
d__dgs2_dgs2__lag029,0.626959,0.44989,0.425459,0.54880803
d__dgs2_dgs2__lag028,0.626959,0.448556,0.426406,0.54856583
d__dgs2_dgs2__lag014,0.626959,0.446677,0.427291,0.54794227
m__manemp_manemp__lag003,1.0,0.331604,0.215182,0.54678618
q__bogz1fr753061103q_usb_tsy_for_reval__lag004,0.984326,0.287524,0.264316,0.54319058
d__dgs2_dgs2__lag030,0.626959,0.445937,0.418625,0.54204494
q__bogz1fa543061175q_life_insurance_ts_tx__lag008,0.971787,0.314745,0.242938,0.54194937
q__bogz1lm653061113q_mf_bills_raw__lag008,0.984326,0.225112,0.32508,0.54156899
q__bogz1lm653061113q_mutf_bills__lag008,0.984326,0.225112,0.32508,0.54156899
m__manemp_manemp__lag001,1.0,0.328043,0.213398,0.54144134
m__ipncongd_ipncongd__lag009,0.987461,0.327007,0.221282,0.54141379
m__manemp_manemp__lag002,1.0,0.329712,0.211636,0.54134778
q__bogz1fr793061105q_dom_fin_sector_tsy_reval__lag004,0.984326,0.301144,0.248455,0.54098495
q__bogz1fr543061175q_life_insurance_ts_reval__lag002,0.990596,0.191697,0.353791,0.54035768
q__bogz1fl712151003q_fed_repo__lag001,1.0,0.239237,0.300868,0.5401051
q__bogz1fr543061175q_life_insurance_ts_reval__lag006,0.978056,0.260173,0.291555,0.53962172
q__bogz1fr263061145q_row_priv_tsy_reval__lag003,0.987461,0.266824,0.279514,0.5394876
d__dgs2_dgs2__lag033,0.623824,0.444976,0.417741,0.53818419
d__dgs2_dgs2__lag032,0.623824,0.444197,0.417514,0.53755629
q__rowceaq027s_row_corpequities_flow__lag001,0.99373,0.280529,0.259661,0.53680315
d__dgs2_dgs2__lag031,0.623824,0.444416,0.415412,0.53638184
q__bogz1fr743061103q_usb_tsy_dom_reval__lag005,0.981191,0.287662,0.257715,0.53511898
m__tcu_tcu__lag009,0.736677,0.491678,0.23325,0.53403728
q__bogz1fl702050005q_usb_ffrrp__lag002,1.0,0.286103,0.247763,0.53386597
m__ipfinal_ipfinal__lag010,1.0,0.342297,0.190825,0.53312252
d__dgs2_dgs2__lag034,0.623824,0.445671,0.408652,0.53294733
q__bogz1lm403061105q_gses_ts__lag002,1.0,0.352258,0.179845,0.53210336
q__bogz1lm403061105q_gse_tsy__lag002,1.0,0.352258,0.179845,0.53210336
q__bogz1fr713061103q_cb_tsy_reval__lag004,0.984326,0.299349,0.241008,0.53188752
q__bogz1fr693061105q_nonmmf_ts_reval__lag005,0.981191,0.269288,0.271887,0.53099613
q__bogz1fr693061105q_nonmmmf_ts_reval__lag005,0.981191,0.269288,0.271887,0.53099613
q__bogz1fl704135005q_usb_loan_l__lag001,1.0,0.264636,0.266037,0.53067367
d__dgs2_dgs2__lag035,0.623824,0.443431,0.406765,0.53037271
q__bogz1fr693061105q_nonmmf_ts_reval__lag004,0.984326,0.282655,0.256143,0.53035238
q__bogz1fr693061105q_nonmmmf_ts_reval__lag004,0.984326,0.282655,0.256143,0.53035238
d__dgs2_dgs2__lag036,0.623824,0.442204,0.405969,0.52911133
q__bogz1fl753061103q_usb_tsy_for__lag004,0.996865,0.252467,0.278105,0.52890872
q__bogz1fr573061143q_private_db_pension_ts_reval__lag003,0.987461,0.273497,0.260942,0.52773769
d__dgs2_dgs2__lag037,0.623824,0.442561,0.40317,0.5275879
q__bogz1fr223061143q_state_local_db_retirement_ts_reval__lag004,0.984326,0.279582,0.256175,0.52736028
q__bogz1fr793061105q_dom_fin_sector_tsy_reval__lag005,0.981191,0.273877,0.263177,0.52695225
q__bogz1fl713123030q_tga__lag003,1.0,0.335015,0.191234,0.52624959
q__bogz1fl713123030q_tga_z1__lag003,1.0,0.335015,0.191234,0.52624959
q__rowcpaq027s_row_commercialpaper_flow__lag004,0.984326,0.264407,0.270152,0.5261805
q__bogz1fa213061103q_state_local_gov_ts_tx__lag008,0.971787,0.248039,0.293317,0.52608258
q__bogz1fl704141005q_usb_stloan_l__lag001,1.0,0.260891,0.264843,0.52573393
m__ipdcongd_ipdcongd__lag012,0.984326,0.303915,0.230183,0.52572629
q__bogz1fr653061105q_mutual_funds_ts_reval__lag004,0.984326,0.276833,0.257083,0.52554713
q__bogz1fr593061105q_pension_ts_reval__lag004,0.984326,0.279752,0.25412,0.52550379
q__bogz1fa573061143q_private_db_pension_ts_tx__lag007,0.974922,0.24329,0.295154,0.52494132
q__fgdef_fgdef__lag004,0.981191,0.344919,0.189598,0.52446408
q__bogz1fr573061143q_private_db_pension_ts_reval__lag004,0.984326,0.275998,0.256306,0.5239613
d__dgs2_dgs2__lag039,0.623824,0.438512,0.399439,0.52273444
d__dgs2_dgs2__lag038,0.623824,0.437803,0.399641,0.52241752
d__dgs2_dgs2__lag040,0.623824,0.437955,0.398379,0.52172556
q__bogz1fl753061103q_usb_tsy_for__lag003,1.0,0.251852,0.269765,0.52161769
q__netfi_netfi__lag007,0.971787,0.194598,0.341633,0.52110294
m__usgood_usgood__lag006,1.0,0.313231,0.207575,0.52080519
q__rowgseq027s_row_agency_flow__lag002,0.990596,0.310813,0.214915,0.5207843
d__dgs2_dgs2__lag041,0.623824,0.438041,0.395941,0.52025801
m__usgood_usgood__lag005,1.0,0.314657,0.205347,0.52000374
d__dgs2_dgs2__lag042,0.623824,0.43783,0.395287,0.51971853
q__rowgseq027s_row_agency_flow__lag001,0.99373,0.307791,0.215021,0.51953353
q__bogz1fr103061103q_nfcb_tsy_reval__lag005,0.981191,0.277194,0.250696,0.51796123
q__bogz1fr573061105q_private_pension_ts_reval__lag004,0.984326,0.276577,0.24949,0.51782151
d__dgs2_dgs2__lag043,0.623824,0.43545,0.394437,0.51770366
d__dgs2_dgs2__lag044,0.623824,0.435287,0.394363,0.51755571
q__bogz1fa213061103q_state_local_gov_ts_tx__lag007,0.974922,0.269407,0.260747,0.5168592
q__bogz1fa763061100q_usb_tsy_oth_tx__lag003,0.987461,0.319505,0.203752,0.51669613
m__fedfunds_fed_funds__lag006,0.896552,0.319426,0.256353,0.51621582
d__dgs2_dgs2__lag045,0.623824,0.433269,0.39369,0.51587724
m__usgood_usgood__lag004,1.0,0.308177,0.2068,0.51497653
q__bogz1fa713061113q_cb_bills_tx__lag005,0.981191,0.333752,0.190806,0.51469232
q__bogz1fr343061113q_fed_gov_dcf_retirement_ts_reval__lag004,0.984326,0.279819,0.24301,0.51463408
d__dgs2_dgs2__lag061,0.623824,0.425944,0.398599,0.51437008
d__dgs2_dgs2__lag046,0.623824,0.432891,0.391447,0.51424224
d__dgs2_dgs2__lag060,0.623824,0.426246,0.397435,0.51383266
q__bogz1fl753061103q_usb_tsy_for__lag005,0.99373,0.259162,0.257224,0.51314902
d__dgs2_dgs2__lag059,0.623824,0.425026,0.396899,0.51273709
m__ipncongd_ipncongd__lag003,0.99373,0.282743,0.232656,0.51216708
d__dgs2_dgs2__lag057,0.623824,0.427074,0.393059,0.51161942
d__dgs2_dgs2__lag062,0.623824,0.423516,0.395979,0.51122087
d__dgs2_dgs2__lag048,0.623824,0.429865,0.389242,0.51097937
m__manemp_manemp__lag006,1.0,0.314556,0.196167,0.5107239
q__bogz1lm653061113q_mf_bills_raw__lag007,0.987461,0.194141,0.323029,0.51068569
q__bogz1lm653061113q_mutf_bills__lag007,0.987461,0.194141,0.323029,0.51068569
q__bogz1fr743061103q_usb_tsy_dom_reval__lag004,0.984326,0.298628,0.219951,0.51045094
d__dgs2_dgs2__lag090,0.623824,0.427724,0.390032,0.51013649
d__dgs2_dgs2__lag047,0.623824,0.428365,0.389335,0.51010098
q__bogz1fr263061130q_row_gov_tsy_reval__lag003,0.987461,0.269876,0.246336,0.50973864
d__dgs2_dgs2__lag054,0.623824,0.425099,0.391849,0.50963223
d__dgs2_dgs2__lag049,0.623824,0.428576,0.387824,0.50929034
d__dgs2_dgs2__lag058,0.623824,0.424418,0.391937,0.50926185
d__dgs2_dgs2__lag056,0.623824,0.42472,0.391495,0.50917484
q__rowcbaq027s_row_corpbonds_flow__lag007,0.974922,0.234385,0.28772,0.50901174
d__dgs2_dgs2__lag063,0.623824,0.422734,0.393117,0.50894767
d__dgs2_dgs2__lag089,0.623824,0.422757,0.391569,0.50799647
d__dgs2_dgs2__lag064,0.623824,0.42348,0.390588,0.50783594
d__dgs2_dgs2__lag055,0.623824,0.424015,0.390013,0.50781062
q__bogz1fl543061175q_life_insurance_ts__lag001,1.0,0.278889,0.228745,0.50763415
d__dgs2_dgs2__lag050,0.623824,0.425136,0.388481,0.50755434
m__manemp_manemp__lag005,1.0,0.315386,0.191997,0.50738272
d__dgs2_dgs2__lag071,0.623824,0.422614,0.390106,0.50699483
m__tcu_tcu__lag008,0.736677,0.467931,0.220155,0.50689736
d__dgs2_dgs2__lag073,0.623824,0.422539,0.38984,0.50678214
d__dgs2_dgs2__lag065,0.623824,0.423107,0.389073,0.50665811
d__dgs2_dgs2__lag051,0.623824,0.422028,0.389884,0.50649024
d__dgs2_dgs2__lag085,0.623824,0.420624,0.39122,0.50644818
d__dgs2_dgs2__lag053,0.623824,0.42151,0.389993,0.50623505
d__dgs2_dgs2__lag087,0.623824,0.41977,0.391509,0.5060957
m__usalolitoaastsam_oecd_leading_indicator_us__lag007,0.887147,0.313806,0.256278,0.50574901
d__dgs2_dgs2__lag072,0.623824,0.422271,0.387674,0.50526365
d__dgs2_dgs2__lag069,0.623824,0.421012,0.38836,0.50490598
q__bogz1fa713061113q_cb_bills_tx__lag004,0.984326,0.344674,0.168068,0.50470473
m__manemp_manemp__lag004,1.0,0.312211,0.192482,0.50469269
m__ipncongd_ipncongd__lag008,0.987461,0.305691,0.205187,0.50447176
d__dgs2_dgs2__lag068,0.623824,0.419542,0.388758,0.50423741
d__dgs2_dgs2__lag088,0.623824,0.419093,0.389122,0.50418422
d__dgs2_dgs2__lag086,0.623824,0.41839,0.389817,0.50417915
d__dgs2_dgs2__lag052,0.623824,0.420884,0.387271,0.50414697
d__dgs2_dgs2__lag084,0.623824,0.418581,0.389099,0.50385
d__dgs2_dgs2__lag070,0.623824,0.419333,0.388317,0.50383129
d__dgs2_dgs2__lag075,0.623824,0.420744,0.386891,0.50382295
d__dgs2_dgs2__lag074,0.623824,0.419928,0.387176,0.503491
d__dgs2_dgs2__lag083,0.623824,0.418379,0.386372,0.5020236
q__bogz1fr763061100q_usb_tsy_oth_reval__lag005,0.981191,0.262259,0.249208,0.50184712
q__bogz1fr573061133q_private_dc_pension_ts_reval__lag004,0.984326,0.273468,0.236364,0.50184144
d__dgs2_dgs2__lag077,0.623824,0.418883,0.38552,0.50180634
d__dgs2_dgs2__lag066,0.623824,0.418935,0.385085,0.50156727
d__dgs2_dgs2__lag067,0.623824,0.417798,0.385999,0.501428
d__dgs2_dgs2__lag078,0.623824,0.418918,0.384325,0.50108259
q__bogz1fr473061105q_credit_unions_ts_reval__lag004,0.984326,0.287725,0.220939,0.50069208
q__bogz1fr263061130q_row_gov_tsy_reval__lag005,0.981191,0.289311,0.220905,0.50061936
d__dgs2_dgs2__lag076,0.623824,0.417759,0.384678,0.50057976
m__ipncongd_ipncongd__lag006,0.990596,0.289167,0.216162,0.50057644
q__bogz1fa733061103q_holding_companies_ts_tx__lag001,0.99373,0.306901,0.196628,0.50037201
d__dgs2_dgs2__lag082,0.623824,0.416575,0.385033,0.50006252
m__usgood_usgood__lag009,1.0,0.313113,0.186593,0.49970603
q__bogz1fr563061103q_etfs_ts_reval__lag004,0.984326,0.284293,0.22333,0.49966661
d__dgs2_dgs2__lag081,0.623824,0.41661,0.3829,0.49875368
q__rowcbaq027s_row_corpbonds_flow__lag006,0.978056,0.237986,0.270106,0.49694294
d__dgs2_dgs2__lag080,0.623824,0.414872,0.381357,0.49670696
q__bogz1fl713061113q_cb_bills_raw__lag005,0.99373,0.177146,0.322528,0.49654103
q__bogz1fl713061113q_cb_bills__lag005,0.99373,0.177146,0.322528,0.49654103
q__bogz1fr343061105q_fed_gov_retirement_ts_reval__lag004,0.984326,0.265947,0.238304,0.49634721
d__dgs2_dgs2__lag079,0.623824,0.414534,0.381053,0.49630661
q__rowcpaq027s_row_commercialpaper_flow__lag003,0.987461,0.299846,0.201225,0.4947882
q__bogz1fr593061105q_pension_ts_reval__lag003,0.987461,0.25463,0.24638,0.49472729
q__bogz1fa713061113q_cb_bills_tx__lag003,0.987461,0.272451,0.228428,0.49459864
q__bogz1fa313161105q_tsy_net_tx__lag003,0.987461,0.337544,0.163293,0.49455706
q__bogz1fr573061105q_private_pension_ts_reval__lag003,0.987461,0.25957,0.240448,0.49374839
q__ncbtsaq027s_nfcb_tsy_tx__lag004,0.984326,0.215302,0.285051,0.49251041
m__unrate_unrate__lag010,0.971787,0.334277,0.171475,0.49148362
m__ipncongd_ipncongd__lag002,0.99373,0.279728,0.214852,0.49147844
q__bogz1fa343061113q_fed_gov_dcf_retirement_ts_tx__lag008,0.971787,0.26757,0.237574,0.49089256
q__bogz1fa573061105q_private_pension_ts_tx__lag002,0.990596,0.148914,0.346187,0.4904448
q__bogz1fr223061143q_state_local_db_retirement_ts_reval__lag003,0.987461,0.244721,0.250241,0.48875559
q__bogz1fa573061133q_private_dc_pension_ts_tx__lag002,0.990596,0.284192,0.208559,0.48811693
m__ipdcongd_ipdcongd__lag001,0.99373,0.211641,0.277702,0.48627471
m__manemp_manemp__lag009,1.0,0.310078,0.17555,0.48562855
m__usgood_usgood__lag008,1.0,0.299095,0.186338,0.48543293
q__bogz1fr403061105q_gses_ts_reval__lag008,0.971787,0.196382,0.30249,0.48479639
m__unrate_unrate__lag011,0.971787,0.327336,0.170632,0.48391853
m__tcu_tcu__lag006,0.739812,0.393034,0.260015,0.4831337
q__bogz1fr713061103q_cb_tsy_reval__lag005,0.981191,0.245228,0.246909,0.48287999
q__netfi_netfi__lag003,0.984326,0.223468,0.266551,0.48233776
q__bogz1fl753061103q_usb_tsy_for__lag002,1.0,0.230008,0.252061,0.48206848
q__bogz1fa573061143q_private_db_pension_ts_tx__lag001,0.99373,0.127352,0.356097,0.48041833
q__bogz1fl712151003q_fed_repo__lag006,0.990596,0.152976,0.331799,0.48021611
q__rowcbaq027s_row_corpbonds_flow__lag004,0.984326,0.262588,0.224843,0.47979164
q__bogz1fr343061105q_fed_gov_retirement_ts_reval__lag003,0.987461,0.252527,0.233279,0.47971381
m__manemp_manemp__lag008,1.0,0.304652,0.174543,0.47919558
m__tcu_tcu__lag005,0.739812,0.403955,0.243392,0.47891548
q__cbi_cbi__lag003,0.984326,0.236172,0.249297,0.47785978
q__bogz1fr473061105q_credit_unions_ts_reval__lag005,0.981191,0.23411,0.252633,0.47758844
m__usalolitoaastsam_oecd_leading_indicator_us__lag012,0.884013,0.3587,0.180881,0.47699677
m__fedfunds_fed_funds__lag007,0.893417,0.303886,0.229996,0.47697962
q__bogz1fr763061100q_usb_tsy_oth_reval__lag004,0.984326,0.27807,0.20535,0.47584281
m__ipncongd_ipncongd__lag012,0.984326,0.270533,0.211814,0.47478722
q__bogz1fr403061105q_gses_ts_reval__lag004,0.984326,0.301174,0.18043,0.47405546
m__tcu_tcu__lag003,0.742947,0.366316,0.270393,0.47304088
q__bogz1fa573061143q_private_db_pension_ts_tx__lag006,0.978056,0.232707,0.250769,0.47286718
q__bogz1fr793061105q_dom_fin_sector_tsy_reval__lag003,0.987461,0.239433,0.23899,0.47242384
m__ipncongd_ipncongd__lag005,0.990596,0.279978,0.196914,0.47240732
m__usgood_usgood__lag007,1.0,0.287991,0.184392,0.47238319
q__bogz1fr343061113q_fed_gov_dcf_retirement_ts_reval__lag003,0.987461,0.247088,0.230245,0.47134735
q__bogz1fa343061113q_fed_gov_dcf_retirement_ts_tx__lag002,0.990596,0.300153,0.173405,0.4691039
d__dgs30_dgs30__lag023,0.617555,0.343952,0.415179,0.46880514
q__bogz1fr103061103q_nfcb_tsy_reval__lag004,0.984326,0.270074,0.206019,0.46862991
m__ipncongd_ipncongd__lag007,0.987461,0.276478,0.1977,0.46823166
q__bogz1fr213061103q_state_local_gov_ts_reval__lag004,0.984326,0.263263,0.212149,0.46796097
q__bogz1fa213061103q_state_local_gov_ts_tx__lag003,0.987461,0.068563,0.404915,0.46754119
m__ipncongd_ipncongd__lag010,0.984326,0.288834,0.185489,0.46688896
m__manemp_manemp__lag007,1.0,0.293458,0.173374,0.46683239
q__bogz1fr693061105q_nonmmf_ts_reval__lag003,0.987461,0.218147,0.254052,0.46627865
q__bogz1fr693061105q_nonmmmf_ts_reval__lag003,0.987461,0.218147,0.254052,0.46627865
q__bogz1fa653061105q_mutual_funds_ts_tx__lag001,0.99373,0.31273,0.156091,0.46588137
q__cbi_cbi__lag004,0.981191,0.346254,0.127792,0.4651293
q__bogz1fa713061103q_cb_tsy_tx__lag008,0.971787,0.221073,0.257329,0.46490461
q__bogz1fa543061175q_life_insurance_ts_tx__lag005,0.981191,0.106016,0.367409,0.46452034
q__cbi_cbi__lag001,0.990596,0.216929,0.251913,0.46443279
m__tcu_tcu__lag007,0.736677,0.408412,0.221628,0.46413594
q__bogz1fr653061105q_mutual_funds_ts_reval__lag003,0.987461,0.213761,0.256144,0.46401322
d__dgs6mo_dgs6mo__lag004,0.561129,0.40899,0.416622,0.46327468
d__dgs6mo_dgs6mo__lag003,0.561129,0.408752,0.416652,0.46315802
d__dgs6mo_dgs6mo__lag005,0.561129,0.408088,0.415711,0.46225718
m__tcu_tcu__lag002,0.742947,0.365203,0.256873,0.46216976
q__bogz1fr573061133q_private_dc_pension_ts_reval__lag003,0.987461,0.236677,0.231022,0.46183465
d__dgs6mo_dgs6mo__lag001,0.561129,0.409854,0.412861,0.46164899
q__bogz1fr343061165q_fed_gov_db_retirement_ts_reval__lag003,0.987461,0.225522,0.241939,0.46159953
d__dgs6mo_dgs6mo__lag002,0.561129,0.409632,0.412936,0.4615665
d__dgs6mo_dgs6mo__lag006,0.561129,0.40788,0.414564,0.46149705
d__dgs6mo_dgs6mo__lag007,0.561129,0.408757,0.413564,0.46142769
d__dgs6mo_dgs6mo__lag008,0.561129,0.408702,0.413174,0.46117828
m__ipdcongd_ipdcongd__lag010,0.984326,0.28334,0.185124,0.46112154
d__dgs6mo_dgs6mo__lag010,0.561129,0.407151,0.41292,0.46016509
q__bogz1fr663061165q_brokers_dealers_long_ts_reval__lag005,0.981191,0.246918,0.221842,0.45994279
d__dgs6mo_dgs6mo__lag011,0.561129,0.407641,0.411752,0.4597843
q__bogz1fl313024000q_tres_oper_cash__lag004,0.996865,0.260942,0.200117,0.45961407
m__ipncongd_ipncongd__lag004,0.990596,0.269748,0.193594,0.45898469
q__bogz1fr383061105q_dom_nonfin_sector_tsy_reval__lag005,0.981191,0.246579,0.221072,0.45885513
d__dgs30_dgs30__lag033,0.617555,0.353789,0.389186,0.45882731
q__bogz1fa693061105q_nonmmf_ts_tx__lag003,0.987461,0.158811,0.305728,0.45871412
q__bogz1fa693061105q_nonmmmf_ts_tx__lag003,0.987461,0.158811,0.305728,0.45871412
q__bogz1fr713061113q_cb_bills_reval__lag005,0.981191,0.327505,0.13971,0.45842799
d__dgs30_dgs30__lag022,0.617555,0.345295,0.396305,0.45797898
d__dgs6mo_dgs6mo__lag009,0.561129,0.404998,0.410887,0.45781641
d__dgs6mo_dgs6mo__lag014,0.561129,0.406329,0.409149,0.45758789
d__dgs6mo_dgs6mo__lag013,0.561129,0.406518,0.408658,0.45741879
d__dgs6mo_dgs6mo__lag012,0.561129,0.404724,0.410068,0.45720322
q__rowcbaq027s_row_corpbonds_flow__lag008,0.971787,0.259436,0.210057,0.45624766
m__tcu_tcu__lag001,0.742947,0.318601,0.295239,0.45605048
q__bogz1fa593061105q_pension_ts_tx__lag005,0.981191,0.248261,0.216357,0.4558784
q__bogz1lm653061113q_mf_bills_raw__lag006,0.990596,0.149376,0.310727,0.45577686
q__bogz1lm653061113q_mutf_bills__lag006,0.990596,0.149376,0.310727,0.45577686
q__bogz1fa403061105q_gses_ts_tx__lag002,0.990596,0.255112,0.204855,0.45564069
q__bogz1fr743061103q_usb_tsy_dom_reval__lag003,0.987461,0.238715,0.222596,0.45552655
d__dgs30_dgs30__lag021,0.617555,0.342977,0.39442,0.45538322
d__dgs30_dgs30__lag032,0.617555,0.348964,0.388266,0.45528007
d__dgs6mo_dgs6mo__lag016,0.561129,0.406576,0.404155,0.45492451
d__dgs30_dgs30__lag025,0.617555,0.341212,0.395341,0.45486162
d__dgs6mo_dgs6mo__lag015,0.561129,0.405907,0.404451,0.45471461
d__dgs30_dgs30__lag026,0.617555,0.341041,0.395224,0.45468377
d__dgs30_dgs30__lag005,0.617555,0.336703,0.399303,0.45452429
d__dgs6mo_dgs6mo__lag023,0.561129,0.404317,0.404603,0.45390798
d__dgs6mo_dgs6mo__lag018,0.561129,0.407126,0.401673,0.45384024
m__mcumfn_caputil_man__lag009,0.673981,0.448019,0.225335,0.45382759
d__dgs30_dgs30__lag024,0.617555,0.340246,0.394516,0.4537558
d__dgs6mo_dgs6mo__lag020,0.561129,0.406497,0.402151,0.45375529
q__bogz1fr713061103q_cb_tsy_reval__lag003,0.987461,0.236973,0.22246,0.45367193
m__awhman_awhman__lag009,1.0,0.213718,0.239926,0.45364354
d__dgs6mo_dgs6mo__lag021,0.561129,0.407284,0.400974,0.4535368
m__awotman_awotman__lag009,0.874608,0.339835,0.178678,0.45349595
m__ipncongd_ipncongd__lag011,0.984326,0.24783,0.212606,0.45321948
q__bogz1fa383061105q_dom_nonfin_sector_tsy_tx__lag008,0.971787,0.26581,0.200411,0.45306699
d__dgs6mo_dgs6mo__lag017,0.561129,0.405464,0.401732,0.45294076
d__dgs30_dgs30__lag002,0.617555,0.338774,0.393931,0.45248578
d__dgs30_dgs30__lag034,0.617555,0.352077,0.380435,0.45236605
d__dgs6mo_dgs6mo__lag019,0.561129,0.405874,0.400203,0.45231278
q__bogz1fl543061175q_life_insurance_ts__lag002,1.0,0.260167,0.19201,0.4521773
d__dgs30_dgs30__lag004,0.617555,0.334217,0.39784,0.45208534
d__dgs30_dgs30__lag036,0.617555,0.349899,0.381794,0.45186062
m__mtsds133fms_fed_surplus_deficit__lag003,0.570533,0.509557,0.282008,0.45161391
d__dgs6mo_dgs6mo__lag024,0.561129,0.404695,0.399928,0.45149724
d__dgs6mo_dgs6mo__lag025,0.561129,0.404392,0.3993,0.45097411
m__usalolitoaastsam_oecd_leading_indicator_us__lag010,0.884013,0.33431,0.175681,0.45083831
d__dgs6mo_dgs6mo__lag022,0.561129,0.404708,0.398417,0.45065614
d__dgs30_dgs30__lag003,0.617555,0.334841,0.394859,0.45063014
d__dgs30_dgs30__lag037,0.617555,0.351812,0.377808,0.4505802
d__dgs30_dgs30__lag016,0.617555,0.340842,0.388254,0.45025692
q__bogz1fr733061103q_holding_companies_ts_reval__lag004,0.984326,0.272164,0.185158,0.45015313
d__dgs30_dgs30__lag039,0.617555,0.352022,0.376152,0.44968721
q__bogz1fa313161110q_totalbills_z1_tx__lag007,0.974922,0.020516,0.440372,0.44933006
d__dgs6mo_dgs6mo__lag026,0.561129,0.402425,0.398316,0.44931825
d__dgs30_dgs30__lag040,0.617555,0.351277,0.376288,0.44931179
d__dgs30_dgs30__lag008,0.617555,0.338026,0.389377,0.4492115
q__bogz1fa513061113q_pci_bills_tx__lag002,0.990596,0.1426,0.310529,0.44886752
q__bogz1fr213061103q_state_local_gov_ts_reval__lag005,0.981191,0.222136,0.2353,0.44883285
q__bogz1fa653061105q_mutual_funds_ts_tx__lag003,0.987461,0.133378,0.321018,0.44869872
d__dgs30_dgs30__lag018,0.617555,0.346333,0.379746,0.44839361
d__dgs30_dgs30__lag031,0.617555,0.343031,0.382889,0.44829557
m__usalolitoaastsam_oecd_leading_indicator_us__lag006,0.890282,0.263672,0.239717,0.44815862
d__dgs30_dgs30__lag042,0.617555,0.352601,0.372978,0.44808474
q__bogz1lm403061105q_gses_ts__lag003,1.0,0.310289,0.137684,0.44797342
q__bogz1lm403061105q_gse_tsy__lag003,1.0,0.310289,0.137684,0.44797342
d__dgs30_dgs30__lag009,0.617555,0.334301,0.390865,0.44783005
m__tcu_tcu__lag004,0.739812,0.370954,0.234107,0.44763129
d__dgs6mo_dgs6mo__lag027,0.561129,0.402693,0.394823,0.44750918
d__dgs30_dgs30__lag001,0.617555,0.333363,0.390733,0.44716865
q__bogz1fl712051000q_fed_rrp__lag007,0.987461,0.233999,0.218722,0.44704465
m__ipncongd_ipncongd__lag001,0.99373,0.227344,0.22247,0.44699355
d__dgs30_dgs30__lag035,0.617555,0.345573,0.37813,0.44692637
d__dgs30_dgs30__lag006,0.617555,0.335449,0.387556,0.44649564
m__tcu_tcu__lag012,0.733542,0.38456,0.224014,0.44641433
m__ipbuseq_ipbuseq__lag001,0.99373,0.244703,0.204419,0.44630621
d__dgs30_dgs30__lag038,0.617555,0.34739,0.375269,0.44628113
m__ipdcongd_ipdcongd__lag011,0.984326,0.256999,0.196093,0.44598992
d__dgs30_dgs30__lag011,0.617555,0.343852,0.377478,0.44546094
d__dgs30_dgs30__lag030,0.617555,0.342853,0.378352,0.44538369
q__bogz1lm543061115q_li_bills__lag001,1.0,0.206452,0.238832,0.4452843
d__dgs30_dgs30__lag019,0.617555,0.341896,0.378881,0.44511887
m__ipdcongd_ipdcongd__lag007,0.987461,0.247752,0.20301,0.44511019
d__dgs30_dgs30__lag020,0.617555,0.339921,0.380283,0.44476564
d__dgs30_dgs30__lag043,0.617555,0.345938,0.374192,0.44471995
d__dgs3mo_dgs3mo__lag005,0.561129,0.393679,0.398652,0.44459929
d__dgs30_dgs30__lag041,0.617555,0.348915,0.370674,0.44438556
d__dgs30_dgs30__lag029,0.617555,0.34153,0.378015,0.44435849
d__dgs6mo_dgs6mo__lag028,0.561129,0.402524,0.389018,0.44415725
m__ipdcongd_ipdcongd__lag006,0.990596,0.212056,0.236149,0.44398988
q__bogz1lm903061103q_instrument_discrepancies_ts__lag005,0.99373,0.196368,0.250348,0.44391521
d__dgs30_dgs30__lag007,0.617555,0.335101,0.383551,0.44380721
d__dgs3mo_dgs3mo__lag003,0.561129,0.392135,0.398629,0.44372023
q__bogz1fa403061105q_gses_ts_tx__lag007,0.974922,0.168461,0.286341,0.44339648
d__dgs3mo_dgs3mo__lag006,0.561129,0.392415,0.397714,0.44336386
d__dgs3mo_dgs3mo__lag004,0.561129,0.391816,0.398305,0.44335908
q__bogz1fl753061103q_usb_tsy_for__lag006,0.990596,0.240941,0.206606,0.44333759
q__bogz1fa753061103q_usb_tsy_for_tx__lag001,0.99373,0.208204,0.237884,0.44329166
q__bogz1fr663061165q_brokers_dealers_long_ts_reval__lag004,0.984326,0.238516,0.211565,0.44302718
d__dgs3mo_dgs3mo__lag002,0.561129,0.392921,0.396092,0.44273771
m__fedfunds_fed_funds__lag008,0.893417,0.286638,0.208746,0.4425847
d__dgs3mo_dgs3mo__lag001,0.561129,0.392344,0.396378,0.44257467
d__dgs30_dgs30__lag027,0.617555,0.339062,0.377542,0.44254215
d__dgs30_dgs30__lag010,0.617555,0.34007,0.376348,0.44242741
d__dgs30_dgs30__lag017,0.617555,0.340421,0.375868,0.44234766
d__dgs3mo_dgs3mo__lag007,0.561129,0.391445,0.396096,0.44191208
q__bogz1fl713068703q_fed_dw_a__lag007,0.987461,0.250745,0.196557,0.44169308
d__dgs6mo_dgs6mo__lag029,0.561129,0.402167,0.383487,0.44085277
d__dgs3mo_dgs3mo__lag008,0.561129,0.39015,0.395496,0.44084818
d__dgs30_dgs30__lag012,0.617555,0.340315,0.373514,0.44082817
d__dexjpus_dexjpus__lag023,0.69279,0.306154,0.329609,0.44044979
q__netfi_netfi__lag008,0.968652,0.126187,0.328144,0.44008899
q__bogz1fr403061105q_gses_ts_reval__lag007,0.974922,0.181794,0.26931,0.43979127
q__psave_psave__lag005,0.978056,0.196784,0.252682,0.43960231
d__dgs30_dgs30__lag089,0.61442,0.356813,0.358151,0.43928824
d__dgs30_dgs30__lag090,0.61442,0.359688,0.354434,0.43877095
q__rowmfsq027s_row_mutualfundshares_flow__lag004,0.984326,0.206599,0.23889,0.43850579
d__dgs30_dgs30__lag015,0.617555,0.343282,0.366673,0.43843591
d__dexjpus_dexjpus__lag025,0.69279,0.312693,0.319943,0.43828393
d__dexjpus_dexjpus__lag021,0.69279,0.308789,0.323842,0.43828049
m__usalolitoaastsam_oecd_leading_indicator_us__lag011,0.884013,0.323027,0.172206,0.43779184
m__ipdcongd_ipdcongd__lag003,0.99373,0.233749,0.206768,0.43775545
d__dgs30_dgs30__lag044,0.617555,0.340082,0.368492,0.43758344
q__bogz1fl712151003q_fed_repo__lag007,0.987461,0.138474,0.30451,0.43742923
d__dgs6mo_dgs6mo__lag030,0.561129,0.401067,0.378322,0.43733723
d__dgs30_dgs30__lag087,0.61442,0.350356,0.361154,0.43716591
m__indpro_indpro__lag003,1.0,0.258463,0.178357,0.4368208
d__dgs3mo_dgs3mo__lag011,0.561129,0.387815,0.390633,0.43680923
d__dgs3mo_dgs3mo__lag014,0.561129,0.388448,0.389966,0.43679028
q__bogz1fl713123030q_tga__lag004,0.996865,0.240477,0.197682,0.43678517
q__bogz1fl713123030q_tga_z1__lag004,0.996865,0.240477,0.197682,0.43678517
m__indpro_indpro__lag002,1.0,0.264497,0.172234,0.43673078
d__dexjpus_dexjpus__lag022,0.69279,0.305232,0.325098,0.43668635
d__dgs30_dgs30__lag028,0.617555,0.336243,0.370841,0.43666303
d__dgs3mo_dgs3mo__lag010,0.561129,0.387032,0.390553,0.43632508
d__dgs3mo_dgs3mo__lag017,0.561129,0.389897,0.387627,0.43629115
d__dgs3mo_dgs3mo__lag018,0.561129,0.389672,0.387527,0.43610851
d__dgs3mo_dgs3mo__lag016,0.561129,0.389726,0.387454,0.43609769
d__dgs3mo_dgs3mo__lag012,0.561129,0.386627,0.390397,0.43601072
d__dgs30_dgs30__lag045,0.617555,0.338495,0.367367,0.43590842
d__dgs3mo_dgs3mo__lag009,0.561129,0.385224,0.390876,0.43549151
d__dgs3mo_dgs3mo__lag019,0.561129,0.389658,0.386225,0.43537018
d__dgs3mo_dgs3mo__lag015,0.561129,0.388492,0.387331,0.43533629
d__dgs3mo_dgs3mo__lag020,0.561129,0.389856,0.385585,0.43512204
d__dexjpus_dexjpus__lag024,0.69279,0.30889,0.318861,0.43489981
d__dexjpus_dexjpus__lag020,0.69279,0.307758,0.319133,0.43430376
m__ipbuseq_ipbuseq__lag003,0.99373,0.264442,0.172578,0.43427916
d__dgs3mo_dgs3mo__lag013,0.561129,0.3864,0.387535,0.43427711
d__dgs3mo_dgs3mo__lag023,0.561129,0.387972,0.385726,0.43414399
d__dexjpus_dexjpus__lag026,0.69279,0.307663,0.318992,0.43414028
d__dgs30_dgs30__lag014,0.617555,0.34339,0.358249,0.43330075
q__bogz1fr263061130q_row_gov_tsy_reval__lag004,0.984326,0.214968,0.225129,0.43319893
d__dgs3mo_dgs3mo__lag021,0.561129,0.389916,0.382095,0.43319704
q__bogz1fr403061105q_gses_ts_reval__lag001,0.99373,0.220524,0.214828,0.43262202
q__rowgseq027s_row_agency_flow__lag003,0.987461,0.272582,0.165456,0.43254505
d__dgs30_dgs30__lag013,0.617555,0.34363,0.356606,0.43243407
d__dgs30_dgs30__lag088,0.61442,0.347765,0.355946,0.43237444
d__dexjpus_dexjpus__lag027,0.69279,0.307243,0.316692,0.43225609
d__dgs3mo_dgs3mo__lag025,0.561129,0.388803,0.381033,0.43197691
q__bogz1fa713061113q_cb_bills_tx__lag002,0.990596,0.133756,0.302322,0.43197632
d__dgs30_dgs30__lag046,0.61442,0.336264,0.366467,0.43177224
d__dgs3mo_dgs3mo__lag024,0.561129,0.388172,0.381169,0.43169935
q__bogz1fa403061105q_gses_ts_tx__lag006,0.978056,0.138386,0.30227,0.43098658
d__dexjpus_dexjpus__lag057,0.69279,0.307928,0.314145,0.43096585
d__dexjpus_dexjpus__lag090,0.689655,0.30586,0.318948,0.4309021
q__bogz1fa653061105q_mutual_funds_ts_tx__lag005,0.981191,0.238231,0.20083,0.43080214
d__dgs3mo_dgs3mo__lag022,0.561129,0.387553,0.380163,0.43078743
q__bogz1fl702050005q_usb_ffrrp__lag005,0.99373,0.253289,0.17998,0.43055288
d__dexjpus_dexjpus__lag029,0.69279,0.308312,0.313097,0.43050552
d__dgs6mo_dgs6mo__lag031,0.557994,0.399953,0.371517,0.43047538
d__dgs30_dgs30__lag068,0.61442,0.337125,0.363485,0.43046888
d__dexjpus_dexjpus__lag016,0.69279,0.304154,0.317105,0.43040201
m__tcu_tcu__lag011,0.733542,0.356478,0.230208,0.43035889
d__dgs6mo_dgs6mo__lag032,0.557994,0.39985,0.371376,0.43033885
m__indpro_indpro__lag001,1.0,0.226215,0.204055,0.43026995
q__bogz1fa713061103q_cb_tsy_tx__lag007,0.974922,0.161777,0.279246,0.42996266
d__dgs30_dgs30__lag069,0.61442,0.338458,0.361318,0.42995638
d__dgs30_dgs30__lag060,0.61442,0.334137,0.365605,0.42993534
d__dgs30_dgs30__lag071,0.61442,0.339417,0.359964,0.42971422
d__dexjpus_dexjpus__lag087,0.69279,0.300908,0.319275,0.42965659
q__cbi_cbi__lag005,0.978056,0.305542,0.133721,0.42962393
d__dgs6mo_dgs6mo__lag033,0.557994,0.398486,0.371328,0.42955129
d__dexjpus_dexjpus__lag018,0.69279,0.307779,0.312116,0.42945716
d__dgs30_dgs30__lag065,0.61442,0.336198,0.362762,0.4294549
d__dgs3mo_dgs3mo__lag026,0.561129,0.386302,0.37894,0.42939912
d__dgs30_dgs30__lag086,0.61442,0.34376,0.355032,0.4293522
d__dgs30_dgs30__lag070,0.61442,0.33974,0.359031,0.42933892
d__dgs30_dgs30__lag061,0.61442,0.332204,0.366548,0.42932766
q__bogz1fa713061113q_cb_bills_tx__lag006,0.978056,0.28404,0.154677,0.4290903
d__dexjpus_dexjpus__lag059,0.69279,0.302535,0.316435,0.42881634
d__dexjpus_dexjpus__lag030,0.69279,0.308487,0.310249,0.42865387
d__dexjpus_dexjpus__lag060,0.69279,0.303204,0.315514,0.42864222
d__dgs30_dgs30__lag073,0.61442,0.339972,0.357664,0.42864189
d__dgs30_dgs30__lag048,0.61442,0.333474,0.363989,0.42853552
d__dgs30_dgs30__lag066,0.61442,0.33718,0.360198,0.42848355
d__dgs30_dgs30__lag058,0.61442,0.335766,0.361547,0.42844297
d__dgs30_dgs30__lag057,0.61442,0.33981,0.357481,0.42842939
d__dgs30_dgs30__lag062,0.61442,0.330986,0.366228,0.42838274
q__bogz1fa573061105q_private_pension_ts_tx__lag006,0.978056,0.234027,0.203934,0.42835055
d__dexjpus_dexjpus__lag061,0.69279,0.302186,0.316038,0.42829894
d__dgs30_dgs30__lag056,0.61442,0.337351,0.359313,0.42804467
d__dexjpus_dexjpus__lag054,0.69279,0.306657,0.311166,0.42802171
d__dexjpus_dexjpus__lag089,0.689655,0.299731,0.320795,0.42794886
d__dgs30_dgs30__lag084,0.61442,0.344573,0.351089,0.42742866
q__bogz1fr473061105q_credit_unions_ts_reval__lag003,0.987461,0.215515,0.217283,0.4273714
d__dgs30_dgs30__lag085,0.61442,0.343137,0.352359,0.42732674
d__dexjpus_dexjpus__lag058,0.69279,0.301905,0.314451,0.42700493
d__dexjpus_dexjpus__lag062,0.69279,0.300406,0.315749,0.42686634
d__dexjpus_dexjpus__lag086,0.69279,0.300193,0.315784,0.42674285
d__dexjpus_dexjpus__lag017,0.69279,0.302792,0.313068,0.42666181
d__dexjpus_dexjpus__lag055,0.69279,0.304481,0.311325,0.42662434
q__ad02rc1q027sbea_gov_netlending__lag004,0.824451,0.336467,0.180921,0.42656167
d__dgs30_dgs30__lag067,0.61442,0.334593,0.359377,0.4263892
d__dgs3mo_dgs3mo__lag027,0.561129,0.386117,0.373444,0.42621119
d__dgs30_dgs30__lag054,0.61442,0.332862,0.360783,0.42618976
d__dexjpus_dexjpus__lag033,0.69279,0.305087,0.310037,0.42615202
d__dgs30_dgs30__lag072,0.61442,0.337276,0.356273,0.42613042
m__indpro_indpro__lag009,1.0,0.309566,0.116282,0.4258478
d__dexjpus_dexjpus__lag028,0.69279,0.304043,0.310581,0.42580476
d__dexjpus_dexjpus__lag056,0.69279,0.302418,0.3122,0.42580075
d__dexjpus_dexjpus__lag019,0.69279,0.303778,0.310803,0.42577558
d__dexjpus_dexjpus__lag085,0.69279,0.301976,0.312506,0.42570682
q__bogz1fl573061143q_private_db_pension_ts__lag001,1.0,0.228747,0.196881,0.42562745
d__dgs30_dgs30__lag074,0.61442,0.338005,0.354281,0.42535458
d__dgs30_dgs30__lag081,0.61442,0.341886,0.350203,0.42523305
d__dgs30_dgs30__lag063,0.61442,0.327833,0.363931,0.42503369
q__bogz1fa573061105q_private_pension_ts_tx__lag007,0.974922,0.223614,0.212302,0.42498339
d__dexjpus_dexjpus__lag066,0.69279,0.303264,0.310042,0.42489236
d__dgs30_dgs30__lag082,0.61442,0.342555,0.348871,0.42482557
d__dexjpus_dexjpus__lag032,0.69279,0.302866,0.310316,0.42480591
d__dgs30_dgs30__lag047,0.61442,0.328718,0.362554,0.4247314
d__dgs30_dgs30__lag077,0.61442,0.339849,0.351375,0.42470193
d__dgs6mo_dgs6mo__lag034,0.557994,0.398017,0.363092,0.42469362
d__dexjpus_dexjpus__lag068,0.69279,0.3016,0.311343,0.42464119
d__dexjpus_dexjpus__lag015,0.69279,0.305058,0.307673,0.4244937
q__bogz1fr153061105q_hhnp_tsy_reval__lag005,0.981191,0.239465,0.193089,0.42441812
d__dgs3mo_dgs3mo__lag028,0.561129,0.386248,0.370009,0.42435747
m__mcumfn_caputil_man__lag008,0.673981,0.416504,0.21298,0.42426037
d__dexjpus_dexjpus__lag069,0.69279,0.30192,0.310252,0.42410636
d__dexjpus_dexjpus__lag031,0.69279,0.304717,0.307317,0.42401156
d__dexjpus_dexjpus__lag084,0.69279,0.300544,0.311393,0.42394376
d__dexjpus_dexjpus__lag067,0.69279,0.301888,0.309835,0.42379551
d__dexjpus_dexjpus__lag088,0.689655,0.295681,0.318821,0.42379468
d__dgs30_dgs30__lag083,0.61442,0.343402,0.346124,0.42365822
q__bogz1fr553061103q_closed_end_funds_ts_reval__lag003,0.987461,0.196224,0.23264,0.42348656
d__dgs30_dgs30__lag064,0.61442,0.329473,0.359462,0.42329589
d__dgs30_dgs30__lag076,0.61442,0.337032,0.351785,0.42322309
d__dgs30_dgs30__lag055,0.61442,0.331403,0.357325,0.42316832
m__tcu_tcu__lag010,0.733542,0.384041,0.192799,0.42313653
d__dexjpus_dexjpus__lag065,0.69279,0.300713,0.310026,0.42311367
d__dgs30_dgs30__lag059,0.61442,0.326372,0.362006,0.42295318
d__dgs30_dgs30__lag075,0.61442,0.337447,0.35063,0.42276828
q__bogz1fr563061103q_etfs_ts_reval__lag003,0.987461,0.20974,0.218378,0.4227504
q__bogz1fa713061103q_cb_tsy_tx__lag005,0.981191,0.298392,0.132215,0.42250738
q__fbtsatq027s_dom_fin_sector_tsy_tx__lag005,0.981191,0.249375,0.181214,0.42249039
d__dgs30_dgs30__lag080,0.61442,0.340856,0.346375,0.42224866
d__dexjpus_dexjpus__lag082,0.69279,0.299953,0.309176,0.42199859
d__dgs6mo_dgs6mo__lag037,0.557994,0.39759,0.358401,0.42183825
d__dgs6mo_dgs6mo__lag035,0.557994,0.396488,0.359254,0.42169901
d__dgs6mo_dgs6mo__lag038,0.557994,0.397843,0.35765,0.4215607
d__dexjpus_dexjpus__lag053,0.69279,0.298905,0.309576,0.42154964
q__hnotsbq027s_hhnp_tsy_tx__lag002,0.990596,0.138877,0.286633,0.42150813
d__dexjpus_dexjpus__lag002,0.69279,0.302191,0.306066,0.42139497
d__dexjpus_dexjpus__lag064,0.69279,0.297345,0.310857,0.42135611
d__dexjpus_dexjpus__lag034,0.69279,0.305676,0.302493,0.42133338
d__dgs30_dgs30__lag049,0.61442,0.325508,0.360187,0.42130501
d__dexjpus_dexjpus__lag043,0.69279,0.301704,0.306204,0.4211526
d__dexjpus_dexjpus__lag035,0.69279,0.30524,0.302647,0.42113783
d__dexjpus_dexjpus__lag063,0.69279,0.297461,0.310333,0.42107395
d__dgs6mo_dgs6mo__lag036,0.557994,0.396529,0.357952,0.42099592
d__dexjpus_dexjpus__lag044,0.69279,0.300547,0.307108,0.4209775
d__dgs30_dgs30__lag078,0.61442,0.337646,0.347315,0.42085396
d__dexjpus_dexjpus__lag072,0.69279,0.298971,0.308504,0.42085285
d__dexjpus_dexjpus__lag071,0.69279,0.298708,0.308691,0.42079968
d__dgs6mo_dgs6mo__lag039,0.557994,0.397557,0.356552,0.42078774
d__dexjpus_dexjpus__lag070,0.69279,0.297911,0.309428,0.42075795
q__netfi_netfi__lag002,0.987461,0.155659,0.27023,0.42054849
q__bogz1fl633061110q_mmf_bills_raw__lag003,1.0,0.261024,0.159505,0.42052885
q__bogz1fl633061110q_mmf_bills__lag003,1.0,0.261024,0.159505,0.42052885
d__dexjpus_dexjpus__lag036,0.69279,0.301734,0.305224,0.42049474
d__dexjpus_dexjpus__lag003,0.69279,0.301407,0.305482,0.42044649
q__bogz1fa633061105q_money_market_funds_ts_tx__lag007,0.974922,0.031851,0.39936,0.42039746
d__dexjpus_dexjpus__lag045,0.69279,0.299924,0.306893,0.42039657
d__dexjpus_dexjpus__lag083,0.69279,0.298354,0.308417,0.42036462
d__dexjpus_dexjpus__lag073,0.69279,0.296675,0.309828,0.42017903
d__dexjpus_dexjpus__lag014,0.69279,0.301807,0.304669,0.42016045
d__dexjpus_dexjpus__lag001,0.69279,0.29847,0.306799,0.41932464
d__dgs6mo_dgs6mo__lag040,0.557994,0.396086,0.355371,0.41930818
d__dexjpus_dexjpus__lag081,0.69279,0.296508,0.308709,0.41928846
q__bogz1fa653061105q_mutual_funds_ts_tx__lag002,0.990596,0.081846,0.341325,0.41919163
d__dgs3mo_dgs3mo__lag029,0.561129,0.385957,0.360674,0.41895576
d__dexjpus_dexjpus__lag048,0.69279,0.297894,0.306746,0.41888852
q__bogz1fa263061110q_row_bills_tx__lag004,0.984326,0.250065,0.175467,0.41886222
d__dexjpus_dexjpus__lag080,0.69279,0.297058,0.307193,0.41861918
d__dgs30_dgs30__lag050,0.61442,0.322664,0.358403,0.41846112
d__dgs6mo_dgs6mo__lag041,0.557994,0.395728,0.353967,0.41832536
d__dexjpus_dexjpus__lag046,0.69279,0.297881,0.305801,0.41822517
d__dexjpus_dexjpus__lag047,0.69279,0.297876,0.305762,0.4181944
d__dexjpus_dexjpus__lag040,0.69279,0.302849,0.300689,0.41812499
d__dgs30_dgs30__lag079,0.61442,0.336784,0.34373,0.41812143
d__dexjpus_dexjpus__lag037,0.69279,0.300017,0.303455,0.41807911
d__dgs6mo_dgs6mo__lag042,0.557994,0.395413,0.353698,0.41799942
q__rowcpaq027s_row_commercialpaper_flow__lag005,0.981191,0.190206,0.235659,0.4178552
d__dgs6mo_dgs6mo__lag044,0.557994,0.393762,0.354978,0.41779206
q__bogz1fa663061165q_brokers_dealers_long_ts_tx__lag008,0.971787,0.196968,0.232945,0.41778327
d__dexjpus_dexjpus__lag042,0.69279,0.302555,0.300344,0.41768225
d__dgs6mo_dgs6mo__lag045,0.557994,0.393256,0.354781,0.41739958
d__dgs6mo_dgs6mo__lag043,0.557994,0.393878,0.354039,0.41733311
q__bogz1fr733061103q_holding_companies_ts_reval__lag005,0.981191,0.204166,0.221107,0.41727404
m__ipdcongd_ipdcongd__lag004,0.990596,0.216403,0.204584,0.41702812
d__dexjpus_dexjpus__lag052,0.69279,0.296549,0.305362,0.41699771
d__dexjpus_dexjpus__lag004,0.69279,0.296313,0.305545,0.41696159
d__dgs30_dgs30__lag053,0.61442,0.320487,0.357804,0.41675587
d__dexjpus_dexjpus__lag013,0.69279,0.298718,0.302816,0.416737
d__dgs6mo_dgs6mo__lag046,0.557994,0.392376,0.354442,0.41671987
d__dexjpus_dexjpus__lag049,0.69279,0.29817,0.303261,0.41666518
d__dexjpus_dexjpus__lag051,0.69279,0.296969,0.304404,0.41662562
d__dexjpus_dexjpus__lag039,0.69279,0.30113,0.299992,0.41645139
q__bogz1fl633061110q_mmf_bills_raw__lag001,1.0,0.344006,0.072268,0.416274
q__bogz1fl633061110q_mmf_bills__lag001,1.0,0.344006,0.072268,0.416274
d__dexjpus_dexjpus__lag079,0.69279,0.293636,0.30708,0.41616971
d__dexjpus_dexjpus__lag005,0.69279,0.294984,0.305688,0.41613985
d__dexjpus_dexjpus__lag074,0.69279,0.293514,0.307116,0.41611
d__dexjpus_dexjpus__lag075,0.69279,0.293562,0.307022,0.41607869
d__dgs6mo_dgs6mo__lag047,0.557994,0.391585,0.354015,0.41604005
q__bogz1fl713068703q_fed_dw_a__lag008,0.984326,0.229296,0.193351,0.41602268
d__dexjpus_dexjpus__lag078,0.69279,0.29393,0.306044,0.41565582
d__dexjpus_dexjpus__lag041,0.69279,0.301341,0.298594,0.41562887
d__dgs3mo_dgs3mo__lag030,0.561129,0.385716,0.354932,0.41559886
d__dexjpus_dexjpus__lag038,0.69279,0.299551,0.300271,0.41555056
m__ipbuseq_ipbuseq__lag002,0.99373,0.255745,0.162278,0.41540203
d__dgs6mo_dgs6mo__lag048,0.557994,0.390451,0.353577,0.415163
d__dexjpus_dexjpus__lag076,0.69279,0.292752,0.306344,0.41504778
d__dgs30_dgs30__lag051,0.61442,0.318181,0.357308,0.41503406
d__dexjpus_dexjpus__lag050,0.69279,0.295003,0.303175,0.41441204
d__dgs6mo_dgs6mo__lag049,0.557994,0.389809,0.352752,0.41434398
d__dexjpus_dexjpus__lag008,0.69279,0.30195,0.296115,0.41433365
d__dgs6mo_dgs6mo__lag050,0.557994,0.389385,0.352384,0.41390262
q__bogz1fl633061110q_mmf_bills_raw__lag002,1.0,0.33121,0.082361,0.41357078
q__bogz1fl633061110q_mmf_bills__lag002,1.0,0.33121,0.082361,0.41357078
q__bogz1fr383061105q_dom_nonfin_sector_tsy_reval__lag004,0.984326,0.237798,0.181913,0.41313212
d__dexjpus_dexjpus__lag077,0.69279,0.291112,0.305016,0.41299169
d__dexjpus_dexjpus__lag011,0.69279,0.300585,0.29528,0.41280896
d__dgs6mo_dgs6mo__lag053,0.557994,0.388121,0.351565,0.41273985
d__dgs6mo_dgs6mo__lag052,0.557994,0.387546,0.35129,0.41226629
d__dexjpus_dexjpus__lag010,0.69279,0.299076,0.29598,0.41224846
q__bogz1fl704135005q_usb_loan_l__lag002,1.0,0.158232,0.253808,0.41204005
d__dgs6mo_dgs6mo__lag054,0.557994,0.387377,0.350829,0.41191459
d__dgs6mo_dgs6mo__lag051,0.557994,0.387271,0.350884,0.41188595
d__dgs6mo_dgs6mo__lag057,0.557994,0.387222,0.350471,0.41162795
d__dexjpus_dexjpus__lag012,0.69279,0.299632,0.29439,0.4115326
d__dgs6mo_dgs6mo__lag060,0.557994,0.385989,0.351093,0.41128685
m__usgood_usgood__lag012,1.0,0.244243,0.166996,0.41123914
q__bogz1fr403061105q_gses_ts_reval__lag006,0.978056,0.178834,0.241617,0.41122509
d__dgs6mo_dgs6mo__lag055,0.557994,0.38682,0.350034,0.41116015
m__manemp_manemp__lag012,1.0,0.252368,0.158731,0.41109966
d__dexjpus_dexjpus__lag009,0.69279,0.29876,0.294553,0.41104131
d__dgs6mo_dgs6mo__lag056,0.557994,0.38655,0.350084,0.41103691
d__dexjpus_dexjpus__lag006,0.69279,0.294451,0.298377,0.41070542
d__dgs6mo_dgs6mo__lag059,0.557994,0.384922,0.351069,0.41067847
m__indpro_indpro__lag005,1.0,0.268617,0.14203,0.41064696
d__dgs30_dgs30__lag052,0.61442,0.314997,0.353242,0.41057934
q__bogz1fa633061110q_mmf_bills_tx__lag007,0.974922,0.017086,0.404035,0.41055983
d__dgs6mo_dgs6mo__lag061,0.557994,0.38429,0.351089,0.41033667
q__bogz1fa573061143q_private_db_pension_ts_tx__lag002,0.990596,0.031822,0.382381,0.41030726
d__dexjpus_dexjpus__lag007,0.69279,0.297598,0.294379,0.41011578
q__rowcbaq027s_row_corpbonds_flow__lag003,0.987461,0.223804,0.191445,0.41004244
d__dgs3mo_dgs3mo__lag031,0.557994,0.384318,0.349793,0.40962903
m__manemp_manemp__lag011,1.0,0.250515,0.158962,0.40947722
q__bogz1fl704141005q_usb_stloan_l__lag002,1.0,0.155811,0.25366,0.40947027
q__ib0000043q086sbea_imp_ind_pi__lag002,0.733542,0.354093,0.204012,0.40939381
d__dgs6mo_dgs6mo__lag058,0.557994,0.384606,0.349003,0.40934938
d__dgs3mo_dgs3mo__lag032,0.557994,0.384396,0.349163,0.40932122
d__dgs6mo_dgs6mo__lag062,0.557994,0.382469,0.349891,0.4086523
d__dgs6mo_dgs6mo__lag063,0.557994,0.382526,0.349332,0.40837179
q__bogz1fa743061103q_usb_tsy_dom_tx__lag003,0.987461,0.196632,0.216395,0.40784849
m__ipman_ipman__lag001,0.680251,0.318743,0.28078,0.40782581
q__bogz1lm653061113q_mf_bills_raw__lag005,0.99373,0.123067,0.287303,0.40779794
q__bogz1lm653061113q_mutf_bills__lag005,0.99373,0.123067,0.287303,0.40779794
d__dgs6mo_dgs6mo__lag064,0.557994,0.381815,0.348778,0.4076663
q__bogz1fr663061165q_brokers_dealers_long_ts_reval__lag003,0.987461,0.205852,0.20679,0.40746775
q__bogz1fr513061105q_pc_insurance_ts_reval__lag001,0.99373,0.147182,0.262623,0.40723564
d__dgs3mo_dgs3mo__lag033,0.557994,0.381964,0.347854,0.40723367
m__ipdcongd_ipdcongd__lag005,0.990596,0.227064,0.18398,0.40717873
q__bogz1fa543461113q_li_bills_tx__lag003,0.987461,0.050459,0.361774,0.40706319
d__dgs6mo_dgs6mo__lag073,0.557994,0.377359,0.351355,0.4066179
d__dgs6mo_dgs6mo__lag071,0.557994,0.378189,0.35041,0.40655358
d__dgs6mo_dgs6mo__lag074,0.557994,0.378565,0.349978,0.4065223
d__dgs6mo_dgs6mo__lag065,0.557994,0.380025,0.348502,0.4065137
q__bogz1fl543061175q_life_insurance_ts__lag003,1.0,0.233908,0.172189,0.40609631
d__dgs6mo_dgs6mo__lag066,0.557994,0.37858,0.34919,0.40609113
m__usgood_usgood__lag011,1.0,0.238133,0.167832,0.40596458
m__manemp_manemp__lag010,1.0,0.248521,0.157392,0.40591303
d__dgs6mo_dgs6mo__lag072,0.557994,0.377068,0.350207,0.40581497
d__dgs6mo_dgs6mo__lag075,0.557994,0.377706,0.349562,0.40581078
d__dgs6mo_dgs6mo__lag067,0.557994,0.377491,0.349755,0.40579896
d__dgs6mo_dgs6mo__lag068,0.557994,0.376719,0.349962,0.40548359
d__dgs6mo_dgs6mo__lag078,0.557994,0.378364,0.347514,0.40503498
d__dgs6mo_dgs6mo__lag076,0.557994,0.376515,0.349272,0.40498488
d__dgs6mo_dgs6mo__lag077,0.557994,0.3776,0.348163,0.40497132
m__indpro_indpro__lag006,1.0,0.252847,0.152059,0.40490595
d__dgs6mo_dgs6mo__lag070,0.557994,0.376496,0.348652,0.40462786
q__bogz1fl573061143q_private_db_pension_ts__lag002,1.0,0.231306,0.173253,0.40455917
d__dgs6mo_dgs6mo__lag069,0.557994,0.376262,0.347771,0.40400592
q__bogz1fa403061105q_gses_ts_tx__lag005,0.981191,0.243506,0.168154,0.40391768
d__dgs6mo_dgs6mo__lag080,0.557994,0.377105,0.346664,0.40385842
d__dgs6mo_dgs6mo__lag081,0.557994,0.377652,0.346069,0.40383185
d__dgs6mo_dgs6mo__lag082,0.557994,0.377359,0.346332,0.40381473
m__usgood_usgood__lag010,1.0,0.237117,0.166384,0.40350108
m__indpro_indpro__lag008,1.0,0.294885,0.108023,0.40290803
d__dgs6mo_dgs6mo__lag079,0.557994,0.375889,0.346155,0.40289631
d__dgs6mo_dgs6mo__lag083,0.557994,0.377191,0.344777,0.4028534
d__dgs3mo_dgs3mo__lag034,0.557994,0.380912,0.340695,0.40265233
d__dgs3mo_dgs3mo__lag037,0.557994,0.380786,0.340645,0.40255435
d__dgs6mo_dgs6mo__lag085,0.557994,0.376075,0.344975,0.40234141
d__dgs6mo_dgs6mo__lag090,0.557994,0.377033,0.343944,0.40230058
d__dgs6mo_dgs6mo__lag084,0.557994,0.375376,0.34522,0.40208803
d__dgs6mo_dgs6mo__lag089,0.557994,0.375861,0.344682,0.40205864
d__dgs3mo_dgs3mo__lag038,0.557994,0.38081,0.339642,0.40200754
d__dgs6mo_dgs6mo__lag087,0.557994,0.375173,0.345196,0.40196155
d__dgs3mo_dgs3mo__lag036,0.557994,0.380704,0.339557,0.40190121
d__dgs3mo_dgs3mo__lag039,0.557994,0.381005,0.339097,0.40181216
q__bogz1fa763061100q_usb_tsy_oth_tx__lag004,0.984326,0.292899,0.115136,0.40163929
d__dgs3mo_dgs3mo__lag035,0.557994,0.380782,0.338934,0.40159679
q__ib0000043q086sbea_imp_ind_pi__lag001,0.736677,0.32662,0.218343,0.40146182
q__bogz1fa673061103q_abs_issuers_ts_tx__lag001,0.99373,0.251307,0.15267,0.40144373
q__tgdef_net_gov_sav__lag005,0.978056,0.219837,0.190575,0.40140608
d__dgs6mo_dgs6mo__lag088,0.557994,0.3748,0.344243,0.40122151
d__dgs3mo_dgs3mo__lag040,0.557994,0.380672,0.338155,0.40110091
q__fbtsatq027s_dom_fin_sector_tsy_tx__lag007,0.974922,0.071689,0.339645,0.40101901
q__bogz1fr763061100q_usb_tsy_oth_reval__lag006,0.978056,0.12177,0.287902,0.40068233
d__dgs6mo_dgs6mo__lag086,0.557994,0.374231,0.343812,0.40066316
d__dgs3mo_dgs3mo__lag042,0.557994,0.38059,0.337099,0.40046571
q__bogz1fr713061113q_cb_bills_reval__lag003,0.987461,0.105031,0.30045,0.40039566
d__dgs3mo_dgs3mo__lag043,0.557994,0.379642,0.337395,0.4001019
d__dgs3mo_dgs3mo__lag046,0.557994,0.378793,0.337958,0.39994207
d__dgs3mo_dgs3mo__lag044,0.557994,0.378848,0.337816,0.3998942
d__dgs3mo_dgs3mo__lag041,0.557994,0.379784,0.336669,0.39977649
q__bogz1fr753061103q_usb_tsy_for_reval__lag007,0.974922,0.255851,0.154144,0.39971295
d__dgs3mo_dgs3mo__lag045,0.557994,0.378818,0.337489,0.39969509
d__dgs3mo_dgs3mo__lag047,0.557994,0.377694,0.337416,0.39902731
d__dgs3mo_dgs3mo__lag048,0.557994,0.377433,0.336818,0.39854733
d__dgs3mo_dgs3mo__lag049,0.557994,0.377317,0.336862,0.39850724
q__bogz1fr693061105q_nonmmf_ts_reval__lag007,0.974922,0.239374,0.168547,0.39769082
q__bogz1fr693061105q_nonmmmf_ts_reval__lag007,0.974922,0.239374,0.168547,0.39769082
q__bogz1fa313161305q_gov_nonmarketable_ts_tx__lag004,0.984326,0.156738,0.247132,0.39753996
q__bogz1lm153061105q_hhnp_tsy__lag006,0.990596,0.236974,0.163989,0.39719225
m__fedfunds_fed_funds__lag009,0.893417,0.26424,0.179849,0.39675587
d__dgs3mo_dgs3mo__lag050,0.557994,0.375758,0.33521,0.39671576
q__bogz1fa313161105q_tsy_net_tx__lag001,0.99373,0.268574,0.130444,0.39651611
m__mcumfn_caputil_man__lag006,0.677116,0.34174,0.243421,0.39622213
d__dgs3mo_dgs3mo__lag053,0.557994,0.374133,0.335546,0.39599617
m__awotman_awotman__lag008,0.874608,0.282476,0.170111,0.39583603
d__dgs3mo_dgs3mo__lag052,0.557994,0.373884,0.335404,0.39577856
q__bogz1fl753061103q_usb_tsy_for__lag001,1.0,0.187754,0.20792,0.39567353
q__bogz1fr753061103q_usb_tsy_for_reval__lag008,0.971787,0.215365,0.191565,0.39544907
d__dgs3mo_dgs3mo__lag051,0.557994,0.373685,0.334939,0.39540766
m__usalolitoaastsam_oecd_leading_indicator_us__lag005,0.890282,0.222952,0.220431,0.39473612
q__bogz1fr563061103q_etfs_ts_reval__lag005,0.981191,0.193084,0.209189,0.39470721
d__dgs3mo_dgs3mo__lag054,0.557994,0.372619,0.334279,0.39444461
d__dgs3mo_dgs3mo__lag060,0.557994,0.372363,0.334311,0.39431986
m__hqmcb10yrp_hqm10y__lag002,0.529781,0.333314,0.409554,0.39355754
d__dgs3mo_dgs3mo__lag061,0.557994,0.370922,0.334118,0.39340806
q__bogz1fr653061105q_mutual_funds_ts_reval__lag007,0.974922,0.233396,0.170055,0.39333261
d__dgs3mo_dgs3mo__lag056,0.557994,0.37172,0.333075,0.39327158
m__ipman_ipman__lag002,0.680251,0.343079,0.235044,0.39326891
d__dgs3mo_dgs3mo__lag057,0.557994,0.370854,0.333557,0.39305695
d__dgs3mo_dgs3mo__lag059,0.557994,0.37044,0.333922,0.3930293
d__dgs3mo_dgs3mo__lag055,0.557994,0.371394,0.332911,0.392998
q__bogz1fl713061113q_cb_bills_raw__lag004,0.996865,0.099521,0.294637,0.3929231
q__bogz1fl713061113q_cb_bills__lag004,0.996865,0.099521,0.294637,0.3929231
q__bogz1fr263061145q_row_priv_tsy_reval__lag002,0.990596,0.145513,0.250837,0.39262319
m__mcumfn_caputil_man__lag005,0.677116,0.356888,0.222845,0.39254588
d__dgs3mo_dgs3mo__lag062,0.557994,0.369904,0.333429,0.3924551
q__bogz1fa573061105q_private_pension_ts_tx__lag003,0.987461,0.114292,0.283005,0.39231581
m__ipman_ipman__lag009,0.673981,0.39508,0.186683,0.39209745
d__dgs3mo_dgs3mo__lag058,0.557994,0.369887,0.332486,0.39191993
m__ipman_ipman__lag003,0.680251,0.331696,0.24394,0.39157652
d__dgs3mo_dgs3mo__lag063,0.557994,0.369233,0.332205,0.39139797
q__netfi_netfi__lag001,0.990596,0.121597,0.273492,0.39137348
m__hqmcb10yrp_hqm10y__lag001,0.529781,0.350159,0.388286,0.39121399
d__dgs3mo_dgs3mo__lag071,0.557994,0.366182,0.334896,0.39119707
q__bogz1fa573061143q_private_db_pension_ts_tx__lag008,0.971787,0.169569,0.232869,0.39108363
q__bogz1fr403061105q_gses_ts_reval__lag003,0.987461,0.210292,0.185221,0.39055389
q__bogz1fa343061113q_fed_gov_dcf_retirement_ts_tx__lag005,0.981191,0.035701,0.362302,0.39051708
d__dgs3mo_dgs3mo__lag064,0.557994,0.367646,0.33217,0.39049299
d__dgs3mo_dgs3mo__lag074,0.557994,0.365668,0.333446,0.39010134
d__dgs3mo_dgs3mo__lag073,0.557994,0.364577,0.334448,0.39005176
d__dgs3mo_dgs3mo__lag072,0.557994,0.365061,0.333776,0.38994647
d__dgs3mo_dgs3mo__lag068,0.557994,0.364336,0.334079,0.38971095
q__bogz1fa633061105q_money_market_funds_ts_tx__lag003,0.987461,0.28528,0.109242,0.3895754
d__dgs3mo_dgs3mo__lag075,0.557994,0.364743,0.333385,0.38955101
q__bogz1fr793061105q_dom_fin_sector_tsy_reval__lag006,0.978056,0.112204,0.286049,0.38951398
d__dgs3mo_dgs3mo__lag065,0.557994,0.36577,0.332193,0.38945926
q__bogz1fr103061103q_nfcb_tsy_reval__lag003,0.987461,0.191083,0.202904,0.38904616
d__dgs3mo_dgs3mo__lag077,0.557994,0.366134,0.331067,0.3890339
d__dgs3mo_dgs3mo__lag067,0.557994,0.36391,0.333251,0.38901149
d__dgs3mo_dgs3mo__lag066,0.557994,0.364432,0.332519,0.3888945
q__bogz1fa383061105q_dom_nonfin_sector_tsy_tx__lag002,0.990596,0.097553,0.294917,0.388779
q__bogz1fl704135005q_usb_loan_l__lag008,0.984326,0.20153,0.193379,0.38871938
d__dgs3mo_dgs3mo__lag076,0.557994,0.36383,0.332792,0.3887107
q__ib0000043q086sbea_imp_ind_pi__lag003,0.730408,0.328732,0.20343,0.38869475
q__hnotsbq027s_hhnp_tsy_tx__lag003,0.987461,0.202102,0.191501,0.38866755
d__dgs3mo_dgs3mo__lag070,0.557994,0.363702,0.332697,0.38858668
q__cbi_cbi__lag002,0.987461,0.263526,0.129987,0.38857867
d__dgs3mo_dgs3mo__lag078,0.557994,0.365712,0.329812,0.38809823
d__dgs3mo_dgs3mo__lag069,0.557994,0.363621,0.331557,0.3879047
q__bogz1fl753061103q_usb_tsy_for__lag007,0.987461,0.219275,0.173391,0.38774147
d__dgs3mo_dgs3mo__lag080,0.557994,0.363998,0.329552,0.38699667
d__dgs3mo_dgs3mo__lag082,0.557994,0.364554,0.328365,0.38664438
d__dgs3mo_dgs3mo__lag081,0.557994,0.363976,0.328634,0.38647221
d__dgs3mo_dgs3mo__lag079,0.557994,0.363674,0.328646,0.38631058
q__bogz1fa223061143q_state_local_db_retirement_ts_tx__lag004,0.984326,0.215258,0.175873,0.38500032
q__bogz1fa263061110q_row_bills_tx__lag002,0.990596,0.178747,0.209366,0.38446231
d__dgs3mo_dgs3mo__lag083,0.557994,0.363508,0.325053,0.38421299
q__bogz1fr713061103q_cb_tsy_reval__lag006,0.978056,0.088694,0.303888,0.38396723
d__dgs3mo_dgs3mo__lag084,0.557994,0.362053,0.325943,0.38389756
q__bogz1fa673061103q_abs_issuers_ts_tx__lag004,0.984326,0.144932,0.244781,0.38360447
d__dgs3mo_dgs3mo__lag085,0.557994,0.361534,0.325454,0.38333501
m__ipdcongd_ipdcongd__lag002,0.99373,0.223624,0.161767,0.38297421
q__bogz1fl712051000q_fed_rrp__lag008,0.984326,0.013486,0.375249,0.38264254
q__bogz1fl633061105q_mmf_tsy_raw__lag001,1.0,0.304627,0.077677,0.38230354
q__bogz1fl633061105q_money_market_funds_ts__lag001,1.0,0.304627,0.077677,0.38230354
d__dgs3mo_dgs3mo__lag088,0.557994,0.36023,0.324326,0.38197828
q__bogz1fr263061145q_row_priv_tsy_reval__lag006,0.978056,0.139827,0.250526,0.38178745
q__bogz1fr763061100q_usb_tsy_oth_reval__lag003,0.987461,0.185979,0.200615,0.3817468
d__dgs3mo_dgs3mo__lag087,0.557994,0.359427,0.324607,0.38168658
q__bogz1fr563061103q_etfs_ts_reval__lag007,0.974922,0.24622,0.144926,0.38133634
q__bogz1fl763123005q_tga_usb__lag001,1.0,0.180525,0.200743,0.38126831
d__dgs3mo_dgs3mo__lag086,0.557994,0.358943,0.323853,0.38099577
q__bogz1fa633061105q_money_market_funds_ts_tx__lag005,0.981191,0.215961,0.171597,0.38026808
d__dgs3mo_dgs3mo__lag089,0.557994,0.358908,0.322476,0.38020753
q__bogz1lm343061105q_fed_gov_retirement_ts__lag001,1.0,0.109074,0.271104,0.38017818
q__bogz1lm343061105q_fed_ret_tsy_total__lag001,1.0,0.109074,0.271104,0.38017818
m__awotman_awotman__lag007,0.874608,0.229729,0.204619,0.37988448
d__dgs3mo_dgs3mo__lag090,0.557994,0.358903,0.321786,0.37982002
q__bogz1fr343061113q_fed_gov_dcf_retirement_ts_reval__lag006,0.978056,0.128894,0.259065,0.37944659
q__bogz1fr383061105q_dom_nonfin_sector_tsy_reval__lag003,0.987461,0.190597,0.193589,0.37936805
m__ipman_ipman__lag005,0.677116,0.345091,0.214737,0.37906857
m__recprousm156n_recprob__lag009,0.730408,0.308988,0.209824,0.37894404
q__bogz1fr513061105q_pc_insurance_ts_reval__lag004,0.984326,0.235126,0.149704,0.3787974
q__bogz1fl704141005q_usb_stloan_l__lag008,0.984326,0.197853,0.186544,0.37837162
q__bogz1fl633061105q_mmf_tsy_raw__lag002,1.0,0.291375,0.086948,0.37832354
q__bogz1fl633061105q_money_market_funds_ts__lag002,1.0,0.291375,0.086948,0.37832354
q__bogz1lm153061105q_hhnp_tsy__lag007,0.987461,0.232004,0.150946,0.37814804
m__mcumfn_caputil_man__lag012,0.670846,0.353141,0.210286,0.37797309
m__mcumfn_caputil_man__lag003,0.680251,0.320697,0.234403,0.37760737
m__umcsent_umcsent__lag009,0.912226,0.125444,0.287153,0.37638144
q__bogz1fr223061143q_state_local_db_retirement_ts_reval__lag008,0.971787,0.228238,0.158756,0.37607551
m__mcumfn_caputil_man__lag007,0.673981,0.34968,0.208051,0.37590071
q__bogz1fr223061143q_state_local_db_retirement_ts_reval__lag006,0.978056,0.142625,0.241615,0.37580802
q__bogz1fr653061105q_mutual_funds_ts_reval__lag006,0.978056,0.128178,0.255689,0.37544341
q__bogz1fa383061105q_dom_nonfin_sector_tsy_tx__lag004,0.984326,0.055936,0.325455,0.37541277
q__bogz1fr263061105q_row_bills_reval__lag002,0.990596,0.115966,0.262893,0.37529699
q__bogz1fr263061105q_row_tsy_reval__lag002,0.990596,0.115966,0.262893,0.37529699
q__bogz1fa543061175q_life_insurance_ts_tx__lag001,0.99373,0.105499,0.272133,0.37526411
m__umcsent_umcsent__lag006,0.915361,0.147532,0.262425,0.37525836
m__uempmean_uempmean__lag001,0.981191,0.269224,0.112932,0.37496895
q__bogz1fr593061105q_pension_ts_reval__lag006,0.978056,0.132143,0.250832,0.37457084
q__bogz1fr593061105q_pension_ts_reval__lag008,0.971787,0.219388,0.165983,0.37449841
q__bogz1fr793061105q_dom_fin_sector_tsy_reval__lag007,0.974922,0.216627,0.167283,0.37428239
q__rowtsaq027s_row_tsy_tx__lag005,0.981191,0.150131,0.231295,0.37425148
q__bogz1fa693061105q_nonmmf_ts_tx__lag005,0.981191,0.21877,0.162604,0.37420073
q__bogz1fa693061105q_nonmmmf_ts_tx__lag005,0.981191,0.21877,0.162604,0.37420073
q__bogz1fr213061103q_state_local_gov_ts_reval__lag003,0.987461,0.186753,0.192152,0.37415452
q__bogz1lm153061105q_hhnp_tsy__lag005,0.99373,0.234627,0.141335,0.37360516
q__bogz1fl713061103q_fed_tsy__lag007,0.987461,0.144299,0.233969,0.37352473
q__bogz1fl713061103q_fed_tsy_raw__lag007,0.987461,0.144299,0.233969,0.37352473
q__bogz1fl713061103q_cb_tsy__lag007,0.987461,0.144299,0.233969,0.37352473
q__bogz1fr753061103q_usb_tsy_for_reval__lag006,0.978056,0.178197,0.203596,0.37341503
m__indpro_indpro__lag004,1.0,0.239963,0.133395,0.3733575
q__bogz1fr223061143q_state_local_db_retirement_ts_reval__lag007,0.974922,0.225823,0.156927,0.3731512
q__bogz1fr653061105q_mutual_funds_ts_reval__lag008,0.971787,0.23041,0.152889,0.37248487
q__bogz1fr513061105q_pc_insurance_ts_reval__lag008,0.971787,0.259377,0.123827,0.37239314
m__ipman_ipman__lag008,0.673981,0.371529,0.180236,0.37187946
q__bogz1fr153061105q_hhnp_tsy_reval__lag003,0.987461,0.179198,0.197404,0.37187926
q__bogz1fr593061105q_pension_ts_reval__lag007,0.974922,0.221865,0.159426,0.37172883
m__ipman_ipman__lag006,0.677116,0.321681,0.227214,0.37166561
q__bogz1fl702050005q_usb_ffrrp__lag006,0.990596,0.285228,0.089951,0.3716503
q__bogz1fr573061143q_private_db_pension_ts_reval__lag008,0.971787,0.210665,0.171755,0.37163073
q__bogz1fa513061113q_pci_bills_tx__lag007,0.974922,0.218312,0.162877,0.37162911
m__awotman_awotman__lag005,0.877743,0.216733,0.206392,0.37139516
q__bogz1fr573061143q_private_db_pension_ts_reval__lag006,0.978056,0.128051,0.251616,0.37133588
q__bogz1fl263061130q_row_gov_tsy__lag001,1.0,0.205444,0.165436,0.37088025
q__bogz1lm543061115q_li_bills__lag002,1.0,0.200805,0.16991,0.37071458
m__hqmcb10yrp_hqm10y__lag005,0.526646,0.346001,0.357674,0.37058779
q__bogz1fa693061105q_nonmmf_ts_tx__lag001,0.99373,0.276739,0.09612,0.37052056
q__bogz1fa693061105q_nonmmmf_ts_tx__lag001,0.99373,0.276739,0.09612,0.37052056
m__hqmcb10yrp_hqm10y__lag003,0.529781,0.312455,0.386072,0.37006594
q__bogz1fl633061105q_mmf_tsy_raw__lag003,1.0,0.236159,0.133667,0.36982598
q__bogz1fl633061105q_money_market_funds_ts__lag003,1.0,0.236159,0.133667,0.36982598
q__bogz1fa693061105q_nonmmf_ts_tx__lag002,0.990596,0.055366,0.317806,0.36966293
q__bogz1fa693061105q_nonmmmf_ts_tx__lag002,0.990596,0.055366,0.317806,0.36966293
q__ib0000043q086sbea_imp_ind_pi__lag004,0.727273,0.313253,0.194837,0.36952042
q__bogz1fl702050005q_usb_ffrrp__lag001,1.0,0.171448,0.197514,0.36896179
q__bogz1fr573061105q_private_pension_ts_reval__lag006,0.978056,0.121962,0.255126,0.36881329
q__bogz1fr573061133q_private_dc_pension_ts_reval__lag007,0.974922,0.217091,0.161121,0.36872668
q__bogz1fl343061123q_fed_gov_dcg_retirement_ts__lag001,1.0,0.296644,0.071742,0.36838666
q__bogz1fr573061105q_private_pension_ts_reval__lag008,0.971787,0.209261,0.169789,0.36835585
q__bogz1fr693061105q_nonmmf_ts_reval__lag006,0.978056,0.121187,0.254479,0.36742256
q__bogz1fr693061105q_nonmmmf_ts_reval__lag006,0.978056,0.121187,0.254479,0.36742256
m__mcumfn_caputil_man__lag001,0.680251,0.286432,0.253618,0.36736974
m__hqmcb10yrp_hqm10y__lag004,0.526646,0.330815,0.366202,0.36708081
q__rowceaq027s_row_corpequities_flow__lag002,0.990596,0.217368,0.15305,0.36693488
q__bogz1fl713061103q_fed_tsy__lag008,0.984326,0.13765,0.234988,0.36679745
q__bogz1fl713061103q_fed_tsy_raw__lag008,0.984326,0.13765,0.234988,0.36679745
q__bogz1fl713061103q_cb_tsy__lag008,0.984326,0.13765,0.234988,0.36679745
q__bogz1fr343061105q_fed_gov_retirement_ts_reval__lag006,0.978056,0.125218,0.249662,0.36665384
m__ipbuseq_ipbuseq__lag006,0.990596,0.222265,0.147415,0.36620311
q__bogz1fr573061105q_private_pension_ts_reval__lag007,0.974922,0.216013,0.159327,0.36592714
m__mcumfn_caputil_man__lag002,0.680251,0.321773,0.216107,0.36589291
q__bogz1fr743061103q_usb_tsy_dom_reval__lag007,0.974922,0.207133,0.168015,0.36574002
q__bogz1fr263061105q_row_bills_reval__lag006,0.978056,0.118797,0.254956,0.36555225
q__bogz1fr263061105q_row_tsy_reval__lag006,0.978056,0.118797,0.254956,0.36555225
q__bogz1fa593061105q_pension_ts_tx__lag003,0.987461,0.086333,0.283709,0.36540136
q__bogz1fl313024000q_tres_oper_cash__lag005,0.99373,0.057764,0.309818,0.36527788
q__bogz1fr343061113q_fed_gov_dcf_retirement_ts_reval__lag008,0.971787,0.204213,0.171571,0.36518262
q__bogz1fr343061113q_fed_gov_dcf_retirement_ts_reval__lag007,0.974922,0.209288,0.164898,0.36480215
q__bogz1fr693061105q_nonmmf_ts_reval__lag008,0.971787,0.22194,0.152946,0.36430959
q__bogz1fr693061105q_nonmmmf_ts_reval__lag008,0.971787,0.22194,0.152946,0.36430959
q__bogz1fa223061143q_state_local_db_retirement_ts_tx__lag003,0.987461,0.141949,0.226782,0.36410752
q__bogz1fa653061113q_mutf_bills_tx__lag004,0.984326,0.048959,0.320515,0.36368245
m__baaffm_baaff__lag001,0.899687,0.201347,0.202444,0.3632854
q__ncbtsaq027s_nfcb_tsy_tx__lag002,0.990596,0.171961,0.194323,0.36283978
q__bogz1fl573061143q_private_db_pension_ts__lag003,1.0,0.225883,0.13652,0.36240314
q__bogz1fa573061133q_private_dc_pension_ts_tx__lag003,0.987461,0.200305,0.16608,0.36179025
q__rowcpaq027s_row_commercialpaper_flow__lag006,0.978056,0.144625,0.224415,0.36094228
q__bogz1fr573061143q_private_db_pension_ts_reval__lag007,0.974922,0.213332,0.156629,0.36068345
q__bogz1fr473061105q_credit_unions_ts_reval__lag007,0.974922,0.212822,0.156818,0.36037044
m__mcumfn_caputil_man__lag004,0.677116,0.323631,0.208409,0.36025308
q__bogz1fr213061103q_state_local_gov_ts_reval__lag008,0.971787,0.209012,0.16159,0.36014643
q__bogz1fr573061133q_private_dc_pension_ts_reval__lag006,0.978056,0.111795,0.256373,0.36008997
m__ipman_ipman__lag004,0.677116,0.32294,0.208748,0.36001429
q__bogz1fr563061103q_etfs_ts_reval__lag002,0.990596,0.152327,0.21074,0.35965176
m__permit_permit__lag012,0.821317,0.243064,0.19477,0.35960005
q__bogz1lm543061115q_li_bills__lag003,1.0,0.212377,0.147096,0.35947332
q__bogz1fr573061133q_private_dc_pension_ts_reval__lag008,0.971787,0.204886,0.16485,0.35930383
q__bogz1fa563061103q_etfs_ts_tx__lag001,0.99373,0.143747,0.217533,0.35901418
q__cbi_cbi__lag006,0.974922,0.226442,0.141756,0.35896433
q__bogz1fa213061103q_state_local_gov_ts_tx__lag005,0.981191,0.150564,0.21504,0.35872781
q__bogz1fa313161105q_tsy_net_tx__lag007,0.974922,0.01596,0.351851,0.35858769
q__bogz1fa573061143q_private_db_pension_ts_tx__lag003,0.987461,0.032976,0.329514,0.35794464
q__bogz1fr343061105q_fed_gov_retirement_ts_reval__lag008,0.971787,0.207352,0.160169,0.35715166
q__bogz1fr213061103q_state_local_gov_ts_reval__lag007,0.974922,0.210559,0.155576,0.35695326
q__bogz1fr153061105q_hhnp_tsy_reval__lag008,0.971787,0.195784,0.171314,0.35674072
m__fedfunds_fed_funds__lag010,0.890282,0.22958,0.170984,0.35661566
m__awhman_awhman__lag008,1.0,0.137005,0.219408,0.35641314
q__bogz1fr713061113q_cb_bills_reval__lag002,0.990596,0.243826,0.115862,0.35630468
q__bogz1fr343061105q_fed_gov_retirement_ts_reval__lag007,0.974922,0.207689,0.157305,0.35584047
q__bogz1fa343061165q_fed_gov_db_retirement_ts_tx__lag002,0.990596,0.186367,0.172424,0.35541673
q__bogz1fl713068703q_fed_dw_a__lag006,0.990596,0.219079,0.139587,0.35529292
q__bogz1fa573061105q_private_pension_ts_tx__lag004,0.984326,0.156922,0.203489,0.35476237
q__bogz1fa633061110q_mmf_bills_tx__lag005,0.981191,0.178354,0.183049,0.35460483
q__bogz1fa543061175q_life_insurance_ts_tx__lag007,0.974922,0.124185,0.239313,0.35438234
q__hnotsbq027s_hhnp_tsy_tx__lag004,0.984326,0.076385,0.283482,0.35422607
q__bogz1fa543461113q_li_bills_tx__lag002,0.990596,0.012211,0.345215,0.35406488
q__bogz1fr743061103q_usb_tsy_dom_reval__lag008,0.971787,0.164915,0.199418,0.35405385
q__bogz1fl702050005q_usb_ffrrp__lag008,0.984326,0.295204,0.064464,0.35403055
q__bogz1fr743061103q_usb_tsy_dom_reval__lag006,0.978056,0.116786,0.245074,0.35391907
q__bogz1fl263061130q_row_gov_tsy__lag002,1.0,0.194654,0.158384,0.35303817
q__ncbtsaq027s_nfcb_tsy_tx__lag005,0.981191,0.139983,0.21964,0.35285878
m__awhman_awhman__lag007,1.0,0.087586,0.265192,0.35277788
q__bogz1fl753061103q_usb_tsy_for__lag008,0.984326,0.188341,0.169328,0.35206247
q__bogz1fl713061103q_fed_tsy__lag006,0.990596,0.134935,0.220244,0.35183876
q__bogz1fl713061103q_fed_tsy_raw__lag006,0.990596,0.134935,0.220244,0.35183876
q__bogz1fl713061103q_cb_tsy__lag006,0.990596,0.134935,0.220244,0.35183876
q__bogz1fr343061165q_fed_gov_db_retirement_ts_reval__lag005,0.981191,0.200066,0.158504,0.35182595
m__ipbuseq_ipbuseq__lag009,0.987461,0.254194,0.101326,0.35106144
q__bogz1fa343061113q_fed_gov_dcf_retirement_ts_tx__lag003,0.987461,0.168266,0.187037,0.35084741
q__bogz1lm343061105q_fed_gov_retirement_ts__lag002,1.0,0.127741,0.222816,0.35055689
q__bogz1lm343061105q_fed_ret_tsy_total__lag002,1.0,0.127741,0.222816,0.35055689
q__rowmslq027s_row_muni_flow__lag008,0.971787,0.186249,0.174368,0.35044346
q__bogz1fr733061103q_holding_companies_ts_reval__lag003,0.987461,0.179838,0.175017,0.35040529
q__bogz1fl702050005q_usb_ffrrp__lag007,0.987461,0.3015,0.05335,0.35040066
q__bogz1fa673061103q_abs_issuers_ts_tx__lag003,0.987461,0.255297,0.099399,0.35024828
m__ipbuseq_ipbuseq__lag004,0.990596,0.23395,0.119572,0.35019786
q__bogz1fa543061175q_life_insurance_ts_tx__lag004,0.984326,0.021098,0.333893,0.34942714
m__indpro_indpro__lag007,1.0,0.242496,0.106892,0.34938724
m__mcumfn_caputil_man__lag011,0.670846,0.317485,0.202332,0.34871727
q__bogz1fa673061103q_abs_issuers_ts_tx__lag002,0.990596,0.258558,0.09283,0.34808348
q__rowmfsq027s_row_mutualfundshares_flow__lag008,0.971787,0.195373,0.162453,0.34773095
q__bogz1fa713061113q_cb_bills_tx__lag008,0.971787,0.062732,0.294545,0.34719674
m__houst_houst__lag011,0.833856,0.223947,0.192155,0.34696863
q__bogz1fr573061143q_private_db_pension_ts_reval__lag001,0.99373,0.121159,0.227964,0.34693427
m__awotman_awotman__lag012,0.871473,0.332613,0.065168,0.34665569
d__usepuindxd_policy_uncertainty__lag003,0.517241,0.207549,0.462574,0.34661522
q__bogz1fr383061105q_dom_nonfin_sector_tsy_reval__lag008,0.971787,0.213435,0.143046,0.34642348
q__bogz1fr543061175q_life_insurance_ts_reval__lag001,0.99373,0.027592,0.320818,0.34622541
m__uempmean_uempmean__lag002,0.981191,0.226575,0.126168,0.34610838
q__bogz1fa633061110q_mmf_bills_tx__lag003,0.987461,0.259184,0.090901,0.34569582
q__bogz1fl633061110q_mmf_bills_raw__lag004,0.996865,0.176464,0.170207,0.34558494
q__bogz1fl633061110q_mmf_bills__lag004,0.996865,0.176464,0.170207,0.34558494
m__awotman_awotman__lag006,0.877743,0.23403,0.158996,0.34497605
q__bogz1fa403061105q_gses_ts_tx__lag001,0.99373,0.163233,0.183683,0.34474064
q__bogz1fa753061103q_usb_tsy_for_tx__lag002,0.990596,0.144613,0.203033,0.34437651
q__bogz1fr103061103q_nfcb_tsy_reval__lag007,0.974922,0.204204,0.148799,0.34414975
m__mcumfn_caputil_man__lag010,0.670846,0.328221,0.184622,0.34403875
q__bogz1fr383061105q_dom_nonfin_sector_tsy_reval__lag007,0.974922,0.222929,0.129724,0.34380923
q__bogz1fr663061165q_brokers_dealers_long_ts_reval__lag007,0.974922,0.211641,0.140966,0.34376391
m__civpart_civpart__lag001,0.981191,0.221159,0.12909,0.3436613
m__usalolitoaastsam_oecd_leading_indicator_us__lag004,0.890282,0.193408,0.192247,0.34334163
q__bogz1fl543061175q_life_insurance_ts__lag004,0.996865,0.192817,0.151583,0.34332006
q__bogz1fa653061113q_mutf_bills_tx__lag006,0.978056,0.185848,0.164993,0.34314292
q__bogz1fl673061103q_abs_issuers_ts__lag004,0.996865,0.178355,0.165209,0.34248616
d__usepuindxd_policy_uncertainty__lag010,0.517241,0.237655,0.423849,0.34215765
q__bogz1fa513061113q_pci_bills_tx__lag001,0.99373,0.052946,0.291234,0.34202276
q__bogz1fr713061103q_cb_tsy_reval__lag007,0.974922,0.196934,0.153391,0.34153913
m__ipbuseq_ipbuseq__lag005,0.990596,0.222162,0.122053,0.34097733
q__bogz1fa593061105q_pension_ts_tx__lag008,0.971787,0.084076,0.266569,0.34075194
m__hqmcb10yrp_hqm10y__lag006,0.526646,0.317324,0.329177,0.34047698
q__bogz1fr153061105q_hhnp_tsy_reval__lag004,0.984326,0.199152,0.146398,0.34013337
m__recprousm156n_recprob__lag001,0.739812,0.038501,0.421224,0.34011002
m__houst_houst__lag010,0.833856,0.232797,0.174993,0.34003786
q__bogz1fl712151003q_fed_repo__lag008,0.984326,0.088798,0.256377,0.33976501
q__bogz1fa733061103q_holding_companies_ts_tx__lag003,0.987461,0.156989,0.187051,0.33972635
q__a464rc1q027sbea_nfcb_pbt__lag004,0.981191,0.136241,0.209969,0.33969872
d__wtregen_tga_fed__lag087,0.501567,0.489801,0.187368,0.33964621
q__bogz1lm403061105q_gses_ts__lag004,0.996865,0.224193,0.116512,0.33963691
q__bogz1lm403061105q_gse_tsy__lag004,0.996865,0.224193,0.116512,0.33963691
q__bogz1fa223061143q_state_local_db_retirement_ts_tx__lag002,0.990596,0.066961,0.275655,0.33939443
d__wtregen_tga__lag087,0.501567,0.489801,0.186841,0.33938145
q__rowceaq027s_row_corpequities_flow__lag004,0.984326,0.020629,0.32381,0.33903975
q__bogz1lm343061113q_fed_gov_dcf_retirement_ts__lag001,1.0,0.209165,0.129718,0.3388832
q__bogz1lm343061113q_fed_gov_dc_retirement_ts__lag001,1.0,0.209165,0.129718,0.3388832
q__bogz1lm343061113q_fed_ret_tsy_dc__lag001,1.0,0.209165,0.129718,0.3388832
q__bogz1fl763123005q_tga_usb__lag002,1.0,0.187045,0.151555,0.33859979
q__bogz1fa383061105q_dom_nonfin_sector_tsy_tx__lag003,0.987461,0.224087,0.118623,0.33841261
q__bogz1lm153061105q_hhnp_tsy__lag004,0.996865,0.202487,0.136886,0.33830865
q__bogz1fl704135005q_usb_loan_l__lag007,0.987461,0.192313,0.149689,0.33771408
q__bogz1fr473061105q_credit_unions_ts_reval__lag006,0.978056,0.091549,0.253572,0.33754778
q__bogz1fl313161110q_totalbills_z1__lag001,1.0,0.21927,0.11816,0.33742967
q__fbtsatq027s_dom_fin_sector_tsy_tx__lag008,0.971787,0.120677,0.226102,0.336996
q__bogz1fa543061175q_life_insurance_ts_tx__lag003,0.987461,0.078878,0.262018,0.3366212
q__bogz1fr553061103q_closed_end_funds_ts_reval__lag005,0.981191,0.19316,0.149826,0.33653521
d__wtregen_tga_fed__lag089,0.501567,0.48614,0.184712,0.33647735
d__wtregen_tga__lag089,0.501567,0.48614,0.184168,0.33620433
q__bogz1fa543461113q_li_bills_tx__lag001,0.99373,0.113962,0.224309,0.33615064
q__bogz1fr573061105q_private_pension_ts_reval__lag001,0.99373,0.119908,0.21797,0.33575958
m__ipman_ipman__lag007,0.673981,0.315825,0.18233,0.3357472
q__bogz1fr343061113q_fed_gov_dcf_retirement_ts_reval__lag001,0.99373,0.131188,0.20642,0.33549212
d__wtregen_tga_fed__lag088,0.501567,0.485823,0.182877,0.33539822
d__aaa10y_aaa10y__lag012,0.54232,0.17056,0.447392,0.33512777
d__wtregen_tga__lag088,0.501567,0.485823,0.18233,0.33512406
d__wtregen_tga_fed__lag090,0.501567,0.484982,0.183033,0.33505443
d__aaa10y_aaa10y__lag011,0.54232,0.167488,0.450089,0.33492425
d__wtregen_tga__lag090,0.501567,0.484982,0.182482,0.33477803
q__bogz1fr103061103q_nfcb_tsy_reval__lag008,0.971787,0.196354,0.148011,0.33464916
m__civpart_civpart__lag003,0.981191,0.205881,0.134616,0.33409246
q__a464rc1q027sbea_nfcb_pbt__lag006,0.974922,0.138651,0.203706,0.33377079
q__bogz1lm663061105q_brokers_dealers_ts__lag004,0.996865,0.188806,0.145908,0.33366537
q__bogz1lm343061105q_fed_gov_retirement_ts__lag003,1.0,0.163131,0.170466,0.33359777
q__bogz1lm343061105q_fed_ret_tsy_total__lag003,1.0,0.163131,0.170466,0.33359777
d__wtregen_tga_fed__lag080,0.504702,0.492759,0.167962,0.33346773
m__fedfunds_fed_funds__lag011,0.890282,0.190599,0.183862,0.33337617
q__bogz1fl713123030q_tga__lag005,0.99373,0.039246,0.29608,0.33322329
q__bogz1fl713123030q_tga_z1__lag005,0.99373,0.039246,0.29608,0.33322329
m__recprousm156n_recprob__lag010,0.730408,0.278277,0.177884,0.33318295
d__wtregen_tga__lag080,0.504702,0.492759,0.167387,0.33317708
m__umcsent_umcsent__lag005,0.918495,0.134117,0.228487,0.33305008
d__aaa10y_aaa10y__lag010,0.54232,0.165242,0.44864,0.3329199
q__bogz1lm663061105q_brokers_dealers_ts__lag003,1.0,0.190111,0.142755,0.33286563
m__civpart_civpart__lag002,0.981191,0.210948,0.127854,0.33242959
q__bogz1fa573061143q_private_db_pension_ts_tx__lag004,0.984326,0.118104,0.219437,0.33225012
q__bogz1fr343061105q_fed_gov_retirement_ts_reval__lag001,0.99373,0.121469,0.211775,0.33115438
q__bogz1fr663061165q_brokers_dealers_long_ts_reval__lag008,0.971787,0.197288,0.143171,0.33085399
q__bogz1fa263061130q_row_gov_tsy_tx__lag001,0.99373,0.188206,0.144471,0.33059141
q__bogz1fr713061103q_cb_tsy_reval__lag001,0.99373,0.118573,0.213419,0.32991067
q__rowmslq027s_row_muni_flow__lag007,0.974922,0.112192,0.226012,0.32972158
d__wtregen_tga_fed__lag082,0.504702,0.490625,0.161807,0.32928408
d__wtregen_tga_fed__lag081,0.504702,0.487245,0.164597,0.3289861
d__wtregen_tga__lag082,0.504702,0.490625,0.161207,0.32898116
q__bogz1fl704141005q_usb_stloan_l__lag007,0.987461,0.189317,0.143611,0.32875375
d__wtregen_tga__lag081,0.504702,0.487245,0.164005,0.32868724
d__wtregen_tga_fed__lag086,0.501567,0.485952,0.169232,0.32861919
d__wtregen_tga_fed__lag079,0.504702,0.488727,0.161846,0.32834549
d__wtregen_tga__lag086,0.501567,0.485952,0.168644,0.32832427
m__permit_permit__lag010,0.821317,0.225831,0.173754,0.32818556
d__wtregen_tga__lag079,0.504702,0.488727,0.161256,0.32804763
q__bogz1fr793061105q_dom_fin_sector_tsy_reval__lag001,0.99373,0.115581,0.214499,0.32801078
q__bogz1fr793061105q_dom_fin_sector_tsy_reval__lag008,0.971787,0.188008,0.149417,0.32790564
q__a464rc1q027sbea_nfcb_pbt__lag005,0.978056,0.131468,0.203672,0.32778596
q__rowgseq027s_row_agency_flow__lag004,0.984326,0.19315,0.13957,0.32750492
d__wtregen_tga_fed__lag083,0.504702,0.488455,0.159164,0.32685509
q__bogz1fr263061105q_row_bills_reval__lag008,0.971787,0.204795,0.131235,0.32654963
q__bogz1fr263061105q_row_tsy_reval__lag008,0.971787,0.204795,0.131235,0.32654963
d__wtregen_tga__lag083,0.504702,0.488455,0.158553,0.32654646
q__bogz1fa573061105q_private_pension_ts_tx__lag005,0.981191,0.206483,0.126024,0.32625365
d__wtregen_tga_fed__lag085,0.501567,0.484838,0.165368,0.32612254
m__permit_permit__lag011,0.821317,0.220944,0.175825,0.32587279
d__wtregen_tga__lag085,0.501567,0.484838,0.16477,0.32582233
q__bogz1lm153061105q_hhnp_tsy__lag008,0.984326,0.175101,0.155848,0.32576174
m__awotman_awotman__lag011,0.871473,0.276104,0.097648,0.32571464
q__bogz1fr213061103q_state_local_gov_ts_reval__lag006,0.978056,0.078811,0.254195,0.32569905
d__wtregen_tga_fed__lag084,0.501567,0.487988,0.159559,0.32478806
q__ib0000043q086sbea_imp_ind_pi__lag005,0.724138,0.222078,0.226032,0.32449308
d__wtregen_tga__lag084,0.501567,0.487988,0.158943,0.32447913
d__wtregen_tga_fed__lag070,0.504702,0.483687,0.159184,0.32445853
d__wtregen_tga__lag070,0.504702,0.483687,0.158559,0.32414296
m__houst_houst__lag012,0.833856,0.214361,0.174366,0.32414171
q__bogz1fa713068703q_fed_dw_tx__lag008,0.971787,0.180235,0.153272,0.3240974
d__wtregen_tga_fed__lag078,0.504702,0.479262,0.162487,0.32389221
q__bogz1fl673061103q_abs_issuers_ts__lag003,1.0,0.139586,0.184266,0.32385203
q__bogz1fr103061103q_nfcb_tsy_reval__lag001,0.99373,0.148723,0.176963,0.32364435
d__wtregen_tga__lag078,0.504702,0.479262,0.161904,0.32359788
q__bogz1fl673061103q_abs_issuers_ts__lag005,0.99373,0.198905,0.12673,0.32359312
q__bogz1fa513061105q_pc_insurance_ts_tx__lag007,0.974922,0.210868,0.121041,0.32358483
q__bogz1fr473061105q_credit_unions_ts_reval__lag001,0.99373,0.110593,0.214722,0.323276
q__bogz1fr593061105q_pension_ts_reval__lag001,0.99373,0.109493,0.215717,0.32317061
d__wtregen_tga_fed__lag077,0.504702,0.481184,0.158379,0.32278875
d__wtregen_tga__lag077,0.504702,0.481184,0.157781,0.32248701
m__houst_houst__lag008,0.836991,0.229647,0.155535,0.3223934
m__houst_houst__lag009,0.836991,0.226229,0.158701,0.32218319
m__awotman_awotman__lag004,0.877743,0.160632,0.206403,0.32216198
q__bogz1fa633061105q_money_market_funds_ts_tx__lag008,0.971787,0.014327,0.316981,0.32196103
q__bogz1lm343061113q_fed_gov_dcf_retirement_ts__lag002,1.0,0.212484,0.108662,0.3211461
q__bogz1lm343061113q_fed_gov_dc_retirement_ts__lag002,1.0,0.212484,0.108662,0.3211461
q__bogz1lm343061113q_fed_ret_tsy_dc__lag002,1.0,0.212484,0.108662,0.3211461
q__bogz1fr223061143q_state_local_db_retirement_ts_reval__lag002,0.990596,0.075232,0.248673,0.32085897
q__bogz1fl263061130q_row_gov_tsy__lag003,1.0,0.179118,0.141619,0.32073688
m__hqmcb10yrp_hqm10y__lag007,0.523511,0.297081,0.315518,0.32070245
q__bogz1fr733061103q_holding_companies_ts_reval__lag007,0.974922,0.183069,0.145657,0.32048288
q__bogz1fa573061143q_private_db_pension_ts_tx__lag005,0.981191,0.180134,0.146457,0.32044791
q__bogz1fa313161105q_tsy_net_tx__lag005,0.981191,0.177575,0.148922,0.32035577
q__bogz1fa653061113q_mutf_bills_tx__lag008,0.971787,0.126762,0.202877,0.32033893
m__mtsds133fms_fed_surplus_deficit__lag006,0.567398,0.309229,0.254068,0.31961362
q__a464rc1q027sbea_nfcb_pbt__lag007,0.971787,0.131955,0.196799,0.31947807
q__bogz1fa563061103q_etfs_ts_tx__lag005,0.981191,0.088746,0.23681,0.3194321
m__permit_permit__lag009,0.824451,0.227787,0.159141,0.31900372
q__na000283q_gov_current_exp__lag001,0.990596,0.267332,0.054351,0.31865837
d__wtregen_tga_fed__lag071,0.504702,0.480786,0.150568,0.3186458
m__ipman_ipman__lag012,0.670846,0.279927,0.194924,0.31855236
d__wtregen_tga__lag071,0.504702,0.480786,0.149926,0.31832211
m__indpro_indpro__lag012,1.0,0.198909,0.119116,0.31802498
q__bogz1fr553061103q_closed_end_funds_ts_reval__lag004,0.984326,0.153999,0.168348,0.31729432
q__na000283q_gov_current_exp__lag003,0.984326,0.170711,0.151595,0.3172541
q__bogz1lm653061113q_mf_bills_raw__lag004,0.996865,0.118393,0.199805,0.31720056
q__bogz1lm653061113q_mutf_bills__lag004,0.996865,0.118393,0.199805,0.31720056
q__fgexpnd_fgexpnd__lag001,0.990596,0.266681,0.053353,0.31702367
m__mtsds133fms_fed_surplus_deficit__lag007,0.564263,0.333286,0.228116,0.31677862
q__fgexpnd_fgexpnd__lag003,0.984326,0.172283,0.14952,0.31675912
q__bogz1fa543461113q_li_bills_tx__lag008,0.971787,0.234632,0.090358,0.31582068
m__mich_mich__lag012,0.595611,0.202508,0.327539,0.3157015
q__bogz1fl313161110q_totalbills_z1__lag002,1.0,0.227364,0.088287,0.31565064
q__bogz1fr573061133q_private_dc_pension_ts_reval__lag001,0.99373,0.116291,0.201102,0.31540334
q__bogz1fa593061105q_pension_ts_tx__lag002,0.990596,0.098059,0.219831,0.31490087
d__wtregen_tga_fed__lag076,0.504702,0.473284,0.150572,0.31486181
q__bogz1fr663061165q_brokers_dealers_long_ts_reval__lag001,0.99373,0.103587,0.213085,0.31468636
d__wtregen_tga_fed__lag073,0.504702,0.471723,0.151631,0.31460795
d__wtregen_tga__lag076,0.504702,0.473284,0.149949,0.31454738
q__cbi_cbi__lag007,0.971787,0.016148,0.307429,0.3144473
d__wtregen_tga__lag073,0.504702,0.471723,0.151003,0.31429112
q__bogz1fr753061103q_usb_tsy_for_reval__lag002,0.990596,0.065079,0.252099,0.3141943
q__bogz1lm343061105q_fed_gov_retirement_ts__lag005,0.99373,0.049112,0.267053,0.31418285
q__bogz1lm343061105q_fed_ret_tsy_total__lag005,0.99373,0.049112,0.267053,0.31418285
q__bogz1fr653061105q_mutual_funds_ts_reval__lag001,0.99373,0.123715,0.1921,0.31383537
m__ipbuseq_ipbuseq__lag008,0.987461,0.228867,0.088739,0.31362421
q__bogz1lm653061113q_mf_bills_raw__lag001,1.0,0.127054,0.186465,0.31351972
q__bogz1lm653061113q_mutf_bills__lag001,1.0,0.127054,0.186465,0.31351972
q__bogz1lm543061115q_li_bills__lag006,0.990596,0.132972,0.183444,0.31344059
q__bogz1fa343061165q_fed_gov_db_retirement_ts_tx__lag006,0.978056,0.187607,0.132829,0.31340461
m__uempmean_uempmean__lag004,0.978056,0.189466,0.130655,0.31309647
q__rowceaq027s_row_corpequities_flow__lag005,0.981191,0.143372,0.175676,0.31304692
q__bogz1fa263061145q_row_priv_tsy_tx__lag005,0.981191,0.100267,0.218536,0.31280602
d__wtregen_tga_fed__lag069,0.504702,0.471728,0.147802,0.31267818
d__wtregen_tga_fed__lag074,0.504702,0.469953,0.149409,0.31259344
q__bogz1fr473061105q_credit_unions_ts_reval__lag008,0.971787,0.174013,0.147409,0.31235416
d__wtregen_tga__lag069,0.504702,0.471728,0.147141,0.31234476
q__bogz1fa473061105q_credit_unions_ts_tx__lag006,0.978056,0.02351,0.2958,0.31230309
d__wtregen_tga__lag074,0.504702,0.469953,0.148778,0.31227481
d__wtregen_tga_fed__lag072,0.504702,0.472426,0.145939,0.31209003
d__aaa10y_aaa10y__lag014,0.54232,0.18362,0.391752,0.31203577
d__wtregen_tga__lag072,0.504702,0.472426,0.145288,0.31176176
d__wtregen_tga_fed__lag075,0.504702,0.469197,0.147785,0.31139195
q__bogz1lm553061103q_closed_end_funds_ts__lag006,0.990596,0.18663,0.127527,0.31120218
q__bogz1fa263061110q_row_bills_tx__lag007,0.974922,0.067275,0.251896,0.31116628
d__wtregen_tga__lag075,0.504702,0.469197,0.14715,0.31107191
q__bogz1fa693061105q_nonmmf_ts_tx__lag007,0.974922,0.021521,0.297535,0.31105504
q__bogz1fa693061105q_nonmmmf_ts_tx__lag007,0.974922,0.021521,0.297535,0.31105504
q__bogz1lm573061105q_private_pension_ts__lag001,1.0,0.185158,0.125686,0.31084366
m__umcsent_umcsent__lag008,0.915361,0.103056,0.236301,0.31063396
q__bogz1fr513061105q_pc_insurance_ts_reval__lag003,0.987461,0.140096,0.174439,0.31059061
q__bogz1fr693061105q_nonmmf_ts_reval__lag002,0.990596,0.075338,0.2379,0.31029248
q__bogz1fr693061105q_nonmmmf_ts_reval__lag002,0.990596,0.075338,0.2379,0.31029248
d__t10y2y_t10y2y__lag014,0.626959,0.27136,0.223159,0.3100432
q__bogz1fl673061103q_abs_issuers_ts__lag006,0.990596,0.208049,0.104382,0.30949197
d__t10y2y_t10y2y__lag013,0.626959,0.269035,0.224352,0.30933357
d__usepuindxd_policy_uncertainty__lag004,0.517241,0.254987,0.342604,0.30909833
q__bogz1fr213061103q_state_local_gov_ts_reval__lag001,0.99373,0.103556,0.207412,0.30901789
d__aaa10y_aaa10y__lag009,0.54232,0.168515,0.401257,0.30899857
m__indpro_indpro__lag011,1.0,0.179451,0.129033,0.30848377
m__civpart_civpart__lag004,0.978056,0.197857,0.117276,0.30821737
q__bogz1fa633061105q_money_market_funds_ts_tx__lag006,0.978056,0.103445,0.211662,0.30819223
q__rhvrusq156n_owner_vacancy__lag008,0.855799,0.165272,0.194191,0.3076282
m__awotman_awotman__lag010,0.871473,0.227181,0.125814,0.30762569
q__bogz1fr103061103q_nfcb_tsy_reval__lag006,0.978056,0.09162,0.222755,0.30747628
q__bogz1lm103061103q_nfcb_tsy__lag003,1.0,0.176847,0.129837,0.30668412
d__t10y2y_t10y2y__lag012,0.626959,0.27214,0.216147,0.30613656
q__bogz1fl343061123q_fed_gov_dcg_retirement_ts__lag003,1.0,0.129598,0.17606,0.3056579
m__hqmcb10yrp_hqm10y__lag008,0.523511,0.279766,0.304001,0.30560845
q__bogz1fl573061143q_private_db_pension_ts__lag004,0.996865,0.203749,0.102754,0.30554251
q__bogz1lm663061105q_brokers_dealers_ts__lag007,0.987461,0.156344,0.153056,0.30552011
q__bogz1fl262051003q_row_rrp__lag001,1.0,0.115428,0.189979,0.30540623
q__bogz1lm663061105q_brokers_dealers_ts__lag005,0.99373,0.133792,0.173342,0.30520799
d__aaa10y_aaa10y__lag013,0.54232,0.172358,0.390199,0.3050855
d__t10y2y_t10y2y__lag010,0.626959,0.2719,0.214127,0.30471926
d__t10y2y_t10y2y__lag011,0.626959,0.271908,0.214101,0.30470775
q__bogz1fr763061100q_usb_tsy_oth_reval__lag007,0.974922,0.157165,0.155368,0.30469498
q__bogz1fr153061105q_hhnp_tsy_reval__lag007,0.974922,0.214366,0.09777,0.30430755
m__ipman_ipman__lag011,0.670846,0.250235,0.203328,0.304271
q__bogz1lm153061105q_hhnp_tsy__lag003,1.0,0.17943,0.12439,0.30382036
d__t10y2y_t10y2y__lag015,0.626959,0.268983,0.21556,0.3037885
d__wtregen_tga__lag016,0.504702,0.44804,0.153806,0.30375274
q__bogz1fa563061103q_etfs_ts_tx__lag006,0.978056,0.084192,0.226341,0.30371879
d__vixcls_vixcls__lag011,0.454545,0.198151,0.469636,0.30353969
d__wtregen_tga_fed__lag068,0.504702,0.4611,0.139979,0.30336604
q__bogz1fa343061105q_fed_gov_retirement_ts_tx__lag004,0.984326,0.08731,0.220846,0.30332649
m__umcsent_umcsent__lag007,0.915361,0.061763,0.269523,0.30324673
q__bogz1fr223061143q_state_local_db_retirement_ts_reval__lag001,0.99373,0.095006,0.210074,0.30316713
d__wtregen_tga_fed__lag016,0.504702,0.446299,0.15425,0.3030983
q__bogz1fa653061105q_mutual_funds_ts_tx__lag008,0.971787,0.075854,0.23604,0.3030942
d__wtregen_tga__lag068,0.504702,0.4611,0.139293,0.30301961
d__t10y2y_t10y2y__lag007,0.626959,0.273276,0.209967,0.30297388
q__bogz1fr593061105q_pension_ts_reval__lag002,0.990596,0.062596,0.242958,0.30267998
q__bogz1fl633061105q_mmf_tsy_raw__lag004,0.996865,0.161509,0.141757,0.30231604
q__bogz1fl633061105q_money_market_funds_ts__lag004,0.996865,0.161509,0.141757,0.30231604
d__t10y2y_t10y2y__lag001,0.626959,0.275771,0.2064,0.30230147
d__wtregen_tga_fed__lag067,0.504702,0.458958,0.139781,0.30218509
q__rowmmfq027s_row_moneymarketfundshares_flow__lag008,0.971787,0.112641,0.198281,0.30214998
d__wtregen_tga__lag067,0.504702,0.458958,0.139088,0.30183561
q__bogz1fa693061105q_nonmmf_ts_tx__lag004,0.984326,0.156503,0.150025,0.30172335
q__bogz1fa693061105q_nonmmmf_ts_tx__lag004,0.984326,0.156503,0.150025,0.30172335
q__bogz1fr513061105q_pc_insurance_ts_reval__lag005,0.981191,0.142573,0.164768,0.3015611
q__rowcpaq027s_row_commercialpaper_flow__lag002,0.990596,0.229992,0.073759,0.30089378
d__t10y2y_t10y2y__lag006,0.626959,0.271803,0.208101,0.30088047
d__wtregen_tga__lag017,0.504702,0.444111,0.151845,0.30078019
q__bogz1fr743061103q_usb_tsy_dom_reval__lag001,0.99373,0.092123,0.21042,0.30064687
q__bogz1fr263061105q_row_bills_reval__lag007,0.974922,0.184807,0.123544,0.30061798
q__bogz1fr263061105q_row_tsy_reval__lag007,0.974922,0.184807,0.123544,0.30061798
q__bogz1fr693061105q_nonmmf_ts_reval__lag001,0.99373,0.106996,0.195451,0.30055077
q__bogz1fr693061105q_nonmmmf_ts_reval__lag001,0.99373,0.106996,0.195451,0.30055077
d__t10y2y_t10y2y__lag002,0.626959,0.273474,0.205819,0.3004973
q__bogz1fa343061123q_fed_gov_dcg_retirement_ts_tx__lag004,0.984326,0.11496,0.190298,0.30047271
d__t10y2y_t10y2y__lag009,0.626959,0.273369,0.205585,0.30028423
d__wtregen_tga_fed__lag017,0.504702,0.442399,0.152305,0.30014799
d__wtregen_tga__lag023,0.504702,0.448052,0.146561,0.30010268
q__bogz1fr263061145q_row_priv_tsy_reval__lag008,0.971787,0.194347,0.11445,0.30008509
d__t10y2y_t10y2y__lag008,0.626959,0.273923,0.204682,0.30006626
d__aaa10y_aaa10y__lag008,0.54232,0.17429,0.378943,0.30002882
d__wtregen_tga__lag019,0.504702,0.444907,0.149464,0.2999806
q__bogz1lm553061103q_closed_end_funds_ts__lag007,0.987461,0.180378,0.123247,0.29981721
d__wtregen_tga_fed__lag023,0.504702,0.446368,0.147064,0.29950666
d__wtregen_tga_fed__lag019,0.504702,0.443197,0.149939,0.29935706
d__usepuindxd_policy_uncertainty__lag006,0.517241,0.213976,0.36477,0.29935125
m__fedfunds_fed_funds__lag012,0.890282,0.163382,0.172817,0.29931251
m__houst_houst__lag005,0.840125,0.201129,0.155094,0.29927218
q__rowcpaq027s_row_commercialpaper_flow__lag008,0.971787,0.222261,0.085672,0.29924488
q__bogz1fl713123030q_tga__lag007,0.987461,0.082588,0.220199,0.29899053
q__bogz1fl713123030q_tga_z1__lag007,0.987461,0.082588,0.220199,0.29899053
d__t10y2y_t10y2y__lag003,0.626959,0.272909,0.20388,0.29892706
q__bogz1fr663061165q_brokers_dealers_long_ts_reval__lag006,0.978056,0.087177,0.218177,0.29865274
d__wtregen_tga__lag013,0.504702,0.439623,0.151495,0.29833823
q__bogz1fa473061105q_credit_unions_ts_tx__lag005,0.981191,0.158039,0.146017,0.29833669
d__wtregen_tga__lag018,0.504702,0.440783,0.149982,0.29816007
q__bogz1fr793061105q_dom_fin_sector_tsy_reval__lag002,0.990596,0.073733,0.227205,0.29810804
m__uempmean_uempmean__lag003,0.981191,0.185783,0.118029,0.2980967
q__bogz1lm553061103q_closed_end_funds_ts__lag005,0.99373,0.185245,0.114732,0.29809632
q__bogz1fl543061175q_life_insurance_ts__lag005,0.99373,0.159442,0.140514,0.29807603
d__wtregen_tga__lag024,0.504702,0.444953,0.144922,0.29771129
d__t10y2y_t10y2y__lag017,0.626959,0.268887,0.205937,0.29769502
d__wtregen_tga_fed__lag013,0.504702,0.437878,0.151958,0.29769122
d__wtregen_tga_fed__lag018,0.504702,0.439079,0.150454,0.29753871
q__bogz1fa213061103q_state_local_gov_ts_tx__lag001,0.99373,0.214348,0.084875,0.29734701
d__wtregen_tga_fed__lag024,0.504702,0.443291,0.145442,0.2971348
d__wtregen_tga__lag020,0.504702,0.441533,0.146471,0.29676702
q__bogz1lm663061105q_brokers_dealers_ts__lag006,0.990596,0.167585,0.131992,0.29675906
m__baaffm_baaff__lag002,0.899687,0.200864,0.128906,0.29668936
q__bogz1fa343061113q_fed_gov_dcf_retirement_ts_tx__lag001,0.99373,0.054312,0.244202,0.29664215
q__a464rc1q027sbea_nfcb_pbt__lag003,0.984326,0.096623,0.204491,0.2963948
d__t10y2y_t10y2y__lag004,0.626959,0.270589,0.201956,0.2962666
q__bogz1fr263061130q_row_gov_tsy_reval__lag002,0.990596,0.073849,0.225155,0.29619175
d__wtregen_tga_fed__lag020,0.504702,0.439838,0.146966,0.29616147
q__bogz1fr733061103q_holding_companies_ts_reval__lag001,0.99373,0.101071,0.196787,0.29599028
m__houst_houst__lag007,0.836991,0.195525,0.158075,0.29596052
d__wtregen_tga__lag015,0.504702,0.43698,0.148966,0.29572843
d__t10y2y_t10y2y__lag018,0.626959,0.266239,0.205369,0.29567901
q__rownblq027s_row_nonfinbusinessloans_flow__lag004,0.984326,0.050715,0.249217,0.29523153
d__wtregen_tga__lag014,0.504702,0.436763,0.148092,0.29517732
q__bogz1lm263061110q_row_bills_raw__lag001,1.0,0.220135,0.074966,0.29510092
q__bogz1lm263061110q_row_bills__lag001,1.0,0.220135,0.074966,0.29510092
d__wtregen_tga_fed__lag015,0.504702,0.435225,0.149431,0.2950768
q__bogz1fr733061103q_holding_companies_ts_reval__lag006,0.978056,0.064928,0.236662,0.2949711
d__t10y2y_t10y2y__lag020,0.626959,0.26828,0.202145,0.29493737
q__bogz1fa313161110q_totalbills_z1_tx__lag003,0.987461,0.253921,0.044633,0.29480969
d__wtregen_tga__lag022,0.504702,0.440434,0.143533,0.29472978
q__bogz1fr563061103q_etfs_ts_reval__lag006,0.978056,0.075174,0.226069,0.29463268
d__wtregen_tga_fed__lag014,0.504702,0.435025,0.148569,0.29454091
q__a464rc1q027sbea_nfcb_pbt__lag008,0.968652,0.110247,0.193678,0.29439741
q__bogz1fl763061100q_usb_tsy_oth__lag006,0.990596,0.075879,0.221295,0.29437836
q__bogz1fl713061113q_cb_bills_raw__lag003,1.0,0.038131,0.256244,0.2943749
q__bogz1fl713061113q_cb_bills__lag003,1.0,0.038131,0.256244,0.2943749
q__na000283q_gov_current_exp__lag002,0.987461,0.249462,0.048608,0.29433198
d__t10y2y_t10y2y__lag016,0.626959,0.269143,0.200173,0.29424184
d__wtregen_tga_fed__lag022,0.504702,0.438726,0.144041,0.29412351
q__fgexpnd_fgexpnd__lag002,0.987461,0.24787,0.049701,0.29383916
d__wtregen_tga__lag025,0.504702,0.440032,0.141872,0.29368795
d__wtregen_tga__lag021,0.504702,0.437416,0.144391,0.29363925
q__bogz1fr343061165q_fed_gov_db_retirement_ts_reval__lag002,0.990596,0.078579,0.217772,0.2935634
q__bogz1fa513061105q_pc_insurance_ts_tx__lag003,0.987461,0.107667,0.189596,0.29353467
q__bogz1lm343061105q_fed_gov_retirement_ts__lag004,0.996865,0.119172,0.175068,0.29331764
q__bogz1lm343061105q_fed_ret_tsy_total__lag004,0.996865,0.119172,0.175068,0.29331764
d__wtregen_tga_fed__lag025,0.504702,0.438388,0.142416,0.29313269
d__wtregen_tga_fed__lag021,0.504702,0.435732,0.144896,0.29304406
m__permit_permit__lag008,0.824451,0.204954,0.150446,0.29300954
d__t10y2y_t10y2y__lag005,0.626959,0.267422,0.19967,0.29284772
q__bogz1lm263061110q_row_bills_raw__lag003,1.0,0.20249,0.09016,0.29265078
q__bogz1lm263061110q_row_bills__lag003,1.0,0.20249,0.09016,0.29265078
q__bogz1fr733061103q_holding_companies_ts_reval__lag008,0.971787,0.149994,0.151145,0.29264242
q__bogz1fa573061105q_private_pension_ts_tx__lag008,0.971787,0.156744,0.143906,0.29216733
q__bogz1lm573061105q_private_pension_ts__lag002,1.0,0.183056,0.108952,0.29200794
m__umcsent_umcsent__lag004,0.918495,0.066201,0.25114,0.2914758
d__wtregen_tga__lag030,0.504702,0.43529,0.142056,0.29138798
d__wtregen_tga__lag026,0.504702,0.440169,0.137148,0.29137303
m__baaffm_baaff__lag003,0.899687,0.197206,0.12661,0.29133356
m__umcsent_umcsent__lag010,0.912226,0.020267,0.299009,0.29125192
q__rowmmfq027s_row_moneymarketfundshares_flow__lag007,0.974922,0.091011,0.207726,0.29124529
q__rowmmfq027s_row_moneymarketfundshares_flow__lag002,0.990596,0.140428,0.153572,0.29123456
q__bogz1fa263061130q_row_gov_tsy_tx__lag005,0.981191,0.098838,0.197964,0.29121898
d__wtregen_tga_fed__lag030,0.504702,0.433702,0.142624,0.29087287
q__bopbca_bopbca__lag005,0.815047,0.156992,0.199853,0.29084573
d__wtregen_tga_fed__lag026,0.504702,0.438537,0.137722,0.29083911
q__bogz1lm263061110q_row_bills_raw__lag002,1.0,0.227372,0.063299,0.29067134
q__bogz1lm263061110q_row_bills__lag002,1.0,0.227372,0.063299,0.29067134
q__bogz1fr343061165q_fed_gov_db_retirement_ts_reval__lag004,0.984326,0.126984,0.168273,0.29062882
d__wtregen_tga__lag012,0.504702,0.432244,0.143534,0.29059665
m__civpart_civpart__lag005,0.978056,0.183789,0.113227,0.2904986
d__t10y2y_t10y2y__lag019,0.626959,0.263367,0.199827,0.29040428
d__vixcls_vixcls__lag014,0.454545,0.164537,0.4741,0.29028961
d__wtregen_tga__lag031,0.504702,0.433757,0.141364,0.29026475
q__bogz1fr743061103q_usb_tsy_dom_reval__lag002,0.990596,0.077143,0.215623,0.29001308
d__wtregen_tga_fed__lag012,0.504702,0.430543,0.144056,0.29000091
q__bogz1fr653061105q_mutual_funds_ts_reval__lag002,0.990596,0.054473,0.238251,0.28997138
d__wtregen_tga_fed__lag031,0.504702,0.432174,0.141935,0.28975385
q__bogz1fa263061110q_row_bills_tx__lag008,0.971787,0.177001,0.120962,0.28955644
q__bogz1fa663061165q_brokers_dealers_long_ts_tx__lag001,0.99373,0.139677,0.151681,0.28953195
q__bogz1fa563061103q_etfs_ts_tx__lag003,0.987461,0.112107,0.180957,0.28938975
q__fgdef_fgdef__lag005,0.978056,0.159883,0.135877,0.28927026
d__wtregen_tga__lag038,0.504702,0.433007,0.139327,0.28885814
q__bogz1fa223061143q_state_local_db_retirement_ts_tx__lag008,0.971787,0.041181,0.256061,0.2888558
d__wtregen_tga__lag034,0.504702,0.429336,0.142694,0.28870453
d__aaa10y_aaa10y__lag007,0.54232,0.175157,0.357164,0.28868815
q__bogz1lm653061113q_mf_bills_raw__lag002,1.0,0.107102,0.181549,0.28865057
q__bogz1lm653061113q_mutf_bills__lag002,1.0,0.107102,0.181549,0.28865057
d__wtregen_tga__lag033,0.504702,0.429403,0.142486,0.28863377
d__vixcls_vixcls__lag016,0.454545,0.130885,0.504051,0.28860718
m__ipbuseq_ipbuseq__lag007,0.987461,0.191314,0.100751,0.28840256
d__wtregen_tga_fed__lag038,0.504702,0.431454,0.139925,0.28837593
d__wtregen_tga_fed__lag066,0.504702,0.444513,0.126799,0.28834223
d__wtregen_tga_fed__lag034,0.504702,0.427754,0.143262,0.28819318
q__bogz1fa473061105q_credit_unions_ts_tx__lag007,0.974922,0.122735,0.17287,0.28819241
q__bogz1lm213061103q_state_local_gov_ts__lag005,0.99373,0.080063,0.209886,0.28813044
d__wtregen_tga_fed__lag033,0.504702,0.42782,0.143054,0.28812168
d__wtregen_tga__lag066,0.504702,0.444513,0.126067,0.28797283
q__bogz1fl713061103q_fed_tsy__lag005,0.99373,0.089674,0.200077,0.28793426
q__bogz1fl713061103q_fed_tsy_raw__lag005,0.99373,0.089674,0.200077,0.28793426
q__bogz1fl713061103q_cb_tsy__lag005,0.99373,0.089674,0.200077,0.28793426
q__bogz1fr763061100q_usb_tsy_oth_reval__lag008,0.971787,0.15557,0.140279,0.28750215
d__vixcls_vixcls__lag013,0.454545,0.16788,0.463946,0.28719371
d__wtregen_tga__lag037,0.504702,0.429898,0.139025,0.28713668
q__bogz1fl763061100q_usb_tsy_oth__lag007,0.987461,0.064908,0.225868,0.28712949
q__bogz1fr263061130q_row_gov_tsy_reval__lag006,0.978056,0.081812,0.211703,0.28707337
d__wtregen_tga__lag029,0.504702,0.429238,0.139487,0.28703697
d__t10y2y_t10y2y__lag021,0.626959,0.264166,0.19347,0.28691937
m__mtsds133fms_fed_surplus_deficit__lag011,0.561129,0.336269,0.174634,0.28668225
d__wtregen_tga_fed__lag037,0.504702,0.428326,0.139617,0.28664237
d__wtregen_tga_fed__lag029,0.504702,0.427632,0.140063,0.28651706
d__aaa10y_aaa10y__lag015,0.54232,0.18826,0.33978,0.2863665
d__wtregen_tga__lag032,0.504702,0.427636,0.139545,0.28625756
m__civpart_civpart__lag007,0.974922,0.178876,0.114726,0.28623875
d__wtregen_tga__lag027,0.504702,0.435327,0.131211,0.28593295
d__wtregen_tga_fed__lag032,0.504702,0.426063,0.140128,0.28575765
q__bogz1fr713061113q_cb_bills_reval__lag008,0.971787,0.014737,0.2792,0.28564408
q__bogz1fa213061103q_state_local_gov_ts_tx__lag006,0.978056,0.095958,0.195981,0.28553328
q__rowmmfq027s_row_moneymarketfundshares_flow__lag001,0.99373,0.188377,0.098919,0.28549519
d__wtregen_tga_fed__lag027,0.504702,0.433718,0.13182,0.28542854
q__bogz1fa663061165q_brokers_dealers_long_ts_tx__lag004,0.984326,0.135339,0.154544,0.28534004
d__aaa10y_aaa10y__lag016,0.54232,0.204776,0.321158,0.2852247
d__wtregen_tga__lag035,0.504702,0.424716,0.140405,0.28521757
q__bogz1lm543061115q_li_bills__lag005,0.99373,0.157302,0.129459,0.28496331
q__bogz1fr573061143q_private_db_pension_ts_reval__lag002,0.990596,0.045083,0.242547,0.28492549
q__bogz1fr563061103q_etfs_ts_reval__lag008,0.971787,0.153837,0.139217,0.28478616
d__wtregen_tga_fed__lag035,0.504702,0.423156,0.140987,0.28472447
q__bogz1lm213061103q_state_local_gov_ts__lag007,0.987461,0.072071,0.21609,0.28454849
d__t10y2y_t10y2y__lag028,0.626959,0.261408,0.192162,0.28437011
d__wtregen_tga__lag006,0.504702,0.422511,0.140894,0.28435192
d__wtregen_tga__lag039,0.504702,0.427282,0.136059,0.28431947
q__bogz1fl263061130q_row_gov_tsy__lag004,0.996865,0.160416,0.124632,0.28415463
d__t10y2y_t10y2y__lag027,0.626959,0.26039,0.192776,0.28411664
q__bogz1fr573061105q_private_pension_ts_reval__lag002,0.990596,0.051313,0.235367,0.28398402
d__wtregen_tga_fed__lag039,0.504702,0.425743,0.136677,0.28385472
q__bogz1fr263061105q_row_bills_reval__lag001,0.99373,0.053079,0.232338,0.28362818
q__bogz1fr263061105q_row_tsy_reval__lag001,0.99373,0.053079,0.232338,0.28362818
d__wtregen_tga__lag007,0.504702,0.422675,0.139163,0.28356068
d__wtregen_tga_fed__lag006,0.504702,0.420944,0.14045,0.28333685
d__wtregen_tga__lag036,0.504702,0.42459,0.136791,0.28333026
q__bogz1fl673061103q_abs_issuers_ts__lag002,1.0,0.099147,0.184031,0.28317778
q__bogz1fr713061103q_cb_tsy_reval__lag002,0.990596,0.072689,0.213166,0.28316622
q__bogz1fl763123005q_tga_usb__lag004,0.996865,0.086994,0.196762,0.28286649
d__wtregen_tga_fed__lag036,0.504702,0.423001,0.137388,0.28282932
q__bogz1fa633061110q_mmf_bills_tx__lag008,0.971787,0.000426,0.290575,0.28279081
d__wtregen_tga_fed__lag052,0.504702,0.430229,0.130007,0.2827525
q__bogz1lm553061103q_closed_end_funds_ts__lag004,0.996865,0.198656,0.084975,0.28274148
d__t10y2y_t10y2y__lag025,0.626959,0.261756,0.189203,0.2827328
m__awhman_awhman__lag005,1.0,0.065509,0.217153,0.28266112
d__wtregen_tga__lag008,0.504702,0.419984,0.13985,0.28254947
q__bogz1fa403061105q_gses_ts_tx__lag008,0.971787,0.03086,0.259888,0.28254457
d__wtregen_tga_fed__lag007,0.504702,0.421102,0.138722,0.28254436
q__bogz1lm543061115q_li_bills__lag007,0.987461,0.145382,0.140746,0.28253995
d__wtregen_tga__lag040,0.504702,0.425371,0.133993,0.2823121
d__aaa10y_aaa10y__lag017,0.54232,0.205333,0.315174,0.28228103
d__wtregen_tga__lag052,0.504702,0.430229,0.128967,0.28222728
m__civpart_civpart__lag006,0.978056,0.19482,0.093662,0.2821514
d__wtregen_tga_fed__lag008,0.504702,0.418392,0.140649,0.28214921
q__bogz1fa313161110q_totalbills_z1_tx__lag005,0.981191,0.150979,0.136502,0.28207395
m__permit_permit__lag007,0.824451,0.188573,0.153495,0.28201845
q__bogz1fr263061130q_row_gov_tsy_reval__lag008,0.971787,0.171962,0.118241,0.28201552
d__wtregen_tga__lag011,0.504702,0.426861,0.131733,0.28192381
d__wtregen_tga_fed__lag040,0.504702,0.423839,0.134622,0.28185652
q__bogz1fl673061103q_abs_issuers_ts__lag007,0.987461,0.208339,0.077033,0.28179371
d__t10y2y_t10y2y__lag024,0.626959,0.259702,0.189651,0.28172554
d__wtregen_tga__lag005,0.504702,0.420024,0.13792,0.28159565
q__bogz1fr343061105q_fed_gov_retirement_ts_reval__lag002,0.990596,0.055734,0.228235,0.28129848
q__bogz1fa473061105q_credit_unions_ts_tx__lag008,0.971787,0.128676,0.160465,0.28098308
d__wtregen_tga_fed__lag011,0.504702,0.425201,0.131262,0.28084807
d__wtregen_tga_fed__lag005,0.504702,0.418469,0.137496,0.28059676
d__aaa10y_aaa10y__lag020,0.54232,0.209718,0.307572,0.28053668
d__wtregen_tga__lag045,0.504702,0.427949,0.127824,0.28049948
d__wtregen_tga__lag028,0.504702,0.427367,0.127756,0.28017185
d__wtregen_tga_fed__lag045,0.504702,0.426507,0.12851,0.28011833
d__wtregen_tga_fed__lag051,0.504702,0.427597,0.12728,0.28004771
d__vixcls_vixcls__lag012,0.454545,0.165467,0.450393,0.27993623
q__bogz1fa693061105q_nonmmf_ts_tx__lag008,0.971787,0.043469,0.244465,0.27981026
q__bogz1fa693061105q_nonmmmf_ts_tx__lag008,0.971787,0.043469,0.244465,0.27981026
d__t10y2y_t10y2y__lag022,0.626959,0.258809,0.18743,0.27977333
d__wtregen_tga_fed__lag028,0.504702,0.425793,0.128388,0.27969628
d__aaa10y_aaa10y__lag019,0.54232,0.205488,0.310171,0.27965209
q__bogz1fa633061110q_mmf_bills_tx__lag006,0.978056,0.072162,0.213754,0.27964145
q__bogz1fr753061103q_usb_tsy_for_reval__lag001,0.99373,0.095214,0.186179,0.27962877
q__bogz1lm343061113q_fed_gov_dcf_retirement_ts__lag003,1.0,0.184768,0.094764,0.27953208
q__bogz1lm343061113q_fed_gov_dc_retirement_ts__lag003,1.0,0.184768,0.094764,0.27953208
q__bogz1lm343061113q_fed_ret_tsy_dc__lag003,1.0,0.184768,0.094764,0.27953208
d__wtregen_tga__lag051,0.504702,0.427597,0.126231,0.27951791
d__wtregen_tga__lag004,0.504702,0.416803,0.136559,0.27928308
q__rhvrusq156n_owner_vacancy__lag007,0.858934,0.134375,0.190279,0.27885604
d__t10y2y_t10y2y__lag026,0.626959,0.257828,0.186878,0.2788126
d__aaa10y_aaa10y__lag018,0.54232,0.202349,0.311554,0.27869976
m__usalolitoaastsam_oecd_leading_indicator_us__lag003,0.893417,0.165583,0.14631,0.27865027
d__wtregen_tga_fed__lag004,0.504702,0.415257,0.136143,0.27829263
q__bogz1fr573061133q_private_dc_pension_ts_reval__lag002,0.990596,0.058898,0.221932,0.27818826
q__bogz1fa313161110q_totalbills_z1_tx__lag006,0.978056,0.070661,0.213605,0.27802736
d__wtregen_tga__lag041,0.504702,0.4209,0.129374,0.27772473
m__hqmcb10yrp_hqm10y__lag009,0.523511,0.25242,0.278037,0.27769998
q__bogz1fl503061123q_ccps_ts__lag004,0.996865,0.137487,0.140987,0.27760148
q__bogz1lm213061103q_state_local_gov_ts__lag006,0.990596,0.076946,0.203089,0.27740117
d__wtregen_tga_fed__lag041,0.504702,0.419395,0.130032,0.27729702
q__bogz1lm103061103q_nfcb_tsy__lag002,1.0,0.118266,0.158644,0.2769099
m__houst_houst__lag006,0.840125,0.177087,0.152487,0.2768835
d__wtregen_tga__lag001,0.504702,0.407559,0.14097,0.27684382
m__awhman_awhman__lag006,1.0,0.085544,0.191254,0.27679812
d__wtregen_tga__lag046,0.504702,0.423396,0.124747,0.27664943
d__wtregen_tga_fed__lag001,0.504702,0.406017,0.141782,0.27647514
d__wtregen_tga_fed__lag046,0.504702,0.421964,0.12545,0.2762812
q__bogz1fa513061105q_pc_insurance_ts_tx__lag002,0.990596,0.055064,0.223785,0.27622662
q__bogz1fl763061100q_usb_tsy_oth__lag008,0.984326,0.058388,0.222216,0.27620634
d__wtregen_tga__lag044,0.504702,0.422904,0.124323,0.27618693
d__wtregen_tga__lag049,0.504702,0.422549,0.124542,0.27611791
q__bopbca_bopbca__lag001,0.827586,0.201313,0.1322,0.2760113
q__bogz1fl702150005q_usb_ffrepo__lag001,1.0,0.080559,0.19543,0.27598912
d__wtregen_tga__lag003,0.504702,0.413631,0.133126,0.27594942
d__wtregen_tga__lag002,0.504702,0.408636,0.137935,0.27585587
d__wtregen_tga_fed__lag044,0.504702,0.421444,0.125017,0.27579999
d__wtregen_tga_fed__lag049,0.504702,0.421122,0.125252,0.27575624
d__t10y2y_t10y2y__lag029,0.626959,0.255331,0.184453,0.27572652
d__wtregen_tga_fed__lag050,0.504702,0.422258,0.124027,0.27571108
q__bogz1fl763123005q_tga_usb__lag003,1.0,0.170292,0.105307,0.27559991
d__wtregen_tga_fed__lag002,0.504702,0.407098,0.138762,0.27549683
d__wtregen_tga__lag050,0.504702,0.422258,0.122964,0.27517461
m__uempmean_uempmean__lag005,0.978056,0.146193,0.135138,0.27515722
d__wtregen_tga__lag009,0.504702,0.419713,0.125413,0.27512632
d__wtregen_tga__lag048,0.504702,0.422035,0.123036,0.27509863
d__wtregen_tga_fed__lag003,0.504702,0.412094,0.13273,0.2749738
q__bogz1fa743061103q_usb_tsy_dom_tx__lag006,0.978056,0.084663,0.196442,0.27493709
d__wtregen_tga__lag047,0.504702,0.421755,0.122875,0.27487594
q__bogz1fl262051003q_row_rrp__lag002,1.0,0.098128,0.176672,0.27480081
d__vixcls_vixcls__lag015,0.454545,0.137609,0.466914,0.27478327
d__wtregen_tga__lag010,0.504702,0.414299,0.130133,0.27477622
d__wtregen_tga_fed__lag048,0.504702,0.420614,0.123752,0.27474266
d__wtregen_tga_fed__lag063,0.504702,0.42481,0.119163,0.27454424
d__wtregen_tga_fed__lag047,0.504702,0.420327,0.123588,0.27451485
m__baaffm_baaff__lag004,0.896552,0.174182,0.131922,0.27443768
m__mich_mich__lag010,0.595611,0.213181,0.247493,0.27438228
q__bogz1lm903061103q_instrument_discrepancies_ts__lag006,0.990596,0.073511,0.203376,0.27428354
d__wtregen_tga_fed__lag053,0.504702,0.420139,0.123054,0.2741507
q__bogz1fl543061165q_life_insurance_ts__lag002,1.0,0.147963,0.126183,0.2741459
d__wtregen_tga_fed__lag009,0.504702,0.418136,0.125023,0.27413363
m__awotman_awotman__lag003,0.880878,0.177218,0.133987,0.27413322
d__wtregen_tga__lag042,0.504702,0.415997,0.126943,0.27402302
d__wtregen_tga__lag063,0.504702,0.42481,0.118086,0.27400069
q__bogz1lm103061103q_nfcb_tsy__lag004,0.996865,0.180772,0.093931,0.2738422
d__t10y2y_t10y2y__lag030,0.626959,0.254586,0.18213,0.27380268
d__wtregen_tga_fed__lag010,0.504702,0.412681,0.129689,0.27373541
q__bogz1fr213061103q_state_local_gov_ts_reval__lag002,0.990596,0.07471,0.201602,0.27371318
d__wtregen_tga_fed__lag042,0.504702,0.414517,0.127617,0.27361611
d__wtregen_tga__lag053,0.504702,0.420139,0.121991,0.273614
q__bogz1fa563061103q_etfs_ts_tx__lag002,0.990596,0.109822,0.166348,0.273573
d__vixcls_vixcls__lag003,0.454545,0.161768,0.439825,0.27345125
q__bogz1fr473061105q_credit_unions_ts_reval__lag002,0.990596,0.072522,0.203449,0.27337588
d__ldgust_tga_fed_alt__lag013,1.0,0.169614,0.103757,0.27337097
d__aaa10y_aaa10y__lag006,0.54232,0.175463,0.328501,0.27330968
q__bogz1lm543061115q_li_bills__lag004,0.996865,0.151515,0.12261,0.27326534
d__vixcls_vixcls__lag020,0.454545,0.134211,0.466952,0.27325628
d__wtregen_tga__lag043,0.504702,0.418429,0.122371,0.27294287
q__bogz1fa653061105q_mutual_funds_ts_tx__lag004,0.984326,0.135838,0.141395,0.27288784
q__bogz1fa223061143q_state_local_db_retirement_ts_tx__lag006,0.978056,0.052184,0.226737,0.27280046
q__bogz1fr663061165q_brokers_dealers_long_ts_reval__lag002,0.990596,0.060045,0.215186,0.2726421
d__vixcls_vixcls__lag010,0.454545,0.158713,0.44092,0.27256082
d__wtregen_tga_fed__lag043,0.504702,0.416952,0.123069,0.27254998
q__bogz1fr713061103q_cb_tsy_reval__lag008,0.971787,0.149884,0.130439,0.272414
q__rowcbaq027s_row_corpbonds_flow__lag002,0.990596,0.119695,0.155287,0.27239622
d__wtregen_tga_fed__lag060,0.504702,0.422162,0.117262,0.27224867
q__bogz1fl543061165q_life_insurance_ts__lag001,1.0,0.15583,0.116353,0.27218222
m__mtso133fms_fedgov_out__lag009,0.564263,0.378134,0.104121,0.27211914
m__mtso133fms_fedgov_out__lag012,0.561129,0.236954,0.247969,0.27210436
m__mich_mich__lag009,0.598746,0.199599,0.254804,0.27207189
d__wtregen_tga_fed__lag062,0.504702,0.422449,0.116383,0.27194974
d__wtregen_tga_fed__lag065,0.504702,0.427359,0.111307,0.27186573
m__civpart_civpart__lag009,0.974922,0.184894,0.093817,0.27172102
d__wtregen_tga__lag060,0.504702,0.422162,0.116181,0.27170303
q__bogz1fa653061105q_mutual_funds_ts_tx__lag007,0.974922,0.001653,0.276994,0.27165896
d__wtregen_tga__lag062,0.504702,0.422449,0.115303,0.27140444
q__bogz1fa663061165q_brokers_dealers_long_ts_tx__lag002,0.990596,0.002058,0.271915,0.2713969
d__wtregen_tga_fed__lag059,0.504702,0.421064,0.116671,0.27139594
q__rowmfsq027s_row_mutualfundshares_flow__lag003,0.987461,0.082199,0.192623,0.27137575
m__ipbuseq_ipbuseq__lag012,0.984326,0.149665,0.126006,0.27135081
d__wtregen_tga_fed__lag061,0.504702,0.421658,0.115921,0.27131738
d__wtregen_tga__lag065,0.504702,0.427359,0.110216,0.27131482
q__rownblq027s_row_nonfinbusinessloans_flow__lag007,0.974922,0.031488,0.246732,0.27124354
q__bogz1fr263061145q_row_priv_tsy_reval__lag007,0.974922,0.149966,0.127938,0.27093434
m__awotman_awotman__lag002,0.880878,0.132662,0.17484,0.27087184
d__wtregen_tga__lag059,0.504702,0.421064,0.115589,0.27084969
q__bogz1fa263061130q_row_gov_tsy_tx__lag008,0.971787,0.060976,0.217684,0.27079727
d__wtregen_tga__lag061,0.504702,0.421658,0.114839,0.2707711
d__t10y2y_t10y2y__lag031,0.623824,0.254329,0.1795,0.27063291
d__t10y2y_t10y2y__lag023,0.626959,0.254419,0.177079,0.27053188
m__ipman_ipman__lag010,0.670846,0.266234,0.13699,0.27050113
d__wtregen_tga_fed__lag064,0.504702,0.425526,0.110082,0.27032256
d__aaa10y_aaa10y__lag005,0.54232,0.171133,0.326895,0.27009068
q__bogz1fr263061130q_row_gov_tsy_reval__lag007,0.974922,0.174514,0.102445,0.27001387
q__w006rc1q027sbea_gov_tax_receipts__lag004,0.981191,0.100174,0.175002,0.27000062
d__wtregen_tga__lag064,0.504702,0.425526,0.108985,0.26976926
q__bogz1lm263061110q_row_bills_raw__lag004,0.996865,0.165177,0.104909,0.26923988
q__bogz1lm263061110q_row_bills__lag004,0.996865,0.165177,0.104909,0.26923988
d__vixcls_vixcls__lag002,0.454545,0.173643,0.418601,0.26920165
q__bogz1fl704135005q_usb_loan_l__lag006,0.990596,0.167618,0.104107,0.2691693
m__indpro_indpro__lag010,1.0,0.197901,0.071215,0.26911562
q__bogz1lm653061113q_mf_bills_raw__lag003,1.0,0.100671,0.16842,0.26909153
q__bogz1lm653061113q_mutf_bills__lag003,1.0,0.100671,0.16842,0.26909153
q__bogz1fl593061105q_pension_ts__lag001,1.0,0.143961,0.124905,0.26886552
d__aaa10y_aaa10y__lag004,0.54232,0.170544,0.324849,0.26866131
q__bogz1fr343061113q_fed_gov_dcf_retirement_ts_reval__lag002,0.990596,0.049498,0.221709,0.26865703
m__civpart_civpart__lag008,0.974922,0.177788,0.097716,0.26859477
q__bogz1fa743061103q_usb_tsy_dom_tx__lag004,0.984326,0.04336,0.22946,0.26854378
q__bogz1fl313161110q_totalbills_z1__lag003,1.0,0.182634,0.085808,0.26844208
q__bogz1fa593061105q_pension_ts_tx__lag004,0.984326,0.133108,0.139479,0.26831485
q__tgdef_net_gov_sav__lag006,0.974922,0.092415,0.182797,0.2683103
d__t10y2y_t10y2y__lag032,0.623824,0.250671,0.179342,0.26825279
d__usepuindxd_policy_uncertainty__lag011,0.517241,0.165328,0.353274,0.26824254
q__b093rc1q027sbea_gov_int_row__lag008,0.968652,0.19777,0.078914,0.26801068
q__bogz1fr383061105q_dom_nonfin_sector_tsy_reval__lag006,0.978056,0.066622,0.20739,0.2679989
d__ldgust_tga_fed_alt__lag014,1.0,0.1615,0.106462,0.26796105
d__wtregen_tga_fed__lag054,0.504702,0.415321,0.115096,0.26770229
q__bogz1fl313024000q_tres_oper_cash__lag007,0.987461,0.051896,0.21918,0.26767674
q__bogz1lm663061105q_brokers_dealers_ts__lag002,1.0,0.165739,0.101468,0.26720666
d__wtregen_tga__lag054,0.504702,0.415321,0.114008,0.26715363
d__ldgust_tga_fed_alt__lag012,1.0,0.168367,0.098755,0.26712163
q__bogz1lm553061103q_closed_end_funds_ts__lag008,0.984326,0.177087,0.094233,0.2670678
q__rowmfsq027s_row_mutualfundshares_flow__lag001,0.99373,0.076666,0.192065,0.267046
q__bogz1fa543461113q_li_bills_tx__lag007,0.974922,0.093619,0.180154,0.26690668
q__bogz1fr263061130q_row_gov_tsy_reval__lag001,0.99373,0.063009,0.205485,0.26681032
q__bogz1fl763061100q_usb_tsy_oth__lag005,0.99373,0.065184,0.202798,0.26630186
q__a091rc1q027sbea_gov_interest_payments__lag001,0.990596,0.077431,0.191272,0.26617598
q__a091rc1q027sbea_fedgov_int__lag001,0.990596,0.077431,0.191272,0.26617598
m__wtisplc_wtisplc__lag003,1.0,0.020239,0.245839,0.26607755
q__psave_psave__lag006,0.974922,0.086339,0.186555,0.26605032
d__t10y2y_t10y2y__lag033,0.623824,0.247492,0.178745,0.26589696
q__rowcbaq027s_row_corpbonds_flow__lag001,0.99373,0.1568,0.109974,0.26510144
q__bogz1fa343061105q_fed_gov_retirement_ts_tx__lag006,0.978056,0.133248,0.137379,0.26468781
d__wtregen_tga_fed__lag058,0.504702,0.412014,0.112294,0.26461908
q__bogz1fa713061113q_cb_bills_tx__lag007,0.974922,0.069348,0.201967,0.26451092
q__ncbtsaq027s_nfcb_tsy_tx__lag001,0.99373,0.18293,0.083185,0.26444699
m__mtsr133fms_fedgov_rcpt__lag010,0.561129,0.246622,0.224011,0.26408556
q__bogz1fl543061165q_life_insurance_ts__lag003,1.0,0.139903,0.12417,0.26407373
d__wtregen_tga__lag058,0.504702,0.412014,0.111198,0.26406626
d__ldgust_tga_fed_alt__lag011,1.0,0.170701,0.093308,0.26400922
d__t10y2y_t10y2y__lag034,0.623824,0.248652,0.174078,0.26370922
d__t10y2y_t10y2y__lag035,0.623824,0.249774,0.17269,0.26354359
m__umcsent_umcsent__lag003,0.918495,0.090084,0.196792,0.26349439
q__bogz1fa673061103q_abs_issuers_ts_tx__lag008,0.971787,0.09137,0.17961,0.26333525
d__aaa10y_aaa10y__lag003,0.54232,0.16618,0.318861,0.26304738
q__bogz1fr383061105q_dom_nonfin_sector_tsy_reval__lag002,0.990596,0.072433,0.19307,0.26300626
m__recprousm156n_recprob__lag006,0.733542,0.163314,0.195197,0.26298284
q__bogz1fa733061103q_holding_companies_ts_tx__lag005,0.981191,0.031197,0.236787,0.26294296
q__rowmslq027s_row_muni_flow__lag005,0.981191,0.04259,0.225292,0.26284377
d__wtregen_tga_fed__lag057,0.504702,0.410049,0.110709,0.2628277
d__usepuindxd_policy_uncertainty__lag024,0.517241,0.235181,0.272682,0.26268753
q__bogz1fr553061103q_closed_end_funds_ts_reval__lag008,0.971787,0.148587,0.12149,0.26245683
d__ldgust_tga_fed_alt__lag010,1.0,0.15987,0.102541,0.26241015
d__aaa10y_aaa10y__lag021,0.54232,0.210216,0.273638,0.2624034
d__wtregen_tga__lag057,0.504702,0.410049,0.109605,0.26227055
q__ncbtsaq027s_nfcb_tsy_tx__lag007,0.974922,0.098122,0.17075,0.26212959
q__fbtsatq027s_dom_fin_sector_tsy_tx__lag006,0.978056,0.064773,0.202874,0.26177409
q__bogz1fl704141005q_usb_stloan_l__lag006,0.990596,0.165643,0.098567,0.26172551
d__wtregen_tga_fed__lag056,0.504702,0.409623,0.108944,0.26172201
m__totresns_res__lag001,0.84326,0.165041,0.145298,0.26169697
m__civpart_civpart__lag012,0.971787,0.120118,0.149075,0.26159779
q__bogz1fl763123005q_tga_usb__lag006,0.990596,0.151908,0.112157,0.26158178
q__a464rc1q027sbea_nfcb_pbt__lag002,0.987461,0.070671,0.194162,0.26151231
m__civpart_civpart__lag010,0.971787,0.129022,0.140066,0.26149587
q__bogz1lm343061165q_fed_gov_db_retirement_ts__lag001,1.0,0.16496,0.096419,0.26137844
q__bogz1lm343061165q_fed_ret_tsy_db__lag001,1.0,0.16496,0.096419,0.26137844
d__wtregen_tga__lag056,0.504702,0.409623,0.107842,0.26116554
d__wtregen_tga_fed__lag055,0.504702,0.408827,0.10855,0.26112117
q__rowtsaq027s_row_tsy_tx__lag002,0.990596,0.169823,0.093597,0.26094245
q__bogz1fl263061130q_row_gov_tsy__lag005,0.99373,0.151686,0.110881,0.26092093
q__bogz1fa563061103q_etfs_ts_tx__lag008,0.971787,0.151655,0.116667,0.26075158
m__mich_mich__lag006,0.601881,0.173254,0.259683,0.26057666
d__wtregen_tga__lag055,0.504702,0.408827,0.107449,0.26056543
q__bogz1fl763123005q_tga_usb__lag007,0.987461,0.145586,0.11802,0.26030043
q__bogz1fl673061103q_abs_issuers_ts__lag008,0.984326,0.196699,0.067167,0.25972965
m__uspriv_uspriv__lag009,1.0,0.159745,0.099841,0.25958582
q__bogz1lm213061103q_state_local_gov_ts__lag004,0.996865,0.056533,0.203828,0.25954467
q__bogz1fa343061123q_fed_gov_dcg_retirement_ts_tx__lag001,0.99373,0.149413,0.111518,0.25929498
q__ib0000043q086sbea_imp_ind_pi__lag006,0.721003,0.154336,0.205074,0.25913531
q__bopbca_bopbca__lag004,0.818182,0.166427,0.150019,0.25891009
d__aaa10y_aaa10y__lag022,0.54232,0.199599,0.277647,0.25881982
q__bogz1fr383061105q_dom_nonfin_sector_tsy_reval__lag001,0.99373,0.093599,0.166755,0.25872168
q__bogz1fa213061103q_state_local_gov_ts_tx__lag002,0.990596,0.183431,0.077452,0.25843022
m__mich_mich__lag007,0.598746,0.195429,0.235884,0.25824704
m__hqmcb10yrp_hqm10y__lag010,0.520376,0.244247,0.251857,0.25816054
m__awotman_awotman__lag001,0.880878,0.135037,0.157865,0.25801164
d__t10y2y_t10y2y__lag036,0.623824,0.244393,0.168971,0.25786677
q__bopbca_bopbca__lag006,0.811912,0.129003,0.188435,0.25773205
q__rowmslq027s_row_muni_flow__lag002,0.990596,0.108803,0.151071,0.25743094
d__aaa10y_aaa10y__lag023,0.54232,0.195547,0.279102,0.25741157
q__bogz1fa573061133q_private_dc_pension_ts_tx__lag005,0.981191,0.159447,0.102807,0.25732149
q__hnotsbq027s_hhnp_tsy_tx__lag007,0.974922,0.173158,0.090634,0.25717715
q__rowmmfq027s_row_moneymarketfundshares_flow__lag003,0.987461,0.124722,0.135481,0.25694017
q__bogz1fl713123030q_tga__lag006,0.990596,0.023129,0.236165,0.25685559
q__bogz1fl713123030q_tga_z1__lag006,0.990596,0.023129,0.236165,0.25685559
q__bogz1fl543061175q_life_insurance_ts__lag006,0.990596,0.116223,0.143066,0.25685072
q__bogz1lm663061105q_brokers_dealers_ts__lag008,0.984326,0.115571,0.145002,0.25648857
m__mich_mich__lag004,0.601881,0.191071,0.234833,0.25634362
d__vixcls_vixcls__lag004,0.454545,0.134507,0.428947,0.25611558
q__bogz1fa313161110q_totalbills_z1_tx__lag008,0.971787,0.048261,0.215145,0.25597412
q__mmmffaq027s_mmf_tfa__lag004,0.996865,0.134436,0.122227,0.25585897
q__rowceaq027s_row_corpequities_flow__lag003,0.987461,0.138699,0.120154,0.25560699
m__mtsds133fms_fed_surplus_deficit__lag009,0.564263,0.201707,0.251206,0.25556217
m__wpu0561_ppi_crude__lag003,0.99373,0.010175,0.246936,0.25549949
m__uspriv_uspriv__lag006,1.0,0.143566,0.111632,0.25519791
d__usepuindxd_policy_uncertainty__lag039,0.517241,0.297052,0.196289,0.25517652
q__bogz1fa503061123q_ccps_ts_tx__lag008,0.971787,0.09728,0.165305,0.25517626
q__bogz1fa593061105q_pension_ts_tx__lag001,0.99373,0.130283,0.126139,0.25481398
q__bogz1lm263061110q_row_bills_raw__lag005,0.99373,0.112315,0.14402,0.25472771
q__bogz1lm263061110q_row_bills__lag005,0.99373,0.112315,0.14402,0.25472771
q__bogz1lm573061105q_private_pension_ts__lag003,1.0,0.174051,0.080536,0.25458667
q__w006rc1q027sbea_gov_tax_receipts__lag003,0.984326,0.093765,0.164867,0.2545781
q__bogz1fl573061143q_private_db_pension_ts__lag005,0.99373,0.181437,0.074724,0.25455492
q__bogz1fa663061165q_brokers_dealers_long_ts_tx__lag005,0.981191,0.103055,0.156159,0.25433833
d__t10y2y_t10y2y__lag037,0.623824,0.240567,0.16699,0.25424441
q__bogz1lm343061165q_fed_gov_db_retirement_ts__lag002,1.0,0.155919,0.098025,0.25394493
q__bogz1lm343061165q_fed_ret_tsy_db__lag002,1.0,0.155919,0.098025,0.25394493
m__payems_nonfarm_payrolls__lag006,1.0,0.142492,0.111325,0.25381665
q__bogz1fa223061143q_state_local_db_retirement_ts_tx__lag001,0.99373,0.05988,0.195484,0.25376274
q__bogz1fl262151003q_row_repo__lag003,1.0,0.177976,0.075168,0.25314372
m__ipbuseq_ipbuseq__lag011,0.984326,0.128098,0.128616,0.25269037
m__mtsr133fms_fedgov_rcpt__lag011,0.561129,0.192892,0.257103,0.25250499
d__ldgust_tga_fed_alt__lag009,1.0,0.153037,0.099378,0.25241518
d__usepuindxd_policy_uncertainty__lag012,0.517241,0.115973,0.371819,0.2523059
d__t10y2y_t10y2y__lag044,0.623824,0.239871,0.164548,0.25228649
m__payems_nonfarm_payrolls__lag009,1.0,0.153871,0.098143,0.25201424
q__bogz1fa473061105q_credit_unions_ts_tx__lag001,0.99373,0.0626,0.190887,0.25189752
q__bogz1fa343061123q_fed_gov_dcg_retirement_ts_tx__lag007,0.974922,0.03873,0.219525,0.25177889
m__civpart_civpart__lag011,0.971787,0.109298,0.14958,0.25157429
q__bogz1lm213061103q_state_local_gov_ts__lag003,1.0,0.051575,0.19981,0.25138431
q__bogz1fa633061110q_mmf_bills_tx__lag001,0.99373,0.064529,0.188382,0.25132593
q__bogz1fa763061100q_usb_tsy_oth_tx__lag007,0.974922,0.105837,0.151644,0.25102409
q__bogz1fr733061103q_holding_companies_ts_reval__lag002,0.990596,0.080752,0.172434,0.25080494
q__bogz1fa313161305q_gov_nonmarketable_ts_tx__lag008,0.971787,0.120685,0.137118,0.25052934
d__aaa10y_aaa10y__lag084,0.54232,0.241134,0.220577,0.25039518
q__bogz1fl503061123q_ccps_ts__lag005,0.99373,0.118338,0.133575,0.25033326
q__w006rc1q027sbea_gov_tax_receipts__lag005,0.978056,0.083405,0.172109,0.24990713
q__rowgseq027s_row_agency_flow__lag008,0.971787,0.105789,0.151067,0.24960926
d__t10y2y_t10y2y__lag038,0.623824,0.237666,0.162187,0.24943788
d__aaa10y_aaa10y__lag073,0.54232,0.252623,0.207064,0.2492973
q__bogz1fr343061165q_fed_gov_db_retirement_ts_reval__lag008,0.971787,0.179554,0.076947,0.24926366
d__aaa10y_aaa10y__lag001,0.54232,0.165794,0.292986,0.24880579
d__aaa10y_aaa10y__lag061,0.54232,0.237852,0.220882,0.24878089
d__ldgust_tga_fed_alt__lag015,1.0,0.155309,0.093422,0.24873113
d__aaa10y_aaa10y__lag029,0.54232,0.210895,0.247655,0.24868067
q__bogz1fl593061105q_pension_ts__lag002,1.0,0.143831,0.104686,0.24851699
q__bogz1fa223061143q_state_local_db_retirement_ts_tx__lag007,0.974922,0.159656,0.095209,0.24847335
q__rowmfsq027s_row_mutualfundshares_flow__lag005,0.981191,0.007011,0.245836,0.24809038
m__houst_houst__lag002,0.84326,0.178462,0.115697,0.24805253
d__aaa10y_aaa10y__lag002,0.54232,0.167465,0.289887,0.24803144
q__bogz1lm213061103q_state_local_gov_ts__lag008,0.984326,0.051502,0.200413,0.24796619
q__mmmffaq027s_mmf_tfa__lag005,0.99373,0.102273,0.147131,0.2478399
q__fgdef_fgdef__lag008,0.968652,0.06928,0.186521,0.24778222
q__bogz1fa733061103q_holding_companies_ts_tx__lag004,0.984326,0.115262,0.136457,0.24777398
d__t10y2y_t10y2y__lag050,0.623824,0.236299,0.160863,0.2477593
d__t10y2y_t10y2y__lag045,0.623824,0.235125,0.162015,0.24774554
q__bogz1fa343061113q_fed_gov_dcf_retirement_ts_tx__lag006,0.978056,0.13609,0.117172,0.24770474
m__mtso133fms_fedgov_out__lag003,0.570533,0.308859,0.1253,0.24770145
d__t10y2y_t10y2y__lag052,0.623824,0.235271,0.161534,0.24753672
q__mmmffaq027s_mmf_tfa__lag003,1.0,0.140835,0.106687,0.24752151
q__bogz1lm403061105q_gses_ts__lag005,0.99373,0.136328,0.112694,0.24746105
q__bogz1lm403061105q_gse_tsy__lag005,0.99373,0.136328,0.112694,0.24746105
m__recprousm156n_recprob__lag007,0.733542,0.166766,0.170333,0.24727609
q__bogz1fl313024000q_tres_oper_cash__lag006,0.990596,0.00324,0.24634,0.24723237
d__aaa10y_aaa10y__lag086,0.54232,0.242259,0.21344,0.24713493
d__t10y2y_t10y2y__lag053,0.623824,0.233275,0.162818,0.24709263
d__t10y2y_t10y2y__lag046,0.623824,0.235908,0.159916,0.24692425
d__t10y2y_t10y2y__lag039,0.623824,0.234218,0.161518,0.24686966
d__aaa10y_aaa10y__lag062,0.54232,0.240718,0.21448,0.24686301
q__ncbtsaq027s_nfcb_tsy_tx__lag008,0.971787,0.042942,0.210932,0.24671126
q__ad02rc1q027sbea_gov_netlending__lag008,0.811912,0.084139,0.219686,0.24667922
m__uspriv_uspriv__lag003,1.0,0.139497,0.107177,0.24667438
d__t10y2y_t10y2y__lag043,0.623824,0.236426,0.158991,0.24667084
d__t10y2y_t10y2y__lag051,0.623824,0.233881,0.161519,0.24665996
q__bogz1fl892050005q_all_ffrepo__lag005,0.99373,0.05812,0.189998,0.24656244
d__vixcls_vixcls__lag009,0.454545,0.138075,0.404314,0.2465407
m__payems_nonfarm_payrolls__lag003,1.0,0.140167,0.106215,0.24638204
d__ldgust_tga_fed_alt__lag008,1.0,0.150729,0.095335,0.24606448
d__aaa10y_aaa10y__lag059,0.54232,0.236051,0.217563,0.24600394
d__aaa10y_aaa10y__lag033,0.54232,0.212499,0.241038,0.24596193
d__aaa10y_aaa10y__lag028,0.54232,0.21156,0.241348,0.24562099
q__rowgseq027s_row_agency_flow__lag005,0.981191,0.069204,0.181112,0.24560779
d__aaa10y_aaa10y__lag027,0.54232,0.206355,0.246407,0.24554184
q__bogz1fa573061133q_private_dc_pension_ts_tx__lag004,0.984326,0.151562,0.09765,0.24530568
q__bogz1fl704141005q_usb_stloan_l__lag003,1.0,0.03054,0.214748,0.24528779
q__bogz1fl704135005q_usb_loan_l__lag003,1.0,0.031206,0.214058,0.24526334
d__t10y2y_t10y2y__lag041,0.623824,0.233903,0.1592,0.24522699
q__bogz1fa573061133q_private_dc_pension_ts_tx__lag006,0.978056,0.134485,0.116214,0.24519695
m__ipbuseq_ipbuseq__lag010,0.984326,0.140022,0.109054,0.24517216
d__t10y2y_t10y2y__lag040,0.623824,0.232728,0.160284,0.24517084
m__iputil_iputil__lag001,1.0,0.113957,0.13094,0.24489618
d__ldgust_tga_fed_alt__lag090,1.0,0.093999,0.150882,0.24488189
q__bogz1fl343061123q_fed_gov_dcg_retirement_ts__lag007,0.987461,0.08456,0.163277,0.24472943
q__bogz1fr553061103q_closed_end_funds_ts_reval__lag001,0.99373,0.053405,0.192845,0.24470603
d__t10y2y_t10y2y__lag047,0.623824,0.234791,0.157475,0.24470569
q__w006rc1q027sbea_gov_tax_receipts__lag002,0.987461,0.087376,0.160429,0.24469718
d__t10y2y_t10y2y__lag049,0.623824,0.236062,0.156186,0.24469364
d__t10y2y_t10y2y__lag042,0.623824,0.232641,0.159526,0.24464382
q__ophnfb_nflabor_productivity__lag001,0.990596,0.181718,0.065172,0.24456796
q__bogz1lm263061105q_row_tsy_raw__lag001,1.0,0.143762,0.100756,0.24451786
q__bogz1lm263061105q_row_tsy__lag001,1.0,0.143762,0.100756,0.24451786
d__aaa10y_aaa10y__lag085,0.54232,0.237877,0.21298,0.24450901
q__ophnfb_nflabor_productivity__lag002,0.987461,0.167351,0.080257,0.24450339
m__umcsent_umcsent__lag012,0.909091,0.041957,0.226973,0.24448179
d__ldgust_tga_fed_alt__lag088,1.0,0.095429,0.14885,0.24427879
d__aaa10y_aaa10y__lag060,0.54232,0.232821,0.217502,0.24421911
q__fbtsaaq027s_dom_fin_sector_tsy__lag001,1.0,0.164378,0.07975,0.2441279
q__rowtsaq027s_row_tsy_tx__lag001,0.99373,0.183562,0.061966,0.24398867
d__ldgust_tga_fed_alt__lag087,1.0,0.098767,0.14503,0.24379747
m__umcsent_umcsent__lag011,0.912226,0.024077,0.243009,0.24364299
q__bogz1fl343061123q_fed_gov_dcg_retirement_ts__lag004,0.996865,0.154387,0.089995,0.2436151
d__ldgust_tga_fed_alt__lag089,1.0,0.093142,0.150308,0.24345067
d__aaa10y_aaa10y__lag074,0.54232,0.244314,0.204562,0.24343402
d__t10y2y_t10y2y__lag048,0.623824,0.233629,0.156516,0.243382
m__permit_permit__lag005,0.827586,0.163176,0.130894,0.24336829
q__bogz1fr153061105q_hhnp_tsy_reval__lag002,0.990596,0.069076,0.1766,0.24336519
q__bogz1fl713061103q_fed_tsy__lag001,1.0,0.144331,0.098944,0.24327587
q__bogz1fl713061103q_fed_tsy_raw__lag001,1.0,0.144331,0.098944,0.24327587
q__bogz1fl713061103q_cb_tsy__lag001,1.0,0.144331,0.098944,0.24327587
d__usepuindxd_policy_uncertainty__lag025,0.517241,0.293942,0.176174,0.24316356
q__rowtsaq027s_row_tsy_tx__lag007,0.974922,0.061437,0.187903,0.24308677
d__aaa10y_aaa10y__lag063,0.54232,0.238699,0.208444,0.24249439
d__aaa10y_aaa10y__lag036,0.54232,0.223723,0.223289,0.24242342
d__usepuindxd_policy_uncertainty__lag088,0.517241,0.246447,0.2221,0.24235197
m__awhman_awhman__lag012,1.0,0.157798,0.084528,0.24232555
d__ldgust_tga_fed_alt__lag086,1.0,0.096855,0.145442,0.24229645
m__mtsds133fms_fed_surplus_deficit__lag012,0.561129,0.249727,0.181812,0.24214864
q__ad02rc1q027sbea_gov_netlending__lag005,0.821317,0.176768,0.117948,0.24205495
q__bogz1fa263061110q_row_bills_tx__lag006,0.978056,0.005055,0.24234,0.24196671
d__aaa10y_aaa10y__lag090,0.539185,0.25177,0.196777,0.24184958
d__usepuindxd_policy_uncertainty__lag033,0.517241,0.242126,0.224927,0.24157921
d__aaa10y_aaa10y__lag032,0.54232,0.209812,0.235512,0.24150813
d__aaa10y_aaa10y__lag064,0.54232,0.243635,0.201469,0.24138867
d__vixcls_vixcls__lag005,0.454545,0.114887,0.415939,0.24128461
q__na000283q_gov_current_exp__lag004,0.981191,0.15634,0.089506,0.24122162
q__bogz1fa313161105q_tsy_net_tx__lag006,0.978056,0.102343,0.14422,0.2411527
m__uspriv_uspriv__lag005,1.0,0.133132,0.107666,0.24079883
q__bogz1fa503061123q_ccps_ts_tx__lag007,0.974922,0.049909,0.19708,0.24079562
q__bogz1lm343061113q_fed_gov_dcf_retirement_ts__lag004,0.996865,0.155871,0.085601,0.24071495
q__bogz1lm343061113q_fed_gov_dc_retirement_ts__lag004,0.996865,0.155871,0.085601,0.24071495
q__bogz1lm343061113q_fed_ret_tsy_dc__lag004,0.996865,0.155871,0.085601,0.24071495
d__aaa10y_aaa10y__lag075,0.54232,0.240672,0.203097,0.24066489
q__rhvrusq156n_owner_vacancy__lag006,0.862069,0.086018,0.192887,0.24043511
q__bogz1fl262051003q_row_rrp__lag004,0.996865,0.086113,0.155049,0.2404051
m__wtisplc_wtisplc__lag004,1.0,0.000341,0.239938,0.24027866
q__bogz1fa673061103q_abs_issuers_ts_tx__lag005,0.981191,0.073903,0.170939,0.24023672
d__aaa10y_aaa10y__lag058,0.54232,0.236979,0.205772,0.24011252
q__fgexpnd_fgexpnd__lag004,0.981191,0.156806,0.087618,0.23982631
d__aaa10y_aaa10y__lag025,0.54232,0.20406,0.238112,0.2397983
q__bogz1fa763061100q_usb_tsy_oth_tx__lag008,0.971787,0.040879,0.205854,0.23977186
q__bogz1fl263061130q_row_gov_tsy__lag006,0.990596,0.139615,0.102341,0.23968073
d__vixcls_vixcls__lag001,0.454545,0.155914,0.371129,0.23956537
d__aaa10y_aaa10y__lag037,0.54232,0.223241,0.218461,0.23954366
q__expgs_exports__lag008,0.968652,0.154485,0.092783,0.23951711
q__bogz1fa263061145q_row_priv_tsy_tx__lag004,0.984326,0.057668,0.185651,0.23950514
m__uempmean_uempmean__lag007,0.974922,0.076422,0.169161,0.2394249
q__bogz1fl543061165q_life_insurance_ts__lag004,0.996865,0.130228,0.109923,0.23939774
d__aaa10y_aaa10y__lag026,0.54232,0.200371,0.240934,0.23932843
m__payems_nonfarm_payrolls__lag005,1.0,0.131601,0.10769,0.23929116
q__bogz1fa343061123q_fed_gov_dcg_retirement_ts_tx__lag008,0.971787,0.115771,0.130321,0.23914971
q__bogz1fl262151003q_row_repo__lag002,1.0,0.158819,0.080329,0.23914786
d__aaa10y_aaa10y__lag071,0.54232,0.246468,0.19431,0.23904238
m__hqmcb10yrp_hqm10y__lag011,0.520376,0.233782,0.225449,0.23897244
m__totresns_res__lag002,0.84326,0.153897,0.129351,0.23885152
q__bogz1fl543461113q_li_bills__lag001,1.0,0.111514,0.127311,0.23882418
d__ldgust_tga_fed_alt__lag016,1.0,0.150481,0.088341,0.23882182
q__bogz1fl262051003q_row_rrp__lag003,1.0,0.073624,0.165197,0.23882147
d__usepuindxd_policy_uncertainty__lag005,0.517241,0.146606,0.314936,0.23872864
d__aaa10y_aaa10y__lag089,0.539185,0.24465,0.197954,0.2386454
m__mtso133fms_fedgov_out__lag006,0.567398,0.300213,0.12029,0.23859259
d__aaa10y_aaa10y__lag077,0.54232,0.237226,0.202603,0.23852769
d__t10y2y_t10y2y__lag054,0.623824,0.222859,0.159498,0.23852396
d__aaa10y_aaa10y__lag031,0.54232,0.202737,0.237001,0.23847873
d__aaa10y_aaa10y__lag072,0.54232,0.245214,0.194422,0.23842299
q__bogz1fl543461113q_li_bills__lag006,0.990596,0.148336,0.092293,0.23836655
m__uspriv_uspriv__lag008,1.0,0.14157,0.096729,0.23829931
d__aaa10y_aaa10y__lag083,0.54232,0.233009,0.206366,0.23828138
d__aaa10y_aaa10y__lag070,0.54232,0.24638,0.192953,0.23825892
d__aaa10y_aaa10y__lag057,0.54232,0.236063,0.203017,0.23812185
d__bamlcc0a1aaatriv_aaa_index__lag023,0.467085,0.270678,0.239111,0.23811469
d__aaa10y_aaa10y__lag087,0.54232,0.23968,0.199369,0.23810494
d__aaa10y_aaa10y__lag056,0.54232,0.231509,0.206739,0.23767055
q__bogz1fl702150005q_usb_ffrepo__lag002,1.0,0.050058,0.187397,0.23745482
d__vixcls_vixcls__lag007,0.454545,0.119022,0.40333,0.23743282
q__bogz1fr263061145q_row_priv_tsy_reval__lag001,0.99373,0.026007,0.212891,0.23740046
d__bamlcc0a1aaatriv_aaa_index__lag033,0.467085,0.27729,0.230793,0.23731768
q__bogz1fl704135005q_usb_loan_l__lag005,0.99373,0.142706,0.096099,0.23730785
d__aaa10y_aaa10y__lag076,0.54232,0.236352,0.201201,0.23729329
q__bogz1fa763061100q_usb_tsy_oth_tx__lag006,0.978056,0.098704,0.143906,0.23728555
d__ldgust_tga_fed_alt__lag007,1.0,0.145877,0.091288,0.23716527
d__aaa10y_aaa10y__lag024,0.54232,0.198368,0.238794,0.23708161
m__mtsr133fms_fedgov_rcpt__lag003,0.570533,0.1728,0.242604,0.23700173
m__wpu0561_ppi_crude__lag004,0.990596,0.005868,0.233368,0.23698659
d__ldgust_tga_fed_alt__lag003,1.0,0.140147,0.096681,0.23682823
d__bamlcc0a1aaatriv_aaa_index__lag042,0.467085,0.278975,0.227846,0.2367283
d__bamlcc0a1aaatriv_aaa_index__lag040,0.467085,0.278641,0.228177,0.23672719
d__usepuindxd_policy_uncertainty__lag001,0.517241,0.159821,0.29774,0.2366695
d__bamlcc0a1aaatriv_aaa_index__lag036,0.467085,0.277221,0.229378,0.23662448
m__mich_mich__lag003,0.605016,0.182439,0.208643,0.23661093
d__aaa10y_aaa10y__lag030,0.54232,0.202608,0.233586,0.23655629
d__ldgust_tga_fed_alt__lag005,1.0,0.14111,0.095426,0.23653547
d__t10y2y_t10y2y__lag055,0.623824,0.220905,0.158186,0.2364862
q__rowcpaq027s_row_commercialpaper_flow__lag001,0.99373,0.082497,0.155447,0.2364513
q__bogz1fl262151003q_row_repo__lag004,0.996865,0.165806,0.071387,0.23645004
d__bamlcc0a1aaatriv_aaa_index__lag039,0.467085,0.278437,0.227742,0.23642865
m__awhman_awhman__lag004,1.0,0.012305,0.224121,0.23642659
q__bopbca_bopbca__lag002,0.824451,0.170618,0.115983,0.23628863
d__t10y2y_t10y2y__lag059,0.623824,0.223771,0.15487,0.23620548
d__bamlcc0a1aaatriv_aaa_index__lag029,0.467085,0.273729,0.231801,0.23612529
d__bamlcc0a1aaatriv_aaa_index__lag024,0.467085,0.270182,0.235221,0.23606614
d__usepuindxd_policy_uncertainty__lag057,0.517241,0.299349,0.157043,0.23606503
d__bamlcc0a1aaatriv_aaa_index__lag041,0.467085,0.278169,0.227205,0.23605232
d__bamlcc0a1aaatriv_aaa_index__lag037,0.467085,0.277803,0.227503,0.23602087
q__bogz1fl763123005q_tga_usb__lag008,0.984326,0.089588,0.150178,0.23600761
d__aaa10y_aaa10y__lag065,0.54232,0.242333,0.192832,0.23599891
d__ldgust_tga_fed_alt__lag085,1.0,0.091681,0.1443,0.23598125
d__aaa10y_aaa10y__lag068,0.54232,0.248001,0.187116,0.23597247
q__rowtsaq027s_row_tsy_tx__lag003,0.987461,0.074823,0.164145,0.23597193
d__bamlcc0a1aaatriv_aaa_index__lag025,0.467085,0.269699,0.235461,0.23595252
q__bogz1lm653061105q_mf_tsy_raw__lag001,1.0,0.110309,0.12561,0.23591976
q__bogz1lm653061105q_mutual_funds_ts__lag001,1.0,0.110309,0.12561,0.23591976
q__bogz1fl713123030q_tga__lag008,0.984326,0.050532,0.189128,0.23590427
q__bogz1fl713123030q_tga_z1__lag008,0.984326,0.050532,0.189128,0.23590427
q__bogz1fa513061113q_pci_bills_tx__lag006,0.978056,0.128198,0.112925,0.23583173
m__permit_permit__lag006,0.827586,0.155469,0.129492,0.23583022
d__bamlcc0a1aaatriv_aaa_index__lag038,0.467085,0.277387,0.227465,0.23580849
d__ldgust_tga_fed_alt__lag004,1.0,0.138626,0.097168,0.23579442
q__bopbca_bopbca__lag003,0.821317,0.159866,0.127212,0.23578236
d__vixcls_vixcls__lag008,0.454545,0.127397,0.391251,0.23574911
d__t10y2y_t10y2y__lag061,0.623824,0.222575,0.155313,0.23573594
q__cbi_cbi__lag008,0.968652,0.07223,0.171061,0.23566366
q__bogz1lm153061105q_hhnp_tsy__lag002,1.0,0.138332,0.097265,0.23559632
d__bamlcc0a1aaatriv_aaa_index__lag034,0.467085,0.27719,0.226775,0.23539444
d__ldgust_tga_fed_alt__lag006,1.0,0.142702,0.092684,0.23538661
d__aaa10y_aaa10y__lag034,0.54232,0.216026,0.217986,0.23537291
d__aaa10y_aaa10y__lag082,0.54232,0.233675,0.200138,0.23526492
d__aaa10y_aaa10y__lag035,0.54232,0.218691,0.214993,0.2351953
d__aaa10y_aaa10y__lag081,0.54232,0.238109,0.195451,0.23512819
m__awhman_awhman__lag002,1.0,0.022784,0.212331,0.2351145
d__bamlcc0a1aaatriv_aaa_index__lag032,0.467085,0.273916,0.229328,0.23505756
d__bamlcc0a1aaatriv_aaa_index__lag043,0.467085,0.275836,0.227179,0.23495053
d__aaa10y_aaa10y__lag078,0.54232,0.234435,0.198716,0.23490596
d__aaa10y_aaa10y__lag069,0.54232,0.24643,0.186538,0.23480706
m__wtisplc_wtisplc__lag005,1.0,0.018639,0.215875,0.23451411
d__t10y2y_t10y2y__lag060,0.623824,0.221619,0.154239,0.23446923
d__bamlcc0a1aaatriv_aaa_index__lag026,0.467085,0.267354,0.234408,0.23436519
d__bamlcc0a1aaatriv_aaa_index__lag035,0.467085,0.274663,0.227052,0.23434346
q__bogz1fa263061145q_row_priv_tsy_tx__lag008,0.971787,0.022379,0.218659,0.23423678
q__b092rc1q027sbea_gov_int_priv__lag001,0.827586,0.082659,0.200349,0.23421397
q__bogz1fl704141005q_usb_stloan_l__lag005,0.99373,0.141105,0.094347,0.23397581
q__bogz1fa263061130q_row_gov_tsy_tx__lag002,0.990596,0.150265,0.085887,0.23393134
q__bogz1lm473061105q_credit_unions_ts__lag005,0.99373,0.029651,0.205654,0.23383064
q__bogz1lm473061105q_credit_unions_ts_tx__lag005,0.99373,0.029651,0.205654,0.23383064
d__bamlcc0a1aaatriv_aaa_index__lag002,0.470219,0.273252,0.223584,0.23362156
d__bamlcc0a1aaatriv_aaa_index__lag022,0.467085,0.272951,0.227215,0.23361973
d__bamlcc0a1aaatriv_aaa_index__lag030,0.467085,0.271996,0.22807,0.23357285
m__mvmtd027mnfrbdal_mv_mkt_debt__lag001,1.0,0.153582,0.079854,0.23343585
m__umcsent_umcsent__lag002,0.92163,0.072905,0.180262,0.23332646
d__aaa10y_aaa10y__lag080,0.54232,0.235972,0.193993,0.23317882
q__bogz1fl633061110q_mmf_bills_raw__lag008,0.984326,0.061429,0.175448,0.23316485
q__bogz1fl633061110q_mmf_bills__lag008,0.984326,0.061429,0.175448,0.23316485
m__ltdacbm027nbog_ltd__lag012,0.658307,0.227406,0.126675,0.2330942
m__payems_nonfarm_payrolls__lag008,1.0,0.137688,0.095278,0.23296564
d__bamlcc0a1aaatriv_aaa_index__lag021,0.467085,0.273812,0.224827,0.23290642
d__bamlcc0a1aaatriv_aaa_index__lag044,0.467085,0.274431,0.224164,0.23288606
q__bogz1fl543461113q_li_bills__lag002,1.0,0.127398,0.105421,0.23281928
m__payems_nonfarm_payrolls__lag002,1.0,0.133484,0.099143,0.23262689
d__aaa10y_aaa10y__lag088,0.54232,0.236658,0.192259,0.23261002
m__mich_mich__lag011,0.595611,0.165588,0.224927,0.23259537
d__vixcls_vixcls__lag023,0.454545,0.162486,0.349178,0.23257462
q__bogz1lm553061103q_closed_end_funds_ts__lag002,1.0,0.165531,0.067007,0.23253773
q__bogz1fr763061100q_usb_tsy_oth_reval__lag001,0.99373,0.100733,0.133135,0.23240162
q__bogz1fr343061165q_fed_gov_db_retirement_ts_reval__lag001,0.99373,0.038217,0.195445,0.23219725
d__bamlcc0a1aaatriv_aaa_index__lag031,0.467085,0.270428,0.226596,0.23215231
q__bogz1fl503061123q_ccps_ts__lag006,0.990596,0.076698,0.157558,0.23205317
d__bamlcc0a1aaatriv_aaa_index__lag045,0.467085,0.273362,0.22341,0.23203463
q__bogz1fa653061113q_mutf_bills_tx__lag003,0.987461,0.037612,0.197367,0.23203309
q__bogz1fl713068703q_fed_dw_a__lag005,0.99373,0.159858,0.073509,0.23190393
q__bogz1fa263061145q_row_priv_tsy_tx__lag003,0.987461,0.093774,0.140857,0.2316897
m__houst_houst__lag003,0.84326,0.163285,0.111452,0.23167451
d__bamlcc0a1aaatriv_aaa_index__lag004,0.470219,0.271565,0.220972,0.23160062
q__b639rg3q086sbea_exp_ind_pi__lag004,0.730408,0.097728,0.21934,0.23158886
q__bogz1fr553061103q_closed_end_funds_ts_reval__lag002,0.990596,0.037166,0.196448,0.23141662
m__uspriv_uspriv__lag002,1.0,0.131855,0.099457,0.23131142
d__t10y2y_t10y2y__lag062,0.623824,0.219304,0.151414,0.23126288
d__bamlcc0a1aaatriv_aaa_index__lag028,0.467085,0.267804,0.227102,0.23116338
d__bamlcc0a1aaatriv_aaa_index__lag027,0.467085,0.267063,0.227802,0.23114388
d__bamlcc0a1aaatriv_aaa_index__lag001,0.470219,0.270761,0.220471,0.23098683
d__bamlcc0a1aaatriv_aaa_index__lag003,0.470219,0.271695,0.219381,0.23091346
d__aaa10y_aaa10y__lag038,0.54232,0.215452,0.210314,0.23090115
d__bamlcc0a1aaatriv_aaa_index__lag005,0.470219,0.270804,0.219997,0.23078441
d__aaa10y_aaa10y__lag055,0.54232,0.230737,0.194672,0.23070753
d__t10y2y_t10y2y__lag063,0.623824,0.219679,0.149884,0.23054206
d__t10y2y_t10y2y__lag056,0.623824,0.215088,0.154144,0.23033554
q__bogz1fa513061105q_pc_insurance_ts_tx__lag004,0.984326,0.115628,0.118321,0.23028177
d__aaa10y_aaa10y__lag048,0.54232,0.231207,0.193348,0.23024485
q__bogz1lm733061103q_holding_companies_ts__lag003,1.0,0.03042,0.199762,0.23018115
d__vixcls_vixcls__lag006,0.454545,0.112663,0.393694,0.230162
d__ldgust_tga_fed_alt__lag025,1.0,0.135868,0.094285,0.23015298
q__bogz1fl503061123q_ccps_ts__lag003,1.0,0.119705,0.110304,0.23000829
d__bamlcc0a1aaatriv_aaa_index__lag056,0.467085,0.272046,0.220363,0.22999652
d__ldgust_tga_fed_alt__lag053,1.0,0.103386,0.126596,0.22998175
d__bamlcc0a1aaatriv_aaa_index__lag048,0.467085,0.270344,0.221936,0.22993643
q__bogz1fa753061103q_usb_tsy_for_tx__lag004,0.984326,0.129333,0.104201,0.22987354
d__bamlcc0a1aaatriv_aaa_index__lag046,0.467085,0.270483,0.221555,0.22982322
d__aaa10y_aaa10y__lag079,0.54232,0.233449,0.190208,0.22975778
d__bamlcc0a1aaatriv_aaa_index__lag054,0.467085,0.270696,0.221102,0.22971124
q__rowtsaq027s_row_tsy_tx__lag004,0.984326,0.08374,0.149541,0.2296247
d__aaa10y_aaa10y__lag067,0.54232,0.241407,0.181925,0.22958107
d__bamlcc0a1aaatriv_aaa_index__lag057,0.467085,0.271983,0.219466,0.22954845
q__fbtsaaq027s_dom_fin_sector_tsy__lag008,0.984326,0.051655,0.181516,0.22951583
m__mtso133fms_fedgov_out__lag007,0.564263,0.22261,0.184012,0.22944207
m__wtisplc_wtisplc__lag002,1.0,0.016655,0.212743,0.22939866
q__bogz1fl543461113q_li_bills__lag007,0.987461,0.1499,0.082386,0.22937271
d__bamlcc0a1aaatriv_aaa_index__lag068,0.467085,0.268108,0.222216,0.22902243
q__bogz1fl593061105q_pension_ts__lag003,1.0,0.134498,0.094497,0.22899521
q__bogz1fl892050005q_all_ffrepo__lag006,0.990596,0.05747,0.17366,0.22895642
d__aaa10y_aaa10y__lag040,0.54232,0.219251,0.202878,0.22892896
m__payems_nonfarm_payrolls__lag001,1.0,0.12553,0.103379,0.22890968
q__bogz1fa713068703q_fed_dw_tx__lag005,0.981191,0.110259,0.122974,0.22884645
q__bogz1fl383061105q_dom_nonfin_sector_tsy__lag006,0.990596,0.136834,0.094183,0.22884355
d__bamlcc0a1aaatriv_aaa_index__lag069,0.467085,0.269321,0.220444,0.22876136
d__ldgust_tga_fed_alt__lag054,1.0,0.097371,0.131365,0.22873595
d__bamlcc0a1aaatriv_aaa_index__lag047,0.467085,0.268285,0.221322,0.22868826
q__bogz1fa313161305q_gov_nonmarketable_ts_tx__lag007,0.974922,0.039324,0.195233,0.22867438
d__aaa10y_aaa10y__lag039,0.54232,0.213826,0.207772,0.22864116
d__ldgust_tga_fed_alt__lag056,1.0,0.107107,0.121524,0.22863107
q__bogz1lm553061103q_closed_end_funds_ts__lag003,1.0,0.178334,0.050264,0.22859799
d__bamlcc0a1aaatriv_aaa_index__lag071,0.467085,0.269933,0.219367,0.22854429
d__ldgust_tga_fed_alt__lag052,1.0,0.102951,0.125579,0.22853014
q__bogz1lm263061105q_row_tsy_raw__lag002,1.0,0.137022,0.091478,0.2285004
q__bogz1lm263061105q_row_tsy__lag002,1.0,0.137022,0.091478,0.2285004
d__bamlcc0a1aaatriv_aaa_index__lag058,0.467085,0.26876,0.220243,0.22840591
d__bamlcc0a1aaatriv_aaa_index__lag070,0.467085,0.269629,0.21929,0.22836659
q__rowmmfq027s_row_moneymarketfundshares_flow__lag006,0.978056,0.098011,0.135167,0.22806053
d__bamlcc0a1aaatriv_aaa_index__lag049,0.467085,0.268091,0.220079,0.22801656
q__drtscilm_loan_tight__lag001,0.448276,0.168699,0.339872,0.22798036
d__t10y2y_t10y2y__lag064,0.623824,0.215842,0.149603,0.22797356
d__bamlcc0a1aaatriv_aaa_index__lag061,0.467085,0.265359,0.222713,0.22797092
q__bogz1fl343061123q_fed_gov_dcg_retirement_ts__lag002,1.0,0.178253,0.049652,0.22790531
d__t10y2y_t10y2y__lag057,0.623824,0.211224,0.153979,0.22782264
d__bamlcc0a1aaatriv_aaa_index__lag055,0.467085,0.269304,0.218443,0.22781936
q__bogz1fr343061165q_fed_gov_db_retirement_ts_reval__lag007,0.974922,0.152629,0.081047,0.22781591
d__bamlcc0a1aaatriv_aaa_index__lag066,0.467085,0.268054,0.219551,0.22775278
d__aaa10y_aaa10y__lag066,0.54232,0.239876,0.180056,0.22773751
d__aaa10y_aaa10y__lag051,0.54232,0.228495,0.191328,0.2276778
m__uempmean_uempmean__lag006,0.978056,0.089335,0.143437,0.2276643
q__bogz1fa593061105q_pension_ts_tx__lag006,0.978056,0.020107,0.212631,0.22763066
d__t10y2y_t10y2y__lag073,0.623824,0.210377,0.154385,0.22754744
d__usepuindxd_policy_uncertainty__lag008,0.517241,0.124996,0.314919,0.22754225
d__t10y2y_t10y2y__lag075,0.623824,0.209643,0.15511,0.22754201
q__rownblq027s_row_nonfinbusinessloans_flow__lag002,0.990596,0.023014,0.206661,0.22751509
d__bamlcc0a1aaatriv_aaa_index__lag065,0.467085,0.266956,0.220068,0.22748133
d__bamlcc0a1aaatriv_aaa_index__lag053,0.467085,0.266033,0.220924,0.22745009
d__ldgust_tga_fed_alt__lag024,1.0,0.13997,0.087394,0.22736413
m__bogmbase_mb__lag001,0.84326,0.150273,0.119346,0.2273586
d__bamlcc0a1aaatriv_aaa_index__lag060,0.467085,0.265202,0.221555,0.22735631
d__bamlcc0a1aaatriv_aaa_index__lag016,0.470219,0.271531,0.211884,0.22731118
q__bogz1fa513061105q_pc_insurance_ts_tx__lag006,0.978056,0.106707,0.125585,0.22719459
d__t10y2y_t10y2y__lag071,0.623824,0.209898,0.154268,0.22717586
d__bamlcc0a1aaatriv_aaa_index__lag062,0.467085,0.264171,0.222024,0.22709407
q__bogz1lm733061103q_holding_companies_ts__lag008,0.984326,0.032784,0.197902,0.22707085
d__bamlcc0a1aaatriv_aaa_index__lag006,0.470219,0.27035,0.212397,0.22699705
d__bamlcc0a1aaatriv_aaa_index__lag067,0.467085,0.266494,0.219404,0.22695566
d__bamlcc0a1aaatriv_aaa_index__lag050,0.467085,0.266286,0.219385,0.22684928
d__t10y2y_t10y2y__lag072,0.623824,0.210315,0.153296,0.22682939
d__aaa10y_aaa10y__lag049,0.54232,0.232115,0.185929,0.22671342
d__bamlcc0a1aaatriv_aaa_index__lag020,0.467085,0.271965,0.213284,0.22665201
q__mmmffaq027s_mmf_tfa__lag002,1.0,0.129117,0.097501,0.22661774
d__bamlcc0a1aaatriv_aaa_index__lag074,0.467085,0.269847,0.215237,0.22657558
m__mvmtd027mnfrbdal_mv_mkt_debt__lag002,1.0,0.150136,0.076358,0.22649398
d__t10y2y_t10y2y__lag082,0.623824,0.202501,0.160557,0.22648481
d__bamlcc0a1aaatriv_aaa_index__lag073,0.467085,0.269077,0.215781,0.22646995
m__dspic96_real_dpi__lag012,0.833856,0.162447,0.109108,0.22643798
d__bamlcc0a1aaatriv_aaa_index__lag059,0.467085,0.263742,0.220993,0.22641204
q__b093rc1q027sbea_gov_int_row__lag007,0.971787,0.174975,0.057927,0.22633167
m__mvmtd027mnfrbdal_mv_mkt_debt__lag003,1.0,0.147548,0.078628,0.22617614
m__baaffm_baaff__lag005,0.896552,0.141436,0.110719,0.22607045
d__bamlcc0a1aaatriv_aaa_index__lag072,0.467085,0.268794,0.21515,0.22604257
d__ldgust_tga_fed_alt__lag027,1.0,0.138979,0.08698,0.22595927
m__uspriv_uspriv__lag001,1.0,0.123071,0.102839,0.22591025
d__t10y2y_t10y2y__lag085,0.623824,0.203734,0.158318,0.22585691
q__bogz1fl543461113q_li_bills__lag005,0.99373,0.136854,0.090355,0.22578485
d__bamlcc0a1aaatriv_aaa_index__lag018,0.467085,0.274701,0.208545,0.2257168
d__ldgust_tga_fed_alt__lag057,1.0,0.102106,0.123599,0.22570544
d__t10y2y_t10y2y__lag083,0.623824,0.204105,0.157687,0.22569437
d__bamlcc0a1aaatriv_aaa_index__lag063,0.467085,0.262713,0.22047,0.22568693
d__aaa10y_aaa10y__lag050,0.54232,0.22934,0.18678,0.22566983
d__aaa10y_aaa10y__lag054,0.54232,0.228584,0.187439,0.22561776
m__wpu0561_ppi_crude__lag002,0.99373,0.013443,0.213581,0.22560116
d__ldgust_tga_fed_alt__lag082,1.0,0.089027,0.136539,0.22556627
d__t10y2y_t10y2y__lag078,0.623824,0.2073,0.154285,0.22556537
m__usalolitoaastsam_oecd_leading_indicator_us__lag002,0.893417,0.126953,0.125507,0.22555179
d__t10y2y_t10y2y__lag079,0.623824,0.20464,0.156898,0.22553642
d__bamlcc0a1aaatriv_aaa_index__lag087,0.467085,0.269611,0.213182,0.22550515
m__totresns_res__lag003,0.84326,0.132194,0.135175,0.22546185
d__ldgust_tga_fed_alt__lag026,1.0,0.142367,0.083054,0.22542128
q__rowceaq027s_row_corpequities_flow__lag006,0.978056,0.101483,0.128931,0.225358
d__bamlcc0a1aaatriv_aaa_index__lag052,0.467085,0.264238,0.21819,0.22533468
d__ldgust_tga_fed_alt__lag084,1.0,0.092411,0.132898,0.22530962
d__bamlcc0a1aaatriv_aaa_index__lag077,0.467085,0.26996,0.212368,0.22528769
d__bamlcc0a1aaatriv_aaa_index__lag075,0.467085,0.269196,0.21302,0.22523578
d__bamlcc0a1aaatriv_aaa_index__lag051,0.467085,0.263445,0.218622,0.22516624
d__t10y2y_t10y2y__lag084,0.623824,0.200177,0.160715,0.22513349
d__aaa10y_aaa10y__lag042,0.54232,0.219648,0.195396,0.22508681
q__bogz1lm573061133q_private_dc_pension_ts__lag001,1.0,0.129151,0.095926,0.22507742
d__t10y2y_t10y2y__lag080,0.623824,0.201821,0.158953,0.22505958
m__wtisplc_wtisplc__lag012,0.996865,0.07205,0.153656,0.22499803
d__ldgust_tga_fed_alt__lag055,1.0,0.098141,0.126807,0.22494826
d__aaa10y_aaa10y__lag047,0.54232,0.225397,0.189229,0.22485981
d__bamlcc0a1aaatriv_aaa_index__lag076,0.467085,0.268384,0.212994,0.22484416
d__bamlcc0a1aaatriv_aaa_index__lag064,0.467085,0.263455,0.217841,0.22480602
d__ldgust_tga_fed_alt__lag040,1.0,0.124704,0.100086,0.22478934
d__t10y2y_t10y2y__lag070,0.623824,0.206651,0.153521,0.22468431
d__t10y2y_t10y2y__lag058,0.623824,0.211663,0.14844,0.2246414
d__ldgust_tga_fed_alt__lag028,1.0,0.137499,0.087114,0.22461243
d__t10y2y_t10y2y__lag074,0.623824,0.207923,0.152026,0.22454512
d__bamlcc0a1aaatriv_aaa_index__lag007,0.470219,0.270869,0.20661,0.22451999
d__t10y2y_t10y2y__lag081,0.623824,0.203858,0.156017,0.22449912
d__bamlcc0a1aaatriv_aaa_index__lag089,0.467085,0.269766,0.210768,0.22445039
q__bogz1fl713068703q_fed_dw_a__lag002,1.0,0.101501,0.122901,0.22440155
m__awhman_awhman__lag010,1.0,0.067197,0.157153,0.22435027
d__ldgust_tga_fed_alt__lag043,1.0,0.122792,0.101535,0.22432626
d__ldgust_tga_fed_alt__lag042,1.0,0.129305,0.09499,0.2242945
d__bamlcc0a1aaatriv_aaa_index__lag090,0.467085,0.271075,0.208806,0.22414488
m__payems_nonfarm_payrolls__lag004,1.0,0.121903,0.10218,0.22408253
d__ldgust_tga_fed_alt__lag041,1.0,0.127105,0.096849,0.22395337
d__bamlcc0a1aaatriv_aaa_index__lag017,0.467085,0.271791,0.207571,0.22390286
q__bogz1lm473061105q_credit_unions_ts__lag004,0.996865,0.018568,0.206022,0.22388679
q__bogz1lm473061105q_credit_unions_ts_tx__lag004,0.996865,0.018568,0.206022,0.22388679
m__uspriv_uspriv__lag004,1.0,0.122029,0.101786,0.22381419
m__mtsr133fms_fedgov_rcpt__lag009,0.564263,0.180634,0.215983,0.22379614
m__mtsds133fms_fed_surplus_deficit__lag008,0.564263,0.257609,0.138974,0.2237774
d__ldgust_tga_fed_alt__lag081,1.0,0.086992,0.136687,0.2236787
q__bogz1fr553061103q_closed_end_funds_ts_reval__lag007,0.974922,0.134847,0.094576,0.22366907
q__bogz1fa743061103q_usb_tsy_dom_tx__lag001,0.99373,0.069535,0.155511,0.22363562
d__t10y2y_t10y2y__lag077,0.623824,0.204802,0.15365,0.22361092
d__bamlcc0a1aaatriv_aaa_index__lag019,0.467085,0.27145,0.207245,0.22359098
q__a091rc1q027sbea_gov_interest_payments__lag002,0.987461,0.06194,0.164473,0.22357398
q__a091rc1q027sbea_fedgov_int__lag002,0.987461,0.06194,0.164473,0.22357398
q__bogz1lm343061105q_fed_gov_retirement_ts__lag006,0.990596,0.044644,0.180974,0.22349584
q__bogz1lm343061105q_fed_ret_tsy_total__lag006,0.990596,0.044644,0.180974,0.22349584
q__bogz1fl633061105q_mmf_tsy_raw__lag008,0.984326,0.055636,0.171364,0.22344163
q__bogz1fl633061105q_money_market_funds_ts__lag008,0.984326,0.055636,0.171364,0.22344163
q__bogz1fl313161110q_totalbills_z1__lag004,0.996865,0.121473,0.102579,0.22334933
d__ldgust_tga_fed_alt__lag058,1.0,0.100336,0.123008,0.22334443
d__aaa10y_aaa10y__lag041,0.54232,0.214784,0.196837,0.22323047
q__bogz1lm573061105q_private_pension_ts__lag004,0.996865,0.152293,0.071624,0.22321494
d__bamlcc0a1aaatriv_aaa_index__lag086,0.467085,0.267331,0.210526,0.22319981
q__mmmffaq027s_mmf_tfa__lag006,0.990596,0.063799,0.161491,0.22317141
d__ldgust_tga_fed_alt__lag017,1.0,0.148838,0.074313,0.2231507
d__ldgust_tga_fed_alt__lag002,1.0,0.132236,0.090841,0.2230771
d__ldgust_tga_fed_alt__lag083,1.0,0.088597,0.134462,0.22305837
d__t10y2y_t10y2y__lag090,0.623824,0.196074,0.161401,0.22300151
d__bamlcc0a1aaatriv_aaa_index__lag088,0.467085,0.267497,0.209885,0.22297772
d__aaa10y_aaa10y__lag045,0.54232,0.221911,0.189211,0.22295945
d__usepuindxd_policy_uncertainty__lag085,0.517241,0.25973,0.171297,0.2229451
d__t10y2y_t10y2y__lag069,0.623824,0.207364,0.149965,0.22291051
d__ldgust_tga_fed_alt__lag001,1.0,0.132473,0.090435,0.22290836
d__t10y2y_t10y2y__lag065,0.623824,0.210501,0.146702,0.22283186
d__bamlcc0a1aaatriv_aaa_index__lag085,0.467085,0.267673,0.209274,0.2227746
d__ldgust_tga_fed_alt__lag039,1.0,0.123826,0.0989,0.22272625
d__bamlcc0a1aaatriv_aaa_index__lag084,0.467085,0.268297,0.208301,0.22261152
d__bamlcc0a1aaatriv_aaa_index__lag081,0.467085,0.26663,0.209637,0.22245701
d__ldgust_tga_fed_alt__lag044,1.0,0.116221,0.106186,0.22240739
q__bogz1fl673061103q_abs_issuers_ts__lag001,1.0,0.058235,0.164171,0.22240546
q__ophnfb_nflabor_productivity__lag003,0.984326,0.144617,0.081326,0.2224013
d__t10y2y_t10y2y__lag076,0.623824,0.205853,0.150653,0.22239757
d__bamlcc0a1aaatriv_aaa_index__lag078,0.467085,0.266853,0.209106,0.22231327
q__bogz1fl263061130q_row_gov_tsy__lag007,0.987461,0.130053,0.095044,0.22227489
d__ldgust_tga_fed_alt__lag038,1.0,0.124582,0.09763,0.22221222
d__bamlcc0a1aaatriv_aaa_index__lag082,0.467085,0.26672,0.208852,0.22213271
d__vixcls_vixcls__lag019,0.454545,0.123593,0.364987,0.22208207
q__bogz1fa343061105q_fed_gov_retirement_ts_tx__lag005,0.981191,0.056989,0.169262,0.22199501
d__ldgust_tga_fed_alt__lag071,1.0,0.098546,0.123319,0.22186506
q__bogz1fl543061165q_life_insurance_ts__lag005,0.99373,0.125709,0.097475,0.22178438
d__t10y2y_t10y2y__lag068,0.623824,0.207849,0.147325,0.22156622
d__usepuindxd_policy_uncertainty__lag022,0.517241,0.205839,0.22232,0.22146153
m__mvmtd027mnfrbdal_mv_mkt_debt__lag004,1.0,0.147099,0.074288,0.22138648
q__bogz1fa633061105q_money_market_funds_ts_tx__lag001,0.99373,0.086607,0.136085,0.22129592
m__usalolitoaastsam_oecd_leading_indicator_us__lag001,0.893417,0.087077,0.160617,0.22129364
d__bamlcc0a1aaatriv_aaa_index__lag083,0.467085,0.266237,0.2075,0.22127537
q__bogz1fa563061103q_etfs_ts_tx__lag004,0.984326,0.08562,0.139119,0.22121653
m__dspic96_real_dpi__lag001,0.84326,0.171768,0.090202,0.22090837
q__bogz1lm153061105q_hhnp_tsy__lag001,1.0,0.074312,0.14641,0.22072241
d__bamlcc0a1aaatriv_aaa_index__lag079,0.467085,0.265414,0.206943,0.22063103
d__bamlcc0a1aaatriv_aaa_index__lag008,0.470219,0.271637,0.197328,0.22051668
q__bogz1fl743061103q_usb_tsy_dom__lag004,0.996865,0.067863,0.153346,0.22051596
d__ldgust_tga_fed_alt__lag045,1.0,0.111166,0.109185,0.22035039
q__b639rg3q086sbea_exp_ind_pi__lag003,0.733542,0.115316,0.185042,0.22032567
d__bamlcc0a1aaatriv_aaa_index__lag080,0.467085,0.264902,0.206699,0.22027788
q__bogz1fl383061105q_dom_nonfin_sector_tsy__lag007,0.987461,0.134869,0.088084,0.22015677
d__ldgust_tga_fed_alt__lag023,1.0,0.140255,0.079872,0.22012632
q__bogz1fr713061113q_cb_bills_reval__lag001,0.99373,0.08944,0.131961,0.22001309
d__ldgust_tga_fed_alt__lag029,1.0,0.13669,0.083306,0.21999591
m__wpu0561_ppi_crude__lag005,0.990596,0.026208,0.195559,0.21968192
d__t10y2y_t10y2y__lag088,0.623824,0.196226,0.155702,0.2195409
d__t10y2y_t10y2y__lag089,0.623824,0.191861,0.160037,0.21952288
q__bogz1fr763061100q_usb_tsy_oth_reval__lag002,0.990596,0.06235,0.159252,0.21951783
q__bogz1lm223061143q_state_local_db_retirement_ts__lag008,0.984326,0.162508,0.060447,0.21946037
q__bogz1fl262151003q_row_repo__lag005,0.99373,0.185098,0.035708,0.21942157
d__t10y2y_t10y2y__lag067,0.623824,0.205374,0.146157,0.21929405
d__bamlcc0a1aaatriv_aaa_index__lag015,0.470219,0.269897,0.196161,0.21914954
d__ldgust_tga_fed_alt__lag080,1.0,0.082155,0.136975,0.21913021
d__t10y2y_t10y2y__lag086,0.623824,0.197857,0.153189,0.21899098
q__bogz1lm223061143q_state_local_db_retirement_ts__lag006,0.990596,0.140645,0.080368,0.21893415
m__dspic96_real_dpi__lag003,0.84326,0.17141,0.088211,0.21892857
d__aaa10y_aaa10y__lag046,0.54232,0.221009,0.182632,0.21890248
d__t10y2y_t10y2y__lag087,0.623824,0.195205,0.155533,0.21879894
d__usepuindxd_policy_uncertainty__lag075,0.517241,0.186351,0.236142,0.21853095
q__bogz1fa753061103q_usb_tsy_for_tx__lag003,0.987461,0.076197,0.145043,0.21846566
m__ppiaco_ppiaco__lag012,1.0,0.043744,0.174514,0.2182573
m__pcedg_pcedg__lag012,0.833856,0.080337,0.181267,0.21813957
q__fbtsaaq027s_dom_fin_sector_tsy__lag007,0.987461,0.046959,0.173903,0.21809331
m__dspic96_real_dpi__lag004,0.840125,0.201597,0.057566,0.21772928
q__bogz1fl892050005q_all_ffrepo__lag007,0.987461,0.066758,0.153538,0.21753322
m__mvphgfd027mnfrbdal_mvphgfd027mnfrbdal__lag005,1.0,0.147529,0.069997,0.21752556
m__mvphgfd027mnfrbdal_mv_priv_debt__lag005,1.0,0.147529,0.069997,0.21752556
q__bogz1fl262051003q_row_rrp__lag005,0.99373,0.044225,0.174649,0.2175009
d__ldgust_tga_fed_alt__lag070,1.0,0.090554,0.126846,0.21739981
q__w006rc1q027sbea_gov_tax_receipts__lag006,0.974922,0.055836,0.167007,0.2172539
q__bogz1lm213061103q_state_local_gov_ts__lag002,1.0,0.025519,0.191704,0.21722399
d__t10y2y_t10y2y__lag066,0.623824,0.204175,0.14378,0.21706237
d__aaa10y_aaa10y__lag053,0.54232,0.220372,0.179641,0.21693464
q__b639rg3q086sbea_exp_ind_pi__lag002,0.736677,0.109324,0.18504,0.21685075
q__rowgseq027s_row_agency_flow__lag006,0.978056,0.012796,0.208912,0.21684269
d__ldgust_tga_fed_alt__lag079,1.0,0.083937,0.132905,0.21684161
d__aaa10y_aaa10y__lag044,0.54232,0.212846,0.186941,0.21681208
d__bamlcc0a1aaatriv_aaa_index__lag009,0.470219,0.27077,0.190166,0.21674145
q__bogz1fl713061103q_fed_tsy__lag002,1.0,0.103004,0.113726,0.21673007
q__bogz1fl713061103q_fed_tsy_raw__lag002,1.0,0.103004,0.113726,0.21673007
q__bogz1fl713061103q_cb_tsy__lag002,1.0,0.103004,0.113726,0.21673007
d__vixcls_vixcls__lag021,0.454545,0.140197,0.336539,0.21669804
d__vixcls_vixcls__lag017,0.454545,0.124317,0.352239,0.21661633
d__ldgust_tga_fed_alt__lag069,1.0,0.088686,0.127904,0.21659008
m__hqmcb10yrp_hqm10y__lag012,0.520376,0.203533,0.212606,0.216549
q__bogz1fl633061110q_mmf_bills_raw__lag005,0.99373,0.030668,0.187158,0.21645985
q__bogz1fl633061110q_mmf_bills__lag005,0.99373,0.030668,0.187158,0.21645985
m__permit_permit__lag001,0.830721,0.1244,0.136148,0.21644247
m__dspic96_real_dpi__lag009,0.836991,0.18726,0.071329,0.21643617
m__permit_permit__lag002,0.830721,0.138027,0.122463,0.21639494
m__permit_permit__lag004,0.827586,0.140395,0.120989,0.21631809
m__mvphgfd027mnfrbdal_mvphgfd027mnfrbdal__lag004,1.0,0.146877,0.06944,0.21631715
m__mvphgfd027mnfrbdal_mv_priv_debt__lag004,1.0,0.146877,0.06944,0.21631715
q__bogz1fr553061103q_closed_end_funds_ts_reval__lag006,0.978056,0.08598,0.135094,0.21622322
m__houst_houst__lag004,0.840125,0.148718,0.108585,0.21616672
d__ldgust_tga_fed_alt__lag078,1.0,0.086622,0.129478,0.21610077
d__dexchus_dexchus__lag025,0.567398,0.226646,0.154177,0.21607822
q__bogz1lm543061115q_li_bills__lag008,0.984326,0.123876,0.095598,0.21603364
m__mvphgfd027mnfrbdal_mvphgfd027mnfrbdal__lag003,1.0,0.146717,0.069305,0.21602185
m__mvphgfd027mnfrbdal_mv_priv_debt__lag003,1.0,0.146717,0.069305,0.21602185
d__dexchus_dexchus__lag024,0.567398,0.225199,0.155513,0.2160152
q__bogz1fl713061113q_cb_bills_raw__lag002,1.0,0.008365,0.207527,0.215892
q__bogz1fl713061113q_cb_bills__lag002,1.0,0.008365,0.207527,0.215892
d__dexchus_dexchus__lag023,0.567398,0.225673,0.154772,0.21586363
q__drtscilm_loan_tight__lag002,0.445141,0.250687,0.234208,0.21584652
d__dexchus_dexchus__lag016,0.567398,0.228159,0.152177,0.2158022
m__mvphgfd027mnfrbdal_mvphgfd027mnfrbdal__lag006,1.0,0.14782,0.067945,0.21576485
m__mvphgfd027mnfrbdal_mv_priv_debt__lag006,1.0,0.14782,0.067945,0.21576485
q__bogz1fr103061103q_nfcb_tsy_reval__lag002,0.990596,0.037527,0.180284,0.21576203
q__b093rc1q027sbea_gov_int_row__lag006,0.974922,0.138529,0.082756,0.21573518
d__usepuindxd_policy_uncertainty__lag058,0.517241,0.265132,0.151861,0.21568623
q__bogz1lm263061105q_row_tsy_raw__lag003,1.0,0.126361,0.089308,0.21566981
q__bogz1lm263061105q_row_tsy__lag003,1.0,0.126361,0.089308,0.21566981
d__aaa10y_aaa10y__lag052,0.54232,0.217901,0.179761,0.21566008
d__dexchus_dexchus__lag021,0.567398,0.226066,0.153873,0.21557634
m__busloans_busloans__lag012,0.984326,0.14977,0.069231,0.21556811
d__ldgust_tga_fed_alt__lag059,1.0,0.090491,0.124983,0.21547329
d__ldgust_tga_fed_alt__lag068,1.0,0.090614,0.124748,0.21536174
q__rowcpaq027s_row_commercialpaper_flow__lag007,0.974922,0.089648,0.13121,0.21531967
d__dexchus_dexchus__lag022,0.567398,0.225571,0.153871,0.21529443
d__dexchus_dexchus__lag017,0.567398,0.229066,0.150341,0.21527477
d__dexchus_dexchus__lag001,0.567398,0.22901,0.150073,0.21509141
d__aaa10y_aaa10y__lag043,0.54232,0.211446,0.184921,0.21495775
d__dexchus_dexchus__lag004,0.567398,0.228536,0.150129,0.214854
d__ldgust_tga_fed_alt__lag046,1.0,0.103377,0.11145,0.21482745
d__dexchus_dexchus__lag015,0.567398,0.227672,0.150809,0.21474955
q__bogz1lm733061103q_holding_companies_ts__lag004,0.996865,0.013889,0.201476,0.21468981
d__dexchus_dexchus__lag003,0.567398,0.22868,0.149577,0.2146218
q__fbtsaaq027s_dom_fin_sector_tsy__lag002,1.0,0.141142,0.073406,0.21454767
m__totresns_res__lag004,0.840125,0.111903,0.143433,0.21451411
d__ldgust_tga_fed_alt__lag051,1.0,0.098719,0.11566,0.21437837
q__bogz1lm473061105q_credit_unions_ts__lag003,1.0,0.022776,0.191498,0.2142737
q__bogz1lm473061105q_credit_unions_ts_tx__lag003,1.0,0.022776,0.191498,0.2142737
d__dexchus_dexchus__lag005,0.567398,0.227114,0.150468,0.21423913
q__bogz1fl383061105q_dom_nonfin_sector_tsy__lag005,0.99373,0.135607,0.07997,0.2142253
q__bogz1fl264135005q_row_loans_l__lag005,0.99373,0.149577,0.065896,0.21412194
m__mvphgfd027mnfrbdal_mvphgfd027mnfrbdal__lag007,1.0,0.147171,0.066942,0.2141126
m__mvphgfd027mnfrbdal_mv_priv_debt__lag007,1.0,0.147171,0.066942,0.2141126
q__bogz1lm263061110q_row_bills_raw__lag006,0.990596,0.098588,0.11749,0.21404539
q__bogz1lm263061110q_row_bills__lag006,0.990596,0.098588,0.11749,0.21404539
q__bogz1fr563061103q_etfs_ts_reval__lag001,0.99373,0.028186,0.187076,0.21391198
d__ldgust_tga_fed_alt__lag072,1.0,0.094548,0.11922,0.21376761
q__rowmfsq027s_row_mutualfundshares_flow__lag002,0.990596,0.085522,0.130243,0.21373556
d__vixcls_vixcls__lag018,0.454545,0.122427,0.347779,0.2137299
q__bogz1fl513061115q_pci_bills_raw__lag003,1.0,0.068506,0.145093,0.21359857
q__bogz1fl513061115q_pci_bills__lag003,1.0,0.068506,0.145093,0.21359857
d__dexchus_dexchus__lag008,0.567398,0.223814,0.152523,0.21353291
d__dexchus_dexchus__lag026,0.567398,0.22408,0.152091,0.21343851
d__dexchus_dexchus__lag006,0.567398,0.224086,0.151956,0.21336572
q__bogz1fa263061145q_row_priv_tsy_tx__lag006,0.978056,0.021908,0.196091,0.21321502
d__ldgust_tga_fed_alt__lag050,1.0,0.098043,0.11511,0.21315268
q__hnotsbq027s_hhnp_tsy_tx__lag006,0.978056,0.116428,0.101346,0.21299526
d__ldgust_tga_fed_alt__lag022,1.0,0.136541,0.076341,0.21288163
d__dexchus_dexchus__lag019,0.567398,0.22429,0.150691,0.21276308
d__ldgust_tga_fed_alt__lag067,1.0,0.088907,0.12377,0.2126768
d__usepuindxd_policy_uncertainty__lag017,0.517241,0.126476,0.283998,0.2123141
d__dexchus_dexchus__lag020,0.567398,0.226239,0.147821,0.21224128
q__bogz1lm343061165q_fed_gov_db_retirement_ts__lag005,0.99373,0.087478,0.12608,0.21221844
q__bogz1lm343061165q_fed_ret_tsy_db__lag005,0.99373,0.087478,0.12608,0.21221844
m__mvphgfd027mnfrbdal_mvphgfd027mnfrbdal__lag002,1.0,0.144427,0.067782,0.21220984
m__mvphgfd027mnfrbdal_mv_priv_debt__lag002,1.0,0.144427,0.067782,0.21220984
d__dexchus_dexchus__lag032,0.567398,0.223986,0.149842,0.21210894
m__dspic96_real_dpi__lag006,0.840125,0.189659,0.062773,0.21207389
q__bogz1lm473061105q_credit_unions_ts__lag006,0.990596,0.017317,0.196767,0.21206997
q__bogz1lm473061105q_credit_unions_ts_tx__lag006,0.990596,0.017317,0.196767,0.21206997
m__uspriv_uspriv__lag007,1.0,0.119714,0.0923,0.21201383
m__mvmtd027mnfrbdal_mv_mkt_debt__lag005,1.0,0.141101,0.070839,0.21194025
q__bogz1fr343061165q_fed_gov_db_retirement_ts_reval__lag006,0.978056,0.077309,0.139374,0.21192752
d__dexchus_dexchus__lag018,0.567398,0.226092,0.147248,0.21183243
d__dexchus_dexchus__lag030,0.567398,0.223764,0.149422,0.21174514
d__bamlcc0a1aaatriv_aaa_index__lag013,0.470219,0.271075,0.179075,0.21166925
d__dexchus_dexchus__lag034,0.567398,0.222101,0.150786,0.2115754
d__dexchus_dexchus__lag033,0.567398,0.222989,0.149893,0.21157306
q__bogz1fa743061103q_usb_tsy_dom_tx__lag005,0.981191,0.073005,0.142623,0.21157261
d__dexchus_dexchus__lag010,0.567398,0.224037,0.148755,0.21152145
d__dexchus_dexchus__lag028,0.567398,0.222231,0.150488,0.21147992
q__bogz1lm473061105q_credit_unions_ts__lag007,0.987461,0.025981,0.18817,0.21146569
q__bogz1lm473061105q_credit_unions_ts_tx__lag007,0.987461,0.025981,0.18817,0.21146569
d__dexchus_dexchus__lag036,0.567398,0.221922,0.15076,0.211459
d__bamlcc0a1aaatriv_aaa_index__lag014,0.470219,0.270218,0.179482,0.21145809
d__dexchus_dexchus__lag035,0.567398,0.222418,0.149961,0.21128739
q__rowceaq027s_row_corpequities_flow__lag007,0.974922,0.057691,0.158983,0.21124019
m__mtsds133fms_fed_surplus_deficit__lag001,0.570533,0.182112,0.188128,0.2112337
q__w326rc1q027sbea_net_op_surplus__lag004,0.981191,0.056503,0.158777,0.21123123
q__bogz1fl264135005q_row_loans_l__lag004,0.996865,0.135035,0.076833,0.21120408
q__bogz1fl543061165q_life_insurance_ts__lag006,0.990596,0.11958,0.093594,0.21116928
d__dexchus_dexchus__lag002,0.567398,0.227222,0.144925,0.21115543
d__ldgust_tga_fed_alt__lag047,1.0,0.09705,0.114058,0.21110769
d__dexchus_dexchus__lag031,0.567398,0.223962,0.147755,0.2109113
q__bogz1fl763061100q_usb_tsy_oth__lag004,0.996865,0.028906,0.182368,0.21061206
q__bogz1fl573061143q_private_db_pension_ts__lag006,0.990596,0.152798,0.059802,0.21060075
d__dexchus_dexchus__lag029,0.567398,0.223361,0.147686,0.21053127
d__ldgust_tga_fed_alt__lag049,1.0,0.100138,0.11031,0.21044846
q__rowtsaq027s_row_tsy_tx__lag008,0.971787,0.037798,0.178621,0.21031338
d__dexchus_dexchus__lag014,0.567398,0.223119,0.147409,0.21023682
d__bamlcc0a1aaatriv_aaa_index__lag011,0.470219,0.272757,0.174282,0.21020666
m__busloans_busloans__lag011,0.984326,0.145,0.068529,0.21018131
d__dexchus_dexchus__lag009,0.567398,0.222294,0.148099,0.21015995
d__ldgust_tga_fed_alt__lag030,1.0,0.129481,0.080671,0.21015231
q__bogz1fl313161305q_gov_nonmarketable_ts__lag003,1.0,0.075843,0.134269,0.21011262
d__ldgust_tga_fed_alt__lag019,1.0,0.139336,0.070728,0.21006327
m__baaffm_baaff__lag006,0.896552,0.143709,0.090588,0.21005938
q__b093rc1q027sbea_gov_int_row__lag001,0.990596,0.05763,0.154415,0.21005058
d__dexchus_dexchus__lag011,0.567398,0.222483,0.147715,0.21004958
q__bogz1fa553061103q_closed_end_funds_ts_tx__lag004,0.984326,0.106298,0.107096,0.21004944
m__mvphgfd027mnfrbdal_mvphgfd027mnfrbdal__lag008,1.0,0.137983,0.072018,0.21000087
m__mvphgfd027mnfrbdal_mv_priv_debt__lag008,1.0,0.137983,0.072018,0.21000087
d__ldgust_tga_fed_alt__lag060,1.0,0.078835,0.131152,0.20998653
d__wimfsl_immf__lag001,0.579937,0.249282,0.1128,0.20998467
m__mvphgfd027mnfrbdal_mvphgfd027mnfrbdal__lag009,1.0,0.134822,0.074996,0.20981788
m__mvphgfd027mnfrbdal_mv_priv_debt__lag009,1.0,0.134822,0.074996,0.20981788
m__dspic96_real_dpi__lag010,0.833856,0.134078,0.117448,0.20973649
m__bogmbase_mb__lag002,0.84326,0.142302,0.106405,0.20972494
q__bogz1fa343061123q_fed_gov_dcg_retirement_ts_tx__lag002,0.990596,0.059434,0.152265,0.20970813
q__bogz1fl543061175q_life_insurance_ts__lag007,0.987461,0.096304,0.11604,0.20968178
d__ldgust_tga_fed_alt__lag077,1.0,0.087205,0.122412,0.20961683
d__dexchus_dexchus__lag027,0.567398,0.222866,0.146469,0.20955996
q__bogz1fl702150005q_usb_ffrepo__lag005,0.99373,0.038367,0.172451,0.20949593
d__dexchus_dexchus__lag007,0.567398,0.222253,0.146952,0.20948635
d__wimfsl_immf__lag002,0.579937,0.248806,0.112297,0.20941705
q__bogz1fl892050005q_all_ffrepo__lag001,1.0,0.073803,0.135609,0.20941202
q__mmmffaq027s_mmf_tfa__lag007,0.987461,0.040732,0.17134,0.20941197
d__ldgust_tga_fed_alt__lag037,1.0,0.119669,0.08959,0.20925932
d__bamlcc0a1aaatriv_aaa_index__lag010,0.470219,0.271406,0.173445,0.20917733
m__mvphgfd027mnfrbdal_mvphgfd027mnfrbdal__lag010,1.0,0.135256,0.073788,0.20904397
m__mvphgfd027mnfrbdal_mv_priv_debt__lag010,1.0,0.135256,0.073788,0.20904397
m__payems_nonfarm_payrolls__lag007,1.0,0.117805,0.091214,0.20901866
q__bogz1fl264135005q_row_loans_l__lag006,0.990596,0.128159,0.08282,0.20899514
q__w326rc1q027sbea_net_op_surplus__lag003,0.984326,0.047729,0.164483,0.20888642
d__ldgust_tga_fed_alt__lag048,1.0,0.099139,0.109555,0.20869339
d__bamlcc0a1aaatriv_aaa_index__lag012,0.470219,0.271059,0.172732,0.20867937
m__wtisplc_wtisplc__lag006,1.0,0.040463,0.168112,0.2085754
d__dexchus_dexchus__lag044,0.567398,0.221884,0.145419,0.20840748
d__ldgust_tga_fed_alt__lag066,1.0,0.085958,0.122243,0.20820121
d__ldgust_tga_fed_alt__lag018,1.0,0.131695,0.07648,0.20817478
d__ldgust_tga_fed_alt__lag076,1.0,0.088371,0.119773,0.20814454
d__dexchus_dexchus__lag037,0.567398,0.219165,0.147666,0.20813952
d__usepuindxd_policy_uncertainty__lag059,0.517241,0.234548,0.167594,0.20800448
d__dexchus_dexchus__lag012,0.567398,0.221477,0.144944,0.20790632
q__bogz1fl313024000q_tres_oper_cash__lag008,0.984326,0.019451,0.191703,0.2078448
d__ldgust_tga_fed_alt__lag021,1.0,0.135458,0.072321,0.20777939
d__ldgust_tga_fed_alt__lag020,1.0,0.135995,0.071698,0.20769351
d__dexchus_dexchus__lag045,0.567398,0.220545,0.14549,0.20768759
q__bogz1fl543461113q_li_bills__lag004,0.996865,0.127186,0.081081,0.20761443
d__dexchus_dexchus__lag013,0.567398,0.221695,0.143424,0.2071681
m__permit_permit__lag003,0.830721,0.13317,0.11605,0.20703257
q__bogz1lm733061103q_holding_companies_ts__lag005,0.99373,0.005046,0.203276,0.207016
m__ppiaco_ppiaco__lag011,1.0,0.045258,0.161649,0.20690722
m__wtisplc_wtisplc__lag007,1.0,0.0378,0.169032,0.20683246
d__stlfsi4_stlfed_fin_stress_idx__lag001,0.407524,0.061548,0.44595,0.20681724
d__dexchus_dexchus__lag038,0.567398,0.216914,0.147436,0.20673145
d__dexchus_dexchus__lag043,0.567398,0.219523,0.144824,0.20672952
m__ppiaco_ppiaco__lag010,1.0,0.045551,0.161128,0.20667911
d__ldgust_tga_fed_alt__lag031,1.0,0.127068,0.079589,0.20665698
m__mtsds133fms_fed_surplus_deficit__lag004,0.567398,0.221884,0.142088,0.20651713
q__bogz1fa383061105q_dom_nonfin_sector_tsy_tx__lag005,0.981191,0.064825,0.145481,0.20635083
q__bogz1lm103061103q_nfcb_tsy__lag001,1.0,0.048671,0.157676,0.20634684
d__dexchus_dexchus__lag046,0.567398,0.219021,0.144619,0.20632899
m__mvmtd027mnfrbdal_mv_mkt_debt__lag006,1.0,0.141228,0.065033,0.20626095
d__ldgust_tga_fed_alt__lag065,1.0,0.08082,0.125402,0.20622221
d__dexchus_dexchus__lag039,0.567398,0.216624,0.146514,0.20604406
q__bogz1fa713061103q_cb_tsy_tx__lag006,0.978056,0.034246,0.176313,0.20593842
q__bogz1fl503061123q_ccps_ts__lag002,1.0,0.119336,0.086402,0.20573828
d__dexchus_dexchus__lag040,0.567398,0.218317,0.144043,0.20560235
q__bogz1lm653061105q_mf_tsy_raw__lag002,1.0,0.091035,0.114499,0.20553471
q__bogz1lm653061105q_mutual_funds_ts__lag002,1.0,0.091035,0.114499,0.20553471
q__bogz1fl263061130q_row_gov_tsy__lag008,0.984326,0.112106,0.096679,0.20551159
q__bogz1fr513061105q_pc_insurance_ts_reval__lag007,0.974922,0.139308,0.071387,0.20541088
m__mvphgfd027mnfrbdal_mvphgfd027mnfrbdal__lag001,1.0,0.140786,0.064621,0.20540723
m__mvphgfd027mnfrbdal_mv_priv_debt__lag001,1.0,0.140786,0.064621,0.20540723
q__bogz1fl264135005a_row_loans_l__lag007,0.996865,0.136101,0.069952,0.20540645
q__bogz1fr153061105q_hhnp_tsy_reval__lag001,0.99373,0.077719,0.128944,0.20536717
m__awhman_awhman__lag011,1.0,0.095229,0.110093,0.20532204
m__ppiaco_ppiaco__lag009,1.0,0.047236,0.15805,0.20528582
q__bogz1fl663061165q_brokers_dealers_long_ts__lag002,1.0,0.088295,0.116756,0.20505099
d__dexchus_dexchus__lag041,0.567398,0.218973,0.142406,0.20504568
m__mich_mich__lag005,0.601881,0.125226,0.215405,0.20501933
q__bogz1lm343061113q_fed_gov_dcf_retirement_ts__lag005,0.99373,0.103086,0.103198,0.2049906
q__bogz1lm343061113q_fed_gov_dc_retirement_ts__lag005,0.99373,0.103086,0.103198,0.2049906
q__bogz1lm343061113q_fed_ret_tsy_dc__lag005,0.99373,0.103086,0.103198,0.2049906
d__dexchus_dexchus__lag042,0.567398,0.218685,0.142326,0.20483746
q__w328rc1q027sbea_nfcb_pat__lag004,0.981191,0.04763,0.160989,0.20469476
m__pcedg_pcedg__lag009,0.836991,0.080945,0.163548,0.20463823
d__dexchus_dexchus__lag047,0.567398,0.218075,0.142223,0.20443252
m__dspic96_real_dpi__lag007,0.836991,0.161817,0.08241,0.20441584
q__bogz1fa473061105q_credit_unions_ts_tx__lag003,0.987461,0.103711,0.103209,0.2043245
q__bogz1fl743061103q_usb_tsy_dom__lag008,0.984326,0.042948,0.16454,0.20423547
q__bogz1fl633061110q_mmf_bills_raw__lag006,0.990596,0.038205,0.167832,0.20409938
q__bogz1fl633061110q_mmf_bills__lag006,0.990596,0.038205,0.167832,0.20409938
q__bogz1fl543061165q_life_insurance_ts__lag007,0.987461,0.120396,0.086189,0.20399436
d__stlfsi4_stlfed_fin_stress_idx__lag004,0.404389,0.05753,0.446898,0.20398501
q__bogz1lm733061103q_holding_companies_ts__lag007,0.987461,0.022827,0.183743,0.20397988
q__bogz1lm573061133q_private_dc_pension_ts__lag002,1.0,0.121529,0.082276,0.20380542
d__stlfsi4_stlfed_fin_stress_idx__lag003,0.404389,0.057232,0.446655,0.20376622
d__dexcaus_dexcaus__lag024,0.69279,0.126547,0.167463,0.20368722
d__ldgust_tga_fed_alt__lag075,1.0,0.088089,0.115535,0.20362445
d__ldgust_tga_fed_alt__lag064,1.0,0.078602,0.124965,0.20356699
m__totresns_res__lag005,0.840125,0.100516,0.141717,0.2035063
q__bogz1fl383061105q_dom_nonfin_sector_tsy__lag002,1.0,0.088203,0.11496,0.20316287
q__bogz1fl262051003q_row_rrp__lag006,0.990596,0.036997,0.168053,0.20312175
q__bogz1lm733061103q_holding_companies_ts__lag006,0.990596,0.02027,0.18472,0.20306224
d__ldgust_tga_fed_alt__lag035,1.0,0.116819,0.086125,0.20294453
d__dexchus_dexchus__lag050,0.567398,0.212812,0.144814,0.20291641
d__ldgust_tga_fed_alt__lag062,1.0,0.079319,0.123589,0.20290758
d__ldgust_tga_fed_alt__lag061,1.0,0.080689,0.122213,0.20290207
q__bogz1fl262151003q_row_repo__lag006,0.990596,0.153143,0.051616,0.20283406
d__vixcls_vixcls__lag022,0.454545,0.152107,0.294124,0.20283238
m__baaffm_baaff__lag007,0.893417,0.149175,0.07784,0.20281886
d__dexchus_dexchus__lag049,0.567398,0.215034,0.142403,0.20280947
d__ldgust_tga_fed_alt__lag036,1.0,0.116062,0.086466,0.20252812
d__dexchus_dexchus__lag051,0.567398,0.215235,0.141669,0.20250688
d__dexchus_dexchus__lag048,0.567398,0.21624,0.140632,0.20248819
q__mmmffaq027s_mmf_tfa__lag008,0.984326,0.016606,0.188985,0.20236784
q__mmmffaq027s_mmf_tfa__lag001,1.0,0.110399,0.091929,0.20232767
q__bogz1fl702150005q_usb_ffrepo__lag003,1.0,0.009226,0.193099,0.20232503
d__dexcaus_dexcaus__lag025,0.69279,0.123486,0.168455,0.20225353
d__usepuindxd_policy_uncertainty__lag074,0.517241,0.245668,0.145327,0.20223917
m__wpu0561_ppi_crude__lag012,0.984326,0.061089,0.144284,0.20215387
m__bogmbase_mb__lag003,0.84326,0.125655,0.113908,0.20201328
d__ldgust_tga_fed_alt__lag033,1.0,0.114469,0.087529,0.20199801
m__mvmtd027mnfrbdal_mv_mkt_debt__lag007,1.0,0.137137,0.064681,0.2018178
q__bogz1fa513061105q_pc_insurance_ts_tx__lag001,0.99373,0.017801,0.185264,0.20179106
d__ldgust_tga_fed_alt__lag032,1.0,0.119778,0.081991,0.20176861
q__bogz1fl593061105q_pension_ts__lag004,0.996865,0.126434,0.075922,0.20172117
q__bogz1lm223061143q_state_local_db_retirement_ts__lag007,0.987461,0.141862,0.062401,0.20170135
q__bogz1fa343061105q_fed_gov_retirement_ts_tx__lag002,0.990596,0.087776,0.115726,0.20158783
d__ldgust_tga_fed_alt__lag034,1.0,0.115439,0.085914,0.20135344
d__ldgust_tga_fed_alt__lag073,1.0,0.093115,0.10817,0.20128525
q__bogz1lm343061105q_fed_gov_retirement_ts__lag007,0.987461,0.093864,0.109836,0.20114597
q__bogz1lm343061105q_fed_ret_tsy_total__lag007,0.987461,0.093864,0.109836,0.20114597
q__bogz1fr153061105q_hhnp_tsy_reval__lag006,0.978056,0.047952,0.157583,0.20102539
d__baa10y_baa10y__lag009,0.504702,0.119964,0.278255,0.20098212
q__bogz1fl264035005q_row_loans_a__lag007,0.987461,0.132307,0.071222,0.20097764
d__dexchus_dexchus__lag055,0.567398,0.213927,0.139914,0.2007686
d__dexchus_dexchus__lag052,0.567398,0.215147,0.138649,0.20074304
d__dexchus_dexchus__lag062,0.567398,0.206626,0.146917,0.20059973
q__bogz1fl892050005q_all_ffrepo__lag002,1.0,0.050937,0.149661,0.20059775
d__dexcaus_dexcaus__lag027,0.69279,0.122259,0.167121,0.20047912
m__ltdacbm027nbog_ltd__lag011,0.658307,0.200104,0.104378,0.20044302
d__dexchus_dexchus__lag070,0.567398,0.205176,0.148061,0.20042592
d__dexchus_dexchus__lag072,0.567398,0.205471,0.147707,0.20039256
d__dexchus_dexchus__lag061,0.567398,0.20469,0.148425,0.20035701
d__usepuindxd_policy_uncertainty__lag009,0.517241,0.086274,0.301059,0.20034511
d__usepuindxd_policy_uncertainty__lag082,0.517241,0.279454,0.107473,0.2001348
d__stlfsi4_stlfed_fin_stress_idx__lag002,0.404389,0.051944,0.442512,0.19995245
d__baa10y_baa10y__lag010,0.504702,0.121669,0.274421,0.19990711
d__ldgust_tga_fed_alt__lag063,1.0,0.07285,0.127024,0.19987439
d__ldgust_tga_fed_alt__lag074,1.0,0.09109,0.108727,0.19981777
q__w328rc1q027sbea_nfcb_pat__lag003,0.984326,0.034823,0.168168,0.19980874
d__dexchus_dexchus__lag060,0.567398,0.205543,0.146591,0.19980007
d__dexchus_dexchus__lag054,0.567398,0.211976,0.139918,0.19966423
q__bogz1fl543461113q_li_bills__lag003,1.0,0.129861,0.069786,0.19964719
q__fbtsaaq027s_dom_fin_sector_tsy__lag006,0.990596,0.040994,0.160542,0.19964116
d__dexchus_dexchus__lag053,0.567398,0.212042,0.139359,0.19938395
q__bogz1fl543461113q_li_bills__lag008,0.984326,0.141209,0.061322,0.19935634
q__bogz1fl264135005a_row_loans_l__lag005,1.0,0.118062,0.081209,0.19927177
q__bogz1fa713068703q_fed_dw_tx__lag004,0.984326,0.104051,0.098311,0.19919018
d__dexchus_dexchus__lag063,0.567398,0.204711,0.14631,0.19916854
q__b092rc1q027sbea_gov_int_priv__lag002,0.824451,0.068072,0.173361,0.19904937
q__bogz1fl313161110q_totalbills_z1__lag008,0.984326,0.031167,0.171041,0.19903805
d__dexchus_dexchus__lag071,0.567398,0.203506,0.147135,0.19895272
q__rowstaq027s_row_stloan_a__lag007,0.987461,0.093367,0.108048,0.1988898
d__baa10y_baa10y__lag011,0.504702,0.120801,0.27308,0.19879283
d__dexchus_dexchus__lag066,0.567398,0.20257,0.147602,0.19868678
q__bogz1fa553061103q_closed_end_funds_ts_tx__lag003,0.987461,0.01802,0.183141,0.19863904
d__dexchus_dexchus__lag074,0.567398,0.202772,0.147311,0.19863634
q__bogz1fl264135005a_row_loans_l__lag006,1.0,0.135517,0.063088,0.19860494
q__bogz1fl884135005q_dom_loan_l__lag008,0.984326,0.119003,0.082762,0.19860281
d__dexchus_dexchus__lag056,0.567398,0.210323,0.139477,0.19847569
d__dexchus_dexchus__lag065,0.567398,0.201416,0.148366,0.1984654
q__bopbca_bopbca__lag007,0.808777,0.092397,0.152885,0.1983788
d__dexcaus_dexcaus__lag026,0.69279,0.120685,0.165424,0.198213
q__rowmmfq027s_row_moneymarketfundshares_flow__lag004,0.984326,0.111336,0.089965,0.19814575
d__dexcaus_dexcaus__lag028,0.69279,0.123566,0.162352,0.19808159
d__dexchus_dexchus__lag057,0.567398,0.214297,0.134795,0.19807435
d__dexchus_dexchus__lag069,0.567398,0.203451,0.145272,0.19786446
q__bogz1fa543461113q_li_bills_tx__lag004,0.984326,0.048318,0.152692,0.19785923
d__dexcaus_dexcaus__lag038,0.69279,0.113354,0.172228,0.19784814
d__vixcls_vixcls__lag029,0.454545,0.188906,0.246251,0.19779883
d__dexchus_dexchus__lag059,0.567398,0.205177,0.143405,0.1977846
d__dexcaus_dexcaus__lag035,0.69279,0.115834,0.169471,0.19765589
d__dexcaus_dexcaus__lag036,0.69279,0.113869,0.171389,0.19762376
d__dexchus_dexchus__lag067,0.567398,0.202201,0.145859,0.19748839
q__bogz1fl264035005q_row_loans_a__lag008,0.984326,0.140765,0.059847,0.19746686
d__dexchus_dexchus__lag064,0.567398,0.202362,0.14548,0.19736512
m__ipmat_ipmat__lag008,1.0,0.118416,0.078927,0.19734364
m__mvphgfd027mnfrbdal_mvphgfd027mnfrbdal__lag011,1.0,0.128282,0.069044,0.19732575
m__mvphgfd027mnfrbdal_mv_priv_debt__lag011,1.0,0.128282,0.069044,0.19732575
d__dexchus_dexchus__lag073,0.567398,0.202164,0.145603,0.19732242
q__bogz1fl763123005q_tga_usb__lag005,0.99373,0.071916,0.126575,0.19724682
d__baa10y_baa10y__lag012,0.504702,0.119125,0.271685,0.19724305
q__rowstaq027s_row_stloan_a__lag008,0.984326,0.097749,0.102458,0.1970696
d__baa10y_baa10y__lag008,0.504702,0.12007,0.270117,0.19692848
q__bogz1fl264135005q_row_loans_l__lag007,0.987461,0.12679,0.072423,0.19671457
d__dexchus_dexchus__lag068,0.567398,0.202316,0.144354,0.1967
m__ppiaco_ppiaco__lag008,1.0,0.040599,0.155856,0.19645558
q__bogz1fl713061103q_fed_tsy__lag004,0.996865,0.02582,0.171242,0.19644488
q__bogz1fl713061103q_fed_tsy_raw__lag004,0.996865,0.02582,0.171242,0.19644488
q__bogz1fl713061103q_cb_tsy__lag004,0.996865,0.02582,0.171242,0.19644488
q__bogz1fl743061103q_usb_tsy_dom__lag007,0.987461,0.046866,0.152071,0.19644225
q__na000283q_gov_current_exp__lag008,0.968652,0.02405,0.178727,0.19642033
q__bogz1fl383061105q_dom_nonfin_sector_tsy__lag003,1.0,0.108995,0.0874,0.19639545
q__bogz1lm553061103q_closed_end_funds_ts__lag001,1.0,0.148823,0.047492,0.19631469
d__dexcaus_dexcaus__lag030,0.69279,0.119841,0.163339,0.19618429
d__wimfsl_immf__lag089,0.576803,0.267627,0.072489,0.1961801
d__wimfsl_immf__lag090,0.576803,0.267605,0.072499,0.19617324
d__dexcaus_dexcaus__lag037,0.69279,0.112984,0.17002,0.19606272
q__bogz1fa573061133q_private_dc_pension_ts_tx__lag007,0.974922,0.096602,0.104415,0.1959757
q__w006rc1q027sbea_gov_tax_receipts__lag001,0.990596,0.052864,0.144965,0.19596855
d__stlfsi4_stlfed_fin_stress_idx__lag005,0.404389,0.050226,0.434287,0.19593141
m__wpu0561_ppi_crude__lag007,0.987461,0.033505,0.164893,0.19590946
q__bogz1lm263061105q_row_tsy_raw__lag004,0.996865,0.111878,0.084626,0.1958878
q__bogz1lm263061105q_row_tsy__lag004,0.996865,0.111878,0.084626,0.1958878
q__bogz1fl543061165q_life_insurance_ts__lag008,0.984326,0.120862,0.078142,0.19588477
m__wtisplc_wtisplc__lag011,0.996865,0.064467,0.131991,0.19584223
m__wtisplc_wtisplc__lag008,1.0,0.061156,0.13428,0.1954358
d__wimfsl_immf__lag084,0.576803,0.266262,0.072262,0.19526131
q__rhvrusq156n_owner_vacancy__lag005,0.865204,0.061298,0.16407,0.19498885
q__bogz1fa263061110q_row_bills_tx__lag003,0.987461,0.152231,0.045219,0.19497382
q__bogz1lm223061143q_state_local_db_retirement_ts__lag001,1.0,0.081549,0.113386,0.19493469
q__w326rc1q027sbea_net_op_surplus__lag002,0.987461,0.043079,0.15432,0.19492407
q__bogz1fl383061105q_dom_nonfin_sector_tsy__lag001,1.0,0.048822,0.146063,0.19488453
d__wimfsl_immf__lag085,0.576803,0.266161,0.071621,0.1948335
q__bogz1fl264135005q_row_loans_l__lag008,0.984326,0.100512,0.097413,0.19482288
d__dexcaus_dexcaus__lag029,0.69279,0.120501,0.160694,0.19480933
d__wimfsl_immf__lag088,0.576803,0.266446,0.071263,0.19479125
d__wimfsl_immf__lag086,0.576803,0.266408,0.071249,0.19476151
q__bogz1fl743061103q_usb_tsy_dom__lag006,0.990596,0.064801,0.131768,0.19472069
d__wimfsl_immf__lag079,0.576803,0.265898,0.071585,0.19466133
q__fgexpnd_fgexpnd__lag008,0.968652,0.022696,0.178208,0.19460657
d__dexchus_dexchus__lag058,0.567398,0.209041,0.133876,0.19457041
q__bogz1fl313161305q_gov_nonmarketable_ts__lag002,1.0,0.075673,0.118885,0.194558
q__bogz1fl884135005q_dom_loan_l__lag007,0.987461,0.104287,0.092733,0.19454922
q__bogz1fa713068703q_fed_dw_tx__lag003,0.987461,0.018847,0.178163,0.1945392
q__bogz1lm343061165q_fed_gov_db_retirement_ts__lag004,0.996865,0.095745,0.09932,0.19445363
q__bogz1lm343061165q_fed_ret_tsy_db__lag004,0.996865,0.095745,0.09932,0.19445363
d__dexchus_dexchus__lag075,0.567398,0.199444,0.14315,0.19438698
q__bogz1fl892050005q_all_ffrepo__lag003,1.0,0.010611,0.183736,0.1943469
d__wimfsl_immf__lag078,0.576803,0.265417,0.071512,0.19434163
q__expgs_exports__lag007,0.971787,0.133581,0.066308,0.1942504
d__wimfsl_immf__lag080,0.576803,0.265435,0.071231,0.19418972
d__dexcaus_dexcaus__lag023,0.69279,0.121219,0.159068,0.19417985
d__wimfsl_immf__lag081,0.576803,0.264983,0.071637,0.19416342
d__wimfsl_immf__lag082,0.576803,0.265114,0.071465,0.19413961
d__wimfsl_immf__lag083,0.576803,0.265247,0.071279,0.19410881
d__vixcls_vixcls__lag032,0.454545,0.168245,0.258728,0.19407853
d__wimfsl_immf__lag004,0.579937,0.249216,0.085393,0.1940523
m__wpu0561_ppi_crude__lag011,0.984326,0.069862,0.127204,0.19397667
d__wimfsl_immf__lag003,0.579937,0.249363,0.085034,0.19392889
d__wimfsl_immf__lag075,0.576803,0.265179,0.071017,0.19391833
d__wimfsl_immf__lag077,0.576803,0.265069,0.071103,0.19390453
q__bogz1fa513061105q_pc_insurance_ts_tx__lag008,0.971787,0.026207,0.173265,0.19384514
d__wimfsl_immf__lag076,0.576803,0.265001,0.070999,0.19380572
q__fgtsl_fgtsl__lag001,1.0,0.096132,0.097628,0.19375996
m__mvphgfd027mnfrbdal_mvphgfd027mnfrbdal__lag012,1.0,0.120809,0.072892,0.19370103
m__mvphgfd027mnfrbdal_mv_priv_debt__lag012,1.0,0.120809,0.072892,0.19370103
m__ipmat_ipmat__lag009,1.0,0.113378,0.080258,0.19363561
q__bogz1fl884135005q_dom_loan_l__lag005,0.99373,0.084099,0.110737,0.19361417
q__bogz1fa313161110q_totalbills_z1_tx__lag001,0.99373,0.007837,0.186889,0.19350575
q__bogz1lm573061105q_private_pension_ts__lag005,0.99373,0.128886,0.06577,0.19343517
d__dexusuk_dexusuk__lag067,0.69279,0.161832,0.117282,0.19336721
d__dexchus_dexchus__lag076,0.567398,0.199113,0.141623,0.19333309
d__dexcaus_dexcaus__lag040,0.69279,0.105042,0.173908,0.19325392
q__bogz1fl503061123q_ccps_ts__lag001,1.0,0.103057,0.090069,0.19312587
d__stlfsi4_stlfed_fin_stress_idx__lag006,0.404389,0.047221,0.430296,0.19310276
d__dexusuk_dexusuk__lag066,0.69279,0.163377,0.115347,0.19309724
d__baa10y_baa10y__lag007,0.504702,0.118685,0.263651,0.19296604
m__awhman_awhman__lag001,1.0,0.002404,0.190554,0.19295783
d__wimfsl_immf__lag087,0.576803,0.263586,0.07085,0.19290338
d__usepuindxd_policy_uncertainty__lag018,0.517241,0.174456,0.19848,0.19289803
q__bogz1fl264135005q_row_loans_l__lag003,1.0,0.134559,0.058327,0.19288586
d__wimfsl_immf__lag074,0.576803,0.264157,0.070195,0.19285482
d__wimfsl_immf__lag009,0.579937,0.246915,0.085539,0.19280214
q__fbtsaaq027s_dom_fin_sector_tsy__lag003,1.0,0.09981,0.09298,0.19279038
q__ophnfb_nflabor_productivity__lag004,0.981191,0.130441,0.065981,0.19272821
q__bogz1fl884135005q_dom_loan_l__lag006,0.990596,0.092351,0.102204,0.19272543
d__wimfsl_immf__lag006,0.579937,0.24698,0.085297,0.19269973
d__wimfsl_immf__lag008,0.579937,0.246899,0.085353,0.19268571
d__dexcaus_dexcaus__lag041,0.69279,0.104737,0.173375,0.19267302
d__dexcaus_dexcaus__lag021,0.69279,0.130101,0.148001,0.19266669
d__usepuindxd_policy_uncertainty__lag045,0.517241,0.206296,0.166129,0.19263342
q__bogz1lm213061103q_state_local_gov_ts__lag001,1.0,0.007606,0.184992,0.19259739
d__wimfsl_immf__lag007,0.579937,0.246756,0.085245,0.19254013
m__bogmbase_mb__lag004,0.840125,0.108934,0.120142,0.1924528
q__rowmfsq027s_row_mutualfundshares_flow__lag006,0.978056,0.003184,0.193522,0.19238881
d__dexcaus_dexcaus__lag044,0.69279,0.110768,0.166903,0.19236753
q__bogz1fa673061103q_abs_issuers_ts_tx__lag007,0.974922,0.062932,0.134301,0.19228742
d__wimfsl_immf__lag054,0.579937,0.266204,0.065318,0.19226195
q__bogz1fl262151003q_row_repo__lag007,0.987461,0.156804,0.037887,0.19224941
m__ipmat_ipmat__lag005,1.0,0.109407,0.082765,0.19217162
d__wimfsl_immf__lag071,0.576803,0.264864,0.068235,0.19213228
d__dexcaus_dexcaus__lag034,0.69279,0.1141,0.163218,0.19212302
q__b639rg3q086sbea_exp_ind_pi__lag001,0.739812,0.064357,0.195327,0.19211712
d__wimfsl_immf__lag070,0.576803,0.264803,0.068252,0.19210661
q__bogz1fl704035005q_usb_loan_a__lag008,0.984326,0.148563,0.0466,0.19210402
d__wimfsl_immf__lag055,0.579937,0.265862,0.065387,0.19210381
d__wimfsl_immf__lag005,0.579937,0.246438,0.084791,0.19209227
q__rowmfsq027s_row_mutualfundshares_flow__lag007,0.974922,0.13694,0.06002,0.19202077
d__wimfsl_immf__lag057,0.579937,0.26597,0.065001,0.19194225
d__dexcaus_dexcaus__lag039,0.69279,0.103138,0.173907,0.19193447
m__busloans_busloans__lag009,0.987461,0.160782,0.033529,0.19187492
d__wimfsl_immf__lag073,0.576803,0.263924,0.068699,0.19185756
q__bogz1fl633061105q_mmf_tsy_raw__lag005,0.99373,0.034767,0.158288,0.19184397
q__bogz1fl633061105q_money_market_funds_ts__lag005,0.99373,0.034767,0.158288,0.19184397
d__wimfsl_immf__lag069,0.576803,0.264808,0.067649,0.19176214
d__dexchus_dexchus__lag082,0.567398,0.202657,0.135231,0.19171671
q__bogz1fl884035005q_dom_loan_a__lag008,0.984326,0.117089,0.077596,0.19163365
m__dspic96_real_dpi__lag011,0.833856,0.142891,0.086921,0.19163035
d__wimfsl_immf__lag061,0.576803,0.265059,0.067085,0.19158153
d__wimfsl_immf__lag056,0.579937,0.265695,0.064634,0.19157014
d__wimfsl_immf__lag068,0.576803,0.26463,0.067492,0.19156882
d__wimfsl_immf__lag072,0.576803,0.264533,0.067569,0.19155702
q__bogz1fa753061103q_usb_tsy_for_tx__lag005,0.981191,0.065315,0.129782,0.19142744
d__vixcls_vixcls__lag034,0.454545,0.177134,0.243974,0.19141303
m__mvmtd027mnfrbdal_mv_mkt_debt__lag008,1.0,0.124928,0.066475,0.19140286
m__awhman_awhman__lag003,1.0,0.031783,0.159612,0.19139579
d__wimfsl_immf__lag058,0.576803,0.266202,0.065585,0.19137577
d__wimfsl_immf__lag065,0.576803,0.265424,0.066334,0.19135888
d__dexcaus_dexcaus__lag082,0.69279,0.105874,0.170261,0.19130402
d__dexchus_dexchus__lag078,0.567398,0.197202,0.139947,0.19129751
q__fgrecpt_fgrecpt__lag004,0.981191,0.047768,0.147127,0.19122905
d__dexusuk_dexusuk__lag068,0.69279,0.163568,0.11236,0.19115975
m__busloans_busloans__lag010,0.984326,0.146591,0.047594,0.191142
d__usepuindxd_policy_uncertainty__lag038,0.517241,0.243494,0.12599,0.19111224
q__bogz1lm473061105q_credit_unions_ts__lag002,1.0,0.00925,0.181773,0.19102256
q__bogz1lm473061105q_credit_unions_ts_tx__lag002,1.0,0.00925,0.181773,0.19102256
d__vixcls_vixcls__lag033,0.454545,0.169084,0.250978,0.19093707
d__dexchus_dexchus__lag077,0.567398,0.198085,0.138364,0.19090044
q__bogz1fl892050005q_all_ffrepo__lag004,0.996865,0.013136,0.178338,0.19087408
d__wimfsl_immf__lag066,0.576803,0.26383,0.067085,0.19087233
d__dexcaus_dexcaus__lag022,0.69279,0.127203,0.148268,0.1908437
d__dexcaus_dexcaus__lag031,0.69279,0.11674,0.158719,0.19083501
q__bogz1fl884035005q_dom_loan_a__lag007,0.987461,0.106903,0.086339,0.19081838
q__bogz1fl704041005q_usb_stloan_a__lag008,0.984326,0.125089,0.068732,0.19078386
m__busloans_busloans__lag008,0.987461,0.159193,0.033988,0.19075875
d__usepuindxd_policy_uncertainty__lag067,0.517241,0.220687,0.147906,0.19065128
d__baa10y_baa10y__lag006,0.504702,0.121363,0.256344,0.19062977
d__wimfsl_immf__lag063,0.576803,0.264185,0.066233,0.19058596
q__bogz1fa563061103q_etfs_ts_tx__lag007,0.974922,0.106529,0.088945,0.19057202
d__usepuindxd_policy_uncertainty__lag046,0.517241,0.229742,0.138547,0.19049471
m__uspriv_uspriv__lag012,1.0,0.073813,0.116675,0.19048767
d__wimfsl_immf__lag062,0.576803,0.263864,0.066344,0.19046481
d__wimfsl_immf__lag064,0.576803,0.264026,0.066065,0.19039727
d__wimfsl_immf__lag051,0.579937,0.264851,0.06336,0.19034136
q__bogz1lm733061103q_holding_companies_ts__lag002,1.0,0.019734,0.170565,0.19029956
d__wimfsl_immf__lag059,0.576803,0.264579,0.065157,0.19019278
m__totresns_res__lag006,0.840125,0.079805,0.146576,0.19018816
q__bogz1lm473061105q_credit_unions_ts__lag008,0.984326,0.017899,0.175316,0.19018674
q__bogz1lm473061105q_credit_unions_ts_tx__lag008,0.984326,0.017899,0.175316,0.19018674
d__wimfsl_immf__lag067,0.576803,0.263035,0.066678,0.19017924
d__dexchus_dexchus__lag079,0.567398,0.197327,0.137836,0.19017112
d__dexchus_dexchus__lag083,0.567398,0.203308,0.131713,0.19008984
d__wimfsl_immf__lag049,0.579937,0.263461,0.064078,0.18995221
d__wimfsl_immf__lag053,0.579937,0.264233,0.063291,0.18994341
q__b639rg3q086sbea_exp_ind_pi__lag005,0.727273,0.037718,0.223407,0.18990882
q__bogz1fl743061103q_usb_tsy_dom__lag005,0.99373,0.063224,0.127861,0.18988716
d__wimfsl_immf__lag060,0.576803,0.263615,0.06559,0.18988587
m__recprousm156n_recprob__lag005,0.733542,0.100436,0.158412,0.18987546
q__bogz1fl513061115q_pci_bills_raw__lag001,1.0,0.003219,0.186622,0.18984131
q__bogz1fl513061115q_pci_bills__lag001,1.0,0.003219,0.186622,0.18984131
d__wimfsl_immf__lag050,0.579937,0.263334,0.063982,0.18982321
d__dexchus_dexchus__lag081,0.567398,0.20023,0.134276,0.18979803
d__dexcaus_dexcaus__lag043,0.69279,0.10648,0.167418,0.18975445
q__bogz1fa383061105q_dom_nonfin_sector_tsy_tx__lag007,0.974922,0.087174,0.107339,0.1896358
d__dexcaus_dexcaus__lag076,0.69279,0.097716,0.175911,0.18956564
q__bogz1fl884035005q_dom_loan_a__lag005,0.99373,0.091968,0.098728,0.18949983
m__mtso133fms_fedgov_out__lag004,0.567398,0.190457,0.143374,0.18941519
d__dexcaus_dexcaus__lag081,0.69279,0.103505,0.169842,0.18937215
d__wimfsl_immf__lag052,0.579937,0.263885,0.062607,0.189345
q__bogz1fl313161305q_gov_nonmarketable_ts__lag001,1.0,0.089565,0.099745,0.18931045
d__wimfsl_immf__lag048,0.579937,0.262774,0.063593,0.18927197
d__dexcaus_dexcaus__lag042,0.69279,0.103578,0.169614,0.1892646
q__bogz1fl763061100q_usb_tsy_oth__lag001,1.0,0.063131,0.126132,0.18926307
d__dexcaus_dexcaus__lag053,0.69279,0.116397,0.156765,0.18924364
d__dexcaus_dexcaus__lag071,0.69279,0.094975,0.178029,0.18913489
q__bogz1fl262151003q_row_repo__lag008,0.984326,0.108007,0.084138,0.18913419
d__vixcls_vixcls__lag027,0.454545,0.173058,0.242815,0.18903326
d__wimfsl_immf__lag047,0.579937,0.262417,0.063463,0.18898971
m__mvmtd027mnfrbdal_mv_mkt_debt__lag009,1.0,0.12136,0.067588,0.18894832
q__bogz1fa733061103q_holding_companies_ts_tx__lag002,0.990596,0.037468,0.153267,0.18894092
q__bogz1fl383061105q_dom_nonfin_sector_tsy__lag004,0.996865,0.123412,0.066099,0.18891723
d__usepuindxd_policy_uncertainty__lag055,0.517241,0.256221,0.108989,0.18890179
d__dexcaus_dexcaus__lag051,0.69279,0.117336,0.155289,0.18887174
d__dexusuk_dexusuk__lag065,0.69279,0.159781,0.112779,0.18882648
q__bogz1fl693061105q_nonmmf_ts__lag001,1.0,0.093617,0.095158,0.18877495
q__bogz1fl693061105q_nonmmmf_ts__lag001,1.0,0.093617,0.095158,0.18877495
d__usepuindxd_policy_uncertainty__lag066,0.517241,0.171661,0.193288,0.18876672
d__dexcaus_dexcaus__lag052,0.69279,0.116481,0.155986,0.18876224
d__dexcaus_dexcaus__lag017,0.69279,0.127972,0.144454,0.18873413
d__dexcaus_dexcaus__lag077,0.69279,0.100308,0.172096,0.18871865
d__dexchus_dexchus__lag080,0.567398,0.196614,0.13569,0.18854869
q__ib0000043q086sbea_imp_ind_pi__lag007,0.717868,0.047798,0.214838,0.18853814
q__rownblq027s_row_nonfinbusinessloans_flow__lag001,0.99373,0.030418,0.159305,0.1885334
d__usepuindxd_policy_uncertainty__lag060,0.517241,0.223264,0.141199,0.18851531
d__vixcls_vixcls__lag030,0.454545,0.185685,0.228963,0.18847629
q__w006rc1q027sbea_gov_tax_receipts__lag007,0.971787,0.03406,0.159657,0.18825129
d__dexcaus_dexcaus__lag070,0.69279,0.094552,0.177105,0.18820139
d__dexusuk_dexusuk__lag064,0.69279,0.161714,0.109829,0.18812272
q__bogz1fl704035005q_usb_loan_a__lag007,0.987461,0.137999,0.052452,0.18806249
q__rowmslq027s_row_muni_flow__lag006,0.978056,0.052213,0.140066,0.18806027
d__dexchus_dexchus__lag084,0.567398,0.202256,0.129148,0.18803798
d__dexcaus_dexcaus__lag069,0.69279,0.095651,0.175625,0.18793768
m__totresns_res__lag007,0.836991,0.074418,0.149902,0.18775329
q__bogz1fl884035005q_dom_loan_a__lag006,0.990596,0.097539,0.091979,0.18773496
q__bogz1fa313161305q_gov_nonmarketable_ts_tx__lag002,0.990596,0.06731,0.122152,0.18767961
d__dexcaus_dexcaus__lag047,0.69279,0.106363,0.164507,0.18765645
d__baa10y_baa10y__lag013,0.504702,0.118624,0.253096,0.18760785
d__dexcaus_dexcaus__lag032,0.69279,0.112503,0.158269,0.1875882
m__srvprd_srvprd__lag006,1.0,0.09253,0.095003,0.18753291
q__bogz1fl704041005q_usb_stloan_a__lag007,0.987461,0.118706,0.071154,0.1874786
q__b093rc1q027sbea_gov_int_row__lag005,0.978056,0.091637,0.099992,0.18742376
d__dexcaus_dexcaus__lag072,0.69279,0.094982,0.175369,0.18729652
m__uempmean_uempmean__lag008,0.974922,0.033126,0.158973,0.18728205
d__dexcaus_dexcaus__lag083,0.69279,0.105496,0.164824,0.18727517
d__dexcaus_dexcaus__lag068,0.69279,0.095172,0.175135,0.18726539
d__wimfsl_immf__lag046,0.579937,0.260759,0.062118,0.18724851
d__dexcaus_dexcaus__lag067,0.69279,0.094027,0.176108,0.18714654
d__wimfsl_immf__lag044,0.579937,0.260776,0.061639,0.1869808
d__dexusuk_dexusuk__lag012,0.69279,0.1466,0.123255,0.18695315
d__dexcaus_dexcaus__lag078,0.69279,0.10011,0.169692,0.18691607
d__wimfsl_immf__lag039,0.579937,0.2602,0.062061,0.18689109
q__bogz1fa753061103q_usb_tsy_for_tx__lag007,0.974922,0.048747,0.142882,0.1868236
d__wimfsl_immf__lag045,0.579937,0.260553,0.06154,0.18679338
d__dexcaus_dexcaus__lag054,0.69279,0.114725,0.154873,0.18677478
d__usepuindxd_policy_uncertainty__lag015,0.517241,0.123094,0.237969,0.18675704
d__dexusuk_dexusuk__lag089,0.689655,0.160029,0.11076,0.18675135
d__dexcaus_dexcaus__lag066,0.69279,0.093576,0.17598,0.18674573
d__wimfsl_immf__lag038,0.579937,0.260113,0.061774,0.18667435
d__dexchus_dexchus__lag085,0.567398,0.196843,0.132061,0.1866196
q__bogz1lm513061105q_pci_tsy_raw__lag001,1.0,0.021994,0.164587,0.18658144
q__bogz1lm513061105q_pc_insurance_ts__lag001,1.0,0.021994,0.164587,0.18658144
q__bogz1lm513061105q_p_c_insurance_ts__lag001,1.0,0.021994,0.164587,0.18658144
d__dexcaus_dexcaus__lag080,0.69279,0.101532,0.167751,0.18655662
d__baa10y_baa10y__lag005,0.504702,0.119382,0.250189,0.18652292
q__w328rc1q027sbea_nfcb_pat__lag002,0.987461,0.03105,0.157741,0.18642304
d__dexcaus_dexcaus__lag033,0.69279,0.111021,0.158041,0.18640361
q__bogz1fl713061103q_fed_tsy__lag003,1.0,0.043358,0.143039,0.18639622
q__bogz1fl713061103q_fed_tsy_raw__lag003,1.0,0.043358,0.143039,0.18639622
q__bogz1fl713061103q_cb_tsy__lag003,1.0,0.043358,0.143039,0.18639622
d__dexcaus_dexcaus__lag046,0.69279,0.104989,0.164045,0.18638451
d__dexusuk_dexusuk__lag011,0.69279,0.15093,0.11809,0.18637491
d__dexcaus_dexcaus__lag050,0.69279,0.110038,0.158979,0.18637241
q__bogz1lm103061103q_nfcb_tsy__lag005,0.99373,0.093029,0.09451,0.1863637
d__wimfsl_immf__lag043,0.579937,0.259657,0.061682,0.18635648
d__dexchus_dexchus__lag087,0.567398,0.195144,0.133239,0.18632425
d__dexusuk_dexusuk__lag009,0.69279,0.147187,0.121757,0.18632182
d__dexszus_dexszus__lag016,0.69279,0.174383,0.094553,0.18631563
m__mich_mich__lag008,0.598746,0.113872,0.197275,0.1862983
q__bogz1fr713061113q_cb_bills_reval__lag007,0.974922,0.095579,0.095487,0.18627481
q__bogz1fl313161305q_gov_nonmarketable_ts__lag004,0.996865,0.085692,0.101153,0.18625904
d__dexchus_dexchus__lag086,0.567398,0.196885,0.131319,0.18622205
d__dexcaus_dexcaus__lag075,0.69279,0.097883,0.170892,0.18620417
d__dexszus_dexszus__lag003,0.69279,0.181472,0.087175,0.18611615
q__bogz1fl503061123q_ccps_ts__lag007,0.987461,0.057447,0.131002,0.1860857
d__wimfsl_immf__lag042,0.579937,0.259531,0.06124,0.18602707
q__bogz1fa553061103q_closed_end_funds_ts_tx__lag008,0.971787,0.134365,0.057043,0.18600744
m__srvprd_srvprd__lag009,1.0,0.102019,0.083987,0.18600601
d__dexusuk_dexusuk__lag070,0.69279,0.158855,0.109603,0.18598458
d__dexcaus_dexcaus__lag049,0.69279,0.107173,0.161282,0.18598277
d__dexcaus_dexcaus__lag079,0.69279,0.101626,0.166801,0.18596343
d__dexusuk_dexusuk__lag013,0.69279,0.147067,0.121333,0.18594481
d__dexcaus_dexcaus__lag045,0.69279,0.104177,0.164218,0.18594093
q__w326rc1q027sbea_net_op_surplus__lag005,0.978056,0.047224,0.142708,0.18576369
q__bogz1fa343061165q_fed_gov_db_retirement_ts_tx__lag004,0.984326,0.03304,0.15567,0.18575218
q__fgtsl_fgtsl__lag002,1.0,0.0853,0.10043,0.18572984
d__wimfsl_immf__lag041,0.579937,0.259126,0.060914,0.18560311
q__gce_gce__lag004,0.981191,0.111671,0.077484,0.18559711
q__w328rc1q027sbea_nfcb_pat__lag006,0.974922,0.049017,0.141334,0.18557745
d__dexusuk_dexusuk__lag063,0.69279,0.15831,0.109465,0.18551231
q__rowsllq027s_row_stloan_l__lag005,0.99373,0.132713,0.053949,0.18549108
d__wimfsl_immf__lag040,0.579937,0.258868,0.060975,0.18548889
d__dexusuk_dexusuk__lag069,0.69279,0.159399,0.108057,0.18529066
m__wpu0561_ppi_crude__lag006,0.990596,0.033626,0.153415,0.18528251
d__baa10y_baa10y__lag004,0.504702,0.118151,0.2488,0.18520132
q__bogz1fl343061123q_fed_gov_dcg_retirement_ts__lag008,0.984326,0.054448,0.133652,0.1851511
q__bogz1fl383061105q_dom_nonfin_sector_tsy__lag008,0.984326,0.103437,0.084652,0.18514099
m__mvmtd027mnfrbdal_mv_mkt_debt__lag010,1.0,0.113852,0.071243,0.18509575
q__bogz1lm573061133q_private_dc_pension_ts__lag003,1.0,0.108387,0.076637,0.18502308
d__dexusuk_dexusuk__lag062,0.69279,0.158254,0.108648,0.18490696
d__wimfsl_immf__lag037,0.579937,0.25842,0.060415,0.18490378
d__wimfsl_immf__lag035,0.579937,0.25819,0.060618,0.18488901
d__wimfsl_immf__lag036,0.579937,0.258089,0.060626,0.18483463
d__dexszus_dexszus__lag021,0.69279,0.171471,0.095305,0.18481912
d__dexchus_dexchus__lag088,0.567398,0.193279,0.132369,0.18477233
q__bogz1lm223061143q_state_local_db_retirement_ts__lag002,1.0,0.081841,0.102928,0.18476904
d__dexusuk_dexusuk__lag087,0.69279,0.156025,0.110637,0.18474076
d__wimfsl_immf__lag034,0.579937,0.257738,0.060617,0.18462604
d__dexcaus_dexcaus__lag018,0.69279,0.123254,0.143173,0.18457772
d__dexcaus_dexcaus__lag020,0.69279,0.123973,0.142395,0.18453741
q__bogz1lm263061110q_row_bills_raw__lag007,0.987461,0.102637,0.084236,0.18453019
q__bogz1lm263061110q_row_bills__lag007,0.987461,0.102637,0.084236,0.18453019
d__dexcaus_dexcaus__lag084,0.69279,0.10411,0.16222,0.18451094
q__w328rc1q027sbea_nfcb_pat__lag001,0.990596,0.039084,0.147153,0.1844851
m__mtso133fms_fedgov_out__lag001,0.570533,0.188257,0.135087,0.18447877
d__wimfsl_immf__lag016,0.579937,0.252126,0.06596,0.18447028
d__wimfsl_immf__lag033,0.579937,0.257688,0.060397,0.18446946
d__dexcaus_dexcaus__lag048,0.69279,0.104479,0.161721,0.18442106
d__wimfsl_immf__lag015,0.579937,0.252453,0.065547,0.18442001
d__dexcaus_dexcaus__lag055,0.69279,0.108897,0.157248,0.18438262
q__bogz1fl573061143q_private_db_pension_ts__lag007,0.987461,0.131678,0.055014,0.18435068
d__dexusuk_dexusuk__lag088,0.689655,0.155296,0.111901,0.18427406
d__usepuindxd_policy_uncertainty__lag052,0.517241,0.227437,0.128751,0.18423524
d__dexcaus_dexcaus__lag088,0.689655,0.103496,0.163584,0.18419329
m__recprousm156n_recprob__lag004,0.736677,0.123347,0.126674,0.18418527
m__bogmbase_mb__lag005,0.840125,0.100181,0.118917,0.18407045
d__dexszus_dexszus__lag017,0.69279,0.173992,0.091649,0.18403329
d__vixcls_vixcls__lag028,0.454545,0.196149,0.208594,0.18397421
d__wimfsl_immf__lag014,0.579937,0.25202,0.065151,0.18393923
d__wimfsl_immf__lag023,0.579937,0.255255,0.061891,0.18392477
d__wimfsl_immf__lag013,0.579937,0.251884,0.065238,0.1839107
q__bogz1fl884035005q_dom_loan_a__lag004,0.996865,0.080287,0.104127,0.18383581
d__wimfsl_immf__lag022,0.579937,0.254531,0.062405,0.18380279
m__dspic96_real_dpi__lag008,0.836991,0.152795,0.0668,0.18379912
m__pcedg_pcedg__lag001,0.84326,0.05235,0.165611,0.18379768
d__dexusuk_dexusuk__lag014,0.69279,0.143867,0.121305,0.18370894
d__vixcls_vixcls__lag026,0.454545,0.157689,0.246235,0.18360197
q__iatashcbsnncb_nfcb_hc_inventories__lag005,0.99373,0.066081,0.118646,0.18356931
d__dexcaus_dexcaus__lag057,0.69279,0.107113,0.157807,0.18353443
q__bogz1fa263061110q_row_bills_tx__lag005,0.981191,0.097859,0.089147,0.18348841
d__dexcaus_dexcaus__lag073,0.69279,0.093176,0.171627,0.18345322
q__bogz1fl704041005q_usb_stloan_a__lag006,0.990596,0.114861,0.070249,0.18336973
d__wimfsl_immf__lag030,0.579937,0.256452,0.0595,0.18323196
d__baa10y_baa10y__lag003,0.504702,0.116957,0.246027,0.18319902
d__vixcls_vixcls__lag031,0.454545,0.156179,0.246839,0.18319013
q__bogz1fl884135005q_dom_loan_l__lag004,0.996865,0.069191,0.114306,0.18292208
q__bogz1fa213061103q_state_local_gov_ts_tx__lag004,0.984326,0.045558,0.140268,0.18291369
d__wimfsl_immf__lag012,0.579937,0.250795,0.064592,0.18290497
q__bogz1fl264035005q_row_loans_a__lag005,0.99373,0.110951,0.073086,0.18288318
d__wimfsl_immf__lag021,0.579937,0.253966,0.061376,0.18287863
d__usepuindxd_policy_uncertainty__lag034,0.517241,0.195119,0.158443,0.18287708
q__bogz1lm263061105q_row_tsy_raw__lag005,0.99373,0.10196,0.082019,0.18282531
q__bogz1lm263061105q_row_tsy__lag005,0.99373,0.10196,0.082019,0.18282531
q__gce_gce__lag005,0.978056,0.111831,0.075071,0.18280058
d__dexszus_dexszus__lag002,0.69279,0.178683,0.085148,0.18277938
d__dexusuk_dexusuk__lag010,0.69279,0.149899,0.113891,0.18275161
m__wtisplc_wtisplc__lag009,1.0,0.082165,0.100549,0.18271336
d__wimfsl_immf__lag029,0.579937,0.255637,0.059414,0.18271002
d__dexchus_dexchus__lag089,0.567398,0.190732,0.131205,0.18266668
d__stlfsi4_stlfed_fin_stress_idx__lag008,0.404389,0.050642,0.401056,0.18266174
d__dexcaus_dexcaus__lag056,0.69279,0.105414,0.158236,0.18265384
d__wimfsl_immf__lag027,0.579937,0.255682,0.059238,0.18263383
q__bogz1lm563061103q_etfs_ts__lag005,0.99373,0.049725,0.134047,0.18261954
d__dexusuk_dexusuk__lag085,0.69279,0.15484,0.108685,0.18256785
m__mtsds133fms_fed_surplus_deficit__lag010,0.561129,0.263015,0.062229,0.18250391
q__rowstaq027s_row_stloan_a__lag005,0.99373,0.080625,0.103019,0.18249308
d__dexszus_dexszus__lag004,0.69279,0.175429,0.087986,0.18249112
d__wimfsl_immf__lag028,0.579937,0.255369,0.059156,0.18240454
m__payems_nonfarm_payrolls__lag012,1.0,0.06515,0.117208,0.18235833
d__wimfsl_immf__lag026,0.579937,0.255418,0.058997,0.18234091
d__wimfsl_immf__lag018,0.579937,0.252973,0.061382,0.18230632
d__wimfsl_immf__lag032,0.579937,0.255639,0.058694,0.18229324
d__stlfsi4_stlfed_fin_stress_idx__lag007,0.404389,0.051344,0.399362,0.18226014
d__dexusuk_dexusuk__lag071,0.69279,0.154727,0.108272,0.18220268
d__wimfsl_immf__lag019,0.579937,0.252906,0.061271,0.18220246
q__bogz1lm343061105q_fed_gov_retirement_ts__lag008,0.984326,0.060267,0.124814,0.18217955
q__bogz1lm343061105q_fed_ret_tsy_total__lag008,0.984326,0.060267,0.124814,0.18217955
d__wimfsl_immf__lag031,0.579937,0.255479,0.05856,0.18212295
d__wimfsl_immf__lag020,0.579937,0.253003,0.061007,0.18210599
d__dexcaus_dexcaus__lag059,0.69279,0.101513,0.161343,0.18210428
d__wimfsl_immf__lag025,0.579937,0.255109,0.05885,0.18207686
d__dexcaus_dexcaus__lag019,0.69279,0.122625,0.140076,0.18199703
d__vixcls_vixcls__lag059,0.454545,0.311044,0.089327,0.18198696
m__iputil_iputil__lag002,1.0,0.014873,0.167106,0.18197861
q__bogz1fr713061113q_cb_bills_reval__lag006,0.978056,0.09174,0.094321,0.18197831
d__wimfsl_immf__lag024,0.579937,0.254995,0.058751,0.18195309
d__wimfsl_immf__lag017,0.579937,0.25265,0.061081,0.18194439
d__dexcaus_dexcaus__lag087,0.69279,0.102061,0.160558,0.18194038
q__bogz1lm343061165q_fed_gov_db_retirement_ts__lag006,0.990596,0.065912,0.117745,0.1819296
q__bogz1lm343061165q_fed_ret_tsy_db__lag006,0.990596,0.065912,0.117745,0.1819296
d__dexszus_dexszus__lag001,0.69279,0.176856,0.085716,0.18190742
m__totresns_res__lag008,0.836991,0.066235,0.151093,0.1819011
m__ppiaco_ppiaco__lag007,1.0,0.031204,0.150676,0.18187945
d__baa10y_baa10y__lag014,0.504702,0.123143,0.237189,0.1818603
d__baa10y_baa10y__lag090,0.501567,0.207178,0.155304,0.18180886
q__gce_gce__lag003,0.984326,0.106729,0.077921,0.18175634
d__dexszus_dexszus__lag022,0.69279,0.168171,0.094147,0.18173083
d__dexcaus_dexcaus__lag074,0.69279,0.092832,0.169458,0.1817118
q__bogz1fa673061103q_abs_issuers_ts_tx__lag006,0.978056,0.016943,0.168758,0.1816252
d__dexusuk_dexusuk__lag007,0.69279,0.143105,0.118946,0.18154627
q__bogz1fl633061105q_mmf_tsy_raw__lag006,0.990596,0.028046,0.155207,0.18152924
q__bogz1fl633061105q_money_market_funds_ts__lag006,0.990596,0.028046,0.155207,0.18152924
d__dexchus_dexchus__lag090,0.564263,0.190611,0.131081,0.18151865
q__bogz1fa663061165q_brokers_dealers_long_ts_tx__lag006,0.978056,0.008914,0.176521,0.18136589
d__dexcaus_dexcaus__lag061,0.69279,0.09665,0.16507,0.18131743
d__dexusuk_dexusuk__lag061,0.69279,0.155045,0.106664,0.18130935
d__dexusuk_dexusuk__lag080,0.69279,0.156132,0.105558,0.1812964
q__bogz1lm403061105q_gses_ts__lag006,0.990596,0.075329,0.107618,0.18122681
q__bogz1lm403061105q_gse_tsy__lag006,0.990596,0.075329,0.107618,0.18122681
d__dexusuk_dexusuk__lag019,0.69279,0.140787,0.120626,0.18110436
d__vixcls_vixcls__lag024,0.454545,0.156424,0.241997,0.18110036
d__dexcaus_dexcaus__lag086,0.69279,0.099761,0.161626,0.18108615
d__wimfsl_immf__lag011,0.579937,0.247824,0.064263,0.18099116
q__ib0000043q086sbea_imp_ind_pi__lag008,0.714734,0.041779,0.211415,0.18096639
d__dexusuk_dexusuk__lag090,0.689655,0.155908,0.106494,0.18096632
d__wimfsl_immf__lag010,0.579937,0.248017,0.063927,0.18090788
d__dexusuk_dexusuk__lag018,0.69279,0.135893,0.125209,0.18088856
d__dexcaus_dexcaus__lag085,0.69279,0.102113,0.158972,0.1808771
d__dexszus_dexszus__lag008,0.69279,0.180252,0.080828,0.1808737
q__bogz1fl513061115q_pci_bills_raw__lag004,0.996865,0.068686,0.112751,0.1808678
q__bogz1fl513061115q_pci_bills__lag004,0.996865,0.068686,0.112751,0.1808678
d__dexszus_dexszus__lag005,0.69279,0.173943,0.087123,0.18086404
q__bogz1fl704041005q_usb_stloan_a__lag005,0.99373,0.115651,0.066331,0.18084014
d__dexcaus_dexcaus__lag016,0.69279,0.122968,0.137999,0.18079553
q__bogz1fl704035005q_usb_loan_a__lag006,0.990596,0.130708,0.051712,0.18070487
d__dexusuk_dexusuk__lag076,0.69279,0.15086,0.109949,0.18068561
q__fgrecpt_fgrecpt__lag003,0.984326,0.043808,0.139664,0.1805964
d__dexusuk_dexusuk__lag086,0.69279,0.155106,0.1055,0.1805448
d__dexusuk_dexusuk__lag084,0.69279,0.153785,0.106729,0.18048205
d__baa10y_baa10y__lag001,0.504702,0.114628,0.242929,0.18046001
q__bogz1fl264135005a_row_loans_l__lag004,1.0,0.096552,0.083904,0.18045575
d__dexszus_dexszus__lag006,0.69279,0.176318,0.084081,0.18040181
d__dexcaus_dexcaus__lag090,0.689655,0.102431,0.15914,0.1803933
q__bogz1fl593061105q_pension_ts__lag005,0.99373,0.117586,0.063874,0.18032232
d__dexszus_dexszus__lag025,0.69279,0.166337,0.093871,0.18026914
d__dexcaus_dexcaus__lag065,0.69279,0.088304,0.171817,0.18020917
q__gce_gce__lag002,0.987461,0.103717,0.078661,0.1800913
d__vixcls_vixcls__lag060,0.454545,0.323035,0.073162,0.18008934
d__dexszus_dexszus__lag023,0.69279,0.165231,0.094522,0.17995397
m__wpu0561_ppi_crude__lag008,0.987461,0.06395,0.118277,0.17994111
q__bogz1fa653061113q_mutf_bills_tx__lag001,0.99373,0.034847,0.1462,0.17991261
d__dexusuk_dexusuk__lag075,0.69279,0.152538,0.107031,0.17982732
m__recprousm156n_recprob__lag012,0.727273,0.174065,0.073018,0.17969687
d__baa10y_baa10y__lag089,0.504702,0.203819,0.152056,0.17961051
q__bogz1lm563061103q_etfs_ts__lag006,0.990596,0.039405,0.141906,0.17960528
d__dexusuk_dexusuk__lag058,0.69279,0.14978,0.109423,0.17957324
q__rowtsaq027s_row_tsy_tx__lag006,0.978056,0.002733,0.180852,0.17955635
q__bogz1fa733061103q_holding_companies_ts_tx__lag006,0.978056,0.007602,0.175943,0.17951679
d__dexcaus_dexcaus__lag060,0.69279,0.095406,0.163693,0.17950129
d__dexusuk_dexusuk__lag008,0.69279,0.142338,0.116713,0.17946833
d__usepuindxd_policy_uncertainty__lag019,0.517241,0.132351,0.214492,0.17940112
d__dexusuk_dexusuk__lag074,0.69279,0.154978,0.103924,0.17936446
d__baa10y_baa10y__lag002,0.504702,0.116557,0.238318,0.17910617
q__bogz1fl713068703q_fed_dw_a__lag003,1.0,0.114075,0.065024,0.17909879
d__baa10y_baa10y__lag086,0.504702,0.201315,0.153528,0.17908997
d__dexusuk_dexusuk__lag060,0.69279,0.155142,0.103222,0.17899223
q__bogz1lm563061103q_etfs_ts__lag004,0.996865,0.05115,0.128358,0.17894577
q__w328rc1q027sbea_nfcb_pat__lag005,0.978056,0.038519,0.144429,0.17893371
d__dexcaus_dexcaus__lag058,0.69279,0.10314,0.155137,0.17893136
d__baa10y_baa10y__lag085,0.504702,0.200584,0.153938,0.17892812
q__ncbtsaq027s_nfcb_tsy_tx__lag006,0.978056,0.02058,0.162314,0.17888054
q__bogz1fa313161305q_gov_nonmarketable_ts_tx__lag003,0.987461,0.006521,0.174588,0.17883883
d__dexszus_dexszus__lag018,0.69279,0.170504,0.087617,0.17882322
d__stlfsi4_stlfed_fin_stress_idx__lag010,0.404389,0.047726,0.394427,0.17880152
d__baa10y_baa10y__lag084,0.504702,0.199634,0.154566,0.17876553
m__currcir_currcir__lag002,1.0,0.103331,0.07538,0.17871107
d__dexusuk_dexusuk__lag073,0.69279,0.152547,0.105337,0.17865915
d__dexszus_dexszus__lag015,0.69279,0.175295,0.082302,0.17846092
d__dexcaus_dexcaus__lag062,0.69279,0.095145,0.162371,0.17840444
d__dexusuk_dexusuk__lag083,0.69279,0.152648,0.104835,0.17838178
q__bogz1fa313161305q_gov_nonmarketable_ts_tx__lag001,0.99373,0.110334,0.069114,0.17832378
q__bogz1fa553061103q_closed_end_funds_ts_tx__lag001,0.99373,0.082863,0.096583,0.17832117
d__dexusuk_dexusuk__lag079,0.69279,0.153616,0.103578,0.17818148
m__busloans_busloans__lag007,0.987461,0.145629,0.03475,0.17811681
d__dexszus_dexszus__lag024,0.69279,0.165241,0.091742,0.17803582
q__gce_gce__lag001,0.990596,0.099527,0.080143,0.17798033
d__vixcls_vixcls__lag061,0.454545,0.318365,0.072974,0.17788149
d__baa10y_baa10y__lag078,0.504702,0.196041,0.156254,0.17780408
q__bogz1fr403061105q_gses_ts_reval__lag002,0.990596,0.009669,0.169772,0.17775355
d__stlfsi4_stlfed_fin_stress_idx__lag009,0.404389,0.044597,0.394677,0.17763783
q__gce_gce__lag008,0.968652,0.105769,0.077612,0.17763237
d__usepuindxd_policy_uncertainty__lag031,0.517241,0.182294,0.160762,0.17744297
d__dexusuk_dexusuk__lag002,0.69279,0.145194,0.110906,0.17742376
q__gce_gce__lag006,0.974922,0.108293,0.073682,0.17741147
d__dexusuk_dexusuk__lag056,0.69279,0.147876,0.108121,0.17735259
d__dexszus_dexszus__lag084,0.69279,0.175206,0.080723,0.1773056
q__a464rc1q027sbea_nfcb_pbt__lag001,0.990596,0.000814,0.178152,0.17728261
d__dexusuk_dexusuk__lag078,0.69279,0.151374,0.104281,0.17711503
q__bogz1fl663061165q_brokers_dealers_long_ts__lag001,1.0,0.04405,0.133041,0.17709147
m__mich_mich__lag001,0.605016,0.126021,0.166682,0.1770897
d__dexcaus_dexcaus__lag064,0.69279,0.08989,0.165666,0.17704672
q__bogz1fl313161110q_totalbills_z1__lag005,0.99373,0.027359,0.150717,0.17695934
q__bogz1fa553061103q_closed_end_funds_ts_tx__lag007,0.974922,0.053102,0.128406,0.17695543
d__dexcaus_dexcaus__lag089,0.689655,0.095776,0.16079,0.17694243
d__dexusuk_dexusuk__lag081,0.69279,0.153342,0.102059,0.17693937
d__dexusuk_dexusuk__lag006,0.69279,0.143074,0.112323,0.1769368
q__bogz1fa513061113q_pci_bills_tx__lag004,0.984326,0.067761,0.111986,0.17693035
d__dexusuk_dexusuk__lag077,0.69279,0.151197,0.104151,0.17690265
m__currcir_currcir__lag001,1.0,0.104632,0.072239,0.17687169
q__w326rc1q027sbea_net_op_surplus__lag006,0.974922,0.042214,0.139191,0.17685594
d__dexusuk_dexusuk__lag046,0.69279,0.151609,0.10364,0.17683395
d__dexusuk_dexusuk__lag015,0.69279,0.13635,0.118808,0.17677118
d__baa10y_baa10y__lag088,0.504702,0.201436,0.148809,0.17676942
d__usepuindxd_policy_uncertainty__lag053,0.517241,0.208499,0.133147,0.17671299
d__dexusuk_dexusuk__lag020,0.69279,0.1418,0.113129,0.17661256
m__pcedg_pcedg__lag010,0.833856,0.056778,0.154964,0.17656249
q__fgdef_fgdef__lag006,0.974922,0.045333,0.135732,0.17652486
d__dexusuk_dexusuk__lag059,0.69279,0.151282,0.103342,0.17640066
q__rowstaq027s_row_stloan_a__lag006,0.990596,0.078971,0.099077,0.17637407
d__dexszus_dexszus__lag007,0.69279,0.175594,0.078985,0.1763695
d__dexusuk_dexusuk__lag072,0.69279,0.149793,0.104767,0.17635667
d__stlfsi4_stlfed_fin_stress_idx__lag012,0.404389,0.047584,0.388441,0.17632357
d__usepuindxd_policy_uncertainty__lag087,0.517241,0.127371,0.213522,0.17632354
q__rowsllq027s_row_stloan_l__lag007,0.987461,0.11044,0.068099,0.17630006
q__pnfi_priv_nonres_fi__lag008,0.968652,0.113077,0.068874,0.17624798
d__dexszus_dexszus__lag085,0.69279,0.17376,0.080637,0.17624362
q__bogz1lm563061103q_etfs_ts__lag003,1.0,0.049866,0.126377,0.17624241
d__vixcls_vixcls__lag062,0.454545,0.330907,0.056692,0.17618137
q__impgs_imports__lag007,0.971787,0.094093,0.08717,0.17614836
q__bogz1fl264035005q_row_loans_a__lag006,0.990596,0.112213,0.065518,0.17605932
q__bogz1lm563061103q_etfs_ts__lag007,0.987461,0.032696,0.145579,0.17603952
q__bogz1fl264135005a_row_loans_l__lag008,0.99373,0.089117,0.088007,0.17601312
d__dexszus_dexszus__lag083,0.69279,0.173993,0.080055,0.17600206
q__iatashcbsnncb_nfcb_hc_inventories__lag007,0.987461,0.10206,0.076171,0.17599574
m__mich_mich__lag002,0.605016,0.109713,0.181105,0.17594942
d__dexusuk_dexusuk__lag047,0.69279,0.151321,0.102591,0.17590748
d__dexusuk_dexusuk__lag004,0.69279,0.143164,0.110727,0.17589312
q__bogz1fl633061105q_mmf_tsy_raw__lag007,0.987461,0.033705,0.144403,0.17587438
q__bogz1fl633061105q_money_market_funds_ts__lag007,0.987461,0.033705,0.144403,0.17587438
d__dexusuk_dexusuk__lag057,0.69279,0.14519,0.108651,0.17585849
d__dexusuk_dexusuk__lag003,0.69279,0.140736,0.113064,0.17583031
q__bogz1fl343061123q_fed_gov_dcg_retirement_ts__lag005,0.99373,0.066084,0.110839,0.1758138
d__baa10y_baa10y__lag081,0.504702,0.198388,0.149955,0.17580936
q__bogz1lm343061165q_fed_gov_db_retirement_ts__lag003,1.0,0.095998,0.079805,0.17580329
q__bogz1lm343061165q_fed_ret_tsy_db__lag003,1.0,0.095998,0.079805,0.17580329
d__dexusuk_dexusuk__lag055,0.69279,0.145054,0.108699,0.17579797
d__usepuindxd_policy_uncertainty__lag068,0.517241,0.219292,0.120557,0.17578411
d__dexusuk_dexusuk__lag082,0.69279,0.149878,0.103848,0.175779
q__bogz1fl892050005q_all_ffrepo__lag008,0.984326,0.056289,0.122252,0.17574281
q__gpdi_gpdi__lag002,0.987461,0.055086,0.122826,0.17568109
q__gce_gce__lag007,0.971787,0.105489,0.07525,0.17564031
q__fgrecpt_fgrecpt__lag005,0.978056,0.036076,0.143498,0.17563324
q__a091rc1q027sbea_gov_interest_payments__lag008,0.968652,0.124364,0.056889,0.17557107
q__a091rc1q027sbea_fedgov_int__lag008,0.968652,0.124364,0.056889,0.17557107
d__stlfsi4_stlfed_fin_stress_idx__lag011,0.404389,0.044931,0.389042,0.17549374
d__baa10y_baa10y__lag079,0.504702,0.194433,0.153279,0.17549126
d__dexszus_dexszus__lag020,0.69279,0.167243,0.086,0.17544396
d__dexusuk_dexusuk__lag005,0.69279,0.143856,0.109282,0.17537183
d__dexusuk_dexusuk__lag039,0.69279,0.148276,0.10486,0.1753706
d__dexusuk_dexusuk__lag016,0.69279,0.135015,0.118002,0.17528734
m__ppiaco_ppiaco__lag006,1.0,0.024983,0.150173,0.17515559
q__bogz1fl713068703q_fed_dw_a__lag001,1.0,0.083151,0.091935,0.17508589
d__dexcaus_dexcaus__lag063,0.69279,0.092814,0.159907,0.17508228
d__dexszus_dexszus__lag009,0.69279,0.175502,0.077179,0.17505458
q__gpdi_gpdi__lag001,0.990596,0.044032,0.132664,0.17503488
q__bogz1fa653061105q_mutual_funds_ts_tx__lag006,0.978056,0.087418,0.091522,0.17501268
m__currcir_currcir__lag003,1.0,0.098242,0.07677,0.1750118
d__dexusuk_dexusuk__lag017,0.69279,0.132474,0.120062,0.17495473
d__baa10y_baa10y__lag077,0.504702,0.192149,0.154437,0.1749227
q__rowsllq027s_row_stloan_l__lag006,0.990596,0.108688,0.067874,0.17490133
d__dexszus_dexszus__lag087,0.69279,0.169965,0.082468,0.17488287
d__dexszus_dexszus__lag010,0.69279,0.17621,0.076137,0.17482363
m__mvmtd027mnfrbdal_mv_mkt_debt__lag011,1.0,0.100359,0.07446,0.17481887
d__dexusuk_dexusuk__lag049,0.69279,0.14957,0.102641,0.17472928
q__rowgseq027s_row_agency_flow__lag007,0.974922,0.114495,0.064645,0.17464799
d__dexusuk_dexusuk__lag045,0.69279,0.15029,0.101768,0.1746233
d__baa10y_baa10y__lag087,0.504702,0.196719,0.149196,0.17458414
d__dexszus_dexszus__lag088,0.689655,0.170103,0.08298,0.17453979
d__dexusuk_dexusuk__lag048,0.69279,0.148621,0.103312,0.17453678
q__bogz1fl763061100q_usb_tsy_oth__lag002,1.0,0.031064,0.143463,0.17452632
d__dexszus_dexszus__lag019,0.69279,0.166768,0.085126,0.17450989
m__wpu0561_ppi_crude__lag001,0.99373,0.003092,0.172467,0.17445837
d__baa10y_baa10y__lag080,0.504702,0.194703,0.150841,0.17439695
m__bogmbase_mb__lag007,0.836991,0.078654,0.129668,0.17436311
m__bogmbase_mb__lag006,0.840125,0.084737,0.122763,0.17432626
q__bogz1fl513061115q_pci_bills_raw__lag002,1.0,0.020426,0.153796,0.17422199
q__bogz1fl513061115q_pci_bills__lag002,1.0,0.020426,0.153796,0.17422199
q__bogz1fl884035005q_dom_loan_a__lag003,1.0,0.066941,0.107121,0.17406129
d__dexusuk_dexusuk__lag050,0.69279,0.146022,0.105124,0.17399127
d__baa10y_baa10y__lag073,0.504702,0.198204,0.146193,0.17381777
d__dexusuk_dexusuk__lag031,0.69279,0.137505,0.113208,0.17369093
m__baaffm_baaff__lag008,0.893417,0.136223,0.058132,0.17364011
d__dexszus_dexszus__lag082,0.69279,0.172627,0.077913,0.17357142
m__houst_houst__lag001,0.84326,0.098145,0.107639,0.17353012
d__dexusuk_dexusuk__lag052,0.69279,0.14089,0.109498,0.17346667
m__srvprd_srvprd__lag005,1.0,0.081874,0.091557,0.17343083
d__dexusuk_dexusuk__lag041,0.69279,0.145595,0.104699,0.17340113
d__dexszus_dexszus__lag027,0.69279,0.162047,0.088028,0.17324908
d__dexszus_dexszus__lag090,0.689655,0.170421,0.080551,0.17308411
d__dexusuk_dexusuk__lag038,0.69279,0.146168,0.103615,0.17304695
q__fgdef_fgdef__lag007,0.971787,0.024064,0.153885,0.17292828
d__vixcls_vixcls__lag025,0.454545,0.148737,0.231597,0.17287921
d__dexusuk_dexusuk__lag054,0.69279,0.144159,0.105302,0.17282386
q__bogz1lm223061143q_state_local_db_retirement_ts__lag003,1.0,0.069816,0.102986,0.17280163
q__tgdef_net_gov_sav__lag008,0.968652,0.027894,0.150499,0.17279998
q__bogz1fr513061105q_pc_insurance_ts_reval__lag002,0.990596,0.019538,0.154897,0.1727944
d__dexusuk_dexusuk__lag042,0.69279,0.145392,0.104016,0.17278745
m__pcedg_pcedg__lag011,0.833856,0.043414,0.1638,0.17278696
d__dexszus_dexszus__lag086,0.69279,0.169361,0.079845,0.17264761
d__baa10y_baa10y__lag075,0.504702,0.194333,0.147741,0.17264527
m__recprousm156n_recprob__lag003,0.736677,0.10598,0.128305,0.1725926
d__dexszus_dexszus__lag030,0.69279,0.164954,0.084155,0.17258058
d__baa10y_baa10y__lag082,0.504702,0.196574,0.145323,0.17255619
d__dexszus_dexszus__lag081,0.69279,0.170887,0.078156,0.17253437
q__bogz1fl704035005q_usb_loan_a__lag005,0.99373,0.125358,0.048221,0.17249055
d__dexszus_dexszus__lag026,0.69279,0.1589,0.089849,0.17233125
q__bogz1fa343061165q_fed_gov_db_retirement_ts_tx__lag005,0.981191,0.073466,0.102109,0.17227299
d__baa10y_baa10y__lag015,0.504702,0.129707,0.211612,0.17226435
d__dexusuk_dexusuk__lag001,0.69279,0.142504,0.106021,0.17217594
d__dexusuk_dexusuk__lag043,0.69279,0.14706,0.101438,0.17215652
d__dexusuk_dexusuk__lag040,0.69279,0.147465,0.100958,0.17210497
d__dexszus_dexszus__lag077,0.69279,0.167521,0.080859,0.17207499
d__baa10y_baa10y__lag083,0.504702,0.194768,0.145928,0.17195024
d__dexszus_dexszus__lag012,0.69279,0.173372,0.074695,0.17185788
q__bogz1lm473061105q_credit_unions_ts__lag001,1.0,0.005065,0.166783,0.17184819
q__bogz1lm473061105q_credit_unions_ts_tx__lag001,1.0,0.005065,0.166783,0.17184819
d__baa10y_baa10y__lag074,0.504702,0.195108,0.145215,0.17176173
d__dexszus_dexszus__lag011,0.69279,0.173457,0.074404,0.17171621
q__fgrecpt_fgrecpt__lag002,0.987461,0.03903,0.134791,0.17164169
m__mvmtd027mnfrbdal_mv_mkt_debt__lag012,1.0,0.095115,0.076518,0.17163308
d__dexszus_dexszus__lag014,0.69279,0.17083,0.076899,0.17162466
d__baa10y_baa10y__lag076,0.504702,0.19288,0.147159,0.17161808
m__ltdacbm027nbog_ltd__lag010,0.658307,0.168649,0.092008,0.17159283
q__bogz1fl884135005q_dom_loan_l__lag003,1.0,0.055254,0.116338,0.17159278
m__dspic96_real_dpi__lag002,0.84326,0.131558,0.071923,0.1715873
m__busloans_busloans__lag006,0.990596,0.137667,0.035493,0.1715314
q__bogz1lm263061110q_row_bills_raw__lag008,0.984326,0.080016,0.094211,0.17149617
q__bogz1lm263061110q_row_bills__lag008,0.984326,0.080016,0.094211,0.17149617
d__baa10y_baa10y__lag072,0.504702,0.19367,0.146085,0.17147487
d__dexszus_dexszus__lag057,0.69279,0.165143,0.082358,0.17146634
d__baa10y_baa10y__lag016,0.504702,0.135386,0.204292,0.17143647
d__dexusuk_dexusuk__lag053,0.69279,0.144512,0.102936,0.17142957
q__bogz1fl704035005q_usb_loan_a__lag004,0.996865,0.124294,0.047652,0.17140669
q__fgtsl_fgtsl__lag003,1.0,0.066963,0.104424,0.17138703
q__bogz1lm563061103q_etfs_ts__lag002,1.0,0.046215,0.12508,0.17129477
d__dexusuk_dexusuk__lag051,0.69279,0.139687,0.107533,0.17127154
d__dexusuk_dexusuk__lag030,0.69279,0.134931,0.112261,0.17125215
d__dexcaus_dexcaus__lag004,0.69279,0.107998,0.139148,0.17122039
d__dexusuk_dexusuk__lag022,0.69279,0.137228,0.109883,0.17119651
d__dexcaus_dexcaus__lag005,0.69279,0.107465,0.139641,0.17119276
q__bogz1fl763061100q_usb_tsy_oth__lag003,1.0,0.002599,0.168553,0.17115186
q__bogz1fa503061123q_ccps_ts_tx__lag005,0.981191,0.11966,0.054767,0.1711456
d__dexusuk_dexusuk__lag037,0.69279,0.143251,0.103735,0.17110969
q__bogz1fl503061123q_ccps_ts__lag008,0.984326,0.039914,0.133915,0.17110452
d__dexcaus_dexcaus__lag006,0.69279,0.108535,0.138423,0.17108952
m__currcir_currcir__lag004,1.0,0.092285,0.078804,0.17108816
d__dexszus_dexszus__lag078,0.69279,0.167687,0.079037,0.17092793
m__bogmbase_mb__lag008,0.836991,0.071947,0.132179,0.17085169
d__dexszus_dexszus__lag061,0.69279,0.163729,0.082874,0.17084394
q__bogz1fa343061123q_fed_gov_dcg_retirement_ts_tx__lag006,0.978056,0.110722,0.063927,0.17081733
q__bogz1lm903061103q_instrument_discrepancies_ts__lag008,0.984326,0.089415,0.084101,0.17079578
d__dexcaus_dexcaus__lag015,0.69279,0.120822,0.125689,0.17078023
d__dexszus_dexszus__lag029,0.69279,0.162276,0.084177,0.17074019
q__b093rc1q027sbea_gov_int_row__lag002,0.987461,0.03987,0.132859,0.1705636
q__bogz1fa573061133q_private_dc_pension_ts_tx__lag008,0.971787,0.068603,0.106878,0.17053021
q__impgs_imports__lag002,0.987461,0.060546,0.112136,0.17051693
q__rowsllq027s_row_stloan_l__lag004,0.996865,0.117494,0.053358,0.17031637
d__dexszus_dexszus__lag079,0.69279,0.167671,0.078166,0.17031322
q__tfaabsnncb_nfcb_tfa__lag005,0.99373,0.047058,0.124267,0.17025021
q__bogz1fl702150005q_usb_ffrepo__lag006,0.990596,0.024605,0.147217,0.17020604
d__dexusuk_dexusuk__lag036,0.69279,0.142421,0.103167,0.17014039
d__dexszus_dexszus__lag055,0.69279,0.16628,0.079277,0.17011929
d__dexszus_dexszus__lag089,0.689655,0.166257,0.080414,0.17011823
m__uspriv_uspriv__lag011,1.0,0.061338,0.108747,0.17008563
m__currcir_currcir__lag005,1.0,0.090089,0.079852,0.16994078
m__currcir_currcir__lag006,1.0,0.086778,0.083157,0.16993542
m__srvprd_srvprd__lag008,1.0,0.088844,0.081061,0.16990498
d__dexszus_dexszus__lag013,0.69279,0.170414,0.074767,0.16985908
d__dexusuk_dexusuk__lag032,0.69279,0.140583,0.104441,0.16975068
m__dgorder_dgorder__lag009,0.420063,0.208663,0.195435,0.16974644
d__dexszus_dexszus__lag060,0.69279,0.162564,0.08244,0.1697363
d__dexusuk_dexusuk__lag021,0.69279,0.137435,0.107352,0.16958554
d__dexusuk_dexusuk__lag044,0.69279,0.143962,0.100807,0.16957358
d__dexusuk_dexusuk__lag033,0.69279,0.1396,0.105002,0.16945749
d__usepuindxd_policy_uncertainty__lag040,0.517241,0.221949,0.105519,0.16937961
d__dexusuk_dexusuk__lag034,0.69279,0.139872,0.104471,0.16927826
d__dexcaus_dexcaus__lag003,0.69279,0.107859,0.136417,0.16923207
d__dexszus_dexszus__lag062,0.69279,0.163689,0.080545,0.16920224
q__bogz1lm563061103q_etfs_ts__lag001,1.0,0.035499,0.133683,0.16918283
q__bogz1fa653061113q_mutf_bills_tx__lag005,0.981191,0.089998,0.082388,0.16914364
q__rownblq027s_row_nonfinbusinessloans_flow__lag003,0.987461,0.018203,0.153073,0.16912775
q__rowceaq027s_row_corpequities_flow__lag008,0.971787,0.056692,0.117186,0.16897241
q__bogz1fa693061105q_nonmmf_ts_tx__lag006,0.978056,0.0693,0.103447,0.16895588
q__bogz1fa693061105q_nonmmmf_ts_tx__lag006,0.978056,0.0693,0.103447,0.16895588
q__bogz1fl543061175q_life_insurance_ts__lag008,0.984326,0.080734,0.090905,0.16894815
d__dexszus_dexszus__lag080,0.69279,0.168169,0.075687,0.16894114
q__bogz1lm733061103q_holding_companies_ts__lag001,1.0,0.02502,0.143861,0.16888029
m__ces3000000008_wage_man__lag002,1.0,0.060526,0.108311,0.16883715
d__dexszus_dexszus__lag059,0.69279,0.160609,0.082824,0.16864761
q__a091rc1q027sbea_gov_interest_payments__lag003,0.984326,0.033981,0.137314,0.16861024
q__a091rc1q027sbea_fedgov_int__lag003,0.984326,0.033981,0.137314,0.16861024
d__dexusuk_dexusuk__lag035,0.69279,0.138524,0.104735,0.16852778
d__dexusuk_dexusuk__lag029,0.69279,0.133976,0.109161,0.16844321
d__vixcls_vixcls__lag035,0.454545,0.183892,0.1866,0.16840536
d__dexszus_dexszus__lag056,0.69279,0.163318,0.079707,0.16836493
q__bogz1fa513061113q_pci_bills_tx__lag008,0.971787,0.022232,0.150985,0.16832945
d__dexszus_dexszus__lag028,0.69279,0.160966,0.081955,0.16829306
d__baa10y_baa10y__lag018,0.504702,0.135031,0.198365,0.16826576
q__bogz1fa263061145q_row_priv_tsy_tx__lag007,0.974922,0.011606,0.160988,0.16826553
q__bogz1fa105019005q_nfcb_gfi__lag008,0.971787,0.109567,0.063561,0.16824333
q__bogz1lm563061103q_etfs_ts__lag008,0.984326,0.017548,0.153306,0.16817672
q__bogz1fl704035005q_usb_loan_a__lag003,1.0,0.110585,0.057554,0.16813899
d__dexszus_dexszus__lag054,0.69279,0.165448,0.077238,0.16813064
q__bogz1fl693061105q_nonmmf_ts__lag002,1.0,0.081713,0.086411,0.168124
q__bogz1fl693061105q_nonmmmf_ts__lag002,1.0,0.081713,0.086411,0.168124
q__tfaabsnncb_nfcb_tfa__lag006,0.990596,0.053779,0.11582,0.16800436
d__dexusuk_dexusuk__lag023,0.69279,0.137377,0.105053,0.16795251
m__mtsr133fms_fedgov_rcpt__lag007,0.564263,0.100114,0.197455,0.16790749
q__tfaabsnncb_nfcb_tfa__lag007,0.987461,0.049523,0.120512,0.1679032
q__impgs_imports__lag008,0.968652,0.131209,0.042096,0.16787184
q__ttaatashcbshnncb_nfcb_hc_assets__lag008,0.984326,0.104044,0.066444,0.16781559
d__baa10y_baa10y__lag017,0.504702,0.133788,0.198584,0.16774901
d__dexusuk_dexusuk__lag028,0.69279,0.133407,0.108684,0.16771786
m__popthm_popthm__lag012,0.833856,0.127176,0.073859,0.16763406
d__dexszus_dexszus__lag058,0.69279,0.162035,0.079836,0.16756592
m__ces3000000008_wage_man__lag001,1.0,0.058036,0.109487,0.16752265
q__bogz1lm653061105q_mf_tsy_raw__lag003,1.0,0.082442,0.084837,0.1672792
q__bogz1lm653061105q_mutual_funds_ts__lag003,1.0,0.082442,0.084837,0.1672792
m__currcir_currcir__lag007,1.0,0.081246,0.085977,0.16722221
d__vixcls_vixcls__lag063,0.454545,0.299766,0.067827,0.16708784
m__mtsds133fms_fed_surplus_deficit__lag005,0.567398,0.207214,0.087162,0.16702831
d__dexmxus_dexmxus__lag009,0.407524,0.18926,0.220339,0.16692119
m__busloans_busloans__lag005,0.990596,0.13193,0.036572,0.16691775
d__dexszus_dexszus__lag076,0.69279,0.160887,0.079989,0.16687639
m__wtisplc_wtisplc__lag001,1.0,0.000269,0.166594,0.16686305
m__ces3000000008_wage_man__lag003,1.0,0.05748,0.109351,0.16683126
d__dexusuk_dexusuk__lag026,0.69279,0.136166,0.104602,0.16680127
m__ces3000000008_wage_man__lag006,1.0,0.059598,0.107191,0.16678896
m__ces3000000008_wage_man__lag012,1.0,0.066253,0.100437,0.16669038
q__bogz1lm263061105q_row_tsy_raw__lag006,0.990596,0.090253,0.077991,0.1666617
q__bogz1lm263061105q_row_tsy__lag006,0.990596,0.090253,0.077991,0.1666617
d__dexmxus_dexmxus__lag008,0.407524,0.188414,0.220452,0.16662242
m__ces3000000008_wage_man__lag009,1.0,0.063356,0.103256,0.1666119
m__totresns_res__lag009,0.836991,0.050716,0.148286,0.16656334
m__ces3000000008_wage_man__lag008,1.0,0.063563,0.102973,0.16653586
d__baa10y_baa10y__lag071,0.504702,0.190812,0.139061,0.16648737
m__ces3000000008_wage_man__lag011,1.0,0.066642,0.099775,0.16641688
q__bogz1fl704041005q_usb_stloan_a__lag004,0.996865,0.124852,0.041925,0.16625466
m__m2sl_m2__lag002,0.84326,0.122271,0.074819,0.16619771
m__ces3000000008_wage_man__lag005,1.0,0.060182,0.10598,0.16616231
m__ces3000000008_wage_man__lag010,1.0,0.063982,0.102056,0.16603842
q__bogz1fl573061143q_private_db_pension_ts__lag008,0.984326,0.106863,0.061797,0.16601723
q__bogz1fl264135005q_row_loans_l__lag002,1.0,0.112718,0.053266,0.16598432
m__currcir_currcir__lag008,1.0,0.078525,0.087366,0.16589095
m__popthm_popthm__lag011,0.833856,0.125828,0.073105,0.16588143
q__ophnfb_nflabor_productivity__lag005,0.978056,0.101109,0.068428,0.1658161
q__bogz1fl262151003q_row_repo__lag001,1.0,0.116854,0.048887,0.16574095
q__bogz1lm573061133q_private_dc_pension_ts__lag004,0.996865,0.087309,0.078862,0.16565099
d__baa10y_baa10y__lag019,0.504702,0.133781,0.194411,0.16563928
m__srvprd_srvprd__lag003,1.0,0.089371,0.076207,0.16557858
m__dgorder_dgorder__lag007,0.423197,0.184425,0.206773,0.16555413
m__recprousm156n_recprob__lag002,0.736677,0.05115,0.173579,0.16555319
d__dexusuk_dexusuk__lag027,0.69279,0.134039,0.104883,0.16552279
d__dexcaus_dexcaus__lag001,0.69279,0.107625,0.131277,0.16550842
q__bogz1lm102010005q_nfcb_nfassets__lag008,0.984326,0.09813,0.069943,0.16543861
m__ces2000000008_wage_const__lag011,0.984326,0.077878,0.090159,0.16540269
q__tnwmvbsnncb_nfcb_nw__lag007,0.987461,0.031836,0.135651,0.16538713
d__dexusuk_dexusuk__lag025,0.69279,0.134462,0.104252,0.16537918
m__totresns_res__lag012,0.833856,0.018118,0.180188,0.16535846
d__dexszus_dexszus__lag065,0.69279,0.163429,0.075083,0.16523849
d__dexusuk_dexusuk__lag024,0.69279,0.133647,0.104799,0.1651927
d__usepuindxd_policy_uncertainty__lag071,0.517241,0.167344,0.152004,0.16517985
d__baa10y_baa10y__lag020,0.504702,0.138416,0.188753,0.16512288
d__baa10y_baa10y__lag058,0.504702,0.189017,0.138002,0.1650476
m__ces3000000008_wage_man__lag007,1.0,0.059012,0.106011,0.16502219
q__bogz1fl633061110q_mmf_bills_raw__lag007,0.987461,0.038619,0.128375,0.16489999
q__bogz1fl633061110q_mmf_bills__lag007,0.987461,0.038619,0.128375,0.16489999
d__dexszus_dexszus__lag063,0.69279,0.162938,0.075061,0.16488295
d__dexszus_dexszus__lag072,0.69279,0.160674,0.07714,0.16475531
d__baa10y_baa10y__lag065,0.504702,0.18881,0.137488,0.16468372
m__ces2000000008_wage_const__lag005,0.990596,0.067833,0.098413,0.16468251
q__iatashcbsnncb_nfcb_hc_inventories__lag006,0.990596,0.08374,0.082483,0.16465963
d__baa10y_baa10y__lag069,0.504702,0.188724,0.137477,0.16463438
m__dspic96_real_dpi__lag005,0.840125,0.137599,0.058343,0.16461628
q__a024rc1q027sbea_cfc__lag008,0.968652,0.087551,0.082245,0.16447341
m__ces2000000008_wage_const__lag007,0.987461,0.071093,0.095403,0.16440771
m__ipmat_ipmat__lag001,1.0,0.072041,0.092344,0.16438583
m__ces3000000008_wage_man__lag004,1.0,0.056438,0.107936,0.16437376
q__rowmslq027s_row_muni_flow__lag001,0.99373,0.027055,0.13827,0.1642877
m__popthm_popthm__lag010,0.833856,0.124655,0.072331,0.1642583
d__baa10y_baa10y__lag062,0.504702,0.188722,0.13642,0.16409985
d__baa10y_baa10y__lag070,0.504702,0.187603,0.137475,0.16406785
q__bogz1lm105020015q_nfcb_inventories__lag008,0.984326,0.079886,0.086695,0.16396985
q__bogz1fl263061145q_row_priv_tsy__lag003,1.0,0.055022,0.108931,0.16395311
q__bogz1fl264135005a_row_loans_l__lag003,1.0,0.119765,0.044126,0.16389024
q__bogz1lm573061105q_private_pension_ts__lag006,0.990596,0.100752,0.064554,0.16375089
m__ces2000000008_wage_const__lag012,0.984326,0.079249,0.087094,0.16373565
q__bogz1fa383061105q_dom_nonfin_sector_tsy_tx__lag006,0.978056,0.086756,0.080591,0.16367514
d__dexszus_dexszus__lag069,0.69279,0.161894,0.074356,0.16367179
m__payems_nonfarm_payrolls__lag011,1.0,0.051769,0.111837,0.16360595
q__ttaatashcbshnncb_nfcb_hc_assets__lag007,0.987461,0.105474,0.060138,0.16353558
d__dexszus_dexszus__lag073,0.69279,0.158448,0.077542,0.1634912
d__baa10y_baa10y__lag064,0.504702,0.18915,0.134698,0.16344689
m__popthm_popthm__lag009,0.836991,0.123303,0.071951,0.16342541
m__ces2000000008_wage_const__lag006,0.990596,0.067638,0.097333,0.16341975
d__dexmxus_dexmxus__lag002,0.407524,0.193661,0.207245,0.16337843
d__baa10y_baa10y__lag059,0.504702,0.187762,0.135931,0.16336883
m__wtisplc_wtisplc__lag010,0.996865,0.071276,0.092602,0.16336407
q__rowsllq027s_row_stloan_l__lag008,0.984326,0.078882,0.087021,0.16330241
q__rownblq027s_row_nonfinbusinessloans_flow__lag005,0.981191,0.124705,0.041715,0.16328906
m__ces2000000008_wage_const__lag010,0.984326,0.075872,0.08999,0.16326243
d__baa10y_baa10y__lag063,0.504702,0.188399,0.135073,0.16325677
m__ces2000000008_wage_const__lag008,0.987461,0.07115,0.094042,0.16312064
m__ltdacbm027nbog_ltd__lag009,0.661442,0.150317,0.096131,0.16301111
q__iatashcbsnncb_nfcb_hc_inventories__lag008,0.984326,0.095097,0.070425,0.16292715
m__m2sl_m2__lag001,0.84326,0.127422,0.065788,0.16292646
q__a457rc1q027sbea_netva_nfcb__lag002,0.987461,0.033478,0.131488,0.16289735
d__baa10y_baa10y__lag061,0.504702,0.188275,0.134474,0.16289225
m__ipmine_ipmine__lag012,1.0,0.054912,0.10791,0.16282185
d__vixcls_vixcls__lag036,0.454545,0.158216,0.199919,0.16278864
m__bogmbase_mb__lag009,0.836991,0.059297,0.135127,0.16273114
q__b456rc1q027sbea_nfcb_cfc__lag007,0.971787,0.089486,0.077952,0.16271405
d__dexszus_dexszus__lag031,0.69279,0.160372,0.074494,0.16271291
q__bogz1fl663061165q_brokers_dealers_long_ts__lag006,0.990596,0.051711,0.11246,0.16262715
m__m2sl_m2__lag003,0.84326,0.11607,0.076776,0.16261902
q__b456rc1q027sbea_nfcb_cfc__lag008,0.968652,0.093497,0.074299,0.16253619
q__a024rc1q027sbea_cfc__lag007,0.971787,0.080574,0.08662,0.16247683
q__bogz1lm102010005q_nfcb_nfassets__lag007,0.987461,0.08665,0.077876,0.1624624
m__ces2000000008_wage_const__lag001,0.99373,0.063635,0.099818,0.16242729
q__bogz1fl313161110q_totalbills_z1__lag007,0.987461,0.010512,0.153954,0.16240286
m__ces2000000008_wage_const__lag004,0.990596,0.065235,0.098676,0.1623698
d__dexszus_dexszus__lag071,0.69279,0.158508,0.075628,0.16220673
d__dexszus_dexszus__lag067,0.69279,0.161899,0.072221,0.16219578
d__baa10y_baa10y__lag057,0.504702,0.18706,0.134071,0.16207574
d__baa10y_baa10y__lag068,0.504702,0.18655,0.134423,0.16199605
d__dexszus_dexszus__lag064,0.69279,0.160477,0.073336,0.16198285
d__dexmxus_dexmxus__lag007,0.407524,0.188656,0.208777,0.16196306
d__usepuindxd_policy_uncertainty__lag081,0.517241,0.187688,0.125422,0.16195307
q__bopbca_bopbca__lag008,0.805643,0.022531,0.178471,0.16193589
m__srvprd_srvprd__lag001,1.0,0.075999,0.085912,0.1619111
m__popthm_popthm__lag008,0.836991,0.121611,0.071819,0.16189871
m__ces2000000008_wage_const__lag003,0.99373,0.064978,0.097936,0.1618935
q__bogz1fl704035005q_usb_loan_a__lag002,1.0,0.095511,0.066377,0.16188783
d__dexszus_dexszus__lag075,0.69279,0.156684,0.076945,0.1618554
q__psave_psave__lag008,0.968652,0.029027,0.137926,0.16171901
m__pcedg_pcedg__lag008,0.836991,0.036413,0.156795,0.16171323
q__bogz1fa543061175q_life_insurance_ts_tx__lag006,0.978056,0.034916,0.130281,0.16157154
q__bogz1fa743061103q_usb_tsy_dom_tx__lag008,0.971787,0.090948,0.075294,0.16155223
q__tfaabsnncb_nfcb_tfa__lag004,0.996865,0.051227,0.110783,0.16150142
q__bogz1fa593061105q_pension_ts_tx__lag007,0.974922,0.062946,0.102676,0.16146841
q__fbtsaaq027s_dom_fin_sector_tsy__lag004,0.996865,0.05048,0.111495,0.16146729
m__baaffm_baaff__lag009,0.893417,0.12475,0.055979,0.16146674
m__ces2000000008_wage_const__lag002,0.99373,0.065111,0.097372,0.16146464
q__bogz1fa713068703q_fed_dw_tx__lag006,0.978056,0.059013,0.106044,0.16143543
m__ipmat_ipmat__lag006,1.0,0.090792,0.070636,0.16142784
d__dexszus_dexszus__lag068,0.69279,0.161486,0.071471,0.16139082
m__ces2000000008_wage_const__lag009,0.987461,0.069467,0.093919,0.16133701
m__currcir_currcir__lag009,1.0,0.07237,0.088959,0.16132863
q__bogz1fl593061105q_pension_ts__lag006,0.990596,0.11937,0.043484,0.16132272
m__recprousm156n_recprob__lag008,0.730408,0.121643,0.099117,0.16124519
q__bogz1fl663061165q_brokers_dealers_long_ts__lag007,0.987461,0.044208,0.119001,0.16116223
d__dexszus_dexszus__lag074,0.69279,0.156341,0.076183,0.16109048
q__hnotsbq027s_hhnp_tsy_tx__lag005,0.981191,0.025938,0.138175,0.16102635
d__dexszus_dexszus__lag066,0.69279,0.160971,0.071426,0.16100198
m__ppiaco_ppiaco__lag005,1.0,0.017449,0.143552,0.16100107
q__expgs_exports__lag006,0.974922,0.107521,0.057578,0.16095941
q__w326rc1q027sbea_net_op_surplus__lag001,0.990596,0.017497,0.14492,0.16088967
d__dexcaus_dexcaus__lag002,0.69279,0.102966,0.12923,0.16086276
q__bogz1fl743061103q_usb_tsy_dom__lag003,1.0,0.044737,0.116025,0.16076247
q__rowsllq027s_row_stloan_l__lag003,1.0,0.122272,0.03842,0.16069119
q__bogz1fl743061103q_usb_tsy_dom__lag002,1.0,0.051945,0.108715,0.16065932
q__pcesv_pcesv__lag007,0.971787,0.10266,0.062438,0.16044006
d__dexszus_dexszus__lag053,0.69279,0.157244,0.074289,0.16040346
m__popthm_popthm__lag007,0.836991,0.120073,0.071477,0.16032512
q__gpdi_gpdi__lag003,0.984326,0.047977,0.114869,0.16029357
d__dexszus_dexszus__lag049,0.69279,0.156803,0.074492,0.1602393
d__dexcaus_dexcaus__lag007,0.69279,0.108152,0.123096,0.16020569
q__a4102c1q027sbea_gdi_wages__lag008,0.968652,0.086969,0.078404,0.16018861
d__dexszus_dexszus__lag050,0.69279,0.15697,0.074243,0.16018212
q__b456rc1q027sbea_nfcb_cfc__lag006,0.974922,0.082237,0.081935,0.16005443
d__dexszus_dexszus__lag070,0.69279,0.15704,0.073786,0.15991376
q__bogz1lm513061105q_pci_tsy_raw__lag002,1.0,0.01791,0.141893,0.15980229
q__bogz1lm513061105q_pc_insurance_ts__lag002,1.0,0.01791,0.141893,0.15980229
q__bogz1lm513061105q_p_c_insurance_ts__lag002,1.0,0.01791,0.141893,0.15980229
d__dexszus_dexszus__lag048,0.69279,0.158253,0.072365,0.15976983
d__baa10y_baa10y__lag060,0.504702,0.185263,0.131216,0.15972781
d__baa10y_baa10y__lag067,0.504702,0.184889,0.131526,0.15969516
m__dgorder_dgorder__lag004,0.426332,0.149176,0.225016,0.1595299
d__baa10y_baa10y__lag054,0.504702,0.181684,0.134318,0.15948667
q__pcesv_pcesv__lag008,0.968652,0.108052,0.05656,0.15945144
d__vixcls_vixcls__lag090,0.451411,0.251033,0.102075,0.1593968
m__srvprd_srvprd__lag004,1.0,0.073538,0.085848,0.15938669
d__vixcls_vixcls__lag058,0.454545,0.25733,0.093187,0.15932574
q__a4102c1q027sbea_gdi_wages__lag007,0.971787,0.079778,0.08416,0.15931292
q__dividend_dividend__lag008,0.968652,0.055314,0.109102,0.15926227
d__dexcaus_dexcaus__lag012,0.69279,0.106389,0.123447,0.15922813
m__popthm_popthm__lag006,0.840125,0.118583,0.070938,0.15922112
q__fgtlasq027s_gov_loan_a__lag001,1.0,0.087947,0.071184,0.1591313
d__dexszus_dexszus__lag035,0.69279,0.158372,0.071279,0.15909974
d__dexcaus_dexcaus__lag008,0.69279,0.111647,0.117904,0.15903036
d__baa10y_baa10y__lag055,0.504702,0.183073,0.131904,0.15896951
d__dexszus_dexszus__lag033,0.69279,0.155848,0.073581,0.15894577
q__fgla_fgla__lag001,1.0,0.087757,0.071105,0.15886162
q__fgla_fedgov_loans__lag001,1.0,0.087757,0.071105,0.15886162
q__pcesv_pcesv__lag006,0.974922,0.089572,0.073357,0.15884286
q__ttaatashcbshnncb_nfcb_hc_assets__lag006,0.990596,0.103134,0.057215,0.15884175
q__a024rc1q027sbea_cfc__lag006,0.974922,0.07177,0.091141,0.15882593
d__usepuindxd_policy_uncertainty__lag026,0.517241,0.195018,0.111897,0.1587491
q__bogz1fl704041005q_usb_stloan_a__lag003,1.0,0.118639,0.04001,0.15864893
q__bogz1fl693061105q_nonmmf_ts__lag007,0.987461,0.082229,0.078386,0.15860107
q__bogz1fl693061105q_nonmmmf_ts__lag007,0.987461,0.082229,0.078386,0.15860107
q__w328rc1q027sbea_nfcb_pat__lag007,0.971787,0.025671,0.137493,0.15856095
q__bogz1lm223061143q_state_local_db_retirement_ts__lag005,0.99373,0.094299,0.065254,0.15855307
m__m2sl_m2__lag004,0.840125,0.108677,0.08001,0.15852027
q__bogz1lm573061133q_private_dc_pension_ts__lag005,0.99373,0.062721,0.096745,0.15846636
q__impgs_imports__lag001,0.990596,0.040468,0.119481,0.15844476
d__dexszus_dexszus__lag032,0.69279,0.155064,0.073622,0.15843132
q__bogz1lm102010005q_nfcb_nfassets__lag006,0.990596,0.07562,0.084229,0.15834509
q__tnwhcbsnncb_nfcb_hc_nw__lag007,0.987461,0.01784,0.142485,0.15831485
m__busloans_busloans__lag004,0.990596,0.121549,0.0382,0.15824697
q__b461rc1q027sbea_netva_wages__lag008,0.968652,0.074036,0.089235,0.15815352
d__baa10y_baa10y__lag056,0.504702,0.182165,0.131185,0.15814882
d__dexcaus_dexcaus__lag014,0.69279,0.111774,0.116492,0.15814065
q__drtscilm_loan_tight__lag003,0.442006,0.244533,0.113195,0.15811804
q__ttaatashcbshnncb_nfcb_hc_assets__lag005,0.99373,0.099203,0.059708,0.15791503
d__usepuindxd_policy_uncertainty__lag089,0.517241,0.159689,0.145149,0.15767487
q__impgs_imports__lag006,0.974922,0.052055,0.109605,0.1576049
d__dexszus_dexszus__lag034,0.69279,0.156334,0.071106,0.15756825
m__srvprd_srvprd__lag002,1.0,0.083181,0.074365,0.1575452
m__dspi_dspi__lag004,0.840125,0.114223,0.073285,0.15753039
q__fgtsl_fgtsl__lag004,0.996865,0.04926,0.108698,0.15746349
d__dexmxus_dexmxus__lag010,0.407524,0.187532,0.198813,0.15744494
m__popthm_popthm__lag005,0.840125,0.117145,0.070132,0.15733675
d__dexmxus_dexmxus__lag001,0.407524,0.194409,0.191447,0.15724542
q__b461rc1q027sbea_netva_wages__lag007,0.971787,0.066214,0.095492,0.15714397
d__baa10y_baa10y__lag066,0.504702,0.182799,0.128459,0.15709261
d__dexszus_dexszus__lag044,0.69279,0.156361,0.070377,0.15708225
q__gdpc1_real_gdp__lag007,0.971787,0.109378,0.052263,0.15708068
m__currcir_currcir__lag010,1.0,0.065188,0.091844,0.1570322
d__dexmxus_dexmxus__lag012,0.407524,0.184179,0.200927,0.15693977
d__dexmxus_dexmxus__lag011,0.407524,0.186287,0.198792,0.15692844
q__bogz1fl704041005q_usb_stloan_a__lag002,1.0,0.107789,0.049108,0.15689647
q__rhvrusq156n_owner_vacancy__lag004,0.868339,0.037244,0.143399,0.15685954
q__psave_psave__lag007,0.971787,0.031907,0.129375,0.15673125
q__bogz1fa263061130q_row_gov_tsy_tx__lag007,0.974922,0.063486,0.097097,0.15655613
q__ad02rc1q027sbea_gov_netlending__lag006,0.818182,0.070062,0.121201,0.1564882
q__b456rc1q027sbea_nfcb_cfc__lag005,0.978056,0.073448,0.086521,0.1564586
d__dexmxus_dexmxus__lag035,0.407524,0.198762,0.185112,0.15643758
d__dexmxus_dexmxus__lag034,0.407524,0.195576,0.188277,0.15642912
m__dgorder_dgorder__lag001,0.429467,0.120361,0.243879,0.15642892
q__bogz1lm263061105q_row_tsy_raw__lag007,0.987461,0.083633,0.074709,0.15635592
q__bogz1lm263061105q_row_tsy__lag007,0.987461,0.083633,0.074709,0.15635592
d__dexszus_dexszus__lag051,0.69279,0.155751,0.069869,0.15630711
q__gpdi_gpdi__lag004,0.981191,0.049543,0.109678,0.15622567
q__bogz1lm105020015q_nfcb_inventories__lag007,0.987461,0.061964,0.096212,0.15619253
m__ltdacbm027nbog_ltd__lag001,0.667712,0.087547,0.146279,0.15612804
d__dexmxus_dexmxus__lag013,0.407524,0.185076,0.197928,0.15608325
q__bogz1fl593061105q_pension_ts__lag008,0.984326,0.102744,0.05582,0.15607829
q__bogz1fa753061103q_usb_tsy_for_tx__lag008,0.971787,0.041948,0.118636,0.15605364
d__dexmxus_dexmxus__lag033,0.407524,0.193024,0.189808,0.15601319
d__usepuindxd_policy_uncertainty__lag007,0.517241,0.094856,0.206662,0.15595754
m__iputil_iputil__lag010,1.0,0.05465,0.101307,0.15595699
q__tfaabsnncb_nfcb_tfa__lag008,0.984326,0.039597,0.118843,0.15595633
m__ipmine_ipmine__lag008,1.0,0.048651,0.107285,0.15593603
d__vixcls_vixcls__lag064,0.454545,0.297537,0.045463,0.15590893
d__dexszus_dexszus__lag036,0.69279,0.153802,0.071126,0.15582763
q__impgs_imports__lag003,0.984326,0.048705,0.10959,0.15581406
q__bogz1fl263061145q_row_priv_tsy__lag004,0.996865,0.045231,0.111071,0.15581152
q__bogz1fl693061105q_nonmmf_ts__lag006,0.990596,0.081541,0.075725,0.15578757
q__bogz1fl693061105q_nonmmmf_ts__lag006,0.990596,0.081541,0.075725,0.15578757
q__b092rc1q027sbea_gov_int_priv__lag003,0.821317,0.04312,0.146545,0.15577492
q__tnwmvbsnncb_nfcb_nw__lag008,0.984326,0.042251,0.115894,0.15566688
q__bogz1fa343061113q_fed_gov_dcf_retirement_ts_tx__lag007,0.974922,0.129328,0.030339,0.15566238
m__uempmean_uempmean__lag009,0.974922,0.016424,0.143213,0.15563448
m__m2sl_m2__lag005,0.840125,0.101102,0.084065,0.15556373
q__a024rc1q027sbea_cfc__lag005,0.978056,0.062768,0.096178,0.15545872
m__popthm_popthm__lag004,0.840125,0.11589,0.06914,0.15544813
d__dexszus_dexszus__lag037,0.69279,0.153968,0.070223,0.15531778
d__baa10y_baa10y__lag053,0.504702,0.17683,0.130884,0.15530406
d__baa10y_baa10y__lag021,0.504702,0.138816,0.168867,0.15528848
d__dexszus_dexszus__lag046,0.69279,0.155216,0.06868,0.1551128
d__dexcaus_dexcaus__lag013,0.69279,0.107553,0.116247,0.15504669
d__dexszus_dexszus__lag045,0.69279,0.15413,0.06948,0.15491477
q__fgexpnd_fgexpnd__lag005,0.978056,0.065248,0.093123,0.15489546
d__dexmxus_dexmxus__lag037,0.407524,0.192407,0.187591,0.15485836
d__dexmxus_dexmxus__lag032,0.407524,0.192544,0.187436,0.15485084
q__bogz1lm513061105q_pci_tsy_raw__lag003,1.0,0.033291,0.12155,0.15484018
q__bogz1lm513061105q_pc_insurance_ts__lag003,1.0,0.033291,0.12155,0.15484018
q__bogz1lm513061105q_p_c_insurance_ts__lag003,1.0,0.033291,0.12155,0.15484018
q__na000283q_gov_current_exp__lag005,0.978056,0.065564,0.092743,0.15483307
q__tnwmvbsnncb_nfcb_nw__lag006,0.990596,0.020228,0.136058,0.15481676
d__dexmxus_dexmxus__lag036,0.407524,0.193099,0.186758,0.15480028
q__gdp_gdp__lag007,0.971787,0.081299,0.077895,0.15470321
m__m2sl_m2__lag006,0.840125,0.095488,0.088549,0.15461348
d__vixcls_vixcls__lag074,0.454545,0.220022,0.120113,0.15460646
m__dgorder_dgorder__lag010,0.420063,0.171474,0.196496,0.15457054
d__dexcaus_dexcaus__lag009,0.69279,0.106132,0.116867,0.15449091
q__bogz1fl593061105q_pension_ts__lag007,0.987461,0.109455,0.046951,0.15444442
q__a457rc1q027sbea_netva_nfcb__lag007,0.971787,0.059926,0.098896,0.1543413
d__dexszus_dexszus__lag047,0.69279,0.15379,0.068814,0.15421791
q__gdpc1_real_gdp__lag008,0.968652,0.110864,0.048315,0.15418913
d__baa10y_baa10y__lag051,0.504702,0.175233,0.130135,0.15411975
m__ipmat_ipmat__lag002,1.0,0.098811,0.055248,0.15405922
m__popthm_popthm__lag003,0.84326,0.114708,0.067919,0.1540019
d__usepuindxd_policy_uncertainty__lag086,0.517241,0.145241,0.152227,0.15386295
q__tfaabshno_hhnp_tfa__lag001,1.0,0.075133,0.078696,0.15382957
m__mtsds133fms_fed_surplus_deficit__lag002,0.570533,0.11263,0.156934,0.15379518
d__dexmxus_dexmxus__lag014,0.407524,0.181491,0.195823,0.1537641
d__dexmxus_dexmxus__lag003,0.407524,0.187048,0.190136,0.15371112
q__bogz1fl663061165q_brokers_dealers_long_ts__lag003,1.0,0.087828,0.065843,0.15367174
q__bogz1fl702150005q_usb_ffrepo__lag004,0.996865,0.033784,0.120325,0.15362536
q__gdp_gdp__lag008,0.968652,0.087206,0.071385,0.1536199
d__dexmxus_dexmxus__lag031,0.407524,0.189204,0.187399,0.1534747
q__a091rc1q027sbea_gov_interest_payments__lag007,0.971787,0.093966,0.063954,0.15346417
q__a091rc1q027sbea_fedgov_int__lag007,0.971787,0.093966,0.063954,0.15346417
d__vixcls_vixcls__lag065,0.454545,0.275113,0.062451,0.15343837
q__bogz1fl263061145q_row_priv_tsy__lag005,0.99373,0.033361,0.121031,0.15342372
m__currcir_currcir__lag011,1.0,0.060418,0.09298,0.15339842
d__dexmxus_dexmxus__lag038,0.407524,0.190989,0.185426,0.15339788
q__a4102c1q027sbea_gdi_wages__lag006,0.974922,0.070297,0.087043,0.15339372
q__rowmmfq027s_row_moneymarketfundshares_flow__lag005,0.981191,0.097035,0.059244,0.15334039
m__m2sl_m2__lag007,0.836991,0.088729,0.094458,0.15332598
q__bogz1fl263061145q_row_priv_tsy__lag001,1.0,0.065371,0.087938,0.15330855
q__bogz1lm223061143q_state_local_db_retirement_ts__lag004,0.996865,0.080795,0.072979,0.15329152
d__dexmxus_dexmxus__lag020,0.407524,0.181452,0.194642,0.15326695
d__vixcls_vixcls__lag037,0.454545,0.147728,0.189093,0.15310032
q__bogz1fl263061145q_row_priv_tsy__lag002,1.0,0.06136,0.091555,0.1529147
d__dexmxus_dexmxus__lag018,0.407524,0.177719,0.197342,0.15284633
d__baa10y_baa10y__lag023,0.504702,0.138641,0.164175,0.15283197
m__dspi_dspi__lag006,0.840125,0.10651,0.075362,0.15279588
d__dexmxus_dexmxus__lag005,0.407524,0.18584,0.188946,0.15273379
d__dexcaus_dexcaus__lag011,0.69279,0.103181,0.117197,0.15267594
d__dexszus_dexszus__lag038,0.69279,0.151599,0.068773,0.15267177
d__nasdaqcom_nasdaqcom__lag016,0.69279,0.109802,0.110558,0.15266292
d__dexszus_dexszus__lag042,0.69279,0.15259,0.067671,0.15259461
q__bogz1fa503061123q_ccps_ts_tx__lag004,0.984326,0.064236,0.090778,0.15258517
m__totresns_res__lag010,0.833856,0.023088,0.15989,0.15257716
m__currcir_currcir__lag012,1.0,0.057107,0.095413,0.15251989
d__dexmxus_dexmxus__lag029,0.407524,0.189967,0.184249,0.15250165
d__usepuindxd_policy_uncertainty__lag002,0.517241,0.111034,0.183752,0.15247576
d__nasdaqcom_nasdaqcom__lag009,0.69279,0.111042,0.108931,0.15239538
d__baa10y_baa10y__lag050,0.504702,0.174624,0.127315,0.15238937
d__dexszus_dexszus__lag052,0.69279,0.151643,0.068273,0.15235532
d__usepuindxd_policy_uncertainty__lag054,0.517241,0.170079,0.124344,0.15228781
d__dexszus_dexszus__lag043,0.69279,0.152203,0.067613,0.15228618
d__usepuindxd_policy_uncertainty__lag047,0.517241,0.185924,0.108209,0.1521376
q__bogz1fl313161305q_gov_nonmarketable_ts__lag008,0.984326,0.042868,0.111624,0.15207099
d__baa10y_baa10y__lag052,0.504702,0.171446,0.129766,0.15202244
q__w260rc1q027sbea_gdi_netopsurp_privent__lag001,0.990596,0.029671,0.123748,0.15197692
d__dexmxus_dexmxus__lag004,0.407524,0.185055,0.187695,0.1519044
m__dspi_dspi__lag001,0.84326,0.096752,0.083361,0.15188217
m__ppiaco_ppiaco__lag004,1.0,0.007938,0.143907,0.1518449
q__pnfi_priv_nonres_fi__lag007,0.971787,0.10552,0.050719,0.151831
d__dexmxus_dexmxus__lag027,0.407524,0.184825,0.18773,0.15182499
d__vixcls_vixcls__lag057,0.454545,0.21895,0.115053,0.15181923
m__popthm_popthm__lag002,0.84326,0.113309,0.066706,0.15179905
q__b456rc1q027sbea_nfcb_cfc__lag004,0.981191,0.064466,0.090221,0.15177801
d__dexmxus_dexmxus__lag019,0.407524,0.177454,0.19491,0.1517473
d__dexmxus_dexmxus__lag017,0.407524,0.174327,0.197787,0.15164503
d__dexmxus_dexmxus__lag015,0.407524,0.174574,0.197431,0.15160045
q__gdp_gdp__lag006,0.974922,0.069063,0.086396,0.15155995
d__dexmxus_dexmxus__lag006,0.407524,0.185046,0.186817,0.15154309
d__dexmxus_dexmxus__lag016,0.407524,0.175758,0.196001,0.15150037
d__dexmxus_dexmxus__lag030,0.407524,0.187674,0.183979,0.15145722
d__usepuindxd_policy_uncertainty__lag064,0.517241,0.144738,0.148061,0.15144762
m__m2sl_m2__lag008,0.836991,0.08055,0.100389,0.15144414
d__dexmxus_dexmxus__lag039,0.407524,0.190174,0.181328,0.15139573
d__dexszus_dexszus__lag040,0.69279,0.150185,0.068293,0.15135935
d__usepuindxd_policy_uncertainty__lag032,0.517241,0.110443,0.182047,0.15128818
d__dexcaus_dexcaus__lag010,0.69279,0.102593,0.115678,0.15121602
q__a457rc1q027sbea_netva_nfcb__lag008,0.968652,0.07173,0.084352,0.15118917
q__ttaatashcbshnncb_nfcb_hc_assets__lag004,0.996865,0.090038,0.061539,0.15110207
d__nasdaqcom_nasdaqcom__lag010,0.69279,0.109479,0.10856,0.15105574
d__dexmxus_dexmxus__lag028,0.407524,0.185211,0.185413,0.15103805
q__a024rc1q027sbea_cfc__lag004,0.981191,0.053456,0.10047,0.15103062
q__bogz1fr513061115q_pci_bills_reval__lag005,0.981191,0.034705,0.119197,0.15100654
q__bogz1lm343061165q_fed_gov_db_retirement_ts__lag008,0.984326,0.001388,0.15202,0.15100369
q__bogz1lm343061165q_fed_ret_tsy_db__lag008,0.984326,0.001388,0.15202,0.15100369
q__pcesv_pcesv__lag005,0.978056,0.070032,0.084244,0.1508906
d__dexszus_dexszus__lag039,0.69279,0.149874,0.067822,0.15081746
q__bogz1lm343061113q_fed_gov_dcf_retirement_ts__lag006,0.990596,0.081805,0.070389,0.15076336
q__bogz1lm343061113q_fed_gov_dc_retirement_ts__lag006,0.990596,0.081805,0.070389,0.15076336
q__bogz1lm343061113q_fed_ret_tsy_dc__lag006,0.990596,0.081805,0.070389,0.15076336
q__bogz1lm653061105q_mf_tsy_raw__lag007,0.987461,0.094026,0.058576,0.15068905
q__bogz1lm653061105q_mutual_funds_ts__lag007,0.987461,0.094026,0.058576,0.15068905
m__dspi_dspi__lag009,0.836991,0.107927,0.072041,0.15063212
d__baa10y_baa10y__lag048,0.504702,0.178194,0.120153,0.15057679
d__dexmxus_dexmxus__lag024,0.407524,0.178756,0.19058,0.15051321
q__tgdef_net_gov_sav__lag007,0.971787,0.035677,0.119195,0.15050288
q__ncbtsaq027s_nfcb_tsy_tx__lag003,0.987461,0.029768,0.122624,0.15048077
d__dexmxus_dexmxus__lag026,0.407524,0.18228,0.186828,0.15042009
m__cpiaucsl_cpiaucsl__lag012,0.984326,0.045077,0.107688,0.15037032
d__usepuindxd_policy_uncertainty__lag065,0.517241,0.163882,0.126763,0.15033347
d__baa10y_baa10y__lag049,0.504702,0.176899,0.12095,0.15032488
d__dexmxus_dexmxus__lag023,0.407524,0.180161,0.188616,0.15028565
d__dexszus_dexszus__lag041,0.69279,0.150365,0.066474,0.15022394
d__nasdaqcom_nasdaqcom__lag012,0.69279,0.105888,0.110948,0.1502217
q__bogz1lm105020015q_nfcb_inventories__lag006,0.990596,0.042991,0.108625,0.15018995
d__nasdaqcom_nasdaqcom__lag011,0.69279,0.105287,0.111428,0.15013761
q__fpi_fpi__lag002,0.987461,0.03426,0.117669,0.1500243
q__bogz1fl884035005q_dom_loan_a__lag002,1.0,0.051159,0.098829,0.14998815
q__fpi_invest_priv_fixed__lag002,0.987461,0.03426,0.117596,0.14995234
q__b461rc1q027sbea_netva_wages__lag006,0.974922,0.054371,0.099435,0.14994885
q__fgtlasq027s_gov_loan_a__lag002,1.0,0.073108,0.076837,0.14994419
q__fgrecpt_fgrecpt__lag006,0.974922,0.015182,0.138599,0.14992373
m__cpiaucsl_cpiaucsl__lag011,0.984326,0.042879,0.109403,0.14989469
m__popthm_popthm__lag001,0.84326,0.111681,0.06603,0.14985657
q__w328rc1q027sbea_nfcb_pat__lag008,0.968652,0.006591,0.148074,0.14981646
q__fgla_fgla__lag002,1.0,0.073064,0.076687,0.14975086
q__fgla_fedgov_loans__lag002,1.0,0.073064,0.076687,0.14975086
d__dexmxus_dexmxus__lag040,0.407524,0.188298,0.178947,0.14966088
d__nasdaqcom_nasdaqcom__lag014,0.69279,0.106259,0.109762,0.14965709
m__dgorder_dgorder__lag006,0.423197,0.145323,0.208271,0.14964005
d__usepuindxd_policy_uncertainty__lag042,0.517241,0.210239,0.078929,0.14956942
m__busloans_busloans__lag003,0.99373,0.113634,0.036872,0.14956218
d__dexmxus_dexmxus__lag025,0.407524,0.18026,0.186692,0.14954175
q__dividend_dividend__lag007,0.971787,0.039524,0.114282,0.14946686
m__dspi_dspi__lag003,0.84326,0.095636,0.081522,0.14939067
d__dexmxus_dexmxus__lag061,0.404389,0.188264,0.181114,0.14937239
q__bogz1fl313161110q_totalbills_z1__lag006,0.990596,0.009834,0.14087,0.14928608
d__dexmxus_dexmxus__lag041,0.407524,0.188991,0.177187,0.14922629
q__bogz1fr713061113q_cb_bills_reval__lag004,0.984326,0.042249,0.109274,0.14914884
d__dexmxus_dexmxus__lag022,0.407524,0.176496,0.189014,0.14895384
q__bogz1fl264135005a_row_loans_l__lag001,1.0,0.06946,0.079357,0.14881681
q__bogz1fl693061105q_nonmmf_ts__lag005,0.99373,0.077143,0.07244,0.1486458
q__bogz1fl693061105q_nonmmmf_ts__lag005,0.99373,0.077143,0.07244,0.1486458
q__na000283q_gov_current_exp__lag007,0.971787,0.013931,0.139011,0.14862783
m__mtso133fms_fedgov_out__lag002,0.570533,0.140838,0.119662,0.14862364
m__cpiaucsl_cpiaucsl__lag010,0.984326,0.038823,0.112145,0.14860229
d__dexmxus_dexmxus__lag042,0.407524,0.186041,0.178587,0.14859438
d__baa10y_baa10y__lag022,0.504702,0.133423,0.160975,0.14858344
m__cpiulfsl_cpiulfsl__lag012,0.984326,0.045758,0.105095,0.14848921
q__b093rc1q027sbea_gov_int_row__lag004,0.981191,0.038597,0.112736,0.14848724
q__impgs_imports__lag004,0.981191,0.04071,0.110518,0.14838404
d__dexmxus_dexmxus__lag056,0.404389,0.183579,0.183209,0.14832487
d__nasdaqcom_nasdaqcom__lag015,0.69279,0.110192,0.103903,0.14832309
q__fpi_fpi__lag001,0.990596,0.027021,0.122705,0.14831758
q__fpi_invest_priv_fixed__lag001,0.990596,0.027109,0.12259,0.14829129
q__bogz1lm102010005q_nfcb_nfassets__lag005,0.99373,0.059865,0.089356,0.14828561
m__srvprd_srvprd__lag007,1.0,0.071026,0.077254,0.1482807
q__w326rc1q027sbea_net_op_surplus__lag007,0.971787,0.017569,0.13492,0.14818684
q__bogz1fl264135005a_row_loans_l__lag002,1.0,0.100275,0.047901,0.14817567
m__totresns_res__lag011,0.833856,0.002169,0.175517,0.14816478
m__cpiulfsl_cpiulfsl__lag011,0.984326,0.043568,0.106849,0.14805882
q__b456rc1q027sbea_nfcb_cfc__lag003,0.984326,0.056589,0.093639,0.14787371
d__nasdaqcom_nasdaqcom__lag020,0.69279,0.108085,0.105313,0.14784007
q__bogz1fa343061123q_fed_gov_dcg_retirement_ts_tx__lag003,0.987461,0.031086,0.118607,0.14781582
q__fbtsaaq027s_dom_fin_sector_tsy__lag005,0.99373,0.008547,0.140194,0.14780902
d__nasdaqcom_nasdaqcom__lag007,0.69279,0.109597,0.103743,0.14779987
q__bogz1fl693061105q_nonmmf_ts__lag008,0.984326,0.071456,0.078587,0.14769142
q__bogz1fl693061105q_nonmmmf_ts__lag008,0.984326,0.071456,0.078587,0.14769142
d__usepuindxd_policy_uncertainty__lag072,0.517241,0.146502,0.138929,0.14763684
d__nasdaqcom_nasdaqcom__lag008,0.69279,0.109612,0.103382,0.14756024
q__a4102c1q027sbea_gdi_wages__lag005,0.978056,0.057207,0.093591,0.14748834
d__nasdaqcom_nasdaqcom__lag013,0.69279,0.105504,0.107351,0.14746386
q__a457rc1q027sbea_netva_nfcb__lag003,0.984326,0.020045,0.129758,0.14745456
q__rhvrusq156n_owner_vacancy__lag001,0.877743,0.062759,0.105193,0.14741855
q__bogz1fa503061123q_ccps_ts_tx__lag006,0.978056,0.054459,0.096058,0.14721446
q__fgrecpt_fgrecpt__lag008,0.968652,0.027807,0.124123,0.14716695
d__vixcls_vixcls__lag078,0.454545,0.208602,0.115002,0.14709267
q__a024rc1q027sbea_cfc__lag003,0.984326,0.045686,0.103672,0.14701663
q__fgexpnd_fgexpnd__lag007,0.971787,0.013062,0.138203,0.14699722
q__ttaatashcbshnncb_nfcb_hc_assets__lag003,1.0,0.083447,0.063485,0.14693188
q__gdp_gdp__lag005,0.978056,0.054067,0.096158,0.14692816
d__dexmxus_dexmxus__lag058,0.404389,0.182778,0.180279,0.14681623
d__dexmxus_dexmxus__lag059,0.404389,0.185823,0.177028,0.14673265
m__bogmbase_mb__lag010,0.833856,0.036108,0.139834,0.14671002
m__m2sl_m2__lag009,0.836991,0.070659,0.10456,0.14665672
m__cpiaucsl_cpiaucsl__lag009,0.987461,0.035245,0.113272,0.14665478
m__cpiulfsl_cpiulfsl__lag010,0.984326,0.039196,0.109758,0.14661927
d__dexmxus_dexmxus__lag021,0.407524,0.174472,0.185257,0.146598
d__dexmxus_dexmxus__lag060,0.404389,0.187781,0.174638,0.14655808
d__dexmxus_dexmxus__lag064,0.404389,0.186235,0.176167,0.14655145
m__wpu0561_ppi_crude__lag009,0.987461,0.065384,0.082812,0.14633835
d__nasdaqcom_nasdaqcom__lag005,0.69279,0.110946,0.100214,0.1462896
d__dexmxus_dexmxus__lag046,0.407524,0.179843,0.179066,0.14626378
d__baa10y_baa10y__lag047,0.504702,0.173791,0.115863,0.1461891
d__dexmxus_dexmxus__lag057,0.404389,0.184114,0.177365,0.14617792
q__bogz1lm103061103q_nfcb_tsy__lag006,0.990596,0.027681,0.119833,0.14612663
q__b456rc1q027sbea_nfcb_cfc__lag002,0.987461,0.050719,0.097244,0.14610728
d__dexmxus_dexmxus__lag065,0.404389,0.182836,0.178381,0.14607209
m__ppiaco_ppiaco__lag001,1.0,0.009738,0.136317,0.14605513
d__nasdaqcom_nasdaqcom__lag004,0.69279,0.110273,0.100525,0.14603838
q__pnfi_priv_nonres_fi__lag006,0.974922,0.090119,0.059674,0.14603666
d__dexmxus_dexmxus__lag062,0.404389,0.185498,0.175355,0.14592498
q__iatashcbsnncb_nfcb_hc_inventories__lag001,1.0,0.037014,0.108853,0.14586621
q__bogz1fa513061113q_pci_bills_tx__lag003,0.987461,0.014241,0.133462,0.14585066
d__vixcls_vixcls__lag073,0.454545,0.21676,0.103966,0.14578413
d__dexmxus_dexmxus__lag043,0.407524,0.180848,0.176875,0.14578087
m__ipmine_ipmine__lag005,1.0,0.050844,0.094899,0.14574305
d__dexmxus_dexmxus__lag063,0.404389,0.185471,0.17492,0.1457382
m__dgorder_dgorder__lag008,0.423197,0.166263,0.178081,0.14572566
q__tfaabsnncb_nfcb_tfa__lag003,1.0,0.048027,0.09761,0.14563708
d__nasdaqcom_nasdaqcom__lag003,0.69279,0.108221,0.101883,0.14555789
m__cpiaucsl_cpiaucsl__lag007,0.987461,0.031337,0.116035,0.14552436
q__bogz1fa513061105q_pc_insurance_ts_tx__lag005,0.981191,0.053213,0.095089,0.14551246
d__dexmxus_dexmxus__lag055,0.404389,0.175055,0.184693,0.14547827
q__gdpc1_real_gdp__lag006,0.974922,0.096334,0.052887,0.14547812
d__dexmxus_dexmxus__lag049,0.407524,0.182661,0.174254,0.14545114
q__bogz1fl884135005q_dom_loan_l__lag002,1.0,0.039992,0.105441,0.1454322
d__dexmxus_dexmxus__lag050,0.407524,0.182859,0.173973,0.14541761
d__usepuindxd_policy_uncertainty__lag080,0.517241,0.098334,0.182593,0.14530708
m__cpiaucsl_cpiaucsl__lag006,0.990596,0.02958,0.117033,0.14523374
d__dexmxus_dexmxus__lag045,0.407524,0.179285,0.17708,0.14522704
q__a024rc1q027sbea_cfc__lag002,0.987461,0.040634,0.106309,0.14509996
d__nasdaqcom_nasdaqcom__lag006,0.69279,0.111483,0.097911,0.14506649
q__bogz1fa653061113q_mutf_bills_tx__lag007,0.974922,0.127329,0.021427,0.14502501
m__cpiaucsl_cpiaucsl__lag008,0.987461,0.03211,0.114704,0.14497321
q__bogz1fl663061165q_brokers_dealers_long_ts__lag008,0.984326,0.000415,0.146844,0.14495073
q__rowstaq027s_row_stloan_a__lag003,1.0,0.056135,0.088803,0.14493806
m__mtso133fms_fedgov_out__lag010,0.561129,0.084113,0.174155,0.14492187
q__a457rc1q027sbea_netva_nfcb__lag006,0.974922,0.04098,0.107603,0.14485753
m__dgorder_dgorder__lag012,0.416928,0.172209,0.174909,0.1447231
q__fgtlasq027s_gov_loan_a__lag003,1.0,0.061843,0.082859,0.14470123
q__fgla_fgla__lag003,1.0,0.061973,0.082606,0.14457985
q__fgla_fedgov_loans__lag003,1.0,0.061973,0.082606,0.14457985
q__a457rc1q027sbea_netva_nfcb__lag001,0.990596,0.014871,0.131063,0.14456108
d__dexmxus_dexmxus__lag044,0.407524,0.180393,0.174227,0.14451595
d__dexmxus_dexmxus__lag048,0.407524,0.182127,0.17247,0.1445066
q__a024rc1q027sbea_cfc__lag001,0.990596,0.0371,0.108762,0.14449037
d__dexmxus_dexmxus__lag047,0.407524,0.178517,0.175869,0.14442056
q__bogz1fl263061145q_row_priv_tsy__lag006,0.990596,0.021774,0.123996,0.14439947
q__tnwhcbsnncb_nfcb_hc_nw__lag006,0.990596,0.01445,0.131302,0.14438173
m__ppiaco_ppiaco__lag003,1.0,0.005427,0.138933,0.14436081
d__dexmxus_dexmxus__lag066,0.404389,0.176261,0.180595,0.14430843
d__dexmxus_dexmxus__lag054,0.407524,0.172859,0.181183,0.14428076
q__bogz1lm403061105q_gses_ts__lag007,0.987461,0.041106,0.104982,0.14425567
q__bogz1lm403061105q_gse_tsy__lag007,0.987461,0.041106,0.104982,0.14425567
m__wpu0561_ppi_crude__lag010,0.984326,0.060756,0.085792,0.14425127
d__nasdaqcom_nasdaqcom__lag017,0.69279,0.110766,0.097377,0.14419934
q__bogz1fl264035005q_row_loans_a__lag003,1.0,0.07748,0.066667,0.14414779
q__bogz1lm573061133q_private_dc_pension_ts__lag006,0.990596,0.035392,0.110077,0.14410159
q__b456rc1q027sbea_nfcb_cfc__lag001,0.990596,0.043914,0.10154,0.14408666
q__bogz1lm653061105q_mf_tsy_raw__lag006,0.990596,0.091691,0.053712,0.14403492
q__bogz1lm653061105q_mutual_funds_ts__lag006,0.990596,0.091691,0.053712,0.14403492
q__bogz1fl263061145q_row_priv_tsy__lag007,0.987461,0.017689,0.128154,0.14401457
m__cpiaucsl_cpiaucsl__lag005,0.990596,0.029051,0.116276,0.14396063
d__tasacbw027sbog_bank_ts_agency__lag001,0.667712,0.130668,0.084918,0.14394871
d__nasdaqcom_nasdaqcom__lag001,0.69279,0.107728,0.100016,0.14392272
m__uspriv_uspriv__lag010,1.0,0.053852,0.090066,0.14391762
m__busloans_busloans__lag002,0.99373,0.106396,0.038295,0.14378436
d__nasdaqcom_nasdaqcom__lag002,0.69279,0.107642,0.099879,0.14376839
m__cpiulfsl_cpiulfsl__lag009,0.987461,0.034971,0.110574,0.14372069
d__dexmxus_dexmxus__lag067,0.404389,0.175907,0.179396,0.14368032
q__tfaabsnncb_nfcb_tfa__lag002,1.0,0.049505,0.094157,0.14366189
d__tasacbw027sbog_bank_ts_agency__lag002,0.667712,0.130352,0.084689,0.1435854
d__dexmxus_dexmxus__lag052,0.407524,0.175573,0.176438,0.14345266
q__bogz1fa753061103q_usb_tsy_for_tx__lag006,0.978056,0.002303,0.144359,0.1434432
m__ipmat_ipmat__lag007,1.0,0.084695,0.058728,0.14342329
d__dexmxus_dexmxus__lag051,0.407524,0.176238,0.175554,0.14336343
q__bogz1fa105019005q_nfcb_gfi__lag007,0.974922,0.096455,0.050569,0.14333692
d__baa10y_baa10y__lag045,0.504702,0.170758,0.113194,0.14331141
m__cpiaucsl_cpiaucsl__lag001,0.99373,0.032134,0.112063,0.14329326
d__dexmxus_dexmxus__lag089,0.404389,0.191029,0.163312,0.14329155
d__nasdaqcom_nasdaqcom__lag018,0.69279,0.10898,0.097833,0.14327805
q__bogz1fa473061105q_credit_unions_ts_tx__lag004,0.984326,0.025995,0.119541,0.14325467
q__tfaabshno_hhnp_tfa__lag002,1.0,0.058246,0.084921,0.14316623
q__w006rc1q027sbea_gov_tax_receipts__lag008,0.968652,0.000293,0.147427,0.1430898
d__tasacbw027sbog_bank_ts_agency__lag003,0.667712,0.129206,0.085037,0.14305292
d__dexmxus_dexmxus__lag068,0.404389,0.174891,0.178828,0.14303967
m__cpiaucsl_cpiaucsl__lag004,0.990596,0.03058,0.113789,0.14301107
d__baa10y_baa10y__lag046,0.504702,0.170397,0.112839,0.14294976
d__baa10y_baa10y__lag027,0.504702,0.146802,0.136387,0.14292652
q__bogz1lm573061105q_private_pension_ts__lag007,0.987461,0.083118,0.061587,0.14289042
q__w326rc1q027sbea_net_op_surplus__lag008,0.968652,0.006153,0.141354,0.14288268
d__nasdaqcom_nasdaqcom__lag019,0.69279,0.107654,0.098551,0.14285716
d__vixcls_vixcls__lag077,0.454545,0.205274,0.108938,0.14282375
q__tnwmvbsnncb_nfcb_nw__lag004,0.996865,0.016175,0.127039,0.14276462
q__bogz1lm263061105q_row_tsy_raw__lag008,0.984326,0.06753,0.077493,0.14275031
q__bogz1lm263061105q_row_tsy__lag008,0.984326,0.06753,0.077493,0.14275031
d__vixcls_vixcls__lag089,0.454545,0.233692,0.080281,0.142715
q__bogz1fl693061105q_nonmmf_ts__lag004,0.996865,0.077838,0.06531,0.14269948
q__bogz1fl693061105q_nonmmmf_ts__lag004,0.996865,0.077838,0.06531,0.14269948
d__nasdaqcom_nasdaqcom__lag021,0.69279,0.110873,0.095073,0.14267724
d__vixcls_vixcls__lag075,0.454545,0.199965,0.113889,0.14266095
q__bogz1fl702150005q_usb_ffrepo__lag007,0.987461,0.017171,0.127198,0.14255845
m__cpiulfsl_cpiulfsl__lag006,0.990596,0.029378,0.114473,0.14249795
q__fgtsl_fgtsl__lag005,0.99373,0.027675,0.115712,0.14248817
m__cpiulfsl_cpiulfsl__lag007,0.987461,0.03089,0.11338,0.1424612
d__usepuindxd_policy_uncertainty__lag014,0.517241,0.080074,0.195231,0.14239932
d__usepuindxd_policy_uncertainty__lag090,0.517241,0.106904,0.168266,0.14232926
q__expgs_exports__lag005,0.978056,0.070762,0.074753,0.14232195
q__fpi_fpi__lag003,0.984326,0.02894,0.115625,0.14229938
q__fpi_invest_priv_fixed__lag003,0.984326,0.02894,0.115576,0.14225107
q__bogz1fa263061130q_row_gov_tsy_tx__lag003,0.987461,0.011992,0.131991,0.14217706
d__baa10y_baa10y__lag029,0.504702,0.148,0.133413,0.1420298
d__tasacbw027sbog_bank_ts_agency__lag007,0.667712,0.127351,0.085352,0.14202405
q__ad02rc1q027sbea_gov_netlending__lag007,0.815047,0.01717,0.157041,0.14199049
q__bogz1fl513061115q_pci_bills_raw__lag005,0.99373,0.05922,0.083591,0.14191522
q__bogz1fl513061115q_pci_bills__lag005,0.99373,0.05922,0.083591,0.14191522
d__tasacbw027sbog_bank_ts_agency__lag004,0.667712,0.127252,0.085231,0.14187698
d__tasacbw027sbog_bank_ts_agency__lag006,0.667712,0.127374,0.085037,0.14182908
m__cpiulfsl_cpiulfsl__lag008,0.987461,0.031654,0.111959,0.14181224
d__dexmxus_dexmxus__lag053,0.407524,0.172495,0.175416,0.14178208
d__dexmxus_dexmxus__lag090,0.404389,0.188656,0.161787,0.14171498
d__dexmxus_dexmxus__lag069,0.404389,0.173296,0.176986,0.14165013
d__dexmxus_dexmxus__lag076,0.404389,0.177474,0.172792,0.14164363
d__tasacbw027sbog_bank_ts_agency__lag005,0.667712,0.127126,0.084943,0.14160044
d__tasacbw027sbog_bank_ts_agency__lag008,0.667712,0.127283,0.084673,0.14152544
m__dspi_dspi__lag008,0.836991,0.084512,0.084553,0.14150562
q__bogz1fl693061105q_nonmmf_ts__lag003,1.0,0.076083,0.065421,0.14150393
q__bogz1fl693061105q_nonmmmf_ts__lag003,1.0,0.076083,0.065421,0.14150393
d__usepuindxd_policy_uncertainty__lag062,0.517241,0.137942,0.135298,0.14133095
d__baa10y_baa10y__lag033,0.504702,0.155433,0.124463,0.14126414
d__dexmxus_dexmxus__lag077,0.404389,0.179638,0.169436,0.14116148
m__cpiulfsl_cpiulfsl__lag005,0.990596,0.0291,0.113394,0.14115365
d__dexmxus_dexmxus__lag070,0.404389,0.173329,0.175572,0.14109143
q__bogz1lm653061105q_mf_tsy_raw__lag004,0.996865,0.084169,0.057257,0.14098247
q__bogz1lm653061105q_mutual_funds_ts__lag004,0.996865,0.084169,0.057257,0.14098247
d__baa10y_baa10y__lag028,0.504702,0.147057,0.132067,0.1408744
q__bogz1lm573061133q_private_dc_pension_ts__lag007,0.987461,0.021569,0.121085,0.14086485
q__dividend_dividend__lag006,0.974922,0.031928,0.112504,0.14081063
m__ppiaco_ppiaco__lag002,1.0,0.004479,0.136289,0.14076859
d__vixcls_vixcls__lag072,0.454545,0.210122,0.099531,0.14075124
d__dexmxus_dexmxus__lag088,0.404389,0.181123,0.166906,0.14073883
m__cpiaucsl_cpiaucsl__lag003,0.99373,0.030476,0.111127,0.14071491
m__rmfsl_mmf__lag001,0.667712,0.038067,0.172519,0.14061133
m__baaffm_baaff__lag010,0.890282,0.09971,0.058222,0.14060483
m__cpiulfsl_cpiulfsl__lag001,0.99373,0.032518,0.108952,0.14058289
d__baa10y_baa10y__lag036,0.504702,0.161857,0.116604,0.14054019
d__dexmxus_dexmxus__lag086,0.404389,0.181429,0.166068,0.14052384
d__baa10y_baa10y__lag034,0.504702,0.159448,0.118948,0.1405075
d__baa10y_baa10y__lag030,0.504702,0.147687,0.130581,0.14044268
d__dexmxus_dexmxus__lag078,0.404389,0.182294,0.164996,0.14043994
q__ophnfb_nflabor_productivity__lag006,0.974922,0.082253,0.061784,0.14042489
d__dexmxus_dexmxus__lag085,0.404389,0.180924,0.166323,0.14042268
d__tasacbw027sbog_bank_ts_agency__lag009,0.667712,0.12593,0.0843,0.14037295
d__dexmxus_dexmxus__lag080,0.404389,0.180147,0.166901,0.14034209
m__m2sl_m2__lag010,0.833856,0.059382,0.108914,0.14033466
d__dexmxus_dexmxus__lag071,0.404389,0.173442,0.173472,0.14028812
d__dexmxus_dexmxus__lag081,0.404389,0.176939,0.169966,0.14028438
m__bogmbase_mb__lag011,0.833856,0.019072,0.149103,0.14023325
q__ttaatashcbshnncb_nfcb_hc_assets__lag002,1.0,0.076036,0.064188,0.14022412
d__dexmxus_dexmxus__lag075,0.404389,0.177771,0.168836,0.14016405
m__dspi_dspi__lag012,0.833856,0.098202,0.069852,0.14013281
m__uempmean_uempmean__lag010,0.971787,0.024958,0.119242,0.14013187
d__dexmxus_dexmxus__lag074,0.404389,0.179379,0.167135,0.14012631
d__baa10y_baa10y__lag037,0.504702,0.164975,0.112664,0.14012505
d__dexmxus_dexmxus__lag079,0.404389,0.180084,0.16634,0.14008988
q__bogz1fa343061165q_fed_gov_db_retirement_ts_tx__lag008,0.971787,0.109022,0.03513,0.14008549
m__dgorder_dgorder__lag005,0.426332,0.124707,0.203864,0.14008014
d__tasacbw027sbog_bank_ts_agency__lag010,0.667712,0.126233,0.083493,0.14003608
m__cpiulfsl_cpiulfsl__lag004,0.990596,0.030872,0.110481,0.14002372
d__dexmxus_dexmxus__lag087,0.404389,0.179737,0.166253,0.13991456
d__nasdaqcom_nasdaqcom__lag023,0.69279,0.10547,0.096485,0.13991276
m__totalsl_totalsl__lag012,1.0,0.066407,0.073486,0.13989321
q__b461rc1q027sbea_netva_wages__lag005,0.978056,0.037682,0.105336,0.13988029
q__tnwhcbsnncb_nfcb_hc_nw__lag005,0.99373,0.005156,0.13553,0.13980405
q__b639rg3q086sbea_exp_ind_pi__lag008,0.717868,0.102818,0.091897,0.13977912
d__dexmxus_dexmxus__lag083,0.404389,0.176422,0.169153,0.13974673
q__tnwmvbsnncb_nfcb_nw__lag005,0.99373,0.004956,0.135642,0.13971648
d__baa10y_baa10y__lag026,0.504702,0.143565,0.133205,0.13968641
m__cpiaucsl_cpiaucsl__lag002,0.99373,0.029924,0.110572,0.13961526
q__bogz1fl884035005q_dom_loan_a__lag001,1.0,0.040686,0.098796,0.13948276
m__dspi_dspi__lag007,0.836991,0.091847,0.074763,0.13945081
d__dexmxus_dexmxus__lag084,0.404389,0.176417,0.168362,0.13942466
d__dexmxus_dexmxus__lag082,0.404389,0.175258,0.169463,0.13940139
q__bogz1fa713068703q_fed_dw_tx__lag002,0.990596,0.023404,0.1173,0.13938069
d__dexmxus_dexmxus__lag073,0.404389,0.175781,0.168554,0.13924512
q__bogz1lm663061105q_brokers_dealers_ts__lag001,1.0,0.077228,0.062,0.13922816
q__tfaabshno_hhnp_tfa__lag007,0.987461,0.038583,0.102304,0.13912067
q__bogz1fl343061123q_fed_gov_dcg_retirement_ts__lag006,0.990596,0.002972,0.137399,0.13905118
d__tasacbw027sbog_bank_ts_agency__lag014,0.667712,0.125475,0.082589,0.13892629
q__rowsllq027s_row_stloan_l__lag002,1.0,0.103696,0.035212,0.13890851
d__tasacbw027sbog_bank_ts_agency__lag013,0.667712,0.125419,0.082562,0.13887144
m__payems_nonfarm_payrolls__lag010,1.0,0.045649,0.0932,0.1388495
d__tasacbw027sbog_bank_ts_agency__lag011,0.667712,0.124987,0.08292,0.13882153
d__tasacbw027sbog_bank_ts_agency__lag012,0.667712,0.125098,0.082489,0.13860827
d__dexmxus_dexmxus__lag072,0.404389,0.173131,0.169611,0.13860132
d__usepuindxd_policy_uncertainty__lag037,0.517241,0.172988,0.094703,0.13846079
d__baa10y_baa10y__lag025,0.504702,0.143074,0.131215,0.13843435
d__baa10y_baa10y__lag035,0.504702,0.159711,0.114458,0.13837362
q__gsave_gsave__lag008,0.968652,0.091851,0.050983,0.13835658
d__tasacbw027sbog_bank_ts_agency__lag015,0.667712,0.125304,0.081799,0.13828498
q__fgtsl_fgtsl__lag007,0.987461,0.018968,0.121036,0.13824823
d__tasacbw027sbog_bank_ts_agency__lag021,0.667712,0.125104,0.081786,0.13814304
d__tasacbw027sbog_bank_ts_agency__lag028,0.667712,0.125344,0.081543,0.1381411
q__bogz1lm105020015q_nfcb_inventories__lag005,0.99373,0.021482,0.117495,0.13810542
d__tasacbw027sbog_bank_ts_agency__lag020,0.667712,0.124936,0.081772,0.13802114
q__bogz1fa105019005q_nfcb_gfi__lag001,0.99373,0.019834,0.118989,0.13795285
d__tasacbw027sbog_bank_ts_agency__lag027,0.667712,0.125046,0.081533,0.13793526
q__a091rc1q027sbea_gov_interest_payments__lag006,0.974922,0.062679,0.078792,0.13792387
q__a091rc1q027sbea_fedgov_int__lag006,0.974922,0.062679,0.078792,0.13792387
d__nasdaqcom_nasdaqcom__lag022,0.69279,0.108261,0.09076,0.13788008
q__bogz1lm403061105q_gses_ts__lag008,0.984326,0.001927,0.138124,0.13785633
q__bogz1lm403061105q_gse_tsy__lag008,0.984326,0.001927,0.138124,0.13785633
q__bogz1lm653061105q_mf_tsy_raw__lag008,0.984326,0.084239,0.055798,0.13784169
q__bogz1lm653061105q_mutual_funds_ts__lag008,0.984326,0.084239,0.055798,0.13784169
d__vixcls_vixcls__lag080,0.454545,0.20226,0.100751,0.13773226
m__pcedg_pcedg__lag006,0.840125,0.009152,0.154684,0.13764259
m__nonrevsl_nonrevsl__lag012,1.0,0.063996,0.073636,0.13763246
d__tasacbw027sbog_bank_ts_agency__lag016,0.667712,0.124488,0.081578,0.13759286
d__baa10y_baa10y__lag044,0.504702,0.165981,0.106468,0.13750561
m__cpiulfsl_cpiulfsl__lag003,0.99373,0.030794,0.10749,0.1374175
m__dgorder_dgorder__lag003,0.426332,0.1256,0.196621,0.13737326
m__m2sl_m2__lag011,0.833856,0.050362,0.114316,0.13731749
m__dgorder_dgorder__lag011,0.420063,0.141308,0.18557,0.13730907
d__tasacbw027sbog_bank_ts_agency__lag026,0.667712,0.124338,0.081284,0.13729608
d__tasacbw027sbog_bank_ts_agency__lag019,0.667712,0.124029,0.081586,0.13729205
d__vixcls_vixcls__lag067,0.454545,0.210728,0.091302,0.13728628
d__tasacbw027sbog_bank_ts_agency__lag017,0.667712,0.123381,0.082195,0.13726563
d__baa10y_baa10y__lag024,0.504702,0.140536,0.131413,0.13725343
d__tasacbw027sbog_bank_ts_agency__lag025,0.667712,0.124331,0.081204,0.13723832
d__tasacbw027sbog_bank_ts_agency__lag024,0.667712,0.124441,0.081069,0.13722129
d__vixcls_vixcls__lag038,0.454545,0.142884,0.158962,0.13720256
m__dspi_dspi__lag011,0.833856,0.084384,0.080152,0.13719923
q__gdpc1_real_gdp__lag005,0.978056,0.07995,0.060315,0.13718658
d__baa10y_baa10y__lag031,0.504702,0.150494,0.121307,0.13717874
d__vixcls_vixcls__lag076,0.454545,0.203743,0.098042,0.13717509
q__bogz1fa343061123q_fed_gov_dcg_retirement_ts_tx__lag005,0.981191,0.081093,0.058679,0.13714327
d__tasacbw027sbog_bank_ts_agency__lag022,0.667712,0.124644,0.080746,0.13714143
d__baa10y_baa10y__lag032,0.504702,0.150814,0.120884,0.13712667
d__tasacbw027sbog_bank_ts_agency__lag018,0.667712,0.123917,0.081413,0.13710071
d__tasacbw027sbog_bank_ts_agency__lag023,0.667712,0.124435,0.080819,0.13705076
q__fgrecpt_fgrecpt__lag001,0.990596,0.014706,0.123625,0.13703056
q__w260rc1q027sbea_gdi_netopsurp_privent__lag004,0.981191,0.016019,0.123619,0.13701152
q__ttaatashcbshnncb_nfcb_hc_assets__lag001,1.0,0.070791,0.066111,0.13690185
d__baa10y_baa10y__lag039,0.504702,0.16166,0.10933,0.13676927
m__mtsr133fms_fedgov_rcpt__lag001,0.570533,0.081015,0.158594,0.13670479
m__pcedg_pcedg__lag002,0.84326,0.026114,0.135908,0.13662705
m__totalsl_totalsl__lag011,1.0,0.062146,0.074476,0.13662166
d__vixcls_vixcls__lag066,0.454545,0.217455,0.083109,0.13662007
q__rhvrusq156n_owner_vacancy__lag002,0.874608,0.048402,0.107655,0.1364884
q__fgtsl_fgtsl__lag006,0.990596,0.019232,0.118542,0.13647844
q__w260rc1q027sbea_gdi_netopsurp_privent__lag003,0.984326,0.008859,0.129791,0.1364772
q__ophnfb_nflabor_productivity__lag007,0.971787,0.073409,0.066891,0.13634191
d__tasacbw027sbog_bank_ts_agency__lag029,0.667712,0.124837,0.079331,0.13632488
q__bogz1fl704041005q_usb_stloan_a__lag001,1.0,0.083518,0.052805,0.13632339
m__cpiulfsl_cpiulfsl__lag002,0.99373,0.03032,0.106854,0.13631424
q__tnwhcbsnncb_nfcb_hc_nw__lag008,0.984326,0.014614,0.12382,0.13626345
q__b092rc1q027sbea_gov_int_priv__lag008,0.805643,0.093335,0.075702,0.13618332
q__bogz1fl704035005q_usb_loan_a__lag001,1.0,0.070882,0.065158,0.13604015
m__m2sl_m2__lag012,0.833856,0.045032,0.118052,0.13598896
d__baa10y_baa10y__lag040,0.504702,0.162859,0.106214,0.13580151
d__nasdaqcom_nasdaqcom__lag026,0.69279,0.106244,0.089711,0.13575605
m__ipmat_ipmat__lag003,1.0,0.08674,0.048985,0.13572481
d__nasdaqcom_nasdaqcom__lag024,0.69279,0.107575,0.08817,0.13561081
m__nonrevsl_nonrevsl__lag011,1.0,0.062368,0.073237,0.13560516
d__baa10y_baa10y__lag038,0.504702,0.159761,0.108859,0.13557294
q__bogz1fa733061103q_holding_companies_ts_tx__lag007,0.974922,0.002331,0.136532,0.13538038
m__dspi_dspi__lag002,0.84326,0.071104,0.089373,0.13532363
d__nasdaqcom_nasdaqcom__lag025,0.69279,0.106907,0.088372,0.13528748
q__bogz1fa105019005q_nfcb_gfi__lag006,0.978056,0.077478,0.060721,0.13516608
d__nasdaqcom_nasdaqcom__lag084,0.689655,0.11404,0.081684,0.13498219
q__fgtlasq027s_gov_loan_a__lag007,0.987461,0.040573,0.09612,0.1349787
d__vixcls_vixcls__lag079,0.454545,0.194524,0.102378,0.13495542
q__a457rc1q027sbea_netva_nfcb__lag004,0.981191,0.013592,0.123941,0.1349459
d__usepuindxd_policy_uncertainty__lag020,0.517241,0.11389,0.146977,0.13493108
q__bogz1fl884135005q_dom_loan_l__lag001,1.0,0.030906,0.104011,0.13491636
d__baa10y_baa10y__lag042,0.504702,0.164547,0.102711,0.13488589
q__a4102c1q027sbea_gdi_wages__lag003,0.984326,0.037127,0.099872,0.13485218
q__bogz1fa713068703q_fed_dw_tx__lag001,0.99373,0.034106,0.101541,0.13479631
q__fgla_fgla__lag007,0.987461,0.040786,0.095645,0.13472067
q__fgla_fedgov_loans__lag007,0.987461,0.040786,0.095645,0.13472067
d__tasacbw027sbog_bank_ts_agency__lag030,0.667712,0.122552,0.079179,0.13469765
q__fgtsl_fgtsl__lag008,0.984326,0.016798,0.120044,0.13469714
m__rmfsl_mmf__lag008,0.661442,0.069771,0.133738,0.13460904
q__iatashcbsnncb_nfcb_hc_inventories__lag002,1.0,0.029117,0.105488,0.134605
d__nasdaqcom_nasdaqcom__lag031,0.69279,0.10717,0.08699,0.13451192
d__usepuindxd_policy_uncertainty__lag041,0.517241,0.109817,0.14985,0.13431086
q__bogz1fl713068703q_fed_dw_a__lag004,0.996865,0.103931,0.030768,0.13427698
q__bogz1fa663061165q_brokers_dealers_long_ts_tx__lag007,0.974922,0.036375,0.101332,0.1342527
q__a4102c1q027sbea_gdi_wages__lag004,0.981191,0.040314,0.096499,0.13423999
m__nonrevsl_nonrevsl__lag001,1.0,0.074891,0.059332,0.13422247
q__pcesv_pcesv__lag004,0.981191,0.039488,0.097203,0.13411953
d__dpsacbw027sbog_deposits__lag002,0.667712,0.133258,0.067603,0.13411699
d__vixcls_vixcls__lag039,0.454545,0.165531,0.129499,0.13410464
q__fpi_fpi__lag008,0.968652,0.061052,0.077389,0.13410173
q__fpi_invest_priv_fixed__lag008,0.968652,0.061052,0.077389,0.13410173
d__tasacbw027sbog_bank_ts_agency__lag036,0.667712,0.12098,0.079823,0.13407894
d__tasacbw027sbog_bank_ts_agency__lag031,0.667712,0.121088,0.079701,0.13406955
d__dpsacbw027sbog_deposits__lag007,0.667712,0.133276,0.067441,0.13402084
d__nasdaqcom_nasdaqcom__lag029,0.69279,0.103876,0.089562,0.13401169
q__gpdi_gpdi__lag007,0.971787,0.044692,0.093189,0.1339906
m__pce_pce__lag001,0.84326,0.028449,0.130446,0.13398908
d__tasacbw027sbog_bank_ts_agency__lag035,0.667712,0.121314,0.079234,0.13390836
d__dpsacbw027sbog_deposits__lag006,0.667712,0.132962,0.067574,0.13390057
m__ltdacbm027nbog_ltd__lag008,0.661442,0.115776,0.086561,0.13383399
d__dpsacbw027sbog_deposits__lag001,0.667712,0.132677,0.067738,0.13381937
d__tasacbw027sbog_bank_ts_agency__lag034,0.667712,0.121084,0.079328,0.13381721
q__bogz1lm653061105q_mf_tsy_raw__lag005,0.99373,0.08347,0.051179,0.13380435
q__bogz1lm653061105q_mutual_funds_ts__lag005,0.99373,0.08347,0.051179,0.13380435
d__tasacbw027sbog_bank_ts_agency__lag037,0.667712,0.12,0.080358,0.13378114
q__w260rc1q027sbea_gdi_netopsurp_privent__lag002,0.987461,0.006874,0.128582,0.1337578
d__dpsacbw027sbog_deposits__lag003,0.667712,0.132666,0.067512,0.13366123
d__tasacbw027sbog_bank_ts_agency__lag033,0.667712,0.120708,0.079455,0.13365173
q__tfaabshno_hhnp_tfa__lag008,0.984326,0.03619,0.099558,0.13361967
d__dpsacbw027sbog_deposits__lag005,0.667712,0.13259,0.067471,0.13358283
d__dpsacbw027sbog_deposits__lag004,0.667712,0.132398,0.06761,0.13354781
m__totalsl_totalsl__lag010,1.0,0.057984,0.075452,0.13343687
q__gpdi_gpdi__lag008,0.968652,0.066132,0.071601,0.13341545
d__tasacbw027sbog_bank_ts_agency__lag038,0.667712,0.119689,0.08012,0.13341498
m__umcsent_umcsent__lag001,0.92163,0.020127,0.124599,0.13338426
d__tasacbw027sbog_bank_ts_agency__lag032,0.667712,0.12048,0.079264,0.13337167
q__tnwmvbsnncb_nfcb_nw__lag003,1.0,0.020808,0.112545,0.13335271
d__nasdaqcom_nasdaqcom__lag027,0.69279,0.103973,0.088507,0.13334839
m__nonrevsl_nonrevsl__lag010,1.0,0.060544,0.072672,0.13321671
d__baa10y_baa10y__lag041,0.504702,0.162034,0.101753,0.13313394
m__dgorder_dgorder__lag002,0.429467,0.138555,0.171316,0.13307964
d__baa10y_baa10y__lag043,0.504702,0.160235,0.103374,0.13304429
d__tasacbw027sbog_bank_ts_agency__lag039,0.667712,0.119499,0.079752,0.13304226
d__tasacbw027sbog_bank_ts_agency__lag043,0.667712,0.119125,0.080075,0.13300832
d__nasdaqcom_nasdaqcom__lag033,0.69279,0.103773,0.088112,0.1329357
d__tasacbw027sbog_bank_ts_agency__lag040,0.667712,0.119664,0.079419,0.13292996
d__nasdaqcom_nasdaqcom__lag032,0.69279,0.103551,0.088268,0.13289006
d__tasacbw027sbog_bank_ts_agency__lag041,0.667712,0.119465,0.079524,0.13286719
d__nasdaqcom_nasdaqcom__lag081,0.689655,0.112514,0.080096,0.1328348
q__bogz1lm573061105q_private_pension_ts__lag008,0.984326,0.060177,0.074737,0.13279877
d__tasacbw027sbog_bank_ts_agency__lag042,0.667712,0.119415,0.079445,0.13278146
d__vixcls_vixcls__lag045,0.454545,0.187406,0.104484,0.1326771
q__gsave_gsave__lag001,0.990596,0.028593,0.105305,0.13263895
d__nasdaqcom_nasdaqcom__lag034,0.69279,0.103257,0.088193,0.13263481
d__tasacbw027sbog_bank_ts_agency__lag044,0.667712,0.117991,0.080588,0.13259353
q__ophnfb_nflabor_productivity__lag008,0.968652,0.067827,0.068966,0.13250553
d__dpsacbw027sbog_deposits__lag014,0.667712,0.132818,0.065623,0.13250164
m__amtmno_amtmno__lag007,0.423197,0.131001,0.182007,0.13246396
d__dpsacbw027sbog_deposits__lag013,0.667712,0.133134,0.065248,0.132462
q__bogz1fa553061103q_closed_end_funds_ts_tx__lag005,0.981191,0.060143,0.074796,0.13240038
q__fgrecpt_fgrecpt__lag007,0.971787,0.000689,0.135551,0.13239623
q__gdp_gdp__lag004,0.981191,0.03111,0.103816,0.13238873
q__fgtlasq027s_gov_loan_a__lag004,0.996865,0.046408,0.086378,0.13236932
q__bogz1lm105020015q_nfcb_inventories__lag003,1.0,0.008151,0.124171,0.13232286
d__tasacbw027sbog_bank_ts_agency__lag045,0.667712,0.116473,0.081618,0.13226781
q__fgla_fgla__lag004,0.996865,0.046612,0.086063,0.13225925
q__fgla_fedgov_loans__lag004,0.996865,0.046612,0.086063,0.13225925
q__bogz1lm105020015q_nfcb_inventories__lag002,1.0,0.010136,0.122122,0.13225804
d__dpsacbw027sbog_deposits__lag012,0.667712,0.132804,0.065271,0.13225702
d__dpsacbw027sbog_deposits__lag015,0.667712,0.132456,0.065599,0.13224395
d__nasdaqcom_nasdaqcom__lag085,0.689655,0.107481,0.084244,0.13222368
d__dpsacbw027sbog_deposits__lag010,0.667712,0.133055,0.064884,0.13216599
d__dpsacbw027sbog_deposits__lag008,0.667712,0.132811,0.065071,0.13212779
m__pcedg_pcedg__lag003,0.84326,0.023312,0.133275,0.13204327
d__dpsacbw027sbog_deposits__lag009,0.667712,0.132772,0.0649,0.13198798
d__nasdaqcom_nasdaqcom__lag082,0.689655,0.111333,0.080046,0.13198515
d__dpsacbw027sbog_deposits__lag011,0.667712,0.132649,0.065008,0.13197794
d__nasdaqcom_nasdaqcom__lag080,0.689655,0.109685,0.081543,0.13188152
d__tasacbw027sbog_bank_ts_agency__lag050,0.667712,0.115985,0.081513,0.13187142
d__tasacbw027sbog_bank_ts_agency__lag046,0.667712,0.115973,0.081482,0.13184333
m__rmfsl_mmf__lag009,0.661442,0.073606,0.125634,0.1317855
m__pcedg_pcedg__lag004,0.840125,0.030084,0.126767,0.13177435
d__tasacbw027sbog_bank_ts_agency__lag049,0.667712,0.116284,0.081031,0.1317495
q__bogz1fl263061145q_row_priv_tsy__lag008,0.984326,0.003964,0.129869,0.13173591
d__tasacbw027sbog_bank_ts_agency__lag057,0.667712,0.116556,0.080696,0.13170758
d__tasacbw027sbog_bank_ts_agency__lag051,0.667712,0.115658,0.081577,0.13169613
q__pcesv_pcesv__lag003,0.984326,0.026158,0.107607,0.13166914
d__nasdaqcom_nasdaqcom__lag079,0.689655,0.109604,0.081272,0.13163861
d__tasacbw027sbog_bank_ts_agency__lag047,0.667712,0.116001,0.081148,0.13163812
d__tasacbw027sbog_bank_ts_agency__lag052,0.667712,0.115792,0.08135,0.13163374
m__mtsr133fms_fedgov_rcpt__lag002,0.570533,0.138483,0.092147,0.13158198
d__tasacbw027sbog_bank_ts_agency__lag056,0.667712,0.116282,0.080778,0.1315787
d__tasacbw027sbog_bank_ts_agency__lag048,0.667712,0.116456,0.080592,0.13157157
d__tasacbw027sbog_bank_ts_agency__lag053,0.667712,0.11586,0.081129,0.13153206
d__tasacbw027sbog_bank_ts_agency__lag054,0.667712,0.115883,0.081065,0.131504
q__drtscilm_loan_tight__lag006,0.432602,0.102389,0.201573,0.13149476
d__nasdaqcom_nasdaqcom__lag077,0.689655,0.109675,0.080939,0.13145828
d__tasacbw027sbog_bank_ts_agency__lag055,0.667712,0.115999,0.080874,0.13145423
d__nasdaqcom_nasdaqcom__lag071,0.689655,0.114479,0.076048,0.13139825
d__dpsacbw027sbog_deposits__lag016,0.667712,0.131731,0.064936,0.13131701
q__bogz1fa473061105q_credit_unions_ts_tx__lag002,0.990596,0.065828,0.066652,0.13123459
d__nasdaqcom_nasdaqcom__lag053,0.69279,0.109518,0.079871,0.131207
d__nasdaqcom_nasdaqcom__lag086,0.689655,0.108061,0.082109,0.1311518
d__nasdaqcom_nasdaqcom__lag030,0.69279,0.105304,0.083963,0.13112201
m__nonrevsl_nonrevsl__lag009,1.0,0.058718,0.072401,0.13111918
q__tfaabsnncb_nfcb_tfa__lag001,1.0,0.049657,0.081401,0.13105802
m__pcedg_pcedg__lag007,0.836991,0.012007,0.144535,0.13102446
d__nasdaqcom_nasdaqcom__lag036,0.69279,0.106919,0.082207,0.13102434
m__dspi_dspi__lag005,0.840125,0.074125,0.08178,0.13098012
d__dpsacbw027sbog_deposits__lag017,0.667712,0.131262,0.064706,0.13085002
q__fgtlasq027s_gov_loan_a__lag005,0.99373,0.040045,0.091601,0.13082103
d__nasdaqcom_nasdaqcom__lag075,0.689655,0.111521,0.078165,0.13081817
d__nasdaqcom_nasdaqcom__lag078,0.689655,0.108588,0.08107,0.13079896
d__tasacbw027sbog_bank_ts_agency__lag058,0.667712,0.114476,0.081288,0.13071345
d__dpsacbw027sbog_deposits__lag021,0.667712,0.131387,0.064293,0.13065796
d__dpsacbw027sbog_deposits__lag020,0.667712,0.131097,0.06454,0.13062906
d__dpsacbw027sbog_deposits__lag018,0.667712,0.131096,0.064527,0.13061981
d__usepuindxd_policy_uncertainty__lag056,0.517241,0.142496,0.109972,0.13058664
d__nasdaqcom_nasdaqcom__lag076,0.689655,0.110603,0.078724,0.13057047
q__fgla_fgla__lag005,0.99373,0.04018,0.091212,0.13056868
q__fgla_fedgov_loans__lag005,0.99373,0.04018,0.091212,0.13056868
q__bogz1fa763061100q_usb_tsy_oth_tx__lag005,0.981191,0.005794,0.127263,0.13055396
d__dpsacbw027sbog_deposits__lag019,0.667712,0.131005,0.064498,0.13053999
d__nasdaqcom_nasdaqcom__lag083,0.689655,0.108205,0.081068,0.13053303
m__ipmat_ipmat__lag004,1.0,0.077934,0.052591,0.13052512
q__fpi_fpi__lag004,0.981191,0.020536,0.11249,0.13052366
q__fpi_invest_priv_fixed__lag004,0.981191,0.020536,0.11249,0.13052366
q__pnfi_priv_nonres_fi__lag005,0.978056,0.0631,0.070309,0.13048159
m__nonrevsl_nonrevsl__lag007,1.0,0.061321,0.069142,0.13046353
d__tasacbw027sbog_bank_ts_agency__lag064,0.667712,0.113008,0.082252,0.1303776
q__gdp_gdp__lag003,0.984326,0.022874,0.109418,0.13021909
q__tfaabshno_hhnp_tfa__lag006,0.990596,0.03407,0.097376,0.13020973
d__tasacbw027sbog_bank_ts_agency__lag059,0.667712,0.113279,0.081717,0.13020121
q__bogz1lm343061113q_fed_gov_dcf_retirement_ts__lag007,0.987461,0.062877,0.068932,0.13015639
q__bogz1lm343061113q_fed_gov_dc_retirement_ts__lag007,0.987461,0.062877,0.068932,0.13015639
q__bogz1lm343061113q_fed_ret_tsy_dc__lag007,0.987461,0.062877,0.068932,0.13015639
m__bogmbase_mb__lag012,0.833856,0.003756,0.152259,0.13009364
q__fgtlasq027s_gov_loan_a__lag006,0.990596,0.036703,0.094626,0.13009353
d__nasdaqcom_nasdaqcom__lag028,0.69279,0.102205,0.085573,0.13009052
d__dpsacbw027sbog_deposits__lag022,0.667712,0.131023,0.063744,0.13004815
q__bogz1fa503061123q_ccps_ts_tx__lag001,0.99373,0.03784,0.093017,0.13003723
d__tasacbw027sbog_bank_ts_agency__lag063,0.667712,0.112695,0.082044,0.13002995
d__tasacbw027sbog_bank_ts_agency__lag065,0.667712,0.11174,0.082937,0.12998806
q__gdp_gdp__lag001,0.990596,0.018789,0.112421,0.12997635
d__tasacbw027sbog_bank_ts_agency__lag060,0.667712,0.112924,0.081705,0.12995601
q__iatashcbsnncb_nfcb_hc_inventories__lag004,0.996865,0.017998,0.112358,0.12994814
q__bogz1fl262051003q_row_rrp__lag007,0.987461,0.008651,0.12288,0.12988229
m__amtmno_amtmno__lag009,0.420063,0.146688,0.162476,0.12986855
q__fgla_fgla__lag006,0.990596,0.036842,0.094207,0.12981641
q__fgla_fedgov_loans__lag006,0.990596,0.036842,0.094207,0.12981641
m__nonrevsl_nonrevsl__lag006,1.0,0.061538,0.068266,0.12980379
d__nasdaqcom_nasdaqcom__lag073,0.689655,0.10972,0.078477,0.12979153
d__nasdaqcom_nasdaqcom__lag055,0.69279,0.110099,0.077242,0.12978815
d__tasacbw027sbog_bank_ts_agency__lag061,0.667712,0.112545,0.081798,0.12976539
q__tnwhcbsnncb_nfcb_hc_nw__lag002,1.0,0.019605,0.110153,0.12975844
d__tasacbw027sbog_bank_ts_agency__lag071,0.667712,0.110657,0.083608,0.12971243
d__vixcls_vixcls__lag083,0.454545,0.185419,0.099897,0.12968902
m__busloans_busloans__lag001,0.99373,0.091236,0.039266,0.12968364
d__tasacbw027sbog_bank_ts_agency__lag070,0.667712,0.110825,0.083394,0.12968257
d__tasacbw027sbog_bank_ts_agency__lag062,0.667712,0.112209,0.081998,0.12967431
d__tasacbw027sbog_bank_ts_agency__lag069,0.667712,0.110821,0.083374,0.1296658
d__tasacbw027sbog_bank_ts_agency__lag067,0.667712,0.110892,0.083296,0.12966152
d__nasdaqcom_nasdaqcom__lag054,0.69279,0.110096,0.077007,0.12962263
m__pcend_pcend__lag004,0.840125,0.042962,0.111274,0.12957783
m__rmfsl_mmf__lag012,0.658307,0.089141,0.107681,0.12956942
d__nasdaqcom_nasdaqcom__lag070,0.689655,0.111932,0.075941,0.12956772
d__tasacbw027sbog_bank_ts_agency__lag068,0.667712,0.110674,0.083368,0.12956414
d__tasacbw027sbog_bank_ts_agency__lag066,0.667712,0.110705,0.083283,0.12952771
d__dpsacbw027sbog_deposits__lag028,0.667712,0.128791,0.064995,0.12939278
m__rmfsl_mmf__lag007,0.661442,0.055033,0.140528,0.12935213
d__nasdaqcom_nasdaqcom__lag058,0.689655,0.09976,0.087694,0.12927813
d__nasdaqcom_nasdaqcom__lag087,0.689655,0.104083,0.083362,0.12927221
d__nasdaqcom_nasdaqcom__lag072,0.689655,0.110511,0.076925,0.12926615
m__nonrevsl_nonrevsl__lag008,1.0,0.058313,0.070915,0.12922768
d__nasdaqcom_nasdaqcom__lag074,0.689655,0.10758,0.079779,0.12921291
q__na000283q_gov_current_exp__lag006,0.974922,0.017676,0.114841,0.12919358
d__dpsacbw027sbog_deposits__lag027,0.667712,0.128724,0.064639,0.12911046
d__dpsacbw027sbog_deposits__lag024,0.667712,0.129287,0.064061,0.12910061
d__dpsacbw027sbog_deposits__lag029,0.667712,0.128885,0.064457,0.12909649
d__nasdaqcom_nasdaqcom__lag088,0.689655,0.104096,0.083073,0.12908158
q__rrvrusq156n_rental_vacancy__lag001,0.877743,0.028391,0.118589,0.12901107
d__nasdaqcom_nasdaqcom__lag035,0.69279,0.103145,0.083073,0.12900953
q__a457rc1q027sbea_netva_nfcb__lag005,0.978056,0.018512,0.11338,0.12899781
d__dpsacbw027sbog_deposits__lag023,0.667712,0.129402,0.063712,0.12894481
q__fgtlasq027s_gov_loan_a__lag008,0.984326,0.036088,0.094872,0.12890651
q__drtscilm_loan_tight__lag005,0.435737,0.105282,0.190547,0.12890372
d__dpsacbw027sbog_deposits__lag026,0.667712,0.128404,0.064542,0.12883226
q__a4102c1q027sbea_gdi_wages__lag001,0.990596,0.02582,0.104189,0.12878629
q__bogz1fl704141005q_usb_stloan_l__lag004,0.996865,0.03473,0.09446,0.12878432
d__nasdaqcom_nasdaqcom__lag059,0.689655,0.098306,0.088373,0.12874415
q__fgla_fgla__lag008,0.984326,0.036418,0.094351,0.12871855
q__fgla_fedgov_loans__lag008,0.984326,0.036418,0.094351,0.12871855
d__tasacbw027sbog_bank_ts_agency__lag078,0.667712,0.108119,0.084539,0.12863998
d__dpsacbw027sbog_deposits__lag030,0.667712,0.12822,0.06431,0.12855446
m__rmfsl_mmf__lag002,0.667712,0.020896,0.171617,0.12854339
q__bogz1fa343061165q_fed_gov_db_retirement_ts_tx__lag003,0.987461,0.013777,0.116387,0.12853218
d__nasdaqcom_nasdaqcom__lag056,0.689655,0.107908,0.078386,0.12847876
q__b639rg3q086sbea_exp_ind_pi__lag006,0.724138,0.002848,0.174478,0.1284083
d__dpsacbw027sbog_deposits__lag025,0.667712,0.128454,0.063814,0.12837951
d__nasdaqcom_nasdaqcom__lag037,0.69279,0.105493,0.079813,0.12837811
d__dpsacbw027sbog_deposits__lag032,0.667712,0.128553,0.063671,0.12835049
m__dspi_dspi__lag010,0.833856,0.079229,0.074669,0.12832878
d__dpsacbw027sbog_deposits__lag031,0.667712,0.128182,0.063927,0.12827313
d__nasdaqcom_nasdaqcom__lag069,0.689655,0.111388,0.074567,0.12824512
d__vixcls_vixcls__lag040,0.454545,0.165999,0.116021,0.12819104
q__fgexpnd_fgexpnd__lag006,0.974922,0.015853,0.1156,0.12815593
q__tnwhcbsnncb_nfcb_hc_nw__lag004,0.996865,0.002846,0.125689,0.12813242
d__vixcls_vixcls__lag068,0.454545,0.191811,0.090027,0.12810852
m__nonrevsl_nonrevsl__lag005,1.0,0.061545,0.066559,0.12810387
d__tasacbw027sbog_bank_ts_agency__lag072,0.667712,0.108669,0.083179,0.12809924
d__tasacbw027sbog_bank_ts_agency__lag074,0.667712,0.108268,0.083573,0.12809437
d__vixcls_vixcls__lag046,0.454545,0.175642,0.106145,0.12808509
d__usepuindxd_policy_uncertainty__lag077,0.517241,0.15649,0.090986,0.12800463
d__tasacbw027sbog_bank_ts_agency__lag076,0.667712,0.107986,0.083711,0.12799816
d__tasacbw027sbog_bank_ts_agency__lag077,0.667712,0.108085,0.083596,0.12798814
d__tasacbw027sbog_bank_ts_agency__lag075,0.667712,0.108046,0.083558,0.12793602
d__nasdaqcom_nasdaqcom__lag066,0.689655,0.110746,0.07473,0.12791479
q__bogz1fl264035005q_row_loans_a__lag004,0.996865,0.080743,0.047568,0.1279095
m__nonrevsl_nonrevsl__lag002,1.0,0.066535,0.061374,0.127909
d__tasacbw027sbog_bank_ts_agency__lag073,0.667712,0.108246,0.083275,0.12788132
d__dpsacbw027sbog_deposits__lag033,0.667712,0.128569,0.062842,0.12780754
d__dpsacbw027sbog_deposits__lag034,0.667712,0.128491,0.062754,0.12769645
d__tasacbw027sbog_bank_ts_agency__lag079,0.667712,0.10612,0.085109,0.12768559
d__vixcls_vixcls__lag042,0.454545,0.184668,0.096239,0.12768483
m__nonrevsl_nonrevsl__lag003,1.0,0.065,0.062677,0.1276772
d__nasdaqcom_nasdaqcom__lag067,0.689655,0.108596,0.076504,0.12765517
q__rowmslq027s_row_muni_flow__lag003,0.987461,0.037294,0.09196,0.12763367
m__totalsl_totalsl__lag009,1.0,0.051274,0.076284,0.12755741
d__dpsacbw027sbog_deposits__lag035,0.667712,0.12828,0.062748,0.12755136
d__dpsacbw027sbog_deposits__lag037,0.667712,0.127831,0.063154,0.12752279
d__nasdaqcom_nasdaqcom__lag057,0.689655,0.105222,0.079619,0.1274765
d__dpsacbw027sbog_deposits__lag057,0.667712,0.125158,0.06573,0.12745775
q__a4102c1q027sbea_gdi_wages__lag002,0.987461,0.025302,0.10376,0.12744436
q__bogz1fl704135005q_usb_loan_l__lag004,0.996865,0.035072,0.092761,0.12743151
d__nasdaqcom_nasdaqcom__lag068,0.689655,0.10919,0.075439,0.12733101
m__nonrevsl_nonrevsl__lag004,1.0,0.064475,0.062828,0.12730339
d__nasdaqcom_nasdaqcom__lag090,0.689655,0.092479,0.092095,0.12729217
d__dpsacbw027sbog_deposits__lag036,0.667712,0.127605,0.063029,0.12728866
d__dpsacbw027sbog_deposits__lag050,0.667712,0.12719,0.063441,0.12728684
q__bogz1fa263061145q_row_priv_tsy_tx__lag002,0.990596,0.063251,0.06523,0.12727272
d__dpsacbw027sbog_deposits__lag049,0.667712,0.127479,0.063107,0.12725659
q__bogz1fl313161305q_gov_nonmarketable_ts__lag007,0.987461,0.027737,0.101106,0.12722834
d__dpsacbw027sbog_deposits__lag040,0.667712,0.127348,0.06318,0.12721782
d__dpsacbw027sbog_deposits__lag042,0.667712,0.127423,0.063042,0.12717575
d__dpsacbw027sbog_deposits__lag044,0.667712,0.127419,0.063036,0.12716888
d__dpsacbw027sbog_deposits__lag046,0.667712,0.127251,0.063194,0.12716187
d__dpsacbw027sbog_deposits__lag045,0.667712,0.127137,0.063296,0.12715442
d__dpsacbw027sbog_deposits__lag041,0.667712,0.127178,0.063242,0.12714521
d__tasacbw027sbog_bank_ts_agency__lag080,0.667712,0.105146,0.08526,0.12713591
d__dpsacbw027sbog_deposits__lag048,0.667712,0.127377,0.063028,0.12713519
d__tasacbw027sbog_bank_ts_agency__lag084,0.667712,0.10536,0.085041,0.12713321
d__vixcls_vixcls__lag056,0.454545,0.18126,0.098415,0.12712467
d__dpsacbw027sbog_deposits__lag047,0.667712,0.127184,0.063181,0.12710948
m__csushpinsa_cs_hpi__lag011,0.482759,0.081225,0.182064,0.12710489
d__tasacbw027sbog_bank_ts_agency__lag081,0.667712,0.104969,0.085388,0.12710394
d__dpsacbw027sbog_deposits__lag056,0.667712,0.125839,0.064455,0.12706194
q__tfaabshno_hhnp_tfa__lag005,0.99373,0.019985,0.107869,0.12705236
d__tasacbw027sbog_bank_ts_agency__lag083,0.667712,0.104931,0.085288,0.12701116
d__tasacbw027sbog_bank_ts_agency__lag082,0.667712,0.104948,0.085234,0.12698697
q__fpi_fpi__lag007,0.971787,0.047495,0.083161,0.12697007
q__fpi_invest_priv_fixed__lag007,0.971787,0.047495,0.083161,0.12697007
d__dpsacbw027sbog_deposits__lag052,0.667712,0.126288,0.063831,0.12694427
d__dpsacbw027sbog_deposits__lag051,0.667712,0.126386,0.063677,0.12690739
d__dpsacbw027sbog_deposits__lag058,0.667712,0.123994,0.066055,0.12689811
q__b093rc1q027sbea_gov_int_row__lag003,0.984326,0.003778,0.125128,0.12688542
d__dpsacbw027sbog_deposits__lag043,0.667712,0.127455,0.062568,0.12688079
d__dpsacbw027sbog_deposits__lag039,0.667712,0.127095,0.062901,0.1268625
d__dpsacbw027sbog_deposits__lag053,0.667712,0.126003,0.06398,0.12685384
d__dpsacbw027sbog_deposits__lag055,0.667712,0.125687,0.064288,0.12684858
d__dpsacbw027sbog_deposits__lag054,0.667712,0.125846,0.064111,0.12683661
d__vixcls_vixcls__lag041,0.454545,0.173328,0.105618,0.12679385
d__dpsacbw027sbog_deposits__lag060,0.667712,0.123599,0.066231,0.12675174
d__nasdaqcom_nasdaqcom__lag065,0.689655,0.103889,0.079891,0.12674534
d__dpsacbw027sbog_deposits__lag038,0.667712,0.126925,0.062855,0.12671778
d__nasdaqcom_nasdaqcom__lag089,0.689655,0.097704,0.086035,0.12671661
d__vixcls_vixcls__lag069,0.454545,0.18526,0.09345,0.12668631
d__dpsacbw027sbog_deposits__lag062,0.667712,0.123984,0.065707,0.12665926
d__tasacbw027sbog_bank_ts_agency__lag085,0.667712,0.10567,0.08401,0.12665164
d__dpsacbw027sbog_deposits__lag061,0.667712,0.1237,0.065946,0.12662936
m__amtmno_amtmno__lag004,0.426332,0.100174,0.196772,0.12659741
d__dpsacbw027sbog_deposits__lag059,0.667712,0.123443,0.0661,0.12656006
d__tasacbw027sbog_bank_ts_agency__lag088,0.667712,0.104612,0.08491,0.12654627
m__pcepilfe_pcepilfe__lag011,0.833856,0.050368,0.101388,0.12654198
d__tasacbw027sbog_bank_ts_agency__lag087,0.667712,0.104775,0.084699,0.12651355
d__nasdaqcom_nasdaqcom__lag064,0.689655,0.103921,0.079486,0.12648771
d__nasdaqcom_nasdaqcom__lag060,0.689655,0.096777,0.08663,0.1264875
q__bogz1fl313161305q_gov_nonmarketable_ts__lag005,0.99373,0.037361,0.089884,0.12644809
d__tasacbw027sbog_bank_ts_agency__lag086,0.667712,0.104825,0.08451,0.12642077
d__dpsacbw027sbog_deposits__lag063,0.667712,0.12369,0.065623,0.12640625
m__pcepilfe_pcepilfe__lag001,0.84326,0.037354,0.112476,0.12634533
d__nasdaqcom_nasdaqcom__lag051,0.69279,0.1065,0.075849,0.12632952
d__usepuindxd_policy_uncertainty__lag021,0.517241,0.134089,0.110139,0.12632483
m__ipmine_ipmine__lag010,1.0,0.032339,0.093917,0.12625528
m__ipmine_ipmine__lag007,1.0,0.030145,0.096062,0.12620687
m__pcepilfe_pcepilfe__lag012,0.833856,0.051841,0.099507,0.12620242
m__csushpinsa_cs_hpi__lag012,0.482759,0.079403,0.181812,0.12610349
d__nasdaqcom_nasdaqcom__lag052,0.69279,0.105126,0.076834,0.12606006
q__w260rc1q027sbea_gdi_netopsurp_privent__lag008,0.968652,0.026555,0.103572,0.12604775
d__vixcls_vixcls__lag070,0.454545,0.187178,0.090018,0.12599808
q__a091rc1q027sbea_gov_interest_payments__lag005,0.978056,0.032057,0.096572,0.12580618
q__a091rc1q027sbea_fedgov_int__lag005,0.978056,0.032057,0.096572,0.12580618
q__bogz1fl313161305q_gov_nonmarketable_ts__lag006,0.990596,0.027936,0.099034,0.12577624
d__dpsacbw027sbog_deposits__lag064,0.667712,0.123674,0.064669,0.12575858
q__tfaabshno_hhnp_tfa__lag004,0.996865,0.02985,0.096271,0.1257255
q__bogz1lm573061133q_private_dc_pension_ts__lag008,0.984326,0.000775,0.126938,0.12571107
m__pcend_pcend__lag001,0.84326,0.050072,0.098938,0.12565389
q__b461rc1q027sbea_netva_wages__lag003,0.984326,0.017048,0.110524,0.12557217
d__tasacbw027sbog_bank_ts_agency__lag089,0.664577,0.104188,0.084724,0.12554648
m__pcepilfe_pcepilfe__lag010,0.833856,0.047416,0.10311,0.12551697
d__tasacbw027sbog_bank_ts_agency__lag090,0.664577,0.10374,0.085125,0.12551541
m__rmfsl_mmf__lag011,0.658307,0.082027,0.108623,0.12550675
d__dpsacbw027sbog_deposits__lag065,0.667712,0.122635,0.065192,0.12541457
d__dpsacbw027sbog_deposits__lag077,0.667712,0.123122,0.064521,0.1252913
q__rowstaq027s_row_stloan_a__lag004,0.996865,0.053743,0.071919,0.12526881
d__dpsacbw027sbog_deposits__lag066,0.667712,0.122212,0.065275,0.12518738
d__dpsacbw027sbog_deposits__lag067,0.667712,0.122113,0.065321,0.12515202
d__dpsacbw027sbog_deposits__lag076,0.667712,0.12294,0.064397,0.12508698
d__dpsacbw027sbog_deposits__lag070,0.667712,0.122652,0.064636,0.12505451
d__dpsacbw027sbog_deposits__lag068,0.667712,0.122063,0.065179,0.125024
d__dpsacbw027sbog_deposits__lag075,0.667712,0.123145,0.064087,0.12501652
d__nasdaqcom_nasdaqcom__lag038,0.69279,0.106124,0.074298,0.12499434
d__dpsacbw027sbog_deposits__lag069,0.667712,0.122427,0.064752,0.12498213
d__vixcls_vixcls__lag044,0.454545,0.191344,0.083552,0.12495264
m__pcepilfe_pcepilfe__lag006,0.840125,0.038871,0.109803,0.12490445
d__dpsacbw027sbog_deposits__lag078,0.667712,0.121696,0.065337,0.12488413
d__dpsacbw027sbog_deposits__lag074,0.667712,0.122843,0.064187,0.1248824
m__csushpinsa_cs_hpi__lag010,0.482759,0.078045,0.180596,0.12486148
q__gpdi_gpdi__lag005,0.978056,0.019814,0.107786,0.12480019
m__pcepilfe_pcepilfe__lag003,0.84326,0.036931,0.111042,0.12478001
d__dpsacbw027sbog_deposits__lag073,0.667712,0.12245,0.064416,0.1247725
m__pcepi_pcepi__lag012,0.833856,0.046052,0.103575,0.12476744
m__pcepi_pce_price_index__lag012,0.833856,0.046052,0.103575,0.12476744
m__pcepilfe_pcepilfe__lag005,0.840125,0.037877,0.110621,0.12475725
m__pcepilfe_pcepilfe__lag002,0.84326,0.036828,0.111114,0.12475352
m__pcepi_pcepi__lag011,0.833856,0.044539,0.105036,0.12472352
m__pcepi_pce_price_index__lag011,0.833856,0.044539,0.105036,0.12472352
m__pcepilfe_pcepilfe__lag004,0.840125,0.037434,0.110953,0.12466371
m__pcepilfe_pcepilfe__lag007,0.836991,0.040919,0.108,0.12464375
d__dpsacbw027sbog_deposits__lag072,0.667712,0.122397,0.064268,0.12463818
d__nasdaqcom_nasdaqcom__lag063,0.689655,0.100702,0.079974,0.1246042
d__dpsacbw027sbog_deposits__lag071,0.667712,0.122167,0.064387,0.12456423
m__pcepilfe_pcepilfe__lag009,0.836991,0.043951,0.104863,0.12455612
q__bogz1fa105019005q_nfcb_gfi__lag002,0.990596,0.016484,0.109129,0.12443164
m__pcepilfe_pcepilfe__lag008,0.836991,0.042175,0.106468,0.12441308
d__usepuindxd_policy_uncertainty__lag036,0.517241,0.111878,0.128531,0.12434948
q__bogz1lm102010005q_nfcb_nfassets__lag004,0.996865,0.037079,0.087629,0.12431661
d__dpsacbw027sbog_deposits__lag088,0.667712,0.118337,0.067736,0.12424279
d__dpsacbw027sbog_deposits__lag079,0.667712,0.120422,0.06561,0.12421557
d__dpsacbw027sbog_deposits__lag087,0.667712,0.118085,0.067883,0.12417276
d__dpsacbw027sbog_deposits__lag086,0.667712,0.117874,0.06793,0.12406334
m__rmfsl_mmf__lag010,0.658307,0.074747,0.113691,0.12405012
d__dpsacbw027sbog_deposits__lag085,0.667712,0.118494,0.067238,0.12401555
m__totalsl_totalsl__lag007,1.0,0.047913,0.07605,0.12396284
q__b461rc1q027sbea_netva_wages__lag004,0.981191,0.018693,0.107609,0.12392613
m__pcepi_pcepi__lag010,0.833856,0.041122,0.107373,0.12382308
m__pcepi_pce_price_index__lag010,0.833856,0.041122,0.107373,0.12382308
d__nasdaqcom_nasdaqcom__lag045,0.69279,0.097529,0.081198,0.1238202
q__bogz1fl713061113q_cb_bills_raw__lag001,1.0,0.024035,0.099741,0.12377545
q__bogz1fl713061113q_cb_bills__lag001,1.0,0.024035,0.099741,0.12377545
m__rmfsl_mmf__lag006,0.664577,0.040878,0.145143,0.12362533
d__nasdaqcom_nasdaqcom__lag039,0.69279,0.103315,0.075125,0.12362119
d__dpsacbw027sbog_deposits__lag080,0.667712,0.119155,0.065943,0.12359178
m__pcend_pcend__lag003,0.84326,0.038576,0.10797,0.12357611
d__dpsacbw027sbog_deposits__lag090,0.664577,0.118757,0.06718,0.12356899
d__dpsacbw027sbog_deposits__lag089,0.664577,0.118611,0.067291,0.123546
d__nasdaqcom_nasdaqcom__lag061,0.689655,0.099034,0.080061,0.12351429
d__dpsacbw027sbog_deposits__lag082,0.667712,0.118425,0.066475,0.12345961
q__bogz1fl264135005q_row_loans_l__lag001,1.0,0.076238,0.047213,0.12345057
d__dpsacbw027sbog_deposits__lag081,0.667712,0.118551,0.066289,0.12342039
m__amtmno_amtmno__lag006,0.423197,0.105797,0.185735,0.12337551
d__dpsacbw027sbog_deposits__lag083,0.667712,0.1183,0.066386,0.12331754
m__pcepi_pcepi__lag006,0.840125,0.032835,0.113931,0.12330222
m__pcepi_pce_price_index__lag006,0.840125,0.032835,0.113931,0.12330222
m__totalsl_totalsl__lag008,1.0,0.047031,0.076267,0.12329833
q__w260rc1q027sbea_gdi_netopsurp_privent__lag007,0.971787,0.01576,0.111106,0.12328634
d__usepuindxd_policy_uncertainty__lag070,0.517241,0.133609,0.104522,0.12317143
d__vixcls_vixcls__lag087,0.454545,0.214682,0.056252,0.12315179
d__dpsacbw027sbog_deposits__lag084,0.667712,0.118283,0.06615,0.12314817
m__pcepi_pcepi__lag007,0.836991,0.034629,0.112454,0.12310692
m__pcepi_pce_price_index__lag007,0.836991,0.034629,0.112454,0.12310692
m__pcepi_pcepi__lag009,0.836991,0.037889,0.109134,0.12305672
m__pcepi_pce_price_index__lag009,0.836991,0.037889,0.109134,0.12305672
d__vixcls_vixcls__lag071,0.454545,0.175797,0.094915,0.12305102
d__nasdaqcom_nasdaqcom__lag050,0.69279,0.099959,0.077586,0.12300113
d__nasdaqcom_nasdaqcom__lag048,0.69279,0.102151,0.075307,0.12294085
d__nasdaqcom_nasdaqcom__lag046,0.69279,0.099535,0.077765,0.12283167
d__nasdaqcom_nasdaqcom__lag062,0.689655,0.097821,0.080245,0.12280428
d__tlaacbw027sbog_bank_ta__lag064,0.667712,0.104856,0.078966,0.12273966
m__pcend_pcend__lag006,0.840125,0.022912,0.123185,0.1227392
d__nasdaqcom_nasdaqcom__lag044,0.69279,0.096644,0.080516,0.12273436
q__bogz1lm343061165q_fed_gov_db_retirement_ts__lag007,0.987461,0.00011,0.124096,0.12264872
q__bogz1lm343061165q_fed_ret_tsy_db__lag007,0.987461,0.00011,0.124096,0.12264872
d__tlaacbw027sbog_bank_ta__lag062,0.667712,0.105743,0.077878,0.12260558
d__tlaacbw027sbog_bank_ta__lag070,0.667712,0.104452,0.079151,0.12259353
d__tlaacbw027sbog_bank_ta__lag060,0.667712,0.105698,0.07787,0.12257064
m__ltdacbm027nbog_ltd__lag002,0.667712,0.071679,0.111882,0.12256565
m__pcepi_pcepi__lag005,0.840125,0.032118,0.113735,0.12253447
m__pcepi_pce_price_index__lag005,0.840125,0.032118,0.113735,0.12253447
d__nasdaqcom_nasdaqcom__lag040,0.69279,0.101867,0.075001,0.122532
d__tlaacbw027sbog_bank_ta__lag061,0.667712,0.105815,0.077664,0.12251108
d__tlaacbw027sbog_bank_ta__lag057,0.667712,0.105591,0.077887,0.12251026
m__srvprd_srvprd__lag012,1.0,0.021516,0.100979,0.12249503
d__tlaacbw027sbog_bank_ta__lag058,0.667712,0.105188,0.078234,0.12247297
d__tlaacbw027sbog_bank_ta__lag047,0.667712,0.105913,0.077498,0.12246568
d__tlaacbw027sbog_bank_ta__lag048,0.667712,0.106204,0.077199,0.1224602
d__tlaacbw027sbog_bank_ta__lag049,0.667712,0.106307,0.077039,0.12242171
d__tlaacbw027sbog_bank_ta__lag050,0.667712,0.106281,0.077024,0.12239486
d__tlaacbw027sbog_bank_ta__lag059,0.667712,0.104984,0.078306,0.12238434
m__iputil_iputil__lag003,1.0,0.010753,0.111629,0.12238204
d__tlaacbw027sbog_bank_ta__lag046,0.667712,0.105501,0.077673,0.12230779
q__bogz1fa503061123q_ccps_ts_tx__lag002,0.990596,0.01094,0.112515,0.12229406
d__tlaacbw027sbog_bank_ta__lag068,0.667712,0.103437,0.079685,0.12227239
d__tlaacbw027sbog_bank_ta__lag044,0.667712,0.105615,0.077493,0.1222632
d__tlaacbw027sbog_bank_ta__lag069,0.667712,0.103614,0.07949,0.12226078
d__tlaacbw027sbog_bank_ta__lag063,0.667712,0.104866,0.078222,0.12224969
d__nasdaqcom_nasdaqcom__lag042,0.69279,0.101063,0.075358,0.12222288
m__pcepi_pcepi__lag001,0.84326,0.033388,0.111549,0.12221968
m__pcepi_pce_price_index__lag001,0.84326,0.033388,0.111549,0.12221968
m__pcepi_pcepi__lag008,0.836991,0.035353,0.110638,0.12219345
m__pcepi_pce_price_index__lag008,0.836991,0.035353,0.110638,0.12219345
d__nasdaqcom_nasdaqcom__lag047,0.69279,0.099884,0.076493,0.12219236
d__tlaacbw027sbog_bank_ta__lag056,0.667712,0.105617,0.077381,0.12218945
d__tlaacbw027sbog_bank_ta__lag045,0.667712,0.105175,0.077819,0.12218671
d__tlaacbw027sbog_bank_ta__lag067,0.667712,0.103415,0.079568,0.12217979
q__bogz1lm105020015q_nfcb_inventories__lag004,0.996865,0.00111,0.121387,0.1221129
d__tlaacbw027sbog_bank_ta__lag065,0.667712,0.103516,0.079356,0.12210614
d__tlaacbw027sbog_bank_ta__lag066,0.667712,0.103423,0.079434,0.12209563
d__tlaacbw027sbog_bank_ta__lag043,0.667712,0.105457,0.07737,0.12207589
m__pcepi_pcepi__lag004,0.840125,0.033036,0.112267,0.1220723
m__pcepi_pce_price_index__lag004,0.840125,0.033036,0.112267,0.1220723
d__tlaacbw027sbog_bank_ta__lag053,0.667712,0.105625,0.077192,0.12206878
q__tnwhcbsnncb_nfcb_hc_nw__lag001,1.0,0.029943,0.09212,0.12206302
m__baaffm_baaff__lag011,0.890282,0.052284,0.0848,0.12204413
d__tlaacbw027sbog_bank_ta__lag055,0.667712,0.105581,0.077189,0.12203767
q__bogz1fa105019005q_nfcb_gfi__lag005,0.981191,0.0492,0.075162,0.12202288
q__pcesv_pcesv__lag001,0.990596,0.009325,0.113856,0.12202183
d__tlaacbw027sbog_bank_ta__lag054,0.667712,0.105449,0.077284,0.12201323
m__csushpinsa_cs_hpi__lag009,0.485893,0.071868,0.179179,0.12198237
d__vixcls_vixcls__lag047,0.454545,0.154194,0.114161,0.12197981
d__nasdaqcom_nasdaqcom__lag049,0.69279,0.101456,0.074594,0.12196507
d__tlaacbw027sbog_bank_ta__lag052,0.667712,0.105533,0.077092,0.12194064
m__iputil_iputil__lag011,1.0,0.041169,0.080745,0.12191366
d__tlaacbw027sbog_bank_ta__lag051,0.667712,0.1055,0.07703,0.12187732
m__totalsl_totalsl__lag006,1.0,0.045081,0.076696,0.12177651
m__pcend_pcend__lag010,0.833856,0.025449,0.120491,0.12169266
q__b461rc1q027sbea_netva_wages__lag001,0.990596,0.008165,0.114676,0.12168595
d__tlaacbw027sbog_bank_ta__lag077,0.667712,0.104617,0.077623,0.12168323
d__nasdaqcom_nasdaqcom__lag043,0.69279,0.099227,0.076387,0.12166382
d__tlaacbw027sbog_bank_ta__lag076,0.667712,0.104671,0.077489,0.12163002
m__pcend_pcend__lag002,0.84326,0.034345,0.109852,0.12159563
d__tlaacbw027sbog_bank_ta__lag071,0.667712,0.103972,0.078131,0.12159235
d__nasdaqcom_nasdaqcom__lag041,0.69279,0.101588,0.073826,0.12152499
d__tlaacbw027sbog_bank_ta__lag075,0.667712,0.104509,0.077445,0.12149283
d__tlaacbw027sbog_bank_ta__lag034,0.667712,0.106126,0.0757,0.12140693
d__tlaacbw027sbog_bank_ta__lag032,0.667712,0.105762,0.07602,0.12137744
d__tlaacbw027sbog_bank_ta__lag037,0.667712,0.105778,0.075997,0.12137348
d__tlaacbw027sbog_bank_ta__lag033,0.667712,0.106067,0.075696,0.1213659
d__tlaacbw027sbog_bank_ta__lag035,0.667712,0.105896,0.075848,0.12135277
d__tlaacbw027sbog_bank_ta__lag036,0.667712,0.105708,0.076032,0.12135013
d__tlaacbw027sbog_bank_ta__lag074,0.667712,0.104015,0.077712,0.12134128
q__bogz1fr513061105q_pc_insurance_ts_reval__lag006,0.978056,0.012479,0.111561,0.12131722
q__tfaabshno_hhnp_tfa__lag003,1.0,0.036694,0.084617,0.12131133
m__pcepi_pcepi__lag003,0.84326,0.032909,0.110917,0.12128262
m__pcepi_pce_price_index__lag003,0.84326,0.032909,0.110917,0.12128262
d__tlaacbw027sbog_bank_ta__lag031,0.667712,0.105939,0.07555,0.12118229
q__tnwmvbsnncb_nfcb_nw__lag002,1.0,0.009337,0.111825,0.12116155
d__tlaacbw027sbog_bank_ta__lag073,0.667712,0.103228,0.07821,0.12114868
d__tlaacbw027sbog_bank_ta__lag072,0.667712,0.103474,0.077929,0.12112466
m__dpsfrim027sbog_row_deposits__lag012,0.658307,0.114027,0.06995,0.12111369
q__bogz1fa663061165q_brokers_dealers_long_ts_tx__lag003,0.987461,0.041078,0.08156,0.12109991
d__tlaacbw027sbog_bank_ta__lag029,0.667712,0.105678,0.075686,0.12109948
d__tlaacbw027sbog_bank_ta__lag042,0.667712,0.105187,0.076055,0.12101769
d__tlaacbw027sbog_bank_ta__lag085,0.667712,0.102252,0.078968,0.1210027
d__tlaacbw027sbog_bank_ta__lag078,0.667712,0.103328,0.077855,0.1209784
m__pcedg_pcedg__lag005,0.840125,0.000852,0.143128,0.12096102
d__tlaacbw027sbog_bank_ta__lag040,0.667712,0.104755,0.076239,0.12085183
d__tlaacbw027sbog_bank_ta__lag038,0.667712,0.104706,0.076157,0.12076465
d__tlaacbw027sbog_bank_ta__lag030,0.667712,0.105146,0.075707,0.12075782
q__bogz1fa513061113q_pci_bills_tx__lag005,0.981191,0.016702,0.106349,0.12073643
d__tlaacbw027sbog_bank_ta__lag041,0.667712,0.104632,0.076177,0.12072847
d__tlaacbw027sbog_bank_ta__lag039,0.667712,0.104638,0.076097,0.12067852
m__amtmno_amtmno__lag001,0.429467,0.068155,0.212792,0.12065747
q__impgs_imports__lag005,0.978056,0.00765,0.115697,0.12064049
d__vixcls_vixcls__lag043,0.454545,0.179606,0.085603,0.12054933
m__pcend_pcend__lag007,0.836991,0.025736,0.118278,0.12053784
m__amtmno_amtmno__lag008,0.423197,0.125946,0.158802,0.12050471
q__rowmslq027s_row_muni_flow__lag004,0.984326,0.03268,0.089737,0.12049888
d__tlaacbw027sbog_bank_ta__lag079,0.667712,0.102864,0.077574,0.12048101
q__iatashcbsnncb_nfcb_hc_inventories__lag003,1.0,0.003405,0.117064,0.12046897
m__ipmine_ipmine__lag011,1.0,0.030181,0.090213,0.12039331
q__gdp_gdp__lag002,0.987461,0.009702,0.112145,0.12031912
q__rrvrusq156n_rental_vacancy__lag007,0.858934,0.027127,0.112886,0.12026174
q__fpi_fpi__lag006,0.974922,0.030656,0.092637,0.1202003
q__fpi_invest_priv_fixed__lag006,0.974922,0.030656,0.092637,0.1202003
m__pcepi_pcepi__lag002,0.84326,0.032121,0.110371,0.12015731
m__pcepi_pce_price_index__lag002,0.84326,0.032121,0.110371,0.12015731
q__bogz1fa343061105q_fed_gov_retirement_ts_tx__lag008,0.971787,0.026865,0.096768,0.12014481
d__tlaacbw027sbog_bank_ta__lag022,0.667712,0.108107,0.071783,0.12011457
d__tlaacbw027sbog_bank_ta__lag086,0.667712,0.100612,0.079253,0.12009838
q__bogz1fa313161305q_gov_nonmarketable_ts_tx__lag005,0.981191,0.075771,0.046588,0.12005766
q__w260rc1q027sbea_gdi_netopsurp_privent__lag005,0.978056,0.006008,0.11673,0.12004455
q__bogz1fl513061115q_pci_bills_raw__lag006,0.990596,0.064617,0.056566,0.12004314
q__bogz1fl513061115q_pci_bills__lag006,0.990596,0.064617,0.056566,0.12004314
q__bogz1fa733061103q_holding_companies_ts_tx__lag008,0.971787,0.03485,0.088662,0.1200275
d__tlaacbw027sbog_bank_ta__lag087,0.667712,0.100416,0.079292,0.11999316
d__tlaacbw027sbog_bank_ta__lag080,0.667712,0.101846,0.077858,0.11999034
m__mtso133fms_fedgov_out__lag005,0.567398,0.161728,0.049692,0.11995923
m__totalsl_totalsl__lag001,1.0,0.045415,0.074495,0.1199099
q__bogz1fl663061165q_brokers_dealers_long_ts__lag005,0.99373,0.036377,0.084287,0.11990829
d__tlaacbw027sbog_bank_ta__lag084,0.667712,0.101357,0.078167,0.1198706
m__totalsl_totalsl__lag005,1.0,0.042408,0.077416,0.11982419
d__tlaacbw027sbog_bank_ta__lag088,0.667712,0.10034,0.079055,0.11978426
d__tlaacbw027sbog_bank_ta__lag081,0.667712,0.101182,0.078209,0.11978155
d__tlaacbw027sbog_bank_ta__lag082,0.667712,0.100805,0.078524,0.11974012
d__vixcls_vixcls__lag086,0.454545,0.20619,0.057089,0.11967197
d__tlaacbw027sbog_bank_ta__lag083,0.667712,0.10056,0.078476,0.1195447
q__bogz1fl663061165q_brokers_dealers_long_ts__lag004,0.996865,0.058976,0.060825,0.11942564
d__tlaacbw027sbog_bank_ta__lag018,0.667712,0.108669,0.070048,0.11933163
d__tlaacbw027sbog_bank_ta__lag021,0.667712,0.108773,0.069916,0.11931286
d__tlaacbw027sbog_bank_ta__lag020,0.667712,0.10843,0.070128,0.11922508
d__tlaacbw027sbog_bank_ta__lag015,0.667712,0.108128,0.070426,0.11922227
d__tlaacbw027sbog_bank_ta__lag023,0.667712,0.106557,0.071939,0.11918392
q__bogz1fl073164013q_dj_index__lag005,0.680251,0.040118,0.135073,0.11917376
d__tlaacbw027sbog_bank_ta__lag090,0.664577,0.100411,0.078887,0.11915732
d__tlaacbw027sbog_bank_ta__lag089,0.664577,0.100371,0.078927,0.11915725
d__tlaacbw027sbog_bank_ta__lag019,0.667712,0.108467,0.069989,0.11915712
d__vixcls_vixcls__lag050,0.454545,0.186119,0.075912,0.11910473
d__vixcls_vixcls__lag081,0.454545,0.170965,0.090985,0.11906841
d__tlaacbw027sbog_bank_ta__lag024,0.667712,0.10627,0.072035,0.11905642
d__tlaacbw027sbog_bank_ta__lag016,0.667712,0.107348,0.070884,0.11900735
d__stlfsi4_stlfed_fin_stress_idx__lag016,0.404389,0.059396,0.234586,0.1188829
q__gsave_gsave__lag007,0.971787,0.079381,0.042936,0.11886591
d__tlaacbw027sbog_bank_ta__lag028,0.667712,0.105648,0.072325,0.11883463
d__tlaacbw027sbog_bank_ta__lag025,0.667712,0.10542,0.072498,0.11879829
d__tlaacbw027sbog_bank_ta__lag017,0.667712,0.106605,0.071256,0.11875957
d__tlaacbw027sbog_bank_ta__lag026,0.667712,0.105054,0.072611,0.11862905
d__tlaacbw027sbog_bank_ta__lag027,0.667712,0.105288,0.072356,0.11861515
m__pcend_pcend__lag005,0.840125,0.020475,0.12071,0.11861362
d__anfci_anfci__lag077,0.69279,0.044531,0.126442,0.11844832
m__csushpinsa_cs_hpi__lag008,0.485893,0.065467,0.178178,0.11838572
m__amtmno_amtmno__lag010,0.420063,0.120732,0.161056,0.11836859
m__amtmno_amtmno__lag005,0.426332,0.09277,0.184716,0.11830119
q__b461rc1q027sbea_netva_wages__lag002,0.987461,0.00597,0.113761,0.11822922
q__expgs_exports__lag002,0.987461,0.033414,0.086278,0.11819103
d__usepuindxd_policy_uncertainty__lag016,0.517241,0.051356,0.177039,0.11813554
q__bogz1fa313161305q_gov_nonmarketable_ts_tx__lag006,0.978056,0.063809,0.056911,0.11807135
m__totalsl_totalsl__lag004,1.0,0.043517,0.074028,0.11754569
q__rowsllq027s_row_stloan_l__lag001,1.0,0.076151,0.041387,0.11753757
d__stlfsi4_stlfed_fin_stress_idx__lag017,0.404389,0.0558,0.234758,0.11749859
m__pcend_pcend__lag011,0.833856,0.014681,0.126011,0.11731687
m__totalsl_totalsl__lag003,1.0,0.040929,0.076218,0.11714786
q__dividend_dividend__lag004,0.981191,0.018205,0.101132,0.11709209
q__bogz1fl743061103q_usb_tsy_dom__lag001,1.0,0.03643,0.080528,0.11695847
q__dividend_dividend__lag005,0.978056,0.016967,0.10259,0.11693333
q__a091rc1q027sbea_gov_interest_payments__lag004,0.981191,0.000176,0.118884,0.11681997
q__a091rc1q027sbea_fedgov_int__lag004,0.981191,0.000176,0.118884,0.11681997
d__usepuindxd_policy_uncertainty__lag084,0.517241,0.139727,0.085626,0.11656199
d__anfci_anfci__lag076,0.69279,0.044683,0.123436,0.11647087
d__anfci_anfci__lag080,0.69279,0.041228,0.126633,0.11629234
d__anfci_anfci__lag084,0.689655,0.038678,0.129866,0.11623693
d__anfci_anfci__lag079,0.69279,0.041747,0.126028,0.11623291
q__tnwhcbsnncb_nfcb_hc_nw__lag003,1.0,0.00394,0.112161,0.11610092
d__anfci_anfci__lag081,0.69279,0.040799,0.126763,0.11608523
d__anfci_anfci__lag078,0.69279,0.042917,0.12436,0.11588778
d__stlfsi4_stlfed_fin_stress_idx__lag018,0.404389,0.053583,0.232941,0.1158668
d__stlfsi4_stlfed_fin_stress_idx__lag019,0.404389,0.050669,0.235665,0.11579011
d__usepuindxd_policy_uncertainty__lag030,0.517241,0.033538,0.19023,0.11574222
m__ltdacbm027nbog_ltd__lag007,0.661442,0.089053,0.08592,0.11573442
m__dpsfrim027sbog_row_deposits__lag011,0.658307,0.107817,0.067694,0.11554046
m__mtso133fms_fedgov_out__lag008,0.564263,0.151904,0.052853,0.11553684
m__totalsl_totalsl__lag002,1.0,0.039446,0.07604,0.11548515
q__bogz1fa543461113q_li_bills_tx__lag006,0.978056,0.019243,0.098724,0.11537874
d__anfci_anfci__lag073,0.69279,0.04309,0.123421,0.11535665
d__tlaacbw027sbog_bank_ta__lag008,0.667712,0.109891,0.062754,0.11527654
d__anfci_anfci__lag074,0.69279,0.042787,0.12356,0.11524353
m__csushpinsa_cs_hpi__lag007,0.485893,0.059801,0.177352,0.1152311
d__vixcls_vixcls__lag049,0.454545,0.155912,0.097594,0.11522962
q__pcesv_pcesv__lag002,0.987461,0.004293,0.112377,0.11520662
m__rmfsl_mmf__lag005,0.664577,0.024914,0.148343,0.11514264
m__neworder_neworder__lag003,0.426332,0.096247,0.17381,0.11513413
m__pcend_pcend__lag012,0.833856,0.008257,0.129809,0.11512673
d__anfci_anfci__lag083,0.69279,0.040626,0.125546,0.11512202
d__anfci_anfci__lag082,0.69279,0.03747,0.128663,0.11509513
d__tlaacbw027sbog_bank_ta__lag009,0.667712,0.10933,0.062856,0.11497042
m__pce_pce__lag011,0.833856,0.020364,0.117355,0.11483745
q__bogz1fa503061123q_ccps_ts_tx__lag003,0.987461,0.035637,0.080644,0.11482324
d__tlaacbw027sbog_bank_ta__lag012,0.667712,0.108223,0.063595,0.11472478
d__tlaacbw027sbog_bank_ta__lag014,0.667712,0.10839,0.063426,0.11472328
m__ipmine_ipmine__lag006,1.0,0.02696,0.087716,0.11467655
d__anfci_anfci__lag070,0.69279,0.044757,0.120653,0.11459498
m__rmfsl_mmf__lag003,0.667712,0.009595,0.162029,0.11459493
q__b092rc1q027sbea_gov_int_priv__lag007,0.808777,0.062281,0.079381,0.11457295
d__tlaacbw027sbog_bank_ta__lag010,0.667712,0.108764,0.062815,0.11456497
d__tlaacbw027sbog_bank_ta__lag013,0.667712,0.1083,0.063278,0.1145644
q__bogz1fa743061103q_usb_tsy_dom_tx__lag007,0.974922,0.023921,0.093544,0.11451828
d__tlaacbw027sbog_bank_ta__lag011,0.667712,0.108013,0.063376,0.11443848
q__bogz1lm105020015q_nfcb_inventories__lag001,1.0,0.001757,0.11266,0.1144173
d__anfci_anfci__lag072,0.69279,0.043406,0.121624,0.11433108
d__anfci_anfci__lag075,0.69279,0.040673,0.124229,0.11424232
q__bogz1lm343061113q_fed_gov_dcf_retirement_ts__lag008,0.984326,0.039866,0.076156,0.11420293
q__bogz1lm343061113q_fed_gov_dc_retirement_ts__lag008,0.984326,0.039866,0.076156,0.11420293
q__bogz1lm343061113q_fed_ret_tsy_dc__lag008,0.984326,0.039866,0.076156,0.11420293
q__gsave_gsave__lag002,0.987461,0.02682,0.088808,0.11417757
q__w260rc1q027sbea_gdi_netopsurp_privent__lag006,0.974922,0.000895,0.116126,0.11408547
d__usepuindxd_policy_uncertainty__lag051,0.517241,0.139651,0.080696,0.11397263
q__gdpc1_real_gdp__lag004,0.981191,0.050121,0.065823,0.1137639
d__vixcls_vixcls__lag082,0.454545,0.15706,0.092872,0.11360533
m__amtmno_amtmno__lag003,0.426332,0.082072,0.184346,0.11358268
q__bogz1fa263061145q_row_priv_tsy_tx__lag001,0.99373,0.040916,0.073355,0.1135545
q__rownblq027s_row_nonfinbusinessloans_flow__lag006,0.978056,0.040943,0.075129,0.11352526
d__anfci_anfci__lag071,0.69279,0.044012,0.119803,0.11348969
d__usepuindxd_policy_uncertainty__lag063,0.517241,0.127834,0.091505,0.11345135
m__csushpinsa_cs_hpi__lag006,0.489028,0.05529,0.176542,0.11337247
m__amtmno_amtmno__lag012,0.416928,0.115163,0.156555,0.11328706
d__vixcls_vixcls__lag048,0.454545,0.148657,0.100136,0.11308799
q__pnfi_priv_nonres_fi__lag001,0.990596,0.010048,0.104092,0.11306641
q__bogz1lm513061105q_pci_tsy_raw__lag008,0.984326,0.046693,0.068171,0.11306406
q__bogz1lm513061105q_pc_insurance_ts__lag008,0.984326,0.046693,0.068171,0.11306406
q__bogz1lm513061105q_p_c_insurance_ts__lag008,0.984326,0.046693,0.068171,0.11306406
d__anfci_anfci__lag086,0.689655,0.035781,0.127991,0.11294611
d__tlaacbw027sbog_bank_ta__lag007,0.667712,0.110114,0.058935,0.11287629
d__anfci_anfci__lag069,0.69279,0.044038,0.118758,0.11278332
d__tlaacbw027sbog_bank_ta__lag006,0.667712,0.109431,0.059336,0.11268771
d__anfci_anfci__lag085,0.689655,0.036581,0.126781,0.11266291
q__bogz1lm903061103q_instrument_discrepancies_ts__lag007,0.987461,0.01811,0.095892,0.11257246
d__tlaacbw027sbog_bank_ta__lag002,0.667712,0.109287,0.059198,0.1124992
m__neworder_neworder__lag002,0.429467,0.079485,0.181983,0.11229196
m__pce_pce__lag004,0.840125,0.020422,0.113162,0.11222765
d__tlaacbw027sbog_bank_ta__lag005,0.667712,0.108953,0.059054,0.11217968
d__anfci_anfci__lag087,0.689655,0.035257,0.12735,0.11214314
d__usepuindxd_policy_uncertainty__lag079,0.517241,0.112031,0.104669,0.11208573
d__tlaacbw027sbog_bank_ta__lag004,0.667712,0.10875,0.05909,0.11206933
q__bogz1lm513061105q_pci_tsy_raw__lag004,0.996865,0.017804,0.094609,0.1120612
q__bogz1lm513061105q_pc_insurance_ts__lag004,0.996865,0.017804,0.094609,0.1120612
q__bogz1lm513061105q_p_c_insurance_ts__lag004,0.996865,0.017804,0.094609,0.1120612
d__anfci_anfci__lag088,0.689655,0.034916,0.127566,0.11205684
m__dpsfrim027sbog_row_deposits__lag010,0.658307,0.10907,0.060915,0.1119018
d__tlaacbw027sbog_bank_ta__lag003,0.667712,0.108486,0.058777,0.11168359
m__csushpinsa_cs_hpi__lag005,0.489028,0.052247,0.1759,0.11157038
q__gdpc1_real_gdp__lag003,0.984326,0.043059,0.070047,0.11133341
m__neworder_neworder__lag009,0.420063,0.135864,0.12889,0.11121317
d__anfci_anfci__lag089,0.689655,0.031005,0.130132,0.11112883
m__pce_pce__lag002,0.84326,0.018862,0.112843,0.11106128
d__usepuindxd_policy_uncertainty__lag035,0.517241,0.103124,0.111472,0.11099792
d__anfci_anfci__lag067,0.69279,0.040565,0.119645,0.11099225
m__w875rx1_real_dpi_xtx__lag001,0.84326,0.073414,0.058183,0.11097041
m__pce_pce__lag012,0.833856,0.012412,0.120653,0.11095705
d__tlaacbw027sbog_bank_ta__lag001,0.667712,0.106811,0.059313,0.11092264
m__pcend_pcend__lag008,0.836991,0.008832,0.123682,0.11091289
m__amtmno_amtmno__lag002,0.429467,0.085548,0.172648,0.11088657
d__usepuindxd_policy_uncertainty__lag043,0.517241,0.130409,0.083813,0.11080437
m__neworder_neworder__lag006,0.423197,0.111783,0.149981,0.11077806
q__dividend_dividend__lag003,0.984326,0.016276,0.096248,0.11076083
d__anfci_anfci__lag066,0.69279,0.040457,0.119404,0.11075001
q__bogz1fl073164013q_dj_index__lag001,0.69279,0.051077,0.108457,0.11052307
q__b092rc1q027sbea_gov_int_priv__lag004,0.818182,0.01234,0.122733,0.11051445
q__rownblq027s_row_nonfinbusinessloans_flow__lag008,0.971787,0.024269,0.08931,0.11037468
q__b639rg3q086sbea_exp_ind_pi__lag007,0.721003,0.034368,0.118705,0.11036605
q__dividend_dividend__lag002,0.987461,0.024853,0.086793,0.11024544
d__anfci_anfci__lag068,0.69279,0.039582,0.119105,0.10993628
q__rowstaq027s_row_stloan_a__lag002,1.0,0.034451,0.075468,0.10991875
m__pce_pce__lag006,0.840125,0.00802,0.122797,0.10990279
d__usepuindxd_policy_uncertainty__lag023,0.517241,0.048717,0.163639,0.10983911
m__csushpinsa_cs_hpi__lag004,0.489028,0.048818,0.175497,0.10969605
q__drtscilm_loan_tight__lag004,0.438871,0.191092,0.058561,0.10956556
m__pce_pce__lag009,0.836991,0.009883,0.120955,0.10951061
d__vixcls_vixcls__lag085,0.454545,0.190085,0.050702,0.10944865
q__bogz1lm102010005q_nfcb_nfassets__lag003,1.0,0.027259,0.082149,0.1094074
q__pnfi_priv_nonres_fi__lag004,0.981191,0.02977,0.081716,0.10938969
m__baaffm_baaff__lag012,0.890282,0.042499,0.080206,0.10924161
d__totbkcr_totbkcr__lag087,0.667712,0.088674,0.074613,0.10902842
d__totbkcr_totbkcr__lag088,0.667712,0.088862,0.074413,0.10902091
d__anfci_anfci__lag065,0.69279,0.040337,0.116938,0.10895892
d__totbkcr_totbkcr__lag078,0.667712,0.088015,0.075153,0.10894916
d__totbkcr_totbkcr__lag048,0.667712,0.088511,0.074654,0.10894705
q__rhvrusq156n_owner_vacancy__lag003,0.871473,0.014772,0.110231,0.10893685
d__totbkcr_totbkcr__lag047,0.667712,0.088229,0.074917,0.10893479
d__totbkcr_totbkcr__lag046,0.667712,0.088085,0.075049,0.10892672
d__totbkcr_totbkcr__lag045,0.667712,0.088094,0.075035,0.10892335
m__pce_pce__lag005,0.840125,0.010424,0.119223,0.10891908
d__totbkcr_totbkcr__lag049,0.667712,0.088603,0.074489,0.10889837
d__totbkcr_totbkcr__lag057,0.667712,0.08846,0.074612,0.10888497
d__totbkcr_totbkcr__lag050,0.667712,0.088559,0.074488,0.10886819
d__totbkcr_totbkcr__lag044,0.667712,0.087929,0.075053,0.108825
d__totbkcr_totbkcr__lag086,0.667712,0.088206,0.07476,0.10881432
d__totbkcr_totbkcr__lag085,0.667712,0.088372,0.074586,0.10880873
d__totbkcr_totbkcr__lag063,0.667712,0.087679,0.075216,0.10876691
d__totbkcr_totbkcr__lag058,0.667712,0.087753,0.075136,0.10876259
d__totbkcr_totbkcr__lag077,0.667712,0.088242,0.074623,0.10874663
d__totbkcr_totbkcr__lag070,0.667712,0.087615,0.075202,0.10871518
d__totbkcr_totbkcr__lag084,0.667712,0.088225,0.074589,0.10871332
d__totbkcr_totbkcr__lag043,0.667712,0.088106,0.07468,0.10869372
d__totbkcr_totbkcr__lag064,0.667712,0.087427,0.075342,0.10868305
d__totbkcr_totbkcr__lag071,0.667712,0.087442,0.075322,0.1086793
d__totbkcr_totbkcr__lag055,0.667712,0.088452,0.074288,0.10866377
m__pce_pce__lag003,0.84326,0.017822,0.111038,0.10866247
d__totbkcr_totbkcr__lag053,0.667712,0.088396,0.07434,0.10866073
d__totbkcr_totbkcr__lag051,0.667712,0.088169,0.074561,0.10865668
d__totbkcr_totbkcr__lag054,0.667712,0.088369,0.074357,0.10865399
d__totbkcr_totbkcr__lag056,0.667712,0.088432,0.074287,0.10864916
d__totbkcr_totbkcr__lag060,0.667712,0.087567,0.075123,0.1086298
d__totbkcr_totbkcr__lag069,0.667712,0.087408,0.075277,0.10862682
q__bogz1lm102010005q_nfcb_nfassets__lag001,1.0,0.02638,0.082244,0.10862414
d__totbkcr_totbkcr__lag059,0.667712,0.087541,0.075138,0.10862263
d__totbkcr_totbkcr__lag068,0.667712,0.087232,0.075438,0.10861628
d__totbkcr_totbkcr__lag067,0.667712,0.087209,0.075451,0.10860976
d__totbkcr_totbkcr__lag062,0.667712,0.08752,0.075129,0.10860251
d__totbkcr_totbkcr__lag052,0.667712,0.088177,0.074453,0.10859021
d__totbkcr_totbkcr__lag081,0.667712,0.087586,0.075017,0.10857196
d__totbkcr_totbkcr__lag066,0.667712,0.086914,0.075652,0.10854739
d__totbkcr_totbkcr__lag082,0.667712,0.087694,0.074865,0.10854237
d__totbkcr_totbkcr__lag061,0.667712,0.087556,0.074992,0.10853537
d__totbkcr_totbkcr__lag083,0.667712,0.087836,0.074682,0.10851554
d__anfci_anfci__lag001,0.69279,0.019073,0.137555,0.10851054
d__totbkcr_totbkcr__lag080,0.667712,0.087465,0.075045,0.10851014
d__totbkcr_totbkcr__lag079,0.667712,0.087406,0.075104,0.10850986
d__totbkcr_totbkcr__lag076,0.667712,0.087781,0.07472,0.10850427
d__totbkcr_totbkcr__lag074,0.667712,0.087597,0.0749,0.10850115
d__totbkcr_totbkcr__lag075,0.667712,0.087702,0.074774,0.10848706
d__totbkcr_totbkcr__lag065,0.667712,0.086847,0.075612,0.10847576
q__bogz1fa343061105q_fed_gov_retirement_ts_tx__lag007,0.974922,0.026951,0.084299,0.1084605
d__totbkcr_totbkcr__lag072,0.667712,0.087155,0.075245,0.10843674
d__anfci_anfci__lag005,0.69279,0.018046,0.13846,0.10842578
d__totbkcr_totbkcr__lag089,0.664577,0.088855,0.074282,0.10841703
d__totbkcr_totbkcr__lag090,0.664577,0.08884,0.074296,0.10841599
q__gpdi_gpdi__lag006,0.974922,0.009541,0.101648,0.108401
d__totbkcr_totbkcr__lag073,0.667712,0.087189,0.075146,0.10839307
q__bogz1fa313161105q_tsy_net_tx__lag008,0.971787,0.009808,0.101642,0.10830523
d__vixcls_vixcls__lag055,0.454545,0.141601,0.096281,0.10812813
m__dpsfrim027sbog_row_deposits__lag009,0.661442,0.108327,0.054989,0.10802355
m__csushpinsa_cs_hpi__lag003,0.492163,0.044698,0.174725,0.10799213
d__totbkcr_totbkcr__lag042,0.667712,0.087998,0.073729,0.10798705
d__totbkcr_totbkcr__lag040,0.667712,0.087657,0.073946,0.10790402
d__totbkcr_totbkcr__lag041,0.667712,0.087748,0.073783,0.10785571
d__totbkcr_totbkcr__lag039,0.667712,0.087369,0.074107,0.10781937
d__anfci_anfci__lag090,0.689655,0.032898,0.123408,0.10779733
d__totbkcr_totbkcr__lag038,0.667712,0.087302,0.074083,0.10775879
d__totbkcr_totbkcr__lag036,0.667712,0.087235,0.074137,0.10774983
d__stlfsi4_stlfed_fin_stress_idx__lag014,0.404389,0.047207,0.219205,0.1077337
d__vixcls_vixcls__lag088,0.454545,0.179983,0.057023,0.1077302
m__iputil_iputil__lag012,1.0,0.070622,0.03709,0.10771255
m__w875rx1_real_dpi_xtx__lag005,0.840125,0.057763,0.070429,0.10769741
d__totbkcr_totbkcr__lag037,0.667712,0.086965,0.074245,0.10764198
d__anfci_anfci__lag064,0.69279,0.04003,0.115256,0.10758021
d__anfci_anfci__lag004,0.69279,0.017779,0.137456,0.10754538
q__gdpc1_real_gdp__lag001,0.990596,0.040989,0.067569,0.10753683
m__pce_pce__lag007,0.836991,0.010139,0.118259,0.1074678
d__totbkcr_totbkcr__lag029,0.667712,0.087699,0.073197,0.10743234
d__stlfsi4_stlfed_fin_stress_idx__lag013,0.404389,0.034543,0.231093,0.10742021
d__totbkcr_totbkcr__lag034,0.667712,0.087401,0.07347,0.10741515
d__totbkcr_totbkcr__lag033,0.667712,0.08721,0.073652,0.10740909
d__totbkcr_totbkcr__lag035,0.667712,0.087426,0.073426,0.10740272
d__totbkcr_totbkcr__lag032,0.667712,0.087135,0.073705,0.10739498
q__fpi_fpi__lag005,0.978056,0.007064,0.102731,0.10738564
q__fpi_invest_priv_fixed__lag005,0.978056,0.007064,0.102731,0.10738564
d__totbkcr_totbkcr__lag031,0.667712,0.087174,0.073584,0.10734016
d__anfci_anfci__lag063,0.69279,0.039956,0.114981,0.10733919
d__totbkcr_totbkcr__lag030,0.667712,0.087158,0.073547,0.10730488
m__pce_pce__lag010,0.833856,0.011714,0.116825,0.10718306
q__dividend_dividend__lag001,0.990596,0.02757,0.080568,0.10712154
d__usepuindxd_policy_uncertainty__lag013,0.517241,0.042154,0.164743,0.10701536
d__anfci_anfci__lag002,0.69279,0.01784,0.136628,0.1070136
m__rmfsl_mmf__lag004,0.664577,0.006527,0.154445,0.10697826
q__bogz1lm102010005q_nfcb_nfassets__lag002,1.0,0.024042,0.082804,0.10684532
d__anfci_anfci__lag003,0.69279,0.017017,0.137182,0.10682734
q__bogz1lm103061103q_nfcb_tsy__lag007,0.987461,0.015442,0.09248,0.10656874
m__srvprd_srvprd__lag011,1.0,0.009848,0.096683,0.10653154
d__totbkcr_totbkcr__lag026,0.667712,0.087405,0.072114,0.10651235
d__totbkcr_totbkcr__lag027,0.667712,0.08764,0.071863,0.10650191
d__totbkcr_totbkcr__lag024,0.667712,0.087784,0.071708,0.10649438
d__totbkcr_totbkcr__lag028,0.667712,0.087657,0.071831,0.10649197
d__totbkcr_totbkcr__lag022,0.667712,0.087753,0.071722,0.10648373
d__totbkcr_totbkcr__lag025,0.667712,0.087414,0.071985,0.10643226
d__relacbw027sbog_relacbw027sbog__lag081,0.667712,0.085221,0.074114,0.10638969
d__relacbw027sbog_re_loans__lag081,0.667712,0.085221,0.074114,0.10638969
d__relacbw027sbog_real_estate_loan__lag081,0.667712,0.085221,0.074114,0.10638969
d__totbkcr_totbkcr__lag023,0.667712,0.087381,0.071863,0.10632898
d__vixcls_vixcls__lag053,0.454545,0.142413,0.09135,0.1062563
d__relacbw027sbog_relacbw027sbog__lag084,0.667712,0.085729,0.073374,0.10623487
d__relacbw027sbog_re_loans__lag084,0.667712,0.085729,0.073374,0.10623487
d__relacbw027sbog_real_estate_loan__lag084,0.667712,0.085729,0.073374,0.10623487
d__relacbw027sbog_relacbw027sbog__lag082,0.667712,0.085478,0.073547,0.10618316
d__relacbw027sbog_re_loans__lag082,0.667712,0.085478,0.073547,0.10618316
d__relacbw027sbog_real_estate_loan__lag082,0.667712,0.085478,0.073547,0.10618316
d__relacbw027sbog_relacbw027sbog__lag083,0.667712,0.085531,0.073448,0.10615232
d__relacbw027sbog_re_loans__lag083,0.667712,0.085531,0.073448,0.10615232
d__relacbw027sbog_real_estate_loan__lag083,0.667712,0.085531,0.073448,0.10615232
d__relacbw027sbog_relacbw027sbog__lag085,0.667712,0.08553,0.073271,0.10603316
d__relacbw027sbog_re_loans__lag085,0.667712,0.08553,0.073271,0.10603316
d__relacbw027sbog_real_estate_loan__lag085,0.667712,0.08553,0.073271,0.10603316
d__anfci_anfci__lag062,0.69279,0.039886,0.113022,0.10593292
d__anfci_anfci__lag060,0.69279,0.035454,0.117428,0.10591508
d__relacbw027sbog_relacbw027sbog__lag087,0.667712,0.084914,0.073681,0.10589565
d__relacbw027sbog_re_loans__lag087,0.667712,0.084914,0.073681,0.10589565
d__relacbw027sbog_real_estate_loan__lag087,0.667712,0.084914,0.073681,0.10589565
d__relacbw027sbog_relacbw027sbog__lag088,0.667712,0.084918,0.073565,0.10582118
d__relacbw027sbog_re_loans__lag088,0.667712,0.084918,0.073565,0.10582118
d__relacbw027sbog_real_estate_loan__lag088,0.667712,0.084918,0.073565,0.10582118
d__relacbw027sbog_relacbw027sbog__lag086,0.667712,0.084814,0.073653,0.10581003
d__relacbw027sbog_re_loans__lag086,0.667712,0.084814,0.073653,0.10581003
d__relacbw027sbog_real_estate_loan__lag086,0.667712,0.084814,0.073653,0.10581003
d__totbkcr_totbkcr__lag021,0.667712,0.088091,0.070374,0.105809
d__totbkcr_totbkcr__lag018,0.667712,0.087622,0.070778,0.10576571
m__csushpinsa_cs_hpi__lag002,0.492163,0.041388,0.173486,0.10575279
d__totbkcr_totbkcr__lag019,0.667712,0.087582,0.070765,0.10573005
d__totbkcr_totbkcr__lag020,0.667712,0.087896,0.070433,0.10571823
d__relacbw027sbog_relacbw027sbog__lag080,0.667712,0.084338,0.073803,0.10559267
d__relacbw027sbog_re_loans__lag080,0.667712,0.084338,0.073803,0.10559267
d__relacbw027sbog_real_estate_loan__lag080,0.667712,0.084338,0.073803,0.10559267
d__totbkcr_totbkcr__lag016,0.667712,0.086984,0.07102,0.10550132
d__totbkcr_totbkcr__lag017,0.667712,0.08683,0.071094,0.10544761
q__gsave_gsave__lag006,0.974922,0.051398,0.056739,0.10542487
d__totbkcr_totbkcr__lag015,0.667712,0.086719,0.071147,0.10540884
d__anfci_anfci__lag059,0.69279,0.034842,0.117076,0.10524725
d__relacbw027sbog_relacbw027sbog__lag089,0.664577,0.08481,0.073473,0.10519107
d__relacbw027sbog_re_loans__lag089,0.664577,0.08481,0.073473,0.10519107
d__relacbw027sbog_real_estate_loan__lag089,0.664577,0.08481,0.073473,0.10519107
m__mtso133fms_fedgov_out__lag011,0.561129,0.121473,0.065947,0.10516664
d__relacbw027sbog_relacbw027sbog__lag090,0.664577,0.08507,0.073071,0.10509672
d__relacbw027sbog_re_loans__lag090,0.664577,0.08507,0.073071,0.10509672
d__relacbw027sbog_real_estate_loan__lag090,0.664577,0.08507,0.073071,0.10509672
d__totci_totci__lag088,0.667712,0.118273,0.038743,0.1048413
q__bogz1fr513061115q_pci_bills_reval__lag006,0.978056,0.040727,0.066465,0.10483914
d__stlfsi4_stlfed_fin_stress_idx__lag015,0.404389,0.042118,0.217073,0.10481402
d__totci_totci__lag087,0.667712,0.11782,0.038974,0.10469322
d__anfci_anfci__lag061,0.69279,0.035128,0.115957,0.10466999
q__bogz1fa105019005q_nfcb_gfi__lag004,0.984326,0.016064,0.090257,0.10465424
m__w875rx1_real_dpi_xtx__lag006,0.840125,0.054096,0.070428,0.10461602
m__amtmno_amtmno__lag011,0.420063,0.101668,0.147138,0.10451411
d__relacbw027sbog_relacbw027sbog__lag079,0.667712,0.083382,0.073052,0.1044525
d__relacbw027sbog_re_loans__lag079,0.667712,0.083382,0.073052,0.1044525
d__relacbw027sbog_real_estate_loan__lag079,0.667712,0.083382,0.073052,0.1044525
d__relacbw027sbog_relacbw027sbog__lag078,0.667712,0.08338,0.072984,0.10440577
d__relacbw027sbog_re_loans__lag078,0.667712,0.08338,0.072984,0.10440577
d__relacbw027sbog_real_estate_loan__lag078,0.667712,0.08338,0.072984,0.10440577
d__relacbw027sbog_relacbw027sbog__lag077,0.667712,0.083574,0.072757,0.10438392
d__relacbw027sbog_re_loans__lag077,0.667712,0.083574,0.072757,0.10438392
d__relacbw027sbog_real_estate_loan__lag077,0.667712,0.083574,0.072757,0.10438392
q__bogz1fl264035005q_row_loans_a__lag002,1.0,0.050697,0.053663,0.10436068
d__totci_totci__lag089,0.664577,0.118837,0.03816,0.10433625
q__bogz1fa553061103q_closed_end_funds_ts_tx__lag006,0.978056,0.05404,0.052605,0.10430547
d__totci_totci__lag090,0.664577,0.11902,0.037873,0.10426781
d__relacbw027sbog_relacbw027sbog__lag076,0.667712,0.082872,0.072837,0.10396898
d__relacbw027sbog_re_loans__lag076,0.667712,0.082872,0.072837,0.10396898
d__relacbw027sbog_real_estate_loan__lag076,0.667712,0.082872,0.072837,0.10396898
m__pcend_pcend__lag009,0.836991,0.000224,0.123985,0.10396243
m__csushpinsa_cs_hpi__lag001,0.492163,0.039362,0.171858,0.10395484
d__relacbw027sbog_relacbw027sbog__lag074,0.667712,0.082091,0.073299,0.10375595
d__relacbw027sbog_re_loans__lag074,0.667712,0.082091,0.073299,0.10375595
d__relacbw027sbog_real_estate_loan__lag074,0.667712,0.082091,0.073299,0.10375595
d__relacbw027sbog_relacbw027sbog__lag075,0.667712,0.082438,0.072909,0.10372652
d__relacbw027sbog_re_loans__lag075,0.667712,0.082438,0.072909,0.10372652
d__relacbw027sbog_real_estate_loan__lag075,0.667712,0.082438,0.072909,0.10372652
d__relacbw027sbog_relacbw027sbog__lag073,0.667712,0.081326,0.073974,0.10369583
d__relacbw027sbog_re_loans__lag073,0.667712,0.081326,0.073974,0.10369583
d__relacbw027sbog_real_estate_loan__lag073,0.667712,0.081326,0.073974,0.10369583
d__relacbw027sbog_relacbw027sbog__lag072,0.667712,0.080929,0.074014,0.10345777
d__relacbw027sbog_re_loans__lag072,0.667712,0.080929,0.074014,0.10345777
d__relacbw027sbog_real_estate_loan__lag072,0.667712,0.080929,0.074014,0.10345777
d__totci_totci__lag086,0.667712,0.116707,0.038208,0.10343873
m__neworder_neworder__lag001,0.429467,0.059219,0.181192,0.10324873
d__anfci_anfci__lag058,0.69279,0.03447,0.114517,0.10321649
d__totci_totci__lag085,0.667712,0.115906,0.038484,0.10308784
m__w875rx1_real_dpi_xtx__lag004,0.840125,0.05895,0.063638,0.10298937
d__relacbw027sbog_relacbw027sbog__lag071,0.667712,0.079962,0.074205,0.10293894
d__relacbw027sbog_re_loans__lag071,0.667712,0.079962,0.074205,0.10293894
d__relacbw027sbog_real_estate_loan__lag071,0.667712,0.079962,0.074205,0.10293894
d__relacbw027sbog_relacbw027sbog__lag070,0.667712,0.080139,0.073488,0.10257884
d__relacbw027sbog_re_loans__lag070,0.667712,0.080139,0.073488,0.10257884
d__relacbw027sbog_real_estate_loan__lag070,0.667712,0.080139,0.073488,0.10257884
d__relacbw027sbog_relacbw027sbog__lag053,0.667712,0.078777,0.074713,0.10248735
d__relacbw027sbog_re_loans__lag053,0.667712,0.078777,0.074713,0.10248735
d__relacbw027sbog_real_estate_loan__lag053,0.667712,0.078777,0.074713,0.10248735
m__w875rx1_real_dpi_xtx__lag002,0.84326,0.068516,0.052999,0.10246912
d__relacbw027sbog_relacbw027sbog__lag069,0.667712,0.079807,0.073588,0.10242351
d__relacbw027sbog_re_loans__lag069,0.667712,0.079807,0.073588,0.10242351
d__relacbw027sbog_real_estate_loan__lag069,0.667712,0.079807,0.073588,0.10242351
d__relacbw027sbog_relacbw027sbog__lag046,0.667712,0.077902,0.075316,0.10230544
d__relacbw027sbog_re_loans__lag046,0.667712,0.077902,0.075316,0.10230544
d__relacbw027sbog_real_estate_loan__lag046,0.667712,0.077902,0.075316,0.10230544
d__relacbw027sbog_relacbw027sbog__lag068,0.667712,0.079542,0.073629,0.10227429
d__relacbw027sbog_re_loans__lag068,0.667712,0.079542,0.073629,0.10227429
d__relacbw027sbog_real_estate_loan__lag068,0.667712,0.079542,0.073629,0.10227429
d__relacbw027sbog_relacbw027sbog__lag054,0.667712,0.078646,0.074524,0.10227322
d__relacbw027sbog_re_loans__lag054,0.667712,0.078646,0.074524,0.10227322
d__relacbw027sbog_real_estate_loan__lag054,0.667712,0.078646,0.074524,0.10227322
d__relacbw027sbog_relacbw027sbog__lag055,0.667712,0.078634,0.074508,0.10225493
d__relacbw027sbog_re_loans__lag055,0.667712,0.078634,0.074508,0.10225493
d__relacbw027sbog_real_estate_loan__lag055,0.667712,0.078634,0.074508,0.10225493
d__totci_totci__lag084,0.667712,0.115677,0.037457,0.10224944
d__relacbw027sbog_relacbw027sbog__lag067,0.667712,0.079146,0.073817,0.10213477
d__relacbw027sbog_re_loans__lag067,0.667712,0.079146,0.073817,0.10213477
d__relacbw027sbog_real_estate_loan__lag067,0.667712,0.079146,0.073817,0.10213477
d__relacbw027sbog_relacbw027sbog__lag058,0.667712,0.078321,0.074614,0.10211642
d__relacbw027sbog_re_loans__lag058,0.667712,0.078321,0.074614,0.10211642
d__relacbw027sbog_real_estate_loan__lag058,0.667712,0.078321,0.074614,0.10211642
m__neworder_neworder__lag005,0.426332,0.092291,0.147217,0.1021098
d__relacbw027sbog_relacbw027sbog__lag057,0.667712,0.078186,0.074722,0.10209829
d__relacbw027sbog_re_loans__lag057,0.667712,0.078186,0.074722,0.10209829
d__relacbw027sbog_real_estate_loan__lag057,0.667712,0.078186,0.074722,0.10209829
d__relacbw027sbog_relacbw027sbog__lag049,0.667712,0.078393,0.074485,0.10207843
d__relacbw027sbog_re_loans__lag049,0.667712,0.078393,0.074485,0.10207843
d__relacbw027sbog_real_estate_loan__lag049,0.667712,0.078393,0.074485,0.10207843
d__totbkcr_totbkcr__lag014,0.667712,0.08653,0.066334,0.10206879
d__relacbw027sbog_relacbw027sbog__lag048,0.667712,0.078257,0.0746,0.10206468
d__relacbw027sbog_re_loans__lag048,0.667712,0.078257,0.0746,0.10206468
d__relacbw027sbog_real_estate_loan__lag048,0.667712,0.078257,0.0746,0.10206468
m__dpsfrim027sbog_row_deposits__lag008,0.661442,0.101469,0.052823,0.10205521
d__relacbw027sbog_relacbw027sbog__lag047,0.667712,0.078082,0.074754,0.1020504
d__relacbw027sbog_re_loans__lag047,0.667712,0.078082,0.074754,0.1020504
d__relacbw027sbog_real_estate_loan__lag047,0.667712,0.078082,0.074754,0.1020504
d__relacbw027sbog_relacbw027sbog__lag066,0.667712,0.078791,0.07403,0.10204036
d__relacbw027sbog_re_loans__lag066,0.667712,0.078791,0.07403,0.10204036
d__relacbw027sbog_real_estate_loan__lag066,0.667712,0.078791,0.07403,0.10204036
d__relacbw027sbog_relacbw027sbog__lag045,0.667712,0.077355,0.075449,0.1020291
d__relacbw027sbog_re_loans__lag045,0.667712,0.077355,0.075449,0.1020291
d__relacbw027sbog_real_estate_loan__lag045,0.667712,0.077355,0.075449,0.1020291
d__totbkcr_totbkcr__lag012,0.667712,0.086165,0.066611,0.10201036
d__relacbw027sbog_relacbw027sbog__lag059,0.667712,0.07816,0.074614,0.10200919
d__relacbw027sbog_re_loans__lag059,0.667712,0.07816,0.074614,0.10200919
d__relacbw027sbog_real_estate_loan__lag059,0.667712,0.07816,0.074614,0.10200919
d__relacbw027sbog_relacbw027sbog__lag050,0.667712,0.078548,0.074156,0.10196224
d__relacbw027sbog_re_loans__lag050,0.667712,0.078548,0.074156,0.10196224
d__relacbw027sbog_real_estate_loan__lag050,0.667712,0.078548,0.074156,0.10196224
d__relacbw027sbog_relacbw027sbog__lag056,0.667712,0.078279,0.0744,0.10194565
d__relacbw027sbog_re_loans__lag056,0.667712,0.078279,0.0744,0.10194565
d__relacbw027sbog_real_estate_loan__lag056,0.667712,0.078279,0.0744,0.10194565
d__relacbw027sbog_relacbw027sbog__lag060,0.667712,0.078318,0.074334,0.10192751
d__relacbw027sbog_re_loans__lag060,0.667712,0.078318,0.074334,0.10192751
d__relacbw027sbog_real_estate_loan__lag060,0.667712,0.078318,0.074334,0.10192751
d__totbkcr_totbkcr__lag013,0.667712,0.086367,0.066267,0.10191557
d__totbkcr_totbkcr__lag011,0.667712,0.085756,0.066823,0.10187889
d__relacbw027sbog_relacbw027sbog__lag052,0.667712,0.077929,0.074649,0.10187828
d__relacbw027sbog_re_loans__lag052,0.667712,0.077929,0.074649,0.10187828
d__relacbw027sbog_real_estate_loan__lag052,0.667712,0.077929,0.074649,0.10187828
d__totbkcr_totbkcr__lag010,0.667712,0.086108,0.066423,0.1018471
d__totci_totci__lag081,0.667712,0.115113,0.037379,0.10182013
d__totbkcr_totbkcr__lag008,0.667712,0.085912,0.066528,0.10178564
q__drtscilm_loan_tight__lag007,0.429467,0.107057,0.129931,0.10177861
q__bogz1fl073164013q_dj_index__lag002,0.689655,0.027542,0.120011,0.10176099
d__totbkcr_totbkcr__lag009,0.667712,0.085717,0.066595,0.10170032
m__neworder_neworder__lag004,0.426332,0.075422,0.163106,0.10169232
q__bogz1fa105019005q_nfcb_gfi__lag003,0.987461,0.003178,0.099775,0.10166181
d__totci_totci__lag083,0.667712,0.115196,0.037005,0.1016269
d__relacbw027sbog_relacbw027sbog__lag063,0.667712,0.078717,0.073479,0.10162308
d__relacbw027sbog_re_loans__lag063,0.667712,0.078717,0.073479,0.10162308
d__relacbw027sbog_real_estate_loan__lag063,0.667712,0.078717,0.073479,0.10162308
d__totci_totci__lag080,0.667712,0.115056,0.03713,0.10161636
d__totci_totci__lag082,0.667712,0.115013,0.037146,0.10159811
d__relacbw027sbog_relacbw027sbog__lag062,0.667712,0.078635,0.073472,0.10156342
d__relacbw027sbog_re_loans__lag062,0.667712,0.078635,0.073472,0.10156342
d__relacbw027sbog_real_estate_loan__lag062,0.667712,0.078635,0.073472,0.10156342
d__relacbw027sbog_relacbw027sbog__lag051,0.667712,0.077893,0.074196,0.10155128
d__relacbw027sbog_re_loans__lag051,0.667712,0.077893,0.074196,0.10155128
d__relacbw027sbog_real_estate_loan__lag051,0.667712,0.077893,0.074196,0.10155128
d__relacbw027sbog_relacbw027sbog__lag061,0.667712,0.078613,0.07345,0.10153421
d__relacbw027sbog_re_loans__lag061,0.667712,0.078613,0.07345,0.10153421
d__relacbw027sbog_real_estate_loan__lag061,0.667712,0.078613,0.07345,0.10153421
d__anfci_anfci__lag057,0.69279,0.033486,0.112933,0.10143774
d__vixcls_vixcls__lag051,0.454545,0.137629,0.085245,0.10130668
d__totci_totci__lag077,0.667712,0.11404,0.037564,0.10122815
q__expgs_exports__lag001,0.990596,0.016775,0.085363,0.10117759
m__pce_pce__lag008,0.836991,0.001371,0.119506,0.10117358
d__relacbw027sbog_relacbw027sbog__lag065,0.667712,0.078134,0.073347,0.10114598
d__relacbw027sbog_re_loans__lag065,0.667712,0.078134,0.073347,0.10114598
d__relacbw027sbog_real_estate_loan__lag065,0.667712,0.078134,0.073347,0.10114598
q__bogz1fa343061165q_fed_gov_db_retirement_ts_tx__lag007,0.974922,0.009198,0.094496,0.1010934
d__relacbw027sbog_relacbw027sbog__lag064,0.667712,0.078056,0.073338,0.10108766
d__relacbw027sbog_re_loans__lag064,0.667712,0.078056,0.073338,0.10108766
d__relacbw027sbog_real_estate_loan__lag064,0.667712,0.078056,0.073338,0.10108766
d__totci_totci__lag079,0.667712,0.11414,0.037226,0.10106836
q__tnwmvbsnncb_nfcb_nw__lag001,1.0,0.002838,0.098226,0.1010643
d__relacbw027sbog_relacbw027sbog__lag044,0.667712,0.075961,0.075183,0.10092019
d__relacbw027sbog_re_loans__lag044,0.667712,0.075961,0.075183,0.10092019
d__relacbw027sbog_real_estate_loan__lag044,0.667712,0.075961,0.075183,0.10092019
d__totci_totci__lag078,0.667712,0.113113,0.037885,0.1008232
d__totci_totci__lag073,0.667712,0.113674,0.037317,0.10081813
d__totci_totci__lag067,0.667712,0.113804,0.037165,0.10080406
d__totci_totci__lag074,0.667712,0.113774,0.037176,0.10079131
m__w875rx1_real_dpi_xtx__lag007,0.836991,0.05973,0.06067,0.10077394
d__clsacbw027sbog_cons_loans__lag088,0.667712,0.081371,0.06952,0.10075173
d__totci_totci__lag075,0.667712,0.113827,0.037009,0.10071503
d__totci_totci__lag066,0.667712,0.113546,0.03728,0.10070835
d__clsacbw027sbog_cons_loans__lag087,0.667712,0.080967,0.06975,0.10063539
d__totci_totci__lag069,0.667712,0.113864,0.036842,0.10062812
d__totci_totci__lag068,0.667712,0.113852,0.036845,0.10062235
d__totci_totci__lag076,0.667712,0.113579,0.037104,0.10061292
d__clsacbw027sbog_cons_loans__lag085,0.667712,0.080513,0.070126,0.1005832
d__totci_totci__lag072,0.667712,0.113386,0.037166,0.10052548
d__totci_totci__lag070,0.667712,0.113614,0.036866,0.10047739
d__clsacbw027sbog_cons_loans__lag086,0.667712,0.080183,0.070211,0.1004201
d__clsacbw027sbog_cons_loans__lag090,0.664577,0.081768,0.069277,0.10038107
d__clsacbw027sbog_cons_loans__lag089,0.664577,0.081525,0.069512,0.10037605
d__totci_totci__lag062,0.667712,0.112845,0.037462,0.10036111
d__relacbw027sbog_relacbw027sbog__lag043,0.667712,0.07494,0.075339,0.10034343
d__relacbw027sbog_re_loans__lag043,0.667712,0.07494,0.075339,0.10034343
d__relacbw027sbog_real_estate_loan__lag043,0.667712,0.07494,0.075339,0.10034343
d__totll_totll__lag087,0.667712,0.082648,0.067604,0.100325
d__usepuindxd_policy_uncertainty__lag073,0.517241,0.104819,0.089131,0.10031904
d__totll_totll__lag088,0.667712,0.082841,0.06737,0.10029722
d__totci_totci__lag061,0.667712,0.112698,0.037449,0.10025529
d__totci_totci__lag060,0.667712,0.112502,0.037596,0.1002224
d__anfci_anfci__lag056,0.69279,0.032906,0.111733,0.10020488
d__anfci_anfci__lag053,0.69279,0.028281,0.116347,0.1001967
d__totci_totci__lag071,0.667712,0.11263,0.037375,0.10015981
d__clsacbw027sbog_cons_loans__lag084,0.667712,0.080583,0.069411,0.10015274
q__b092rc1q027sbea_gov_int_priv__lag006,0.811912,0.03484,0.088506,0.10014561
d__totci_totci__lag059,0.667712,0.112506,0.037335,0.10005057
d__totll_totll__lag086,0.667712,0.081917,0.067895,0.10003084
d__clsacbw027sbog_cons_loans__lag082,0.667712,0.080293,0.069508,0.10002381
d__clsacbw027sbog_cons_loans__lag078,0.667712,0.079709,0.070078,0.10001422
d__totci_totci__lag063,0.667712,0.112655,0.037114,0.10000259
d__clsacbw027sbog_cons_loans__lag083,0.667712,0.080387,0.069365,0.09999094
d__clsacbw027sbog_cons_loans__lag079,0.667712,0.080049,0.069661,0.09996304
d__clsacbw027sbog_cons_loans__lag081,0.667712,0.080197,0.069501,0.09995486
d__totll_totll__lag085,0.667712,0.081692,0.067961,0.09992494
d__clsacbw027sbog_cons_loans__lag080,0.667712,0.080055,0.069589,0.09991927
d__totll_totll__lag089,0.664577,0.08298,0.067206,0.09981013
d__totll_totll__lag090,0.664577,0.083117,0.067068,0.09980926
m__ttlcons_ttlcons__lag011,0.407524,0.064153,0.180704,0.09978487
d__usepuindxd_policy_uncertainty__lag049,0.517241,0.091182,0.101707,0.0997699
q__rowstaq027s_row_stloan_a__lag001,1.0,0.013755,0.086013,0.09976844
m__ipmine_ipmine__lag004,1.0,0.019273,0.080446,0.0997192
d__totll_totll__lag084,0.667712,0.081594,0.067642,0.09964659
d__totci_totci__lag065,0.667712,0.112335,0.036852,0.09961368
d__relacbw027sbog_relacbw027sbog__lag042,0.667712,0.075128,0.073953,0.0995428
d__relacbw027sbog_re_loans__lag042,0.667712,0.075128,0.073953,0.0995428
d__relacbw027sbog_real_estate_loan__lag042,0.667712,0.075128,0.073953,0.0995428
d__totll_totll__lag082,0.667712,0.081073,0.067933,0.09949281
d__totll_totll__lag081,0.667712,0.080928,0.068063,0.0994833
m__w875rx1_real_dpi_xtx__lag003,0.84326,0.064055,0.05391,0.0994747
m__dpsfrim027sbog_row_deposits__lag007,0.661442,0.107033,0.043345,0.09946657
d__totll_totll__lag083,0.667712,0.081251,0.067693,0.09945189
m__neworder_neworder__lag008,0.423197,0.117264,0.117727,0.09944739
d__usepuindxd_policy_uncertainty__lag076,0.517241,0.061004,0.131223,0.09942793
d__totll_totll__lag080,0.667712,0.080617,0.068179,0.09935289
d__clsacbw027sbog_cons_loans__lag077,0.667712,0.079908,0.068839,0.09932029
d__totll_totll__lag077,0.667712,0.080331,0.068354,0.09927896
d__totci_totci__lag064,0.667712,0.111864,0.036775,0.09924813
d__totll_totll__lag078,0.667712,0.079856,0.068778,0.09924466
d__relacbw027sbog_relacbw027sbog__lag041,0.667712,0.074718,0.073812,0.0991746
d__relacbw027sbog_re_loans__lag041,0.667712,0.074718,0.073812,0.0991746
d__relacbw027sbog_real_estate_loan__lag041,0.667712,0.074718,0.073812,0.0991746
d__anfci_anfci__lag055,0.69279,0.033707,0.109435,0.09916767
d__anfci_anfci__lag054,0.69279,0.02908,0.114028,0.09914404
d__anfci_anfci__lag052,0.69279,0.027202,0.115905,0.09914331
d__totll_totll__lag079,0.667712,0.080052,0.068341,0.09908384
d__clsacbw027sbog_cons_loans__lag076,0.667712,0.079596,0.068663,0.0989943
d__relacbw027sbog_relacbw027sbog__lag040,0.667712,0.074346,0.073879,0.09897144
d__relacbw027sbog_re_loans__lag040,0.667712,0.074346,0.073879,0.09897144
d__relacbw027sbog_real_estate_loan__lag040,0.667712,0.074346,0.073879,0.09897144
d__totll_totll__lag075,0.667712,0.079533,0.068639,0.09893668
m__ipmine_ipmine__lag009,1.0,0.009479,0.089454,0.09893296
d__clsacbw027sbog_cons_loans__lag075,0.667712,0.079239,0.068926,0.09893165
d__totll_totll__lag076,0.667712,0.079682,0.068451,0.09890975
d__totll_totll__lag074,0.667712,0.079311,0.068812,0.09890334
d__totll_totll__lag073,0.667712,0.078849,0.069268,0.09889952
d__clsacbw027sbog_cons_loans__lag074,0.667712,0.078985,0.069118,0.09888986
m__ttlcons_ttlcons__lag008,0.410658,0.064043,0.176754,0.09888551
d__clsacbw027sbog_cons_loans__lag071,0.667712,0.078447,0.069627,0.09887067
d__totll_totll__lag072,0.667712,0.078601,0.069464,0.09886486
q__pnfi_priv_nonres_fi__lag002,0.987461,0.005979,0.094097,0.09882151
d__clsacbw027sbog_cons_loans__lag072,0.667712,0.07821,0.069691,0.09875566
q__rrvrusq156n_rental_vacancy__lag008,0.855799,0.011658,0.103738,0.09875558
d__clsacbw027sbog_cons_loans__lag073,0.667712,0.07822,0.069628,0.09872008
m__ttlcons_ttlcons__lag010,0.407524,0.062677,0.179548,0.09871214
d__relacbw027sbog_relacbw027sbog__lag039,0.667712,0.073614,0.07419,0.09869057
d__relacbw027sbog_re_loans__lag039,0.667712,0.073614,0.07419,0.09869057
d__relacbw027sbog_real_estate_loan__lag039,0.667712,0.073614,0.07419,0.09869057
d__totci_totci__lag049,0.667712,0.110171,0.037502,0.09860325
d__totll_totll__lag071,0.667712,0.078075,0.069516,0.09854849
d__totll_totll__lag070,0.667712,0.078284,0.069231,0.09849734
d__totll_totll__lag068,0.667712,0.077823,0.069686,0.0984933
q__bogz1fl073164013q_dj_index__lag008,0.670846,0.016904,0.129901,0.09848368
d__totll_totll__lag069,0.667712,0.078022,0.069417,0.0984468
d__relacbw027sbog_relacbw027sbog__lag038,0.667712,0.072995,0.074423,0.09843278
d__relacbw027sbog_re_loans__lag038,0.667712,0.072995,0.074423,0.09843278
d__relacbw027sbog_real_estate_loan__lag038,0.667712,0.072995,0.074423,0.09843278
d__totll_totll__lag067,0.667712,0.077599,0.069776,0.09840446
d__totll_totll__lag063,0.667712,0.077128,0.07024,0.09839948
q__bogz1fl073164013q_dj_index__lag007,0.673981,0.009486,0.136509,0.09839805
q__bogz1fa553061103q_closed_end_funds_ts_tx__lag002,0.990596,0.039387,0.059896,0.09834937
d__totll_totll__lag066,0.667712,0.077179,0.070101,0.09834051
d__totll_totll__lag062,0.667712,0.077077,0.070145,0.09830201
d__clsacbw027sbog_cons_loans__lag064,0.667712,0.077819,0.069402,0.09830101
d__totci_totci__lag055,0.667712,0.11079,0.036422,0.09829556
d__totci_totci__lag045,0.667712,0.109493,0.037702,0.09828348
d__totbkcr_totbkcr__lag002,0.667712,0.086749,0.060443,0.09828178
d__clsacbw027sbog_cons_loans__lag070,0.667712,0.078207,0.068985,0.09828167
d__clsacbw027sbog_cons_loans__lag068,0.667712,0.078018,0.069147,0.09826413
d__totll_totll__lag049,0.667712,0.076554,0.070608,0.09826213
d__clsacbw027sbog_cons_loans__lag069,0.667712,0.078082,0.069078,0.09826086
d__totll_totll__lag060,0.667712,0.076718,0.070408,0.09823792
d__totll_totll__lag047,0.667712,0.076125,0.071001,0.09823754
d__totci_totci__lag050,0.667712,0.110323,0.036803,0.09823751
d__totci_totci__lag048,0.667712,0.109758,0.037366,0.09823655
d__totci_totci__lag046,0.667712,0.10943,0.037691,0.09823501
d__totll_totll__lag046,0.667712,0.07594,0.071177,0.09823131
d__clsacbw027sbog_cons_loans__lag067,0.667712,0.077965,0.069142,0.09822541
d__totll_totll__lag045,0.667712,0.075693,0.071413,0.09822442
d__totbkcr_totbkcr__lag001,0.667712,0.086649,0.060456,0.09822386
d__totll_totll__lag048,0.667712,0.076335,0.070768,0.0982225
d__totll_totll__lag059,0.667712,0.076586,0.07051,0.09821744
d__totbkcr_totbkcr__lag003,0.667712,0.086468,0.060625,0.0982158
d__totci_totci__lag054,0.667712,0.110698,0.036361,0.09819275
d__totci_totci__lag047,0.667712,0.10963,0.037422,0.09818834
d__totbkcr_totbkcr__lag006,0.667712,0.086113,0.060937,0.09818746
d__totbkcr_totbkcr__lag004,0.667712,0.085829,0.061215,0.09818274
d__totci_totci__lag056,0.667712,0.110532,0.036484,0.09816401
d__totll_totll__lag061,0.667712,0.076907,0.070106,0.09816216
d__totll_totll__lag050,0.667712,0.076669,0.070314,0.09814224
d__totbkcr_totbkcr__lag005,0.667712,0.085892,0.061091,0.09814197
d__totci_totci__lag052,0.667712,0.110657,0.036289,0.09811764
d__totbkcr_totbkcr__lag007,0.667712,0.086128,0.060802,0.09810667
d__totll_totll__lag064,0.667712,0.076691,0.070236,0.09810505
d__totci_totci__lag053,0.667712,0.110613,0.036307,0.09810026
d__totll_totll__lag058,0.667712,0.076239,0.07068,0.0980994
d__clsacbw027sbog_cons_loans__lag066,0.667712,0.077459,0.069369,0.09803889
d__totll_totll__lag057,0.667712,0.076333,0.070476,0.09802605
d__clsacbw027sbog_cons_loans__lag057,0.667712,0.078405,0.068388,0.09801585
d__totll_totll__lag065,0.667712,0.076552,0.070239,0.09801413
d__clsacbw027sbog_cons_loans__lag065,0.667712,0.077314,0.069453,0.09799831
d__totci_totci__lag058,0.667712,0.110091,0.036663,0.09798959
d__totci_totci__lag051,0.667712,0.10999,0.036735,0.09797002
m__ttlcons_ttlcons__lag012,0.407524,0.062565,0.177789,0.0979502
d__totll_totll__lag051,0.667712,0.076273,0.070361,0.09790885
d__totll_totll__lag055,0.667712,0.076593,0.069973,0.09786405
d__totll_totll__lag053,0.667712,0.076571,0.069993,0.09786293
d__totll_totll__lag054,0.667712,0.076553,0.069973,0.09783728
d__totci_totci__lag057,0.667712,0.110148,0.036353,0.09782055
d__totll_totll__lag056,0.667712,0.076389,0.070101,0.09781314
d__totll_totll__lag052,0.667712,0.076189,0.07024,0.09777211
m__mtsr133fms_fedgov_rcpt__lag006,0.567398,0.007417,0.164885,0.09776367
d__clsacbw027sbog_cons_loans__lag050,0.667712,0.07793,0.068462,0.09774739
d__totll_totll__lag044,0.667712,0.074666,0.071719,0.09774236
d__clsacbw027sbog_cons_loans__lag058,0.667712,0.07793,0.068371,0.09768696
d__clsacbw027sbog_cons_loans__lag056,0.667712,0.078043,0.068227,0.09766642
d__clsacbw027sbog_cons_loans__lag059,0.667712,0.077781,0.068478,0.09765853
d__clsacbw027sbog_cons_loans__lag060,0.667712,0.077656,0.068579,0.0976428
d__clsacbw027sbog_cons_loans__lag043,0.667712,0.077256,0.068971,0.09763735
d__clsacbw027sbog_cons_loans__lag063,0.667712,0.077635,0.068503,0.09757831
d__clsacbw027sbog_cons_loans__lag062,0.667712,0.077722,0.068415,0.09757718
d__totll_totll__lag043,0.667712,0.074459,0.071653,0.09756018
d__totci_totci__lag044,0.667712,0.107859,0.038231,0.09754601
d__relacbw027sbog_relacbw027sbog__lag037,0.667712,0.072123,0.073963,0.09754331
d__relacbw027sbog_re_loans__lag037,0.667712,0.072123,0.073963,0.09754331
d__relacbw027sbog_real_estate_loan__lag037,0.667712,0.072123,0.073963,0.09754331
q__expgs_exports__lag004,0.981191,0.018426,0.080934,0.09749124
d__relacbw027sbog_relacbw027sbog__lag036,0.667712,0.071924,0.07407,0.09748221
d__relacbw027sbog_re_loans__lag036,0.667712,0.071924,0.07407,0.09748221
d__relacbw027sbog_real_estate_loan__lag036,0.667712,0.071924,0.07407,0.09748221
d__clsacbw027sbog_cons_loans__lag061,0.667712,0.077551,0.068436,0.09747721
d__clsacbw027sbog_cons_loans__lag055,0.667712,0.077699,0.068239,0.09744444
d__clsacbw027sbog_cons_loans__lag053,0.667712,0.077366,0.068571,0.09744381
d__clsacbw027sbog_cons_loans__lag054,0.667712,0.077472,0.068461,0.09744109
m__neworder_neworder__lag007,0.423197,0.103025,0.127185,0.09742454
d__clsacbw027sbog_cons_loans__lag049,0.667712,0.077708,0.068186,0.09741454
d__clsacbw027sbog_cons_loans__lag048,0.667712,0.077621,0.068235,0.09738925
d__clsacbw027sbog_cons_loans__lag047,0.667712,0.077499,0.068319,0.09736465
d__anfci_anfci__lag051,0.69279,0.026741,0.113762,0.0973389
d__clsacbw027sbog_cons_loans__lag052,0.667712,0.077161,0.068606,0.09733064
m__w875rx1_real_dpi_xtx__lag008,0.836991,0.055746,0.060533,0.09732436
d__clsacbw027sbog_cons_loans__lag046,0.667712,0.077288,0.068468,0.09732314
d__clsacbw027sbog_cons_loans__lag051,0.667712,0.077098,0.068617,0.09729575
m__ttlcons_ttlcons__lag009,0.410658,0.062829,0.174045,0.09727465
d__clsacbw027sbog_cons_loans__lag036,0.667712,0.076885,0.068795,0.09727197
d__relacbw027sbog_relacbw027sbog__lag032,0.667712,0.07174,0.073921,0.09725978
d__relacbw027sbog_re_loans__lag032,0.667712,0.07174,0.073921,0.09725978
d__relacbw027sbog_real_estate_loan__lag032,0.667712,0.07174,0.073921,0.09725978
d__clsacbw027sbog_cons_loans__lag042,0.667712,0.077296,0.068361,0.09725649
d__clsacbw027sbog_cons_loans__lag040,0.667712,0.076947,0.068668,0.09722896
d__clsacbw027sbog_cons_loans__lag039,0.667712,0.076952,0.068652,0.09722109
d__relacbw027sbog_relacbw027sbog__lag034,0.667712,0.071983,0.073613,0.09721647
d__relacbw027sbog_re_loans__lag034,0.667712,0.071983,0.073613,0.09721647
d__relacbw027sbog_real_estate_loan__lag034,0.667712,0.071983,0.073613,0.09721647
d__clsacbw027sbog_cons_loans__lag041,0.667712,0.077089,0.068502,0.09721242
m__w875rx1_real_dpi_xtx__lag011,0.833856,0.071507,0.045062,0.09720196
d__clsacbw027sbog_cons_loans__lag038,0.667712,0.076733,0.068831,0.09719504
d__clsacbw027sbog_cons_loans__lag045,0.667712,0.07678,0.068779,0.09719137
d__totci_totci__lag043,0.667712,0.107373,0.038165,0.09717764
d__relacbw027sbog_relacbw027sbog__lag035,0.667712,0.071985,0.07354,0.097169
d__relacbw027sbog_re_loans__lag035,0.667712,0.071985,0.07354,0.097169
d__relacbw027sbog_real_estate_loan__lag035,0.667712,0.071985,0.07354,0.097169
d__relacbw027sbog_relacbw027sbog__lag031,0.667712,0.071385,0.074121,0.09715571
d__relacbw027sbog_re_loans__lag031,0.667712,0.071385,0.074121,0.09715571
d__relacbw027sbog_real_estate_loan__lag031,0.667712,0.071385,0.074121,0.09715571
d__clsacbw027sbog_cons_loans__lag037,0.667712,0.076513,0.068967,0.09713855
d__relacbw027sbog_relacbw027sbog__lag033,0.667712,0.071744,0.073687,0.09710595
d__relacbw027sbog_re_loans__lag033,0.667712,0.071744,0.073687,0.09710595
d__relacbw027sbog_real_estate_loan__lag033,0.667712,0.071744,0.073687,0.09710595
m__ttlcons_ttlcons__lag005,0.413793,0.063431,0.171115,0.09705317
d__clsacbw027sbog_cons_loans__lag044,0.667712,0.076373,0.068937,0.09702504
d__clsacbw027sbog_cons_loans__lag032,0.667712,0.075967,0.069217,0.09694158
d__clsacbw027sbog_cons_loans__lag034,0.667712,0.076462,0.068589,0.09685233
d__clsacbw027sbog_cons_loans__lag035,0.667712,0.076381,0.068649,0.0968381
d__clsacbw027sbog_cons_loans__lag033,0.667712,0.076008,0.069005,0.09682671
d__totll_totll__lag042,0.667712,0.074246,0.070698,0.09678073
d__clsacbw027sbog_cons_loans__lag031,0.667712,0.075458,0.069446,0.0967541
d__relacbw027sbog_relacbw027sbog__lag024,0.667712,0.070993,0.073863,0.0967224
d__relacbw027sbog_re_loans__lag024,0.667712,0.070993,0.073863,0.0967224
d__relacbw027sbog_real_estate_loan__lag024,0.667712,0.070993,0.073863,0.0967224
d__relacbw027sbog_relacbw027sbog__lag025,0.667712,0.070489,0.074242,0.09663839
d__relacbw027sbog_re_loans__lag025,0.667712,0.070489,0.074242,0.09663839
d__relacbw027sbog_real_estate_loan__lag025,0.667712,0.070489,0.074242,0.09663839
d__totll_totll__lag040,0.667712,0.073645,0.071071,0.09662853
d__totll_totll__lag041,0.667712,0.073833,0.070815,0.09658283
d__relacbw027sbog_relacbw027sbog__lag022,0.667712,0.071227,0.073385,0.09655911
d__relacbw027sbog_re_loans__lag022,0.667712,0.071227,0.073385,0.09655911
d__relacbw027sbog_real_estate_loan__lag022,0.667712,0.071227,0.073385,0.09655911
q__bogz1fa263061130q_row_gov_tsy_tx__lag004,0.984326,0.051743,0.046335,0.09654118
d__clsacbw027sbog_cons_loans__lag030,0.667712,0.074965,0.069605,0.09653081
d__relacbw027sbog_relacbw027sbog__lag018,0.667712,0.072094,0.072414,0.09648964
d__relacbw027sbog_re_loans__lag018,0.667712,0.072094,0.072414,0.09648964
d__relacbw027sbog_real_estate_loan__lag018,0.667712,0.072094,0.072414,0.09648964
d__totll_totll__lag039,0.667712,0.07333,0.071147,0.09646914
d__clsacbw027sbog_cons_loans__lag029,0.667712,0.075075,0.069376,0.09645157
d__relacbw027sbog_relacbw027sbog__lag030,0.667712,0.070814,0.073614,0.0964361
d__relacbw027sbog_re_loans__lag030,0.667712,0.070814,0.073614,0.0964361
d__relacbw027sbog_real_estate_loan__lag030,0.667712,0.070814,0.073614,0.0964361
d__totll_totll__lag038,0.667712,0.073137,0.071288,0.09643419
d__clsacbw027sbog_cons_loans__lag007,0.667712,0.074784,0.069455,0.09630996
d__clsacbw027sbog_cons_loans__lag004,0.667712,0.074823,0.069404,0.09630193
d__clsacbw027sbog_cons_loans__lag003,0.667712,0.07455,0.069662,0.09629214
d__clsacbw027sbog_cons_loans__lag005,0.667712,0.074833,0.06933,0.09625893
d__clsacbw027sbog_cons_loans__lag006,0.667712,0.074807,0.069334,0.09624472
d__clsacbw027sbog_cons_loans__lag015,0.667712,0.075851,0.068261,0.09622533
d__relacbw027sbog_relacbw027sbog__lag029,0.667712,0.070585,0.073501,0.09620828
d__relacbw027sbog_re_loans__lag029,0.667712,0.070585,0.073501,0.09620828
d__relacbw027sbog_real_estate_loan__lag029,0.667712,0.070585,0.073501,0.09620828
d__totll_totll__lag036,0.667712,0.072339,0.07174,0.09620323
d__relacbw027sbog_relacbw027sbog__lag023,0.667712,0.07066,0.073384,0.09618002
d__relacbw027sbog_re_loans__lag023,0.667712,0.07066,0.073384,0.09618002
d__relacbw027sbog_real_estate_loan__lag023,0.667712,0.07066,0.073384,0.09618002
d__totll_totll__lag032,0.667712,0.072314,0.071718,0.09617207
d__totll_totll__lag034,0.667712,0.072531,0.071497,0.09616926
d__totll_totll__lag037,0.667712,0.072432,0.071591,0.09616591
d__relacbw027sbog_relacbw027sbog__lag021,0.667712,0.071731,0.07227,0.09615106
d__relacbw027sbog_re_loans__lag021,0.667712,0.071731,0.07227,0.09615106
d__relacbw027sbog_real_estate_loan__lag021,0.667712,0.071731,0.07227,0.09615106
d__totll_totll__lag033,0.667712,0.072382,0.071614,0.09614819
d__relacbw027sbog_relacbw027sbog__lag019,0.667712,0.071539,0.072442,0.09613723
d__relacbw027sbog_re_loans__lag019,0.667712,0.071539,0.072442,0.09613723
d__relacbw027sbog_real_estate_loan__lag019,0.667712,0.071539,0.072442,0.09613723
d__relacbw027sbog_relacbw027sbog__lag028,0.667712,0.070569,0.073396,0.09612699
d__relacbw027sbog_re_loans__lag028,0.667712,0.070569,0.073396,0.09612699
d__relacbw027sbog_real_estate_loan__lag028,0.667712,0.070569,0.073396,0.09612699
d__clsacbw027sbog_cons_loans__lag021,0.667712,0.076604,0.067341,0.09611355
d__relacbw027sbog_relacbw027sbog__lag020,0.667712,0.071644,0.072282,0.09610092
d__relacbw027sbog_re_loans__lag020,0.667712,0.071644,0.072282,0.09610092
d__relacbw027sbog_real_estate_loan__lag020,0.667712,0.071644,0.072282,0.09610092
d__totll_totll__lag031,0.667712,0.072054,0.07186,0.09609353
d__clsacbw027sbog_cons_loans__lag002,0.667712,0.074239,0.069656,0.09608034
d__totll_totll__lag035,0.667712,0.072478,0.071387,0.0960605
d__totci_totci__lag042,0.667712,0.105985,0.037833,0.09602905
d__clsacbw027sbog_cons_loans__lag022,0.667712,0.076262,0.067534,0.09601431
d__clsacbw027sbog_cons_loans__lag020,0.667712,0.076324,0.067466,0.09601023
d__relacbw027sbog_relacbw027sbog__lag027,0.667712,0.070454,0.073329,0.0960055
d__relacbw027sbog_re_loans__lag027,0.667712,0.070454,0.073329,0.0960055
d__relacbw027sbog_real_estate_loan__lag027,0.667712,0.070454,0.073329,0.0960055
d__relacbw027sbog_relacbw027sbog__lag017,0.667712,0.07133,0.072436,0.09599436
d__relacbw027sbog_re_loans__lag017,0.667712,0.07133,0.072436,0.09599436
d__relacbw027sbog_real_estate_loan__lag017,0.667712,0.07133,0.072436,0.09599436
d__clsacbw027sbog_cons_loans__lag014,0.667712,0.075566,0.068173,0.09597636
d__relacbw027sbog_relacbw027sbog__lag026,0.667712,0.0704,0.073257,0.09592153
d__relacbw027sbog_re_loans__lag026,0.667712,0.0704,0.073257,0.09592153
d__relacbw027sbog_real_estate_loan__lag026,0.667712,0.0704,0.073257,0.09592153
d__clsacbw027sbog_cons_loans__lag019,0.667712,0.076167,0.067457,0.09589889
d__totci_totci__lag038,0.667712,0.105636,0.037985,0.09589783
m__ttlcons_ttlcons__lag007,0.410658,0.060334,0.173155,0.09588438
d__totci_totci__lag040,0.667712,0.105556,0.038027,0.09587203
d__totci_totci__lag039,0.667712,0.105494,0.038069,0.09585845
d__clsacbw027sbog_cons_loans__lag018,0.667712,0.075995,0.067567,0.09585829
d__clsacbw027sbog_cons_loans__lag017,0.667712,0.075636,0.067902,0.09584184
d__totci_totci__lag033,0.667712,0.10395,0.039556,0.09582054
d__totci_totci__lag032,0.667712,0.103632,0.039869,0.09581741
d__totci_totci__lag041,0.667712,0.105569,0.037923,0.09581135
d__totll_totll__lag030,0.667712,0.071386,0.072092,0.09580175
d__clsacbw027sbog_cons_loans__lag016,0.667712,0.075466,0.068008,0.09579902
d__totci_totci__lag035,0.667712,0.104126,0.03933,0.09578688
d__clsacbw027sbog_cons_loans__lag023,0.667712,0.075775,0.067668,0.09577903
d__totci_totci__lag034,0.667712,0.104017,0.039421,0.09577546
d__clsacbw027sbog_cons_loans__lag027,0.667712,0.075616,0.067782,0.0957487
d__clsacbw027sbog_cons_loans__lag013,0.667712,0.075308,0.068087,0.0957464
d__clsacbw027sbog_cons_loans__lag026,0.667712,0.075726,0.067635,0.09572372
d__relacbw027sbog_relacbw027sbog__lag015,0.667712,0.070569,0.072746,0.09569328
d__relacbw027sbog_re_loans__lag015,0.667712,0.070569,0.072746,0.09569328
d__relacbw027sbog_real_estate_loan__lag015,0.667712,0.070569,0.072746,0.09569328
d__vixcls_vixcls__lag054,0.454545,0.124273,0.086239,0.09568713
d__clsacbw027sbog_cons_loans__lag024,0.667712,0.075607,0.067684,0.09567681
d__relacbw027sbog_relacbw027sbog__lag016,0.667712,0.070786,0.072498,0.09567198
d__relacbw027sbog_re_loans__lag016,0.667712,0.070786,0.072498,0.09567198
d__relacbw027sbog_real_estate_loan__lag016,0.667712,0.070786,0.072498,0.09567198
q__gdpc1_real_gdp__lag002,0.987461,0.023223,0.073645,0.09565296
d__totci_totci__lag031,0.667712,0.103534,0.039705,0.09564221
d__clsacbw027sbog_cons_loans__lag025,0.667712,0.075683,0.067549,0.09563803
d__clsacbw027sbog_cons_loans__lag028,0.667712,0.075333,0.067897,0.09563674
d__clsacbw027sbog_cons_loans__lag012,0.667712,0.075238,0.067987,0.09563264
m__ttlcons_ttlcons__lag002,0.416928,0.063291,0.166052,0.09561926
m__ttlcons_ttlcons__lag006,0.413793,0.059667,0.171327,0.09558363
d__totll_totll__lag029,0.667712,0.071025,0.072112,0.09557459
d__anfci_anfci__lag050,0.69279,0.025649,0.112237,0.09552634
d__clsacbw027sbog_cons_loans__lag011,0.667712,0.074968,0.068083,0.09551676
q__pnfi_priv_nonres_fi__lag003,0.984326,0.009186,0.087839,0.09550409
d__clsacbw027sbog_cons_loans__lag010,0.667712,0.074783,0.068242,0.09549957
d__clsacbw027sbog_cons_loans__lag008,0.667712,0.074312,0.06867,0.09547074
d__totci_totci__lag037,0.667712,0.10448,0.03849,0.09546271
d__totci_totci__lag036,0.667712,0.103997,0.038829,0.09536661
d__clsacbw027sbog_cons_loans__lag009,0.667712,0.074317,0.068498,0.09535917
m__ltdacbm027nbog_ltd__lag006,0.664577,0.057498,0.085806,0.0952366
d__relacbw027sbog_relacbw027sbog__lag013,0.667712,0.069884,0.072719,0.09521726
d__relacbw027sbog_re_loans__lag013,0.667712,0.069884,0.072719,0.09521726
d__relacbw027sbog_real_estate_loan__lag013,0.667712,0.069884,0.072719,0.09521726
d__relacbw027sbog_relacbw027sbog__lag014,0.667712,0.06999,0.072559,0.09518179
d__relacbw027sbog_re_loans__lag014,0.667712,0.06999,0.072559,0.09518179
d__relacbw027sbog_real_estate_loan__lag014,0.667712,0.06999,0.072559,0.09518179
d__relacbw027sbog_relacbw027sbog__lag012,0.667712,0.069571,0.072939,0.09515543
d__relacbw027sbog_re_loans__lag012,0.667712,0.069571,0.072939,0.09515543
d__relacbw027sbog_real_estate_loan__lag012,0.667712,0.069571,0.072939,0.09515543
d__totll_totll__lag024,0.667712,0.071045,0.07138,0.09509902
d__totll_totll__lag022,0.667712,0.070854,0.071547,0.09508299
d__totci_totci__lag030,0.667712,0.102238,0.040132,0.09506192
d__totll_totll__lag027,0.667712,0.070765,0.071602,0.09505958
q__bogz1fl262051003q_row_rrp__lag008,0.984326,0.022833,0.073739,0.09505858
d__totll_totll__lag026,0.667712,0.070721,0.071601,0.0950303
d__totll_totll__lag025,0.667712,0.070667,0.071601,0.0949937
d__totll_totll__lag028,0.667712,0.0707,0.071557,0.09498654
d__anfci_anfci__lag006,0.69279,0.020239,0.116751,0.09490546
d__totll_totll__lag023,0.667712,0.070542,0.071571,0.09489072
d__relacbw027sbog_relacbw027sbog__lag011,0.667712,0.068715,0.073373,0.09487384
d__relacbw027sbog_re_loans__lag011,0.667712,0.068715,0.073373,0.09487384
d__relacbw027sbog_real_estate_loan__lag011,0.667712,0.068715,0.073373,0.09487384
d__clsacbw027sbog_cons_loans__lag001,0.667712,0.071064,0.070824,0.09474004
q__bogz1fa743061103q_usb_tsy_dom_tx__lag002,0.990596,0.03002,0.065534,0.09465472
d__relacbw027sbog_relacbw027sbog__lag010,0.667712,0.068365,0.073246,0.09455559
d__relacbw027sbog_re_loans__lag010,0.667712,0.068365,0.073246,0.09455559
d__relacbw027sbog_real_estate_loan__lag010,0.667712,0.068365,0.073246,0.09455559
d__totll_totll__lag021,0.667712,0.071205,0.070109,0.09435685
d__totci_totci__lag029,0.667712,0.100735,0.040547,0.09433554
m__w875rx1_real_dpi_xtx__lag010,0.833856,0.070146,0.042947,0.09430279
d__totll_totll__lag020,0.667712,0.071009,0.07016,0.09425973
d__totll_totll__lag019,0.667712,0.070935,0.070206,0.09424152
d__totll_totll__lag018,0.667712,0.071023,0.070089,0.09422192
m__ttlcons_ttlcons__lag004,0.413793,0.059011,0.16866,0.09420877
d__totci_totci__lag024,0.667712,0.100363,0.040707,0.09419387
d__totci_totci__lag027,0.667712,0.099936,0.041007,0.09410916
d__totll_totll__lag017,0.667712,0.070171,0.070679,0.09404739
d__totci_totci__lag026,0.667712,0.100049,0.04077,0.09402636
d__totci_totci__lag025,0.667712,0.099951,0.040831,0.094002
d__relacbw027sbog_relacbw027sbog__lag009,0.667712,0.067921,0.072828,0.09397975
d__relacbw027sbog_re_loans__lag009,0.667712,0.067921,0.072828,0.09397975
d__relacbw027sbog_real_estate_loan__lag009,0.667712,0.067921,0.072828,0.09397975
d__totll_totll__lag016,0.667712,0.069863,0.070879,0.09397501
d__totci_totci__lag028,0.667712,0.09976,0.040955,0.09395639
d__relacbw027sbog_relacbw027sbog__lag008,0.667712,0.067897,0.072573,0.09379349
d__relacbw027sbog_re_loans__lag008,0.667712,0.067897,0.072573,0.09379349
d__relacbw027sbog_real_estate_loan__lag008,0.667712,0.067897,0.072573,0.09379349
m__ttlcons_ttlcons__lag001,0.416928,0.060673,0.164224,0.09376573
m__ttlcons_ttlcons__lag003,0.416928,0.05949,0.165146,0.09365683
m__neworder_neworder__lag011,0.420063,0.115857,0.107086,0.09364989
d__totll_totll__lag015,0.667712,0.068815,0.071385,0.09361271
d__totci_totci__lag023,0.667712,0.099017,0.041179,0.09361109
d__relacbw027sbog_relacbw027sbog__lag004,0.667712,0.068129,0.072059,0.09360528
d__relacbw027sbog_re_loans__lag004,0.667712,0.068129,0.072059,0.09360528
d__relacbw027sbog_real_estate_loan__lag004,0.667712,0.068129,0.072059,0.09360528
q__rrvrusq156n_rental_vacancy__lag005,0.865204,0.017002,0.091152,0.09357465
d__anfci_anfci__lag049,0.69279,0.024939,0.110114,0.09356348
q__expgs_exports__lag003,0.984326,0.007288,0.087755,0.09355282
d__relacbw027sbog_relacbw027sbog__lag006,0.667712,0.068226,0.071877,0.09354854
d__relacbw027sbog_re_loans__lag006,0.667712,0.068226,0.071877,0.09354854
d__relacbw027sbog_real_estate_loan__lag006,0.667712,0.068226,0.071877,0.09354854
d__relacbw027sbog_relacbw027sbog__lag005,0.667712,0.06813,0.071861,0.0934737
d__relacbw027sbog_re_loans__lag005,0.667712,0.06813,0.071861,0.0934737
d__relacbw027sbog_real_estate_loan__lag005,0.667712,0.06813,0.071861,0.0934737
d__totci_totci__lag022,0.667712,0.098344,0.041429,0.09332795
d__relacbw027sbog_relacbw027sbog__lag003,0.667712,0.067759,0.071881,0.0932391
d__relacbw027sbog_re_loans__lag003,0.667712,0.067759,0.071881,0.0932391
d__relacbw027sbog_real_estate_loan__lag003,0.667712,0.067759,0.071881,0.0932391
d__relacbw027sbog_relacbw027sbog__lag007,0.667712,0.067887,0.071668,0.09318197
d__relacbw027sbog_re_loans__lag007,0.667712,0.067887,0.071668,0.09318197
d__relacbw027sbog_real_estate_loan__lag007,0.667712,0.067887,0.071668,0.09318197
q__bogz1fl264035005q_row_loans_a__lag001,1.0,0.028367,0.06474,0.0931071
d__vixcls_vixcls__lag052,0.454545,0.120106,0.084369,0.09294294
d__anfci_anfci__lag048,0.69279,0.027044,0.106821,0.09274051
d__relacbw027sbog_relacbw027sbog__lag002,0.667712,0.067331,0.07132,0.09257901
d__relacbw027sbog_re_loans__lag002,0.667712,0.067331,0.07132,0.09257901
d__relacbw027sbog_real_estate_loan__lag002,0.667712,0.067331,0.07132,0.09257901
q__bogz1lm513061105q_pci_tsy_raw__lag005,0.99373,0.005768,0.087381,0.09256524
q__bogz1lm513061105q_pc_insurance_ts__lag005,0.99373,0.005768,0.087381,0.09256524
q__bogz1lm513061105q_p_c_insurance_ts__lag005,0.99373,0.005768,0.087381,0.09256524
q__bogz1fl073164013q_dj_index__lag004,0.683386,0.015517,0.11977,0.09245315
d__relacbw027sbog_relacbw027sbog__lag001,0.667712,0.067314,0.071137,0.09244557
d__relacbw027sbog_re_loans__lag001,0.667712,0.067314,0.071137,0.09244557
d__relacbw027sbog_real_estate_loan__lag001,0.667712,0.067314,0.071137,0.09244557
d__anfci_anfci__lag046,0.69279,0.021664,0.111722,0.09240868
m__w875rx1_real_dpi_xtx__lag012,0.833856,0.063513,0.047281,0.09238625
d__totci_totci__lag021,0.667712,0.098195,0.040097,0.09233936
q__bogz1fr513061115q_pci_bills_reval__lag007,0.974922,0.02245,0.072232,0.09230742
d__totci_totci__lag020,0.667712,0.098073,0.040101,0.0922604
q__b092rc1q027sbea_gov_int_priv__lag005,0.815047,0.011428,0.10174,0.09223709
d__totci_totci__lag019,0.667712,0.098056,0.03998,0.09216769
d__totci_totci__lag018,0.667712,0.097988,0.039981,0.09212349
d__totci_totci__lag017,0.667712,0.096856,0.040853,0.09194935
m__ltdacbm027nbog_ltd__lag003,0.667712,0.041984,0.09555,0.09183315
d__anfci_anfci__lag047,0.69279,0.023395,0.109119,0.09180411
d__usepuindxd_policy_uncertainty__lag061,0.517241,0.054167,0.123142,0.09171164
d__totci_totci__lag016,0.667712,0.095642,0.041312,0.09144538
q__rrvrusq156n_rental_vacancy__lag002,0.874608,0.044834,0.059624,0.09135955
d__anfci_anfci__lag045,0.69279,0.020509,0.111302,0.09131767
m__pcuomfgomfg_ppi_man__lag012,0.507837,0.024181,0.155365,0.09118009
m__dpsfrim027sbog_row_deposits__lag006,0.664577,0.105023,0.031879,0.09098205
q__bogz1lm513061105q_pci_tsy_raw__lag007,0.987461,0.016639,0.075287,0.09077335
q__bogz1lm513061105q_pc_insurance_ts__lag007,0.987461,0.016639,0.075287,0.09077335
q__bogz1lm513061105q_p_c_insurance_ts__lag007,0.987461,0.016639,0.075287,0.09077335
q__rrvrusq156n_rental_vacancy__lag006,0.862069,0.00016,0.104693,0.09039057
m__w875rx1_real_dpi_xtx__lag009,0.836991,0.047108,0.060874,0.09037975
d__anfci_anfci__lag044,0.69279,0.020114,0.109964,0.0901171
q__bogz1fl702150005q_usb_ffrepo__lag008,0.984326,0.004774,0.086679,0.09001935
m__mtsr133fms_fedgov_rcpt__lag008,0.564263,0.039455,0.119982,0.08996469
d__totci_totci__lag015,0.667712,0.091863,0.042682,0.08983733
d__vixcls_vixcls__lag084,0.454545,0.148318,0.049132,0.08974994
d__totci_totci__lag007,0.667712,0.089382,0.044737,0.08955269
d__usepuindxd_policy_uncertainty__lag078,0.517241,0.115611,0.057519,0.08955021
d__anfci_anfci__lag007,0.69279,0.016364,0.112799,0.08948297
m__dpsfrim027sbog_row_deposits__lag001,0.667712,0.116648,0.017067,0.08928272
d__totci_totci__lag002,0.667712,0.08779,0.045751,0.08916698
d__totci_totci__lag006,0.667712,0.088705,0.044398,0.08887447
d__totci_totci__lag003,0.667712,0.088178,0.044762,0.0887655
d__totci_totci__lag005,0.667712,0.088402,0.044394,0.08866974
m__pcuomfgomfg_ppi_man__lag009,0.510972,0.025945,0.147436,0.08859288
d__totci_totci__lag004,0.667712,0.088096,0.044438,0.08849482
d__totll_totll__lag014,0.667712,0.068492,0.064026,0.08848367
d__anfci_anfci__lag043,0.69279,0.019036,0.108514,0.08836555
d__totll_totll__lag012,0.667712,0.068061,0.064272,0.08836008
q__bogz1fl073164013q_dj_index__lag006,0.677116,0.014914,0.115543,0.08833488
d__totll_totll__lag013,0.667712,0.068276,0.063987,0.08831339
q__bogz1fr513061115q_pci_bills_reval__lag001,0.99373,0.026917,0.061944,0.08830373
d__totci_totci__lag001,0.667712,0.086224,0.045932,0.08824179
d__anfci_anfci__lag008,0.69279,0.014798,0.112539,0.08821777
d__totll_totll__lag011,0.667712,0.067513,0.064528,0.08816534
m__ipmine_ipmine__lag001,1.0,0.015179,0.072954,0.08813297
d__totll_totll__lag010,0.667712,0.067454,0.064458,0.08807864
d__totll_totll__lag009,0.667712,0.066939,0.064739,0.08792312
m__recprousm156n_recprob__lag011,0.727273,0.072828,0.04793,0.08782399
d__totll_totll__lag008,0.667712,0.066752,0.064705,0.08777484
q__bogz1lm513061105q_pci_tsy_raw__lag006,0.990596,0.001407,0.08713,0.08770411
q__bogz1lm513061105q_pc_insurance_ts__lag006,0.990596,0.001407,0.08713,0.08770411
q__bogz1lm513061105q_p_c_insurance_ts__lag006,0.990596,0.001407,0.08713,0.08770411
q__bogz1fa543061175q_life_insurance_ts_tx__lag002,0.990596,0.035039,0.053349,0.08755592
m__neworder_neworder__lag012,0.416928,0.10449,0.105136,0.08739917
d__usepuindxd_policy_uncertainty__lag044,0.517241,0.072824,0.095891,0.08726628
d__usepuindxd_policy_uncertainty__lag069,0.517241,0.081675,0.086898,0.0871927
d__usepuindxd_policy_uncertainty__lag048,0.517241,0.090078,0.078415,0.08715111
m__dpsfrim027sbog_row_deposits__lag002,0.667712,0.115718,0.014756,0.08711896
d__totci_totci__lag010,0.667712,0.091267,0.039021,0.08699491
q__bogz1fa343061105q_fed_gov_retirement_ts_tx__lag003,0.987461,0.033214,0.05487,0.08697962
m__pcuomfgomfg_ppi_man__lag010,0.510972,0.022036,0.147882,0.0868237
d__totci_totci__lag009,0.667712,0.090249,0.039556,0.0866729
m__neworder_neworder__lag010,0.420063,0.102755,0.103053,0.0864525
d__anfci_anfci__lag042,0.69279,0.018787,0.105935,0.08640562
d__totci_totci__lag014,0.667712,0.091194,0.038068,0.08630984
d__totci_totci__lag011,0.667712,0.090098,0.03907,0.08624734
d__anfci_anfci__lag011,0.69279,0.012208,0.112281,0.08624468
d__totci_totci__lag013,0.667712,0.09096,0.038117,0.08618621
d__totci_totci__lag012,0.667712,0.090668,0.038401,0.08618121
d__totci_totci__lag008,0.667712,0.089325,0.039736,0.08617555
d__anfci_anfci__lag009,0.69279,0.012216,0.111797,0.08591502
d__anfci_anfci__lag010,0.69279,0.011156,0.112264,0.08550447
d__anfci_anfci__lag041,0.69279,0.021447,0.101951,0.08548869
d__anfci_anfci__lag012,0.69279,0.010247,0.112366,0.08494466
m__pcuomfgomfg_ppi_man__lag011,0.507837,0.022299,0.144933,0.08492653
m__pcuomfgomfg_ppi_man__lag008,0.510972,0.01997,0.145651,0.08462764
q__drtscilm_loan_tight__lag008,0.426332,0.073187,0.124974,0.08448229
q__bogz1fl073164013q_dj_index__lag003,0.68652,0.006471,0.11626,0.08425792
m__srvprd_srvprd__lag010,1.0,0.004349,0.079807,0.08415571
q__gsave_gsave__lag005,0.978056,0.023702,0.062079,0.08389883
d__anfci_anfci__lag040,0.69279,0.019241,0.101503,0.08365031
d__totll_totll__lag006,0.667712,0.066789,0.058157,0.08342788
d__totll_totll__lag007,0.667712,0.066842,0.058064,0.0834013
d__totll_totll__lag004,0.667712,0.066377,0.058435,0.08333845
d__totll_totll__lag005,0.667712,0.06655,0.058258,0.08333563
d__totll_totll__lag003,0.667712,0.066329,0.058411,0.08329044
d__anfci_anfci__lag039,0.69279,0.016014,0.104131,0.08323538
d__totll_totll__lag002,0.667712,0.066221,0.058418,0.08322339
d__totll_totll__lag001,0.667712,0.065594,0.058545,0.0828894
d__stlfsi4_stlfed_fin_stress_idx__lag090,0.404389,0.140293,0.064196,0.08269285
d__anfci_anfci__lag038,0.69279,0.015233,0.103893,0.08252988
d__stlfsi4_stlfed_fin_stress_idx__lag089,0.404389,0.12875,0.074483,0.08218524
d__anfci_anfci__lag037,0.69279,0.014791,0.103256,0.08178181
d__usepuindxd_policy_uncertainty__lag050,0.517241,0.032068,0.125685,0.08159617
m__ipmine_ipmine__lag003,1.0,0.019658,0.061891,0.08154928
q__qbpbsrskk_tier1rbc__lag001,0.526646,0.089438,0.065204,0.08144145
q__qbpbslevk_tier1lc__lag001,0.526646,0.089182,0.06521,0.08131001
q__gsave_gsave__lag003,0.984326,0.012624,0.069834,0.08116609
q__rrvrusq156n_rental_vacancy__lag004,0.868339,0.030527,0.062863,0.08109407
m__pcuomfgomfg_ppi_man__lag006,0.514107,0.012242,0.145239,0.08096226
m__pcuomfgomfg_ppi_man__lag007,0.514107,0.013338,0.142586,0.08016161
d__anfci_anfci__lag036,0.69279,0.013419,0.101919,0.07990486
m__dpsfrim027sbog_row_deposits__lag003,0.667712,0.111686,0.007907,0.07985386
m__ipmat_ipmat__lag010,1.0,0.045912,0.033378,0.07928996
q__bogz1fa343061105q_fed_gov_retirement_ts_tx__lag001,0.99373,0.014612,0.065019,0.07913107
d__usepuindxd_policy_uncertainty__lag029,0.517241,0.084023,0.068417,0.07884807
d__usepuindxd_policy_uncertainty__lag027,0.517241,0.011799,0.139604,0.07831145
m__dpsfrim027sbog_row_deposits__lag004,0.664577,0.106489,0.010779,0.07793333
d__anfci_anfci__lag035,0.69279,0.01332,0.099076,0.07786707
d__stlfsi4_stlfed_fin_stress_idx__lag058,0.404389,0.140607,0.051848,0.07782696
d__stlfsi4_stlfed_fin_stress_idx__lag060,0.404389,0.139885,0.052112,0.07764147
m__ipmat_ipmat__lag012,1.0,0.046316,0.03104,0.07735621
m__ipmat_ipmat__lag011,1.0,0.044904,0.032038,0.07694166
d__anfci_anfci__lag034,0.69279,0.014524,0.096445,0.07687798
m__dpsfrim027sbog_row_deposits__lag005,0.664577,0.09737,0.017831,0.07655963
d__stlfsi4_stlfed_fin_stress_idx__lag057,0.404389,0.140822,0.048338,0.07649411
m__ltdacbm027nbog_ltd__lag005,0.664577,0.020476,0.094579,0.07646245
q__bogz1fr513061115q_pci_bills_reval__lag008,0.971787,0.047616,0.03104,0.07643675
q__qbpbsrskk_tier1rbc__lag005,0.514107,0.079709,0.068684,0.07628984
q__qbpbsrskk_tier1rbc__lag002,0.523511,0.079535,0.066154,0.07626993
d__anfci_anfci__lag013,0.69279,0.013393,0.096667,0.07624866
q__qbpbslevk_tier1lc__lag005,0.514107,0.079663,0.068614,0.07623014
q__qbpbslevk_tier1lc__lag002,0.523511,0.079326,0.066178,0.07617314
d__stlfsi4_stlfed_fin_stress_idx__lag059,0.404389,0.137393,0.050412,0.07594618
q__qbpbsrskk_tier1rbc__lag006,0.510972,0.082617,0.065936,0.07590647
q__qbpbslevk_tier1lc__lag006,0.510972,0.082647,0.065838,0.07587182
q__bogz1fl513061115q_pci_bills_raw__lag008,0.984326,0.0351,0.041716,0.07561228
q__bogz1fl513061115q_pci_bills__lag008,0.984326,0.0351,0.041716,0.07561228
m__pcuomfgomfg_ppi_man__lag005,0.514107,0.00734,0.13971,0.07559925
d__usepuindxd_policy_uncertainty__lag083,0.517241,0.012798,0.132649,0.07523113
q__bogz1fa543461113q_li_bills_tx__lag005,0.981191,0.058835,0.017836,0.07522871
q__qbpbsrskk_tier1rbc__lag007,0.507837,0.085147,0.062633,0.07504833
q__qbpbslevk_tier1lc__lag007,0.507837,0.085213,0.062523,0.07502605
q__qbpbslevk_tier1lc__lag008,0.504702,0.089577,0.058484,0.07472673
q__qbpbsrskk_tier1rbc__lag008,0.504702,0.089452,0.058597,0.07472054
d__stlfsi4_stlfed_fin_stress_idx__lag026,0.404389,0.072695,0.111526,0.07449653
d__anfci_anfci__lag033,0.69279,0.014174,0.093261,0.07442973
q__qbpbsrskk_tier1rbc__lag004,0.517241,0.073126,0.069025,0.0735259
q__qbpbslevk_tier1lc__lag004,0.517241,0.07301,0.069025,0.07346648
q__qbpbsrskk_tier1rbc__lag003,0.520376,0.073216,0.067902,0.0734347
q__qbpbslevk_tier1lc__lag003,0.520376,0.073042,0.067936,0.07336128
d__stlfsi4_stlfed_fin_stress_idx__lag087,0.404389,0.118543,0.062726,0.07330335
m__iputil_iputil__lag009,1.0,0.005316,0.067934,0.07324928
d__anfci_anfci__lag032,0.69279,0.009942,0.095723,0.07320405
d__anfci_anfci__lag031,0.69279,0.009879,0.095748,0.07317744
q__bogz1fa263061130q_row_gov_tsy_tx__lag006,0.978056,0.019889,0.054733,0.07298403
m__mtsr133fms_fedgov_rcpt__lag005,0.567398,0.044641,0.083987,0.07298358
m__ltdacbm027nbog_ltd__lag004,0.664577,0.008496,0.101162,0.07287618
m__iputil_iputil__lag007,1.0,0.02926,0.043448,0.07270821
d__anfci_anfci__lag030,0.69279,0.009165,0.095385,0.07243155
d__anfci_anfci__lag014,0.69279,0.00958,0.093794,0.07161664
d__stlfsi4_stlfed_fin_stress_idx__lag085,0.404389,0.119134,0.057638,0.07148465
d__anfci_anfci__lag015,0.69279,0.008095,0.094808,0.07129007
q__gsave_gsave__lag004,0.981191,0.013464,0.058999,0.0710994
m__ipmine_ipmine__lag002,1.0,0.03739,0.033642,0.07103105
m__pcuomfgomfg_ppi_man__lag001,0.520376,0.011113,0.124514,0.07057688
d__anfci_anfci__lag029,0.69279,0.007293,0.094445,0.07048297
q__bogz1lm103061103q_nfcb_tsy__lag008,0.984326,0.037414,0.034096,0.07038957
d__stlfsi4_stlfed_fin_stress_idx__lag086,0.404389,0.119184,0.054612,0.07028084
q__bogz1fa653061113q_mutf_bills_tx__lag002,0.990596,0.003037,0.067651,0.07002376
m__pcuomfgomfg_ppi_man__lag004,0.517241,0.003505,0.131503,0.06983177
d__anfci_anfci__lag018,0.69279,0.004844,0.094845,0.06906386
d__anfci_anfci__lag016,0.69279,0.004971,0.09453,0.0689333
q__rrvrusq156n_rental_vacancy__lag003,0.871473,0.011078,0.067889,0.06881795
d__stlfsi4_stlfed_fin_stress_idx__lag088,0.404389,0.112724,0.057258,0.06873904
d__stlfsi4_stlfed_fin_stress_idx__lag073,0.404389,0.103754,0.066058,0.06867028
q__bogz1fl513061115q_pci_bills_raw__lag007,0.987461,0.029693,0.03984,0.06866073
q__bogz1fl513061115q_pci_bills__lag007,0.987461,0.029693,0.03984,0.06866073
q__bogz1fr513061115q_pci_bills_reval__lag003,0.987461,0.029793,0.039705,0.06862595
d__anfci_anfci__lag017,0.69279,0.003899,0.094976,0.06850014
d__stlfsi4_stlfed_fin_stress_idx__lag071,0.404389,0.113424,0.05563,0.06836328
m__pcuomfgomfg_ppi_man__lag002,0.517241,0.007817,0.124056,0.06820971
d__stlfsi4_stlfed_fin_stress_idx__lag025,0.404389,0.063344,0.105291,0.06819403
d__anfci_anfci__lag028,0.69279,0.006791,0.091608,0.0681701
d__stlfsi4_stlfed_fin_stress_idx__lag063,0.404389,0.123845,0.044696,0.06815619
q__bogz1fa263061110q_row_bills_tx__lag001,0.99373,0.035908,0.032507,0.06798582
d__stlfsi4_stlfed_fin_stress_idx__lag061,0.404389,0.121352,0.046451,0.06785738
d__stlfsi4_stlfed_fin_stress_idx__lag023,0.404389,0.061547,0.105914,0.06771956
q__bogz1fr513061115q_pci_bills_reval__lag004,0.984326,0.012765,0.055582,0.06727543
d__anfci_anfci__lag027,0.69279,0.006363,0.090629,0.06719496
d__stlfsi4_stlfed_fin_stress_idx__lag072,0.404389,0.107307,0.058398,0.06700911
d__stlfsi4_stlfed_fin_stress_idx__lag070,0.404389,0.11801,0.046957,0.06671068
d__anfci_anfci__lag026,0.69279,0.007643,0.088631,0.06669753
d__stlfsi4_stlfed_fin_stress_idx__lag062,0.404389,0.128097,0.03673,0.06665445
d__stlfsi4_stlfed_fin_stress_idx__lag074,0.404389,0.102695,0.061801,0.06652024
m__iputil_iputil__lag008,1.0,0.016723,0.049666,0.06638899
d__stlfsi4_stlfed_fin_stress_idx__lag024,0.404389,0.062015,0.101889,0.06628094
d__stlfsi4_stlfed_fin_stress_idx__lag055,0.404389,0.116908,0.046896,0.06624069
m__pcuomfgomfg_ppi_man__lag003,0.517241,0.005099,0.122932,0.06622298
d__stlfsi4_stlfed_fin_stress_idx__lag067,0.404389,0.119255,0.044311,0.06614431
d__anfci_anfci__lag019,0.69279,0.001171,0.093834,0.06581841
d__stlfsi4_stlfed_fin_stress_idx__lag068,0.404389,0.12276,0.039521,0.06562466
d__stlfsi4_stlfed_fin_stress_idx__lag056,0.404389,0.12208,0.039916,0.06550943
d__anfci_anfci__lag024,0.69279,0.003436,0.090797,0.065284
d__stlfsi4_stlfed_fin_stress_idx__lag066,0.404389,0.118655,0.042528,0.06518051
m__iputil_iputil__lag004,1.0,0.036949,0.027965,0.06491407
d__anfci_anfci__lag025,0.69279,0.002907,0.090648,0.06481426
m__businv_businv__lag004,0.426332,0.027265,0.12426,0.06460011
d__stlfsi4_stlfed_fin_stress_idx__lag020,0.404389,0.053333,0.106161,0.06449743
d__anfci_anfci__lag023,0.69279,0.002523,0.090505,0.06444908
m__uempmean_uempmean__lag011,0.971787,0.005585,0.060712,0.06442678
m__businv_businv__lag003,0.429467,0.025818,0.12367,0.06420007
d__anfci_anfci__lag020,0.69279,0.003562,0.089069,0.06417427
m__businv_businv__lag002,0.429467,0.024663,0.12472,0.06415516
d__stlfsi4_stlfed_fin_stress_idx__lag084,0.404389,0.108568,0.049579,0.06395286
m__businv_businv__lag001,0.429467,0.023761,0.124871,0.06383272
m__businv_businv__lag005,0.426332,0.025955,0.123091,0.06354326
d__anfci_anfci__lag022,0.69279,0.000266,0.090197,0.06267219
d__stlfsi4_stlfed_fin_stress_idx__lag065,0.404389,0.116733,0.037836,0.06250573
d__stlfsi4_stlfed_fin_stress_idx__lag069,0.404389,0.116805,0.036949,0.06217642
m__businv_businv__lag006,0.426332,0.024781,0.120851,0.06208759
d__stlfsi4_stlfed_fin_stress_idx__lag022,0.404389,0.051487,0.101875,0.06201776
d__anfci_anfci__lag021,0.69279,0.00132,0.088016,0.06189055
m__businv_businv__lag007,0.423197,0.025173,0.120698,0.06173226
d__stlfsi4_stlfed_fin_stress_idx__lag021,0.404389,0.051397,0.100779,0.0615384
m__usphci_usphci__lag011,0.583072,0.03835,0.06487,0.06018427
d__stlfsi4_stlfed_fin_stress_idx__lag041,0.404389,0.111131,0.037373,0.06005338
d__stlfsi4_stlfed_fin_stress_idx__lag064,0.404389,0.109819,0.03844,0.05995439
m__usphci_usphci__lag010,0.583072,0.037356,0.064845,0.05959073
m__businv_businv__lag008,0.423197,0.021196,0.118021,0.05891633
q__bogz1fa343061165q_fed_gov_db_retirement_ts_tx__lag001,0.99373,0.03232,0.026901,0.05885025
d__stlfsi4_stlfed_fin_stress_idx__lag075,0.404389,0.093326,0.051513,0.05857134
m__usphci_usphci__lag012,0.583072,0.032355,0.0673,0.05810562
q__bogz1fa713068703q_fed_dw_tx__lag007,0.974922,0.039878,0.019466,0.05785651
d__stlfsi4_stlfed_fin_stress_idx__lag076,0.404389,0.101745,0.040883,0.05767689
d__stlfsi4_stlfed_fin_stress_idx__lag083,0.404389,0.104771,0.036356,0.05707019
d__stlfsi4_stlfed_fin_stress_idx__lag040,0.404389,0.110915,0.030176,0.05705584
d__stlfsi4_stlfed_fin_stress_idx__lag082,0.404389,0.093547,0.046874,0.05678486
d__stlfsi4_stlfed_fin_stress_idx__lag077,0.404389,0.102328,0.037583,0.05657837
m__uempmean_uempmean__lag012,0.971787,0.023497,0.034478,0.05633895
m__iputil_iputil__lag006,1.0,0.043048,0.013288,0.05633554
m__iputil_iputil__lag005,1.0,0.041709,0.013528,0.05523741
m__businv_businv__lag009,0.423197,0.015121,0.115251,0.05517305
d__stlfsi4_stlfed_fin_stress_idx__lag028,0.404389,0.067059,0.067767,0.05452248
d__stlfsi4_stlfed_fin_stress_idx__lag078,0.404389,0.099537,0.034724,0.0542936
d__stlfsi4_stlfed_fin_stress_idx__lag079,0.404389,0.092224,0.04166,0.05414102
m__businv_businv__lag010,0.420063,0.012357,0.115354,0.05364689
d__stlfsi4_stlfed_fin_stress_idx__lag029,0.404389,0.072476,0.060154,0.05363414
d__stlfsi4_stlfed_fin_stress_idx__lag080,0.404389,0.093709,0.038757,0.05356767
d__stlfsi4_stlfed_fin_stress_idx__lag027,0.404389,0.06975,0.062665,0.053547
d__stlfsi4_stlfed_fin_stress_idx__lag081,0.404389,0.090661,0.041738,0.05354057
m__mtsr133fms_fedgov_rcpt__lag004,0.567398,0.009634,0.084531,0.05342919
d__stlfsi4_stlfed_fin_stress_idx__lag053,0.404389,0.097127,0.034168,0.05309408
d__stlfsi4_stlfed_fin_stress_idx__lag054,0.404389,0.10427,0.026264,0.05278659
d__stlfsi4_stlfed_fin_stress_idx__lag033,0.404389,0.074616,0.055619,0.05266543
d__stlfsi4_stlfed_fin_stress_idx__lag037,0.404389,0.104372,0.025304,0.05243966
d__stlfsi4_stlfed_fin_stress_idx__lag038,0.404389,0.102437,0.027225,0.05243364
d__stlfsi4_stlfed_fin_stress_idx__lag042,0.404389,0.094922,0.034619,0.05238484
d__stlfsi4_stlfed_fin_stress_idx__lag031,0.404389,0.07327,0.055601,0.05211388
d__stlfsi4_stlfed_fin_stress_idx__lag032,0.404389,0.071706,0.055435,0.05141461
d__stlfsi4_stlfed_fin_stress_idx__lag052,0.404389,0.09523,0.031148,0.05110565
m__businv_businv__lag011,0.420063,0.007377,0.113337,0.0507075
d__stlfsi4_stlfed_fin_stress_idx__lag039,0.404389,0.098828,0.025376,0.05022658
m__usphci_usphci__lag006,0.589342,0.003286,0.078885,0.04842641
d__usepuindxd_policy_uncertainty__lag028,0.517241,0.026924,0.065032,0.04756358
d__stlfsi4_stlfed_fin_stress_idx__lag030,0.404389,0.063429,0.053724,0.04737551
m__usphci_usphci__lag004,0.589342,0.004889,0.075342,0.04728381
m__usphci_usphci__lag001,0.592476,0.004608,0.074941,0.04713041
d__stlfsi4_stlfed_fin_stress_idx__lag036,0.404389,0.094883,0.021367,0.04700995
m__usphci_usphci__lag005,0.589342,0.002165,0.076938,0.04661889
m__businv_businv__lag012,0.420063,0.000567,0.110222,0.04653842
m__usphci_usphci__lag007,0.586207,0.007353,0.070875,0.0458575
m__usphci_usphci__lag009,0.586207,0.00389,0.073753,0.04551468
m__usphci_usphci__lag008,0.586207,0.003946,0.071215,0.04406005
m__usphci_usphci__lag003,0.592476,0.001896,0.072036,0.04380271
m__mtsr133fms_fedgov_rcpt__lag012,0.561129,0.013486,0.064086,0.04352761
d__stlfsi4_stlfed_fin_stress_idx__lag051,0.404389,0.085499,0.021862,0.04341584
d__stlfsi4_stlfed_fin_stress_idx__lag043,0.404389,0.068739,0.038287,0.04327997
m__usphci_usphci__lag002,0.592476,0.001939,0.070494,0.04291477
d__stlfsi4_stlfed_fin_stress_idx__lag050,0.404389,0.079109,0.021487,0.04067969
d__stlfsi4_stlfed_fin_stress_idx__lag035,0.404389,0.086536,0.011884,0.03980018
d__stlfsi4_stlfed_fin_stress_idx__lag044,0.404389,0.059077,0.034149,0.03769959
q__bogz1fr513061115q_pci_bills_reval__lag002,0.990596,0.015786,0.0218,0.03723231
d__stlfsi4_stlfed_fin_stress_idx__lag034,0.404389,0.080431,0.011004,0.03697521
d__stlfsi4_stlfed_fin_stress_idx__lag046,0.404389,0.058279,0.025461,0.03386357
d__stlfsi4_stlfed_fin_stress_idx__lag045,0.404389,0.054002,0.028543,0.03338047
d__stlfsi4_stlfed_fin_stress_idx__lag047,0.404389,0.046214,0.022516,0.02779369
d__stlfsi4_stlfed_fin_stress_idx__lag048,0.404389,0.045419,0.016724,0.02513
d__stlfsi4_stlfed_fin_stress_idx__lag049,0.404389,0.050776,0.011028,0.02499302
m__exgeus_demusd__lag011,0.683386,0.018798,0.0,0.01284602
m__exgeus_demusd__lag012,0.683386,0.018798,0.0,0.01284602
m__exgeus_exgeus__lag011,0.683386,0.018798,0.0,0.01284602
m__exgeus_exgeus__lag012,0.683386,0.018798,0.0,0.01284602
q__bogz1fr313161305q_gov_nonmarketable_ts_reval__lag001,0.99373,0.0,0.0,0.0
q__bogz1fr343061123q_fed_gov_dcg_retirement_ts_reval__lag001,0.99373,0.0,0.0,0.0
q__bogz1fr503061123q_ccps_ts_reval__lag001,0.99373,0.0,0.0,0.0
q__bogz1fr543461113q_li_bills_reval__lag001,0.99373,0.0,0.0,0.0
q__bogz1fr633061105q_money_market_funds_ts_reval__lag001,0.99373,0.0,0.0,0.0
q__bogz1fr633061110q_mmf_bills_reval__lag001,0.99373,0.0,0.0,0.0
q__bogz1fr653061113q_mutf_bills_reval__lag001,0.99373,0.0,0.0,0.0
q__bogz1fr673061103q_abs_issuers_ts_reval__lag001,0.99373,0.0,0.0,0.0
q__bogz1fr313161305q_gov_nonmarketable_ts_reval__lag002,0.990596,0.0,0.0,0.0
q__bogz1fr343061123q_fed_gov_dcg_retirement_ts_reval__lag002,0.990596,0.0,0.0,0.0
q__bogz1fr503061123q_ccps_ts_reval__lag002,0.990596,0.0,0.0,0.0
q__bogz1fr543461113q_li_bills_reval__lag002,0.990596,0.0,0.0,0.0
q__bogz1fr633061105q_money_market_funds_ts_reval__lag002,0.990596,0.0,0.0,0.0
q__bogz1fr633061110q_mmf_bills_reval__lag002,0.990596,0.0,0.0,0.0
q__bogz1fr653061113q_mutf_bills_reval__lag002,0.990596,0.0,0.0,0.0
q__bogz1fr673061103q_abs_issuers_ts_reval__lag002,0.990596,0.0,0.0,0.0
q__bogz1fr313161305q_gov_nonmarketable_ts_reval__lag003,0.987461,0.0,0.0,0.0
q__bogz1fr343061123q_fed_gov_dcg_retirement_ts_reval__lag003,0.987461,0.0,0.0,0.0
q__bogz1fr503061123q_ccps_ts_reval__lag003,0.987461,0.0,0.0,0.0
q__bogz1fr543461113q_li_bills_reval__lag003,0.987461,0.0,0.0,0.0
q__bogz1fr633061105q_money_market_funds_ts_reval__lag003,0.987461,0.0,0.0,0.0
q__bogz1fr633061110q_mmf_bills_reval__lag003,0.987461,0.0,0.0,0.0
q__bogz1fr653061113q_mutf_bills_reval__lag003,0.987461,0.0,0.0,0.0
q__bogz1fr673061103q_abs_issuers_ts_reval__lag003,0.987461,0.0,0.0,0.0
q__bogz1fr313161305q_gov_nonmarketable_ts_reval__lag004,0.984326,0.0,0.0,0.0
q__bogz1fr343061123q_fed_gov_dcg_retirement_ts_reval__lag004,0.984326,0.0,0.0,0.0
q__bogz1fr503061123q_ccps_ts_reval__lag004,0.984326,0.0,0.0,0.0
q__bogz1fr543461113q_li_bills_reval__lag004,0.984326,0.0,0.0,0.0
q__bogz1fr633061105q_money_market_funds_ts_reval__lag004,0.984326,0.0,0.0,0.0
q__bogz1fr633061110q_mmf_bills_reval__lag004,0.984326,0.0,0.0,0.0
q__bogz1fr653061113q_mutf_bills_reval__lag004,0.984326,0.0,0.0,0.0
q__bogz1fr673061103q_abs_issuers_ts_reval__lag004,0.984326,0.0,0.0,0.0
q__bogz1fr313161305q_gov_nonmarketable_ts_reval__lag005,0.981191,0.0,0.0,0.0
q__bogz1fr343061123q_fed_gov_dcg_retirement_ts_reval__lag005,0.981191,0.0,0.0,0.0
q__bogz1fr503061123q_ccps_ts_reval__lag005,0.981191,0.0,0.0,0.0
q__bogz1fr543461113q_li_bills_reval__lag005,0.981191,0.0,0.0,0.0
q__bogz1fr633061105q_money_market_funds_ts_reval__lag005,0.981191,0.0,0.0,0.0
q__bogz1fr633061110q_mmf_bills_reval__lag005,0.981191,0.0,0.0,0.0
q__bogz1fr653061113q_mutf_bills_reval__lag005,0.981191,0.0,0.0,0.0
q__bogz1fr673061103q_abs_issuers_ts_reval__lag005,0.981191,0.0,0.0,0.0
q__bogz1fr313161305q_gov_nonmarketable_ts_reval__lag006,0.978056,0.0,0.0,0.0
q__bogz1fr343061123q_fed_gov_dcg_retirement_ts_reval__lag006,0.978056,0.0,0.0,0.0
q__bogz1fr503061123q_ccps_ts_reval__lag006,0.978056,0.0,0.0,0.0
q__bogz1fr543461113q_li_bills_reval__lag006,0.978056,0.0,0.0,0.0
q__bogz1fr633061105q_money_market_funds_ts_reval__lag006,0.978056,0.0,0.0,0.0
q__bogz1fr633061110q_mmf_bills_reval__lag006,0.978056,0.0,0.0,0.0
q__bogz1fr653061113q_mutf_bills_reval__lag006,0.978056,0.0,0.0,0.0
q__bogz1fr673061103q_abs_issuers_ts_reval__lag006,0.978056,0.0,0.0,0.0
q__bogz1fr313161305q_gov_nonmarketable_ts_reval__lag007,0.974922,0.0,0.0,0.0
q__bogz1fr343061123q_fed_gov_dcg_retirement_ts_reval__lag007,0.974922,0.0,0.0,0.0
q__bogz1fr503061123q_ccps_ts_reval__lag007,0.974922,0.0,0.0,0.0
q__bogz1fr543461113q_li_bills_reval__lag007,0.974922,0.0,0.0,0.0
q__bogz1fr633061105q_money_market_funds_ts_reval__lag007,0.974922,0.0,0.0,0.0
q__bogz1fr633061110q_mmf_bills_reval__lag007,0.974922,0.0,0.0,0.0
q__bogz1fr653061113q_mutf_bills_reval__lag007,0.974922,0.0,0.0,0.0
q__bogz1fr673061103q_abs_issuers_ts_reval__lag007,0.974922,0.0,0.0,0.0
q__bogz1fr313161305q_gov_nonmarketable_ts_reval__lag008,0.971787,0.0,0.0,0.0
q__bogz1fr343061123q_fed_gov_dcg_retirement_ts_reval__lag008,0.971787,0.0,0.0,0.0
q__bogz1fr503061123q_ccps_ts_reval__lag008,0.971787,0.0,0.0,0.0
q__bogz1fr543461113q_li_bills_reval__lag008,0.971787,0.0,0.0,0.0
q__bogz1fr633061105q_money_market_funds_ts_reval__lag008,0.971787,0.0,0.0,0.0
q__bogz1fr633061110q_mmf_bills_reval__lag008,0.971787,0.0,0.0,0.0
q__bogz1fr653061113q_mutf_bills_reval__lag008,0.971787,0.0,0.0,0.0
q__bogz1fr673061103q_abs_issuers_ts_reval__lag008,0.971787,0.0,0.0,0.0
m__exgeus_demusd__lag001,0.69279,0.0,0.0,0.0
m__exgeus_demusd__lag002,0.69279,0.0,0.0,0.0
m__exgeus_demusd__lag003,0.69279,0.0,0.0,0.0
m__exgeus_exgeus__lag001,0.69279,0.0,0.0,0.0
m__exgeus_exgeus__lag002,0.69279,0.0,0.0,0.0
m__exgeus_exgeus__lag003,0.69279,0.0,0.0,0.0
m__exgeus_demusd__lag004,0.689655,0.0,0.0,0.0
m__exgeus_demusd__lag005,0.689655,0.0,0.0,0.0
m__exgeus_demusd__lag006,0.689655,0.0,0.0,0.0
m__exgeus_exgeus__lag004,0.689655,0.0,0.0,0.0
m__exgeus_exgeus__lag005,0.689655,0.0,0.0,0.0
m__exgeus_exgeus__lag006,0.689655,0.0,0.0,0.0
m__exgeus_demusd__lag007,0.68652,0.0,0.0,0.0
m__exgeus_demusd__lag008,0.68652,0.0,0.0,0.0
m__exgeus_demusd__lag009,0.68652,0.0,0.0,0.0
m__exgeus_exgeus__lag007,0.68652,0.0,0.0,0.0
m__exgeus_exgeus__lag008,0.68652,0.0,0.0,0.0
m__exgeus_exgeus__lag009,0.68652,0.0,0.0,0.0
m__exgeus_demusd__lag010,0.683386,0.0,0.0,0.0
m__exgeus_exgeus__lag010,0.683386,0.0,0.0,0.0
