feature_id,coverage_share,abs_corr_treatment,abs_corr_outcome_max,screen_score
q__bogz1fl712051000q_fed_rrp__lag003,1.0,0.389429,0.310463,0.69989122
q__bogz1fl712051000q_fed_rrp__lag004,0.996865,0.492892,0.194093,0.68483098
q__bogz1fl313024000q_tres_oper_cash__lag001,1.0,0.557432,0.112552,0.66998426
q__bogz1fl313024000q_tres_oper_cash__lag002,1.0,0.55783,0.106227,0.66405746
q__tgdef_net_gov_sav__lag001,0.990596,0.579238,0.090748,0.66368447
q__bogz1fl712051000q_fed_rrp__lag005,0.99373,0.566164,0.084622,0.6467062
q__bogz1fa313161105q_tsy_net_tx__lag002,0.990596,0.533072,0.115818,0.64278754
q__psave_psave__lag002,0.987461,0.593486,0.056093,0.6414343
q__bogz1fa403061105q_gses_ts_tx__lag003,0.987461,0.422412,0.221064,0.63540764
m__psavert_psavert__lag008,0.836991,0.687234,0.071604,0.63513999
q__fbtsatq027s_dom_fin_sector_tsy_tx__lag002,0.990596,0.545253,0.086085,0.62540089
q__psave_psave__lag001,0.990596,0.563715,0.053279,0.61119248
m__ipfinal_ipfinal__lag003,1.0,0.398654,0.204431,0.60308578
q__bogz1fa713061103q_cb_tsy_tx__lag002,0.990596,0.500689,0.106836,0.60181152
q__fgdef_fgdef__lag001,0.990596,0.527931,0.078261,0.60049155
q__bogz1fr753061103q_usb_tsy_for_reval__lag005,0.981191,0.358265,0.24693,0.59381206
m__unrate_unrate__lag003,0.981191,0.391979,0.210806,0.59144751
q__bogz1fa713061113q_cb_bills_tx__lag002,0.990596,0.133756,0.4603,0.58846857
q__bogz1fa713061103q_cb_tsy_tx__lag001,0.99373,0.413798,0.170865,0.5809972
q__bogz1fl713123030q_tga__lag002,1.0,0.516068,0.063892,0.57995962
q__bogz1fl713123030q_tga_z1__lag002,1.0,0.516068,0.063892,0.57995962
m__ipfinal_ipfinal__lag002,1.0,0.399875,0.175809,0.57568407
q__bogz1fl713123030q_tga__lag001,1.0,0.505979,0.069391,0.57537027
q__bogz1fl713123030q_tga_z1__lag001,1.0,0.505979,0.069391,0.57537027
m__psavert_psavert__lag009,0.836991,0.648989,0.034208,0.57182922
m__psavert_psavert__lag003,0.84326,0.47886,0.198081,0.57083787
m__ipfinal_ipfinal__lag009,1.0,0.475268,0.095252,0.57052072
m__ipbuseq_ipbuseq__lag003,0.99373,0.264442,0.305171,0.56604176
q__bogz1fa403061105q_gses_ts_tx__lag004,0.984326,0.405737,0.169027,0.56575533
q__tgdef_net_gov_sav__lag002,0.987461,0.557179,0.012076,0.56211761
m__ipfinal_ipfinal__lag006,1.0,0.36763,0.193479,0.56110843
m__unrate_unrate__lag006,0.978056,0.443067,0.128879,0.55939506
m__ipfinal_ipfinal__lag004,1.0,0.388292,0.170501,0.55879394
m__psavert_psavert__lag006,0.840125,0.569451,0.093342,0.55682975
m__psavert_psavert__lag004,0.840125,0.618626,0.043415,0.55619699
m__unrate_unrate__lag002,0.981191,0.375237,0.190363,0.55496234
m__ipfinal_ipfinal__lag005,1.0,0.37838,0.175682,0.55406149
m__psavert_psavert__lag002,0.84326,0.48192,0.172957,0.55223196
q__bogz1fr403061105q_gses_ts_reval__lag005,0.981191,0.33567,0.220772,0.54597608
m__unrate_unrate__lag009,0.974922,0.518114,0.041716,0.54579063
m__ipbuseq_ipbuseq__lag006,0.990596,0.222265,0.328366,0.54545317
m__indpro_indpro__lag003,1.0,0.258463,0.286791,0.5452542
m__usalolitoaastsam_oecd_leading_indicator_us__lag009,0.887147,0.418523,0.195659,0.54486997
m__ipbuseq_ipbuseq__lag002,0.99373,0.255745,0.290511,0.54283142
q__bogz1fa713061103q_cb_tsy_tx__lag004,0.984326,0.45367,0.096579,0.5416238
m__ipbuseq_ipbuseq__lag005,0.990596,0.222162,0.324385,0.54140651
m__ipfinal_ipfinal__lag008,1.0,0.44091,0.095107,0.53601695
q__bogz1fr343061113q_fed_gov_dcf_retirement_ts_reval__lag005,0.981191,0.318333,0.227115,0.53518913
m__psavert_psavert__lag007,0.836991,0.572411,0.066789,0.53500411
m__unrate_unrate__lag001,0.981191,0.372287,0.170993,0.53306189
q__bogz1fr103061103q_nfcb_tsy_reval__lag005,0.981191,0.277194,0.263844,0.53086113
q__bogz1fr573061105q_private_pension_ts_reval__lag005,0.981191,0.316386,0.221462,0.52773174
q__ad02rc1q027sbea_gov_netlending__lag001,0.833856,0.521734,0.110531,0.52721747
q__fbtsatq027s_dom_fin_sector_tsy_tx__lag004,0.984326,0.515762,0.019791,0.52715816
q__bogz1fr573061143q_private_db_pension_ts_reval__lag005,0.981191,0.325352,0.211328,0.52658577
q__psave_psave__lag004,0.981191,0.379903,0.156645,0.52645608
m__indpro_indpro__lag002,1.0,0.264497,0.26181,0.52630755
m__unrate_unrate__lag005,0.978056,0.409397,0.126103,0.52374898
m__ipbuseq_ipbuseq__lag004,0.990596,0.23395,0.294088,0.523072
q__bogz1fr593061105q_pension_ts_reval__lag005,0.981191,0.316808,0.216248,0.52303001
q__bogz1fr573061133q_private_dc_pension_ts_reval__lag005,0.981191,0.299679,0.23183,0.52151288
q__bogz1fa713061103q_cb_tsy_tx__lag003,0.987461,0.509629,0.017068,0.52009284
q__psave_psave__lag003,0.984326,0.447706,0.07725,0.5167275
q__bogz1fr343061105q_fed_gov_retirement_ts_reval__lag005,0.981191,0.310728,0.215237,0.51607234
q__fgdef_fgdef__lag002,0.987461,0.514819,0.006684,0.51496359
q__fbtsatq027s_dom_fin_sector_tsy_tx__lag003,0.987461,0.466492,0.053563,0.51353453
m__usalolitoaastsam_oecd_leading_indicator_us__lag008,0.887147,0.366146,0.212548,0.513387
m__unrate_unrate__lag004,0.978056,0.400449,0.124349,0.51328221
m__indpro_indpro__lag005,1.0,0.268617,0.244295,0.51291145
q__bogz1fr263061105q_row_bills_reval__lag005,0.981191,0.332955,0.188009,0.51116505
q__bogz1fr263061105q_row_tsy_reval__lag005,0.981191,0.332955,0.188009,0.51116505
m__ipcongd_ipcongd__lag009,1.0,0.453125,0.057765,0.51089011
m__psavert_psavert__lag001,0.84326,0.497023,0.108748,0.51082285
q__bogz1fr223061143q_state_local_db_retirement_ts_reval__lag005,0.981191,0.312195,0.208416,0.51081958
q__bogz1fr793061105q_dom_fin_sector_tsy_reval__lag005,0.981191,0.273877,0.244265,0.50839651
q__bogz1fr653061105q_mutual_funds_ts_reval__lag005,0.981191,0.279371,0.237738,0.5073832
m__indpro_indpro__lag006,1.0,0.252847,0.254354,0.50720073
q__bogz1fr263061145q_row_priv_tsy_reval__lag005,0.981191,0.305204,0.208575,0.50411591
q__bogz1fr693061105q_nonmmf_ts_reval__lag005,0.981191,0.269288,0.242019,0.50168982
q__bogz1fr693061105q_nonmmmf_ts_reval__lag005,0.981191,0.269288,0.242019,0.50168982
q__tgdef_net_gov_sav__lag004,0.981191,0.387042,0.123341,0.50078281
m__ipfinal_ipfinal__lag007,1.0,0.37527,0.124479,0.49974938
q__bogz1fa343061113q_fed_gov_dcf_retirement_ts_tx__lag004,0.984326,0.431948,0.071878,0.49592928
m__psavert_psavert__lag005,0.840125,0.557437,0.032551,0.4956632
m__unrate_unrate__lag008,0.974922,0.471015,0.037149,0.49542031
q__bogz1fa713061113q_cb_bills_tx__lag003,0.987461,0.272451,0.228634,0.4948018
m__ipbuseq_ipbuseq__lag009,0.987461,0.254194,0.244273,0.49221661
q__bogz1fr713061103q_cb_tsy_reval__lag005,0.981191,0.245228,0.255531,0.49133998
m__usalolitoaastsam_oecd_leading_indicator_us__lag007,0.887147,0.313806,0.23817,0.48968402
m__indpro_indpro__lag004,1.0,0.239963,0.247351,0.48731407
m__tcu_tcu__lag003,0.742947,0.366316,0.288815,0.4867268
m__fedfunds_fed_funds__lag001,0.899687,0.386471,0.152957,0.48531599
q__bogz1fa653061105q_mutual_funds_ts_tx__lag001,0.99373,0.31273,0.175199,0.48486913
m__psavert_psavert__lag011,0.833856,0.512308,0.068106,0.48398119
q__bogz1fr383061105q_dom_nonfin_sector_tsy_reval__lag005,0.981191,0.246579,0.245858,0.48317491
d__dgs5_dgs5__lag025,0.805643,0.469591,0.126789,0.48046914
m__unrate_unrate__lag007,0.974922,0.446532,0.045729,0.47991557
q__bogz1fa223061143q_state_local_db_retirement_ts_tx__lag005,0.981191,0.355908,0.133009,0.47972081
q__bogz1fr663061165q_brokers_dealers_long_ts_reval__lag005,0.981191,0.246918,0.240842,0.47858585
d__dgs5_dgs5__lag023,0.805643,0.463243,0.13028,0.47816762
q__bogz1fr153061105q_hhnp_tsy_reval__lag005,0.981191,0.239465,0.247507,0.4778126
d__dgs5_dgs5__lag026,0.805643,0.467648,0.125003,0.47746479
m__ipcongd_ipcongd__lag008,1.0,0.418043,0.059015,0.47705832
d__dgs5_dgs5__lag024,0.805643,0.465713,0.125965,0.47668127
m__indpro_indpro__lag009,1.0,0.309566,0.16655,0.47611563
m__tcu_tcu__lag005,0.739812,0.403955,0.239446,0.47599623
q__bogz1lm903061103q_instrument_discrepancies_ts__lag002,1.0,0.436532,0.039152,0.47568407
m__ipbuseq_ipbuseq__lag008,0.987461,0.228867,0.252838,0.47566458
q__bogz1fa633061105q_money_market_funds_ts_tx__lag004,0.984326,0.436182,0.046716,0.47532936
d__dgs5_dgs5__lag022,0.805643,0.464738,0.124722,0.47489353
m__ipbuseq_ipbuseq__lag007,0.987461,0.191314,0.289083,0.4743738
d__dgs5_dgs5__lag027,0.805643,0.465868,0.122371,0.47391044
m__psavert_psavert__lag012,0.833856,0.471926,0.096278,0.47380018
q__bogz1fa313161105q_tsy_net_tx__lag004,0.984326,0.459146,0.021991,0.47359506
d__dgs5_dgs5__lag021,0.805643,0.467565,0.119398,0.47288251
q__bogz1fr743061103q_usb_tsy_dom_reval__lag005,0.981191,0.287662,0.194104,0.47270427
m__tcu_tcu__lag006,0.739812,0.393034,0.244799,0.47187654
d__dgs3_dgs3__lag025,0.805643,0.466033,0.119405,0.47165398
q__tgdef_net_gov_sav__lag003,0.984326,0.437201,0.041632,0.47132769
d__dgs5_dgs5__lag020,0.805643,0.462715,0.121565,0.47072041
q__bogz1fa763061100q_usb_tsy_oth_tx__lag002,0.990596,0.364408,0.110697,0.47063767
d__dgs3_dgs3__lag023,0.805643,0.461158,0.122105,0.46990158
d__dgs5_dgs5__lag034,0.805643,0.467787,0.115145,0.46963438
d__dgs3_dgs3__lag026,0.805643,0.463832,0.118582,0.46921755
d__dgs3_dgs3__lag024,0.805643,0.463381,0.118978,0.46917346
d__dgs5_dgs5__lag035,0.805643,0.464674,0.117657,0.46915017
m__usalolitoaastsam_oecd_leading_indicator_us__lag006,0.890282,0.263672,0.263181,0.46904786
d__dgs5_dgs5__lag028,0.805643,0.463893,0.118137,0.46890878
d__dgs5_dgs5__lag033,0.805643,0.466297,0.115442,0.46867314
d__dgs3_dgs3__lag021,0.805643,0.466933,0.113924,0.46796304
m__tcu_tcu__lag002,0.742947,0.365203,0.264054,0.46750498
d__dgs5_dgs5__lag016,0.805643,0.465738,0.11442,0.46739969
d__dgs3_dgs3__lag020,0.805643,0.463677,0.116275,0.46723416
m__fedfunds_fed_funds__lag002,0.899687,0.377927,0.140596,0.46650866
d__dgs3_dgs3__lag022,0.805643,0.462909,0.115994,0.46638893
m__ipdcongd_ipdcongd__lag009,0.987461,0.394443,0.077546,0.4660705
d__dgs5_dgs5__lag037,0.805643,0.468957,0.109484,0.46601695
d__dgs3_dgs3__lag027,0.805643,0.462914,0.115332,0.46585953
m__indpro_indpro__lag008,1.0,0.294885,0.170824,0.46570806
d__dgs3_dgs3__lag016,0.805643,0.46515,0.112742,0.4655744
d__dgs5_dgs5__lag036,0.805643,0.466634,0.110761,0.46517434
d__dgs5_dgs5__lag085,0.805643,0.454991,0.121872,0.464746
d__dgs5_dgs5__lag041,0.805643,0.465748,0.110989,0.46464415
q__bogz1fa713061113q_cb_bills_tx__lag005,0.981191,0.333752,0.139778,0.46462391
d__dgs5_dgs5__lag042,0.805643,0.466712,0.109649,0.46434088
d__dgs5_dgs5__lag029,0.805643,0.466585,0.109641,0.46423209
d__dgs5_dgs5__lag090,0.802508,0.466701,0.111516,0.46402376
d__dgs3_dgs3__lag028,0.805643,0.462724,0.113081,0.46389292
d__dgs5_dgs5__lag086,0.805643,0.454528,0.121142,0.46378392
m__ipcongd_ipcongd__lag010,1.0,0.371556,0.09217,0.46372609
d__dgs3_dgs3__lag033,0.805643,0.461083,0.113493,0.4629029
d__dgs3_dgs3__lag034,0.805643,0.462465,0.112061,0.46286237
d__dgs5_dgs5__lag084,0.805643,0.454342,0.120087,0.46278456
d__dgs5_dgs5__lag083,0.805643,0.4547,0.119429,0.46254321
q__ad02rc1q027sbea_gov_netlending__lag002,0.830721,0.508543,0.048128,0.46243855
q__bogz1fr473061105q_credit_unions_ts_reval__lag005,0.981191,0.23411,0.237117,0.46236409
d__dgs5_dgs5__lag032,0.805643,0.463827,0.109885,0.46220673
d__dgs5_dgs5__lag089,0.805643,0.461361,0.112194,0.46208025
d__dgs5_dgs5__lag031,0.805643,0.461201,0.112209,0.4619636
d__dgs5_dgs5__lag088,0.805643,0.454818,0.118398,0.46180704
d__dgs5_dgs5__lag087,0.805643,0.455278,0.117901,0.46177714
d__dgs3_dgs3__lag035,0.805643,0.459547,0.113557,0.4617175
q__bogz1fa713061103q_cb_tsy_tx__lag008,0.971787,0.221073,0.253469,0.4611528
d__dgs3_dgs3__lag029,0.805643,0.464884,0.107474,0.46111634
d__dgs5_dgs5__lag019,0.805643,0.464883,0.10747,0.46111214
m__ipcongd_ipcongd__lag012,1.0,0.36493,0.096125,0.46105518
q__fgdef_fgdef__lag004,0.981191,0.344919,0.124382,0.46047487
d__dgs5_dgs5__lag015,0.805643,0.46225,0.109212,0.46039425
d__dgs5_dgs5__lag030,0.805643,0.463112,0.107466,0.45968188
d__dgs5_dgs5__lag080,0.805643,0.449522,0.120979,0.45961965
m__tcu_tcu__lag009,0.736677,0.491678,0.13173,0.45925008
d__dgs3_dgs3__lag031,0.805643,0.45888,0.110607,0.4588035
d__dgs3_dgs3__lag019,0.805643,0.463562,0.105827,0.45872379
m__tcu_tcu__lag004,0.739812,0.370954,0.248994,0.45864475
d__dgs3_dgs3__lag037,0.805643,0.460806,0.108246,0.45845302
d__dgs5_dgs5__lag044,0.805643,0.462273,0.106644,0.45834397
d__dgs5_dgs5__lag040,0.805643,0.467142,0.101739,0.45831499
d__dgs5_dgs5__lag039,0.805643,0.467462,0.101397,0.45829721
d__dgs3_dgs3__lag042,0.805643,0.456414,0.112341,0.4582135
q__rowcbaq027s_row_corpbonds_flow__lag006,0.978056,0.237986,0.230464,0.45817114
d__dgs5_dgs5__lag078,0.805643,0.448176,0.12051,0.45815792
d__dgs3_dgs3__lag032,0.805643,0.459422,0.108977,0.45792657
m__indpro_indpro__lag007,1.0,0.242496,0.215386,0.45788194
d__dgs3_dgs3__lag041,0.805643,0.456648,0.111315,0.45757588
d__dgs3_dgs3__lag036,0.805643,0.458202,0.109667,0.45749965
d__dgs3_dgs3__lag015,0.805643,0.46203,0.105642,0.45734078
d__dgs5_dgs5__lag081,0.805643,0.451454,0.116112,0.45725541
d__dgs3_dgs3__lag078,0.805643,0.435704,0.131706,0.45712982
d__dgs3_dgs3__lag090,0.802508,0.448806,0.120474,0.45685201
d__dgs3_dgs3__lag085,0.805643,0.440368,0.126081,0.4563551
d__dgs3_dgs3__lag030,0.805643,0.461426,0.104658,0.45606197
d__dgs10_dgs10__lag023,0.805643,0.410064,0.155883,0.45595115
d__dgs5_dgs5__lag079,0.805643,0.446347,0.119583,0.45593724
d__dgs5_dgs5__lag018,0.805643,0.467351,0.09826,0.45567981
d__dgs3_dgs3__lag086,0.805643,0.438263,0.127338,0.45567211
d__dgs3_dgs3__lag083,0.805643,0.438812,0.126503,0.4554412
d__dgs3_dgs3__lag084,0.805643,0.438395,0.126491,0.45509658
q__fbtsatq027s_dom_fin_sector_tsy_tx__lag001,0.99373,0.351159,0.106618,0.45490706
m__ipncongd_ipncongd__lag009,0.987461,0.327007,0.133582,0.45481353
d__dgs5_dgs5__lag038,0.805643,0.464451,0.099908,0.45467203
d__dgs5_dgs5__lag082,0.805643,0.452482,0.111852,0.45465123
d__dgs3_dgs3__lag088,0.805643,0.438694,0.125587,0.45460832
d__dgs5_dgs5__lag043,0.805643,0.46296,0.101298,0.45459018
d__dgs3_dgs3__lag018,0.805643,0.466278,0.097913,0.45453687
d__dgs3_dgs3__lag089,0.805643,0.443295,0.120835,0.45448695
d__dgs3_dgs3__lag087,0.805643,0.439583,0.124458,0.45441533
d__dgs3_dgs3__lag080,0.805643,0.433987,0.129768,0.45418487
d__dgs3_dgs3__lag002,0.805643,0.458418,0.105323,0.45417383
d__dgs3_dgs3__lag014,0.805643,0.458542,0.10511,0.45410217
m__fedfunds_fed_funds__lag003,0.899687,0.366826,0.137819,0.45402202
d__dgs5_dgs5__lag054,0.805643,0.454332,0.109024,0.45386364
d__dgs5_dgs5__lag077,0.805643,0.450598,0.111899,0.45317136
d__dgs3_dgs3__lag044,0.805643,0.453382,0.109091,0.45315209
d__dgs3_dgs3__lag077,0.805643,0.436863,0.125434,0.45301026
d__dgs3_dgs3__lag079,0.805643,0.431987,0.129918,0.45269452
d__dgs1_dgs1__lag002,0.805643,0.430108,0.131671,0.452593
d__dgs10_dgs10__lag022,0.805643,0.409895,0.151854,0.45256849
d__dgs5_dgs5__lag048,0.805643,0.456184,0.105382,0.45242186
d__dgs5_dgs5__lag057,0.805643,0.458119,0.103347,0.45234089
d__dgs10_dgs10__lag025,0.805643,0.411499,0.149726,0.45214696
d__dgs3_dgs3__lag039,0.805643,0.457852,0.103088,0.45191735
d__dgs5_dgs5__lag047,0.805643,0.453016,0.107001,0.45117431
d__dgs3_dgs3__lag081,0.805643,0.435081,0.124809,0.45107137
d__dgs3_dgs3__lag013,0.805643,0.45689,0.102997,0.45106817
d__dgs5_dgs5__lag058,0.805643,0.452232,0.107439,0.45089487
d__dgs1_dgs1__lag025,0.805643,0.42431,0.135252,0.45080649
d__dgs3_dgs3__lag040,0.805643,0.457172,0.102326,0.45075557
d__dgs3_dgs3__lag038,0.805643,0.456809,0.102662,0.45073353
d__dgs5_dgs5__lag046,0.805643,0.458435,0.100949,0.45066302
d__dgs5_dgs5__lag014,0.805643,0.456892,0.102411,0.45059811
m__usalolitoaastsam_oecd_leading_indicator_us__lag010,0.884013,0.33431,0.175233,0.45044278
d__dgs10_dgs10__lag026,0.805643,0.411392,0.147639,0.45037875
q__bogz1fr543061175q_life_insurance_ts_reval__lag005,0.981191,0.359275,0.099732,0.4503737
d__dgs3_dgs3__lag017,0.805643,0.463242,0.095733,0.45033389
d__dgs3_dgs3__lag043,0.805643,0.453828,0.105095,0.45029211
d__dgs10_dgs10__lag024,0.805643,0.409826,0.149032,0.45023941
m__psavert_psavert__lag010,0.833856,0.477169,0.06255,0.45004816
d__dgs5_dgs5__lag045,0.805643,0.460074,0.098401,0.44993185
d__dgs3_dgs3__lag057,0.805643,0.446125,0.112349,0.44993098
m__tcu_tcu__lag008,0.736677,0.467931,0.142698,0.44983618
m__tcu_tcu__lag007,0.736677,0.408412,0.202109,0.44975688
d__dgs5_dgs5__lag055,0.805643,0.45243,0.105686,0.44964146
d__dgs10_dgs10__lag021,0.805643,0.412087,0.145904,0.44954129
d__dgs3_dgs3__lag058,0.805643,0.44259,0.115187,0.44936896
d__dgs5_dgs5__lag017,0.805643,0.463009,0.094727,0.44933618
d__dgs1_dgs1__lag024,0.805643,0.423616,0.134057,0.44928469
d__dgs5_dgs5__lag053,0.805643,0.444694,0.112848,0.44917962
d__dgs5_dgs5__lag013,0.805643,0.45432,0.102772,0.44881718
d__dgs3_dgs3__lag082,0.805643,0.436687,0.120328,0.44875482
d__dgs1_dgs1__lag014,0.805643,0.423959,0.132954,0.44867304
d__dgs1_dgs1__lag027,0.805643,0.421863,0.134944,0.44858789
d__dgs1_dgs1__lag023,0.805643,0.423023,0.133721,0.44853695
d__dgs1_dgs1__lag026,0.805643,0.421474,0.135262,0.44852963
d__dgs3_dgs3__lag048,0.805643,0.446193,0.110459,0.4484623
d__dgs3_dgs3__lag054,0.805643,0.442572,0.1139,0.44831798
d__dgs5_dgs5__lag060,0.805643,0.451068,0.105401,0.44831504
q__bogz1fa693061105q_nonmmf_ts_tx__lag001,0.99373,0.276739,0.174204,0.44811481
q__bogz1fa693061105q_nonmmmf_ts_tx__lag001,0.99373,0.276739,0.174204,0.44811481
d__dgs3_dgs3__lag060,0.805643,0.442942,0.112954,0.4478539
d__dgs3_dgs3__lag055,0.805643,0.442034,0.113585,0.44762983
q__bogz1fa403061105q_gses_ts_tx__lag002,0.990596,0.255112,0.19663,0.44749317
d__dgs1_dgs1__lag013,0.805643,0.423711,0.131737,0.4474927
d__dgs1_dgs1__lag003,0.805643,0.430276,0.124864,0.4472442
d__dgs3_dgs3__lag059,0.805643,0.441569,0.113551,0.44722808
q__bogz1fa313161110q_totalbills_z1_tx__lag002,0.990596,0.315027,0.13627,0.44705268
d__dgs1_dgs1__lag001,0.805643,0.428524,0.12605,0.4467881
d__dgs3_dgs3__lag047,0.805643,0.44514,0.109272,0.44665819
d__dgs3_dgs3__lag046,0.805643,0.449908,0.10444,0.44660639
d__dgs5_dgs5__lag059,0.805643,0.449591,0.104751,0.4466009
d__dgs3_dgs3__lag045,0.805643,0.451027,0.103218,0.44652323
d__dgs5_dgs5__lag002,0.805643,0.45351,0.100631,0.44643948
d__dgs5_dgs5__lag061,0.805643,0.450705,0.103432,0.4464364
d__dgs5_dgs5__lag049,0.805643,0.451264,0.102837,0.44640744
m__ipfinal_ipfinal__lag001,1.0,0.370011,0.076274,0.44628485
d__dgs1_dgs1__lag016,0.805643,0.426274,0.127429,0.44608691
d__dgs1_dgs1__lag020,0.805643,0.424784,0.128849,0.44603016
d__dgs3_dgs3__lag049,0.805643,0.443422,0.110134,0.44596804
q__bogz1lm903061103q_instrument_discrepancies_ts__lag001,1.0,0.403847,0.041821,0.44566875
d__dgs5_dgs5__lag069,0.805643,0.454814,0.098282,0.44559807
d__dgs3_dgs3__lag061,0.805643,0.443001,0.110015,0.44553327
d__dgs10_dgs10__lag034,0.805643,0.41934,0.133643,0.44550664
d__dgs1_dgs1__lag005,0.805643,0.428113,0.124818,0.44546501
d__dgs1_dgs1__lag022,0.805643,0.423099,0.129828,0.44546119
d__dgs1_dgs1__lag021,0.805643,0.425378,0.127533,0.4454486
d__dgs1_dgs1__lag004,0.805643,0.429427,0.123441,0.44541463
d__dgs10_dgs10__lag027,0.805643,0.408158,0.144698,0.44540447
d__dgs3_dgs3__lag007,0.805643,0.456001,0.096573,0.44517665
q__bogz1lm903061103q_instrument_discrepancies_ts__lag003,1.0,0.405534,0.039584,0.44511814
q__rowmfsq027s_row_mutualfundshares_flow__lag004,0.984326,0.206599,0.245519,0.44503118
m__awotman_awotman__lag009,0.874608,0.339835,0.168949,0.44498641
d__dgs1_dgs1__lag028,0.805643,0.421921,0.130356,0.44493808
d__dgs5_dgs5__lag065,0.805643,0.453513,0.098581,0.44479071
d__dgs3_dgs3__lag076,0.805643,0.434731,0.117327,0.44476183
d__dgs3_dgs3__lag053,0.805643,0.436622,0.115371,0.44470922
d__dgs3_dgs3__lag011,0.805643,0.458801,0.093184,0.4447027
d__dgs1_dgs1__lag015,0.805643,0.425387,0.126207,0.44438739
d__dgs10_dgs10__lag033,0.805643,0.419482,0.131871,0.44419296
d__dgs5_dgs5__lag076,0.805643,0.448231,0.103063,0.44414613
d__dgs5_dgs5__lag050,0.805643,0.447038,0.103986,0.44392832
d__dgs5_dgs5__lag062,0.805643,0.449121,0.101751,0.4438057
d__dgs5_dgs5__lag075,0.805643,0.451469,0.099305,0.44372683
d__dgs10_dgs10__lag020,0.805643,0.406889,0.143836,0.44368713
d__dgs3_dgs3__lag075,0.805643,0.438272,0.112156,0.4434486
d__dgs5_dgs5__lag056,0.805643,0.455008,0.095396,0.44342923
d__dgs5_dgs5__lag011,0.805643,0.454988,0.095075,0.44315449
d__dgs1_dgs1__lag007,0.805643,0.427644,0.122033,0.44284363
d__dgs5_dgs5__lag052,0.805643,0.442919,0.106747,0.44283413
d__dgs3_dgs3__lag008,0.805643,0.45818,0.091348,0.44272317
d__dgs3_dgs3__lag056,0.805643,0.443562,0.105893,0.44266483
q__rowceaq027s_row_corpequities_flow__lag001,0.99373,0.280529,0.164918,0.44265403
d__dgs5_dgs5__lag074,0.805643,0.451168,0.098203,0.44259652
d__dgs3_dgs3__lag050,0.805643,0.439393,0.109749,0.44241195
d__dgs3_dgs3__lag062,0.805643,0.440359,0.108366,0.44207584
d__dgs5_dgs5__lag073,0.805643,0.454764,0.0939,0.44202702
d__dgs10_dgs10__lag035,0.805643,0.414951,0.133631,0.4419611
d__dgs1_dgs1__lag008,0.805643,0.427833,0.120622,0.4418586
d__dgs1_dgs1__lag029,0.805643,0.421536,0.12687,0.44181877
d__dgs3_dgs3__lag010,0.805643,0.458095,0.090303,0.44181267
m__awotman_awotman__lag006,0.877743,0.23403,0.2692,0.44170685
d__dgs3_dgs3__lag012,0.805643,0.455283,0.092944,0.44167471
d__dgs3_dgs3__lag009,0.805643,0.455783,0.092364,0.44161044
d__dgs5_dgs5__lag066,0.805643,0.449642,0.098352,0.44148719
d__dgs5_dgs5__lag071,0.805643,0.455454,0.092426,0.44139576
d__dgs1_dgs1__lag006,0.805643,0.427814,0.120064,0.44139427
d__dgs3_dgs3__lag074,0.805643,0.437135,0.110723,0.441378
d__dgs5_dgs5__lag070,0.805643,0.453622,0.094077,0.4412494
d__dgs5_dgs5__lag051,0.805643,0.4459,0.101653,0.44113224
d__dgs3_dgs3__lag065,0.805643,0.441134,0.106365,0.44108813
d__dgs1_dgs1__lag019,0.805643,0.42347,0.123984,0.44105251
d__dgs5_dgs5__lag068,0.805643,0.452103,0.095174,0.44091026
d__dgs10_dgs10__lag016,0.805643,0.409696,0.136999,0.44044109
d__dgs5_dgs5__lag007,0.805643,0.452253,0.094431,0.4404321
d__dgs3_dgs3__lag073,0.805643,0.439781,0.106879,0.4404129
d__dgs3_dgs3__lag001,0.805643,0.45336,0.09327,0.44038859
d__dgs5_dgs5__lag067,0.805643,0.449495,0.097032,0.44030602
d__dgs5_dgs5__lag072,0.805643,0.455207,0.091195,0.44020495
d__dgs3_dgs3__lag069,0.805643,0.439655,0.106724,0.4401858
d__dgs10_dgs10__lag036,0.805643,0.420322,0.125954,0.44010332
d__dgs10_dgs10__lag037,0.805643,0.422796,0.123365,0.44001064
d__dgs5_dgs5__lag012,0.805643,0.452082,0.093839,0.43981728
d__dgs5_dgs5__lag010,0.805643,0.454409,0.091337,0.43967606
d__dgs3_dgs3__lag006,0.805643,0.455931,0.089735,0.4396122
d__dgs3_dgs3__lag051,0.805643,0.437152,0.108154,0.43932148
d__dgs1_dgs1__lag018,0.805643,0.425113,0.120139,0.43927848
d__dgs3_dgs3__lag005,0.805643,0.454333,0.090696,0.43909881
d__dgs3_dgs3__lag052,0.805643,0.434741,0.110112,0.43895677
d__dgs3_dgs3__lag072,0.805643,0.440497,0.103791,0.43850216
d__dgs10_dgs10__lag015,0.805643,0.410003,0.134229,0.43845604
d__dgs3_dgs3__lag003,0.805643,0.455011,0.089123,0.43837775
d__dgs1_dgs1__lag011,0.805643,0.425717,0.118414,0.43837516
d__dgs1_dgs1__lag030,0.805643,0.419303,0.124535,0.43813911
q__bogz1fa633061105q_money_market_funds_ts_tx__lag002,0.990596,0.357364,0.084729,0.43793535
d__dgs1_dgs1__lag035,0.805643,0.41599,0.127594,0.43793462
d__dgs5_dgs5__lag008,0.805643,0.45346,0.090068,0.43788952
q__bogz1fa733061103q_holding_companies_ts_tx__lag001,0.99373,0.306901,0.133687,0.43782538
d__dgs1_dgs1__lag009,0.805643,0.425423,0.117907,0.43772923
d__dgs1_dgs1__lag031,0.805643,0.417302,0.125995,0.43770346
d__dgs10_dgs10__lag028,0.805643,0.405535,0.137601,0.43757362
d__dgs1_dgs1__lag010,0.805643,0.426823,0.115998,0.43731937
d__dgs10_dgs10__lag032,0.805643,0.414244,0.128505,0.4372621
d__dgs1_dgs1__lag033,0.805643,0.416335,0.126394,0.43724626
m__usalolitoaastsam_oecd_leading_indicator_us__lag012,0.884013,0.3587,0.135734,0.4370861
d__dgs3_dgs3__lag004,0.805643,0.454349,0.088169,0.437075
d__dgs3_dgs3__lag071,0.805643,0.439844,0.1024,0.43685498
d__dgs5_dgs5__lag064,0.805643,0.449251,0.09295,0.43682024
d__dgs1_dgs1__lag034,0.805643,0.417101,0.125049,0.43677964
d__dgs10_dgs10__lag041,0.805643,0.417491,0.124604,0.4367348
d__dgs3_dgs3__lag064,0.805643,0.440123,0.101637,0.436465
d__dgs3_dgs3__lag066,0.805643,0.436675,0.10498,0.43638106
d__dgs5_dgs5__lag009,0.805643,0.449685,0.091609,0.43608966
d__dgs1_dgs1__lag032,0.805643,0.416567,0.124717,0.43608163
d__dgs10_dgs10__lag042,0.805643,0.421153,0.120106,0.43606162
d__dgs1_dgs1__lag037,0.805643,0.415807,0.125267,0.43591224
m__awotman_awotman__lag008,0.874608,0.282476,0.215797,0.43579357
d__dgs5_dgs5__lag063,0.805643,0.447274,0.093541,0.43570339
d__dgs3_dgs3__lag068,0.805643,0.437493,0.10329,0.43567743
d__dgs3_dgs3__lag067,0.805643,0.435953,0.104764,0.43562449
d__dgs1_dgs1__lag012,0.805643,0.422521,0.118147,0.4355855
d__dgs10_dgs10__lag019,0.805643,0.408784,0.131845,0.43555374
d__dgs3_dgs3__lag063,0.805643,0.438723,0.101856,0.43551376
q__bogz1fa713061103q_cb_tsy_tx__lag005,0.981191,0.298392,0.145045,0.43509659
d__dgs3_dgs3__lag070,0.805643,0.438087,0.101948,0.43507512
d__dgs1_dgs1__lag017,0.805643,0.423615,0.116025,0.43475738
d__dgs1_dgs1__lag036,0.805643,0.414546,0.124519,0.43429378
m__fedfunds_fed_funds__lag004,0.896552,0.348347,0.135439,0.43373882
d__dgs10_dgs10__lag031,0.805643,0.409539,0.128802,0.43371026
d__dgs1_dgs1__lag041,0.805643,0.414091,0.124021,0.43352556
d__dgs1_dgs1__lag042,0.805643,0.413623,0.124419,0.43347004
d__dgs1_dgs1__lag038,0.805643,0.41504,0.122986,0.43345671
q__bogz1fr213061103q_state_local_gov_ts_reval__lag005,0.981191,0.222136,0.219413,0.43324396
d__dgs1_dgs1__lag039,0.805643,0.414649,0.122927,0.43309392
m__ipncongd_ipncongd__lag008,0.987461,0.305691,0.132819,0.4330118
d__dgs10_dgs10__lag029,0.805643,0.410654,0.126311,0.43260121
d__dgs5_dgs5__lag005,0.805643,0.450746,0.086189,0.43257804
d__dgs10_dgs10__lag040,0.805643,0.419384,0.117391,0.43244929
d__dgs5_dgs5__lag001,0.805643,0.447549,0.089174,0.43240653
d__dgs1_dgs1__lag078,0.805643,0.394478,0.141438,0.43175636
d__dgs5_dgs5__lag006,0.805643,0.451437,0.084239,0.43156342
m__awotman_awotman__lag005,0.877743,0.216733,0.274768,0.43141138
d__dgs10_dgs10__lag039,0.805643,0.419539,0.115731,0.43123642
q__bogz1fa633061110q_mmf_bills_tx__lag002,0.990596,0.341745,0.093409,0.43106156
d__dgs10_dgs10__lag030,0.805643,0.409655,0.12531,0.43099063
d__dgs1_dgs1__lag043,0.805643,0.412927,0.121735,0.43074619
d__dgs1_dgs1__lag040,0.805643,0.413183,0.121305,0.43060642
d__dgs10_dgs10__lag085,0.805643,0.412107,0.121859,0.43018538
q__bogz1fa713061113q_cb_bills_tx__lag006,0.978056,0.28404,0.155362,0.4297599
d__dgs10_dgs10__lag018,0.805643,0.412691,0.120629,0.42966541
d__dgs1_dgs1__lag080,0.805643,0.392862,0.140441,0.42965218
d__dgs5_dgs5__lag004,0.805643,0.449147,0.084111,0.42961537
d__dgs1_dgs1__lag048,0.805643,0.407087,0.12603,0.42950165
d__dgs1_dgs1__lag049,0.805643,0.406491,0.12657,0.42945617
d__dgs5_dgs5__lag003,0.805643,0.449795,0.082994,0.4292373
d__dgs1_dgs1__lag054,0.805643,0.402526,0.130131,0.42913096
d__dgs10_dgs10__lag084,0.805643,0.412988,0.119649,0.42911512
d__dgs1_dgs1__lag044,0.805643,0.412535,0.12003,0.42905717
d__dgs1_dgs1__lag077,0.805643,0.394639,0.137846,0.42899275
d__dgs1_dgs1__lag079,0.805643,0.391544,0.140846,0.42891577
d__dgs1_dgs1__lag055,0.805643,0.402238,0.130089,0.42886534
d__dgs1_dgs1__lag083,0.805643,0.393656,0.138587,0.42879779
d__dgs1_dgs1__lag053,0.805643,0.402043,0.130138,0.42874794
d__dgs10_dgs10__lag086,0.805643,0.412254,0.119673,0.4285428
d__dgs1_dgs1__lag057,0.805643,0.402648,0.128889,0.42822882
d__dgs1_dgs1__lag050,0.805643,0.40494,0.126425,0.42808988
d__dgs1_dgs1__lag045,0.805643,0.411678,0.11946,0.42790773
d__dgs10_dgs10__lag090,0.802508,0.426163,0.106849,0.42774607
d__dgs10_dgs10__lag087,0.805643,0.415351,0.115509,0.42768344
d__dgs1_dgs1__lag046,0.805643,0.411321,0.119538,0.42768324
d__dgs10_dgs10__lag014,0.805643,0.407792,0.12301,0.42763625
d__dgs10_dgs10__lag089,0.805643,0.421979,0.108705,0.42754226
m__ipcongd_ipcongd__lag011,1.0,0.327196,0.100044,0.42724033
d__dgs1_dgs1__lag047,0.805643,0.407193,0.123061,0.42719558
d__dgs1_dgs1__lag081,0.805643,0.393463,0.136741,0.42715485
d__dgs10_dgs10__lag088,0.805643,0.41333,0.116858,0.42714196
d__dgs10_dgs10__lag083,0.805643,0.41207,0.118072,0.42710463
d__dgs10_dgs10__lag044,0.805643,0.411422,0.118505,0.42693221
d__dgs1_dgs1__lag052,0.805643,0.402393,0.127446,0.42686053
m__fedfunds_fed_funds__lag005,0.896552,0.330344,0.145518,0.42663436
d__dgs1_dgs1__lag058,0.805643,0.399951,0.129445,0.4265047
d__dgs10_dgs10__lag038,0.805643,0.416563,0.112468,0.42621044
d__dgs1_dgs1__lag060,0.805643,0.400271,0.128091,0.42567091
d__dgs1_dgs1__lag051,0.805643,0.402125,0.126143,0.42559517
d__dgs10_dgs10__lag013,0.805643,0.405203,0.123036,0.42557187
q__bogz1fa633061110q_mmf_bills_tx__lag004,0.984326,0.413861,0.018464,0.42554945
d__dgs1_dgs1__lag059,0.805643,0.400906,0.127271,0.42552157
d__dgs1_dgs1__lag082,0.805643,0.392773,0.135355,0.42548275
d__dgs10_dgs10__lag080,0.805643,0.407272,0.120722,0.42537428
d__dgs1_dgs1__lag056,0.805643,0.401848,0.125903,0.42517908
m__ipbuseq_ipbuseq__lag001,0.99373,0.244703,0.183043,0.42506447
d__dgs10_dgs10__lag081,0.805643,0.410414,0.116857,0.42479194
d__dgs1_dgs1__lag085,0.805643,0.393271,0.133801,0.42463117
d__dgs1_dgs1__lag084,0.805643,0.391706,0.134937,0.42428628
q__cbi_cbi__lag001,0.990596,0.216929,0.211039,0.42394349
d__dgs10_dgs10__lag043,0.805643,0.414879,0.111299,0.42391138
d__dgs1_dgs1__lag076,0.805643,0.393197,0.132978,0.4239086
d__dgs10_dgs10__lag011,0.805643,0.405015,0.121061,0.42382922
d__dgs1_dgs1__lag075,0.805643,0.395037,0.130825,0.42365697
d__dgs1_dgs1__lag086,0.805643,0.39111,0.134264,0.42326355
d__dgs10_dgs10__lag054,0.805643,0.404297,0.121049,0.42324136
m__ipdcongd_ipdcongd__lag008,0.987461,0.349504,0.079005,0.42313603
d__dgs1_dgs1__lag074,0.805643,0.394846,0.130171,0.42297539
d__dgs1_dgs1__lag090,0.802508,0.397195,0.129613,0.42276777
d__dgs10_dgs10__lag002,0.805643,0.400364,0.124241,0.42264392
d__dgs1_dgs1__lag087,0.805643,0.392104,0.132427,0.42258479
d__dgs10_dgs10__lag082,0.805643,0.410659,0.113872,0.42258437
d__dgs10_dgs10__lag017,0.805643,0.407201,0.117186,0.4224682
d__dgs10_dgs10__lag078,0.805643,0.404503,0.119474,0.42213771
d__dgs1_dgs1__lag061,0.805643,0.398665,0.125215,0.42205998
d__dgs1_dgs1__lag089,0.805643,0.393677,0.130126,0.42199786
d__dgs7_dgs7__lag023,0.711599,0.443359,0.149209,0.42167109
d__dgs10_dgs10__lag079,0.805643,0.403045,0.120286,0.42161771
d__dgs1_dgs1__lag088,0.805643,0.391655,0.131606,0.42156118
d__dgs10_dgs10__lag057,0.805643,0.410236,0.112183,0.42088294
d__dgs7_dgs7__lag025,0.711599,0.446555,0.144678,0.42072042
m__usalolitoaastsam_oecd_leading_indicator_us__lag005,0.890282,0.222952,0.249174,0.42032538
q__bogz1fr263061130q_row_gov_tsy_reval__lag005,0.981191,0.289311,0.138989,0.42024401
d__dgs10_dgs10__lag012,0.805643,0.401463,0.120046,0.42014967
q__fgdef_fgdef__lag003,0.984326,0.372856,0.053861,0.4200287
d__dgs10_dgs10__lag058,0.805643,0.404338,0.116654,0.41973284
d__dgs7_dgs7__lag022,0.711599,0.445084,0.144199,0.41933316
d__dgs1_dgs1__lag062,0.805643,0.396311,0.12403,0.41920832
q__bogz1fr763061100q_usb_tsy_oth_reval__lag005,0.981191,0.262259,0.164959,0.41918323
m__usalolitoaastsam_oecd_leading_indicator_us__lag011,0.884013,0.323027,0.150827,0.41889241
d__dgs7_dgs7__lag026,0.711599,0.445916,0.14274,0.41888739
d__dgs10_dgs10__lag048,0.805643,0.406302,0.113521,0.41879162
d__dgs1_dgs1__lag073,0.805643,0.394136,0.125641,0.41875461
d__dgs7_dgs7__lag024,0.711599,0.444027,0.144149,0.41854571
m__ipncongd_ipncongd__lag010,0.984326,0.288834,0.135794,0.41797276
d__dgs10_dgs10__lag010,0.805643,0.402416,0.116304,0.41790268
d__dgs10_dgs10__lag047,0.805643,0.401276,0.117276,0.41776761
q__bogz1fr563061103q_etfs_ts_reval__lag005,0.981191,0.193084,0.232225,0.41731041
d__dgs10_dgs10__lag045,0.805643,0.409384,0.108492,0.41722363
d__dgs10_dgs10__lag053,0.805643,0.392335,0.125483,0.41717619
d__dgs1_dgs1__lag065,0.805643,0.395744,0.121541,0.41674693
d__dgs10_dgs10__lag046,0.805643,0.406651,0.110587,0.41670898
d__dgs10_dgs10__lag055,0.805643,0.402848,0.114241,0.41658901
m__ipncongd_ipncongd__lag012,0.984326,0.270533,0.152566,0.41646783
d__dgs20_dgs20__lag023,0.805643,0.347908,0.168659,0.41616782
d__dgs1_dgs1__lag063,0.805643,0.396913,0.119553,0.41608638
d__dgs1_dgs1__lag072,0.805643,0.393384,0.122909,0.41594779
d__dgs7_dgs7__lag021,0.711599,0.447303,0.136894,0.41571388
d__dgs1_dgs1__lag071,0.805643,0.393991,0.121948,0.41566222
d__dgs10_dgs10__lag069,0.805643,0.408492,0.107337,0.41557325
m__manemp_manemp__lag009,1.0,0.310078,0.105474,0.41555204
d__dgs10_dgs10__lag077,0.805643,0.406352,0.109127,0.41529176
d__dgs7_dgs7__lag027,0.711599,0.443359,0.140011,0.4151251
d__dgs20_dgs20__lag022,0.805643,0.34838,0.16683,0.41507511
d__dgs1_dgs1__lag064,0.805643,0.39641,0.118751,0.41503545
m__awotman_awotman__lag007,0.874608,0.229729,0.244367,0.41464814
d__dgs10_dgs10__lag008,0.805643,0.400442,0.114228,0.41463983
d__dgs10_dgs10__lag065,0.805643,0.405882,0.108592,0.41448188
d__dgs10_dgs10__lag009,0.805643,0.396988,0.117421,0.41443016
q__rowcpaq027s_row_commercialpaper_flow__lag002,0.990596,0.229992,0.188356,0.41441382
d__dgs10_dgs10__lag060,0.805643,0.399598,0.114541,0.41421279
d__dgs1_dgs1__lag069,0.805643,0.392325,0.121715,0.41413308
d__dgs10_dgs10__lag007,0.805643,0.398088,0.115527,0.41378964
d__dgs7_dgs7__lag034,0.711599,0.451329,0.129906,0.41360613
d__dgs1_dgs1__lag066,0.805643,0.393253,0.119335,0.41296251
d__dgs10_dgs10__lag070,0.805643,0.408641,0.103699,0.4127629
d__dgs10_dgs10__lag061,0.805643,0.398912,0.1133,0.41265955
d__dgs10_dgs10__lag066,0.805643,0.404297,0.107327,0.41218653
d__dgs1_dgs1__lag068,0.805643,0.391703,0.119885,0.4121572
q__bogz1fr543061175q_life_insurance_ts_reval__lag006,0.978056,0.260173,0.161078,0.41200776
d__dgs7_dgs7__lag033,0.711599,0.450059,0.128838,0.41194217
d__dgs1_dgs1__lag067,0.805643,0.391446,0.119835,0.41190949
d__dgs7_dgs7__lag020,0.711599,0.442491,0.136344,0.41189794
d__dgs1_dgs1__lag070,0.805643,0.392145,0.118881,0.41170485
d__dgs20_dgs20__lag021,0.805643,0.348156,0.162852,0.41168977
d__dgs10_dgs10__lag059,0.805643,0.395468,0.115446,0.41161432
d__dgs10_dgs10__lag062,0.805643,0.398724,0.111877,0.41136213
d__dgs10_dgs10__lag056,0.805643,0.407736,0.102861,0.41135876
d__dgs10_dgs10__lag071,0.805643,0.409863,0.100526,0.41119125
q__bogz1fl763123005q_tga_usb__lag006,0.990596,0.151908,0.262324,0.41033697
m__wtisplc_wtisplc__lag004,1.0,0.000341,0.409197,0.4095377
d__dgs10_dgs10__lag068,0.805643,0.405688,0.10255,0.40945777
q__rowcpaq027s_row_commercialpaper_flow__lag008,0.971787,0.222261,0.198852,0.409232
d__dgs10_dgs10__lag050,0.805643,0.394426,0.113478,0.40918905
d__dgs7_dgs7__lag035,0.711599,0.447381,0.127508,0.40909047
d__dgs10_dgs10__lag005,0.805643,0.398373,0.109282,0.40898834
d__dgs10_dgs10__lag075,0.805643,0.406188,0.101276,0.40883465
d__dgs10_dgs10__lag073,0.805643,0.410163,0.097199,0.40875174
d__dgs7_dgs7__lag028,0.711599,0.440658,0.133708,0.4087185
d__dgs20_dgs20__lag025,0.805643,0.346617,0.160675,0.40869573
d__dgs10_dgs10__lag049,0.805643,0.398678,0.108575,0.40866427
d__dgs10_dgs10__lag074,0.805643,0.406464,0.100766,0.4086458
d__dgs10_dgs10__lag052,0.805643,0.388529,0.118631,0.4085895
d__dgs10_dgs10__lag067,0.805643,0.402968,0.104022,0.40845211
d__dgs10_dgs10__lag006,0.805643,0.398402,0.108405,0.40830588
d__dgs7_dgs7__lag037,0.711599,0.455166,0.118538,0.40824692
d__dgs10_dgs10__lag001,0.805643,0.394433,0.112275,0.40822569
d__dgs7_dgs7__lag016,0.711599,0.444965,0.128304,0.40793716
d__dgs20_dgs20__lag026,0.805643,0.347055,0.159288,0.4079318
d__dgs20_dgs20__lag024,0.805643,0.346259,0.160008,0.40787013
m__ipncongd_ipncongd__lag007,0.987461,0.276478,0.136539,0.40783785
m__usgood_usgood__lag009,1.0,0.313113,0.094615,0.40772818
d__dgs10_dgs10__lag076,0.805643,0.404237,0.101345,0.40731876
d__dgs7_dgs7__lag036,0.711599,0.451228,0.120959,0.40716702
q__bogz1fl712051000q_fed_rrp__lag006,0.990596,0.39086,0.019603,0.40660251
q__bogz1fl633061110q_mmf_bills_raw__lag001,1.0,0.344006,0.062385,0.40639091
q__bogz1fl633061110q_mmf_bills__lag001,1.0,0.344006,0.062385,0.40639091
d__dgs10_dgs10__lag051,0.805643,0.39266,0.111745,0.40637011
d__dgs7_dgs7__lag041,0.711599,0.450334,0.120732,0.40636956
d__dgs10_dgs10__lag072,0.805643,0.408739,0.0953,0.40607543
d__dgs10_dgs10__lag004,0.805643,0.396403,0.106993,0.40555741
d__dgs7_dgs7__lag042,0.711599,0.452873,0.116502,0.40516596
d__dgs20_dgs20__lag020,0.805643,0.343612,0.159186,0.40507544
d__dgs10_dgs10__lag064,0.805643,0.399389,0.103189,0.4048986
d__dgs7_dgs7__lag032,0.711599,0.445029,0.12396,0.40489162
d__dgs10_dgs10__lag003,0.805643,0.396621,0.105829,0.40479522
d__dgs7_dgs7__lag086,0.711599,0.443228,0.125442,0.40466435
d__dgs7_dgs7__lag085,0.711599,0.443216,0.125436,0.40465249
d__dgs20_dgs20__lag034,0.805643,0.355693,0.146469,0.40456263
m__unrate_unrate__lag012,0.971787,0.373439,0.042612,0.40431251
d__dgs7_dgs7__lag090,0.711599,0.45583,0.11191,0.40400265
m__fedfunds_fed_funds__lag006,0.896552,0.319426,0.131049,0.40387437
d__dgs7_dgs7__lag031,0.711599,0.44194,0.125453,0.40375591
q__bogz1fl713061113q_cb_bills_raw__lag008,0.984326,0.332961,0.077048,0.40358241
q__bogz1fl713061113q_cb_bills__lag008,0.984326,0.332961,0.077048,0.40358241
q__bogz1fr733061103q_holding_companies_ts_reval__lag005,0.981191,0.204166,0.207086,0.40351618
d__dgs20_dgs20__lag033,0.805643,0.356838,0.143876,0.40339639
d__dgs7_dgs7__lag019,0.711599,0.444649,0.122236,0.40339464
d__dgs20_dgs20__lag015,0.805643,0.347323,0.153358,0.4033704
d__dgs7_dgs7__lag029,0.711599,0.444284,0.122328,0.40320035
d__dgs7_dgs7__lag015,0.711599,0.442692,0.123907,0.40319126
m__ipdcongd_ipdcongd__lag003,0.99373,0.233749,0.171918,0.40312414
q__hnotsbq027s_hhnp_tsy_tx__lag008,0.971787,0.341498,0.073324,0.40311938
q__bogz1fa313161110q_totalbills_z1_tx__lag004,0.984326,0.407101,0.002296,0.40298073
d__dgs7_dgs7__lag084,0.711599,0.443268,0.122949,0.40291926
m__ipfinal_ipfinal__lag010,1.0,0.342297,0.060518,0.40281534
d__dgs10_dgs10__lag063,0.805643,0.396162,0.103554,0.40259255
q__bogz1lm543061115q_li_bills__lag001,1.0,0.206452,0.195675,0.4021269
d__dgs20_dgs20__lag016,0.805643,0.345165,0.15378,0.40197107
d__dgs7_dgs7__lag083,0.711599,0.443821,0.120955,0.40189381
m__wtisplc_wtisplc__lag003,1.0,0.020239,0.38165,0.40188889
m__manemp_manemp__lag008,1.0,0.304652,0.097193,0.40184554
d__dgs7_dgs7__lag087,0.711599,0.444428,0.120046,0.40167901
m__ipcongd_ipcongd__lag007,1.0,0.346819,0.05481,0.4016294
d__dgs7_dgs7__lag088,0.711599,0.442768,0.121057,0.40121717
d__dgs20_dgs20__lag027,0.805643,0.343462,0.154471,0.40115601
d__dgs7_dgs7__lag089,0.711599,0.450497,0.113211,0.40113404
d__dgs7_dgs7__lag030,0.711599,0.442865,0.119811,0.40039915
d__dgs7_dgs7__lag040,0.711599,0.451292,0.111101,0.4001978
m__indpro_indpro__lag001,1.0,0.226215,0.173575,0.3997895
q__rowcpaq027s_row_commercialpaper_flow__lag004,0.984326,0.264407,0.141719,0.39976125
q__bogz1fa633061105q_money_market_funds_ts_tx__lag003,0.987461,0.28528,0.119449,0.39965392
d__dgs7_dgs7__lag039,0.711599,0.45121,0.110382,0.39962813
q__ncbtsaq027s_nfcb_tsy_tx__lag002,0.990596,0.171961,0.231251,0.39941974
d__dgs7_dgs7__lag080,0.711599,0.438074,0.122829,0.39913802
d__dgs20_dgs20__lag035,0.805643,0.349955,0.145469,0.39913485
q__bogz1fr543061175q_life_insurance_ts_reval__lag003,0.987461,0.317137,0.087025,0.39909401
d__dgs7_dgs7__lag044,0.711599,0.446714,0.11356,0.39869066
d__dgs20_dgs20__lag019,0.805643,0.34523,0.149035,0.39820128
m__wpu0561_ppi_crude__lag005,0.990596,0.026208,0.375689,0.39811799
d__dgs20_dgs20__lag036,0.805643,0.356392,0.137604,0.39798433
d__dgs20_dgs20__lag032,0.805643,0.351888,0.142055,0.39794221
d__dgs7_dgs7__lag078,0.711599,0.436184,0.122856,0.39781199
d__dgs7_dgs7__lag018,0.711599,0.447957,0.111062,0.39779666
d__dgs7_dgs7__lag081,0.711599,0.440544,0.118183,0.3975894
d__dgs20_dgs20__lag037,0.805643,0.357014,0.136362,0.39748453
m__manemp_manemp__lag012,1.0,0.252368,0.144413,0.39678098
d__dgs7_dgs7__lag079,0.711599,0.434739,0.122251,0.39635369
d__dgs7_dgs7__lag038,0.711599,0.449108,0.107529,0.39610207
d__dgs20_dgs20__lag041,0.805643,0.35305,0.138186,0.39576135
d__dgs7_dgs7__lag082,0.711599,0.441345,0.114419,0.3954811
m__awhman_awhman__lag009,1.0,0.213718,0.181734,0.39545123
d__dgs7_dgs7__lag043,0.711599,0.448401,0.107276,0.39541908
d__dgs7_dgs7__lag054,0.711599,0.440815,0.114173,0.39492869
d__dgs20_dgs20__lag002,0.805643,0.342757,0.147015,0.39458107
d__dgs20_dgs20__lag014,0.805643,0.348006,0.141542,0.39440121
d__dgs20_dgs20__lag042,0.805643,0.357129,0.132345,0.39434133
d__dgs20_dgs20__lag013,0.805643,0.347272,0.142174,0.39431819
m__ipman_ipman__lag003,0.680251,0.331696,0.247881,0.39425748
d__dgs20_dgs20__lag028,0.805643,0.340952,0.148311,0.39417086
d__dgs7_dgs7__lag057,0.711599,0.445433,0.108322,0.3940513
q__bogz1lm403061105q_gses_ts__lag001,1.0,0.365542,0.028495,0.39403745
q__bogz1lm403061105q_gse_tsy__lag001,1.0,0.365542,0.028495,0.39403745
q__bogz1fa343061113q_fed_gov_dcf_retirement_ts_tx__lag002,0.990596,0.300153,0.097603,0.39401481
m__wtisplc_wtisplc__lag005,1.0,0.018639,0.375363,0.39400181
m__wpu0561_ppi_crude__lag004,0.990596,0.005868,0.391639,0.39376853
d__dgs7_dgs7__lag048,0.711599,0.442299,0.109962,0.3929886
q__bogz1fa763061100q_usb_tsy_oth_tx__lag003,0.987461,0.319505,0.078453,0.39296748
d__dgs20_dgs20__lag011,0.805643,0.34598,0.141621,0.39283191
m__wpu0561_ppi_crude__lag003,0.99373,0.010175,0.385052,0.39274894
d__dgs7_dgs7__lag014,0.711599,0.438444,0.11341,0.39269873
d__dgs7_dgs7__lag058,0.711599,0.438895,0.112895,0.39265296
d__dgs20_dgs20__lag018,0.805643,0.34881,0.13854,0.3926301
m__ipncongd_ipncongd__lag011,0.984326,0.24783,0.150766,0.39234907
d__dgs20_dgs20__lag040,0.805643,0.355308,0.131558,0.39224003
d__dgs20_dgs20__lag031,0.805643,0.346514,0.140165,0.39208948
d__dgs7_dgs7__lag047,0.711599,0.437855,0.112567,0.39167949
d__dgs7_dgs7__lag077,0.711599,0.437995,0.11224,0.39154589
q__bogz1fa313161105q_tsy_net_tx__lag001,0.99373,0.268574,0.124981,0.39108741
d__dgs7_dgs7__lag017,0.711599,0.442035,0.107481,0.39103469
d__dgs7_dgs7__lag045,0.711599,0.445003,0.104419,0.39096767
d__dgs7_dgs7__lag046,0.711599,0.442696,0.106589,0.39087053
m__manemp_manemp__lag011,1.0,0.250515,0.13987,0.39038541
d__dgs7_dgs7__lag055,0.711599,0.438674,0.10974,0.39025058
d__dgs20_dgs20__lag030,0.805643,0.346273,0.137978,0.39013274
d__dgs20_dgs20__lag039,0.805643,0.355839,0.128388,0.39011379
m__fedfunds_fed_funds__lag007,0.893417,0.303886,0.132619,0.38998127
d__dgs7_dgs7__lag053,0.711599,0.429123,0.118837,0.38992736
d__dgs20_dgs20__lag012,0.805643,0.343443,0.140508,0.38989198
q__bogz1fl713068703q_fed_dw_a__lag007,0.987461,0.250745,0.144073,0.38986749
d__dgs7_dgs7__lag013,0.711599,0.43604,0.111814,0.3898523
d__dgs7_dgs7__lag060,0.711599,0.435566,0.111443,0.3892508
d__dgs20_dgs20__lag029,0.805643,0.346034,0.137083,0.38921975
q__bogz1fl543061175q_life_insurance_ts__lag001,1.0,0.278889,0.109384,0.38827265
q__bogz1fa763061100q_usb_tsy_oth_tx__lag001,0.99373,0.352436,0.038244,0.38823095
q__cbi_cbi__lag002,0.987461,0.263526,0.129467,0.38806588
d__mortgage30us_mortgage30us__lag017,0.689655,0.446081,0.116318,0.38786096
d__dgs7_dgs7__lag059,0.711599,0.433064,0.111816,0.38773645
d__mortgage30us_mortgage30us__lag019,0.689655,0.443661,0.118359,0.38759967
d__dgs7_dgs7__lag061,0.711599,0.434756,0.109928,0.38759679
d__dgs7_dgs7__lag065,0.711599,0.439617,0.105029,0.38756966
d__dgs7_dgs7__lag002,0.711599,0.431279,0.113252,0.38748769
d__dgs7_dgs7__lag069,0.711599,0.441131,0.103203,0.38734775
d__mortgage30us_mortgage30us__lag018,0.689655,0.444714,0.116874,0.38730207
d__dgs20_dgs20__lag084,0.805643,0.351672,0.12894,0.38720157
d__dgs20_dgs20__lag010,0.805643,0.342714,0.137816,0.38713519
m__awhman_awhman__lag008,1.0,0.137005,0.250005,0.38700959
d__dgs20_dgs20__lag017,0.805643,0.343854,0.136342,0.38686639
d__dgs20_dgs20__lag085,0.805643,0.35026,0.129912,0.38684692
d__dgs7_dgs7__lag011,0.711599,0.43644,0.106808,0.38657455
m__usgood_usgood__lag008,1.0,0.299095,0.087467,0.38656129
d__dgs20_dgs20__lag089,0.805643,0.36372,0.116003,0.38648477
d__dgs20_dgs20__lag086,0.805643,0.351182,0.128011,0.38605808
m__awotman_awotman__lag012,0.871473,0.332613,0.110366,0.38604524
d__dgs7_dgs7__lag062,0.711599,0.434138,0.108234,0.3859508
d__mortgage30us_mortgage30us__lag016,0.689655,0.442009,0.117539,0.38589509
d__dgs20_dgs20__lag087,0.805643,0.357404,0.121541,0.38585862
d__dgs20_dgs20__lag083,0.805643,0.350966,0.127663,0.38560388
d__dgs20_dgs20__lag090,0.802508,0.367026,0.113263,0.38543577
d__dgs7_dgs7__lag049,0.711599,0.436011,0.105464,0.38531285
d__mortgage30us_mortgage30us__lag014,0.689655,0.448901,0.109795,0.38530738
m__ipman_ipman__lag002,0.680251,0.343079,0.223274,0.3852621
d__dgs7_dgs7__lag066,0.711599,0.436879,0.104455,0.38521304
d__dgs20_dgs20__lag088,0.805643,0.355655,0.122072,0.38487662
d__dgs20_dgs20__lag080,0.805643,0.346663,0.131001,0.38482595
d__dgs20_dgs20__lag038,0.805643,0.352189,0.125455,0.38481038
d__dgs20_dgs20__lag081,0.805643,0.348856,0.128768,0.38479446
d__dgs7_dgs7__lag056,0.711599,0.442225,0.09849,0.38477221
d__dgs7_dgs7__lag070,0.711599,0.440646,0.1,0.38472307
d__dgs20_dgs20__lag009,0.805643,0.338335,0.139059,0.38460936
m__mcumfn_caputil_man__lag009,0.673981,0.448019,0.122481,0.38450613
d__dgs7_dgs7__lag075,0.711599,0.438928,0.101388,0.38448777
m__awotman_awotman__lag003,0.880878,0.177218,0.259233,0.38446007
d__dgs7_dgs7__lag052,0.711599,0.427732,0.112538,0.38445554
d__dgs7_dgs7__lag071,0.711599,0.441971,0.098201,0.38438512
d__dgs7_dgs7__lag073,0.711599,0.442878,0.09725,0.38435401
d__dgs20_dgs20__lag082,0.805643,0.350108,0.126924,0.38431753
d__dgs7_dgs7__lag076,0.711599,0.436184,0.103817,0.38426432
d__dgs20_dgs20__lag008,0.805643,0.341864,0.135046,0.38421963
d__dgs7_dgs7__lag074,0.711599,0.439367,0.100557,0.38420938
d__mortgage30us_mortgage30us__lag020,0.689655,0.439953,0.116975,0.38408858
q__ad02rc1q027sbea_gov_netlending__lag004,0.824451,0.336467,0.129376,0.38406508
d__dgs7_dgs7__lag050,0.711599,0.431053,0.108602,0.3840179
m__manemp_manemp__lag007,1.0,0.293458,0.090369,0.38382718
d__dgs7_dgs7__lag012,0.711599,0.433327,0.105723,0.38358726
m__manemp_manemp__lag010,1.0,0.248521,0.134958,0.38347929
d__dgs7_dgs7__lag068,0.711599,0.438399,0.099875,0.38303466
d__dgs7_dgs7__lag067,0.711599,0.435597,0.102363,0.38281197
d__dgs7_dgs7__lag010,0.711599,0.434569,0.103018,0.38254611
q__bogz1fr543061175q_life_insurance_ts_reval__lag004,0.984326,0.368679,0.019827,0.3824174
d__dgs20_dgs20__lag044,0.805643,0.344204,0.130452,0.3824034
d__dgs7_dgs7__lag051,0.711599,0.430874,0.106268,0.3822295
d__dgs7_dgs7__lag072,0.711599,0.442086,0.094984,0.38217854
m__mcumfn_caputil_man__lag003,0.680251,0.320697,0.241075,0.3821462
d__mortgage30us_mortgage30us__lag011,0.689655,0.45163,0.102133,0.38190554
m__usalolitoaastsam_oecd_leading_indicator_us__lag004,0.890282,0.193408,0.235555,0.38189812
q__bogz1fl702050005q_usb_ffrrp__lag008,0.984326,0.295204,0.092673,0.38179739
d__mortgage30us_mortgage30us__lag012,0.689655,0.449749,0.103726,0.38170664
d__mortgage30us_mortgage30us__lag013,0.689655,0.449217,0.1042,0.38166664
m__ipncongd_ipncongd__lag002,0.99373,0.279728,0.104312,0.38163166
m__ipman_ipman__lag005,0.677116,0.345091,0.218387,0.38154032
d__dgs20_dgs20__lag007,0.805643,0.338403,0.134806,0.38123759
d__mortgage30us_mortgage30us__lag010,0.689655,0.452044,0.100461,0.38103826
d__dgs20_dgs20__lag079,0.805643,0.342472,0.130119,0.38073991
d__dgs7_dgs7__lag064,0.711599,0.43504,0.099822,0.38060774
d__dgs7_dgs7__lag007,0.711599,0.429952,0.104719,0.38047124
d__dgs20_dgs20__lag043,0.805643,0.348608,0.123511,0.38035894
q__netfi_netfi__lag005,0.978056,0.282871,0.105986,0.38032438
d__mortgage30us_mortgage30us__lag015,0.689655,0.447089,0.104078,0.3801149
q__bogz1fl704135005q_usb_loan_l__lag008,0.984326,0.20153,0.184551,0.38003039
m__mcumfn_caputil_man__lag005,0.677116,0.356888,0.204143,0.37988258
q__bogz1fl713061113q_cb_bills_raw__lag007,0.987461,0.316858,0.067845,0.37987878
q__bogz1fl713061113q_cb_bills__lag007,0.987461,0.316858,0.067845,0.37987878
d__dgs20_dgs20__lag005,0.805643,0.340256,0.131243,0.37985931
q__bogz1fa763061100q_usb_tsy_oth_tx__lag004,0.984326,0.292899,0.092782,0.37963592
d__dgs20_dgs20__lag078,0.805643,0.342789,0.128353,0.37957189
d__dgs7_dgs7__lag008,0.711599,0.432836,0.10037,0.37942904
q__bogz1fl704141005q_usb_stloan_l__lag008,0.984326,0.197853,0.187564,0.37937597
q__bogz1fl704141005q_usb_stloan_l__lag007,0.987461,0.189317,0.194819,0.37931933
q__netfi_netfi__lag004,0.981191,0.273147,0.113439,0.37931526
d__dgs20_dgs20__lag001,0.805643,0.336969,0.133687,0.37918027
q__bogz1fl704135005q_usb_loan_l__lag007,0.987461,0.192313,0.191505,0.37900579
d__dgs20_dgs20__lag006,0.805643,0.339304,0.131,0.37889692
q__bogz1fl313024000q_tres_oper_cash__lag003,1.0,0.361962,0.016824,0.37878612
d__dgs7_dgs7__lag063,0.711599,0.431842,0.099888,0.37837832
q__bogz1fl263061130q_row_gov_tsy__lag001,1.0,0.205444,0.172895,0.37833934
d__dgs20_dgs20__lag058,0.805643,0.340964,0.128292,0.37805209
d__dgs7_dgs7__lag009,0.711599,0.428432,0.102605,0.37788547
m__ipcongd_ipcongd__lag003,1.0,0.338594,0.039122,0.37771597
d__dgs20_dgs20__lag057,0.805643,0.34533,0.123401,0.37762959
q__bogz1fa313161105q_tsy_net_tx__lag003,0.987461,0.337544,0.044668,0.37741995
d__dgs20_dgs20__lag054,0.805643,0.338737,0.129726,0.37741333
d__mortgage30us_mortgage30us__lag009,0.689655,0.449301,0.097835,0.37733547
q__cbi_cbi__lag005,0.978056,0.305542,0.079697,0.37678589
d__mortgage30us_mortgage30us__lag090,0.689655,0.419406,0.12663,0.37657654
d__mortgage30us_mortgage30us__lag008,0.689655,0.451875,0.093987,0.37645695
d__mortgage30us_mortgage30us__lag089,0.689655,0.419009,0.126751,0.37638632
m__awhman_awhman__lag006,1.0,0.085544,0.290793,0.37633635
d__mortgage30us_mortgage30us__lag084,0.689655,0.419485,0.125762,0.3760323
d__dgs20_dgs20__lag004,0.805643,0.338196,0.128294,0.37582414
m__uempmean_uempmean__lag001,0.981191,0.269224,0.113605,0.37562871
d__dgs20_dgs20__lag003,0.805643,0.338843,0.127225,0.37548442
d__dgs7_dgs7__lag005,0.711599,0.429026,0.098431,0.37533786
d__mortgage30us_mortgage30us__lag088,0.689655,0.417439,0.126771,0.37531736
m__ipncongd_ipncongd__lag004,0.990596,0.269748,0.108924,0.37511129
d__mortgage30us_mortgage30us__lag087,0.689655,0.417934,0.125909,0.37506447
d__dgs20_dgs20__lag047,0.805643,0.335419,0.130107,0.37504793
d__dgs7_dgs7__lag001,0.711599,0.425127,0.1018,0.3749602
d__dgs7_dgs7__lag006,0.711599,0.4302,0.096328,0.37467634
d__mortgage30us_mortgage30us__lag080,0.689655,0.412218,0.13097,0.37461233
d__dgs20_dgs20__lag065,0.805643,0.341995,0.122862,0.37450891
d__mortgage30us_mortgage30us__lag027,0.689655,0.433913,0.108691,0.37420938
d__dgs20_dgs20__lag048,0.805643,0.339965,0.124314,0.37404282
d__mortgage30us_mortgage30us__lag007,0.689655,0.447943,0.094291,0.37395507
d__mortgage30us_mortgage30us__lag086,0.689655,0.41635,0.125408,0.37362662
d__dgs20_dgs20__lag060,0.805643,0.33822,0.125383,0.37349816
d__dgs20_dgs20__lag046,0.805643,0.341972,0.121572,0.37345076
q__bogz1fl713068703q_fed_dw_a__lag006,0.990596,0.219079,0.157871,0.37340484
m__awhman_awhman__lag005,1.0,0.065509,0.307872,0.37338039
d__dgs20_dgs20__lag066,0.805643,0.34278,0.120672,0.37337702
q__bogz1fr543061175q_life_insurance_ts_reval__lag008,0.971787,0.320603,0.063533,0.3732982
d__dgs20_dgs20__lag069,0.805643,0.343964,0.119378,0.37328795
m__fedfunds_fed_funds__lag008,0.893417,0.286638,0.130804,0.37295009
d__dgs20_dgs20__lag053,0.805643,0.32723,0.135626,0.37289664
d__dgs20_dgs20__lag045,0.805643,0.342882,0.119857,0.3728025
d__mortgage30us_mortgage30us__lag079,0.689655,0.411604,0.128789,0.37268492
q__bogz1fl263061130q_row_gov_tsy__lag002,1.0,0.194654,0.17794,0.37259416
q__bogz1fl704135005q_usb_loan_l__lag001,1.0,0.264636,0.107952,0.37258839
q__fbtsatq027s_dom_fin_sector_tsy_tx__lag005,0.981191,0.249375,0.130292,0.37252563
d__mortgage30us_mortgage30us__lag085,0.689655,0.416816,0.123217,0.37243628
d__mortgage30us_mortgage30us__lag081,0.689655,0.412476,0.127557,0.37243609
d__dgs7_dgs7__lag004,0.711599,0.428053,0.094957,0.37217294
d__dgs20_dgs20__lag070,0.805643,0.345304,0.116571,0.37210547
m__usgood_usgood__lag012,1.0,0.244243,0.127821,0.37206443
m__mcumfn_caputil_man__lag006,0.677116,0.34174,0.207491,0.37189304
m__ipfinal_ipfinal__lag012,1.0,0.329112,0.042751,0.37186245
d__dgs20_dgs20__lag062,0.805643,0.336758,0.124574,0.37166825
d__dgs20_dgs20__lag061,0.805643,0.337141,0.124138,0.37162637
d__mortgage30us_mortgage30us__lag082,0.689655,0.412369,0.126269,0.37147459
d__dgs20_dgs20__lag077,0.805643,0.344213,0.116828,0.37143461
d__mortgage30us_mortgage30us__lag083,0.689655,0.413942,0.124439,0.37129694
d__dgs7_dgs7__lag003,0.711599,0.427035,0.094711,0.3712737
m__ipncongd_ipncongd__lag005,0.990596,0.279978,0.094664,0.37111918
d__dgs20_dgs20__lag055,0.805643,0.337605,0.122433,0.37062634
q__bogz1fl704141005q_usb_stloan_l__lag001,1.0,0.260891,0.109633,0.37052392
q__bogz1fa713061113q_cb_bills_tx__lag004,0.984326,0.344674,0.031527,0.37030433
m__ipman_ipman__lag006,0.677116,0.321681,0.224854,0.37006763
d__mortgage30us_mortgage30us__lag025,0.689655,0.432838,0.10363,0.36997762
d__mortgage30us_mortgage30us__lag078,0.689655,0.4164,0.11996,0.36990329
m__mcumfn_caputil_man__lag008,0.673981,0.416504,0.132122,0.36976341
m__ipman_ipman__lag004,0.677116,0.32294,0.222729,0.36948124
m__mcumfn_caputil_man__lag002,0.680251,0.321773,0.221194,0.36935397
d__mortgage30us_mortgage30us__lag026,0.689655,0.432085,0.103374,0.36928197
d__mortgage30us_mortgage30us__lag070,0.689655,0.414063,0.121022,0.36902393
d__mortgage30us_mortgage30us__lag023,0.689655,0.430575,0.104487,0.36900882
d__dgs20_dgs20__lag071,0.805643,0.344866,0.112916,0.36880845
d__dgs20_dgs20__lag059,0.805643,0.331357,0.126423,0.36880664
d__dgs20_dgs20__lag068,0.805643,0.342355,0.115189,0.36861714
d__mortgage30us_mortgage30us__lag024,0.689655,0.432698,0.101713,0.36855969
m__ipcongd_ipcongd__lag001,1.0,0.292344,0.076027,0.36837158
d__mortgage30us_mortgage30us__lag021,0.689655,0.433515,0.100549,0.36831987
m__usgood_usgood__lag007,1.0,0.287991,0.080131,0.36812148
d__mortgage30us_mortgage30us__lag028,0.689655,0.436168,0.097548,0.3680802
d__mortgage30us_mortgage30us__lag022,0.689655,0.431519,0.101989,0.36793659
q__bogz1fa573061133q_private_dc_pension_ts_tx__lag001,0.99373,0.362404,0.007392,0.36747809
m__ipdcongd_ipdcongd__lag002,0.99373,0.223624,0.146126,0.36743118
q__bogz1fl543061175q_life_insurance_ts__lag002,1.0,0.260167,0.10714,0.36730733
q__rowcbaq027s_row_corpbonds_flow__lag005,0.981191,0.300209,0.073892,0.36706488
d__dgs20_dgs20__lag052,0.805643,0.323126,0.132462,0.36704105
d__dgs20_dgs20__lag067,0.805643,0.339721,0.115545,0.36678226
d__dgs20_dgs20__lag056,0.805643,0.342825,0.112254,0.366631
d__dgs20_dgs20__lag064,0.805643,0.335987,0.119085,0.36662486
q__bogz1lm403061105q_gses_ts__lag002,1.0,0.352258,0.014354,0.36661263
q__bogz1lm403061105q_gse_tsy__lag002,1.0,0.352258,0.014354,0.36661263
d__mortgage30us_mortgage30us__lag075,0.689655,0.410892,0.120428,0.366428
d__dgs20_dgs20__lag074,0.805643,0.343602,0.110701,0.36600599
q__bogz1fr713061113q_cb_bills_reval__lag005,0.981191,0.327505,0.045224,0.36571838
m__ipman_ipman__lag009,0.673981,0.39508,0.147016,0.36536231
d__mortgage30us_mortgage30us__lag074,0.689655,0.409571,0.1201,0.36529036
m__ipncongd_ipncongd__lag006,0.990596,0.289167,0.079588,0.36528724
d__mortgage30us_mortgage30us__lag073,0.689655,0.408656,0.120895,0.36520732
d__mortgage30us_mortgage30us__lag077,0.689655,0.412753,0.116378,0.36491825
d__dgs20_dgs20__lag075,0.805643,0.342087,0.110712,0.36479418
d__dgs20_dgs20__lag073,0.805643,0.344787,0.107882,0.36468952
d__dgs20_dgs20__lag050,0.805643,0.32896,0.123047,0.36415587
q__netfi_netfi__lag003,0.984326,0.223468,0.146432,0.36410228
d__dgs20_dgs20__lag076,0.805643,0.342011,0.109899,0.36407793
d__dgs20_dgs20__lag063,0.805643,0.333469,0.118386,0.36403387
d__mortgage30us_mortgage30us__lag033,0.689655,0.432935,0.094459,0.36372022
q__bogz1fr263061145q_row_priv_tsy_reval__lag007,0.974922,0.149966,0.222351,0.36297974
d__mortgage30us_mortgage30us__lag076,0.689655,0.408838,0.11736,0.36289517
d__mortgage30us_mortgage30us__lag029,0.689655,0.434284,0.091449,0.3625741
d__mortgage30us_mortgage30us__lag072,0.689655,0.40814,0.117397,0.3624395
q__bogz1fl702050005q_usb_ffrrp__lag004,0.996865,0.316894,0.04668,0.36243421
d__dgs20_dgs20__lag049,0.805643,0.332573,0.117016,0.36220853
d__mortgage30us_mortgage30us__lag034,0.689655,0.430376,0.094787,0.36218136
d__dgs20_dgs20__lag051,0.805643,0.32657,0.122855,0.36207601
m__mcumfn_caputil_man__lag004,0.677116,0.323631,0.211087,0.36206593
d__dgs20_dgs20__lag072,0.805643,0.34322,0.106161,0.36204038
m__usgood_usgood__lag011,1.0,0.238133,0.123606,0.36173848
d__mortgage30us_mortgage30us__lag030,0.689655,0.433819,0.090616,0.36167922
d__mortgage30us_mortgage30us__lag032,0.689655,0.432262,0.092044,0.36159063
m__ipncongd_ipncongd__lag003,0.99373,0.282743,0.0808,0.36126343
d__mortgage30us_mortgage30us__lag006,0.689655,0.4415,0.081811,0.36090411
m__awotman_awotman__lag004,0.877743,0.160632,0.250515,0.3608813
d__mortgage30us_mortgage30us__lag031,0.689655,0.431252,0.091875,0.36077716
d__mortgage30us_mortgage30us__lag036,0.689655,0.43016,0.092564,0.36049985
d__mortgage30us_mortgage30us__lag005,0.689655,0.442226,0.080274,0.36034485
m__uempmean_uempmean__lag002,0.981191,0.226575,0.140509,0.36017943
d__mortgage30us_mortgage30us__lag071,0.689655,0.408354,0.113826,0.36012405
d__dgs2_dgs2__lag025,0.626959,0.451426,0.122642,0.35991734
m__manemp_manemp__lag006,1.0,0.314556,0.045358,0.35991424
d__mortgage30us_mortgage30us__lag003,0.689655,0.439144,0.082665,0.35986883
q__rowceaq027s_row_corpequities_flow__lag002,0.990596,0.217368,0.145743,0.35969621
d__mortgage30us_mortgage30us__lag035,0.689655,0.429664,0.091875,0.35968168
q__bogz1lm543061115q_li_bills__lag002,1.0,0.200805,0.158643,0.35944781
d__mortgage30us_mortgage30us__lag004,0.689655,0.44048,0.080416,0.35923854
m__tcu_tcu__lag001,0.742947,0.318601,0.164875,0.35919721
m__awhman_awhman__lag007,1.0,0.087586,0.271543,0.35912834
q__rowgseq027s_row_agency_flow__lag001,0.99373,0.307791,0.052995,0.35852395
m__ipmat_ipmat__lag003,1.0,0.08674,0.271649,0.3583895
d__mortgage30us_mortgage30us__lag040,0.689655,0.421879,0.097682,0.3583178
d__mortgage30us_mortgage30us__lag037,0.689655,0.428903,0.090423,0.35815565
m__tcu_tcu__lag010,0.733542,0.384041,0.103825,0.35787099
m__ipncongd_ipncongd__lag001,0.99373,0.227344,0.132774,0.3578599
m__ipdcongd_ipdcongd__lag004,0.990596,0.216403,0.14484,0.35784618
q__bogz1fr403061105q_gses_ts_reval__lag004,0.984326,0.301174,0.062273,0.35775047
d__dgs2_dgs2__lag024,0.626959,0.448336,0.122077,0.35762544
d__dgs2_dgs2__lag026,0.626959,0.449307,0.121028,0.35757679
m__manemp_manemp__lag005,1.0,0.315386,0.041782,0.3571678
d__dgs2_dgs2__lag016,0.626959,0.450653,0.118947,0.35711632
d__mortgage30us_mortgage30us__lag069,0.689655,0.407773,0.110011,0.35709186
d__dgs2_dgs2__lag023,0.626959,0.446363,0.123156,0.35706575
d__mortgage30us_mortgage30us__lag065,0.689655,0.410645,0.106654,0.35675812
d__mortgage30us_mortgage30us__lag039,0.689655,0.42205,0.095243,0.35675389
d__mortgage30us_mortgage30us__lag064,0.689655,0.410012,0.106994,0.35655557
d__dgs2_dgs2__lag020,0.626959,0.449355,0.11933,0.35654212
d__mortgage30us_mortgage30us__lag002,0.689655,0.435628,0.081313,0.35651097
d__mortgage30us_mortgage30us__lag038,0.689655,0.423164,0.093577,0.35637358
m__usgood_usgood__lag010,1.0,0.237117,0.119255,0.35637203
d__dgs2_dgs2__lag021,0.626959,0.452,0.116238,0.35626171
m__usgood_usgood__lag006,1.0,0.313231,0.042853,0.35608354
m__usgood_usgood__lag005,1.0,0.314657,0.041297,0.35595353
d__mortgage30us_mortgage30us__lag046,0.689655,0.411525,0.104512,0.35588769
q__cbi_cbi__lag004,0.981191,0.346254,0.016357,0.35579069
d__mortgage30us_mortgage30us__lag051,0.689655,0.411459,0.104417,0.35577652
m__ipmat_ipmat__lag002,1.0,0.098811,0.256865,0.35567685
d__dgs2_dgs2__lag027,0.626959,0.449181,0.118028,0.35561742
d__mortgage30us_mortgage30us__lag049,0.689655,0.410052,0.105581,0.35560869
d__mortgage30us_mortgage30us__lag001,0.689655,0.436764,0.078784,0.35555
d__mortgage30us_mortgage30us__lag053,0.689655,0.410829,0.104617,0.35548029
d__mortgage30us_mortgage30us__lag054,0.689655,0.409208,0.106173,0.35543493
d__mortgage30us_mortgage30us__lag041,0.689655,0.41998,0.095264,0.35534023
q__bogz1fl753061103q_usb_tsy_for__lag007,0.987461,0.219275,0.140469,0.35523248
d__mortgage30us_mortgage30us__lag047,0.689655,0.410887,0.104015,0.35510497
d__mortgage30us_mortgage30us__lag052,0.689655,0.410128,0.104667,0.35503145
d__mortgage30us_mortgage30us__lag043,0.689655,0.417948,0.096657,0.35490015
m__ipman_ipman__lag008,0.673981,0.371529,0.155013,0.35487949
q__bogz1fl633061110q_mmf_bills_raw__lag002,1.0,0.33121,0.023626,0.35483526
q__bogz1fl633061110q_mmf_bills__lag002,1.0,0.33121,0.023626,0.35483526
q__bogz1fl263061130q_row_gov_tsy__lag003,1.0,0.179118,0.175503,0.35462054
d__dgs2_dgs2__lag022,0.626959,0.447498,0.117988,0.35453695
d__mortgage30us_mortgage30us__lag066,0.689655,0.409579,0.104203,0.35433199
d__mortgage30us_mortgage30us__lag042,0.689655,0.416726,0.096906,0.35422856
d__mortgage30us_mortgage30us__lag048,0.689655,0.410078,0.103464,0.35416672
d__dgs2_dgs2__lag028,0.626959,0.448556,0.116326,0.35415828
q__bogz1fa753061103q_usb_tsy_for_tx__lag001,0.99373,0.208204,0.148027,0.35399812
m__usalolitoaastsam_oecd_leading_indicator_us__lag003,0.893417,0.165583,0.230467,0.35383746
d__dgs2_dgs2__lag029,0.626959,0.44989,0.11416,0.35363617
d__mortgage30us_mortgage30us__lag068,0.689655,0.407465,0.105227,0.35358092
d__mortgage30us_mortgage30us__lag067,0.689655,0.407786,0.10459,0.35336293
d__mortgage30us_mortgage30us__lag055,0.689655,0.408024,0.104246,0.35328954
d__mortgage30us_mortgage30us__lag050,0.689655,0.408865,0.103144,0.35310928
q__rowcbaq027s_row_corpbonds_flow__lag003,0.987461,0.223804,0.133628,0.35295022
q__bogz1fr263061145q_row_priv_tsy_reval__lag004,0.984326,0.350604,0.007712,0.35270037
q__bogz1fa633061110q_mmf_bills_tx__lag003,0.987461,0.259184,0.097762,0.35247055
d__dgs2_dgs2__lag002,0.626959,0.448682,0.113384,0.35239203
d__dgs2_dgs2__lag015,0.626959,0.448323,0.113705,0.35236884
d__mortgage30us_mortgage30us__lag044,0.689655,0.410877,0.099711,0.3521302
d__dgs2_dgs2__lag014,0.626959,0.446677,0.114902,0.35208743
d__mortgage30us_mortgage30us__lag056,0.689655,0.408806,0.101691,0.35206718
m__unrate_unrate__lag010,0.971787,0.334277,0.028011,0.35206702
m__mcumfn_caputil_man__lag007,0.673981,0.34968,0.172635,0.3520307
d__dgs2_dgs2__lag033,0.623824,0.444976,0.118935,0.3517816
d__mortgage30us_mortgage30us__lag060,0.689655,0.406073,0.104002,0.35177609
q__bogz1lm343061105q_fed_gov_retirement_ts__lag003,1.0,0.163131,0.188551,0.35168259
q__bogz1lm343061105q_fed_ret_tsy_total__lag003,1.0,0.163131,0.188551,0.35168259
d__mortgage30us_mortgage30us__lag058,0.689655,0.403659,0.106012,0.35149718
m__ipbuseq_ipbuseq__lag010,0.984326,0.140022,0.216981,0.35140754
m__unrate_unrate__lag011,0.971787,0.327336,0.034052,0.35119128
d__mortgage30us_mortgage30us__lag059,0.689655,0.407387,0.101828,0.35118286
d__mortgage30us_mortgage30us__lag045,0.689655,0.413546,0.095498,0.35106515
d__mortgage30us_mortgage30us__lag061,0.689655,0.405015,0.103785,0.35089664
m__ipcongd_ipcongd__lag006,1.0,0.331577,0.0193,0.35087712
d__dgs2_dgs2__lag034,0.623824,0.445671,0.116681,0.35080876
q__bogz1fr563061103q_etfs_ts_reval__lag007,0.974922,0.24622,0.113491,0.35069034
d__dgs2_dgs2__lag013,0.626959,0.445982,0.113245,0.35061299
d__dgs2_dgs2__lag035,0.623824,0.443431,0.118387,0.3504755
q__bogz1fl633061105q_mmf_tsy_raw__lag001,1.0,0.304627,0.045718,0.35034504
q__bogz1fl633061105q_money_market_funds_ts__lag001,1.0,0.304627,0.045718,0.35034504
d__mortgage30us_mortgage30us__lag062,0.689655,0.404518,0.103237,0.35017619
m__uempmean_uempmean__lag003,0.981191,0.185783,0.171041,0.3501124
d__dgs2_dgs2__lag019,0.626959,0.448898,0.109495,0.3500893
d__mortgage30us_mortgage30us__lag063,0.689655,0.405861,0.101707,0.35004654
d__dgs2_dgs2__lag031,0.623824,0.444416,0.115926,0.34955527
d__mortgage30us_mortgage30us__lag057,0.689655,0.404482,0.101678,0.349076
m__manemp_manemp__lag004,1.0,0.312211,0.036845,0.34905546
d__dgs2_dgs2__lag018,0.626959,0.451205,0.104972,0.34870032
d__dgs2_dgs2__lag036,0.623824,0.442204,0.116365,0.34844944
d__dgs2_dgs2__lag030,0.626959,0.445937,0.109751,0.34839352
m__ipmat_ipmat__lag005,1.0,0.109407,0.23896,0.34836741
d__dgs2_dgs2__lag037,0.623824,0.442561,0.115561,0.34817005
d__dgs2_dgs2__lag032,0.623824,0.444197,0.113677,0.34801526
q__bogz1fl573061143q_private_db_pension_ts__lag002,1.0,0.231306,0.116587,0.34789266
m__awhman_awhman__lag003,1.0,0.031783,0.316104,0.34788797
m__ipdcongd_ipdcongd__lag006,0.990596,0.212056,0.138802,0.34755846
q__bogz1fl704141005q_usb_stloan_l__lag006,0.990596,0.165643,0.185138,0.34748287
d__dgs2_dgs2__lag042,0.623824,0.43783,0.117983,0.34672936
d__dgs2_dgs2__lag017,0.626959,0.449473,0.103185,0.34649387
q__bogz1fl704135005q_usb_loan_l__lag006,0.990596,0.167618,0.182097,0.3464267
d__dgs2_dgs2__lag007,0.626959,0.447312,0.104547,0.34599335
d__dgs2_dgs2__lag008,0.626959,0.449131,0.102588,0.34590548
m__manemp_manemp__lag003,1.0,0.331604,0.014294,0.34589754
q__bogz1fl573061143q_private_db_pension_ts__lag001,1.0,0.228747,0.117075,0.34582182
q__ib0000043q086sbea_imp_ind_pi__lag003,0.730408,0.328732,0.144728,0.34581902
d__dgs2_dgs2__lag011,0.626959,0.448973,0.102517,0.34576152
q__bogz1fl702050005q_usb_ffrrp__lag002,1.0,0.286103,0.059653,0.34575629
d__dgs2_dgs2__lag041,0.623824,0.438041,0.115971,0.34560631
d__dgs2_dgs2__lag078,0.623824,0.418918,0.134949,0.34551534
q__bogz1fa663061165q_brokers_dealers_long_ts_tx__lag001,0.99373,0.139677,0.207632,0.34513158
m__ipdcongd_ipdcongd__lag005,0.990596,0.227064,0.121165,0.34495439
d__dgs2_dgs2__lag090,0.623824,0.427724,0.12492,0.34475293
m__ipman_ipman__lag007,0.673981,0.315825,0.195445,0.34458634
d__dgs2_dgs2__lag009,0.626959,0.44734,0.102254,0.34457278
q__bogz1fr563061103q_etfs_ts_reval__lag004,0.984326,0.284293,0.065339,0.34415153
m__usgood_usgood__lag004,1.0,0.308177,0.035927,0.3441031
d__dgs2_dgs2__lag001,0.626959,0.4449,0.103555,0.34385894
m__manemp_manemp__lag002,1.0,0.329712,0.014125,0.34383728
m__wtisplc_wtisplc__lag006,1.0,0.040463,0.303355,0.34381802
d__dgs2_dgs2__lag012,0.626959,0.445701,0.102446,0.3436656
d__dgs2_dgs2__lag010,0.626959,0.448316,0.099793,0.34364169
d__dgs2_dgs2__lag044,0.623824,0.435287,0.11477,0.34313883
d__dgs2_dgs2__lag077,0.623824,0.418883,0.130777,0.34289154
d__dgs2_dgs2__lag085,0.623824,0.420624,0.128858,0.3427804
d__dgs2_dgs2__lag039,0.623824,0.438512,0.110903,0.3427384
m__indpro_indpro__lag010,1.0,0.197901,0.144633,0.3425337
q__netfi_netfi__lag006,0.974922,0.246879,0.104193,0.34226729
q__cbi_cbi__lag006,0.974922,0.226442,0.124616,0.34225428
q__ib0000043q086sbea_imp_ind_pi__lag002,0.733542,0.354093,0.112465,0.34223987
d__dgs2_dgs2__lag086,0.623824,0.41839,0.130175,0.34220837
d__dgs2_dgs2__lag087,0.623824,0.41977,0.128702,0.34215046
d__dgs2_dgs2__lag038,0.623824,0.437803,0.110561,0.34208235
m__ipcongd_ipcongd__lag005,1.0,0.337486,0.004577,0.34206307
d__dgs2_dgs2__lag005,0.626959,0.444795,0.100706,0.34200699
d__dgs2_dgs2__lag043,0.623824,0.43545,0.112642,0.34191338
d__dgs2_dgs2__lag084,0.623824,0.418581,0.129493,0.34190187
d__dgs2_dgs2__lag006,0.626959,0.446336,0.098833,0.34179892
d__dgs2_dgs2__lag079,0.623824,0.414534,0.133124,0.34164268
d__dgs2_dgs2__lag003,0.626959,0.446754,0.097984,0.34152881
d__dgs2_dgs2__lag080,0.623824,0.414872,0.132446,0.34143014
d__dgs2_dgs2__lag040,0.623824,0.437955,0.109325,0.34140668
d__dgs2_dgs2__lag089,0.623824,0.422757,0.124514,0.3414015
d__dgs2_dgs2__lag083,0.623824,0.418379,0.12879,0.34133733
m__ipdcongd_ipdcongd__lag007,0.987461,0.247752,0.097883,0.34130097
d__dgs2_dgs2__lag088,0.623824,0.419093,0.127815,0.34117436
q__bogz1fl543061175q_life_insurance_ts__lag003,1.0,0.233908,0.107097,0.34100439
q__bogz1fl702050005q_usb_ffrrp__lag006,0.990596,0.285228,0.058916,0.34090743
d__dgs2_dgs2__lag054,0.623824,0.425099,0.121175,0.34077923
d__dgs2_dgs2__lag057,0.623824,0.427074,0.118942,0.34061806
d__dgs2_dgs2__lag004,0.626959,0.445102,0.098084,0.34055552
d__dgs2_dgs2__lag055,0.623824,0.424015,0.121871,0.34053692
q__bogz1fr573061143q_private_db_pension_ts_reval__lag003,0.987461,0.273497,0.071306,0.3404791
d__dgs2_dgs2__lag049,0.623824,0.428576,0.117124,0.34042099
d__dgs2_dgs2__lag060,0.623824,0.426246,0.119247,0.34029192
m__awotman_awotman__lag011,0.871473,0.276104,0.114289,0.3402169
d__dgs2_dgs2__lag048,0.623824,0.429865,0.115448,0.34017953
q__bogz1fa673061103q_abs_issuers_ts_tx__lag002,0.990596,0.258558,0.084775,0.34010441
d__dgs2_dgs2__lag058,0.623824,0.424418,0.120455,0.33990475
q__bogz1fl713123030q_tga__lag003,1.0,0.335015,0.004784,0.33979965
q__bogz1fl713123030q_tga_z1__lag003,1.0,0.335015,0.004784,0.33979965
m__uempmean_uempmean__lag004,0.978056,0.189466,0.157436,0.33928951
d__dgs2_dgs2__lag059,0.623824,0.425026,0.118765,0.33923005
d__dgs2_dgs2__lag045,0.623824,0.433269,0.110479,0.33920314
d__dgs2_dgs2__lag047,0.623824,0.428365,0.115327,0.33916861
d__dgs2_dgs2__lag081,0.623824,0.41661,0.127003,0.33911892
d__dgs2_dgs2__lag046,0.623824,0.432891,0.11052,0.3389936
d__dgs2_dgs2__lag053,0.623824,0.42151,0.121459,0.33871688
m__civpart_civpart__lag009,0.974922,0.184894,0.161877,0.33807451
m__ipcongd_ipcongd__lag002,1.0,0.335747,0.002275,0.33802253
d__dgs2_dgs2__lag050,0.623824,0.425136,0.116593,0.33794381
q__bogz1lm653061113q_mf_bills_raw__lag008,0.984326,0.225112,0.118147,0.33787909
q__bogz1lm653061113q_mutf_bills__lag008,0.984326,0.225112,0.118147,0.33787909
q__bogz1fl713068703q_fed_dw_a__lag008,0.984326,0.229296,0.113925,0.33784126
m__usgood_usgood__lag003,1.0,0.328598,0.00899,0.33758829
q__rowcpaq027s_row_commercialpaper_flow__lag003,0.987461,0.299846,0.041958,0.33751786
d__dgs2_dgs2__lag061,0.623824,0.425944,0.114934,0.33741254
q__bogz1fr713061103q_cb_tsy_reval__lag003,0.987461,0.236973,0.104697,0.33738582
q__bogz1fa543061175q_life_insurance_ts_tx__lag005,0.981191,0.106016,0.237511,0.33706518
q__ad02rc1q027sbea_gov_netlending__lag003,0.827586,0.366518,0.040665,0.33697872
d__dgs2_dgs2__lag076,0.623824,0.417759,0.122309,0.33690786
m__awhman_awhman__lag012,1.0,0.157798,0.179008,0.33680526
d__dgs2_dgs2__lag082,0.623824,0.416575,0.122722,0.33642626
q__bogz1lm343061105q_fed_gov_retirement_ts__lag002,1.0,0.127741,0.208561,0.33630271
q__bogz1lm343061105q_fed_ret_tsy_total__lag002,1.0,0.127741,0.208561,0.33630271
d__dgs2_dgs2__lag052,0.623824,0.420884,0.118098,0.3362301
d__dgs2_dgs2__lag051,0.623824,0.422028,0.116393,0.33587997
q__bogz1fr263061105q_row_bills_reval__lag003,0.987461,0.300517,0.039541,0.33579376
q__bogz1fr263061105q_row_tsy_reval__lag003,0.987461,0.300517,0.039541,0.33579376
d__dgs2_dgs2__lag056,0.623824,0.42472,0.113456,0.33572772
m__civpart_civpart__lag008,0.974922,0.177788,0.166564,0.33571561
m__usgood_usgood__lag002,1.0,0.328623,0.006801,0.33542399
m__mtsds133fms_fed_surplus_deficit__lag006,0.567398,0.309229,0.28185,0.335377
m__ipbuseq_ipbuseq__lag012,0.984326,0.149665,0.190891,0.335219
d__dgs2_dgs2__lag075,0.623824,0.420744,0.1166,0.33520839
d__dgs2_dgs2__lag062,0.623824,0.423516,0.113404,0.33494386
m__mtsds133fms_fed_surplus_deficit__lag003,0.570533,0.509557,0.077268,0.33480318
d__dgs2_dgs2__lag074,0.623824,0.419928,0.11586,0.33423736
q__hnotsbq027s_hhnp_tsy_tx__lag001,0.99373,0.326698,0.009544,0.33413365
q__bogz1lm903061103q_instrument_discrepancies_ts__lag004,0.996865,0.309102,0.026001,0.33405216
m__manemp_manemp__lag001,1.0,0.328043,0.005958,0.33400148
q__bogz1lm403061105q_gses_ts__lag003,1.0,0.310289,0.023425,0.3337142
q__bogz1lm403061105q_gse_tsy__lag003,1.0,0.310289,0.023425,0.3337142
q__bogz1fr553061103q_closed_end_funds_ts_reval__lag005,0.981191,0.19316,0.146944,0.33370694
q__bogz1fr263061145q_row_priv_tsy_reval__lag003,0.987461,0.266824,0.071052,0.3336388
d__dgs2_dgs2__lag065,0.623824,0.423107,0.111588,0.33355624
d__dgs2_dgs2__lag073,0.623824,0.422539,0.112156,0.33355606
q__bogz1fr513061105q_pc_insurance_ts_reval__lag005,0.981191,0.142573,0.197233,0.33341477
d__dgs2_dgs2__lag069,0.623824,0.421012,0.113152,0.33322451
m__ipmat_ipmat__lag006,1.0,0.090792,0.241867,0.33265897
d__dgs2_dgs2__lag072,0.623824,0.422271,0.110953,0.33263789
m__ipdcongd_ipdcongd__lag012,0.984326,0.303915,0.033703,0.33232601
m__wpu0561_ppi_crude__lag006,0.990596,0.033626,0.30134,0.33181649
q__bogz1fa213061103q_state_local_gov_ts_tx__lag007,0.974922,0.269407,0.070909,0.33178176
q__psave_psave__lag005,0.978056,0.196784,0.142237,0.33158127
d__dgs2_dgs2__lag064,0.623824,0.42348,0.107844,0.33145337
q__bogz1fl573061143q_private_db_pension_ts__lag003,1.0,0.225883,0.105509,0.33139192
d__dgs2_dgs2__lag071,0.623824,0.422614,0.108569,0.33136506
m__ipcongd_ipcongd__lag004,1.0,0.32603,0.005328,0.33135834
d__dgs2_dgs2__lag063,0.623824,0.422734,0.107484,0.33076236
q__rowcbaq027s_row_corpbonds_flow__lag007,0.974922,0.234385,0.104321,0.33021228
d__dgs2_dgs2__lag066,0.623824,0.418935,0.110358,0.33018605
d__dgs2_dgs2__lag068,0.623824,0.419542,0.109573,0.3300747
m__recprousm156n_recprob__lag009,0.730408,0.308988,0.142753,0.32995531
q__bogz1fl702050005q_usb_ffrrp__lag007,0.987461,0.3015,0.032516,0.32982774
q__bogz1fa593061105q_pension_ts_tx__lag005,0.981191,0.248261,0.087702,0.32964366
d__dgs2_dgs2__lag067,0.623824,0.417798,0.110433,0.32952281
q__netfi_netfi__lag007,0.971787,0.194598,0.144307,0.32934405
m__fedfunds_fed_funds__lag009,0.893417,0.26424,0.104288,0.3292484
d__dgs2_dgs2__lag070,0.623824,0.419333,0.107976,0.32894771
m__tcu_tcu__lag012,0.733542,0.38456,0.063744,0.32884927
q__bogz1fl263061130q_row_gov_tsy__lag004,0.996865,0.160416,0.168456,0.32784086
q__bogz1fl702050005q_usb_ffrrp__lag005,0.99373,0.253289,0.076413,0.32763496
m__usgood_usgood__lag001,1.0,0.325369,0.001818,0.3271879
q__bogz1fa543061175q_life_insurance_ts_tx__lag008,0.971787,0.314745,0.021921,0.32716774
q__rowgseq027s_row_agency_flow__lag002,0.990596,0.310813,0.018602,0.32631751
q__bogz1lm653061113q_mf_bills_raw__lag007,0.987461,0.194141,0.135984,0.32598547
q__bogz1lm653061113q_mutf_bills__lag007,0.987461,0.194141,0.135984,0.32598547
m__ipfinal_ipfinal__lag011,1.0,0.290155,0.035785,0.32593972
q__rowmfsq027s_row_mutualfundshares_flow__lag008,0.971787,0.195373,0.139603,0.32552543
q__bogz1fa313161305q_gov_nonmarketable_ts_tx__lag004,0.984326,0.156738,0.17306,0.32462889
m__wtisplc_wtisplc__lag002,1.0,0.016655,0.307934,0.32458928
q__bogz1fr403061105q_gses_ts_reval__lag006,0.978056,0.178834,0.152675,0.32423524
q__bogz1fa473061105q_credit_unions_ts_tx__lag005,0.981191,0.158039,0.172397,0.32422047
q__bogz1fl753061103q_usb_tsy_for__lag006,0.990596,0.240941,0.085917,0.32378362
q__bogz1fr753061103q_usb_tsy_for_reval__lag004,0.984326,0.287524,0.039786,0.32217998
q__bogz1lm543061115q_li_bills__lag003,1.0,0.212377,0.109036,0.32141283
q__bogz1fa573061105q_private_pension_ts_tx__lag008,0.971787,0.156744,0.173791,0.32120966
q__bogz1fa693061105q_nonmmf_ts_tx__lag003,0.987461,0.158811,0.16605,0.3207871
q__bogz1fa693061105q_nonmmmf_ts_tx__lag003,0.987461,0.158811,0.16605,0.3207871
q__bogz1fr713061113q_cb_bills_reval__lag002,0.990596,0.243826,0.079443,0.32022867
d__dexchus_dexchus__lag072,0.567398,0.205471,0.358854,0.32019689
q__bogz1fr793061105q_dom_fin_sector_tsy_reval__lag003,0.987461,0.239433,0.084313,0.31968653
d__dgs30_dgs30__lag023,0.617555,0.343952,0.173433,0.31951364
d__dexchus_dexchus__lag068,0.567398,0.202316,0.360752,0.31948394
d__dexchus_dexchus__lag071,0.567398,0.203506,0.35925,0.31930664
q__bogz1fr153061105q_hhnp_tsy_reval__lag007,0.974922,0.214366,0.11279,0.318951
q__bogz1fr753061103q_usb_tsy_for_reval__lag006,0.978056,0.178197,0.147802,0.31884531
d__dexchus_dexchus__lag073,0.567398,0.202164,0.359763,0.3188359
d__dexchus_dexchus__lag074,0.567398,0.202772,0.359079,0.31879342
d__dgs30_dgs30__lag022,0.617555,0.345295,0.170739,0.31867972
d__dexchus_dexchus__lag075,0.567398,0.199444,0.362124,0.31863237
d__dexchus_dexchus__lag070,0.567398,0.205176,0.355714,0.31824793
d__dgs6mo_dgs6mo__lag013,0.561129,0.406518,0.160572,0.3182107
d__dexchus_dexchus__lag062,0.567398,0.206626,0.354097,0.31815298
d__dexchus_dexchus__lag076,0.567398,0.199113,0.361134,0.31788315
d__dexchus_dexchus__lag082,0.567398,0.202657,0.357408,0.31777939
d__dexchus_dexchus__lag063,0.567398,0.204711,0.355103,0.31763724
m__indpro_indpro__lag012,1.0,0.198909,0.118657,0.3175661
d__dexchus_dexchus__lag057,0.567398,0.214297,0.345279,0.31750253
d__dexchus_dexchus__lag059,0.567398,0.205177,0.354338,0.31746799
q__bogz1fl313024000q_tres_oper_cash__lag004,0.996865,0.260942,0.057522,0.31746613
d__dgs3mo_dgs3mo__lag014,0.561129,0.388448,0.177062,0.31732416
q__bogz1fr383061105q_dom_nonfin_sector_tsy_reval__lag007,0.974922,0.222929,0.102356,0.31712733
d__dexchus_dexchus__lag060,0.567398,0.205543,0.353171,0.3170128
d__dexchus_dexchus__lag084,0.567398,0.202256,0.35639,0.31697434
d__dexchus_dexchus__lag081,0.567398,0.20023,0.358197,0.31685068
d__dexchus_dexchus__lag077,0.567398,0.198085,0.360221,0.31678134
d__dexchus_dexchus__lag069,0.567398,0.203451,0.354651,0.31666576
m__recprousm156n_recprob__lag010,0.730408,0.278277,0.155224,0.31663249
q__ib0000043q086sbea_imp_ind_pi__lag004,0.727273,0.313253,0.122026,0.31656686
q__bogz1fl753061103q_usb_tsy_for__lag008,0.984326,0.188341,0.133059,0.3163623
d__dexchus_dexchus__lag065,0.567398,0.201416,0.356052,0.31630618
d__dexchus_dexchus__lag066,0.567398,0.20257,0.354786,0.316243
d__dexchus_dexchus__lag083,0.567398,0.203308,0.354005,0.3162181
q__bogz1fl763123005q_tga_usb__lag007,0.987461,0.145586,0.174611,0.31618183
d__dexchus_dexchus__lag078,0.567398,0.197202,0.35985,0.3160705
q__bogz1fr543061175q_life_insurance_ts_reval__lag007,0.974922,0.322385,0.001715,0.31597223
m__ipmat_ipmat__lag004,1.0,0.077934,0.237997,0.31593091
d__dexchus_dexchus__lag055,0.567398,0.213927,0.342848,0.31591332
q__bogz1fa313161110q_totalbills_z1_tx__lag003,0.987461,0.253921,0.065945,0.315855
d__dexchus_dexchus__lag079,0.567398,0.197327,0.359222,0.31578495
d__dexchus_dexchus__lag064,0.567398,0.202362,0.35408,0.31572419
d__dexchus_dexchus__lag058,0.567398,0.209041,0.34738,0.31571219
d__dexchus_dexchus__lag035,0.567398,0.222418,0.333936,0.3156743
q__bogz1fr573061105q_private_pension_ts_reval__lag003,0.987461,0.25957,0.060106,0.31566791
d__dexchus_dexchus__lag080,0.567398,0.196614,0.359664,0.3156312
q__bogz1fa543461113q_li_bills_tx__lag003,0.987461,0.050459,0.269163,0.31561362
d__dexchus_dexchus__lag033,0.567398,0.222989,0.332994,0.31546394
q__bogz1fa573061105q_private_pension_ts_tx__lag001,0.99373,0.257145,0.060272,0.31542665
d__dgs30_dgs30__lag021,0.617555,0.342977,0.167297,0.31512175
d__dgs6mo_dgs6mo__lag014,0.561129,0.406329,0.155039,0.31499923
d__dexchus_dexchus__lag051,0.567398,0.215235,0.339927,0.31499775
d__dgs3mo_dgs3mo__lag007,0.561129,0.391445,0.169695,0.3148716
d__dexchus_dexchus__lag032,0.567398,0.223986,0.330826,0.31479879
d__dexchus_dexchus__lag056,0.567398,0.210323,0.344425,0.31476318
d__dexchus_dexchus__lag034,0.567398,0.222101,0.332521,0.31469151
d__dexchus_dexchus__lag085,0.567398,0.196843,0.357645,0.31461568
d__dexchus_dexchus__lag067,0.567398,0.202201,0.351883,0.31438601
d__dexchus_dexchus__lag061,0.567398,0.20469,0.349374,0.31437502
d__dexchus_dexchus__lag036,0.567398,0.221922,0.332066,0.31433151
q__bogz1fa653061105q_mutual_funds_ts_tx__lag003,0.987461,0.133378,0.18486,0.31424772
q__bogz1fa573061143q_private_db_pension_ts_tx__lag006,0.978056,0.232707,0.088531,0.31418944
q__bogz1fl702050005q_usb_ffrrp__lag003,1.0,0.286715,0.027356,0.31407168
d__dexchus_dexchus__lag086,0.567398,0.196885,0.355798,0.3135913
d__dexchus_dexchus__lag054,0.567398,0.211976,0.340378,0.31340511
q__bogz1fl343061123q_fed_gov_dcg_retirement_ts__lag001,1.0,0.296644,0.016675,0.31331949
m__tcu_tcu__lag011,0.733542,0.356478,0.070296,0.31305671
d__dexchus_dexchus__lag053,0.567398,0.212042,0.339615,0.3130091
d__dexchus_dexchus__lag052,0.567398,0.215147,0.336431,0.31296453
m__awhman_awhman__lag002,1.0,0.022784,0.28999,0.31277402
d__dgs3mo_dgs3mo__lag013,0.561129,0.3864,0.170978,0.31276105
q__bogz1fl712151003q_fed_repo__lag002,1.0,0.266798,0.045915,0.3127134
d__dgs30_dgs30__lag025,0.617555,0.341212,0.164894,0.31254794
d__dexchus_dexchus__lag088,0.567398,0.193279,0.357173,0.31232528
m__civpart_civpart__lag004,0.978056,0.197857,0.121413,0.31226435
m__wpu0561_ppi_crude__lag002,0.99373,0.013443,0.300609,0.31208357
d__dgs30_dgs30__lag015,0.617555,0.343282,0.161998,0.31203813
d__dexchus_dexchus__lag031,0.567398,0.223962,0.325965,0.31202747
d__dgs3mo_dgs3mo__lag006,0.561129,0.392415,0.163631,0.31201292
d__dexchus_dexchus__lag087,0.567398,0.195144,0.354704,0.31198264
q__bogz1fa573061105q_private_pension_ts_tx__lag006,0.978056,0.234027,0.084805,0.31183634
d__dgs30_dgs30__lag026,0.617555,0.341041,0.163879,0.311816
q__bogz1fr593061105q_pension_ts_reval__lag003,0.987461,0.25463,0.061091,0.31176203
d__dexchus_dexchus__lag049,0.567398,0.215034,0.334423,0.31176125
q__bogz1fl704141005q_usb_stloan_l__lag005,0.99373,0.141105,0.172583,0.31172137
d__dexchus_dexchus__lag038,0.567398,0.216914,0.331649,0.31125403
m__civpart_civpart__lag001,0.981191,0.221159,0.096044,0.311237
d__dgs30_dgs30__lag024,0.617555,0.340246,0.16362,0.31116499
q__bogz1fr693061105q_nonmmf_ts_reval__lag007,0.974922,0.239374,0.079785,0.31115528
q__bogz1fr693061105q_nonmmmf_ts_reval__lag007,0.974922,0.239374,0.079785,0.31115528
d__dexchus_dexchus__lag030,0.567398,0.223764,0.32454,0.31110636
d__dexchus_dexchus__lag041,0.567398,0.218973,0.329324,0.31110246
d__dgs3mo_dgs3mo__lag005,0.561129,0.393679,0.160541,0.31098852
d__dgs30_dgs30__lag020,0.617555,0.339921,0.163602,0.31095306
d__dexchus_dexchus__lag039,0.567398,0.216624,0.330881,0.31065371
q__bogz1fl704135005q_usb_loan_l__lag005,0.99373,0.142706,0.169796,0.31054251
m__civpart_civpart__lag007,0.974922,0.178876,0.139599,0.31048757
d__dexchus_dexchus__lag037,0.567398,0.219165,0.327895,0.31040136
d__dgs3mo_dgs3mo__lag008,0.561129,0.39015,0.162917,0.3103412
d__dexchus_dexchus__lag029,0.567398,0.223361,0.323057,0.31003621
d__dgs3mo_dgs3mo__lag003,0.561129,0.392135,0.160056,0.3098499
d__dexchus_dexchus__lag050,0.567398,0.212812,0.333232,0.30982428
d__dgs6mo_dgs6mo__lag007,0.561129,0.408757,0.14335,0.30980316
d__dexchus_dexchus__lag089,0.567398,0.190732,0.35527,0.30980044
d__dexchus_dexchus__lag045,0.567398,0.220545,0.325236,0.3096753
d__dgs30_dgs30__lag034,0.617555,0.352077,0.149326,0.30964376
q__rowceaq027s_row_corpequities_flow__lag005,0.981191,0.143372,0.172156,0.30959341
d__dexchus_dexchus__lag048,0.567398,0.21624,0.329262,0.30951689
d__dgs6mo_dgs6mo__lag002,0.561129,0.409632,0.141952,0.30950963
d__dgs30_dgs30__lag033,0.617555,0.353789,0.147359,0.30948616
d__dgs3mo_dgs3mo__lag004,0.561129,0.391816,0.159712,0.30947819
d__dgs3mo_dgs3mo__lag001,0.561129,0.392344,0.15906,0.30940869
d__dexchus_dexchus__lag040,0.567398,0.218317,0.326903,0.30935649
q__bogz1fr713061103q_cb_tsy_reval__lag004,0.984326,0.299349,0.014849,0.30927358
d__dexchus_dexchus__lag042,0.567398,0.218685,0.32638,0.30926896
q__bogz1lm653061113q_mf_bills_raw__lag005,0.99373,0.123067,0.188131,0.30924673
q__bogz1lm653061113q_mutf_bills__lag005,0.99373,0.123067,0.188131,0.30924673
m__ipbuseq_ipbuseq__lag011,0.984326,0.128098,0.185903,0.30907917
d__dgs30_dgs30__lag002,0.617555,0.338774,0.16155,0.30897761
d__dgs6mo_dgs6mo__lag011,0.561129,0.407641,0.142982,0.30897004
d__dgs30_dgs30__lag016,0.617555,0.340842,0.159426,0.30894291
d__dgs6mo_dgs6mo__lag004,0.561129,0.40899,0.141529,0.30891217
d__dgs3mo_dgs3mo__lag002,0.561129,0.392921,0.157433,0.30881976
q__bogz1fa713061103q_cb_tsy_tx__lag007,0.974922,0.161777,0.15495,0.3087844
d__dexchus_dexchus__lag044,0.567398,0.221884,0.322211,0.30871895
d__dexchus_dexchus__lag043,0.567398,0.219523,0.324547,0.30870422
q__bogz1lm653061113q_mf_bills_raw__lag001,1.0,0.127054,0.181618,0.30867285
q__bogz1lm653061113q_mutf_bills__lag001,1.0,0.127054,0.181618,0.30867285
m__ipdcongd_ipdcongd__lag010,0.984326,0.28334,0.030246,0.30867085
d__dexchus_dexchus__lag046,0.567398,0.219021,0.324819,0.30857384
d__dgs6mo_dgs6mo__lag003,0.561129,0.408752,0.140915,0.3084343
d__dgs6mo_dgs6mo__lag005,0.561129,0.408088,0.141463,0.30836869
q__bogz1fl263061130q_row_gov_tsy__lag005,0.99373,0.151686,0.158463,0.30820402
d__dgs6mo_dgs6mo__lag008,0.561129,0.408702,0.140056,0.30792406
d__dexchus_dexchus__lag090,0.564263,0.190611,0.354842,0.3077788
q__bogz1lm653061113q_mf_bills_raw__lag002,1.0,0.107102,0.200666,0.30776741
q__bogz1lm653061113q_mutf_bills__lag002,1.0,0.107102,0.200666,0.30776741
d__dgs6mo_dgs6mo__lag001,0.561129,0.409854,0.138595,0.30775055
m__awotman_awotman__lag002,0.880878,0.132662,0.216592,0.30764966
d__dgs6mo_dgs6mo__lag006,0.561129,0.40788,0.140194,0.30754036
q__rowcbaq027s_row_corpbonds_flow__lag004,0.984326,0.262588,0.049799,0.30749147
d__dexchus_dexchus__lag028,0.567398,0.222231,0.319628,0.30744964
d__dexchus_dexchus__lag025,0.567398,0.226646,0.315049,0.30735669
d__dgs6mo_dgs6mo__lag015,0.561129,0.405907,0.141794,0.30733045
d__dexchus_dexchus__lag026,0.567398,0.22408,0.317303,0.30717967
d__dgs30_dgs30__lag027,0.617555,0.339062,0.158224,0.30710135
d__dgs6mo_dgs6mo__lag012,0.561129,0.404724,0.142513,0.30707069
q__bogz1fr553061103q_closed_end_funds_ts_reval__lag003,0.987461,0.196224,0.114441,0.30676964
q__bogz1fl633061105q_mmf_tsy_raw__lag002,1.0,0.291375,0.015328,0.30670325
q__bogz1fl633061105q_money_market_funds_ts__lag002,1.0,0.291375,0.015328,0.30670325
d__dgs6mo_dgs6mo__lag010,0.561129,0.407151,0.139413,0.30669238
q__bogz1fl712151003q_fed_repo__lag003,1.0,0.253626,0.052953,0.30657902
d__dexchus_dexchus__lag047,0.567398,0.218075,0.322196,0.30654885
d__dgs6mo_dgs6mo__lag025,0.561129,0.404392,0.141864,0.30651954
m__uempmean_uempmean__lag005,0.978056,0.146193,0.167076,0.30639495
d__dgs6mo_dgs6mo__lag016,0.561129,0.406576,0.139049,0.30616567
q__bogz1fl713123030q_tga__lag004,0.996865,0.240477,0.066627,0.30614106
q__bogz1fl713123030q_tga_z1__lag004,0.996865,0.240477,0.066627,0.30614106
q__bogz1fa383061105q_dom_nonfin_sector_tsy_tx__lag008,0.971787,0.26581,0.049135,0.30605909
q__bogz1fa543461113q_li_bills_tx__lag008,0.971787,0.234632,0.080307,0.30605335
d__dgs6mo_dgs6mo__lag027,0.561129,0.402693,0.142707,0.30603997
d__dgs6mo_dgs6mo__lag023,0.561129,0.404317,0.141082,0.30603898
d__dgs6mo_dgs6mo__lag026,0.561129,0.402425,0.142729,0.30590157
d__dgs6mo_dgs6mo__lag020,0.561129,0.406497,0.138512,0.30582012
q__bogz1fr743061103q_usb_tsy_dom_reval__lag007,0.974922,0.207133,0.106511,0.30577837
d__dgs30_dgs30__lag011,0.617555,0.343852,0.15125,0.30575294
d__dgs3mo_dgs3mo__lag015,0.561129,0.388492,0.156354,0.30572854
d__dgs30_dgs30__lag019,0.617555,0.341896,0.153054,0.3056586
d__dexchus_dexchus__lag024,0.567398,0.225199,0.313233,0.30550539
d__dgs6mo_dgs6mo__lag021,0.561129,0.407284,0.137093,0.3054656
d__dgs30_dgs30__lag013,0.617555,0.34363,0.151002,0.30546253
d__dgs30_dgs30__lag032,0.617555,0.348964,0.145545,0.30538617
q__bogz1fl543061175q_life_insurance_ts__lag004,0.996865,0.192817,0.113528,0.3053841
d__dgs6mo_dgs6mo__lag024,0.561129,0.404695,0.139132,0.30515701
q__tgdef_net_gov_sav__lag005,0.978056,0.219837,0.092109,0.30510062
d__dexchus_dexchus__lag027,0.567398,0.222866,0.314838,0.30509196
d__dgs30_dgs30__lag014,0.617555,0.34339,0.150641,0.30509152
q__bogz1fr763061100q_usb_tsy_oth_reval__lag004,0.984326,0.27807,0.031605,0.30482087
d__dgs6mo_dgs6mo__lag022,0.561129,0.404708,0.138516,0.30481843
q__bogz1fl263061130q_row_gov_tsy__lag006,0.990596,0.139615,0.167797,0.30452068
d__dexchus_dexchus__lag017,0.567398,0.229066,0.307529,0.3044633
d__dexchus_dexchus__lag022,0.567398,0.225571,0.310851,0.304365
d__dexszus_dexszus__lag085,0.69279,0.17376,0.265569,0.30436262
d__dexchus_dexchus__lag023,0.567398,0.225673,0.310733,0.30435541
q__bogz1fa573061143q_private_db_pension_ts_tx__lag008,0.971787,0.169569,0.143588,0.30432174
q__ib0000043q086sbea_imp_ind_pi__lag001,0.736677,0.32662,0.086144,0.30407409
d__dgs30_dgs30__lag035,0.617555,0.345573,0.146747,0.30403474
d__dgs6mo_dgs6mo__lag019,0.561129,0.405874,0.1351,0.30355547
d__dexchus_dexchus__lag018,0.567398,0.226092,0.308785,0.30348814
q__bogz1fr223061143q_state_local_db_retirement_ts_reval__lag003,0.987461,0.244721,0.062407,0.30327691
d__dexchus_dexchus__lag019,0.567398,0.22429,0.310015,0.3031632
d__dgs3mo_dgs3mo__lag011,0.561129,0.387815,0.152282,0.30306365
d__dgs6mo_dgs6mo__lag009,0.561129,0.404998,0.135044,0.30303292
d__dexszus_dexszus__lag078,0.69279,0.167687,0.269692,0.30301216
d__dgs6mo_dgs6mo__lag028,0.561129,0.402524,0.13746,0.30300054
d__dgs3mo_dgs3mo__lag016,0.561129,0.389726,0.150199,0.30296725
d__dgs3mo_dgs3mo__lag012,0.561129,0.386627,0.153216,0.30292175
q__bogz1lm343061113q_fed_gov_dcf_retirement_ts__lag002,1.0,0.212484,0.090377,0.30286076
q__bogz1lm343061113q_fed_gov_dc_retirement_ts__lag002,1.0,0.212484,0.090377,0.30286076
q__bogz1lm343061113q_fed_ret_tsy_dc__lag002,1.0,0.212484,0.090377,0.30286076
m__ipman_ipman__lag001,0.680251,0.318743,0.126342,0.30276955
d__dexszus_dexszus__lag084,0.69279,0.175206,0.261816,0.30276444
d__dgs3mo_dgs3mo__lag010,0.561129,0.387032,0.152494,0.30274392
d__dgs30_dgs30__lag012,0.617555,0.340315,0.149881,0.30272287
m__ipmat_ipmat__lag007,1.0,0.084695,0.217866,0.3025614
d__dgs6mo_dgs6mo__lag018,0.561129,0.407126,0.131977,0.30250604
m__ipmat_ipmat__lag008,1.0,0.118416,0.184037,0.30245321
q__bogz1fr513061105q_pc_insurance_ts_reval__lag004,0.984326,0.235126,0.072111,0.30242092
d__dexszus_dexszus__lag080,0.69279,0.168169,0.268352,0.30241726
q__bogz1fl712051000q_fed_rrp__lag002,1.0,0.163406,0.138916,0.30232168
d__dexszus_dexszus__lag082,0.69279,0.172627,0.263655,0.30225123
m__civpart_civpart__lag010,0.971787,0.129022,0.181732,0.30198667
d__dgs30_dgs30__lag036,0.617555,0.349899,0.138998,0.30192105
d__dgs30_dgs30__lag018,0.617555,0.346333,0.142514,0.30188996
d__dgs30_dgs30__lag037,0.617555,0.351812,0.136964,0.30184595
d__dexszus_dexszus__lag079,0.69279,0.167671,0.267811,0.30169731
d__dgs6mo_dgs6mo__lag029,0.561129,0.402167,0.135412,0.30165107
d__dgs30_dgs30__lag041,0.617555,0.348915,0.139463,0.30160043
q__bogz1fr223061143q_state_local_db_retirement_ts_reval__lag004,0.984326,0.279582,0.026768,0.30154826
d__dgs30_dgs30__lag028,0.617555,0.336243,0.151973,0.3014997
d__dexszus_dexszus__lag077,0.69279,0.167521,0.267603,0.30144994
d__dexszus_dexszus__lag081,0.69279,0.170887,0.26401,0.30129203
d__dexchus_dexchus__lag020,0.567398,0.226239,0.304689,0.30124762
d__dexchus_dexchus__lag021,0.567398,0.226066,0.304857,0.30124436
d__dexszus_dexszus__lag083,0.69279,0.173993,0.260642,0.30111092
q__bogz1fr793061105q_dom_fin_sector_tsy_reval__lag004,0.984326,0.301144,0.004595,0.30094693
d__dgs30_dgs30__lag010,0.617555,0.34007,0.147041,0.3008178
q__ncbtsaq027s_nfcb_tsy_tx__lag001,0.99373,0.18293,0.119785,0.30081688
d__dexszus_dexszus__lag086,0.69279,0.169361,0.26473,0.30073385
q__bogz1fr263061105q_row_bills_reval__lag004,0.984326,0.303494,0.001578,0.30029049
q__bogz1fr263061105q_row_tsy_reval__lag004,0.984326,0.303494,0.001578,0.30029049
d__dgs6mo_dgs6mo__lag017,0.561129,0.405464,0.129318,0.30008161
d__dexchus_dexchus__lag016,0.567398,0.228159,0.30055,0.29998879
d__dgs30_dgs30__lag042,0.617555,0.352601,0.133132,0.29996621
d__dgs6mo_dgs6mo__lag030,0.561129,0.401067,0.133479,0.29994894
m__civpart_civpart__lag012,0.971787,0.120118,0.188404,0.29981752
d__dgs30_dgs30__lag031,0.617555,0.343031,0.142139,0.29961905
m__awotman_awotman__lag010,0.871473,0.227181,0.116608,0.29960272
q__bogz1lm343061113q_fed_gov_dcf_retirement_ts__lag001,1.0,0.209165,0.09027,0.29943458
q__bogz1lm343061113q_fed_gov_dc_retirement_ts__lag001,1.0,0.209165,0.09027,0.29943458
q__bogz1lm343061113q_fed_ret_tsy_dc__lag001,1.0,0.209165,0.09027,0.29943458
q__ncbtsaq027s_nfcb_tsy_tx__lag004,0.984326,0.215302,0.088827,0.29936252
d__dgs3mo_dgs3mo__lag019,0.561129,0.389658,0.143807,0.29934218
q__bogz1fl712151003q_fed_repo__lag001,1.0,0.239237,0.0601,0.29933717
d__dgs30_dgs30__lag009,0.617555,0.334301,0.15019,0.29919955
q__bogz1fr753061103q_usb_tsy_for_reval__lag003,0.987461,0.27525,0.027734,0.29918468
d__dgs3mo_dgs3mo__lag020,0.561129,0.389856,0.143206,0.29911659
d__dgs30_dgs30__lag040,0.617555,0.351277,0.133007,0.29907216
m__indpro_indpro__lag011,1.0,0.179451,0.119609,0.29905941
q__bogz1fa383061105q_dom_nonfin_sector_tsy_tx__lag001,0.99373,0.272631,0.028244,0.29898835
d__dgs3mo_dgs3mo__lag009,0.561129,0.385224,0.147135,0.29872197
d__dgs30_dgs30__lag030,0.617555,0.342853,0.140668,0.29860049
d__dgs30_dgs30__lag008,0.617555,0.338026,0.145331,0.29850001
q__bogz1fr213061103q_state_local_gov_ts_reval__lag004,0.984326,0.263263,0.039947,0.29845789
d__dgs30_dgs30__lag001,0.617555,0.333363,0.14966,0.29829271
d__dexchus_dexchus__lag015,0.567398,0.227672,0.297741,0.29811806
d__dgs3mo_dgs3mo__lag025,0.561129,0.388803,0.142443,0.29809684
d__dexszus_dexszus__lag076,0.69279,0.160887,0.269044,0.29785175
d__dgs3mo_dgs3mo__lag026,0.561129,0.386302,0.144215,0.29768844
d__dgs30_dgs30__lag039,0.617555,0.352022,0.129931,0.29763215
q__bogz1fr653061105q_mutual_funds_ts_reval__lag007,0.974922,0.233396,0.071848,0.29758853
m__fedfunds_fed_funds__lag010,0.890282,0.22958,0.104575,0.29749309
d__dgs3mo_dgs3mo__lag021,0.561129,0.389916,0.140078,0.29739444
d__wtregen_tga_fed__lag077,0.504702,0.481184,0.108036,0.29738039
d__dexszus_dexszus__lag087,0.69279,0.169965,0.259258,0.29736114
d__dgs6mo_dgs6mo__lag031,0.557994,0.399953,0.132874,0.29731394
d__dgs6mo_dgs6mo__lag033,0.557994,0.398486,0.134112,0.29718612
d__wtregen_tga__lag077,0.504702,0.481184,0.107448,0.29708362
d__dgs6mo_dgs6mo__lag032,0.557994,0.39985,0.132528,0.29706313
d__dgs3mo_dgs3mo__lag018,0.561129,0.389672,0.139701,0.2970464
m__awhman_awhman__lag004,1.0,0.012305,0.28469,0.29699481
d__dgs3mo_dgs3mo__lag023,0.561129,0.387972,0.141266,0.29697034
d__dgs6mo_dgs6mo__lag034,0.557994,0.398017,0.134173,0.29695856
d__dgs30_dgs30__lag007,0.617555,0.335101,0.14572,0.29693359
d__dgs6mo_dgs6mo__lag035,0.557994,0.396488,0.135596,0.29689949
d__dgs30_dgs30__lag017,0.617555,0.340421,0.140298,0.29687048
d__dgs30_dgs30__lag029,0.617555,0.34153,0.139106,0.29681888
d__wtregen_tga_fed__lag080,0.504702,0.492759,0.09529,0.29678969
d__dgs3mo_dgs3mo__lag022,0.561129,0.387553,0.141313,0.29676196
d__dgs3mo_dgs3mo__lag024,0.561129,0.388172,0.140567,0.29669068
d__wtregen_tga_fed__lag082,0.504702,0.490625,0.097202,0.29667802
d__dgs3mo_dgs3mo__lag027,0.561129,0.386117,0.142557,0.29665414
d__wtregen_tga__lag080,0.504702,0.492759,0.094663,0.29647343
d__wtregen_tga__lag082,0.504702,0.490625,0.096576,0.29636178
q__bogz1fr343061105q_fed_gov_retirement_ts_reval__lag003,0.987461,0.252527,0.047389,0.29615453
q__bogz1fr743061103q_usb_tsy_dom_reval__lag004,0.984326,0.298628,0.002189,0.29610276
d__dgs3mo_dgs3mo__lag017,0.561129,0.389897,0.137627,0.29600903
d__dgs30_dgs30__lag005,0.617555,0.336703,0.142555,0.29596845
q__bogz1fa573061133q_private_dc_pension_ts_tx__lag002,0.990596,0.284192,0.014578,0.29595954
q__fbtsatq027s_dom_fin_sector_tsy_tx__lag008,0.971787,0.120677,0.183871,0.29595592
q__bogz1fl263061130q_row_gov_tsy__lag007,0.987461,0.130053,0.169353,0.29565172
d__dgs6mo_dgs6mo__lag036,0.557994,0.396529,0.132633,0.29526911
d__dgs6mo_dgs6mo__lag037,0.557994,0.39759,0.131401,0.29517369
d__dgs30_dgs30__lag006,0.617555,0.335449,0.142471,0.29514186
d__dexszus_dexszus__lag088,0.689655,0.170103,0.257811,0.29511309
m__civpart_civpart__lag006,0.978056,0.19482,0.1068,0.29500108
d__dexszus_dexszus__lag090,0.689655,0.170421,0.257241,0.29493935
d__dgs3mo_dgs3mo__lag028,0.561129,0.386248,0.139285,0.29489154
d__dgs6mo_dgs6mo__lag038,0.557994,0.397843,0.130639,0.29488978
d__dgs6mo_dgs6mo__lag039,0.557994,0.397557,0.130906,0.29487891
m__ipmat_ipmat__lag009,1.0,0.113378,0.181465,0.29484284
d__wtregen_tga_fed__lag084,0.501567,0.487988,0.099721,0.29477561
q__bogz1fr473061105q_credit_unions_ts_reval__lag007,0.974922,0.212822,0.089415,0.29465733
d__dexchus_dexchus__lag006,0.567398,0.224086,0.295122,0.29459797
q__bogz1fa653061105q_mutual_funds_ts_tx__lag005,0.981191,0.238231,0.061992,0.2945764
d__wtregen_tga_fed__lag083,0.504702,0.488455,0.095066,0.29450438
d__wtregen_tga__lag084,0.501567,0.487988,0.099095,0.2944614
d__dexszus_dexszus__lag075,0.69279,0.156684,0.268235,0.29437938
d__wtregen_tga__lag083,0.504702,0.488455,0.094431,0.29418411
d__wtregen_tga_fed__lag076,0.504702,0.473284,0.10952,0.2941428
d__dgs6mo_dgs6mo__lag042,0.557994,0.395413,0.131695,0.29412302
d__dexchus_dexchus__lag014,0.567398,0.223119,0.295233,0.29411155
d__dexchus_dexchus__lag008,0.567398,0.223814,0.29447,0.29407317
q__bopbca_bopbca__lag003,0.821317,0.159866,0.198037,0.2939516
d__wtregen_tga__lag076,0.504702,0.473284,0.108936,0.29384788
d__wtregen_tga_fed__lag079,0.504702,0.488727,0.093406,0.29380386
d__dgs3mo_dgs3mo__lag029,0.561129,0.385957,0.137407,0.29367426
d__dgs6mo_dgs6mo__lag041,0.557994,0.395728,0.130563,0.29366701
q__bogz1fr733061103q_holding_companies_ts_reval__lag004,0.984326,0.272164,0.026035,0.29352415
d__wtregen_tga__lag079,0.504702,0.488727,0.092777,0.29348632
q__bogz1fr733061103q_holding_companies_ts_reval__lag007,0.974922,0.183069,0.117966,0.29348555
q__bogz1fr343061165q_fed_gov_db_retirement_ts_reval__lag005,0.981191,0.200066,0.09903,0.29347082
d__dgs30_dgs30__lag004,0.617555,0.334217,0.140978,0.29345905
d__dgs6mo_dgs6mo__lag057,0.557994,0.387222,0.13859,0.2933999
d__dgs30_dgs30__lag003,0.617555,0.334841,0.140212,0.29337141
d__wtregen_tga_fed__lag081,0.504702,0.487245,0.094008,0.29335958
d__wtregen_tga_fed__lag073,0.504702,0.471723,0.109522,0.29335573
m__civpart_civpart__lag005,0.978056,0.183789,0.116051,0.29326064
d__dexchus_dexchus__lag007,0.567398,0.222253,0.294423,0.29316097
d__dgs6mo_dgs6mo__lag040,0.557994,0.396086,0.129241,0.29312934
d__dgs6mo_dgs6mo__lag060,0.557994,0.385989,0.139219,0.29306241
d__wtregen_tga__lag073,0.504702,0.471723,0.108931,0.29305716
d__dgs6mo_dgs6mo__lag055,0.557994,0.38682,0.138354,0.29304415
d__wtregen_tga__lag081,0.504702,0.487245,0.093373,0.29303928
d__wtregen_tga_fed__lag071,0.504702,0.480786,0.099725,0.29298522
d__dgs6mo_dgs6mo__lag054,0.557994,0.387377,0.137417,0.29283219
d__dgs30_dgs30__lag038,0.617555,0.34739,0.126669,0.29275727
d__dexszus_dexszus__lag074,0.69279,0.156341,0.266204,0.29273497
d__dgs6mo_dgs6mo__lag078,0.557994,0.378364,0.14625,0.29273091
d__wtregen_tga__lag071,0.504702,0.480786,0.099105,0.29267255
d__dgs3mo_dgs3mo__lag030,0.561129,0.385716,0.135785,0.29262947
d__dgs6mo_dgs6mo__lag059,0.557994,0.384922,0.139004,0.29234783
d__dgs6mo_dgs6mo__lag056,0.557994,0.38655,0.137229,0.29226537
q__bogz1fr693061105q_nonmmf_ts_reval__lag004,0.984326,0.282655,0.014247,0.29224826
q__bogz1fr693061105q_nonmmmf_ts_reval__lag004,0.984326,0.282655,0.014247,0.29224826
d__dgs6mo_dgs6mo__lag053,0.557994,0.388121,0.135627,0.29224785
q__bogz1fl753061103q_usb_tsy_for__lag005,0.99373,0.259162,0.034898,0.29221661
d__dexchus_dexchus__lag011,0.567398,0.222483,0.292508,0.29220464
d__wtregen_tga_fed__lag074,0.504702,0.469953,0.108977,0.2921875
q__bogz1lm403061105q_gses_ts__lag004,0.996865,0.224193,0.068826,0.29210103
q__bogz1lm403061105q_gse_tsy__lag004,0.996865,0.224193,0.068826,0.29210103
d__wtregen_tga_fed__lag075,0.504702,0.469197,0.109254,0.29194563
d__wtregen_tga__lag074,0.504702,0.469953,0.108388,0.29189
q__bogz1fa403061105q_gses_ts_tx__lag007,0.974922,0.168461,0.130865,0.29181984
d__dexchus_dexchus__lag010,0.567398,0.224037,0.290175,0.2917629
q__bogz1fl573061143q_private_db_pension_ts__lag004,0.996865,0.203749,0.08893,0.29176142
d__dexchus_dexchus__lag005,0.567398,0.227114,0.286924,0.29166427
d__dgs6mo_dgs6mo__lag043,0.557994,0.393878,0.128803,0.29165265
d__wtregen_tga__lag075,0.504702,0.469197,0.108668,0.29164953
d__dgs6mo_dgs6mo__lag061,0.557994,0.38429,0.138164,0.29152639
d__dgs6mo_dgs6mo__lag080,0.557994,0.377105,0.145307,0.29150239
d__dgs6mo_dgs6mo__lag058,0.557994,0.384606,0.137763,0.2914789
q__bogz1fr343061113q_fed_gov_dcf_retirement_ts_reval__lag003,0.987461,0.247088,0.047992,0.29138036
d__dexszus_dexszus__lag073,0.69279,0.158448,0.262012,0.29129026
q__bogz1fa633061105q_money_market_funds_ts_tx__lag005,0.981191,0.215961,0.080896,0.29127331
d__dgs6mo_dgs6mo__lag049,0.557994,0.389809,0.132027,0.2911812
d__dgs3mo_dgs3mo__lag078,0.557994,0.365712,0.155932,0.29107405
d__dgs6mo_dgs6mo__lag052,0.557994,0.387546,0.134065,0.29105593
d__wtregen_tga_fed__lag078,0.504702,0.479262,0.097144,0.29091358
d__dexszus_dexszus__lag089,0.689655,0.166257,0.255539,0.29089401
d__wtregen_tga_fed__lag070,0.504702,0.483687,0.09263,0.29086851
d__dexchus_dexchus__lag013,0.567398,0.221695,0.290867,0.29082699
m__civpart_civpart__lag011,0.971787,0.109298,0.1899,0.29075648
d__dgs6mo_dgs6mo__lag062,0.557994,0.382469,0.138437,0.29066252
d__wtregen_tga__lag078,0.504702,0.479262,0.096525,0.29060097
d__dgs30_dgs30__lag044,0.617555,0.340082,0.13048,0.29059801
d__dgs6mo_dgs6mo__lag079,0.557994,0.375889,0.144858,0.29057375
d__wtregen_tga__lag070,0.504702,0.483687,0.091988,0.29054469
d__dexchus_dexchus__lag012,0.567398,0.221477,0.290556,0.29052634
d__dgs6mo_dgs6mo__lag081,0.557994,0.377652,0.143007,0.29052448
d__dgs3mo_dgs3mo__lag035,0.557994,0.380782,0.13982,0.29049271
d__dexchus_dexchus__lag009,0.567398,0.222294,0.28965,0.29047573
d__dgs6mo_dgs6mo__lag077,0.557994,0.3776,0.142873,0.29042091
d__dgs30_dgs30__lag043,0.617555,0.345938,0.124139,0.29029867
d__dgs6mo_dgs6mo__lag048,0.557994,0.390451,0.129787,0.29028937
d__dgs6mo_dgs6mo__lag082,0.557994,0.377359,0.142818,0.29025503
d__dexchus_dexchus__lag004,0.567398,0.228536,0.283017,0.29025423
d__dexszus_dexszus__lag072,0.69279,0.160674,0.258132,0.29014495
d__dgs6mo_dgs6mo__lag083,0.557994,0.377191,0.142398,0.28992721
d__dgs6mo_dgs6mo__lag050,0.557994,0.389385,0.13015,0.28989743
d__dgs3mo_dgs3mo__lag077,0.557994,0.366134,0.153371,0.28988071
d__dgs6mo_dgs6mo__lag044,0.557994,0.393762,0.125546,0.28977024
d__dgs6mo_dgs6mo__lag051,0.557994,0.387271,0.131583,0.28951756
d__dgs6mo_dgs6mo__lag063,0.557994,0.382526,0.135993,0.28933012
d__wtregen_tga_fed__lag087,0.501567,0.489801,0.087001,0.28930516
d__dgs6mo_dgs6mo__lag047,0.557994,0.391585,0.126662,0.2891784
q__bogz1fr473061105q_credit_unions_ts_reval__lag004,0.984326,0.287725,0.005943,0.28906521
d__dexchus_dexchus__lag001,0.567398,0.22901,0.280405,0.2890411
d__dgs6mo_dgs6mo__lag074,0.557994,0.378565,0.139322,0.28897775
d__wtregen_tga__lag087,0.501567,0.489801,0.086336,0.28897176
d__dgs6mo_dgs6mo__lag076,0.557994,0.376515,0.141339,0.28895924
q__bogz1lm653061113q_mf_bills_raw__lag006,0.990596,0.149376,0.142298,0.28893181
q__bogz1lm653061113q_mutf_bills__lag006,0.990596,0.149376,0.142298,0.28893181
d__dgs3mo_dgs3mo__lag036,0.557994,0.380704,0.137074,0.28891686
d__usepuindxd_policy_uncertainty__lag058,0.517241,0.265132,0.293414,0.28890321
d__dgs6mo_dgs6mo__lag045,0.557994,0.393256,0.124367,0.2888299
d__dgs3mo_dgs3mo__lag031,0.557994,0.384318,0.133277,0.28881476
d__dgs6mo_dgs6mo__lag075,0.557994,0.377706,0.139866,0.28880143
d__dgs3mo_dgs3mo__lag056,0.557994,0.37172,0.145709,0.28872255
q__bogz1fa213061103q_state_local_gov_ts_tx__lag008,0.971787,0.248039,0.04905,0.2887071
d__dgs3mo_dgs3mo__lag034,0.557994,0.380912,0.136373,0.28864174
d__dgs3mo_dgs3mo__lag038,0.557994,0.38081,0.136397,0.28859846
q__rownblq027s_row_nonfinbusinessloans_flow__lag007,0.974922,0.031488,0.264268,0.28833895
d__dgs3mo_dgs3mo__lag032,0.557994,0.384396,0.13229,0.28830777
d__wtregen_tga_fed__lag069,0.504702,0.471728,0.099419,0.28825906
d__dgs6mo_dgs6mo__lag046,0.557994,0.392376,0.124109,0.28819564
d__dgs3mo_dgs3mo__lag055,0.557994,0.371394,0.145055,0.28817524
d__dgs3mo_dgs3mo__lag037,0.557994,0.380786,0.135581,0.28812972
d__wtregen_tga_fed__lag072,0.504702,0.472426,0.098456,0.28812536
d__dgs6mo_dgs6mo__lag064,0.557994,0.381815,0.134507,0.28810439
d__dgs3mo_dgs3mo__lag054,0.557994,0.372619,0.143565,0.28802727
d__wtregen_tga__lag069,0.504702,0.471728,0.098789,0.28794127
d__dexchus_dexchus__lag003,0.567398,0.22868,0.278795,0.28794012
d__dgs3mo_dgs3mo__lag053,0.557994,0.374133,0.14183,0.28790424
d__wtregen_tga__lag072,0.504702,0.472426,0.097831,0.28781026
q__bogz1lm343061105q_fed_gov_retirement_ts__lag001,1.0,0.109074,0.178702,0.28777605
q__bogz1lm343061105q_fed_ret_tsy_total__lag001,1.0,0.109074,0.178702,0.28777605
d__dgs3mo_dgs3mo__lag033,0.557994,0.381964,0.133763,0.28777215
d__dgs3mo_dgs3mo__lag039,0.557994,0.381005,0.13468,0.28774895
d__dgs3mo_dgs3mo__lag079,0.557994,0.363674,0.151955,0.28771799
d__dgs3mo_dgs3mo__lag060,0.557994,0.372363,0.143108,0.28762974
d__dgs6mo_dgs6mo__lag090,0.557994,0.377033,0.138278,0.28754026
q__bogz1fr793061105q_dom_fin_sector_tsy_reval__lag007,0.974922,0.216627,0.078293,0.28752382
d__dgs6mo_dgs6mo__lag065,0.557994,0.380025,0.135256,0.28752365
d__dexszus_dexszus__lag069,0.69279,0.161894,0.253027,0.28745272
d__dgs30_dgs30__lag084,0.61442,0.344573,0.123203,0.28741136
q__bogz1fl543061175q_life_insurance_ts__lag005,0.99373,0.159442,0.129742,0.28737185
d__dgs30_dgs30__lag054,0.61442,0.332862,0.13469,0.2872738
d__dgs6mo_dgs6mo__lag084,0.557994,0.375376,0.139235,0.28714985
q__bogz1fl313161110q_totalbills_z1__lag001,1.0,0.21927,0.067872,0.28714169
d__dgs3mo_dgs3mo__lag057,0.557994,0.370854,0.143717,0.28712705
d__dgs3mo_dgs3mo__lag052,0.557994,0.373884,0.140667,0.28711666
q__bogz1fa713068703q_fed_dw_tx__lag008,0.971787,0.180235,0.115202,0.28710103
d__dgs3mo_dgs3mo__lag080,0.557994,0.363998,0.150219,0.28692998
d__dgs3mo_dgs3mo__lag059,0.557994,0.37044,0.143739,0.28690843
d__dgs6mo_dgs6mo__lag085,0.557994,0.376075,0.13809,0.28690061
d__dgs3mo_dgs3mo__lag049,0.557994,0.377317,0.136782,0.2868639
d__dgs6mo_dgs6mo__lag089,0.557994,0.375861,0.138129,0.28680323
d__dgs3mo_dgs3mo__lag061,0.557994,0.370922,0.142978,0.28675316
d__dgs30_dgs30__lag057,0.61442,0.33981,0.126883,0.28674565
d__dgs30_dgs30__lag085,0.61442,0.343137,0.12352,0.28672364
d__dgs3mo_dgs3mo__lag076,0.557994,0.36383,0.14982,0.28661346
d__dgs30_dgs30__lag058,0.61442,0.335766,0.130514,0.28649168
d__wtregen_tga_fed__lag089,0.501567,0.48614,0.085034,0.28648225
d__dgs3mo_dgs3mo__lag081,0.557994,0.363976,0.149424,0.2864739
d__dgs6mo_dgs6mo__lag071,0.557994,0.378189,0.135169,0.28645081
d__dgs3mo_dgs3mo__lag040,0.557994,0.380672,0.132627,0.28641777
d__dgs3mo_dgs3mo__lag062,0.557994,0.369904,0.143365,0.28640066
d__dgs6mo_dgs6mo__lag088,0.557994,0.3748,0.138387,0.2863553
d__wtregen_tga_fed__lag090,0.501567,0.484982,0.085925,0.28634829
d__dgs3mo_dgs3mo__lag082,0.557994,0.364554,0.148603,0.28633847
d__dgs6mo_dgs6mo__lag073,0.557994,0.377359,0.135733,0.28630208
q__rowmmfq027s_row_moneymarketfundshares_flow__lag002,0.990596,0.140428,0.148588,0.28629718
d__dgs3mo_dgs3mo__lag074,0.557994,0.365668,0.147261,0.28621149
d__wtregen_tga__lag089,0.501567,0.48614,0.08436,0.28614419
d__dgs6mo_dgs6mo__lag087,0.557994,0.375173,0.137558,0.28610056
d__wtregen_tga__lag090,0.501567,0.484982,0.085253,0.28601115
d__dgs3mo_dgs3mo__lag041,0.557994,0.379784,0.132585,0.28589909
d__dgs3mo_dgs3mo__lag048,0.557994,0.377433,0.134856,0.28585398
d__dexszus_dexszus__lag065,0.69279,0.163429,0.249166,0.28584182
d__dgs6mo_dgs6mo__lag086,0.557994,0.374231,0.138014,0.28582944
d__dgs3mo_dgs3mo__lag075,0.557994,0.364743,0.147488,0.28582149
q__bogz1fl673061103q_abs_issuers_ts__lag007,0.987461,0.208339,0.081017,0.28572778
d__dgs6mo_dgs6mo__lag072,0.557994,0.377068,0.134794,0.28561586
d__dgs3mo_dgs3mo__lag063,0.557994,0.369233,0.142577,0.28558694
d__dgs3mo_dgs3mo__lag058,0.557994,0.369887,0.141762,0.28549696
q__bogz1fa403061105q_gses_ts_tx__lag005,0.981191,0.243506,0.047455,0.2854889
d__wtregen_tga_fed__lag086,0.501567,0.485952,0.083236,0.28548619
d__dgs6mo_dgs6mo__lag066,0.557994,0.37858,0.133031,0.28547554
d__dexszus_dexszus__lag071,0.69279,0.158508,0.253558,0.28547481
d__dexchus_dexchus__lag002,0.567398,0.227222,0.275794,0.28541003
d__dgs6mo_dgs6mo__lag069,0.557994,0.376262,0.135175,0.28537848
d__dgs30_dgs30__lag080,0.61442,0.340856,0.123492,0.28530484
d__dgs3mo_dgs3mo__lag050,0.557994,0.375758,0.135527,0.2852941
d__dgs3mo_dgs3mo__lag043,0.557994,0.379642,0.131583,0.28526027
d__dgs6mo_dgs6mo__lag070,0.557994,0.376496,0.134688,0.28523765
q__bogz1fa343061165q_fed_gov_db_retirement_ts_tx__lag006,0.978056,0.187607,0.103965,0.28517365
q__bogz1fr593061105q_pension_ts_reval__lag004,0.984326,0.279752,0.00995,0.28516161
d__wtregen_tga__lag086,0.501567,0.485952,0.08256,0.28514709
q__bogz1fr103061103q_nfcb_tsy_reval__lag007,0.974922,0.204204,0.088264,0.2851329
m__mcumfn_caputil_man__lag001,0.680251,0.286432,0.132528,0.2849981
d__dgs30_dgs30__lag081,0.61442,0.341886,0.12195,0.28498961
d__wtregen_tga_fed__lag085,0.501567,0.484838,0.083298,0.28495853
d__dgs30_dgs30__lag090,0.61442,0.359688,0.104072,0.28494328
q__bopbca_bopbca__lag004,0.818182,0.166427,0.181804,0.28491656
d__dgs6mo_dgs6mo__lag068,0.557994,0.376719,0.133886,0.28491437
d__dgs3mo_dgs3mo__lag071,0.557994,0.366182,0.144141,0.28475695
q__bogz1fr343061113q_fed_gov_dcf_retirement_ts_reval__lag004,0.984326,0.279819,0.009412,0.28469677
q__bogz1fr213061103q_state_local_gov_ts_reval__lag007,0.974922,0.210559,0.081451,0.28468755
d__wtregen_tga__lag085,0.501567,0.484838,0.082626,0.28462174
d__dgs3mo_dgs3mo__lag072,0.557994,0.365061,0.14501,0.28461652
d__dgs6mo_dgs6mo__lag067,0.557994,0.377491,0.132566,0.28460885
d__dgs30_dgs30__lag087,0.61442,0.350356,0.112826,0.28458825
d__dgs3mo_dgs3mo__lag051,0.557994,0.373685,0.13629,0.28456251
d__dgs30_dgs30__lag089,0.61442,0.356813,0.106253,0.28451705
d__wtregen_tga_fed__lag088,0.501567,0.485823,0.08131,0.28445558
q__bogz1fa713061113q_cb_bills_tx__lag001,0.99373,0.144838,0.141356,0.2843995
d__dgs30_dgs30__lag082,0.61442,0.342555,0.12032,0.28439934
d__dgs30_dgs30__lag086,0.61442,0.34376,0.119002,0.28433026
d__dgs3mo_dgs3mo__lag042,0.557994,0.38059,0.12887,0.2842753
d__dgs3mo_dgs3mo__lag073,0.557994,0.364577,0.14481,0.28423487
d__dgs3mo_dgs3mo__lag047,0.557994,0.377694,0.131595,0.28418049
m__ipdcongd_ipdcongd__lag011,0.984326,0.256999,0.031703,0.28417742
d__dgs30_dgs30__lag083,0.61442,0.343402,0.119094,0.28416656
d__wtregen_tga__lag088,0.501567,0.485823,0.080628,0.28411339
d__dgs3mo_dgs3mo__lag044,0.557994,0.378848,0.130306,0.28410461
d__dgs3mo_dgs3mo__lag083,0.557994,0.363508,0.145451,0.28399601
d__dgs30_dgs30__lag045,0.617555,0.338495,0.121215,0.2838961
q__bogz1fl673061103q_abs_issuers_ts__lag006,0.990596,0.208049,0.078505,0.28385823
d__dexszus_dexszus__lag068,0.69279,0.161486,0.248122,0.28377226
d__dexszus_dexszus__lag061,0.69279,0.163729,0.245828,0.28373687
m__mcumfn_caputil_man__lag012,0.670846,0.353141,0.069719,0.28367442
m__mich_mich__lag004,0.601881,0.191071,0.280173,0.2836329
d__dgs3mo_dgs3mo__lag064,0.557994,0.367646,0.140647,0.2836244
d__dgs30_dgs30__lag079,0.61442,0.336784,0.124662,0.28352168
d__dgs3mo_dgs3mo__lag045,0.557994,0.378818,0.128596,0.28313393
d__dgs30_dgs30__lag060,0.61442,0.334137,0.126543,0.2830512
d__dgs30_dgs30__lag047,0.61442,0.328718,0.131791,0.28294612
d__dgs3mo_dgs3mo__lag046,0.557994,0.378793,0.128019,0.28279772
q__bogz1fa343061123q_fed_gov_dcg_retirement_ts_tx__lag004,0.984326,0.11496,0.172322,0.28277911
d__dgs30_dgs30__lag088,0.61442,0.347765,0.112437,0.28275773
d__dgs30_dgs30__lag078,0.61442,0.337646,0.122512,0.28273042
d__dgs30_dgs30__lag046,0.61442,0.336264,0.123893,0.28272964
d__dgs3mo_dgs3mo__lag065,0.557994,0.36577,0.140848,0.28268969
d__dgs30_dgs30__lag053,0.61442,0.320487,0.139578,0.28267366
d__dexszus_dexszus__lag066,0.69279,0.160971,0.246756,0.28246885
d__dgs3mo_dgs3mo__lag070,0.557994,0.363702,0.142468,0.28243971
m__baaffm_baaff__lag001,0.899687,0.201347,0.112305,0.28218831
q__bogz1fl713061113q_cb_bills_raw__lag006,0.990596,0.252674,0.032136,0.28213211
q__bogz1fl713061113q_cb_bills__lag006,0.990596,0.252674,0.032136,0.28213211
q__bogz1fr103061103q_nfcb_tsy_reval__lag004,0.984326,0.270074,0.016545,0.28212589
d__dexszus_dexszus__lag063,0.69279,0.162938,0.244001,0.28192332
d__dexszus_dexszus__lag064,0.69279,0.160477,0.246365,0.28185626
q__rowmmfq027s_row_moneymarketfundshares_flow__lag001,0.99373,0.188377,0.095218,0.28181647
d__dexszus_dexszus__lag067,0.69279,0.161899,0.244633,0.28164091
d__dgs30_dgs30__lag048,0.61442,0.333474,0.124894,0.28163048
d__wtregen_tga_fed__lag068,0.504702,0.4611,0.09656,0.28145225
d__dgs3mo_dgs3mo__lag069,0.557994,0.363621,0.140339,0.28120615
d__wtregen_tga__lag068,0.504702,0.4611,0.095921,0.28112954
m__mcumfn_caputil_man__lag010,0.670846,0.328221,0.090771,0.28107914
d__dgs30_dgs30__lag062,0.61442,0.330986,0.126439,0.28105159
d__dgs30_dgs30__lag061,0.61442,0.332204,0.125066,0.28095627
q__bogz1fa513061105q_pc_insurance_ts_tx__lag006,0.978056,0.106707,0.180533,0.28093764
d__dexszus_dexszus__lag070,0.69279,0.15704,0.248446,0.28091607
d__dgs3mo_dgs3mo__lag068,0.557994,0.364336,0.138827,0.28076154
d__dgs3mo_dgs3mo__lag066,0.557994,0.364432,0.138283,0.2805118
q__bogz1fl704135005q_usb_loan_l__lag002,1.0,0.158232,0.122145,0.28037658
d__dgs30_dgs30__lag055,0.61442,0.331403,0.124635,0.28019888
d__dgs30_dgs30__lag065,0.61442,0.336198,0.119706,0.28011634
d__dgs3mo_dgs3mo__lag084,0.557994,0.362053,0.139719,0.27998556
d__dexszus_dexszus__lag060,0.69279,0.162564,0.241569,0.2799793
q__bogz1fa673061103q_abs_issuers_ts_tx__lag001,0.99373,0.251307,0.030358,0.27989883
q__bogz1fa263061130q_row_gov_tsy_tx__lag001,0.99373,0.188206,0.093332,0.27977273
q__rowmfsq027s_row_mutualfundshares_flow__lag003,0.987461,0.082199,0.201126,0.27977258
m__awhman_awhman__lag011,1.0,0.095229,0.184464,0.27969321
d__dgs3mo_dgs3mo__lag067,0.557994,0.36391,0.137327,0.27968729
q__bogz1fl543061175q_life_insurance_ts__lag006,0.990596,0.116223,0.16611,0.27967746
q__bogz1fl704141005q_usb_stloan_l__lag002,1.0,0.155811,0.123821,0.27963193
q__bogz1fa573061105q_private_pension_ts_tx__lag005,0.981191,0.206483,0.078285,0.27941248
d__dgs30_dgs30__lag059,0.61442,0.326372,0.12782,0.27906418
d__ldgust_tga_fed_alt__lag007,1.0,0.145877,0.133063,0.27894038
q__bogz1fl713068703q_fed_dw_a__lag005,0.99373,0.159858,0.120706,0.27880484
d__wtregen_tga_fed__lag067,0.504702,0.458958,0.093444,0.27879861
d__dexszus_dexszus__lag062,0.69279,0.163689,0.238655,0.27873972
d__dgs30_dgs30__lag069,0.61442,0.338458,0.115117,0.27868539
d__dgs3mo_dgs3mo__lag088,0.557994,0.36023,0.139177,0.27866633
q__bogz1fa573061105q_private_pension_ts_tx__lag002,0.990596,0.148914,0.132357,0.27862528
d__dgs3mo_dgs3mo__lag085,0.557994,0.361534,0.137775,0.27861142
d__wtregen_tga__lag067,0.504702,0.458958,0.092793,0.27847005
d__dgs30_dgs30__lag070,0.61442,0.33974,0.113466,0.27845874
d__dgs30_dgs30__lag066,0.61442,0.33718,0.115919,0.27839323
d__dgs3mo_dgs3mo__lag090,0.557994,0.358903,0.139957,0.27836034
d__dgs3mo_dgs3mo__lag087,0.557994,0.359427,0.139172,0.27821506
q__bogz1fr693061105q_nonmmf_ts_reval__lag003,0.987461,0.218147,0.063587,0.27820195
q__bogz1fr693061105q_nonmmmf_ts_reval__lag003,0.987461,0.218147,0.063587,0.27820195
d__dgs3mo_dgs3mo__lag089,0.557994,0.358908,0.139371,0.27803655
q__bogz1fr223061143q_state_local_db_retirement_ts_reval__lag007,0.974922,0.225823,0.059318,0.27798996
q__bogz1fl263061130q_row_gov_tsy__lag008,0.984326,0.112106,0.170287,0.27796591
m__houst_houst__lag010,0.833856,0.232797,0.10027,0.27772979
m__hqmcb10yrp_hqm10y__lag005,0.526646,0.346001,0.181334,0.2777192
q__rowcpaq027s_row_commercialpaper_flow__lag006,0.978056,0.144625,0.139313,0.27770759
d__dgs30_dgs30__lag056,0.61442,0.337351,0.114192,0.27743733
q__bogz1fr573061133q_private_dc_pension_ts_reval__lag003,0.987461,0.236677,0.044147,0.27730306
d__dgs30_dgs30__lag077,0.61442,0.339849,0.11097,0.27699216
m__permit_permit__lag012,0.821317,0.243064,0.093881,0.27673807
q__bogz1fl573061143q_private_db_pension_ts__lag007,0.987461,0.131678,0.148508,0.27667277
q__bogz1fr653061105q_mutual_funds_ts_reval__lag003,0.987461,0.213761,0.066417,0.27666512
d__dexszus_dexszus__lag059,0.69279,0.160609,0.238569,0.27654639
q__bogz1fr263061130q_row_gov_tsy_reval__lag003,0.987461,0.269876,0.009968,0.27633421
d__dgs30_dgs30__lag068,0.61442,0.337125,0.112612,0.27632719
d__dgs3mo_dgs3mo__lag086,0.557994,0.358943,0.136233,0.27630481
q__bogz1fa513061113q_pci_bills_tx__lag007,0.974922,0.218312,0.064953,0.27616074
q__bogz1fr573061143q_private_db_pension_ts_reval__lag004,0.984326,0.275998,0.004198,0.2758048
q__bogz1fr573061105q_private_pension_ts_reval__lag004,0.984326,0.276577,0.00354,0.27572571
d__dgs30_dgs30__lag052,0.61442,0.314997,0.133468,0.2755456
d__dgs30_dgs30__lag071,0.61442,0.339417,0.108838,0.27541727
d__dexszus_dexszus__lag058,0.69279,0.162035,0.235502,0.27540959
q__bogz1fr573061133q_private_dc_pension_ts_reval__lag007,0.974922,0.217091,0.065358,0.2753654
q__bogz1lm663061105q_brokers_dealers_ts__lag007,0.987461,0.156344,0.122319,0.27516879
d__ldgust_tga_fed_alt__lag006,1.0,0.142702,0.132361,0.27506304
d__wtregen_tga_fed__lag066,0.504702,0.444513,0.100188,0.274912
d__wtregen_tga__lag066,0.504702,0.444513,0.099542,0.27458581
d__dgs30_dgs30__lag064,0.61442,0.329473,0.117428,0.27458483
d__wtregen_tga__lag023,0.504702,0.448052,0.095796,0.27448127
m__civpart_civpart__lag002,0.981191,0.210948,0.068792,0.27447843
q__bogz1fr713061103q_cb_tsy_reval__lag007,0.974922,0.196934,0.084575,0.27444862
q__bogz1fr763061100q_usb_tsy_oth_reval__lag003,0.987461,0.185979,0.091916,0.27441069
d__ldgust_tga_fed_alt__lag013,1.0,0.169614,0.104715,0.27432928
d__dgs30_dgs30__lag050,0.61442,0.322664,0.1237,0.27425514
d__dgs30_dgs30__lag067,0.61442,0.334593,0.111735,0.27423274
d__ldgust_tga_fed_alt__lag011,1.0,0.170701,0.103502,0.27420364
d__dgs30_dgs30__lag063,0.61442,0.327833,0.118428,0.27419181
d__ldgust_tga_fed_alt__lag009,1.0,0.153037,0.121071,0.27410821
d__wtregen_tga__lag016,0.504702,0.44804,0.094394,0.27376723
d__wtregen_tga_fed__lag023,0.504702,0.446368,0.095966,0.27371723
q__bogz1fr653061105q_mutual_funds_ts_reval__lag004,0.984326,0.276833,0.00111,0.27358656
d__wtregen_tga__lag019,0.504702,0.444907,0.096578,0.27328886
q__bogz1fa693061105q_nonmmf_ts_tx__lag005,0.981191,0.21877,0.059731,0.27326272
q__bogz1fa693061105q_nonmmmf_ts_tx__lag005,0.981191,0.21877,0.059731,0.27326272
d__ldgust_tga_fed_alt__lag010,1.0,0.15987,0.113211,0.27308079
d__wtregen_tga_fed__lag016,0.504702,0.446299,0.094552,0.27296875
q__bogz1fr743061103q_usb_tsy_dom_reval__lag003,0.987461,0.238715,0.037479,0.27273086
m__civpart_civpart__lag003,0.981191,0.205881,0.072023,0.27267736
d__ldgust_tga_fed_alt__lag008,1.0,0.150729,0.12188,0.27260934
d__wtregen_tga__lag021,0.504702,0.437416,0.102665,0.27258027
d__wtregen_tga_fed__lag019,0.504702,0.443197,0.096734,0.27250402
q__bogz1fl573061143q_private_db_pension_ts__lag005,0.99373,0.181437,0.092737,0.27245507
m__wtisplc_wtisplc__lag007,1.0,0.0378,0.234644,0.27244467
d__dgs30_dgs30__lag074,0.61442,0.338005,0.105324,0.27239004
d__wtregen_tga__lag020,0.504702,0.441533,0.098159,0.27238372
q__bogz1fa223061143q_state_local_db_retirement_ts_tx__lag004,0.984326,0.215258,0.06132,0.27224375
q__bogz1fa263061110q_row_bills_tx__lag004,0.984326,0.250065,0.026459,0.27218967
d__dgs30_dgs30__lag073,0.61442,0.339972,0.102934,0.27213045
q__bogz1lm573061105q_private_pension_ts__lag001,1.0,0.185158,0.086774,0.27193197
d__wtregen_tga__lag022,0.504702,0.440434,0.098319,0.27191026
q__bogz1fr473061105q_credit_unions_ts_reval__lag003,0.987461,0.215515,0.059795,0.27185776
d__dgs30_dgs30__lag049,0.61442,0.325508,0.116881,0.2718131
d__wtregen_tga_fed__lag021,0.504702,0.435732,0.102797,0.27179643
q__bogz1fr573061133q_private_dc_pension_ts_reval__lag004,0.984326,0.273468,0.002596,0.271737
d__wtregen_tga_fed__lag020,0.504702,0.439838,0.098311,0.27160516
q__bogz1fl573061143q_private_db_pension_ts__lag006,0.990596,0.152798,0.121197,0.27141827
d__dexszus_dexszus__lag057,0.69279,0.165143,0.226614,0.27140571
d__dgs30_dgs30__lag051,0.61442,0.318181,0.123362,0.27129318
d__ldgust_tga_fed_alt__lag001,1.0,0.132473,0.138754,0.27122741
d__dgs30_dgs30__lag075,0.61442,0.337447,0.103845,0.27113853
d__wtregen_tga_fed__lag022,0.504702,0.438726,0.098468,0.27112282
q__bogz1fr753061103q_usb_tsy_for_reval__lag007,0.974922,0.255851,0.02192,0.27080478
d__wtregen_tga__lag026,0.504702,0.440169,0.096211,0.27071228
q__na000283q_gov_current_exp__lag002,0.987461,0.249462,0.024466,0.27049286
m__permit_permit__lag010,0.821317,0.225831,0.103484,0.27047172
q__bogz1fa403061105q_gses_ts_tx__lag001,0.99373,0.163233,0.10877,0.27029674
d__wtregen_tga__lag028,0.504702,0.427367,0.108085,0.2702441
q__bogz1fr663061165q_brokers_dealers_long_ts_reval__lag007,0.974922,0.211641,0.065484,0.27017531
d__wtregen_tga__lag024,0.504702,0.444953,0.090218,0.27010182
d__ldgust_tga_fed_alt__lag005,1.0,0.14111,0.128991,0.27010063
q__bogz1fl673061103q_abs_issuers_ts__lag005,0.99373,0.198905,0.072899,0.27010023
d__dgs30_dgs30__lag076,0.61442,0.337032,0.102466,0.27003677
d__wtregen_tga_fed__lag026,0.504702,0.438537,0.096401,0.26998433
q__rowgseq027s_row_agency_flow__lag003,0.987461,0.272582,0.00076,0.26991462
q__fgexpnd_fgexpnd__lag002,0.987461,0.24787,0.025122,0.26956834
d__wtregen_tga_fed__lag028,0.504702,0.425793,0.108241,0.2695284
q__bogz1lm573061105q_private_pension_ts__lag002,1.0,0.183056,0.086392,0.26944759
q__fgexpnd_fgexpnd__lag001,0.990596,0.266681,0.00529,0.26941282
q__na000283q_gov_current_exp__lag001,0.990596,0.267332,0.004632,0.26940691
d__wtregen_tga_fed__lag024,0.504702,0.443291,0.09042,0.2693648
d__dgs30_dgs30__lag072,0.61442,0.337276,0.101109,0.26935271
d__wtregen_tga__lag025,0.504702,0.440032,0.093174,0.26911028
d__wtregen_tga__lag027,0.504702,0.435327,0.096905,0.26861883
d__wtregen_tga_fed__lag025,0.504702,0.438388,0.09337,0.2683795
d__wtregen_tga__lag030,0.504702,0.43529,0.096403,0.26834658
q__bogz1fl543061175q_life_insurance_ts__lag007,0.987461,0.096304,0.175302,0.26820083
m__hqmcb10yrp_hqm10y__lag006,0.526646,0.317324,0.191853,0.26815584
d__wtregen_tga_fed__lag027,0.504702,0.433718,0.097099,0.26790468
q__bogz1fr343061105q_fed_gov_retirement_ts_reval__lag004,0.984326,0.265947,0.00605,0.26773359
d__wtregen_tga_fed__lag030,0.504702,0.433702,0.096607,0.26764783
d__wtregen_tga__lag035,0.504702,0.424716,0.105519,0.26761093
d__wtregen_tga__lag018,0.504702,0.440783,0.089203,0.26748511
m__awotman_awotman__lag001,0.880878,0.135037,0.168565,0.26743623
d__wtregen_tga__lag017,0.504702,0.444111,0.08577,0.26743241
q__bogz1fa343061113q_fed_gov_dcf_retirement_ts_tx__lag008,0.971787,0.26757,0.007604,0.26741006
q__rowcbaq027s_row_corpbonds_flow__lag008,0.971787,0.259436,0.0157,0.26737411
d__wtregen_tga_fed__lag052,0.504702,0.430229,0.099526,0.26736846
d__ldgust_tga_fed_alt__lag004,1.0,0.138626,0.128742,0.26736807
q__bogz1fl712051000q_fed_rrp__lag007,0.987461,0.233999,0.036719,0.26732321
d__wtregen_tga__lag014,0.504702,0.436763,0.092605,0.26717329
d__wtregen_tga__lag038,0.504702,0.433007,0.09633,0.26715792
d__wtregen_tga__lag052,0.504702,0.430229,0.098886,0.26704533
q__bogz1fr593061105q_pension_ts_reval__lag007,0.974922,0.221865,0.051927,0.26692612
d__wtregen_tga_fed__lag035,0.504702,0.423156,0.105694,0.26691168
d__wtregen_tga_fed__lag018,0.504702,0.439079,0.089393,0.266721
d__wtregen_tga_fed__lag017,0.504702,0.442399,0.085974,0.26667078
m__wpu0561_ppi_crude__lag007,0.987461,0.033505,0.236539,0.26665708
d__wtregen_tga__lag037,0.504702,0.429898,0.098424,0.26664533
q__bogz1lm343061113q_fed_gov_dcf_retirement_ts__lag003,1.0,0.184768,0.081779,0.26654701
q__bogz1lm343061113q_fed_gov_dc_retirement_ts__lag003,1.0,0.184768,0.081779,0.26654701
q__bogz1lm343061113q_fed_ret_tsy_dc__lag003,1.0,0.184768,0.081779,0.26654701
d__wtregen_tga__lag033,0.504702,0.429403,0.098654,0.2665115
d__wtregen_tga_fed__lag038,0.504702,0.431454,0.096551,0.266485
d__wtregen_tga_fed__lag014,0.504702,0.435025,0.092774,0.26638126
d__wtregen_tga__lag031,0.504702,0.433757,0.093988,0.26635413
d__wtregen_tga__lag032,0.504702,0.427636,0.100047,0.26632262
d__wtregen_tga__lag013,0.504702,0.439623,0.0876,0.26609071
d__wtregen_tga__lag015,0.504702,0.43698,0.090192,0.26606478
d__ldgust_tga_fed_alt__lag003,1.0,0.140147,0.125862,0.26600895
d__wtregen_tga__lag029,0.504702,0.429238,0.097739,0.26596652
d__wtregen_tga_fed__lag037,0.504702,0.428326,0.098629,0.26595541
d__wtregen_tga_fed__lag033,0.504702,0.42782,0.09885,0.26581179
d__wtregen_tga__lag034,0.504702,0.429336,0.097125,0.26570562
d__wtregen_tga_fed__lag031,0.504702,0.432174,0.094202,0.26566297
d__dexszus_dexszus__lag056,0.69279,0.163318,0.220112,0.26563589
d__wtregen_tga_fed__lag032,0.504702,0.426063,0.100239,0.26562566
d__wtregen_tga__lag039,0.504702,0.427282,0.098636,0.26543203
d__wtregen_tga_fed__lag013,0.504702,0.437878,0.087796,0.26530875
d__wtregen_tga__lag036,0.504702,0.42459,0.101033,0.26528281
d__usepuindxd_policy_uncertainty__lag055,0.517241,0.256221,0.256634,0.26526982
d__wtregen_tga_fed__lag015,0.504702,0.435225,0.090366,0.2652668
d__wtregen_tga_fed__lag029,0.504702,0.427632,0.097933,0.26525375
q__bogz1fr403061105q_gses_ts_reval__lag007,0.974922,0.181794,0.090047,0.26502435
d__wtregen_tga_fed__lag034,0.504702,0.427754,0.097328,0.26501014
d__dexszus_dexszus__lag055,0.69279,0.16628,0.215955,0.26480822
d__wtregen_tga_fed__lag039,0.504702,0.425743,0.098852,0.26476449
d__wtregen_tga_fed__lag051,0.504702,0.427597,0.096989,0.26475958
d__wtregen_tga__lag040,0.504702,0.425371,0.099086,0.26469457
m__ipdcongd_ipdcongd__lag001,0.99373,0.211641,0.054652,0.26462394
d__wtregen_tga_fed__lag036,0.504702,0.423001,0.10122,0.26457534
d__ldgust_tga_fed_alt__lag014,1.0,0.1615,0.103006,0.26450528
d__wtregen_tga__lag051,0.504702,0.427597,0.096342,0.26443316
m__uempmean_uempmean__lag007,0.974922,0.076422,0.194767,0.26438816
q__rownblq027s_row_nonfinbusinessloans_flow__lag004,0.984326,0.050715,0.217813,0.26431927
m__hqmcb10yrp_hqm10y__lag004,0.526646,0.330815,0.170746,0.2641449
d__wtregen_tga_fed__lag040,0.504702,0.423839,0.099303,0.26403075
d__ldgust_tga_fed_alt__lag002,1.0,0.132236,0.131751,0.2639874
q__bogz1fr513061105q_pc_insurance_ts_reval__lag008,0.971787,0.259377,0.012173,0.26388927
d__wtregen_tga__lag045,0.504702,0.427949,0.094429,0.26364495
d__wtregen_tga_fed__lag053,0.504702,0.420139,0.101648,0.26334705
d__wtregen_tga__lag012,0.504702,0.432244,0.08928,0.26321424
d__wtregen_tga_fed__lag045,0.504702,0.426507,0.094697,0.26305275
d__wtregen_tga__lag053,0.504702,0.420139,0.101005,0.26302252
d__ldgust_tga_fed_alt__lag012,1.0,0.168367,0.094606,0.26297288
q__bogz1fa343061113q_fed_gov_dcf_retirement_ts_tx__lag005,0.981191,0.035701,0.232235,0.26289644
q__bogz1fl633061110q_mmf_bills_raw__lag003,1.0,0.261024,0.001618,0.26264238
q__bogz1fl633061110q_mmf_bills__lag003,1.0,0.261024,0.001618,0.26264238
d__wtregen_tga_fed__lag012,0.504702,0.430543,0.08948,0.2624564
m__fedfunds_fed_funds__lag011,0.890282,0.190599,0.103784,0.26208385
q__bogz1fa633061110q_mmf_bills_tx__lag005,0.981191,0.178354,0.088712,0.26204289
q__bogz1fr343061113q_fed_gov_dcf_retirement_ts_reval__lag007,0.974922,0.209288,0.059486,0.26203355
d__usepuindxd_policy_uncertainty__lag025,0.517241,0.293942,0.212487,0.26194621
d__wtregen_tga__lag041,0.504702,0.4209,0.097448,0.26161163
d__wtregen_tga__lag044,0.504702,0.422904,0.095237,0.26150701
m__ipmat_ipmat__lag001,1.0,0.072041,0.189444,0.26148586
m__uempmean_uempmean__lag006,0.978056,0.089335,0.177945,0.26141499
d__wtregen_tga__lag046,0.504702,0.423396,0.094504,0.26138536
d__wtregen_tga__lag049,0.504702,0.422549,0.095289,0.26135395
d__wtregen_tga__lag048,0.504702,0.422035,0.095506,0.26120429
d__wtregen_tga_fed__lag041,0.504702,0.419395,0.09768,0.2609691
d__wtregen_tga_fed__lag044,0.504702,0.421444,0.095495,0.26089998
d__wtregen_tga_fed__lag046,0.504702,0.421964,0.094776,0.26079979
d__wtregen_tga_fed__lag049,0.504702,0.421122,0.095565,0.26077285
d__wtregen_tga__lag047,0.504702,0.421755,0.09466,0.26063547
d__wtregen_tga_fed__lag062,0.504702,0.422449,0.093955,0.26063009
d__wtregen_tga_fed__lag048,0.504702,0.420614,0.095782,0.26062606
q__bogz1fa343061105q_fed_gov_retirement_ts_tx__lag004,0.984326,0.08731,0.177345,0.2605071
d__wtregen_tga_fed__lag050,0.504702,0.422258,0.093895,0.26050351
q__bogz1fl753061103q_usb_tsy_for__lag004,0.996865,0.252467,0.008829,0.26047625
q__bogz1lm653061113q_mf_bills_raw__lag003,1.0,0.100671,0.159787,0.26045785
q__bogz1lm653061113q_mutf_bills__lag003,1.0,0.100671,0.159787,0.26045785
d__wtregen_tga__lag042,0.504702,0.415997,0.099777,0.2603125
d__wtregen_tga_fed__lag054,0.504702,0.415321,0.100449,0.26031004
d__wtregen_tga__lag062,0.504702,0.422449,0.09329,0.26029425
d__wtregen_tga__lag050,0.504702,0.422258,0.09324,0.26017288
d__wtregen_tga_fed__lag047,0.504702,0.420327,0.094934,0.26005305
d__wtregen_tga__lag054,0.504702,0.415321,0.099797,0.2599809
d__wtregen_tga__lag011,0.504702,0.426861,0.088192,0.25994833
d__wtregen_tga_fed__lag042,0.504702,0.414517,0.100008,0.2596819
q__bogz1fr573061143q_private_db_pension_ts_reval__lag006,0.978056,0.128051,0.137402,0.25962814
d__wtregen_tga__lag043,0.504702,0.418429,0.095871,0.2595684
d__dexszus_dexszus__lag054,0.69279,0.165448,0.209201,0.25955337
d__dexszus_dexszus__lag053,0.69279,0.157244,0.217331,0.25950191
d__wtregen_tga_fed__lag061,0.504702,0.421658,0.092074,0.25928141
d__wtregen_tga_fed__lag011,0.504702,0.425201,0.088416,0.25922346
q__bogz1fa343061113q_fed_gov_dcf_retirement_ts_tx__lag007,0.974922,0.129328,0.13651,0.25917078
m__ipman_ipman__lag010,0.670846,0.266234,0.120025,0.25912049
d__wtregen_tga_fed__lag059,0.504702,0.421064,0.092313,0.25910222
d__wtregen_tga_fed__lag043,0.504702,0.416952,0.096121,0.25894936
d__wtregen_tga__lag061,0.504702,0.421658,0.091404,0.25894332
d__wtregen_tga_fed__lag065,0.504702,0.427359,0.085581,0.25888173
m__mcumfn_caputil_man__lag011,0.670846,0.317485,0.068292,0.25879681
d__wtregen_tga__lag059,0.504702,0.421064,0.091642,0.25876362
d__wtregen_tga_fed__lag063,0.504702,0.42481,0.087653,0.25864113
d__wtregen_tga__lag065,0.504702,0.427359,0.084903,0.2585397
d__wtregen_tga__lag063,0.504702,0.42481,0.086975,0.25829885
d__wtregen_tga_fed__lag060,0.504702,0.422162,0.089561,0.25826793
q__bogz1lm263061110q_row_bills_raw__lag001,1.0,0.220135,0.038003,0.25813755
q__bogz1lm263061110q_row_bills__lag001,1.0,0.220135,0.038003,0.25813755
d__wtregen_tga__lag060,0.504702,0.422162,0.088886,0.257927
q__rowmfsq027s_row_mutualfundshares_flow__lag002,0.990596,0.085522,0.174662,0.25773696
m__usalolitoaastsam_oecd_leading_indicator_us__lag002,0.893417,0.126953,0.161462,0.25767462
d__wtregen_tga_fed__lag064,0.504702,0.425526,0.084837,0.25758169
q__bogz1fr663061165q_brokers_dealers_long_ts_reval__lag004,0.984326,0.238516,0.023037,0.25745354
q__bogz1fr223061143q_state_local_db_retirement_ts_reval__lag006,0.978056,0.142625,0.12055,0.25739966
m__ipmine_ipmine__lag002,1.0,0.03739,0.219857,0.25724621
d__wtregen_tga__lag064,0.504702,0.425526,0.084157,0.25723816
d__wtregen_tga_fed__lag056,0.504702,0.409623,0.098441,0.25642121
d__wtregen_tga_fed__lag055,0.504702,0.408827,0.098899,0.2562503
q__cbi_cbi__lag003,0.984326,0.236172,0.024055,0.25614843
q__rowmslq027s_row_muni_flow__lag008,0.971787,0.186249,0.0773,0.25611325
d__wtregen_tga__lag056,0.504702,0.409623,0.09778,0.25608759
q__netfi_netfi__lag008,0.968652,0.126187,0.138031,0.25593572
d__wtregen_tga__lag055,0.504702,0.408827,0.098241,0.25591837
m__houst_houst__lag012,0.833856,0.214361,0.092279,0.25569328
q__bogz1fr343061165q_fed_gov_db_retirement_ts_reval__lag003,0.987461,0.225522,0.033327,0.25560344
q__bogz1fa573061143q_private_db_pension_ts_tx__lag005,0.981191,0.180134,0.080256,0.25549268
q__bogz1fa213061103q_state_local_gov_ts_tx__lag001,0.99373,0.214348,0.042637,0.25537356
m__hqmcb10yrp_hqm10y__lag007,0.523511,0.297081,0.190577,0.25529434
q__bogz1lm573061105q_private_pension_ts__lag003,1.0,0.174051,0.081206,0.25525685
q__bogz1fr573061105q_private_pension_ts_reval__lag007,0.974922,0.216013,0.045775,0.25522314
m__awhman_awhman__lag010,1.0,0.067197,0.18782,0.25501676
q__bogz1lm653061113q_mf_bills_raw__lag004,0.996865,0.118393,0.137133,0.25472487
q__bogz1lm653061113q_mutf_bills__lag004,0.996865,0.118393,0.137133,0.25472487
q__bogz1fr693061105q_nonmmf_ts_reval__lag008,0.971787,0.22194,0.040162,0.25470734
q__bogz1fr693061105q_nonmmmf_ts_reval__lag008,0.971787,0.22194,0.040162,0.25470734
q__bogz1lm153061105q_hhnp_tsy__lag005,0.99373,0.234627,0.021554,0.25457509
q__bogz1fl753061103q_usb_tsy_for__lag003,1.0,0.251852,0.002492,0.25434394
m__uspriv_uspriv__lag003,1.0,0.139497,0.114816,0.25431353
q__bogz1fr653061105q_mutual_funds_ts_reval__lag008,0.971787,0.23041,0.031181,0.25421061
m__ipman_ipman__lag012,0.670846,0.279927,0.098962,0.25417677
d__dexszus_dexszus__lag052,0.69279,0.151643,0.21493,0.25395771
d__wtregen_tga_fed__lag058,0.504702,0.412014,0.090893,0.25381785
d__dexszus_dexszus__lag051,0.69279,0.155751,0.210373,0.25364678
q__bogz1fr553061103q_closed_end_funds_ts_reval__lag006,0.978056,0.08598,0.173294,0.25358423
d__wtregen_tga_fed__lag057,0.504702,0.410049,0.092291,0.2535323
d__wtregen_tga__lag058,0.504702,0.412014,0.090217,0.25347715
d__usepuindxd_policy_uncertainty__lag033,0.517241,0.242126,0.247909,0.25346621
d__wtregen_tga__lag057,0.504702,0.410049,0.091617,0.25319186
q__bogz1fl573061143q_private_db_pension_ts__lag008,0.984326,0.106863,0.150021,0.25285781
d__ldgust_tga_fed_alt__lag015,1.0,0.155309,0.097495,0.25280384
q__bogz1fa673061103q_abs_issuers_ts_tx__lag003,0.987461,0.255297,0.000653,0.25274083
d__wtregen_tga__lag009,0.504702,0.419713,0.080547,0.25248204
d__wtregen_tga__lag010,0.504702,0.414299,0.085843,0.25242261
d__usepuindxd_policy_uncertainty__lag057,0.517241,0.299349,0.18854,0.25235661
q__bogz1fl313161110q_totalbills_z1__lag002,1.0,0.227364,0.024918,0.25228116
q__bogz1fl673061103q_abs_issuers_ts__lag008,0.984326,0.196699,0.059471,0.25215426
q__bogz1fa313161105q_tsy_net_tx__lag005,0.981191,0.177575,0.079298,0.2520413
d__usepuindxd_policy_uncertainty__lag024,0.517241,0.235181,0.252031,0.25200604
d__wtregen_tga_fed__lag009,0.504702,0.418136,0.080836,0.25183241
d__wtregen_tga__lag007,0.504702,0.422675,0.076168,0.25176689
d__wtregen_tga_fed__lag010,0.504702,0.412681,0.086092,0.25173205
d__dexszus_dexszus__lag049,0.69279,0.156803,0.206485,0.25168252
q__bogz1fl753061103q_usb_tsy_for__lag002,1.0,0.230008,0.021225,0.25123303
d__wtregen_tga_fed__lag007,0.504702,0.421102,0.076485,0.25113343
q__bogz1fr563061103q_etfs_ts_reval__lag003,0.987461,0.20974,0.043947,0.25050649
q__bogz1fr213061103q_state_local_gov_ts_reval__lag008,0.971787,0.209012,0.048672,0.25041409
q__bogz1fr383061105q_dom_nonfin_sector_tsy_reval__lag004,0.984326,0.237798,0.016338,0.2501523
q__hnotsbq027s_hhnp_tsy_tx__lag003,0.987461,0.202102,0.051104,0.25003107
m__houst_houst__lag011,0.833856,0.223947,0.075776,0.24992539
d__wtregen_tga__lag008,0.504702,0.419984,0.074955,0.24979663
q__bogz1fr343061105q_fed_gov_retirement_ts_reval__lag006,0.978056,0.125218,0.129935,0.24955421
d__dexszus_dexszus__lag050,0.69279,0.15697,0.203202,0.24952341
q__bogz1fr593061105q_pension_ts_reval__lag006,0.978056,0.132143,0.122888,0.24943419
m__payems_nonfarm_payrolls__lag003,1.0,0.140167,0.109195,0.24936174
q__bogz1fr213061103q_state_local_gov_ts_reval__lag003,0.987461,0.186753,0.065655,0.24924352
d__wtregen_tga_fed__lag008,0.504702,0.418392,0.07527,0.24915228
d__wtregen_tga__lag006,0.504702,0.422511,0.070725,0.2489376
d__dexszus_dexszus__lag048,0.69279,0.158253,0.20099,0.2488801
d__wtregen_tga_fed__lag006,0.504702,0.420944,0.071066,0.2483188
m__hqmcb10yrp_hqm10y__lag008,0.523511,0.279766,0.194264,0.24815984
q__bogz1lm153061105q_hhnp_tsy__lag007,0.987461,0.232004,0.018982,0.24783881
q__bogz1lm153061105q_hhnp_tsy__lag006,0.990596,0.236974,0.013183,0.24780416
d__wtregen_tga__lag005,0.504702,0.420024,0.070962,0.24780194
q__bogz1fr343061105q_fed_gov_retirement_ts_reval__lag007,0.974922,0.207689,0.045871,0.247201
d__wtregen_tga_fed__lag005,0.504702,0.418469,0.071306,0.24719074
d__dexjpus_dexjpus__lag085,0.69279,0.301976,0.054609,0.24703856
q__bogz1fa343061165q_fed_gov_db_retirement_ts_tx__lag004,0.984326,0.03304,0.217543,0.24665527
q__bogz1lm263061110q_row_bills_raw__lag002,1.0,0.227372,0.019116,0.24648847
q__bogz1lm263061110q_row_bills__lag002,1.0,0.227372,0.019116,0.24648847
q__bogz1fl763123005q_tga_usb__lag001,1.0,0.180525,0.065678,0.24620336
q__bogz1fr343061113q_fed_gov_dcf_retirement_ts_reval__lag006,0.978056,0.128894,0.122799,0.24617076
q__bogz1fr663061165q_brokers_dealers_long_ts_reval__lag003,0.987461,0.205852,0.043443,0.24616857
q__na000283q_gov_current_exp__lag004,0.981191,0.15634,0.094221,0.24584768
q__fgexpnd_fgexpnd__lag004,0.981191,0.156806,0.093646,0.2457416
q__bogz1fl543061175q_life_insurance_ts__lag008,0.984326,0.080734,0.168634,0.24545917
q__bogz1fr653061105q_mutual_funds_ts_reval__lag006,0.978056,0.128178,0.122633,0.24530696
m__mich_mich__lag007,0.598746,0.195429,0.213932,0.24510322
q__bogz1fr263061105q_row_bills_reval__lag007,0.974922,0.184807,0.066576,0.24507905
q__bogz1fr263061105q_row_tsy_reval__lag007,0.974922,0.184807,0.066576,0.24507905
q__bogz1fa573061143q_private_db_pension_ts_tx__lag007,0.974922,0.24329,0.007924,0.24491445
q__bogz1fl753061103q_usb_tsy_for__lag001,1.0,0.187754,0.057137,0.24489077
q__ib0000043q086sbea_imp_ind_pi__lag005,0.724138,0.222078,0.115347,0.24434199
q__netfi_netfi__lag002,0.987461,0.155659,0.091735,0.2442912
d__dexjpus_dexjpus__lag090,0.689655,0.30586,0.048321,0.24426251
d__wtregen_tga__lag004,0.504702,0.416803,0.067114,0.24423408
q__bogz1lm663061105q_brokers_dealers_ts__lag004,0.996865,0.188806,0.05617,0.24420777
m__houst_houst__lag009,0.836991,0.226229,0.065407,0.24409651
m__permit_permit__lag011,0.821317,0.220944,0.076075,0.24394678
q__bogz1lm263061105q_row_tsy_raw__lag001,1.0,0.143762,0.100121,0.2438829
q__bogz1lm263061105q_row_tsy__lag001,1.0,0.143762,0.100121,0.2438829
q__bopbca_bopbca__lag002,0.824451,0.170618,0.125028,0.24374557
q__bogz1fa653061105q_mutual_funds_ts_tx__lag002,0.990596,0.081846,0.16421,0.24374242
q__bogz1lm403061105q_gses_ts__lag005,0.99373,0.136328,0.108916,0.24370653
q__bogz1lm403061105q_gse_tsy__lag005,0.99373,0.136328,0.108916,0.24370653
d__wtregen_tga_fed__lag004,0.504702,0.415257,0.067473,0.24363487
q__bogz1fa263061110q_row_bills_tx__lag002,0.990596,0.178747,0.067029,0.2434643
m__baaffm_baaff__lag002,0.899687,0.200864,0.069736,0.2434552
d__dexjpus_dexjpus__lag086,0.69279,0.300193,0.051208,0.2434473
q__bogz1fr403061105q_gses_ts_reval__lag008,0.971787,0.196382,0.054078,0.24339323
q__bogz1fa513061113q_pci_bills_tx__lag006,0.978056,0.128198,0.120262,0.24300817
q__bogz1fl763123005q_tga_usb__lag005,0.99373,0.071916,0.17258,0.24296328
q__bogz1fl673061103q_abs_issuers_ts__lag004,0.996865,0.178355,0.065065,0.24265614
d__dexjpus_dexjpus__lag084,0.69279,0.300544,0.049343,0.24239835
q__bogz1fa263061110q_row_bills_tx__lag001,0.99373,0.035908,0.207939,0.24231829
d__dexjpus_dexjpus__lag087,0.69279,0.300908,0.048844,0.24230453
m__mtsds133fms_fed_surplus_deficit__lag004,0.567398,0.221884,0.204396,0.24187057
d__usepuindxd_policy_uncertainty__lag053,0.517241,0.208499,0.258438,0.24151871
q__bogz1fr733061103q_holding_companies_ts_reval__lag008,0.971787,0.149994,0.098477,0.24146102
d__wtregen_tga__lag003,0.504702,0.413631,0.064652,0.24139025
q__bogz1fr473061105q_credit_unions_ts_reval__lag008,0.971787,0.174013,0.07432,0.24132667
d__dexszus_dexszus__lag047,0.69279,0.15379,0.1945,0.24129171
q__bogz1fl543061165q_life_insurance_ts__lag001,1.0,0.15583,0.085363,0.24119307
d__usepuindxd_policy_uncertainty__lag068,0.517241,0.219292,0.246684,0.24102215
d__wtregen_tga_fed__lag003,0.504702,0.412094,0.065023,0.24080219
q__bogz1fl543061165q_life_insurance_ts__lag008,0.984326,0.120862,0.12374,0.24076808
q__bogz1lm263061105q_row_tsy_raw__lag002,1.0,0.137022,0.103593,0.24061536
q__bogz1lm263061105q_row_tsy__lag002,1.0,0.137022,0.103593,0.24061536
q__rowcpaq027s_row_commercialpaper_flow__lag005,0.981191,0.190206,0.054879,0.24047473
q__bogz1fr573061105q_private_pension_ts_reval__lag006,0.978056,0.121962,0.123856,0.24042382
q__ncbtsaq027s_nfcb_tsy_tx__lag005,0.981191,0.139983,0.104904,0.24028057
q__bogz1fa513061113q_pci_bills_tx__lag008,0.971787,0.022232,0.225022,0.2402777
m__uspriv_uspriv__lag002,1.0,0.131855,0.10833,0.24018473
d__dexszus_dexszus__lag044,0.69279,0.156361,0.189935,0.23991043
d__usepuindxd_policy_uncertainty__lag074,0.517241,0.245668,0.217968,0.23981165
q__bogz1fr103061103q_nfcb_tsy_reval__lag008,0.971787,0.196354,0.050198,0.23959609
d__dexjpus_dexjpus__lag082,0.69279,0.299953,0.045889,0.23959563
q__bogz1fa573061133q_private_dc_pension_ts_tx__lag004,0.984326,0.151562,0.091822,0.23956874
d__dexjpus_dexjpus__lag089,0.689655,0.299731,0.047453,0.23943691
d__wtregen_tga__lag002,0.504702,0.408636,0.065029,0.23906016
q__bogz1fr763061100q_usb_tsy_oth_reval__lag008,0.971787,0.15557,0.090341,0.23897357
d__usepuindxd_policy_uncertainty__lag034,0.517241,0.195119,0.266864,0.23895699
d__dexszus_dexszus__lag046,0.69279,0.155216,0.189675,0.23893693
m__wpu0561_ppi_crude__lag008,0.987461,0.06395,0.177939,0.23885575
d__dexjpus_dexjpus__lag080,0.69279,0.297058,0.047586,0.2387656
q__bogz1fr573061143q_private_db_pension_ts_reval__lag007,0.974922,0.213332,0.031531,0.2387218
q__bogz1lm153061105q_hhnp_tsy__lag004,0.996865,0.202487,0.036897,0.23863313
q__bogz1fl633061105q_mmf_tsy_raw__lag003,1.0,0.236159,0.002382,0.23854057
q__bogz1fl633061105q_money_market_funds_ts__lag003,1.0,0.236159,0.002382,0.23854057
d__wtregen_tga_fed__lag002,0.504702,0.407098,0.065396,0.23846886
m__mtsds133fms_fed_surplus_deficit__lag001,0.570533,0.182112,0.235526,0.23827578
d__dexszus_dexszus__lag045,0.69279,0.15413,0.189642,0.23816187
d__usepuindxd_policy_uncertainty__lag052,0.517241,0.227437,0.233006,0.23816029
d__dexjpus_dexjpus__lag083,0.69279,0.298354,0.045332,0.23810222
q__bogz1fa663061165q_brokers_dealers_long_ts_tx__lag008,0.971787,0.196968,0.047751,0.23781484
d__wtregen_tga__lag001,0.504702,0.407559,0.063631,0.23781065
q__bogz1lm263061110q_row_bills_raw__lag003,1.0,0.20249,0.034948,0.23743878
q__bogz1lm263061110q_row_bills__lag003,1.0,0.20249,0.034948,0.23743878
q__bogz1lm663061105q_brokers_dealers_ts__lag003,1.0,0.190111,0.047297,0.23740728
q__bogz1fr383061105q_dom_nonfin_sector_tsy_reval__lag008,0.971787,0.213435,0.030858,0.23740105
d__dexszus_dexszus__lag043,0.69279,0.152203,0.190346,0.23731484
d__wtregen_tga_fed__lag001,0.504702,0.406017,0.064002,0.23721959
d__dexjpus_dexjpus__lag081,0.69279,0.296508,0.04556,0.23698141
m__uempmean_uempmean__lag008,0.974922,0.033126,0.209931,0.2369621
m__permit_permit__lag009,0.824451,0.227787,0.059512,0.2368644
m__payems_nonfarm_payrolls__lag002,1.0,0.133484,0.103343,0.23682718
q__bogz1fr263061130q_row_gov_tsy_reval__lag006,0.978056,0.081812,0.160323,0.23682128
q__bogz1fa343061113q_fed_gov_dcf_retirement_ts_tx__lag003,0.987461,0.168266,0.070985,0.2362506
d__dexjpus_dexjpus__lag003,0.69279,0.301407,0.03951,0.23618388
d__dexjpus_dexjpus__lag012,0.69279,0.299632,0.041232,0.23614746
d__dexjpus_dexjpus__lag011,0.69279,0.300585,0.040171,0.23607245
d__dexjpus_dexjpus__lag088,0.689655,0.295681,0.046387,0.23590888
m__totresns_res__lag001,0.84326,0.165041,0.114702,0.2358961
m__mtso133fms_fedgov_out__lag009,0.564263,0.378134,0.039892,0.23587662
d__dexszus_dexszus__lag041,0.69279,0.150365,0.190091,0.23586439
m__fedfunds_fed_funds__lag012,0.890282,0.163382,0.101151,0.23550906
d__dexjpus_dexjpus__lag078,0.69279,0.29393,0.045064,0.23485203
d__dexjpus_dexjpus__lag010,0.69279,0.299076,0.039862,0.23481249
q__bogz1fl543061165q_life_insurance_ts__lag007,0.987461,0.120396,0.117307,0.23472203
d__dexjpus_dexjpus__lag002,0.69279,0.302191,0.03657,0.2346907
q__bogz1fl712151003q_fed_repo__lag004,0.996865,0.21504,0.019946,0.2342499
d__dexjpus_dexjpus__lag008,0.69279,0.30195,0.036012,0.23413711
q__bogz1fr403061105q_gses_ts_reval__lag001,0.99373,0.220524,0.015075,0.23412168
m__hqmcb10yrp_hqm10y__lag009,0.523511,0.25242,0.194782,0.23411519
d__dexjpus_dexjpus__lag009,0.69279,0.29876,0.039,0.23399703
q__bogz1fa543461113q_li_bills_tx__lag004,0.984326,0.048318,0.189256,0.23385037
q__bogz1fa663061165q_brokers_dealers_long_ts_tx__lag004,0.984326,0.135339,0.102221,0.23383669
m__mich_mich__lag006,0.601881,0.173254,0.215217,0.23381331
m__recprousm156n_recprob__lag012,0.727273,0.174065,0.147355,0.23375991
d__dexjpus_dexjpus__lag001,0.69279,0.29847,0.03874,0.23361599
d__dexjpus_dexjpus__lag007,0.69279,0.297598,0.039601,0.23360838
m__wtisplc_wtisplc__lag008,1.0,0.061156,0.172425,0.23358029
q__bogz1fa343061105q_fed_gov_retirement_ts_tx__lag006,0.978056,0.133248,0.105502,0.23351034
q__bogz1fl702050005q_usb_ffrrp__lag001,1.0,0.171448,0.062013,0.23346106
q__bogz1lm153061105q_hhnp_tsy__lag003,1.0,0.17943,0.054028,0.23345774
q__bogz1fl713061103q_fed_tsy__lag001,1.0,0.144331,0.089125,0.23345615
q__bogz1fl713061103q_fed_tsy_raw__lag001,1.0,0.144331,0.089125,0.23345615
q__bogz1fl713061103q_cb_tsy__lag001,1.0,0.144331,0.089125,0.23345615
q__bogz1lm663061105q_brokers_dealers_ts__lag006,0.990596,0.167585,0.068021,0.23339027
m__ipman_ipman__lag011,0.670846,0.250235,0.097005,0.23294503
m__hqmcb10yrp_hqm10y__lag003,0.529781,0.312455,0.126847,0.23273349
d__dexjpus_dexjpus__lag060,0.69279,0.303204,0.032669,0.23268939
d__dexszus_dexszus__lag037,0.69279,0.153968,0.181797,0.23261488
d__dexjpus_dexjpus__lag079,0.69279,0.293636,0.042114,0.23260387
m__hqmcb10yrp_hqm10y__lag002,0.529781,0.333314,0.105692,0.23257696
d__dexszus_dexszus__lag042,0.69279,0.15259,0.182556,0.23218536
d__dexjpus_dexjpus__lag069,0.69279,0.30192,0.033191,0.23216141
d__dexjpus_dexjpus__lag004,0.69279,0.296313,0.038539,0.23198243
d__usepuindxd_policy_uncertainty__lag082,0.517241,0.279454,0.168958,0.23193742
d__dexjpus_dexjpus__lag061,0.69279,0.302186,0.032476,0.23185006
q__bogz1fr153061105q_hhnp_tsy_reval__lag003,0.987461,0.179198,0.05539,0.23164646
d__dexjpus_dexjpus__lag077,0.69279,0.291112,0.042872,0.23138052
d__dexszus_dexszus__lag038,0.69279,0.151599,0.18234,0.23134983
q__rowtsaq027s_row_tsy_tx__lag002,0.990596,0.169823,0.063595,0.23122344
d__dexjpus_dexjpus__lag066,0.69279,0.303264,0.030402,0.23116065
d__usepuindxd_policy_uncertainty__lag042,0.517241,0.210239,0.236477,0.23106003
q__bogz1fa223061143q_state_local_db_retirement_ts_tx__lag008,0.971787,0.041181,0.196569,0.23104298
q__fgdef_fgdef__lag005,0.978056,0.159883,0.076111,0.23081536
q__bogz1lm903061103q_instrument_discrepancies_ts__lag008,0.984326,0.089415,0.144974,0.23071503
q__bogz1fa383061105q_dom_nonfin_sector_tsy_tx__lag003,0.987461,0.224087,0.009461,0.2306187
d__dexjpus_dexjpus__lag006,0.69279,0.294451,0.038337,0.23055224
d__dexjpus_dexjpus__lag059,0.69279,0.302535,0.03019,0.2305091
d__usepuindxd_policy_uncertainty__lag031,0.517241,0.182294,0.263196,0.23042594
d__dexszus_dexszus__lag035,0.69279,0.158372,0.174125,0.2303507
d__dexjpus_dexjpus__lag005,0.69279,0.294984,0.037498,0.23034019
d__dexjpus_dexjpus__lag076,0.69279,0.292752,0.039612,0.230259
q__bogz1fa573061105q_private_pension_ts_tx__lag007,0.974922,0.223614,0.012434,0.23012856
q__ophnfb_nflabor_productivity__lag001,0.990596,0.181718,0.050585,0.23011831
q__bogz1fr563061103q_etfs_ts_reval__lag008,0.971787,0.153837,0.082681,0.22984578
q__bogz1fa513061105q_pc_insurance_ts_tx__lag003,0.987461,0.107667,0.125075,0.22982365
d__dexjpus_dexjpus__lag065,0.69279,0.300713,0.030781,0.22965517
d__dexjpus_dexjpus__lag067,0.69279,0.301888,0.029556,0.22962099
q__bogz1fr223061143q_state_local_db_retirement_ts_reval__lag008,0.971787,0.228238,0.007984,0.22955724
d__usepuindxd_policy_uncertainty__lag046,0.517241,0.229742,0.213885,0.22946268
d__dexjpus_dexjpus__lag062,0.69279,0.300406,0.030059,0.22894334
d__dexjpus_dexjpus__lag018,0.69279,0.307779,0.022577,0.22886735
d__dexjpus_dexjpus__lag068,0.69279,0.3016,0.028595,0.22875564
d__dexjpus_dexjpus__lag073,0.69279,0.296675,0.032464,0.22802432
d__dexjpus_dexjpus__lag075,0.69279,0.293562,0.035241,0.22779171
q__bogz1fr403061105q_gses_ts_reval__lag003,0.987461,0.210292,0.020105,0.22750802
q__bogz1lm343061113q_fed_gov_dcf_retirement_ts__lag004,0.996865,0.155871,0.07232,0.22747581
q__bogz1lm343061113q_fed_gov_dc_retirement_ts__lag004,0.996865,0.155871,0.07232,0.22747581
q__bogz1lm343061113q_fed_ret_tsy_dc__lag004,0.996865,0.155871,0.07232,0.22747581
q__bogz1fa513061105q_pc_insurance_ts_tx__lag007,0.974922,0.210868,0.022393,0.22741119
q__bogz1fr263061105q_row_bills_reval__lag006,0.978056,0.118797,0.113644,0.22734103
q__bogz1fr263061105q_row_tsy_reval__lag006,0.978056,0.118797,0.113644,0.22734103
d__dexjpus_dexjpus__lag072,0.69279,0.298971,0.029008,0.22722109
m__totresns_res__lag002,0.84326,0.153897,0.115552,0.2272152
d__dexszus_dexszus__lag036,0.69279,0.153802,0.174155,0.22720529
d__dexszus_dexszus__lag039,0.69279,0.149874,0.178017,0.22715938
d__dexjpus_dexjpus__lag071,0.69279,0.298708,0.029024,0.22704936
d__dexjpus_dexjpus__lag013,0.69279,0.298718,0.028865,0.22694637
q__bogz1fa753061103q_usb_tsy_for_tx__lag004,0.984326,0.129333,0.101227,0.22694588
d__dexjpus_dexjpus__lag074,0.69279,0.293514,0.033906,0.22683283
d__dexszus_dexszus__lag040,0.69279,0.150185,0.176834,0.22655546
q__bogz1fl713061103q_fed_tsy__lag006,0.990596,0.134935,0.093715,0.22650022
q__bogz1fl713061103q_fed_tsy_raw__lag006,0.990596,0.134935,0.093715,0.22650022
q__bogz1fl713061103q_cb_tsy__lag006,0.990596,0.134935,0.093715,0.22650022
d__dexjpus_dexjpus__lag057,0.69279,0.307928,0.018919,0.22643646
d__dexjpus_dexjpus__lag029,0.69279,0.308312,0.018378,0.22632746
d__dexszus_dexszus__lag030,0.69279,0.164954,0.161509,0.22617077
q__bogz1lm263061105q_row_tsy_raw__lag003,1.0,0.126361,0.099777,0.22613881
q__bogz1lm263061105q_row_tsy__lag003,1.0,0.126361,0.099777,0.22613881
q__ncbtsaq027s_nfcb_tsy_tx__lag008,0.971787,0.042942,0.18966,0.22603952
d__dexjpus_dexjpus__lag019,0.69279,0.303778,0.02235,0.22593815
d__dexszus_dexszus__lag034,0.69279,0.156334,0.169656,0.22584252
d__dexjpus_dexjpus__lag058,0.69279,0.301905,0.024066,0.22582906
d__dexjpus_dexjpus__lag063,0.69279,0.297461,0.028167,0.22559218
q__bogz1fl713061103q_fed_tsy__lag007,0.987461,0.144299,0.084128,0.22556309
q__bogz1fl713061103q_fed_tsy_raw__lag007,0.987461,0.144299,0.084128,0.22556309
q__bogz1fl713061103q_cb_tsy__lag007,0.987461,0.144299,0.084128,0.22556309
m__ipmine_ipmine__lag003,1.0,0.019658,0.205659,0.22531764
d__dexjpus_dexjpus__lag014,0.69279,0.301807,0.023357,0.2252709
d__dexszus_dexszus__lag028,0.69279,0.160966,0.164128,0.22522163
d__dexjpus_dexjpus__lag021,0.69279,0.308789,0.016265,0.22519401
d__ldgust_tga_fed_alt__lag017,1.0,0.148838,0.07611,0.22494824
q__bogz1fr763061100q_usb_tsy_oth_reval__lag007,0.974922,0.157165,0.073521,0.22490087
d__usepuindxd_policy_uncertainty__lag059,0.517241,0.234548,0.199914,0.22472156
d__dexjpus_dexjpus__lag025,0.69279,0.312693,0.011537,0.22462353
d__dexjpus_dexjpus__lag030,0.69279,0.308487,0.015602,0.22452591
m__ipmine_ipmine__lag005,1.0,0.050844,0.173585,0.22442881
m__mich_mich__lag005,0.601881,0.125226,0.247645,0.22442419
q__rownblq027s_row_nonfinbusinessloans_flow__lag005,0.981191,0.124705,0.103994,0.22439721
q__bogz1lm573061105q_private_pension_ts__lag004,0.996865,0.152293,0.072721,0.22430816
d__dexjpus_dexjpus__lag017,0.69279,0.302792,0.020911,0.22425802
q__bogz1fa743061103q_usb_tsy_dom_tx__lag003,0.987461,0.196632,0.030439,0.2242239
m__wpu0561_ppi_crude__lag001,0.99373,0.003092,0.22249,0.22416737
q__bogz1lm903061103q_instrument_discrepancies_ts__lag005,0.99373,0.196368,0.029088,0.22404239
q__bogz1lm663061105q_brokers_dealers_ts__lag008,0.984326,0.115571,0.111994,0.22399796
d__dexjpus_dexjpus__lag064,0.69279,0.297345,0.02556,0.22370558
q__bogz1fr573061143q_private_db_pension_ts_reval__lag008,0.971787,0.210665,0.019321,0.22349657
q__bogz1fr263061130q_row_gov_tsy_reval__lag007,0.974922,0.174514,0.054706,0.22347121
q__fgexpnd_fgexpnd__lag003,0.984326,0.172283,0.054701,0.22342612
m__houst_houst__lag008,0.836991,0.229647,0.037115,0.22327722
d__dexjpus_dexjpus__lag070,0.69279,0.297911,0.02432,0.22323837
q__bogz1fl543061165q_life_insurance_ts__lag006,0.990596,0.11958,0.105696,0.22315735
q__bogz1fr573061133q_private_dc_pension_ts_reval__lag008,0.971787,0.204886,0.024749,0.22315617
q__bogz1fl713068703q_fed_dw_a__lag001,1.0,0.083151,0.139868,0.22301879
d__dexjpus_dexjpus__lag015,0.69279,0.305058,0.016648,0.2228743
q__bogz1fa213061103q_state_local_gov_ts_tx__lag002,0.990596,0.183431,0.04144,0.22275637
q__bogz1fr733061103q_holding_companies_ts_reval__lag003,0.987461,0.179838,0.045652,0.22266277
d__dexszus_dexszus__lag029,0.69279,0.162276,0.159001,0.22257752
d__dexszus_dexszus__lag031,0.69279,0.160372,0.160707,0.22244044
q__bogz1fa593061105q_pension_ts_tx__lag001,0.99373,0.130283,0.093406,0.22228681
q__b639rg3q086sbea_exp_ind_pi__lag001,0.739812,0.064357,0.236093,0.22227683
d__dexjpus_dexjpus__lag027,0.69279,0.307243,0.013567,0.22225439
d__dexjpus_dexjpus__lag054,0.69279,0.306657,0.013773,0.22199068
d__dexjpus_dexjpus__lag024,0.69279,0.30889,0.011512,0.22197147
q__na000283q_gov_current_exp__lag003,0.984326,0.170711,0.054598,0.22177739
d__usepuindxd_policy_uncertainty__lag071,0.517241,0.167344,0.261183,0.22165168
d__usepuindxd_policy_uncertainty__lag045,0.517241,0.206296,0.222033,0.22154925
d__dexjpus_dexjpus__lag020,0.69279,0.307758,0.011965,0.22150102
d__dexszus_dexszus__lag033,0.69279,0.155848,0.163791,0.22144278
m__totresns_res__lag003,0.84326,0.132194,0.13032,0.22136751
d__dexjpus_dexjpus__lag028,0.69279,0.304043,0.015292,0.22123182
d__dexszus_dexszus__lag032,0.69279,0.155064,0.163704,0.22083926
q__bogz1fl713068703q_fed_dw_a__lag002,1.0,0.101501,0.119255,0.22075562
q__bogz1fr753061103q_usb_tsy_for_reval__lag008,0.971787,0.215365,0.011738,0.22069591
q__bogz1fr693061105q_nonmmf_ts_reval__lag006,0.978056,0.121187,0.104381,0.22061798
q__bogz1fr693061105q_nonmmmf_ts_reval__lag006,0.978056,0.121187,0.104381,0.22061798
q__bogz1fl763123005q_tga_usb__lag003,1.0,0.170292,0.050308,0.22060084
m__mtso133fms_fedgov_out__lag003,0.570533,0.308859,0.077491,0.22042487
d__dexjpus_dexjpus__lag026,0.69279,0.307663,0.010495,0.22041639
d__dexjpus_dexjpus__lag016,0.69279,0.304154,0.013969,0.22039211
d__dexjpus_dexjpus__lag022,0.69279,0.305232,0.012865,0.22037465
d__dexszus_dexszus__lag027,0.69279,0.162047,0.15603,0.2203601
d__dexjpus_dexjpus__lag031,0.69279,0.304717,0.013025,0.22012893
q__bogz1fa753061103q_usb_tsy_for_tx__lag002,0.990596,0.144613,0.077488,0.22001208
q__bogz1lm103061103q_nfcb_tsy__lag004,0.996865,0.180772,0.039578,0.21965916
d__dexjpus_dexjpus__lag040,0.69279,0.302849,0.014213,0.2196579
q__bogz1fl713068703q_fed_dw_a__lag003,1.0,0.114075,0.105469,0.21954448
q__ophnfb_nflabor_productivity__lag002,0.987461,0.167351,0.054926,0.21948962
q__bogz1fr263061130q_row_gov_tsy_reval__lag004,0.984326,0.214968,0.008001,0.21947361
d__dexjpus_dexjpus__lag023,0.69279,0.306154,0.010614,0.21945341
d__dexjpus_dexjpus__lag055,0.69279,0.304481,0.012182,0.21938077
q__bogz1fr103061103q_nfcb_tsy_reval__lag003,0.987461,0.191083,0.030952,0.21925113
m__houst_houst__lag007,0.836991,0.195525,0.065998,0.21889272
q__bogz1fr543061175q_life_insurance_ts_reval__lag002,0.990596,0.191697,0.029201,0.21882016
m__mich_mich__lag003,0.605016,0.182439,0.17921,0.21880357
d__dexjpus_dexjpus__lag056,0.69279,0.302418,0.013212,0.21866499
m__uspriv_uspriv__lag001,1.0,0.123071,0.095489,0.21855936
q__bogz1fr793061105q_dom_fin_sector_tsy_reval__lag008,0.971787,0.188008,0.036857,0.21852116
q__bopbca_bopbca__lag005,0.815047,0.156992,0.110588,0.21809045
d__dexszus_dexszus__lag026,0.69279,0.1589,0.155885,0.21807993
d__usepuindxd_policy_uncertainty__lag060,0.517241,0.223264,0.197902,0.2178446
d__dexjpus_dexjpus__lag033,0.69279,0.305087,0.00925,0.21776991
d__vixcls_vixcls__lag090,0.451411,0.251033,0.230895,0.21754718
q__bogz1fr793061105q_dom_fin_sector_tsy_reval__lag006,0.978056,0.112204,0.110164,0.21748768
q__bogz1fr593061105q_pension_ts_reval__lag008,0.971787,0.219388,0.004281,0.21735866
d__dexjpus_dexjpus__lag039,0.69279,0.30113,0.012538,0.21730642
d__dexjpus_dexjpus__lag034,0.69279,0.305676,0.007951,0.21727776
m__payems_nonfarm_payrolls__lag001,1.0,0.12553,0.091578,0.21710859
q__bogz1lm553061103q_closed_end_funds_ts__lag004,0.996865,0.198656,0.019025,0.21699875
d__dexjpus_dexjpus__lag053,0.69279,0.298905,0.01387,0.21668769
q__bogz1fa573061133q_private_dc_pension_ts_tx__lag008,0.971787,0.068603,0.154261,0.2165764
m__totresns_res__lag004,0.840125,0.111903,0.145863,0.21655558
q__bogz1fr553061103q_closed_end_funds_ts_reval__lag008,0.971787,0.148587,0.07425,0.21654988
d__dexjpus_dexjpus__lag032,0.69279,0.302866,0.009643,0.2165032
q__bogz1fa573061133q_private_dc_pension_ts_tx__lag003,0.987461,0.200305,0.018942,0.21649718
q__bogz1fa673061103q_abs_issuers_ts_tx__lag008,0.971787,0.09137,0.131343,0.21642963
d__dexszus_dexszus__lag024,0.69279,0.165241,0.147109,0.21639359
d__dexjpus_dexjpus__lag042,0.69279,0.302555,0.00967,0.2163062
d__dexjpus_dexjpus__lag035,0.69279,0.30524,0.006958,0.21628718
q__bogz1fa563061103q_etfs_ts_tx__lag008,0.971787,0.151655,0.070899,0.21627527
d__dexszus_dexszus__lag025,0.69279,0.166337,0.145584,0.21609561
q__bogz1fa403061105q_gses_ts_tx__lag006,0.978056,0.138386,0.082271,0.21581495
d__dexjpus_dexjpus__lag037,0.69279,0.300017,0.011205,0.21561146
q__rowmslq027s_row_muni_flow__lag007,0.974922,0.112192,0.10888,0.21552758
d__dexjpus_dexjpus__lag038,0.69279,0.299551,0.011529,0.21551303
q__bogz1fa653061113q_mutf_bills_tx__lag005,0.981191,0.089998,0.12955,0.21541853
q__ib0000043q086sbea_imp_ind_pi__lag006,0.721003,0.154336,0.144423,0.21540552
m__hqmcb10yrp_hqm10y__lag001,0.529781,0.350159,0.056278,0.21532264
d__vixcls_vixcls__lag089,0.454545,0.233692,0.239508,0.21509094
d__dexjpus_dexjpus__lag036,0.69279,0.301734,0.008722,0.21508094
q__bogz1fr263061145q_row_priv_tsy_reval__lag008,0.971787,0.194347,0.026885,0.21499037
q__hnotsbq027s_hhnp_tsy_tx__lag002,0.990596,0.138877,0.077865,0.21470399
m__mtso133fms_fedgov_out__lag006,0.567398,0.300213,0.078163,0.21468962
q__bogz1fa653061105q_mutual_funds_ts_tx__lag008,0.971787,0.075854,0.145011,0.21463369
m__awhman_awhman__lag001,1.0,0.002404,0.212043,0.2144467
q__bogz1fl713061113q_cb_bills_raw__lag001,1.0,0.024035,0.190118,0.21415277
q__bogz1fl713061113q_cb_bills__lag001,1.0,0.024035,0.190118,0.21415277
q__rowtsaq027s_row_tsy_tx__lag005,0.981191,0.150131,0.067988,0.21401664
d__dexjpus_dexjpus__lag043,0.69279,0.301704,0.006675,0.21364184
d__dexjpus_dexjpus__lag049,0.69279,0.29817,0.010127,0.21358461
q__bogz1fa343061105q_fed_gov_retirement_ts_tx__lag003,0.987461,0.033214,0.182913,0.21341634
q__bogz1fl702150005q_usb_ffrepo__lag004,0.996865,0.033784,0.180253,0.21336639
d__dexjpus_dexjpus__lag044,0.69279,0.300547,0.007184,0.2131934
q__bogz1lm553061103q_closed_end_funds_ts__lag006,0.990596,0.18663,0.028582,0.2131878
q__bogz1fl262151003q_row_repo__lag007,0.987461,0.156804,0.058803,0.21290376
q__bogz1fr343061165q_fed_gov_db_retirement_ts_reval__lag006,0.978056,0.077309,0.140329,0.21286209
d__dexjpus_dexjpus__lag045,0.69279,0.299924,0.007295,0.21283759
m__ltdacbm027nbog_ltd__lag012,0.658307,0.227406,0.095477,0.21255608
q__bogz1fa543061175q_life_insurance_ts_tx__lag003,0.987461,0.078878,0.136375,0.21255435
d__dexszus_dexszus__lag015,0.69279,0.175295,0.130753,0.212027
d__vixcls_vixcls__lag072,0.454545,0.210122,0.256057,0.21189939
d__dexszus_dexszus__lag008,0.69279,0.180252,0.125383,0.21174132
d__usepuindxd_policy_uncertainty__lag086,0.517241,0.145241,0.264079,0.21171761
d__dexjpus_dexjpus__lag052,0.69279,0.296549,0.008996,0.21167886
m__ipmat_ipmat__lag010,1.0,0.045912,0.165687,0.21159907
q__bogz1fr743061103q_usb_tsy_dom_reval__lag008,0.971787,0.164915,0.052819,0.21159096
d__dexjpus_dexjpus__lag041,0.69279,0.301341,0.004048,0.21157057
d__dexszus_dexszus__lag023,0.69279,0.165231,0.140106,0.21153414
m__baaffm_baaff__lag003,0.899687,0.197206,0.037737,0.21137519
q__bogz1fa653061113q_mutf_bills_tx__lag008,0.971787,0.126762,0.090702,0.21132854
d__dexjpus_dexjpus__lag051,0.69279,0.296969,0.007978,0.2112641
m__uspriv_uspriv__lag006,1.0,0.143566,0.067586,0.21115207
q__bogz1fa263061110q_row_bills_tx__lag003,0.987461,0.152231,0.061572,0.21112226
q__bogz1fa733061103q_holding_companies_ts_tx__lag003,0.987461,0.156989,0.056757,0.21106524
d__dexszus_dexszus__lag016,0.69279,0.174383,0.130234,0.21103512
q__bogz1fl713061103q_fed_tsy__lag002,1.0,0.103004,0.108021,0.21102479
q__bogz1fl713061103q_fed_tsy_raw__lag002,1.0,0.103004,0.108021,0.21102479
q__bogz1fl713061103q_cb_tsy__lag002,1.0,0.103004,0.108021,0.21102479
q__bogz1fa653061113q_mutf_bills_tx__lag007,0.974922,0.127329,0.089119,0.21101978
q__bogz1fr343061165q_fed_gov_db_retirement_ts_reval__lag008,0.971787,0.179554,0.037489,0.21091971
q__bogz1fr343061105q_fed_gov_retirement_ts_reval__lag008,0.971787,0.207352,0.009545,0.21077749
d__dexszus_dexszus__lag009,0.69279,0.175502,0.128435,0.21056425
d__ldgust_tga_fed_alt__lag016,1.0,0.150481,0.060068,0.21054826
q__bogz1fr573061133q_private_dc_pension_ts_reval__lag006,0.978056,0.111795,0.10338,0.21045406
d__usepuindxd_policy_uncertainty__lag079,0.517241,0.112031,0.294499,0.21027392
d__usepuindxd_policy_uncertainty__lag085,0.517241,0.25973,0.14643,0.21008295
d__dexszus_dexszus__lag006,0.69279,0.176318,0.126686,0.20991804
d__dexjpus_dexjpus__lag050,0.69279,0.295003,0.00772,0.20972356
d__dexjpus_dexjpus__lag046,0.69279,0.297881,0.0047,0.20962522
q__expgs_exports__lag008,0.968652,0.154485,0.06172,0.20942766
d__dexjpus_dexjpus__lag048,0.69279,0.297894,0.004265,0.20933239
d__ldgust_tga_fed_alt__lag019,1.0,0.139336,0.069873,0.20920827
q__bogz1fl543061165q_life_insurance_ts__lag005,0.99373,0.125709,0.084795,0.20918366
q__bogz1lm263061110q_row_bills_raw__lag004,0.996865,0.165177,0.044305,0.2088256
q__bogz1lm263061110q_row_bills__lag004,0.996865,0.165177,0.044305,0.2088256
q__b093rc1q027sbea_gov_int_row__lag008,0.968652,0.19777,0.017813,0.20882522
q__rowceaq027s_row_corpequities_flow__lag006,0.978056,0.101483,0.111928,0.2087285
d__dexszus_dexszus__lag022,0.69279,0.168171,0.133062,0.20869102
d__dexszus_dexszus__lag003,0.69279,0.181472,0.119566,0.20855636
m__hqmcb10yrp_hqm10y__lag010,0.520376,0.244247,0.156327,0.20844888
q__bogz1lm263061105q_row_tsy_raw__lag004,0.996865,0.111878,0.097164,0.20838681
q__bogz1lm263061105q_row_tsy__lag004,0.996865,0.111878,0.097164,0.20838681
q__bogz1lm343061165q_fed_gov_db_retirement_ts__lag002,1.0,0.155919,0.052442,0.20836102
q__bogz1lm343061165q_fed_ret_tsy_db__lag002,1.0,0.155919,0.052442,0.20836102
q__bogz1fl543061165q_life_insurance_ts__lag002,1.0,0.147963,0.060334,0.20829635
q__bogz1fa573061105q_private_pension_ts_tx__lag003,0.987461,0.114292,0.096482,0.20813156
q__bogz1fr553061103q_closed_end_funds_ts_reval__lag004,0.984326,0.153999,0.057444,0.20812857
m__srvprd_srvprd__lag003,1.0,0.089371,0.118612,0.20798319
d__ldgust_tga_fed_alt__lag018,1.0,0.131695,0.076202,0.20789768
m__uempmean_uempmean__lag010,0.971787,0.024958,0.188862,0.20778803
d__dexjpus_dexjpus__lag047,0.69279,0.297876,0.001894,0.20767728
q__bogz1lm403061105q_gses_ts__lag006,0.990596,0.075329,0.134281,0.20763896
q__bogz1lm403061105q_gse_tsy__lag006,0.990596,0.075329,0.134281,0.20763896
q__bogz1lm103061103q_nfcb_tsy__lag002,1.0,0.118266,0.08933,0.20759605
d__dexszus_dexszus__lag007,0.69279,0.175594,0.123824,0.207434
m__totresns_res__lag007,0.836991,0.074418,0.173407,0.20742747
q__bogz1fa473061105q_credit_unions_ts_tx__lag003,0.987461,0.103711,0.106296,0.20737271
q__bogz1fa753061103q_usb_tsy_for_tx__lag005,0.981191,0.065315,0.146019,0.20735957
q__bogz1fa653061113q_mutf_bills_tx__lag004,0.984326,0.048959,0.161658,0.20731555
d__usepuindxd_policy_uncertainty__lag037,0.517241,0.172988,0.227147,0.20696663
d__t10y2y_t10y2y__lag014,0.626959,0.27136,0.058606,0.2068755
q__bogz1lm553061103q_closed_end_funds_ts__lag002,1.0,0.165531,0.041136,0.20666646
m__wtisplc_wtisplc__lag001,1.0,0.000269,0.206313,0.20658258
q__bogz1fa653061113q_mutf_bills_tx__lag006,0.978056,0.185848,0.025365,0.2065788
d__dexszus_dexszus__lag005,0.69279,0.173943,0.124205,0.20655339
q__bogz1fa213061103q_state_local_gov_ts_tx__lag004,0.984326,0.045558,0.16421,0.20648066
q__ophnfb_nflabor_productivity__lag003,0.984326,0.144617,0.065119,0.20644891
q__bogz1lm553061103q_closed_end_funds_ts__lag003,1.0,0.178334,0.028046,0.20638064
q__ad02rc1q027sbea_gov_netlending__lag005,0.821317,0.176768,0.074238,0.2061551
m__mtsds133fms_fed_surplus_deficit__lag012,0.561129,0.249727,0.117564,0.20609749
q__bogz1fr763061100q_usb_tsy_oth_reval__lag006,0.978056,0.12177,0.088906,0.2060532
q__rowmfsq027s_row_mutualfundshares_flow__lag007,0.974922,0.13694,0.074321,0.20596253
q__bopbca_bopbca__lag001,0.827586,0.201313,0.047115,0.20559568
q__bogz1fa693061105q_nonmmf_ts_tx__lag002,0.990596,0.055366,0.152143,0.20555718
q__bogz1fa693061105q_nonmmmf_ts_tx__lag002,0.990596,0.055366,0.152143,0.20555718
d__usepuindxd_policy_uncertainty__lag072,0.517241,0.146502,0.25085,0.20552735
q__bogz1fa573061143q_private_db_pension_ts_tx__lag001,0.99373,0.127352,0.07943,0.20548554
q__bogz1lm343061105q_fed_gov_retirement_ts__lag004,0.996865,0.119172,0.086731,0.20525729
q__bogz1lm343061105q_fed_ret_tsy_total__lag004,0.996865,0.119172,0.086731,0.20525729
d__usepuindxd_policy_uncertainty__lag047,0.517241,0.185924,0.210894,0.20525056
q__bogz1fr153061105q_hhnp_tsy_reval__lag008,0.971787,0.195784,0.014835,0.20467647
m__dpsfrim027sbog_row_deposits__lag004,0.664577,0.106489,0.201478,0.20466712
q__rowgseq027s_row_agency_flow__lag004,0.984326,0.19315,0.014655,0.20454826
q__bogz1lm553061103q_closed_end_funds_ts__lag001,1.0,0.148823,0.055663,0.20448616
m__totresns_res__lag005,0.840125,0.100516,0.142872,0.20447652
q__bogz1fl673061103q_abs_issuers_ts__lag003,1.0,0.139586,0.064843,0.20442876
q__bogz1fr573061105q_private_pension_ts_reval__lag008,0.971787,0.209261,0.001082,0.20440922
m__mtsds133fms_fed_surplus_deficit__lag011,0.561129,0.336269,0.027888,0.2043384
m__uempmean_uempmean__lag012,0.971787,0.023497,0.186651,0.20421817
d__dexszus_dexszus__lag002,0.69279,0.178683,0.116055,0.20419169
d__usepuindxd_policy_uncertainty__lag067,0.517241,0.220687,0.173944,0.20411933
d__vixcls_vixcls__lag059,0.454545,0.311044,0.137664,0.20395861
d__dexszus_dexszus__lag004,0.69279,0.175429,0.118454,0.20359892
q__fbtsaaq027s_dom_fin_sector_tsy__lag001,1.0,0.164378,0.039185,0.20356354
d__dexszus_dexszus__lag021,0.69279,0.171471,0.121966,0.20328985
q__bogz1fl704141005q_usb_stloan_l__lag004,0.996865,0.03473,0.169056,0.20314644
d__t10y2y_t10y2y__lag002,0.626959,0.273474,0.050325,0.20300922
d__vixcls_vixcls__lag087,0.454545,0.214682,0.231825,0.20295776
d__dexszus_dexszus__lag019,0.69279,0.166768,0.126169,0.20294372
d__t10y2y_t10y2y__lag013,0.626959,0.269035,0.054519,0.20285516
m__bogmbase_mb__lag001,0.84326,0.150273,0.090217,0.20279563
m__permit_permit__lag008,0.824451,0.204954,0.040984,0.20276365
d__t10y2y_t10y2y__lag001,0.626959,0.275771,0.047412,0.20262248
q__bogz1fl593061105q_pension_ts__lag001,1.0,0.143961,0.058622,0.2025829
d__vixcls_vixcls__lag062,0.454545,0.330907,0.114683,0.20254104
d__usepuindxd_policy_uncertainty__lag089,0.517241,0.159689,0.231504,0.20234083
q__bogz1fr343061113q_fed_gov_dcf_retirement_ts_reval__lag008,0.971787,0.204213,0.003971,0.2023104
d__dexszus_dexszus__lag014,0.69279,0.17083,0.121009,0.20218312
m__payems_nonfarm_payrolls__lag006,1.0,0.142492,0.059649,0.20214067
q__bogz1fa213061103q_state_local_gov_ts_tx__lag003,0.987461,0.068563,0.135998,0.2019966
q__rowtsaq027s_row_tsy_tx__lag008,0.971787,0.037798,0.169984,0.20191929
d__usepuindxd_policy_uncertainty__lag065,0.517241,0.163882,0.226173,0.20175242
d__dexszus_dexszus__lag020,0.69279,0.167243,0.123956,0.20173952
q__bogz1lm573061105q_private_pension_ts__lag005,0.99373,0.128886,0.07411,0.20172324
d__dexszus_dexszus__lag018,0.69279,0.170504,0.120621,0.2016885
q__bogz1fl704135005q_usb_loan_l__lag004,0.996865,0.035072,0.166906,0.20134408
q__b093rc1q027sbea_gov_int_row__lag007,0.971787,0.174975,0.032019,0.20115448
d__dexszus_dexszus__lag010,0.69279,0.17621,0.114004,0.20105756
d__dexszus_dexszus__lag017,0.69279,0.173992,0.116201,0.20104277
q__bogz1fl702150005q_usb_ffrepo__lag001,1.0,0.080559,0.120426,0.2009847
m__umcsent_umcsent__lag009,0.912226,0.125444,0.094786,0.20089967
q__expgs_exports__lag007,0.971787,0.133581,0.072912,0.20066744
d__ldgust_tga_fed_alt__lag020,1.0,0.135995,0.064651,0.20064579
d__usepuindxd_policy_uncertainty__lag026,0.517241,0.195018,0.192795,0.20059267
m__dspic96_real_dpi__lag004,0.840125,0.201597,0.037065,0.20050607
q__rowtsaq027s_row_tsy_tx__lag001,0.99373,0.183562,0.018196,0.20049261
d__dexszus_dexszus__lag013,0.69279,0.170414,0.118944,0.20046396
q__bogz1fa593061105q_pension_ts_tx__lag008,0.971787,0.084076,0.122139,0.200397
q__bogz1lm153061105q_hhnp_tsy__lag002,1.0,0.138332,0.061858,0.20018997
m__uempmean_uempmean__lag009,0.974922,0.016424,0.188904,0.20017959
m__dpsfrim027sbog_row_deposits__lag005,0.664577,0.09737,0.203836,0.20017457
d__vixcls_vixcls__lag061,0.454545,0.318365,0.121892,0.20011686
q__bogz1fa693061105q_nonmmf_ts_tx__lag008,0.971787,0.043469,0.162256,0.19992098
q__bogz1fa693061105q_nonmmmf_ts_tx__lag008,0.971787,0.043469,0.162256,0.19992098
q__bogz1fa593061105q_pension_ts_tx__lag004,0.984326,0.133108,0.069993,0.19991773
q__bogz1fl633061110q_mmf_bills_raw__lag004,0.996865,0.176464,0.023875,0.19971111
q__bogz1fl633061110q_mmf_bills__lag004,0.996865,0.176464,0.023875,0.19971111
q__bogz1fa213061103q_state_local_gov_ts_tx__lag005,0.981191,0.150564,0.052892,0.19962968
d__t10y2y_t10y2y__lag007,0.626959,0.273276,0.045067,0.1995881
q__bogz1fr263061105q_row_bills_reval__lag008,0.971787,0.204795,0.000517,0.19951949
q__bogz1fr263061105q_row_tsy_reval__lag008,0.971787,0.204795,0.000517,0.19951949
q__bogz1fr153061105q_hhnp_tsy_reval__lag004,0.984326,0.199152,0.003543,0.19951785
d__ldgust_tga_fed_alt__lag021,1.0,0.135458,0.063968,0.1994262
m__totresns_res__lag006,0.840125,0.079805,0.157497,0.19936322
q__bogz1fl343061123q_fed_gov_dcg_retirement_ts__lag002,1.0,0.178253,0.021063,0.19931556
q__bogz1fr663061165q_brokers_dealers_long_ts_reval__lag008,0.971787,0.197288,0.00778,0.19928322
q__bogz1fl343061123q_fed_gov_dcg_retirement_ts__lag004,0.996865,0.154387,0.045473,0.19923265
m__dpsfrim027sbog_row_deposits__lag006,0.664577,0.105023,0.194729,0.19920828
d__t10y2y_t10y2y__lag003,0.626959,0.272909,0.044768,0.19917063
q__rowmmfq027s_row_moneymarketfundshares_flow__lag003,0.987461,0.124722,0.076943,0.19913659
d__t10y2y_t10y2y__lag008,0.626959,0.273923,0.043639,0.19909878
m__uspriv_uspriv__lag005,1.0,0.133132,0.065841,0.19897322
d__t10y2y_t10y2y__lag016,0.626959,0.269143,0.047898,0.19877162
d__usepuindxd_policy_uncertainty__lag051,0.517241,0.139651,0.244349,0.19862051
d__vixcls_vixcls__lag073,0.454545,0.21676,0.22015,0.19859527
d__usepuindxd_policy_uncertainty__lag081,0.517241,0.187688,0.19615,0.19853684
m__totresns_res__lag008,0.836991,0.066235,0.170909,0.19848736
m__ipmine_ipmine__lag001,1.0,0.015179,0.182932,0.198111
q__rowcbaq027s_row_corpbonds_flow__lag002,0.990596,0.119695,0.080157,0.19797227
q__bogz1lm263061105q_row_tsy_raw__lag006,0.990596,0.090253,0.109433,0.19780878
q__bogz1lm263061105q_row_tsy__lag006,0.990596,0.090253,0.109433,0.19780878
d__t10y2y_t10y2y__lag006,0.626959,0.271803,0.043653,0.197778
q__bogz1fl593061105q_pension_ts__lag002,1.0,0.143831,0.053844,0.19767485
d__ldgust_tga_fed_alt__lag023,1.0,0.140255,0.057334,0.19758908
m__dpsfrim027sbog_row_deposits__lag007,0.661442,0.107033,0.191084,0.19718711
q__bogz1lm343061113q_fed_gov_dcf_retirement_ts__lag006,0.990596,0.081805,0.116976,0.19691178
q__bogz1lm343061113q_fed_gov_dc_retirement_ts__lag006,0.990596,0.081805,0.116976,0.19691178
q__bogz1lm343061113q_fed_ret_tsy_dc__lag006,0.990596,0.081805,0.116976,0.19691178
m__ipmat_ipmat__lag011,1.0,0.044904,0.151957,0.19686068
d__t10y2y_t10y2y__lag004,0.626959,0.270589,0.043342,0.19682194
m__ipmat_ipmat__lag012,1.0,0.046316,0.150256,0.19657205
m__bogmbase_mb__lag002,0.84326,0.142302,0.090696,0.19647807
q__bogz1fa383061105q_dom_nonfin_sector_tsy_tx__lag002,0.990596,0.097553,0.100599,0.19628779
d__t10y2y_t10y2y__lag009,0.626959,0.273369,0.039405,0.19609647
d__dexszus_dexszus__lag011,0.69279,0.173457,0.109422,0.1959762
d__t10y2y_t10y2y__lag005,0.626959,0.267422,0.045116,0.19594904
m__srvprd_srvprd__lag002,1.0,0.083181,0.112643,0.19582356
d__t10y2y_t10y2y__lag015,0.626959,0.268983,0.043283,0.19577806
q__bogz1lm263061105q_row_tsy_raw__lag007,0.987461,0.083633,0.114595,0.19574185
q__bogz1lm263061105q_row_tsy__lag007,0.987461,0.083633,0.114595,0.19574185
q__bogz1lm263061105q_row_tsy_raw__lag005,0.99373,0.10196,0.095014,0.19573931
q__bogz1lm263061105q_row_tsy__lag005,0.99373,0.10196,0.095014,0.19573931
d__vixcls_vixcls__lag088,0.454545,0.179983,0.250629,0.19573292
d__t10y2y_t10y2y__lag017,0.626959,0.268887,0.043113,0.19561102
d__dexszus_dexszus__lag012,0.69279,0.173372,0.108591,0.19534083
q__bogz1lm343061165q_fed_gov_db_retirement_ts__lag001,1.0,0.16496,0.030351,0.19531056
q__bogz1lm343061165q_fed_ret_tsy_db__lag001,1.0,0.16496,0.030351,0.19531056
q__bogz1fa343061165q_fed_gov_db_retirement_ts_tx__lag002,0.990596,0.186367,0.010744,0.19525796
d__t10y2y_t10y2y__lag049,0.623824,0.236062,0.076787,0.1951625
m__recprousm156n_recprob__lag007,0.733542,0.166766,0.099266,0.1951457
m__hqmcb10yrp_hqm10y__lag011,0.520376,0.233782,0.141124,0.19509222
q__bogz1fl713061103q_fed_tsy__lag008,0.984326,0.13765,0.06046,0.19500445
q__bogz1fl713061103q_fed_tsy_raw__lag008,0.984326,0.13765,0.06046,0.19500445
q__bogz1fl713061103q_cb_tsy__lag008,0.984326,0.13765,0.06046,0.19500445
d__t10y2y_t10y2y__lag012,0.626959,0.27214,0.038846,0.19497577
m__uempmean_uempmean__lag011,0.971787,0.005585,0.194994,0.19492045
d__vixcls_vixcls__lag060,0.454545,0.323035,0.105146,0.19462756
q__bogz1lm103061103q_nfcb_tsy__lag003,1.0,0.176847,0.017767,0.19461413
q__bogz1fl543061165q_life_insurance_ts__lag004,0.996865,0.130228,0.064876,0.19449216
q__bogz1lm573061105q_private_pension_ts__lag006,0.990596,0.100752,0.095397,0.19430403
q__bogz1fr663061165q_brokers_dealers_long_ts_reval__lag006,0.978056,0.087177,0.111289,0.19411079
m__ipmine_ipmine__lag006,1.0,0.02696,0.166914,0.19387455
d__t10y2y_t10y2y__lag010,0.626959,0.2719,0.037245,0.19382101
d__t10y2y_t10y2y__lag020,0.626959,0.26828,0.040795,0.19377781
d__t10y2y_t10y2y__lag011,0.626959,0.271908,0.037164,0.19377561
q__bogz1fa313161110q_totalbills_z1_tx__lag005,0.981191,0.150979,0.046355,0.19362294
q__bogz1fr553061103q_closed_end_funds_ts_reval__lag007,0.974922,0.134847,0.063752,0.19361842
d__t10y2y_t10y2y__lag018,0.626959,0.266239,0.042412,0.19351178
q__bogz1fa573061133q_private_dc_pension_ts_tx__lag005,0.981191,0.159447,0.037256,0.19300257
q__bogz1fl763123005q_tga_usb__lag002,1.0,0.187045,0.005951,0.19299585
q__bogz1fa343061165q_fed_gov_db_retirement_ts_tx__lag003,0.987461,0.013777,0.181628,0.19295546
q__bogz1lm903061103q_instrument_discrepancies_ts__lag006,0.990596,0.073511,0.121246,0.19292568
d__ldgust_tga_fed_alt__lag022,1.0,0.136541,0.056353,0.19289443
d__usepuindxd_policy_uncertainty__lag062,0.517241,0.137942,0.234644,0.19271681
m__mvmtd027mnfrbdal_mv_mkt_debt__lag004,1.0,0.147099,0.045574,0.19267247
q__fbtsaaq027s_dom_fin_sector_tsy__lag002,1.0,0.141142,0.051425,0.19256644
m__dpsfrim027sbog_row_deposits__lag008,0.661442,0.101469,0.189593,0.19252073
m__mvmtd027mnfrbdal_mv_mkt_debt__lag007,1.0,0.137137,0.055245,0.19238162
d__t10y2y_t10y2y__lag029,0.626959,0.255331,0.05132,0.19225754
q__bogz1fa543461113q_li_bills_tx__lag007,0.974922,0.093619,0.103548,0.1922224
q__bogz1fr383061105q_dom_nonfin_sector_tsy_reval__lag003,0.987461,0.190597,0.003947,0.19210366
q__bogz1lm153061105q_hhnp_tsy__lag008,0.984326,0.175101,0.019936,0.19197986
d__ldgust_tga_fed_alt__lag024,1.0,0.13997,0.052,0.19197046
q__bogz1fa563061103q_etfs_ts_tx__lag003,0.987461,0.112107,0.081942,0.19161631
m__bogmbase_mb__lag003,0.84326,0.125655,0.101575,0.19161401
d__t10y2y_t10y2y__lag031,0.623824,0.254329,0.052783,0.19158411
q__ophnfb_nflabor_productivity__lag004,0.981191,0.130441,0.064622,0.1913941
q__bogz1fa753061103q_usb_tsy_for_tx__lag006,0.978056,0.002303,0.193324,0.19133343
q__bogz1lm573061105q_private_pension_ts__lag007,0.987461,0.083118,0.110585,0.19127415
d__vixcls_vixcls__lag064,0.454545,0.297537,0.123241,0.19126263
q__bogz1lm663061105q_brokers_dealers_ts__lag002,1.0,0.165739,0.025445,0.19118333
d__t10y2y_t10y2y__lag050,0.623824,0.236299,0.070103,0.19114147
q__bogz1fr103061103q_nfcb_tsy_reval__lag001,0.99373,0.148723,0.043537,0.19105452
d__t10y2y_t10y2y__lag051,0.623824,0.233881,0.07236,0.19104055
q__bogz1fr513061105q_pc_insurance_ts_reval__lag003,0.987461,0.140096,0.053298,0.19096858
m__dspic96_real_dpi__lag009,0.836991,0.18726,0.040437,0.1905801
q__bogz1lm553061103q_closed_end_funds_ts__lag007,0.987461,0.180378,0.012614,0.19057235
q__bogz1fl262151003q_row_repo__lag005,0.99373,0.185098,0.006617,0.19051297
d__t10y2y_t10y2y__lag028,0.626959,0.261408,0.042435,0.19049692
d__ldgust_tga_fed_alt__lag026,1.0,0.142367,0.048082,0.19044933
q__bogz1lm553061103q_closed_end_funds_ts__lag005,0.99373,0.185245,0.006246,0.19029038
m__dpsfrim027sbog_row_deposits__lag009,0.661442,0.108327,0.179199,0.19018145
d__usepuindxd_policy_uncertainty__lag066,0.517241,0.171661,0.19583,0.19008119
q__bogz1fa263061110q_row_bills_tx__lag008,0.971787,0.177001,0.018588,0.1900704
d__t10y2y_t10y2y__lag077,0.623824,0.204802,0.099482,0.18981985
d__t10y2y_t10y2y__lag043,0.623824,0.236426,0.067726,0.18973744
d__usepuindxd_policy_uncertainty__lag041,0.517241,0.109817,0.256726,0.18959131
m__payems_nonfarm_payrolls__lag005,1.0,0.131601,0.05796,0.18956138
q__bogz1fa223061143q_state_local_db_retirement_ts_tx__lag003,0.987461,0.141949,0.049999,0.18954126
m__ipmine_ipmine__lag004,1.0,0.019273,0.17004,0.1893126
m__mvmtd027mnfrbdal_mv_mkt_debt__lag001,1.0,0.153582,0.035721,0.18930341
d__t10y2y_t10y2y__lag044,0.623824,0.239871,0.06303,0.18895678
q__bogz1fa573061143q_private_db_pension_ts_tx__lag002,0.990596,0.031822,0.158849,0.1888778
m__mvmtd027mnfrbdal_mv_mkt_debt__lag006,1.0,0.141228,0.047622,0.18885027
m__mtsds133fms_fed_surplus_deficit__lag007,0.564263,0.333286,0.001383,0.18884165
d__t10y2y_t10y2y__lag025,0.626959,0.261756,0.039377,0.18879802
d__t10y2y_t10y2y__lag036,0.623824,0.244393,0.058237,0.1887883
d__t10y2y_t10y2y__lag033,0.623824,0.247492,0.055122,0.18877814
d__t10y2y_t10y2y__lag048,0.623824,0.233629,0.068884,0.18871475
d__t10y2y_t10y2y__lag035,0.623824,0.249774,0.052388,0.18849608
m__mvmtd027mnfrbdal_mv_mkt_debt__lag003,1.0,0.147548,0.040872,0.18841996
d__t10y2y_t10y2y__lag052,0.623824,0.235271,0.06665,0.18834552
q__bogz1fl704141005q_usb_stloan_l__lag003,1.0,0.03054,0.157774,0.18831405
q__bogz1fr713061103q_cb_tsy_reval__lag006,0.978056,0.088694,0.103832,0.18830131
d__t10y2y_t10y2y__lag078,0.623824,0.2073,0.094385,0.18819843
d__t10y2y_t10y2y__lag030,0.626959,0.254586,0.045537,0.18816455
d__t10y2y_t10y2y__lag019,0.626959,0.263367,0.036519,0.18801677
d__t10y2y_t10y2y__lag045,0.623824,0.235125,0.066238,0.18799727
m__busloans_busloans__lag009,0.987461,0.160782,0.029488,0.1878839
q__bogz1fa263061145q_row_priv_tsy_tx__lag008,0.971787,0.022379,0.170832,0.18775914
q__bogz1fl543461113q_li_bills__lag006,0.990596,0.148336,0.041152,0.1877067
q__bogz1fl704135005q_usb_loan_l__lag003,1.0,0.031206,0.156475,0.18768054
m__mvmtd027mnfrbdal_mv_mkt_debt__lag002,1.0,0.150136,0.037306,0.18744196
d__t10y2y_t10y2y__lag038,0.623824,0.237666,0.062754,0.18740904
d__t10y2y_t10y2y__lag024,0.626959,0.259702,0.039213,0.18740715
m__uspriv_uspriv__lag004,1.0,0.122029,0.065367,0.18739565
m__wtisplc_wtisplc__lag009,1.0,0.082165,0.10523,0.18739511
q__bogz1fl713061103q_fed_tsy__lag005,0.99373,0.089674,0.098887,0.18737873
q__bogz1fl713061103q_fed_tsy_raw__lag005,0.99373,0.089674,0.098887,0.18737873
q__bogz1fl713061103q_cb_tsy__lag005,0.99373,0.089674,0.098887,0.18737873
d__t10y2y_t10y2y__lag037,0.623824,0.240567,0.059774,0.18736013
q__bogz1lm653061105q_mf_tsy_raw__lag001,1.0,0.110309,0.077027,0.1873363
q__bogz1lm653061105q_mutual_funds_ts__lag001,1.0,0.110309,0.077027,0.1873363
d__t10y2y_t10y2y__lag032,0.623824,0.250671,0.049606,0.18732027
d__t10y2y_t10y2y__lag076,0.623824,0.205853,0.094259,0.18721775
q__bogz1fa693061105q_nonmmf_ts_tx__lag004,0.984326,0.156503,0.03363,0.18715311
q__bogz1fa693061105q_nonmmmf_ts_tx__lag004,0.984326,0.156503,0.03363,0.18715311
d__dexszus_dexszus__lag001,0.69279,0.176856,0.093197,0.18709006
d__usepuindxd_policy_uncertainty__lag040,0.517241,0.221949,0.139553,0.18698375
m__bogmbase_mb__lag004,0.840125,0.108934,0.113612,0.18696667
q__bogz1fl262151003q_row_repo__lag003,1.0,0.177976,0.008963,0.18693892
d__t10y2y_t10y2y__lag046,0.623824,0.235908,0.063672,0.18688507
m__dpsfrim027sbog_row_deposits__lag003,0.667712,0.111686,0.16819,0.18687683
q__bogz1fa673061103q_abs_issuers_ts_tx__lag004,0.984326,0.144932,0.044863,0.18682058
d__vixcls_vixcls__lag086,0.454545,0.20619,0.20466,0.18674993
d__t10y2y_t10y2y__lag042,0.623824,0.232641,0.066616,0.18668416
m__busloans_busloans__lag008,0.987461,0.159193,0.029805,0.18662797
d__t10y2y_t10y2y__lag027,0.626959,0.26039,0.037148,0.18654422
q__bogz1fr513061105q_pc_insurance_ts_reval__lag007,0.974922,0.139308,0.051978,0.1864888
d__t10y2y_t10y2y__lag055,0.623824,0.220905,0.077926,0.1864176
q__bogz1fl543061165q_life_insurance_ts__lag003,1.0,0.139903,0.04651,0.18641367
d__vixcls_vixcls__lag085,0.454545,0.190085,0.21983,0.18632496
d__t10y2y_t10y2y__lag047,0.623824,0.234791,0.063675,0.18619043
d__ldgust_tga_fed_alt__lag029,1.0,0.13669,0.049395,0.18608414
d__t10y2y_t10y2y__lag053,0.623824,0.233275,0.064821,0.18595957
d__t10y2y_t10y2y__lag026,0.626959,0.257828,0.03871,0.18591751
q__expgs_exports__lag006,0.974922,0.107521,0.083166,0.18590565
d__t10y2y_t10y2y__lag021,0.626959,0.264166,0.032259,0.18584661
d__t10y2y_t10y2y__lag034,0.623824,0.248652,0.049117,0.18575515
q__bogz1lm543061115q_li_bills__lag004,0.996865,0.151515,0.03478,0.18571079
m__houst_houst__lag005,0.840125,0.201129,0.019877,0.18567295
q__bogz1fr343061165q_fed_gov_db_retirement_ts_reval__lag007,0.974922,0.152629,0.037749,0.18560428
q__bogz1fl593061105q_pension_ts__lag003,1.0,0.134498,0.05098,0.18547863
q__bogz1lm573061133q_private_dc_pension_ts__lag001,1.0,0.129151,0.056306,0.1854577
m__houst_houst__lag003,0.84326,0.163285,0.056365,0.18522202
m__mvmtd027mnfrbdal_mv_mkt_debt__lag005,1.0,0.141101,0.044094,0.1851954
d__usepuindxd_policy_uncertainty__lag064,0.517241,0.144738,0.212872,0.18497059
q__bogz1fl633061105q_mmf_tsy_raw__lag004,0.996865,0.161509,0.02404,0.18496742
q__bogz1fl633061105q_money_market_funds_ts__lag004,0.996865,0.161509,0.02404,0.18496742
m__ipmine_ipmine__lag007,1.0,0.030145,0.154776,0.18492114
q__hnotsbq027s_hhnp_tsy_tx__lag006,0.978056,0.116428,0.07249,0.18477233
m__busloans_busloans__lag012,0.984326,0.14977,0.037922,0.18475079
q__bogz1fr263061130q_row_gov_tsy_reval__lag008,0.971787,0.171962,0.017979,0.18458258
q__bogz1lm903061103q_instrument_discrepancies_ts__lag007,0.987461,0.01811,0.168663,0.18443173
q__bogz1fr713061103q_cb_tsy_reval__lag008,0.971787,0.149884,0.039676,0.18421159
d__t10y2y_t10y2y__lag079,0.623824,0.20464,0.090642,0.18420381
q__bogz1fl264135005a_row_loans_l__lag006,1.0,0.135517,0.048681,0.18419855
d__usepuindxd_policy_uncertainty__lag039,0.517241,0.297052,0.058962,0.18414518
d__vixcls_vixcls__lag063,0.454545,0.299766,0.105265,0.18410499
m__mvmtd027mnfrbdal_mv_mkt_debt__lag008,1.0,0.124928,0.059075,0.18400256
q__bogz1fl713068703q_fed_dw_a__lag004,0.996865,0.103931,0.080484,0.18383697
m__mvphgfd027mnfrbdal_mvphgfd027mnfrbdal__lag007,1.0,0.147171,0.036576,0.18374676
m__mvphgfd027mnfrbdal_mv_priv_debt__lag007,1.0,0.147171,0.036576,0.18374676
q__bogz1fa553061103q_closed_end_funds_ts_tx__lag006,0.978056,0.05404,0.133632,0.18355421
d__t10y2y_t10y2y__lag075,0.623824,0.209643,0.084481,0.18348192
q__bogz1fl313161110q_totalbills_z1__lag003,1.0,0.182634,0.000632,0.18326566
q__bogz1fl343061123q_fed_gov_dcg_retirement_ts__lag007,0.987461,0.08456,0.100973,0.18320729
d__t10y2y_t10y2y__lag060,0.623824,0.221619,0.071866,0.18308312
d__t10y2y_t10y2y__lag039,0.623824,0.234218,0.059101,0.18297932
d__t10y2y_t10y2y__lag059,0.623824,0.223771,0.069535,0.18297188
q__bogz1lm543061115q_li_bills__lag007,0.987461,0.145382,0.039662,0.18272346
q__bogz1lm543061115q_li_bills__lag008,0.984326,0.123876,0.061752,0.18271879
m__dspic96_real_dpi__lag007,0.836991,0.161817,0.056441,0.18268033
d__t10y2y_t10y2y__lag072,0.623824,0.210315,0.082468,0.18264554
m__totresns_res__lag009,0.836991,0.050716,0.167335,0.18250692
d__t10y2y_t10y2y__lag073,0.623824,0.210377,0.082126,0.18247041
q__bogz1fl713123030q_tga__lag007,0.987461,0.082588,0.10215,0.18242102
q__bogz1fl713123030q_tga_z1__lag007,0.987461,0.082588,0.10215,0.18242102
m__permit_permit__lag007,0.824451,0.188573,0.032605,0.18235009
d__t10y2y_t10y2y__lag054,0.623824,0.222859,0.068972,0.18205181
d__t10y2y_t10y2y__lag056,0.623824,0.215088,0.076675,0.18200892
d__t10y2y_t10y2y__lag074,0.623824,0.207923,0.083838,0.18200769
d__ldgust_tga_fed_alt__lag031,1.0,0.127068,0.054938,0.18200635
q__rowgseq027s_row_agency_flow__lag007,0.974922,0.114495,0.07218,0.18199342
d__ldgust_tga_fed_alt__lag030,1.0,0.129481,0.052511,0.18199278
q__bogz1lm553061103q_closed_end_funds_ts__lag008,0.984326,0.177087,0.007788,0.18197719
q__bogz1lm343061113q_fed_gov_dcf_retirement_ts__lag007,0.987461,0.062877,0.121134,0.18170336
q__bogz1lm343061113q_fed_gov_dc_retirement_ts__lag007,0.987461,0.062877,0.121134,0.18170336
q__bogz1lm343061113q_fed_ret_tsy_dc__lag007,0.987461,0.062877,0.121134,0.18170336
q__bogz1fa763061100q_usb_tsy_oth_tx__lag007,0.974922,0.105837,0.080528,0.18169187
q__bogz1lm343061113q_fed_gov_dcf_retirement_ts__lag005,0.99373,0.103086,0.079716,0.18165595
q__bogz1lm343061113q_fed_gov_dc_retirement_ts__lag005,0.99373,0.103086,0.079716,0.18165595
q__bogz1lm343061113q_fed_ret_tsy_dc__lag005,0.99373,0.103086,0.079716,0.18165595
d__t10y2y_t10y2y__lag080,0.623824,0.201821,0.089182,0.1815344
d__ldgust_tga_fed_alt__lag025,1.0,0.135868,0.04566,0.18152832
q__bogz1fl673061103q_abs_issuers_ts__lag002,1.0,0.099147,0.082369,0.18151573
q__bogz1fa763061100q_usb_tsy_oth_tx__lag008,0.971787,0.040879,0.145883,0.1814928
q__rowcbaq027s_row_corpbonds_flow__lag001,0.99373,0.1568,0.025825,0.18147973
d__t10y2y_t10y2y__lag041,0.623824,0.233903,0.056958,0.18144595
m__ltdacbm027nbog_ltd__lag011,0.658307,0.200104,0.075185,0.18122456
d__t10y2y_t10y2y__lag083,0.623824,0.204105,0.086126,0.18105309
d__usepuindxd_policy_uncertainty__lag088,0.517241,0.246447,0.10321,0.18085719
m__umcsent_umcsent__lag006,0.915361,0.147532,0.04988,0.18070306
m__busloans_busloans__lag011,0.984326,0.145,0.038535,0.18065822
m__mtso133fms_fedgov_out__lag004,0.567398,0.190457,0.127814,0.18058625
q__bogz1fr513061115q_pci_bills_reval__lag008,0.971787,0.047616,0.138189,0.18056286
m__payems_nonfarm_payrolls__lag004,1.0,0.121903,0.058648,0.18055095
d__t10y2y_t10y2y__lag022,0.626959,0.258809,0.028876,0.18036685
d__t10y2y_t10y2y__lag081,0.623824,0.203858,0.085198,0.18032042
m__uspriv_uspriv__lag009,1.0,0.159745,0.020406,0.18015058
d__usepuindxd_policy_uncertainty__lag054,0.517241,0.170079,0.178203,0.18014593
m__mtsr133fms_fedgov_rcpt__lag010,0.561129,0.246622,0.074209,0.18002738
d__t10y2y_t10y2y__lag061,0.623824,0.222575,0.065995,0.18001686
q__bogz1fl712151003q_fed_repo__lag005,0.99373,0.174158,0.006912,0.17993512
d__t10y2y_t10y2y__lag023,0.626959,0.254419,0.032366,0.17980265
q__bogz1fl264135005q_row_loans_l__lag007,0.987461,0.12679,0.055226,0.17973342
q__impgs_imports__lag001,0.990596,0.040468,0.140825,0.17958784
q__bogz1fr573061143q_private_db_pension_ts_reval__lag001,0.99373,0.121159,0.059299,0.17932684
d__vixcls_vixcls__lag071,0.454545,0.175797,0.218595,0.17926933
m__mvphgfd027mnfrbdal_mvphgfd027mnfrbdal__lag006,1.0,0.14782,0.031405,0.17922451
m__mvphgfd027mnfrbdal_mv_priv_debt__lag006,1.0,0.14782,0.031405,0.17922451
d__t10y2y_t10y2y__lag090,0.623824,0.196074,0.091209,0.17921412
q__bogz1fa733061103q_holding_companies_ts_tx__lag005,0.981191,0.031197,0.151444,0.17920607
m__dpsfrim027sbog_row_deposits__lag011,0.658307,0.107817,0.16428,0.17912361
m__busloans_busloans__lag010,0.984326,0.146591,0.035368,0.17910688
d__t10y2y_t10y2y__lag040,0.623824,0.232728,0.054136,0.17895291
d__dexcaus_dexcaus__lag088,0.689655,0.103496,0.155962,0.17893687
m__mvmtd027mnfrbdal_mv_mkt_debt__lag009,1.0,0.12136,0.057564,0.17892397
m__dpsfrim027sbog_row_deposits__lag010,0.658307,0.10907,0.162594,0.17883791
d__wimfsl_immf__lag054,0.579937,0.266204,0.041928,0.17869746
q__bogz1fl262151003q_row_repo__lag006,0.990596,0.153143,0.027185,0.17863289
q__bogz1fa313161110q_totalbills_z1_tx__lag001,0.99373,0.007837,0.171918,0.17862879
m__bogmbase_mb__lag007,0.836991,0.078654,0.134724,0.17859535
q__bogz1fl262151003q_row_repo__lag002,1.0,0.158819,0.019657,0.17847609
m__bogmbase_mb__lag005,0.840125,0.100181,0.112253,0.17847137
q__bogz1lm343061165q_fed_gov_db_retirement_ts__lag005,0.99373,0.087478,0.091989,0.17834137
q__bogz1lm343061165q_fed_ret_tsy_db__lag005,0.99373,0.087478,0.091989,0.17834137
d__usepuindxd_policy_uncertainty__lag048,0.517241,0.090078,0.254508,0.17823391
d__t10y2y_t10y2y__lag057,0.623824,0.211224,0.074434,0.1782002
m__hqmcb10yrp_hqm10y__lag012,0.520376,0.203533,0.138897,0.17819233
d__ldgust_tga_fed_alt__lag027,1.0,0.138979,0.039112,0.17809174
q__ncbtsaq027s_nfcb_tsy_tx__lag007,0.974922,0.098122,0.084487,0.17802932
d__usepuindxd_policy_uncertainty__lag075,0.517241,0.186351,0.15771,0.17796256
d__t10y2y_t10y2y__lag084,0.623824,0.200177,0.085077,0.17794857
d__t10y2y_t10y2y__lag085,0.623824,0.203734,0.081502,0.17793715
d__usepuindxd_policy_uncertainty__lag018,0.517241,0.174456,0.1695,0.17790854
d__wimfsl_immf__lag053,0.579937,0.264233,0.042498,0.17788454
d__vixcls_vixcls__lag079,0.454545,0.194524,0.196702,0.17782969
d__dexusuk_dexusuk__lag089,0.689655,0.160029,0.097762,0.17778662
m__dspic96_real_dpi__lag012,0.833856,0.162447,0.050696,0.17773027
q__hnotsbq027s_hhnp_tsy_tx__lag007,0.974922,0.173158,0.009,0.17758992
d__t10y2y_t10y2y__lag062,0.623824,0.219304,0.065242,0.17750655
d__wimfsl_immf__lag055,0.579937,0.265862,0.039909,0.17732785
d__wimfsl_immf__lag049,0.579937,0.263461,0.04221,0.17727047
d__wimfsl_immf__lag051,0.579937,0.264851,0.040736,0.17722093
d__t10y2y_t10y2y__lag063,0.623824,0.219679,0.064403,0.17721672
m__baaffm_baaff__lag004,0.896552,0.174182,0.023409,0.17715012
d__wimfsl_immf__lag048,0.579937,0.262774,0.042675,0.17714115
d__wimfsl_immf__lag057,0.579937,0.26597,0.03942,0.17710739
d__ldgust_tga_fed_alt__lag028,1.0,0.137499,0.039585,0.17708342
q__bogz1fl543461113q_li_bills__lag005,0.99373,0.136854,0.041247,0.17698472
d__wimfsl_immf__lag056,0.579937,0.265695,0.039482,0.17698333
d__dexusuk_dexusuk__lag087,0.69279,0.156025,0.099369,0.17693433
d__t10y2y_t10y2y__lag086,0.623824,0.197857,0.085736,0.17691251
d__usepuindxd_policy_uncertainty__lag069,0.517241,0.081675,0.260334,0.17690119
d__wimfsl_immf__lag050,0.579937,0.263334,0.041401,0.17672727
d__t10y2y_t10y2y__lag082,0.623824,0.202501,0.080777,0.17671631
m__srvprd_srvprd__lag001,1.0,0.075999,0.100692,0.17669087
q__bogz1lm573061133q_private_dc_pension_ts__lag002,1.0,0.121529,0.055134,0.17666301
m__mvphgfd027mnfrbdal_mvphgfd027mnfrbdal__lag003,1.0,0.146717,0.029876,0.17659268
m__mvphgfd027mnfrbdal_mv_priv_debt__lag003,1.0,0.146717,0.029876,0.17659268
q__bopbca_bopbca__lag006,0.811912,0.129003,0.088471,0.17657027
d__wimfsl_immf__lag052,0.579937,0.263885,0.040574,0.1765672
d__t10y2y_t10y2y__lag087,0.623824,0.195205,0.08773,0.17650131
d__dexusuk_dexusuk__lag088,0.689655,0.155296,0.100583,0.17646861
q__bogz1lm263061105q_row_tsy_raw__lag008,0.984326,0.06753,0.111748,0.17646844
q__bogz1lm263061105q_row_tsy__lag008,0.984326,0.06753,0.111748,0.17646844
d__t10y2y_t10y2y__lag058,0.623824,0.211663,0.071061,0.17637036
d__vixcls_vixcls__lag080,0.454545,0.20226,0.185481,0.17624567
q__bogz1fl713061113q_cb_bills_raw__lag005,0.99373,0.177146,0.000189,0.17622363
q__bogz1fl713061113q_cb_bills__lag005,0.99373,0.177146,0.000189,0.17622363
d__dexcaus_dexcaus__lag090,0.689655,0.102431,0.153058,0.17619913
d__dexusuk_dexusuk__lag086,0.69279,0.155106,0.099153,0.17614761
d__wimfsl_immf__lag047,0.579937,0.262417,0.041302,0.17613789
m__mvphgfd027mnfrbdal_mvphgfd027mnfrbdal__lag004,1.0,0.146877,0.02926,0.17613628
m__mvphgfd027mnfrbdal_mv_priv_debt__lag004,1.0,0.146877,0.02926,0.17613628
q__ib0000043q086sbea_imp_ind_pi__lag007,0.717868,0.047798,0.197362,0.17599211
d__usepuindxd_policy_uncertainty__lag080,0.517241,0.098334,0.241567,0.17581056
d__wimfsl_immf__lag058,0.576803,0.266202,0.03845,0.17572418
q__rowceaq027s_row_corpequities_flow__lag003,0.987461,0.138699,0.039255,0.17572265
q__bogz1fa713068703q_fed_dw_tx__lag005,0.981191,0.110259,0.06873,0.17562284
q__bogz1fa713068703q_fed_dw_tx__lag004,0.984326,0.104051,0.074363,0.17561767
d__vixcls_vixcls__lag058,0.454545,0.25733,0.128999,0.17560391
d__t10y2y_t10y2y__lag071,0.623824,0.209898,0.071588,0.17559799
m__mvphgfd027mnfrbdal_mvphgfd027mnfrbdal__lag005,1.0,0.147529,0.027978,0.17550729
m__mvphgfd027mnfrbdal_mv_priv_debt__lag005,1.0,0.147529,0.027978,0.17550729
q__bogz1fa343061113q_fed_gov_dcf_retirement_ts_tx__lag006,0.978056,0.13609,0.043293,0.17544606
q__bogz1fl264135005q_row_loans_l__lag005,0.99373,0.149577,0.026944,0.17541382
d__t10y2y_t10y2y__lag064,0.623824,0.215842,0.065262,0.17535968
q__bogz1fl262151003q_row_repo__lag004,0.996865,0.165806,0.010081,0.17533582
d__wimfsl_immf__lag039,0.579937,0.2602,0.04209,0.17530958
m__ipmine_ipmine__lag008,1.0,0.048651,0.126644,0.17529535
d__dexcaus_dexcaus__lag087,0.69279,0.102061,0.150935,0.17527361
q__bogz1fa553061103q_closed_end_funds_ts_tx__lag001,0.99373,0.082863,0.09348,0.17523672
q__expgs_exports__lag001,0.990596,0.016775,0.160024,0.17513616
m__mvphgfd027mnfrbdal_mvphgfd027mnfrbdal__lag008,1.0,0.137983,0.037019,0.17500212
m__mvphgfd027mnfrbdal_mv_priv_debt__lag008,1.0,0.137983,0.037019,0.17500212
d__t10y2y_t10y2y__lag088,0.623824,0.196226,0.084129,0.17489237
d__wimfsl_immf__lag046,0.579937,0.260759,0.040742,0.17485194
d__t10y2y_t10y2y__lag089,0.623824,0.191861,0.087988,0.17457709
m__mvphgfd027mnfrbdal_mvphgfd027mnfrbdal__lag010,1.0,0.135256,0.03924,0.1744957
m__mvphgfd027mnfrbdal_mv_priv_debt__lag010,1.0,0.135256,0.03924,0.1744957
q__a464rc1q027sbea_nfcb_pbt__lag004,0.981191,0.136241,0.041569,0.17446594
q__bogz1lm663061105q_brokers_dealers_ts__lag005,0.99373,0.133792,0.04175,0.17444143
d__wimfsl_immf__lag061,0.576803,0.265059,0.037134,0.17430568
d__dexcaus_dexcaus__lag086,0.69279,0.099761,0.151754,0.17424653
q__bogz1fl543461113q_li_bills__lag007,0.987461,0.1499,0.026483,0.17417087
m__bogmbase_mb__lag006,0.840125,0.084737,0.122412,0.17403113
d__wimfsl_immf__lag038,0.579937,0.260113,0.03993,0.17400596
d__vixcls_vixcls__lag065,0.454545,0.275113,0.107676,0.17399502
d__wimfsl_immf__lag040,0.579937,0.258868,0.041002,0.17390583
d__wimfsl_immf__lag042,0.579937,0.259531,0.040143,0.17379196
q__bogz1fr263061145q_row_priv_tsy_reval__lag002,0.990596,0.145513,0.029915,0.17377822
d__dexusuk_dexusuk__lag090,0.689655,0.155908,0.096018,0.17374176
d__wimfsl_immf__lag041,0.579937,0.259126,0.040371,0.17368929
d__wimfsl_immf__lag044,0.579937,0.260776,0.038717,0.1736872
d__wimfsl_immf__lag045,0.579937,0.260553,0.038878,0.17365131
m__iputil_iputil__lag005,1.0,0.041709,0.131696,0.17340565
q__bogz1fa573061143q_private_db_pension_ts_tx__lag004,0.984326,0.118104,0.058023,0.17336579
d__t10y2y_t10y2y__lag069,0.623824,0.207364,0.070543,0.17336553
d__wimfsl_immf__lag060,0.576803,0.263615,0.036841,0.1733037
d__wimfsl_immf__lag035,0.579937,0.25819,0.040586,0.17327145
d__wimfsl_immf__lag043,0.579937,0.259657,0.03907,0.17324332
d__dexusuk_dexusuk__lag076,0.69279,0.15086,0.099178,0.1732235
d__usepuindxd_policy_uncertainty__lag070,0.517241,0.133609,0.201244,0.17319991
q__bogz1fl702150005q_usb_ffrepo__lag003,1.0,0.009226,0.163967,0.17319343
d__t10y2y_t10y2y__lag068,0.623824,0.207849,0.069747,0.17317139
m__dspic96_real_dpi__lag006,0.840125,0.189659,0.016434,0.17314411
q__bogz1fl343061123q_fed_gov_dcg_retirement_ts__lag005,0.99373,0.066084,0.108147,0.17313851
d__ldgust_tga_fed_alt__lag037,1.0,0.119669,0.053434,0.17310288
m__mvphgfd027mnfrbdal_mvphgfd027mnfrbdal__lag002,1.0,0.144427,0.02862,0.173047
m__mvphgfd027mnfrbdal_mv_priv_debt__lag002,1.0,0.144427,0.02862,0.173047
d__dexusuk_dexusuk__lag085,0.69279,0.15484,0.094911,0.17302498
d__wimfsl_immf__lag034,0.579937,0.257738,0.040588,0.17301032
m__mvmtd027mnfrbdal_mv_mkt_debt__lag010,1.0,0.113852,0.059132,0.17298459
d__wimfsl_immf__lag059,0.576803,0.264579,0.035285,0.17296233
d__wimfsl_immf__lag033,0.579937,0.257688,0.04044,0.17289607
d__dexusuk_dexusuk__lag078,0.69279,0.151374,0.098114,0.17284267
q__bogz1lm263061110q_row_bills_raw__lag007,0.987461,0.102637,0.072297,0.1727406
q__bogz1lm263061110q_row_bills__lag007,0.987461,0.102637,0.072297,0.1727406
d__wimfsl_immf__lag037,0.579937,0.25842,0.039246,0.17262731
m__ppiaco_ppiaco__lag003,1.0,0.005427,0.167064,0.17249184
q__rowmfsq027s_row_mutualfundshares_flow__lag005,0.981191,0.007011,0.168738,0.17244289
d__baa10y_baa10y__lag089,0.504702,0.203819,0.137823,0.17242734
q__bogz1fr103061103q_nfcb_tsy_reval__lag006,0.978056,0.09162,0.084664,0.17241554
d__wimfsl_immf__lag063,0.576803,0.264185,0.034599,0.17233925
d__wimfsl_immf__lag036,0.579937,0.258089,0.039027,0.17230877
q__bogz1fa563061103q_etfs_ts_tx__lag007,0.974922,0.106529,0.070204,0.17230076
d__dexusuk_dexusuk__lag079,0.69279,0.153616,0.095054,0.1722757
d__wimfsl_immf__lag062,0.576803,0.263864,0.034779,0.17225779
d__wimfsl_immf__lag065,0.576803,0.265424,0.033204,0.17224937
q__bogz1fl702150005q_usb_ffrepo__lag007,0.987461,0.017171,0.157238,0.17222147
m__iputil_iputil__lag006,1.0,0.043048,0.129159,0.17220706
d__t10y2y_t10y2y__lag065,0.623824,0.210501,0.065541,0.17220192
m__mtso133fms_fedgov_out__lag001,0.570533,0.188257,0.113567,0.17220069
d__dexcaus_dexcaus__lag089,0.689655,0.095776,0.153829,0.17214117
d__wimfsl_immf__lag064,0.576803,0.264026,0.034293,0.17207075
d__baa10y_baa10y__lag090,0.501567,0.207178,0.135745,0.17199875
d__vixcls_vixcls__lag074,0.454545,0.220022,0.158324,0.1719754
d__wimfsl_immf__lag027,0.579937,0.255682,0.040655,0.17185679
m__mvphgfd027mnfrbdal_mvphgfd027mnfrbdal__lag009,1.0,0.134822,0.036992,0.17181407
m__mvphgfd027mnfrbdal_mv_priv_debt__lag009,1.0,0.134822,0.036992,0.17181407
d__dexusuk_dexusuk__lag080,0.69279,0.156132,0.091824,0.17178154
d__wimfsl_immf__lag028,0.579937,0.255369,0.040818,0.17176989
d__wimfsl_immf__lag025,0.579937,0.255109,0.041059,0.17175892
m__busloans_busloans__lag007,0.987461,0.145629,0.028282,0.17173045
d__dexusuk_dexusuk__lag070,0.69279,0.158855,0.089008,0.17171651
d__wimfsl_immf__lag030,0.579937,0.256452,0.039558,0.17166678
d__dexusuk_dexusuk__lag075,0.69279,0.152538,0.095243,0.17166073
d__vixcls_vixcls__lag077,0.454545,0.205274,0.172379,0.17166052
d__wimfsl_immf__lag032,0.579937,0.255639,0.040316,0.17163554
d__dexusuk_dexusuk__lag074,0.69279,0.154978,0.092693,0.17158379
d__wimfsl_immf__lag029,0.579937,0.255637,0.040163,0.17154561
m__bogmbase_mb__lag008,0.836991,0.071947,0.132946,0.17149406
d__dexusuk_dexusuk__lag081,0.69279,0.153342,0.094053,0.17139281
d__wimfsl_immf__lag031,0.579937,0.255479,0.039903,0.17130305
d__wimfsl_immf__lag026,0.579937,0.255418,0.039859,0.17124223
q__bogz1fa473061105q_credit_unions_ts_tx__lag008,0.971787,0.128676,0.047484,0.17119022
d__dexusuk_dexusuk__lag071,0.69279,0.154727,0.09217,0.17104739
d__dexcaus_dexcaus__lag076,0.69279,0.097716,0.149178,0.17104542
q__bogz1fa593061105q_pension_ts_tx__lag003,0.987461,0.086333,0.086864,0.1710249
d__t10y2y_t10y2y__lag067,0.623824,0.205374,0.068778,0.17102264
d__wimfsl_immf__lag024,0.579937,0.254995,0.03982,0.17097432
d__dexusuk_dexusuk__lag077,0.69279,0.151197,0.095477,0.17089361
d__bamlcc0a1aaatriv_aaa_index__lag085,0.467085,0.267673,0.09809,0.17084205
d__baa10y_baa10y__lag086,0.504702,0.201315,0.13717,0.17083445
d__bamlcc0a1aaatriv_aaa_index__lag090,0.467085,0.271075,0.094401,0.17070804
d__baa10y_baa10y__lag088,0.504702,0.201436,0.136635,0.1706256
q__bogz1fr563061103q_etfs_ts_reval__lag002,0.990596,0.152327,0.019814,0.17052175
d__t10y2y_t10y2y__lag070,0.623824,0.206651,0.06649,0.17039196
d__bamlcc0a1aaatriv_aaa_index__lag087,0.467085,0.269611,0.094929,0.1702712
d__bamlcc0a1aaatriv_aaa_index__lag088,0.467085,0.267497,0.096728,0.17012413
q__bogz1fa513061113q_pci_bills_tx__lag001,0.99373,0.052946,0.118225,0.17009827
d__bamlcc0a1aaatriv_aaa_index__lag089,0.467085,0.269766,0.094073,0.16994357
d__bamlcc0a1aaatriv_aaa_index__lag086,0.467085,0.267331,0.096301,0.16984695
d__ldgust_tga_fed_alt__lag044,1.0,0.116221,0.053592,0.16981302
d__bamlcc0a1aaatriv_aaa_index__lag084,0.467085,0.268297,0.094895,0.16964153
q__bogz1fl262151003q_row_repo__lag008,0.984326,0.108007,0.064327,0.16963284
q__b639rg3q086sbea_exp_ind_pi__lag002,0.736677,0.109324,0.120813,0.16953649
q__bogz1lm223061143q_state_local_db_retirement_ts__lag006,0.990596,0.140645,0.030499,0.1695339
d__dexcaus_dexcaus__lag075,0.69279,0.097883,0.146822,0.16952877
d__dexusuk_dexusuk__lag084,0.69279,0.153785,0.090807,0.16945112
m__dpsfrim027sbog_row_deposits__lag012,0.658307,0.114027,0.143347,0.16943095
q__bogz1fa573061133q_private_dc_pension_ts_tx__lag006,0.978056,0.134485,0.038661,0.16934632
d__dexcaus_dexcaus__lag084,0.69279,0.10411,0.140318,0.16933704
d__ldgust_tga_fed_alt__lag038,1.0,0.124582,0.044689,0.16927089
d__wimfsl_immf__lag084,0.576803,0.266262,0.026729,0.16899769
q__bopbca_bopbca__lag007,0.808777,0.092397,0.116453,0.16891387
d__wimfsl_immf__lag082,0.576803,0.265114,0.027729,0.16891286
q__bogz1fl593061105q_pension_ts__lag007,0.987461,0.109455,0.061449,0.16876101
d__wimfsl_immf__lag068,0.576803,0.26463,0.027932,0.16875093
q__bogz1fl702150005q_usb_ffrepo__lag005,0.99373,0.038367,0.131429,0.16873107
q__bogz1lm543061115q_li_bills__lag006,0.990596,0.132972,0.037258,0.1686292
d__wimfsl_immf__lag023,0.579937,0.255255,0.035497,0.16861803
d__wimfsl_immf__lag085,0.576803,0.266161,0.026145,0.16860295
d__wimfsl_immf__lag083,0.576803,0.265247,0.027055,0.16860024
d__vixcls_vixcls__lag070,0.454545,0.187178,0.183738,0.16859797
d__dexusuk_dexusuk__lag068,0.69279,0.163568,0.079782,0.16859047
d__baa10y_baa10y__lag085,0.504702,0.200584,0.133414,0.16856957
d__wimfsl_immf__lag066,0.576803,0.26383,0.028393,0.16855499
q__bogz1fa403061105q_gses_ts_tx__lag008,0.971787,0.03086,0.142577,0.1685431
d__dexcaus_dexcaus__lag072,0.69279,0.094982,0.148295,0.1685399
d__wimfsl_immf__lag070,0.576803,0.264803,0.027352,0.1685155
q__bogz1fa383061105q_dom_nonfin_sector_tsy_tx__lag006,0.978056,0.086756,0.085534,0.16850983
d__wimfsl_immf__lag021,0.579937,0.253966,0.036577,0.16849651
d__wimfsl_immf__lag086,0.576803,0.266408,0.025698,0.1684878
d__wimfsl_immf__lag069,0.576803,0.264808,0.027216,0.16844011
d__wimfsl_immf__lag071,0.576803,0.264864,0.027028,0.16836354
d__wimfsl_immf__lag018,0.579937,0.252973,0.037274,0.16832495
d__ldgust_tga_fed_alt__lag043,1.0,0.122792,0.045526,0.16831792
d__wimfsl_immf__lag022,0.579937,0.254531,0.035639,0.16828021
d__wimfsl_immf__lag019,0.579937,0.252906,0.037232,0.16826183
d__dexcaus_dexcaus__lag077,0.69279,0.100308,0.142568,0.16826181
d__baa10y_baa10y__lag087,0.504702,0.196719,0.13656,0.16820673
m__ppiaco_ppiaco__lag004,1.0,0.007938,0.160253,0.168191
q__bogz1fa673061103q_abs_issuers_ts_tx__lag007,0.974922,0.062932,0.109582,0.16818745
d__dexcaus_dexcaus__lag082,0.69279,0.105874,0.136857,0.16816177
q__bogz1lm223061143q_state_local_db_retirement_ts__lag008,0.984326,0.162508,0.008313,0.16814319
q__bogz1fr513061115q_pci_bills_reval__lag006,0.978056,0.040727,0.131135,0.16809029
m__popthm_popthm__lag012,0.833856,0.127176,0.074186,0.16790695
d__bamlcc0a1aaatriv_aaa_index__lag023,0.467085,0.270678,0.088777,0.16789568
d__wimfsl_immf__lag079,0.576803,0.265898,0.025172,0.16789011
d__wimfsl_immf__lag020,0.579937,0.253003,0.036489,0.16788699
d__vixcls_vixcls__lag076,0.454545,0.203743,0.165576,0.16787233
d__bamlcc0a1aaatriv_aaa_index__lag077,0.467085,0.26996,0.089338,0.1678222
d__wimfsl_immf__lag072,0.576803,0.264533,0.0264,0.16781052
d__dexusuk_dexusuk__lag073,0.69279,0.152547,0.089674,0.16780864
d__wimfsl_immf__lag089,0.576803,0.267627,0.023255,0.16778181
d__wimfsl_immf__lag078,0.576803,0.265417,0.025386,0.16773598
d__wimfsl_immf__lag090,0.576803,0.267605,0.023111,0.16768604
d__dexcaus_dexcaus__lag083,0.69279,0.105496,0.136479,0.16763787
d__t10y2y_t10y2y__lag066,0.623824,0.204175,0.064524,0.16762072
d__bamlcc0a1aaatriv_aaa_index__lag078,0.467085,0.266853,0.091956,0.16759407
d__wimfsl_immf__lag077,0.576803,0.265069,0.025435,0.1675635
d__wimfsl_immf__lag067,0.576803,0.263035,0.027412,0.16753049
q__bogz1lm103061103q_nfcb_tsy__lag001,1.0,0.048671,0.118803,0.16747472
d__bamlcc0a1aaatriv_aaa_index__lag082,0.467085,0.26672,0.09172,0.16742185
d__ldgust_tga_fed_alt__lag042,1.0,0.129305,0.03807,0.16737465
m__recprousm156n_recprob__lag001,0.739812,0.038501,0.187681,0.16733153
d__dexusuk_dexusuk__lag083,0.69279,0.152648,0.088847,0.16730507
d__bamlcc0a1aaatriv_aaa_index__lag081,0.467085,0.26663,0.091484,0.16726955
d__bamlcc0a1aaatriv_aaa_index__lag079,0.467085,0.265414,0.092641,0.16724208
d__wimfsl_immf__lag076,0.576803,0.265001,0.02482,0.16716935
d__wimfsl_immf__lag088,0.576803,0.266446,0.02336,0.16716081
d__wimfsl_immf__lag017,0.579937,0.25265,0.035538,0.16713079
d__wimfsl_immf__lag013,0.579937,0.251884,0.036146,0.16703936
d__wimfsl_immf__lag081,0.576803,0.264983,0.024531,0.16699286
d__bamlcc0a1aaatriv_aaa_index__lag033,0.467085,0.27729,0.080183,0.16697006
d__dexcaus_dexcaus__lag073,0.69279,0.093176,0.147734,0.16690019
d__bamlcc0a1aaatriv_aaa_index__lag083,0.467085,0.266237,0.091061,0.16688838
d__bamlcc0a1aaatriv_aaa_index__lag080,0.467085,0.264902,0.092263,0.16682632
d__bamlcc0a1aaatriv_aaa_index__lag024,0.467085,0.270182,0.086954,0.16681273
m__popthm_popthm__lag011,0.833856,0.125828,0.074216,0.1668075
d__baa10y_baa10y__lag084,0.504702,0.199634,0.130749,0.16674501
d__wimfsl_immf__lag075,0.576803,0.265179,0.023905,0.16674406
d__dexcaus_dexcaus__lag079,0.69279,0.101626,0.13882,0.1665789
d__wimfsl_immf__lag014,0.579937,0.25202,0.035137,0.16653298
d__dexusuk_dexusuk__lag069,0.69279,0.159399,0.080961,0.16651873
q__bogz1fl593061105q_pension_ts__lag004,0.996865,0.126434,0.040603,0.16651341
d__wimfsl_immf__lag012,0.579937,0.250795,0.036289,0.16649089
m__mvphgfd027mnfrbdal_mvphgfd027mnfrbdal__lag001,1.0,0.140786,0.025683,0.16646939
m__mvphgfd027mnfrbdal_mv_priv_debt__lag001,1.0,0.140786,0.025683,0.16646939
d__dexusuk_dexusuk__lag066,0.69279,0.163377,0.07691,0.16646819
d__bamlcc0a1aaatriv_aaa_index__lag025,0.467085,0.269699,0.086685,0.1664617
d__bamlcc0a1aaatriv_aaa_index__lag034,0.467085,0.27719,0.079141,0.16643676
d__wimfsl_immf__lag080,0.576803,0.265435,0.023109,0.16643293
d__wimfsl_immf__lag004,0.579937,0.249216,0.03776,0.16642844
q__bogz1lm403061105q_gses_ts__lag007,0.987461,0.041106,0.127424,0.1664163
q__bogz1lm403061105q_gse_tsy__lag007,0.987461,0.041106,0.127424,0.1664163
d__bamlcc0a1aaatriv_aaa_index__lag022,0.467085,0.272951,0.083329,0.16641273
m__dspic96_real_dpi__lag008,0.836991,0.152795,0.045975,0.16636876
d__dexcaus_dexcaus__lag081,0.69279,0.103505,0.136589,0.16633485
d__dexusuk_dexusuk__lag072,0.69279,0.149793,0.090167,0.16624133
d__aaa10y_aaa10y__lag020,0.54232,0.209718,0.09677,0.16621466
q__bogz1lm573061105q_private_pension_ts__lag008,0.984326,0.060177,0.108668,0.16619844
d__wimfsl_immf__lag015,0.579937,0.252453,0.033885,0.16605787
d__usepuindxd_policy_uncertainty__lag049,0.517241,0.091182,0.229844,0.16604776
q__bogz1fa553061103q_closed_end_funds_ts_tx__lag007,0.974922,0.053102,0.117107,0.16594016
d__wimfsl_immf__lag003,0.579937,0.249363,0.036762,0.16593452
d__bamlcc0a1aaatriv_aaa_index__lag026,0.467085,0.267354,0.087824,0.16589805
d__wimfsl_immf__lag074,0.576803,0.264157,0.023395,0.1658605
m__payems_nonfarm_payrolls__lag009,1.0,0.153871,0.01188,0.16575072
d__dexcaus_dexcaus__lag074,0.69279,0.092832,0.146271,0.16564829
d__bamlcc0a1aaatriv_aaa_index__lag036,0.467085,0.277221,0.077356,0.16561774
m__popthm_popthm__lag010,0.833856,0.124655,0.073925,0.16558729
d__dexusuk_dexusuk__lag082,0.69279,0.149878,0.089051,0.16552734
m__srvprd_srvprd__lag006,1.0,0.09253,0.072969,0.16549947
d__bamlcc0a1aaatriv_aaa_index__lag074,0.467085,0.269847,0.084453,0.16548844
d__bamlcc0a1aaatriv_aaa_index__lag035,0.467085,0.274663,0.079633,0.16548618
m__mvphgfd027mnfrbdal_mvphgfd027mnfrbdal__lag011,1.0,0.128282,0.037193,0.16547484
m__mvphgfd027mnfrbdal_mv_priv_debt__lag011,1.0,0.128282,0.037193,0.16547484
m__recprousm156n_recprob__lag006,0.733542,0.163314,0.062237,0.16545147
d__bamlcc0a1aaatriv_aaa_index__lag071,0.467085,0.269933,0.084154,0.16538862
d__aaa10y_aaa10y__lag023,0.54232,0.195547,0.109413,0.1653859
d__wimfsl_immf__lag006,0.579937,0.24698,0.038154,0.1653598
d__wimfsl_immf__lag016,0.579937,0.252126,0.032791,0.16523439
d__bamlcc0a1aaatriv_aaa_index__lag075,0.467085,0.269196,0.084424,0.16517058
q__fgdef_fgdef__lag008,0.968652,0.06928,0.101205,0.16514034
m__uspriv_uspriv__lag008,1.0,0.14157,0.023541,0.16511178
d__bamlcc0a1aaatriv_aaa_index__lag037,0.467085,0.277803,0.075614,0.16507555
d__bamlcc0a1aaatriv_aaa_index__lag021,0.467085,0.273812,0.079582,0.16506474
d__bamlcc0a1aaatriv_aaa_index__lag070,0.467085,0.269629,0.083759,0.165062
d__bamlcc0a1aaatriv_aaa_index__lag076,0.467085,0.268384,0.084876,0.16500229
d__dexusuk_dexusuk__lag067,0.69279,0.161832,0.076297,0.16497359
d__dexcaus_dexcaus__lag085,0.69279,0.102113,0.135996,0.16495954
d__wimfsl_immf__lag011,0.579937,0.247824,0.036579,0.16493588
d__bamlcc0a1aaatriv_aaa_index__lag042,0.467085,0.278975,0.074117,0.16492378
q__bogz1fl712151003q_fed_repo__lag006,0.990596,0.152976,0.013507,0.16491783
d__bamlcc0a1aaatriv_aaa_index__lag041,0.467085,0.278169,0.07488,0.16490347
d__aaa10y_aaa10y__lag021,0.54232,0.210216,0.093815,0.16488196
d__aaa10y_aaa10y__lag016,0.54232,0.204776,0.099244,0.16487599
q__bogz1fa513061105q_pc_insurance_ts_tx__lag008,0.971787,0.026207,0.143455,0.1648758
d__usepuindxd_policy_uncertainty__lag022,0.517241,0.205839,0.112906,0.16486807
m__dpsfrim027sbog_row_deposits__lag002,0.667712,0.115718,0.131167,0.16484771
q__b093rc1q027sbea_gov_int_row__lag006,0.974922,0.138529,0.030547,0.16483526
m__popthm_popthm__lag009,0.836991,0.123303,0.073634,0.16483412
d__wimfsl_immf__lag007,0.579937,0.246756,0.037422,0.16480542
d__bamlcc0a1aaatriv_aaa_index__lag032,0.467085,0.273916,0.078858,0.16477526
d__wimfsl_immf__lag005,0.579937,0.246438,0.037554,0.16469748
d__bamlcc0a1aaatriv_aaa_index__lag027,0.467085,0.267063,0.085459,0.16465768
q__bogz1fl264035005q_row_loans_a__lag008,0.984326,0.140765,0.026511,0.16465345
d__wimfsl_immf__lag008,0.579937,0.246899,0.036786,0.16451975
d__bamlcc0a1aaatriv_aaa_index__lag058,0.467085,0.26876,0.083371,0.16447502
q__bogz1fl313024000q_tres_oper_cash__lag005,0.99373,0.057764,0.10773,0.16445665
d__bamlcc0a1aaatriv_aaa_index__lag044,0.467085,0.274431,0.077616,0.16443567
d__bamlcc0a1aaatriv_aaa_index__lag069,0.467085,0.269321,0.082644,0.16439709
d__wimfsl_immf__lag010,0.579937,0.248017,0.03535,0.164335
d__bamlcc0a1aaatriv_aaa_index__lag054,0.467085,0.270696,0.080744,0.16415218
d__bamlcc0a1aaatriv_aaa_index__lag072,0.467085,0.268794,0.082548,0.16410637
d__ldgust_tga_fed_alt__lag041,1.0,0.127105,0.03694,0.16404435
d__usepuindxd_policy_uncertainty__lag056,0.517241,0.142496,0.17464,0.16403582
d__wimfsl_immf__lag009,0.579937,0.246915,0.0359,0.16401486
d__wimfsl_immf__lag073,0.576803,0.263924,0.020393,0.16399484
d__bamlcc0a1aaatriv_aaa_index__lag073,0.467085,0.269077,0.081986,0.16397656
d__bamlcc0a1aaatriv_aaa_index__lag057,0.467085,0.271983,0.079,0.16393856
q__drtscilm_loan_tight__lag002,0.445141,0.250687,0.117481,0.16388653
d__bamlcc0a1aaatriv_aaa_index__lag048,0.467085,0.270344,0.080473,0.16386098
d__dexcaus_dexcaus__lag078,0.69279,0.10011,0.136342,0.16381155
d__dexcaus_dexcaus__lag080,0.69279,0.101532,0.134892,0.16379186
q__bogz1fl713061113q_cb_bills_raw__lag002,1.0,0.008365,0.155426,0.16379051
q__bogz1fl713061113q_cb_bills__lag002,1.0,0.008365,0.155426,0.16379051
d__ldgust_tga_fed_alt__lag035,1.0,0.116819,0.046951,0.16376975
d__bamlcc0a1aaatriv_aaa_index__lag040,0.467085,0.278641,0.071851,0.16370953
d__aaa10y_aaa10y__lag033,0.54232,0.212499,0.089347,0.16369694
q__bogz1fa573061143q_private_db_pension_ts_tx__lag003,0.987461,0.032976,0.132698,0.16359662
q__rowgseq027s_row_agency_flow__lag008,0.971787,0.105789,0.062549,0.16358913
d__usepuindxd_policy_uncertainty__lag020,0.517241,0.11389,0.202318,0.16355602
d__bamlcc0a1aaatriv_aaa_index__lag065,0.467085,0.266956,0.083192,0.16354875
q__bogz1fl343061123q_fed_gov_dcg_retirement_ts__lag008,0.984326,0.054448,0.111662,0.16350578
q__bogz1lm103061103q_nfcb_tsy__lag005,0.99373,0.093029,0.071477,0.16347464
q__bogz1fa223061143q_state_local_db_retirement_ts_tx__lag007,0.974922,0.159656,0.00798,0.16343254
d__wimfsl_immf__lag087,0.576803,0.263586,0.019739,0.16342269
d__bamlcc0a1aaatriv_aaa_index__lag068,0.467085,0.268108,0.081702,0.16339042
m__popthm_popthm__lag008,0.836991,0.121611,0.073563,0.16335859
d__bamlcc0a1aaatriv_aaa_index__lag066,0.467085,0.268054,0.081581,0.16330909
d__ldgust_tga_fed_alt__lag034,1.0,0.115439,0.047821,0.1632607
q__bogz1fa563061103q_etfs_ts_tx__lag002,0.990596,0.109822,0.05498,0.16325214
d__bamlcc0a1aaatriv_aaa_index__lag039,0.467085,0.278437,0.071061,0.16324511
d__bamlcc0a1aaatriv_aaa_index__lag043,0.467085,0.275836,0.073527,0.16318217
q__bogz1lm573061133q_private_dc_pension_ts__lag003,1.0,0.108387,0.054717,0.16310371
q__rowmmfq027s_row_moneymarketfundshares_flow__lag006,0.978056,0.098011,0.068711,0.1630628
d__dexusuk_dexusuk__lag064,0.69279,0.161714,0.073615,0.16303364
d__bamlcc0a1aaatriv_aaa_index__lag053,0.467085,0.266033,0.082961,0.16300977
d__bamlcc0a1aaatriv_aaa_index__lag038,0.467085,0.277387,0.071542,0.16297931
d__bamlcc0a1aaatriv_aaa_index__lag045,0.467085,0.273362,0.07525,0.16283146
d__bamlcc0a1aaatriv_aaa_index__lag028,0.467085,0.267804,0.080414,0.16264769
d__bamlcc0a1aaatriv_aaa_index__lag047,0.467085,0.268285,0.079611,0.16249683
d__dexcaus_dexcaus__lag071,0.69279,0.094975,0.139571,0.16249155
d__aaa10y_aaa10y__lag011,0.54232,0.167488,0.132101,0.16247326
q__bogz1fl264135005q_row_loans_l__lag006,0.990596,0.128159,0.035835,0.16245166
d__bamlcc0a1aaatriv_aaa_index__lag062,0.467085,0.264171,0.083462,0.16237382
d__bamlcc0a1aaatriv_aaa_index__lag056,0.467085,0.272046,0.075555,0.16235899
d__ldgust_tga_fed_alt__lag036,1.0,0.116062,0.046294,0.16235558
d__bamlcc0a1aaatriv_aaa_index__lag061,0.467085,0.265359,0.082095,0.16229042
q__bogz1fr713061113q_cb_bills_reval__lag001,0.99373,0.08944,0.07384,0.1622571
d__wimfsl_immf__lag001,0.579937,0.249282,0.030496,0.16225349
d__bamlcc0a1aaatriv_aaa_index__lag067,0.467085,0.266494,0.080865,0.16224611
d__bamlcc0a1aaatriv_aaa_index__lag029,0.467085,0.273729,0.073626,0.16224396
d__bamlcc0a1aaatriv_aaa_index__lag031,0.467085,0.270428,0.076857,0.16221172
q__bogz1fl713061103q_fed_tsy__lag003,1.0,0.043358,0.11883,0.16218748
q__bogz1fl713061103q_fed_tsy_raw__lag003,1.0,0.043358,0.11883,0.16218748
q__bogz1fl713061103q_cb_tsy__lag003,1.0,0.043358,0.11883,0.16218748
d__bamlcc0a1aaatriv_aaa_index__lag046,0.467085,0.270483,0.076608,0.16212098
d__bamlcc0a1aaatriv_aaa_index__lag049,0.467085,0.268091,0.078997,0.16211925
d__usepuindxd_policy_uncertainty__lag032,0.517241,0.110443,0.202943,0.16209626
d__dexusuk_dexusuk__lag065,0.69279,0.159781,0.074136,0.16205544
q__bogz1fl543461113q_li_bills__lag002,1.0,0.127398,0.034643,0.16204149
d__bamlcc0a1aaatriv_aaa_index__lag050,0.467085,0.266286,0.080626,0.16203704
d__ldgust_tga_fed_alt__lag032,1.0,0.119778,0.042244,0.16202157
d__bamlcc0a1aaatriv_aaa_index__lag055,0.467085,0.269304,0.077545,0.16200786
q__rowmslq027s_row_muni_flow__lag006,0.978056,0.052213,0.113395,0.16197378
m__popthm_popthm__lag007,0.836991,0.120073,0.073403,0.16193731
d__bamlcc0a1aaatriv_aaa_index__lag020,0.467085,0.271965,0.074605,0.16187742
d__bamlcc0a1aaatriv_aaa_index__lag060,0.467085,0.265202,0.081344,0.16186631
d__usepuindxd_policy_uncertainty__lag038,0.517241,0.243494,0.069407,0.1618451
d__wimfsl_immf__lag002,0.579937,0.248806,0.030217,0.16181586
d__aaa10y_aaa10y__lag010,0.54232,0.165242,0.133044,0.16176631
d__bamlcc0a1aaatriv_aaa_index__lag059,0.467085,0.263742,0.082546,0.16174572
d__bamlcc0a1aaatriv_aaa_index__lag030,0.467085,0.271996,0.074094,0.16165312
d__aaa10y_aaa10y__lag025,0.54232,0.20406,0.093861,0.16156823
d__aaa10y_aaa10y__lag015,0.54232,0.18826,0.109383,0.16141721
m__popthm_popthm__lag006,0.840125,0.118583,0.073496,0.16137016
q__bogz1fr213061103q_state_local_gov_ts_reval__lag006,0.978056,0.078811,0.086141,0.16133257
d__aaa10y_aaa10y__lag012,0.54232,0.17056,0.126731,0.16122698
d__bamlcc0a1aaatriv_aaa_index__lag051,0.467085,0.263445,0.081712,0.1612178
d__bamlcc0a1aaatriv_aaa_index__lag052,0.467085,0.264238,0.080905,0.16121119
m__mvphgfd027mnfrbdal_mvphgfd027mnfrbdal__lag012,1.0,0.120809,0.04035,0.1611593
m__mvphgfd027mnfrbdal_mv_priv_debt__lag012,1.0,0.120809,0.04035,0.1611593
q__bogz1fl503061123q_ccps_ts__lag002,1.0,0.119336,0.04181,0.16114618
q__bogz1fl264135005a_row_loans_l__lag007,0.996865,0.136101,0.025539,0.16113311
d__aaa10y_aaa10y__lag057,0.54232,0.236063,0.06103,0.16111955
d__bamlcc0a1aaatriv_aaa_index__lag064,0.467085,0.263455,0.081364,0.16105955
q__bogz1fl593061105q_pension_ts__lag008,0.984326,0.102744,0.060878,0.16105649
d__vixcls_vixcls__lag075,0.454545,0.199965,0.15435,0.16105235
d__aaa10y_aaa10y__lag028,0.54232,0.21156,0.08533,0.16100914
q__rowmmfq027s_row_moneymarketfundshares_flow__lag005,0.981191,0.097035,0.066922,0.16087316
q__psave_psave__lag006,0.974922,0.086339,0.078566,0.16076969
m__ltdacbm027nbog_ltd__lag010,0.658307,0.168649,0.075326,0.16061061
d__aaa10y_aaa10y__lag019,0.54232,0.205488,0.090659,0.16060602
m__ppiaco_ppiaco__lag005,1.0,0.017449,0.143051,0.1605001
d__baa10y_baa10y__lag081,0.504702,0.198388,0.119618,0.16049817
d__baa10y_baa10y__lag082,0.504702,0.196574,0.121411,0.16048788
m__popthm_popthm__lag005,0.840125,0.117145,0.07386,0.16046857
m__mvmtd027mnfrbdal_mv_mkt_debt__lag011,1.0,0.100359,0.0601,0.16045865
q__bogz1fa573061105q_private_pension_ts_tx__lag004,0.984326,0.156922,0.006075,0.16044188
q__bogz1fa343061105q_fed_gov_retirement_ts_tx__lag005,0.981191,0.056989,0.10648,0.16039451
q__bogz1fl593061105q_pension_ts__lag006,0.990596,0.11937,0.042515,0.16036228
d__ldgust_tga_fed_alt__lag039,1.0,0.123826,0.036504,0.16033005
d__usepuindxd_policy_uncertainty__lag073,0.517241,0.104819,0.205073,0.16028904
q__bogz1fa653061105q_mutual_funds_ts_tx__lag004,0.984326,0.135838,0.026919,0.16020637
m__baaffm_baaff__lag005,0.896552,0.141436,0.037131,0.16009439
d__aaa10y_aaa10y__lag014,0.54232,0.18362,0.111519,0.16005969
d__aaa10y_aaa10y__lag017,0.54232,0.205333,0.089799,0.16005588
d__aaa10y_aaa10y__lag027,0.54232,0.206355,0.088702,0.16001486
q__bogz1fa263061145q_row_priv_tsy_tx__lag002,0.990596,0.063251,0.098273,0.16000524
d__bamlcc0a1aaatriv_aaa_index__lag063,0.467085,0.262713,0.079834,0.15999833
m__popthm_popthm__lag003,0.84326,0.114708,0.07496,0.15993946
d__ldgust_tga_fed_alt__lag040,1.0,0.124704,0.035196,0.15989985
d__vixcls_vixcls__lag083,0.454545,0.185419,0.166337,0.15988916
m__ipmine_ipmine__lag012,1.0,0.054912,0.104927,0.15983934
m__popthm_popthm__lag004,0.840125,0.11589,0.074302,0.15978481
d__vixcls_vixcls__lag002,0.454545,0.173643,0.17768,0.15969216
q__bogz1fa563061103q_etfs_ts_tx__lag006,0.978056,0.084192,0.079054,0.15966342
d__ldgust_tga_fed_alt__lag045,1.0,0.111166,0.048465,0.15963025
d__usepuindxd_policy_uncertainty__lag084,0.517241,0.139727,0.168787,0.15957615
m__baaffm_baaff__lag007,0.893417,0.149175,0.029324,0.15947404
m__popthm_popthm__lag002,0.84326,0.113309,0.075748,0.15942411
d__usepuindxd_policy_uncertainty__lag090,0.517241,0.106904,0.201266,0.15939821
m__mtsds133fms_fed_surplus_deficit__lag002,0.570533,0.11263,0.166534,0.15927222
d__usepuindxd_policy_uncertainty__lag043,0.517241,0.130409,0.177413,0.15921847
q__a464rc1q027sbea_nfcb_pbt__lag006,0.974922,0.138651,0.024637,0.15919245
m__mtsr133fms_fedgov_rcpt__lag002,0.570533,0.138483,0.140485,0.15916029
d__aaa10y_aaa10y__lag022,0.54232,0.199599,0.093513,0.15896059
q__bogz1fr343061105q_fed_gov_retirement_ts_reval__lag001,0.99373,0.121469,0.038417,0.15888342
m__bogmbase_mb__lag009,0.836991,0.059297,0.130524,0.15887834
q__ophnfb_nflabor_productivity__lag005,0.978056,0.101109,0.061311,0.15885545
q__rownblq027s_row_nonfinbusinessloans_flow__lag003,0.987461,0.018203,0.14265,0.15883585
d__bamlcc0a1aaatriv_aaa_index__lag019,0.467085,0.27145,0.068536,0.15880237
q__bogz1fl513061115q_pci_bills_raw__lag003,1.0,0.068506,0.090273,0.15877853
q__bogz1fl513061115q_pci_bills__lag003,1.0,0.068506,0.090273,0.15877853
m__popthm_popthm__lag001,0.84326,0.111681,0.076585,0.15875716
q__bogz1lm543061115q_li_bills__lag005,0.99373,0.157302,0.002385,0.1586864
d__aaa10y_aaa10y__lag029,0.54232,0.210895,0.081651,0.1586535
d__aaa10y_aaa10y__lag008,0.54232,0.17429,0.118246,0.15864766
d__dexusuk_dexusuk__lag063,0.69279,0.15831,0.070419,0.15846112
q__fbtsaaq027s_dom_fin_sector_tsy__lag003,1.0,0.09981,0.058616,0.1584261
d__vixcls_vixcls__lag084,0.454545,0.148318,0.200069,0.15835732
q__bogz1fr343061113q_fed_gov_dcf_retirement_ts_reval__lag001,0.99373,0.131188,0.028124,0.15831359
d__aaa10y_aaa10y__lag024,0.54232,0.198368,0.093483,0.15827652
q__bogz1fa713061103q_cb_tsy_tx__lag006,0.978056,0.034246,0.127569,0.15826451
q__bogz1fl264135005a_row_loans_l__lag005,1.0,0.118062,0.040058,0.15812011
q__bogz1fa563061103q_etfs_ts_tx__lag001,0.99373,0.143747,0.015011,0.15776262
q__fgtlasq027s_gov_loan_a__lag001,1.0,0.087947,0.069737,0.15768406
d__baa10y_baa10y__lag083,0.504702,0.194768,0.117544,0.15762434
q__fgla_fgla__lag001,1.0,0.087757,0.069861,0.15761783
q__fgla_fedgov_loans__lag001,1.0,0.087757,0.069861,0.15761783
m__totresns_res__lag010,0.833856,0.023088,0.165816,0.15751806
d__bamlcc0a1aaatriv_aaa_index__lag018,0.467085,0.274701,0.062514,0.15750781
d__usepuindxd_policy_uncertainty__lag063,0.517241,0.127834,0.176517,0.15742269
d__ldgust_tga_fed_alt__lag033,1.0,0.114469,0.042894,0.1573631
q__rhvrusq156n_owner_vacancy__lag008,0.855799,0.165272,0.018533,0.15730043
d__baa10y_baa10y__lag080,0.504702,0.194703,0.116924,0.15727897
d__bamlcc0a1aaatriv_aaa_index__lag016,0.470219,0.271531,0.062822,0.15721929
q__bogz1fl343061123q_fed_gov_dcg_retirement_ts__lag003,1.0,0.129598,0.027545,0.15714325
d__aaa10y_aaa10y__lag018,0.54232,0.202349,0.087399,0.15713569
q__bogz1fl702150005q_usb_ffrepo__lag002,1.0,0.050058,0.107029,0.15708682
m__wpu0561_ppi_crude__lag009,0.987461,0.065384,0.093683,0.15707245
d__aaa10y_aaa10y__lag013,0.54232,0.172358,0.117086,0.1569711
q__bogz1fl702150005q_usb_ffrepo__lag006,0.990596,0.024605,0.133742,0.15685827
m__mtsds133fms_fed_surplus_deficit__lag010,0.561129,0.263015,0.016459,0.15682115
m__busloans_busloans__lag006,0.990596,0.137667,0.020624,0.15680306
d__aaa10y_aaa10y__lag026,0.54232,0.200371,0.088606,0.15671818
m__ppiaco_ppiaco__lag002,1.0,0.004479,0.152099,0.15657803
d__aaa10y_aaa10y__lag035,0.54232,0.218691,0.069548,0.15631748
d__aaa10y_aaa10y__lag009,0.54232,0.168515,0.11965,0.15627714
q__a464rc1q027sbea_nfcb_pbt__lag005,0.978056,0.131468,0.02831,0.156272
m__ppiaco_ppiaco__lag001,1.0,0.009738,0.146228,0.15596575
d__aaa10y_aaa10y__lag031,0.54232,0.202737,0.084754,0.15591185
q__bogz1fa263061130q_row_gov_tsy_tx__lag002,0.990596,0.150265,0.007059,0.15584502
d__aaa10y_aaa10y__lag032,0.54232,0.209812,0.077526,0.15582934
q__netfi_netfi__lag001,0.990596,0.121597,0.035683,0.15580034
d__aaa10y_aaa10y__lag034,0.54232,0.216026,0.071068,0.15569655
q__bogz1fl262051003q_row_rrp__lag001,1.0,0.115428,0.040072,0.15549997
q__bogz1fr153061105q_hhnp_tsy_reval__lag002,0.990596,0.069076,0.087851,0.15545091
q__bogz1fr263061145q_row_priv_tsy_reval__lag006,0.978056,0.139827,0.019079,0.15541901
d__aaa10y_aaa10y__lag036,0.54232,0.223723,0.062755,0.15536264
q__hnotsbq027s_hhnp_tsy_tx__lag004,0.984326,0.076385,0.08138,0.15529228
d__bamlcc0a1aaatriv_aaa_index__lag017,0.467085,0.271791,0.060513,0.15521424
q__bogz1fa343061123q_fed_gov_dcg_retirement_ts_tx__lag008,0.971787,0.115771,0.043892,0.15515902
d__dexcaus_dexcaus__lag070,0.69279,0.094552,0.129301,0.15508327
d__aaa10y_aaa10y__lag058,0.54232,0.236979,0.048215,0.15466632
d__bamlcc0a1aaatriv_aaa_index__lag002,0.470219,0.273252,0.055391,0.15453403
m__totresns_res__lag012,0.833856,0.018118,0.167193,0.15452274
d__aaa10y_aaa10y__lag055,0.54232,0.230737,0.054119,0.15448277
q__bogz1fl383061105q_dom_nonfin_sector_tsy__lag005,0.99373,0.135607,0.019644,0.15427747
m__mvmtd027mnfrbdal_mv_mkt_debt__lag012,1.0,0.095115,0.059159,0.15427317
q__bogz1fl262151003q_row_repo__lag001,1.0,0.116854,0.037277,0.15413038
q__bogz1fa743061103q_usb_tsy_dom_tx__lag008,0.971787,0.090948,0.067516,0.15399363
d__aaa10y_aaa10y__lag037,0.54232,0.223241,0.060403,0.1538256
m__recprousm156n_recprob__lag011,0.727273,0.072828,0.138672,0.15381832
q__bogz1fa633061105q_money_market_funds_ts_tx__lag001,0.99373,0.086607,0.068069,0.15370615
m__ipmine_ipmine__lag010,1.0,0.032339,0.121191,0.15352933
d__aaa10y_aaa10y__lag060,0.54232,0.232821,0.050266,0.15352372
d__dexusuk_dexusuk__lag062,0.69279,0.158254,0.06312,0.15336574
d__aaa10y_aaa10y__lag007,0.54232,0.175157,0.107626,0.15335906
q__bogz1fl503061123q_ccps_ts__lag004,0.996865,0.137487,0.016335,0.15333991
q__bogz1fa543061175q_life_insurance_ts_tx__lag004,0.984326,0.021098,0.134622,0.1532799
q__bogz1fr473061105q_credit_unions_ts_reval__lag006,0.978056,0.091549,0.06515,0.15325986
d__aaa10y_aaa10y__lag061,0.54232,0.237852,0.044637,0.15319981
m__houst_houst__lag002,0.84326,0.178462,0.003191,0.15318089
d__aaa10y_aaa10y__lag056,0.54232,0.231509,0.050931,0.15317296
q__bogz1fl264035005q_row_loans_a__lag007,0.987461,0.132307,0.022791,0.15315309
q__fgla_fgla__lag002,1.0,0.073064,0.080077,0.15314111
q__fgla_fedgov_loans__lag002,1.0,0.073064,0.080077,0.15314111
d__baa10y_baa10y__lag079,0.504702,0.194433,0.108961,0.15312345
q__fgtlasq027s_gov_loan_a__lag002,1.0,0.073108,0.079978,0.15308523
q__bogz1fr713061103q_cb_tsy_reval__lag001,0.99373,0.118573,0.035375,0.15298235
q__bogz1fl704035005q_usb_loan_a__lag008,0.984326,0.148563,0.006851,0.15297755
q__bogz1fa263061145q_row_priv_tsy_tx__lag005,0.981191,0.100267,0.055591,0.15292582
q__bogz1fl264135005q_row_loans_l__lag008,0.984326,0.100512,0.05482,0.15289713
q__bogz1fr573061105q_private_pension_ts_reval__lag001,0.99373,0.119908,0.033882,0.15282548
m__srvprd_srvprd__lag005,1.0,0.081874,0.070818,0.15269141
d__ldgust_tga_fed_alt__lag049,1.0,0.100138,0.052532,0.15267081
m__payems_nonfarm_payrolls__lag008,1.0,0.137688,0.014875,0.15256213
q__bogz1fl593061105q_pension_ts__lag005,0.99373,0.117586,0.035917,0.1525407
d__aaa10y_aaa10y__lag049,0.54232,0.232115,0.049052,0.15248218
d__bamlcc0a1aaatriv_aaa_index__lag015,0.470219,0.269897,0.05406,0.15233071
q__bogz1lm653061105q_mf_tsy_raw__lag002,1.0,0.091035,0.061272,0.15230771
q__bogz1lm653061105q_mutual_funds_ts__lag002,1.0,0.091035,0.061272,0.15230771
q__bogz1fa543061175q_life_insurance_ts_tx__lag007,0.974922,0.124185,0.032015,0.15228345
q__bogz1fr743061103q_usb_tsy_dom_reval__lag006,0.978056,0.116786,0.038841,0.15221174
d__dexcaus_dexcaus__lag069,0.69279,0.095651,0.123985,0.15216196
d__ldgust_tga_fed_alt__lag048,1.0,0.099139,0.052938,0.15207729
d__ldgust_tga_fed_alt__lag046,1.0,0.103377,0.048529,0.15190575
d__aaa10y_aaa10y__lag054,0.54232,0.228584,0.051381,0.15183037
d__bamlcc0a1aaatriv_aaa_index__lag007,0.470219,0.270869,0.051941,0.15179157
m__dspic96_real_dpi__lag003,0.84326,0.17141,0.008435,0.1516565
q__bogz1fa513061113q_pci_bills_tx__lag002,0.990596,0.1426,0.010409,0.15156974
d__aaa10y_aaa10y__lag059,0.54232,0.236051,0.043372,0.15153673
d__bamlcc0a1aaatriv_aaa_index__lag001,0.470219,0.270761,0.051457,0.15151317
q__a464rc1q027sbea_nfcb_pbt__lag007,0.971787,0.131955,0.023829,0.15138818
m__dspic96_real_dpi__lag011,0.833856,0.142891,0.038649,0.15137803
q__rowsllq027s_row_stloan_l__lag007,0.987461,0.11044,0.042761,0.15127951
q__bogz1fl543461113q_li_bills__lag008,0.984326,0.141209,0.012415,0.15121663
d__aaa10y_aaa10y__lag062,0.54232,0.240718,0.038031,0.15117115
q__bogz1fr473061105q_credit_unions_ts_reval__lag001,0.99373,0.110593,0.041479,0.15111866
m__busloans_busloans__lag005,0.990596,0.13193,0.020608,0.15110342
d__bamlcc0a1aaatriv_aaa_index__lag008,0.470219,0.271637,0.049484,0.15099739
q__bogz1fa513061113q_pci_bills_tx__lag003,0.987461,0.014241,0.138582,0.15090659
d__bamlcc0a1aaatriv_aaa_index__lag003,0.470219,0.271695,0.049063,0.15082649
m__mtso133fms_fedgov_out__lag012,0.561129,0.236954,0.031768,0.15078755
d__aaa10y_aaa10y__lag048,0.54232,0.231207,0.046811,0.15077477
d__aaa10y_aaa10y__lag030,0.54232,0.202608,0.075405,0.15077166
q__bogz1fl543461113q_li_bills__lag003,1.0,0.129861,0.020711,0.15057173
d__bamlcc0a1aaatriv_aaa_index__lag006,0.470219,0.27035,0.049718,0.15050238
q__bogz1fa503061123q_ccps_ts_tx__lag005,0.981191,0.11966,0.033725,0.15049984
d__bamlcc0a1aaatriv_aaa_index__lag004,0.470219,0.271565,0.048444,0.15047446
q__bogz1fl264135005q_row_loans_l__lag003,1.0,0.134559,0.015896,0.1504555
q__bogz1fa343061123q_fed_gov_dcg_retirement_ts_tx__lag001,0.99373,0.149413,0.001936,0.15039995
d__aaa10y_aaa10y__lag042,0.54232,0.219648,0.057271,0.15017893
d__bamlcc0a1aaatriv_aaa_index__lag005,0.470219,0.270804,0.048457,0.1501229
d__baa10y_baa10y__lag078,0.504702,0.196041,0.10118,0.15000811
d__aaa10y_aaa10y__lag073,0.54232,0.252623,0.023801,0.14990994
d__aaa10y_aaa10y__lag069,0.54232,0.24643,0.029972,0.14989824
m__iputil_iputil__lag001,1.0,0.113957,0.035917,0.14987324
m__dpsfrim027sbog_row_deposits__lag001,0.667712,0.116648,0.107799,0.14986576
d__vixcls_vixcls__lag078,0.454545,0.208602,0.121084,0.1498572
d__usepuindxd_policy_uncertainty__lag004,0.517241,0.254987,0.034718,0.14984704
m__mtsr133fms_fedgov_rcpt__lag001,0.570533,0.081015,0.18162,0.149842
q__a091rc1q027sbea_gov_interest_payments__lag008,0.968652,0.124364,0.030306,0.14982133
q__a091rc1q027sbea_fedgov_int__lag008,0.968652,0.124364,0.030306,0.14982133
d__bamlcc0a1aaatriv_aaa_index__lag009,0.470219,0.27077,0.04775,0.1497744
d__usepuindxd_policy_uncertainty__lag036,0.517241,0.111878,0.177501,0.14967889
q__impgs_imports__lag008,0.968652,0.131209,0.023149,0.14951934
q__bogz1fa663061165q_brokers_dealers_long_ts_tx__lag005,0.981191,0.103055,0.049292,0.1494818
q__bogz1lm263061110q_row_bills_raw__lag006,0.990596,0.098588,0.052237,0.14940603
q__bogz1lm263061110q_row_bills__lag006,0.990596,0.098588,0.052237,0.14940603
d__ldgust_tga_fed_alt__lag047,1.0,0.09705,0.052284,0.14933357
d__bamlcc0a1aaatriv_aaa_index__lag014,0.470219,0.270218,0.047038,0.14917998
q__bogz1fl383061105q_dom_nonfin_sector_tsy__lag007,0.987461,0.134869,0.016175,0.14914978
m__houst_houst__lag006,0.840125,0.177087,0.000309,0.1490348
d__usepuindxd_policy_uncertainty__lag061,0.517241,0.054167,0.233861,0.14897976
m__neworder_neworder__lag006,0.423197,0.111783,0.240131,0.14892924
m__permit_permit__lag004,0.827586,0.140395,0.03954,0.14891206
q__drtscilm_loan_tight__lag003,0.442006,0.244533,0.092266,0.14886703
q__bogz1fa553061103q_closed_end_funds_ts_tx__lag004,0.984326,0.106298,0.044911,0.14883835
q__bogz1lm223061143q_state_local_db_retirement_ts__lag007,0.987461,0.141862,0.008827,0.1487995
q__bogz1fa313161305q_gov_nonmarketable_ts_tx__lag001,0.99373,0.110334,0.039395,0.14879119
d__bamlcc0a1aaatriv_aaa_index__lag011,0.470219,0.272757,0.043207,0.14857253
d__bamlcc0a1aaatriv_aaa_index__lag013,0.470219,0.271075,0.044337,0.14831284
d__bamlcc0a1aaatriv_aaa_index__lag012,0.470219,0.271059,0.044289,0.14828304
d__dexusuk_dexusuk__lag061,0.69279,0.155045,0.058959,0.14825949
d__aaa10y_aaa10y__lag067,0.54232,0.241407,0.03185,0.14819272
q__bogz1fl264135005a_row_loans_l__lag003,1.0,0.119765,0.028291,0.14805541
m__mtsds133fms_fed_surplus_deficit__lag008,0.564263,0.257609,0.004742,0.14803527
q__bogz1fl264135005q_row_loans_l__lag002,1.0,0.112718,0.035305,0.14802276
q__bogz1fa223061143q_state_local_db_retirement_ts_tx__lag001,0.99373,0.05988,0.088993,0.14793945
m__dspic96_real_dpi__lag010,0.833856,0.134078,0.043201,0.14782559
d__vixcls_vixcls__lag069,0.454545,0.18526,0.139924,0.14781086
q__rowsllq027s_row_stloan_l__lag005,0.99373,0.132713,0.015978,0.14775811
m__baaffm_baaff__lag008,0.893417,0.136223,0.028987,0.14760206
d__ldgust_tga_fed_alt__lag050,1.0,0.098043,0.049383,0.14742623
q__bogz1fl712051000q_fed_rrp__lag001,1.0,0.112825,0.034509,0.14733409
d__aaa10y_aaa10y__lag066,0.54232,0.239876,0.031654,0.14725616
q__bogz1fa633061105q_money_market_funds_ts_tx__lag006,0.978056,0.103445,0.047087,0.14722837
d__aaa10y_aaa10y__lag068,0.54232,0.248001,0.023341,0.1471539
d__dexusuk_dexusuk__lag060,0.69279,0.155142,0.05726,0.1471504
q__ib0000043q086sbea_imp_ind_pi__lag008,0.714734,0.041779,0.163873,0.14698623
q__bogz1fl673061103q_abs_issuers_ts__lag001,1.0,0.058235,0.088701,0.14693587
d__dexcaus_dexcaus__lag068,0.69279,0.095172,0.116791,0.14684571
d__bamlcc0a1aaatriv_aaa_index__lag010,0.470219,0.271406,0.040797,0.14680381
m__ppiaco_ppiaco__lag006,1.0,0.024983,0.12181,0.14679279
d__aaa10y_aaa10y__lag053,0.54232,0.220372,0.050298,0.14678955
q__bogz1fr513061105q_pc_insurance_ts_reval__lag001,0.99373,0.147182,0.000519,0.14677446
d__aaa10y_aaa10y__lag038,0.54232,0.215452,0.05514,0.14674709
d__aaa10y_aaa10y__lag005,0.54232,0.171133,0.099283,0.14665219
d__vixcls_vixcls__lag082,0.454545,0.15706,0.165442,0.14659164
d__aaa10y_aaa10y__lag004,0.54232,0.170544,0.099745,0.14658298
q__rowstaq027s_row_stloan_a__lag008,0.984326,0.097749,0.051156,0.14657169
q__bogz1fa593061105q_pension_ts_tx__lag002,0.990596,0.098059,0.049844,0.14651182
q__bogz1fr153061105q_hhnp_tsy_reval__lag001,0.99373,0.077719,0.069712,0.14650709
m__mtsds133fms_fed_surplus_deficit__lag009,0.564263,0.201707,0.057889,0.14648079
m__dgorder_dgorder__lag006,0.423197,0.145323,0.200333,0.14628089
d__aaa10y_aaa10y__lag041,0.54232,0.214784,0.054819,0.14621091
d__usepuindxd_policy_uncertainty__lag035,0.517241,0.103124,0.179533,0.14620195
d__aaa10y_aaa10y__lag039,0.54232,0.213826,0.055697,0.14616789
m__uspriv_uspriv__lag007,1.0,0.119714,0.026224,0.14593731
d__aaa10y_aaa10y__lag072,0.54232,0.245214,0.023867,0.14592766
m__iputil_iputil__lag004,1.0,0.036949,0.108966,0.14591507
q__bogz1fl713123030q_tga__lag005,0.99373,0.039246,0.107575,0.14590047
q__bogz1fl713123030q_tga_z1__lag005,0.99373,0.039246,0.107575,0.14590047
d__aaa10y_aaa10y__lag040,0.54232,0.219251,0.049681,0.14584726
d__aaa10y_aaa10y__lag001,0.54232,0.165794,0.10306,0.14580474
d__vixcls_vixcls__lag081,0.454545,0.170965,0.149745,0.14577731
q__bogz1fl264135005q_row_loans_l__lag004,0.996865,0.135035,0.01108,0.1456576
q__bogz1fl693061105q_nonmmf_ts__lag001,1.0,0.093617,0.05179,0.14540649
q__bogz1fl693061105q_nonmmmf_ts__lag001,1.0,0.093617,0.05179,0.14540649
d__aaa10y_aaa10y__lag006,0.54232,0.175463,0.092548,0.1453478
d__usepuindxd_policy_uncertainty__lag003,0.517241,0.207549,0.073368,0.14530183
m__currcir_currcir__lag001,1.0,0.104632,0.040639,0.14527099
q__bogz1fl704041005q_usb_stloan_a__lag004,0.996865,0.124852,0.020856,0.14525108
d__usepuindxd_policy_uncertainty__lag006,0.517241,0.213976,0.066815,0.1452366
q__bogz1fl383061105q_dom_nonfin_sector_tsy__lag004,0.996865,0.123412,0.022209,0.14516489
q__bogz1fa503061123q_ccps_ts_tx__lag008,0.971787,0.09728,0.052088,0.14515327
d__aaa10y_aaa10y__lag050,0.54232,0.22934,0.038308,0.14515046
q__ophnfb_nflabor_productivity__lag006,0.974922,0.082253,0.066591,0.14511143
q__bogz1lm343061165q_fed_gov_db_retirement_ts__lag003,1.0,0.095998,0.049039,0.14503748
q__bogz1lm343061165q_fed_ret_tsy_db__lag003,1.0,0.095998,0.049039,0.14503748
m__dspic96_real_dpi__lag001,0.84326,0.171768,0.000125,0.14495015
d__aaa10y_aaa10y__lag047,0.54232,0.225397,0.041802,0.14490737
q__bogz1fl763123005q_tga_usb__lag008,0.984326,0.089588,0.057604,0.14488441
d__baa10y_baa10y__lag077,0.504702,0.192149,0.094878,0.14486359
d__baa10y_baa10y__lag073,0.504702,0.198204,0.088711,0.14480678
q__bogz1fa743061103q_usb_tsy_dom_tx__lag007,0.974922,0.023921,0.124441,0.14464137
d__aaa10y_aaa10y__lag065,0.54232,0.242333,0.024335,0.1446193
d__usepuindxd_policy_uncertainty__lag017,0.517241,0.126476,0.152934,0.14452247
d__aaa10y_aaa10y__lag075,0.54232,0.240672,0.025767,0.14449513
q__bogz1fa633061110q_mmf_bills_tx__lag001,0.99373,0.064529,0.080847,0.1444646
d__aaa10y_aaa10y__lag074,0.54232,0.244314,0.021989,0.144421
m__totresns_res__lag011,0.833856,0.002169,0.170983,0.14438364
d__aaa10y_aaa10y__lag045,0.54232,0.221911,0.044185,0.14430927
m__nonrevsl_nonrevsl__lag001,1.0,0.074891,0.069414,0.14430514
m__srvprd_srvprd__lag004,1.0,0.073538,0.0707,0.14423876
m__ipmine_ipmine__lag011,1.0,0.030181,0.113974,0.14415476
q__bogz1fa503061123q_ccps_ts_tx__lag006,0.978056,0.054459,0.092909,0.14413482
q__mmmffaq027s_mmf_tfa__lag001,1.0,0.110399,0.033674,0.14407292
m__currcir_currcir__lag002,1.0,0.103331,0.040712,0.14404279
q__tfaabshno_hhnp_tfa__lag001,1.0,0.075133,0.068852,0.14398536
d__dexcaus_dexcaus__lag064,0.69279,0.08989,0.117934,0.1439783
d__baa10y_baa10y__lag074,0.504702,0.195108,0.090133,0.14396167
q__cbi_cbi__lag008,0.968652,0.07223,0.07638,0.14395148
m__dspic96_real_dpi__lag005,0.840125,0.137599,0.033715,0.14392543
d__ldgust_tga_fed_alt__lag051,1.0,0.098719,0.045203,0.14392216
q__bogz1lm263061110q_row_bills_raw__lag005,0.99373,0.112315,0.032236,0.1436444
q__bogz1lm263061110q_row_bills__lag005,0.99373,0.112315,0.032236,0.1436444
q__mmmffaq027s_mmf_tfa__lag004,0.996865,0.134436,0.009581,0.14356587
q__bogz1fr733061103q_holding_companies_ts_reval__lag001,0.99373,0.101071,0.04334,0.14350581
q__bogz1fl543461113q_li_bills__lag001,1.0,0.111514,0.031936,0.14344994
d__usepuindxd_policy_uncertainty__lag087,0.517241,0.127371,0.149757,0.14334195
d__vixcls_vixcls__lag067,0.454545,0.210728,0.104609,0.14333476
q__bogz1fl383061105q_dom_nonfin_sector_tsy__lag006,0.990596,0.136834,0.007845,0.14331801
m__mich_mich__lag012,0.595611,0.202508,0.038059,0.14328417
d__aaa10y_aaa10y__lag064,0.54232,0.243635,0.020527,0.14326015
q__rrvrusq156n_rental_vacancy__lag001,0.877743,0.028391,0.134814,0.14325253
q__rowtsaq027s_row_tsy_tx__lag004,0.984326,0.08374,0.061735,0.14319505
d__dexcaus_dexcaus__lag067,0.69279,0.094027,0.112591,0.14314322
d__aaa10y_aaa10y__lag044,0.54232,0.212846,0.051072,0.1431281
d__ldgust_tga_fed_alt__lag089,1.0,0.093142,0.049977,0.14311961
d__aaa10y_aaa10y__lag078,0.54232,0.234435,0.029375,0.14306932
d__aaa10y_aaa10y__lag046,0.54232,0.221009,0.042606,0.14296326
d__usepuindxd_policy_uncertainty__lag021,0.517241,0.134089,0.142289,0.14295405
d__usepuindxd_policy_uncertainty__lag010,0.517241,0.237655,0.038641,0.14291201
d__ldgust_tga_fed_alt__lag088,1.0,0.095429,0.047455,0.1428836
d__aaa10y_aaa10y__lag063,0.54232,0.238699,0.02452,0.14274877
d__aaa10y_aaa10y__lag071,0.54232,0.246468,0.016706,0.14272411
d__aaa10y_aaa10y__lag070,0.54232,0.24638,0.016717,0.14268283
d__aaa10y_aaa10y__lag051,0.54232,0.228495,0.034517,0.14263648
d__baa10y_baa10y__lag075,0.504702,0.194333,0.088254,0.14262231
d__baa10y_baa10y__lag071,0.504702,0.190812,0.091659,0.14256367
q__bogz1fl704035005q_usb_loan_a__lag007,0.987461,0.137999,0.006276,0.14246562
d__baa10y_baa10y__lag072,0.504702,0.19367,0.088237,0.14227913
d__vixcls_vixcls__lag045,0.454545,0.187406,0.125547,0.14225133
q__bogz1fa503061123q_ccps_ts_tx__lag002,0.990596,0.01094,0.132636,0.14222586
q__bogz1fl543461113q_li_bills__lag004,0.996865,0.127186,0.015454,0.14219291
d__dexusuk_dexusuk__lag059,0.69279,0.151282,0.053957,0.14218738
q__bogz1fr383061105q_dom_nonfin_sector_tsy_reval__lag001,0.99373,0.093599,0.049465,0.14216723
q__expgs_exports__lag005,0.978056,0.070762,0.074567,0.1421402
q__bogz1fa553061103q_closed_end_funds_ts_tx__lag008,0.971787,0.134365,0.01187,0.14210882
m__busloans_busloans__lag004,0.990596,0.121549,0.021903,0.14210355
d__aaa10y_aaa10y__lag043,0.54232,0.211446,0.050427,0.14201885
d__dexcaus_dexcaus__lag061,0.69279,0.09665,0.108321,0.14200185
m__baaffm_baaff__lag006,0.896552,0.143709,0.014654,0.14197984
q__impgs_imports__lag002,0.987461,0.060546,0.08304,0.14178581
d__aaa10y_aaa10y__lag076,0.54232,0.236352,0.025055,0.14176598
q__bogz1lm343061113q_fed_gov_dcf_retirement_ts__lag008,0.984326,0.039866,0.104158,0.14176583
q__bogz1lm343061113q_fed_gov_dc_retirement_ts__lag008,0.984326,0.039866,0.104158,0.14176583
q__bogz1lm343061113q_fed_ret_tsy_dc__lag008,0.984326,0.039866,0.104158,0.14176583
d__baa10y_baa10y__lag076,0.504702,0.19288,0.087637,0.14157757
d__ldgust_tga_fed_alt__lag090,1.0,0.093999,0.047433,0.14143284
q__expgs_exports__lag002,0.987461,0.033414,0.109769,0.14138772
d__dexcaus_dexcaus__lag063,0.69279,0.092814,0.111259,0.14137924
q__bogz1fr593061105q_pension_ts_reval__lag001,0.99373,0.109493,0.03276,0.14136056
q__mmmffaq027s_mmf_tfa__lag003,1.0,0.140835,0.000515,0.14134971
m__houst_houst__lag004,0.840125,0.148718,0.01941,0.14124819
d__baa10y_baa10y__lag070,0.504702,0.187603,0.092097,0.14116533
q__bogz1fl704041005q_usb_stloan_a__lag008,0.984326,0.125089,0.018307,0.14114893
q__fgla_fgla__lag003,1.0,0.061973,0.079037,0.14101064
q__fgla_fedgov_loans__lag003,1.0,0.061973,0.079037,0.14101064
q__bogz1fl704041005q_usb_stloan_a__lag003,1.0,0.118639,0.022303,0.14094135
q__fgtlasq027s_gov_loan_a__lag003,1.0,0.061843,0.079092,0.14093471
q__ttaatashcbshnncb_nfcb_hc_assets__lag007,0.987461,0.105474,0.037085,0.14077181
d__dexcaus_dexcaus__lag066,0.69279,0.093576,0.109573,0.14073978
d__dexcaus_dexcaus__lag062,0.69279,0.095145,0.107983,0.14072507
q__ttaatashcbshnncb_nfcb_hc_assets__lag008,0.984326,0.104044,0.038905,0.14070807
d__vixcls_vixcls__lag001,0.454545,0.155914,0.153464,0.14062652
m__currcir_currcir__lag003,1.0,0.098242,0.042335,0.14057734
d__dexcaus_dexcaus__lag059,0.69279,0.101513,0.101341,0.14053541
q__bogz1lm573061133q_private_dc_pension_ts__lag004,0.996865,0.087309,0.053641,0.14050842
d__ldgust_tga_fed_alt__lag058,1.0,0.100336,0.040143,0.14047899
d__usepuindxd_policy_uncertainty__lag002,0.517241,0.111034,0.15994,0.14015894
d__aaa10y_aaa10y__lag003,0.54232,0.16618,0.092237,0.14014479
q__ophnfb_nflabor_productivity__lag007,0.971787,0.073409,0.070732,0.14007398
d__aaa10y_aaa10y__lag077,0.54232,0.237226,0.021014,0.14004875
q__bogz1fl264035005q_row_loans_a__lag005,0.99373,0.110951,0.029876,0.13994437
d__aaa10y_aaa10y__lag002,0.54232,0.167465,0.090069,0.13966602
m__recprousm156n_recprob__lag008,0.730408,0.121643,0.06954,0.13964166
d__aaa10y_aaa10y__lag079,0.54232,0.233449,0.023885,0.13955707
q__bogz1fr343061165q_fed_gov_db_retirement_ts_reval__lag004,0.984326,0.126984,0.014617,0.13938167
m__bogmbase_mb__lag010,0.833856,0.036108,0.130822,0.13919502
m__nonrevsl_nonrevsl__lag002,1.0,0.066535,0.072489,0.13902423
q__bogz1fl704041005q_usb_stloan_a__lag007,0.987461,0.118706,0.022059,0.13899995
d__aaa10y_aaa10y__lag052,0.54232,0.217901,0.037842,0.13869482
q__bogz1lm343061165q_fed_gov_db_retirement_ts__lag006,0.990596,0.065912,0.074002,0.13859785
q__bogz1lm343061165q_fed_ret_tsy_db__lag006,0.990596,0.065912,0.074002,0.13859785
m__m2sl_m2__lag001,0.84326,0.127422,0.036748,0.13843819
q__ttaatashcbshnncb_nfcb_hc_assets__lag006,0.990596,0.103134,0.036587,0.13840726
q__bogz1fa343061165q_fed_gov_db_retirement_ts_tx__lag008,0.971787,0.109022,0.0334,0.13840445
d__dexcaus_dexcaus__lag060,0.69279,0.095406,0.103747,0.13797135
q__bogz1lm153061105q_hhnp_tsy__lag001,1.0,0.074312,0.063448,0.13776034
m__permit_permit__lag005,0.827586,0.163176,0.003116,0.1376207
q__bogz1fl712151003q_fed_repo__lag007,0.987461,0.138474,0.000818,0.13754529
q__bogz1fr713061113q_cb_bills_reval__lag007,0.974922,0.095579,0.045455,0.13749696
q__rowstaq027s_row_stloan_a__lag007,0.987461,0.093367,0.04563,0.13725466
d__ldgust_tga_fed_alt__lag057,1.0,0.102106,0.035038,0.13714415
d__vixcls_vixcls__lag066,0.454545,0.217455,0.084258,0.13714237
d__usepuindxd_policy_uncertainty__lag019,0.517241,0.132351,0.13239,0.13693456
d__ldgust_tga_fed_alt__lag056,1.0,0.107107,0.02979,0.13689652
m__nonrevsl_nonrevsl__lag003,1.0,0.065,0.071846,0.13684587
m__neworder_neworder__lag003,0.426332,0.096247,0.224616,0.13679451
d__baa10y_baa10y__lag069,0.504702,0.188724,0.082282,0.13677712
d__dexusuk_dexusuk__lag058,0.69279,0.14978,0.047605,0.13674624
d__aaa10y_aaa10y__lag080,0.54232,0.235972,0.016131,0.13672069
q__bogz1fl704041005q_usb_stloan_a__lag005,0.99373,0.115651,0.021879,0.13666764
m__amtmno_amtmno__lag006,0.423197,0.105797,0.216846,0.13654181
q__fbtsatq027s_dom_fin_sector_tsy_tx__lag007,0.974922,0.071689,0.068357,0.13653426
q__b639rg3q086sbea_exp_ind_pi__lag003,0.733542,0.115316,0.070802,0.13652584
d__baa10y_baa10y__lag068,0.504702,0.18655,0.083892,0.13649292
q__bogz1fa733061103q_holding_companies_ts_tx__lag004,0.984326,0.115262,0.023342,0.13643161
q__bogz1fl383061105q_dom_nonfin_sector_tsy__lag003,1.0,0.108995,0.027403,0.13639801
q__bogz1lm263061110q_row_bills_raw__lag008,0.984326,0.080016,0.058512,0.13635727
q__bogz1lm263061110q_row_bills__lag008,0.984326,0.080016,0.058512,0.13635727
m__currcir_currcir__lag004,1.0,0.092285,0.04387,0.13615416
q__bogz1fl713061103q_fed_tsy__lag004,0.996865,0.02582,0.110744,0.13613591
q__bogz1fl713061103q_fed_tsy_raw__lag004,0.996865,0.02582,0.110744,0.13613591
q__bogz1fl713061103q_cb_tsy__lag004,0.996865,0.02582,0.110744,0.13613591
q__rowmmfq027s_row_moneymarketfundshares_flow__lag004,0.984326,0.111336,0.026941,0.13611022
d__aaa10y_aaa10y__lag090,0.539185,0.25177,0.000653,0.13610265
q__bogz1fa383061105q_dom_nonfin_sector_tsy_tx__lag005,0.981191,0.064825,0.073877,0.13609329
m__dgorder_dgorder__lag003,0.426332,0.1256,0.193605,0.13608746
q__bogz1fa263061110q_row_bills_tx__lag005,0.981191,0.097859,0.040815,0.13606566
m__payems_nonfarm_payrolls__lag007,1.0,0.117805,0.018259,0.13606396
m__dgorder_dgorder__lag009,0.420063,0.208663,0.115164,0.1360276
d__dexcaus_dexcaus__lag065,0.69279,0.088304,0.107915,0.13593865
d__dexcaus_dexcaus__lag058,0.69279,0.10314,0.092931,0.13583611
d__ldgust_tga_fed_alt__lag067,1.0,0.088907,0.046868,0.13577492
d__ldgust_tga_fed_alt__lag068,1.0,0.090614,0.045119,0.13573318
q__rowcpaq027s_row_commercialpaper_flow__lag001,0.99373,0.082497,0.054008,0.13564828
d__baa10y_baa10y__lag065,0.504702,0.18881,0.079848,0.13559254
m__nonrevsl_nonrevsl__lag004,1.0,0.064475,0.071114,0.13558887
d__baa10y_baa10y__lag064,0.504702,0.18915,0.079476,0.1355762
q__bogz1fa313161110q_totalbills_z1_tx__lag008,0.971787,0.048261,0.091193,0.13551959
q__rowsllq027s_row_stloan_l__lag006,0.990596,0.108688,0.027731,0.13513634
q__ttaatashcbshnncb_nfcb_hc_assets__lag005,0.99373,0.099203,0.03673,0.13508161
m__currcir_currcir__lag005,1.0,0.090089,0.044901,0.13499015
d__dexusuk_dexusuk__lag001,0.69279,0.142504,0.052272,0.13493891
m__ltdacbm027nbog_ltd__lag009,0.661442,0.150317,0.053428,0.1347653
d__vixcls_vixcls__lag068,0.454545,0.191811,0.104568,0.13471794
q__mmmffaq027s_mmf_tfa__lag002,1.0,0.129117,0.005544,0.13466102
q__na000283q_gov_current_exp__lag005,0.978056,0.065564,0.07207,0.13461329
q__bogz1lm653061105q_mf_tsy_raw__lag007,0.987461,0.094026,0.042277,0.13459377
q__bogz1lm653061105q_mutual_funds_ts__lag007,0.987461,0.094026,0.042277,0.13459377
d__vixcls_vixcls__lag011,0.454545,0.198151,0.097868,0.13455421
m__mtso133fms_fedgov_out__lag007,0.564263,0.22261,0.015813,0.13453338
d__usepuindxd_policy_uncertainty__lag044,0.517241,0.072824,0.187131,0.13445956
d__baa10y_baa10y__lag067,0.504702,0.184889,0.080973,0.13418093
d__ldgust_tga_fed_alt__lag052,1.0,0.102951,0.031218,0.13416953
q__bogz1fr743061103q_usb_tsy_dom_reval__lag002,0.990596,0.077143,0.058251,0.13412056
m__permit_permit__lag003,0.830721,0.13317,0.028199,0.13405283
q__rhvrusq156n_owner_vacancy__lag007,0.858934,0.134375,0.021685,0.13404495
q__gce_gce__lag008,0.968652,0.105769,0.032404,0.13384147
q__bogz1fa313161305q_gov_nonmarketable_ts_tx__lag008,0.971787,0.120685,0.01704,0.13383969
d__aaa10y_aaa10y__lag083,0.54232,0.233009,0.013585,0.13373268
d__dexcaus_dexcaus__lag057,0.69279,0.107113,0.085914,0.13372784
q__bogz1fr793061105q_dom_fin_sector_tsy_reval__lag001,0.99373,0.115581,0.018939,0.13367681
q__bogz1fl264035005q_row_loans_a__lag006,0.990596,0.112213,0.022707,0.13365065
d__usepuindxd_policy_uncertainty__lag078,0.517241,0.115611,0.142217,0.13335943
q__b639rg3q086sbea_exp_ind_pi__lag008,0.717868,0.102818,0.082801,0.13324958
m__dgorder_dgorder__lag007,0.423197,0.184425,0.13009,0.13310189
m__permit_permit__lag002,0.830721,0.138027,0.02217,0.13307906
d__vixcls_vixcls__lag057,0.454545,0.21895,0.073796,0.13306628
m__m2sl_m2__lag002,0.84326,0.122271,0.035514,0.13305389
q__bogz1fr263061105q_row_bills_reval__lag002,0.990596,0.115966,0.018349,0.13305243
q__bogz1fr263061105q_row_tsy_reval__lag002,0.990596,0.115966,0.018349,0.13305243
d__aaa10y_aaa10y__lag086,0.54232,0.242259,0.002708,0.13285059
q__fgexpnd_fgexpnd__lag005,0.978056,0.065248,0.070572,0.13283965
q__bogz1fa763061100q_usb_tsy_oth_tx__lag006,0.978056,0.098704,0.037038,0.13276325
d__aaa10y_aaa10y__lag081,0.54232,0.238109,0.006529,0.13267205
q__rrvrusq156n_rental_vacancy__lag002,0.874608,0.044834,0.106712,0.13254344
d__baa10y_baa10y__lag066,0.504702,0.182799,0.07962,0.1324434
d__dexusuk_dexusuk__lag002,0.69279,0.145194,0.045928,0.13240723
d__baa10y_baa10y__lag063,0.504702,0.188399,0.073721,0.13229206
d__aaa10y_aaa10y__lag089,0.539185,0.24465,0.000542,0.13220384
m__mich_mich__lag010,0.595611,0.213181,0.00867,0.13213639
m__srvprd_srvprd__lag009,1.0,0.102019,0.030082,0.13210083
d__aaa10y_aaa10y__lag084,0.54232,0.241134,0.002377,0.13206098
q__bogz1fl704041005q_usb_stloan_a__lag006,0.990596,0.114861,0.01842,0.13202735
q__fgtsl_fgtsl__lag001,1.0,0.096132,0.035885,0.13201758
m__currcir_currcir__lag006,1.0,0.086778,0.045237,0.13201568
d__vixcls_vixcls__lag046,0.454545,0.175642,0.114357,0.13181753
q__rowmfsq027s_row_mutualfundshares_flow__lag001,0.99373,0.076666,0.05575,0.13158566
q__bogz1fr383061105q_dom_nonfin_sector_tsy_reval__lag002,0.990596,0.072433,0.060348,0.1315322
d__ldgust_tga_fed_alt__lag087,1.0,0.098767,0.032709,0.13147655
q__bogz1fr713061113q_cb_bills_reval__lag003,0.987461,0.105031,0.02797,0.1313333
q__bogz1fa543461113q_li_bills_tx__lag002,0.990596,0.012211,0.12036,0.13132514
q__bogz1fl262051003q_row_rrp__lag002,1.0,0.098128,0.033118,0.13124631
q__bogz1fa473061105q_credit_unions_ts_tx__lag007,0.974922,0.122735,0.011801,0.1311626
q__bogz1fa653061105q_mutual_funds_ts_tx__lag006,0.978056,0.087418,0.046664,0.13113918
d__ldgust_tga_fed_alt__lag070,1.0,0.090554,0.040457,0.13101097
q__bogz1fl264135005a_row_loans_l__lag004,1.0,0.096552,0.034439,0.13099081
q__bogz1fa263061130q_row_gov_tsy_tx__lag005,0.981191,0.098838,0.034649,0.13097587
q__bogz1fl313161110q_totalbills_z1__lag004,0.996865,0.121473,0.009913,0.13097381
m__amtmno_amtmno__lag003,0.426332,0.082072,0.224851,0.13085125
q__bogz1fl704035005q_usb_loan_a__lag006,0.990596,0.130708,0.001205,0.13067237
d__ldgust_tga_fed_alt__lag059,1.0,0.090491,0.04014,0.13063103
d__aaa10y_aaa10y__lag085,0.54232,0.237877,0.002818,0.13053385
m__m2sl_m2__lag003,0.84326,0.11607,0.038559,0.13039241
q__bogz1fa693061105q_nonmmf_ts_tx__lag006,0.978056,0.0693,0.063999,0.13037423
q__bogz1fa693061105q_nonmmmf_ts_tx__lag006,0.978056,0.0693,0.063999,0.13037423
d__dexusuk_dexusuk__lag057,0.69279,0.14519,0.042994,0.13037216
d__aaa10y_aaa10y__lag087,0.54232,0.23968,0.0004,0.13020043
m__permit_permit__lag006,0.827586,0.155469,0.001853,0.13019746
q__fgtsl_fgtsl__lag002,1.0,0.0853,0.044853,0.13015336
m__mtsds133fms_fed_surplus_deficit__lag005,0.567398,0.207214,0.02212,0.1301234
q__tgdef_net_gov_sav__lag008,0.968652,0.027894,0.106308,0.1299945
d__dexcaus_dexcaus__lag051,0.69279,0.117336,0.070118,0.12986612
d__vixcls_vixcls__lag003,0.454545,0.161768,0.12385,0.12982624
q__bogz1fa653061113q_mutf_bills_tx__lag002,0.990596,0.003037,0.128,0.1298048
q__bogz1fa213061103q_state_local_gov_ts_tx__lag006,0.978056,0.095958,0.036728,0.12977451
d__ldgust_tga_fed_alt__lag069,1.0,0.088686,0.040952,0.12963776
q__ad02rc1q027sbea_gov_netlending__lag008,0.811912,0.084139,0.075519,0.12962869
q__bogz1fa543461113q_li_bills_tx__lag006,0.978056,0.019243,0.11329,0.12962527
q__ophnfb_nflabor_productivity__lag008,0.968652,0.067827,0.065945,0.12957872
d__ldgust_tga_fed_alt__lag071,1.0,0.098546,0.030727,0.12927241
d__dexcaus_dexcaus__lag046,0.69279,0.104989,0.081454,0.12916574
q__tgdef_net_gov_sav__lag006,0.974922,0.092415,0.040011,0.12910491
q__bogz1lm653061105q_mf_tsy_raw__lag003,1.0,0.082442,0.046616,0.12905843
q__bogz1lm653061105q_mutual_funds_ts__lag003,1.0,0.082442,0.046616,0.12905843
d__dexcaus_dexcaus__lag047,0.69279,0.106363,0.079843,0.1290015
q__psave_psave__lag008,0.968652,0.029027,0.104082,0.12893599
m__busloans_busloans__lag003,0.99373,0.113634,0.016106,0.1289259
d__dexcaus_dexcaus__lag053,0.69279,0.116397,0.069653,0.12889306
d__dexcaus_dexcaus__lag038,0.69279,0.113354,0.072457,0.12872795
d__aaa10y_aaa10y__lag088,0.54232,0.236658,0.000444,0.12858521
m__nonrevsl_nonrevsl__lag005,1.0,0.061545,0.067004,0.12854861
d__ldgust_tga_fed_alt__lag054,1.0,0.097371,0.031113,0.12848394
q__b639rg3q086sbea_exp_ind_pi__lag004,0.730408,0.097728,0.078179,0.12848363
q__bogz1fa543061175q_life_insurance_ts_tx__lag001,0.99373,0.105499,0.023679,0.12836791
q__a091rc1q027sbea_gov_interest_payments__lag007,0.971787,0.093966,0.038058,0.12829866
q__a091rc1q027sbea_fedgov_int__lag007,0.971787,0.093966,0.038058,0.12829866
q__rowmfsq027s_row_mutualfundshares_flow__lag006,0.978056,0.003184,0.127965,0.12827032
d__dexusuk_dexusuk__lag056,0.69279,0.147876,0.037255,0.12825698
d__dexcaus_dexcaus__lag048,0.69279,0.104479,0.080632,0.12824333
d__baa10y_baa10y__lag062,0.504702,0.188722,0.065351,0.12823138
d__dexcaus_dexcaus__lag044,0.69279,0.110768,0.074297,0.12821088
m__bogmbase_mb__lag011,0.833856,0.019072,0.134633,0.12816734
m__amtmno_amtmno__lag004,0.426332,0.100174,0.200125,0.12802716
m__currcir_currcir__lag007,1.0,0.081246,0.046571,0.12781644
d__dexcaus_dexcaus__lag055,0.69279,0.108897,0.075572,0.12779847
q__bogz1fa513061105q_pc_insurance_ts_tx__lag004,0.984326,0.115628,0.014166,0.12775948
d__dexcaus_dexcaus__lag045,0.69279,0.104177,0.080224,0.12775078
q__bogz1fr343061165q_fed_gov_db_retirement_ts_reval__lag001,0.99373,0.038217,0.090297,0.12770881
m__umcsent_umcsent__lag008,0.915361,0.103056,0.036361,0.12761664
m__umcsent_umcsent__lag005,0.918495,0.134117,0.004749,0.12754785
q__mmmffaq027s_mmf_tfa__lag005,0.99373,0.102273,0.026041,0.12750918
d__ldgust_tga_fed_alt__lag055,1.0,0.098141,0.029329,0.1274703
d__dexusuk_dexusuk__lag013,0.69279,0.147067,0.036915,0.12746079
m__neworder_neworder__lag009,0.420063,0.135864,0.16719,0.1273016
d__dexcaus_dexcaus__lag056,0.69279,0.105414,0.078076,0.12711939
q__bogz1fr713061103q_cb_tsy_reval__lag002,0.990596,0.072689,0.055636,0.12711771
d__dexcaus_dexcaus__lag052,0.69279,0.116481,0.066897,0.12704281
q__gce_gce__lag007,0.971787,0.105489,0.025234,0.12703539
d__aaa10y_aaa10y__lag082,0.54232,0.233675,0.000505,0.12700022
d__dexcaus_dexcaus__lag050,0.69279,0.110038,0.073225,0.12696324
d__usepuindxd_policy_uncertainty__lag050,0.517241,0.032068,0.213291,0.12690954
m__mtsr133fms_fedgov_rcpt__lag011,0.561129,0.192892,0.033218,0.12687727
m__wpu0561_ppi_crude__lag011,0.984326,0.069862,0.059005,0.12684671
d__ldgust_tga_fed_alt__lag074,1.0,0.09109,0.035535,0.12662544
d__dexcaus_dexcaus__lag037,0.69279,0.112984,0.069719,0.12657481
q__bogz1lm343061105q_fed_gov_retirement_ts__lag007,0.987461,0.093864,0.034287,0.12654466
q__bogz1lm343061105q_fed_ret_tsy_total__lag007,0.987461,0.093864,0.034287,0.12654466
d__dexcaus_dexcaus__lag049,0.69279,0.107173,0.075408,0.12649016
m__m2sl_m2__lag004,0.840125,0.108677,0.041825,0.12644069
d__dexusuk_dexusuk__lag014,0.69279,0.143867,0.03864,0.12643918
q__bogz1fl704035005q_usb_loan_a__lag004,0.996865,0.124294,0.002484,0.12638102
q__rowstaq027s_row_stloan_a__lag005,0.99373,0.080625,0.046357,0.12618661
q__w006rc1q027sbea_gov_tax_receipts__lag002,0.987461,0.087376,0.040344,0.12611793
q__bogz1fl743061103q_usb_tsy_dom__lag004,0.996865,0.067863,0.058639,0.12610523
m__nonrevsl_nonrevsl__lag006,1.0,0.061538,0.064567,0.12610464
d__ldgust_tga_fed_alt__lag053,1.0,0.103386,0.022703,0.12608812
m__neworder_neworder__lag002,0.429467,0.079485,0.214037,0.12605772
q__bogz1fl704035005q_usb_loan_a__lag005,0.99373,0.125358,0.001454,0.12601617
d__dexusuk_dexusuk__lag011,0.69279,0.15093,0.030703,0.12583377
q__bogz1fa313161105q_tsy_net_tx__lag008,0.971787,0.009808,0.119676,0.12583049
m__ppiaco_ppiaco__lag007,1.0,0.031204,0.094618,0.12582183
q__ttaatashcbshnncb_nfcb_hc_assets__lag004,0.996865,0.090038,0.036138,0.12577988
m__dgorder_dgorder__lag004,0.426332,0.149176,0.145797,0.12575664
d__baa10y_baa10y__lag061,0.504702,0.188275,0.060428,0.1255209
m__mich_mich__lag009,0.598746,0.199599,0.01002,0.12550801
d__dexcaus_dexcaus__lag054,0.69279,0.114725,0.066344,0.12544287
q__gce_gce__lag005,0.978056,0.111831,0.016414,0.12543017
q__bogz1fr383061105q_dom_nonfin_sector_tsy_reval__lag006,0.978056,0.066622,0.061613,0.12542067
d__dexcaus_dexcaus__lag041,0.69279,0.104737,0.07624,0.12537928
q__bogz1fa313161305q_gov_nonmarketable_ts_tx__lag002,0.990596,0.06731,0.059213,0.12533238
d__dexusuk_dexusuk__lag012,0.69279,0.1466,0.034297,0.12532411
d__dexusuk_dexusuk__lag010,0.69279,0.149899,0.030913,0.12526532
m__dspi_dspi__lag004,0.840125,0.114223,0.034871,0.12525764
q__a464rc1q027sbea_nfcb_pbt__lag003,0.984326,0.096623,0.030608,0.12523693
q__bogz1fr223061143q_state_local_db_retirement_ts_reval__lag001,0.99373,0.095006,0.031017,0.12523254
q__bogz1fl503061123q_ccps_ts__lag003,1.0,0.119705,0.005522,0.12522623
q__drtscilm_loan_tight__lag001,0.448276,0.168699,0.110623,0.12521333
m__busloans_busloans__lag001,0.99373,0.091236,0.034766,0.12521269
q__bogz1fa263061130q_row_gov_tsy_tx__lag008,0.971787,0.060976,0.067537,0.12488692
d__dexusuk_dexusuk__lag020,0.69279,0.1418,0.038329,0.1247921
m__mtsr133fms_fedgov_rcpt__lag006,0.567398,0.007417,0.212445,0.12474946
q__bogz1fl383061105q_dom_nonfin_sector_tsy__lag002,1.0,0.088203,0.036461,0.12466354
q__rowtsaq027s_row_tsy_tx__lag003,0.987461,0.074823,0.051409,0.12464879
q__bogz1fa543461113q_li_bills_tx__lag001,0.99373,0.113962,0.011413,0.12458876
q__w006rc1q027sbea_gov_tax_receipts__lag004,0.981191,0.100174,0.026797,0.12458266
d__dexusuk_dexusuk__lag007,0.69279,0.143105,0.036679,0.1245526
d__dexusuk_dexusuk__lag009,0.69279,0.147187,0.032439,0.12444302
m__ipmine_ipmine__lag009,1.0,0.009479,0.114922,0.1244009
d__dexusuk_dexusuk__lag003,0.69279,0.140736,0.03877,0.12435977
d__vixcls_vixcls__lag014,0.454545,0.164537,0.108912,0.12429469
q__bogz1fa503061123q_ccps_ts_tx__lag001,0.99373,0.03784,0.087055,0.12411213
m__currcir_currcir__lag008,1.0,0.078525,0.045525,0.1240501
m__usalolitoaastsam_oecd_leading_indicator_us__lag001,0.893417,0.087077,0.051744,0.12402506
d__stlfsi4_stlfed_fin_stress_idx__lag001,0.407524,0.061548,0.242515,0.12391273
q__bogz1fr553061103q_closed_end_funds_ts_reval__lag001,0.99373,0.053405,0.071221,0.1238446
q__bogz1lm653061105q_mf_tsy_raw__lag008,0.984326,0.084239,0.041507,0.12377467
q__bogz1lm653061105q_mutual_funds_ts__lag008,0.984326,0.084239,0.041507,0.12377467
m__recprousm156n_recprob__lag002,0.736677,0.05115,0.116652,0.12361606
m__nonrevsl_nonrevsl__lag007,1.0,0.061321,0.062272,0.12359306
q__rowsllq027s_row_stloan_l__lag003,1.0,0.122272,0.001196,0.12346716
d__vixcls_vixcls__lag013,0.454545,0.16788,0.103562,0.12338273
q__bogz1fr653061105q_mutual_funds_ts_reval__lag001,0.99373,0.123715,0.000428,0.12336526
m__wtisplc_wtisplc__lag011,0.996865,0.064467,0.059226,0.12330568
d__usepuindxd_policy_uncertainty__lag076,0.517241,0.061004,0.177363,0.12329355
d__dexusuk_dexusuk__lag055,0.69279,0.145054,0.032783,0.12320415
m__amtmno_amtmno__lag007,0.423197,0.131001,0.160103,0.12319427
q__gce_gce__lag006,0.974922,0.108293,0.01791,0.12303818
q__bogz1fl884135005q_dom_loan_l__lag008,0.984326,0.119003,0.005955,0.12299978
q__rowmmfq027s_row_moneymarketfundshares_flow__lag008,0.971787,0.112641,0.013914,0.12298428
d__ldgust_tga_fed_alt__lag086,1.0,0.096855,0.026115,0.12296955
m__wpu0561_ppi_crude__lag010,0.984326,0.060756,0.064059,0.12285908
d__baa10y_baa10y__lag059,0.504702,0.187762,0.055618,0.12283462
q__fgla_fgla__lag004,0.996865,0.046612,0.076606,0.12283199
q__fgla_fedgov_loans__lag004,0.996865,0.046612,0.076606,0.12283199
d__vixcls_vixcls__lag047,0.454545,0.154194,0.115907,0.12277323
q__bogz1fr693061105q_nonmmf_ts_reval__lag001,0.99373,0.106996,0.016509,0.1227302
q__bogz1fr693061105q_nonmmmf_ts_reval__lag001,0.99373,0.106996,0.016509,0.1227302
q__fgtlasq027s_gov_loan_a__lag004,0.996865,0.046408,0.076682,0.12270339
d__dexcaus_dexcaus__lag043,0.69279,0.10648,0.070611,0.12268697
m__neworder_neworder__lag004,0.426332,0.075422,0.212326,0.12267607
d__dexusuk_dexusuk__lag008,0.69279,0.142338,0.034721,0.1226648
d__dpsacbw027sbog_deposits__lag007,0.667712,0.133276,0.050387,0.12263402
m__wtisplc_wtisplc__lag010,0.996865,0.071276,0.051731,0.12262169
d__vixcls_vixcls__lag035,0.454545,0.183892,0.085634,0.12251146
d__dpsacbw027sbog_deposits__lag002,0.667712,0.133258,0.050199,0.12249602
q__bogz1fr763061100q_usb_tsy_oth_reval__lag001,0.99373,0.100733,0.022388,0.12234895
q__bogz1fl704041005q_usb_stloan_a__lag002,1.0,0.107789,0.01452,0.12230831
d__usepuindxd_policy_uncertainty__lag030,0.517241,0.033538,0.202908,0.12229951
q__bogz1fa343061105q_fed_gov_retirement_ts_tx__lag002,0.990596,0.087776,0.035677,0.12229215
d__dpsacbw027sbog_deposits__lag003,0.667712,0.132666,0.050454,0.12227122
q__rowsllq027s_row_stloan_l__lag008,0.984326,0.078882,0.0452,0.12213716
q__w006rc1q027sbea_gov_tax_receipts__lag001,0.990596,0.052864,0.070426,0.12213029
d__dexcaus_dexcaus__lag035,0.69279,0.115834,0.060404,0.12209592
q__bogz1fr263061130q_row_gov_tsy_reval__lag002,0.990596,0.073849,0.049385,0.12207517
d__dpsacbw027sbog_deposits__lag001,0.667712,0.132677,0.050149,0.12207452
d__dexusuk_dexusuk__lag045,0.69279,0.15029,0.025914,0.12207241
d__dexusuk_dexusuk__lag004,0.69279,0.143164,0.033003,0.12204678
q__bogz1lm343061165q_fed_gov_db_retirement_ts__lag008,0.984326,0.001388,0.122578,0.12202305
q__bogz1lm343061165q_fed_ret_tsy_db__lag008,0.984326,0.001388,0.122578,0.12202305
q__bogz1lm653061105q_mf_tsy_raw__lag006,0.990596,0.091691,0.031488,0.12202008
q__bogz1lm653061105q_mutual_funds_ts__lag006,0.990596,0.091691,0.031488,0.12202008
m__busloans_busloans__lag002,0.99373,0.106396,0.016356,0.12198242
d__dpsacbw027sbog_deposits__lag004,0.667712,0.132398,0.050259,0.12196227
d__dpsacbw027sbog_deposits__lag006,0.667712,0.132962,0.049689,0.12195831
m__ppiaco_ppiaco__lag008,1.0,0.040599,0.081314,0.12191384
m__m2sl_m2__lag005,0.840125,0.101102,0.043989,0.12189505
d__dpsacbw027sbog_deposits__lag005,0.667712,0.13259,0.049938,0.121876
d__baa10y_baa10y__lag058,0.504702,0.189017,0.052333,0.12181013
d__vixcls_vixcls__lag056,0.454545,0.18126,0.08672,0.12180876
d__usepuindxd_policy_uncertainty__lag011,0.517241,0.165328,0.070078,0.12176196
d__baa10y_baa10y__lag060,0.504702,0.185263,0.055934,0.121733
q__impgs_imports__lag007,0.971787,0.094093,0.031014,0.12157722
d__usepuindxd_policy_uncertainty__lag009,0.517241,0.086274,0.148661,0.1215182
d__dpsacbw027sbog_deposits__lag013,0.667712,0.133134,0.048797,0.12147771
d__dexusuk_dexusuk__lag006,0.69279,0.143074,0.032209,0.12143447
d__dpsacbw027sbog_deposits__lag008,0.667712,0.132811,0.048986,0.12138809
q__bogz1fa263061130q_row_gov_tsy_tx__lag004,0.984326,0.051743,0.071576,0.1213866
d__dpsacbw027sbog_deposits__lag014,0.667712,0.132818,0.048931,0.12135579
d__dpsacbw027sbog_deposits__lag010,0.667712,0.133055,0.04864,0.12131966
d__dexusuk_dexusuk__lag005,0.69279,0.143856,0.031234,0.12130031
d__dexusuk_dexusuk__lag015,0.69279,0.13635,0.038726,0.12129098
d__ldgust_tga_fed_alt__lag066,1.0,0.085958,0.035316,0.12127374
d__dpsacbw027sbog_deposits__lag009,0.667712,0.132772,0.048827,0.12125597
d__dpsacbw027sbog_deposits__lag012,0.667712,0.132804,0.048758,0.12123092
d__dexcaus_dexcaus__lag040,0.69279,0.105042,0.06993,0.12121915
m__neworder_neworder__lag005,0.426332,0.092291,0.191873,0.12114826
q__bogz1fl693061105q_nonmmf_ts__lag002,1.0,0.081713,0.039411,0.12112377
q__bogz1fl693061105q_nonmmmf_ts__lag002,1.0,0.081713,0.039411,0.12112377
d__dpsacbw027sbog_deposits__lag011,0.667712,0.132649,0.048692,0.12108342
q__rowstaq027s_row_stloan_a__lag006,0.990596,0.078971,0.043133,0.12095549
q__bogz1fr213061103q_state_local_gov_ts_reval__lag001,0.99373,0.103556,0.018067,0.12086036
m__wtisplc_wtisplc__lag012,0.996865,0.07205,0.049155,0.12082489
m__srvprd_srvprd__lag008,1.0,0.088844,0.031913,0.12075681
q__bogz1fl513061115q_pci_bills_raw__lag005,0.99373,0.05922,0.06227,0.12072854
q__bogz1fl513061115q_pci_bills__lag005,0.99373,0.05922,0.06227,0.12072854
q__bogz1fl313024000q_tres_oper_cash__lag007,0.987461,0.051896,0.070309,0.12067277
q__tfaabshno_hhnp_tfa__lag002,1.0,0.058246,0.062409,0.12065478
m__dspic96_real_dpi__lag002,0.84326,0.131558,0.011448,0.12059175
m__umcsent_umcsent__lag002,0.92163,0.072905,0.05794,0.12059067
q__bogz1fa343061165q_fed_gov_db_retirement_ts_tx__lag005,0.981191,0.073466,0.049381,0.12053679
q__bogz1fr733061103q_holding_companies_ts_reval__lag002,0.990596,0.080752,0.040883,0.12049133
q__bogz1fa553061103q_closed_end_funds_ts_tx__lag005,0.981191,0.060143,0.062652,0.12048553
q__bogz1fl262051003q_row_rrp__lag004,0.996865,0.086113,0.03474,0.12047348
d__vixcls_vixcls__lag050,0.454545,0.186119,0.078781,0.12040907
d__dexcaus_dexcaus__lag024,0.69279,0.126547,0.047224,0.12038674
q__gce_gce__lag004,0.981191,0.111671,0.010916,0.1202813
m__rmfsl_mmf__lag012,0.658307,0.089141,0.093309,0.12010795
q__bogz1fa313161105q_tsy_net_tx__lag006,0.978056,0.102343,0.020262,0.11991521
q__a464rc1q027sbea_nfcb_pbt__lag008,0.968652,0.110247,0.013532,0.11989831
q__bogz1fl513061115q_pci_bills_raw__lag004,0.996865,0.068686,0.051524,0.11983266
q__bogz1fl513061115q_pci_bills__lag004,0.996865,0.068686,0.051524,0.11983266
d__dexcaus_dexcaus__lag036,0.69279,0.113869,0.058853,0.11966028
d__dexcaus_dexcaus__lag039,0.69279,0.103138,0.069563,0.11964548
d__dexcaus_dexcaus__lag028,0.69279,0.123566,0.049062,0.11959541
q__bogz1fl503061123q_ccps_ts__lag005,0.99373,0.118338,0.002011,0.11959471
q__bogz1fl264135005a_row_loans_l__lag002,1.0,0.100275,0.01917,0.11944536
d__baa10y_baa10y__lag057,0.504702,0.18706,0.049589,0.11943718
q__rowsllq027s_row_stloan_l__lag004,0.996865,0.117494,0.002311,0.11942925
q__bogz1fa263061145q_row_priv_tsy_tx__lag001,0.99373,0.040916,0.079235,0.11939769
q__w006rc1q027sbea_gov_tax_receipts__lag003,0.984326,0.093765,0.027433,0.11929804
d__ldgust_tga_fed_alt__lag061,1.0,0.080689,0.038596,0.11928517
d__dexusuk_dexusuk__lag053,0.69279,0.144512,0.027551,0.11920318
d__dexusuk_dexusuk__lag019,0.69279,0.140787,0.030989,0.11900454
m__currcir_currcir__lag009,1.0,0.07237,0.046581,0.11895076
m__dgorder_dgorder__lag010,0.420063,0.171474,0.111457,0.11884881
d__dexusuk_dexusuk__lag018,0.69279,0.135893,0.035642,0.11883773
d__dpsacbw027sbog_deposits__lag015,0.667712,0.132456,0.045457,0.11879458
m__amtmno_amtmno__lag005,0.426332,0.09277,0.185652,0.11870043
d__dpsacbw027sbog_deposits__lag016,0.667712,0.131731,0.046003,0.11867501
m__m2sl_m2__lag006,0.840125,0.095488,0.045587,0.11852035
d__dpsacbw027sbog_deposits__lag017,0.667712,0.131262,0.046141,0.11845403
d__usepuindxd_policy_uncertainty__lag005,0.517241,0.146606,0.082369,0.11843516
m__nonrevsl_nonrevsl__lag008,1.0,0.058313,0.060113,0.11842602
d__dpsacbw027sbog_deposits__lag022,0.667712,0.131023,0.046323,0.11841613
d__vixcls_vixcls__lag044,0.454545,0.191344,0.068978,0.11832817
m__amtmno_amtmno__lag009,0.420063,0.146688,0.134974,0.11831572
d__dpsacbw027sbog_deposits__lag021,0.667712,0.131387,0.045732,0.11826471
d__dpsacbw027sbog_deposits__lag018,0.667712,0.131096,0.045945,0.11821238
d__dexusuk_dexusuk__lag021,0.69279,0.137435,0.033121,0.11815925
q__ttaatashcbshnncb_nfcb_hc_assets__lag003,1.0,0.083447,0.034705,0.11815188
d__usepuindxd_policy_uncertainty__lag023,0.517241,0.048717,0.179671,0.11813157
d__ldgust_tga_fed_alt__lag062,1.0,0.079319,0.038735,0.11805373
d__ldgust_tga_fed_alt__lag076,1.0,0.088371,0.029593,0.11796395
m__iputil_iputil__lag003,1.0,0.010753,0.107209,0.11796153
d__dpsacbw027sbog_deposits__lag019,0.667712,0.131005,0.045606,0.11792515
d__dexcaus_dexcaus__lag042,0.69279,0.103578,0.066638,0.1179244
d__dexcaus_dexcaus__lag031,0.69279,0.11674,0.053474,0.11792273
q__bogz1fa343061123q_fed_gov_dcg_retirement_ts_tx__lag002,0.990596,0.059434,0.059575,0.1178894
d__dpsacbw027sbog_deposits__lag020,0.667712,0.131097,0.045408,0.11785479
m__recprousm156n_recprob__lag004,0.736677,0.123347,0.036529,0.11777718
d__dexcaus_dexcaus__lag032,0.69279,0.112503,0.057473,0.11775806
m__nonrevsl_nonrevsl__lag010,1.0,0.060544,0.057192,0.11773681
q__bogz1lm343061105q_fed_gov_retirement_ts__lag006,0.990596,0.044644,0.07421,0.1177363
q__bogz1lm343061105q_fed_ret_tsy_total__lag006,0.990596,0.044644,0.07421,0.1177363
d__dexcaus_dexcaus__lag023,0.69279,0.121219,0.048725,0.11773522
d__dexusuk_dexusuk__lag048,0.69279,0.148621,0.021308,0.11772495
q__pcesv_pcesv__lag008,0.968652,0.108052,0.013469,0.11771084
d__dexusuk_dexusuk__lag050,0.69279,0.146022,0.023728,0.11760093
q__bogz1fa343061123q_fed_gov_dcg_retirement_ts_tx__lag006,0.978056,0.110722,0.009495,0.11757941
d__dexcaus_dexcaus__lag034,0.69279,0.1141,0.055589,0.11755876
m__nonrevsl_nonrevsl__lag009,1.0,0.058718,0.05884,0.11755783
m__nonrevsl_nonrevsl__lag012,1.0,0.063996,0.053544,0.11754004
d__vixcls_vixcls__lag030,0.454545,0.185685,0.072873,0.11752622
d__dpsacbw027sbog_deposits__lag028,0.667712,0.128791,0.047163,0.11748643
d__dexcaus_dexcaus__lag030,0.69279,0.119841,0.049728,0.11747589
q__bogz1fl884035005q_dom_loan_a__lag008,0.984326,0.117089,0.002241,0.11745999
q__bogz1fl264035005q_row_loans_a__lag004,0.996865,0.080743,0.037073,0.11744686
q__b093rc1q027sbea_gov_int_row__lag005,0.978056,0.091637,0.028433,0.11743499
d__dexusuk_dexusuk__lag046,0.69279,0.151609,0.017886,0.11742427
d__dpsacbw027sbog_deposits__lag032,0.667712,0.128553,0.047277,0.11740365
d__dpsacbw027sbog_deposits__lag027,0.667712,0.128724,0.046931,0.11728663
d__dpsacbw027sbog_deposits__lag024,0.667712,0.129287,0.046343,0.11726994
m__nonrevsl_nonrevsl__lag011,1.0,0.062368,0.054866,0.1172338
d__dexusuk_dexusuk__lag054,0.69279,0.144159,0.024936,0.11714722
d__dpsacbw027sbog_deposits__lag029,0.667712,0.128885,0.04646,0.11707976
d__dpsacbw027sbog_deposits__lag023,0.667712,0.129402,0.045942,0.11707954
d__dexusuk_dexusuk__lag026,0.69279,0.136166,0.032829,0.11707808
d__stlfsi4_stlfed_fin_stress_idx__lag004,0.404389,0.05753,0.231942,0.11705895
d__dpsacbw027sbog_deposits__lag031,0.667712,0.128182,0.047127,0.11705572
d__dpsacbw027sbog_deposits__lag033,0.667712,0.128569,0.046725,0.1170456
d__ldgust_tga_fed_alt__lag075,1.0,0.088089,0.028893,0.11698181
m__baaffm_baaff__lag010,0.890282,0.09971,0.031621,0.11692177
q__w006rc1q027sbea_gov_tax_receipts__lag005,0.978056,0.083405,0.036128,0.11690996
d__dpsacbw027sbog_deposits__lag030,0.667712,0.12822,0.046833,0.1168849
q__gdpc1_real_gdp__lag007,0.971787,0.109378,0.010823,0.11681023
d__dpsacbw027sbog_deposits__lag026,0.667712,0.128404,0.046533,0.11680754
q__fgtsl_fgtsl__lag003,1.0,0.066963,0.049839,0.11680167
d__dpsacbw027sbog_deposits__lag034,0.667712,0.128491,0.046376,0.11676113
d__stlfsi4_stlfed_fin_stress_idx__lag003,0.404389,0.057232,0.231205,0.11664068
q__ncbtsaq027s_nfcb_tsy_tx__lag006,0.978056,0.02058,0.098651,0.11661471
q__rowmslq027s_row_muni_flow__lag003,0.987461,0.037294,0.080774,0.11658783
d__vixcls_vixcls__lag028,0.454545,0.196149,0.060336,0.11658408
d__stlfsi4_stlfed_fin_stress_idx__lag002,0.404389,0.051944,0.236289,0.11655802
d__dpsacbw027sbog_deposits__lag025,0.667712,0.128454,0.046051,0.11651896
d__dpsacbw027sbog_deposits__lag035,0.667712,0.12828,0.046206,0.11650629
d__dexusuk_dexusuk__lag022,0.69279,0.137228,0.030842,0.11643762
d__dexusuk_dexusuk__lag047,0.69279,0.151321,0.016529,0.11628452
d__dpsacbw027sbog_deposits__lag049,0.667712,0.127479,0.046424,0.11611727
d__dexusuk_dexusuk__lag049,0.69279,0.14957,0.018025,0.11610781
d__baa10y_baa10y__lag056,0.504702,0.182165,0.047869,0.11609869
d__dpsacbw027sbog_deposits__lag048,0.667712,0.127377,0.046475,0.11608246
d__dpsacbw027sbog_deposits__lag050,0.667712,0.12719,0.046578,0.11602718
d__dpsacbw027sbog_deposits__lag047,0.667712,0.127184,0.046368,0.11588285
d__dpsacbw027sbog_deposits__lag036,0.667712,0.127605,0.045914,0.11586065
d__dpsacbw027sbog_deposits__lag046,0.667712,0.127251,0.046223,0.11583056
d__ldgust_tga_fed_alt__lag072,1.0,0.094548,0.021269,0.11581691
d__ldgust_tga_fed_alt__lag073,1.0,0.093115,0.0227,0.11581572
d__dpsacbw027sbog_deposits__lag075,0.667712,0.123145,0.050305,0.11581464
q__bogz1fr573061133q_private_dc_pension_ts_reval__lag001,0.99373,0.116291,0.000243,0.11580369
d__dpsacbw027sbog_deposits__lag044,0.667712,0.127419,0.045999,0.11579311
d__dexusuk_dexusuk__lag052,0.69279,0.14089,0.026112,0.11569749
d__dexusuk_dexusuk__lag016,0.69279,0.135015,0.031986,0.11569617
d__dexcaus_dexcaus__lag033,0.69279,0.111021,0.055973,0.11569207
d__dpsacbw027sbog_deposits__lag077,0.667712,0.123122,0.05014,0.11568874
q__rowsllq027s_row_stloan_l__lag002,1.0,0.103696,0.011982,0.11567858
m__neworder_neworder__lag007,0.423197,0.103025,0.170317,0.11567773
d__dpsacbw027sbog_deposits__lag045,0.667712,0.127137,0.046103,0.11567423
d__dpsacbw027sbog_deposits__lag074,0.667712,0.122843,0.050352,0.11564473
q__bogz1fa713061113q_cb_bills_tx__lag008,0.971787,0.062732,0.056249,0.11562467
d__dexusuk_dexusuk__lag023,0.69279,0.137377,0.029518,0.11562264
m__dgorder_dgorder__lag012,0.416928,0.172209,0.105101,0.11561823
d__dpsacbw027sbog_deposits__lag037,0.667712,0.127831,0.045175,0.11551806
d__dpsacbw027sbog_deposits__lag042,0.667712,0.127423,0.045583,0.11551785
d__dexusuk_dexusuk__lag043,0.69279,0.14706,0.019671,0.11550941
d__dpsacbw027sbog_deposits__lag043,0.667712,0.127455,0.045525,0.11550107
d__dpsacbw027sbog_deposits__lag078,0.667712,0.121696,0.051261,0.11548548
d__dexusuk_dexusuk__lag025,0.69279,0.134462,0.032186,0.11545237
d__ldgust_tga_fed_alt__lag060,1.0,0.078835,0.036591,0.11542528
d__dpsacbw027sbog_deposits__lag076,0.667712,0.12294,0.049926,0.11542472
q__bogz1fl513061115q_pci_bills_raw__lag006,0.990596,0.064617,0.051899,0.11542039
q__bogz1fl513061115q_pci_bills__lag006,0.990596,0.064617,0.051899,0.11542039
d__dexcaus_dexcaus__lag025,0.69279,0.123486,0.043111,0.11541697
d__dexcaus_dexcaus__lag029,0.69279,0.120501,0.046087,0.11541074
d__dpsacbw027sbog_deposits__lag057,0.667712,0.125158,0.047485,0.11527567
d__dpsacbw027sbog_deposits__lag071,0.667712,0.122167,0.05041,0.11523149
d__dpsacbw027sbog_deposits__lag052,0.667712,0.126288,0.046257,0.11521003
d__dpsacbw027sbog_deposits__lag056,0.667712,0.125839,0.046694,0.11520231
d__dpsacbw027sbog_deposits__lag051,0.667712,0.126386,0.046131,0.11519217
d__dpsacbw027sbog_deposits__lag073,0.667712,0.12245,0.049997,0.11514491
d__dpsacbw027sbog_deposits__lag040,0.667712,0.127348,0.045075,0.11512871
d__dpsacbw027sbog_deposits__lag041,0.667712,0.127178,0.045232,0.11512008
d__dexcaus_dexcaus__lag021,0.69279,0.130101,0.035987,0.11506441
d__dpsacbw027sbog_deposits__lag072,0.667712,0.122397,0.049903,0.11504669
d__dpsacbw027sbog_deposits__lag053,0.667712,0.126003,0.046193,0.11497716
d__dpsacbw027sbog_deposits__lag054,0.667712,0.125846,0.046324,0.11496
q__ttaatashcbshnncb_nfcb_hc_assets__lag002,1.0,0.076036,0.038901,0.11493656
d__dpsacbw027sbog_deposits__lag039,0.667712,0.127095,0.045015,0.11491981
d__dexusuk_dexusuk__lag044,0.69279,0.143962,0.021893,0.11490283
d__dexusuk_dexusuk__lag051,0.69279,0.139687,0.026088,0.11484728
d__dpsacbw027sbog_deposits__lag055,0.667712,0.125687,0.046254,0.11480724
d__dpsacbw027sbog_deposits__lag038,0.667712,0.126925,0.044949,0.11476213
d__dexusuk_dexusuk__lag017,0.69279,0.132474,0.033076,0.11469163
d__dexusuk_dexusuk__lag027,0.69279,0.134039,0.031443,0.11464412
m__dspi_dspi__lag009,0.836991,0.107927,0.029002,0.11460838
d__ldgust_tga_fed_alt__lag085,1.0,0.091681,0.022876,0.11455772
d__dpsacbw027sbog_deposits__lag079,0.667712,0.120422,0.051068,0.11450579
m__m2sl_m2__lag007,0.836991,0.088729,0.048062,0.11449217
q__ttaatashcbshnncb_nfcb_hc_assets__lag001,1.0,0.070791,0.043645,0.11443534
d__dpsacbw027sbog_deposits__lag058,0.667712,0.123994,0.047363,0.11441691
q__bogz1fl503061123q_ccps_ts__lag001,1.0,0.103057,0.0113,0.11435651
d__dpsacbw027sbog_deposits__lag070,0.667712,0.122652,0.048556,0.11431712
q__b456rc1q027sbea_nfcb_cfc__lag008,0.968652,0.093497,0.02451,0.11430806
d__dpsacbw027sbog_deposits__lag064,0.667712,0.123674,0.047465,0.11427155
d__baa10y_baa10y__lag055,0.504702,0.183073,0.043321,0.11426177
d__vixcls_vixcls__lag004,0.454545,0.134507,0.116845,0.11425096
q__bogz1lm573061133q_private_dc_pension_ts__lag005,0.99373,0.062721,0.052189,0.11418877
q__bogz1fl383061105q_dom_nonfin_sector_tsy__lag008,0.984326,0.103437,0.012524,0.11414375
m__mich_mich__lag008,0.598746,0.113872,0.076709,0.11410944
d__dexcaus_dexcaus__lag022,0.69279,0.127203,0.037467,0.11408206
d__dpsacbw027sbog_deposits__lag060,0.667712,0.123599,0.047239,0.11407028
d__dexusuk_dexusuk__lag041,0.69279,0.145595,0.019053,0.11406646
q__bogz1fl663061165q_brokers_dealers_long_ts__lag003,1.0,0.087828,0.026237,0.11406519
d__dpsacbw027sbog_deposits__lag059,0.667712,0.123443,0.047312,0.11401467
m__dgorder_dgorder__lag002,0.429467,0.138555,0.126866,0.11398955
q__rowmslq027s_row_muni_flow__lag002,0.990596,0.108803,0.006263,0.11398462
d__dpsacbw027sbog_deposits__lag062,0.667712,0.123984,0.0467,0.113968
d__dpsacbw027sbog_deposits__lag088,0.667712,0.118337,0.052165,0.11384619
d__dpsacbw027sbog_deposits__lag065,0.667712,0.122635,0.047715,0.1137446
d__dpsacbw027sbog_deposits__lag069,0.667712,0.122427,0.047915,0.11373966
d__ldgust_tga_fed_alt__lag065,1.0,0.08082,0.032919,0.11373891
d__dpsacbw027sbog_deposits__lag061,0.667712,0.1237,0.046635,0.11373513
q__bogz1fl712151003q_fed_repo__lag008,0.984326,0.088798,0.026744,0.11373143
d__vixcls_vixcls__lag012,0.454545,0.165467,0.084579,0.11365717
q__bogz1fl264135005a_row_loans_l__lag008,0.99373,0.089117,0.025239,0.11363852
d__dpsacbw027sbog_deposits__lag080,0.667712,0.119155,0.050995,0.11361099
d__dpsacbw027sbog_deposits__lag066,0.667712,0.122212,0.047878,0.11357124
d__dexusuk_dexusuk__lag024,0.69279,0.133647,0.030264,0.11355556
d__dpsacbw027sbog_deposits__lag084,0.667712,0.118283,0.051694,0.11349517
m__currcir_currcir__lag010,1.0,0.065188,0.048303,0.1134912
d__dpsacbw027sbog_deposits__lag087,0.667712,0.118085,0.051884,0.11349009
d__vixcls_vixcls__lag010,0.454545,0.158713,0.090955,0.1134857
d__dpsacbw027sbog_deposits__lag086,0.667712,0.117874,0.05206,0.11346643
d__dpsacbw027sbog_deposits__lag085,0.667712,0.118494,0.051417,0.1134516
q__gdpc1_real_gdp__lag006,0.974922,0.096334,0.020035,0.11345013
d__dpsacbw027sbog_deposits__lag090,0.664577,0.118757,0.051926,0.11343165
d__ldgust_tga_fed_alt__lag077,1.0,0.087205,0.026224,0.11342925
d__dexusuk_dexusuk__lag028,0.69279,0.133407,0.030273,0.113396
q__bopbca_bopbca__lag008,0.805643,0.022531,0.11821,0.11338703
d__dpsacbw027sbog_deposits__lag063,0.667712,0.12369,0.046035,0.11332704
m__dgorder_dgorder__lag008,0.423197,0.166263,0.101457,0.11329836
d__dpsacbw027sbog_deposits__lag068,0.667712,0.122063,0.047489,0.11321204
d__dpsacbw027sbog_deposits__lag067,0.667712,0.122113,0.047416,0.11319677
d__dpsacbw027sbog_deposits__lag089,0.664577,0.118611,0.051565,0.11309465
q__gdpc1_real_gdp__lag008,0.968652,0.110864,0.005873,0.11307763
m__baaffm_baaff__lag009,0.893417,0.12475,0.001817,0.113077
d__dpsacbw027sbog_deposits__lag081,0.667712,0.118551,0.050786,0.11306865
d__dpsacbw027sbog_deposits__lag082,0.667712,0.118425,0.050759,0.11296578
d__dpsacbw027sbog_deposits__lag083,0.667712,0.1183,0.050869,0.11295656
d__dexcaus_dexcaus__lag027,0.69279,0.122259,0.040766,0.11294148
q__bogz1fl663061165q_brokers_dealers_long_ts__lag002,1.0,0.088295,0.024419,0.11271389
q__bogz1fr663061165q_brokers_dealers_long_ts_reval__lag001,0.99373,0.103587,0.009837,0.11271288
q__bogz1fl713123030q_tga__lag006,0.990596,0.023129,0.090638,0.11269706
q__bogz1fl713123030q_tga_z1__lag006,0.990596,0.023129,0.090638,0.11269706
q__bogz1fr263061130q_row_gov_tsy_reval__lag001,0.99373,0.063009,0.050375,0.11267218
m__bogmbase_mb__lag012,0.833856,0.003756,0.131355,0.11266322
m__amtmno_amtmno__lag002,0.429467,0.085548,0.176757,0.11265105
d__ldgust_tga_fed_alt__lag063,1.0,0.07285,0.039756,0.11260693
d__baa10y_baa10y__lag054,0.504702,0.181684,0.041277,0.11252889
q__fgla_fgla__lag005,0.99373,0.04018,0.073016,0.11248688
q__fgla_fedgov_loans__lag005,0.99373,0.04018,0.073016,0.11248688
q__rowceaq027s_row_corpequities_flow__lag007,0.974922,0.057691,0.057677,0.11247482
d__ldgust_tga_fed_alt__lag084,1.0,0.092411,0.019988,0.11239895
q__b456rc1q027sbea_nfcb_cfc__lag007,0.971787,0.089486,0.026147,0.11237122
q__fgtlasq027s_gov_loan_a__lag005,0.99373,0.040045,0.073032,0.11236857
q__bogz1fa473061105q_credit_unions_ts_tx__lag001,0.99373,0.0626,0.050146,0.11203937
d__tasacbw027sbog_bank_ts_agency__lag001,0.667712,0.130668,0.036925,0.11190337
q__bogz1fl693061105q_nonmmf_ts__lag007,0.987461,0.082229,0.031059,0.11186669
q__bogz1fl693061105q_nonmmmf_ts__lag007,0.987461,0.082229,0.031059,0.11186669
d__dexmxus_dexmxus__lag089,0.404389,0.191029,0.085465,0.11181095
m__iputil_iputil__lag010,1.0,0.05465,0.057151,0.11180165
q__bogz1fl743061103q_usb_tsy_dom__lag005,0.99373,0.063224,0.049224,0.11174312
q__iatashcbsnncb_nfcb_hc_inventories__lag007,0.987461,0.10206,0.010836,0.11148011
d__tasacbw027sbog_bank_ts_agency__lag002,0.667712,0.130352,0.036462,0.11138378
q__hnotsbq027s_hhnp_tsy_tx__lag005,0.981191,0.025938,0.087557,0.11135948
q__bogz1fl702150005q_usb_ffrepo__lag008,0.984326,0.004774,0.108357,0.11135691
d__dexusuk_dexusuk__lag029,0.69279,0.133976,0.026705,0.11131819
q__pnfi_priv_nonres_fi__lag008,0.968652,0.113077,0.001838,0.11131279
d__dexcaus_dexcaus__lag026,0.69279,0.120685,0.039969,0.11129942
q__rowcpaq027s_row_commercialpaper_flow__lag007,0.974922,0.089648,0.024462,0.11124921
m__amtmno_amtmno__lag008,0.423197,0.125946,0.136913,0.11124117
q__bogz1fl704035005q_usb_loan_a__lag003,1.0,0.110585,0.000597,0.11118144
d__vixcls_vixcls__lag005,0.454545,0.114887,0.129672,0.11116307
m__rmfsl_mmf__lag011,0.658307,0.082027,0.086401,0.11087736
d__usepuindxd_policy_uncertainty__lag016,0.517241,0.051356,0.162953,0.11084951
m__dspi_dspi__lag007,0.836991,0.091847,0.040578,0.11083829
d__vixcls_vixcls__lag039,0.454545,0.165531,0.078248,0.11080839
q__bogz1lm653061105q_mf_tsy_raw__lag004,0.996865,0.084169,0.026981,0.11080177
q__bogz1lm653061105q_mutual_funds_ts__lag004,0.996865,0.084169,0.026981,0.11080177
d__dexusuk_dexusuk__lag042,0.69279,0.145392,0.014471,0.11075195
q__gsave_gsave__lag008,0.968652,0.091851,0.022387,0.11065679
d__stlfsi4_stlfed_fin_stress_idx__lag007,0.404389,0.051344,0.222124,0.11058709
d__tasacbw027sbog_bank_ts_agency__lag003,0.667712,0.129206,0.036289,0.1105031
q__bogz1fr563061103q_etfs_ts_reval__lag001,0.99373,0.028186,0.083009,0.11049702
q__pcesv_pcesv__lag007,0.971787,0.10266,0.010967,0.11042138
d__vixcls_vixcls__lag009,0.454545,0.138075,0.104844,0.11041784
q__bogz1fl264135005q_row_loans_l__lag001,1.0,0.076238,0.034155,0.11039299
q__fgla_fgla__lag006,0.990596,0.036842,0.074462,0.11025759
q__fgla_fedgov_loans__lag006,0.990596,0.036842,0.074462,0.11025759
q__fgtlasq027s_gov_loan_a__lag006,0.990596,0.036703,0.07456,0.11021678
d__vixcls_vixcls__lag029,0.454545,0.188906,0.053423,0.11014946
d__dexmxus_dexmxus__lag064,0.404389,0.186235,0.085916,0.11005494
q__bogz1fl503061123q_ccps_ts__lag007,0.987461,0.057447,0.053996,0.11004577
m__mich_mich__lag001,0.605016,0.126021,0.055775,0.10998935
d__ldgust_tga_fed_alt__lag082,1.0,0.089027,0.020808,0.10983535
d__baa10y_baa10y__lag053,0.504702,0.17683,0.04071,0.10979295
q__bogz1lm343061165q_fed_gov_db_retirement_ts__lag004,0.996865,0.095745,0.014381,0.10978001
q__bogz1lm343061165q_fed_ret_tsy_db__lag004,0.996865,0.095745,0.014381,0.10978001
q__gce_gce__lag003,0.984326,0.106729,0.004784,0.10976543
d__dexmxus_dexmxus__lag090,0.404389,0.188656,0.082622,0.10970167
d__ldgust_tga_fed_alt__lag083,1.0,0.088597,0.021081,0.1096779
d__baa10y_baa10y__lag051,0.504702,0.175233,0.042024,0.10965028
q__bogz1lm343061165q_fed_gov_db_retirement_ts__lag007,0.987461,0.00011,0.110844,0.10956248
q__bogz1lm343061165q_fed_ret_tsy_db__lag007,0.987461,0.00011,0.110844,0.10956248
m__dspi_dspi__lag012,0.833856,0.098202,0.033099,0.10948613
d__vixcls_vixcls__lag048,0.454545,0.148657,0.091772,0.10928616
q__bogz1fa563061103q_etfs_ts_tx__lag004,0.984326,0.08562,0.025321,0.10920271
d__vixcls_vixcls__lag049,0.454545,0.155912,0.084254,0.1091663
d__dexmxus_dexmxus__lag079,0.404389,0.180084,0.089698,0.10909672
d__dexmxus_dexmxus__lag088,0.404389,0.181123,0.088533,0.10904574
m__umcsent_umcsent__lag003,0.918495,0.090084,0.028536,0.10895194
q__bogz1fa573061133q_private_dc_pension_ts_tx__lag007,0.974922,0.096602,0.015083,0.10888461
d__dexmxus_dexmxus__lag061,0.404389,0.188264,0.080978,0.1088787
m__currcir_currcir__lag011,1.0,0.060418,0.048455,0.10887308
d__stlfsi4_stlfed_fin_stress_idx__lag008,0.404389,0.050642,0.218565,0.10886446
q__rhvrusq156n_owner_vacancy__lag001,0.877743,0.062759,0.061222,0.10882392
d__dexusuk_dexusuk__lag038,0.69279,0.146168,0.010896,0.108812
d__vixcls_vixcls__lag043,0.454545,0.179606,0.059712,0.10878061
d__baa10y_baa10y__lag052,0.504702,0.171446,0.044029,0.10875047
q__iatashcbsnncb_nfcb_hc_inventories__lag008,0.984326,0.095097,0.015353,0.10871845
d__tasacbw027sbog_bank_ts_agency__lag004,0.667712,0.127252,0.035527,0.1086893
d__tasacbw027sbog_bank_ts_agency__lag006,0.667712,0.127374,0.035386,0.10867634
q__bogz1fa383061105q_dom_nonfin_sector_tsy_tx__lag007,0.974922,0.087174,0.024193,0.10857452
d__tasacbw027sbog_bank_ts_agency__lag007,0.667712,0.127351,0.035255,0.10857405
d__ldgust_tga_fed_alt__lag081,1.0,0.086992,0.02158,0.10857173
q__bogz1fa263061145q_row_priv_tsy_tx__lag003,0.987461,0.093774,0.016176,0.10857162
m__m2sl_m2__lag008,0.836991,0.08055,0.049104,0.1085188
d__tasacbw027sbog_bank_ts_agency__lag005,0.667712,0.127126,0.035331,0.10847442
m__mich_mich__lag002,0.605016,0.109713,0.069565,0.10846615
m__ppiaco_ppiaco__lag009,1.0,0.047236,0.061067,0.10830264
d__tasacbw027sbog_bank_ts_agency__lag008,0.667712,0.127283,0.03478,0.10821119
d__dexmxus_dexmxus__lag087,0.404389,0.179737,0.087715,0.10815458
q__bogz1fl513061115q_pci_bills_raw__lag002,1.0,0.020426,0.087717,0.10814285
q__bogz1fl513061115q_pci_bills__lag002,1.0,0.020426,0.087717,0.10814285
d__vixcls_vixcls__lag034,0.454545,0.177134,0.060692,0.10810283
d__stlfsi4_stlfed_fin_stress_idx__lag005,0.404389,0.050226,0.217058,0.10808649
d__dexmxus_dexmxus__lag086,0.404389,0.181429,0.085769,0.10805173
q__fbtsaaq027s_dom_fin_sector_tsy__lag007,0.987461,0.046959,0.062435,0.10802223
d__usepuindxd_policy_uncertainty__lag077,0.517241,0.15649,0.052328,0.10800931
d__dexusuk_dexusuk__lag040,0.69279,0.147465,0.008406,0.10798594
d__dexmxus_dexmxus__lag075,0.404389,0.177771,0.08923,0.10797214
q__fbtsaaq027s_dom_fin_sector_tsy__lag004,0.996865,0.05048,0.057797,0.10793726
d__dexmxus_dexmxus__lag074,0.404389,0.179379,0.08752,0.10793084
q__bogz1fa713061113q_cb_bills_tx__lag007,0.974922,0.069348,0.041286,0.1078593
d__baa10y_baa10y__lag050,0.504702,0.174624,0.039003,0.10781771
d__dexmxus_dexmxus__lag060,0.404389,0.187781,0.07869,0.10775783
d__dexmxus_dexmxus__lag077,0.404389,0.179638,0.086788,0.10773951
d__dexmxus_dexmxus__lag062,0.404389,0.185498,0.080869,0.10771591
d__vixcls_vixcls__lag008,0.454545,0.127397,0.109481,0.10767179
d__ldgust_tga_fed_alt__lag078,1.0,0.086622,0.021025,0.10764712
d__dexmxus_dexmxus__lag080,0.404389,0.180147,0.086046,0.10764537
d__tasacbw027sbog_bank_ts_agency__lag015,0.667712,0.125304,0.035808,0.10757606
m__w875rx1_real_dpi_xtx__lag002,0.84326,0.068516,0.059021,0.10754699
d__tlaacbw027sbog_bank_ta__lag007,0.667712,0.110114,0.050943,0.10753973
m__dgorder_dgorder__lag005,0.426332,0.124707,0.127424,0.10749132
d__dexmxus_dexmxus__lag078,0.404389,0.182294,0.083472,0.10747271
q__bogz1lm653061105q_mf_tsy_raw__lag005,0.99373,0.08347,0.024625,0.10741733
q__bogz1lm653061105q_mutual_funds_ts__lag005,0.99373,0.08347,0.024625,0.10741733
q__gdpc1_real_gdp__lag001,0.990596,0.040989,0.067445,0.10741456
d__usepuindxd_policy_uncertainty__lag015,0.517241,0.123094,0.084567,0.10741107
q__bogz1fa673061103q_abs_issuers_ts_tx__lag005,0.981191,0.073903,0.035542,0.10738619
q__bogz1fa663061165q_brokers_dealers_long_ts_tx__lag003,0.987461,0.041078,0.067663,0.10737724
d__tasacbw027sbog_bank_ts_agency__lag010,0.667712,0.126233,0.034531,0.10734364
d__dexusuk_dexusuk__lag039,0.69279,0.148276,0.006628,0.10731591
d__tasacbw027sbog_bank_ts_agency__lag021,0.667712,0.125104,0.035531,0.10725783
q__bogz1fa105019005q_nfcb_gfi__lag008,0.971787,0.109567,0.000799,0.10725234
d__tasacbw027sbog_bank_ts_agency__lag009,0.667712,0.12593,0.034684,0.10724389
q__bogz1lm223061143q_state_local_db_retirement_ts__lag005,0.99373,0.094299,0.013612,0.10723468
q__bogz1lm513061105q_pci_tsy_raw__lag003,1.0,0.033291,0.073917,0.10720733
q__bogz1lm513061105q_pc_insurance_ts__lag003,1.0,0.033291,0.073917,0.10720733
q__bogz1lm513061105q_p_c_insurance_ts__lag003,1.0,0.033291,0.073917,0.10720733
d__tasacbw027sbog_bank_ts_agency__lag016,0.667712,0.124488,0.036018,0.10717229
d__dexmxus_dexmxus__lag076,0.404389,0.177474,0.087513,0.10715791
d__dexmxus_dexmxus__lag059,0.404389,0.185823,0.079164,0.10715761
q__a091rc1q027sbea_gov_interest_payments__lag006,0.974922,0.062679,0.047204,0.10712778
q__a091rc1q027sbea_fedgov_int__lag006,0.974922,0.062679,0.047204,0.10712778
d__dexmxus_dexmxus__lag065,0.404389,0.182836,0.082043,0.10711389
d__dexmxus_dexmxus__lag063,0.404389,0.185471,0.079406,0.10711345
d__tasacbw027sbog_bank_ts_agency__lag020,0.667712,0.124936,0.035446,0.10708845
d__tasacbw027sbog_bank_ts_agency__lag028,0.667712,0.125344,0.034927,0.10701471
d__tasacbw027sbog_bank_ts_agency__lag018,0.667712,0.123917,0.036349,0.10701092
d__dexmxus_dexmxus__lag073,0.404389,0.175781,0.088799,0.1069934
d__tasacbw027sbog_bank_ts_agency__lag029,0.667712,0.124837,0.035327,0.10694319
q__bogz1fl884135005q_dom_loan_l__lag007,0.987461,0.104287,0.004012,0.10694128
q__bogz1fa743061103q_usb_tsy_dom_tx__lag004,0.984326,0.04336,0.065274,0.10693165
m__mtsr133fms_fedgov_rcpt__lag009,0.564263,0.180634,0.008823,0.10690373
d__tasacbw027sbog_bank_ts_agency__lag017,0.667712,0.123381,0.036673,0.10687024
d__baa10y_baa10y__lag048,0.504702,0.178194,0.033474,0.10682928
d__tasacbw027sbog_bank_ts_agency__lag027,0.667712,0.125046,0.034866,0.10677542
q__bogz1fl713061113q_cb_bills_raw__lag004,0.996865,0.099521,0.007548,0.10673412
q__bogz1fl713061113q_cb_bills__lag004,0.996865,0.099521,0.007548,0.10673412
d__tasacbw027sbog_bank_ts_agency__lag014,0.667712,0.125475,0.034302,0.106685
d__tasacbw027sbog_bank_ts_agency__lag019,0.667712,0.124029,0.035718,0.10666519
q__pnfi_priv_nonres_fi__lag007,0.971787,0.10552,0.004215,0.1066392
d__tasacbw027sbog_bank_ts_agency__lag022,0.667712,0.124644,0.035,0.10659648
q__bogz1fl743061103q_usb_tsy_dom__lag006,0.990596,0.064801,0.042722,0.10651187
d__tasacbw027sbog_bank_ts_agency__lag023,0.667712,0.124435,0.035004,0.10645935
d__tasacbw027sbog_bank_ts_agency__lag024,0.667712,0.124441,0.034987,0.10645166
m__dspi_dspi__lag006,0.840125,0.10651,0.020137,0.10640014
d__tasacbw027sbog_bank_ts_agency__lag026,0.667712,0.124338,0.034943,0.10635389
d__tasacbw027sbog_bank_ts_agency__lag011,0.667712,0.124987,0.03422,0.10630424
d__tlaacbw027sbog_bank_ta__lag006,0.667712,0.109431,0.049769,0.10629969
q__bogz1fl884035005q_dom_loan_a__lag007,0.987461,0.106903,0.000728,0.1062813
d__tlaacbw027sbog_bank_ta__lag002,0.667712,0.109287,0.049865,0.10626765
d__vixcls_vixcls__lag006,0.454545,0.112663,0.121113,0.10626166
d__baa10y_baa10y__lag047,0.504702,0.173791,0.03674,0.10625551
d__vixcls_vixcls__lag053,0.454545,0.142413,0.091291,0.10622916
q__b456rc1q027sbea_nfcb_cfc__lag006,0.974922,0.082237,0.026679,0.10618389
q__rowmmfq027s_row_moneymarketfundshares_flow__lag007,0.974922,0.091011,0.01788,0.10615967
d__tasacbw027sbog_bank_ts_agency__lag025,0.667712,0.124331,0.034593,0.10611509
d__tasacbw027sbog_bank_ts_agency__lag013,0.667712,0.125419,0.03345,0.10607899
m__permit_permit__lag001,0.830721,0.1244,0.003268,0.10605651
d__vixcls_vixcls__lag033,0.454545,0.169084,0.064128,0.10600548
m__totalsl_totalsl__lag001,1.0,0.045415,0.060587,0.10600158
d__ldgust_tga_fed_alt__lag064,1.0,0.078602,0.027374,0.10597656
d__baa10y_baa10y__lag049,0.504702,0.176899,0.033063,0.10596846
m__mtso133fms_fedgov_out__lag002,0.570533,0.140838,0.044879,0.10595738
d__tasacbw027sbog_bank_ts_agency__lag012,0.667712,0.125098,0.033585,0.10595437
d__tlaacbw027sbog_bank_ta__lag004,0.667712,0.10875,0.049764,0.1058422
d__tlaacbw027sbog_bank_ta__lag003,0.667712,0.108486,0.050018,0.10583542
d__tlaacbw027sbog_bank_ta__lag005,0.667712,0.108953,0.049528,0.10581944
d__dexmxus_dexmxus__lag081,0.404389,0.176939,0.084384,0.10567598
d__tasacbw027sbog_bank_ts_agency__lag035,0.667712,0.121314,0.036942,0.10566905
d__tasacbw027sbog_bank_ts_agency__lag030,0.667712,0.122552,0.035656,0.1056369
d__tlaacbw027sbog_bank_ta__lag008,0.667712,0.109891,0.048152,0.1055269
q__bogz1fl693061105q_nonmmf_ts__lag003,1.0,0.076083,0.029398,0.10548136
q__bogz1fl693061105q_nonmmmf_ts__lag003,1.0,0.076083,0.029398,0.10548136
d__dexusuk_dexusuk__lag030,0.69279,0.134931,0.017291,0.10545808
d__tlaacbw027sbog_bank_ta__lag009,0.667712,0.10933,0.048535,0.10540828
d__dexcaus_dexcaus__lag020,0.69279,0.123973,0.028117,0.10536632
m__srvprd_srvprd__lag007,1.0,0.071026,0.03427,0.10529606
m__mtso133fms_fedgov_out__lag005,0.567398,0.161728,0.023808,0.10527297
d__tlaacbw027sbog_bank_ta__lag014,0.667712,0.10839,0.049193,0.10521971
q__bogz1fa753061103q_usb_tsy_for_tx__lag003,0.987461,0.076197,0.030314,0.10517542
d__tasacbw027sbog_bank_ts_agency__lag034,0.667712,0.121084,0.036416,0.10516493
d__vixcls_vixcls__lag041,0.454545,0.173328,0.057724,0.10502406
d__dexcaus_dexcaus__lag019,0.69279,0.122625,0.028961,0.10501779
d__dexmxus_dexmxus__lag072,0.404389,0.173131,0.086527,0.10500298
d__tasacbw027sbog_bank_ts_agency__lag031,0.667712,0.121088,0.036145,0.10498639
d__tlaacbw027sbog_bank_ta__lag010,0.667712,0.108764,0.048443,0.10496849
d__tlaacbw027sbog_bank_ta__lag013,0.667712,0.1083,0.048883,0.10495313
d__tlaacbw027sbog_bank_ta__lag012,0.667712,0.108223,0.048942,0.10494092
d__tasacbw027sbog_bank_ts_agency__lag036,0.667712,0.12098,0.036149,0.10491703
d__dexmxus_dexmxus__lag058,0.404389,0.182778,0.076317,0.10477515
d__dexusuk_dexusuk__lag037,0.69279,0.143251,0.007931,0.10473721
d__tlaacbw027sbog_bank_ta__lag011,0.667712,0.108013,0.048834,0.10472812
d__tasacbw027sbog_bank_ts_agency__lag033,0.667712,0.120708,0.03607,0.10468269
d__stlfsi4_stlfed_fin_stress_idx__lag009,0.404389,0.044597,0.214259,0.1046787
d__baa10y_baa10y__lag045,0.504702,0.170758,0.036465,0.10458568
d__dexmxus_dexmxus__lag071,0.404389,0.173442,0.085158,0.10457479
d__vixcls_vixcls__lag042,0.454545,0.184668,0.045285,0.10452406
d__dexmxus_dexmxus__lag069,0.404389,0.173296,0.08517,0.10452068
d__tasacbw027sbog_bank_ts_agency__lag032,0.667712,0.12048,0.036006,0.10448792
d__dexmxus_dexmxus__lag084,0.404389,0.176417,0.081752,0.10440055
q__bogz1fl743061103q_usb_tsy_dom__lag002,1.0,0.051945,0.052433,0.10437744
q__gce_gce__lag002,0.987461,0.103717,0.001963,0.10435518
d__tlaacbw027sbog_bank_ta__lag001,0.667712,0.106811,0.04947,0.10435009
m__rmfsl_mmf__lag010,0.658307,0.074747,0.083749,0.10433886
d__vixcls_vixcls__lag007,0.454545,0.119022,0.110493,0.10432503
d__tasacbw027sbog_bank_ts_agency__lag037,0.667712,0.12,0.036197,0.10429481
d__dexmxus_dexmxus__lag070,0.404389,0.173329,0.084435,0.10423664
d__dexusuk_dexusuk__lag031,0.69279,0.137505,0.012898,0.10419739
q__gce_gce__lag001,0.990596,0.099527,0.005654,0.10419231
q__bogz1fl663061165q_brokers_dealers_long_ts__lag007,0.987461,0.044208,0.061187,0.10407283
d__dexmxus_dexmxus__lag066,0.404389,0.176261,0.081065,0.10405944
d__tasacbw027sbog_bank_ts_agency__lag042,0.667712,0.119415,0.036427,0.10405757
d__tasacbw027sbog_bank_ts_agency__lag038,0.667712,0.119689,0.036095,0.1040191
d__dexmxus_dexmxus__lag085,0.404389,0.180924,0.076168,0.10396511
d__tasacbw027sbog_bank_ts_agency__lag043,0.667712,0.119125,0.036573,0.10396166
d__dexmxus_dexmxus__lag067,0.404389,0.175907,0.081171,0.10395947
d__baa10y_baa10y__lag046,0.504702,0.170397,0.035557,0.1039452
d__dexmxus_dexmxus__lag068,0.404389,0.174891,0.082062,0.10390883
d__tasacbw027sbog_bank_ts_agency__lag039,0.667712,0.119499,0.036071,0.1038762
d__ldgust_tga_fed_alt__lag079,1.0,0.083937,0.019939,0.10387555
d__tasacbw027sbog_bank_ts_agency__lag040,0.667712,0.119664,0.035839,0.10383096
d__vixcls_vixcls__lag038,0.454545,0.142884,0.085482,0.10380246
q__bogz1fl264035005q_row_loans_a__lag003,1.0,0.07748,0.026296,0.10377641
d__tasacbw027sbog_bank_ts_agency__lag041,0.667712,0.119465,0.035927,0.1037572
q__pnfi_priv_nonres_fi__lag006,0.974922,0.090119,0.016265,0.10371655
m__w875rx1_real_dpi_xtx__lag003,0.84326,0.064055,0.058863,0.10365162
d__tasacbw027sbog_bank_ts_agency__lag044,0.667712,0.117991,0.037237,0.103648
m__currcir_currcir__lag012,1.0,0.057107,0.046523,0.1036299
d__stlfsi4_stlfed_fin_stress_idx__lag010,0.404389,0.047726,0.208473,0.10360398
m__totalsl_totalsl__lag004,1.0,0.043517,0.059789,0.10330663
d__dexmxus_dexmxus__lag083,0.404389,0.176422,0.078649,0.10314773
m__mtsr133fms_fedgov_rcpt__lag003,0.570533,0.1728,0.007952,0.1031249
q__bogz1fa633061110q_mmf_bills_tx__lag006,0.978056,0.072162,0.033261,0.10310923
d__nasdaqcom_nasdaqcom__lag084,0.689655,0.11404,0.035219,0.1029376
d__vixcls_vixcls__lag032,0.454545,0.168245,0.058198,0.10292838
d__baa10y_baa10y__lag009,0.504702,0.119964,0.083943,0.10291228
q__bogz1fr343061165q_fed_gov_db_retirement_ts_reval__lag002,0.990596,0.078579,0.025303,0.1029045
m__mich_mich__lag011,0.595611,0.165588,0.007145,0.102882
d__baa10y_baa10y__lag011,0.504702,0.120801,0.083009,0.10286343
d__baa10y_baa10y__lag001,0.504702,0.114628,0.089163,0.10285359
q__bogz1fl892050005q_all_ffrepo__lag005,0.99373,0.05812,0.045279,0.10275054
d__vixcls_vixcls__lag016,0.454545,0.130885,0.095124,0.10273161
d__vixcls_vixcls__lag036,0.454545,0.158216,0.067755,0.1027141
q__bogz1fa743061103q_usb_tsy_dom_tx__lag006,0.978056,0.084663,0.020352,0.1027113
q__b092rc1q027sbea_gov_int_priv__lag008,0.805643,0.093335,0.034099,0.10266617
d__tasacbw027sbog_bank_ts_agency__lag045,0.667712,0.116473,0.037171,0.10258959
m__w875rx1_real_dpi_xtx__lag001,0.84326,0.073414,0.048182,0.10253656
m__ces2000000008_wage_const__lag012,0.984326,0.079249,0.024912,0.10252839
d__tasacbw027sbog_bank_ts_agency__lag046,0.667712,0.115973,0.03757,0.10252249
d__dexmxus_dexmxus__lag082,0.404389,0.175258,0.078244,0.10251338
m__totalsl_totalsl__lag003,1.0,0.040929,0.061582,0.10251195
d__tasacbw027sbog_bank_ts_agency__lag048,0.667712,0.116456,0.037054,0.10250048
d__baa10y_baa10y__lag008,0.504702,0.12007,0.083008,0.10249401
m__rmfsl_mmf__lag009,0.661442,0.073606,0.081341,0.10248837
q__w326rc1q027sbea_net_op_surplus__lag004,0.981191,0.056503,0.047872,0.1024121
d__dexusuk_dexusuk__lag032,0.69279,0.140583,0.007199,0.10238212
d__tasacbw027sbog_bank_ts_agency__lag047,0.667712,0.116001,0.037296,0.1023578
d__tlaacbw027sbog_bank_ta__lag021,0.667712,0.108773,0.044522,0.10235649
d__baa10y_baa10y__lag006,0.504702,0.121363,0.081426,0.1023482
q__bogz1lm223061143q_state_local_db_retirement_ts__lag001,1.0,0.081549,0.020734,0.10228358
m__totalsl_totalsl__lag002,1.0,0.039446,0.062807,0.10225287
d__tasacbw027sbog_bank_ts_agency__lag049,0.667712,0.116284,0.036752,0.10218418
d__tlaacbw027sbog_bank_ta__lag018,0.667712,0.108669,0.044352,0.10217446
d__baa10y_baa10y__lag005,0.504702,0.119382,0.083038,0.10216182
q__bogz1fl704035005q_usb_loan_a__lag002,1.0,0.095511,0.006596,0.10210641
d__tlaacbw027sbog_bank_ta__lag020,0.667712,0.10843,0.044486,0.1021041
q__bogz1lm105020015q_nfcb_inventories__lag008,0.984326,0.079886,0.023733,0.10199462
d__tlaacbw027sbog_bank_ta__lag019,0.667712,0.108467,0.044272,0.10198567
d__dexmxus_dexmxus__lag048,0.407524,0.182127,0.067913,0.10189739
d__tlaacbw027sbog_bank_ta__lag022,0.667712,0.108107,0.0444,0.10183051
d__baa10y_baa10y__lag010,0.504702,0.121669,0.079968,0.10176649
d__baa10y_baa10y__lag002,0.504702,0.116557,0.085076,0.1017646
d__dexusuk_dexusuk__lag036,0.69279,0.142421,0.004434,0.10173925
d__tlaacbw027sbog_bank_ta__lag015,0.667712,0.108128,0.044235,0.10173467
m__iputil_iputil__lag009,1.0,0.005316,0.096349,0.10166484
d__dexmxus_dexmxus__lag057,0.404389,0.184114,0.067288,0.10166403
q__rowstaq027s_row_stloan_a__lag004,0.996865,0.053743,0.048223,0.10164728
q__bogz1fl693061105q_nonmmf_ts__lag006,0.990596,0.081541,0.021071,0.10164702
q__bogz1fl693061105q_nonmmmf_ts__lag006,0.990596,0.081541,0.021071,0.10164702
q__bogz1fl884035005q_dom_loan_a__lag006,0.990596,0.097539,0.005019,0.10159348
d__nasdaqcom_nasdaqcom__lag071,0.689655,0.114479,0.032782,0.10155937
q__bogz1fa503061123q_ccps_ts_tx__lag004,0.984326,0.064236,0.03893,0.1015494
d__dexmxus_dexmxus__lag056,0.404389,0.183579,0.067494,0.10153112
q__bogz1fa313161305q_gov_nonmarketable_ts_tx__lag005,0.981191,0.075771,0.027685,0.10151013
d__tlaacbw027sbog_bank_ta__lag028,0.667712,0.105648,0.04635,0.10149133
d__tlaacbw027sbog_bank_ta__lag016,0.667712,0.107348,0.044543,0.10141937
d__tasacbw027sbog_bank_ts_agency__lag057,0.667712,0.116556,0.035308,0.10140116
d__tasacbw027sbog_bank_ts_agency__lag050,0.667712,0.115985,0.035794,0.10134445
d__tasacbw027sbog_bank_ts_agency__lag056,0.667712,0.116282,0.035438,0.10130516
d__dexcaus_dexcaus__lag017,0.69279,0.127972,0.018245,0.10129825
q__bogz1fl663061165q_brokers_dealers_long_ts__lag004,0.996865,0.058976,0.04259,0.10124801
d__baa10y_baa10y__lag004,0.504702,0.118151,0.082401,0.10121913
q__fgla_fgla__lag007,0.987461,0.040786,0.06162,0.10112203
q__fgla_fedgov_loans__lag007,0.987461,0.040786,0.06162,0.10112203
d__tasacbw027sbog_bank_ts_agency__lag052,0.667712,0.115792,0.03562,0.10109964
d__tasacbw027sbog_bank_ts_agency__lag053,0.667712,0.11586,0.035484,0.10105424
d__tasacbw027sbog_bank_ts_agency__lag051,0.667712,0.115658,0.03568,0.10104996
d__dexmxus_dexmxus__lag050,0.407524,0.182859,0.064949,0.10098767
d__baa10y_baa10y__lag012,0.504702,0.119125,0.080947,0.10097668
d__tasacbw027sbog_bank_ts_agency__lag055,0.667712,0.115999,0.035222,0.10097151
d__stlfsi4_stlfed_fin_stress_idx__lag006,0.404389,0.047221,0.202424,0.10095383
q__fgtlasq027s_gov_loan_a__lag007,0.987461,0.040573,0.061662,0.10095263
d__dexmxus_dexmxus__lag049,0.407524,0.182661,0.06506,0.10095208
d__tlaacbw027sbog_bank_ta__lag024,0.667712,0.10627,0.044906,0.10094217
d__baa10y_baa10y__lag007,0.504702,0.118685,0.081316,0.100941
d__tasacbw027sbog_bank_ts_agency__lag054,0.667712,0.115883,0.035268,0.10092462
d__tlaacbw027sbog_bank_ta__lag049,0.667712,0.106307,0.044835,0.10091926
d__dexcaus_dexcaus__lag018,0.69279,0.123254,0.022382,0.10089464
q__dividend_dividend__lag002,0.987461,0.024853,0.077318,0.10088995
q__bogz1fl263061145q_row_priv_tsy__lag001,1.0,0.065371,0.035518,0.10088908
d__tlaacbw027sbog_bank_ta__lag017,0.667712,0.106605,0.044478,0.1008797
d__dexmxus_dexmxus__lag047,0.407524,0.178517,0.068907,0.10083105
d__tlaacbw027sbog_bank_ta__lag048,0.667712,0.106204,0.044758,0.10079909
d__dexmxus_dexmxus__lag046,0.407524,0.179843,0.067471,0.10078634
d__tlaacbw027sbog_bank_ta__lag060,0.667712,0.105698,0.045242,0.10078436
q__fbtsaaq027s_dom_fin_sector_tsy__lag008,0.984326,0.051655,0.050732,0.10078201
d__tlaacbw027sbog_bank_ta__lag027,0.667712,0.105288,0.045632,0.10077063
d__nasdaqcom_nasdaqcom__lag079,0.689655,0.109604,0.036474,0.10074309
d__tlaacbw027sbog_bank_ta__lag085,0.667712,0.102252,0.048599,0.10072453
d__tlaacbw027sbog_bank_ta__lag050,0.667712,0.106281,0.044566,0.10072248
q__bogz1lm102010005q_nfcb_nfassets__lag008,0.984326,0.09813,0.004194,0.10072012
d__tlaacbw027sbog_bank_ta__lag023,0.667712,0.106557,0.044269,0.10070837
q__fgtsl_fgtsl__lag004,0.996865,0.04926,0.05176,0.10070325
q__bogz1fl693061105q_nonmmf_ts__lag008,0.984326,0.071456,0.030834,0.10068706
q__bogz1fl693061105q_nonmmmf_ts__lag008,0.984326,0.071456,0.030834,0.10068706
q__drtscilm_loan_tight__lag004,0.438871,0.191092,0.038305,0.10067575
d__usepuindxd_policy_uncertainty__lag001,0.517241,0.159821,0.034697,0.10061282
m__ces2000000008_wage_const__lag011,0.984326,0.077878,0.024327,0.10060332
d__tlaacbw027sbog_bank_ta__lag078,0.667712,0.103328,0.047306,0.10058015
m__amtmno_amtmno__lag010,0.420063,0.120732,0.118707,0.10057942
d__tlaacbw027sbog_bank_ta__lag076,0.667712,0.104671,0.045952,0.10057282
q__bogz1fl313161305q_gov_nonmarketable_ts__lag001,1.0,0.089565,0.010993,0.10055815
d__tlaacbw027sbog_bank_ta__lag084,0.667712,0.101357,0.049238,0.10055407
d__tlaacbw027sbog_bank_ta__lag077,0.667712,0.104617,0.045968,0.10054704
d__dexmxus_dexmxus__lag035,0.407524,0.198762,0.04794,0.10053668
d__tlaacbw027sbog_bank_ta__lag061,0.667712,0.105815,0.044612,0.10044174
d__tlaacbw027sbog_bank_ta__lag062,0.667712,0.105743,0.044679,0.10043868
d__tlaacbw027sbog_bank_ta__lag057,0.667712,0.105591,0.044801,0.10041891
d__tlaacbw027sbog_bank_ta__lag075,0.667712,0.104509,0.045863,0.10040479
d__tlaacbw027sbog_bank_ta__lag058,0.667712,0.105188,0.045183,0.10040436
d__tlaacbw027sbog_bank_ta__lag047,0.667712,0.105913,0.044458,0.10040429
d__tlaacbw027sbog_bank_ta__lag026,0.667712,0.105054,0.045315,0.10040302
d__tlaacbw027sbog_bank_ta__lag052,0.667712,0.105533,0.044827,0.10039648
d__nasdaqcom_nasdaqcom__lag081,0.689655,0.112514,0.033009,0.10036055
d__tlaacbw027sbog_bank_ta__lag029,0.667712,0.105678,0.044625,0.10035933
d__dexusuk_dexusuk__lag033,0.69279,0.1396,0.005252,0.10035195
d__tlaacbw027sbog_bank_ta__lag059,0.667712,0.104984,0.045304,0.10034866
d__tlaacbw027sbog_bank_ta__lag025,0.667712,0.10542,0.044815,0.10031384
q__gpdi_gpdi__lag001,0.990596,0.044032,0.057198,0.10027801
d__tlaacbw027sbog_bank_ta__lag056,0.667712,0.105617,0.044564,0.1002774
d__tlaacbw027sbog_bank_ta__lag055,0.667712,0.105581,0.044439,0.10017025
d__tlaacbw027sbog_bank_ta__lag053,0.667712,0.105625,0.044362,0.10014831
d__tlaacbw027sbog_bank_ta__lag051,0.667712,0.1055,0.044452,0.10012506
d__tasacbw027sbog_bank_ts_agency__lag058,0.667712,0.114476,0.035467,0.10011824
d__tlaacbw027sbog_bank_ta__lag074,0.667712,0.104015,0.045902,0.10010174
d__tlaacbw027sbog_bank_ta__lag054,0.667712,0.105449,0.044461,0.10009693
d__baa10y_baa10y__lag014,0.504702,0.123143,0.075048,0.10002786
d__nasdaqcom_nasdaqcom__lag082,0.689655,0.111333,0.033666,0.09999959
d__dexcaus_dexcaus__lag016,0.69279,0.122968,0.021365,0.09999287
d__tlaacbw027sbog_bank_ta__lag046,0.667712,0.105501,0.044184,0.09994699
d__nasdaqcom_nasdaqcom__lag088,0.689655,0.104096,0.040805,0.09993105
d__tlaacbw027sbog_bank_ta__lag044,0.667712,0.105615,0.044014,0.09990904
d__nasdaqcom_nasdaqcom__lag077,0.689655,0.109675,0.035044,0.09980653
d__vixcls_vixcls__lag040,0.454545,0.165999,0.053566,0.09980231
d__tlaacbw027sbog_bank_ta__lag035,0.667712,0.105896,0.043557,0.09979178
d__tlaacbw027sbog_bank_ta__lag030,0.667712,0.105146,0.044266,0.0997644
d__vixcls_vixcls__lag051,0.454545,0.137629,0.081787,0.09973458
d__tlaacbw027sbog_bank_ta__lag031,0.667712,0.105939,0.04329,0.09964219
m__m2sl_m2__lag009,0.836991,0.070659,0.048361,0.09961835
q__impgs_imports__lag006,0.974922,0.052055,0.050121,0.09961276
q__pcesv_pcesv__lag006,0.974922,0.089572,0.012603,0.09961266
d__dexmxus_dexmxus__lag045,0.407524,0.179285,0.065147,0.09961157
d__baa10y_baa10y__lag003,0.504702,0.116957,0.080333,0.09957313
q__bogz1fa313161110q_totalbills_z1_tx__lag006,0.978056,0.070661,0.031142,0.09956866
d__tlaacbw027sbog_bank_ta__lag086,0.667712,0.100612,0.048501,0.0995645
d__tlaacbw027sbog_bank_ta__lag071,0.667712,0.103972,0.04511,0.09954429
q__bogz1fa223061143q_state_local_db_retirement_ts_tx__lag006,0.978056,0.052184,0.049591,0.09954126
d__tlaacbw027sbog_bank_ta__lag043,0.667712,0.105457,0.043613,0.09953563
d__tlaacbw027sbog_bank_ta__lag032,0.667712,0.105762,0.043274,0.09951261
d__tlaacbw027sbog_bank_ta__lag045,0.667712,0.105175,0.043833,0.09949402
d__tlaacbw027sbog_bank_ta__lag042,0.667712,0.105187,0.043801,0.09948122
d__tlaacbw027sbog_bank_ta__lag034,0.667712,0.106126,0.042854,0.09947566
q__iatashcbsnncb_nfcb_hc_inventories__lag006,0.990596,0.08374,0.016666,0.09946084
d__dexmxus_dexmxus__lag044,0.407524,0.180393,0.063444,0.09936958
d__tasacbw027sbog_bank_ts_agency__lag059,0.667712,0.113279,0.035533,0.09936342
d__tlaacbw027sbog_bank_ta__lag033,0.667712,0.106067,0.0427,0.09933358
q__a024rc1q027sbea_cfc__lag008,0.968652,0.087551,0.014992,0.09932885
d__tasacbw027sbog_bank_ts_agency__lag060,0.667712,0.112924,0.035792,0.09929933
d__tlaacbw027sbog_bank_ta__lag079,0.667712,0.102864,0.045811,0.09927218
d__tlaacbw027sbog_bank_ta__lag063,0.667712,0.104866,0.043764,0.0992417
d__baa10y_baa10y__lag016,0.504702,0.135386,0.061235,0.09923543
q__bogz1lm573061133q_private_dc_pension_ts__lag006,0.990596,0.035392,0.064767,0.09921735
q__bogz1fr223061143q_state_local_db_retirement_ts_reval__lag002,0.990596,0.075232,0.024809,0.09910008
d__nasdaqcom_nasdaqcom__lag086,0.689655,0.108061,0.0356,0.09907688
d__tlaacbw027sbog_bank_ta__lag073,0.667712,0.103228,0.045147,0.09907176
d__tlaacbw027sbog_bank_ta__lag036,0.667712,0.105708,0.042661,0.09906815
d__tlaacbw027sbog_bank_ta__lag064,0.667712,0.104856,0.043512,0.0990667
d__tasacbw027sbog_bank_ts_agency__lag064,0.667712,0.113008,0.035346,0.09905769
d__tlaacbw027sbog_bank_ta__lag070,0.667712,0.104452,0.043886,0.09904679
d__tlaacbw027sbog_bank_ta__lag088,0.667712,0.10034,0.047965,0.09902464
d__baa10y_baa10y__lag013,0.504702,0.118624,0.077566,0.0990173
q__rowgseq027s_row_agency_flow__lag006,0.978056,0.012796,0.088382,0.09895762
q__rrvrusq156n_rental_vacancy__lag004,0.868339,0.030527,0.083424,0.09894792
d__tasacbw027sbog_bank_ts_agency__lag063,0.667712,0.112695,0.035489,0.09894411
d__nasdaqcom_nasdaqcom__lag075,0.689655,0.111521,0.0318,0.09884206
d__tasacbw027sbog_bank_ts_agency__lag062,0.667712,0.112209,0.035798,0.09882557
d__tasacbw027sbog_bank_ts_agency__lag061,0.667712,0.112545,0.035434,0.0988072
d__tlaacbw027sbog_bank_ta__lag087,0.667712,0.100416,0.047535,0.09878837
d__nasdaqcom_nasdaqcom__lag080,0.689655,0.109685,0.033489,0.09874069
q__rrvrusq156n_rental_vacancy__lag003,0.871473,0.011078,0.102215,0.09873228
d__tlaacbw027sbog_bank_ta__lag080,0.667712,0.101846,0.045983,0.09870724
q__b639rg3q086sbea_exp_ind_pi__lag005,0.727273,0.037718,0.097994,0.09869956
d__nasdaqcom_nasdaqcom__lag087,0.689655,0.104083,0.03903,0.09869853
d__tlaacbw027sbog_bank_ta__lag090,0.664577,0.100411,0.048097,0.09869516
q__bogz1fl884135005q_dom_loan_l__lag006,0.990596,0.092351,0.007273,0.09868772
m__neworder_neworder__lag008,0.423197,0.117264,0.115885,0.09866812
q__bogz1fl704041005q_usb_stloan_a__lag001,1.0,0.083518,0.015148,0.09866604
d__tlaacbw027sbog_bank_ta__lag041,0.667712,0.104632,0.043085,0.0986322
d__tlaacbw027sbog_bank_ta__lag072,0.667712,0.103474,0.044213,0.09861201
d__vixcls_vixcls__lag015,0.454545,0.137609,0.079254,0.09857409
d__tlaacbw027sbog_bank_ta__lag040,0.667712,0.104755,0.042849,0.09855717
m__dgorder_dgorder__lag011,0.420063,0.141308,0.093253,0.09853037
q__bogz1fa343061123q_fed_gov_dcg_retirement_ts_tx__lag005,0.981191,0.081093,0.019278,0.0984829
d__tlaacbw027sbog_bank_ta__lag037,0.667712,0.105778,0.041685,0.09846297
d__dexmxus_dexmxus__lag042,0.407524,0.186041,0.055572,0.09846279
d__tasacbw027sbog_bank_ts_agency__lag065,0.667712,0.11174,0.035689,0.09843966
d__tlaacbw027sbog_bank_ta__lag089,0.664577,0.100371,0.047684,0.09839415
q__fbtsaaq027s_dom_fin_sector_tsy__lag006,0.990596,0.040994,0.058327,0.09838672
d__dexmxus_dexmxus__lag037,0.407524,0.192407,0.048957,0.09836155
m__ltdacbm027nbog_ltd__lag008,0.661442,0.115776,0.032858,0.09831282
m__totalsl_totalsl__lag012,1.0,0.066407,0.031901,0.09830794
d__dexmxus_dexmxus__lag043,0.407524,0.180848,0.060196,0.09823107
m__dspi_dspi__lag008,0.836991,0.084512,0.03281,0.09819676
d__nasdaqcom_nasdaqcom__lag072,0.689655,0.110511,0.031874,0.09819619
d__tlaacbw027sbog_bank_ta__lag081,0.667712,0.101182,0.045819,0.09815403
d__anfci_anfci__lag090,0.689655,0.032898,0.109406,0.09814086
d__dexusuk_dexusuk__lag035,0.69279,0.138524,0.003112,0.09812462
d__nasdaqcom_nasdaqcom__lag073,0.689655,0.10972,0.032559,0.09812374
d__nasdaqcom_nasdaqcom__lag076,0.689655,0.110603,0.031666,0.09811627
q__bogz1fl884035005q_dom_loan_a__lag005,0.99373,0.091968,0.006727,0.09807555
d__dexmxus_dexmxus__lag041,0.407524,0.188991,0.05165,0.09806698
d__nasdaqcom_nasdaqcom__lag085,0.689655,0.107481,0.034707,0.09806025
d__tlaacbw027sbog_bank_ta__lag065,0.667712,0.103516,0.043272,0.09801218
d__tlaacbw027sbog_bank_ta__lag039,0.667712,0.104638,0.042144,0.09800797
d__tlaacbw027sbog_bank_ta__lag082,0.667712,0.100805,0.045937,0.09798171
d__dexusuk_dexusuk__lag034,0.69279,0.139872,0.00152,0.0979548
d__tlaacbw027sbog_bank_ta__lag083,0.667712,0.10056,0.046125,0.09794335
d__tlaacbw027sbog_bank_ta__lag069,0.667712,0.103614,0.042998,0.09789427
d__ldgust_tga_fed_alt__lag080,1.0,0.082155,0.015734,0.09788948
d__tlaacbw027sbog_bank_ta__lag038,0.667712,0.104706,0.041827,0.09784211
q__bogz1fl892050005q_all_ffrepo__lag008,0.984326,0.056289,0.043031,0.09776384
d__tasacbw027sbog_bank_ts_agency__lag066,0.667712,0.110705,0.035621,0.09770325
d__tlaacbw027sbog_bank_ta__lag066,0.667712,0.103423,0.0429,0.09770119
d__tlaacbw027sbog_bank_ta__lag068,0.667712,0.103437,0.042777,0.09762887
d__dexmxus_dexmxus__lag051,0.407524,0.176238,0.063314,0.09762333
d__tasacbw027sbog_bank_ts_agency__lag067,0.667712,0.110892,0.035286,0.0976045
q__bogz1fa105019005q_nfcb_gfi__lag007,0.974922,0.096455,0.003557,0.0975042
d__stlfsi4_stlfed_fin_stress_idx__lag011,0.404389,0.044931,0.196126,0.09748067
d__vixcls_vixcls__lag037,0.454545,0.147728,0.066643,0.09744143
d__dexmxus_dexmxus__lag055,0.404389,0.175055,0.065782,0.09739213
d__stlfsi4_stlfed_fin_stress_idx__lag012,0.404389,0.047584,0.193235,0.09738469
d__baa10y_baa10y__lag015,0.504702,0.129707,0.063217,0.09736913
d__tlaacbw027sbog_bank_ta__lag067,0.667712,0.103415,0.042407,0.09736683
d__dexmxus_dexmxus__lag039,0.407524,0.190174,0.048658,0.09732968
d__tasacbw027sbog_bank_ts_agency__lag069,0.667712,0.110821,0.034886,0.09728997
d__tasacbw027sbog_bank_ts_agency__lag071,0.667712,0.110657,0.03504,0.09728344
d__dexmxus_dexmxus__lag038,0.407524,0.190989,0.047717,0.0972784
d__tasacbw027sbog_bank_ts_agency__lag068,0.667712,0.110674,0.035007,0.09727264
d__tasacbw027sbog_bank_ts_agency__lag070,0.667712,0.110825,0.034826,0.09725293
d__nasdaqcom_nasdaqcom__lag078,0.689655,0.108588,0.032266,0.09714052
q__dividend_dividend__lag001,0.990596,0.02757,0.070458,0.09710647
d__baa10y_baa10y__lag044,0.504702,0.165981,0.02634,0.09706475
d__nasdaqcom_nasdaqcom__lag070,0.689655,0.111932,0.02864,0.0969462
m__neworder_neworder__lag001,0.429467,0.059219,0.16651,0.09694351
q__iatashcbsnncb_nfcb_hc_inventories__lag001,1.0,0.037014,0.059909,0.09692299
d__dexmxus_dexmxus__lag034,0.407524,0.195576,0.04217,0.09688714
q__tgdef_net_gov_sav__lag007,0.971787,0.035677,0.064011,0.09687621
d__dexmxus_dexmxus__lag052,0.407524,0.175573,0.061963,0.09680144
d__anfci_anfci__lag084,0.689655,0.038678,0.101655,0.09678143
d__nasdaqcom_nasdaqcom__lag083,0.689655,0.108205,0.032024,0.0967096
q__bogz1lm403061105q_gses_ts__lag008,0.984326,0.001927,0.09632,0.09670747
q__bogz1lm403061105q_gse_tsy__lag008,0.984326,0.001927,0.09632,0.09670747
m__rmfsl_mmf__lag008,0.661442,0.069771,0.07643,0.09670361
d__dexmxus_dexmxus__lag040,0.407524,0.188298,0.048935,0.09667814
m__ces2000000008_wage_const__lag010,0.984326,0.075872,0.02232,0.09665264
q__gsave_gsave__lag006,0.974922,0.051398,0.04773,0.09664193
d__stlfsi4_stlfed_fin_stress_idx__lag090,0.404389,0.140293,0.098455,0.09654701
q__b456rc1q027sbea_nfcb_cfc__lag005,0.978056,0.073448,0.025222,0.09650481
q__tnwmvbsnncb_nfcb_nw__lag008,0.984326,0.042251,0.055734,0.09644992
m__totalsl_totalsl__lag011,1.0,0.062146,0.034238,0.09638433
d__nasdaqcom_nasdaqcom__lag074,0.689655,0.10758,0.03204,0.09628948
d__dexmxus_dexmxus__lag053,0.407524,0.172495,0.06366,0.09623874
q__bogz1fl743061103q_usb_tsy_dom__lag003,1.0,0.044737,0.051485,0.09622243
q__bogz1fa563061103q_etfs_ts_tx__lag005,0.981191,0.088746,0.009293,0.09619499
d__dexmxus_dexmxus__lag036,0.407524,0.193099,0.042945,0.09619339
m__ppiaco_ppiaco__lag011,1.0,0.045258,0.050907,0.09616557
q__gpdi_gpdi__lag008,0.968652,0.066132,0.033017,0.09604105
d__usepuindxd_policy_uncertainty__lag028,0.517241,0.026924,0.158589,0.09595486
q__bogz1fl263061145q_row_priv_tsy__lag002,1.0,0.06136,0.034509,0.09586821
d__dexmxus_dexmxus__lag054,0.407524,0.172859,0.062357,0.09585634
d__tasacbw027sbog_bank_ts_agency__lag074,0.667712,0.108268,0.035161,0.09576939
q__bogz1fl633061105q_mmf_tsy_raw__lag008,0.984326,0.055636,0.041586,0.09569735
q__bogz1fl633061105q_money_market_funds_ts__lag008,0.984326,0.055636,0.041586,0.09569735
m__w875rx1_real_dpi_xtx__lag007,0.836991,0.05973,0.054595,0.09568909
m__recprousm156n_recprob__lag005,0.733542,0.100436,0.029998,0.09567833
q__bogz1fr793061105q_dom_fin_sector_tsy_reval__lag002,0.990596,0.073733,0.022833,0.09565756
d__tasacbw027sbog_bank_ts_agency__lag073,0.667712,0.108246,0.034995,0.09564417
d__tasacbw027sbog_bank_ts_agency__lag078,0.667712,0.108119,0.035114,0.0956385
m__iputil_iputil__lag008,1.0,0.016723,0.078792,0.09551461
d__tasacbw027sbog_bank_ts_agency__lag072,0.667712,0.108669,0.034338,0.0954876
q__bogz1fr213061103q_state_local_gov_ts_reval__lag002,0.990596,0.07471,0.021674,0.09547744
d__tasacbw027sbog_bank_ts_agency__lag075,0.667712,0.108046,0.034946,0.09547706
d__tasacbw027sbog_bank_ts_agency__lag076,0.667712,0.107986,0.034858,0.0953787
d__anfci_anfci__lag085,0.689655,0.036581,0.101637,0.09532261
q__bogz1fl663061165q_brokers_dealers_long_ts__lag006,0.990596,0.051711,0.044496,0.09530247
q__bogz1fr753061103q_usb_tsy_for_reval__lag001,0.99373,0.095214,0.00069,0.09530201
d__tasacbw027sbog_bank_ts_agency__lag077,0.667712,0.108085,0.03461,0.09527922
q__w328rc1q027sbea_nfcb_pat__lag004,0.981191,0.04763,0.049143,0.09495272
q__bogz1fa473061105q_credit_unions_ts_tx__lag004,0.984326,0.025995,0.070459,0.09494196
m__totalsl_totalsl__lag005,1.0,0.042408,0.052507,0.09491529
q__bogz1fl313161305q_gov_nonmarketable_ts__lag004,0.996865,0.085692,0.009519,0.09491322
d__baa10y_baa10y__lag020,0.504702,0.138416,0.049609,0.09489665
m__ppiaco_ppiaco__lag010,1.0,0.045551,0.04927,0.09482115
d__nasdaqcom_nasdaqcom__lag069,0.689655,0.111388,0.025787,0.09460349
q__a024rc1q027sbea_cfc__lag007,0.971787,0.080574,0.016732,0.0945609
d__tasacbw027sbog_bank_ts_agency__lag079,0.667712,0.10612,0.035436,0.09451838
q__gsave_gsave__lag007,0.971787,0.079381,0.017849,0.09448616
d__anfci_anfci__lag086,0.689655,0.035781,0.101202,0.09447115
d__dexmxus_dexmxus__lag032,0.407524,0.192544,0.039082,0.09439331
m__totalsl_totalsl__lag010,1.0,0.057984,0.036388,0.0943723
d__usepuindxd_policy_uncertainty__lag027,0.517241,0.011799,0.170587,0.09433731
q__bogz1fl343061123q_fed_gov_dcg_retirement_ts__lag006,0.990596,0.002972,0.092217,0.09429384
q__rowtsaq027s_row_tsy_tx__lag007,0.974922,0.061437,0.035142,0.09415684
m__w875rx1_real_dpi_xtx__lag010,0.833856,0.070146,0.042747,0.09413666
d__tasacbw027sbog_bank_ts_agency__lag085,0.667712,0.10567,0.035208,0.09406618
d__tasacbw027sbog_bank_ts_agency__lag080,0.667712,0.105146,0.035687,0.09403545
m__ces2000000008_wage_const__lag002,0.99373,0.065111,0.029512,0.09403014
m__totalsl_totalsl__lag006,1.0,0.045081,0.048944,0.09402467
d__tasacbw027sbog_bank_ts_agency__lag084,0.667712,0.10536,0.035446,0.0940178
q__na000283q_gov_current_exp__lag008,0.968652,0.02405,0.07299,0.09399871
q__bogz1fa663061165q_brokers_dealers_long_ts_tx__lag006,0.978056,0.008914,0.087147,0.09395325
q__rowstaq027s_row_stloan_a__lag003,1.0,0.056135,0.037734,0.09386859
d__nasdaqcom_nasdaqcom__lag089,0.689655,0.097704,0.03837,0.09384458
q__bogz1fl892050005q_all_ffrepo__lag007,0.987461,0.066758,0.028215,0.0937814
d__tasacbw027sbog_bank_ts_agency__lag086,0.667712,0.104825,0.035596,0.09376075
d__tasacbw027sbog_bank_ts_agency__lag081,0.667712,0.104969,0.035447,0.09375759
d__anfci_anfci__lag087,0.689655,0.035257,0.100577,0.09367864
d__anfci_anfci__lag088,0.689655,0.034916,0.100872,0.09364697
m__pcedg_pcedg__lag009,0.836991,0.080945,0.030841,0.09356408
d__tasacbw027sbog_bank_ts_agency__lag082,0.667712,0.104948,0.035136,0.09353565
d__tasacbw027sbog_bank_ts_agency__lag083,0.667712,0.104931,0.035132,0.09352125
q__bogz1fl693061105q_nonmmf_ts__lag004,0.996865,0.077838,0.015956,0.09349943
q__bogz1fl693061105q_nonmmmf_ts__lag004,0.996865,0.077838,0.015956,0.09349943
d__tasacbw027sbog_bank_ts_agency__lag087,0.667712,0.104775,0.035137,0.09342096
d__usepuindxd_policy_uncertainty__lag014,0.517241,0.080074,0.10051,0.09340557
d__tasacbw027sbog_bank_ts_agency__lag088,0.667712,0.104612,0.035212,0.09336225
m__dspi_dspi__lag001,0.84326,0.096752,0.013942,0.09334356
m__ces2000000008_wage_const__lag009,0.987461,0.069467,0.024937,0.09321982
d__dexmxus_dexmxus__lag033,0.407524,0.193024,0.035634,0.09318373
q__bogz1fa713068703q_fed_dw_tx__lag007,0.974922,0.039878,0.055686,0.09316725
m__totalsl_totalsl__lag007,1.0,0.047913,0.045212,0.09312429
d__baa10y_baa10y__lag023,0.504702,0.138641,0.045838,0.09310727
q__gdp_gdp__lag008,0.968652,0.087206,0.008842,0.09303718
q__gdpc1_real_gdp__lag005,0.978056,0.07995,0.015169,0.09303148
m__dspi_dspi__lag011,0.833856,0.084384,0.026934,0.0928231
m__ces2000000008_wage_const__lag008,0.987461,0.07115,0.022811,0.09278281
q__w326rc1q027sbea_net_op_surplus__lag003,0.984326,0.047729,0.046489,0.09274164
m__pcend_pcend__lag003,0.84326,0.038576,0.071243,0.09260565
d__vixcls_vixcls__lag055,0.454545,0.141601,0.062121,0.092601
q__a091rc1q027sbea_gov_interest_payments__lag001,0.990596,0.077431,0.015989,0.09254161
q__a091rc1q027sbea_fedgov_int__lag001,0.990596,0.077431,0.015989,0.09254161
d__usepuindxd_policy_uncertainty__lag007,0.517241,0.094856,0.083971,0.0924965
q__fgexpnd_fgexpnd__lag008,0.968652,0.022696,0.072688,0.09239386
d__vixcls_vixcls__lag026,0.454545,0.157689,0.045525,0.09236986
m__neworder_neworder__lag010,0.420063,0.102755,0.11714,0.09236974
d__vixcls_vixcls__lag027,0.454545,0.173058,0.029869,0.09223937
q__bogz1fr713061113q_cb_bills_reval__lag006,0.978056,0.09174,0.002536,0.09220729
q__gsave_gsave__lag001,0.990596,0.028593,0.064454,0.09217228
d__baa10y_baa10y__lag021,0.504702,0.138816,0.043659,0.0920953
q__bogz1fa343061165q_fed_gov_db_retirement_ts_tx__lag001,0.99373,0.03232,0.060336,0.09207599
q__bogz1fl884135005q_dom_loan_l__lag005,0.99373,0.084099,0.008486,0.09200444
d__totci_totci__lag090,0.664577,0.11902,0.019393,0.09198613
d__nasdaqcom_nasdaqcom__lag067,0.689655,0.108596,0.024751,0.09196364
d__baa10y_baa10y__lag043,0.504702,0.160235,0.021835,0.09189093
d__tasacbw027sbog_bank_ts_agency__lag089,0.664577,0.104188,0.034068,0.09188142
m__mtso133fms_fedgov_out__lag008,0.564263,0.151904,0.010827,0.09182317
m__ces2000000008_wage_const__lag001,0.99373,0.063635,0.028718,0.09177331
q__bogz1fa513061105q_pc_insurance_ts_tx__lag005,0.981191,0.053213,0.040309,0.09176312
q__bogz1fa503061123q_ccps_ts_tx__lag003,0.987461,0.035637,0.057246,0.09171853
m__wpu0561_ppi_crude__lag012,0.984326,0.061089,0.032041,0.0916699
q__bogz1fr743061103q_usb_tsy_dom_reval__lag001,0.99373,0.092123,0.000113,0.0916579
d__anfci_anfci__lag083,0.69279,0.040626,0.091655,0.09164276
d__totci_totci__lag088,0.667712,0.118273,0.018824,0.09154118
d__tasacbw027sbog_bank_ts_agency__lag090,0.664577,0.10374,0.033971,0.09151954
q__bogz1fl503061123q_ccps_ts__lag006,0.990596,0.076698,0.015568,0.09139843
d__totci_totci__lag089,0.664577,0.118837,0.018655,0.09137403
d__totci_totci__lag087,0.667712,0.11782,0.018888,0.09128116
m__iputil_iputil__lag012,1.0,0.070622,0.020641,0.09126368
q__bogz1fa633061105q_money_market_funds_ts_tx__lag008,0.971787,0.014327,0.07957,0.09124816
q__bogz1fa105019005q_nfcb_gfi__lag006,0.978056,0.077478,0.015812,0.09124245
q__bogz1lm223061143q_state_local_db_retirement_ts__lag002,1.0,0.081841,0.009384,0.09122427
d__dexcaus_dexcaus__lag015,0.69279,0.120822,0.010754,0.09115423
d__baa10y_baa10y__lag019,0.504702,0.133781,0.046791,0.09113535
m__ces2000000008_wage_const__lag003,0.99373,0.064978,0.026715,0.09111865
d__nasdaqcom_nasdaqcom__lag066,0.689655,0.110746,0.021336,0.09109117
q__rowgseq027s_row_agency_flow__lag005,0.981191,0.069204,0.023618,0.09107529
d__baa10y_baa10y__lag018,0.504702,0.135031,0.04514,0.09093288
m__dspi_dspi__lag010,0.833856,0.079229,0.029667,0.09080364
d__nasdaqcom_nasdaqcom__lag068,0.689655,0.10919,0.022475,0.09080361
m__ces2000000008_wage_const__lag007,0.987461,0.071093,0.020834,0.09077386
d__totci_totci__lag086,0.667712,0.116707,0.019199,0.09074621
q__bogz1fa553061103q_closed_end_funds_ts_tx__lag002,0.990596,0.039387,0.052196,0.09072179
q__bogz1fa313161305q_gov_nonmarketable_ts_tx__lag007,0.974922,0.039324,0.053701,0.09069192
d__totci_totci__lag085,0.667712,0.115906,0.019896,0.0906765
d__anfci_anfci__lag077,0.69279,0.044531,0.086347,0.09067082
m__pcend_pcend__lag001,0.84326,0.050072,0.057418,0.09064173
m__houst_houst__lag001,0.84326,0.098145,0.009322,0.09062307
d__anfci_anfci__lag089,0.689655,0.031005,0.100389,0.09061636
q__bogz1fa513061105q_pc_insurance_ts_tx__lag001,0.99373,0.017801,0.073359,0.09058782
d__baa10y_baa10y__lag017,0.504702,0.133788,0.045669,0.09057247
m__totalsl_totalsl__lag009,1.0,0.051274,0.039222,0.09049578
q__bogz1fr263061105q_row_bills_reval__lag001,0.99373,0.053079,0.037749,0.09025883
q__bogz1fr263061105q_row_tsy_reval__lag001,0.99373,0.053079,0.037749,0.09025883
m__m2sl_m2__lag010,0.833856,0.059382,0.04886,0.09025812
d__anfci_anfci__lag078,0.69279,0.042917,0.087257,0.09018335
d__totci_totci__lag084,0.667712,0.115677,0.019286,0.09011616
d__dexmxus_dexmxus__lag031,0.407524,0.189204,0.03176,0.09004797
d__dexcaus_dexcaus__lag006,0.69279,0.108535,0.021408,0.09002295
q__bogz1fl262051003q_row_rrp__lag003,1.0,0.073624,0.016371,0.08999476
m__w875rx1_real_dpi_xtx__lag011,0.833856,0.071507,0.036335,0.08992482
m__ppiaco_ppiaco__lag012,1.0,0.043744,0.046136,0.08987915
q__b639rg3q086sbea_exp_ind_pi__lag007,0.721003,0.034368,0.090287,0.08987611
d__nasdaqcom_nasdaqcom__lag064,0.689655,0.103921,0.026311,0.08981533
m__ces2000000008_wage_const__lag006,0.990596,0.067638,0.022995,0.08978052
m__ces2000000008_wage_const__lag005,0.990596,0.067833,0.022775,0.08975619
m__amtmno_amtmno__lag012,0.416928,0.115163,0.100034,0.08972165
q__bogz1fl693061105q_nonmmf_ts__lag005,0.99373,0.077143,0.013121,0.08969836
q__bogz1fl693061105q_nonmmmf_ts__lag005,0.99373,0.077143,0.013121,0.08969836
q__bogz1fl892050005q_all_ffrepo__lag006,0.990596,0.05747,0.032831,0.08945171
d__dexmxus_dexmxus__lag029,0.407524,0.189967,0.029508,0.08944095
d__dexmxus_dexmxus__lag030,0.407524,0.187674,0.03159,0.08935506
d__anfci_anfci__lag079,0.69279,0.041747,0.087154,0.08930147
m__dspi_dspi__lag003,0.84326,0.095636,0.010176,0.08922741
q__bogz1fa513061113q_pci_bills_tx__lag004,0.984326,0.067761,0.022882,0.08922247
q__gdp_gdp__lag007,0.971787,0.081299,0.010511,0.08922009
d__nasdaqcom_nasdaqcom__lag090,0.689655,0.092479,0.036789,0.08914998
m__w875rx1_real_dpi_xtx__lag006,0.840125,0.054096,0.051908,0.089057
m__w875rx1_real_dpi_xtx__lag004,0.840125,0.05895,0.047041,0.08904642
m__totalsl_totalsl__lag008,1.0,0.047031,0.042004,0.08903502
q__bogz1lm213061103q_state_local_gov_ts__lag005,0.99373,0.080063,0.009479,0.08898072
d__totci_totci__lag083,0.667712,0.115196,0.01795,0.0889035
d__anfci_anfci__lag080,0.69279,0.041228,0.086983,0.08882345
q__bogz1lm103061103q_nfcb_tsy__lag008,0.984326,0.037414,0.052793,0.0887938
d__totci_totci__lag082,0.667712,0.115013,0.017942,0.0887753
d__totci_totci__lag081,0.667712,0.115113,0.017793,0.0887429
q__bogz1fa263061110q_row_bills_tx__lag007,0.974922,0.067275,0.023623,0.0886181
d__totci_totci__lag080,0.667712,0.115056,0.017647,0.08860725
q__rowsllq027s_row_stloan_l__lag001,1.0,0.076151,0.012431,0.08858156
d__dexmxus_dexmxus__lag008,0.407524,0.188414,0.028929,0.08857234
d__anfci_anfci__lag081,0.69279,0.040799,0.086959,0.08850924
q__bogz1lm105020015q_nfcb_inventories__lag001,1.0,0.001757,0.086745,0.08850267
q__mmmffaq027s_mmf_tfa__lag006,0.990596,0.063799,0.025464,0.08842333
q__expgs_exports__lag004,0.981191,0.018426,0.071651,0.08838274
d__baa10y_baa10y__lag040,0.504702,0.162859,0.012226,0.08836546
d__dexmxus_dexmxus__lag001,0.407524,0.194409,0.022369,0.0883423
q__bogz1fl513061115q_pci_bills_raw__lag008,0.984326,0.0351,0.054642,0.08833558
q__bogz1fl513061115q_pci_bills__lag008,0.984326,0.0351,0.054642,0.08833558
d__totci_totci__lag079,0.667712,0.11414,0.01813,0.08831782
q__bogz1fl383061105q_dom_nonfin_sector_tsy__lag001,1.0,0.048822,0.039486,0.08830806
q__a4102c1q027sbea_gdi_wages__lag008,0.968652,0.086969,0.004193,0.08830418
m__iputil_iputil__lag011,1.0,0.041169,0.047135,0.08830373
m__pcend_pcend__lag004,0.840125,0.042962,0.062124,0.08828563
q__bogz1fr513061105q_pc_insurance_ts_reval__lag006,0.978056,0.012479,0.077775,0.08827326
q__rownblq027s_row_nonfinbusinessloans_flow__lag001,0.99373,0.030418,0.058351,0.08821252
d__totci_totci__lag077,0.667712,0.11404,0.018046,0.08819537
d__totci_totci__lag074,0.667712,0.113774,0.018304,0.08819035
m__pcedg_pcedg__lag012,0.833856,0.080337,0.025385,0.08815648
d__totci_totci__lag075,0.667712,0.113827,0.0182,0.08815632
m__w875rx1_real_dpi_xtx__lag005,0.840125,0.057763,0.047163,0.08815125
d__nasdaqcom_nasdaqcom__lag053,0.69279,0.109518,0.017686,0.088126
d__totci_totci__lag073,0.667712,0.113674,0.018221,0.08806773
q__bogz1fl763061100q_usb_tsy_oth__lag006,0.990596,0.075879,0.012987,0.0880301
q__bogz1lm102010005q_nfcb_nfassets__lag005,0.99373,0.059865,0.028717,0.08802636
d__baa10y_baa10y__lag042,0.504702,0.164547,0.009827,0.08800694
q__bogz1fl743061103q_usb_tsy_dom__lag001,1.0,0.03643,0.051564,0.0879937
d__totci_totci__lag078,0.667712,0.113113,0.018666,0.08799066
d__totci_totci__lag007,0.667712,0.089382,0.04228,0.08791205
q__gsave_gsave__lag002,0.987461,0.02682,0.062178,0.08788133
d__totci_totci__lag076,0.667712,0.113579,0.018002,0.08785797
d__nasdaqcom_nasdaqcom__lag055,0.69279,0.110099,0.016713,0.08785431
q__bogz1fr733061103q_holding_companies_ts_reval__lag006,0.978056,0.064928,0.024877,0.08783411
m__amtmno_amtmno__lag011,0.420063,0.101668,0.107383,0.0878144
m__umcsent_umcsent__lag001,0.92163,0.020127,0.075139,0.0878005
d__totci_totci__lag072,0.667712,0.113386,0.018046,0.08775869
d__dexmxus_dexmxus__lag009,0.407524,0.18926,0.025945,0.0877008
q__rrvrusq156n_rental_vacancy__lag005,0.865204,0.017002,0.084349,0.08768923
q__bogz1fl763123005q_tga_usb__lag004,0.996865,0.086994,0.000951,0.08766951
d__baa10y_baa10y__lag022,0.504702,0.133423,0.040276,0.08766617
d__dexmxus_dexmxus__lag002,0.407524,0.193661,0.021425,0.08765244
d__nasdaqcom_nasdaqcom__lag054,0.69279,0.110096,0.016423,0.08765076
m__w875rx1_real_dpi_xtx__lag008,0.836991,0.055746,0.048973,0.08764929
d__baa10y_baa10y__lag041,0.504702,0.162034,0.011607,0.08763694
q__bogz1fr763061100q_usb_tsy_oth_reval__lag002,0.990596,0.06235,0.02609,0.08760875
d__totci_totci__lag071,0.667712,0.11263,0.018528,0.08757524
m__dspi_dspi__lag005,0.840125,0.074125,0.030086,0.08755078
d__usepuindxd_policy_uncertainty__lag013,0.517241,0.042154,0.127062,0.08752552
d__vixcls_vixcls__lag024,0.454545,0.156424,0.036112,0.08751625
d__vixcls_vixcls__lag020,0.454545,0.134211,0.05821,0.08746449
d__baa10y_baa10y__lag025,0.504702,0.143074,0.030161,0.08743211
q__tfaabshno_hhnp_tfa__lag003,1.0,0.036694,0.050693,0.08738722
d__baa10y_baa10y__lag024,0.504702,0.140536,0.032371,0.08726679
q__bogz1lm105020015q_nfcb_inventories__lag007,0.987461,0.061964,0.026365,0.08722046
q__rowmslq027s_row_muni_flow__lag001,0.99373,0.027055,0.060644,0.08714867
d__baa10y_baa10y__lag037,0.504702,0.164975,0.007685,0.08714183
d__baa10y_baa10y__lag026,0.504702,0.143565,0.028582,0.08688278
d__totci_totci__lag002,0.667712,0.08779,0.042321,0.08687652
d__nasdaqcom_nasdaqcom__lag056,0.689655,0.107908,0.018016,0.08684428
q__rhvrusq156n_owner_vacancy__lag002,0.874608,0.048402,0.05086,0.086815
d__totci_totci__lag006,0.667712,0.088705,0.041304,0.08680845
d__totci_totci__lag003,0.667712,0.088178,0.041731,0.08674193
d__dexmxus_dexmxus__lag013,0.407524,0.185076,0.027733,0.08672473
q__ncbtsaq027s_nfcb_tsy_tx__lag003,0.987461,0.029768,0.058002,0.0866685
d__dexmxus_dexmxus__lag007,0.407524,0.188656,0.024012,0.08666713
d__dexmxus_dexmxus__lag028,0.407524,0.185211,0.027384,0.08663772
d__baa10y_baa10y__lag039,0.504702,0.16166,0.009984,0.08662929
d__totci_totci__lag004,0.667712,0.088096,0.041545,0.08656322
d__nasdaqcom_nasdaqcom__lag004,0.69279,0.110273,0.014665,0.08655572
d__totci_totci__lag005,0.667712,0.088402,0.041138,0.08649565
d__nasdaqcom_nasdaqcom__lag065,0.689655,0.103889,0.021438,0.08643263
q__rhvrusq156n_owner_vacancy__lag006,0.862069,0.086018,0.014217,0.08640982
q__a024rc1q027sbea_cfc__lag006,0.974922,0.07177,0.016843,0.08639061
q__bogz1lm573061133q_private_dc_pension_ts__lag007,0.987461,0.021569,0.065917,0.08638922
q__fgla_fgla__lag008,0.984326,0.036418,0.05133,0.08637188
q__fgla_fedgov_loans__lag008,0.984326,0.036418,0.05133,0.08637188
d__totci_totci__lag001,0.667712,0.086224,0.043001,0.08628475
d__anfci_anfci__lag076,0.69279,0.044683,0.07986,0.08628162
m__rmfsl_mmf__lag007,0.661442,0.055033,0.075337,0.0862317
q__bogz1fa343061105q_fed_gov_retirement_ts_tx__lag007,0.974922,0.026951,0.061488,0.08622084
d__clsacbw027sbog_cons_loans__lag001,0.667712,0.071064,0.058045,0.0862076
q__fgtlasq027s_gov_loan_a__lag008,0.984326,0.036088,0.0513,0.0860178
q__bogz1lm102010005q_nfcb_nfassets__lag007,0.987461,0.08665,0.00043,0.0859882
m__cpiulfsl_cpiulfsl__lag003,0.99373,0.030794,0.055724,0.08597584
q__b456rc1q027sbea_nfcb_cfc__lag004,0.981191,0.064466,0.023156,0.08597474
m__ces2000000008_wage_const__lag004,0.990596,0.065235,0.021542,0.08596048
d__dexcaus_dexcaus__lag005,0.69279,0.107465,0.016489,0.08587389
d__dexcaus_dexcaus__lag008,0.69279,0.111647,0.012171,0.08577949
q__b092rc1q027sbea_gov_int_priv__lag001,0.827586,0.082659,0.020957,0.08575173
d__totci_totci__lag070,0.667712,0.113614,0.014768,0.08572245
d__baa10y_baa10y__lag038,0.504702,0.159761,0.009959,0.08565766
q__bogz1fl264135005a_row_loans_l__lag001,1.0,0.06946,0.016113,0.08557226
d__totci_totci__lag069,0.667712,0.113864,0.014151,0.08547733
m__cpiulfsl_cpiulfsl__lag001,0.99373,0.032518,0.053495,0.08547339
d__nasdaqcom_nasdaqcom__lag006,0.69279,0.111483,0.011814,0.08541926
d__baa10y_baa10y__lag027,0.504702,0.146802,0.022341,0.08536718
q__rhvrusq156n_owner_vacancy__lag005,0.865204,0.061298,0.037353,0.08535307
d__anfci_anfci__lag082,0.69279,0.03747,0.085647,0.08529402
d__totci_totci__lag068,0.667712,0.113852,0.013884,0.08529091
m__recprousm156n_recprob__lag003,0.736677,0.10598,0.009792,0.08528646
m__cpiulfsl_cpiulfsl__lag004,0.990596,0.030872,0.055221,0.0852833
m__rmfsl_mmf__lag001,0.667712,0.038067,0.089651,0.08527931
d__nasdaqcom_nasdaqcom__lag005,0.69279,0.110946,0.011994,0.08517154
d__usepuindxd_policy_uncertainty__lag008,0.517241,0.124996,0.03965,0.08516198
d__nasdaqcom_nasdaqcom__lag057,0.689655,0.105222,0.018233,0.08514187
d__totci_totci__lag067,0.667712,0.113804,0.013652,0.08510404
q__bogz1lm663061105q_brokers_dealers_ts__lag001,1.0,0.077228,0.007874,0.08510184
d__dexmxus_dexmxus__lag011,0.407524,0.186287,0.022481,0.08507761
q__bogz1fa503061123q_ccps_ts_tx__lag007,0.974922,0.049909,0.037327,0.08504835
d__usepuindxd_policy_uncertainty__lag029,0.517241,0.084023,0.080399,0.08504573
d__dexmxus_dexmxus__lag010,0.407524,0.187532,0.021067,0.08500891
q__bogz1fl713123030q_tga__lag008,0.984326,0.050532,0.03579,0.08496988
q__bogz1fl713123030q_tga_z1__lag008,0.984326,0.050532,0.03579,0.08496988
q__bogz1fa473061105q_credit_unions_ts_tx__lag006,0.978056,0.02351,0.063334,0.08493824
q__fgrecpt_fgrecpt__lag002,0.987461,0.03903,0.04697,0.08492145
d__dexmxus_dexmxus__lag012,0.407524,0.184179,0.024175,0.08490909
d__dexcaus_dexcaus__lag007,0.69279,0.108152,0.014386,0.08489312
q__expgs_exports__lag003,0.984326,0.007288,0.078863,0.08480048
m__umcsent_umcsent__lag007,0.915361,0.061763,0.03082,0.08474747
d__totci_totci__lag066,0.667712,0.113546,0.013349,0.08472952
d__dexmxus_dexmxus__lag014,0.407524,0.181491,0.026418,0.08472785
m__w875rx1_real_dpi_xtx__lag012,0.833856,0.063513,0.038038,0.08467872
q__gpdi_gpdi__lag002,0.987461,0.055086,0.030656,0.08466648
q__bogz1lm102010005q_nfcb_nfassets__lag006,0.990596,0.07562,0.009834,0.0846502
d__dexcaus_dexcaus__lag004,0.69279,0.107998,0.014092,0.08458234
d__totci_totci__lag061,0.667712,0.112698,0.013899,0.08453086
q__fpi_fpi__lag008,0.968652,0.061052,0.026176,0.0844936
q__fpi_invest_priv_fixed__lag008,0.968652,0.061052,0.026176,0.0844936
d__totci_totci__lag062,0.667712,0.112845,0.013688,0.08448693
d__anfci_anfci__lag072,0.69279,0.043406,0.078459,0.08442724
q__bogz1fl884035005q_dom_loan_a__lag004,0.996865,0.080287,0.004377,0.08439784
d__dexmxus_dexmxus__lag027,0.407524,0.184825,0.022272,0.08439715
q__bogz1fa313161105q_tsy_net_tx__lag007,0.974922,0.01596,0.070594,0.08438431
d__anfci_anfci__lag073,0.69279,0.04309,0.078671,0.0843544
q__bogz1fl713061113q_cb_bills_raw__lag003,1.0,0.038131,0.046221,0.08435211
q__bogz1fl713061113q_cb_bills__lag003,1.0,0.038131,0.046221,0.08435211
d__anfci_anfci__lag071,0.69279,0.044012,0.077716,0.08433243
d__totci_totci__lag060,0.667712,0.112502,0.013739,0.08429229
m__cpiaucsl_cpiaucsl__lag001,0.99373,0.032134,0.052674,0.08427652
d__totci_totci__lag059,0.667712,0.112506,0.013708,0.08427439
d__totci_totci__lag063,0.667712,0.112655,0.013416,0.08417877
q__bogz1fa633061110q_mmf_bills_tx__lag008,0.971787,0.000426,0.086192,0.08417417
m__uspriv_uspriv__lag012,1.0,0.073813,0.010325,0.08413745
d__nasdaqcom_nasdaqcom__lag051,0.69279,0.1065,0.01494,0.08413272
m__cpiulfsl_cpiulfsl__lag002,0.99373,0.03032,0.054338,0.0841273
q__bogz1fl743061103q_usb_tsy_dom__lag007,0.987461,0.046866,0.038308,0.08410523
d__nasdaqcom_nasdaqcom__lag022,0.69279,0.108261,0.013109,0.08408396
d__totci_totci__lag064,0.667712,0.111864,0.014,0.08404136
m__neworder_neworder__lag011,0.420063,0.115857,0.084114,0.08400017
d__totci_totci__lag065,0.667712,0.112335,0.01345,0.08398816
d__nasdaqcom_nasdaqcom__lag021,0.69279,0.110873,0.010319,0.08396036
d__nasdaqcom_nasdaqcom__lag063,0.689655,0.100702,0.021027,0.0839512
q__w006rc1q027sbea_gov_tax_receipts__lag006,0.974922,0.055836,0.030244,0.08392104
q__bogz1fl313161305q_gov_nonmarketable_ts__lag002,1.0,0.075673,0.008245,0.08391752
q__pnfi_priv_nonres_fi__lag005,0.978056,0.0631,0.022653,0.0838713
m__payems_nonfarm_payrolls__lag012,1.0,0.06515,0.018712,0.08386195
d__nasdaqcom_nasdaqcom__lag017,0.69279,0.110766,0.010128,0.08375378
d__nasdaqcom_nasdaqcom__lag019,0.69279,0.107654,0.013162,0.08370038
d__anfci_anfci__lag070,0.69279,0.044757,0.076056,0.08369849
q__bogz1fl763061100q_usb_tsy_oth__lag007,0.987461,0.064908,0.01983,0.08367566
d__nasdaqcom_nasdaqcom__lag058,0.689655,0.09976,0.02152,0.08364094
d__anfci_anfci__lag074,0.69279,0.042787,0.077935,0.08363551
m__cpiaucsl_cpiaucsl__lag003,0.99373,0.030476,0.053667,0.08361544
q__iatashcbsnncb_nfcb_hc_inventories__lag005,0.99373,0.066081,0.018036,0.08358936
d__baa10y_baa10y__lag028,0.504702,0.147057,0.018389,0.08350104
q__bogz1fa383061105q_dom_nonfin_sector_tsy_tx__lag004,0.984326,0.055936,0.028825,0.08343242
d__nasdaqcom_nasdaqcom__lag003,0.69279,0.108221,0.012124,0.08337415
d__totci_totci__lag010,0.667712,0.091267,0.033578,0.0833601
d__nasdaqcom_nasdaqcom__lag059,0.689655,0.098306,0.022563,0.08335831
d__clsacbw027sbog_cons_loans__lag002,0.667712,0.074239,0.050586,0.08334754
q__bogz1fa733061103q_holding_companies_ts_tx__lag008,0.971787,0.03485,0.050911,0.08334127
d__nasdaqcom_nasdaqcom__lag026,0.69279,0.106244,0.014038,0.08333017
d__nasdaqcom_nasdaqcom__lag007,0.69279,0.109597,0.010683,0.08332866
d__baa10y_baa10y__lag033,0.504702,0.155433,0.009646,0.08331572
d__baa10y_baa10y__lag034,0.504702,0.159448,0.005624,0.0833124
d__nasdaqcom_nasdaqcom__lag052,0.69279,0.105126,0.015097,0.08328906
d__clsacbw027sbog_cons_loans__lag004,0.667712,0.074823,0.049814,0.08322159
d__clsacbw027sbog_cons_loans__lag007,0.667712,0.074784,0.04978,0.08317275
m__baaffm_baaff__lag011,0.890282,0.052284,0.041134,0.08316902
d__vixcls_vixcls__lag018,0.454545,0.122427,0.060537,0.08316559
d__totci_totci__lag057,0.667712,0.110148,0.014361,0.08313619
d__nasdaqcom_nasdaqcom__lag010,0.69279,0.109479,0.010482,0.08310781
q__bogz1lm223061143q_state_local_db_retirement_ts__lag004,0.996865,0.080795,0.002566,0.08309947
d__clsacbw027sbog_cons_loans__lag005,0.667712,0.074833,0.049621,0.08309887
d__clsacbw027sbog_cons_loans__lag003,0.667712,0.07455,0.04987,0.08307623
d__clsacbw027sbog_cons_loans__lag006,0.667712,0.074807,0.049597,0.08306593
d__totci_totci__lag009,0.667712,0.090249,0.034145,0.08305964
q__a464rc1q027sbea_nfcb_pbt__lag002,0.987461,0.070671,0.013401,0.08301845
m__m2sl_m2__lag011,0.833856,0.050362,0.049161,0.08298734
d__totci_totci__lag058,0.667712,0.110091,0.014186,0.08298152
q__bogz1lm213061103q_state_local_gov_ts__lag003,1.0,0.051575,0.031375,0.0829502
q__a4102c1q027sbea_gdi_wages__lag007,0.971787,0.079778,0.00556,0.0829299
d__totci_totci__lag049,0.667712,0.110171,0.014019,0.0829234
d__dexmxus_dexmxus__lag003,0.407524,0.187048,0.01614,0.08280366
d__dexcaus_dexcaus__lag014,0.69279,0.111774,0.007734,0.082794
d__nasdaqcom_nasdaqcom__lag061,0.689655,0.099034,0.02096,0.08275499
d__nasdaqcom_nasdaqcom__lag008,0.69279,0.109612,0.009821,0.08274196
d__clsacbw027sbog_cons_loans__lag021,0.667712,0.076604,0.047266,0.08270932
q__bogz1fa473061105q_credit_unions_ts_tx__lag002,0.990596,0.065828,0.017663,0.08270641
d__nasdaqcom_nasdaqcom__lag024,0.69279,0.107575,0.011775,0.08268496
m__w875rx1_real_dpi_xtx__lag009,0.836991,0.047108,0.051676,0.08268112
q__fgrecpt_fgrecpt__lag004,0.981191,0.047768,0.03648,0.08266388
d__totci_totci__lag008,0.667712,0.089325,0.03447,0.08265911
d__nasdaqcom_nasdaqcom__lag033,0.69279,0.103773,0.015538,0.08265763
q__bogz1fa713068703q_fed_dw_tx__lag006,0.978056,0.059013,0.025483,0.08264199
d__totci_totci__lag050,0.667712,0.110323,0.013424,0.08262706
m__cpiaucsl_cpiaucsl__lag004,0.990596,0.03058,0.052774,0.08257022
d__totci_totci__lag013,0.667712,0.09096,0.032693,0.08256466
d__dexmxus_dexmxus__lag005,0.407524,0.18584,0.016708,0.08254294
d__nasdaqcom_nasdaqcom__lag062,0.689655,0.097821,0.021717,0.08244012
d__totci_totci__lag014,0.667712,0.091194,0.032268,0.08243655
d__vixcls_vixcls__lag021,0.454545,0.140197,0.041162,0.08243558
d__clsacbw027sbog_cons_loans__lag014,0.667712,0.075566,0.047888,0.08243218
q__b092rc1q027sbea_gov_int_priv__lag007,0.808777,0.062281,0.039625,0.08241911
d__nasdaqcom_nasdaqcom__lag009,0.69279,0.111042,0.007884,0.0823911
d__totci_totci__lag055,0.667712,0.11079,0.012558,0.08236099
q__bogz1fl263061145q_row_priv_tsy__lag003,1.0,0.055022,0.027297,0.08231899
d__totci_totci__lag012,0.667712,0.090668,0.03256,0.082281
d__totci_totci__lag048,0.667712,0.109758,0.013465,0.08227766
d__clsacbw027sbog_cons_loans__lag019,0.667712,0.076167,0.047027,0.08225798
m__cpiaucsl_cpiaucsl__lag002,0.99373,0.029924,0.052849,0.08225424
q__bogz1fr573061133q_private_dc_pension_ts_reval__lag002,0.990596,0.058898,0.024131,0.08224792
d__totci_totci__lag047,0.667712,0.10963,0.013544,0.08224437
q__bogz1lm513061105q_pci_tsy_raw__lag002,1.0,0.01791,0.064324,0.08223378
q__bogz1lm513061105q_pc_insurance_ts__lag002,1.0,0.01791,0.064324,0.08223378
q__bogz1lm513061105q_p_c_insurance_ts__lag002,1.0,0.01791,0.064324,0.08223378
q__w260rc1q027sbea_gdi_netopsurp_privent__lag001,0.990596,0.029671,0.053332,0.08222274
d__clsacbw027sbog_cons_loans__lag020,0.667712,0.076324,0.046808,0.08221661
m__mtsr133fms_fedgov_rcpt__lag007,0.564263,0.100114,0.045591,0.08221605
d__clsacbw027sbog_cons_loans__lag022,0.667712,0.076262,0.046848,0.08220205
d__clsacbw027sbog_cons_loans__lag015,0.667712,0.075851,0.04725,0.08219607
d__totci_totci__lag011,0.667712,0.090098,0.032985,0.08218402
d__clsacbw027sbog_cons_loans__lag008,0.667712,0.074312,0.048753,0.08217204
d__totci_totci__lag045,0.667712,0.109493,0.013571,0.08217124
d__totci_totci__lag034,0.667712,0.104017,0.01903,0.08215962
q__bogz1fr153061105q_hhnp_tsy_reval__lag006,0.978056,0.047952,0.036037,0.08214563
d__totci_totci__lag054,0.667712,0.110698,0.012323,0.08214251
d__totci_totci__lag056,0.667712,0.110532,0.012485,0.0821398
d__clsacbw027sbog_cons_loans__lag018,0.667712,0.075995,0.046989,0.08211832
d__clsacbw027sbog_cons_loans__lag013,0.667712,0.075308,0.047666,0.08211148
q__bogz1fr693061105q_nonmmf_ts_reval__lag002,0.990596,0.075338,0.007552,0.08211058
q__bogz1fr693061105q_nonmmmf_ts_reval__lag002,0.990596,0.075338,0.007552,0.08211058
d__totci_totci__lag046,0.667712,0.10943,0.013522,0.08209669
d__dexmxus_dexmxus__lag006,0.407524,0.185046,0.016316,0.08205988
d__nasdaqcom_nasdaqcom__lag025,0.69279,0.106907,0.011519,0.08204474
q__bogz1fa105019005q_nfcb_gfi__lag001,0.99373,0.019834,0.06269,0.08200661
d__nasdaqcom_nasdaqcom__lag060,0.689655,0.096777,0.022119,0.08199724
d__totci_totci__lag031,0.667712,0.103534,0.019174,0.08193373
d__totci_totci__lag033,0.667712,0.10395,0.018755,0.08193178
m__pcend_pcend__lag002,0.84326,0.034345,0.062796,0.08191534
d__totci_totci__lag035,0.667712,0.104126,0.018513,0.08188712
d__clsacbw027sbog_cons_loans__lag023,0.667712,0.075775,0.04686,0.08188527
d__totci_totci__lag032,0.667712,0.103632,0.018983,0.08187151
d__clsacbw027sbog_cons_loans__lag016,0.667712,0.075466,0.047134,0.08186157
d__baa10y_baa10y__lag036,0.504702,0.161857,0.000327,0.08185469
d__clsacbw027sbog_cons_loans__lag012,0.667712,0.075238,0.047345,0.08184998
d__totci_totci__lag051,0.667712,0.10999,0.012581,0.08184213
d__totci_totci__lag052,0.667712,0.110657,0.011904,0.08183533
d__clsacbw027sbog_cons_loans__lag009,0.667712,0.074317,0.048217,0.08181735
d__nasdaqcom_nasdaqcom__lag036,0.69279,0.106919,0.011159,0.08180326
d__nasdaqcom_nasdaqcom__lag031,0.69279,0.10717,0.01089,0.08179043
d__clsacbw027sbog_cons_loans__lag017,0.667712,0.075636,0.046844,0.08178132
q__bogz1fr593061105q_pension_ts_reval__lag002,0.990596,0.062596,0.019961,0.08177979
d__nasdaqcom_nasdaqcom__lag020,0.69279,0.108085,0.009918,0.08175168
d__dexcaus_dexcaus__lag003,0.69279,0.107859,0.010005,0.08165508
d__nasdaqcom_nasdaqcom__lag016,0.69279,0.109802,0.008013,0.08162119
q__bogz1fr513061115q_pci_bills_reval__lag003,0.987461,0.029793,0.052857,0.08161345
d__nasdaqcom_nasdaqcom__lag018,0.69279,0.10898,0.008813,0.08160626
d__totci_totci__lag042,0.667712,0.105985,0.016229,0.08160346
d__totci_totci__lag053,0.667712,0.110613,0.0116,0.08160296
d__clsacbw027sbog_cons_loans__lag026,0.667712,0.075726,0.046482,0.08159923
d__nasdaqcom_nasdaqcom__lag015,0.69279,0.110192,0.007564,0.08158033
d__totci_totci__lag043,0.667712,0.107373,0.014803,0.08157793
d__clsacbw027sbog_cons_loans__lag025,0.667712,0.075683,0.046445,0.08154684
d__clsacbw027sbog_cons_loans__lag011,0.667712,0.074968,0.047157,0.08154469
d__nasdaqcom_nasdaqcom__lag023,0.69279,0.10547,0.012232,0.08154262
d__clsacbw027sbog_cons_loans__lag024,0.667712,0.075607,0.046502,0.08153316
d__baa10y_baa10y__lag035,0.504702,0.159711,0.001833,0.08153133
d__clsacbw027sbog_cons_loans__lag027,0.667712,0.075616,0.046486,0.0815288
q__gdp_gdp__lag006,0.974922,0.069063,0.014499,0.08146627
d__nasdaqcom_nasdaqcom__lag030,0.69279,0.105304,0.012274,0.08145653
d__totci_totci__lag044,0.667712,0.107859,0.01413,0.08145338
d__dexcaus_dexcaus__lag009,0.69279,0.106132,0.011432,0.08144717
d__totci_totci__lag028,0.667712,0.09976,0.022196,0.08143142
d__clsacbw027sbog_cons_loans__lag010,0.667712,0.074783,0.047154,0.0814187
d__dexmxus_dexmxus__lag004,0.407524,0.185055,0.014696,0.08140311
d__totci_totci__lag030,0.667712,0.102238,0.019602,0.08135414
d__nasdaqcom_nasdaqcom__lag035,0.69279,0.103145,0.01421,0.0813023
q__bogz1fr563061103q_etfs_ts_reval__lag006,0.978056,0.075174,0.007912,0.0812633
d__totci_totci__lag021,0.667712,0.098195,0.023488,0.08124934
q__w328rc1q027sbea_nfcb_pat__lag001,0.990596,0.039084,0.042929,0.0812417
q__bogz1fr473061105q_credit_unions_ts_reval__lag002,0.990596,0.072522,0.009487,0.0812384
d__dexmxus_dexmxus__lag015,0.407524,0.174574,0.024764,0.08123461
d__totci_totci__lag024,0.667712,0.100363,0.021277,0.08122028
d__nasdaqcom_nasdaqcom__lag038,0.69279,0.106124,0.011099,0.08121116
d__nasdaqcom_nasdaqcom__lag002,0.69279,0.107642,0.009576,0.08120778
d__anfci_anfci__lag069,0.69279,0.044038,0.073085,0.08114152
d__nasdaqcom_nasdaqcom__lag032,0.69279,0.103551,0.013572,0.08114142
d__totci_totci__lag020,0.667712,0.098073,0.023413,0.08111755
d__baa10y_baa10y__lag029,0.504702,0.148,0.012664,0.08108755
d__clsacbw027sbog_cons_loans__lag028,0.667712,0.075333,0.046084,0.08107176
d__totci_totci__lag027,0.667712,0.099936,0.021449,0.08105018
d__clsacbw027sbog_cons_loans__lag049,0.667712,0.077708,0.043675,0.08104844
d__clsacbw027sbog_cons_loans__lag042,0.667712,0.077296,0.044086,0.08104783
d__anfci_anfci__lag075,0.69279,0.040673,0.076302,0.08103912
d__clsacbw027sbog_cons_loans__lag048,0.667712,0.077621,0.043699,0.08100615
d__totci_totci__lag026,0.667712,0.100049,0.021231,0.08097965
d__totci_totci__lag019,0.667712,0.098056,0.023086,0.08088789
d__clsacbw027sbog_cons_loans__lag043,0.667712,0.077256,0.043885,0.08088695
d__clsacbw027sbog_cons_loans__lag047,0.667712,0.077499,0.043601,0.08085999
d__totci_totci__lag018,0.667712,0.097988,0.02309,0.08084495
d__totci_totci__lag023,0.667712,0.099017,0.02205,0.08083833
d__nasdaqcom_nasdaqcom__lag048,0.69279,0.102151,0.014507,0.08081924
d__nasdaqcom_nasdaqcom__lag034,0.69279,0.103257,0.013355,0.08078747
d__nasdaqcom_nasdaqcom__lag029,0.69279,0.103876,0.012726,0.08078074
d__totci_totci__lag022,0.667712,0.098344,0.022614,0.0807649
d__totci_totci__lag036,0.667712,0.103997,0.016951,0.08075793
d__totci_totci__lag041,0.667712,0.105569,0.015325,0.08072215
q__fgrecpt_fgrecpt__lag003,0.984326,0.043808,0.038165,0.08068765
d__clsacbw027sbog_cons_loans__lag050,0.667712,0.07793,0.04291,0.08068583
m__ces3000000008_wage_man__lag011,1.0,0.066642,0.014043,0.08068496
d__clsacbw027sbog_cons_loans__lag036,0.667712,0.076885,0.043944,0.08067908
d__nasdaqcom_nasdaqcom__lag012,0.69279,0.105888,0.010537,0.08065841
d__totci_totci__lag038,0.667712,0.105636,0.015145,0.08064738
d__clsacbw027sbog_cons_loans__lag041,0.667712,0.077089,0.043596,0.08058263
d__clsacbw027sbog_cons_loans__lag046,0.667712,0.077288,0.043385,0.0805748
d__clsacbw027sbog_cons_loans__lag035,0.667712,0.076381,0.044244,0.08054248
d__totci_totci__lag025,0.667712,0.099951,0.020627,0.08051091
d__vixcls_vixcls__lag031,0.454545,0.156179,0.020808,0.08044876
d__totci_totci__lag037,0.667712,0.10448,0.016004,0.08044839
d__clsacbw027sbog_cons_loans__lag040,0.667712,0.076947,0.043534,0.08044716
d__clsacbw027sbog_cons_loans__lag034,0.667712,0.076462,0.044008,0.08043944
d__clsacbw027sbog_cons_loans__lag037,0.667712,0.076513,0.043934,0.08042394
d__totci_totci__lag029,0.667712,0.100735,0.019689,0.08040853
d__totci_totci__lag040,0.667712,0.105556,0.014856,0.08040046
d__clsacbw027sbog_cons_loans__lag039,0.667712,0.076952,0.043393,0.0803556
d__totci_totci__lag039,0.667712,0.105494,0.01484,0.08034877
d__clsacbw027sbog_cons_loans__lag057,0.667712,0.078405,0.04187,0.08030942
d__clsacbw027sbog_cons_loans__lag056,0.667712,0.078043,0.042203,0.08028966
q__a4102c1q027sbea_gdi_wages__lag006,0.974922,0.070297,0.012001,0.08023412
d__dexcaus_dexcaus__lag012,0.69279,0.106389,0.009383,0.08020524
d__clsacbw027sbog_cons_loans__lag045,0.667712,0.07678,0.043308,0.08018445
d__clsacbw027sbog_cons_loans__lag038,0.667712,0.076733,0.043318,0.08015991
d__clsacbw027sbog_cons_loans__lag044,0.667712,0.076373,0.043669,0.08015385
d__clsacbw027sbog_cons_loans__lag032,0.667712,0.075967,0.044059,0.08014266
d__nasdaqcom_nasdaqcom__lag039,0.69279,0.103315,0.012312,0.08010514
m__ltdacbm027nbog_ltd__lag007,0.661442,0.089053,0.032041,0.08009655
q__bogz1fa593061105q_pension_ts_tx__lag006,0.978056,0.020107,0.061754,0.08006443
d__clsacbw027sbog_cons_loans__lag029,0.667712,0.075075,0.044834,0.08006405
d__clsacbw027sbog_cons_loans__lag055,0.667712,0.077699,0.042156,0.08002861
d__baa10y_baa10y__lag031,0.504702,0.150494,0.008061,0.08002308
q__bogz1fl892050005q_all_ffrepo__lag001,1.0,0.073803,0.006206,0.08000904
d__clsacbw027sbog_cons_loans__lag033,0.667712,0.076008,0.043815,0.08000683
q__bogz1fr663061165q_brokers_dealers_long_ts_reval__lag002,0.990596,0.060045,0.020704,0.07998943
d__dexmxus_dexmxus__lag026,0.407524,0.18228,0.01399,0.07998446
d__nasdaqcom_nasdaqcom__lag037,0.69279,0.105493,0.009852,0.07990956
d__nasdaqcom_nasdaqcom__lag049,0.69279,0.101456,0.013835,0.07987185
d__clsacbw027sbog_cons_loans__lag051,0.667712,0.077098,0.042488,0.07984871
d__totci_totci__lag017,0.667712,0.096856,0.022707,0.07983308
d__clsacbw027sbog_cons_loans__lag058,0.667712,0.07793,0.041621,0.07982551
d__anfci_anfci__lag066,0.69279,0.040457,0.074761,0.07982171
d__clsacbw027sbog_cons_loans__lag030,0.667712,0.074965,0.044572,0.07981576
q__bogz1fl073164013q_dj_index__lag001,0.69279,0.051077,0.064132,0.07981547
d__nasdaqcom_nasdaqcom__lag027,0.69279,0.103973,0.011194,0.07978701
d__clsacbw027sbog_cons_loans__lag031,0.667712,0.075458,0.043914,0.07970554
d__clsacbw027sbog_cons_loans__lag054,0.667712,0.077472,0.041881,0.07969357
q__bogz1fa743061103q_usb_tsy_dom_tx__lag005,0.981191,0.073005,0.00821,0.07968755
d__clsacbw027sbog_cons_loans__lag053,0.667712,0.077366,0.041969,0.07968135
d__nasdaqcom_nasdaqcom__lag001,0.69279,0.107728,0.007286,0.07968081
d__clsacbw027sbog_cons_loans__lag052,0.667712,0.077161,0.042072,0.07961328
d__nasdaqcom_nasdaqcom__lag028,0.69279,0.102205,0.012619,0.07954903
d__clsacbw027sbog_cons_loans__lag059,0.667712,0.077781,0.041298,0.07951007
d__vixcls_vixcls__lag052,0.454545,0.120106,0.054815,0.07950927
d__totci_totci__lag016,0.667712,0.095642,0.023417,0.07949681
d__nasdaqcom_nasdaqcom__lag013,0.69279,0.105504,0.009212,0.07947389
d__vixcls_vixcls__lag023,0.454545,0.162486,0.012301,0.07944878
d__anfci_anfci__lag065,0.69279,0.040337,0.074314,0.07942951
d__clsacbw027sbog_cons_loans__lag063,0.667712,0.077635,0.041217,0.07935908
d__clsacbw027sbog_cons_loans__lag060,0.667712,0.077656,0.041192,0.07935645
q__bogz1lm213061103q_state_local_gov_ts__lag007,0.987461,0.072071,0.00827,0.07933438
d__nasdaqcom_nasdaqcom__lag014,0.69279,0.106259,0.008154,0.07926397
d__nasdaqcom_nasdaqcom__lag011,0.69279,0.105287,0.00904,0.07920457
d__baa10y_baa10y__lag032,0.504702,0.150814,0.006052,0.07917055
q__bogz1fl763061100q_usb_tsy_oth__lag001,1.0,0.063131,0.016029,0.07915974
d__clsacbw027sbog_cons_loans__lag061,0.667712,0.077551,0.040993,0.07915304
d__clsacbw027sbog_cons_loans__lag062,0.667712,0.077722,0.040797,0.07913647
d__dexmxus_dexmxus__lag023,0.407524,0.180161,0.013921,0.07909321
m__ces3000000008_wage_man__lag010,1.0,0.063982,0.014934,0.07891587
d__dexcaus_dexcaus__lag010,0.69279,0.102593,0.011231,0.07885637
q__dividend_dividend__lag008,0.968652,0.055314,0.026077,0.07883976
d__clsacbw027sbog_cons_loans__lag064,0.667712,0.077819,0.040243,0.07883118
d__clsacbw027sbog_cons_loans__lag076,0.667712,0.079596,0.038339,0.07874669
d__totbkcr_totbkcr__lag001,0.667712,0.086649,0.031286,0.07874652
q__bogz1fa543061175q_life_insurance_ts_tx__lag002,0.990596,0.035039,0.04443,0.07872159
d__clsacbw027sbog_cons_loans__lag077,0.667712,0.079908,0.037978,0.07871421
d__clsacbw027sbog_cons_loans__lag070,0.667712,0.078207,0.039421,0.07854129
d__dexmxus_dexmxus__lag016,0.407524,0.175758,0.016959,0.07853676
q__bogz1fl313161305q_gov_nonmarketable_ts__lag003,1.0,0.075843,0.00266,0.07850368
q__fgtsl_fgtsl__lag005,0.99373,0.027675,0.051262,0.07844199
d__anfci_anfci__lag067,0.69279,0.040565,0.072637,0.07842548
d__clsacbw027sbog_cons_loans__lag068,0.667712,0.078018,0.039307,0.07833912
q__bogz1lm213061103q_state_local_gov_ts__lag006,0.990596,0.076946,0.002118,0.07832034
d__clsacbw027sbog_cons_loans__lag069,0.667712,0.078082,0.039196,0.07830845
m__ces3000000008_wage_man__lag008,1.0,0.063563,0.0147,0.07826336
m__amtmno_amtmno__lag001,0.429467,0.068155,0.114075,0.07826208
q__bogz1fl503061123q_ccps_ts__lag008,0.984326,0.039914,0.039591,0.07825926
q__impgs_imports__lag003,0.984326,0.048705,0.030752,0.07821208
d__clsacbw027sbog_cons_loans__lag065,0.667712,0.077314,0.039796,0.0781961
d__nasdaqcom_nasdaqcom__lag047,0.69279,0.099884,0.012973,0.07818622
q__bogz1lm223061143q_state_local_db_retirement_ts__lag003,1.0,0.069816,0.008347,0.07816243
q__a091rc1q027sbea_gov_interest_payments__lag002,0.987461,0.06194,0.017207,0.07815421
q__a091rc1q027sbea_fedgov_int__lag002,0.987461,0.06194,0.017207,0.07815421
q__drtscilm_loan_tight__lag005,0.435737,0.105282,0.074021,0.07812915
d__clsacbw027sbog_cons_loans__lag067,0.667712,0.077965,0.039045,0.07812903
m__ces3000000008_wage_man__lag012,1.0,0.066253,0.011867,0.07812035
d__clsacbw027sbog_cons_loans__lag075,0.667712,0.079239,0.037712,0.07808994
d__totbkcr_totbkcr__lag002,0.667712,0.086749,0.030153,0.07805678
d__dexmxus_dexmxus__lag024,0.407524,0.178756,0.012751,0.07804385
d__clsacbw027sbog_cons_loans__lag066,0.667712,0.077459,0.039268,0.07793997
d__baa10y_baa10y__lag030,0.504702,0.147687,0.006725,0.07793206
m__m2sl_m2__lag012,0.833856,0.045032,0.048384,0.07789614
d__clsacbw027sbog_cons_loans__lag084,0.667712,0.080583,0.036071,0.07789127
d__anfci_anfci__lag064,0.69279,0.04003,0.072351,0.07785585
q__fgrecpt_fgrecpt__lag005,0.978056,0.036076,0.04352,0.07784918
d__dexmxus_dexmxus__lag025,0.407524,0.18026,0.010668,0.07780767
d__clsacbw027sbog_cons_loans__lag071,0.667712,0.078447,0.038037,0.07777755
d__nasdaqcom_nasdaqcom__lag050,0.69279,0.099959,0.012297,0.07776988
d__clsacbw027sbog_cons_loans__lag074,0.667712,0.078985,0.037439,0.07773757
m__cpiulfsl_cpiulfsl__lag005,0.990596,0.0291,0.049354,0.07771615
d__clsacbw027sbog_cons_loans__lag079,0.667712,0.080049,0.036332,0.07770912
d__clsacbw027sbog_cons_loans__lag083,0.667712,0.080387,0.035968,0.07769145
d__clsacbw027sbog_cons_loans__lag078,0.667712,0.079709,0.0366,0.07766091
q__b456rc1q027sbea_nfcb_cfc__lag003,0.984326,0.056589,0.022303,0.07765532
d__clsacbw027sbog_cons_loans__lag082,0.667712,0.080293,0.035989,0.07764319
d__totbkcr_totbkcr__lag003,0.667712,0.086468,0.029795,0.07763016
d__clsacbw027sbog_cons_loans__lag072,0.667712,0.07821,0.037916,0.0775388
d__vixcls_vixcls__lag017,0.454545,0.124317,0.046131,0.07747651
q__qbpbsrskk_tier1rbc__lag001,0.526646,0.089438,0.057621,0.07744781
m__ces3000000008_wage_man__lag009,1.0,0.063356,0.014092,0.07744768
d__stlfsi4_stlfed_fin_stress_idx__lag089,0.404389,0.12875,0.062754,0.07744216
d__clsacbw027sbog_cons_loans__lag081,0.667712,0.080197,0.035782,0.0774404
d__vixcls_vixcls__lag025,0.454545,0.148737,0.02161,0.07743057
d__nasdaqcom_nasdaqcom__lag046,0.69279,0.099535,0.012213,0.07741803
d__totbkcr_totbkcr__lag007,0.667712,0.086128,0.029725,0.07735662
d__totci_totci__lag015,0.667712,0.091863,0.023952,0.07733126
d__clsacbw027sbog_cons_loans__lag080,0.667712,0.080055,0.035746,0.07732219
d__anfci_anfci__lag001,0.69279,0.019073,0.09248,0.07728314
d__clsacbw027sbog_cons_loans__lag090,0.664577,0.081768,0.034497,0.07726703
m__dspi_dspi__lag002,0.84326,0.071104,0.020509,0.0772539
m__ltdacbm027nbog_ltd__lag001,0.667712,0.087547,0.028139,0.07724509
d__clsacbw027sbog_cons_loans__lag088,0.667712,0.081371,0.034296,0.07723214
q__qbpbslevk_tier1lc__lag001,0.526646,0.089182,0.057443,0.07721951
d__totbkcr_totbkcr__lag006,0.667712,0.086113,0.029534,0.07721884
d__clsacbw027sbog_cons_loans__lag073,0.667712,0.07822,0.037388,0.07719305
q__bogz1fl884135005q_dom_loan_l__lag004,0.996865,0.069191,0.008208,0.07715577
q__a024rc1q027sbea_cfc__lag005,0.978056,0.062768,0.016117,0.07715392
d__clsacbw027sbog_cons_loans__lag085,0.667712,0.080513,0.034837,0.07702077
d__dexcaus_dexcaus__lag002,0.69279,0.102966,0.008203,0.07701656
d__clsacbw027sbog_cons_loans__lag086,0.667712,0.080183,0.03514,0.07700272
m__rmfsl_mmf__lag006,0.664577,0.040878,0.074956,0.07698088
d__totbkcr_totbkcr__lag005,0.667712,0.085892,0.029388,0.0769735
d__totbkcr_totbkcr__lag004,0.667712,0.085829,0.029411,0.07694735
d__nasdaqcom_nasdaqcom__lag041,0.69279,0.101588,0.00948,0.07694698
d__clsacbw027sbog_cons_loans__lag087,0.667712,0.080967,0.034261,0.07693871
d__nasdaqcom_nasdaqcom__lag045,0.69279,0.097529,0.0135,0.07691985
q__bogz1fl704035005q_usb_loan_a__lag001,1.0,0.070882,0.006033,0.07691493
d__clsacbw027sbog_cons_loans__lag089,0.664577,0.081525,0.034102,0.07684304
d__dexcaus_dexcaus__lag013,0.69279,0.107553,0.003277,0.07678194
d__stlfsi4_stlfed_fin_stress_idx__lag085,0.404389,0.119134,0.070521,0.07669434
q__b461rc1q027sbea_netva_wages__lag008,0.968652,0.074036,0.005079,0.07663491
q__bogz1fl892050005q_all_ffrepo__lag002,1.0,0.050937,0.025573,0.07651023
q__fgdef_fgdef__lag007,0.971787,0.024064,0.054645,0.07648854
d__dexcaus_dexcaus__lag011,0.69279,0.103181,0.007214,0.07648084
d__anfci_anfci__lag063,0.69279,0.039956,0.070369,0.07643246
q__w326rc1q027sbea_net_op_surplus__lag001,0.990596,0.017497,0.059639,0.0764108
d__anfci_anfci__lag068,0.69279,0.039582,0.070709,0.07640824
d__dexmxus_dexmxus__lag022,0.407524,0.176496,0.010851,0.07634815
d__stlfsi4_stlfed_fin_stress_idx__lag087,0.404389,0.118543,0.070205,0.07632761
q__rowceaq027s_row_corpequities_flow__lag004,0.984326,0.020629,0.056695,0.07611224
q__psave_psave__lag007,0.971787,0.031907,0.046348,0.07604711
d__anfci_anfci__lag002,0.69279,0.01784,0.091822,0.07597255
m__cpiaucsl_cpiaucsl__lag005,0.990596,0.029051,0.04755,0.07588001
m__ces3000000008_wage_man__lag005,1.0,0.060182,0.015639,0.07582116
q__bogz1fr513061115q_pci_bills_reval__lag002,0.990596,0.015786,0.060699,0.0757663
d__nasdaqcom_nasdaqcom__lag040,0.69279,0.101867,0.007489,0.07576018
d__nasdaqcom_nasdaqcom__lag042,0.69279,0.101063,0.008166,0.07567254
d__dexmxus_dexmxus__lag018,0.407524,0.177719,0.007839,0.07561929
d__stlfsi4_stlfed_fin_stress_idx__lag086,0.404389,0.119184,0.067736,0.07558834
q__rrvrusq156n_rental_vacancy__lag007,0.858934,0.027127,0.060809,0.07553122
d__vixcls_vixcls__lag022,0.454545,0.152107,0.014048,0.07552514
q__bogz1fa223061143q_state_local_db_retirement_ts_tx__lag002,0.990596,0.066961,0.009216,0.07546095
d__totbkcr_totbkcr__lag014,0.667712,0.08653,0.026315,0.07534761
q__bogz1fl663061165q_brokers_dealers_long_ts__lag005,0.99373,0.036377,0.039418,0.07532024
d__totbkcr_totbkcr__lag008,0.667712,0.085912,0.026885,0.07531588
q__drtscilm_loan_tight__lag008,0.426332,0.073187,0.103449,0.0753054
m__ces3000000008_wage_man__lag007,1.0,0.059012,0.016282,0.07529359
d__dexmxus_dexmxus__lag017,0.407524,0.174327,0.010406,0.07528278
d__anfci_anfci__lag062,0.69279,0.039886,0.068763,0.07527049
d__nasdaqcom_nasdaqcom__lag043,0.69279,0.099227,0.009359,0.07522749
q__fgrecpt_fgrecpt__lag001,0.990596,0.014706,0.061006,0.0750002
q__bogz1fl313024000q_tres_oper_cash__lag006,0.990596,0.00324,0.072452,0.07498009
d__totbkcr_totbkcr__lag009,0.667712,0.085717,0.026542,0.07495637
q__rowceaq027s_row_corpequities_flow__lag008,0.971787,0.056692,0.02044,0.07495545
d__totbkcr_totbkcr__lag010,0.667712,0.086108,0.026104,0.07492544
q__bogz1fa313161305q_gov_nonmarketable_ts_tx__lag006,0.978056,0.063809,0.012789,0.07491744
d__totbkcr_totbkcr__lag013,0.667712,0.086367,0.025749,0.07486117
d__dexmxus_dexmxus__lag020,0.407524,0.181452,0.002203,0.0748439
d__dexcaus_dexcaus__lag001,0.69279,0.107625,0.000383,0.07482645
q__b092rc1q027sbea_gov_int_priv__lag002,0.824451,0.068072,0.022661,0.07480482
m__ces3000000008_wage_man__lag006,1.0,0.059598,0.015191,0.07478878
d__totbkcr_totbkcr__lag012,0.667712,0.086165,0.025681,0.0746808
q__pcesv_pcesv__lag005,0.978056,0.070032,0.006322,0.0746786
d__anfci_anfci__lag003,0.69279,0.017017,0.090756,0.07466396
d__usepuindxd_policy_uncertainty__lag012,0.517241,0.115973,0.028357,0.07465333
q__a091rc1q027sbea_gov_interest_payments__lag005,0.978056,0.032057,0.0442,0.0745836
q__a091rc1q027sbea_fedgov_int__lag005,0.978056,0.032057,0.0442,0.0745836
m__mtsr133fms_fedgov_rcpt__lag005,0.567398,0.044641,0.086787,0.07457247
q__bogz1fl633061110q_mmf_bills_raw__lag008,0.984326,0.061429,0.014323,0.07456481
q__bogz1fl633061110q_mmf_bills__lag008,0.984326,0.061429,0.014323,0.07456481
m__ces3000000008_wage_man__lag002,1.0,0.060526,0.014018,0.07454405
d__totbkcr_totbkcr__lag011,0.667712,0.085756,0.025871,0.07453446
d__totbkcr_totbkcr__lag077,0.667712,0.088242,0.023194,0.07440685
d__totbkcr_totbkcr__lag088,0.667712,0.088862,0.022573,0.0744063
d__totbkcr_totbkcr__lag084,0.667712,0.088225,0.022908,0.07420531
q__gdpc1_real_gdp__lag003,0.984326,0.043059,0.032305,0.07418226
d__totbkcr_totbkcr__lag087,0.667712,0.088674,0.022407,0.07416973
d__totbkcr_totbkcr__lag021,0.667712,0.088091,0.022987,0.07416786
d__totbkcr_totbkcr__lag078,0.667712,0.088015,0.022998,0.07412471
d__totbkcr_totbkcr__lag085,0.667712,0.088372,0.022627,0.07411531
d__totbkcr_totbkcr__lag086,0.667712,0.088206,0.022761,0.07409352
d__totbkcr_totbkcr__lag049,0.667712,0.088603,0.022334,0.07407414
q__w326rc1q027sbea_net_op_surplus__lag005,0.978056,0.047224,0.028465,0.07402742
q__bogz1fa753061103q_usb_tsy_for_tx__lag007,0.974922,0.048747,0.02718,0.07402302
d__totbkcr_totbkcr__lag018,0.667712,0.087622,0.023237,0.07402198
q__qbpbsrskk_tier1rbc__lag002,0.523511,0.079535,0.061792,0.07398642
d__totbkcr_totbkcr__lag090,0.664577,0.08884,0.022485,0.07398412
d__totbkcr_totbkcr__lag076,0.667712,0.087781,0.022972,0.07395104
d__totbkcr_totbkcr__lag020,0.667712,0.087896,0.022813,0.07392224
d__totbkcr_totbkcr__lag048,0.667712,0.088511,0.022171,0.07390397
d__totbkcr_totbkcr__lag089,0.664577,0.088855,0.022339,0.07389707
d__totbkcr_totbkcr__lag075,0.667712,0.087702,0.022955,0.0738869
q__bogz1fl313161305q_gov_nonmarketable_ts__lag007,0.987461,0.027737,0.047085,0.07388433
d__dexmxus_dexmxus__lag019,0.407524,0.177454,0.003735,0.07383872
q__qbpbslevk_tier1lc__lag002,0.523511,0.079326,0.061715,0.07383672
d__totbkcr_totbkcr__lag042,0.667712,0.087998,0.022563,0.07382286
d__stlfsi4_stlfed_fin_stress_idx__lag088,0.404389,0.112724,0.069818,0.07381827
m__ces3000000008_wage_man__lag004,1.0,0.056438,0.017379,0.07381678
m__rmfsl_mmf__lag002,0.667712,0.020896,0.08965,0.07381327
d__totbkcr_totbkcr__lag074,0.667712,0.087597,0.02293,0.07379986
d__totbkcr_totbkcr__lag035,0.667712,0.087426,0.023077,0.07378406
d__totbkcr_totbkcr__lag071,0.667712,0.087442,0.023034,0.07376623
q__bogz1fl262051003q_row_rrp__lag005,0.99373,0.044225,0.029992,0.07375147
d__totbkcr_totbkcr__lag047,0.667712,0.088229,0.022189,0.07372753
d__nasdaqcom_nasdaqcom__lag044,0.69279,0.096644,0.009748,0.07370697
d__totbkcr_totbkcr__lag016,0.667712,0.086984,0.023401,0.07370581
d__totbkcr_totbkcr__lag019,0.667712,0.087582,0.022798,0.07370186
d__totbkcr_totbkcr__lag029,0.667712,0.087699,0.022664,0.0736906
d__totbkcr_totbkcr__lag028,0.667712,0.087657,0.022704,0.07368935
d__totbkcr_totbkcr__lag083,0.667712,0.087836,0.022496,0.07367014
d__totbkcr_totbkcr__lag015,0.667712,0.086719,0.023506,0.0735986
d__totbkcr_totbkcr__lag022,0.667712,0.087753,0.022465,0.07359389
d__totbkcr_totbkcr__lag050,0.667712,0.088559,0.021643,0.07358331
d__totbkcr_totbkcr__lag079,0.667712,0.087406,0.022766,0.07356321
d__totbkcr_totbkcr__lag034,0.667712,0.087401,0.022762,0.07355714
d__totbkcr_totbkcr__lag082,0.667712,0.087694,0.022451,0.07354498
d__totbkcr_totbkcr__lag043,0.667712,0.088106,0.022032,0.07354009
d__totbkcr_totbkcr__lag070,0.667712,0.087615,0.022499,0.07352454
d__totbkcr_totbkcr__lag057,0.667712,0.08846,0.021604,0.07349137
d__totbkcr_totbkcr__lag046,0.667712,0.088085,0.021971,0.0734859
d__totbkcr_totbkcr__lag044,0.667712,0.087929,0.022124,0.07348382
d__totbkcr_totbkcr__lag017,0.667712,0.08683,0.023217,0.07347998
d__totbkcr_totbkcr__lag027,0.667712,0.08764,0.022391,0.07346862
d__totbkcr_totbkcr__lag080,0.667712,0.087465,0.022557,0.07346294
d__totbkcr_totbkcr__lag081,0.667712,0.087586,0.022403,0.07344076
m__pcepi_pcepi__lag003,0.84326,0.032909,0.05418,0.07343883
m__pcepi_pce_price_index__lag003,0.84326,0.032909,0.05418,0.07343883
d__vixcls_vixcls__lag054,0.454545,0.124273,0.037288,0.07343654
d__stlfsi4_stlfed_fin_stress_idx__lag066,0.404389,0.118655,0.062906,0.07342136
m__pcuomfgomfg_ppi_man__lag001,0.520376,0.011113,0.129926,0.07339327
d__totbkcr_totbkcr__lag030,0.667712,0.087158,0.022747,0.07338528
d__totbkcr_totbkcr__lag073,0.667712,0.087189,0.022699,0.07337383
d__totbkcr_totbkcr__lag045,0.667712,0.088094,0.021735,0.07333384
q__fbtsatq027s_dom_fin_sector_tsy_tx__lag006,0.978056,0.064773,0.010197,0.07332466
d__totbkcr_totbkcr__lag072,0.667712,0.087155,0.022652,0.07331982
d__dexmxus_dexmxus__lag021,0.407524,0.174472,0.005437,0.07331697
d__vixcls_vixcls__lag019,0.454545,0.123593,0.0377,0.07331523
d__totbkcr_totbkcr__lag024,0.667712,0.087784,0.021981,0.07329091
d__totbkcr_totbkcr__lag041,0.667712,0.087748,0.021998,0.07327861
d__totbkcr_totbkcr__lag031,0.667712,0.087174,0.022566,0.07327482
d__totbkcr_totbkcr__lag023,0.667712,0.087381,0.022349,0.07326766
d__totbkcr_totbkcr__lag036,0.667712,0.087235,0.022475,0.07325444
m__dgorder_dgorder__lag001,0.429467,0.120361,0.050204,0.07325216
d__totbkcr_totbkcr__lag026,0.667712,0.087405,0.022279,0.07323714
d__totbkcr_totbkcr__lag033,0.667712,0.08721,0.022464,0.07323062
d__totbkcr_totbkcr__lag056,0.667712,0.088432,0.021201,0.07320333
d__totbkcr_totbkcr__lag032,0.667712,0.087135,0.022448,0.07317024
d__totbkcr_totbkcr__lag064,0.667712,0.087427,0.02213,0.07315267
d__totbkcr_totbkcr__lag051,0.667712,0.088169,0.021352,0.07312839
d__totbkcr_totbkcr__lag058,0.667712,0.087753,0.021756,0.07312029
d__totbkcr_totbkcr__lag055,0.667712,0.088452,0.020996,0.0730796
d__totbkcr_totbkcr__lag069,0.667712,0.087408,0.022028,0.07307146
d__totbkcr_totbkcr__lag060,0.667712,0.087567,0.021796,0.07302304
d__totbkcr_totbkcr__lag040,0.667712,0.087657,0.021651,0.0729864
m__pcepi_pcepi__lag004,0.840125,0.033036,0.053796,0.07294945
m__pcepi_pce_price_index__lag004,0.840125,0.033036,0.053796,0.07294945
d__totbkcr_totbkcr__lag062,0.667712,0.08752,0.021731,0.07294827
d__totbkcr_totbkcr__lag063,0.667712,0.087679,0.021542,0.07292815
d__totbkcr_totbkcr__lag068,0.667712,0.087232,0.021983,0.07292385
d__totbkcr_totbkcr__lag054,0.667712,0.088369,0.020837,0.07291796
d__totbkcr_totbkcr__lag061,0.667712,0.087556,0.021639,0.07291093
d__totbkcr_totbkcr__lag052,0.667712,0.088177,0.021002,0.07290036
d__totbkcr_totbkcr__lag053,0.667712,0.088396,0.02078,0.07289805
d__totbkcr_totbkcr__lag059,0.667712,0.087541,0.021553,0.07284353
d__totbkcr_totbkcr__lag025,0.667712,0.087414,0.021668,0.07283521
d__totbkcr_totbkcr__lag037,0.667712,0.086965,0.022102,0.07282505
q__bogz1lm563061103q_etfs_ts__lag005,0.99373,0.049725,0.023559,0.07282483
q__bogz1lm563061103q_etfs_ts__lag003,1.0,0.049866,0.022953,0.07281853
d__totbkcr_totbkcr__lag067,0.667712,0.087209,0.021824,0.07280259
d__totbkcr_totbkcr__lag065,0.667712,0.086847,0.022184,0.07280095
d__anfci_anfci__lag004,0.69279,0.017779,0.087295,0.07279413
m__ces3000000008_wage_man__lag003,1.0,0.05748,0.015294,0.07277392
d__totbkcr_totbkcr__lag039,0.667712,0.087369,0.021578,0.07274521
q__b456rc1q027sbea_nfcb_cfc__lag002,0.987461,0.050719,0.022898,0.07269361
d__totbkcr_totbkcr__lag038,0.667712,0.087302,0.021557,0.07268639
d__totbkcr_totbkcr__lag066,0.667712,0.086914,0.021902,0.07265807
q__bogz1lm105020015q_nfcb_inventories__lag006,0.990596,0.042991,0.030174,0.07247622
q__bogz1fr553061103q_closed_end_funds_ts_reval__lag002,0.990596,0.037166,0.035942,0.07242056
q__w326rc1q027sbea_net_op_surplus__lag002,0.987461,0.043079,0.030246,0.0724055
d__stlfsi4_stlfed_fin_stress_idx__lag084,0.404389,0.108568,0.070414,0.07237864
d__anfci_anfci__lag059,0.69279,0.034842,0.069382,0.07220597
d__stlfsi4_stlfed_fin_stress_idx__lag057,0.404389,0.140822,0.037709,0.07219571
m__pcepi_pcepi__lag001,0.84326,0.033388,0.052208,0.07218015
m__pcepi_pce_price_index__lag001,0.84326,0.033388,0.052208,0.07218015
m__pcend_pcend__lag006,0.840125,0.022912,0.062972,0.07215306
q__bogz1fa733061103q_holding_companies_ts_tx__lag007,0.974922,0.002331,0.071358,0.07184143
m__baaffm_baaff__lag012,0.890282,0.042499,0.038086,0.07174327
q__tfaabsnncb_nfcb_tfa__lag001,1.0,0.049657,0.022048,0.071705
q__bogz1fa713068703q_fed_dw_tx__lag001,0.99373,0.034106,0.038051,0.07170383
q__w328rc1q027sbea_nfcb_pat__lag003,0.984326,0.034823,0.037994,0.07167556
m__pcuomfgomfg_ppi_man__lag003,0.517241,0.005099,0.133466,0.07167159
d__anfci_anfci__lag058,0.69279,0.03447,0.068898,0.07161238
q__bogz1lm563061103q_etfs_ts__lag002,1.0,0.046215,0.025332,0.07154741
q__bogz1fa263061130q_row_gov_tsy_tx__lag007,0.974922,0.063486,0.009874,0.07152019
m__neworder_neworder__lag012,0.416928,0.10449,0.067032,0.07151249
q__bogz1fa263061130q_row_gov_tsy_tx__lag006,0.978056,0.019889,0.05304,0.07132894
m__umcsent_umcsent__lag010,0.912226,0.020267,0.057923,0.07132631
q__bogz1lm102010005q_nfcb_nfassets__lag001,1.0,0.02638,0.04492,0.07130057
m__pcepi_pcepi__lag002,0.84326,0.032121,0.052416,0.07128671
m__pcepi_pce_price_index__lag002,0.84326,0.032121,0.052416,0.07128671
m__cpiulfsl_cpiulfsl__lag006,0.990596,0.029378,0.04257,0.07127138
q__bogz1fa743061103q_usb_tsy_dom_tx__lag001,0.99373,0.069535,0.002088,0.07117396
q__bogz1fa313161110q_totalbills_z1_tx__lag007,0.974922,0.020516,0.052477,0.07116257
d__stlfsi4_stlfed_fin_stress_idx__lag065,0.404389,0.116733,0.059168,0.07113237
d__anfci_anfci__lag005,0.69279,0.018046,0.084399,0.07097239
q__qbpbslevk_tier1lc__lag008,0.504702,0.089577,0.050953,0.07092591
q__bogz1fr343061113q_fed_gov_dcf_retirement_ts_reval__lag002,0.990596,0.049498,0.022076,0.07090132
q__qbpbsrskk_tier1rbc__lag008,0.504702,0.089452,0.050978,0.07087509
m__pcend_pcend__lag005,0.840125,0.020475,0.063879,0.07086866
q__impgs_imports__lag004,0.981191,0.04071,0.03151,0.07086154
q__a457rc1q027sbea_netva_nfcb__lag008,0.968652,0.07173,0.001393,0.07083093
q__bogz1lm102010005q_nfcb_nfassets__lag004,0.996865,0.037079,0.033971,0.07082688
q__bogz1fr343061105q_fed_gov_retirement_ts_reval__lag002,0.990596,0.055734,0.015645,0.07070733
q__bogz1fl633061105q_mmf_tsy_raw__lag005,0.99373,0.034767,0.036335,0.07065588
q__bogz1fl633061105q_money_market_funds_ts__lag005,0.99373,0.034767,0.036335,0.07065588
q__b456rc1q027sbea_nfcb_cfc__lag001,0.990596,0.043914,0.027324,0.07056888
m__cpiaucsl_cpiaucsl__lag006,0.990596,0.02958,0.041653,0.07056314
m__ces3000000008_wage_man__lag001,1.0,0.058036,0.012469,0.07050472
m__pcedg_pcedg__lag010,0.833856,0.056778,0.027759,0.07049235
q__bogz1fl263061145q_row_priv_tsy__lag004,0.996865,0.045231,0.025431,0.07043985
d__relacbw027sbog_relacbw027sbog__lag081,0.667712,0.085221,0.020163,0.07036605
d__relacbw027sbog_re_loans__lag081,0.667712,0.085221,0.020163,0.07036605
d__relacbw027sbog_real_estate_loan__lag081,0.667712,0.085221,0.020163,0.07036605
q__b092rc1q027sbea_gov_int_priv__lag006,0.811912,0.03484,0.051786,0.07033277
q__bogz1fl633061105q_mmf_tsy_raw__lag007,0.987461,0.033705,0.037517,0.07032869
q__bogz1fl633061105q_money_market_funds_ts__lag007,0.987461,0.033705,0.037517,0.07032869
d__stlfsi4_stlfed_fin_stress_idx__lag067,0.404389,0.119255,0.05464,0.07032143
d__relacbw027sbog_relacbw027sbog__lag082,0.667712,0.085478,0.019747,0.07026035
d__relacbw027sbog_re_loans__lag082,0.667712,0.085478,0.019747,0.07026035
d__relacbw027sbog_real_estate_loan__lag082,0.667712,0.085478,0.019747,0.07026035
d__stlfsi4_stlfed_fin_stress_idx__lag068,0.404389,0.12276,0.050804,0.07018742
d__anfci_anfci__lag060,0.69279,0.035454,0.06584,0.0701753
d__relacbw027sbog_relacbw027sbog__lag084,0.667712,0.085729,0.019298,0.0701279
d__relacbw027sbog_re_loans__lag084,0.667712,0.085729,0.019298,0.0701279
d__relacbw027sbog_real_estate_loan__lag084,0.667712,0.085729,0.019298,0.0701279
d__relacbw027sbog_relacbw027sbog__lag083,0.667712,0.085531,0.019493,0.07012546
d__relacbw027sbog_re_loans__lag083,0.667712,0.085531,0.019493,0.07012546
d__relacbw027sbog_real_estate_loan__lag083,0.667712,0.085531,0.019493,0.07012546
q__dividend_dividend__lag003,0.984326,0.016276,0.054703,0.06986721
q__bogz1fr753061103q_usb_tsy_for_reval__lag002,0.990596,0.065079,0.005392,0.06980805
m__cpiaucsl_cpiaucsl__lag011,0.984326,0.042879,0.028025,0.06979241
m__uspriv_uspriv__lag011,1.0,0.061338,0.008436,0.06977435
d__relacbw027sbog_relacbw027sbog__lag085,0.667712,0.08553,0.018891,0.06972359
d__relacbw027sbog_re_loans__lag085,0.667712,0.08553,0.018891,0.06972359
d__relacbw027sbog_real_estate_loan__lag085,0.667712,0.08553,0.018891,0.06972359
q__fgtsl_fgtsl__lag006,0.990596,0.019232,0.051107,0.06967707
m__pcuomfgomfg_ppi_man__lag002,0.517241,0.007817,0.126704,0.06957953
q__fgtsl_fgtsl__lag007,0.987461,0.018968,0.051441,0.06952619
d__relacbw027sbog_relacbw027sbog__lag080,0.667712,0.084338,0.019634,0.06942329
d__relacbw027sbog_re_loans__lag080,0.667712,0.084338,0.019634,0.06942329
d__relacbw027sbog_real_estate_loan__lag080,0.667712,0.084338,0.019634,0.06942329
q__bogz1lm563061103q_etfs_ts__lag004,0.996865,0.05115,0.018406,0.06933775
q__bogz1fa105019005q_nfcb_gfi__lag005,0.981191,0.0492,0.021427,0.06929843
m__cpiaucsl_cpiaucsl__lag012,0.984326,0.045077,0.025272,0.06924613
d__stlfsi4_stlfed_fin_stress_idx__lag058,0.404389,0.140607,0.030625,0.0692443
d__relacbw027sbog_relacbw027sbog__lag087,0.667712,0.084914,0.018775,0.06923448
d__relacbw027sbog_re_loans__lag087,0.667712,0.084914,0.018775,0.06923448
d__relacbw027sbog_real_estate_loan__lag087,0.667712,0.084914,0.018775,0.06923448
m__pcuomfgomfg_ppi_man__lag004,0.517241,0.003505,0.130301,0.06921024
m__payems_nonfarm_payrolls__lag011,1.0,0.051769,0.017377,0.06914577
d__relacbw027sbog_relacbw027sbog__lag088,0.667712,0.084918,0.018591,0.06911431
d__relacbw027sbog_re_loans__lag088,0.667712,0.084918,0.018591,0.06911431
d__relacbw027sbog_real_estate_loan__lag088,0.667712,0.084918,0.018591,0.06911431
q__rownblq027s_row_nonfinbusinessloans_flow__lag008,0.971787,0.024269,0.046843,0.06910637
d__relacbw027sbog_relacbw027sbog__lag086,0.667712,0.084814,0.018532,0.06900484
d__relacbw027sbog_re_loans__lag086,0.667712,0.084814,0.018532,0.06900484
d__relacbw027sbog_real_estate_loan__lag086,0.667712,0.084814,0.018532,0.06900484
q__tnwhcbsnncb_nfcb_hc_nw__lag001,1.0,0.029943,0.039005,0.06894822
q__bogz1lm213061103q_state_local_gov_ts__lag004,0.996865,0.056533,0.012618,0.06893409
q__qbpbsrskk_tier1rbc__lag003,0.520376,0.073216,0.059183,0.06889756
d__anfci_anfci__lag057,0.69279,0.033486,0.065954,0.06889138
d__relacbw027sbog_relacbw027sbog__lag090,0.664577,0.08507,0.018474,0.06881312
d__relacbw027sbog_re_loans__lag090,0.664577,0.08507,0.018474,0.06881312
d__relacbw027sbog_real_estate_loan__lag090,0.664577,0.08507,0.018474,0.06881312
d__relacbw027sbog_relacbw027sbog__lag089,0.664577,0.08481,0.018722,0.06880518
d__relacbw027sbog_re_loans__lag089,0.664577,0.08481,0.018722,0.06880518
d__relacbw027sbog_real_estate_loan__lag089,0.664577,0.08481,0.018722,0.06880518
q__qbpbslevk_tier1lc__lag003,0.520376,0.073042,0.059033,0.06872883
q__rhvrusq156n_owner_vacancy__lag004,0.868339,0.037244,0.041869,0.06869681
m__mtso133fms_fedgov_out__lag011,0.561129,0.121473,0.000919,0.06867789
m__cpiulfsl_cpiulfsl__lag011,0.984326,0.043568,0.026183,0.06865707
q__bogz1fl884035005q_dom_loan_a__lag003,1.0,0.066941,0.001478,0.06841838
d__anfci_anfci__lag061,0.69279,0.035128,0.06362,0.0684117
d__relacbw027sbog_relacbw027sbog__lag079,0.667712,0.083382,0.019028,0.06838006
d__relacbw027sbog_re_loans__lag079,0.667712,0.083382,0.019028,0.06838006
d__relacbw027sbog_real_estate_loan__lag079,0.667712,0.083382,0.019028,0.06838006
m__pcepi_pcepi__lag005,0.840125,0.032118,0.048966,0.06812098
m__pcepi_pce_price_index__lag005,0.840125,0.032118,0.048966,0.06812098
d__relacbw027sbog_relacbw027sbog__lag078,0.667712,0.08338,0.018545,0.06805655
d__relacbw027sbog_re_loans__lag078,0.667712,0.08338,0.018545,0.06805655
d__relacbw027sbog_real_estate_loan__lag078,0.667712,0.08338,0.018545,0.06805655
d__relacbw027sbog_relacbw027sbog__lag076,0.667712,0.082872,0.018933,0.06797666
d__relacbw027sbog_re_loans__lag076,0.667712,0.082872,0.018933,0.06797666
d__relacbw027sbog_real_estate_loan__lag076,0.667712,0.082872,0.018933,0.06797666
q__a024rc1q027sbea_cfc__lag004,0.981191,0.053456,0.015769,0.06792277
d__stlfsi4_stlfed_fin_stress_idx__lag060,0.404389,0.139885,0.027878,0.06784169
q__tfaabshno_hhnp_tfa__lag006,0.990596,0.03407,0.03437,0.06779617
d__relacbw027sbog_relacbw027sbog__lag074,0.667712,0.082091,0.019443,0.06779592
d__relacbw027sbog_re_loans__lag074,0.667712,0.082091,0.019443,0.06779592
d__relacbw027sbog_real_estate_loan__lag074,0.667712,0.082091,0.019443,0.06779592
m__ltdacbm027nbog_ltd__lag002,0.667712,0.071679,0.029827,0.06777635
d__relacbw027sbog_relacbw027sbog__lag077,0.667712,0.083574,0.017908,0.06776052
d__relacbw027sbog_re_loans__lag077,0.667712,0.083574,0.017908,0.06776052
d__relacbw027sbog_real_estate_loan__lag077,0.667712,0.083574,0.017908,0.06776052
d__usepuindxd_policy_uncertainty__lag083,0.517241,0.012798,0.118204,0.0677597
d__relacbw027sbog_relacbw027sbog__lag073,0.667712,0.081326,0.020098,0.06772213
d__relacbw027sbog_re_loans__lag073,0.667712,0.081326,0.020098,0.06772213
d__relacbw027sbog_real_estate_loan__lag073,0.667712,0.081326,0.020098,0.06772213
q__gdpc1_real_gdp__lag002,0.987461,0.023223,0.045325,0.06768764
d__relacbw027sbog_relacbw027sbog__lag075,0.667712,0.082438,0.018921,0.06767826
d__relacbw027sbog_re_loans__lag075,0.667712,0.082438,0.018921,0.06767826
d__relacbw027sbog_real_estate_loan__lag075,0.667712,0.082438,0.018921,0.06767826
q__bogz1fl763061100q_usb_tsy_oth__lag005,0.99373,0.065184,0.002881,0.0676386
q__fpi_fpi__lag007,0.971787,0.047495,0.022098,0.06762996
q__fpi_invest_priv_fixed__lag007,0.971787,0.047495,0.022098,0.06762996
q__bogz1fa263061110q_row_bills_tx__lag006,0.978056,0.005055,0.064056,0.06759447
m__cpiulfsl_cpiulfsl__lag012,0.984326,0.045758,0.022772,0.06745657
d__anfci_anfci__lag056,0.69279,0.032906,0.064428,0.06743261
q__bogz1fa593061105q_pension_ts_tx__lag007,0.974922,0.062946,0.006194,0.06740605
m__cpiaucsl_cpiaucsl__lag007,0.987461,0.031337,0.036912,0.06739347
d__stlfsi4_stlfed_fin_stress_idx__lag059,0.404389,0.137393,0.029231,0.06738062
q__bogz1lm105020015q_nfcb_inventories__lag002,1.0,0.010136,0.057107,0.06724371
q__w328rc1q027sbea_nfcb_pat__lag006,0.974922,0.049017,0.019937,0.06722525
q__gdpc1_real_gdp__lag004,0.981191,0.050121,0.018384,0.06721709
m__cpiulfsl_cpiulfsl__lag007,0.987461,0.03089,0.037171,0.06720766
q__w326rc1q027sbea_net_op_surplus__lag006,0.974922,0.042214,0.026721,0.06720593
q__qbpbsrskk_tier1rbc__lag007,0.507837,0.085147,0.047048,0.0671333
q__qbpbslevk_tier1lc__lag007,0.507837,0.085213,0.046974,0.06712964
m__rmfsl_mmf__lag005,0.664577,0.024914,0.07609,0.06712504
q__gsave_gsave__lag005,0.978056,0.023702,0.044884,0.06708137
d__anfci_anfci__lag055,0.69279,0.033707,0.063108,0.06707249
q__iatashcbsnncb_nfcb_hc_inventories__lag002,1.0,0.029117,0.037829,0.06694601
d__relacbw027sbog_relacbw027sbog__lag072,0.667712,0.080929,0.019244,0.0668869
d__relacbw027sbog_re_loans__lag072,0.667712,0.080929,0.019244,0.0668869
d__relacbw027sbog_real_estate_loan__lag072,0.667712,0.080929,0.019244,0.0668869
d__relacbw027sbog_relacbw027sbog__lag053,0.667712,0.078777,0.021327,0.06684081
d__relacbw027sbog_re_loans__lag053,0.667712,0.078777,0.021327,0.06684081
d__relacbw027sbog_real_estate_loan__lag053,0.667712,0.078777,0.021327,0.06684081
m__mtsr133fms_fedgov_rcpt__lag004,0.567398,0.009634,0.108075,0.06678807
d__relacbw027sbog_relacbw027sbog__lag054,0.667712,0.078646,0.02128,0.06672199
d__relacbw027sbog_re_loans__lag054,0.667712,0.078646,0.02128,0.06672199
d__relacbw027sbog_real_estate_loan__lag054,0.667712,0.078646,0.02128,0.06672199
q__pnfi_priv_nonres_fi__lag001,0.990596,0.010048,0.057298,0.06671281
m__pcepilfe_pcepilfe__lag012,0.833856,0.051841,0.02812,0.06667627
q__bogz1fr573061105q_private_pension_ts_reval__lag002,0.990596,0.051313,0.01595,0.06662975
q__ad02rc1q027sbea_gov_netlending__lag006,0.818182,0.070062,0.011364,0.06662141
d__relacbw027sbog_relacbw027sbog__lag061,0.667712,0.078613,0.021082,0.06656737
d__relacbw027sbog_re_loans__lag061,0.667712,0.078613,0.021082,0.06656737
d__relacbw027sbog_real_estate_loan__lag061,0.667712,0.078613,0.021082,0.06656737
d__relacbw027sbog_relacbw027sbog__lag063,0.667712,0.078717,0.020941,0.06654255
d__relacbw027sbog_re_loans__lag063,0.667712,0.078717,0.020941,0.06654255
d__relacbw027sbog_real_estate_loan__lag063,0.667712,0.078717,0.020941,0.06654255
d__relacbw027sbog_relacbw027sbog__lag055,0.667712,0.078634,0.021013,0.06653536
d__relacbw027sbog_re_loans__lag055,0.667712,0.078634,0.021013,0.06653536
d__relacbw027sbog_real_estate_loan__lag055,0.667712,0.078634,0.021013,0.06653536
q__bogz1fl313161305q_gov_nonmarketable_ts__lag008,0.984326,0.042868,0.024722,0.06653063
d__relacbw027sbog_relacbw027sbog__lag062,0.667712,0.078635,0.02099,0.06652062
d__relacbw027sbog_re_loans__lag062,0.667712,0.078635,0.02099,0.06652062
d__relacbw027sbog_real_estate_loan__lag062,0.667712,0.078635,0.02099,0.06652062
q__bogz1fl313161305q_gov_nonmarketable_ts__lag006,0.990596,0.027936,0.039111,0.06641645
q__b461rc1q027sbea_netva_wages__lag007,0.971787,0.066214,0.002127,0.06641229
d__relacbw027sbog_relacbw027sbog__lag059,0.667712,0.07816,0.021129,0.06629644
d__relacbw027sbog_re_loans__lag059,0.667712,0.07816,0.021129,0.06629644
d__relacbw027sbog_real_estate_loan__lag059,0.667712,0.07816,0.021129,0.06629644
d__relacbw027sbog_relacbw027sbog__lag056,0.667712,0.078279,0.020942,0.06625104
d__relacbw027sbog_re_loans__lag056,0.667712,0.078279,0.020942,0.06625104
d__relacbw027sbog_real_estate_loan__lag056,0.667712,0.078279,0.020942,0.06625104
d__relacbw027sbog_relacbw027sbog__lag060,0.667712,0.078318,0.020895,0.06624552
d__relacbw027sbog_re_loans__lag060,0.667712,0.078318,0.020895,0.06624552
d__relacbw027sbog_real_estate_loan__lag060,0.667712,0.078318,0.020895,0.06624552
q__fpi_fpi__lag001,0.990596,0.027021,0.039828,0.06622032
q__gdp_gdp__lag005,0.978056,0.054067,0.013606,0.0661877
q__bogz1fa543061175q_life_insurance_ts_tx__lag006,0.978056,0.034916,0.032747,0.06617781
m__cpiaucsl_cpiaucsl__lag010,0.984326,0.038823,0.028401,0.0661706
q__fpi_invest_priv_fixed__lag001,0.990596,0.027109,0.039676,0.06615749
q__bogz1fa543461113q_li_bills_tx__lag005,0.981191,0.058835,0.008579,0.0661457
d__relacbw027sbog_relacbw027sbog__lag052,0.667712,0.077929,0.021076,0.06610686
d__relacbw027sbog_re_loans__lag052,0.667712,0.077929,0.021076,0.06610686
d__relacbw027sbog_real_estate_loan__lag052,0.667712,0.077929,0.021076,0.06610686
d__relacbw027sbog_relacbw027sbog__lag046,0.667712,0.077902,0.021097,0.06610253
d__relacbw027sbog_re_loans__lag046,0.667712,0.077902,0.021097,0.06610253
d__relacbw027sbog_real_estate_loan__lag046,0.667712,0.077902,0.021097,0.06610253
d__stlfsi4_stlfed_fin_stress_idx__lag062,0.404389,0.128097,0.035319,0.06608351
d__relacbw027sbog_relacbw027sbog__lag050,0.667712,0.078548,0.020263,0.06597726
d__relacbw027sbog_re_loans__lag050,0.667712,0.078548,0.020263,0.06597726
d__relacbw027sbog_real_estate_loan__lag050,0.667712,0.078548,0.020263,0.06597726
d__relacbw027sbog_relacbw027sbog__lag045,0.667712,0.077355,0.021372,0.06592106
d__relacbw027sbog_re_loans__lag045,0.667712,0.077355,0.021372,0.06592106
d__relacbw027sbog_real_estate_loan__lag045,0.667712,0.077355,0.021372,0.06592106
d__relacbw027sbog_relacbw027sbog__lag057,0.667712,0.078186,0.020483,0.06588256
d__relacbw027sbog_re_loans__lag057,0.667712,0.078186,0.020483,0.06588256
d__relacbw027sbog_real_estate_loan__lag057,0.667712,0.078186,0.020483,0.06588256
q__bogz1lm513061105q_pci_tsy_raw__lag004,0.996865,0.017804,0.048254,0.06585105
q__bogz1lm513061105q_pc_insurance_ts__lag004,0.996865,0.017804,0.048254,0.06585105
q__bogz1lm513061105q_p_c_insurance_ts__lag004,0.996865,0.017804,0.048254,0.06585105
d__relacbw027sbog_relacbw027sbog__lag058,0.667712,0.078321,0.020246,0.06581429
d__relacbw027sbog_re_loans__lag058,0.667712,0.078321,0.020246,0.06581429
d__relacbw027sbog_real_estate_loan__lag058,0.667712,0.078321,0.020246,0.06581429
d__relacbw027sbog_relacbw027sbog__lag049,0.667712,0.078393,0.020088,0.06575687
d__relacbw027sbog_re_loans__lag049,0.667712,0.078393,0.020088,0.06575687
d__relacbw027sbog_real_estate_loan__lag049,0.667712,0.078393,0.020088,0.06575687
d__relacbw027sbog_relacbw027sbog__lag048,0.667712,0.078257,0.02015,0.06570769
d__relacbw027sbog_re_loans__lag048,0.667712,0.078257,0.02015,0.06570769
d__relacbw027sbog_real_estate_loan__lag048,0.667712,0.078257,0.02015,0.06570769
d__relacbw027sbog_relacbw027sbog__lag051,0.667712,0.077893,0.020479,0.06568394
d__relacbw027sbog_re_loans__lag051,0.667712,0.077893,0.020479,0.06568394
d__relacbw027sbog_real_estate_loan__lag051,0.667712,0.077893,0.020479,0.06568394
m__cpiaucsl_cpiaucsl__lag008,0.987461,0.03211,0.034367,0.06564366
q__bogz1fa343061105q_fed_gov_retirement_ts_tx__lag001,0.99373,0.014612,0.051437,0.06563464
d__relacbw027sbog_relacbw027sbog__lag071,0.667712,0.079962,0.018336,0.06563461
d__relacbw027sbog_re_loans__lag071,0.667712,0.079962,0.018336,0.06563461
d__relacbw027sbog_real_estate_loan__lag071,0.667712,0.079962,0.018336,0.06563461
d__relacbw027sbog_relacbw027sbog__lag047,0.667712,0.078082,0.020192,0.06561896
d__relacbw027sbog_re_loans__lag047,0.667712,0.078082,0.020192,0.06561896
d__relacbw027sbog_real_estate_loan__lag047,0.667712,0.078082,0.020192,0.06561896
q__bogz1lm513061105q_pci_tsy_raw__lag005,0.99373,0.005768,0.06023,0.06558395
q__bogz1lm513061105q_pc_insurance_ts__lag005,0.99373,0.005768,0.06023,0.06558395
q__bogz1lm513061105q_p_c_insurance_ts__lag005,0.99373,0.005768,0.06023,0.06558395
d__relacbw027sbog_relacbw027sbog__lag067,0.667712,0.079146,0.018646,0.06529671
d__relacbw027sbog_re_loans__lag067,0.667712,0.079146,0.018646,0.06529671
d__relacbw027sbog_real_estate_loan__lag067,0.667712,0.079146,0.018646,0.06529671
m__umcsent_umcsent__lag004,0.918495,0.066201,0.004865,0.06527334
m__pcepi_pcepi__lag006,0.840125,0.032835,0.044827,0.06524599
m__pcepi_pce_price_index__lag006,0.840125,0.032835,0.044827,0.06524599
q__tnwmvbsnncb_nfcb_nw__lag007,0.987461,0.031836,0.034229,0.06523673
d__relacbw027sbog_relacbw027sbog__lag069,0.667712,0.079807,0.017874,0.06522294
d__relacbw027sbog_re_loans__lag069,0.667712,0.079807,0.017874,0.06522294
d__relacbw027sbog_real_estate_loan__lag069,0.667712,0.079807,0.017874,0.06522294
q__bogz1fa343061113q_fed_gov_dcf_retirement_ts_tx__lag001,0.99373,0.054312,0.011321,0.06522152
m__pcepilfe_pcepilfe__lag011,0.833856,0.050368,0.027835,0.06520986
m__cpiaucsl_cpiaucsl__lag009,0.987461,0.035245,0.030758,0.0651755
d__relacbw027sbog_relacbw027sbog__lag068,0.667712,0.079542,0.018031,0.0651505
d__relacbw027sbog_re_loans__lag068,0.667712,0.079542,0.018031,0.0651505
d__relacbw027sbog_real_estate_loan__lag068,0.667712,0.079542,0.018031,0.0651505
d__relacbw027sbog_relacbw027sbog__lag066,0.667712,0.078791,0.018758,0.06513449
d__relacbw027sbog_re_loans__lag066,0.667712,0.078791,0.018758,0.06513449
d__relacbw027sbog_real_estate_loan__lag066,0.667712,0.078791,0.018758,0.06513449
m__cpiulfsl_cpiulfsl__lag010,0.984326,0.039196,0.026933,0.06509226
d__relacbw027sbog_relacbw027sbog__lag070,0.667712,0.080139,0.017178,0.06497963
d__relacbw027sbog_re_loans__lag070,0.667712,0.080139,0.017178,0.06497963
d__relacbw027sbog_real_estate_loan__lag070,0.667712,0.080139,0.017178,0.06497963
m__cpiulfsl_cpiulfsl__lag008,0.987461,0.031654,0.034032,0.06486215
q__qbpbsrskk_tier1rbc__lag004,0.517241,0.073126,0.052202,0.06482486
q__bogz1lm513061105q_pci_tsy_raw__lag001,1.0,0.021994,0.042775,0.0647695
q__bogz1lm513061105q_pc_insurance_ts__lag001,1.0,0.021994,0.042775,0.0647695
q__bogz1lm513061105q_p_c_insurance_ts__lag001,1.0,0.021994,0.042775,0.0647695
q__qbpbsrskk_tier1rbc__lag005,0.514107,0.079709,0.046214,0.06473765
q__bogz1fl743061103q_usb_tsy_dom__lag008,0.984326,0.042948,0.022815,0.06473202
q__fbtsaaq027s_dom_fin_sector_tsy__lag005,0.99373,0.008547,0.056581,0.06471975
m__iputil_iputil__lag002,1.0,0.014873,0.049841,0.06471349
m__pcepi_pcepi__lag011,0.833856,0.044539,0.033032,0.06468305
m__pcepi_pce_price_index__lag011,0.833856,0.044539,0.033032,0.06468305
q__qbpbslevk_tier1lc__lag004,0.517241,0.07301,0.051973,0.06464621
q__qbpbslevk_tier1lc__lag005,0.514107,0.079663,0.045975,0.06459119
q__bogz1fl763061100q_usb_tsy_oth__lag008,0.984326,0.058388,0.007176,0.06453626
d__relacbw027sbog_relacbw027sbog__lag064,0.667712,0.078056,0.018514,0.06448127
d__relacbw027sbog_re_loans__lag064,0.667712,0.078056,0.018514,0.06448127
d__relacbw027sbog_real_estate_loan__lag064,0.667712,0.078056,0.018514,0.06448127
m__pcepi_pcepi__lag012,0.833856,0.046052,0.031274,0.06447865
m__pcepi_pce_price_index__lag012,0.833856,0.046052,0.031274,0.06447865
d__relacbw027sbog_relacbw027sbog__lag044,0.667712,0.075961,0.020538,0.06443306
d__relacbw027sbog_re_loans__lag044,0.667712,0.075961,0.020538,0.06443306
d__relacbw027sbog_real_estate_loan__lag044,0.667712,0.075961,0.020538,0.06443306
q__tfaabsnncb_nfcb_tfa__lag005,0.99373,0.047058,0.017751,0.06440236
d__stlfsi4_stlfed_fin_stress_idx__lag056,0.404389,0.12208,0.037107,0.06437344
q__qbpbsrskk_tier1rbc__lag006,0.510972,0.082617,0.043297,0.06433836
q__qbpbslevk_tier1lc__lag006,0.510972,0.082647,0.04314,0.06427379
q__bogz1fa713068703q_fed_dw_tx__lag003,0.987461,0.018847,0.046201,0.06423173
d__relacbw027sbog_relacbw027sbog__lag065,0.667712,0.078134,0.018011,0.06419704
d__relacbw027sbog_re_loans__lag065,0.667712,0.078134,0.018011,0.06419704
d__relacbw027sbog_real_estate_loan__lag065,0.667712,0.078134,0.018011,0.06419704
q__a4102c1q027sbea_gdi_wages__lag005,0.978056,0.057207,0.008425,0.06419133
q__drtscilm_loan_tight__lag006,0.432602,0.102389,0.04592,0.06415873
m__cpiulfsl_cpiulfsl__lag009,0.987461,0.034971,0.029685,0.06384621
q__bogz1fa693061105q_nonmmf_ts_tx__lag007,0.974922,0.021521,0.043967,0.06384592
q__bogz1fa693061105q_nonmmmf_ts_tx__lag007,0.974922,0.021521,0.043967,0.06384592
q__bogz1fl263061145q_row_priv_tsy__lag007,0.987461,0.017689,0.04688,0.06375973
m__rmfsl_mmf__lag003,0.667712,0.009595,0.085344,0.06339152
q__fgtsl_fgtsl__lag008,0.984326,0.016798,0.047572,0.06336088
d__stlfsi4_stlfed_fin_stress_idx__lag064,0.404389,0.109819,0.046828,0.0633462
d__relacbw027sbog_relacbw027sbog__lag043,0.667712,0.07494,0.019914,0.06333558
d__relacbw027sbog_re_loans__lag043,0.667712,0.07494,0.019914,0.06333558
d__relacbw027sbog_real_estate_loan__lag043,0.667712,0.07494,0.019914,0.06333558
m__pcepilfe_pcepilfe__lag010,0.833856,0.047416,0.02851,0.06331073
q__gpdi_gpdi__lag007,0.971787,0.044692,0.020388,0.06324418
q__b093rc1q027sbea_gov_int_row__lag004,0.981191,0.038597,0.025809,0.06319482
m__pcepi_pcepi__lag007,0.836991,0.034629,0.040815,0.06314627
m__pcepi_pce_price_index__lag007,0.836991,0.034629,0.040815,0.06314627
q__bogz1fa513061105q_pc_insurance_ts_tx__lag002,0.990596,0.055064,0.008626,0.06309039
q__tfaabsnncb_nfcb_tfa__lag002,1.0,0.049505,0.013527,0.0630314
q__tfaabsnncb_nfcb_tfa__lag008,0.984326,0.039597,0.024436,0.0630292
m__pcepilfe_pcepilfe__lag001,0.84326,0.037354,0.037248,0.06290859
q__rrvrusq156n_rental_vacancy__lag008,0.855799,0.011658,0.061831,0.06289154
q__bogz1fl263061145q_row_priv_tsy__lag006,0.990596,0.021774,0.041585,0.06276298
d__stlfsi4_stlfed_fin_stress_idx__lag016,0.404389,0.059396,0.095787,0.06275405
d__anfci_anfci__lag052,0.69279,0.027202,0.063175,0.06261188
m__pcepilfe_pcepilfe__lag003,0.84326,0.036931,0.037298,0.06259388
m__pcuomfgomfg_ppi_man__lag005,0.514107,0.00734,0.114168,0.06246832
d__stlfsi4_stlfed_fin_stress_idx__lag063,0.404389,0.123845,0.030406,0.06237754
q__rownblq027s_row_nonfinbusinessloans_flow__lag006,0.978056,0.040943,0.022741,0.06228615
m__pcepilfe_pcepilfe__lag002,0.84326,0.036828,0.036897,0.06216946
m__pcepilfe_pcepilfe__lag009,0.836991,0.043951,0.030326,0.06216935
q__tfaabshno_hhnp_tfa__lag004,0.996865,0.02985,0.032508,0.06216217
m__pcepilfe_pcepilfe__lag004,0.840125,0.037434,0.036496,0.0621105
d__relacbw027sbog_relacbw027sbog__lag042,0.667712,0.075128,0.017762,0.0620238
d__relacbw027sbog_re_loans__lag042,0.667712,0.075128,0.017762,0.0620238
d__relacbw027sbog_real_estate_loan__lag042,0.667712,0.075128,0.017762,0.0620238
d__relacbw027sbog_relacbw027sbog__lag041,0.667712,0.074718,0.018166,0.06201907
d__relacbw027sbog_re_loans__lag041,0.667712,0.074718,0.018166,0.06201907
d__relacbw027sbog_real_estate_loan__lag041,0.667712,0.074718,0.018166,0.06201907
d__relacbw027sbog_relacbw027sbog__lag040,0.667712,0.074346,0.018534,0.0620168
d__relacbw027sbog_re_loans__lag040,0.667712,0.074346,0.018534,0.0620168
d__relacbw027sbog_real_estate_loan__lag040,0.667712,0.074346,0.018534,0.0620168
d__anfci_anfci__lag051,0.69279,0.026741,0.062765,0.06200839
d__stlfsi4_stlfed_fin_stress_idx__lag018,0.404389,0.053583,0.099637,0.06196013
q__bogz1fr543061175q_life_insurance_ts_reval__lag001,0.99373,0.027592,0.034686,0.06188749
q__bogz1lm513061105q_pci_tsy_raw__lag008,0.984326,0.046693,0.016166,0.06187441
q__bogz1lm513061105q_pc_insurance_ts__lag008,0.984326,0.046693,0.016166,0.06187441
q__bogz1lm513061105q_p_c_insurance_ts__lag008,0.984326,0.046693,0.016166,0.06187441
d__relacbw027sbog_relacbw027sbog__lag039,0.667712,0.073614,0.018986,0.06182978
d__relacbw027sbog_re_loans__lag039,0.667712,0.073614,0.018986,0.06182978
d__relacbw027sbog_real_estate_loan__lag039,0.667712,0.073614,0.018986,0.06182978
d__stlfsi4_stlfed_fin_stress_idx__lag054,0.404389,0.10427,0.048393,0.06173545
d__totll_totll__lag090,0.664577,0.083117,0.009747,0.061715
m__pcepi_pcepi__lag008,0.836991,0.035353,0.038372,0.06170749
m__pcepi_pce_price_index__lag008,0.836991,0.035353,0.038372,0.06170749
d__totll_totll__lag088,0.667712,0.082841,0.009532,0.06167821
m__pcepi_pcepi__lag010,0.833856,0.041122,0.032787,0.06162988
m__pcepi_pce_price_index__lag010,0.833856,0.041122,0.032787,0.06162988
d__relacbw027sbog_relacbw027sbog__lag038,0.667712,0.072995,0.019278,0.06161177
d__relacbw027sbog_re_loans__lag038,0.667712,0.072995,0.019278,0.06161177
d__relacbw027sbog_real_estate_loan__lag038,0.667712,0.072995,0.019278,0.06161177
d__totll_totll__lag089,0.664577,0.08298,0.00945,0.06142677
d__totll_totll__lag087,0.667712,0.082648,0.009323,0.06140972
q__bogz1lm343061105q_fed_gov_retirement_ts__lag008,0.984326,0.060267,0.002075,0.06136424
q__bogz1lm343061105q_fed_ret_tsy_total__lag008,0.984326,0.060267,0.002075,0.06136424
d__stlfsi4_stlfed_fin_stress_idx__lag017,0.404389,0.0558,0.095897,0.0613447
m__mtso133fms_fedgov_out__lag010,0.561129,0.084113,0.025182,0.06132878
m__pcepilfe_pcepilfe__lag008,0.836991,0.042175,0.031091,0.06132329
d__totll_totll__lag086,0.667712,0.081917,0.009711,0.06118077
q__a457rc1q027sbea_netva_nfcb__lag007,0.971787,0.059926,0.002967,0.06111917
q__tfaabsnncb_nfcb_tfa__lag007,0.987461,0.049523,0.012318,0.06106645
d__totll_totll__lag084,0.667712,0.081594,0.009861,0.06106538
d__totll_totll__lag085,0.667712,0.081692,0.009759,0.06106256
q__bogz1fr103061103q_nfcb_tsy_reval__lag002,0.990596,0.037527,0.024029,0.06097629
d__relacbw027sbog_relacbw027sbog__lag024,0.667712,0.070993,0.020253,0.06092656
d__relacbw027sbog_re_loans__lag024,0.667712,0.070993,0.020253,0.06092656
d__relacbw027sbog_real_estate_loan__lag024,0.667712,0.070993,0.020253,0.06092656
m__pcepilfe_pcepilfe__lag006,0.840125,0.038871,0.033617,0.0608984
m__pcepi_pcepi__lag009,0.836991,0.037889,0.034851,0.06088217
m__pcepi_pce_price_index__lag009,0.836991,0.037889,0.034851,0.06088217
m__pcepilfe_pcepilfe__lag007,0.836991,0.040919,0.031772,0.0608419
q__bogz1fl663061165q_brokers_dealers_long_ts__lag008,0.984326,0.000415,0.06138,0.06082609
d__totll_totll__lag077,0.667712,0.080331,0.010753,0.06081763
d__relacbw027sbog_relacbw027sbog__lag019,0.667712,0.071539,0.019401,0.06072146
d__relacbw027sbog_re_loans__lag019,0.667712,0.071539,0.019401,0.06072146
d__relacbw027sbog_real_estate_loan__lag019,0.667712,0.071539,0.019401,0.06072146
m__pce_pce__lag003,0.84326,0.017822,0.054183,0.06071902
q__bogz1lm102010005q_nfcb_nfassets__lag003,1.0,0.027259,0.033431,0.06069021
q__a457rc1q027sbea_netva_nfcb__lag001,0.990596,0.014871,0.046393,0.060688
d__relacbw027sbog_relacbw027sbog__lag021,0.667712,0.071731,0.019138,0.06067408
d__relacbw027sbog_re_loans__lag021,0.667712,0.071731,0.019138,0.06067408
d__relacbw027sbog_real_estate_loan__lag021,0.667712,0.071731,0.019138,0.06067408
d__relacbw027sbog_relacbw027sbog__lag033,0.667712,0.071744,0.019119,0.06067025
d__relacbw027sbog_re_loans__lag033,0.667712,0.071744,0.019119,0.06067025
d__relacbw027sbog_real_estate_loan__lag033,0.667712,0.071744,0.019119,0.06067025
d__relacbw027sbog_relacbw027sbog__lag034,0.667712,0.071983,0.018862,0.06065852
d__relacbw027sbog_re_loans__lag034,0.667712,0.071983,0.018862,0.06065852
d__relacbw027sbog_real_estate_loan__lag034,0.667712,0.071983,0.018862,0.06065852
d__relacbw027sbog_relacbw027sbog__lag020,0.667712,0.071644,0.019198,0.06065599
d__relacbw027sbog_re_loans__lag020,0.667712,0.071644,0.019198,0.06065599
d__relacbw027sbog_real_estate_loan__lag020,0.667712,0.071644,0.019198,0.06065599
d__relacbw027sbog_relacbw027sbog__lag037,0.667712,0.072123,0.018589,0.06056949
d__relacbw027sbog_re_loans__lag037,0.667712,0.072123,0.018589,0.06056949
d__relacbw027sbog_real_estate_loan__lag037,0.667712,0.072123,0.018589,0.06056949
d__relacbw027sbog_relacbw027sbog__lag032,0.667712,0.07174,0.018964,0.06056428
d__relacbw027sbog_re_loans__lag032,0.667712,0.07174,0.018964,0.06056428
d__relacbw027sbog_real_estate_loan__lag032,0.667712,0.07174,0.018964,0.06056428
d__relacbw027sbog_relacbw027sbog__lag022,0.667712,0.071227,0.019438,0.0605383
d__relacbw027sbog_re_loans__lag022,0.667712,0.071227,0.019438,0.0605383
d__relacbw027sbog_real_estate_loan__lag022,0.667712,0.071227,0.019438,0.0605383
q__dividend_dividend__lag004,0.981191,0.018205,0.043489,0.06053364
d__totll_totll__lag001,0.667712,0.065594,0.025006,0.06049483
d__totll_totll__lag083,0.667712,0.081251,0.009347,0.0604934
m__pcepilfe_pcepilfe__lag005,0.840125,0.037877,0.034115,0.06048242
q__a024rc1q027sbea_cfc__lag003,0.984326,0.045686,0.015739,0.06046254
d__relacbw027sbog_relacbw027sbog__lag025,0.667712,0.070489,0.01999,0.06041391
d__relacbw027sbog_re_loans__lag025,0.667712,0.070489,0.01999,0.06041391
d__relacbw027sbog_real_estate_loan__lag025,0.667712,0.070489,0.01999,0.06041391
q__tnwhcbsnncb_nfcb_hc_nw__lag008,0.984326,0.014614,0.046734,0.06038583
d__stlfsi4_stlfed_fin_stress_idx__lag019,0.404389,0.050669,0.098564,0.06034806
d__relacbw027sbog_relacbw027sbog__lag018,0.667712,0.072094,0.018285,0.06034746
d__relacbw027sbog_re_loans__lag018,0.667712,0.072094,0.018285,0.06034746
d__relacbw027sbog_real_estate_loan__lag018,0.667712,0.072094,0.018285,0.06034746
d__relacbw027sbog_relacbw027sbog__lag035,0.667712,0.071985,0.018362,0.06032596
d__relacbw027sbog_re_loans__lag035,0.667712,0.071985,0.018362,0.06032596
d__relacbw027sbog_real_estate_loan__lag035,0.667712,0.071985,0.018362,0.06032596
d__totll_totll__lag082,0.667712,0.081073,0.009267,0.06032086
q__w260rc1q027sbea_gdi_netopsurp_privent__lag008,0.968652,0.026555,0.035659,0.0602639
d__totll_totll__lag007,0.667712,0.066842,0.023387,0.0602472
d__relacbw027sbog_relacbw027sbog__lag023,0.667712,0.07066,0.019559,0.06024022
d__relacbw027sbog_re_loans__lag023,0.667712,0.07066,0.019559,0.06024022
d__relacbw027sbog_real_estate_loan__lag023,0.667712,0.07066,0.019559,0.06024022
d__relacbw027sbog_relacbw027sbog__lag036,0.667712,0.071924,0.018256,0.06021474
d__relacbw027sbog_re_loans__lag036,0.667712,0.071924,0.018256,0.06021474
d__relacbw027sbog_real_estate_loan__lag036,0.667712,0.071924,0.018256,0.06021474
d__totll_totll__lag078,0.667712,0.079856,0.010247,0.06016266
q__bogz1fl263061145q_row_priv_tsy__lag005,0.99373,0.033361,0.027179,0.06015971
d__anfci_anfci__lag053,0.69279,0.028281,0.058529,0.06014129
d__relacbw027sbog_relacbw027sbog__lag031,0.667712,0.071385,0.018613,0.06009254
d__relacbw027sbog_re_loans__lag031,0.667712,0.071385,0.018613,0.06009254
d__relacbw027sbog_real_estate_loan__lag031,0.667712,0.071385,0.018613,0.06009254
d__totll_totll__lag076,0.667712,0.079682,0.01031,0.06008839
d__totll_totll__lag081,0.667712,0.080928,0.009047,0.06007709
q__bogz1fl313161305q_gov_nonmarketable_ts__lag005,0.99373,0.037361,0.023058,0.060041
q__b093rc1q027sbea_gov_int_row__lag001,0.990596,0.05763,0.002914,0.05997475
d__totll_totll__lag080,0.667712,0.080617,0.009186,0.0599622
d__totll_totll__lag075,0.667712,0.079533,0.010237,0.05994087
d__totll_totll__lag006,0.667712,0.066789,0.022966,0.05993055
d__totll_totll__lag002,0.667712,0.066221,0.02351,0.0599147
d__relacbw027sbog_relacbw027sbog__lag017,0.667712,0.07133,0.018387,0.05990487
d__relacbw027sbog_re_loans__lag017,0.667712,0.07133,0.018387,0.05990487
d__relacbw027sbog_real_estate_loan__lag017,0.667712,0.07133,0.018387,0.05990487
d__totll_totll__lag079,0.667712,0.080052,0.00962,0.05987481
q__b639rg3q086sbea_exp_ind_pi__lag006,0.724138,0.002848,0.079695,0.05977241
d__totll_totll__lag003,0.667712,0.066329,0.02315,0.05974605
q__bogz1fa263061130q_row_gov_tsy_tx__lag003,0.987461,0.011992,0.048501,0.05973472
d__totll_totll__lag005,0.667712,0.06655,0.02287,0.05970678
d__totll_totll__lag004,0.667712,0.066377,0.023023,0.05969321
d__totll_totll__lag074,0.667712,0.079311,0.010077,0.05968524
q__a457rc1q027sbea_netva_nfcb__lag002,0.987461,0.033478,0.026952,0.05967218
q__w328rc1q027sbea_nfcb_pat__lag005,0.978056,0.038519,0.022435,0.05961601
q__w260rc1q027sbea_gdi_netopsurp_privent__lag004,0.981191,0.016019,0.044712,0.05958937
d__relacbw027sbog_relacbw027sbog__lag028,0.667712,0.070569,0.018587,0.05953048
d__relacbw027sbog_re_loans__lag028,0.667712,0.070569,0.018587,0.05953048
d__relacbw027sbog_real_estate_loan__lag028,0.667712,0.070569,0.018587,0.05953048
d__relacbw027sbog_relacbw027sbog__lag030,0.667712,0.070814,0.018284,0.05949177
d__relacbw027sbog_re_loans__lag030,0.667712,0.070814,0.018284,0.05949177
d__relacbw027sbog_real_estate_loan__lag030,0.667712,0.070814,0.018284,0.05949177
d__relacbw027sbog_relacbw027sbog__lag026,0.667712,0.0704,0.018642,0.05945407
d__relacbw027sbog_re_loans__lag026,0.667712,0.0704,0.018642,0.05945407
d__relacbw027sbog_real_estate_loan__lag026,0.667712,0.0704,0.018642,0.05945407
d__relacbw027sbog_relacbw027sbog__lag027,0.667712,0.070454,0.018585,0.05945188
d__relacbw027sbog_re_loans__lag027,0.667712,0.070454,0.018585,0.05945188
d__relacbw027sbog_real_estate_loan__lag027,0.667712,0.070454,0.018585,0.05945188
q__bogz1lm573061133q_private_dc_pension_ts__lag008,0.984326,0.000775,0.059481,0.05931154
q__b461rc1q027sbea_netva_wages__lag006,0.974922,0.054371,0.006443,0.05928964
d__totll_totll__lag072,0.667712,0.078601,0.010166,0.05927113
d__totll_totll__lag071,0.667712,0.078075,0.010557,0.0591804
d__totll_totll__lag073,0.667712,0.078849,0.009744,0.05915465
m__umcsent_umcsent__lag011,0.912226,0.024077,0.040628,0.05902533
d__relacbw027sbog_relacbw027sbog__lag029,0.667712,0.070585,0.017811,0.05902301
d__relacbw027sbog_re_loans__lag029,0.667712,0.070585,0.017811,0.05902301
d__relacbw027sbog_real_estate_loan__lag029,0.667712,0.070585,0.017811,0.05902301
d__relacbw027sbog_relacbw027sbog__lag016,0.667712,0.070786,0.017603,0.05901841
d__relacbw027sbog_re_loans__lag016,0.667712,0.070786,0.017603,0.05901841
d__relacbw027sbog_real_estate_loan__lag016,0.667712,0.070786,0.017603,0.05901841
d__anfci_anfci__lag050,0.69279,0.025649,0.05954,0.05901833
d__totll_totll__lag070,0.667712,0.078284,0.010103,0.05901698
d__stlfsi4_stlfed_fin_stress_idx__lag061,0.404389,0.121352,0.024525,0.05899085
m__pcend_pcend__lag007,0.836991,0.025736,0.04469,0.05894601
d__totll_totll__lag014,0.667712,0.068492,0.01962,0.05883342
d__stlfsi4_stlfed_fin_stress_idx__lag083,0.404389,0.104771,0.040632,0.05879962
q__gdp_gdp__lag001,0.990596,0.018789,0.04053,0.05876172
q__bogz1fl633061110q_mmf_bills_raw__lag005,0.99373,0.030668,0.028425,0.05872214
q__bogz1fl633061110q_mmf_bills__lag005,0.99373,0.030668,0.028425,0.05872214
q__gsave_gsave__lag003,0.984326,0.012624,0.047002,0.05869161
q__tfaabshno_hhnp_tfa__lag007,0.987461,0.038583,0.020845,0.05868355
q__bogz1fa105019005q_nfcb_gfi__lag002,0.990596,0.016484,0.042685,0.05861305
q__bogz1fa263061145q_row_priv_tsy_tx__lag004,0.984326,0.057668,0.001857,0.05859208
d__relacbw027sbog_relacbw027sbog__lag015,0.667712,0.070569,0.017154,0.05857349
d__relacbw027sbog_re_loans__lag015,0.667712,0.070569,0.017154,0.05857349
d__relacbw027sbog_real_estate_loan__lag015,0.667712,0.070569,0.017154,0.05857349
m__uspriv_uspriv__lag010,1.0,0.053852,0.004655,0.05850645
m__rmfsl_mmf__lag004,0.664577,0.006527,0.081436,0.05845801
d__anfci_anfci__lag054,0.69279,0.02908,0.0553,0.05845751
q__bogz1fa513061113q_pci_bills_tx__lag005,0.981191,0.016702,0.042868,0.05844986
d__totll_totll__lag013,0.667712,0.068276,0.019251,0.05844287
m__payems_nonfarm_payrolls__lag010,1.0,0.045649,0.012736,0.05838499
q__bogz1fr653061105q_mutual_funds_ts_reval__lag002,0.990596,0.054473,0.004461,0.05837964
d__totll_totll__lag069,0.667712,0.078022,0.009403,0.0583744
q__tfaabsnncb_nfcb_tfa__lag006,0.990596,0.053779,0.005105,0.05833026
q__bogz1fl884135005q_dom_loan_l__lag003,1.0,0.055254,0.002971,0.05822533
d__stlfsi4_stlfed_fin_stress_idx__lag055,0.404389,0.116908,0.026949,0.05817447
d__totll_totll__lag012,0.667712,0.068061,0.019054,0.05816764
d__totll_totll__lag008,0.667712,0.066752,0.020331,0.05814572
d__totll_totll__lag068,0.667712,0.077823,0.0092,0.05810624
q__a024rc1q027sbea_cfc__lag001,0.990596,0.0371,0.021488,0.05803774
d__totll_totll__lag009,0.667712,0.066939,0.019849,0.05794962
d__totll_totll__lag049,0.667712,0.076554,0.010197,0.05792508
d__anfci_anfci__lag049,0.69279,0.024939,0.058625,0.05789224
d__totll_totll__lag010,0.667712,0.067454,0.019217,0.05787114
m__pcedg_pcedg__lag004,0.840125,0.030084,0.038782,0.05785546
d__totll_totll__lag011,0.667712,0.067513,0.01902,0.0577793
d__totll_totll__lag067,0.667712,0.077599,0.00888,0.05774316
q__bogz1fa633061105q_money_market_funds_ts_tx__lag007,0.974922,0.031851,0.027289,0.05765701
m__pcedg_pcedg__lag008,0.836991,0.036413,0.032451,0.05763875
d__totll_totll__lag050,0.667712,0.076669,0.009621,0.05761645
d__totll_totll__lag048,0.667712,0.076335,0.009846,0.05754414
d__totll_totll__lag064,0.667712,0.076691,0.009426,0.05750135
d__totll_totll__lag066,0.667712,0.077179,0.008877,0.05746023
q__bogz1fa343061105q_fed_gov_retirement_ts_tx__lag008,0.971787,0.026865,0.032256,0.05745327
d__totll_totll__lag047,0.667712,0.076125,0.009807,0.05737776
d__totll_totll__lag062,0.667712,0.077077,0.008777,0.05732575
d__totll_totll__lag065,0.667712,0.076552,0.009299,0.05732398
d__totll_totll__lag063,0.667712,0.077128,0.008637,0.05726598
d__totll_totll__lag061,0.667712,0.076907,0.008834,0.05725033
m__csushpinsa_cs_hpi__lag011,0.482759,0.081225,0.037316,0.05722649
m__umcsent_umcsent__lag012,0.909091,0.041957,0.020972,0.05720842
d__totll_totll__lag060,0.667712,0.076718,0.008881,0.05715557
q__bogz1lm563061103q_etfs_ts__lag001,1.0,0.035499,0.021656,0.05715516
d__anfci_anfci__lag048,0.69279,0.027044,0.055454,0.05715435
d__totll_totll__lag042,0.667712,0.074246,0.011333,0.05714175
d__totll_totll__lag051,0.667712,0.076273,0.009214,0.05708056
d__totll_totll__lag055,0.667712,0.076593,0.008844,0.05704721
d__totll_totll__lag057,0.667712,0.076333,0.009081,0.05703216
q__bogz1fl892050005q_all_ffrepo__lag004,0.996865,0.013136,0.044031,0.05698783
d__totll_totll__lag046,0.667712,0.07594,0.0094,0.0569822
q__bogz1fl633061110q_mmf_bills_raw__lag007,0.987461,0.038619,0.019065,0.05696078
q__bogz1fl633061110q_mmf_bills__lag007,0.987461,0.038619,0.019065,0.05696078
d__totll_totll__lag056,0.667712,0.076389,0.008911,0.05695555
d__relacbw027sbog_relacbw027sbog__lag013,0.667712,0.069884,0.0154,0.05694483
d__relacbw027sbog_re_loans__lag013,0.667712,0.069884,0.0154,0.05694483
d__relacbw027sbog_real_estate_loan__lag013,0.667712,0.069884,0.0154,0.05694483
d__totll_totll__lag058,0.667712,0.076239,0.00904,0.05694121
q__bogz1lm213061103q_state_local_gov_ts__lag008,0.984326,0.051502,0.006323,0.05691856
d__totll_totll__lag059,0.667712,0.076586,0.008649,0.05691241
d__totll_totll__lag054,0.667712,0.076553,0.0086,0.0568572
q__bogz1fl262051003q_row_rrp__lag006,0.990596,0.036997,0.020377,0.05683465
d__relacbw027sbog_relacbw027sbog__lag012,0.667712,0.069571,0.015509,0.05680913
d__relacbw027sbog_re_loans__lag012,0.667712,0.069571,0.015509,0.05680913
d__relacbw027sbog_real_estate_loan__lag012,0.667712,0.069571,0.015509,0.05680913
q__bogz1lm102010005q_nfcb_nfassets__lag002,1.0,0.024042,0.032732,0.05677418
d__totll_totll__lag021,0.667712,0.071205,0.0138,0.05675852
d__totll_totll__lag053,0.667712,0.076571,0.008413,0.05674497
q__fgexpnd_fgexpnd__lag007,0.971787,0.013062,0.045317,0.05673216
d__relacbw027sbog_relacbw027sbog__lag014,0.667712,0.06999,0.014925,0.0566988
d__relacbw027sbog_re_loans__lag014,0.667712,0.06999,0.014925,0.0566988
d__relacbw027sbog_real_estate_loan__lag014,0.667712,0.06999,0.014925,0.0566988
d__totll_totll__lag045,0.667712,0.075693,0.009221,0.05669772
d__totll_totll__lag018,0.667712,0.071023,0.013864,0.05668015
d__relacbw027sbog_relacbw027sbog__lag011,0.667712,0.068715,0.016159,0.0566712
d__relacbw027sbog_re_loans__lag011,0.667712,0.068715,0.016159,0.0566712
d__relacbw027sbog_real_estate_loan__lag011,0.667712,0.068715,0.016159,0.0566712
d__totll_totll__lag052,0.667712,0.076189,0.008672,0.05666254
q__fgrecpt_fgrecpt__lag006,0.974922,0.015182,0.042813,0.05653992
q__a024rc1q027sbea_cfc__lag002,0.987461,0.040634,0.016569,0.05648573
d__totll_totll__lag020,0.667712,0.071009,0.013583,0.05648286
d__totll_totll__lag043,0.667712,0.074459,0.010081,0.0564479
q__a4102c1q027sbea_gdi_wages__lag001,0.990596,0.02582,0.031153,0.05643752
m__pce_pce__lag002,0.84326,0.018862,0.048023,0.05640113
d__totll_totll__lag035,0.667712,0.072478,0.011957,0.05637806
d__relacbw027sbog_relacbw027sbog__lag010,0.667712,0.068365,0.016061,0.05637244
d__relacbw027sbog_re_loans__lag010,0.667712,0.068365,0.016061,0.05637244
d__relacbw027sbog_real_estate_loan__lag010,0.667712,0.068365,0.016061,0.05637244
d__totll_totll__lag041,0.667712,0.073833,0.01059,0.05637022
d__stlfsi4_stlfed_fin_stress_idx__lag053,0.404389,0.097127,0.042263,0.05636781
d__totll_totll__lag044,0.667712,0.074666,0.009747,0.05636338
d__totll_totll__lag019,0.667712,0.070935,0.013474,0.0563609
d__totll_totll__lag034,0.667712,0.072531,0.011816,0.05631993
q__na000283q_gov_current_exp__lag007,0.971787,0.013931,0.043919,0.05621818
d__totll_totll__lag016,0.667712,0.069863,0.014278,0.05618168
d__relacbw027sbog_relacbw027sbog__lag004,0.667712,0.068129,0.015989,0.05616682
d__relacbw027sbog_re_loans__lag004,0.667712,0.068129,0.015989,0.05616682
d__relacbw027sbog_real_estate_loan__lag004,0.667712,0.068129,0.015989,0.05616682
q__bogz1fl633061105q_mmf_tsy_raw__lag006,0.990596,0.028046,0.028654,0.05616667
q__bogz1fl633061105q_money_market_funds_ts__lag006,0.990596,0.028046,0.028654,0.05616667
d__totll_totll__lag032,0.667712,0.072314,0.011754,0.05613359
d__totll_totll__lag033,0.667712,0.072382,0.011622,0.05609064
q__gpdi_gpdi__lag003,0.984326,0.047977,0.009003,0.05608664
d__totll_totll__lag028,0.667712,0.0707,0.013293,0.05608288
d__totll_totll__lag022,0.667712,0.070854,0.01306,0.05603016
d__totll_totll__lag031,0.667712,0.072054,0.011857,0.05602844
m__csushpinsa_cs_hpi__lag010,0.482759,0.078045,0.037987,0.0560157
d__totll_totll__lag040,0.667712,0.073645,0.010236,0.05600834
d__relacbw027sbog_relacbw027sbog__lag003,0.667712,0.067759,0.016116,0.05600462
d__relacbw027sbog_re_loans__lag003,0.667712,0.067759,0.016116,0.05600462
d__relacbw027sbog_real_estate_loan__lag003,0.667712,0.067759,0.016116,0.05600462
m__mtsr133fms_fedgov_rcpt__lag012,0.561129,0.013486,0.08628,0.05598179
d__totll_totll__lag017,0.667712,0.070171,0.013643,0.05596351
d__relacbw027sbog_relacbw027sbog__lag005,0.667712,0.06813,0.015661,0.05594877
d__relacbw027sbog_re_loans__lag005,0.667712,0.06813,0.015661,0.05594877
d__relacbw027sbog_real_estate_loan__lag005,0.667712,0.06813,0.015661,0.05594877
d__totll_totll__lag036,0.667712,0.072339,0.011408,0.05591884
d__totll_totll__lag030,0.667712,0.071386,0.012327,0.05589622
d__totll_totll__lag027,0.667712,0.070765,0.012852,0.05583154
d__stlfsi4_stlfed_fin_stress_idx__lag050,0.404389,0.079109,0.058879,0.05580077
m__csushpinsa_cs_hpi__lag012,0.482759,0.079403,0.036145,0.0557818
d__totll_totll__lag026,0.667712,0.070721,0.012795,0.05576446
d__relacbw027sbog_relacbw027sbog__lag006,0.667712,0.068226,0.01528,0.05575833
d__relacbw027sbog_re_loans__lag006,0.667712,0.068226,0.01528,0.05575833
d__relacbw027sbog_real_estate_loan__lag006,0.667712,0.068226,0.01528,0.05575833
m__pcedg_pcedg__lag011,0.833856,0.043414,0.023445,0.05575069
m__iputil_iputil__lag007,1.0,0.02926,0.026482,0.0557425
d__totll_totll__lag029,0.667712,0.071025,0.012456,0.05574136
d__totll_totll__lag015,0.667712,0.068815,0.014591,0.05569103
d__totll_totll__lag039,0.667712,0.07333,0.010053,0.05567587
d__totll_totll__lag023,0.667712,0.070542,0.012839,0.05567496
d__totll_totll__lag024,0.667712,0.071045,0.012266,0.05562832
d__relacbw027sbog_relacbw027sbog__lag009,0.667712,0.067921,0.015369,0.05561358
d__relacbw027sbog_re_loans__lag009,0.667712,0.067921,0.015369,0.05561358
d__relacbw027sbog_real_estate_loan__lag009,0.667712,0.067921,0.015369,0.05561358
d__totll_totll__lag037,0.667712,0.072432,0.010789,0.0555679
q__bogz1fl513061115q_pci_bills_raw__lag001,1.0,0.003219,0.052344,0.055563
q__bogz1fl513061115q_pci_bills__lag001,1.0,0.003219,0.052344,0.055563
d__totll_totll__lag038,0.667712,0.073137,0.010032,0.05553277
d__relacbw027sbog_relacbw027sbog__lag008,0.667712,0.067897,0.01517,0.05546501
d__relacbw027sbog_re_loans__lag008,0.667712,0.067897,0.01517,0.05546501
d__relacbw027sbog_real_estate_loan__lag008,0.667712,0.067897,0.01517,0.05546501
q__rownblq027s_row_nonfinbusinessloans_flow__lag002,0.990596,0.023014,0.032961,0.05544862
q__tfaabsnncb_nfcb_tfa__lag004,0.996865,0.051227,0.004382,0.05543432
d__relacbw027sbog_relacbw027sbog__lag007,0.667712,0.067887,0.015132,0.05543273
d__relacbw027sbog_re_loans__lag007,0.667712,0.067887,0.015132,0.05543273
d__relacbw027sbog_real_estate_loan__lag007,0.667712,0.067887,0.015132,0.05543273
d__stlfsi4_stlfed_fin_stress_idx__lag052,0.404389,0.09523,0.04165,0.05535259
d__stlfsi4_stlfed_fin_stress_idx__lag040,0.404389,0.110915,0.025788,0.05528139
d__totll_totll__lag025,0.667712,0.070667,0.012072,0.05524523
q__bogz1fr713061113q_cb_bills_reval__lag004,0.984326,0.042249,0.013852,0.05522179
d__relacbw027sbog_relacbw027sbog__lag002,0.667712,0.067331,0.015353,0.05520928
d__relacbw027sbog_re_loans__lag002,0.667712,0.067331,0.015353,0.05520928
d__relacbw027sbog_real_estate_loan__lag002,0.667712,0.067331,0.015353,0.05520928
q__bogz1fl073164013q_dj_index__lag002,0.689655,0.027542,0.052452,0.05516846
m__pce_pce__lag001,0.84326,0.028449,0.036723,0.0549565
d__relacbw027sbog_relacbw027sbog__lag001,0.667712,0.067314,0.014965,0.054939
d__relacbw027sbog_re_loans__lag001,0.667712,0.067314,0.014965,0.054939
d__relacbw027sbog_real_estate_loan__lag001,0.667712,0.067314,0.014965,0.054939
q__bogz1fa653061113q_mutf_bills_tx__lag001,0.99373,0.034847,0.020408,0.05490927
q__b092rc1q027sbea_gov_int_priv__lag003,0.821317,0.04312,0.023712,0.05489036
m__pce_pce__lag004,0.840125,0.020422,0.04485,0.05483694
q__bogz1lm105020015q_nfcb_inventories__lag005,0.99373,0.021482,0.033625,0.05476084
m__pcuomfgomfg_ppi_man__lag006,0.514107,0.012242,0.094058,0.05464958
q__pnfi_priv_nonres_fi__lag004,0.981191,0.02977,0.025894,0.05461763
m__pcedg_pcedg__lag003,0.84326,0.023312,0.041392,0.05456226
q__tfaabsnncb_nfcb_tfa__lag003,1.0,0.048027,0.006393,0.05442023
q__bogz1fr573061143q_private_db_pension_ts_reval__lag002,0.990596,0.045083,0.009594,0.0541628
q__a091rc1q027sbea_gov_interest_payments__lag003,0.984326,0.033981,0.020961,0.05408077
q__a091rc1q027sbea_fedgov_int__lag003,0.984326,0.033981,0.020961,0.05408077
q__a4102c1q027sbea_gdi_wages__lag003,0.984326,0.037127,0.017645,0.05391412
q__bogz1lm343061105q_fed_gov_retirement_ts__lag005,0.99373,0.049112,0.004995,0.05376785
q__bogz1lm343061105q_fed_ret_tsy_total__lag005,0.99373,0.049112,0.004995,0.05376785
d__anfci_anfci__lag045,0.69279,0.020509,0.057017,0.05370904
q__dividend_dividend__lag006,0.974922,0.031928,0.022961,0.05351306
q__bogz1lm563061103q_etfs_ts__lag006,0.990596,0.039405,0.014585,0.0534823
d__stlfsi4_stlfed_fin_stress_idx__lag014,0.404389,0.047207,0.085043,0.05348037
q__fpi_fpi__lag002,0.987461,0.03426,0.019815,0.05339742
d__stlfsi4_stlfed_fin_stress_idx__lag015,0.404389,0.042118,0.089813,0.05335154
d__anfci_anfci__lag044,0.69279,0.020114,0.056877,0.05333857
q__fpi_invest_priv_fixed__lag002,0.987461,0.03426,0.019679,0.05326343
m__csushpinsa_cs_hpi__lag009,0.485893,0.071868,0.037606,0.0531928
q__w260rc1q027sbea_gdi_netopsurp_privent__lag003,0.984326,0.008859,0.045079,0.05309291
q__bogz1fa733061103q_holding_companies_ts_tx__lag002,0.990596,0.037468,0.016022,0.052987
m__ltdacbm027nbog_ltd__lag006,0.664577,0.057498,0.022037,0.05285735
q__gpdi_gpdi__lag004,0.981191,0.049543,0.004208,0.05274001
q__bogz1fl663061165q_brokers_dealers_long_ts__lag001,1.0,0.04405,0.00866,0.05271062
d__stlfsi4_stlfed_fin_stress_idx__lag051,0.404389,0.085499,0.043443,0.05214272
m__pcedg_pcedg__lag006,0.840125,0.009152,0.052912,0.05214208
d__stlfsi4_stlfed_fin_stress_idx__lag013,0.404389,0.034543,0.094333,0.05211604
q__a4102c1q027sbea_gdi_wages__lag002,0.987461,0.025302,0.027336,0.05197779
q__bogz1fl264035005q_row_loans_a__lag002,1.0,0.050697,0.001161,0.05185881
d__stlfsi4_stlfed_fin_stress_idx__lag070,0.404389,0.11801,0.00972,0.05165264
q__bogz1fl884035005q_dom_loan_a__lag002,1.0,0.051159,0.000426,0.05158536
d__stlfsi4_stlfed_fin_stress_idx__lag026,0.404389,0.072695,0.054775,0.05154744
d__anfci_anfci__lag046,0.69279,0.021664,0.052149,0.05113736
q__impgs_imports__lag005,0.978056,0.00765,0.044616,0.05111916
q__bogz1fa263061145q_row_priv_tsy_tx__lag007,0.974922,0.011606,0.040728,0.05102135
d__stlfsi4_stlfed_fin_stress_idx__lag069,0.404389,0.116805,0.009236,0.05096963
q__bogz1fa663061165q_brokers_dealers_long_ts_tx__lag002,0.990596,0.002058,0.049371,0.05094596
d__anfci_anfci__lag043,0.69279,0.019036,0.054365,0.05085141
q__bogz1fl633061110q_mmf_bills_raw__lag006,0.990596,0.038205,0.013115,0.05083681
q__bogz1fl633061110q_mmf_bills__lag006,0.990596,0.038205,0.013115,0.05083681
m__pcend_pcend__lag010,0.833856,0.025449,0.03525,0.05061463
d__stlfsi4_stlfed_fin_stress_idx__lag071,0.404389,0.113424,0.011435,0.05049147
q__bogz1lm213061103q_state_local_gov_ts__lag002,1.0,0.025519,0.024942,0.05046139
q__dividend_dividend__lag007,0.971787,0.039524,0.012392,0.05045148
d__anfci_anfci__lag042,0.69279,0.018787,0.053766,0.05026349
q__w006rc1q027sbea_gov_tax_receipts__lag007,0.971787,0.03406,0.017421,0.05002809
q__rowmslq027s_row_muni_flow__lag005,0.981191,0.04259,0.008311,0.0499437
q__fgdef_fgdef__lag006,0.974922,0.045333,0.005866,0.04991482
d__stlfsi4_stlfed_fin_stress_idx__lag072,0.404389,0.107307,0.015828,0.04979437
q__bogz1fl892050005q_all_ffrepo__lag003,1.0,0.010611,0.039051,0.04966148
m__mtsr133fms_fedgov_rcpt__lag008,0.564263,0.039455,0.048554,0.04966033
q__bogz1fa763061100q_usb_tsy_oth_tx__lag005,0.981191,0.005794,0.04479,0.04963253
d__stlfsi4_stlfed_fin_stress_idx__lag077,0.404389,0.102328,0.020108,0.04951189
d__anfci_anfci__lag047,0.69279,0.023395,0.047659,0.04922575
q__bogz1fa343061123q_fed_gov_dcg_retirement_ts_tx__lag007,0.974922,0.03873,0.011659,0.04912538
q__rowstaq027s_row_stloan_a__lag002,1.0,0.034451,0.014621,0.04907154
q__b092rc1q027sbea_gov_int_priv__lag005,0.815047,0.011428,0.048427,0.04878457
m__csushpinsa_cs_hpi__lag008,0.485893,0.065467,0.034767,0.04870308
q__bogz1lm473061105q_credit_unions_ts__lag003,1.0,0.022776,0.025888,0.04866351
q__bogz1lm473061105q_credit_unions_ts_tx__lag003,1.0,0.022776,0.025888,0.04866351
q__gsave_gsave__lag004,0.981191,0.013464,0.036126,0.04865681
q__bogz1fa653061113q_mutf_bills_tx__lag003,0.987461,0.037612,0.011599,0.048594
d__anfci_anfci__lag041,0.69279,0.021447,0.0486,0.04852797
d__stlfsi4_stlfed_fin_stress_idx__lag078,0.404389,0.099537,0.020412,0.04850574
q__bogz1fl262051003q_row_rrp__lag008,0.984326,0.022833,0.026323,0.04838509
q__a457rc1q027sbea_netva_nfcb__lag006,0.974922,0.04098,0.008645,0.04838097
q__bogz1fa713068703q_fed_dw_tx__lag002,0.990596,0.023404,0.025424,0.04836838
q__tnwhcbsnncb_nfcb_hc_nw__lag002,1.0,0.019605,0.028712,0.04831736
q__w260rc1q027sbea_gdi_netopsurp_privent__lag007,0.971787,0.01576,0.033776,0.04813874
d__stlfsi4_stlfed_fin_stress_idx__lag041,0.404389,0.111131,0.007613,0.04801889
q__bogz1fl513061115q_pci_bills_raw__lag007,0.987461,0.029693,0.018758,0.0478434
q__bogz1fl513061115q_pci_bills__lag007,0.987461,0.029693,0.018758,0.0478434
m__ttlcons_ttlcons__lag011,0.407524,0.064153,0.053104,0.04778479
q__bogz1lm473061105q_credit_unions_ts__lag005,0.99373,0.029651,0.018383,0.04773321
q__bogz1lm473061105q_credit_unions_ts_tx__lag005,0.99373,0.029651,0.018383,0.04773321
q__a464rc1q027sbea_nfcb_pbt__lag001,0.990596,0.000814,0.047323,0.04768398
q__fgrecpt_fgrecpt__lag008,0.968652,0.027807,0.021342,0.04760774
q__bogz1fa663061165q_brokers_dealers_long_ts_tx__lag007,0.974922,0.036375,0.012423,0.04757376
q__rrvrusq156n_rental_vacancy__lag006,0.862069,0.00016,0.054957,0.04751429
q__bogz1lm513061105q_pci_tsy_raw__lag006,0.990596,0.001407,0.046527,0.04748277
q__bogz1lm513061105q_pc_insurance_ts__lag006,0.990596,0.001407,0.046527,0.04748277
q__bogz1lm513061105q_p_c_insurance_ts__lag006,0.990596,0.001407,0.046527,0.04748277
q__rhvrusq156n_owner_vacancy__lag003,0.871473,0.014772,0.039692,0.04746374
d__stlfsi4_stlfed_fin_stress_idx__lag037,0.404389,0.104372,0.012926,0.0474342
q__w260rc1q027sbea_gdi_netopsurp_privent__lag002,0.987461,0.006874,0.0411,0.04737274
d__stlfsi4_stlfed_fin_stress_idx__lag038,0.404389,0.102437,0.014546,0.0473064
m__usphci_usphci__lag003,0.592476,0.001896,0.077922,0.04729014
d__anfci_anfci__lag006,0.69279,0.020239,0.048014,0.04728518
q__a4102c1q027sbea_gdi_wages__lag004,0.981191,0.040314,0.007761,0.04717093
m__ttlcons_ttlcons__lag012,0.407524,0.062565,0.052599,0.04693214
d__stlfsi4_stlfed_fin_stress_idx__lag036,0.404389,0.094883,0.020872,0.04680993
q__bogz1fl264035005q_row_loans_a__lag001,1.0,0.028367,0.018426,0.04679353
q__drtscilm_loan_tight__lag007,0.429467,0.107057,0.001889,0.04678911
m__ttlcons_ttlcons__lag010,0.407524,0.062677,0.051478,0.04652058
d__stlfsi4_stlfed_fin_stress_idx__lag025,0.404389,0.063344,0.051463,0.04642683
d__anfci_anfci__lag007,0.69279,0.016364,0.050616,0.04640357
q__bogz1fr513061115q_pci_bills_reval__lag001,0.99373,0.026917,0.019739,0.04636301
d__stlfsi4_stlfed_fin_stress_idx__lag073,0.404389,0.103754,0.010791,0.0463209
q__bogz1fr513061115q_pci_bills_reval__lag005,0.981191,0.034705,0.012433,0.04625067
m__pcuomfgomfg_ppi_man__lag007,0.514107,0.013338,0.076329,0.04609817
d__stlfsi4_stlfed_fin_stress_idx__lag080,0.404389,0.093709,0.020251,0.04608421
d__stlfsi4_stlfed_fin_stress_idx__lag039,0.404389,0.098828,0.015034,0.04604421
q__bogz1fl763061100q_usb_tsy_oth__lag002,1.0,0.031064,0.014906,0.04596958
q__tfaabshno_hhnp_tfa__lag005,0.99373,0.019985,0.026261,0.04595598
q__tfaabshno_hhnp_tfa__lag008,0.984326,0.03619,0.010452,0.0459104
d__stlfsi4_stlfed_fin_stress_idx__lag074,0.404389,0.102695,0.010657,0.04583813
q__bogz1fl884035005q_dom_loan_a__lag001,1.0,0.040686,0.005135,0.04582167
q__pcesv_pcesv__lag004,0.981191,0.039488,0.007098,0.04570967
q__na000283q_gov_current_exp__lag006,0.974922,0.017676,0.029204,0.04570426
d__stlfsi4_stlfed_fin_stress_idx__lag033,0.404389,0.074616,0.0384,0.04570253
m__usphci_usphci__lag002,0.592476,0.001939,0.074901,0.04552579
m__usphci_usphci__lag001,0.592476,0.004608,0.072196,0.04550424
d__stlfsi4_stlfed_fin_stress_idx__lag079,0.404389,0.092224,0.0203,0.04550305
m__businv_businv__lag002,0.429467,0.024663,0.081085,0.04541513
q__bogz1lm733061103q_holding_companies_ts__lag008,0.984326,0.032784,0.013344,0.04540536
q__bogz1fa753061103q_usb_tsy_for_tx__lag008,0.971787,0.041948,0.004726,0.04535739
q__pcesv_pcesv__lag001,0.990596,0.009325,0.036463,0.04535736
q__mmmffaq027s_mmf_tfa__lag007,0.987461,0.040732,0.005163,0.04531884
d__stlfsi4_stlfed_fin_stress_idx__lag082,0.404389,0.093547,0.018369,0.0452578
q__gdp_gdp__lag004,0.981191,0.03111,0.014786,0.04503312
m__businv_businv__lag001,0.429467,0.023761,0.08099,0.04498713
m__pcend_pcend__lag008,0.836991,0.008832,0.044908,0.04497982
m__pcedg_pcedg__lag001,0.84326,0.05235,0.000906,0.04490834
d__stlfsi4_stlfed_fin_stress_idx__lag076,0.404389,0.101745,0.008251,0.0444812
q__w328rc1q027sbea_nfcb_pat__lag002,0.987461,0.03105,0.01398,0.04446441
d__anfci_anfci__lag008,0.69279,0.014798,0.049304,0.04440888
q__tnwmvbsnncb_nfcb_nw__lag001,1.0,0.002838,0.0414,0.04423798
q__fgexpnd_fgexpnd__lag006,0.974922,0.015853,0.029461,0.04417731
q__bogz1lm103061103q_nfcb_tsy__lag006,0.990596,0.027681,0.016801,0.04406311
q__pnfi_priv_nonres_fi__lag002,0.987461,0.005979,0.038627,0.04404708
m__ttlcons_ttlcons__lag009,0.410658,0.062829,0.044373,0.04402353
d__anfci_anfci__lag038,0.69279,0.015233,0.048237,0.04397177
d__anfci_anfci__lag037,0.69279,0.014791,0.048412,0.04378668
q__ad02rc1q027sbea_gov_netlending__lag007,0.815047,0.01717,0.036447,0.04370082
d__stlfsi4_stlfed_fin_stress_idx__lag049,0.404389,0.050776,0.056866,0.043529
q__bogz1lm733061103q_holding_companies_ts__lag007,0.987461,0.022827,0.021198,0.04347301
q__bogz1lm473061105q_credit_unions_ts__lag007,0.987461,0.025981,0.017998,0.04342723
q__bogz1lm473061105q_credit_unions_ts_tx__lag007,0.987461,0.025981,0.017998,0.04342723
m__ttlcons_ttlcons__lag008,0.410658,0.064043,0.041689,0.0434199
q__bogz1lm473061105q_credit_unions_ts__lag001,1.0,0.005065,0.038348,0.04341322
q__bogz1lm473061105q_credit_unions_ts_tx__lag001,1.0,0.005065,0.038348,0.04341322
q__bogz1fl712051000q_fed_rrp__lag008,0.984326,0.013486,0.030617,0.04341201
d__stlfsi4_stlfed_fin_stress_idx__lag024,0.404389,0.062015,0.045266,0.04338311
q__dividend_dividend__lag005,0.978056,0.016967,0.02733,0.04332472
d__stlfsi4_stlfed_fin_stress_idx__lag035,0.404389,0.086536,0.020527,0.04329502
m__csushpinsa_cs_hpi__lag007,0.485893,0.059801,0.028808,0.04305435
q__bogz1lm105020015q_nfcb_inventories__lag003,1.0,0.008151,0.034893,0.04304404
m__businv_businv__lag003,0.429467,0.025818,0.074061,0.04289467
d__stlfsi4_stlfed_fin_stress_idx__lag081,0.404389,0.090661,0.015264,0.04283503
d__stlfsi4_stlfed_fin_stress_idx__lag031,0.404389,0.07327,0.032561,0.04279687
q__gdp_gdp__lag003,0.984326,0.022874,0.02047,0.04266454
q__b093rc1q027sbea_gov_int_row__lag002,0.987461,0.03987,0.003246,0.04257579
m__pce_pce__lag005,0.840125,0.010424,0.040213,0.0425408
m__pce_pce__lag006,0.840125,0.00802,0.042431,0.04238541
m__pcuomfgomfg_ppi_man__lag008,0.510972,0.01997,0.062946,0.04236788
d__stlfsi4_stlfed_fin_stress_idx__lag027,0.404389,0.06975,0.034702,0.0422392
d__stlfsi4_stlfed_fin_stress_idx__lag028,0.404389,0.067059,0.037063,0.04210592
d__stlfsi4_stlfed_fin_stress_idx__lag029,0.404389,0.072476,0.031626,0.04209788
m__pcedg_pcedg__lag002,0.84326,0.026114,0.023727,0.04202915
q__b461rc1q027sbea_netva_wages__lag001,0.990596,0.008165,0.034183,0.04194968
d__anfci_anfci__lag009,0.69279,0.012216,0.048322,0.04194016
q__bogz1fl263061145q_row_priv_tsy__lag008,0.984326,0.003964,0.038637,0.04193373
d__anfci_anfci__lag039,0.69279,0.016014,0.044499,0.04192257
q__bogz1lm563061103q_etfs_ts__lag007,0.987461,0.032696,0.009582,0.04174786
q__bogz1fa105019005q_nfcb_gfi__lag004,0.984326,0.016064,0.026285,0.04168472
q__bogz1lm103061103q_nfcb_tsy__lag007,0.987461,0.015442,0.026672,0.04158501
m__pcedg_pcedg__lag007,0.836991,0.012007,0.037666,0.04157599
d__anfci_anfci__lag036,0.69279,0.013419,0.046509,0.04151741
q__bogz1fl884135005q_dom_loan_l__lag002,1.0,0.039992,0.001507,0.04149883
q__rowmslq027s_row_muni_flow__lag004,0.984326,0.03268,0.009294,0.04131633
q__w328rc1q027sbea_nfcb_pat__lag007,0.971787,0.025671,0.016572,0.04105113
d__stlfsi4_stlfed_fin_stress_idx__lag020,0.404389,0.053333,0.048162,0.04104323
d__stlfsi4_stlfed_fin_stress_idx__lag032,0.404389,0.071706,0.029668,0.04099483
q__tnwmvbsnncb_nfcb_nw__lag003,1.0,0.020808,0.020147,0.04095504
m__pcend_pcend__lag011,0.833856,0.014681,0.034392,0.04091989
d__anfci_anfci__lag035,0.69279,0.01332,0.045726,0.04090633
d__anfci_anfci__lag010,0.69279,0.011156,0.047807,0.04084886
m__businv_businv__lag004,0.426332,0.027265,0.068376,0.04077487
d__anfci_anfci__lag040,0.69279,0.019241,0.039272,0.04053724
d__stlfsi4_stlfed_fin_stress_idx__lag034,0.404389,0.080431,0.019775,0.04052219
d__stlfsi4_stlfed_fin_stress_idx__lag042,0.404389,0.094922,0.00526,0.04051239
q__b461rc1q027sbea_netva_wages__lag005,0.978056,0.037682,0.00364,0.04041563
q__w326rc1q027sbea_net_op_surplus__lag007,0.971787,0.017569,0.02388,0.04027964
q__pcesv_pcesv__lag003,0.984326,0.026158,0.014728,0.04024558
q__bogz1lm733061103q_holding_companies_ts__lag006,0.990596,0.02027,0.019881,0.03977368
d__stlfsi4_stlfed_fin_stress_idx__lag023,0.404389,0.061547,0.036243,0.03954533
d__stlfsi4_stlfed_fin_stress_idx__lag021,0.404389,0.051397,0.045937,0.03936055
d__stlfsi4_stlfed_fin_stress_idx__lag048,0.404389,0.045419,0.051457,0.03917574
d__anfci_anfci__lag011,0.69279,0.012208,0.044123,0.03902594
d__stlfsi4_stlfed_fin_stress_idx__lag030,0.404389,0.063429,0.033055,0.03901716
m__ttlcons_ttlcons__lag007,0.410658,0.060334,0.0342,0.0388211
q__bogz1fl884135005q_dom_loan_l__lag001,1.0,0.030906,0.007904,0.03880981
d__anfci_anfci__lag034,0.69279,0.014524,0.041474,0.03879447
d__stlfsi4_stlfed_fin_stress_idx__lag075,0.404389,0.093326,0.001551,0.03836729
q__bogz1lm733061103q_holding_companies_ts__lag001,1.0,0.02502,0.013166,0.03818595
q__b092rc1q027sbea_gov_int_priv__lag004,0.818182,0.01234,0.033982,0.0379
m__pcuomfgomfg_ppi_man__lag009,0.510972,0.025945,0.04807,0.03781956
m__csushpinsa_cs_hpi__lag006,0.489028,0.05529,0.02177,0.03768419
q__fpi_fpi__lag006,0.974922,0.030656,0.007989,0.03767565
q__fpi_invest_priv_fixed__lag006,0.974922,0.030656,0.007989,0.03767565
q__bogz1lm473061105q_credit_unions_ts__lag002,1.0,0.00925,0.028287,0.03753698
q__bogz1lm473061105q_credit_unions_ts_tx__lag002,1.0,0.00925,0.028287,0.03753698
q__pnfi_priv_nonres_fi__lag003,0.984326,0.009186,0.028948,0.03753636
d__stlfsi4_stlfed_fin_stress_idx__lag022,0.404389,0.051487,0.040862,0.03734493
q__bogz1fa263061145q_row_priv_tsy_tx__lag006,0.978056,0.021908,0.016175,0.0372473
q__a457rc1q027sbea_netva_nfcb__lag003,0.984326,0.020045,0.017713,0.0371656
m__ltdacbm027nbog_ltd__lag003,0.667712,0.041984,0.013619,0.03712681
q__tnwhcbsnncb_nfcb_hc_nw__lag007,0.987461,0.01784,0.019756,0.03712418
q__w260rc1q027sbea_gdi_netopsurp_privent__lag005,0.978056,0.006008,0.031883,0.03706028
d__anfci_anfci__lag012,0.69279,0.010247,0.043038,0.03691532
q__bogz1lm733061103q_holding_companies_ts__lag003,1.0,0.03042,0.006432,0.03685133
q__bogz1fa673061103q_abs_issuers_ts_tx__lag006,0.978056,0.016943,0.020419,0.03654184
m__pcuomfgomfg_ppi_man__lag011,0.507837,0.022299,0.049644,0.03653517
m__businv_businv__lag005,0.426332,0.025955,0.059594,0.03647247
q__gdp_gdp__lag002,0.987461,0.009702,0.02719,0.03642926
q__bogz1fa343061123q_fed_gov_dcg_retirement_ts_tx__lag003,0.987461,0.031086,0.005802,0.03642496
q__iatashcbsnncb_nfcb_hc_inventories__lag004,0.996865,0.017998,0.018527,0.03641114
q__rowtsaq027s_row_tsy_tx__lag006,0.978056,0.002733,0.034492,0.03640848
q__bogz1fr263061145q_row_priv_tsy_reval__lag001,0.99373,0.026007,0.010487,0.03626505
q__bogz1fl313024000q_tres_oper_cash__lag008,0.984326,0.019451,0.017361,0.03623553
m__usphci_usphci__lag004,0.589342,0.004889,0.056455,0.03615245
q__bogz1fa343061165q_fed_gov_db_retirement_ts_tx__lag007,0.974922,0.009198,0.027725,0.03599678
q__bogz1fl313161110q_totalbills_z1__lag005,0.99373,0.027359,0.008822,0.03595419
m__usphci_usphci__lag010,0.583072,0.037356,0.023983,0.0357654
q__tnwmvbsnncb_nfcb_nw__lag002,1.0,0.009337,0.026426,0.03576257
q__bogz1fl313161110q_totalbills_z1__lag008,0.984326,0.031167,0.005034,0.03563326
q__fpi_invest_priv_fixed__lag003,0.984326,0.02894,0.007189,0.03556284
d__stlfsi4_stlfed_fin_stress_idx__lag046,0.404389,0.058279,0.02957,0.03552524
q__fpi_fpi__lag003,0.984326,0.02894,0.007046,0.03542193
m__pce_pce__lag007,0.836991,0.010139,0.032122,0.03537233
m__usphci_usphci__lag011,0.583072,0.03835,0.021804,0.03507365
m__pcuomfgomfg_ppi_man__lag012,0.507837,0.024181,0.044541,0.03489918
m__usphci_usphci__lag006,0.589342,0.003286,0.055811,0.03482818
q__bogz1fr403061105q_gses_ts_reval__lag002,0.990596,0.009669,0.02483,0.03417476
q__bogz1fa105019005q_nfcb_gfi__lag003,0.987461,0.003178,0.03139,0.03413433
m__ttlcons_ttlcons__lag006,0.413793,0.059667,0.022512,0.03400515
m__usphci_usphci__lag005,0.589342,0.002165,0.055231,0.03382608
q__b461rc1q027sbea_netva_wages__lag002,0.987461,0.00597,0.028199,0.03374047
m__pcend_pcend__lag009,0.836991,0.000224,0.039555,0.03329476
m__pcuomfgomfg_ppi_man__lag010,0.510972,0.022036,0.042903,0.03318234
q__bogz1fl763061100q_usb_tsy_oth__lag004,0.996865,0.028906,0.004189,0.03299176
q__bogz1lm473061105q_credit_unions_ts__lag008,0.984326,0.017899,0.015459,0.03283595
q__bogz1lm473061105q_credit_unions_ts_tx__lag008,0.984326,0.017899,0.015459,0.03283595
q__tnwmvbsnncb_nfcb_nw__lag006,0.990596,0.020228,0.012914,0.03283026
m__pce_pce__lag011,0.833856,0.020364,0.018917,0.03275465
m__businv_businv__lag006,0.426332,0.024781,0.052024,0.03274433
d__stlfsi4_stlfed_fin_stress_idx__lag043,0.404389,0.068739,0.012179,0.03272228
m__ttlcons_ttlcons__lag005,0.413793,0.063431,0.015424,0.03262934
m__csushpinsa_cs_hpi__lag005,0.489028,0.052247,0.014223,0.03250554
d__anfci_anfci__lag031,0.69279,0.009879,0.036941,0.03243616
m__pcedg_pcedg__lag005,0.840125,0.000852,0.037713,0.03239975
d__anfci_anfci__lag030,0.69279,0.009165,0.037265,0.03216648
q__b461rc1q027sbea_netva_wages__lag003,0.984326,0.017048,0.0156,0.03213613
d__stlfsi4_stlfed_fin_stress_idx__lag047,0.404389,0.046214,0.033034,0.03204699
m__pcend_pcend__lag012,0.833856,0.008257,0.03003,0.03192542
q__a091rc1q027sbea_gov_interest_payments__lag004,0.981191,0.000176,0.032346,0.03190992
q__a091rc1q027sbea_fedgov_int__lag004,0.981191,0.000176,0.032346,0.03190992
q__w260rc1q027sbea_gdi_netopsurp_privent__lag006,0.974922,0.000895,0.031758,0.03183341
d__anfci_anfci__lag032,0.69279,0.009942,0.035498,0.0314808
q__bogz1fr513061105q_pc_insurance_ts_reval__lag002,0.990596,0.019538,0.011978,0.03121982
q__bogz1fa743061103q_usb_tsy_dom_tx__lag002,0.990596,0.03002,0.001494,0.03121714
d__anfci_anfci__lag033,0.69279,0.014174,0.03084,0.03118486
m__usphci_usphci__lag012,0.583072,0.032355,0.020607,0.03088017
q__bogz1fl073164013q_dj_index__lag008,0.670846,0.016904,0.028927,0.03074594
m__pce_pce__lag009,0.836991,0.009883,0.026769,0.03067734
q__bogz1lm105020015q_nfcb_inventories__lag004,0.996865,0.00111,0.029603,0.03061704
q__bogz1lm733061103q_holding_companies_ts__lag002,1.0,0.019734,0.010611,0.03034503
d__anfci_anfci__lag029,0.69279,0.007293,0.036025,0.03001045
m__businv_businv__lag007,0.423197,0.025173,0.045322,0.02983349
q__bogz1fa653061105q_mutual_funds_ts_tx__lag007,0.974922,0.001653,0.028907,0.02979325
q__tnwhcbsnncb_nfcb_hc_nw__lag005,0.99373,0.005156,0.023769,0.02874393
d__anfci_anfci__lag028,0.69279,0.006791,0.034577,0.0286593
m__ttlcons_ttlcons__lag002,0.416928,0.063291,0.005372,0.02862752
q__bogz1lm213061103q_state_local_gov_ts__lag001,1.0,0.007606,0.021012,0.02861814
m__ttlcons_ttlcons__lag004,0.413793,0.059011,0.009939,0.02853093
q__bogz1fl073164013q_dj_index__lag005,0.680251,0.040118,0.001616,0.02838912
q__w326rc1q027sbea_net_op_surplus__lag008,0.968652,0.006153,0.023082,0.02831853
m__pce_pce__lag010,0.833856,0.011714,0.022028,0.02813604
q__cbi_cbi__lag007,0.971787,0.016148,0.01256,0.02789783
q__pcesv_pcesv__lag002,0.987461,0.004293,0.023544,0.02748837
m__csushpinsa_cs_hpi__lag004,0.489028,0.048818,0.007281,0.02743379
m__ttlcons_ttlcons__lag001,0.416928,0.060673,0.004666,0.02724146
q__gpdi_gpdi__lag005,0.978056,0.019814,0.007975,0.027179
q__bogz1fl073164013q_dj_index__lag003,0.68652,0.006471,0.032956,0.027068
m__usphci_usphci__lag007,0.586207,0.007353,0.038071,0.02662761
d__anfci_anfci__lag027,0.69279,0.006363,0.03169,0.02636247
q__bogz1fa553061103q_closed_end_funds_ts_tx__lag003,0.987461,0.01802,0.008677,0.02636198
d__stlfsi4_stlfed_fin_stress_idx__lag045,0.404389,0.054002,0.011015,0.02629237
q__bogz1lm563061103q_etfs_ts__lag008,0.984326,0.017548,0.009129,0.02625865
m__ttlcons_ttlcons__lag003,0.416928,0.05949,0.003227,0.0261485
m__businv_businv__lag008,0.423197,0.021196,0.039622,0.02573781
q__mmmffaq027s_mmf_tfa__lag008,0.984326,0.016606,0.009427,0.02562426
m__pce_pce__lag012,0.833856,0.012412,0.018163,0.02549544
d__stlfsi4_stlfed_fin_stress_idx__lag044,0.404389,0.059077,0.003745,0.02540425
q__bogz1lm473061105q_credit_unions_ts__lag004,0.996865,0.018568,0.006655,0.02514409
q__bogz1lm473061105q_credit_unions_ts_tx__lag004,0.996865,0.018568,0.006655,0.02514409
m__srvprd_srvprd__lag012,1.0,0.021516,0.003242,0.02475776
q__a457rc1q027sbea_netva_nfcb__lag005,0.978056,0.018512,0.006801,0.02475738
q__w328rc1q027sbea_nfcb_pat__lag008,0.968652,0.006591,0.018914,0.02470553
q__bogz1fr713061113q_cb_bills_reval__lag008,0.971787,0.014737,0.010093,0.02412962
m__pce_pce__lag008,0.836991,0.001371,0.027223,0.02393336
q__bogz1fr513061115q_pci_bills_reval__lag004,0.984326,0.012765,0.011159,0.02354899
q__bogz1fr513061115q_pci_bills_reval__lag007,0.974922,0.02245,0.001636,0.02348214
m__csushpinsa_cs_hpi__lag003,0.492163,0.044698,0.003011,0.02348072
m__usphci_usphci__lag008,0.586207,0.003946,0.035601,0.02318243
q__bogz1fl073164013q_dj_index__lag006,0.677116,0.014914,0.019101,0.02303226
m__usphci_usphci__lag009,0.586207,0.00389,0.035391,0.02302641
q__fpi_fpi__lag004,0.981191,0.020536,0.00281,0.02290694
q__fpi_invest_priv_fixed__lag004,0.981191,0.020536,0.00281,0.02290694
q__bogz1lm513061105q_pci_tsy_raw__lag007,0.987461,0.016639,0.006514,0.02286239
q__bogz1lm513061105q_pc_insurance_ts__lag007,0.987461,0.016639,0.006514,0.02286239
q__bogz1lm513061105q_p_c_insurance_ts__lag007,0.987461,0.016639,0.006514,0.02286239
q__a457rc1q027sbea_netva_nfcb__lag004,0.981191,0.013592,0.008988,0.02215561
q__fgrecpt_fgrecpt__lag007,0.971787,0.000689,0.021857,0.02190945
q__b461rc1q027sbea_netva_wages__lag004,0.981191,0.018693,0.003625,0.02189859
m__businv_businv__lag009,0.423197,0.015121,0.036112,0.02168178
q__bogz1fl262051003q_row_rrp__lag007,0.987461,0.008651,0.01312,0.02149881
q__bogz1fl313161110q_totalbills_z1__lag007,0.987461,0.010512,0.01114,0.02138001
q__bogz1fa313161305q_gov_nonmarketable_ts_tx__lag003,0.987461,0.006521,0.015,0.02125164
q__bogz1lm473061105q_credit_unions_ts__lag006,0.990596,0.017317,0.004098,0.02121309
q__bogz1lm473061105q_credit_unions_ts_tx__lag006,0.990596,0.017317,0.004098,0.02121309
m__csushpinsa_cs_hpi__lag002,0.492163,0.041388,0.000564,0.02064693
q__tnwmvbsnncb_nfcb_nw__lag004,0.996865,0.016175,0.004059,0.02016966
q__bogz1fa633061110q_mmf_bills_tx__lag007,0.974922,0.017086,0.003146,0.01972391
m__csushpinsa_cs_hpi__lag001,0.492163,0.039362,0.000292,0.01951645
q__tnwhcbsnncb_nfcb_hc_nw__lag003,1.0,0.00394,0.015178,0.01911812
m__businv_businv__lag010,0.420063,0.012357,0.031777,0.01853921
q__bogz1fl313161110q_totalbills_z1__lag006,0.990596,0.009834,0.008532,0.01819315
d__anfci_anfci__lag026,0.69279,0.007643,0.016922,0.01701851
q__bogz1lm733061103q_holding_companies_ts__lag004,0.996865,0.013889,0.002217,0.01605523
q__tnwhcbsnncb_nfcb_hc_nw__lag006,0.990596,0.01445,0.001646,0.01594436
d__anfci_anfci__lag025,0.69279,0.002907,0.020042,0.01589899
d__anfci_anfci__lag024,0.69279,0.003436,0.019511,0.01589749
q__iatashcbsnncb_nfcb_hc_inventories__lag003,1.0,0.003405,0.012372,0.01577684
d__anfci_anfci__lag013,0.69279,0.013393,0.009144,0.01561345
q__w006rc1q027sbea_gov_tax_receipts__lag008,0.968652,0.000293,0.015657,0.01544995
d__anfci_anfci__lag023,0.69279,0.002523,0.019707,0.01540076
m__businv_businv__lag011,0.420063,0.007377,0.029175,0.01535448
q__tnwmvbsnncb_nfcb_nw__lag005,0.99373,0.004956,0.010454,0.01531346
q__rowstaq027s_row_stloan_a__lag001,1.0,0.013755,0.00088,0.01463505
m__ltdacbm027nbog_ltd__lag005,0.664577,0.020476,0.001233,0.01442727
d__anfci_anfci__lag014,0.69279,0.00958,0.011015,0.01426791
q__b093rc1q027sbea_gov_int_row__lag003,0.984326,0.003778,0.010309,0.01386584
d__anfci_anfci__lag020,0.69279,0.003562,0.016427,0.01384845
m__srvprd_srvprd__lag011,1.0,0.009848,0.003677,0.01352485
d__anfci_anfci__lag022,0.69279,0.000266,0.018711,0.01314709
q__gpdi_gpdi__lag006,0.974922,0.009541,0.003743,0.01295105
m__exgeus_demusd__lag011,0.683386,0.018798,0.0,0.01284602
m__exgeus_demusd__lag012,0.683386,0.018798,0.0,0.01284602
m__exgeus_exgeus__lag011,0.683386,0.018798,0.0,0.01284602
m__exgeus_exgeus__lag012,0.683386,0.018798,0.0,0.01284602
d__anfci_anfci__lag021,0.69279,0.00132,0.016631,0.01243592
m__srvprd_srvprd__lag010,1.0,0.004349,0.007823,0.01217212
q__bogz1fl073164013q_dj_index__lag004,0.683386,0.015517,0.002156,0.01207749
m__businv_businv__lag012,0.420063,0.000567,0.027624,0.01184178
d__anfci_anfci__lag015,0.69279,0.008095,0.008994,0.01183916
q__bogz1fl073164013q_dj_index__lag007,0.673981,0.009486,0.008018,0.01179728
q__bogz1fa733061103q_holding_companies_ts_tx__lag006,0.978056,0.007602,0.004329,0.01166904
q__tnwhcbsnncb_nfcb_hc_nw__lag004,0.996865,0.002846,0.008782,0.01159186
q__bogz1fl763061100q_usb_tsy_oth__lag003,1.0,0.002599,0.007133,0.00973216
d__anfci_anfci__lag016,0.69279,0.004971,0.008049,0.00902044
d__anfci_anfci__lag017,0.69279,0.003899,0.008034,0.0082675
q__fpi_fpi__lag005,0.978056,0.007064,0.000768,0.00765943
q__fpi_invest_priv_fixed__lag005,0.978056,0.007064,0.000768,0.00765943
d__anfci_anfci__lag018,0.69279,0.004844,0.005618,0.00724789
m__ltdacbm027nbog_ltd__lag004,0.664577,0.008496,0.002389,0.0072344
q__bogz1lm733061103q_holding_companies_ts__lag005,0.99373,0.005046,0.002182,0.00718269
d__anfci_anfci__lag019,0.69279,0.001171,0.00669,0.00544594
q__bogz1fr313161305q_gov_nonmarketable_ts_reval__lag001,0.99373,0.0,0.0,0.0
q__bogz1fr343061123q_fed_gov_dcg_retirement_ts_reval__lag001,0.99373,0.0,0.0,0.0
q__bogz1fr503061123q_ccps_ts_reval__lag001,0.99373,0.0,0.0,0.0
q__bogz1fr543461113q_li_bills_reval__lag001,0.99373,0.0,0.0,0.0
q__bogz1fr633061105q_money_market_funds_ts_reval__lag001,0.99373,0.0,0.0,0.0
q__bogz1fr633061110q_mmf_bills_reval__lag001,0.99373,0.0,0.0,0.0
q__bogz1fr653061113q_mutf_bills_reval__lag001,0.99373,0.0,0.0,0.0
q__bogz1fr673061103q_abs_issuers_ts_reval__lag001,0.99373,0.0,0.0,0.0
q__bogz1fr313161305q_gov_nonmarketable_ts_reval__lag002,0.990596,0.0,0.0,0.0
q__bogz1fr343061123q_fed_gov_dcg_retirement_ts_reval__lag002,0.990596,0.0,0.0,0.0
q__bogz1fr503061123q_ccps_ts_reval__lag002,0.990596,0.0,0.0,0.0
q__bogz1fr543461113q_li_bills_reval__lag002,0.990596,0.0,0.0,0.0
q__bogz1fr633061105q_money_market_funds_ts_reval__lag002,0.990596,0.0,0.0,0.0
q__bogz1fr633061110q_mmf_bills_reval__lag002,0.990596,0.0,0.0,0.0
q__bogz1fr653061113q_mutf_bills_reval__lag002,0.990596,0.0,0.0,0.0
q__bogz1fr673061103q_abs_issuers_ts_reval__lag002,0.990596,0.0,0.0,0.0
q__bogz1fr313161305q_gov_nonmarketable_ts_reval__lag003,0.987461,0.0,0.0,0.0
q__bogz1fr343061123q_fed_gov_dcg_retirement_ts_reval__lag003,0.987461,0.0,0.0,0.0
q__bogz1fr503061123q_ccps_ts_reval__lag003,0.987461,0.0,0.0,0.0
q__bogz1fr543461113q_li_bills_reval__lag003,0.987461,0.0,0.0,0.0
q__bogz1fr633061105q_money_market_funds_ts_reval__lag003,0.987461,0.0,0.0,0.0
q__bogz1fr633061110q_mmf_bills_reval__lag003,0.987461,0.0,0.0,0.0
q__bogz1fr653061113q_mutf_bills_reval__lag003,0.987461,0.0,0.0,0.0
q__bogz1fr673061103q_abs_issuers_ts_reval__lag003,0.987461,0.0,0.0,0.0
q__bogz1fr313161305q_gov_nonmarketable_ts_reval__lag004,0.984326,0.0,0.0,0.0
q__bogz1fr343061123q_fed_gov_dcg_retirement_ts_reval__lag004,0.984326,0.0,0.0,0.0
q__bogz1fr503061123q_ccps_ts_reval__lag004,0.984326,0.0,0.0,0.0
q__bogz1fr543461113q_li_bills_reval__lag004,0.984326,0.0,0.0,0.0
q__bogz1fr633061105q_money_market_funds_ts_reval__lag004,0.984326,0.0,0.0,0.0
q__bogz1fr633061110q_mmf_bills_reval__lag004,0.984326,0.0,0.0,0.0
q__bogz1fr653061113q_mutf_bills_reval__lag004,0.984326,0.0,0.0,0.0
q__bogz1fr673061103q_abs_issuers_ts_reval__lag004,0.984326,0.0,0.0,0.0
q__bogz1fr313161305q_gov_nonmarketable_ts_reval__lag005,0.981191,0.0,0.0,0.0
q__bogz1fr343061123q_fed_gov_dcg_retirement_ts_reval__lag005,0.981191,0.0,0.0,0.0
q__bogz1fr503061123q_ccps_ts_reval__lag005,0.981191,0.0,0.0,0.0
q__bogz1fr543461113q_li_bills_reval__lag005,0.981191,0.0,0.0,0.0
q__bogz1fr633061105q_money_market_funds_ts_reval__lag005,0.981191,0.0,0.0,0.0
q__bogz1fr633061110q_mmf_bills_reval__lag005,0.981191,0.0,0.0,0.0
q__bogz1fr653061113q_mutf_bills_reval__lag005,0.981191,0.0,0.0,0.0
q__bogz1fr673061103q_abs_issuers_ts_reval__lag005,0.981191,0.0,0.0,0.0
q__bogz1fr313161305q_gov_nonmarketable_ts_reval__lag006,0.978056,0.0,0.0,0.0
q__bogz1fr343061123q_fed_gov_dcg_retirement_ts_reval__lag006,0.978056,0.0,0.0,0.0
q__bogz1fr503061123q_ccps_ts_reval__lag006,0.978056,0.0,0.0,0.0
q__bogz1fr543461113q_li_bills_reval__lag006,0.978056,0.0,0.0,0.0
q__bogz1fr633061105q_money_market_funds_ts_reval__lag006,0.978056,0.0,0.0,0.0
q__bogz1fr633061110q_mmf_bills_reval__lag006,0.978056,0.0,0.0,0.0
q__bogz1fr653061113q_mutf_bills_reval__lag006,0.978056,0.0,0.0,0.0
q__bogz1fr673061103q_abs_issuers_ts_reval__lag006,0.978056,0.0,0.0,0.0
q__bogz1fr313161305q_gov_nonmarketable_ts_reval__lag007,0.974922,0.0,0.0,0.0
q__bogz1fr343061123q_fed_gov_dcg_retirement_ts_reval__lag007,0.974922,0.0,0.0,0.0
q__bogz1fr503061123q_ccps_ts_reval__lag007,0.974922,0.0,0.0,0.0
q__bogz1fr543461113q_li_bills_reval__lag007,0.974922,0.0,0.0,0.0
q__bogz1fr633061105q_money_market_funds_ts_reval__lag007,0.974922,0.0,0.0,0.0
q__bogz1fr633061110q_mmf_bills_reval__lag007,0.974922,0.0,0.0,0.0
q__bogz1fr653061113q_mutf_bills_reval__lag007,0.974922,0.0,0.0,0.0
q__bogz1fr673061103q_abs_issuers_ts_reval__lag007,0.974922,0.0,0.0,0.0
q__bogz1fr313161305q_gov_nonmarketable_ts_reval__lag008,0.971787,0.0,0.0,0.0
q__bogz1fr343061123q_fed_gov_dcg_retirement_ts_reval__lag008,0.971787,0.0,0.0,0.0
q__bogz1fr503061123q_ccps_ts_reval__lag008,0.971787,0.0,0.0,0.0
q__bogz1fr543461113q_li_bills_reval__lag008,0.971787,0.0,0.0,0.0
q__bogz1fr633061105q_money_market_funds_ts_reval__lag008,0.971787,0.0,0.0,0.0
q__bogz1fr633061110q_mmf_bills_reval__lag008,0.971787,0.0,0.0,0.0
q__bogz1fr653061113q_mutf_bills_reval__lag008,0.971787,0.0,0.0,0.0
q__bogz1fr673061103q_abs_issuers_ts_reval__lag008,0.971787,0.0,0.0,0.0
m__exgeus_demusd__lag001,0.69279,0.0,0.0,0.0
m__exgeus_demusd__lag002,0.69279,0.0,0.0,0.0
m__exgeus_demusd__lag003,0.69279,0.0,0.0,0.0
m__exgeus_exgeus__lag001,0.69279,0.0,0.0,0.0
m__exgeus_exgeus__lag002,0.69279,0.0,0.0,0.0
m__exgeus_exgeus__lag003,0.69279,0.0,0.0,0.0
m__exgeus_demusd__lag004,0.689655,0.0,0.0,0.0
m__exgeus_demusd__lag005,0.689655,0.0,0.0,0.0
m__exgeus_demusd__lag006,0.689655,0.0,0.0,0.0
m__exgeus_exgeus__lag004,0.689655,0.0,0.0,0.0
m__exgeus_exgeus__lag005,0.689655,0.0,0.0,0.0
m__exgeus_exgeus__lag006,0.689655,0.0,0.0,0.0
m__exgeus_demusd__lag007,0.68652,0.0,0.0,0.0
m__exgeus_demusd__lag008,0.68652,0.0,0.0,0.0
m__exgeus_demusd__lag009,0.68652,0.0,0.0,0.0
m__exgeus_exgeus__lag007,0.68652,0.0,0.0,0.0
m__exgeus_exgeus__lag008,0.68652,0.0,0.0,0.0
m__exgeus_exgeus__lag009,0.68652,0.0,0.0,0.0
m__exgeus_demusd__lag010,0.683386,0.0,0.0,0.0
m__exgeus_exgeus__lag010,0.683386,0.0,0.0,0.0
