feature_id,coverage_share,abs_corr_treatment,abs_corr_outcome_max,screen_score
m__ipfinal_ipfinal__lag009,1.0,0.475268,0.634141,1.10940981
m__ipcongd_ipcongd__lag009,1.0,0.453125,0.651975,1.10509971
m__ipfinal_ipfinal__lag008,1.0,0.44091,0.634687,1.07559785
m__ipcongd_ipcongd__lag008,1.0,0.418043,0.653804,1.07184721
m__ipfinal_ipfinal__lag002,1.0,0.399875,0.63684,1.03671441
m__psavert_psavert__lag008,0.836991,0.687234,0.549532,1.03516165
m__ipfinal_ipfinal__lag003,1.0,0.398654,0.634941,1.0335955
m__ipcongd_ipcongd__lag010,1.0,0.371556,0.652452,1.02400832
m__ipfinal_ipfinal__lag004,1.0,0.388292,0.634937,1.02322954
m__ipcongd_ipcongd__lag012,1.0,0.36493,0.652792,1.01772228
m__ipncongd_ipncongd__lag009,0.987461,0.327007,0.700937,1.01505436
m__ipfinal_ipfinal__lag005,1.0,0.37838,0.632884,1.01126397
m__ipfinal_ipfinal__lag007,1.0,0.37527,0.635083,1.01035325
m__ipfinal_ipfinal__lag001,1.0,0.370011,0.632328,1.0023392
m__ipcongd_ipcongd__lag007,1.0,0.346819,0.655357,1.00217608
m__ipfinal_ipfinal__lag006,1.0,0.36763,0.630796,0.99842588
m__ipcongd_ipcongd__lag002,1.0,0.335747,0.661877,0.99762433
m__ipcongd_ipcongd__lag003,1.0,0.338594,0.658772,0.99736579
m__ipcongd_ipcongd__lag005,1.0,0.337486,0.654444,0.99192976
m__ipncongd_ipncongd__lag008,0.987461,0.305691,0.697189,0.99030521
m__fedfunds_fed_funds__lag001,0.899687,0.386471,0.712402,0.98864129
m__ipcongd_ipcongd__lag004,1.0,0.32603,0.657335,0.98336526
m__ipcongd_ipcongd__lag006,1.0,0.331577,0.651382,0.98295978
m__ipcongd_ipcongd__lag011,1.0,0.327196,0.653635,0.98083087
m__psavert_psavert__lag009,0.836991,0.648989,0.522429,0.98046597
m__ipncongd_ipncongd__lag006,0.990596,0.289167,0.699293,0.97916402
m__ipfinal_ipfinal__lag010,1.0,0.342297,0.634695,0.97699185
m__ipncongd_ipncongd__lag010,0.984326,0.288834,0.701361,0.97467504
m__ipncongd_ipncongd__lag003,0.99373,0.282743,0.695923,0.97252939
m__ipncongd_ipncongd__lag002,0.99373,0.279728,0.695857,0.96946815
m__ipncongd_ipncongd__lag005,0.990596,0.279978,0.695969,0.96676943
m__ipfinal_ipfinal__lag012,1.0,0.329112,0.63634,0.9654517
m__ipncongd_ipncongd__lag007,0.987461,0.276478,0.700305,0.96453448
m__ipncongd_ipncongd__lag012,0.984326,0.270533,0.705191,0.96043073
m__fedfunds_fed_funds__lag002,0.899687,0.377927,0.684835,0.95615289
m__ipncongd_ipncongd__lag004,0.990596,0.269748,0.695176,0.95584972
m__ipcongd_ipcongd__lag001,1.0,0.292344,0.656515,0.9488595
m__fedfunds_fed_funds__lag003,0.899687,0.366826,0.677176,0.93927412
m__ipncongd_ipncongd__lag011,0.984326,0.24783,0.702568,0.93550231
m__psavert_psavert__lag011,0.833856,0.512308,0.607672,0.93390163
m__psavert_psavert__lag004,0.840125,0.618626,0.487483,0.92927018
m__ipfinal_ipfinal__lag011,1.0,0.290155,0.6359,0.92605463
m__ipdcongd_ipdcongd__lag009,0.987461,0.394443,0.541112,0.92382355
m__psavert_psavert__lag007,0.836991,0.572411,0.519137,0.9136157
m__ipncongd_ipncongd__lag001,0.99373,0.227344,0.691746,0.91332713
d__dgs3_dgs3__lag016,0.805643,0.46515,0.668303,0.91315812
d__dgs3_dgs3__lag002,0.805643,0.458418,0.673734,0.91211037
d__dgs1_dgs1__lag003,0.805643,0.430276,0.701626,0.91190862
d__dgs3_dgs3__lag025,0.805643,0.466033,0.665813,0.9118636
d__dgs3_dgs3__lag018,0.805643,0.466278,0.665329,0.91167092
d__dgs1_dgs1__lag002,0.805643,0.430108,0.701175,0.91141024
d__dgs3_dgs3__lag021,0.805643,0.466933,0.664005,0.91113196
d__dgs1_dgs1__lag004,0.805643,0.429427,0.701236,0.91091055
d__dgs3_dgs3__lag026,0.805643,0.463832,0.66607,0.91029718
m__fedfunds_fed_funds__lag004,0.896552,0.348347,0.666857,0.91018332
d__dgs1_dgs1__lag001,0.805643,0.428524,0.700963,0.90996245
d__dgs3_dgs3__lag029,0.805643,0.464884,0.664535,0.90990847
d__dgs1_dgs1__lag005,0.805643,0.428113,0.70117,0.90979879
d__dgs3_dgs3__lag015,0.805643,0.46203,0.666995,0.90959039
d__dgs3_dgs3__lag017,0.805643,0.463242,0.665721,0.9095411
d__dgs1_dgs1__lag006,0.805643,0.427814,0.700788,0.90924995
d__dgs3_dgs3__lag004,0.805643,0.454349,0.674138,0.90915657
d__dgs3_dgs3__lag024,0.805643,0.463381,0.664873,0.90897024
d__dgs3_dgs3__lag020,0.805643,0.463677,0.664535,0.9089358
d__dgs3_dgs3__lag003,0.805643,0.455011,0.673085,0.90884186
d__dgs3_dgs3__lag008,0.805643,0.45818,0.669905,0.9088336
d__dgs3_dgs3__lag005,0.805643,0.454333,0.672982,0.90821296
d__dgs3_dgs3__lag006,0.805643,0.455931,0.671321,0.90816259
d__dgs3_dgs3__lag023,0.805643,0.461158,0.66604,0.90811922
d__dgs3_dgs3__lag027,0.805643,0.462914,0.664153,0.90801301
d__dgs3_dgs3__lag034,0.805643,0.462465,0.664382,0.90783562
d__dgs3_dgs3__lag030,0.805643,0.461426,0.665384,0.90780633
d__dgs3_dgs3__lag019,0.805643,0.463562,0.663181,0.90775247
d__dgs3_dgs3__lag007,0.805643,0.456001,0.670466,0.90752958
d__dgs1_dgs1__lag007,0.805643,0.427644,0.698642,0.90738457
d__dgs3_dgs3__lag028,0.805643,0.462724,0.66355,0.90737417
d__dgs1_dgs1__lag008,0.805643,0.427833,0.698418,0.90735533
d__dgs3_dgs3__lag022,0.805643,0.462909,0.663289,0.9073137
d__dgs3_dgs3__lag011,0.805643,0.458801,0.667182,0.9071403
d__dgs3_dgs3__lag014,0.805643,0.458542,0.666856,0.90666901
d__dgs3_dgs3__lag037,0.805643,0.460806,0.664188,0.90634282
d__dgs5_dgs5__lag034,0.805643,0.467787,0.656984,0.90616275
d__dgs3_dgs3__lag035,0.805643,0.459547,0.665204,0.90614773
d__dgs5_dgs5__lag025,0.805643,0.469591,0.655155,0.90614303
d__dgs3_dgs3__lag001,0.805643,0.45336,0.671341,0.90610716
d__dgs5_dgs5__lag016,0.805643,0.465738,0.658777,0.90595741
d__dgs5_dgs5__lag029,0.805643,0.466585,0.657292,0.90544318
d__dgs3_dgs3__lag013,0.805643,0.45689,0.66658,0.90511458
d__dgs5_dgs5__lag026,0.805643,0.467648,0.65536,0.90474344
d__dgs3_dgs3__lag033,0.805643,0.461083,0.661808,0.9046486
d__dgs5_dgs5__lag018,0.805643,0.467351,0.655121,0.90431092
d__dgs5_dgs5__lag021,0.805643,0.467565,0.654621,0.90408103
d__dgs3_dgs3__lag012,0.805643,0.455283,0.666882,0.90406362
d__dgs3_dgs3__lag010,0.805643,0.458095,0.663866,0.90389992
d__dgs1_dgs1__lag016,0.805643,0.426274,0.695528,0.90377152
d__dgs3_dgs3__lag031,0.805643,0.45888,0.662919,0.90376902
d__dgs3_dgs3__lag009,0.805643,0.455783,0.665867,0.90364941
d__dgs3_dgs3__lag032,0.805643,0.459422,0.662064,0.90351695
d__dgs5_dgs5__lag024,0.805643,0.465713,0.655704,0.9034611
d__dgs5_dgs5__lag037,0.805643,0.468957,0.652251,0.90329306
d__dgs5_dgs5__lag027,0.805643,0.465868,0.655282,0.90324646
d__dgs5_dgs5__lag033,0.805643,0.466297,0.654749,0.90316239
d__dgs5_dgs5__lag030,0.805643,0.463112,0.657797,0.90305258
d__dgs3_dgs3__lag036,0.805643,0.458202,0.662584,0.90295323
d__dgs3_dgs3__lag040,0.805643,0.457172,0.663376,0.90276058
d__dgs5_dgs5__lag035,0.805643,0.464674,0.655795,0.90269749
d__dgs1_dgs1__lag017,0.805643,0.423615,0.696848,0.90269301
d__dgs1_dgs1__lag018,0.805643,0.425113,0.695106,0.9024962
d__dgs1_dgs1__lag009,0.805643,0.425423,0.694769,0.90247436
d__dgs5_dgs5__lag028,0.805643,0.463893,0.656042,0.90226749
d__dgs3_dgs3__lag041,0.805643,0.456648,0.663256,0.90224283
d__dgs1_dgs1__lag010,0.805643,0.426823,0.692993,0.90217109
d__dgs5_dgs5__lag023,0.805643,0.463243,0.65656,0.9021613
d__dgs1_dgs1__lag011,0.805643,0.425717,0.693856,0.90197623
d__dgs1_dgs1__lag025,0.805643,0.42431,0.695133,0.9018708
d__dgs5_dgs5__lag015,0.805643,0.46225,0.65714,0.90182826
d__dgs5_dgs5__lag022,0.805643,0.464738,0.654411,0.90163394
d__dgs5_dgs5__lag002,0.805643,0.45351,0.665531,0.90154763
d__dgs5_dgs5__lag036,0.805643,0.466634,0.652399,0.90154056
d__dgs5_dgs5__lag017,0.805643,0.463009,0.655886,0.90142972
d__dgs3_dgs3__lag039,0.805643,0.457852,0.661005,0.9013989
d__dgs3_dgs3__lag038,0.805643,0.456809,0.661917,0.90129326
d__dgs1_dgs1__lag015,0.805643,0.425387,0.692762,0.90082831
d__dgs3_dgs3__lag042,0.805643,0.456414,0.661628,0.90074197
d__dgs5_dgs5__lag032,0.805643,0.463827,0.654185,0.90071852
d__dgs1_dgs1__lag024,0.805643,0.423616,0.694297,0.90063795
d__dgs5_dgs5__lag019,0.805643,0.464883,0.652974,0.90059385
d__dgs5_dgs5__lag020,0.805643,0.462715,0.654983,0.90046506
d__dgs5_dgs5__lag040,0.805643,0.467142,0.650291,0.90025204
d__dgs1_dgs1__lag026,0.805643,0.421474,0.695676,0.90002357
d__dgs1_dgs1__lag013,0.805643,0.423711,0.693431,0.90001733
d__dgs1_dgs1__lag020,0.805643,0.424784,0.692119,0.89982442
d__dgs1_dgs1__lag014,0.805643,0.423959,0.692935,0.89981727
d__dgs5_dgs5__lag031,0.805643,0.461201,0.655469,0.89963649
d__dgs5_dgs5__lag039,0.805643,0.467462,0.649165,0.89960224
d__dgs1_dgs1__lag012,0.805643,0.422521,0.693484,0.89910104
d__dgs5_dgs5__lag042,0.805643,0.466712,0.649289,0.89909744
d__dgs5_dgs5__lag041,0.805643,0.465748,0.650089,0.89896583
d__dgs5_dgs5__lag005,0.805643,0.450746,0.665049,0.89893188
d__dgs1_dgs1__lag023,0.805643,0.423023,0.692681,0.89885841
d__dgs1_dgs1__lag027,0.805643,0.421863,0.693649,0.89870432
d__dgs5_dgs5__lag004,0.805643,0.449147,0.666241,0.89860426
d__dgs1_dgs1__lag021,0.805643,0.425378,0.690002,0.89859774
d__dgs5_dgs5__lag003,0.805643,0.449795,0.665154,0.89825014
d__dgs5_dgs5__lag006,0.805643,0.451437,0.663032,0.89786393
d__dgs5_dgs5__lag007,0.805643,0.452253,0.662059,0.89773736
d__dgs5_dgs5__lag008,0.805643,0.45346,0.660707,0.89762114
d__dgs1_dgs1__lag019,0.805643,0.42347,0.690679,0.89760599
d__dgs5_dgs5__lag014,0.805643,0.456892,0.656772,0.8972154
d__dgs5_dgs5__lag038,0.805643,0.464451,0.649158,0.89717087
d__dgs1_dgs1__lag028,0.805643,0.421921,0.691447,0.8969766
d__dgs1_dgs1__lag022,0.805643,0.423099,0.690053,0.89680248
d__dgs5_dgs5__lag011,0.805643,0.454988,0.658056,0.89671578
d__dgs1_dgs1__lag029,0.805643,0.421536,0.691423,0.89664709
d__dgs5_dgs5__lag001,0.805643,0.447549,0.663413,0.89503772
d__dgs5_dgs5__lag013,0.805643,0.45432,0.656393,0.89483755
d__dgs5_dgs5__lag043,0.805643,0.46296,0.647195,0.89438818
d__dgs1_dgs1__lag030,0.805643,0.419303,0.690696,0.89426258
d__dgs1_dgs1__lag037,0.805643,0.415807,0.693893,0.89402156
d__dgs5_dgs5__lag012,0.805643,0.452082,0.656712,0.89329141
d__dgs1_dgs1__lag041,0.805643,0.414091,0.694629,0.89323229
d__dgs5_dgs5__lag010,0.805643,0.454409,0.654098,0.89306058
d__dgs3_dgs3__lag043,0.805643,0.453828,0.654572,0.89297413
d__dgs1_dgs1__lag034,0.805643,0.417101,0.691175,0.89287421
d__dgs5_dgs5__lag044,0.805643,0.462273,0.645919,0.89280678
d__dgs3_dgs3__lag044,0.805643,0.453382,0.654619,0.89265275
m__psavert_psavert__lag005,0.840125,0.557437,0.50483,0.89243733
d__dgs1_dgs1__lag035,0.805643,0.41599,0.691481,0.89222615
d__dgs1_dgs1__lag040,0.805643,0.413183,0.693565,0.89164358
d__dgs5_dgs5__lag009,0.805643,0.449685,0.657008,0.89159908
d__dgs1_dgs1__lag036,0.805643,0.414546,0.692047,0.89151838
d__dgs1_dgs1__lag038,0.805643,0.41504,0.691527,0.89149762
d__dgs1_dgs1__lag039,0.805643,0.414649,0.691482,0.89114607
d__dgs1_dgs1__lag031,0.805643,0.417302,0.688079,0.8905424
d__dgs1_dgs1__lag042,0.805643,0.413623,0.691029,0.8899551
d__dgs1_dgs1__lag032,0.805643,0.416567,0.687781,0.88970998
d__dgs5_dgs5__lag045,0.805643,0.460074,0.64426,0.88969898
d__dgs3_dgs3__lag045,0.805643,0.451027,0.652965,0.88942359
d__dgs1_dgs1__lag033,0.805643,0.416335,0.686528,0.88851349
d__dgs3_dgs3__lag046,0.805643,0.449908,0.650959,0.88690497
d__dgs5_dgs5__lag046,0.805643,0.458435,0.642372,0.88685688
m__ipdcongd_ipdcongd__lag008,0.987461,0.349504,0.548412,0.88665708
d__dgs1_dgs1__lag043,0.805643,0.412927,0.686463,0.88571531
m__fedfunds_fed_funds__lag005,0.896552,0.330344,0.655592,0.88394215
d__dgs5_dgs5__lag048,0.805643,0.456184,0.639649,0.88285024
d__dgs1_dgs1__lag044,0.805643,0.412535,0.683184,0.88275754
m__fedfunds_fed_funds__lag006,0.896552,0.319426,0.664442,0.88208828
d__dgs5_dgs5__lag057,0.805643,0.458119,0.636221,0.88164621
d__dgs3_dgs3__lag048,0.805643,0.446193,0.647258,0.88093078
d__dgs3_dgs3__lag047,0.805643,0.44514,0.648286,0.88091065
d__dgs5_dgs5__lag047,0.805643,0.453016,0.640286,0.88081126
d__dgs1_dgs1__lag045,0.805643,0.411678,0.681388,0.88062099
d__dgs3_dgs3__lag057,0.805643,0.446125,0.646403,0.88018763
m__indpro_indpro__lag009,1.0,0.309566,0.570214,0.8797796
d__dgs5_dgs5__lag056,0.805643,0.455008,0.636937,0.87971752
m__psavert_psavert__lag010,0.833856,0.477169,0.576845,0.87889598
d__dgs5_dgs5__lag054,0.805643,0.454332,0.6362,0.87857905
d__dgs5_dgs5__lag090,0.802508,0.466701,0.627997,0.87850328
d__dgs5_dgs5__lag089,0.805643,0.461361,0.628697,0.87819725
d__dgs5_dgs5__lag049,0.805643,0.451264,0.638324,0.87781831
d__dgs3_dgs3__lag049,0.805643,0.443422,0.646138,0.87779613
d__dgs3_dgs3__lag056,0.805643,0.443562,0.645957,0.87776354
d__dgs1_dgs1__lag046,0.805643,0.411321,0.678026,0.87762446
d__dgs5_dgs5__lag055,0.805643,0.45243,0.635544,0.87651803
d__dgs3_dgs3__lag061,0.805643,0.443001,0.644634,0.87624518
d__dgs3_dgs3__lag054,0.805643,0.442572,0.644477,0.87577329
d__dgs5_dgs5__lag050,0.805643,0.447038,0.639328,0.87522251
d__dgs5_dgs5__lag086,0.805643,0.454528,0.631801,0.87519275
d__dgs3_dgs3__lag050,0.805643,0.439393,0.646911,0.87517227
d__dgs3_dgs3__lag060,0.805643,0.442942,0.643079,0.87494506
d__dgs3_dgs3__lag055,0.805643,0.442034,0.643677,0.87469496
d__dgs5_dgs5__lag061,0.805643,0.450705,0.634972,0.87466704
d__dgs5_dgs5__lag065,0.805643,0.453513,0.632071,0.87459315
d__dgs3_dgs3__lag062,0.805643,0.440359,0.645195,0.87456806
d__dgs3_dgs3__lag058,0.805643,0.44259,0.642908,0.87452296
d__dgs3_dgs3__lag059,0.805643,0.441569,0.643644,0.87429354
d__dgs5_dgs5__lag058,0.805643,0.452232,0.632885,0.87421609
d__dgs5_dgs5__lag083,0.805643,0.4547,0.630067,0.87393418
d__dgs5_dgs5__lag087,0.805643,0.455278,0.62931,0.87379018
d__dgs5_dgs5__lag062,0.805643,0.449121,0.635382,0.87372128
d__dgs5_dgs5__lag060,0.805643,0.451068,0.633269,0.87358832
d__dgs5_dgs5__lag088,0.805643,0.454818,0.629316,0.87342447
d__dgs5_dgs5__lag084,0.805643,0.454342,0.629633,0.87329637
d__dgs5_dgs5__lag051,0.805643,0.4459,0.637897,0.87315321
d__dgs3_dgs3__lag065,0.805643,0.441134,0.64243,0.87296545
d__dgs5_dgs5__lag071,0.805643,0.455454,0.628102,0.87295947
d__dgs5_dgs5__lag085,0.805643,0.454991,0.628486,0.87289521
d__dgs5_dgs5__lag059,0.805643,0.449591,0.633732,0.87277087
d__dgs5_dgs5__lag072,0.805643,0.455207,0.62801,0.87268626
d__dgs5_dgs5__lag073,0.805643,0.454764,0.628431,0.87266761
d__dgs3_dgs3__lag051,0.805643,0.437152,0.645376,0.8721304
d__dgs5_dgs5__lag069,0.805643,0.454814,0.627489,0.87194977
d__dgs3_dgs3__lag090,0.802508,0.448806,0.637693,0.87192411
d__dgs5_dgs5__lag053,0.805643,0.444694,0.63754,0.8718943
m__psavert_psavert__lag012,0.833856,0.471926,0.573663,0.87187028
d__dgs3_dgs3__lag053,0.805643,0.436622,0.645528,0.87182619
d__dgs3_dgs3__lag089,0.805643,0.443295,0.638842,0.87181573
d__dgs5_dgs5__lag082,0.805643,0.452482,0.6296,0.87177091
d__dgs5_dgs5__lag068,0.805643,0.452103,0.629316,0.87123755
d__dgs3_dgs3__lag064,0.805643,0.440123,0.641197,0.87115755
d__dgs5_dgs5__lag064,0.805643,0.449251,0.63152,0.87071472
d__dgs5_dgs5__lag070,0.805643,0.453622,0.626949,0.87055368
d__dgs5_dgs5__lag052,0.805643,0.442919,0.63738,0.87033432
d__dgs5_dgs5__lag081,0.805643,0.451454,0.6287,0.87021862
d__dgs5_dgs5__lag066,0.805643,0.449642,0.630465,0.8701796
d__dgs3_dgs3__lag063,0.805643,0.438723,0.641346,0.87015
d__dgs3_dgs3__lag052,0.805643,0.434741,0.64517,0.8700223
d__dgs1_dgs1__lag047,0.805643,0.407193,0.672369,0.86974083
d__dgs5_dgs5__lag063,0.805643,0.447274,0.63217,0.86964631
d__dgs5_dgs5__lag077,0.805643,0.450598,0.62843,0.86931062
d__dgs3_dgs3__lag086,0.805643,0.438263,0.640762,0.86930817
d__dgs3_dgs3__lag072,0.805643,0.440497,0.638462,0.86925562
d__dgs3_dgs3__lag083,0.805643,0.438812,0.64004,0.86916878
d__dgs1_dgs1__lag049,0.805643,0.406491,0.671941,0.86883039
d__dgs5_dgs5__lag067,0.805643,0.449495,0.62889,0.86879285
d__dgs3_dgs3__lag073,0.805643,0.439781,0.638593,0.86878421
d__dgs5_dgs5__lag080,0.805643,0.449522,0.628803,0.8687446
d__dgs3_dgs3__lag069,0.805643,0.439655,0.638669,0.86874339
d__dgs5_dgs5__lag075,0.805643,0.451469,0.626818,0.86871441
d__dgs3_dgs3__lag087,0.805643,0.439583,0.638644,0.86866498
d__dgs3_dgs3__lag071,0.805643,0.439844,0.638106,0.86844309
d__dgs1_dgs1__lag048,0.805643,0.407087,0.670853,0.86843475
d__dgs3_dgs3__lag088,0.805643,0.438694,0.639178,0.86837934
d__dgs5_dgs5__lag074,0.805643,0.451168,0.626699,0.86837568
d__dgs3_dgs3__lag066,0.805643,0.436675,0.641148,0.86834034
d__dgs3_dgs3__lag085,0.805643,0.440368,0.63734,0.86824732
d__dgs3_dgs3__lag084,0.805643,0.438395,0.639202,0.86815811
d__dgs3_dgs3__lag068,0.805643,0.437493,0.639812,0.86792231
d__dgs3_dgs3__lag082,0.805643,0.436687,0.639862,0.86731327
m__indpro_indpro__lag008,1.0,0.294885,0.572336,0.86722081
d__dgs1_dgs1__lag050,0.805643,0.40494,0.671431,0.86716992
d__dgs5_dgs5__lag078,0.805643,0.448176,0.627877,0.86691479
d__dgs3_dgs3__lag070,0.805643,0.438087,0.637752,0.86674179
d__dgs3_dgs3__lag067,0.805643,0.435953,0.63959,0.86650374
d__dgs3_dgs3__lag075,0.805643,0.438272,0.637005,0.86628892
d__dgs5_dgs5__lag076,0.805643,0.448231,0.626801,0.86609235
d__dgs3_dgs3__lag077,0.805643,0.436863,0.63769,0.86570531
d__dgs5_dgs5__lag079,0.805643,0.446347,0.628181,0.86568553
d__dgs3_dgs3__lag074,0.805643,0.437135,0.637166,0.86550317
d__dgs3_dgs3__lag081,0.805643,0.435081,0.638852,0.86520655
d__dgs3_dgs3__lag078,0.805643,0.435704,0.638179,0.86516653
d__dgs3_dgs3__lag080,0.805643,0.433987,0.639422,0.86478426
d__dgs3_dgs3__lag079,0.805643,0.431987,0.638915,0.862764
d__dgs3_dgs3__lag076,0.805643,0.434731,0.636092,0.86270084
d__dgs1_dgs1__lag051,0.805643,0.402125,0.667611,0.8618249
d__dgs1_dgs1__lag057,0.805643,0.402648,0.666018,0.86096245
d__dgs1_dgs1__lag052,0.805643,0.402393,0.665972,0.86072021
d__dgs1_dgs1__lag053,0.805643,0.402043,0.66563,0.86016295
d__dgs1_dgs1__lag056,0.805643,0.401848,0.665361,0.85978888
d__dgs1_dgs1__lag054,0.805643,0.402526,0.662688,0.85818153
d__dgs1_dgs1__lag055,0.805643,0.402238,0.662895,0.85811702
d__dgs1_dgs1__lag059,0.805643,0.400906,0.663954,0.85789656
m__psavert_psavert__lag006,0.840125,0.569451,0.45072,0.85707155
d__dgs1_dgs1__lag058,0.805643,0.399951,0.663827,0.85702496
d__dgs1_dgs1__lag061,0.805643,0.398665,0.66509,0.85700627
d__dgs10_dgs10__lag034,0.805643,0.41934,0.643965,0.85664401
d__dgs1_dgs1__lag060,0.805643,0.400271,0.662437,0.85616299
d__dgs10_dgs10__lag037,0.805643,0.422796,0.639228,0.85561211
d__dgs1_dgs1__lag062,0.805643,0.396311,0.664887,0.8549458
d__dgs10_dgs10__lag033,0.805643,0.419482,0.641669,0.85490825
d__dgs10_dgs10__lag036,0.805643,0.420322,0.639483,0.85382367
d__dgs1_dgs1__lag063,0.805643,0.396913,0.66229,0.8533386
d__dgs10_dgs10__lag042,0.805643,0.421153,0.637631,0.85300119
d__dgs1_dgs1__lag065,0.805643,0.395744,0.66226,0.85237309
d__dgs10_dgs10__lag035,0.805643,0.414951,0.64295,0.8522896
d__dgs1_dgs1__lag064,0.805643,0.39641,0.660996,0.85189098
d__dgs10_dgs10__lag040,0.805643,0.419384,0.637215,0.85124177
d__dgs1_dgs1__lag083,0.805643,0.393656,0.662333,0.85074994
d__dgs10_dgs10__lag039,0.805643,0.419539,0.636413,0.85072031
d__dgs1_dgs1__lag089,0.805643,0.393677,0.66227,0.85071577
d__dgs10_dgs10__lag002,0.805643,0.400364,0.654678,0.84998612
d__dgs1_dgs1__lag082,0.805643,0.392773,0.661986,0.84975917
d__dgs10_dgs10__lag016,0.805643,0.409696,0.64503,0.84973262
d__dgs1_dgs1__lag086,0.805643,0.39111,0.663594,0.84971393
d__dgs1_dgs1__lag088,0.805643,0.391655,0.663039,0.84970646
d__dgs10_dgs10__lag041,0.805643,0.417491,0.637195,0.84969931
d__dgs1_dgs1__lag085,0.805643,0.393271,0.661409,0.84969516
d__dgs1_dgs1__lag066,0.805643,0.393253,0.661237,0.84954208
d__dgs10_dgs10__lag018,0.805643,0.412691,0.641787,0.84953253
d__dgs10_dgs10__lag032,0.805643,0.414244,0.640185,0.84949296
d__dgs1_dgs1__lag081,0.805643,0.393463,0.660932,0.84946553
d__dgs10_dgs10__lag023,0.805643,0.410064,0.644284,0.84942792
d__dgs1_dgs1__lag087,0.805643,0.392104,0.662172,0.84936964
d__dgs10_dgs10__lag026,0.805643,0.411392,0.642696,0.84921793
d__dgs1_dgs1__lag078,0.805643,0.394478,0.659567,0.84918346
d__dgs1_dgs1__lag080,0.805643,0.392862,0.661127,0.84913855
d__dgs10_dgs10__lag030,0.805643,0.409655,0.644319,0.8491262
d__dgs1_dgs1__lag084,0.805643,0.391706,0.662081,0.84897606
d__dgs10_dgs10__lag021,0.805643,0.412087,0.641661,0.84894413
d__dgs10_dgs10__lag015,0.805643,0.410003,0.643642,0.84886131
d__dgs1_dgs1__lag077,0.805643,0.394639,0.658931,0.84880073
d__dgs10_dgs10__lag025,0.805643,0.411499,0.641912,0.84867271
d__dgs10_dgs10__lag029,0.805643,0.410654,0.642462,0.84843473
d__dgs1_dgs1__lag073,0.805643,0.394136,0.658889,0.84836189
d__dgs1_dgs1__lag079,0.805643,0.391544,0.661252,0.84817768
d__dgs1_dgs1__lag071,0.805643,0.393991,0.658709,0.84809979
d__dgs10_dgs10__lag038,0.805643,0.416563,0.636109,0.84807749
d__dgs1_dgs1__lag074,0.805643,0.394846,0.657696,0.84797241
d__dgs10_dgs10__lag024,0.805643,0.409826,0.642665,0.8479313
d__dgs1_dgs1__lag072,0.805643,0.393384,0.659038,0.84787619
d__dgs1_dgs1__lag075,0.805643,0.395037,0.657159,0.84769367
m__fedfunds_fed_funds__lag007,0.893417,0.303886,0.644736,0.84751528
d__dgs1_dgs1__lag090,0.802508,0.397195,0.658731,0.84738887
d__dgs10_dgs10__lag031,0.805643,0.409539,0.642126,0.84726654
d__dgs10_dgs10__lag005,0.805643,0.398373,0.65312,0.84712754
d__dgs10_dgs10__lag014,0.805643,0.407792,0.643362,0.84685392
d__dgs10_dgs10__lag022,0.805643,0.409895,0.641257,0.84685233
d__dgs1_dgs1__lag076,0.805643,0.393197,0.657737,0.84667735
d__dgs10_dgs10__lag043,0.805643,0.414879,0.636021,0.84664963
d__dgs10_dgs10__lag004,0.805643,0.396403,0.65447,0.84662841
d__dgs1_dgs1__lag068,0.805643,0.391703,0.659063,0.84654189
d__dgs1_dgs1__lag067,0.805643,0.391446,0.659017,0.84629787
d__dgs10_dgs10__lag027,0.805643,0.408158,0.642285,0.84628211
d__dgs10_dgs10__lag003,0.805643,0.396621,0.653724,0.84620321
d__dgs1_dgs1__lag069,0.805643,0.392325,0.657768,0.84600017
d__dgs10_dgs10__lag006,0.805643,0.398402,0.651162,0.84557384
d__dgs10_dgs10__lag011,0.805643,0.405015,0.644516,0.84554708
d__dgs1_dgs1__lag070,0.805643,0.392145,0.657318,0.84549239
d__dgs10_dgs10__lag017,0.805643,0.407201,0.642099,0.84536037
d__dgs10_dgs10__lag008,0.805643,0.400442,0.648487,0.84506141
d__dgs10_dgs10__lag020,0.805643,0.406889,0.641862,0.84491833
d__dgs10_dgs10__lag019,0.805643,0.408784,0.639818,0.844798
d__dgs10_dgs10__lag028,0.805643,0.405535,0.642609,0.84442929
d__dgs10_dgs10__lag013,0.805643,0.405203,0.642334,0.84394076
d__dgs10_dgs10__lag007,0.805643,0.398088,0.649267,0.84379327
d__dgs10_dgs10__lag001,0.805643,0.394433,0.652774,0.84367446
d__dgs10_dgs10__lag044,0.805643,0.411422,0.634972,0.84302017
d__dgs10_dgs10__lag012,0.805643,0.401463,0.643431,0.84181118
m__indpro_indpro__lag002,1.0,0.264497,0.577275,0.84177264
m__indpro_indpro__lag005,1.0,0.268617,0.572231,0.8408474
d__dgs10_dgs10__lag010,0.805643,0.402416,0.641212,0.84079089
d__dgs10_dgs10__lag045,0.805643,0.409384,0.634178,0.8407385
d__dgs10_dgs10__lag009,0.805643,0.396988,0.645005,0.83947397
m__psavert_psavert__lag002,0.84326,0.48192,0.511447,0.83766694
m__ipbuseq_ipbuseq__lag003,0.99373,0.264442,0.578032,0.83719125
d__dgs10_dgs10__lag046,0.805643,0.406651,0.632494,0.83717984
d__dgs10_dgs10__lag089,0.805643,0.421979,0.616668,0.83677865
d__dgs10_dgs10__lag090,0.802508,0.426163,0.616312,0.83659374
m__ipdcongd_ipdcongd__lag012,0.984326,0.303915,0.544078,0.83470149
d__dgs10_dgs10__lag048,0.805643,0.406302,0.629415,0.83441832
m__indpro_indpro__lag003,1.0,0.258463,0.574978,0.83344165
d__dgs10_dgs10__lag057,0.805643,0.410236,0.62398,0.83320811
d__dgs10_dgs10__lag056,0.805643,0.407736,0.625363,0.83230858
d__dgs10_dgs10__lag087,0.805643,0.415351,0.617207,0.83187304
d__dgs10_dgs10__lag086,0.805643,0.412254,0.620256,0.83183423
d__dgs10_dgs10__lag084,0.805643,0.412988,0.618961,0.83138246
d__dgs10_dgs10__lag047,0.805643,0.401276,0.630645,0.83135928
d__dgs10_dgs10__lag088,0.805643,0.41333,0.617271,0.83029545
d__dgs10_dgs10__lag054,0.805643,0.404297,0.626257,0.83025866
d__dgs10_dgs10__lag083,0.805643,0.41207,0.618201,0.83002997
d__dgs10_dgs10__lag085,0.805643,0.412107,0.617458,0.82946102
m__ipbuseq_ipbuseq__lag002,0.99373,0.255745,0.57894,0.82945207
d__dgs10_dgs10__lag082,0.805643,0.410659,0.617804,0.82857367
d__dgs10_dgs10__lag073,0.805643,0.410163,0.618191,0.82848538
d__dgs10_dgs10__lag081,0.805643,0.410414,0.617436,0.82807951
d__dgs10_dgs10__lag055,0.805643,0.402848,0.624986,0.82806686
m__awotman_awotman__lag009,0.874608,0.339835,0.606472,0.82764738
d__dgs10_dgs10__lag071,0.805643,0.409863,0.617356,0.82757146
d__dgs10_dgs10__lag049,0.805643,0.398678,0.628422,0.82747522
d__dgs10_dgs10__lag065,0.805643,0.405882,0.620769,0.82711341
q__bogz1fl704135005q_usb_loan_l__lag001,1.0,0.264636,0.561967,0.82660327
d__dgs10_dgs10__lag072,0.805643,0.408739,0.617039,0.82641103
d__dgs10_dgs10__lag058,0.805643,0.404338,0.621093,0.82613104
m__psavert_psavert__lag001,0.84326,0.497023,0.482399,0.82590731
d__dgs10_dgs10__lag069,0.805643,0.408492,0.616638,0.82588812
d__dgs10_dgs10__lag070,0.805643,0.408641,0.616407,0.82582179
d__dgs10_dgs10__lag080,0.805643,0.407272,0.617135,0.82530581
d__dgs10_dgs10__lag068,0.805643,0.405688,0.618698,0.82528897
d__dgs10_dgs10__lag050,0.805643,0.394426,0.62954,0.82495054
d__dgs10_dgs10__lag066,0.805643,0.404297,0.61937,0.82470979
m__ipbuseq_ipbuseq__lag009,0.987461,0.254194,0.580787,0.82451042
d__dgs10_dgs10__lag062,0.805643,0.398724,0.624201,0.82411185
d__dgs10_dgs10__lag074,0.805643,0.406464,0.616372,0.82404023
d__dgs10_dgs10__lag077,0.805643,0.406352,0.616387,0.82396238
d__dgs10_dgs10__lag075,0.805643,0.406188,0.615754,0.82332043
d__dgs10_dgs10__lag061,0.805643,0.398912,0.622663,0.82302429
d__dgs10_dgs10__lag060,0.805643,0.399598,0.621652,0.82276279
m__indpro_indpro__lag006,1.0,0.252847,0.569806,0.82265344
d__dgs10_dgs10__lag067,0.805643,0.402968,0.617892,0.82244774
d__dgs10_dgs10__lag053,0.805643,0.392335,0.627962,0.82199448
d__dgs10_dgs10__lag051,0.805643,0.39266,0.627507,0.82188968
d__dgs10_dgs10__lag079,0.805643,0.403045,0.616813,0.82164173
d__dgs10_dgs10__lag078,0.805643,0.404503,0.615319,0.82161225
d__dgs10_dgs10__lag064,0.805643,0.399389,0.62011,0.82135195
m__awotman_awotman__lag012,0.871473,0.332613,0.609809,0.82129579
d__dgs10_dgs10__lag076,0.805643,0.404237,0.614801,0.82098051
q__bogz1fl704141005q_usb_stloan_l__lag001,1.0,0.260891,0.55948,0.82037089
m__fedfunds_fed_funds__lag008,0.893417,0.286638,0.630996,0.81982939
d__dgs10_dgs10__lag063,0.805643,0.396162,0.621329,0.81973465
d__dgs10_dgs10__lag059,0.805643,0.395468,0.621836,0.81958344
d__dgs10_dgs10__lag052,0.805643,0.388529,0.627736,0.81874622
q__bogz1lm343061165q_fed_gov_db_retirement_ts__lag001,1.0,0.16496,0.652029,0.81698832
q__bogz1lm343061165q_fed_ret_tsy_db__lag001,1.0,0.16496,0.652029,0.81698832
m__ipdcongd_ipdcongd__lag010,0.984326,0.28334,0.545994,0.81633509
m__indpro_indpro__lag007,1.0,0.242496,0.571619,0.81411426
m__ipbuseq_ipbuseq__lag001,0.99373,0.244703,0.574216,0.81378445
m__indpro_indpro__lag004,1.0,0.239963,0.57215,0.81211248
m__manemp_manemp__lag001,1.0,0.328043,0.48227,0.81031383
m__manemp_manemp__lag002,1.0,0.329712,0.478005,0.80771721
m__fedfunds_fed_funds__lag009,0.893417,0.26424,0.637499,0.8056287
m__manemp_manemp__lag003,1.0,0.331604,0.473716,0.80532031
m__ipbuseq_ipbuseq__lag004,0.990596,0.23395,0.578715,0.80502276
m__ipbuseq_ipbuseq__lag008,0.987461,0.228867,0.580663,0.79937892
m__indpro_indpro__lag001,1.0,0.226215,0.572147,0.79836201
q__bogz1lm343061165q_fed_gov_db_retirement_ts__lag002,1.0,0.155919,0.640652,0.79657111
q__bogz1lm343061165q_fed_ret_tsy_db__lag002,1.0,0.155919,0.640652,0.79657111
m__ipbuseq_ipbuseq__lag005,0.990596,0.222162,0.577997,0.79263418
m__ipdcongd_ipdcongd__lag011,0.984326,0.256999,0.547843,0.79222668
m__psavert_psavert__lag003,0.84326,0.47886,0.460445,0.79207875
m__ipbuseq_ipbuseq__lag006,0.990596,0.222265,0.575891,0.79065017
m__manemp_manemp__lag005,1.0,0.315386,0.472432,0.78781715
m__ipdcongd_ipdcongd__lag007,0.987461,0.247752,0.549005,0.78676711
m__manemp_manemp__lag004,1.0,0.312211,0.474508,0.78671856
m__manemp_manemp__lag006,1.0,0.314556,0.471316,0.78587285
m__ipdcongd_ipdcongd__lag003,0.99373,0.233749,0.556944,0.78573528
d__dgs7_dgs7__lag034,0.711599,0.451329,0.649883,0.78362135
d__dgs7_dgs7__lag037,0.711599,0.455166,0.645314,0.78310054
m__ipdcongd_ipdcongd__lag002,0.99373,0.223624,0.563842,0.78252861
q__bogz1lm553061103q_closed_end_funds_ts__lag008,0.984326,0.177087,0.616833,0.78147671
d__dgs7_dgs7__lag033,0.711599,0.450059,0.646997,0.78066385
d__dgs20_dgs20__lag034,0.805643,0.355693,0.613079,0.78048365
d__dgs7_dgs7__lag036,0.711599,0.451228,0.644871,0.77998237
d__dgs7_dgs7__lag042,0.711599,0.452873,0.642726,0.7796263
d__dgs7_dgs7__lag035,0.711599,0.447381,0.648189,0.77960648
d__dgs20_dgs20__lag033,0.805643,0.356838,0.610837,0.77960037
d__dgs20_dgs20__lag037,0.805643,0.357014,0.610295,0.77930572
d__dgs7_dgs7__lag016,0.711599,0.444965,0.650087,0.77923747
d__dgs20_dgs20__lag036,0.805643,0.356392,0.610651,0.77909079
d__dgs20_dgs20__lag042,0.805643,0.357129,0.609739,0.7789502
d__dgs7_dgs7__lag018,0.711599,0.447957,0.646469,0.77879164
d__dgs20_dgs20__lag002,0.805643,0.342757,0.623812,0.77870889
d__dgs7_dgs7__lag040,0.711599,0.451292,0.642958,0.77866693
d__dgs7_dgs7__lag039,0.711599,0.45121,0.6426,0.77835387
d__dgs7_dgs7__lag021,0.711599,0.447303,0.646179,0.77811985
d__dgs7_dgs7__lag025,0.711599,0.446555,0.646817,0.77804186
d__dgs7_dgs7__lag026,0.711599,0.445916,0.647382,0.77799
d__dgs7_dgs7__lag029,0.711599,0.444284,0.648684,0.77775472
d__dgs7_dgs7__lag041,0.711599,0.450334,0.642611,0.77773826
d__dgs7_dgs7__lag030,0.711599,0.442865,0.649817,0.77755141
d__dgs7_dgs7__lag023,0.711599,0.443359,0.648473,0.77694645
d__dgs20_dgs20__lag040,0.805643,0.355308,0.608815,0.77673871
d__dgs7_dgs7__lag038,0.711599,0.449108,0.642374,0.77669679
d__dgs7_dgs7__lag024,0.711599,0.444027,0.647408,0.77666396
d__dgs7_dgs7__lag032,0.711599,0.445029,0.646212,0.77652564
m__awotman_awotman__lag008,0.874608,0.282476,0.605365,0.7765129
d__mortgage30us_mortgage30us__lag008,0.689655,0.451875,0.674008,0.77647096
d__dgs7_dgs7__lag015,0.711599,0.442692,0.648371,0.7763992
d__dgs20_dgs20__lag023,0.805643,0.347908,0.615762,0.77637323
d__dgs7_dgs7__lag022,0.711599,0.445084,0.645666,0.77617616
d__dgs20_dgs20__lag005,0.805643,0.340256,0.623056,0.77608505
d__dgs20_dgs20__lag039,0.805643,0.355839,0.607451,0.77606727
d__mortgage30us_mortgage30us__lag010,0.689655,0.452044,0.673176,0.77601386
d__dgs7_dgs7__lag027,0.711599,0.443359,0.647099,0.77596797
q__bogz1lm553061103q_closed_end_funds_ts__lag007,0.987461,0.180378,0.60524,0.77576734
m__manemp_manemp__lag009,1.0,0.310078,0.465438,0.77551597
d__mortgage30us_mortgage30us__lag011,0.689655,0.45163,0.672833,0.77549167
d__dgs7_dgs7__lag031,0.711599,0.44194,0.647734,0.77541012
d__dgs7_dgs7__lag002,0.711599,0.431279,0.658222,0.77528725
d__dgs20_dgs20__lag032,0.805643,0.351888,0.610406,0.77526567
d__dgs20_dgs20__lag035,0.805643,0.349955,0.612234,0.7751804
d__dgs7_dgs7__lag043,0.711599,0.448401,0.640914,0.77515516
d__dgs7_dgs7__lag020,0.711599,0.442491,0.64677,0.77511678
d__dgs20_dgs20__lag041,0.805643,0.35305,0.609052,0.77511031
d__dgs7_dgs7__lag017,0.711599,0.442035,0.647032,0.77497824
d__dgs7_dgs7__lag019,0.711599,0.444649,0.644348,0.77492862
d__dgs20_dgs20__lag003,0.805643,0.338843,0.622782,0.77472588
d__dgs20_dgs20__lag004,0.805643,0.338196,0.623251,0.77458242
d__dgs20_dgs20__lag015,0.805643,0.347323,0.613955,0.77444706
d__dgs20_dgs20__lag021,0.805643,0.348156,0.613097,0.77442617
d__dgs7_dgs7__lag028,0.711599,0.440658,0.647456,0.774301
d__mortgage30us_mortgage30us__lag012,0.689655,0.449749,0.672952,0.77427642
d__dgs20_dgs20__lag030,0.805643,0.346273,0.614733,0.77422722
d__mortgage30us_mortgage30us__lag007,0.689655,0.447943,0.674662,0.77421073
d__mortgage30us_mortgage30us__lag009,0.689655,0.449301,0.673302,0.7742086
d__dgs20_dgs20__lag026,0.805643,0.347055,0.613841,0.77413895
d__dgs20_dgs20__lag014,0.805643,0.348006,0.612522,0.77384246
d__dgs20_dgs20__lag018,0.805643,0.34881,0.611658,0.77379363
d__dgs20_dgs20__lag022,0.805643,0.34838,0.612,0.773723
d__dgs20_dgs20__lag006,0.805643,0.339304,0.620471,0.77323555
d__dgs7_dgs7__lag004,0.711599,0.428053,0.658553,0.77322711
d__dgs20_dgs20__lag016,0.805643,0.345165,0.614545,0.77318279
d__dgs20_dgs20__lag038,0.805643,0.352189,0.607468,0.77314058
d__mortgage30us_mortgage30us__lag013,0.689655,0.449217,0.671822,0.77313014
d__dgs7_dgs7__lag014,0.711599,0.438444,0.647993,0.77310782
d__dgs20_dgs20__lag029,0.805643,0.346034,0.613535,0.77306945
d__dgs20_dgs20__lag025,0.805643,0.346617,0.612922,0.77304533
d__dgs7_dgs7__lag044,0.711599,0.446714,0.639616,0.77303095
d__dgs7_dgs7__lag005,0.711599,0.429026,0.657278,0.77301239
d__dgs20_dgs20__lag024,0.805643,0.346259,0.613197,0.77297884
d__dgs20_dgs20__lag031,0.805643,0.346514,0.612705,0.77278791
d__dgs20_dgs20__lag001,0.805643,0.336969,0.622217,0.77276154
d__dgs20_dgs20__lag011,0.805643,0.34598,0.61316,0.77272404
d__dgs20_dgs20__lag008,0.805643,0.341864,0.617203,0.77266575
d__dgs7_dgs7__lag011,0.711599,0.43644,0.649245,0.77257205
d__mortgage30us_mortgage30us__lag014,0.689655,0.448901,0.67124,0.77251065
d__dgs7_dgs7__lag008,0.711599,0.432836,0.652623,0.77241126
d__dgs7_dgs7__lag006,0.711599,0.4302,0.655229,0.77238968
d__dgs20_dgs20__lag013,0.805643,0.347272,0.610889,0.7719354
m__manemp_manemp__lag008,1.0,0.304652,0.467208,0.77186
d__dgs7_dgs7__lag003,0.711599,0.427035,0.657618,0.77183722
d__dgs7_dgs7__lag007,0.711599,0.429952,0.653883,0.77125618
d__dgs20_dgs20__lag007,0.805643,0.338403,0.618774,0.77114269
d__dgs20_dgs20__lag020,0.805643,0.343612,0.613472,0.77106801
d__mortgage30us_mortgage30us__lag005,0.689655,0.442226,0.675704,0.7709863
d__dgs20_dgs20__lag019,0.805643,0.34523,0.611648,0.77090192
d__mortgage30us_mortgage30us__lag015,0.689655,0.447089,0.670713,0.77089757
d__dgs7_dgs7__lag013,0.711599,0.43604,0.647229,0.77085292
d__dgs20_dgs20__lag027,0.805643,0.343462,0.613349,0.7708479
d__dgs7_dgs7__lag045,0.711599,0.445003,0.638208,0.7708115
d__dgs20_dgs20__lag043,0.805643,0.348608,0.607688,0.77043233
d__dgs20_dgs20__lag012,0.805643,0.343443,0.612789,0.77038137
d__dgs20_dgs20__lag017,0.805643,0.343854,0.611984,0.77006391
d__mortgage30us_mortgage30us__lag006,0.689655,0.4415,0.674623,0.7697406
d__mortgage30us_mortgage30us__lag004,0.689655,0.44048,0.67563,0.76973135
d__dgs7_dgs7__lag012,0.711599,0.433327,0.648163,0.76958706
d__dgs7_dgs7__lag001,0.711599,0.425127,0.656253,0.76950837
d__mortgage30us_mortgage30us__lag003,0.689655,0.439144,0.676403,0.76934273
d__dgs20_dgs20__lag028,0.805643,0.340952,0.61357,0.76900305
d__mortgage30us_mortgage30us__lag001,0.689655,0.436764,0.678274,0.76899188
d__dgs7_dgs7__lag010,0.711599,0.434569,0.645731,0.76874015
d__mortgage30us_mortgage30us__lag017,0.689655,0.446081,0.668337,0.76856387
q__bogz1lm553061103q_closed_end_funds_ts__lag006,0.990596,0.18663,0.589061,0.76839581
d__mortgage30us_mortgage30us__lag018,0.689655,0.444714,0.669133,0.76817027
m__ipdcongd_ipdcongd__lag005,0.990596,0.227064,0.54814,0.76791346
d__dgs7_dgs7__lag046,0.711599,0.442696,0.636287,0.76780316
d__mortgage30us_mortgage30us__lag002,0.689655,0.435628,0.677435,0.76762944
m__indpro_indpro__lag012,1.0,0.198909,0.568669,0.76757804
d__dgs20_dgs20__lag009,0.805643,0.338335,0.614374,0.76754303
d__dgs20_dgs20__lag010,0.805643,0.342714,0.609934,0.76749356
m__ipdcongd_ipdcongd__lag004,0.990596,0.216403,0.557865,0.76698703
d__dgs7_dgs7__lag009,0.711599,0.428432,0.649126,0.76678858
m__indpro_indpro__lag010,1.0,0.197901,0.568326,0.76622712
q__bogz1lm343061105q_fed_gov_retirement_ts__lag003,1.0,0.163131,0.60284,0.76597135
q__bogz1lm343061105q_fed_ret_tsy_total__lag003,1.0,0.163131,0.60284,0.76597135
d__mortgage30us_mortgage30us__lag016,0.689655,0.442009,0.668503,0.76587032
d__dgs20_dgs20__lag044,0.805643,0.344204,0.606302,0.7657684
d__dgs7_dgs7__lag090,0.711599,0.45583,0.619474,0.76518479
d__dgs7_dgs7__lag048,0.711599,0.442299,0.632902,0.76511171
d__dgs20_dgs20__lag089,0.805643,0.36372,0.585936,0.76508286
d__mortgage30us_mortgage30us__lag019,0.689655,0.443661,0.665302,0.76480171
q__tgdef_net_gov_sav__lag001,0.990596,0.579238,0.192626,0.76460435
d__dgs20_dgs20__lag045,0.805643,0.342882,0.606141,0.76457327
d__dgs7_dgs7__lag057,0.711599,0.445433,0.628898,0.76449256
m__manemp_manemp__lag007,1.0,0.293458,0.471019,0.76447764
d__dgs20_dgs20__lag090,0.802508,0.367026,0.585045,0.76404427
m__ipdcongd_ipdcongd__lag001,0.99373,0.211641,0.556604,0.76342832
d__dgs7_dgs7__lag056,0.711599,0.442225,0.63025,0.76317209
d__dgs20_dgs20__lag046,0.805643,0.341972,0.604944,0.76287633
q__bogz1lm553061103q_closed_end_funds_ts__lag004,0.996865,0.198656,0.566547,0.76280427
d__dgs7_dgs7__lag047,0.711599,0.437855,0.633763,0.76256203
d__mortgage30us_mortgage30us__lag020,0.689655,0.439953,0.665142,0.76213488
d__dgs7_dgs7__lag089,0.711599,0.450497,0.620092,0.76182962
d__dgs7_dgs7__lag054,0.711599,0.440815,0.629112,0.76135903
m__ipbuseq_ipbuseq__lag007,0.987461,0.191314,0.579708,0.76135436
d__dgs20_dgs20__lag087,0.805643,0.357404,0.58611,0.76013557
d__dgs7_dgs7__lag049,0.711599,0.436011,0.631594,0.75970633
d__dgs7_dgs7__lag055,0.711599,0.438674,0.628726,0.75956058
d__dgs7_dgs7__lag086,0.711599,0.443228,0.623374,0.75899249
d__dgs20_dgs20__lag088,0.805643,0.355655,0.586147,0.75875568
d__dgs20_dgs20__lag057,0.805643,0.34533,0.596196,0.75853301
q__bogz1lm553061103q_closed_end_funds_ts__lag005,0.99373,0.185245,0.578008,0.75846792
d__dgs20_dgs20__lag048,0.805643,0.339965,0.601152,0.75820388
d__dgs7_dgs7__lag083,0.711599,0.443821,0.621458,0.75805089
d__dgs20_dgs20__lag056,0.805643,0.342825,0.598074,0.75802843
d__dgs7_dgs7__lag087,0.711599,0.444428,0.620572,0.75785294
d__dgs7_dgs7__lag084,0.711599,0.443268,0.621506,0.75769133
d__dgs7_dgs7__lag073,0.711599,0.442878,0.621654,0.75751969
d__dgs7_dgs7__lag065,0.711599,0.439617,0.624762,0.75741067
d__dgs7_dgs7__lag058,0.711599,0.438895,0.62528,0.75726544
d__dgs20_dgs20__lag086,0.805643,0.351182,0.588659,0.75717563
m__fedfunds_fed_funds__lag010,0.890282,0.22958,0.620475,0.7567896
d__dgs7_dgs7__lag088,0.711599,0.442768,0.620733,0.75678619
d__dgs7_dgs7__lag085,0.711599,0.443216,0.620192,0.75672036
d__dgs7_dgs7__lag050,0.711599,0.431053,0.632153,0.7565758
d__dgs7_dgs7__lag072,0.711599,0.442086,0.620866,0.75639585
d__dgs7_dgs7__lag062,0.711599,0.434138,0.628467,0.75614808
d__dgs7_dgs7__lag071,0.711599,0.441971,0.620486,0.75604303
d__mortgage30us_mortgage30us__lag021,0.689655,0.433515,0.662722,0.75602547
d__dgs7_dgs7__lag082,0.711599,0.441345,0.620922,0.75590817
d__dgs7_dgs7__lag061,0.711599,0.434756,0.627486,0.7558903
d__dgs7_dgs7__lag051,0.711599,0.430874,0.631253,0.75580784
d__dgs20_dgs20__lag084,0.805643,0.351672,0.58641,0.75575938
d__dgs20_dgs20__lag047,0.805643,0.335419,0.602563,0.75567841
d__dgs20_dgs20__lag054,0.805643,0.338737,0.599076,0.75554167
d__dgs7_dgs7__lag060,0.711599,0.435566,0.625951,0.75537417
d__dgs7_dgs7__lag069,0.711599,0.441131,0.620153,0.7552085
d__dgs20_dgs20__lag083,0.805643,0.350966,0.586163,0.75499118
d__dgs7_dgs7__lag070,0.711599,0.440646,0.619984,0.75474331
d__dgs7_dgs7__lag081,0.711599,0.440544,0.620075,0.75473509
d__dgs7_dgs7__lag053,0.711599,0.429123,0.631412,0.75467502
d__mortgage30us_mortgage30us__lag028,0.689655,0.436168,0.658055,0.75463634
d__dgs7_dgs7__lag068,0.711599,0.438399,0.622025,0.75459628
d__mortgage30us_mortgage30us__lag022,0.689655,0.431519,0.662209,0.75429497
d__dgs7_dgs7__lag066,0.711599,0.436879,0.623113,0.75428889
d__dgs20_dgs20__lag082,0.805643,0.350108,0.586075,0.75422937
d__dgs20_dgs20__lag085,0.805643,0.35026,0.58577,0.7541056
m__awotman_awotman__lag011,0.871473,0.276104,0.589117,0.75401722
d__mortgage30us_mortgage30us__lag025,0.689655,0.432838,0.660422,0.75397232
d__mortgage30us_mortgage30us__lag027,0.689655,0.433913,0.659119,0.75381475
d__dgs7_dgs7__lag059,0.711599,0.433064,0.626154,0.75373878
d__dgs7_dgs7__lag064,0.711599,0.43504,0.624072,0.75366296
d__dgs20_dgs20__lag055,0.805643,0.337605,0.597872,0.75365999
d__dgs7_dgs7__lag074,0.711599,0.439367,0.619691,0.75362412
d__mortgage30us_mortgage30us__lag024,0.689655,0.432698,0.659968,0.75356301
d__dgs7_dgs7__lag052,0.711599,0.427732,0.631099,0.75346283
d__dgs7_dgs7__lag080,0.711599,0.438074,0.620088,0.7529865
d__mortgage30us_mortgage30us__lag026,0.689655,0.432085,0.659675,0.75293801
d__mortgage30us_mortgage30us__lag023,0.689655,0.430575,0.660924,0.75275829
d__dgs20_dgs20__lag065,0.805643,0.341995,0.592315,0.75272038
d__dgs7_dgs7__lag075,0.711599,0.438928,0.618483,0.75245209
d__dgs20_dgs20__lag058,0.805643,0.340964,0.592946,0.75239727
d__dgs7_dgs7__lag077,0.711599,0.437995,0.619288,0.75236095
d__dgs7_dgs7__lag067,0.711599,0.435597,0.621493,0.752224
d__dgs20_dgs20__lag062,0.805643,0.336758,0.596845,0.75214977
d__dgs7_dgs7__lag063,0.711599,0.431842,0.625081,0.75210481
d__dgs20_dgs20__lag081,0.805643,0.348856,0.584659,0.7520798
d__mortgage30us_mortgage30us__lag029,0.689655,0.434284,0.656176,0.7520413
d__dgs20_dgs20__lag049,0.805643,0.332573,0.600802,0.75196725
d__dgs20_dgs20__lag066,0.805643,0.34278,0.59045,0.75184994
d__mortgage30us_mortgage30us__lag030,0.689655,0.433819,0.65622,0.75175106
d__dgs20_dgs20__lag070,0.805643,0.345304,0.58713,0.75120841
d__dgs20_dgs20__lag060,0.805643,0.33822,0.593982,0.75102145
d__dgs20_dgs20__lag061,0.805643,0.337141,0.594893,0.75088632
d__dgs20_dgs20__lag071,0.805643,0.344866,0.587152,0.75087371
d__dgs7_dgs7__lag078,0.711599,0.436184,0.61893,0.75081761
d__dgs20_dgs20__lag068,0.805643,0.342355,0.589479,0.7507255
d__mortgage30us_mortgage30us__lag032,0.689655,0.432262,0.655989,0.7505181
d__dgs20_dgs20__lag069,0.805643,0.343964,0.587441,0.75037974
d__mortgage30us_mortgage30us__lag033,0.689655,0.432935,0.655022,0.7503154
d__dgs7_dgs7__lag076,0.711599,0.436184,0.618142,0.75025729
d__dgs7_dgs7__lag079,0.711599,0.434739,0.61947,0.75017362
m__indpro_indpro__lag011,1.0,0.179451,0.57072,0.75017063
d__dgs20_dgs20__lag080,0.805643,0.346663,0.584394,0.75009922
d__dgs20_dgs20__lag073,0.805643,0.344787,0.586086,0.74995073
d__dgs20_dgs20__lag050,0.805643,0.32896,0.601864,0.74991153
d__mortgage30us_mortgage30us__lag031,0.689655,0.431252,0.65581,0.74969823
d__dgs20_dgs20__lag072,0.805643,0.34322,0.585548,0.74825527
d__dgs20_dgs20__lag067,0.805643,0.339721,0.588759,0.74802365
d__mortgage30us_mortgage30us__lag034,0.689655,0.430376,0.654255,0.74802134
d__dgs20_dgs20__lag077,0.805643,0.344213,0.584075,0.74786877
d__dgs20_dgs20__lag074,0.805643,0.343602,0.584322,0.74757547
d__dgs20_dgs20__lag053,0.805643,0.32723,0.600554,0.74746253
d__dgs20_dgs20__lag064,0.805643,0.335987,0.591615,0.74731524
d__mortgage30us_mortgage30us__lag035,0.689655,0.429664,0.653836,0.74724153
d__dgs20_dgs20__lag063,0.805643,0.333469,0.593807,0.74705287
d__dgs20_dgs20__lag051,0.805643,0.32657,0.600348,0.74676427
d__mortgage30us_mortgage30us__lag036,0.689655,0.43016,0.652648,0.74676417
m__usgood_usgood__lag001,1.0,0.325369,0.42132,0.74668919
d__dgs20_dgs20__lag079,0.805643,0.342472,0.584204,0.74656959
d__mortgage30us_mortgage30us__lag037,0.689655,0.428903,0.652722,0.74594776
d__dgs20_dgs20__lag075,0.805643,0.342087,0.583315,0.74554329
d__dgs20_dgs20__lag059,0.805643,0.331357,0.594041,0.74553996
d__dgs20_dgs20__lag076,0.805643,0.342011,0.583176,0.74536977
d__dgs20_dgs20__lag078,0.805643,0.342789,0.582333,0.74531723
d__dgs20_dgs20__lag052,0.805643,0.323126,0.600137,0.74381962
q__bogz1lm343061105q_fed_gov_retirement_ts__lag001,1.0,0.109074,0.633736,0.74281034
q__bogz1lm343061105q_fed_ret_tsy_total__lag001,1.0,0.109074,0.633736,0.74281034
d__mortgage30us_mortgage30us__lag040,0.689655,0.421879,0.654438,0.74228716
m__usgood_usgood__lag002,1.0,0.328623,0.413431,0.74205386
m__ipdcongd_ipdcongd__lag006,0.990596,0.212056,0.536855,0.74186788
d__mortgage30us_mortgage30us__lag038,0.689655,0.423164,0.651552,0.7411834
d__mortgage30us_mortgage30us__lag039,0.689655,0.42205,0.651755,0.74055503
q__bogz1lm343061105q_fed_gov_retirement_ts__lag002,1.0,0.127741,0.612763,0.74050438
q__bogz1lm343061105q_fed_ret_tsy_total__lag002,1.0,0.127741,0.612763,0.74050438
d__mortgage30us_mortgage30us__lag041,0.689655,0.41998,0.652925,0.73993445
q__bogz1lm343061165q_fed_gov_db_retirement_ts__lag003,1.0,0.095998,0.643688,0.73968653
q__bogz1lm343061165q_fed_ret_tsy_db__lag003,1.0,0.095998,0.643688,0.73968653
d__mortgage30us_mortgage30us__lag042,0.689655,0.416726,0.652398,0.73732626
d__mortgage30us_mortgage30us__lag043,0.689655,0.417948,0.650768,0.73704595
d__mortgage30us_mortgage30us__lag090,0.689655,0.419406,0.649081,0.73688734
d__mortgage30us_mortgage30us__lag078,0.689655,0.4164,0.651937,0.73678416
d__mortgage30us_mortgage30us__lag089,0.689655,0.419009,0.648321,0.73609016
d__mortgage30us_mortgage30us__lag070,0.689655,0.414063,0.653092,0.73596862
d__mortgage30us_mortgage30us__lag087,0.689655,0.417934,0.649104,0.73588809
d__mortgage30us_mortgage30us__lag084,0.689655,0.419485,0.647544,0.73588179
m__usgood_usgood__lag003,1.0,0.328598,0.407259,0.73585751
d__mortgage30us_mortgage30us__lag088,0.689655,0.417439,0.64953,0.73584116
q__bogz1fl704135005q_usb_loan_l__lag008,0.984326,0.20153,0.54529,0.73511494
d__mortgage30us_mortgage30us__lag085,0.689655,0.416816,0.647787,0.73420877
d__mortgage30us_mortgage30us__lag086,0.689655,0.41635,0.648099,0.73410307
d__mortgage30us_mortgage30us__lag077,0.689655,0.412753,0.651123,0.73370806
d__mortgage30us_mortgage30us__lag045,0.689655,0.413546,0.6501,0.73354948
d__mortgage30us_mortgage30us__lag065,0.689655,0.410645,0.652518,0.73321615
d__mortgage30us_mortgage30us__lag047,0.689655,0.410887,0.652024,0.73304207
d__mortgage30us_mortgage30us__lag066,0.689655,0.409579,0.653213,0.73295969
d__mortgage30us_mortgage30us__lag083,0.689655,0.413942,0.648616,0.7327985
d__mortgage30us_mortgage30us__lag079,0.689655,0.411604,0.650884,0.73275038
d__mortgage30us_mortgage30us__lag075,0.689655,0.410892,0.651589,0.73274572
d__mortgage30us_mortgage30us__lag080,0.689655,0.412218,0.650118,0.73264574
d__mortgage30us_mortgage30us__lag064,0.689655,0.410012,0.652285,0.73261823
d__mortgage30us_mortgage30us__lag081,0.689655,0.412476,0.649801,0.73260432
m__awotman_awotman__lag006,0.877743,0.23403,0.600587,0.73257883
d__mortgage30us_mortgage30us__lag046,0.689655,0.411525,0.650377,0.73234612
d__mortgage30us_mortgage30us__lag082,0.689655,0.412369,0.64952,0.73233742
d__mortgage30us_mortgage30us__lag044,0.689655,0.410877,0.650383,0.73190384
d__mortgage30us_mortgage30us__lag074,0.689655,0.409571,0.651427,0.73172303
d__mortgage30us_mortgage30us__lag054,0.689655,0.409208,0.651492,0.73151717
d__mortgage30us_mortgage30us__lag073,0.689655,0.408656,0.651963,0.73146115
d__mortgage30us_mortgage30us__lag067,0.689655,0.407786,0.652798,0.73143746
d__mortgage30us_mortgage30us__lag069,0.689655,0.407773,0.652726,0.73137835
d__mortgage30us_mortgage30us__lag071,0.689655,0.408354,0.65211,0.7313541
d__mortgage30us_mortgage30us__lag076,0.689655,0.408838,0.651467,0.73124523
d__mortgage30us_mortgage30us__lag051,0.689655,0.411459,0.648565,0.7310507
d__mortgage30us_mortgage30us__lag068,0.689655,0.407465,0.652526,0.73102853
d__mortgage30us_mortgage30us__lag072,0.689655,0.40814,0.651657,0.73089443
d__mortgage30us_mortgage30us__lag056,0.689655,0.408806,0.650721,0.73070827
d__mortgage30us_mortgage30us__lag048,0.689655,0.410078,0.649394,0.73067026
q__bogz1fl704141005q_usb_stloan_l__lag008,0.984326,0.197853,0.544258,0.73047955
d__mortgage30us_mortgage30us__lag049,0.689655,0.410052,0.649095,0.73044614
d__mortgage30us_mortgage30us__lag055,0.689655,0.408024,0.651025,0.73037903
d__mortgage30us_mortgage30us__lag059,0.689655,0.407387,0.651463,0.73024131
d__mortgage30us_mortgage30us__lag053,0.689655,0.410829,0.647793,0.73008417
d__mortgage30us_mortgage30us__lag050,0.689655,0.408865,0.649621,0.72999035
d__mortgage30us_mortgage30us__lag061,0.689655,0.405015,0.653187,0.72979475
d__mortgage30us_mortgage30us__lag052,0.689655,0.410128,0.647753,0.72957346
d__mortgage30us_mortgage30us__lag060,0.689655,0.406073,0.651736,0.72952326
d__mortgage30us_mortgage30us__lag062,0.689655,0.404518,0.652314,0.72884949
d__mortgage30us_mortgage30us__lag063,0.689655,0.405861,0.650806,0.72873565
q__bogz1fl704135005q_usb_loan_l__lag007,0.987461,0.192313,0.54561,0.72867048
q__bogz1lm343061165q_fed_gov_db_retirement_ts__lag004,0.996865,0.095745,0.634959,0.72841326
q__bogz1lm343061165q_fed_ret_tsy_db__lag004,0.996865,0.095745,0.634959,0.72841326
q__bogz1lm553061103q_closed_end_funds_ts__lag003,1.0,0.178334,0.549954,0.72828841
d__mortgage30us_mortgage30us__lag057,0.689655,0.404482,0.650875,0.72783239
m__awotman_awotman__lag007,0.874608,0.229729,0.602166,0.72758185
d__mortgage30us_mortgage30us__lag058,0.689655,0.403659,0.650614,0.72708484
q__bogz1fl704141005q_usb_stloan_l__lag007,0.987461,0.189317,0.544333,0.72445089
q__bogz1fl704135005q_usb_loan_l__lag002,1.0,0.158232,0.565569,0.72380139
m__usgood_usgood__lag005,1.0,0.314657,0.409113,0.72376942
m__usgood_usgood__lag004,1.0,0.308177,0.413937,0.72211365
m__ipbuseq_ipbuseq__lag012,0.984326,0.149665,0.58325,0.72142783
m__usgood_usgood__lag006,1.0,0.313231,0.406857,0.72008717
m__awotman_awotman__lag005,0.877743,0.216733,0.603354,0.71982552
q__bogz1fl704141005q_usb_stloan_l__lag002,1.0,0.155811,0.563439,0.71924942
m__usgood_usgood__lag009,1.0,0.313113,0.400345,0.71345818
m__unrate_unrate__lag009,0.974922,0.518114,0.212807,0.71259026
q__bogz1fl753061103q_usb_tsy_for__lag003,1.0,0.251852,0.460322,0.71217448
m__manemp_manemp__lag010,1.0,0.248521,0.462623,0.71114413
m__awotman_awotman__lag010,0.871473,0.227181,0.588752,0.7110637
q__bogz1fl704135005q_usb_loan_l__lag006,0.990596,0.167618,0.548439,0.7093226
q__bogz1lm343061165q_fed_gov_db_retirement_ts__lag005,0.99373,0.087478,0.626207,0.70921028
q__bogz1lm343061165q_fed_ret_tsy_db__lag005,0.99373,0.087478,0.626207,0.70921028
d__dgs2_dgs2__lag002,0.626959,0.448682,0.682154,0.70898753
m__ipbuseq_ipbuseq__lag010,0.984326,0.140022,0.580083,0.70881849
m__fedfunds_fed_funds__lag011,0.890282,0.190599,0.604991,0.70829916
d__dgs2_dgs2__lag008,0.626959,0.449131,0.680576,0.70828061
d__dgs2_dgs2__lag003,0.626959,0.446754,0.682354,0.7079051
q__bogz1fl753061103q_usb_tsy_for__lag002,1.0,0.230008,0.477309,0.70731714
d__dgs2_dgs2__lag025,0.626959,0.451426,0.676628,0.70724424
d__dgs2_dgs2__lag007,0.626959,0.447312,0.680484,0.70708215
d__dgs2_dgs2__lag016,0.626959,0.450653,0.677034,0.70701399
d__dgs2_dgs2__lag018,0.626959,0.451205,0.676334,0.70692091
m__manemp_manemp__lag011,1.0,0.250515,0.456246,0.70676153
d__dgs2_dgs2__lag006,0.626959,0.446336,0.680818,0.70667966
d__dgs2_dgs2__lag004,0.626959,0.445102,0.681706,0.7064629
d__dgs2_dgs2__lag005,0.626959,0.444795,0.682007,0.70645921
d__dgs2_dgs2__lag017,0.626959,0.449473,0.677242,0.70640403
d__dgs2_dgs2__lag026,0.626959,0.449307,0.676965,0.70612651
d__dgs2_dgs2__lag011,0.626959,0.448973,0.677246,0.70609362
d__dgs2_dgs2__lag001,0.626959,0.4449,0.681113,0.70596429
q__bogz1fl704141005q_usb_stloan_l__lag006,0.990596,0.165643,0.54699,0.70593128
d__dgs2_dgs2__lag009,0.626959,0.44734,0.676809,0.70479538
d__dgs2_dgs2__lag024,0.626959,0.448336,0.675584,0.70465208
d__dgs2_dgs2__lag027,0.626959,0.449181,0.674717,0.7046387
d__dgs2_dgs2__lag010,0.626959,0.448316,0.675246,0.7044273
d__dgs2_dgs2__lag015,0.626959,0.448323,0.674986,0.70426932
d__dgs2_dgs2__lag012,0.626959,0.445701,0.677419,0.70415018
d__dgs2_dgs2__lag021,0.626959,0.452,0.671112,0.70414537
q__bogz1lm343061105q_fed_gov_retirement_ts__lag004,0.996865,0.119172,0.58693,0.70388763
q__bogz1lm343061105q_fed_ret_tsy_total__lag004,0.996865,0.119172,0.58693,0.70388763
d__dgs2_dgs2__lag029,0.626959,0.44989,0.672736,0.7038407
d__dgs2_dgs2__lag020,0.626959,0.449355,0.673189,0.70378914
d__dgs2_dgs2__lag028,0.626959,0.448556,0.67339,0.7034146
m__manemp_manemp__lag012,1.0,0.252368,0.451008,0.70337662
d__dgs2_dgs2__lag019,0.626959,0.448898,0.672611,0.70314011
d__dgs2_dgs2__lag023,0.626959,0.446363,0.674863,0.70296303
d__dgs2_dgs2__lag014,0.626959,0.446677,0.674401,0.70287051
d__dgs2_dgs2__lag013,0.626959,0.445982,0.674953,0.70278095
q__bogz1fl702050005q_usb_ffrrp__lag004,0.996865,0.316894,0.387982,0.70266701
m__awhman_awhman__lag009,1.0,0.213718,0.488622,0.70233932
d__dgs2_dgs2__lag022,0.626959,0.447498,0.672273,0.70205055
m__usgood_usgood__lag008,1.0,0.299095,0.402504,0.70159881
d__dgs2_dgs2__lag030,0.626959,0.445937,0.672796,0.70139957
q__bogz1lm553061103q_closed_end_funds_ts__lag002,1.0,0.165531,0.533757,0.69928789
d__dgs2_dgs2__lag034,0.623824,0.445671,0.675254,0.69926071
m__ipbuseq_ipbuseq__lag011,0.984326,0.128098,0.581871,0.69884111
d__dgs2_dgs2__lag035,0.623824,0.443431,0.675516,0.69802642
d__dgs2_dgs2__lag037,0.623824,0.442561,0.675176,0.69727193
d__dgs2_dgs2__lag036,0.623824,0.442204,0.673729,0.69614635
m__usgood_usgood__lag007,1.0,0.287991,0.408047,0.69603758
q__tgdef_net_gov_sav__lag002,0.987461,0.557179,0.147671,0.69601205
q__bogz1fl704135005q_usb_loan_l__lag005,0.99373,0.142706,0.55759,0.69590514
d__dgs2_dgs2__lag031,0.623824,0.444416,0.670544,0.69553977
d__dgs2_dgs2__lag032,0.623824,0.444197,0.670666,0.69547866
d__dgs2_dgs2__lag033,0.623824,0.444976,0.669755,0.69539677
d__dgs2_dgs2__lag040,0.623824,0.437955,0.674404,0.69391652
d__dgs2_dgs2__lag041,0.623824,0.438041,0.67397,0.69369955
q__bogz1fl753061103q_usb_tsy_for__lag004,0.996865,0.252467,0.443318,0.69360316
d__dgs2_dgs2__lag038,0.623824,0.437803,0.67334,0.69315774
d__dgs2_dgs2__lag039,0.623824,0.438512,0.672548,0.6931065
q__bogz1fl704141005q_usb_stloan_l__lag005,0.99373,0.141105,0.556104,0.69283825
d__dgs2_dgs2__lag042,0.623824,0.43783,0.672689,0.6927689
q__ib0000043q086sbea_imp_ind_pi__lag002,0.733542,0.354093,0.588096,0.69113529
m__awotman_awotman__lag003,0.880878,0.177218,0.606977,0.69077996
m__iputil_iputil__lag001,1.0,0.113957,0.574473,0.68842978
q__bogz1lm343061165q_fed_gov_db_retirement_ts__lag006,0.990596,0.065912,0.629046,0.68842216
q__bogz1lm343061165q_fed_ret_tsy_db__lag006,0.990596,0.065912,0.629046,0.68842216
d__dexjpus_dexjpus__lag025,0.69279,0.312693,0.678996,0.68703227
d__dgs2_dgs2__lag043,0.623824,0.43545,0.665708,0.68692917
m__fedfunds_fed_funds__lag012,0.890282,0.163382,0.607963,0.68671469
m__payems_nonfarm_payrolls__lag009,1.0,0.153871,0.53217,0.68604078
d__dgs2_dgs2__lag044,0.623824,0.435287,0.66412,0.68583702
d__dexjpus_dexjpus__lag030,0.69279,0.308487,0.679824,0.6846918
d__dexjpus_dexjpus__lag057,0.69279,0.307928,0.679815,0.68429808
d__dgs2_dgs2__lag045,0.623824,0.433269,0.662162,0.68335663
d__dexjpus_dexjpus__lag024,0.69279,0.30889,0.677454,0.68332952
d__dexjpus_dexjpus__lag026,0.69279,0.307663,0.678302,0.68306696
d__dexjpus_dexjpus__lag021,0.69279,0.308789,0.676413,0.68253818
d__dexjpus_dexjpus__lag029,0.69279,0.308312,0.67688,0.68253098
d__dexjpus_dexjpus__lag066,0.69279,0.303264,0.681777,0.68242642
d__dexjpus_dexjpus__lag027,0.69279,0.307243,0.677498,0.68221935
d__dexjpus_dexjpus__lag054,0.69279,0.306657,0.677704,0.68195579
d__dexjpus_dexjpus__lag023,0.69279,0.306154,0.67802,0.68182587
d__dexjpus_dexjpus__lag020,0.69279,0.307758,0.676393,0.68181018
d__dexjpus_dexjpus__lag060,0.69279,0.303204,0.680867,0.68175453
d__dexjpus_dexjpus__lag067,0.69279,0.301888,0.681904,0.6815612
d__dexjpus_dexjpus__lag059,0.69279,0.302535,0.681216,0.68153332
d__dexjpus_dexjpus__lag018,0.69279,0.307779,0.675718,0.68135698
d__dexjpus_dexjpus__lag068,0.69279,0.3016,0.681869,0.68133777
q__bogz1fl702050005q_usb_ffrrp__lag002,1.0,0.286103,0.395208,0.68131095
d__dexjpus_dexjpus__lag033,0.69279,0.305087,0.678312,0.68128937
d__dexjpus_dexjpus__lag031,0.69279,0.304717,0.678591,0.68122615
q__bogz1fl543061175q_life_insurance_ts__lag001,1.0,0.278889,0.402304,0.68119346
m__uspriv_uspriv__lag009,1.0,0.159745,0.521237,0.68098208
d__dexjpus_dexjpus__lag002,0.69279,0.302191,0.680762,0.68098065
d__dgs2_dgs2__lag046,0.623824,0.432891,0.658728,0.680979
d__dexjpus_dexjpus__lag022,0.69279,0.305232,0.677552,0.68086324
d__dexjpus_dexjpus__lag061,0.69279,0.302186,0.680389,0.68071762
d__dexjpus_dexjpus__lag065,0.69279,0.300713,0.681738,0.68063176
d__dexjpus_dexjpus__lag003,0.69279,0.301407,0.680824,0.68047994
q__ib0000043q086sbea_imp_ind_pi__lag001,0.736677,0.32662,0.597065,0.68045798
d__dexjpus_dexjpus__lag069,0.69279,0.30192,0.680147,0.68036626
d__dexjpus_dexjpus__lag034,0.69279,0.305676,0.676153,0.68020121
d__dexjpus_dexjpus__lag028,0.69279,0.304043,0.677319,0.67987771
d__dexjpus_dexjpus__lag058,0.69279,0.301905,0.679423,0.67985385
d__dexjpus_dexjpus__lag055,0.69279,0.304481,0.676814,0.67983105
d__dexjpus_dexjpus__lag085,0.69279,0.301976,0.678801,0.67947231
d__dexjpus_dexjpus__lag042,0.69279,0.302555,0.678088,0.67937976
d__dexjpus_dexjpus__lag062,0.69279,0.300406,0.680192,0.67934866
d__dexjpus_dexjpus__lag032,0.69279,0.302866,0.677598,0.67925507
d__dexjpus_dexjpus__lag045,0.69279,0.299924,0.68045,0.6791927
d__dexjpus_dexjpus__lag044,0.69279,0.300547,0.679717,0.67911709
d__dexjpus_dexjpus__lag001,0.69279,0.29847,0.681738,0.67907809
d__dexjpus_dexjpus__lag035,0.69279,0.30524,0.674918,0.67904375
d__dexjpus_dexjpus__lag084,0.69279,0.300544,0.679536,0.67898943
d__dexjpus_dexjpus__lag072,0.69279,0.298971,0.681072,0.67896401
d__dexjpus_dexjpus__lag008,0.69279,0.30195,0.677989,0.67889235
d__dexjpus_dexjpus__lag073,0.69279,0.296675,0.683207,0.67885222
d__dexjpus_dexjpus__lag056,0.69279,0.302418,0.677391,0.6788014
d__dexjpus_dexjpus__lag043,0.69279,0.301704,0.677967,0.67870641
d__dexjpus_dexjpus__lag040,0.69279,0.302849,0.676741,0.67865043
d__dexjpus_dexjpus__lag071,0.69279,0.298708,0.68076,0.67856559
d__dexjpus_dexjpus__lag082,0.69279,0.299953,0.679374,0.67846774
d__dexjpus_dexjpus__lag070,0.69279,0.297911,0.681254,0.67835552
d__dexjpus_dexjpus__lag080,0.69279,0.297058,0.681722,0.67808876
d__dexjpus_dexjpus__lag019,0.69279,0.303778,0.674935,0.67804227
d__dexjpus_dexjpus__lag081,0.69279,0.296508,0.682197,0.67803749
d__dexjpus_dexjpus__lag015,0.69279,0.305058,0.673398,0.67786448
d__dexjpus_dexjpus__lag086,0.69279,0.300193,0.678259,0.67786209
d__dexjpus_dexjpus__lag041,0.69279,0.301341,0.677066,0.67783063
d__dexjpus_dexjpus__lag017,0.69279,0.302792,0.675488,0.67774255
d__dexjpus_dexjpus__lag087,0.69279,0.300908,0.677308,0.67769855
d__dexjpus_dexjpus__lag016,0.69279,0.304154,0.673683,0.67743512
d__dexjpus_dexjpus__lag090,0.689655,0.30586,0.67633,0.67737242
d__dexjpus_dexjpus__lag046,0.69279,0.297881,0.679744,0.67728864
d__dexjpus_dexjpus__lag074,0.69279,0.293514,0.684084,0.67726953
d__dexjpus_dexjpus__lag064,0.69279,0.297345,0.679909,0.67703189
d__dexjpus_dexjpus__lag036,0.69279,0.301734,0.675359,0.67692053
d__dexjpus_dexjpus__lag083,0.69279,0.298354,0.678666,0.67686943
d__dexjpus_dexjpus__lag063,0.69279,0.297461,0.67952,0.67684294
d__dexjpus_dexjpus__lag053,0.69279,0.298905,0.67806,0.67683156
d__dexjpus_dexjpus__lag004,0.69279,0.296313,0.680584,0.67678506
d__dexjpus_dexjpus__lag039,0.69279,0.30113,0.675757,0.67677779
d__dexjpus_dexjpus__lag005,0.69279,0.294984,0.681448,0.67646239
d__dexjpus_dexjpus__lag014,0.69279,0.301807,0.674522,0.67639108
d__dexjpus_dexjpus__lag075,0.69279,0.293562,0.682721,0.67635884
q__bogz1fl753061103q_usb_tsy_for__lag001,1.0,0.187754,0.488475,0.67622829
d__dexjpus_dexjpus__lag037,0.69279,0.300017,0.675979,0.67616061
d__dgs2_dgs2__lag048,0.623824,0.429865,0.653906,0.67608325
d__dexjpus_dexjpus__lag007,0.69279,0.297598,0.677937,0.67584089
d__dgs2_dgs2__lag047,0.623824,0.428365,0.655,0.67582955
d__dexjpus_dexjpus__lag047,0.69279,0.297876,0.677621,0.67581466
d__dexjpus_dexjpus__lag038,0.69279,0.299551,0.675749,0.6756776
d__dgs2_dgs2__lag049,0.623824,0.428576,0.654129,0.67541798
d__dexjpus_dexjpus__lag078,0.69279,0.29393,0.680719,0.67522696
d__dexjpus_dexjpus__lag076,0.69279,0.292752,0.681785,0.67514951
d__dexjpus_dexjpus__lag006,0.69279,0.294451,0.680063,0.67513336
d__dexjpus_dexjpus__lag011,0.69279,0.300585,0.673735,0.67499892
d__dexjpus_dexjpus__lag077,0.69279,0.291112,0.682908,0.67479118
d__dexjpus_dexjpus__lag079,0.69279,0.293636,0.68037,0.67478168
d__dexjpus_dexjpus__lag049,0.69279,0.29817,0.675781,0.6747432
d__dexjpus_dexjpus__lag009,0.69279,0.29876,0.675175,0.67473265
d__dexjpus_dexjpus__lag012,0.69279,0.299632,0.674013,0.67453177
d__dexjpus_dexjpus__lag048,0.69279,0.297894,0.675689,0.67448825
d__dexjpus_dexjpus__lag013,0.69279,0.298718,0.674738,0.6744007
d__dexjpus_dexjpus__lag052,0.69279,0.296549,0.676362,0.6740229
d__dexjpus_dexjpus__lag010,0.69279,0.299076,0.673824,0.67401534
d__dgs2_dgs2__lag057,0.623824,0.427074,0.653221,0.67391435
d__dexjpus_dexjpus__lag051,0.69279,0.296969,0.675235,0.67353307
q__bogz1fl753061103q_usb_tsy_for__lag005,0.99373,0.259162,0.418412,0.67332661
d__dgs2_dgs2__lag050,0.623824,0.425136,0.653955,0.673163
d__dexjpus_dexjpus__lag089,0.689655,0.299731,0.675784,0.67276912
m__unrate_unrate__lag008,0.974922,0.471015,0.218794,0.67250961
m__awotman_awotman__lag004,0.877743,0.160632,0.605304,0.67229499
d__dgs2_dgs2__lag061,0.623824,0.425944,0.651626,0.67221421
d__dexjpus_dexjpus__lag050,0.69279,0.295003,0.67498,0.67199467
d__dgs2_dgs2__lag056,0.623824,0.42472,0.65233,0.67189037
q__bogz1fl702050005q_usb_ffrrp__lag003,1.0,0.286715,0.385108,0.67182325
d__dgs2_dgs2__lag054,0.623824,0.425099,0.651605,0.67167427
d__dgs2_dgs2__lag060,0.623824,0.426246,0.650347,0.67160504
d__dgs2_dgs2__lag059,0.623824,0.425026,0.651505,0.67156647
d__dgs2_dgs2__lag062,0.623824,0.423516,0.652288,0.67111249
d__dgs2_dgs2__lag051,0.623824,0.422028,0.653433,0.67089911
d__dgs2_dgs2__lag058,0.623824,0.424418,0.650687,0.67067655
d__dgs2_dgs2__lag053,0.623824,0.42151,0.653199,0.67042955
d__dgs2_dgs2__lag055,0.623824,0.424015,0.650579,0.6703577
d__dgs2_dgs2__lag090,0.623824,0.427724,0.646454,0.6700986
d__dgs2_dgs2__lag052,0.623824,0.420884,0.653016,0.6699249
d__dgs2_dgs2__lag065,0.623824,0.423107,0.649689,0.66923675
d__dexjpus_dexjpus__lag088,0.689655,0.295681,0.674521,0.66910502
d__dgs2_dgs2__lag063,0.623824,0.422734,0.648918,0.66852275
d__dgs2_dgs2__lag064,0.623824,0.42348,0.647857,0.66832628
d__dgs2_dgs2__lag089,0.623824,0.422757,0.648003,0.6679663
m__payems_nonfarm_payrolls__lag006,1.0,0.142492,0.525337,0.66782908
m__payems_nonfarm_payrolls__lag008,1.0,0.137688,0.53008,0.66776731
d__dgs2_dgs2__lag072,0.623824,0.422271,0.646444,0.66669075
d__dgs2_dgs2__lag071,0.623824,0.422614,0.64586,0.66654007
d__dgs2_dgs2__lag073,0.623824,0.422539,0.645776,0.66644105
d__dgs2_dgs2__lag066,0.623824,0.418935,0.649111,0.66627294
m__payems_nonfarm_payrolls__lag003,1.0,0.140167,0.526018,0.66618467
d__dgs2_dgs2__lag086,0.623824,0.41839,0.649344,0.66607827
d__dgs2_dgs2__lag087,0.623824,0.41977,0.647887,0.66603075
d__dgs2_dgs2__lag088,0.623824,0.419093,0.648492,0.66598586
m__awhman_awhman__lag012,1.0,0.157798,0.508113,0.66591117
q__bogz1lm553061103q_closed_end_funds_ts__lag001,1.0,0.148823,0.516843,0.66566567
d__dgs2_dgs2__lag068,0.623824,0.419542,0.647427,0.665601
d__dgs2_dgs2__lag069,0.623824,0.421012,0.645897,0.66556381
d__dgs2_dgs2__lag085,0.623824,0.420624,0.646142,0.66547495
q__bogz1fa713061103q_cb_tsy_tx__lag003,0.987461,0.509629,0.164136,0.66531649
q__psave_psave__lag001,0.990596,0.563715,0.107778,0.66517838
d__dgs2_dgs2__lag084,0.623824,0.418581,0.647624,0.66512457
d__dgs2_dgs2__lag083,0.623824,0.418379,0.646978,0.664596
d__dgs2_dgs2__lag075,0.623824,0.420744,0.644293,0.66439656
d__dgs2_dgs2__lag070,0.623824,0.419333,0.645513,0.66427694
d__dgs2_dgs2__lag078,0.623824,0.418918,0.645841,0.66422229
d__dgs2_dgs2__lag067,0.623824,0.417798,0.646912,0.66419178
d__dgs2_dgs2__lag077,0.623824,0.418883,0.645626,0.66406696
d__dgs2_dgs2__lag074,0.623824,0.419928,0.644349,0.66392178
m__ipman_ipman__lag009,0.673981,0.39508,0.589862,0.66383194
d__dgs2_dgs2__lag082,0.623824,0.416575,0.647035,0.66350536
q__bogz1fl702050005q_usb_ffrrp__lag007,0.987461,0.3015,0.369588,0.66267373
d__dgs2_dgs2__lag081,0.623824,0.41661,0.645599,0.66263165
d__dgs2_dgs2__lag076,0.623824,0.417759,0.643903,0.66229078
d__dgs2_dgs2__lag080,0.623824,0.414872,0.646048,0.66182796
d__dgs2_dgs2__lag079,0.623824,0.414534,0.646286,0.66176539
q__ib0000043q086sbea_imp_ind_pi__lag003,0.730408,0.328732,0.576901,0.66148123
m__uspriv_uspriv__lag008,1.0,0.14157,0.51891,0.66048018
q__bogz1fa313161105q_tsy_net_tx__lag002,0.990596,0.533072,0.132514,0.65932625
m__payems_nonfarm_payrolls__lag002,1.0,0.133484,0.524451,0.65793525
q__bogz1lm343061105q_fed_gov_retirement_ts__lag007,0.987461,0.093864,0.572369,0.65787947
q__bogz1lm343061105q_fed_ret_tsy_total__lag007,0.987461,0.093864,0.572369,0.65787947
m__uspriv_uspriv__lag006,1.0,0.143566,0.513584,0.65715024
q__bogz1fl313024000q_tres_oper_cash__lag002,1.0,0.55783,0.09836,0.65619028
m__payems_nonfarm_payrolls__lag005,1.0,0.131601,0.524409,0.65600993
m__uspriv_uspriv__lag003,1.0,0.139497,0.513985,0.65348181
q__psave_psave__lag002,0.987461,0.593486,0.067099,0.65230202
q__bogz1fl702150005q_usb_ffrepo__lag001,1.0,0.080559,0.571207,0.65176603
m__awotman_awotman__lag001,0.880878,0.135037,0.604314,0.65127849
q__bogz1fl702050005q_usb_ffrrp__lag008,0.984326,0.295204,0.365667,0.65051214
m__ipman_ipman__lag008,0.673981,0.371529,0.592231,0.64955641
q__bogz1fl702050005q_usb_ffrrp__lag006,0.990596,0.285228,0.370452,0.64951302
m__awotman_awotman__lag002,0.880878,0.132662,0.604559,0.64940197
q__bogz1fl543061175q_life_insurance_ts__lag002,1.0,0.260167,0.388841,0.6490076
m__awhman_awhman__lag008,1.0,0.137005,0.511679,0.64868362
m__payems_nonfarm_payrolls__lag001,1.0,0.12553,0.522118,0.64764859
m__iputil_iputil__lag012,1.0,0.070622,0.576455,0.64707719
m__payems_nonfarm_payrolls__lag004,1.0,0.121903,0.523985,0.6458881
m__payems_nonfarm_payrolls__lag007,1.0,0.117805,0.527813,0.64561832
m__uspriv_uspriv__lag005,1.0,0.133132,0.512349,0.64548161
m__uspriv_uspriv__lag002,1.0,0.131855,0.511827,0.64368184
q__ib0000043q086sbea_imp_ind_pi__lag004,0.727273,0.313253,0.570677,0.64285853
m__unrate_unrate__lag007,0.974922,0.446532,0.211433,0.64146419
m__ipman_ipman__lag002,0.680251,0.343079,0.598126,0.64025549
m__srvprd_srvprd__lag009,1.0,0.102019,0.536961,0.63898009
m__uspriv_uspriv__lag007,1.0,0.119714,0.516212,0.63592522
m__ipman_ipman__lag005,0.677116,0.345091,0.592719,0.6350061
q__bogz1fl712051000q_fed_rrp__lag005,0.99373,0.566164,0.072082,0.63424482
m__iputil_iputil__lag010,1.0,0.05465,0.579376,0.63402606
m__uspriv_uspriv__lag004,1.0,0.122029,0.511817,0.63384573
q__bogz1fl753061103q_usb_tsy_for__lag006,0.990596,0.240941,0.398905,0.63382833
q__bogz1fl702050005q_usb_ffrrp__lag005,0.99373,0.253289,0.383174,0.6324728
m__uspriv_uspriv__lag001,1.0,0.123071,0.50924,0.63231072
m__usgood_usgood__lag010,1.0,0.237117,0.394905,0.63202213
m__ipman_ipman__lag003,0.680251,0.331696,0.595587,0.63078471
q__bogz1lm343061165q_fed_gov_db_retirement_ts__lag007,0.987461,0.00011,0.632258,0.62443822
q__bogz1lm343061165q_fed_ret_tsy_db__lag007,0.987461,0.00011,0.632258,0.62443822
q__fgdef_fgdef__lag001,0.990596,0.527931,0.102184,0.62418974
m__srvprd_srvprd__lag008,1.0,0.088844,0.535062,0.62390554
m__srvprd_srvprd__lag006,1.0,0.09253,0.531087,0.6236171
q__bogz1fa713061103q_cb_tsy_tx__lag004,0.984326,0.45367,0.17904,0.6227923
q__bogz1fl713123030q_tga__lag002,1.0,0.516068,0.106716,0.62278368
q__bogz1fl713123030q_tga_z1__lag002,1.0,0.516068,0.106716,0.62278368
m__iputil_iputil__lag006,1.0,0.043048,0.578741,0.6217887
m__usgood_usgood__lag011,1.0,0.238133,0.383103,0.62123524
m__ipman_ipman__lag001,0.680251,0.318743,0.594368,0.62114472
q__bogz1fa713061103q_cb_tsy_tx__lag002,0.990596,0.500689,0.126145,0.62093822
m__ipman_ipman__lag004,0.677116,0.32294,0.59406,0.62091577
m__srvprd_srvprd__lag003,1.0,0.089371,0.531476,0.62084689
q__bogz1lm343061165q_fed_gov_db_retirement_ts__lag008,0.984326,0.001388,0.629111,0.62061663
q__bogz1lm343061165q_fed_ret_tsy_db__lag008,0.984326,0.001388,0.629111,0.62061663
q__fbtsatq027s_dom_fin_sector_tsy_tx__lag002,0.990596,0.545253,0.081171,0.62053236
m__ipmat_ipmat__lag008,1.0,0.118416,0.501874,0.62029051
q__bogz1fl702150005q_usb_ffrepo__lag002,1.0,0.050058,0.570208,0.62026624
q__bogz1lm343061105q_fed_gov_retirement_ts__lag005,0.99373,0.049112,0.574859,0.62005915
q__bogz1lm343061105q_fed_ret_tsy_total__lag005,0.99373,0.049112,0.574859,0.62005915
m__unrate_unrate__lag006,0.978056,0.443067,0.18833,0.61754097
q__fbtsatq027s_dom_fin_sector_tsy_tx__lag004,0.984326,0.515762,0.111555,0.61748385
m__usgood_usgood__lag012,1.0,0.244243,0.372908,0.61715093
q__bogz1lm343061105q_fed_gov_retirement_ts__lag008,0.984326,0.060267,0.566394,0.61683865
q__bogz1lm343061105q_fed_ret_tsy_total__lag008,0.984326,0.060267,0.566394,0.61683865
m__ipman_ipman__lag006,0.677116,0.321681,0.58915,0.61673767
m__iputil_iputil__lag011,1.0,0.041169,0.574851,0.61602001
m__iputil_iputil__lag005,1.0,0.041709,0.573923,0.61563283
m__baaffm_baaff__lag001,0.899687,0.201347,0.481067,0.61395853
m__srvprd_srvprd__lag002,1.0,0.083181,0.530264,0.61344458
m__ipmat_ipmat__lag005,1.0,0.109407,0.503171,0.61257807
q__bogz1lm343061105q_fed_gov_retirement_ts__lag006,0.990596,0.044644,0.573514,0.61234383
q__bogz1lm343061105q_fed_ret_tsy_total__lag006,0.990596,0.044644,0.573514,0.61234383
m__srvprd_srvprd__lag005,1.0,0.081874,0.530201,0.61207475
m__iputil_iputil__lag004,1.0,0.036949,0.57485,0.61179918
m__ipman_ipman__lag007,0.673981,0.315825,0.591734,0.61167745
m__ipmat_ipmat__lag009,1.0,0.113378,0.498057,0.61143517
m__iputil_iputil__lag007,1.0,0.02926,0.582117,0.61137722
q__bogz1fl543061175q_life_insurance_ts__lag003,1.0,0.233908,0.376978,0.61088573
m__awhman_awhman__lag007,1.0,0.087586,0.522852,0.6104376
m__ipmat_ipmat__lag002,1.0,0.098811,0.508685,0.60749649
m__uempmean_uempmean__lag001,0.981191,0.269224,0.34856,0.60616496
m__srvprd_srvprd__lag001,1.0,0.075999,0.528493,0.60449228
m__srvprd_srvprd__lag007,1.0,0.071026,0.533336,0.60436258
d__dgs30_dgs30__lag033,0.617555,0.353789,0.623904,0.60377891
d__dgs30_dgs30__lag034,0.617555,0.352077,0.625512,0.60371467
m__srvprd_srvprd__lag004,1.0,0.073538,0.529992,0.60353014
q__bogz1fl702150005q_usb_ffrepo__lag005,0.99373,0.038367,0.568497,0.60305908
d__dgs30_dgs30__lag042,0.617555,0.352601,0.623563,0.60283472
d__dgs30_dgs30__lag002,0.617555,0.338774,0.636946,0.60256095
q__netfi_netfi__lag005,0.978056,0.282871,0.333005,0.60236116
d__dgs30_dgs30__lag037,0.617555,0.351812,0.623128,0.60207873
m__payems_nonfarm_payrolls__lag012,1.0,0.06515,0.53667,0.60182041
d__dgs30_dgs30__lag040,0.617555,0.351277,0.622327,0.60125442
d__dgs30_dgs30__lag036,0.617555,0.349899,0.623354,0.6010372
d__dgs30_dgs30__lag039,0.617555,0.352022,0.620987,0.60088655
d__dgs30_dgs30__lag032,0.617555,0.348964,0.623543,0.60057601
d__dgs30_dgs30__lag023,0.617555,0.343952,0.628141,0.6003208
m__uspriv_uspriv__lag012,1.0,0.073813,0.526395,0.60020802
d__dgs30_dgs30__lag005,0.617555,0.336703,0.635099,0.60014142
d__dgs30_dgs30__lag041,0.617555,0.348915,0.622786,0.60007852
d__dgs30_dgs30__lag003,0.617555,0.334841,0.63604,0.5995722
d__dgs30_dgs30__lag030,0.617555,0.342853,0.627844,0.59945875
d__dgs30_dgs30__lag018,0.617555,0.346333,0.624165,0.59933589
d__dgs30_dgs30__lag035,0.617555,0.345573,0.624874,0.59930456
d__dgs30_dgs30__lag004,0.617555,0.334217,0.636229,0.59930367
d__dgs30_dgs30__lag022,0.617555,0.345295,0.624976,0.59919565
q__bogz1fl313024000q_tres_oper_cash__lag001,1.0,0.557432,0.041415,0.59884696
q__bogz1fl753061103q_usb_tsy_for__lag007,0.987461,0.219275,0.386963,0.59863579
d__dgs30_dgs30__lag011,0.617555,0.343852,0.62541,0.59857252
d__dgs30_dgs30__lag031,0.617555,0.343031,0.626113,0.59849942
d__dgs30_dgs30__lag021,0.617555,0.342977,0.626057,0.59843152
q__bogz1fl704135005q_usb_loan_l__lag003,1.0,0.031206,0.567205,0.59841073
d__dgs30_dgs30__lag015,0.617555,0.343282,0.625094,0.59802551
d__dgs30_dgs30__lag043,0.617555,0.345938,0.622413,0.59800988
d__dgs30_dgs30__lag006,0.617555,0.335449,0.632605,0.59782675
d__dgs30_dgs30__lag001,0.617555,0.333363,0.634563,0.59774685
d__dgs30_dgs30__lag008,0.617555,0.338026,0.629835,0.59770768
d__dgs30_dgs30__lag038,0.617555,0.34739,0.620414,0.59767187
d__dgs30_dgs30__lag014,0.617555,0.34339,0.623902,0.5973558
d__dgs30_dgs30__lag029,0.617555,0.34153,0.625716,0.59732766
d__dgs30_dgs30__lag016,0.617555,0.340842,0.626076,0.5971248
d__dgs30_dgs30__lag013,0.617555,0.34363,0.623097,0.59700703
d__dgs30_dgs30__lag026,0.617555,0.341041,0.625626,0.59697
q__bogz1fl712051000q_fed_rrp__lag004,0.996865,0.492892,0.105948,0.59696236
d__dgs30_dgs30__lag025,0.617555,0.341212,0.625041,0.59671432
d__dgs30_dgs30__lag024,0.617555,0.340246,0.625838,0.59660993
d__dgs30_dgs30__lag020,0.617555,0.339921,0.626027,0.59652588
d__dgs30_dgs30__lag007,0.617555,0.335101,0.630591,0.59636784
m__awhman_awhman__lag011,1.0,0.095229,0.501063,0.59629172
d__dgs30_dgs30__lag019,0.617555,0.341896,0.623443,0.59614935
d__dgs30_dgs30__lag012,0.617555,0.340315,0.624821,0.59602418
q__bogz1fl704141005q_usb_stloan_l__lag003,1.0,0.03054,0.565405,0.59594492
d__dgs30_dgs30__lag017,0.617555,0.340421,0.624061,0.59562084
q__bogz1fl702150005q_usb_ffrepo__lag004,0.996865,0.033784,0.563621,0.59553198
d__dgs30_dgs30__lag027,0.617555,0.339062,0.625008,0.59536619
m__unrate_unrate__lag005,0.978056,0.409397,0.199276,0.59531592
d__dgs30_dgs30__lag010,0.617555,0.34007,0.622246,0.59428334
d__dgs30_dgs30__lag028,0.617555,0.336243,0.625689,0.59404559
d__dgs30_dgs30__lag044,0.617555,0.340082,0.62111,0.59358896
d__dgs30_dgs30__lag009,0.617555,0.334301,0.62687,0.59357587
d__dgs30_dgs30__lag045,0.617555,0.338495,0.62115,0.59263339
m__ipmat_ipmat__lag003,1.0,0.08674,0.505494,0.59223398
m__ipmat_ipmat__lag006,1.0,0.090792,0.500139,0.59093135
m__iputil_iputil__lag008,1.0,0.016723,0.573915,0.59063798
m__iputil_iputil__lag003,1.0,0.010753,0.579822,0.59057466
m__iputil_iputil__lag002,1.0,0.014873,0.574644,0.58951665
q__bogz1fl543061165q_life_insurance_ts__lag001,1.0,0.15583,0.433252,0.58908196
d__dgs30_dgs30__lag090,0.61442,0.359688,0.597342,0.58801846
q__bogz1fl704135005q_usb_loan_l__lag004,0.996865,0.035072,0.554793,0.58801531
m__unrate_unrate__lag004,0.978056,0.400449,0.200514,0.5877761
d__dgs30_dgs30__lag046,0.61442,0.336264,0.619552,0.58727243
d__dgs30_dgs30__lag089,0.61442,0.356813,0.59789,0.5865889
q__bogz1fl702150005q_usb_ffrepo__lag006,0.990596,0.024605,0.567081,0.58612204
m__awhman_awhman__lag010,1.0,0.067197,0.518879,0.58607648
q__bogz1fl704141005q_usb_stloan_l__lag004,0.996865,0.03473,0.553051,0.58593846
m__payems_nonfarm_payrolls__lag011,1.0,0.051769,0.533243,0.58501202
m__ipmat_ipmat__lag007,1.0,0.084695,0.500268,0.58496292
q__fbtsatq027s_dom_fin_sector_tsy_tx__lag003,0.987461,0.466492,0.125419,0.58448965
m__unrate_unrate__lag003,0.981191,0.391979,0.203103,0.58388932
m__uspriv_uspriv__lag011,1.0,0.061338,0.52241,0.58374837
d__dgs30_dgs30__lag048,0.61442,0.333474,0.615622,0.58314384
m__iputil_iputil__lag009,1.0,0.005316,0.577623,0.58293843
d__dgs30_dgs30__lag057,0.61442,0.33981,0.608934,0.58292724
q__netfi_netfi__lag006,0.974922,0.246879,0.350828,0.58271686
d__dgs30_dgs30__lag087,0.61442,0.350356,0.597877,0.58261357
d__dgs30_dgs30__lag056,0.61442,0.337351,0.610853,0.58259559
m__ipman_ipman__lag012,0.670846,0.279927,0.588189,0.58237279
q__bogz1fl702150005q_usb_ffrepo__lag007,0.987461,0.017171,0.571988,0.58177069
d__dgs30_dgs30__lag054,0.61442,0.332862,0.613285,0.58133169
d__dgs30_dgs30__lag047,0.61442,0.328718,0.617296,0.58124996
q__bogz1fl702150005q_usb_ffrepo__lag003,1.0,0.009226,0.57192,0.58114649
d__dgs30_dgs30__lag088,0.61442,0.347765,0.597984,0.58108732
q__fgdef_fgdef__lag002,0.987461,0.514819,0.07343,0.58087308
m__unrate_unrate__lag002,0.981191,0.375237,0.216409,0.58051779
q__ophnfb_nflabor_productivity__lag001,0.990596,0.181718,0.40408,0.58028906
d__dgs30_dgs30__lag086,0.61442,0.34376,0.60052,0.58018493
d__dgs30_dgs30__lag084,0.61442,0.344573,0.599283,0.57992428
d__dgs6mo_dgs6mo__lag001,0.561129,0.409854,0.623358,0.57976464
m__unrate_unrate__lag012,0.971787,0.373439,0.223143,0.57975014
d__dgs30_dgs30__lag055,0.61442,0.331403,0.611584,0.57939027
m__ipmat_ipmat__lag004,1.0,0.077934,0.50144,0.57937356
d__dgs6mo_dgs6mo__lag002,0.561129,0.409632,0.622463,0.5791381
d__dgs30_dgs30__lag058,0.61442,0.335766,0.60655,0.57897733
d__dgs30_dgs30__lag083,0.61442,0.343402,0.598746,0.57887474
q__rhvrusq156n_owner_vacancy__lag008,0.855799,0.165272,0.510977,0.57873365
d__dgs6mo_dgs6mo__lag004,0.561129,0.40899,0.622072,0.57855843
d__dgs6mo_dgs6mo__lag003,0.561129,0.408752,0.622206,0.57850012
d__dgs30_dgs30__lag065,0.61442,0.336198,0.605262,0.57845203
d__dgs30_dgs30__lag082,0.61442,0.342555,0.598881,0.57843701
d__dgs30_dgs30__lag060,0.61442,0.334137,0.607055,0.57828681
d__dgs30_dgs30__lag085,0.61442,0.343137,0.597925,0.57820716
d__dgs30_dgs30__lag066,0.61442,0.33718,0.60379,0.57815078
m__awhman_awhman__lag005,1.0,0.065509,0.512494,0.578003
d__dgs30_dgs30__lag049,0.61442,0.325508,0.615035,0.57788851
d__dgs30_dgs30__lag081,0.61442,0.341886,0.598514,0.57780041
d__dgs6mo_dgs6mo__lag005,0.561129,0.408088,0.621612,0.57779428
d__dgs30_dgs30__lag062,0.61442,0.330986,0.609328,0.57774834
m__baaffm_baaff__lag002,0.899687,0.200864,0.441112,0.57757756
d__dgs30_dgs30__lag071,0.61442,0.339417,0.600388,0.57743515
d__dgs30_dgs30__lag073,0.61442,0.339972,0.599791,0.5774092
d__dgs30_dgs30__lag061,0.61442,0.332204,0.607531,0.57739223
d__dgs30_dgs30__lag068,0.61442,0.337125,0.602499,0.57732338
d__dgs30_dgs30__lag070,0.61442,0.33974,0.59977,0.5772541
q__bogz1fl702150005q_usb_ffrepo__lag008,0.984326,0.004774,0.581593,0.57717578
d__dgs6mo_dgs6mo__lag006,0.561129,0.40788,0.620671,0.5771496
d__dgs30_dgs30__lag080,0.61442,0.340856,0.598187,0.57696701
d__dgs6mo_dgs6mo__lag007,0.561129,0.408757,0.619374,0.57691405
d__dgs30_dgs30__lag050,0.61442,0.322664,0.616215,0.57686621
q__bogz1fl543061165q_life_insurance_ts__lag002,1.0,0.147963,0.428726,0.57668889
d__dgs30_dgs30__lag069,0.61442,0.338458,0.600017,0.57661761
d__dgs6mo_dgs6mo__lag008,0.561129,0.408702,0.617666,0.57592466
d__dgs30_dgs30__lag077,0.61442,0.339849,0.597065,0.57565879
d__dgs30_dgs30__lag067,0.61442,0.334593,0.60213,0.57554144
m__payems_nonfarm_payrolls__lag010,1.0,0.045649,0.529648,0.57529682
m__ipmat_ipmat__lag001,1.0,0.072041,0.503135,0.5751766
d__dgs30_dgs30__lag072,0.61442,0.337276,0.598721,0.57509567
d__dgs30_dgs30__lag074,0.61442,0.338005,0.597624,0.57486922
d__dgs30_dgs30__lag053,0.61442,0.320487,0.614947,0.57474956
d__dgs6mo_dgs6mo__lag010,0.561129,0.407151,0.61678,0.57455655
d__dgs6mo_dgs6mo__lag011,0.561129,0.407641,0.616206,0.57450942
d__dgs30_dgs30__lag079,0.61442,0.336784,0.598027,0.57436654
d__dgs6mo_dgs6mo__lag013,0.561129,0.406518,0.616478,0.57403269
d__dgs30_dgs30__lag078,0.61442,0.337646,0.596314,0.57384366
d__dgs30_dgs30__lag075,0.61442,0.337447,0.596365,0.5737527
d__dgs30_dgs30__lag063,0.61442,0.327833,0.605929,0.57372213
d__dgs6mo_dgs6mo__lag009,0.561129,0.404998,0.617406,0.57369978
m__mich_mich__lag009,0.598746,0.199599,0.758474,0.57364203
d__dgs30_dgs30__lag059,0.61442,0.326372,0.60717,0.57358656
q__bopbca_bopbca__lag001,0.827586,0.201313,0.491762,0.57357957
d__dgs30_dgs30__lag064,0.61442,0.329473,0.603905,0.5734865
d__dgs30_dgs30__lag076,0.61442,0.337032,0.595988,0.57326623
d__dgs6mo_dgs6mo__lag014,0.561129,0.406329,0.61526,0.5732428
m__ipman_ipman__lag010,0.670846,0.266234,0.588255,0.57323065
q__netfi_netfi__lag004,0.981191,0.273147,0.310905,0.57306707
d__dgs30_dgs30__lag051,0.61442,0.318181,0.614479,0.57304521
m__mich_mich__lag003,0.605016,0.182439,0.764272,0.57277524
d__dgs6mo_dgs6mo__lag012,0.561129,0.404724,0.616009,0.57276282
d__dgs6mo_dgs6mo__lag018,0.561129,0.407126,0.613357,0.57262221
d__dgs6mo_dgs6mo__lag017,0.561129,0.405464,0.614559,0.57236398
d__dgs6mo_dgs6mo__lag016,0.561129,0.406576,0.613373,0.57232254
m__uspriv_uspriv__lag010,1.0,0.053852,0.518322,0.57217366
m__unrate_unrate__lag001,0.981191,0.372287,0.210341,0.57166929
d__dgs6mo_dgs6mo__lag015,0.561129,0.405907,0.612455,0.57143194
d__dgs30_dgs30__lag052,0.61442,0.314997,0.614622,0.57117629
d__dgs6mo_dgs6mo__lag021,0.561129,0.407284,0.609935,0.57079077
m__mich_mich__lag010,0.595611,0.213181,0.745045,0.57072965
q__bogz1fl702050005q_usb_ffrrp__lag001,1.0,0.171448,0.398934,0.57038149
d__dgs6mo_dgs6mo__lag020,0.561129,0.406497,0.609782,0.57026297
d__dgs6mo_dgs6mo__lag025,0.561129,0.404392,0.610922,0.56972116
d__dgs6mo_dgs6mo__lag019,0.561129,0.405874,0.609033,0.56949316
d__dgs6mo_dgs6mo__lag022,0.561129,0.404708,0.610182,0.56948378
d__dgs6mo_dgs6mo__lag023,0.561129,0.404317,0.610347,0.56935665
m__awhman_awhman__lag006,1.0,0.085544,0.483714,0.56925816
d__dgs6mo_dgs6mo__lag024,0.561129,0.404695,0.608955,0.56878781
d__dgs3mo_dgs3mo__lag005,0.561129,0.393679,0.619282,0.56840158
d__dgs6mo_dgs6mo__lag026,0.561129,0.402425,0.609778,0.56797573
d__dgs6mo_dgs6mo__lag027,0.561129,0.402693,0.608815,0.56758617
d__dgs3mo_dgs3mo__lag006,0.561129,0.392415,0.618887,0.56747052
q__ib0000043q086sbea_imp_ind_pi__lag005,0.724138,0.222078,0.561442,0.56737635
d__dgs3mo_dgs3mo__lag002,0.561129,0.392921,0.618109,0.56731816
d__dgs3mo_dgs3mo__lag003,0.561129,0.392135,0.618848,0.56729144
d__dgs3mo_dgs3mo__lag004,0.561129,0.391816,0.619098,0.56725271
m__baaffm_baaff__lag006,0.896552,0.143709,0.488882,0.56714999
d__dgs6mo_dgs6mo__lag028,0.561129,0.402524,0.607939,0.56699984
m__tcu_tcu__lag009,0.736677,0.491678,0.277916,0.56694222
d__dgs3mo_dgs3mo__lag007,0.561129,0.391445,0.61807,0.56646774
d__dgs3mo_dgs3mo__lag001,0.561129,0.392344,0.617105,0.56643082
m__uempmean_uempmean__lag002,0.981191,0.226575,0.350454,0.56617494
d__dgs6mo_dgs6mo__lag029,0.561129,0.402167,0.606674,0.56608943
d__dgs3mo_dgs3mo__lag008,0.561129,0.39015,0.618583,0.56602873
q__bogz1fl713123030q_tga__lag001,1.0,0.505979,0.058687,0.564666
q__bogz1fl713123030q_tga_z1__lag001,1.0,0.505979,0.058687,0.564666
d__dgs3mo_dgs3mo__lag017,0.561129,0.389897,0.6163,0.56460621
d__dgs3mo_dgs3mo__lag011,0.561129,0.387815,0.617725,0.56423692
q__bogz1fl543061165q_life_insurance_ts__lag003,1.0,0.139903,0.42428,0.56418313
d__dgs3mo_dgs3mo__lag018,0.561129,0.389672,0.615554,0.56406101
d__dgs3mo_dgs3mo__lag014,0.561129,0.388448,0.616448,0.56387623
d__dgs6mo_dgs6mo__lag030,0.561129,0.401067,0.603661,0.56378161
d__dgs3mo_dgs3mo__lag016,0.561129,0.389726,0.614966,0.56376115
m__mich_mich__lag007,0.598746,0.195429,0.745961,0.56365337
m__ipman_ipman__lag011,0.670846,0.250235,0.589792,0.56352944
d__dgs3mo_dgs3mo__lag010,0.561129,0.387032,0.616757,0.56325504
d__dgs3mo_dgs3mo__lag013,0.561129,0.3864,0.616786,0.56291656
d__dgs3mo_dgs3mo__lag009,0.561129,0.385224,0.617912,0.56288834
d__dgs3mo_dgs3mo__lag012,0.561129,0.386627,0.616266,0.56275217
d__dgs3mo_dgs3mo__lag015,0.561129,0.388492,0.613895,0.5624678
m__srvprd_srvprd__lag012,1.0,0.021516,0.540622,0.56213723
d__dgs3mo_dgs3mo__lag019,0.561129,0.389658,0.611718,0.56190038
d__dgs3mo_dgs3mo__lag020,0.561129,0.389856,0.611309,0.56178237
d__dgs3mo_dgs3mo__lag021,0.561129,0.389916,0.610323,0.56126225
d__dgs3mo_dgs3mo__lag025,0.561129,0.388803,0.610284,0.56061578
d__dgs3mo_dgs3mo__lag023,0.561129,0.387972,0.611072,0.56059196
d__dgs3mo_dgs3mo__lag022,0.561129,0.387553,0.610596,0.56008972
q__bogz1fl543061175q_life_insurance_ts__lag004,0.996865,0.192817,0.368801,0.55985728
d__dgs3mo_dgs3mo__lag024,0.561129,0.388172,0.60928,0.55969922
m__mich_mich__lag012,0.595611,0.202508,0.737038,0.55960408
q__rrvrusq156n_rental_vacancy__lag002,0.874608,0.044834,0.594029,0.55875456
q__ophnfb_nflabor_productivity__lag002,0.987461,0.167351,0.398232,0.558491
d__dgs3mo_dgs3mo__lag026,0.561129,0.386302,0.608745,0.55834955
m__baaffm_baaff__lag003,0.899687,0.197206,0.422755,0.55777115
d__dgs3mo_dgs3mo__lag027,0.561129,0.386117,0.607541,0.5575699
d__dgs3mo_dgs3mo__lag028,0.561129,0.386248,0.607225,0.55746631
q__psave_psave__lag003,0.984326,0.447706,0.118081,0.55691811
d__dgs3mo_dgs3mo__lag029,0.561129,0.385957,0.604442,0.55574062
d__dgs3mo_dgs3mo__lag030,0.561129,0.385716,0.603656,0.55516483
m__mich_mich__lag004,0.601881,0.191071,0.729654,0.55416726
m__mich_mich__lag006,0.601881,0.173254,0.744191,0.55219248
q__rhvrusq156n_owner_vacancy__lag007,0.858934,0.134375,0.508449,0.55214359
m__mich_mich__lag011,0.595611,0.165588,0.761299,0.55206443
q__bogz1fl543061165q_life_insurance_ts__lag004,0.996865,0.130228,0.419867,0.54837039
m__srvprd_srvprd__lag011,1.0,0.009848,0.537862,0.54771023
m__mich_mich__lag001,0.605016,0.126021,0.774768,0.54499121
m__awhman_awhman__lag002,1.0,0.022784,0.52204,0.54482416
q__bopbca_bopbca__lag002,0.824451,0.170618,0.488755,0.5436212
m__ipmat_ipmat__lag011,1.0,0.044904,0.498494,0.54339744
d__dgs6mo_dgs6mo__lag040,0.557994,0.396086,0.575539,0.54216075
d__dgs6mo_dgs6mo__lag031,0.557994,0.399953,0.571515,0.54207274
d__dgs6mo_dgs6mo__lag039,0.557994,0.397557,0.573859,0.54204362
q__netfi_netfi__lag007,0.971787,0.194598,0.363158,0.54202017
d__dgs6mo_dgs6mo__lag032,0.557994,0.39985,0.571112,0.54179042
m__baaffm_baaff__lag007,0.893417,0.149175,0.457188,0.54173444
d__dgs6mo_dgs6mo__lag042,0.557994,0.395413,0.575447,0.54173395
d__dgs6mo_dgs6mo__lag043,0.557994,0.393878,0.576496,0.54146272
d__dgs6mo_dgs6mo__lag041,0.557994,0.395728,0.574482,0.54137138
d__dgs6mo_dgs6mo__lag033,0.557994,0.398486,0.571678,0.54134509
d__dgs6mo_dgs6mo__lag038,0.557994,0.397843,0.571357,0.54080773
m__ipmat_ipmat__lag010,1.0,0.045912,0.494869,0.54078027
d__dgs6mo_dgs6mo__lag037,0.557994,0.39759,0.571549,0.54077311
q__rrvrusq156n_rental_vacancy__lag004,0.868339,0.030527,0.592098,0.54064942
d__dgs6mo_dgs6mo__lag034,0.557994,0.398017,0.570859,0.54062679
q__bogz1fl753061103q_usb_tsy_for__lag008,0.984326,0.188341,0.360552,0.54028963
q__rrvrusq156n_rental_vacancy__lag001,0.877743,0.028391,0.587108,0.54025034
m__ipmat_ipmat__lag012,1.0,0.046316,0.493901,0.54021705
d__dgs6mo_dgs6mo__lag036,0.557994,0.396529,0.571261,0.54002078
q__bogz1fl543061165q_life_insurance_ts__lag005,0.99373,0.125709,0.417526,0.53982877
d__dgs6mo_dgs6mo__lag044,0.557994,0.393762,0.573619,0.53979245
q__bogz1fl712051000q_fed_rrp__lag003,1.0,0.389429,0.150269,0.53969804
m__srvprd_srvprd__lag010,1.0,0.004349,0.535148,0.53949698
d__dgs6mo_dgs6mo__lag035,0.557994,0.396488,0.569326,0.538918
d__dgs6mo_dgs6mo__lag045,0.557994,0.393256,0.572446,0.53885525
m__tcu_tcu__lag008,0.736677,0.467931,0.262792,0.53830689
d__dgs6mo_dgs6mo__lag046,0.557994,0.392376,0.570101,0.53705628
m__awhman_awhman__lag004,1.0,0.012305,0.523637,0.53594186
m__awhman_awhman__lag001,1.0,0.002404,0.533151,0.53555435
d__dgs6mo_dgs6mo__lag047,0.557994,0.391585,0.567399,0.53510722
d__dgs6mo_dgs6mo__lag048,0.557994,0.390451,0.567445,0.53449983
d__dgs6mo_dgs6mo__lag049,0.557994,0.389809,0.568016,0.53446004
m__uempmean_uempmean__lag003,0.981191,0.185783,0.358409,0.53395602
q__bogz1fa343061113q_fed_gov_dcf_retirement_ts_tx__lag004,0.984326,0.431948,0.109968,0.53342231
d__dgs6mo_dgs6mo__lag050,0.557994,0.389385,0.566416,0.53333118
q__rrvrusq156n_rental_vacancy__lag007,0.858934,0.027127,0.593787,0.53332464
d__dgs3mo_dgs3mo__lag043,0.557994,0.379642,0.57481,0.53257821
d__dgs3mo_dgs3mo__lag042,0.557994,0.38059,0.573729,0.53250392
d__dgs3mo_dgs3mo__lag040,0.557994,0.380672,0.573067,0.53217999
d__dgs3mo_dgs3mo__lag032,0.557994,0.384396,0.568858,0.53190996
q__bogz1lm543061115q_li_bills__lag001,1.0,0.206452,0.325427,0.53187883
q__bogz1lm543061115q_li_bills__lag003,1.0,0.212377,0.319367,0.53174428
d__dgs3mo_dgs3mo__lag031,0.557994,0.384318,0.568266,0.53153579
d__dgs3mo_dgs3mo__lag039,0.557994,0.381005,0.57152,0.53150274
d__dgs3mo_dgs3mo__lag044,0.557994,0.378848,0.573608,0.53146469
d__dgs3mo_dgs3mo__lag041,0.557994,0.379784,0.572603,0.53142605
q__bogz1fl543061165q_life_insurance_ts__lag006,0.990596,0.11958,0.416853,0.53138892
d__dgs3mo_dgs3mo__lag033,0.557994,0.381964,0.570176,0.53128766
d__dgs3mo_dgs3mo__lag045,0.557994,0.378818,0.572769,0.53097952
d__dgs6mo_dgs6mo__lag053,0.557994,0.388121,0.56333,0.53090329
d__dgs6mo_dgs6mo__lag052,0.557994,0.387546,0.563538,0.53069928
q__ophnfb_nflabor_productivity__lag003,0.984326,0.144617,0.394471,0.53063882
d__dgs6mo_dgs6mo__lag057,0.557994,0.387222,0.563631,0.53057009
d__dgs3mo_dgs3mo__lag036,0.557994,0.380704,0.570068,0.53052518
q__bogz1fl263061130q_row_gov_tsy__lag001,1.0,0.205444,0.324778,0.53022191
d__dgs3mo_dgs3mo__lag034,0.557994,0.380912,0.569152,0.53012978
m__unrate_unrate__lag011,0.971787,0.327336,0.218075,0.53002316
d__dgs6mo_dgs6mo__lag051,0.557994,0.387271,0.562418,0.52992048
d__dgs3mo_dgs3mo__lag037,0.557994,0.380786,0.568772,0.52984735
q__bogz1fl543061165q_life_insurance_ts__lag007,0.987461,0.120396,0.416151,0.52981904
d__dgs3mo_dgs3mo__lag038,0.557994,0.38081,0.568275,0.52958377
d__dgs6mo_dgs6mo__lag056,0.557994,0.38655,0.562408,0.52951259
d__dgs6mo_dgs6mo__lag059,0.557994,0.384922,0.563974,0.52947801
d__dgs6mo_dgs6mo__lag058,0.557994,0.384606,0.564289,0.52947757
d__dgs3mo_dgs3mo__lag046,0.557994,0.378793,0.570054,0.52945022
d__dgs3mo_dgs3mo__lag035,0.557994,0.380782,0.567806,0.52930606
d__dgs6mo_dgs6mo__lag055,0.557994,0.38682,0.561565,0.52919288
d__dgs6mo_dgs6mo__lag054,0.557994,0.387377,0.560576,0.52895203
m__uempmean_uempmean__lag004,0.978056,0.189466,0.351049,0.52865394
d__dgs6mo_dgs6mo__lag060,0.557994,0.385989,0.561428,0.52865268
q__bopbca_bopbca__lag004,0.818182,0.166427,0.47876,0.52788065
m__awhman_awhman__lag003,1.0,0.031783,0.49604,0.5278234
q__bogz1fl543061165q_life_insurance_ts__lag008,0.984326,0.120862,0.414821,0.52728697
d__dgs3mo_dgs3mo__lag047,0.557994,0.377694,0.567085,0.52718107
d__dgs3mo_dgs3mo__lag049,0.557994,0.377317,0.567291,0.52708505
d__dgs3mo_dgs3mo__lag048,0.557994,0.377433,0.567083,0.52703427
q__bopbca_bopbca__lag003,0.821317,0.159866,0.481581,0.52683147
m__baaffm_baaff__lag009,0.893417,0.12475,0.464508,0.5264533
q__b093rc1q027sbea_gov_int_row__lag008,0.968652,0.19777,0.345688,0.52642221
q__ad02rc1q027sbea_gov_netlending__lag001,0.833856,0.521734,0.109363,0.52624372
d__dgs6mo_dgs6mo__lag061,0.557994,0.38429,0.55809,0.52584226
d__dgs3mo_dgs3mo__lag050,0.557994,0.375758,0.565799,0.52538277
m__mich_mich__lag008,0.598746,0.113872,0.762967,0.52500411
d__dgs6mo_dgs6mo__lag063,0.557994,0.382526,0.557621,0.524596
q__rrvrusq156n_rental_vacancy__lag008,0.855799,0.011658,0.601314,0.52458084
d__dgs6mo_dgs6mo__lag062,0.557994,0.382469,0.557322,0.5243972
q__rrvrusq156n_rental_vacancy__lag003,0.871473,0.011078,0.590634,0.52437644
m__unrate_unrate__lag010,0.971787,0.334277,0.205228,0.52428456
d__dgs6mo_dgs6mo__lag064,0.557994,0.381815,0.557257,0.5239962
d__dgs6mo_dgs6mo__lag066,0.557994,0.37858,0.55929,0.52332548
d__dgs6mo_dgs6mo__lag065,0.557994,0.380025,0.557836,0.52332098
q__bogz1fl543061175q_life_insurance_ts__lag005,0.99373,0.159442,0.367155,0.52329555
d__dgs6mo_dgs6mo__lag082,0.557994,0.377359,0.560433,0.52328177
d__dgs6mo_dgs6mo__lag078,0.557994,0.378364,0.559307,0.5232146
d__dgs6mo_dgs6mo__lag083,0.557994,0.377191,0.560297,0.5231125
d__dgs3mo_dgs3mo__lag053,0.557994,0.374133,0.563259,0.52305856
d__dgs6mo_dgs6mo__lag077,0.557994,0.3776,0.559564,0.52293157
q__rrvrusq156n_rental_vacancy__lag005,0.865204,0.017002,0.587392,0.52292318
d__dgs6mo_dgs6mo__lag089,0.557994,0.375861,0.561153,0.52284774
d__dgs6mo_dgs6mo__lag085,0.557994,0.376075,0.560899,0.52282553
d__dgs6mo_dgs6mo__lag074,0.557994,0.378565,0.558381,0.52280994
d__dgs3mo_dgs3mo__lag052,0.557994,0.373884,0.562866,0.52270089
d__dgs6mo_dgs6mo__lag087,0.557994,0.375173,0.561348,0.52257281
d__dgs6mo_dgs6mo__lag088,0.557994,0.3748,0.561601,0.52250603
d__dgs6mo_dgs6mo__lag075,0.557994,0.377706,0.55861,0.52245822
d__dgs6mo_dgs6mo__lag080,0.557994,0.377105,0.559077,0.52238366
d__dgs6mo_dgs6mo__lag081,0.557994,0.377652,0.558222,0.52221205
m__mich_mich__lag002,0.605016,0.109713,0.753299,0.52213604
m__mich_mich__lag005,0.601881,0.125226,0.742225,0.52210223
d__dgs3mo_dgs3mo__lag051,0.557994,0.373685,0.561981,0.52209539
d__dgs6mo_dgs6mo__lag084,0.557994,0.375376,0.560213,0.52205278
d__dgs6mo_dgs6mo__lag086,0.557994,0.374231,0.561037,0.52187353
d__dgs6mo_dgs6mo__lag069,0.557994,0.376262,0.558937,0.52183512
d__dgs6mo_dgs6mo__lag067,0.557994,0.377491,0.557685,0.5218224
d__dgs6mo_dgs6mo__lag076,0.557994,0.376515,0.558567,0.52177017
d__dgs6mo_dgs6mo__lag090,0.557994,0.377033,0.558016,0.52175186
d__dgs6mo_dgs6mo__lag071,0.557994,0.378189,0.556757,0.52169419
q__bogz1lm543061115q_li_bills__lag002,1.0,0.200805,0.320873,0.52167766
d__dgs6mo_dgs6mo__lag073,0.557994,0.377359,0.557556,0.52167673
d__dgs6mo_dgs6mo__lag068,0.557994,0.376719,0.558138,0.52164414
d__dgs6mo_dgs6mo__lag070,0.557994,0.376496,0.558165,0.52153498
d__dgs6mo_dgs6mo__lag072,0.557994,0.377068,0.557515,0.52149165
d__dgs3mo_dgs3mo__lag059,0.557994,0.37044,0.563796,0.5212976
d__dgs3mo_dgs3mo__lag057,0.557994,0.370854,0.563125,0.52115427
d__dgs6mo_dgs6mo__lag079,0.557994,0.375889,0.558013,0.52111144
d__dgs3mo_dgs3mo__lag058,0.557994,0.369887,0.563427,0.52078313
d__dgs3mo_dgs3mo__lag054,0.557994,0.372619,0.560652,0.52075932
d__dgs3mo_dgs3mo__lag060,0.557994,0.372363,0.560751,0.52067187
q__bogz1fl313024000q_tres_oper_cash__lag003,1.0,0.361962,0.158562,0.52052325
d__dgs3mo_dgs3mo__lag055,0.557994,0.371394,0.561254,0.52041213
d__dgs3mo_dgs3mo__lag056,0.557994,0.37172,0.560439,0.5201393
q__rrvrusq156n_rental_vacancy__lag006,0.862069,0.00016,0.602914,0.51989143
q__gdpc1_real_gdp__lag008,0.968652,0.110864,0.425691,0.5197352
q__gdpc1_real_gdp__lag007,0.971787,0.109378,0.425364,0.51965526
m__baaffm_baaff__lag004,0.896552,0.174182,0.405012,0.51927749
q__bopbca_bopbca__lag005,0.815047,0.156992,0.479381,0.51867363
d__dgs3mo_dgs3mo__lag061,0.557994,0.370922,0.556606,0.51755483
q__bogz1fl673061103q_abs_issuers_ts__lag006,0.990596,0.208049,0.31402,0.5171584
q__expgs_exports__lag008,0.968652,0.154485,0.378831,0.51659827
d__dgs3mo_dgs3mo__lag062,0.557994,0.369904,0.555351,0.51628614
d__dgs3mo_dgs3mo__lag063,0.557994,0.369233,0.555186,0.51582033
d__dgs3mo_dgs3mo__lag064,0.557994,0.367646,0.554372,0.51448008
q__bogz1fl673061103q_abs_issuers_ts__lag007,0.987461,0.208339,0.31264,0.51444604
q__bogz1lm903061103q_instrument_discrepancies_ts__lag003,1.0,0.405534,0.10868,0.51421382
d__dgs3mo_dgs3mo__lag071,0.557994,0.366182,0.554853,0.51393172
q__ophnfb_nflabor_productivity__lag004,0.981191,0.130441,0.393296,0.51388665
d__dgs3mo_dgs3mo__lag068,0.557994,0.364336,0.556336,0.51372905
d__dgs3mo_dgs3mo__lag069,0.557994,0.363621,0.556976,0.51368723
q__na000283q_gov_current_exp__lag001,0.990596,0.267332,0.251105,0.51356162
d__dgs3mo_dgs3mo__lag066,0.557994,0.364432,0.555877,0.51352682
d__dgs3mo_dgs3mo__lag070,0.557994,0.363702,0.556602,0.51352415
d__dgs3mo_dgs3mo__lag077,0.557994,0.366134,0.554078,0.5134725
d__dgs3mo_dgs3mo__lag067,0.557994,0.36391,0.555969,0.51328695
q__fgexpnd_fgexpnd__lag001,0.990596,0.266681,0.251248,0.51305807
d__dgs3mo_dgs3mo__lag078,0.557994,0.365712,0.553507,0.51291855
d__dgs3mo_dgs3mo__lag073,0.557994,0.364577,0.55447,0.51282279
d__dgs3mo_dgs3mo__lag065,0.557994,0.36577,0.552919,0.51262293
d__dgs3mo_dgs3mo__lag082,0.557994,0.364554,0.554117,0.51261284
d__dgs3mo_dgs3mo__lag072,0.557994,0.365061,0.553336,0.51245959
d__dgs3mo_dgs3mo__lag080,0.557994,0.363998,0.554069,0.51227565
q__ib0000043q086sbea_imp_ind_pi__lag006,0.721003,0.154336,0.555966,0.51212966
d__dgs3mo_dgs3mo__lag079,0.557994,0.363674,0.553578,0.51182094
d__dgs3mo_dgs3mo__lag074,0.557994,0.365668,0.551213,0.51161429
d__dgs3mo_dgs3mo__lag075,0.557994,0.364743,0.552057,0.51156818
d__dgs3mo_dgs3mo__lag081,0.557994,0.363976,0.552425,0.51134593
d__dgs3mo_dgs3mo__lag083,0.557994,0.363508,0.552883,0.5113409
q__bogz1fl263061130q_row_gov_tsy__lag002,1.0,0.194654,0.316494,0.51114865
d__dgs3mo_dgs3mo__lag076,0.557994,0.36383,0.551903,0.51097304
d__dexchus_dexchus__lag017,0.567398,0.229066,0.670352,0.51032822
d__dexchus_dexchus__lag016,0.567398,0.228159,0.670926,0.5101392
d__dgs3mo_dgs3mo__lag084,0.557994,0.362053,0.551769,0.50990677
d__dexchus_dexchus__lag015,0.567398,0.227672,0.670996,0.50990266
d__dgs3mo_dgs3mo__lag085,0.557994,0.361534,0.552075,0.50978778
d__dgs3mo_dgs3mo__lag088,0.557994,0.36023,0.553345,0.50976946
q__gdpc1_real_gdp__lag006,0.974922,0.096334,0.426327,0.50955359
d__dexchus_dexchus__lag001,0.567398,0.22901,0.668295,0.50912955
q__bogz1fl673061103q_abs_issuers_ts__lag005,0.99373,0.198905,0.313389,0.50908208
q__tgdef_net_gov_sav__lag003,0.984326,0.437201,0.079914,0.50900974
d__dexchus_dexchus__lag004,0.567398,0.228536,0.668536,0.50899663
d__dexchus_dexchus__lag025,0.567398,0.226646,0.67031,0.50893101
d__dexchus_dexchus__lag020,0.567398,0.226239,0.670707,0.50892576
d__dgs3mo_dgs3mo__lag087,0.557994,0.359427,0.552407,0.5087974
d__dexchus_dexchus__lag003,0.567398,0.22868,0.668013,0.50878182
d__dexchus_dexchus__lag021,0.567398,0.226066,0.670604,0.50876869
q__bogz1lm263061110q_row_bills_raw__lag002,1.0,0.227372,0.281319,0.50869139
q__bogz1lm263061110q_row_bills__lag002,1.0,0.227372,0.281319,0.50869139
d__dexchus_dexchus__lag018,0.567398,0.226092,0.670426,0.5086825
d__dgs3mo_dgs3mo__lag086,0.557994,0.358943,0.552341,0.50849043
d__dexchus_dexchus__lag022,0.567398,0.225571,0.670504,0.50843115
q__bogz1lm223061143q_state_local_db_retirement_ts__lag008,0.984326,0.162508,0.353987,0.5083992
d__dexchus_dexchus__lag023,0.567398,0.225673,0.670171,0.50830031
d__dexchus_dexchus__lag002,0.567398,0.227222,0.668471,0.50821464
d__dexchus_dexchus__lag005,0.567398,0.227114,0.668495,0.50816656
d__dexchus_dexchus__lag031,0.567398,0.223962,0.671466,0.5080639
d__dexchus_dexchus__lag024,0.567398,0.225199,0.670119,0.50800173
d__dexchus_dexchus__lag019,0.567398,0.22429,0.670415,0.50765386
d__dexchus_dexchus__lag026,0.567398,0.22408,0.670419,0.50753693
d__dexchus_dexchus__lag032,0.567398,0.223986,0.670434,0.50749174
d__dexchus_dexchus__lag030,0.567398,0.223764,0.670602,0.50746168
d__dgs3mo_dgs3mo__lag089,0.557994,0.358908,0.550244,0.50730097
d__dexchus_dexchus__lag029,0.567398,0.223361,0.670613,0.5072392
q__impgs_imports__lag008,0.968652,0.131209,0.392312,0.50710997
d__dexchus_dexchus__lag027,0.567398,0.222866,0.670723,0.50702037
d__dexchus_dexchus__lag010,0.567398,0.224037,0.669204,0.50682297
d__dexchus_dexchus__lag028,0.567398,0.222231,0.670586,0.50658278
d__dexchus_dexchus__lag033,0.567398,0.222989,0.669824,0.50658047
d__dgs3mo_dgs3mo__lag090,0.557994,0.358903,0.548954,0.50657863
d__dexchus_dexchus__lag035,0.567398,0.222418,0.669906,0.50630333
d__dexchus_dexchus__lag006,0.567398,0.224086,0.668149,0.50625233
d__dexchus_dexchus__lag008,0.567398,0.223814,0.668372,0.50622456
q__cbi_cbi__lag004,0.981191,0.346254,0.169658,0.50620768
m__popthm_popthm__lag012,0.833856,0.127176,0.479832,0.50615719
d__dexchus_dexchus__lag014,0.567398,0.223119,0.668886,0.50612161
m__popthm_popthm__lag009,0.836991,0.123303,0.481261,0.50601444
d__dexchus_dexchus__lag034,0.567398,0.222101,0.669679,0.50599427
d__dexchus_dexchus__lag011,0.567398,0.222483,0.669105,0.50588524
d__dexchus_dexchus__lag044,0.567398,0.221884,0.669684,0.50587411
d__dexchus_dexchus__lag009,0.567398,0.222294,0.669179,0.50581965
d__dexchus_dexchus__lag036,0.567398,0.221922,0.669407,0.50573865
d__dexchus_dexchus__lag013,0.567398,0.221695,0.669298,0.50554758
d__dexchus_dexchus__lag012,0.567398,0.221477,0.669366,0.5054627
m__popthm_popthm__lag011,0.833856,0.125828,0.480326,0.50544485
d__dexchus_dexchus__lag007,0.567398,0.222253,0.668463,0.50539046
d__dexchus_dexchus__lag045,0.567398,0.220545,0.669618,0.50507728
m__popthm_popthm__lag006,0.840125,0.118583,0.482565,0.5050393
m__popthm_popthm__lag008,0.836991,0.121611,0.481693,0.50495949
m__popthm_popthm__lag010,0.833856,0.124655,0.480797,0.50485988
m__popthm_popthm__lag003,0.84326,0.114708,0.483785,0.50468519
d__dexchus_dexchus__lag037,0.567398,0.219165,0.670283,0.50467155
q__rhvrusq156n_owner_vacancy__lag006,0.862069,0.086018,0.499401,0.5046714
d__dexchus_dexchus__lag043,0.567398,0.219523,0.669439,0.50439549
d__dexchus_dexchus__lag041,0.567398,0.218973,0.669862,0.50432285
m__popthm_popthm__lag005,0.840125,0.117145,0.482981,0.50418123
d__dexchus_dexchus__lag046,0.567398,0.219021,0.669425,0.50410291
m__popthm_popthm__lag007,0.836991,0.120073,0.482113,0.50402401
d__dexchus_dexchus__lag042,0.567398,0.218685,0.669579,0.50399935
m__baaffm_baaff__lag008,0.893417,0.136223,0.427897,0.50399481
d__dexchus_dexchus__lag040,0.567398,0.218317,0.669869,0.50395482
q__b093rc1q027sbea_gov_int_row__lag007,0.971787,0.174975,0.343596,0.50394104
d__dexchus_dexchus__lag047,0.567398,0.218075,0.669894,0.50383206
m__popthm_popthm__lag002,0.84326,0.113309,0.484158,0.50381961
m__popthm_popthm__lag004,0.840125,0.11589,0.483375,0.50345766
d__dexchus_dexchus__lag038,0.567398,0.216914,0.670351,0.50343262
d__dexchus_dexchus__lag039,0.567398,0.216624,0.67034,0.50326194
q__bogz1fa713061103q_cb_tsy_tx__lag001,0.99373,0.413798,0.092319,0.50294443
m__popthm_popthm__lag001,0.84326,0.111681,0.484507,0.50274162
d__dexchus_dexchus__lag048,0.567398,0.21624,0.669775,0.50272298
q__netfi_netfi__lag003,0.984326,0.223468,0.287248,0.50271066
q__bogz1fl673061103q_abs_issuers_ts__lag008,0.984326,0.196699,0.313931,0.50262619
m__tcu_tcu__lag007,0.736677,0.408412,0.273447,0.50231029
q__bogz1fl713123030q_tga__lag003,1.0,0.335015,0.166959,0.50197385
q__bogz1fl713123030q_tga_z1__lag003,1.0,0.335015,0.166959,0.50197385
d__dexchus_dexchus__lag051,0.567398,0.215235,0.669191,0.50182174
d__dexchus_dexchus__lag049,0.567398,0.215034,0.669216,0.50172217
d__dexchus_dexchus__lag052,0.567398,0.215147,0.668977,0.50165042
d__dexchus_dexchus__lag057,0.567398,0.214297,0.668585,0.50094579
d__dexchus_dexchus__lag055,0.567398,0.213927,0.668818,0.50086777
q__bogz1fl712051000q_fed_rrp__lag006,0.990596,0.39086,0.114719,0.50082426
m__dspic96_real_dpi__lag004,0.840125,0.201597,0.393861,0.50025943
d__dexchus_dexchus__lag050,0.567398,0.212812,0.668793,0.50022111
d__dexchus_dexchus__lag054,0.567398,0.211976,0.669004,0.49986664
d__dexchus_dexchus__lag053,0.567398,0.212042,0.668617,0.49968424
q__bogz1lm263061110q_row_bills_raw__lag001,1.0,0.220135,0.279503,0.49963745
q__bogz1lm263061110q_row_bills__lag001,1.0,0.220135,0.279503,0.49963745
q__expgs_exports__lag007,0.971787,0.133581,0.380495,0.4995724
q__bogz1lm903061103q_instrument_discrepancies_ts__lag002,1.0,0.436532,0.062225,0.49875761
d__dexchus_dexchus__lag056,0.567398,0.210323,0.668106,0.49841898
d__dexchus_dexchus__lag058,0.567398,0.209041,0.668997,0.49819703
q__bogz1fa633061105q_money_market_funds_ts_tx__lag002,0.990596,0.357364,0.145556,0.49819034
q__bopbca_bopbca__lag006,0.811912,0.129003,0.482148,0.4962008
d__dexchus_dexchus__lag062,0.567398,0.206626,0.667598,0.49603265
q__bogz1fl884135005q_dom_loan_l__lag008,0.984326,0.119003,0.38491,0.49601416
d__dexchus_dexchus__lag060,0.567398,0.205543,0.668189,0.49575352
d__dexchus_dexchus__lag070,0.567398,0.205176,0.668418,0.49567558
m__mcumfn_caputil_man__lag009,0.673981,0.448019,0.287274,0.49557331
d__dexchus_dexchus__lag072,0.567398,0.205471,0.667829,0.49550911
d__dexchus_dexchus__lag059,0.567398,0.205177,0.668107,0.49549989
d__dexchus_dexchus__lag083,0.567398,0.203308,0.669359,0.49514914
d__dexchus_dexchus__lag061,0.567398,0.20469,0.667929,0.4951222
d__dexchus_dexchus__lag063,0.567398,0.204711,0.667892,0.49511306
d__dexchus_dexchus__lag069,0.567398,0.203451,0.668775,0.49489941
d__dexchus_dexchus__lag071,0.567398,0.203506,0.668491,0.49476926
d__dexchus_dexchus__lag084,0.567398,0.202256,0.669587,0.49468175
d__dexchus_dexchus__lag082,0.567398,0.202657,0.669094,0.49462966
d__dexchus_dexchus__lag066,0.567398,0.20257,0.668445,0.49421222
d__dexchus_dexchus__lag067,0.567398,0.202201,0.668682,0.49413756
q__gdpc1_real_gdp__lag005,0.978056,0.07995,0.42523,0.49409492
d__dexchus_dexchus__lag074,0.567398,0.202772,0.66795,0.49404632
d__dexchus_dexchus__lag068,0.567398,0.202316,0.668387,0.49403554
d__dexchus_dexchus__lag064,0.567398,0.202362,0.667549,0.49358631
d__dexchus_dexchus__lag073,0.567398,0.202164,0.667711,0.49356548
d__dexchus_dexchus__lag065,0.567398,0.201416,0.668405,0.49353481
q__a091rc1q027sbea_gov_interest_payments__lag008,0.968652,0.124364,0.384978,0.49337446
q__a091rc1q027sbea_fedgov_int__lag008,0.968652,0.124364,0.384978,0.49337446
d__dexchus_dexchus__lag081,0.567398,0.20023,0.668858,0.49311864
m__baaffm_baaff__lag005,0.896552,0.141436,0.408185,0.49276363
d__dexchus_dexchus__lag075,0.567398,0.199444,0.667794,0.49206933
d__dexchus_dexchus__lag076,0.567398,0.199113,0.667851,0.4919136
d__dexchus_dexchus__lag086,0.567398,0.196885,0.669828,0.49177151
q__bogz1fl673061103q_abs_issuers_ts__lag004,0.996865,0.178355,0.314841,0.49164968
d__dexchus_dexchus__lag085,0.567398,0.196843,0.669524,0.49157473
d__dexchus_dexchus__lag077,0.567398,0.198085,0.668101,0.49147207
d__dexchus_dexchus__lag079,0.567398,0.197327,0.668793,0.4914349
d__dexchus_dexchus__lag080,0.567398,0.196614,0.669075,0.49119059
d__dexchus_dexchus__lag078,0.567398,0.197202,0.668372,0.49112527
q__bogz1fa313161105q_tsy_net_tx__lag004,0.984326,0.459146,0.039456,0.49078662
q__psave_psave__lag004,0.981191,0.379903,0.120194,0.49069083
d__dexchus_dexchus__lag087,0.567398,0.195144,0.66905,0.49034238
m__cpiulfsl_cpiulfsl__lag012,0.984326,0.045758,0.452035,0.48999123
d__dexchus_dexchus__lag089,0.567398,0.190732,0.671555,0.48925987
m__dspic96_real_dpi__lag006,0.840125,0.189659,0.39262,0.48918747
d__dexchus_dexchus__lag088,0.567398,0.193279,0.66856,0.48900568
q__rowcbaq027s_row_corpbonds_flow__lag008,0.971787,0.259436,0.243391,0.48864097
m__tcu_tcu__lag006,0.739812,0.393034,0.267147,0.48840962
q__netfi_netfi__lag008,0.968652,0.126187,0.377836,0.4882232
q__bogz1lm403061105q_gses_ts__lag001,1.0,0.365542,0.122293,0.48783516
q__bogz1lm403061105q_gse_tsy__lag001,1.0,0.365542,0.122293,0.48783516
q__bogz1fl343061123q_fed_gov_dcg_retirement_ts__lag001,1.0,0.296644,0.190835,0.48747921
q__bogz1fl263061130q_row_gov_tsy__lag003,1.0,0.179118,0.30774,0.48685739
m__baaffm_baaff__lag010,0.890282,0.09971,0.446102,0.48592723
q__bogz1fa713061103q_cb_tsy_tx__lag005,0.981191,0.298392,0.196661,0.48574178
q__bogz1lm223061143q_state_local_db_retirement_ts__lag007,0.987461,0.141862,0.349972,0.48566643
m__cpiulfsl_cpiulfsl__lag011,0.984326,0.043568,0.449718,0.48555441
q__bogz1fl884035005q_dom_loan_a__lag008,0.984326,0.117089,0.375235,0.48460805
q__na000283q_gov_current_exp__lag002,0.987461,0.249462,0.241152,0.48446175
m__tcu_tcu__lag005,0.739812,0.403955,0.250721,0.48433747
q__bogz1fa713061113q_cb_bills_tx__lag005,0.981191,0.333752,0.158745,0.48323411
q__fgexpnd_fgexpnd__lag002,0.987461,0.24787,0.241001,0.48274011
m__cpiaucsl_cpiaucsl__lag012,0.984326,0.045077,0.44491,0.48230702
q__bogz1fl543061175q_life_insurance_ts__lag006,0.990596,0.116223,0.37053,0.48217529
q__bogz1fl884135005q_dom_loan_l__lag007,0.987461,0.104287,0.383293,0.48146611
q__ad02rc1q027sbea_gov_netlending__lag002,0.830721,0.508543,0.069495,0.48018843
q__ophnfb_nflabor_productivity__lag005,0.978056,0.101109,0.389522,0.47986466
m__dspic96_real_dpi__lag009,0.836991,0.18726,0.385924,0.47974965
d__dexchus_dexchus__lag090,0.564263,0.190611,0.658369,0.47904808
d__t10y2y_t10y2y__lag012,0.626959,0.27214,0.491877,0.4790079
m__cpiulfsl_cpiulfsl__lag010,0.984326,0.039196,0.44635,0.4779354
m__cpiaucsl_cpiaucsl__lag011,0.984326,0.042879,0.44257,0.47784017
q__cbi_cbi__lag005,0.978056,0.305542,0.183015,0.4778367
d__t10y2y_t10y2y__lag011,0.626959,0.271908,0.489606,0.47743799
m__uempmean_uempmean__lag005,0.978056,0.146193,0.341688,0.47717462
q__gce_gce__lag005,0.978056,0.111831,0.375424,0.47656236
q__bogz1lm223061143q_state_local_db_retirement_ts__lag006,0.990596,0.140645,0.340202,0.47632425
q__expgs_exports__lag006,0.974922,0.107521,0.380779,0.47605509
q__fgdef_fgdef__lag003,0.984326,0.372856,0.110475,0.47575574
q__gce_gce__lag004,0.981191,0.111671,0.372516,0.4750801
q__bogz1fa713061113q_cb_bills_tx__lag004,0.984326,0.344674,0.137738,0.47485018
q__gce_gce__lag006,0.974922,0.108293,0.378436,0.47452275
q__bogz1fl884035005q_dom_loan_a__lag007,0.987461,0.106903,0.373283,0.47416507
m__ces3000000008_wage_man__lag012,1.0,0.066253,0.407805,0.4740584
d__t10y2y_t10y2y__lag018,0.626959,0.266239,0.48986,0.47404378
m__dspic96_real_dpi__lag003,0.84326,0.17141,0.390611,0.47393047
d__t10y2y_t10y2y__lag014,0.626959,0.27136,0.484524,0.47390879
q__tgdef_net_gov_sav__lag004,0.981191,0.387042,0.095631,0.47359478
d__t10y2y_t10y2y__lag017,0.626959,0.268887,0.486384,0.47352422
q__gce_gce__lag008,0.968652,0.105769,0.382995,0.47344246
q__bogz1fa633061110q_mmf_bills_tx__lag002,0.990596,0.341745,0.13593,0.47318274
m__usalolitoaastsam_oecd_leading_indicator_us__lag009,0.887147,0.418523,0.114782,0.47312007
d__t10y2y_t10y2y__lag010,0.626959,0.2719,0.482592,0.47303586
d__t10y2y_t10y2y__lag013,0.626959,0.269035,0.484764,0.47260127
q__gce_gce__lag007,0.971787,0.105489,0.380714,0.47248593
d__t10y2y_t10y2y__lag015,0.626959,0.268983,0.484521,0.47241652
m__cpiulfsl_cpiulfsl__lag009,0.987461,0.034971,0.443267,0.47224219
m__dspic96_real_dpi__lag001,0.84326,0.171768,0.388236,0.47222903
m__ces3000000008_wage_man__lag011,1.0,0.066642,0.405411,0.47205274
q__bogz1lm263061110q_row_bills_raw__lag003,1.0,0.20249,0.268926,0.47141657
q__bogz1lm263061110q_row_bills__lag003,1.0,0.20249,0.268926,0.47141657
q__impgs_imports__lag007,0.971787,0.094093,0.390951,0.47135854
d__t10y2y_t10y2y__lag019,0.626959,0.263367,0.488374,0.47131154
d__t10y2y_t10y2y__lag016,0.626959,0.269143,0.482472,0.47123177
d__t10y2y_t10y2y__lag020,0.626959,0.26828,0.482968,0.47100229
d__t10y2y_t10y2y__lag009,0.626959,0.273369,0.477829,0.47097043
m__cpiaucsl_cpiaucsl__lag010,0.984326,0.038823,0.439258,0.47058803
q__bogz1fa763061100q_usb_tsy_oth_tx__lag003,0.987461,0.319505,0.156663,0.4701967
d__t10y2y_t10y2y__lag007,0.626959,0.273276,0.47574,0.46960249
d__t10y2y_t10y2y__lag008,0.626959,0.273923,0.474547,0.46926065
m__tcu_tcu__lag010,0.733542,0.384041,0.255501,0.46913104
q__gce_gce__lag003,0.984326,0.106729,0.369824,0.46908381
q__bogz1fl884135005q_dom_loan_l__lag006,0.990596,0.092351,0.380851,0.46875188
m__ces3000000008_wage_man__lag010,1.0,0.063982,0.403712,0.46769373
q__bogz1fa763061100q_usb_tsy_oth_tx__lag002,0.990596,0.364408,0.107105,0.46707955
q__b093rc1q027sbea_gov_int_row__lag006,0.974922,0.138529,0.340447,0.46696357
q__gdpc1_real_gdp__lag004,0.981191,0.050121,0.425084,0.46626746
m__cpiulfsl_cpiulfsl__lag008,0.987461,0.031654,0.440413,0.46614709
d__t10y2y_t10y2y__lag003,0.626959,0.272909,0.470047,0.46580283
m__cpiaucsl_cpiaucsl__lag009,0.987461,0.035245,0.436375,0.4657062
m__ces3000000008_wage_man__lag009,1.0,0.063356,0.402043,0.46539869
q__gce_gce__lag002,0.987461,0.103717,0.367589,0.46539609
q__bopbca_bopbca__lag007,0.808777,0.092397,0.482857,0.46525278
m__tcu_tcu__lag004,0.739812,0.370954,0.257913,0.46524265
d__t10y2y_t10y2y__lag006,0.626959,0.271803,0.469382,0.46469289
q__bogz1fl704035005q_usb_loan_a__lag008,0.984326,0.148563,0.323336,0.46450194
q__bogz1fl884035005q_dom_loan_a__lag006,0.990596,0.097539,0.370828,0.46396167
d__t10y2y_t10y2y__lag004,0.626959,0.270589,0.468634,0.4634627
d__t10y2y_t10y2y__lag005,0.626959,0.267422,0.471599,0.46333643
d__t10y2y_t10y2y__lag021,0.626959,0.264166,0.474826,0.46331759
m__ces3000000008_wage_man__lag008,1.0,0.063563,0.39964,0.46320322
q__bogz1lm903061103q_instrument_discrepancies_ts__lag001,1.0,0.403847,0.058819,0.46266689
q__bogz1fr543061175q_life_insurance_ts_reval__lag008,0.971787,0.320603,0.155475,0.46264654
q__rhvrusq156n_owner_vacancy__lag005,0.865204,0.061298,0.473336,0.46256679
m__cpiulfsl_cpiulfsl__lag007,0.987461,0.03089,0.437179,0.46219973
q__gdpc1_real_gdp__lag003,0.984326,0.043059,0.426268,0.46197017
q__bogz1fl543061175q_life_insurance_ts__lag007,0.987461,0.096304,0.371254,0.46169527
d__t10y2y_t10y2y__lag025,0.626959,0.261756,0.474302,0.46147792
m__mcumfn_caputil_man__lag008,0.673981,0.416504,0.267356,0.46090842
m__dspic96_real_dpi__lag008,0.836991,0.152795,0.397814,0.46085452
q__ophnfb_nflabor_productivity__lag006,0.974922,0.082253,0.390221,0.46062568
q__bogz1fl884135005q_dom_loan_l__lag005,0.99373,0.084099,0.379187,0.46038128
d__t10y2y_t10y2y__lag022,0.626959,0.258809,0.475344,0.46028406
m__cpiulfsl_cpiulfsl__lag006,0.990596,0.029378,0.435051,0.46006126
d__t10y2y_t10y2y__lag002,0.626959,0.273474,0.460198,0.45998275
m__cpiaucsl_cpiaucsl__lag008,0.987461,0.03211,0.433619,0.4598891
d__t10y2y_t10y2y__lag024,0.626959,0.259702,0.473792,0.4598707
m__dspic96_real_dpi__lag007,0.836991,0.161817,0.387278,0.45958726
q__gce_gce__lag001,0.990596,0.099527,0.364305,0.45946977
q__iatashcbsnncb_nfcb_hc_inventories__lag007,0.987461,0.10206,0.362733,0.45896471
q__bogz1fl263061130q_row_gov_tsy__lag004,0.996865,0.160416,0.299797,0.45877032
q__bogz1fl884035005q_dom_loan_a__lag005,0.99373,0.091968,0.369506,0.45858048
q__gdpc1_real_gdp__lag001,0.990596,0.040989,0.421553,0.45819164
d__t10y2y_t10y2y__lag027,0.626959,0.26039,0.470082,0.45797585
m__cpiulfsl_cpiulfsl__lag005,0.990596,0.0291,0.432747,0.45750373
d__t10y2y_t10y2y__lag001,0.626959,0.275771,0.453551,0.45725528
d__t10y2y_t10y2y__lag026,0.626959,0.257828,0.470422,0.4565835
m__cpiulfsl_cpiulfsl__lag004,0.990596,0.030872,0.429985,0.45652291
d__t10y2y_t10y2y__lag023,0.626959,0.254419,0.473111,0.4561318
m__ces3000000008_wage_man__lag007,1.0,0.059012,0.39711,0.45612104
m__cpiaucsl_cpiaucsl__lag007,0.987461,0.031337,0.43053,0.45607591
m__cpiulfsl_cpiulfsl__lag003,0.99373,0.030794,0.428024,0.45594206
d__t10y2y_t10y2y__lag028,0.626959,0.261408,0.465338,0.45564001
d__t10y2y_t10y2y__lag030,0.626959,0.254586,0.471451,0.45519572
m__ces3000000008_wage_man__lag006,1.0,0.059598,0.395303,0.45490113
q__bogz1fl704035005q_usb_loan_a__lag007,0.987461,0.137999,0.322444,0.4546693
q__bogz1fl713061113q_cb_bills_raw__lag008,0.984326,0.332961,0.128749,0.45447343
q__bogz1fl713061113q_cb_bills__lag008,0.984326,0.332961,0.128749,0.45447343
d__t10y2y_t10y2y__lag029,0.626959,0.255331,0.469057,0.45416137
q__pcesv_pcesv__lag008,0.968652,0.108052,0.360524,0.45388721
m__ces3000000008_wage_man__lag005,1.0,0.060182,0.393532,0.453714
m__cpiaucsl_cpiaucsl__lag006,0.990596,0.02958,0.428298,0.45357136
q__bogz1fa343061113q_fed_gov_dcf_retirement_ts_tx__lag002,0.990596,0.300153,0.157619,0.45346675
q__bogz1fa403061105q_gses_ts_tx__lag004,0.984326,0.405737,0.054534,0.45305697
q__iatashcbsnncb_nfcb_hc_inventories__lag008,0.984326,0.095097,0.365054,0.45293865
m__dspic96_real_dpi__lag005,0.840125,0.137599,0.401445,0.45286443
m__cpiulfsl_cpiulfsl__lag002,0.99373,0.03032,0.425196,0.45266043
q__bogz1fa633061105q_money_market_funds_ts_tx__lag004,0.984326,0.436182,0.023362,0.45234075
q__bogz1fl673061103q_abs_issuers_ts__lag003,1.0,0.139586,0.31221,0.45179643
q__bogz1lm543061115q_li_bills__lag004,0.996865,0.151515,0.301635,0.45172884
q__a091rc1q027sbea_gov_interest_payments__lag007,0.971787,0.093966,0.370672,0.45152896
q__a091rc1q027sbea_fedgov_int__lag007,0.971787,0.093966,0.370672,0.45152896
m__dspic96_real_dpi__lag012,0.833856,0.162447,0.378854,0.4513671
m__cpiulfsl_cpiulfsl__lag001,0.99373,0.032518,0.421177,0.45085013
m__cpiaucsl_cpiaucsl__lag005,0.990596,0.029051,0.425982,0.45075373
m__tcu_tcu__lag003,0.742947,0.366316,0.240181,0.45059454
q__bogz1lm403061105q_gses_ts__lag002,1.0,0.352258,0.098169,0.45042707
q__bogz1lm403061105q_gse_tsy__lag002,1.0,0.352258,0.098169,0.45042707
q__bogz1fa713061113q_cb_bills_tx__lag006,0.978056,0.28404,0.17611,0.45005256
q__pcesv_pcesv__lag007,0.971787,0.10266,0.359992,0.44959947
m__cpiaucsl_cpiaucsl__lag004,0.990596,0.03058,0.423232,0.44954439
m__dspic96_real_dpi__lag002,0.84326,0.131558,0.401544,0.44954362
q__bogz1fa573061133q_private_dc_pension_ts_tx__lag001,0.99373,0.362404,0.089943,0.44951165
q__bogz1lm543061115q_li_bills__lag005,0.99373,0.157302,0.294843,0.44931084
q__bogz1fa763061100q_usb_tsy_oth_tx__lag001,0.99373,0.352436,0.099645,0.44924718
q__ophnfb_nflabor_productivity__lag007,0.971787,0.073409,0.388801,0.44916917
m__ltdacbm027nbog_ltd__lag012,0.658307,0.227406,0.454778,0.4490869
m__cpiaucsl_cpiaucsl__lag003,0.99373,0.030476,0.421178,0.44882192
m__tcu_tcu__lag002,0.742947,0.365203,0.238426,0.44846452
q__bogz1fl704035005q_usb_loan_a__lag006,0.990596,0.130708,0.32127,0.44772755
m__ces3000000008_wage_man__lag004,1.0,0.056438,0.391168,0.44760571
m__ces3000000008_wage_man__lag002,1.0,0.060526,0.386881,0.44740729
d__t10y2y_t10y2y__lag031,0.623824,0.254329,0.462729,0.44731816
m__dspic96_real_dpi__lag011,0.833856,0.142891,0.393216,0.44703583
m__ces3000000008_wage_man__lag003,1.0,0.05748,0.388855,0.44633533
q__rowcbaq027s_row_corpbonds_flow__lag004,0.984326,0.262588,0.190737,0.44622003
q__ttaatashcbshnncb_nfcb_hc_assets__lag007,0.987461,0.105474,0.345986,0.44579923
m__cpiaucsl_cpiaucsl__lag002,0.99373,0.029924,0.418391,0.44550366
q__bogz1fl543061175q_life_insurance_ts__lag008,0.984326,0.080734,0.371799,0.44543962
q__ttaatashcbshnncb_nfcb_hc_assets__lag006,0.990596,0.103134,0.345964,0.4448748
q__rowcbaq027s_row_corpbonds_flow__lag006,0.978056,0.237986,0.216585,0.44459649
q__bogz1fl884035005q_dom_loan_a__lag004,0.996865,0.080287,0.365605,0.44449407
d__t10y2y_t10y2y__lag032,0.623824,0.250671,0.461581,0.44432025
q__bogz1fl704035005q_usb_loan_a__lag005,0.99373,0.125358,0.321561,0.44411631
m__cpiaucsl_cpiaucsl__lag001,0.99373,0.032134,0.414568,0.44390196
q__mmmffaq027s_mmf_tfa__lag003,1.0,0.140835,0.302616,0.44345076
q__bogz1fl704035005q_usb_loan_a__lag004,0.996865,0.124294,0.320393,0.44329301
q__ttaatashcbshnncb_nfcb_hc_assets__lag008,0.984326,0.104044,0.346011,0.4430003
q__bogz1fl884135005q_dom_loan_l__lag004,0.996865,0.069191,0.37501,0.44280832
m__ces3000000008_wage_man__lag001,1.0,0.058036,0.384669,0.44270446
q__ophnfb_nflabor_productivity__lag008,0.968652,0.067827,0.388835,0.44234695
q__ttaatashcbshnncb_nfcb_hc_assets__lag005,0.99373,0.099203,0.345541,0.44195609
q__bogz1fa403061105q_gses_ts_tx__lag003,0.987461,0.422412,0.024863,0.44166666
q__bogz1lm903061103q_instrument_discrepancies_ts__lag004,0.996865,0.309102,0.1336,0.44131384
q__bogz1fr543061175q_life_insurance_ts_reval__lag005,0.981191,0.359275,0.09037,0.44118815
q__bogz1fr543061175q_life_insurance_ts_reval__lag003,0.987461,0.317137,0.129508,0.44104467
m__tcu_tcu__lag012,0.733542,0.38456,0.2163,0.4407558
d__t10y2y_t10y2y__lag037,0.623824,0.240567,0.465331,0.44035649
q__iatashcbsnncb_nfcb_hc_inventories__lag006,0.990596,0.08374,0.360435,0.43999751
q__mmmffaq027s_mmf_tfa__lag004,0.996865,0.134436,0.306925,0.43997793
q__bogz1fl263061130q_row_gov_tsy__lag005,0.99373,0.151686,0.29104,0.43995035
d__t10y2y_t10y2y__lag038,0.623824,0.237666,0.46749,0.43989327
q__bogz1fa105019005q_nfcb_gfi__lag008,0.971787,0.109567,0.342894,0.43969514
m__ces2000000008_wage_const__lag012,0.984326,0.079249,0.3672,0.43945114
q__rowcbaq027s_row_corpbonds_flow__lag005,0.981191,0.300209,0.147269,0.43906171
d__t10y2y_t10y2y__lag036,0.623824,0.244393,0.459177,0.43890427
m__umcsent_umcsent__lag005,0.918495,0.134117,0.343363,0.43856319
q__expgs_exports__lag005,0.978056,0.070762,0.377574,0.43849785
d__t10y2y_t10y2y__lag035,0.623824,0.249774,0.452935,0.43836717
m__pcepilfe_pcepilfe__lag012,0.833856,0.051841,0.473719,0.43824114
q__gdpc1_real_gdp__lag002,0.987461,0.023223,0.420529,0.43818744
d__t10y2y_t10y2y__lag039,0.623824,0.234218,0.468188,0.43817771
m__umcsent_umcsent__lag006,0.915361,0.147532,0.330815,0.4378604
q__bogz1lm263061110q_row_bills_raw__lag004,0.996865,0.165177,0.273902,0.43770256
q__bogz1lm263061110q_row_bills__lag004,0.996865,0.165177,0.273902,0.43770256
d__t10y2y_t10y2y__lag034,0.623824,0.248652,0.452815,0.43759198
q__pcesv_pcesv__lag006,0.974922,0.089572,0.35912,0.43743889
m__tcu_tcu__lag001,0.742947,0.318601,0.269825,0.43716952
q__pnfi_priv_nonres_fi__lag008,0.968652,0.113077,0.337641,0.43658964
q__a4102c1q027sbea_gdi_wages__lag008,0.968652,0.086969,0.363667,0.43650915
d__t10y2y_t10y2y__lag041,0.623824,0.233903,0.465709,0.43643495
m__ces2000000008_wage_const__lag011,0.984326,0.077878,0.364653,0.43559438
q__bogz1fa763061100q_usb_tsy_oth_tx__lag004,0.984326,0.292899,0.149622,0.43558521
q__bogz1fl264035005q_row_loans_a__lag008,0.984326,0.140765,0.301627,0.43545779
d__t10y2y_t10y2y__lag040,0.623824,0.232728,0.465265,0.43542495
q__bogz1fa313161110q_totalbills_z1_tx__lag002,0.990596,0.315027,0.124397,0.43529179
q__cbi_cbi__lag006,0.974922,0.226442,0.219856,0.43510552
m__pcepilfe_pcepilfe__lag011,0.833856,0.050368,0.47142,0.43509591
d__t10y2y_t10y2y__lag033,0.623824,0.247492,0.448676,0.43428647
q__ttaatashcbshnncb_nfcb_hc_assets__lag004,0.996865,0.090038,0.345052,0.43372622
m__civpart_civpart__lag001,0.981191,0.221159,0.220677,0.43352607
q__gdp_gdp__lag008,0.968652,0.087206,0.359817,0.43301011
q__bogz1fl313161305q_gov_nonmarketable_ts__lag001,1.0,0.089565,0.343406,0.4329711
m__civpart_civpart__lag004,0.978056,0.197857,0.244364,0.4325171
q__fgdef_fgdef__lag004,0.981191,0.344919,0.095189,0.43183071
m__civpart_civpart__lag009,0.974922,0.184894,0.258002,0.43178881
m__ces2000000008_wage_const__lag010,0.984326,0.075872,0.362719,0.43171636
d__t10y2y_t10y2y__lag042,0.623824,0.232641,0.458931,0.43141963
q__rhvrusq156n_owner_vacancy__lag004,0.868339,0.037244,0.459517,0.43135671
q__bogz1fl704035005q_usb_loan_a__lag003,1.0,0.110585,0.320652,0.43123637
m__baaffm_baaff__lag012,0.890282,0.042499,0.441569,0.43095728
m__ltdacbm027nbog_ltd__lag011,0.658307,0.200104,0.454445,0.43089466
q__impgs_imports__lag006,0.974922,0.052055,0.389867,0.43083846
q__bogz1fl884035005q_dom_loan_a__lag003,1.0,0.066941,0.363719,0.43065972
m__pcepilfe_pcepilfe__lag010,0.833856,0.047416,0.468935,0.43056231
q__mmmffaq027s_mmf_tfa__lag002,1.0,0.129117,0.301381,0.430498
q__bogz1fl313161305q_gov_nonmarketable_ts__lag004,0.996865,0.085692,0.345819,0.4301585
q__bogz1fl264035005q_row_loans_a__lag007,0.987461,0.132307,0.303214,0.43006062
m__usalolitoaastsam_oecd_leading_indicator_us__lag008,0.887147,0.366146,0.118419,0.42988005
m__dspic96_real_dpi__lag010,0.833856,0.134078,0.381121,0.42960233
q__bogz1fl892050005q_all_ffrepo__lag007,0.987461,0.066758,0.368229,0.42953246
q__bogz1lm223061143q_state_local_db_retirement_ts__lag005,0.99373,0.094299,0.337555,0.42914661
q__pnfi_priv_nonres_fi__lag007,0.971787,0.10552,0.335659,0.42873184
d__t10y2y_t10y2y__lag044,0.623824,0.239871,0.447386,0.42872749
q__a4102c1q027sbea_gdi_wages__lag007,0.971787,0.079778,0.361292,0.42862611
q__bogz1fl884135005q_dom_loan_l__lag003,1.0,0.055254,0.373103,0.42835703
q__ib0000043q086sbea_imp_ind_pi__lag007,0.717868,0.047798,0.548695,0.4282034
q__rowcbaq027s_row_corpbonds_flow__lag007,0.974922,0.234385,0.204446,0.42782615
m__uempmean_uempmean__lag006,0.978056,0.089335,0.347791,0.4275336
q__bogz1fl573061143q_private_db_pension_ts__lag001,1.0,0.228747,0.198676,0.42742284
m__pcepilfe_pcepilfe__lag009,0.836991,0.043951,0.466677,0.42739094
q__ttaatashcbshnncb_nfcb_hc_assets__lag003,1.0,0.083447,0.343887,0.42733469
q__netfi_netfi__lag002,0.987461,0.155659,0.276963,0.42719642
q__bogz1fa633061110q_mmf_bills_tx__lag004,0.984326,0.413861,0.019519,0.42658754
d__t10y2y_t10y2y__lag043,0.623824,0.236426,0.447374,0.42657097
q__gdp_gdp__lag007,0.971787,0.081299,0.35746,0.42637997
d__dexszus_dexszus__lag003,0.69279,0.181472,0.433891,0.42631719
q__bogz1fa105019005q_nfcb_gfi__lag007,0.974922,0.096455,0.34057,0.42606545
m__civpart_civpart__lag007,0.974922,0.178876,0.257984,0.42590423
q__bogz1fl573061143q_private_db_pension_ts__lag002,1.0,0.231306,0.194533,0.42583883
q__bogz1lm513061105q_pci_tsy_raw__lag008,0.984326,0.046693,0.385695,0.42561049
q__bogz1lm513061105q_pc_insurance_ts__lag008,0.984326,0.046693,0.385695,0.42561049
q__bogz1lm513061105q_p_c_insurance_ts__lag008,0.984326,0.046693,0.385695,0.42561049
m__ces2000000008_wage_const__lag009,0.987461,0.069467,0.361151,0.42521781
m__ces2000000008_wage_const__lag008,0.987461,0.07115,0.359078,0.42483359
m__pcepi_pcepi__lag012,0.833856,0.046052,0.4634,0.4248091
m__pcepi_pce_price_index__lag012,0.833856,0.046052,0.4634,0.4248091
m__busloans_busloans__lag009,0.987461,0.160782,0.269108,0.42449968
q__bogz1fl313024000q_tres_oper_cash__lag004,0.996865,0.260942,0.164861,0.42446828
m__busloans_busloans__lag008,0.987461,0.159193,0.270413,0.42421889
d__dexszus_dexszus__lag001,0.69279,0.176856,0.435015,0.42389828
m__pcepilfe_pcepilfe__lag008,0.836991,0.042175,0.464131,0.42377314
d__dexszus_dexszus__lag002,0.69279,0.178683,0.43217,0.42319263
m__ces2000000008_wage_const__lag007,0.987461,0.071093,0.357234,0.42295561
m__civpart_civpart__lag003,0.981191,0.205881,0.224984,0.42276063
d__dexszus_dexszus__lag008,0.69279,0.180252,0.429966,0.42275309
q__bogz1fl892050005q_all_ffrepo__lag008,0.984326,0.056289,0.373142,0.42270052
d__dexszus_dexszus__lag004,0.69279,0.175429,0.434313,0.42242265
d__dexszus_dexszus__lag006,0.69279,0.176318,0.433121,0.42221286
d__t10y2y_t10y2y__lag045,0.623824,0.235125,0.441503,0.42209716
d__dexszus_dexszus__lag005,0.69279,0.173943,0.435166,0.42198408
m__hqmcb10yrp_hqm10y__lag001,0.529781,0.350159,0.4454,0.42147208
m__pcepi_pcepi__lag011,0.833856,0.044539,0.460775,0.42135867
m__pcepi_pce_price_index__lag011,0.833856,0.044539,0.460775,0.42135867
m__civpart_civpart__lag006,0.978056,0.19482,0.235869,0.42123775
q__bogz1fl713123030q_tga__lag004,0.996865,0.240477,0.181993,0.42114546
q__bogz1fl713123030q_tga_z1__lag004,0.996865,0.240477,0.181993,0.42114546
q__b461rc1q027sbea_netva_wages__lag008,0.968652,0.074036,0.360489,0.42090413
d__t10y2y_t10y2y__lag046,0.623824,0.235908,0.438674,0.42082064
q__bogz1fl313161305q_gov_nonmarketable_ts__lag002,1.0,0.075673,0.345094,0.4207669
m__pcepilfe_pcepilfe__lag007,0.836991,0.040919,0.461449,0.42047769
q__a457rc1q027sbea_netva_nfcb__lag008,0.968652,0.07173,0.362,0.42013328
m__tcu_tcu__lag011,0.733542,0.356478,0.216243,0.42011515
d__dexszus_dexszus__lag007,0.69279,0.175594,0.430667,0.4200117
q__hnotsbq027s_hhnp_tsy_tx__lag001,0.99373,0.326698,0.095633,0.41968276
q__fbtsatq027s_dom_fin_sector_tsy_tx__lag001,0.99373,0.351159,0.070906,0.41941885
m__usalolitoaastsam_oecd_leading_indicator_us__lag012,0.884013,0.3587,0.115632,0.41931553
q__iatashcbsnncb_nfcb_hc_inventories__lag005,0.99373,0.066081,0.355837,0.41927248
d__dexszus_dexszus__lag009,0.69279,0.175502,0.429112,0.41887041
q__bogz1fl263061130q_row_gov_tsy__lag006,0.990596,0.139615,0.283128,0.41876749
m__ces2000000008_wage_const__lag006,0.990596,0.067638,0.355005,0.41866824
m__pcepilfe_pcepilfe__lag006,0.840125,0.038871,0.459422,0.4186282
q__bogz1fa313161110q_totalbills_z1_tx__lag004,0.984326,0.407101,0.018136,0.41857244
q__ttaatashcbshnncb_nfcb_hc_assets__lag002,1.0,0.076036,0.342449,0.4184848
q__bogz1fl313161305q_gov_nonmarketable_ts__lag003,1.0,0.075843,0.342527,0.41837017
q__a4102c1q027sbea_gdi_wages__lag006,0.974922,0.070297,0.358707,0.41824513
q__bogz1fr753061103q_usb_tsy_for_reval__lag005,0.981191,0.358265,0.067989,0.41823627
m__umcsent_umcsent__lag009,0.912226,0.125444,0.332828,0.41804714
q__pcesv_pcesv__lag005,0.978056,0.070032,0.356938,0.41760094
q__hnotsbq027s_hhnp_tsy_tx__lag008,0.971787,0.341498,0.088172,0.41754812
m__civpart_civpart__lag002,0.981191,0.210948,0.214476,0.41742193
d__dexszus_dexszus__lag010,0.69279,0.17621,0.425964,0.41718029
m__ces2000000008_wage_const__lag005,0.990596,0.067833,0.353303,0.41717591
m__civpart_civpart__lag008,0.974922,0.177788,0.249407,0.41648163
d__dexszus_dexszus__lag012,0.69279,0.173372,0.427581,0.41633416
q__bogz1fl704035005q_usb_loan_a__lag002,1.0,0.095511,0.320677,0.41618783
d__dexszus_dexszus__lag015,0.69279,0.175295,0.425404,0.41615887
d__dexszus_dexszus__lag011,0.69279,0.173457,0.427099,0.41605916
q__ib0000043q086sbea_imp_ind_pi__lag008,0.714734,0.041779,0.540016,0.41582827
m__pcepi_pcepi__lag010,0.833856,0.041122,0.457557,0.41582608
m__pcepi_pce_price_index__lag010,0.833856,0.041122,0.457557,0.41582608
m__mcumfn_caputil_man__lag007,0.673981,0.34968,0.267265,0.41580989
m__pcepilfe_pcepilfe__lag005,0.840125,0.037877,0.456977,0.41573967
q__rhvrusq156n_owner_vacancy__lag002,0.874608,0.048402,0.426739,0.41556151
d__dexszus_dexszus__lag017,0.69279,0.173992,0.425512,0.41532988
q__b093rc1q027sbea_gov_int_row__lag005,0.978056,0.091637,0.332829,0.41515217
q__impgs_imports__lag002,0.987461,0.060546,0.35987,0.41514393
q__bogz1fa713061113q_cb_bills_tx__lag003,0.987461,0.272451,0.147941,0.41512046
q__b456rc1q027sbea_nfcb_cfc__lag008,0.968652,0.093497,0.334837,0.4149064
d__dexszus_dexszus__lag016,0.69279,0.174383,0.42408,0.41460904
q__bogz1lm105020015q_nfcb_inventories__lag008,0.984326,0.079886,0.340586,0.41388184
q__gdp_gdp__lag006,0.974922,0.069063,0.35546,0.41387632
q__impgs_imports__lag003,0.984326,0.048705,0.371699,0.41381531
q__bogz1fl892050005q_all_ffrepo__lag006,0.990596,0.05747,0.36014,0.41368223
q__rowmslq027s_row_muni_flow__lag008,0.971787,0.186249,0.239218,0.41346298
d__t10y2y_t10y2y__lag048,0.623824,0.233629,0.428948,0.41333187
m__pcepilfe_pcepilfe__lag004,0.840125,0.037434,0.454499,0.41328531
d__t10y2y_t10y2y__lag047,0.623824,0.234791,0.427667,0.4132576
q__pnfi_priv_nonres_fi__lag006,0.974922,0.090119,0.333742,0.41323146
q__bogz1fl892050005q_all_ffrepo__lag005,0.99373,0.05812,0.357366,0.41288129
d__t10y2y_t10y2y__lag049,0.623824,0.236062,0.425677,0.41280853
d__dexszus_dexszus__lag013,0.69279,0.170414,0.425412,0.41278235
m__pcepilfe_pcepilfe__lag003,0.84326,0.036931,0.452487,0.41270698
m__ces2000000008_wage_const__lag004,0.990596,0.065235,0.351349,0.41266654
d__dexszus_dexszus__lag014,0.69279,0.17083,0.424656,0.41254663
m__ces2000000008_wage_const__lag003,0.99373,0.064978,0.35015,0.41252527
m__uempmean_uempmean__lag007,0.974922,0.076422,0.34671,0.41252109
m__pcepi_pcepi__lag009,0.836991,0.037889,0.454916,0.41247313
m__pcepi_pce_price_index__lag009,0.836991,0.037889,0.454916,0.41247313
q__mmmffaq027s_mmf_tfa__lag005,0.99373,0.102273,0.312458,0.41213034
q__bogz1fl573061143q_private_db_pension_ts__lag003,1.0,0.225883,0.186199,0.41208202
m__busloans_busloans__lag007,0.987461,0.145629,0.271592,0.41198874
q__bogz1fl884035005q_dom_loan_a__lag002,1.0,0.051159,0.36061,0.41176945
m__baaffm_baaff__lag011,0.890282,0.052284,0.410214,0.41175403
q__bogz1lm543061115q_li_bills__lag007,0.987461,0.145382,0.271532,0.41168598
q__bogz1fr543061175q_life_insurance_ts_reval__lag004,0.984326,0.368679,0.049537,0.4116615
q__bogz1lm543061115q_li_bills__lag006,0.990596,0.132972,0.282568,0.41163259
d__dexszus_dexszus__lag021,0.69279,0.171471,0.422636,0.41159112
d__dexszus_dexszus__lag018,0.69279,0.170504,0.423549,0.41155397
m__ltdacbm027nbog_ltd__lag010,0.658307,0.168649,0.456226,0.41135966
q__rhvrusq156n_owner_vacancy__lag001,0.877743,0.062759,0.405891,0.41135407
d__dexszus_dexszus__lag084,0.69279,0.175206,0.418548,0.41134712
q__b461rc1q027sbea_netva_wages__lag007,0.971787,0.066214,0.357045,0.41131728
q__ttaatashcbshnncb_nfcb_hc_assets__lag001,1.0,0.070791,0.340396,0.41118668
q__b456rc1q027sbea_nfcb_cfc__lag007,0.971787,0.089486,0.33349,0.41104248
m__ces2000000008_wage_const__lag002,0.99373,0.065111,0.348409,0.41092785
m__pcepilfe_pcepilfe__lag002,0.84326,0.036828,0.449927,0.4104609
d__t10y2y_t10y2y__lag050,0.623824,0.236299,0.421647,0.410443
m__ppiaco_ppiaco__lag012,1.0,0.043744,0.366633,0.41037618
d__dexszus_dexszus__lag085,0.69279,0.17376,0.418559,0.41035246
q__bogz1lm343061113q_fed_gov_dcf_retirement_ts__lag001,1.0,0.209165,0.201046,0.41021128
q__bogz1lm343061113q_fed_gov_dc_retirement_ts__lag001,1.0,0.209165,0.201046,0.41021128
q__bogz1lm343061113q_fed_ret_tsy_dc__lag001,1.0,0.209165,0.201046,0.41021128
q__bogz1fl884135005q_dom_loan_l__lag002,1.0,0.039992,0.369804,0.40979573
q__impgs_imports__lag004,0.981191,0.04071,0.376886,0.40974166
q__gsave_gsave__lag008,0.968652,0.091851,0.330951,0.40954842
d__dexszus_dexszus__lag022,0.69279,0.168171,0.422309,0.40907852
m__hqmcb10yrp_hqm10y__lag002,0.529781,0.333314,0.43875,0.40902456
d__dexszus_dexszus__lag020,0.69279,0.167243,0.423069,0.40896201
d__dexszus_dexszus__lag083,0.69279,0.173993,0.416318,0.40896167
d__dexszus_dexszus__lag019,0.69279,0.166768,0.423344,0.4088239
q__bogz1fr403061105q_gses_ts_reval__lag005,0.981191,0.33567,0.080963,0.40879687
d__dexszus_dexszus__lag087,0.69279,0.169965,0.419998,0.40871998
m__mcumfn_caputil_man__lag006,0.677116,0.34174,0.261626,0.40854892
q__a091rc1q027sbea_gov_interest_payments__lag006,0.974922,0.062679,0.356257,0.40842988
q__a091rc1q027sbea_fedgov_int__lag006,0.974922,0.062679,0.356257,0.40842988
m__pcepilfe_pcepilfe__lag001,0.84326,0.037354,0.446946,0.40839027
d__dexszus_dexszus__lag030,0.69279,0.164954,0.424026,0.40803966
q__bogz1fl673061103q_abs_issuers_ts__lag002,1.0,0.099147,0.308852,0.40799921
q__cbi_cbi__lag003,0.984326,0.236172,0.178233,0.40790976
m__pcepi_pcepi__lag008,0.836991,0.035353,0.451966,0.40788181
m__pcepi_pce_price_index__lag008,0.836991,0.035353,0.451966,0.40788181
d__dexszus_dexszus__lag086,0.69279,0.169361,0.419299,0.40781747
d__t10y2y_t10y2y__lag051,0.623824,0.233881,0.418997,0.40728141
d__t10y2y_t10y2y__lag053,0.623824,0.233275,0.419445,0.4071828
d__dexszus_dexszus__lag077,0.69279,0.167521,0.420221,0.40718169
d__dexszus_dexszus__lag082,0.69279,0.172627,0.415102,0.40717246
m__ces2000000008_wage_const__lag001,0.99373,0.063635,0.345983,0.4070494
m__umcsent_umcsent__lag008,0.915361,0.103056,0.341582,0.4070045
d__dexszus_dexszus__lag057,0.69279,0.165143,0.422315,0.40698514
d__aaa10y_aaa10y__lag073,0.54232,0.252623,0.497698,0.40691392
q__bogz1fl313161305q_gov_nonmarketable_ts__lag008,0.984326,0.042868,0.370521,0.40691013
m__busloans_busloans__lag006,0.990596,0.137667,0.273037,0.40684202
d__dexszus_dexszus__lag081,0.69279,0.170887,0.415944,0.4065508
q__a457rc1q027sbea_netva_nfcb__lag007,0.971787,0.059926,0.358414,0.40653725
q__bogz1fl262051003q_row_rrp__lag001,1.0,0.115428,0.291071,0.40649892
q__bogz1fl264035005q_row_loans_a__lag006,0.990596,0.112213,0.298126,0.40648033
d__dexszus_dexszus__lag088,0.689655,0.170103,0.419178,0.40640069
d__t10y2y_t10y2y__lag052,0.623824,0.235271,0.415976,0.4062635
d__dexszus_dexszus__lag024,0.69279,0.165241,0.42112,0.40622504
d__dexszus_dexszus__lag078,0.69279,0.167687,0.418657,0.40621329
d__dexszus_dexszus__lag023,0.69279,0.165231,0.42106,0.40617658
d__dexszus_dexszus__lag025,0.69279,0.166337,0.41994,0.40616711
d__dexszus_dexszus__lag061,0.69279,0.163729,0.422372,0.40604492
d__dexszus_dexszus__lag090,0.689655,0.170421,0.41833,0.40603543
q__bogz1fl712051000q_fed_rrp__lag002,1.0,0.163406,0.24259,0.40599522
d__dexszus_dexszus__lag079,0.69279,0.167671,0.418352,0.40599095
m__w875rx1_real_dpi_xtx__lag001,0.84326,0.073414,0.408013,0.40596828
q__bogz1fa105019005q_nfcb_gfi__lag006,0.978056,0.077478,0.33758,0.40595028
q__mmmffaq027s_mmf_tfa__lag001,1.0,0.110399,0.29538,0.40577901
q__bogz1fa733061103q_holding_companies_ts_tx__lag001,0.99373,0.306901,0.101335,0.4056765
d__dexszus_dexszus__lag058,0.69279,0.162035,0.423362,0.4055569
d__dexszus_dexszus__lag055,0.69279,0.16628,0.418986,0.40546632
d__dexszus_dexszus__lag029,0.69279,0.162276,0.422951,0.40543945
m__busloans_busloans__lag012,0.984326,0.14977,0.262116,0.4054306
m__civpart_civpart__lag005,0.978056,0.183789,0.23073,0.40542349
m__busloans_busloans__lag010,0.984326,0.146591,0.265279,0.40541414
d__dexszus_dexszus__lag080,0.69279,0.168169,0.417021,0.40541385
m__mcumfn_caputil_man__lag005,0.677116,0.356888,0.241812,0.40538911
q__bogz1fa263061130q_row_gov_tsy_tx__lag001,0.99373,0.188206,0.219614,0.40526317
d__dexszus_dexszus__lag060,0.69279,0.162564,0.422115,0.40505972
d__dexszus_dexszus__lag054,0.69279,0.165448,0.419054,0.40493736
d__aaa10y_aaa10y__lag019,0.54232,0.205488,0.54095,0.40480773
m__pcepi_pcepi__lag007,0.836991,0.034629,0.448802,0.40462736
m__pcepi_pce_price_index__lag007,0.836991,0.034629,0.448802,0.40462736
d__aaa10y_aaa10y__lag020,0.54232,0.209718,0.536263,0.40456026
d__dexszus_dexszus__lag062,0.69279,0.163689,0.420078,0.40442771
q__bopbca_bopbca__lag008,0.805643,0.022531,0.479321,0.40431391
d__dexszus_dexszus__lag089,0.689655,0.166257,0.419785,0.40416687
d__dexszus_dexszus__lag063,0.69279,0.162938,0.420431,0.40415192
q__rhvrusq156n_owner_vacancy__lag003,0.871473,0.014772,0.448904,0.40408098
q__bogz1fl264035005q_row_loans_a__lag005,0.99373,0.110951,0.295624,0.40402641
m__ppiaco_ppiaco__lag011,1.0,0.045258,0.358714,0.40397175
d__aaa10y_aaa10y__lag064,0.54232,0.243635,0.500766,0.40370317
d__dexszus_dexszus__lag059,0.69279,0.160609,0.42207,0.40367412
q__bogz1lm263061105q_row_tsy_raw__lag001,1.0,0.143762,0.259808,0.40357018
q__bogz1lm263061105q_row_tsy__lag001,1.0,0.143762,0.259808,0.40357018
q__b456rc1q027sbea_nfcb_cfc__lag006,0.974922,0.082237,0.331586,0.40344487
d__dexszus_dexszus__lag028,0.69279,0.160966,0.421292,0.40338263
d__dexszus_dexszus__lag056,0.69279,0.163318,0.418931,0.40337614
q__bogz1lm343061113q_fed_gov_dcf_retirement_ts__lag002,1.0,0.212484,0.190892,0.40337592
q__bogz1lm343061113q_fed_gov_dc_retirement_ts__lag002,1.0,0.212484,0.190892,0.40337592
q__bogz1lm343061113q_fed_ret_tsy_dc__lag002,1.0,0.212484,0.190892,0.40337592
d__aaa10y_aaa10y__lag058,0.54232,0.236979,0.506226,0.40305454
d__dexszus_dexszus__lag031,0.69279,0.160372,0.421398,0.40304465
d__aaa10y_aaa10y__lag072,0.54232,0.245214,0.497642,0.40286517
m__pcepi_pcepi__lag006,0.840125,0.032835,0.446647,0.40282552
m__pcepi_pce_price_index__lag006,0.840125,0.032835,0.446647,0.40282552
d__wtregen_tga_fed__lag082,0.504702,0.490625,0.307311,0.40272022
m__w875rx1_real_dpi_xtx__lag002,0.84326,0.068516,0.408672,0.40239379
d__dexszus_dexszus__lag027,0.69279,0.162047,0.418777,0.40238851
q__a4102c1q027sbea_gdi_wages__lag005,0.978056,0.057207,0.354184,0.40236301
q__a024rc1q027sbea_cfc__lag008,0.968652,0.087551,0.327799,0.4023294
d__aaa10y_aaa10y__lag065,0.54232,0.242333,0.499401,0.40225748
d__wtregen_tga__lag082,0.504702,0.490625,0.306167,0.4021431
d__aaa10y_aaa10y__lag078,0.54232,0.234435,0.506574,0.40186346
d__dexszus_dexszus__lag026,0.69279,0.1589,0.421161,0.40186092
d__dexszus_dexszus__lag065,0.69279,0.163429,0.41652,0.40178288
d__aaa10y_aaa10y__lag074,0.54232,0.244314,0.496519,0.40176796
m__busloans_busloans__lag005,0.990596,0.13193,0.273331,0.40145041
d__dexszus_dexszus__lag044,0.69279,0.156361,0.422958,0.40134699
d__aaa10y_aaa10y__lag061,0.54232,0.237852,0.502134,0.40130952
m__w875rx1_real_dpi_xtx__lag011,0.833856,0.071507,0.409747,0.40129642
d__aaa10y_aaa10y__lag069,0.54232,0.24643,0.493532,0.40129618
m__totalsl_totalsl__lag012,1.0,0.066407,0.334808,0.40121529
d__dexszus_dexszus__lag072,0.69279,0.160674,0.418392,0.40117107
d__dexszus_dexszus__lag076,0.69279,0.160887,0.417984,0.40103613
d__aaa10y_aaa10y__lag021,0.54232,0.210216,0.529169,0.40098298
d__aaa10y_aaa10y__lag075,0.54232,0.240672,0.498483,0.40085874
d__aaa10y_aaa10y__lag059,0.54232,0.236051,0.502829,0.40070908
d__dexszus_dexszus__lag064,0.69279,0.160477,0.417701,0.40055604
d__dexszus_dexszus__lag045,0.69279,0.15413,0.424045,0.40055424
q__bogz1fl713061113q_cb_bills_raw__lag007,0.987461,0.316858,0.088774,0.40054607
q__bogz1fl713061113q_cb_bills__lag007,0.987461,0.316858,0.088774,0.40054607
m__ltdacbm027nbog_ltd__lag009,0.661442,0.150317,0.455239,0.40054027
d__aaa10y_aaa10y__lag084,0.54232,0.241134,0.497429,0.40053755
q__bogz1lm102010005q_nfcb_nfassets__lag008,0.984326,0.09813,0.308724,0.40047643
q__bogz1fl263061130q_row_gov_tsy__lag007,0.987461,0.130053,0.275424,0.40039263
d__dexszus_dexszus__lag073,0.69279,0.158448,0.419403,0.40032901
d__wtregen_tga_fed__lag081,0.504702,0.487245,0.30566,0.4001808
d__dexszus_dexszus__lag068,0.69279,0.161486,0.416074,0.40012802
d__aaa10y_aaa10y__lag057,0.54232,0.236063,0.501736,0.40012266
d__aaa10y_aaa10y__lag060,0.54232,0.232821,0.504974,0.40012121
d__dexszus_dexszus__lag046,0.69279,0.155216,0.422324,0.40011414
d__dexszus_dexszus__lag067,0.69279,0.161899,0.415549,0.40005015
q__bogz1fl262151003q_row_repo__lag003,1.0,0.177976,0.222049,0.40002493
d__wtregen_tga_fed__lag083,0.504702,0.488455,0.30413,0.40001936
m__pcepi_pcepi__lag005,0.840125,0.032118,0.443929,0.39993902
m__pcepi_pce_price_index__lag005,0.840125,0.032118,0.443929,0.39993902
d__dexszus_dexszus__lag053,0.69279,0.157244,0.419968,0.39988685
m__busloans_busloans__lag011,0.984326,0.145,0.261217,0.39985009
d__aaa10y_aaa10y__lag068,0.54232,0.248001,0.489269,0.39983568
d__wtregen_tga_fed__lag080,0.504702,0.492759,0.299246,0.39972707
d__aaa10y_aaa10y__lag018,0.54232,0.202349,0.534601,0.3996623
d__wtregen_tga__lag081,0.504702,0.487245,0.304514,0.39960262
q__rowmslq027s_row_muni_flow__lag002,0.990596,0.108803,0.294498,0.39950845
d__wtregen_tga__lag083,0.504702,0.488455,0.302979,0.3994389
q__gsave_gsave__lag007,0.971787,0.079381,0.331646,0.39943016
d__t10y2y_t10y2y__lag054,0.623824,0.222859,0.417356,0.39938209
d__dexszus_dexszus__lag069,0.69279,0.161894,0.414579,0.39937468
d__aaa10y_aaa10y__lag034,0.54232,0.216026,0.520291,0.39931935
d__aaa10y_aaa10y__lag016,0.54232,0.204776,0.531501,0.39929756
d__dexszus_dexszus__lag075,0.69279,0.156684,0.419673,0.39929408
d__dexszus_dexszus__lag066,0.69279,0.160971,0.415368,0.39928174
d__wtregen_tga__lag080,0.504702,0.492759,0.298091,0.39914367
d__aaa10y_aaa10y__lag070,0.54232,0.24638,0.489589,0.39913049
m__w875rx1_real_dpi_xtx__lag010,0.833856,0.070146,0.408498,0.39911987
d__aaa10y_aaa10y__lag071,0.54232,0.246468,0.489481,0.39911976
d__aaa10y_aaa10y__lag062,0.54232,0.240718,0.495154,0.39907817
d__aaa10y_aaa10y__lag033,0.54232,0.212499,0.523236,0.3990035
d__t10y2y_t10y2y__lag059,0.623824,0.223771,0.415749,0.39894838
m__ppiaco_ppiaco__lag010,1.0,0.045551,0.353299,0.39885069
d__aaa10y_aaa10y__lag048,0.54232,0.231207,0.504127,0.39878647
d__dexszus_dexszus__lag074,0.69279,0.156341,0.419282,0.39878607
d__aaa10y_aaa10y__lag012,0.54232,0.17056,0.564693,0.39874245
d__aaa10y_aaa10y__lag025,0.54232,0.20406,0.531129,0.3987072
d__aaa10y_aaa10y__lag056,0.54232,0.231509,0.503602,0.39866537
d__aaa10y_aaa10y__lag023,0.54232,0.195547,0.539493,0.39862673
d__aaa10y_aaa10y__lag035,0.54232,0.218691,0.516298,0.39859885
d__aaa10y_aaa10y__lag017,0.54232,0.205333,0.529526,0.39852855
d__dexszus_dexszus__lag071,0.69279,0.158508,0.41674,0.39852576
d__aaa10y_aaa10y__lag077,0.54232,0.237226,0.497536,0.39847599
d__aaa10y_aaa10y__lag022,0.54232,0.199599,0.535163,0.39847598
d__dexszus_dexszus__lag048,0.69279,0.158253,0.4168,0.39839063
q__bogz1lm223061143q_state_local_db_retirement_ts__lag004,0.996865,0.080795,0.31881,0.39835185
m__pcepi_pcepi__lag004,0.840125,0.033036,0.441099,0.39833233
m__pcepi_pce_price_index__lag004,0.840125,0.033036,0.441099,0.39833233
d__t10y2y_t10y2y__lag057,0.623824,0.211224,0.427218,0.39827555
d__aaa10y_aaa10y__lag067,0.54232,0.241407,0.492979,0.39827163
d__dexszus_dexszus__lag032,0.69279,0.155064,0.419718,0.3982034
d__wtregen_tga_fed__lag079,0.504702,0.488727,0.300077,0.39811121
m__usalolitoaastsam_oecd_leading_indicator_us__lag010,0.884013,0.33431,0.116025,0.39810221
d__dexszus_dexszus__lag050,0.69279,0.15697,0.4176,0.39805619
d__aaa10y_aaa10y__lag082,0.54232,0.233675,0.500272,0.3980338
m__pcepi_pcepi__lag003,0.84326,0.032909,0.438995,0.39793774
m__pcepi_pce_price_index__lag003,0.84326,0.032909,0.438995,0.39793774
m__mcumfn_caputil_man__lag010,0.670846,0.328221,0.26481,0.39783231
d__aaa10y_aaa10y__lag014,0.54232,0.18362,0.549952,0.39783101
m__w875rx1_real_dpi_xtx__lag003,0.84326,0.064055,0.40759,0.39771939
d__t10y2y_t10y2y__lag055,0.623824,0.220905,0.416643,0.39771777
d__aaa10y_aaa10y__lag055,0.54232,0.230737,0.502578,0.39769111
d__dexszus_dexszus__lag033,0.69279,0.155848,0.418081,0.39761174
d__dexszus_dexszus__lag049,0.69279,0.156803,0.417077,0.39757867
d__dexszus_dexszus__lag043,0.69279,0.152203,0.421671,0.39757407
d__aaa10y_aaa10y__lag066,0.54232,0.239876,0.493206,0.3975648
d__wtregen_tga__lag079,0.504702,0.488727,0.298923,0.39752876
d__aaa10y_aaa10y__lag079,0.54232,0.233449,0.499475,0.39747905
d__aaa10y_aaa10y__lag081,0.54232,0.238109,0.49467,0.39740061
d__aaa10y_aaa10y__lag080,0.54232,0.235972,0.49675,0.39736998
q__b461rc1q027sbea_netva_wages__lag006,0.974922,0.054371,0.353185,0.39733578
d__dexszus_dexszus__lag051,0.69279,0.155751,0.417772,0.39733093
m__totalsl_totalsl__lag011,1.0,0.062146,0.335102,0.39724783
d__aaa10y_aaa10y__lag036,0.54232,0.223723,0.508745,0.39723194
q__bogz1fl884035005q_dom_loan_a__lag001,1.0,0.040686,0.356492,0.39717805
d__dexszus_dexszus__lag035,0.69279,0.158372,0.414905,0.39716044
d__aaa10y_aaa10y__lag083,0.54232,0.233009,0.499249,0.39711761
q__bogz1fa213061103q_state_local_gov_ts_tx__lag002,0.990596,0.183431,0.217427,0.39708836
d__dexszus_dexszus__lag070,0.69279,0.15704,0.416105,0.39706904
d__aaa10y_aaa10y__lag063,0.54232,0.238699,0.493462,0.39706529
d__aaa10y_aaa10y__lag049,0.54232,0.232115,0.500025,0.39705386
d__dexszus_dexszus__lag042,0.69279,0.15259,0.420456,0.39700044
d__aaa10y_aaa10y__lag085,0.54232,0.237877,0.493956,0.3968877
q__gdp_gdp__lag005,0.978056,0.054067,0.351601,0.39676606
d__dexszus_dexszus__lag047,0.69279,0.15379,0.418869,0.39673222
d__wtregen_tga_fed__lag084,0.501567,0.487988,0.302981,0.39672406
d__dexszus_dexszus__lag034,0.69279,0.156334,0.416296,0.39671213
d__aaa10y_aaa10y__lag026,0.54232,0.200371,0.53092,0.39659379
d__aaa10y_aaa10y__lag037,0.54232,0.223241,0.508026,0.39658047
q__bogz1fl884135005q_dom_loan_l__lag001,1.0,0.030906,0.365609,0.39651431
d__aaa10y_aaa10y__lag054,0.54232,0.228584,0.502522,0.39649346
q__bogz1fr753061103q_usb_tsy_for_reval__lag008,0.971787,0.215365,0.192568,0.39642439
d__t10y2y_t10y2y__lag056,0.623824,0.215088,0.42035,0.39640157
d__aaa10y_aaa10y__lag029,0.54232,0.210895,0.519921,0.39633587
q__w006rc1q027sbea_gov_tax_receipts__lag004,0.981191,0.100174,0.303695,0.3962725
d__aaa10y_aaa10y__lag011,0.54232,0.167488,0.563155,0.39624227
q__bogz1fa223061143q_state_local_db_retirement_ts_tx__lag005,0.981191,0.355908,0.04786,0.39617414
d__wtregen_tga__lag084,0.501567,0.487988,0.301821,0.39614229
d__aaa10y_aaa10y__lag090,0.539185,0.25177,0.482324,0.39581214
q__bogz1fl262051003q_row_rrp__lag002,1.0,0.098128,0.29766,0.39578799
d__aaa10y_aaa10y__lag032,0.54232,0.209812,0.519511,0.39552637
d__aaa10y_aaa10y__lag004,0.54232,0.170544,0.558779,0.39552607
m__civpart_civpart__lag010,0.971787,0.129022,0.277844,0.39538765
d__aaa10y_aaa10y__lag050,0.54232,0.22934,0.499664,0.39535336
m__w875rx1_real_dpi_xtx__lag012,0.833856,0.063513,0.410611,0.39535134
d__aaa10y_aaa10y__lag024,0.54232,0.198368,0.530527,0.39529435
d__aaa10y_aaa10y__lag028,0.54232,0.21156,0.517283,0.39526614
m__houst_houst__lag010,0.833856,0.232797,0.24122,0.3952618
d__aaa10y_aaa10y__lag047,0.54232,0.225397,0.503432,0.39525848
d__aaa10y_aaa10y__lag015,0.54232,0.18826,0.540459,0.39519842
q__bogz1fl892050005q_all_ffrepo__lag001,1.0,0.073803,0.321394,0.39519737
d__aaa10y_aaa10y__lag027,0.54232,0.206355,0.522275,0.39515035
d__aaa10y_aaa10y__lag010,0.54232,0.165242,0.563383,0.39514747
d__dexszus_dexszus__lag052,0.69279,0.151643,0.418595,0.39505498
d__aaa10y_aaa10y__lag086,0.54232,0.242259,0.486089,0.39499746
d__aaa10y_aaa10y__lag076,0.54232,0.236352,0.491981,0.39498953
q__bogz1fr543061175q_life_insurance_ts_reval__lag007,0.974922,0.322385,0.082676,0.39490252
q__a024rc1q027sbea_cfc__lag007,0.971787,0.080574,0.325694,0.39480589
m__pcepi_pcepi__lag002,0.84326,0.032121,0.436033,0.39477544
m__pcepi_pce_price_index__lag002,0.84326,0.032121,0.436033,0.39477544
d__t10y2y_t10y2y__lag058,0.623824,0.211663,0.42112,0.39474567
d__dexszus_dexszus__lag037,0.69279,0.153968,0.415732,0.39468285
d__dexszus_dexszus__lag036,0.69279,0.153802,0.415608,0.39448167
d__aaa10y_aaa10y__lag008,0.54232,0.17429,0.552768,0.39429751
d__aaa10y_aaa10y__lag031,0.54232,0.202737,0.524019,0.39413445
d__aaa10y_aaa10y__lag045,0.54232,0.221911,0.504634,0.39401983
q__cbi_cbi__lag002,0.987461,0.263526,0.135408,0.3939316
d__aaa10y_aaa10y__lag013,0.54232,0.172358,0.554,0.39391818
q__b456rc1q027sbea_nfcb_cfc__lag005,0.978056,0.073448,0.329279,0.39388939
m__ppiaco_ppiaco__lag009,1.0,0.047236,0.346344,0.39358026
q__bogz1fl262151003q_row_repo__lag005,0.99373,0.185098,0.210964,0.39357853
d__aaa10y_aaa10y__lag051,0.54232,0.228495,0.497137,0.39352421
d__dexszus_dexszus__lag041,0.69279,0.150365,0.417575,0.3934631
d__aaa10y_aaa10y__lag007,0.54232,0.175157,0.550076,0.39330816
d__t10y2y_t10y2y__lag060,0.623824,0.221619,0.408847,0.39330021
d__wtregen_tga_fed__lag077,0.504702,0.481184,0.297948,0.39322954
q__bogz1lm105020015q_nfcb_inventories__lag007,0.987461,0.061964,0.336221,0.39319159
q__bogz1fl633061110q_mmf_bills_raw__lag002,1.0,0.33121,0.061982,0.39319143
q__bogz1fl633061110q_mmf_bills__lag002,1.0,0.33121,0.061982,0.39319143
d__wtregen_tga_fed__lag085,0.501567,0.484838,0.298651,0.392973
q__bogz1lm263061105q_row_tsy_raw__lag002,1.0,0.137022,0.255949,0.39297089
q__bogz1lm263061105q_row_tsy__lag002,1.0,0.137022,0.255949,0.39297089
m__pcepi_pcepi__lag001,0.84326,0.033388,0.432468,0.39283815
m__pcepi_pce_price_index__lag001,0.84326,0.033388,0.432468,0.39283815
m__hqmcb10yrp_hqm10y__lag003,0.529781,0.312455,0.428739,0.39267003
d__dexszus_dexszus__lag040,0.69279,0.150185,0.416607,0.39266789
d__wtregen_tga__lag077,0.504702,0.481184,0.296789,0.39264441
d__t10y2y_t10y2y__lag061,0.623824,0.222575,0.406538,0.39245621
d__wtregen_tga__lag085,0.501567,0.484838,0.297479,0.39238501
m__hqmcb10yrp_hqm10y__lag005,0.526646,0.346001,0.3989,0.39229935
d__wtregen_tga_fed__lag086,0.501567,0.485952,0.295871,0.39213702
m__mcumfn_caputil_man__lag012,0.670846,0.353141,0.231346,0.39210097
m__w875rx1_real_dpi_xtx__lag004,0.840125,0.05895,0.40774,0.39207875
d__dexszus_dexszus__lag038,0.69279,0.151599,0.414174,0.39196202
m__totalsl_totalsl__lag010,1.0,0.057984,0.333954,0.3919386
d__aaa10y_aaa10y__lag089,0.539185,0.24465,0.482166,0.39188789
d__aaa10y_aaa10y__lag005,0.54232,0.171133,0.551437,0.39186436
d__wtregen_tga_fed__lag078,0.504702,0.479262,0.296993,0.39177786
q__bogz1fl663061165q_brokers_dealers_long_ts__lag003,1.0,0.087828,0.303896,0.39172387
d__aaa10y_aaa10y__lag087,0.54232,0.23968,0.482546,0.39167735
q__b092rc1q027sbea_gov_int_priv__lag008,0.805643,0.093335,0.392798,0.39164948
d__dexszus_dexszus__lag039,0.69279,0.149874,0.415438,0.39164244
d__aaa10y_aaa10y__lag046,0.54232,0.221009,0.500975,0.3915463
d__wtregen_tga__lag086,0.501567,0.485952,0.294688,0.39154383
q__bogz1fa213061103q_state_local_gov_ts_tx__lag001,0.99373,0.214348,0.179635,0.39151267
d__wtregen_tga_fed__lag089,0.501567,0.48614,0.294219,0.39140275
d__aaa10y_aaa10y__lag088,0.54232,0.236658,0.485059,0.39140123
q__w006rc1q027sbea_gov_tax_receipts__lag005,0.978056,0.083405,0.316671,0.39129692
d__aaa10y_aaa10y__lag006,0.54232,0.175463,0.545998,0.39126263
d__aaa10y_aaa10y__lag030,0.54232,0.202608,0.518731,0.39119608
d__wtregen_tga__lag078,0.504702,0.479262,0.295829,0.39118991
m__civpart_civpart__lag012,0.971787,0.120118,0.282404,0.39116571
d__aaa10y_aaa10y__lag040,0.54232,0.219251,0.50188,0.39108405
d__aaa10y_aaa10y__lag003,0.54232,0.16618,0.554497,0.39083764
d__wtregen_tga__lag089,0.501567,0.48614,0.293032,0.39080702
d__wtregen_tga_fed__lag088,0.501567,0.485823,0.293234,0.39074945
d__aaa10y_aaa10y__lag053,0.54232,0.220372,0.500068,0.3907085
d__wtregen_tga_fed__lag071,0.504702,0.480786,0.293228,0.39064666
d__wtregen_tga_fed__lag090,0.501567,0.484982,0.293855,0.39063924
m__w875rx1_real_dpi_xtx__lag007,0.836991,0.05973,0.406839,0.39051418
d__aaa10y_aaa10y__lag052,0.54232,0.217901,0.501887,0.3903552
q__impgs_imports__lag001,0.990596,0.040468,0.353397,0.39016093
d__wtregen_tga__lag088,0.501567,0.485823,0.292044,0.39015291
d__wtregen_tga__lag071,0.504702,0.480786,0.292072,0.39006314
m__busloans_busloans__lag004,0.990596,0.121549,0.272208,0.39005459
d__wtregen_tga__lag090,0.501567,0.484982,0.292667,0.39004332
d__aaa10y_aaa10y__lag038,0.54232,0.215452,0.503678,0.38999809
q__bogz1fr573061143q_private_db_pension_ts_reval__lag005,0.981191,0.325352,0.072117,0.38999297
d__wtregen_tga_fed__lag076,0.504702,0.473284,0.299214,0.38988165
d__wtregen_tga_fed__lag087,0.501567,0.489801,0.287518,0.38987784
q__bogz1fl704035005q_usb_loan_a__lag001,1.0,0.070882,0.318952,0.38983402
m__w875rx1_real_dpi_xtx__lag005,0.840125,0.057763,0.406068,0.38967627
d__wtregen_tga_fed__lag072,0.504702,0.472426,0.299012,0.38934662
m__uempmean_uempmean__lag012,0.971787,0.023497,0.377134,0.3893271
d__aaa10y_aaa10y__lag042,0.54232,0.219648,0.498205,0.38930581
d__wtregen_tga__lag076,0.504702,0.473284,0.298058,0.3892981
d__wtregen_tga__lag087,0.501567,0.489801,0.286318,0.38927586
d__aaa10y_aaa10y__lag044,0.54232,0.212846,0.504765,0.38917433
q__bogz1fl262051003q_row_rrp__lag004,0.996865,0.086113,0.304229,0.38911786
d__aaa10y_aaa10y__lag009,0.54232,0.168515,0.548966,0.38910403
d__wtregen_tga_fed__lag070,0.504702,0.483687,0.28727,0.3891039
q__bogz1fl262151003q_row_repo__lag002,1.0,0.158819,0.230156,0.38897474
d__aaa10y_aaa10y__lag039,0.54232,0.213826,0.503254,0.38888693
d__t10y2y_t10y2y__lag062,0.623824,0.219304,0.404025,0.3888481
q__gpdi_gpdi__lag008,0.968652,0.066132,0.335278,0.38882658
d__aaa10y_aaa10y__lag002,0.54232,0.167465,0.549447,0.38879589
d__wtregen_tga__lag072,0.504702,0.472426,0.297856,0.38876313
d__wtregen_tga__lag070,0.504702,0.483687,0.286102,0.38851453
q__bogz1fr223061143q_state_local_db_retirement_ts_reval__lag005,0.981191,0.312195,0.083657,0.38840658
m__hqmcb10yrp_hqm10y__lag004,0.526646,0.330815,0.406572,0.38834174
q__bogz1fl713068703q_fed_dw_a__lag007,0.987461,0.250745,0.142448,0.38826331
q__bogz1lm102010005q_nfcb_nfassets__lag007,0.987461,0.08665,0.30643,0.38815061
q__bogz1fr593061105q_pension_ts_reval__lag005,0.981191,0.316808,0.078752,0.38812087
m__umcsent_umcsent__lag007,0.915361,0.061763,0.36202,0.3879145
d__wtregen_tga_fed__lag074,0.504702,0.469953,0.298064,0.38762026
d__wtregen_tga_fed__lag075,0.504702,0.469197,0.298671,0.38754476
q__bogz1fr753061103q_usb_tsy_for_reval__lag007,0.974922,0.255851,0.14161,0.38749366
m__usalolitoaastsam_oecd_leading_indicator_us__lag011,0.884013,0.323027,0.11522,0.38741554
q__fbtsatq027s_dom_fin_sector_tsy_tx__lag005,0.981191,0.249375,0.145445,0.38739438
q__bogz1fl313161305q_gov_nonmarketable_ts__lag005,0.99373,0.037361,0.352412,0.38732962
q__bogz1fl704041005q_usb_stloan_a__lag004,0.996865,0.124852,0.263408,0.38704293
d__wtregen_tga__lag074,0.504702,0.469953,0.296907,0.38703628
d__wtregen_tga__lag075,0.504702,0.469197,0.297516,0.38696166
q__bogz1fl663061165q_brokers_dealers_long_ts__lag002,1.0,0.088295,0.298538,0.38683253
d__wtregen_tga_fed__lag073,0.504702,0.471723,0.294604,0.38676683
d__aaa10y_aaa10y__lag043,0.54232,0.211446,0.501496,0.38664227
q__ad02rc1q027sbea_gov_netlending__lag003,0.827586,0.366518,0.100523,0.38651703
q__expgs_exports__lag002,0.987461,0.033414,0.357832,0.38633987
m__w875rx1_real_dpi_xtx__lag008,0.836991,0.055746,0.405808,0.3863165
d__t10y2y_t10y2y__lag066,0.623824,0.204175,0.414965,0.38623438
d__wtregen_tga__lag073,0.504702,0.471723,0.293438,0.38617823
d__t10y2y_t10y2y__lag065,0.623824,0.210501,0.40837,0.38606683
q__a457rc1q027sbea_netva_nfcb__lag006,0.974922,0.04098,0.354939,0.38599053
q__pcesv_pcesv__lag004,0.981191,0.039488,0.353844,0.38593297
q__bogz1fr343061113q_fed_gov_dcf_retirement_ts_reval__lag005,0.981191,0.318333,0.074908,0.38584464
q__bogz1fl593061105q_pension_ts__lag002,1.0,0.143831,0.241925,0.38575597
d__t10y2y_t10y2y__lag069,0.623824,0.207364,0.410678,0.38554972
m__totalsl_totalsl__lag009,1.0,0.051274,0.33427,0.38554369
d__aaa10y_aaa10y__lag001,0.54232,0.165794,0.544941,0.38544566
m__w875rx1_real_dpi_xtx__lag006,0.840125,0.054096,0.40465,0.3854045
d__t10y2y_t10y2y__lag068,0.623824,0.207849,0.409946,0.38539577
d__t10y2y_t10y2y__lag063,0.623824,0.219679,0.398038,0.38534666
d__t10y2y_t10y2y__lag067,0.623824,0.205374,0.412313,0.38532818
q__bogz1fl313161305q_gov_nonmarketable_ts__lag007,0.987461,0.027737,0.362337,0.3851837
q__bogz1fr263061105q_row_bills_reval__lag003,0.987461,0.300517,0.089523,0.38514926
q__bogz1fr263061105q_row_tsy_reval__lag003,0.987461,0.300517,0.089523,0.38514926
q__bogz1fa313161105q_tsy_net_tx__lag003,0.987461,0.337544,0.052464,0.3851179
d__t10y2y_t10y2y__lag064,0.623824,0.215842,0.401477,0.38509841
q__pnfi_priv_nonres_fi__lag005,0.978056,0.0631,0.330559,0.38502075
q__a024rc1q027sbea_cfc__lag006,0.974922,0.07177,0.323049,0.38491757
q__b639rg3q086sbea_exp_ind_pi__lag008,0.717868,0.102818,0.433298,0.38486043
q__fgexpnd_fgexpnd__lag003,0.984326,0.172283,0.21867,0.38482546
q__bogz1fl892050005q_all_ffrepo__lag002,1.0,0.050937,0.333822,0.38475894
q__bogz1fl633061110q_mmf_bills_raw__lag001,1.0,0.344006,0.04043,0.38443594
q__bogz1fl633061110q_mmf_bills__lag001,1.0,0.344006,0.04043,0.38443594
d__aaa10y_aaa10y__lag041,0.54232,0.214784,0.493843,0.38430276
q__bogz1lm403061105q_gses_ts__lag003,1.0,0.310289,0.073896,0.38418528
q__bogz1lm403061105q_gse_tsy__lag003,1.0,0.310289,0.073896,0.38418528
q__impgs_imports__lag005,0.978056,0.00765,0.385068,0.38409982
q__expgs_exports__lag004,0.981191,0.018426,0.37302,0.38408362
q__bogz1fr263061105q_row_bills_reval__lag005,0.981191,0.332955,0.058432,0.38402571
q__bogz1fr263061105q_row_tsy_reval__lag005,0.981191,0.332955,0.058432,0.38402571
q__bogz1fl593061105q_pension_ts__lag001,1.0,0.143961,0.239886,0.38384715
d__t10y2y_t10y2y__lag070,0.623824,0.206651,0.408391,0.38367811
m__umcsent_umcsent__lag004,0.918495,0.066201,0.351349,0.3835177
q__b456rc1q027sbea_nfcb_cfc__lag004,0.981191,0.064466,0.326399,0.38351357
q__fpi_fpi__lag008,0.968652,0.061052,0.33483,0.38347192
q__fpi_invest_priv_fixed__lag008,0.968652,0.061052,0.33483,0.38347192
q__bogz1fl704041005q_usb_stloan_a__lag008,0.984326,0.125089,0.264471,0.38345483
q__bogz1fl704041005q_usb_stloan_a__lag003,1.0,0.118639,0.264704,0.38334259
q__bogz1fr713061113q_cb_bills_reval__lag005,0.981191,0.327505,0.063062,0.3832214
q__rowtsaq027s_row_tsy_tx__lag001,0.99373,0.183562,0.202055,0.38319929
q__na000283q_gov_current_exp__lag003,0.984326,0.170711,0.218579,0.38318806
q__a4102c1q027sbea_gdi_wages__lag004,0.981191,0.040314,0.350192,0.38316144
q__bogz1fr573061105q_private_pension_ts_reval__lag005,0.981191,0.316386,0.073801,0.38284842
q__fgexpnd_fgexpnd__lag004,0.981191,0.156806,0.233285,0.3827537
d__t10y2y_t10y2y__lag071,0.623824,0.209898,0.403556,0.38268794
d__wtregen_tga_fed__lag069,0.504702,0.471728,0.286438,0.38264797
q__bogz1lm543061115q_li_bills__lag008,0.984326,0.123876,0.264613,0.38240002
q__bogz1fl713068703q_fed_dw_a__lag006,0.990596,0.219079,0.166946,0.38239488
d__t10y2y_t10y2y__lag072,0.623824,0.210315,0.402427,0.38224354
m__usalolitoaastsam_oecd_leading_indicator_us__lag007,0.887147,0.313806,0.116959,0.38215229
q__na000283q_gov_current_exp__lag004,0.981191,0.15634,0.233109,0.38212328
q__bogz1fl503061123q_ccps_ts__lag004,0.996865,0.137487,0.245813,0.38209888
d__wtregen_tga__lag069,0.504702,0.471728,0.28527,0.38205857
m__busloans_busloans__lag003,0.99373,0.113634,0.270391,0.38161709
m__totalsl_totalsl__lag008,1.0,0.047031,0.334392,0.38142376
m__totalsl_totalsl__lag007,1.0,0.047913,0.333273,0.38118577
q__bogz1fl262151003q_row_repo__lag004,0.996865,0.165806,0.216469,0.38107735
q__netfi_netfi__lag001,0.990596,0.121597,0.26294,0.3809204
q__w006rc1q027sbea_gov_tax_receipts__lag003,0.984326,0.093765,0.292988,0.38069072
q__bogz1fl573061143q_private_db_pension_ts__lag004,0.996865,0.203749,0.177707,0.38026028
q__bogz1fl593061105q_pension_ts__lag003,1.0,0.134498,0.245627,0.38012537
q__bogz1fl313161305q_gov_nonmarketable_ts__lag006,0.990596,0.027936,0.355576,0.37990569
m__ppiaco_ppiaco__lag008,1.0,0.040599,0.339066,0.37966497
q__bogz1fr753061103q_usb_tsy_for_reval__lag003,0.987461,0.27525,0.109012,0.37944288
q__bogz1fa403061105q_gses_ts_tx__lag002,0.990596,0.255112,0.127761,0.3792726
q__bogz1lm263061110q_row_bills_raw__lag005,0.99373,0.112315,0.268986,0.37891039
q__bogz1lm263061110q_row_bills__lag005,0.99373,0.112315,0.268986,0.37891039
q__bogz1fl712051000q_fed_rrp__lag001,1.0,0.112825,0.266011,0.37883621
m__totalsl_totalsl__lag006,1.0,0.045081,0.333675,0.37875517
m__mcumfn_caputil_man__lag004,0.677116,0.323631,0.235613,0.3786733
m__w875rx1_real_dpi_xtx__lag009,0.836991,0.047108,0.405211,0.37858655
q__a4102c1q027sbea_gdi_wages__lag003,0.984326,0.037127,0.347043,0.3781486
q__bogz1fl704041005q_usb_stloan_a__lag005,0.99373,0.115651,0.264803,0.37806777
q__rowtsaq027s_row_tsy_tx__lag002,0.990596,0.169823,0.211693,0.37792776
q__bogz1lm223061143q_state_local_db_retirement_ts__lag003,1.0,0.069816,0.308043,0.37785876
q__bogz1fl503061123q_ccps_ts__lag002,1.0,0.119336,0.258521,0.37785695
q__bogz1fl704041005q_usb_stloan_a__lag007,0.987461,0.118706,0.26373,0.37764015
m__totalsl_totalsl__lag001,1.0,0.045415,0.331867,0.37728143
m__ltdacbm027nbog_ltd__lag008,0.661442,0.115776,0.454248,0.37703779
q__bogz1fr343061105q_fed_gov_retirement_ts_reval__lag005,0.981191,0.310728,0.073334,0.37683868
q__b461rc1q027sbea_netva_wages__lag005,0.978056,0.037682,0.347512,0.37674132
q__bogz1lm102010005q_nfcb_nfassets__lag006,0.990596,0.07562,0.304395,0.37644127
m__totalsl_totalsl__lag004,1.0,0.043517,0.332793,0.37630998
q__bogz1lm513061105q_pci_tsy_raw__lag007,0.987461,0.016639,0.364418,0.37627848
q__bogz1lm513061105q_pc_insurance_ts__lag007,0.987461,0.016639,0.364418,0.37627848
q__bogz1lm513061105q_p_c_insurance_ts__lag007,0.987461,0.016639,0.364418,0.37627848
m__totalsl_totalsl__lag005,1.0,0.042408,0.333531,0.37593866
q__bogz1lm263061105q_row_tsy_raw__lag003,1.0,0.126361,0.249571,0.37593247
q__bogz1lm263061105q_row_tsy__lag003,1.0,0.126361,0.249571,0.37593247
q__mmmffaq027s_mmf_tfa__lag006,0.990596,0.063799,0.31559,0.3758208
m__civpart_civpart__lag011,0.971787,0.109298,0.277164,0.37555902
d__wtregen_tga_fed__lag068,0.504702,0.4611,0.282587,0.37534037
q__bogz1fl262051003q_row_rrp__lag003,1.0,0.073624,0.3015,0.37512414
q__bogz1fl263061130q_row_gov_tsy__lag008,0.984326,0.112106,0.268824,0.37495843
q__bogz1fr573061143q_private_db_pension_ts_reval__lag003,0.987461,0.273497,0.106191,0.37492678
q__bogz1fa105019005q_nfcb_gfi__lag005,0.981191,0.0492,0.332788,0.37480338
d__wtregen_tga__lag068,0.504702,0.4611,0.281417,0.37475012
q__gsave_gsave__lag006,0.974922,0.051398,0.332881,0.37464176
d__t10y2y_t10y2y__lag073,0.623824,0.210377,0.389932,0.37448769
q__a024rc1q027sbea_cfc__lag005,0.978056,0.062768,0.320009,0.37437799
q__bogz1fl704041005q_usb_stloan_a__lag006,0.990596,0.114861,0.263036,0.37434276
q__w006rc1q027sbea_gov_tax_receipts__lag006,0.974922,0.055836,0.327974,0.3741843
q__fgrecpt_fgrecpt__lag008,0.968652,0.027807,0.358437,0.37413608
q__bogz1fl704041005q_usb_stloan_a__lag002,1.0,0.107789,0.266226,0.37401432
q__bogz1lm223061143q_state_local_db_retirement_ts__lag002,1.0,0.081841,0.292023,0.37386322
q__b456rc1q027sbea_nfcb_cfc__lag003,0.984326,0.056589,0.323054,0.37369249
m__totalsl_totalsl__lag003,1.0,0.040929,0.332699,0.37362855
m__hqmcb10yrp_hqm10y__lag006,0.526646,0.317324,0.392039,0.37358323
d__wtregen_tga_fed__lag067,0.504702,0.458958,0.280153,0.3730312
d__wtregen_tga__lag067,0.504702,0.458958,0.278979,0.37243842
m__busloans_busloans__lag002,0.99373,0.106396,0.268292,0.37233891
q__rowtsaq027s_row_tsy_tx__lag005,0.981191,0.150131,0.229194,0.3721902
m__houst_houst__lag011,0.833856,0.223947,0.222392,0.37218196
q__bogz1fl593061105q_pension_ts__lag004,0.996865,0.126434,0.246873,0.37213675
q__expgs_exports__lag003,0.984326,0.007288,0.370596,0.37196089
q__bogz1fl264035005q_row_loans_a__lag004,0.996865,0.080743,0.292385,0.37195925
m__totalsl_totalsl__lag002,1.0,0.039446,0.332499,0.37194419
m__houst_houst__lag009,0.836991,0.226229,0.217858,0.37169683
q__fgrecpt_fgrecpt__lag004,0.981191,0.047768,0.3309,0.37154623
q__pcesv_pcesv__lag003,0.984326,0.026158,0.351268,0.37151067
q__gdp_gdp__lag004,0.981191,0.03111,0.347446,0.37143551
q__bogz1fl593061105q_pension_ts__lag006,0.990596,0.11937,0.255001,0.37085055
d__wtregen_tga_fed__lag066,0.504702,0.444513,0.290095,0.37075833
q__bogz1lm105020015q_nfcb_inventories__lag006,0.990596,0.042991,0.331162,0.37063363
m__mcumfn_caputil_man__lag011,0.670846,0.317485,0.234965,0.37060889
d__wtregen_tga_fed__lag052,0.504702,0.430229,0.303297,0.37021228
m__houst_houst__lag012,0.833856,0.214361,0.229581,0.37018311
d__wtregen_tga__lag066,0.504702,0.444513,0.288934,0.3701724
q__tnwhcbsnncb_nfcb_hc_nw__lag008,0.984326,0.014614,0.361432,0.37015183
d__wtregen_tga__lag052,0.504702,0.430229,0.302157,0.36963672
d__t10y2y_t10y2y__lag074,0.623824,0.207923,0.384454,0.36953902
q__iatashcbsnncb_nfcb_hc_inventories__lag004,0.996865,0.017998,0.35267,0.36950612
q__bogz1fa313161105q_tsy_net_tx__lag001,0.99373,0.268574,0.103242,0.36948531
d__anfci_anfci__lag069,0.69279,0.044038,0.489061,0.36932566
d__t10y2y_t10y2y__lag075,0.623824,0.209643,0.382372,0.3693139
q__bogz1fa653061105q_mutual_funds_ts_tx__lag001,0.99373,0.31273,0.0589,0.36929972
d__wtregen_tga__lag024,0.504702,0.444953,0.28668,0.36925674
q__bogz1fl264035005q_row_loans_a__lag003,1.0,0.07748,0.291765,0.36924525
q__bogz1fl593061105q_pension_ts__lag005,0.99373,0.117586,0.253867,0.3691239
d__wtregen_tga_fed__lag024,0.504702,0.443291,0.287784,0.36897521
m__mcumfn_caputil_man__lag002,0.680251,0.321773,0.220634,0.36897287
d__wtregen_tga__lag023,0.504702,0.448052,0.282941,0.36893363
m__mcumfn_caputil_man__lag003,0.680251,0.320697,0.221568,0.36887625
d__anfci_anfci__lag070,0.69279,0.044757,0.487515,0.3687533
d__anfci_anfci__lag077,0.69279,0.044531,0.487684,0.36871274
d__wtregen_tga_fed__lag023,0.504702,0.446368,0.284054,0.36864588
d__t10y2y_t10y2y__lag078,0.623824,0.2073,0.383587,0.36860948
m__uempmean_uempmean__lag010,0.971787,0.024958,0.354242,0.36850186
q__bogz1lm573061105q_private_pension_ts__lag001,1.0,0.185158,0.18324,0.36839822
d__wtregen_tga__lag026,0.504702,0.440169,0.289688,0.36836068
q__bogz1fl503061123q_ccps_ts__lag003,1.0,0.119705,0.248627,0.36833132
q__bogz1fl343061123q_fed_gov_dcg_retirement_ts__lag002,1.0,0.178253,0.190011,0.36826403
d__anfci_anfci__lag071,0.69279,0.044012,0.487522,0.36824156
d__wtregen_tga_fed__lag026,0.504702,0.438537,0.290792,0.36809421
d__wtregen_tga__lag031,0.504702,0.433757,0.295418,0.36801639
q__fgrecpt_fgrecpt__lag005,0.978056,0.036076,0.340105,0.36792562
d__anfci_anfci__lag076,0.69279,0.044683,0.486369,0.36790742
d__wtregen_tga__lag025,0.504702,0.440032,0.288704,0.36779436
d__wtregen_tga_fed__lag031,0.504702,0.432174,0.296512,0.36776921
q__bogz1fr573061133q_private_dc_pension_ts_reval__lag005,0.981191,0.299679,0.075088,0.36771893
d__wtregen_tga__lag038,0.504702,0.433007,0.295562,0.36771049
d__anfci_anfci__lag078,0.69279,0.042917,0.487809,0.36768195
q__fpi_fpi__lag007,0.971787,0.047495,0.330804,0.36762613
q__fpi_invest_priv_fixed__lag007,0.971787,0.047495,0.330804,0.36762613
q__bogz1fl663061165q_brokers_dealers_long_ts__lag004,0.996865,0.058976,0.309803,0.36762263
d__wtregen_tga_fed__lag025,0.504702,0.438388,0.289806,0.36752109
m__dspi_dspi__lag004,0.840125,0.114223,0.323221,0.3675075
d__wtregen_tga_fed__lag038,0.504702,0.431454,0.296668,0.36748438
q__iatashcbsnncb_nfcb_hc_inventories__lag002,1.0,0.029117,0.338345,0.36746256
d__wtregen_tga_fed__lag051,0.504702,0.427597,0.300369,0.36740573
d__t10y2y_t10y2y__lag088,0.623824,0.196226,0.392456,0.36723408
d__anfci_anfci__lag062,0.69279,0.039886,0.490089,0.36716086
d__anfci_anfci__lag072,0.69279,0.043406,0.486546,0.36714565
m__uempmean_uempmean__lag008,0.974922,0.033126,0.343269,0.36695561
d__wtregen_tga__lag030,0.504702,0.43529,0.291674,0.36690036
d__wtregen_tga__lag051,0.504702,0.427597,0.299221,0.36682683
d__t10y2y_t10y2y__lag076,0.623824,0.205853,0.381993,0.36671282
d__wtregen_tga_fed__lag030,0.504702,0.433702,0.292782,0.36665775
d__anfci_anfci__lag068,0.69279,0.039582,0.489616,0.36662308
d__wtregen_tga__lag045,0.504702,0.427949,0.298292,0.3665352
d__t10y2y_t10y2y__lag079,0.623824,0.20464,0.382798,0.36645842
d__wtregen_tga_fed__lag065,0.504702,0.427359,0.298585,0.36638541
d__wtregen_tga_fed__lag045,0.504702,0.426507,0.299418,0.36637579
d__anfci_anfci__lag073,0.69279,0.04309,0.485715,0.36635081
d__anfci_anfci__lag074,0.69279,0.042787,0.485682,0.36611816
d__wtregen_tga__lag039,0.504702,0.427282,0.298059,0.3660815
d__wtregen_tga__lag046,0.504702,0.423396,0.301778,0.36599707
q__bogz1fl503061123q_ccps_ts__lag001,1.0,0.103057,0.262886,0.36594296
m__ppiaco_ppiaco__lag007,1.0,0.031204,0.33468,0.36588357
d__anfci_anfci__lag079,0.69279,0.041747,0.486378,0.3658795
d__wtregen_tga_fed__lag039,0.504702,0.425743,0.29916,0.36586021
d__wtregen_tga_fed__lag046,0.504702,0.421964,0.302896,0.3658383
d__wtregen_tga__lag065,0.504702,0.427359,0.297439,0.36580687
q__tnwhcbsnncb_nfcb_hc_nw__lag007,0.987461,0.01784,0.352601,0.36579611
d__anfci_anfci__lag064,0.69279,0.04003,0.487792,0.36566927
q__gpdi_gpdi__lag007,0.971787,0.044692,0.331572,0.36564806
d__anfci_anfci__lag065,0.69279,0.040337,0.487447,0.36564388
d__wtregen_tga__lag027,0.504702,0.435327,0.289133,0.36563661
d__anfci_anfci__lag063,0.69279,0.039956,0.487817,0.36563608
q__rowtsaq027s_row_tsy_tx__lag004,0.984326,0.08374,0.287714,0.36563226
q__bogz1fl593061105q_pension_ts__lag007,0.987461,0.109455,0.26082,0.3656317
d__t10y2y_t10y2y__lag077,0.623824,0.204802,0.381283,0.36561383
d__anfci_anfci__lag075,0.69279,0.040673,0.487048,0.36559984
d__wtregen_tga__lag019,0.504702,0.444907,0.279405,0.36556214
d__wtregen_tga_fed__lag050,0.504702,0.422258,0.301991,0.3655301
d__anfci_anfci__lag067,0.69279,0.040565,0.486874,0.36540457
d__wtregen_tga_fed__lag027,0.504702,0.433718,0.290245,0.36538561
d__anfci_anfci__lag066,0.69279,0.040457,0.48687,0.36532709
d__wtregen_tga_fed__lag019,0.504702,0.443197,0.280526,0.3652644
d__t10y2y_t10y2y__lag090,0.623824,0.196074,0.389423,0.36524683
q__b456rc1q027sbea_nfcb_cfc__lag002,0.987461,0.050719,0.319166,0.36524656
d__wtregen_tga_fed__lag053,0.504702,0.420139,0.303496,0.36521995
d__t10y2y_t10y2y__lag087,0.623824,0.195205,0.390216,0.36519984
d__wtregen_tga__lag047,0.504702,0.421755,0.301754,0.36515657
d__wtregen_tga__lag040,0.504702,0.425371,0.297846,0.36500917
d__wtregen_tga_fed__lag047,0.504702,0.420327,0.302874,0.365001
d__wtregen_tga__lag050,0.504702,0.422258,0.300842,0.36494999
q__expgs_exports__lag001,0.990596,0.016775,0.35159,0.36490068
d__anfci_anfci__lag080,0.69279,0.041228,0.485482,0.36489961
d__wtregen_tga__lag049,0.504702,0.422549,0.300346,0.36484689
d__wtregen_tga__lag033,0.504702,0.429403,0.293445,0.36482312
d__wtregen_tga_fed__lag040,0.504702,0.423839,0.298949,0.36479261
d__wtregen_tga__lag037,0.504702,0.429898,0.292763,0.36472894
d__wtregen_tga_fed__lag049,0.504702,0.421122,0.301474,0.36469592
d__t10y2y_t10y2y__lag083,0.623824,0.204105,0.380458,0.36466437
d__wtregen_tga__lag053,0.504702,0.420139,0.302354,0.36464371
d__t10y2y_t10y2y__lag089,0.623824,0.191861,0.392644,0.36462879
d__wtregen_tga__lag032,0.504702,0.427636,0.294815,0.36462239
d__anfci_anfci__lag081,0.69279,0.040799,0.485472,0.36459517
q__iatashcbsnncb_nfcb_hc_inventories__lag001,1.0,0.037014,0.327573,0.36458669
d__wtregen_tga_fed__lag033,0.504702,0.42782,0.294548,0.3645809
q__a464rc1q027sbea_nfcb_pbt__lag007,0.971787,0.131955,0.243208,0.36457768
d__wtregen_tga__lag048,0.504702,0.422035,0.300284,0.36455624
d__wtregen_tga__lag022,0.504702,0.440434,0.281869,0.36454827
d__anfci_anfci__lag061,0.69279,0.035128,0.491048,0.36452905
d__wtregen_tga_fed__lag037,0.504702,0.428326,0.293875,0.36449651
d__wtregen_tga_fed__lag048,0.504702,0.420614,0.301412,0.36440815
d__wtregen_tga_fed__lag032,0.504702,0.426063,0.295913,0.36438279
d__t10y2y_t10y2y__lag085,0.623824,0.203734,0.380195,0.36426966
d__wtregen_tga_fed__lag022,0.504702,0.438726,0.282982,0.36424728
d__t10y2y_t10y2y__lag082,0.623824,0.202501,0.381381,0.36424029
d__wtregen_tga__lag020,0.504702,0.441533,0.279787,0.36405157
m__uempmean_uempmean__lag009,0.974922,0.016424,0.35698,0.36404025
q__bogz1fl264135005q_row_loans_l__lag005,0.99373,0.149577,0.216703,0.36398324
d__wtregen_tga__lag034,0.504702,0.429336,0.291593,0.363854
d__wtregen_tga_fed__lag020,0.504702,0.439838,0.280908,0.3637624
d__anfci_anfci__lag084,0.689655,0.038678,0.488749,0.36374283
d__wtregen_tga_fed__lag034,0.504702,0.427754,0.292703,0.3636163
d__anfci_anfci__lag083,0.69279,0.040626,0.484031,0.36347739
q__bogz1lm343061113q_fed_gov_dcf_retirement_ts__lag003,1.0,0.184768,0.178696,0.36346423
q__bogz1lm343061113q_fed_gov_dc_retirement_ts__lag003,1.0,0.184768,0.178696,0.36346423
q__bogz1lm343061113q_fed_ret_tsy_dc__lag003,1.0,0.184768,0.178696,0.36346423
q__bogz1fl673061103q_abs_issuers_ts__lag001,1.0,0.058235,0.305166,0.36340071
q__bogz1fl712051000q_fed_rrp__lag007,0.987461,0.233999,0.133932,0.36331757
q__a091rc1q027sbea_gov_interest_payments__lag005,0.978056,0.032057,0.339242,0.36315054
q__a091rc1q027sbea_fedgov_int__lag005,0.978056,0.032057,0.339242,0.36315054
d__wtregen_tga_fed__lag064,0.504702,0.425526,0.29394,0.36311619
q__bogz1lm573061105q_private_pension_ts__lag002,1.0,0.183056,0.179948,0.36300356
q__a024rc1q027sbea_cfc__lag004,0.981191,0.053456,0.316461,0.36295914
m__dspi_dspi__lag006,0.840125,0.10651,0.325238,0.36272314
d__wtregen_tga__lag021,0.504702,0.437416,0.281112,0.36264293
d__anfci_anfci__lag060,0.69279,0.035454,0.487952,0.36261034
d__wtregen_tga__lag064,0.504702,0.425526,0.292785,0.36253348
d__anfci_anfci__lag085,0.689655,0.036581,0.488982,0.36245673
d__t10y2y_t10y2y__lag080,0.623824,0.201821,0.379181,0.36244315
d__wtregen_tga_fed__lag054,0.504702,0.415321,0.302753,0.36241357
d__wtregen_tga_fed__lag021,0.504702,0.435732,0.282228,0.36235602
m__umcsent_umcsent__lag003,0.918495,0.090084,0.304414,0.36234477
d__anfci_anfci__lag055,0.69279,0.033707,0.489304,0.36233675
d__wtregen_tga__lag017,0.504702,0.444111,0.273777,0.36231966
d__t10y2y_t10y2y__lag084,0.623824,0.200177,0.380362,0.3621543
m__dspi_dspi__lag009,0.836991,0.107927,0.324707,0.36211109
d__t10y2y_t10y2y__lag086,0.623824,0.197857,0.382605,0.36210612
d__t10y2y_t10y2y__lag081,0.623824,0.203858,0.376573,0.36208699
d__anfci_anfci__lag059,0.69279,0.034842,0.487764,0.36205631
d__wtregen_tga_fed__lag017,0.504702,0.442399,0.274919,0.36203174
d__anfci_anfci__lag058,0.69279,0.03447,0.487931,0.36191448
d__anfci_anfci__lag082,0.69279,0.03747,0.484901,0.36189324
d__wtregen_tga__lag036,0.504702,0.42459,0.292369,0.36185053
d__wtregen_tga__lag054,0.504702,0.415321,0.301609,0.36183613
d__wtregen_tga__lag018,0.504702,0.440783,0.27604,0.36178184
d__wtregen_tga__lag041,0.504702,0.4209,0.295586,0.36161231
d__wtregen_tga_fed__lag036,0.504702,0.423001,0.293477,0.3616081
q__bogz1fr653061105q_mutual_funds_ts_reval__lag005,0.981191,0.279371,0.089159,0.3615987
m__umcsent_umcsent__lag002,0.92163,0.072905,0.319403,0.36156261
d__wtregen_tga_fed__lag018,0.504702,0.439079,0.277174,0.3614946
d__wtregen_tga__lag028,0.504702,0.427367,0.288798,0.36145034
q__w006rc1q027sbea_gov_tax_receipts__lag002,0.987461,0.087376,0.278656,0.36144202
d__wtregen_tga__lag035,0.504702,0.424716,0.291386,0.36141801
d__wtregen_tga_fed__lag041,0.504702,0.419395,0.296704,0.36141678
q__gdp_gdp__lag003,0.984326,0.022874,0.344295,0.36141458
q__fgrecpt_fgrecpt__lag003,0.984326,0.043808,0.323252,0.36130682
d__wtregen_tga__lag044,0.504702,0.422904,0.292865,0.36125014
d__wtregen_tga_fed__lag028,0.504702,0.425793,0.289916,0.36121994
d__wtregen_tga__lag029,0.504702,0.429238,0.286471,0.36121986
d__wtregen_tga_fed__lag035,0.504702,0.423156,0.292499,0.36119295
d__wtregen_tga_fed__lag063,0.504702,0.42481,0.29064,0.36108918
d__wtregen_tga_fed__lag044,0.504702,0.421444,0.294004,0.36108806
d__anfci_anfci__lag057,0.69279,0.033486,0.487715,0.36108281
d__wtregen_tga_fed__lag029,0.504702,0.427632,0.287597,0.36097747
d__anfci_anfci__lag086,0.689655,0.035781,0.487557,0.36092245
q__bogz1lm223061143q_state_local_db_retirement_ts__lag001,1.0,0.081549,0.279343,0.36089216
q__gpdi_gpdi__lag004,0.981191,0.049543,0.318128,0.36075562
d__wtregen_tga_fed__lag059,0.504702,0.421064,0.293717,0.36075152
q__bogz1fl593061105q_pension_ts__lag008,0.984326,0.102744,0.263639,0.36064007
d__anfci_anfci__lag056,0.69279,0.032906,0.487581,0.36058861
d__wtregen_tga__lag063,0.504702,0.42481,0.289482,0.36050437
m__ltdacbm027nbog_ltd__lag007,0.661442,0.089053,0.455828,0.36040716
d__wtregen_tga__lag016,0.504702,0.44804,0.265922,0.3603382
q__w006rc1q027sbea_gov_tax_receipts__lag007,0.971787,0.03406,0.336682,0.36028182
q__a4102c1q027sbea_gdi_wages__lag002,0.987461,0.025302,0.339533,0.36026038
q__bogz1fr713061113q_cb_bills_reval__lag002,0.990596,0.243826,0.119839,0.36024504
d__wtregen_tga__lag059,0.504702,0.421064,0.292563,0.3601691
q__bogz1fl892050005q_all_ffrepo__lag004,0.996865,0.013136,0.348149,0.36015247
d__anfci_anfci__lag054,0.69279,0.02908,0.490753,0.36013515
m__busloans_busloans__lag001,0.99373,0.091236,0.271123,0.36008759
d__wtregen_tga_fed__lag016,0.504702,0.446299,0.267096,0.36005172
d__anfci_anfci__lag087,0.689655,0.035257,0.486777,0.36002388
q__rowcbaq027s_row_corpbonds_flow__lag001,0.99373,0.1568,0.205367,0.35989604
q__a457rc1q027sbea_netva_nfcb__lag005,0.978056,0.018512,0.349424,0.35986173
q__bogz1lm263061110q_row_bills_raw__lag007,0.987461,0.102637,0.261737,0.35980534
q__bogz1lm263061110q_row_bills__lag007,0.987461,0.102637,0.261737,0.35980534
d__anfci_anfci__lag088,0.689655,0.034916,0.486785,0.35979396
d__wtregen_tga_fed__lag062,0.504702,0.422449,0.290331,0.35974148
q__a464rc1q027sbea_nfcb_pbt__lag008,0.968652,0.110247,0.260872,0.35948498
m__uempmean_uempmean__lag011,0.971787,0.005585,0.364125,0.35927903
d__wtregen_tga__lag043,0.504702,0.418429,0.293364,0.35924338
d__wtregen_tga__lag062,0.504702,0.422449,0.289174,0.35915732
q__bogz1fl633061110q_mmf_bills_raw__lag003,1.0,0.261024,0.098114,0.35913782
q__bogz1fl633061110q_mmf_bills__lag003,1.0,0.261024,0.098114,0.35913782
d__wtregen_tga_fed__lag043,0.504702,0.416952,0.294498,0.35907084
q__bogz1lm653061113q_mf_bills_raw__lag008,0.984326,0.225112,0.139676,0.35907052
q__bogz1lm653061113q_mutf_bills__lag008,0.984326,0.225112,0.139676,0.35907052
d__wtregen_tga_fed__lag061,0.504702,0.421658,0.289584,0.35896538
q__bogz1fl633061105q_mmf_tsy_raw__lag001,1.0,0.304627,0.054206,0.3588328
q__bogz1fl633061105q_money_market_funds_ts__lag001,1.0,0.304627,0.054206,0.3588328
q__bogz1fl663061165q_brokers_dealers_long_ts__lag006,0.990596,0.051711,0.310282,0.35858923
q__bogz1fl264135005q_row_loans_l__lag003,1.0,0.134559,0.223925,0.35848423
d__wtregen_tga__lag061,0.504702,0.421658,0.288425,0.35838044
q__bogz1fl663061165q_brokers_dealers_long_ts__lag007,0.987461,0.044208,0.318708,0.35836561
d__wtregen_tga__lag042,0.504702,0.415997,0.293999,0.35833679
d__wtregen_tga_fed__lag042,0.504702,0.414517,0.295127,0.35815915
q__rowcbaq027s_row_corpbonds_flow__lag003,0.987461,0.223804,0.138888,0.35814446
q__mmmffaq027s_mmf_tfa__lag007,0.987461,0.040732,0.321891,0.35807598
q__bogz1fr743061103q_usb_tsy_dom_reval__lag005,0.981191,0.287662,0.07727,0.35806833
d__wtregen_tga_fed__lag060,0.504702,0.422162,0.287287,0.35806064
d__wtregen_tga_fed__lag055,0.504702,0.408827,0.300396,0.3579462
q__bogz1fa673061103q_abs_issuers_ts_tx__lag002,0.990596,0.258558,0.102727,0.35788749
q__bogz1fl262151003q_row_repo__lag007,0.987461,0.156804,0.205589,0.35784885
q__bogz1lm263061110q_row_bills_raw__lag006,0.990596,0.098588,0.262609,0.35780019
q__bogz1lm263061110q_row_bills__lag006,0.990596,0.098588,0.262609,0.35780019
q__bogz1fr513061105q_pc_insurance_ts_reval__lag008,0.971787,0.259377,0.108715,0.35770724
q__bogz1lm102010005q_nfcb_nfassets__lag005,0.99373,0.059865,0.300069,0.35767679
m__ltdacbm027nbog_ltd__lag001,0.667712,0.087547,0.447983,0.35757957
d__anfci_anfci__lag053,0.69279,0.028281,0.487838,0.35756259
d__wtregen_tga_fed__lag056,0.504702,0.409623,0.298755,0.35751984
d__wtregen_tga__lag060,0.504702,0.422162,0.286123,0.35747332
m__recprousm156n_recprob__lag009,0.730408,0.308988,0.180323,0.35739604
q__bogz1fr263061145q_row_priv_tsy_reval__lag004,0.984326,0.350604,0.012465,0.35737807
d__wtregen_tga__lag055,0.504702,0.408827,0.29925,0.35736795
q__a4102c1q027sbea_gdi_wages__lag001,0.990596,0.02582,0.334793,0.35722176
d__wtregen_tga_fed__lag057,0.504702,0.410049,0.297713,0.35720897
m__houst_houst__lag008,0.836991,0.229647,0.197118,0.35719812
d__wtregen_tga__lag056,0.504702,0.409623,0.297605,0.35693972
q__w260rc1q027sbea_gdi_netopsurp_privent__lag008,0.968652,0.026555,0.341905,0.35691034
q__gpdi_gpdi__lag003,0.984326,0.047977,0.314457,0.3567531
d__dexusuk_dexusuk__lag068,0.69279,0.163568,0.351374,0.35674655
q__bogz1fr573061105q_private_pension_ts_reval__lag003,0.987461,0.25957,0.10168,0.35672016
d__wtregen_tga__lag057,0.504702,0.410049,0.296557,0.35662591
q__a464rc1q027sbea_nfcb_pbt__lag006,0.974922,0.138651,0.22714,0.35661713
q__b093rc1q027sbea_gov_int_row__lag004,0.981191,0.038597,0.324808,0.3565706
q__bogz1lm263061105q_row_tsy_raw__lag004,0.996865,0.111878,0.245764,0.3565214
q__bogz1lm263061105q_row_tsy__lag004,0.996865,0.111878,0.245764,0.3565214
d__anfci_anfci__lag052,0.69279,0.027202,0.487368,0.35648913
q__bogz1fl503061123q_ccps_ts__lag005,0.99373,0.118338,0.240335,0.35642464
d__anfci_anfci__lag090,0.689655,0.032898,0.483825,0.35636034
d__dexusuk_dexusuk__lag069,0.69279,0.159399,0.354882,0.35628885
q__tnwmvbsnncb_nfcb_nw__lag008,0.984326,0.042251,0.319708,0.35628576
m__mcumfn_caputil_man__lag001,0.680251,0.286432,0.237303,0.35627106
d__anfci_anfci__lag051,0.69279,0.026741,0.487168,0.35603067
q__tnwhcbsnncb_nfcb_hc_nw__lag006,0.990596,0.01445,0.344859,0.35593015
d__wtregen_tga_fed__lag058,0.504702,0.412014,0.292757,0.35569924
d__anfci_anfci__lag089,0.689655,0.031005,0.484532,0.35554238
d__dexusuk_dexusuk__lag083,0.69279,0.152648,0.360392,0.355429
d__anfci_anfci__lag048,0.69279,0.027044,0.485944,0.35539298
q__b456rc1q027sbea_nfcb_cfc__lag001,0.990596,0.043914,0.314827,0.35536729
q__bogz1fa713061103q_cb_tsy_tx__lag007,0.974922,0.161777,0.20248,0.3551218
d__wtregen_tga__lag058,0.504702,0.412014,0.291598,0.35511457
d__dexusuk_dexusuk__lag070,0.69279,0.158855,0.353585,0.35501278
d__anfci_anfci__lag050,0.69279,0.025649,0.486632,0.35490288
d__dexusuk_dexusuk__lag085,0.69279,0.15484,0.357348,0.35483907
q__bogz1fl892050005q_all_ffrepo__lag003,1.0,0.010611,0.344073,0.3546837
d__dexusuk_dexusuk__lag080,0.69279,0.156132,0.35576,0.35463365
q__rowgseq027s_row_agency_flow__lag002,0.990596,0.310813,0.047047,0.35449463
q__bogz1fr543061175q_life_insurance_ts_reval__lag002,0.990596,0.191697,0.166121,0.35445272
d__dexusuk_dexusuk__lag084,0.69279,0.153785,0.357789,0.35441333
q__bogz1fr263061145q_row_priv_tsy_reval__lag003,0.987461,0.266824,0.091886,0.35421241
q__fgrecpt_fgrecpt__lag006,0.974922,0.015182,0.348113,0.35418354
m__ppiaco_ppiaco__lag006,1.0,0.024983,0.329184,0.35416732
q__b461rc1q027sbea_netva_wages__lag004,0.981191,0.018693,0.342165,0.35407053
d__anfci_anfci__lag049,0.69279,0.024939,0.486113,0.35405164
d__anfci_anfci__lag047,0.69279,0.023395,0.487508,0.35394834
d__dexusuk_dexusuk__lag067,0.69279,0.161832,0.34896,0.35387157
d__dexusuk_dexusuk__lag066,0.69279,0.163377,0.347398,0.35385977
d__dexusuk_dexusuk__lag081,0.69279,0.153342,0.357191,0.35369224
q__bogz1fa713061113q_cb_bills_tx__lag002,0.990596,0.133756,0.223279,0.35367664
q__bogz1fl573061143q_private_db_pension_ts__lag005,0.99373,0.181437,0.174317,0.3535239
q__a457rc1q027sbea_netva_nfcb__lag002,0.987461,0.033478,0.324234,0.35322732
q__gpdi_gpdi__lag002,0.987461,0.055086,0.302395,0.35299808
m__permit_permit__lag012,0.821317,0.243064,0.186683,0.35295804
q__a024rc1q027sbea_cfc__lag003,0.984326,0.045686,0.312682,0.35275102
q__bogz1fl264135005q_row_loans_l__lag004,0.996865,0.135035,0.218779,0.35270489
m__wpu0561_ppi_crude__lag011,0.984326,0.069862,0.288434,0.35267996
q__b092rc1q027sbea_gov_int_priv__lag007,0.808777,0.062281,0.373733,0.35263824
q__bogz1fl262051003q_row_rrp__lag005,0.99373,0.044225,0.310345,0.35234629
d__dexusuk_dexusuk__lag071,0.69279,0.154727,0.353839,0.35232962
q__bogz1fr103061103q_nfcb_tsy_reval__lag005,0.981191,0.277194,0.081685,0.35212905
m__dspi_dspi__lag012,0.833856,0.098202,0.323674,0.35178387
d__dexusuk_dexusuk__lag065,0.69279,0.159781,0.347903,0.35171818
q__tfaabsnncb_nfcb_tfa__lag006,0.990596,0.053779,0.301213,0.35165371
m__wpu0561_ppi_crude__lag012,0.984326,0.061089,0.296099,0.35158936
q__a457rc1q027sbea_netva_nfcb__lag003,0.984326,0.020045,0.337111,0.35155775
d__dexusuk_dexusuk__lag082,0.69279,0.149878,0.357254,0.35133618
d__anfci_anfci__lag046,0.69279,0.021664,0.48539,0.35128209
q__bogz1fl262151003q_row_repo__lag006,0.990596,0.153143,0.20137,0.35117959
d__dexusuk_dexusuk__lag086,0.69279,0.155106,0.351669,0.35108845
q__tfaabsnncb_nfcb_tfa__lag007,0.987461,0.049523,0.306007,0.35107217
m__dspi_dspi__lag003,0.84326,0.095636,0.320317,0.35075703
m__mvphgfd027mnfrbdal_mvphgfd027mnfrbdal__lag004,1.0,0.146877,0.203868,0.35074495
m__mvphgfd027mnfrbdal_mv_priv_debt__lag004,1.0,0.146877,0.203868,0.35074495
d__dexusuk_dexusuk__lag087,0.69279,0.156025,0.349829,0.35045042
m__mvphgfd027mnfrbdal_mvphgfd027mnfrbdal__lag002,1.0,0.144427,0.206017,0.35044461
m__mvphgfd027mnfrbdal_mv_priv_debt__lag002,1.0,0.144427,0.206017,0.35044461
q__bogz1fr593061105q_pension_ts_reval__lag003,0.987461,0.25463,0.100206,0.35038647
m__mvphgfd027mnfrbdal_mvphgfd027mnfrbdal__lag005,1.0,0.147529,0.2027,0.35022919
m__mvphgfd027mnfrbdal_mv_priv_debt__lag005,1.0,0.147529,0.2027,0.35022919
m__mvphgfd027mnfrbdal_mvphgfd027mnfrbdal__lag003,1.0,0.146717,0.20345,0.35016614
m__mvphgfd027mnfrbdal_mv_priv_debt__lag003,1.0,0.146717,0.20345,0.35016614
d__dexusuk_dexusuk__lag074,0.69279,0.154978,0.350354,0.35008873
d__anfci_anfci__lag045,0.69279,0.020509,0.484698,0.35000247
q__bogz1fa673061103q_abs_issuers_ts_tx__lag001,0.99373,0.251307,0.100797,0.34989592
q__bogz1fl262051003q_row_rrp__lag008,0.984326,0.022833,0.332533,0.34979569
q__pnfi_priv_nonres_fi__lag004,0.981191,0.02977,0.326506,0.34957571
q__bogz1fr343061105q_fed_gov_retirement_ts_reval__lag003,0.987461,0.252527,0.101436,0.34952424
q__a457rc1q027sbea_netva_nfcb__lag004,0.981191,0.013592,0.342627,0.34951884
d__wtregen_tga__lag015,0.504702,0.43698,0.255414,0.34945281
d__anfci_anfci__lag044,0.69279,0.020114,0.484252,0.34942006
q__bogz1fl663061165q_brokers_dealers_long_ts__lag005,0.99373,0.036377,0.315244,0.34941636
m__mvphgfd027mnfrbdal_mvphgfd027mnfrbdal__lag006,1.0,0.14782,0.201438,0.34925808
m__mvphgfd027mnfrbdal_mv_priv_debt__lag006,1.0,0.14782,0.201438,0.34925808
d__dexusuk_dexusuk__lag079,0.69279,0.153616,0.350453,0.34921353
d__wtregen_tga_fed__lag015,0.504702,0.435225,0.256633,0.34918184
q__bogz1fa573061133q_private_dc_pension_ts_tx__lag002,0.990596,0.284192,0.068269,0.34914565
d__dexusuk_dexusuk__lag064,0.69279,0.161714,0.342209,0.34911309
d__wimfsl_immf__lag054,0.579937,0.266204,0.335704,0.34906865
m__mvphgfd027mnfrbdal_mvphgfd027mnfrbdal__lag007,1.0,0.147171,0.201785,0.34895605
m__mvphgfd027mnfrbdal_mv_priv_debt__lag007,1.0,0.147171,0.201785,0.34895605
d__dexusuk_dexusuk__lag078,0.69279,0.151374,0.352272,0.3489204
d__wimfsl_immf__lag055,0.579937,0.265862,0.335705,0.34887102
q__ad02rc1q027sbea_gov_netlending__lag004,0.824451,0.336467,0.086623,0.34881724
d__wimfsl_immf__lag057,0.579937,0.26597,0.335489,0.34880842
q__b461rc1q027sbea_netva_wages__lag003,0.984326,0.017048,0.337292,0.34878583
d__anfci_anfci__lag006,0.69279,0.020239,0.483174,0.34876011
q__fpi_fpi__lag006,0.974922,0.030656,0.327043,0.34872849
q__fpi_invest_priv_fixed__lag006,0.974922,0.030656,0.327043,0.34872849
q__iatashcbsnncb_nfcb_hc_inventories__lag003,1.0,0.003405,0.345319,0.3487241
d__wimfsl_immf__lag056,0.579937,0.265695,0.33556,0.34868994
q__bogz1fl262051003q_row_rrp__lag006,0.990596,0.036997,0.314767,0.34845584
d__dexusuk_dexusuk__lag075,0.69279,0.152538,0.350229,0.34831189
m__wtisplc_wtisplc__lag012,0.996865,0.07205,0.277344,0.34829786
d__anfci_anfci__lag041,0.69279,0.021447,0.481291,0.34829184
q__bogz1fr403061105q_gses_ts_reval__lag004,0.984326,0.301174,0.052647,0.34827494
d__anfci_anfci__lag043,0.69279,0.019036,0.483671,0.34827076
q__rowceaq027s_row_corpequities_flow__lag001,0.99373,0.280529,0.069893,0.34822477
d__wtregen_tga__lag013,0.504702,0.439623,0.250266,0.34818848
q__bogz1fl704041005q_usb_stloan_a__lag001,1.0,0.083518,0.264626,0.34814409
d__wimfsl_immf__lag051,0.579937,0.264851,0.335408,0.34811264
d__wtregen_tga__lag014,0.504702,0.436763,0.252852,0.34805024
m__mvphgfd027mnfrbdal_mvphgfd027mnfrbdal__lag001,1.0,0.140786,0.207173,0.34795918
m__mvphgfd027mnfrbdal_mv_priv_debt__lag001,1.0,0.140786,0.207173,0.34795918
d__wtregen_tga_fed__lag013,0.504702,0.437878,0.251513,0.34793728
d__dexusuk_dexusuk__lag089,0.689655,0.160029,0.344416,0.34789329
d__dexusuk_dexusuk__lag073,0.69279,0.152547,0.349543,0.34784263
d__wtregen_tga_fed__lag014,0.504702,0.435025,0.254085,0.34779538
d__dexusuk_dexusuk__lag076,0.69279,0.15086,0.351157,0.34779242
d__wimfsl_immf__lag053,0.579937,0.264233,0.335457,0.34778244
m__dspi_dspi__lag008,0.836991,0.084512,0.330851,0.34765477
m__ltdacbm027nbog_ltd__lag002,0.667712,0.071679,0.44898,0.34764986
d__wimfsl_immf__lag052,0.579937,0.263885,0.335489,0.34759944
d__dexusuk_dexusuk__lag077,0.69279,0.151197,0.350506,0.34757516
q__gsave_gsave__lag005,0.978056,0.023702,0.331631,0.34753557
q__bogz1lm573061105q_private_pension_ts__lag003,1.0,0.174051,0.173481,0.34753147
q__fgrecpt_fgrecpt__lag002,0.987461,0.03903,0.312909,0.3475259
d__anfci_anfci__lag042,0.69279,0.018787,0.482807,0.34749877
q__bogz1fr343061113q_fed_gov_dcf_retirement_ts_reval__lag003,0.987461,0.247088,0.104744,0.34742098
d__wimfsl_immf__lag049,0.579937,0.263461,0.335603,0.34741988
q__gdp_gdp__lag001,0.990596,0.018789,0.331853,0.34734499
m__dspi_dspi__lag001,0.84326,0.096752,0.315119,0.3473146
d__wimfsl_immf__lag050,0.579937,0.263334,0.335538,0.34730845
d__anfci_anfci__lag040,0.69279,0.019241,0.481898,0.34718442
d__dexusuk_dexusuk__lag047,0.69279,0.151321,0.349677,0.34708645
d__wimfsl_immf__lag048,0.579937,0.262774,0.335698,0.34707632
m__dspi_dspi__lag011,0.833856,0.084384,0.331833,0.34706481
q__bogz1fl713068703q_fed_dw_a__lag005,0.99373,0.159858,0.189336,0.34700467
d__wimfsl_immf__lag047,0.579937,0.262417,0.335622,0.34682509
m__hqmcb10yrp_hqm10y__lag007,0.523511,0.297081,0.365228,0.34672581
d__dexusuk_dexusuk__lag088,0.689655,0.155296,0.347401,0.34668762
d__dexusuk_dexusuk__lag039,0.69279,0.148276,0.352111,0.34666366
q__bogz1lm903061103q_instrument_discrepancies_ts__lag005,0.99373,0.196368,0.15246,0.3466406
m__dspi_dspi__lag007,0.836991,0.091847,0.32226,0.34660348
d__dexusuk_dexusuk__lag046,0.69279,0.151609,0.348562,0.3465136
d__dexusuk_dexusuk__lag090,0.689655,0.155908,0.346122,0.34622696
q__bogz1fl313161110q_totalbills_z1__lag001,1.0,0.21927,0.126652,0.34592201
d__wimfsl_immf__lag044,0.579937,0.260776,0.335684,0.34590977
q__bogz1fr693061105q_nonmmf_ts_reval__lag005,0.981191,0.269288,0.083218,0.34587616
q__bogz1fr693061105q_nonmmmf_ts_reval__lag005,0.981191,0.269288,0.083218,0.34587616
d__wimfsl_immf__lag039,0.579937,0.2602,0.336105,0.34581961
q__tfaabsnncb_nfcb_tfa__lag008,0.984326,0.039597,0.311708,0.34579823
d__wimfsl_immf__lag046,0.579937,0.260759,0.335426,0.34574982
d__wimfsl_immf__lag038,0.579937,0.260113,0.335986,0.34569982
d__wimfsl_immf__lag045,0.579937,0.260553,0.335425,0.34562947
q__bogz1fl262151003q_row_repo__lag001,1.0,0.116854,0.228766,0.34561977
q__bogz1fa713061103q_cb_tsy_tx__lag008,0.971787,0.221073,0.134488,0.34552943
d__dexusuk_dexusuk__lag045,0.69279,0.15029,0.348316,0.34542982
m__rmfsl_mmf__lag012,0.658307,0.089141,0.435482,0.34536287
d__dexusuk_dexusuk__lag072,0.69279,0.149793,0.348673,0.34533163
d__dexusuk_dexusuk__lag063,0.69279,0.15831,0.340142,0.34532297
d__wimfsl_immf__lag043,0.579937,0.259657,0.335743,0.3452947
d__wimfsl_immf__lag042,0.579937,0.259531,0.335761,0.345232
q__bogz1fl313161110q_totalbills_z1__lag002,1.0,0.227364,0.11785,0.34521369
d__wimfsl_immf__lag089,0.576803,0.267627,0.330844,0.34519978
d__wimfsl_immf__lag090,0.576803,0.267605,0.33078,0.34515002
d__dexusuk_dexusuk__lag062,0.69279,0.158254,0.339899,0.34511525
d__wimfsl_immf__lag041,0.579937,0.259126,0.335957,0.34511073
d__dexusuk_dexusuk__lag040,0.69279,0.147465,0.350468,0.34496295
d__wimfsl_immf__lag040,0.579937,0.258868,0.335927,0.34494352
d__anfci_anfci__lag001,0.69279,0.019073,0.478796,0.34491876
d__wimfsl_immf__lag037,0.579937,0.25842,0.336305,0.34490318
q__bogz1lm653061113q_mf_bills_raw__lag007,0.987461,0.194141,0.155018,0.34478076
q__bogz1lm653061113q_mutf_bills__lag007,0.987461,0.194141,0.155018,0.34478076
d__wimfsl_immf__lag035,0.579937,0.25819,0.33626,0.34474397
d__wimfsl_immf__lag036,0.579937,0.258089,0.336222,0.34466345
d__dexusuk_dexusuk__lag049,0.69279,0.14957,0.347892,0.34463676
q__a024rc1q027sbea_cfc__lag002,0.987461,0.040634,0.308375,0.34463217
d__dexusuk_dexusuk__lag048,0.69279,0.148621,0.348776,0.34459152
q__pcesv_pcesv__lag001,0.990596,0.009325,0.338506,0.34455967
d__wimfsl_immf__lag034,0.579937,0.257738,0.336359,0.34453906
d__wimfsl_immf__lag033,0.579937,0.257688,0.33639,0.34452844
q__bogz1fl713068703q_fed_dw_a__lag008,0.984326,0.229296,0.120657,0.34446756
d__wimfsl_immf__lag084,0.576803,0.266262,0.330937,0.34446568
d__wimfsl_immf__lag086,0.576803,0.266408,0.330698,0.34441238
d__wimfsl_immf__lag088,0.576803,0.266446,0.330605,0.34438023
d__anfci_anfci__lag002,0.69279,0.01784,0.479191,0.34433814
d__wimfsl_immf__lag085,0.576803,0.266161,0.330789,0.34432245
q__rowcpaq027s_row_commercialpaper_flow__lag003,0.987461,0.299846,0.048848,0.3443211
q__bogz1fr153061105q_hhnp_tsy_reval__lag008,0.971787,0.195784,0.158251,0.34404691
d__anfci_anfci__lag039,0.69279,0.016014,0.480481,0.34396673
d__dexusuk_dexusuk__lag038,0.69279,0.146168,0.350236,0.34390325
d__wimfsl_immf__lag083,0.576803,0.265247,0.330961,0.34389431
d__anfci_anfci__lag005,0.69279,0.018046,0.47833,0.3438842
d__wtregen_tga__lag012,0.504702,0.432244,0.248991,0.34382081
d__wimfsl_immf__lag079,0.576803,0.265898,0.330149,0.34380135
d__wimfsl_immf__lag080,0.576803,0.265435,0.330538,0.34375877
d__wimfsl_immf__lag082,0.576803,0.265114,0.330792,0.3437204
d__wimfsl_immf__lag030,0.579937,0.256452,0.336111,0.3436491
d__anfci_anfci__lag004,0.69279,0.017779,0.478249,0.34364297
d__wimfsl_immf__lag081,0.576803,0.264983,0.330715,0.34360011
d__wtregen_tga_fed__lag012,0.504702,0.430543,0.250251,0.34359787
d__wimfsl_immf__lag023,0.579937,0.255255,0.337144,0.34355438
d__wimfsl_immf__lag078,0.576803,0.265417,0.330122,0.34350845
d__wimfsl_immf__lag075,0.576803,0.265179,0.330325,0.34348812
q__fgrecpt_fgrecpt__lag007,0.971787,0.000689,0.352692,0.34341071
d__wimfsl_immf__lag001,0.579937,0.249282,0.342854,0.3434019
d__wimfsl_immf__lag076,0.576803,0.265001,0.330313,0.34337844
d__wimfsl_immf__lag077,0.576803,0.265069,0.330242,0.34337678
d__anfci_anfci__lag003,0.69279,0.017017,0.478612,0.34336694
m__nonrevsl_nonrevsl__lag001,1.0,0.074891,0.268463,0.34335379
d__anfci_anfci__lag013,0.69279,0.013393,0.482149,0.34330671
d__wimfsl_immf__lag032,0.579937,0.255639,0.33629,0.34328186
d__wimfsl_immf__lag027,0.579937,0.255682,0.336243,0.34327954
d__wimfsl_immf__lag026,0.579937,0.255418,0.336313,0.34316687
d__wimfsl_immf__lag029,0.579937,0.255637,0.336089,0.34316423
d__wimfsl_immf__lag087,0.576803,0.263586,0.331282,0.34312129
d__dexusuk_dexusuk__lag041,0.69279,0.145595,0.349669,0.34311378
d__wimfsl_immf__lag002,0.579937,0.248806,0.342823,0.34310799
d__wimfsl_immf__lag031,0.579937,0.255479,0.336149,0.34310753
d__wimfsl_immf__lag022,0.579937,0.254531,0.337083,0.34309875
d__wimfsl_immf__lag028,0.579937,0.255369,0.336171,0.34305575
d__wimfsl_immf__lag058,0.576803,0.266202,0.328488,0.34301896
d__wimfsl_immf__lag025,0.579937,0.255109,0.336319,0.34299156
d__anfci_anfci__lag038,0.69279,0.015233,0.479826,0.34297221
d__wimfsl_immf__lag024,0.579937,0.254995,0.336343,0.34293874
d__wimfsl_immf__lag069,0.576803,0.264808,0.329712,0.342921
q__w260rc1q027sbea_gdi_netopsurp_privent__lag007,0.971787,0.01576,0.337069,0.34287481
d__wimfsl_immf__lag071,0.576803,0.264864,0.329562,0.34286635
d__wimfsl_immf__lag070,0.576803,0.264803,0.329616,0.34286233
q__bogz1lm105020015q_nfcb_inventories__lag005,0.99373,0.021482,0.323512,0.34283031
d__wimfsl_immf__lag068,0.576803,0.26463,0.329712,0.34281843
d__wimfsl_immf__lag074,0.576803,0.264157,0.330183,0.34281662
d__wimfsl_immf__lag021,0.579937,0.253966,0.337048,0.34275073
q__pcesv_pcesv__lag002,0.987461,0.004293,0.342784,0.34272492
d__wimfsl_immf__lag061,0.576803,0.265059,0.32894,0.34262008
m__pcedg_pcedg__lag012,0.833856,0.080337,0.330532,0.34260553
d__wimfsl_immf__lag073,0.576803,0.263924,0.330048,0.34260427
d__wimfsl_immf__lag072,0.576803,0.264533,0.329421,0.34259399
d__wimfsl_immf__lag015,0.579937,0.252453,0.338267,0.34258013
d__wimfsl_immf__lag065,0.576803,0.265424,0.328451,0.34254858
q__bogz1fr263061130q_row_gov_tsy_reval__lag005,0.981191,0.289311,0.059788,0.34253286
d__wimfsl_immf__lag014,0.579937,0.25202,0.338495,0.3424617
d__wimfsl_immf__lag013,0.579937,0.251884,0.338549,0.34241447
d__anfci_anfci__lag037,0.69279,0.014791,0.479423,0.34238665
d__wimfsl_immf__lag059,0.576803,0.264579,0.328944,0.34234537
d__wimfsl_immf__lag020,0.579937,0.253003,0.337271,0.34232204
d__wimfsl_immf__lag019,0.579937,0.252906,0.337279,0.34227021
d__wimfsl_immf__lag016,0.579937,0.252126,0.337997,0.3422347
d__wimfsl_immf__lag018,0.579937,0.252973,0.33712,0.3422171
d__wimfsl_immf__lag066,0.576803,0.26383,0.329122,0.34201621
d__wimfsl_immf__lag063,0.576803,0.264185,0.328728,0.34199392
q__gsave_gsave__lag002,0.987461,0.02682,0.319471,0.34194895
d__wimfsl_immf__lag064,0.576803,0.264026,0.328743,0.34191029
d__wimfsl_immf__lag017,0.579937,0.25265,0.336913,0.34190942
d__wimfsl_immf__lag003,0.579937,0.249363,0.340198,0.34190843
d__anfci_anfci__lag007,0.69279,0.016364,0.477143,0.34189726
d__wimfsl_immf__lag060,0.576803,0.263615,0.329057,0.34185482
d__wimfsl_immf__lag062,0.576803,0.263864,0.328785,0.34184125
d__dexusuk_dexusuk__lag044,0.69279,0.143962,0.349389,0.34178846
d__wimfsl_immf__lag004,0.579937,0.249216,0.340095,0.34176357
d__wimfsl_immf__lag012,0.579937,0.250795,0.338498,0.34175315
d__wimfsl_immf__lag067,0.576803,0.263035,0.329461,0.34175312
q__bogz1fa753061103q_usb_tsy_for_tx__lag004,0.984326,0.129333,0.217693,0.34158654
d__anfci_anfci__lag034,0.69279,0.014524,0.478509,0.34156813
d__dexusuk_dexusuk__lag042,0.69279,0.145392,0.347634,0.34156359
q__tfaabsnncb_nfcb_tfa__lag004,0.996865,0.051227,0.29136,0.34151304
d__dexusuk_dexusuk__lag061,0.69279,0.155045,0.337478,0.34121447
q__gdp_gdp__lag002,0.987461,0.009702,0.335843,0.34121144
m__ppiaco_ppiaco__lag005,1.0,0.017449,0.323754,0.34120363
d__dexusuk_dexusuk__lag060,0.69279,0.155142,0.337339,0.34118648
d__anfci_anfci__lag036,0.69279,0.013419,0.478869,0.34105224
d__dexusuk_dexusuk__lag035,0.69279,0.138524,0.353697,0.3410062
d__dexusuk_dexusuk__lag036,0.69279,0.142421,0.34969,0.34092948
d__dexusuk_dexusuk__lag050,0.69279,0.146022,0.346037,0.34089346
m__ltdacbm027nbog_ltd__lag006,0.664577,0.057498,0.455429,0.34087973
q__bogz1fl264135005q_row_loans_l__lag002,1.0,0.112718,0.228037,0.34075507
d__dexusuk_dexusuk__lag043,0.69279,0.14706,0.344661,0.34065927
d__anfci_anfci__lag033,0.69279,0.014174,0.477511,0.34063404
q__bogz1fa263061130q_row_gov_tsy_tx__lag002,0.990596,0.150265,0.193438,0.3404711
q__bogz1lm263061105q_row_tsy_raw__lag005,0.99373,0.10196,0.24063,0.34044182
q__bogz1lm263061105q_row_tsy__lag005,0.99373,0.10196,0.24063,0.34044182
d__wimfsl_immf__lag006,0.579937,0.24698,0.339998,0.34041029
q__bogz1fr403061105q_gses_ts_reval__lag003,0.987461,0.210292,0.134371,0.34034085
d__wimfsl_immf__lag008,0.579937,0.246899,0.339851,0.34027853
d__wimfsl_immf__lag007,0.579937,0.246756,0.339947,0.34025105
d__anfci_anfci__lag035,0.69279,0.01332,0.477789,0.34023538
d__wimfsl_immf__lag009,0.579937,0.246915,0.339755,0.34023197
q__a091rc1q027sbea_gov_interest_payments__lag002,0.987461,0.06194,0.282594,0.34021377
q__a091rc1q027sbea_fedgov_int__lag002,0.987461,0.06194,0.282594,0.34021377
q__tnwhcbsnncb_nfcb_hc_nw__lag001,1.0,0.029943,0.310254,0.34019751
m__currcir_currcir__lag001,1.0,0.104632,0.235545,0.34017757
d__anfci_anfci__lag008,0.69279,0.014798,0.476224,0.34017505
d__dexusuk_dexusuk__lag033,0.69279,0.1396,0.351404,0.3401626
q__b639rg3q086sbea_exp_ind_pi__lag003,0.733542,0.115316,0.348391,0.3401492
d__wimfsl_immf__lag005,0.579937,0.246438,0.339976,0.34008356
q__bogz1fr263061145q_row_priv_tsy_reval__lag005,0.981191,0.305204,0.041332,0.34001824
d__wimfsl_immf__lag010,0.579937,0.248017,0.338093,0.33990676
d__wtregen_tga__lag011,0.504702,0.426861,0.246566,0.33987997
d__wimfsl_immf__lag011,0.579937,0.247824,0.338215,0.33986588
q__bogz1fr653061105q_mutual_funds_ts_reval__lag008,0.971787,0.23041,0.11925,0.33979489
q__bogz1fl264035005q_row_loans_a__lag002,1.0,0.050697,0.289001,0.33969814
d__wtregen_tga_fed__lag011,0.504702,0.425201,0.247848,0.3396892
d__dexusuk_dexusuk__lag037,0.69279,0.143251,0.347048,0.33967411
q__bogz1fa213061103q_state_local_gov_ts_tx__lag007,0.974922,0.269407,0.078908,0.33958011
m__houst_houst__lag007,0.836991,0.195525,0.210188,0.33957814
d__dexusuk_dexusuk__lag034,0.69279,0.139872,0.350175,0.3394993
q__tnwmvbsnncb_nfcb_nw__lag007,0.987461,0.031836,0.311728,0.33925667
d__dexusuk_dexusuk__lag032,0.69279,0.140583,0.349057,0.33921798
m__recprousm156n_recprob__lag010,0.730408,0.278277,0.185845,0.33899776
m__dspi_dspi__lag005,0.840125,0.074125,0.329295,0.33892396
d__anfci_anfci__lag009,0.69279,0.012216,0.476793,0.33878037
m__mvphgfd027mnfrbdal_mvphgfd027mnfrbdal__lag008,1.0,0.137983,0.20065,0.33863289
m__mvphgfd027mnfrbdal_mv_priv_debt__lag008,1.0,0.137983,0.20065,0.33863289
q__mmmffaq027s_mmf_tfa__lag008,0.984326,0.016606,0.327339,0.33855378
q__b639rg3q086sbea_exp_ind_pi__lag004,0.730408,0.097728,0.365661,0.3384625
q__bogz1fr223061143q_state_local_db_retirement_ts_reval__lag004,0.984326,0.279582,0.064112,0.33830696
d__anfci_anfci__lag011,0.69279,0.012208,0.475889,0.33814918
d__dexusuk_dexusuk__lag059,0.69279,0.151282,0.336808,0.33814381
q__gsave_gsave__lag001,0.990596,0.028593,0.312719,0.33810253
q__tfaabsnncb_nfcb_tfa__lag005,0.99373,0.047058,0.293071,0.33799675
q__bogz1fa105019005q_nfcb_gfi__lag004,0.984326,0.016064,0.327295,0.33797643
q__gpdi_gpdi__lag001,0.990596,0.044032,0.297142,0.33796616
q__b093rc1q027sbea_gov_int_row__lag001,0.990596,0.05763,0.283422,0.33784448
d__wtregen_tga__lag009,0.504702,0.419713,0.249604,0.33780579
m__currcir_currcir__lag002,1.0,0.103331,0.234374,0.33770524
d__anfci_anfci__lag010,0.69279,0.011156,0.476282,0.3376925
q__a024rc1q027sbea_cfc__lag001,0.990596,0.0371,0.303791,0.33768586
d__wtregen_tga_fed__lag009,0.504702,0.418136,0.250895,0.33766118
q__gsave_gsave__lag003,0.984326,0.012624,0.330398,0.33764574
q__rowmslq027s_row_muni_flow__lag001,0.99373,0.027055,0.312653,0.33757773
q__bogz1fr793061105q_dom_fin_sector_tsy_reval__lag005,0.981191,0.273877,0.070111,0.33751832
d__dexusuk_dexusuk__lag053,0.69279,0.144512,0.34238,0.33731369
q__bogz1fr223061143q_state_local_db_retirement_ts_reval__lag003,0.987461,0.244721,0.096805,0.33724379
d__dexusuk_dexusuk__lag031,0.69279,0.137505,0.349137,0.33714079
d__anfci_anfci__lag032,0.69279,0.009942,0.476572,0.33705244
q__gpdi_gpdi__lag005,0.978056,0.019814,0.32477,0.33702286
d__anfci_anfci__lag012,0.69279,0.010247,0.476092,0.33693023
q__bogz1fr263061130q_row_gov_tsy_reval__lag003,0.987461,0.269876,0.071209,0.33680725
d__anfci_anfci__lag031,0.69279,0.009879,0.476244,0.33678099
q__rowgseq027s_row_agency_flow__lag001,0.99373,0.307791,0.031086,0.33675223
q__gsave_gsave__lag004,0.981191,0.013464,0.329436,0.33645013
q__rowmslq027s_row_muni_flow__lag007,0.974922,0.112192,0.232784,0.33632393
q__rowgseq027s_row_agency_flow__lag003,0.987461,0.272582,0.067947,0.33625854
q__bogz1fl712151003q_fed_repo__lag001,1.0,0.239237,0.09702,0.33625742
d__dexusuk_dexusuk__lag056,0.69279,0.147876,0.337487,0.3362551
m__rmfsl_mmf__lag011,0.658307,0.082027,0.428632,0.33617077
d__anfci_anfci__lag030,0.69279,0.009165,0.47607,0.33616619
q__fpi_fpi__lag003,0.984326,0.02894,0.312571,0.33615876
q__fpi_invest_priv_fixed__lag003,0.984326,0.02894,0.312571,0.33615876
d__dexusuk_dexusuk__lag054,0.69279,0.144159,0.340948,0.3360769
q__bogz1fl663061165q_brokers_dealers_long_ts__lag001,1.0,0.04405,0.291988,0.33603855
q__bogz1fr593061105q_pension_ts_reval__lag008,0.971787,0.219388,0.126226,0.33586276
q__w260rc1q027sbea_gdi_netopsurp_privent__lag001,0.990596,0.029671,0.30938,0.33586249
d__dexusuk_dexusuk__lag052,0.69279,0.14089,0.343638,0.33567623
d__anfci_anfci__lag014,0.69279,0.00958,0.474737,0.33553016
d__anfci_anfci__lag027,0.69279,0.006363,0.477681,0.33534102
q__bogz1fr383061105q_dom_nonfin_sector_tsy_reval__lag008,0.971787,0.213435,0.131301,0.33501054
q__bogz1fl264135005a_row_loans_l__lag006,1.0,0.135517,0.199451,0.33496796
m__umcsent_umcsent__lag010,0.912226,0.020267,0.34677,0.33482055
q__bogz1fl264135005q_row_loans_l__lag007,0.987461,0.12679,0.212262,0.33479991
m__nonrevsl_nonrevsl__lag002,1.0,0.066535,0.268248,0.3347836
q__tnwhcbsnncb_nfcb_hc_nw__lag005,0.99373,0.005156,0.331667,0.33471151
m__dspi_dspi__lag010,0.833856,0.079229,0.322114,0.33466223
q__b093rc1q027sbea_gov_int_row__lag002,0.987461,0.03987,0.298962,0.33458354
d__dexusuk_dexusuk__lag055,0.69279,0.145054,0.337826,0.33453485
m__dspi_dspi__lag002,0.84326,0.071104,0.325601,0.33452607
d__anfci_anfci__lag029,0.69279,0.007293,0.475565,0.33451917
d__anfci_anfci__lag020,0.69279,0.003562,0.479128,0.33440326
q__bogz1fl264135005q_row_loans_l__lag006,0.990596,0.128159,0.209305,0.33429084
d__anfci_anfci__lag015,0.69279,0.008095,0.474418,0.33428033
d__dexusuk_dexusuk__lag051,0.69279,0.139687,0.342759,0.33423326
q__a091rc1q027sbea_gov_interest_payments__lag001,0.990596,0.077431,0.259961,0.33421946
q__a091rc1q027sbea_fedgov_int__lag001,0.990596,0.077431,0.259961,0.33421946
d__anfci_anfci__lag026,0.69279,0.007643,0.474774,0.33421385
q__fpi_fpi__lag002,0.987461,0.03426,0.30414,0.33415751
q__fpi_invest_priv_fixed__lag002,0.987461,0.03426,0.30409,0.33410802
d__dexusuk_dexusuk__lag029,0.69279,0.133976,0.348212,0.33405504
q__tfaabsnncb_nfcb_tfa__lag003,1.0,0.048027,0.285942,0.33396893
q__w006rc1q027sbea_gov_tax_receipts__lag008,0.968652,0.000293,0.344475,0.33396072
q__bogz1fr573061105q_private_pension_ts_reval__lag008,0.971787,0.209261,0.134326,0.33389343
q__hnotsbq027s_hhnp_tsy_tx__lag003,0.987461,0.202102,0.135833,0.3336979
d__dexusuk_dexusuk__lag058,0.69279,0.14978,0.331817,0.33364526
q__a464rc1q027sbea_nfcb_pbt__lag005,0.978056,0.131468,0.20961,0.33359365
d__anfci_anfci__lag028,0.69279,0.006791,0.474688,0.33356433
q__tfaabsnncb_nfcb_tfa__lag002,1.0,0.049505,0.284008,0.33351235
m__umcsent_umcsent__lag001,0.92163,0.020127,0.341659,0.33343322
q__bogz1fr573061133q_private_dc_pension_ts_reval__lag008,0.971787,0.204886,0.137583,0.33280669
m__nonrevsl_nonrevsl__lag003,1.0,0.065,0.26774,0.33274044
q__w260rc1q027sbea_gdi_netopsurp_privent__lag004,0.981191,0.016019,0.32291,0.33255474
d__dexusuk_dexusuk__lag030,0.69279,0.134931,0.345076,0.33254461
q__bogz1lm102010005q_nfcb_nfassets__lag004,0.996865,0.037079,0.296502,0.33253524
d__anfci_anfci__lag016,0.69279,0.004971,0.475009,0.33252546
q__bogz1fr223061143q_state_local_db_retirement_ts_reval__lag008,0.971787,0.228238,0.11392,0.3325052
d__wtregen_tga__lag010,0.504702,0.414299,0.244225,0.33235869
d__dexusuk_dexusuk__lag028,0.69279,0.133407,0.346272,0.332317
q__tfaabsnncb_nfcb_tfa__lag001,1.0,0.049657,0.282607,0.33226331
d__dexusuk_dexusuk__lag057,0.69279,0.14519,0.334408,0.33226099
q__bogz1fl264135005a_row_loans_l__lag007,0.996865,0.136101,0.197187,0.33224317
d__wtregen_tga_fed__lag010,0.504702,0.412681,0.245527,0.33219937
q__bogz1fl633061105q_mmf_tsy_raw__lag002,1.0,0.291375,0.040751,0.33212633
q__bogz1fl633061105q_money_market_funds_ts__lag002,1.0,0.291375,0.040751,0.33212633
q__a091rc1q027sbea_gov_interest_payments__lag003,0.984326,0.033981,0.303427,0.33212
q__a091rc1q027sbea_fedgov_int__lag003,0.984326,0.033981,0.303427,0.33212
q__tnwhcbsnncb_nfcb_hc_nw__lag002,1.0,0.019605,0.312426,0.33203119
m__currcir_currcir__lag003,1.0,0.098242,0.233782,0.33202377
q__gpdi_gpdi__lag006,0.974922,0.009541,0.33099,0.33199101
q__tfaabshno_hhnp_tfa__lag001,1.0,0.075133,0.256852,0.33198586
d__anfci_anfci__lag018,0.69279,0.004844,0.474333,0.33196898
q__bogz1fr573061143q_private_db_pension_ts_reval__lag008,0.971787,0.210665,0.130833,0.33186318
m__nonrevsl_nonrevsl__lag004,1.0,0.064475,0.26735,0.33182542
q__bogz1fl262051003q_row_rrp__lag007,0.987461,0.008651,0.327188,0.33162822
d__dexusuk_dexusuk__lag027,0.69279,0.134039,0.344598,0.33159503
d__anfci_anfci__lag017,0.69279,0.003899,0.474632,0.33152148
q__fpi_fpi__lag004,0.981191,0.020536,0.317052,0.33123815
q__fpi_invest_priv_fixed__lag004,0.981191,0.020536,0.317052,0.33123815
d__dexusuk_dexusuk__lag026,0.69279,0.136166,0.341798,0.33112827
d__wtregen_tga__lag008,0.504702,0.419984,0.235877,0.33101427
q__bogz1fa383061105q_dom_nonfin_sector_tsy_tx__lag008,0.971787,0.26581,0.074806,0.33100568
m__mvphgfd027mnfrbdal_mvphgfd027mnfrbdal__lag010,1.0,0.135256,0.195663,0.330919
m__mvphgfd027mnfrbdal_mv_priv_debt__lag010,1.0,0.135256,0.195663,0.330919
d__wtregen_tga_fed__lag008,0.504702,0.418392,0.237225,0.33089127
q__bogz1fr343061113q_fed_gov_dcf_retirement_ts_reval__lag008,0.971787,0.204213,0.136274,0.33088094
d__anfci_anfci__lag024,0.69279,0.003436,0.474132,0.33085442
q__bogz1fr563061103q_etfs_ts_reval__lag007,0.974922,0.24622,0.093031,0.3307431
q__bogz1fl264135005a_row_loans_l__lag003,1.0,0.119765,0.210923,0.33068766
m__mvphgfd027mnfrbdal_mvphgfd027mnfrbdal__lag009,1.0,0.134822,0.195829,0.33065066
m__mvphgfd027mnfrbdal_mv_priv_debt__lag009,1.0,0.134822,0.195829,0.33065066
q__bogz1lm263061110q_row_bills_raw__lag008,0.984326,0.080016,0.255776,0.33052915
q__bogz1lm263061110q_row_bills__lag008,0.984326,0.080016,0.255776,0.33052915
d__dexusuk_dexusuk__lag025,0.69279,0.134462,0.342558,0.33047499
d__anfci_anfci__lag025,0.69279,0.002907,0.474091,0.3304596
d__anfci_anfci__lag023,0.69279,0.002523,0.474267,0.33031571
m__ltdacbm027nbog_ltd__lag003,0.667712,0.041984,0.452645,0.33026962
m__nonrevsl_nonrevsl__lag012,1.0,0.063996,0.266032,0.3300286
d__dexusuk_dexusuk__lag020,0.69279,0.1418,0.334528,0.32999542
m__hqmcb10yrp_hqm10y__lag008,0.523511,0.279766,0.350552,0.32997842
d__dexusuk_dexusuk__lag023,0.69279,0.137377,0.33884,0.32991804
q__bogz1fr343061105q_fed_gov_retirement_ts_reval__lag008,0.971787,0.207352,0.132111,0.32988509
d__dexusuk_dexusuk__lag009,0.69279,0.147187,0.328912,0.32983691
q__b639rg3q086sbea_exp_ind_pi__lag007,0.721003,0.034368,0.423038,0.32979085
q__bogz1fr793061105q_dom_fin_sector_tsy_reval__lag004,0.984326,0.301144,0.033801,0.32969547
q__b461rc1q027sbea_netva_wages__lag002,0.987461,0.00597,0.327871,0.32965454
d__dexusuk_dexusuk__lag010,0.69279,0.149899,0.325916,0.32964016
d__anfci_anfci__lag019,0.69279,0.001171,0.474607,0.32961392
q__bogz1fr693061105q_nonmmf_ts_reval__lag008,0.971787,0.22194,0.117197,0.32956888
q__bogz1fr693061105q_nonmmmf_ts_reval__lag008,0.971787,0.22194,0.117197,0.32956888
q__bogz1fr593061105q_pension_ts_reval__lag004,0.984326,0.279752,0.055055,0.32955931
q__rowtsaq027s_row_tsy_tx__lag007,0.974922,0.061437,0.276547,0.32950709
q__a457rc1q027sbea_netva_nfcb__lag001,0.990596,0.014871,0.317538,0.32928315
q__rowmfsq027s_row_mutualfundshares_flow__lag008,0.971787,0.195373,0.143466,0.32927903
d__wtregen_tga__lag007,0.504702,0.422675,0.229581,0.32919496
m__nonrevsl_nonrevsl__lag005,1.0,0.061545,0.267638,0.32918287
d__dexusuk_dexusuk__lag022,0.69279,0.137228,0.337883,0.32915212
m__permit_permit__lag010,0.821317,0.225831,0.174876,0.32910748
d__wtregen_tga_fed__lag007,0.504702,0.421102,0.230956,0.3290951
q__bogz1fl712151003q_fed_repo__lag002,1.0,0.266798,0.062197,0.32899474
m__nonrevsl_nonrevsl__lag011,1.0,0.062368,0.266487,0.32885559
d__anfci_anfci__lag021,0.69279,0.00132,0.473333,0.32883465
m__rmfsl_mmf__lag010,0.658307,0.074747,0.424689,0.32878214
q__tnwhcbsnncb_nfcb_hc_nw__lag004,0.996865,0.002846,0.326704,0.32851693
d__dexusuk_dexusuk__lag024,0.69279,0.133647,0.340517,0.3284962
m__nonrevsl_nonrevsl__lag006,1.0,0.061538,0.266952,0.32849039
m__pcedg_pcedg__lag009,0.836991,0.080945,0.311452,0.32843295
m__ppiaco_ppiaco__lag004,1.0,0.007938,0.320397,0.32833505
d__anfci_anfci__lag022,0.69279,0.000266,0.473656,0.32832894
d__dexusuk_dexusuk__lag011,0.69279,0.15093,0.322979,0.32831976
q__bogz1fr653061105q_mutual_funds_ts_reval__lag004,0.984326,0.276833,0.056643,0.32824926
d__wtregen_tga__lag006,0.504702,0.422511,0.227483,0.32805347
m__mtsds133fms_fed_surplus_deficit__lag003,0.570533,0.509557,0.065302,0.32797613
d__wtregen_tga_fed__lag006,0.504702,0.420944,0.228867,0.32796111
q__bogz1fa543061175q_life_insurance_ts_tx__lag008,0.971787,0.314745,0.022719,0.32794308
m__mvmtd027mnfrbdal_mv_mkt_debt__lag001,1.0,0.153582,0.174293,0.32787535
m__rmfsl_mmf__lag009,0.661442,0.073606,0.422048,0.32784609
q__rowstaq027s_row_stloan_a__lag008,0.984326,0.097749,0.235311,0.32783985
d__dexusuk_dexusuk__lag021,0.69279,0.137435,0.335577,0.32769804
m__nonrevsl_nonrevsl__lag007,1.0,0.061321,0.266196,0.32751694
d__dexusuk_dexusuk__lag013,0.69279,0.147067,0.325388,0.32731224
q__bogz1fr573061143q_private_db_pension_ts_reval__lag004,0.984326,0.275998,0.056328,0.32711696
q__bogz1fa713061113q_cb_bills_tx__lag007,0.974922,0.069348,0.266176,0.32710924
q__b461rc1q027sbea_netva_wages__lag001,0.990596,0.008165,0.32193,0.32699071
q__a464rc1q027sbea_nfcb_pbt__lag004,0.981191,0.136241,0.197006,0.32697898
q__bogz1lm343061113q_fed_gov_dcf_retirement_ts__lag004,0.996865,0.155871,0.171873,0.32671652
q__bogz1lm343061113q_fed_gov_dc_retirement_ts__lag004,0.996865,0.155871,0.171873,0.32671652
q__bogz1lm343061113q_fed_ret_tsy_dc__lag004,0.996865,0.155871,0.171873,0.32671652
m__wtisplc_wtisplc__lag011,0.996865,0.064467,0.263187,0.32662704
m__currcir_currcir__lag004,1.0,0.092285,0.23428,0.32656452
q__pnfi_priv_nonres_fi__lag003,0.984326,0.009186,0.322576,0.3265619
q__bogz1fr573061133q_private_dc_pension_ts_reval__lag003,0.987461,0.236677,0.093999,0.3265303
q__w260rc1q027sbea_gdi_netopsurp_privent__lag005,0.978056,0.006008,0.327718,0.3264029
m__nonrevsl_nonrevsl__lag010,1.0,0.060544,0.265733,0.32627755
q__bogz1fa105019005q_nfcb_gfi__lag002,0.990596,0.016484,0.31287,0.32625727
m__umcsent_umcsent__lag012,0.909091,0.041957,0.316924,0.32625496
q__bogz1fr693061105q_nonmmf_ts_reval__lag004,0.984326,0.282655,0.048728,0.32618812
q__bogz1fr693061105q_nonmmmf_ts_reval__lag004,0.984326,0.282655,0.048728,0.32618812
m__permit_permit__lag011,0.821317,0.220944,0.176188,0.326171
d__dexusuk_dexusuk__lag019,0.69279,0.140787,0.329961,0.32612916
d__dexusuk_dexusuk__lag012,0.69279,0.1466,0.323941,0.32598644
q__bogz1fa693061105q_nonmmf_ts_tx__lag001,0.99373,0.276739,0.051248,0.32593002
q__bogz1fa693061105q_nonmmmf_ts_tx__lag001,0.99373,0.276739,0.051248,0.32593002
d__wtregen_tga__lag005,0.504702,0.420024,0.225637,0.32586675
q__bogz1fr793061105q_dom_fin_sector_tsy_reval__lag003,0.987461,0.239433,0.090495,0.32579043
d__wtregen_tga_fed__lag005,0.504702,0.418469,0.22703,0.32578489
m__wpu0561_ppi_crude__lag008,0.987461,0.06395,0.265811,0.32562548
d__dexusuk_dexusuk__lag014,0.69279,0.143867,0.326132,0.32561059
q__w260rc1q027sbea_gdi_netopsurp_privent__lag006,0.974922,0.000895,0.332794,0.32532028
m__nonrevsl_nonrevsl__lag008,1.0,0.058313,0.266897,0.32521004
m__nonrevsl_nonrevsl__lag009,1.0,0.058718,0.266257,0.32497551
d__dexusuk_dexusuk__lag008,0.69279,0.142338,0.326696,0.32494225
q__bogz1fa403061105q_gses_ts_tx__lag005,0.981191,0.243506,0.087457,0.32473792
q__bogz1lm513061105q_pci_tsy_raw__lag006,0.990596,0.001407,0.326405,0.32472838
q__bogz1lm513061105q_pc_insurance_ts__lag006,0.990596,0.001407,0.326405,0.32472838
q__bogz1lm513061105q_p_c_insurance_ts__lag006,0.990596,0.001407,0.326405,0.32472838
d__wtregen_tga__lag003,0.504702,0.413631,0.229727,0.32470405
m__umcsent_umcsent__lag011,0.912226,0.024077,0.331817,0.32465608
m__wpu0561_ppi_crude__lag010,0.984326,0.060756,0.269056,0.32464289
d__wtregen_tga_fed__lag003,0.504702,0.412094,0.231107,0.32462493
q__rowstaq027s_row_stloan_a__lag007,0.987461,0.093367,0.235371,0.32461631
d__dexusuk_dexusuk__lag002,0.69279,0.145194,0.323264,0.32454328
q__bogz1fa713061113q_cb_bills_tx__lag008,0.971787,0.062732,0.271196,0.32450715
m__mvphgfd027mnfrbdal_mvphgfd027mnfrbdal__lag011,1.0,0.128282,0.196132,0.32441429
m__mvphgfd027mnfrbdal_mv_priv_debt__lag011,1.0,0.128282,0.196132,0.32441429
q__bogz1fr343061113q_fed_gov_dcf_retirement_ts_reval__lag004,0.984326,0.279819,0.049675,0.32432873
q__bogz1fa263061110q_row_bills_tx__lag002,0.990596,0.178747,0.148223,0.32389491
m__currcir_currcir__lag005,1.0,0.090089,0.233772,0.3238608
q__bogz1lm153061105q_hhnp_tsy__lag005,0.99373,0.234627,0.091132,0.32371723
d__dexusuk_dexusuk__lag007,0.69279,0.143105,0.324046,0.32363712
q__bogz1fa105019005q_nfcb_gfi__lag001,0.99373,0.019834,0.305758,0.32355054
q__fpi_invest_priv_fixed__lag001,0.990596,0.027109,0.299104,0.32314574
q__fpi_fpi__lag001,0.990596,0.027021,0.299181,0.32313429
d__wtregen_tga__lag004,0.504702,0.416803,0.223227,0.32302484
d__wtregen_tga_fed__lag004,0.504702,0.415257,0.224629,0.32295177
d__dexusuk_dexusuk__lag001,0.69279,0.142504,0.323215,0.32264524
d__dexusuk_dexusuk__lag015,0.69279,0.13635,0.329351,0.32263331
q__bogz1lm263061105q_row_tsy_raw__lag006,0.990596,0.090253,0.235403,0.32259352
q__bogz1lm263061105q_row_tsy__lag006,0.990596,0.090253,0.235403,0.32259352
d__dexusuk_dexusuk__lag018,0.69279,0.135893,0.329325,0.32229864
q__fpi_fpi__lag005,0.978056,0.007064,0.322322,0.32215744
q__fpi_invest_priv_fixed__lag005,0.978056,0.007064,0.322322,0.32215744
q__bogz1fr103061103q_nfcb_tsy_reval__lag008,0.971787,0.196354,0.135059,0.32206264
q__bogz1fr743061103q_usb_tsy_dom_reval__lag003,0.987461,0.238715,0.08739,0.3220163
q__tnwmvbsnncb_nfcb_nw__lag006,0.990596,0.020228,0.304722,0.32189422
m__rmfsl_mmf__lag008,0.661442,0.069771,0.416788,0.32183039
m__dpsfrim027sbog_row_deposits__lag001,0.667712,0.116648,0.36531,0.32180854
m__mvmtd027mnfrbdal_mv_mkt_debt__lag002,1.0,0.150136,0.171538,0.32167319
q__w260rc1q027sbea_gdi_netopsurp_privent__lag003,0.984326,0.008859,0.317756,0.32149622
q__w326rc1q027sbea_net_op_surplus__lag006,0.974922,0.042214,0.287318,0.32126816
m__ppiaco_ppiaco__lag003,1.0,0.005427,0.31574,0.32116766
m__wpu0561_ppi_crude__lag009,0.987461,0.065384,0.259827,0.32113363
d__dexusuk_dexusuk__lag016,0.69279,0.135015,0.328477,0.32110233
q__bogz1fa105019005q_nfcb_gfi__lag003,0.987461,0.003178,0.321998,0.32109842
d__dexusuk_dexusuk__lag006,0.69279,0.143074,0.319973,0.32079476
q__bogz1fl573061143q_private_db_pension_ts__lag006,0.990596,0.152798,0.170959,0.32071202
q__bogz1lm102010005q_nfcb_nfassets__lag003,1.0,0.027259,0.293413,0.32067224
m__usalolitoaastsam_oecd_leading_indicator_us__lag006,0.890282,0.263672,0.096464,0.32062283
q__tnwhcbsnncb_nfcb_hc_nw__lag003,1.0,0.00394,0.316565,0.32050494
d__dexusuk_dexusuk__lag005,0.69279,0.143856,0.318637,0.32041051
m__wtisplc_wtisplc__lag009,1.0,0.082165,0.238195,0.32036021
q__bogz1fr663061165q_brokers_dealers_long_ts_reval__lag005,0.981191,0.246918,0.079433,0.3202126
q__bogz1lm653061113q_mf_bills_raw__lag001,1.0,0.127054,0.192903,0.31995743
q__bogz1lm653061113q_mutf_bills__lag001,1.0,0.127054,0.192903,0.31995743
m__dpsfrim027sbog_row_deposits__lag002,0.667712,0.115718,0.363445,0.31994247
q__bogz1fl264135005a_row_loans_l__lag005,1.0,0.118062,0.201653,0.31971547
d__dexusuk_dexusuk__lag004,0.69279,0.143164,0.318218,0.31964071
m__permit_permit__lag009,0.824451,0.227787,0.15989,0.31962085
q__bogz1fr263061105q_row_bills_reval__lag004,0.984326,0.303494,0.021122,0.319528
q__bogz1fr263061105q_row_tsy_reval__lag004,0.984326,0.303494,0.021122,0.319528
q__w326rc1q027sbea_net_op_surplus__lag004,0.981191,0.056503,0.269132,0.31951015
m__currcir_currcir__lag006,1.0,0.086778,0.232708,0.31948637
q__bogz1lm653061113q_mf_bills_raw__lag006,0.990596,0.149376,0.173065,0.3194089
q__bogz1lm653061113q_mutf_bills__lag006,0.990596,0.149376,0.173065,0.3194089
q__bogz1fr693061105q_nonmmf_ts_reval__lag007,0.974922,0.239374,0.088172,0.31933166
q__bogz1fr693061105q_nonmmmf_ts_reval__lag007,0.974922,0.239374,0.088172,0.31933166
q__bogz1fl663061165q_brokers_dealers_long_ts__lag008,0.984326,0.000415,0.323963,0.31929303
q__bogz1fr713061103q_cb_tsy_reval__lag004,0.984326,0.299349,0.024468,0.31874218
q__w326rc1q027sbea_net_op_surplus__lag005,0.978056,0.047224,0.278497,0.31857312
m__dpsfrim027sbog_row_deposits__lag003,0.667712,0.111686,0.365389,0.31854844
q__w006rc1q027sbea_gov_tax_receipts__lag001,0.990596,0.052864,0.268487,0.31832856
q__bogz1fr573061105q_private_pension_ts_reval__lag004,0.984326,0.276577,0.0468,0.31830826
q__bogz1lm573061105q_private_pension_ts__lag004,0.996865,0.152293,0.166921,0.31821291
d__wtregen_tga__lag002,0.504702,0.408636,0.221836,0.31820084
d__wtregen_tga_fed__lag002,0.504702,0.407098,0.223243,0.31813466
d__dexusuk_dexusuk__lag017,0.69279,0.132474,0.32618,0.31775097
d__dexusuk_dexusuk__lag003,0.69279,0.140736,0.317851,0.31770471
q__b639rg3q086sbea_exp_ind_pi__lag002,0.736677,0.109324,0.321719,0.31753975
m__mvmtd027mnfrbdal_mv_mkt_debt__lag003,1.0,0.147548,0.169928,0.31747677
m__houst_houst__lag005,0.840125,0.201129,0.176731,0.31744989
d__wtregen_tga__lag001,0.504702,0.407559,0.221419,0.31744631
d__wtregen_tga_fed__lag001,0.504702,0.406017,0.222827,0.31737905
q__fgrecpt_fgrecpt__lag001,0.990596,0.014706,0.304914,0.31661445
q__b092rc1q027sbea_gov_int_priv__lag006,0.811912,0.03484,0.355076,0.31657768
q__pnfi_priv_nonres_fi__lag002,0.987461,0.005979,0.314442,0.3164033
m__mvmtd027mnfrbdal_mv_mkt_debt__lag004,1.0,0.147099,0.169124,0.3162233
q__bogz1lm663061105q_brokers_dealers_ts__lag003,1.0,0.190111,0.125897,0.31600789
q__bogz1fr403061105q_gses_ts_reval__lag001,0.99373,0.220524,0.097456,0.3159857
q__bogz1lm105020015q_nfcb_inventories__lag004,0.996865,0.00111,0.315867,0.31598313
q__bogz1fr383061105q_dom_nonfin_sector_tsy_reval__lag005,0.981191,0.246579,0.075307,0.31583217
q__bogz1fr763061100q_usb_tsy_oth_reval__lag005,0.981191,0.262259,0.059603,0.31580829
q__bogz1fl503061123q_ccps_ts__lag006,0.990596,0.076698,0.241575,0.31527983
m__mvphgfd027mnfrbdal_mvphgfd027mnfrbdal__lag012,1.0,0.120809,0.194392,0.3152008
m__mvphgfd027mnfrbdal_mv_priv_debt__lag012,1.0,0.120809,0.194392,0.3152008
q__bogz1lm105020015q_nfcb_inventories__lag003,1.0,0.008151,0.307043,0.31519467
q__bogz1fr593061105q_pension_ts_reval__lag007,0.974922,0.221865,0.101372,0.31513063
q__pnfi_priv_nonres_fi__lag001,0.990596,0.010048,0.308047,0.31510329
q__rowcbaq027s_row_corpbonds_flow__lag002,0.990596,0.119695,0.198382,0.31508563
q__bogz1fr263061105q_row_bills_reval__lag008,0.971787,0.204795,0.119422,0.31506978
q__bogz1fr263061105q_row_tsy_reval__lag008,0.971787,0.204795,0.119422,0.31506978
m__wtisplc_wtisplc__lag010,0.996865,0.071276,0.244611,0.3148972
m__ltdacbm027nbog_ltd__lag005,0.664577,0.020476,0.453251,0.31482768
q__bogz1fa403061105q_gses_ts_tx__lag001,0.99373,0.163233,0.153515,0.31476138
q__a091rc1q027sbea_gov_interest_payments__lag004,0.981191,0.000176,0.320558,0.31470084
q__a091rc1q027sbea_fedgov_int__lag004,0.981191,0.000176,0.320558,0.31470084
m__ppiaco_ppiaco__lag001,1.0,0.009738,0.304874,0.31461183
q__tfaabshno_hhnp_tfa__lag002,1.0,0.058246,0.256284,0.31452918
q__rowcpaq027s_row_commercialpaper_flow__lag008,0.971787,0.222261,0.101173,0.31430857
q__bogz1fr573061143q_private_db_pension_ts_reval__lag007,0.974922,0.213332,0.109,0.31424876
m__currcir_currcir__lag007,1.0,0.081246,0.232986,0.31423136
q__bogz1fr653061105q_mutual_funds_ts_reval__lag003,0.987461,0.213761,0.104184,0.3139581
q__bogz1fa263061110q_row_bills_tx__lag004,0.984326,0.250065,0.068588,0.31365807
q__bogz1fr573061105q_private_pension_ts_reval__lag007,0.974922,0.216013,0.105435,0.31338657
q__bogz1fl264035005q_row_loans_a__lag001,1.0,0.028367,0.284767,0.31313441
q__bogz1fl264135005a_row_loans_l__lag002,1.0,0.100275,0.212829,0.3131045
q__bogz1fl343061123q_fed_gov_dcg_retirement_ts__lag004,0.996865,0.154387,0.159689,0.31309111
q__b093rc1q027sbea_gov_int_row__lag003,0.984326,0.003778,0.314293,0.31308514
m__dpsfrim027sbog_row_deposits__lag012,0.658307,0.114027,0.361469,0.31302266
q__tfaabshno_hhnp_tfa__lag008,0.984326,0.03619,0.281796,0.3130021
q__bogz1fr343061105q_fed_gov_retirement_ts_reval__lag004,0.984326,0.265947,0.052,0.31296338
m__dpsfrim027sbog_row_deposits__lag004,0.664577,0.106489,0.364394,0.31293777
q__tfaabshno_hhnp_tfa__lag007,0.987461,0.038583,0.278319,0.31292882
m__ppiaco_ppiaco__lag002,1.0,0.004479,0.308305,0.31278455
q__bogz1fr223061143q_state_local_db_retirement_ts_reval__lag007,0.974922,0.225823,0.094702,0.31248721
m__pcedg_pcedg__lag010,0.833856,0.056778,0.31758,0.3121612
q__bogz1fr713061103q_cb_tsy_reval__lag003,0.987461,0.236973,0.078963,0.3119749
q__bogz1fa383061105q_dom_nonfin_sector_tsy_tx__lag001,0.99373,0.272631,0.041165,0.31182843
q__bogz1lm263061105q_row_tsy_raw__lag007,0.987461,0.083633,0.232081,0.31175489
q__bogz1lm263061105q_row_tsy__lag007,0.987461,0.083633,0.232081,0.31175489
m__pcedg_pcedg__lag011,0.833856,0.043414,0.330401,0.31170794
q__bogz1lm653061113q_mf_bills_raw__lag005,0.99373,0.123067,0.190593,0.31169428
q__bogz1lm653061113q_mutf_bills__lag005,0.99373,0.123067,0.190593,0.31169428
q__bogz1lm102010005q_nfcb_nfassets__lag002,1.0,0.024042,0.287545,0.31158673
q__bogz1fr543061175q_life_insurance_ts_reval__lag006,0.978056,0.260173,0.058159,0.31134723
q__w260rc1q027sbea_gdi_netopsurp_privent__lag002,0.987461,0.006874,0.308088,0.31101242
q__bogz1fr383061105q_dom_nonfin_sector_tsy_reval__lag007,0.974922,0.222929,0.096051,0.31098043
m__currcir_currcir__lag008,1.0,0.078525,0.23241,0.31093417
m__dpsfrim027sbog_row_deposits__lag006,0.664577,0.105023,0.362454,0.31067443
m__houst_houst__lag006,0.840125,0.177087,0.192494,0.3104947
q__bogz1fr653061105q_mutual_funds_ts_reval__lag007,0.974922,0.233396,0.085067,0.31047618
q__b639rg3q086sbea_exp_ind_pi__lag005,0.727273,0.037718,0.38912,0.31042766
m__dpsfrim027sbog_row_deposits__lag007,0.661442,0.107033,0.362237,0.31039536
m__dpsfrim027sbog_row_deposits__lag009,0.661442,0.108327,0.360551,0.31013501
q__bogz1lm102010005q_nfcb_nfassets__lag001,1.0,0.02638,0.283515,0.3098951
q__bogz1fl713061113q_cb_bills_raw__lag006,0.990596,0.252674,0.060111,0.30984425
q__bogz1fl713061113q_cb_bills__lag006,0.990596,0.252674,0.060111,0.30984425
q__cbi_cbi__lag001,0.990596,0.216929,0.095631,0.3096204
q__bogz1fa223061143q_state_local_db_retirement_ts_tx__lag004,0.984326,0.215258,0.099285,0.30961278
m__dpsfrim027sbog_row_deposits__lag010,0.658307,0.10907,0.361145,0.30954592
q__bogz1fr153061105q_hhnp_tsy_reval__lag007,0.974922,0.214366,0.10313,0.3095332
m__mvmtd027mnfrbdal_mv_mkt_debt__lag006,1.0,0.141228,0.167712,0.30893977
m__rmfsl_mmf__lag007,0.661442,0.055033,0.411778,0.30876832
q__bogz1lm103061103q_nfcb_tsy__lag004,0.996865,0.180772,0.128931,0.30873235
q__bogz1fa263061130q_row_gov_tsy_tx__lag004,0.984326,0.051743,0.261876,0.30870369
m__hqmcb10yrp_hqm10y__lag009,0.523511,0.25242,0.337037,0.3085871
m__mvmtd027mnfrbdal_mv_mkt_debt__lag005,1.0,0.141101,0.167431,0.30853201
m__dpsfrim027sbog_row_deposits__lag011,0.658307,0.107817,0.360496,0.30829444
q__bogz1fr573061133q_private_dc_pension_ts_reval__lag007,0.974922,0.217091,0.099057,0.30821931
q__bogz1fr213061103q_state_local_gov_ts_reval__lag004,0.984326,0.263263,0.049596,0.30795552
q__bogz1fr513061105q_pc_insurance_ts_reval__lag004,0.984326,0.235126,0.077479,0.30770457
q__bogz1fr793061105q_dom_fin_sector_tsy_reval__lag007,0.974922,0.216627,0.098974,0.30768681
q__bogz1fa633061105q_money_market_funds_ts_tx__lag003,0.987461,0.28528,0.026126,0.30750177
q__bogz1fr763061100q_usb_tsy_oth_reval__lag004,0.984326,0.27807,0.034212,0.30738703
m__ltdacbm027nbog_ltd__lag004,0.664577,0.008496,0.453839,0.3072577
q__bogz1lm105020015q_nfcb_inventories__lag002,1.0,0.010136,0.296694,0.30683026
m__pce_pce__lag011,0.833856,0.020364,0.347041,0.3063627
m__mtsds133fms_fed_surplus_deficit__lag010,0.561129,0.263015,0.282424,0.30606135
m__pcend_pcend__lag001,0.84326,0.050072,0.312872,0.30605632
q__tfaabshno_hhnp_tfa__lag006,0.990596,0.03407,0.274744,0.30590917
q__bogz1fr743061103q_usb_tsy_dom_reval__lag004,0.984326,0.298628,0.012106,0.30586384
q__bogz1lm153061105q_hhnp_tsy__lag004,0.996865,0.202487,0.104261,0.3057864
m__dpsfrim027sbog_row_deposits__lag008,0.661442,0.101469,0.36062,0.30564499
q__bogz1lm663061105q_brokers_dealers_ts__lag004,0.996865,0.188806,0.117727,0.30557224
q__bogz1fl264135005a_row_loans_l__lag004,1.0,0.096552,0.208998,0.3055499
m__dpsfrim027sbog_row_deposits__lag005,0.664577,0.09737,0.362041,0.30531402
q__bogz1fr693061105q_nonmmf_ts_reval__lag003,0.987461,0.218147,0.090767,0.30504088
q__bogz1fr693061105q_nonmmmf_ts_reval__lag003,0.987461,0.218147,0.090767,0.30504088
q__bogz1fl633061105q_mmf_tsy_raw__lag003,1.0,0.236159,0.068876,0.3050349
q__bogz1fl633061105q_money_market_funds_ts__lag003,1.0,0.236159,0.068876,0.3050349
q__bogz1fr753061103q_usb_tsy_for_reval__lag006,0.978056,0.178197,0.133591,0.30494603
q__bogz1fr343061165q_fed_gov_db_retirement_ts_reval__lag003,0.987461,0.225522,0.083179,0.30483048
q__bogz1fr343061113q_fed_gov_dcf_retirement_ts_reval__lag007,0.974922,0.209288,0.103175,0.30462689
m__currcir_currcir__lag009,1.0,0.07237,0.232203,0.30457323
q__bogz1fr793061105q_dom_fin_sector_tsy_reval__lag008,0.971787,0.188008,0.125288,0.30445703
d__relacbw027sbog_relacbw027sbog__lag084,0.667712,0.085729,0.37003,0.30431549
d__relacbw027sbog_re_loans__lag084,0.667712,0.085729,0.37003,0.30431549
d__relacbw027sbog_real_estate_loan__lag084,0.667712,0.085729,0.37003,0.30431549
d__relacbw027sbog_relacbw027sbog__lag083,0.667712,0.085531,0.370094,0.30422601
d__relacbw027sbog_re_loans__lag083,0.667712,0.085531,0.370094,0.30422601
d__relacbw027sbog_real_estate_loan__lag083,0.667712,0.085531,0.370094,0.30422601
q__bogz1fl264135005q_row_loans_l__lag008,0.984326,0.100512,0.208558,0.30422579
d__relacbw027sbog_relacbw027sbog__lag082,0.667712,0.085478,0.370117,0.30420644
d__relacbw027sbog_re_loans__lag082,0.667712,0.085478,0.370117,0.30420644
d__relacbw027sbog_real_estate_loan__lag082,0.667712,0.085478,0.370117,0.30420644
d__relacbw027sbog_relacbw027sbog__lag085,0.667712,0.08553,0.370037,0.3041875
d__relacbw027sbog_re_loans__lag085,0.667712,0.08553,0.370037,0.3041875
d__relacbw027sbog_real_estate_loan__lag085,0.667712,0.08553,0.370037,0.3041875
d__relacbw027sbog_relacbw027sbog__lag081,0.667712,0.085221,0.370146,0.30405342
d__relacbw027sbog_re_loans__lag081,0.667712,0.085221,0.370146,0.30405342
d__relacbw027sbog_real_estate_loan__lag081,0.667712,0.085221,0.370146,0.30405342
d__relacbw027sbog_relacbw027sbog__lag087,0.667712,0.084914,0.370219,0.3038977
d__relacbw027sbog_re_loans__lag087,0.667712,0.084914,0.370219,0.3038977
d__relacbw027sbog_real_estate_loan__lag087,0.667712,0.084914,0.370219,0.3038977
d__relacbw027sbog_relacbw027sbog__lag088,0.667712,0.084918,0.370198,0.3038864
d__relacbw027sbog_re_loans__lag088,0.667712,0.084918,0.370198,0.3038864
d__relacbw027sbog_real_estate_loan__lag088,0.667712,0.084918,0.370198,0.3038864
d__relacbw027sbog_relacbw027sbog__lag086,0.667712,0.084814,0.37017,0.30379798
d__relacbw027sbog_re_loans__lag086,0.667712,0.084814,0.37017,0.30379798
d__relacbw027sbog_real_estate_loan__lag086,0.667712,0.084814,0.37017,0.30379798
q__bogz1lm153061105q_hhnp_tsy__lag006,0.990596,0.236974,0.069345,0.30343783
d__relacbw027sbog_relacbw027sbog__lag080,0.667712,0.084338,0.370057,0.30340503
d__relacbw027sbog_re_loans__lag080,0.667712,0.084338,0.370057,0.30340503
d__relacbw027sbog_real_estate_loan__lag080,0.667712,0.084338,0.370057,0.30340503
q__bogz1fr473061105q_credit_unions_ts_reval__lag005,0.981191,0.23411,0.07502,0.3033162
m__pcend_pcend__lag004,0.840125,0.042962,0.317954,0.30321482
q__rowcpaq027s_row_commercialpaper_flow__lag004,0.984326,0.264407,0.043543,0.30312406
q__bogz1fl713068703q_fed_dw_a__lag004,0.996865,0.103931,0.200101,0.30307955
m__mvmtd027mnfrbdal_mv_mkt_debt__lag007,1.0,0.137137,0.165896,0.30303238
q__rowstaq027s_row_stloan_a__lag006,0.990596,0.078971,0.226918,0.30301194
q__w326rc1q027sbea_net_op_surplus__lag007,0.971787,0.017569,0.294049,0.30282696
q__bogz1fa543461113q_li_bills_tx__lag008,0.971787,0.234632,0.076965,0.30280557
d__relacbw027sbog_relacbw027sbog__lag077,0.667712,0.083574,0.369854,0.30275866
d__relacbw027sbog_re_loans__lag077,0.667712,0.083574,0.369854,0.30275866
d__relacbw027sbog_real_estate_loan__lag077,0.667712,0.083574,0.369854,0.30275866
q__ncbtsaq027s_nfcb_tsy_tx__lag004,0.984326,0.215302,0.092256,0.30273814
q__bogz1fl264135005q_row_loans_l__lag001,1.0,0.076238,0.226497,0.30273468
q__w326rc1q027sbea_net_op_surplus__lag003,0.984326,0.047729,0.259801,0.30271025
d__relacbw027sbog_relacbw027sbog__lag079,0.667712,0.083382,0.36989,0.30265462
d__relacbw027sbog_re_loans__lag079,0.667712,0.083382,0.36989,0.30265462
d__relacbw027sbog_real_estate_loan__lag079,0.667712,0.083382,0.36989,0.30265462
d__relacbw027sbog_relacbw027sbog__lag078,0.667712,0.08338,0.369888,0.30265234
d__relacbw027sbog_re_loans__lag078,0.667712,0.08338,0.369888,0.30265234
d__relacbw027sbog_real_estate_loan__lag078,0.667712,0.08338,0.369888,0.30265234
d__relacbw027sbog_relacbw027sbog__lag090,0.664577,0.08507,0.370174,0.30254449
d__relacbw027sbog_re_loans__lag090,0.664577,0.08507,0.370174,0.30254449
d__relacbw027sbog_real_estate_loan__lag090,0.664577,0.08507,0.370174,0.30254449
d__relacbw027sbog_relacbw027sbog__lag089,0.664577,0.08481,0.370246,0.30241956
d__relacbw027sbog_re_loans__lag089,0.664577,0.08481,0.370246,0.30241956
d__relacbw027sbog_real_estate_loan__lag089,0.664577,0.08481,0.370246,0.30241956
d__relacbw027sbog_relacbw027sbog__lag076,0.667712,0.082872,0.369836,0.30227859
d__relacbw027sbog_re_loans__lag076,0.667712,0.082872,0.369836,0.30227859
d__relacbw027sbog_real_estate_loan__lag076,0.667712,0.082872,0.369836,0.30227859
q__bogz1fa753061103q_usb_tsy_for_tx__lag001,0.99373,0.208204,0.095971,0.30226817
q__psave_psave__lag005,0.978056,0.196784,0.112154,0.30215796
m__pce_pce__lag012,0.833856,0.012412,0.349784,0.30201949
q__bogz1fa543461113q_li_bills_tx__lag001,0.99373,0.113962,0.189931,0.30198807
q__bogz1fa343061113q_fed_gov_dcf_retirement_ts_tx__lag008,0.971787,0.26757,0.043177,0.30197955
d__relacbw027sbog_relacbw027sbog__lag075,0.667712,0.082438,0.369758,0.30193657
d__relacbw027sbog_re_loans__lag075,0.667712,0.082438,0.369758,0.30193657
d__relacbw027sbog_real_estate_loan__lag075,0.667712,0.082438,0.369758,0.30193657
q__bogz1fr573061133q_private_dc_pension_ts_reval__lag004,0.984326,0.273468,0.033152,0.30181452
m__mtso133fms_fedgov_out__lag009,0.564263,0.378134,0.15661,0.30173629
d__relacbw027sbog_relacbw027sbog__lag074,0.667712,0.082091,0.36971,0.30167279
d__relacbw027sbog_re_loans__lag074,0.667712,0.082091,0.36971,0.30167279
d__relacbw027sbog_real_estate_loan__lag074,0.667712,0.082091,0.36971,0.30167279
q__rowstaq027s_row_stloan_a__lag005,0.99373,0.080625,0.222824,0.30154734
q__bogz1fl262151003q_row_repo__lag008,0.984326,0.108007,0.198276,0.30148274
q__bogz1fr153061105q_hhnp_tsy_reval__lag005,0.981191,0.239465,0.067422,0.30111437
q__tnwmvbsnncb_nfcb_nw__lag004,0.996865,0.016175,0.285873,0.30110094
q__bogz1fa573061105q_private_pension_ts_tx__lag001,0.99373,0.257145,0.045847,0.30109165
d__relacbw027sbog_relacbw027sbog__lag073,0.667712,0.081326,0.36958,0.30107538
d__relacbw027sbog_re_loans__lag073,0.667712,0.081326,0.36958,0.30107538
d__relacbw027sbog_real_estate_loan__lag073,0.667712,0.081326,0.36958,0.30107538
m__pcend_pcend__lag003,0.84326,0.038576,0.31846,0.30107367
q__bogz1fr343061105q_fed_gov_retirement_ts_reval__lag007,0.974922,0.207689,0.100896,0.30084586
d__relacbw027sbog_relacbw027sbog__lag072,0.667712,0.080929,0.369421,0.30070408
d__relacbw027sbog_re_loans__lag072,0.667712,0.080929,0.369421,0.30070408
d__relacbw027sbog_real_estate_loan__lag072,0.667712,0.080929,0.369421,0.30070408
q__bogz1fa263061130q_row_gov_tsy_tx__lag007,0.974922,0.063486,0.244859,0.30061241
q__bogz1fl713068703q_fed_dw_a__lag003,1.0,0.114075,0.186535,0.3006103
q__bogz1fr663061165q_brokers_dealers_long_ts_reval__lag007,0.974922,0.211641,0.096548,0.30046004
q__bogz1fl343061123q_fed_gov_dcg_retirement_ts__lag003,1.0,0.129598,0.170762,0.3003599
d__relacbw027sbog_relacbw027sbog__lag070,0.667712,0.080139,0.369629,0.30031547
d__relacbw027sbog_re_loans__lag070,0.667712,0.080139,0.369629,0.30031547
d__relacbw027sbog_real_estate_loan__lag070,0.667712,0.080139,0.369629,0.30031547
q__bogz1fl573061143q_private_db_pension_ts__lag007,0.987461,0.131678,0.17244,0.30030478
d__relacbw027sbog_relacbw027sbog__lag071,0.667712,0.079962,0.369546,0.30014118
d__relacbw027sbog_re_loans__lag071,0.667712,0.079962,0.369546,0.30014118
d__relacbw027sbog_real_estate_loan__lag071,0.667712,0.079962,0.369546,0.30014118
q__bogz1fa213061103q_state_local_gov_ts_tx__lag005,0.981191,0.150564,0.155323,0.30013379
d__relacbw027sbog_relacbw027sbog__lag069,0.667712,0.079807,0.369675,0.30012425
d__relacbw027sbog_re_loans__lag069,0.667712,0.079807,0.369675,0.30012425
d__relacbw027sbog_real_estate_loan__lag069,0.667712,0.079807,0.369675,0.30012425
q__bogz1fr473061105q_credit_unions_ts_reval__lag004,0.984326,0.287725,0.017036,0.29998429
d__relacbw027sbog_relacbw027sbog__lag068,0.667712,0.079542,0.369649,0.29992975
d__relacbw027sbog_re_loans__lag068,0.667712,0.079542,0.369649,0.29992975
d__relacbw027sbog_real_estate_loan__lag068,0.667712,0.079542,0.369649,0.29992975
m__pcedg_pcedg__lag001,0.84326,0.05235,0.303293,0.2998997
d__relacbw027sbog_relacbw027sbog__lag053,0.667712,0.078777,0.370259,0.29982657
d__relacbw027sbog_re_loans__lag053,0.667712,0.078777,0.370259,0.29982657
d__relacbw027sbog_real_estate_loan__lag053,0.667712,0.078777,0.370259,0.29982657
d__relacbw027sbog_relacbw027sbog__lag054,0.667712,0.078646,0.370305,0.29976977
d__relacbw027sbog_re_loans__lag054,0.667712,0.078646,0.370305,0.29976977
d__relacbw027sbog_real_estate_loan__lag054,0.667712,0.078646,0.370305,0.29976977
d__relacbw027sbog_relacbw027sbog__lag055,0.667712,0.078634,0.370289,0.29975112
d__relacbw027sbog_re_loans__lag055,0.667712,0.078634,0.370289,0.29975112
d__relacbw027sbog_real_estate_loan__lag055,0.667712,0.078634,0.370289,0.29975112
d__relacbw027sbog_relacbw027sbog__lag067,0.667712,0.079146,0.369613,0.2996415
d__relacbw027sbog_re_loans__lag067,0.667712,0.079146,0.369613,0.2996415
d__relacbw027sbog_real_estate_loan__lag067,0.667712,0.079146,0.369613,0.2996415
d__relacbw027sbog_relacbw027sbog__lag050,0.667712,0.078548,0.37011,0.29957475
d__relacbw027sbog_re_loans__lag050,0.667712,0.078548,0.37011,0.29957475
d__relacbw027sbog_real_estate_loan__lag050,0.667712,0.078548,0.37011,0.29957475
d__relacbw027sbog_relacbw027sbog__lag049,0.667712,0.078393,0.370042,0.29942535
d__relacbw027sbog_re_loans__lag049,0.667712,0.078393,0.370042,0.29942535
d__relacbw027sbog_real_estate_loan__lag049,0.667712,0.078393,0.370042,0.29942535
d__relacbw027sbog_relacbw027sbog__lag056,0.667712,0.078279,0.370154,0.29942399
d__relacbw027sbog_re_loans__lag056,0.667712,0.078279,0.370154,0.29942399
d__relacbw027sbog_real_estate_loan__lag056,0.667712,0.078279,0.370154,0.29942399
d__relacbw027sbog_relacbw027sbog__lag061,0.667712,0.078613,0.369744,0.29937271
d__relacbw027sbog_re_loans__lag061,0.667712,0.078613,0.369744,0.29937271
d__relacbw027sbog_real_estate_loan__lag061,0.667712,0.078613,0.369744,0.29937271
d__relacbw027sbog_relacbw027sbog__lag062,0.667712,0.078635,0.36972,0.29937163
d__relacbw027sbog_re_loans__lag062,0.667712,0.078635,0.36972,0.29937163
d__relacbw027sbog_real_estate_loan__lag062,0.667712,0.078635,0.36972,0.29937163
d__relacbw027sbog_relacbw027sbog__lag048,0.667712,0.078257,0.370093,0.29936894
d__relacbw027sbog_re_loans__lag048,0.667712,0.078257,0.370093,0.29936894
d__relacbw027sbog_real_estate_loan__lag048,0.667712,0.078257,0.370093,0.29936894
d__relacbw027sbog_relacbw027sbog__lag066,0.667712,0.078791,0.369545,0.2993591
d__relacbw027sbog_re_loans__lag066,0.667712,0.078791,0.369545,0.2993591
d__relacbw027sbog_real_estate_loan__lag066,0.667712,0.078791,0.369545,0.2993591
d__relacbw027sbog_relacbw027sbog__lag063,0.667712,0.078717,0.3696,0.29934634
d__relacbw027sbog_re_loans__lag063,0.667712,0.078717,0.3696,0.29934634
d__relacbw027sbog_real_estate_loan__lag063,0.667712,0.078717,0.3696,0.29934634
d__relacbw027sbog_relacbw027sbog__lag058,0.667712,0.078321,0.369944,0.29931162
d__relacbw027sbog_re_loans__lag058,0.667712,0.078321,0.369944,0.29931162
d__relacbw027sbog_real_estate_loan__lag058,0.667712,0.078321,0.369944,0.29931162
d__relacbw027sbog_relacbw027sbog__lag057,0.667712,0.078186,0.370007,0.29926377
d__relacbw027sbog_re_loans__lag057,0.667712,0.078186,0.370007,0.29926377
d__relacbw027sbog_real_estate_loan__lag057,0.667712,0.078186,0.370007,0.29926377
d__relacbw027sbog_relacbw027sbog__lag047,0.667712,0.078082,0.370035,0.2992132
d__relacbw027sbog_re_loans__lag047,0.667712,0.078082,0.370035,0.2992132
d__relacbw027sbog_real_estate_loan__lag047,0.667712,0.078082,0.370035,0.2992132
d__relacbw027sbog_relacbw027sbog__lag052,0.667712,0.077929,0.370178,0.29920668
d__relacbw027sbog_re_loans__lag052,0.667712,0.077929,0.370178,0.29920668
d__relacbw027sbog_real_estate_loan__lag052,0.667712,0.077929,0.370178,0.29920668
d__relacbw027sbog_relacbw027sbog__lag060,0.667712,0.078318,0.369759,0.29918641
d__relacbw027sbog_re_loans__lag060,0.667712,0.078318,0.369759,0.29918641
d__relacbw027sbog_real_estate_loan__lag060,0.667712,0.078318,0.369759,0.29918641
q__b639rg3q086sbea_exp_ind_pi__lag006,0.724138,0.002848,0.410264,0.29915017
d__relacbw027sbog_relacbw027sbog__lag051,0.667712,0.077893,0.370075,0.29911277
d__relacbw027sbog_re_loans__lag051,0.667712,0.077893,0.370075,0.29911277
d__relacbw027sbog_real_estate_loan__lag051,0.667712,0.077893,0.370075,0.29911277
d__relacbw027sbog_relacbw027sbog__lag046,0.667712,0.077902,0.369969,0.29904876
d__relacbw027sbog_re_loans__lag046,0.667712,0.077902,0.369969,0.29904876
d__relacbw027sbog_real_estate_loan__lag046,0.667712,0.077902,0.369969,0.29904876
d__relacbw027sbog_relacbw027sbog__lag059,0.667712,0.07816,0.36965,0.2990083
d__relacbw027sbog_re_loans__lag059,0.667712,0.07816,0.36965,0.2990083
d__relacbw027sbog_real_estate_loan__lag059,0.667712,0.07816,0.36965,0.2990083
d__relacbw027sbog_relacbw027sbog__lag065,0.667712,0.078134,0.369364,0.29879953
d__relacbw027sbog_re_loans__lag065,0.667712,0.078134,0.369364,0.29879953
d__relacbw027sbog_real_estate_loan__lag065,0.667712,0.078134,0.369364,0.29879953
d__relacbw027sbog_relacbw027sbog__lag064,0.667712,0.078056,0.369259,0.29867761
d__relacbw027sbog_re_loans__lag064,0.667712,0.078056,0.369259,0.29867761
d__relacbw027sbog_real_estate_loan__lag064,0.667712,0.078056,0.369259,0.29867761
d__relacbw027sbog_relacbw027sbog__lag045,0.667712,0.077355,0.369771,0.29855085
d__relacbw027sbog_re_loans__lag045,0.667712,0.077355,0.369771,0.29855085
d__relacbw027sbog_real_estate_loan__lag045,0.667712,0.077355,0.369771,0.29855085
q__w326rc1q027sbea_net_op_surplus__lag008,0.968652,0.006153,0.302049,0.29854049
q__bogz1lm663061105q_brokers_dealers_ts__lag002,1.0,0.165739,0.132625,0.29836357
m__currcir_currcir__lag010,1.0,0.065188,0.232851,0.29803898
m__rmfsl_mmf__lag006,0.664577,0.040878,0.407434,0.29793793
q__bogz1fl763123005q_tga_usb__lag007,0.987461,0.145586,0.15608,0.29788331
m__pcedg_pcedg__lag008,0.836991,0.036413,0.319452,0.29785587
q__bogz1fa263061130q_row_gov_tsy_tx__lag008,0.971787,0.060976,0.245496,0.29782498
q__tnwmvbsnncb_nfcb_nw__lag003,1.0,0.020808,0.276944,0.29775183
q__bogz1fr753061103q_usb_tsy_for_reval__lag004,0.984326,0.287524,0.014802,0.29758762
d__relacbw027sbog_relacbw027sbog__lag044,0.667712,0.075961,0.36965,0.29753949
d__relacbw027sbog_re_loans__lag044,0.667712,0.075961,0.36965,0.29753949
d__relacbw027sbog_real_estate_loan__lag044,0.667712,0.075961,0.36965,0.29753949
q__bogz1fr473061105q_credit_unions_ts_reval__lag007,0.974922,0.212822,0.092307,0.29747691
q__bogz1lm653061113q_mf_bills_raw__lag002,1.0,0.107102,0.190274,0.29737524
q__bogz1lm653061113q_mutf_bills__lag002,1.0,0.107102,0.190274,0.29737524
m__pce_pce__lag001,0.84326,0.028449,0.32395,0.29716393
m__wpu0561_ppi_crude__lag007,0.987461,0.033505,0.26737,0.29710167
d__relacbw027sbog_relacbw027sbog__lag042,0.667712,0.075128,0.369784,0.29707302
d__relacbw027sbog_re_loans__lag042,0.667712,0.075128,0.369784,0.29707302
d__relacbw027sbog_real_estate_loan__lag042,0.667712,0.075128,0.369784,0.29707302
d__relacbw027sbog_relacbw027sbog__lag043,0.667712,0.07494,0.36962,0.29683802
d__relacbw027sbog_re_loans__lag043,0.667712,0.07494,0.36962,0.29683802
d__relacbw027sbog_real_estate_loan__lag043,0.667712,0.07494,0.36962,0.29683802
d__relacbw027sbog_relacbw027sbog__lag041,0.667712,0.074718,0.369835,0.29683254
d__relacbw027sbog_re_loans__lag041,0.667712,0.074718,0.369835,0.29683254
d__relacbw027sbog_real_estate_loan__lag041,0.667712,0.074718,0.369835,0.29683254
q__bogz1fa573061133q_private_dc_pension_ts_tx__lag003,0.987461,0.200305,0.100257,0.29679262
q__bogz1fa313161110q_totalbills_z1_tx__lag003,0.987461,0.253921,0.046474,0.29662821
d__relacbw027sbog_relacbw027sbog__lag040,0.667712,0.074346,0.369827,0.29657975
d__relacbw027sbog_re_loans__lag040,0.667712,0.074346,0.369827,0.29657975
d__relacbw027sbog_real_estate_loan__lag040,0.667712,0.074346,0.369827,0.29657975
q__bogz1fr713061103q_cb_tsy_reval__lag005,0.981191,0.245228,0.057019,0.29656186
m__pcend_pcend__lag010,0.833856,0.025449,0.329716,0.29615624
m__pcend_pcend__lag002,0.84326,0.034345,0.316845,0.29614455
d__relacbw027sbog_relacbw027sbog__lag039,0.667712,0.073614,0.369791,0.29606677
d__relacbw027sbog_re_loans__lag039,0.667712,0.073614,0.369791,0.29606677
d__relacbw027sbog_real_estate_loan__lag039,0.667712,0.073614,0.369791,0.29606677
m__pce_pce__lag004,0.840125,0.020422,0.331826,0.29593229
q__bogz1fa673061103q_abs_issuers_ts_tx__lag003,0.987461,0.255297,0.044375,0.295914
q__bogz1fa213061103q_state_local_gov_ts_tx__lag008,0.971787,0.248039,0.056426,0.29587491
q__bogz1lm653061113q_mf_bills_raw__lag004,0.996865,0.118393,0.178405,0.29586755
q__bogz1lm653061113q_mutf_bills__lag004,0.996865,0.118393,0.178405,0.29586755
d__relacbw027sbog_relacbw027sbog__lag038,0.667712,0.072995,0.36971,0.29559937
d__relacbw027sbog_re_loans__lag038,0.667712,0.072995,0.36971,0.29559937
d__relacbw027sbog_real_estate_loan__lag038,0.667712,0.072995,0.36971,0.29559937
m__hqmcb10yrp_hqm10y__lag010,0.520376,0.244247,0.323345,0.29536085
q__bogz1lm153061105q_hhnp_tsy__lag003,1.0,0.17943,0.11585,0.29527974
q__tnwmvbsnncb_nfcb_nw__lag005,0.99373,0.004956,0.292136,0.29522953
q__dividend_dividend__lag008,0.968652,0.055314,0.249403,0.29516522
q__tfaabshno_hhnp_tfa__lag003,1.0,0.036694,0.258353,0.29504733
m__wtisplc_wtisplc__lag008,1.0,0.061156,0.233883,0.29503854
d__relacbw027sbog_relacbw027sbog__lag037,0.667712,0.072123,0.369607,0.29494831
d__relacbw027sbog_re_loans__lag037,0.667712,0.072123,0.369607,0.29494831
d__relacbw027sbog_real_estate_loan__lag037,0.667712,0.072123,0.369607,0.29494831
d__relacbw027sbog_relacbw027sbog__lag034,0.667712,0.071983,0.369715,0.2949267
d__relacbw027sbog_re_loans__lag034,0.667712,0.071983,0.369715,0.2949267
d__relacbw027sbog_real_estate_loan__lag034,0.667712,0.071983,0.369715,0.2949267
d__relacbw027sbog_relacbw027sbog__lag035,0.667712,0.071985,0.369636,0.29487541
d__relacbw027sbog_re_loans__lag035,0.667712,0.071985,0.369636,0.29487541
d__relacbw027sbog_real_estate_loan__lag035,0.667712,0.071985,0.369636,0.29487541
d__relacbw027sbog_relacbw027sbog__lag018,0.667712,0.072094,0.369477,0.29484236
d__relacbw027sbog_re_loans__lag018,0.667712,0.072094,0.369477,0.29484236
d__relacbw027sbog_real_estate_loan__lag018,0.667712,0.072094,0.369477,0.29484236
d__relacbw027sbog_relacbw027sbog__lag036,0.667712,0.071924,0.369572,0.29479245
d__relacbw027sbog_re_loans__lag036,0.667712,0.071924,0.369572,0.29479245
d__relacbw027sbog_real_estate_loan__lag036,0.667712,0.071924,0.369572,0.29479245
d__relacbw027sbog_relacbw027sbog__lag033,0.667712,0.071744,0.369725,0.29477355
d__relacbw027sbog_re_loans__lag033,0.667712,0.071744,0.369725,0.29477355
d__relacbw027sbog_real_estate_loan__lag033,0.667712,0.071744,0.369725,0.29477355
d__relacbw027sbog_relacbw027sbog__lag032,0.667712,0.07174,0.369686,0.29474526
d__relacbw027sbog_re_loans__lag032,0.667712,0.07174,0.369686,0.29474526
d__relacbw027sbog_real_estate_loan__lag032,0.667712,0.07174,0.369686,0.29474526
d__relacbw027sbog_relacbw027sbog__lag020,0.667712,0.071644,0.369692,0.29468473
d__relacbw027sbog_re_loans__lag020,0.667712,0.071644,0.369692,0.29468473
d__relacbw027sbog_real_estate_loan__lag020,0.667712,0.071644,0.369692,0.29468473
d__relacbw027sbog_relacbw027sbog__lag021,0.667712,0.071731,0.369561,0.29465556
d__relacbw027sbog_re_loans__lag021,0.667712,0.071731,0.369561,0.29465556
d__relacbw027sbog_real_estate_loan__lag021,0.667712,0.071731,0.369561,0.29465556
d__relacbw027sbog_relacbw027sbog__lag019,0.667712,0.071539,0.369705,0.29462365
d__relacbw027sbog_re_loans__lag019,0.667712,0.071539,0.369705,0.29462365
d__relacbw027sbog_real_estate_loan__lag019,0.667712,0.071539,0.369705,0.29462365
q__bogz1fa403061105q_gses_ts_tx__lag007,0.974922,0.168461,0.133707,0.29459022
d__ldgust_tga_fed_alt__lag011,1.0,0.170701,0.123874,0.29457575
q__bogz1fr213061103q_state_local_gov_ts_reval__lag005,0.981191,0.222136,0.078074,0.29456326
d__relacbw027sbog_relacbw027sbog__lag031,0.667712,0.071385,0.369647,0.29448204
d__relacbw027sbog_re_loans__lag031,0.667712,0.071385,0.369647,0.29448204
d__relacbw027sbog_real_estate_loan__lag031,0.667712,0.071385,0.369647,0.29448204
q__bogz1lm513061105q_pci_tsy_raw__lag005,0.99373,0.005768,0.290563,0.29447347
q__bogz1lm513061105q_pc_insurance_ts__lag005,0.99373,0.005768,0.290563,0.29447347
q__bogz1lm513061105q_p_c_insurance_ts__lag005,0.99373,0.005768,0.290563,0.29447347
m__pce_pce__lag003,0.84326,0.017822,0.331209,0.29432391
m__pce_pce__lag010,0.833856,0.011714,0.341207,0.29428542
d__relacbw027sbog_relacbw027sbog__lag017,0.667712,0.07133,0.369362,0.29425505
d__relacbw027sbog_re_loans__lag017,0.667712,0.07133,0.369362,0.29425505
d__relacbw027sbog_real_estate_loan__lag017,0.667712,0.07133,0.369362,0.29425505
m__mtsds133fms_fed_surplus_deficit__lag007,0.564263,0.333286,0.18817,0.29423874
d__relacbw027sbog_relacbw027sbog__lag022,0.667712,0.071227,0.369426,0.29422891
d__relacbw027sbog_re_loans__lag022,0.667712,0.071227,0.369426,0.29422891
d__relacbw027sbog_real_estate_loan__lag022,0.667712,0.071227,0.369426,0.29422891
d__relacbw027sbog_relacbw027sbog__lag024,0.667712,0.070993,0.369604,0.29419195
d__relacbw027sbog_re_loans__lag024,0.667712,0.070993,0.369604,0.29419195
d__relacbw027sbog_real_estate_loan__lag024,0.667712,0.070993,0.369604,0.29419195
m__pce_pce__lag002,0.84326,0.018862,0.329925,0.29411784
d__relacbw027sbog_relacbw027sbog__lag030,0.667712,0.070814,0.369606,0.29407365
d__relacbw027sbog_re_loans__lag030,0.667712,0.070814,0.369606,0.29407365
d__relacbw027sbog_real_estate_loan__lag030,0.667712,0.070814,0.369606,0.29407365
q__tfaabshno_hhnp_tfa__lag004,0.996865,0.02985,0.265099,0.2940248
d__relacbw027sbog_relacbw027sbog__lag028,0.667712,0.070569,0.369757,0.29401074
d__relacbw027sbog_re_loans__lag028,0.667712,0.070569,0.369757,0.29401074
d__relacbw027sbog_real_estate_loan__lag028,0.667712,0.070569,0.369757,0.29401074
d__relacbw027sbog_relacbw027sbog__lag027,0.667712,0.070454,0.369859,0.29400151
d__relacbw027sbog_re_loans__lag027,0.667712,0.070454,0.369859,0.29400151
d__relacbw027sbog_real_estate_loan__lag027,0.667712,0.070454,0.369859,0.29400151
d__relacbw027sbog_relacbw027sbog__lag026,0.667712,0.0704,0.369877,0.29397803
d__relacbw027sbog_re_loans__lag026,0.667712,0.0704,0.369877,0.29397803
d__relacbw027sbog_real_estate_loan__lag026,0.667712,0.0704,0.369877,0.29397803
d__relacbw027sbog_relacbw027sbog__lag029,0.667712,0.070585,0.369636,0.29394062
d__relacbw027sbog_re_loans__lag029,0.667712,0.070585,0.369636,0.29394062
d__relacbw027sbog_real_estate_loan__lag029,0.667712,0.070585,0.369636,0.29394062
d__relacbw027sbog_relacbw027sbog__lag023,0.667712,0.07066,0.369446,0.29386406
d__relacbw027sbog_re_loans__lag023,0.667712,0.07066,0.369446,0.29386406
d__relacbw027sbog_real_estate_loan__lag023,0.667712,0.07066,0.369446,0.29386406
d__relacbw027sbog_relacbw027sbog__lag025,0.667712,0.070489,0.369602,0.29385389
d__relacbw027sbog_re_loans__lag025,0.667712,0.070489,0.369602,0.29385389
d__relacbw027sbog_real_estate_loan__lag025,0.667712,0.070489,0.369602,0.29385389
q__bogz1fr743061103q_usb_tsy_dom_reval__lag007,0.974922,0.207133,0.094245,0.29382058
d__relacbw027sbog_relacbw027sbog__lag016,0.667712,0.070786,0.369238,0.29380875
d__relacbw027sbog_re_loans__lag016,0.667712,0.070786,0.369238,0.29380875
d__relacbw027sbog_real_estate_loan__lag016,0.667712,0.070786,0.369238,0.29380875
d__relacbw027sbog_relacbw027sbog__lag015,0.667712,0.070569,0.369305,0.29370923
d__relacbw027sbog_re_loans__lag015,0.667712,0.070569,0.369305,0.29370923
d__relacbw027sbog_real_estate_loan__lag015,0.667712,0.070569,0.369305,0.29370923
q__bogz1fa263061130q_row_gov_tsy_tx__lag005,0.981191,0.098838,0.200083,0.29329774
d__relacbw027sbog_relacbw027sbog__lag014,0.667712,0.06999,0.36925,0.29328567
d__relacbw027sbog_re_loans__lag014,0.667712,0.06999,0.36925,0.29328567
d__relacbw027sbog_real_estate_loan__lag014,0.667712,0.06999,0.36925,0.29328567
m__currcir_currcir__lag011,1.0,0.060418,0.232811,0.29322963
d__relacbw027sbog_relacbw027sbog__lag013,0.667712,0.069884,0.369233,0.2932031
d__relacbw027sbog_re_loans__lag013,0.667712,0.069884,0.369233,0.2932031
d__relacbw027sbog_real_estate_loan__lag013,0.667712,0.069884,0.369233,0.2932031
d__relacbw027sbog_relacbw027sbog__lag012,0.667712,0.069571,0.369253,0.29300822
d__relacbw027sbog_re_loans__lag012,0.667712,0.069571,0.369253,0.29300822
d__relacbw027sbog_real_estate_loan__lag012,0.667712,0.069571,0.369253,0.29300822
m__pcend_pcend__lag011,0.833856,0.014681,0.336351,0.29271067
q__bogz1lm573061105q_private_pension_ts__lag005,0.99373,0.128886,0.165464,0.29250386
d__relacbw027sbog_relacbw027sbog__lag011,0.667712,0.068715,0.369287,0.29245882
d__relacbw027sbog_re_loans__lag011,0.667712,0.068715,0.369287,0.29245882
d__relacbw027sbog_real_estate_loan__lag011,0.667712,0.068715,0.369287,0.29245882
d__relacbw027sbog_relacbw027sbog__lag010,0.667712,0.068365,0.369374,0.29228374
d__relacbw027sbog_re_loans__lag010,0.667712,0.068365,0.369374,0.29228374
d__relacbw027sbog_real_estate_loan__lag010,0.667712,0.068365,0.369374,0.29228374
q__bogz1fa383061105q_dom_nonfin_sector_tsy_tx__lag003,0.987461,0.224087,0.071797,0.29217367
d__relacbw027sbog_relacbw027sbog__lag006,0.667712,0.068226,0.369117,0.29201941
d__relacbw027sbog_re_loans__lag006,0.667712,0.068226,0.369117,0.29201941
d__relacbw027sbog_real_estate_loan__lag006,0.667712,0.068226,0.369117,0.29201941
d__relacbw027sbog_relacbw027sbog__lag004,0.667712,0.068129,0.369167,0.29198784
d__relacbw027sbog_re_loans__lag004,0.667712,0.068129,0.369167,0.29198784
d__relacbw027sbog_real_estate_loan__lag004,0.667712,0.068129,0.369167,0.29198784
d__relacbw027sbog_relacbw027sbog__lag005,0.667712,0.06813,0.369089,0.29193631
d__relacbw027sbog_re_loans__lag005,0.667712,0.06813,0.369089,0.29193631
d__relacbw027sbog_real_estate_loan__lag005,0.667712,0.06813,0.369089,0.29193631
d__relacbw027sbog_relacbw027sbog__lag009,0.667712,0.067921,0.369211,0.29187815
d__relacbw027sbog_re_loans__lag009,0.667712,0.067921,0.369211,0.29187815
d__relacbw027sbog_real_estate_loan__lag009,0.667712,0.067921,0.369211,0.29187815
d__relacbw027sbog_relacbw027sbog__lag007,0.667712,0.067887,0.36915,0.29181429
d__relacbw027sbog_re_loans__lag007,0.667712,0.067887,0.36915,0.29181429
d__relacbw027sbog_real_estate_loan__lag007,0.667712,0.067887,0.36915,0.29181429
d__relacbw027sbog_relacbw027sbog__lag008,0.667712,0.067897,0.36911,0.29179463
d__relacbw027sbog_re_loans__lag008,0.667712,0.067897,0.36911,0.29179463
d__relacbw027sbog_real_estate_loan__lag008,0.667712,0.067897,0.36911,0.29179463
d__relacbw027sbog_relacbw027sbog__lag003,0.667712,0.067759,0.369064,0.29167212
d__relacbw027sbog_re_loans__lag003,0.667712,0.067759,0.369064,0.29167212
d__relacbw027sbog_real_estate_loan__lag003,0.667712,0.067759,0.369064,0.29167212
q__bogz1lm263061105q_row_tsy_raw__lag008,0.984326,0.06753,0.228691,0.29157834
q__bogz1lm263061105q_row_tsy__lag008,0.984326,0.06753,0.228691,0.29157834
d__relacbw027sbog_relacbw027sbog__lag001,0.667712,0.067314,0.369111,0.29140646
d__relacbw027sbog_re_loans__lag001,0.667712,0.067314,0.369111,0.29140646
d__relacbw027sbog_real_estate_loan__lag001,0.667712,0.067314,0.369111,0.29140646
m__pcend_pcend__lag007,0.836991,0.025736,0.322337,0.2913333
d__relacbw027sbog_relacbw027sbog__lag002,0.667712,0.067331,0.36898,0.29132988
d__relacbw027sbog_re_loans__lag002,0.667712,0.067331,0.36898,0.29132988
d__relacbw027sbog_real_estate_loan__lag002,0.667712,0.067331,0.36898,0.29132988
m__pce_pce__lag009,0.836991,0.009883,0.338112,0.29126866
q__na000283q_gov_current_exp__lag005,0.978056,0.065564,0.232194,0.29122402
q__bogz1fr663061165q_brokers_dealers_long_ts_reval__lag004,0.984326,0.238516,0.057307,0.29118649
q__rowcpaq027s_row_commercialpaper_flow__lag002,0.990596,0.229992,0.063841,0.2910699
q__bogz1lm513061105q_pci_tsy_raw__lag003,1.0,0.033291,0.257741,0.29103112
q__bogz1lm513061105q_pc_insurance_ts__lag003,1.0,0.033291,0.257741,0.29103112
q__bogz1lm513061105q_p_c_insurance_ts__lag003,1.0,0.033291,0.257741,0.29103112
q__fgexpnd_fgexpnd__lag005,0.978056,0.065248,0.232296,0.2910148
q__bogz1lm513061105q_pci_tsy_raw__lag004,0.996865,0.017804,0.273859,0.29074915
q__bogz1lm513061105q_pc_insurance_ts__lag004,0.996865,0.017804,0.273859,0.29074915
q__bogz1lm513061105q_p_c_insurance_ts__lag004,0.996865,0.017804,0.273859,0.29074915
m__permit_permit__lag008,0.824451,0.204954,0.147356,0.29046256
q__bogz1lm105020015q_nfcb_inventories__lag001,1.0,0.001757,0.288608,0.29036575
m__currcir_currcir__lag012,1.0,0.057107,0.233132,0.29023859
d__ldgust_tga_fed_alt__lag010,1.0,0.15987,0.130284,0.29015334
m__pcend_pcend__lag006,0.840125,0.022912,0.322305,0.29002513
q__bogz1fr103061103q_nfcb_tsy_reval__lag004,0.984326,0.270074,0.024331,0.28979044
q__bogz1fr473061105q_credit_unions_ts_reval__lag003,0.987461,0.215515,0.077839,0.28967536
m__pcend_pcend__lag012,0.833856,0.008257,0.339064,0.28961553
q__bogz1lm103061103q_nfcb_tsy__lag003,1.0,0.176847,0.11267,0.28951727
m__pcedg_pcedg__lag004,0.840125,0.030084,0.314471,0.28946863
q__bogz1lm403061105q_gses_ts__lag004,0.996865,0.224193,0.066102,0.28938548
q__bogz1lm403061105q_gse_tsy__lag004,0.996865,0.224193,0.066102,0.28938548
m__mvmtd027mnfrbdal_mv_mkt_debt__lag008,1.0,0.124928,0.164438,0.28936574
m__pce_pce__lag005,0.840125,0.010424,0.333761,0.28915778
m__pce_pce__lag007,0.836991,0.010139,0.334959,0.28884375
q__bogz1fl503061123q_ccps_ts__lag007,0.987461,0.057447,0.235013,0.28879237
q__bogz1fr263061145q_row_priv_tsy_reval__lag008,0.971787,0.194347,0.102615,0.28858363
q__bogz1fr713061103q_cb_tsy_reval__lag007,0.974922,0.196934,0.098909,0.28842353
q__bogz1lm573061133q_private_dc_pension_ts__lag001,1.0,0.129151,0.159143,0.28829423
q__bogz1fa593061105q_pension_ts_tx__lag005,0.981191,0.248261,0.045541,0.28827532
m__wpu0561_ppi_crude__lag006,0.990596,0.033626,0.257217,0.2881086
q__bogz1fr263061105q_row_bills_reval__lag007,0.974922,0.184807,0.110217,0.28762529
q__bogz1fr263061105q_row_tsy_reval__lag007,0.974922,0.184807,0.110217,0.28762529
m__pcend_pcend__lag005,0.840125,0.020475,0.321872,0.2876146
q__bogz1fl712151003q_fed_repo__lag003,1.0,0.253626,0.033945,0.28757062
q__bogz1fl264135005a_row_loans_l__lag001,1.0,0.06946,0.218088,0.28754804
q__bogz1fr103061103q_nfcb_tsy_reval__lag007,0.974922,0.204204,0.090737,0.28754436
q__bogz1fr263061145q_row_priv_tsy_reval__lag002,0.990596,0.145513,0.14472,0.28750369
q__bogz1fr563061103q_etfs_ts_reval__lag004,0.984326,0.284293,0.007532,0.28725091
m__pcedg_pcedg__lag002,0.84326,0.026114,0.314368,0.28711524
m__pce_pce__lag006,0.840125,0.00802,0.333632,0.28703008
m__mtso133fms_fedgov_out__lag003,0.570533,0.308859,0.193328,0.28651402
m__hqmcb10yrp_hqm10y__lag011,0.520376,0.233782,0.315619,0.28589491
q__bogz1fr663061165q_brokers_dealers_long_ts_reval__lag003,0.987461,0.205852,0.083642,0.28586405
m__usalolitoaastsam_oecd_leading_indicator_us__lag005,0.890282,0.222952,0.097806,0.28556523
q__tgdef_net_gov_sav__lag005,0.978056,0.219837,0.071819,0.28525657
q__w326rc1q027sbea_net_op_surplus__lag002,0.987461,0.043079,0.245713,0.28517152
q__tfaabshno_hhnp_tfa__lag005,0.99373,0.019985,0.26691,0.28509646
q__bogz1fl264135005a_row_loans_l__lag008,0.99373,0.089117,0.19736,0.28468091
q__bogz1fa573061105q_private_pension_ts_tx__lag006,0.978056,0.234027,0.056838,0.28448327
m__pce_pce__lag008,0.836991,0.001371,0.338026,0.28407267
q__bogz1fa633061105q_money_market_funds_ts_tx__lag005,0.981191,0.215961,0.073029,0.28355402
q__bogz1fa633061110q_mmf_bills_tx__lag003,0.987461,0.259184,0.027891,0.28347569
q__rowmfsq027s_row_mutualfundshares_flow__lag004,0.984326,0.206599,0.081239,0.2833262
m__rmfsl_mmf__lag005,0.664577,0.024914,0.401387,0.28330989
q__bogz1fl313161110q_totalbills_z1__lag003,1.0,0.182634,0.100423,0.28305686
m__mvmtd027mnfrbdal_mv_mkt_debt__lag009,1.0,0.12136,0.161597,0.28295672
q__bogz1fr103061103q_nfcb_tsy_reval__lag003,0.987461,0.191083,0.095089,0.28258389
d__ldgust_tga_fed_alt__lag012,1.0,0.168367,0.114116,0.28248261
q__bogz1fr553061103q_closed_end_funds_ts_reval__lag003,0.987461,0.196224,0.08978,0.28241842
m__mtsr133fms_fedgov_rcpt__lag010,0.561129,0.246622,0.256361,0.28223795
q__b092rc1q027sbea_gov_int_priv__lag005,0.815047,0.011428,0.334811,0.28220091
m__pcend_pcend__lag008,0.836991,0.008832,0.327374,0.28140154
q__bogz1lm153061105q_hhnp_tsy__lag007,0.987461,0.232004,0.052112,0.28055254
q__bogz1lm653061113q_mf_bills_raw__lag003,1.0,0.100671,0.179778,0.2804491
q__bogz1lm653061113q_mutf_bills__lag003,1.0,0.100671,0.179778,0.2804491
m__pcedg_pcedg__lag003,0.84326,0.023312,0.309123,0.28032923
q__b092rc1q027sbea_gov_int_priv__lag002,0.824451,0.068072,0.27134,0.27982848
d__ldgust_tga_fed_alt__lag009,1.0,0.153037,0.126658,0.2796951
q__rowsllq027s_row_stloan_l__lag005,0.99373,0.132713,0.148579,0.27952808
q__tnwmvbsnncb_nfcb_nw__lag002,1.0,0.009337,0.269842,0.27917856
q__a464rc1q027sbea_nfcb_pbt__lag003,0.984326,0.096623,0.186772,0.27895329
q__rowsllq027s_row_stloan_l__lag003,1.0,0.122272,0.156656,0.27892772
q__bogz1fa753061103q_usb_tsy_for_tx__lag002,0.990596,0.144613,0.136902,0.27886761
q__bogz1fa343061113q_fed_gov_dcf_retirement_ts_tx__lag003,0.987461,0.168266,0.11402,0.27874603
q__bogz1fr473061105q_credit_unions_ts_reval__lag008,0.971787,0.174013,0.112637,0.27856254
q__bogz1fr213061103q_state_local_gov_ts_reval__lag008,0.971787,0.209012,0.077597,0.27852282
q__bogz1lm573061133q_private_dc_pension_ts__lag002,1.0,0.121529,0.156853,0.2783822
q__bogz1fl763123005q_tga_usb__lag008,0.984326,0.089588,0.193215,0.27837043
d__ldgust_tga_fed_alt__lag013,1.0,0.169614,0.108419,0.27803332
q__bogz1fr213061103q_state_local_gov_ts_reval__lag007,0.974922,0.210559,0.074522,0.27793142
q__bogz1fl573061143q_private_db_pension_ts__lag008,0.984326,0.106863,0.175381,0.27782011
q__bogz1fa553061103q_closed_end_funds_ts_tx__lag008,0.971787,0.134365,0.151196,0.2775046
q__rowmslq027s_row_muni_flow__lag004,0.984326,0.03268,0.249236,0.27749718
m__houst_houst__lag002,0.84326,0.178462,0.150588,0.27747493
m__wpu0561_ppi_crude__lag005,0.990596,0.026208,0.253893,0.27746669
q__dividend_dividend__lag007,0.971787,0.039524,0.245525,0.27700668
q__bogz1fl763123005q_tga_usb__lag006,0.990596,0.151908,0.12762,0.27689945
m__mtso133fms_fedgov_out__lag006,0.567398,0.300213,0.187547,0.27675394
q__na000283q_gov_current_exp__lag008,0.968652,0.02405,0.26158,0.27667593
q__bogz1fa263061130q_row_gov_tsy_tx__lag006,0.978056,0.019889,0.262884,0.27656809
q__b092rc1q027sbea_gov_int_priv__lag003,0.821317,0.04312,0.293575,0.27653323
m__rmfsl_mmf__lag001,0.667712,0.038067,0.375663,0.27625277
q__bogz1fr743061103q_usb_tsy_dom_reval__lag008,0.971787,0.164915,0.119047,0.27595063
q__fgexpnd_fgexpnd__lag008,0.968652,0.022696,0.261543,0.27532921
q__bogz1fr733061103q_holding_companies_ts_reval__lag005,0.981191,0.204166,0.075369,0.27427737
m__pcend_pcend__lag009,0.836991,0.000224,0.327296,0.27413142
m__mtsds133fms_fed_surplus_deficit__lag008,0.564263,0.257609,0.227382,0.27366269
d__baa10y_baa10y__lag004,0.504702,0.118151,0.423627,0.27343665
q__bogz1fr733061103q_holding_companies_ts_reval__lag004,0.984326,0.272164,0.005625,0.2734346
m__mvmtd027mnfrbdal_mv_mkt_debt__lag010,1.0,0.113852,0.159086,0.27293786
m__m2sl_m2__lag001,0.84326,0.127422,0.196048,0.27276933
m__pcedg_pcedg__lag007,0.836991,0.012007,0.313826,0.27271916
q__bogz1fa213061103q_state_local_gov_ts_tx__lag003,0.987461,0.068563,0.207546,0.27264664
q__b092rc1q027sbea_gov_int_priv__lag001,0.827586,0.082659,0.24678,0.27263916
d__baa10y_baa10y__lag010,0.504702,0.121669,0.418454,0.27260124
q__bogz1fr263061130q_row_gov_tsy_reval__lag008,0.971787,0.171962,0.108421,0.27247303
q__b639rg3q086sbea_exp_ind_pi__lag001,0.739812,0.064357,0.303882,0.27242771
q__w328rc1q027sbea_nfcb_pat__lag006,0.974922,0.049017,0.230117,0.27213455
q__bogz1fl633061110q_mmf_bills_raw__lag004,0.996865,0.176464,0.096433,0.27204145
q__bogz1fl633061110q_mmf_bills__lag004,0.996865,0.176464,0.096433,0.27204145
q__bogz1fr403061105q_gses_ts_reval__lag008,0.971787,0.196382,0.083339,0.2718283
q__bogz1fr263061130q_row_gov_tsy_reval__lag007,0.974922,0.174514,0.104229,0.27175262
d__baa10y_baa10y__lag003,0.504702,0.116957,0.420831,0.2714231
q__rowstaq027s_row_stloan_a__lag003,1.0,0.056135,0.215284,0.27141845
d__ldgust_tga_fed_alt__lag008,1.0,0.150729,0.120587,0.27131641
d__baa10y_baa10y__lag005,0.504702,0.119382,0.418034,0.27123481
d__baa10y_baa10y__lag002,0.504702,0.116557,0.420412,0.27100959
q__bogz1fr663061165q_brokers_dealers_long_ts_reval__lag008,0.971787,0.197288,0.081325,0.270753
q__rowstaq027s_row_stloan_a__lag004,0.996865,0.053743,0.217571,0.27046355
d__baa10y_baa10y__lag006,0.504702,0.121363,0.414424,0.2704128
d__baa10y_baa10y__lag011,0.504702,0.120801,0.414748,0.27029264
q__rowtsaq027s_row_tsy_tx__lag006,0.978056,0.002733,0.273407,0.27008107
q__bogz1fa653061113q_mutf_bills_tx__lag008,0.971787,0.126762,0.151138,0.27006015
q__bogz1fl713068703q_fed_dw_a__lag002,1.0,0.101501,0.168513,0.2700138
m__wtisplc_wtisplc__lag007,1.0,0.0378,0.232155,0.26995494
m__permit_permit__lag007,0.824451,0.188573,0.138539,0.26968811
d__baa10y_baa10y__lag008,0.504702,0.12007,0.414201,0.26964795
q__bogz1fr403061105q_gses_ts_reval__lag007,0.974922,0.181794,0.094734,0.26959385
q__bogz1fr763061100q_usb_tsy_oth_reval__lag003,0.987461,0.185979,0.086959,0.26951632
m__pcedg_pcedg__lag005,0.840125,0.000852,0.319864,0.26944155
m__pcedg_pcedg__lag006,0.840125,0.009152,0.31116,0.26910242
q__tnwmvbsnncb_nfcb_nw__lag001,1.0,0.002838,0.2662,0.26903884
d__baa10y_baa10y__lag012,0.504702,0.119125,0.413488,0.26881113
d__baa10y_baa10y__lag009,0.504702,0.119964,0.412598,0.26878513
m__mtsds133fms_fed_surplus_deficit__lag011,0.561129,0.336269,0.14239,0.26858892
q__rowceaq027s_row_corpequities_flow__lag002,0.990596,0.217368,0.053715,0.26853385
m__rmfsl_mmf__lag002,0.667712,0.020896,0.381154,0.26845362
q__bogz1lm343061113q_fed_gov_dcf_retirement_ts__lag005,0.99373,0.103086,0.166942,0.26833481
q__bogz1lm343061113q_fed_gov_dc_retirement_ts__lag005,0.99373,0.103086,0.166942,0.26833481
q__bogz1lm343061113q_fed_ret_tsy_dc__lag005,0.99373,0.103086,0.166942,0.26833481
d__baa10y_baa10y__lag001,0.504702,0.114628,0.416937,0.26828224
d__baa10y_baa10y__lag007,0.504702,0.118685,0.412809,0.2682464
q__dividend_dividend__lag006,0.974922,0.031928,0.243188,0.26821693
d__baa10y_baa10y__lag014,0.504702,0.123143,0.40789,0.26801369
q__rowsllq027s_row_stloan_l__lag004,0.996865,0.117494,0.151324,0.26797517
d__baa10y_baa10y__lag013,0.504702,0.118624,0.411492,0.26755089
m__m2sl_m2__lag002,0.84326,0.122271,0.194252,0.26691098
q__bogz1fl763123005q_tga_usb__lag002,1.0,0.187045,0.079789,0.26683386
d__baa10y_baa10y__lag015,0.504702,0.129707,0.39871,0.26669341
m__rmfsl_mmf__lag004,0.664577,0.006527,0.394605,0.26658339
m__hqmcb10yrp_hqm10y__lag012,0.520376,0.203533,0.308461,0.26642972
q__bogz1fa573061143q_private_db_pension_ts_tx__lag007,0.974922,0.24329,0.029979,0.26641625
m__wtisplc_wtisplc__lag006,1.0,0.040463,0.225656,0.2661187
d__baa10y_baa10y__lag016,0.504702,0.135386,0.391818,0.266081
q__b092rc1q027sbea_gov_int_priv__lag004,0.818182,0.01234,0.312618,0.26587497
q__bogz1fa573061143q_private_db_pension_ts_tx__lag006,0.978056,0.232707,0.039109,0.26585152
m__recprousm156n_recprob__lag012,0.727273,0.174065,0.191468,0.26584203
d__baa10y_baa10y__lag018,0.504702,0.135031,0.391378,0.2656802
m__usphci_usphci__lag011,0.583072,0.03835,0.417251,0.26564784
m__rmfsl_mmf__lag003,0.667712,0.009595,0.387672,0.26525916
d__baa10y_baa10y__lag020,0.504702,0.138416,0.38706,0.26520904
d__baa10y_baa10y__lag019,0.504702,0.133781,0.390791,0.26475276
q__bogz1fr713061103q_cb_tsy_reval__lag008,0.971787,0.149884,0.122538,0.26473611
q__rowsllq027s_row_stloan_l__lag002,1.0,0.103696,0.160846,0.26454211
d__baa10y_baa10y__lag078,0.504702,0.196041,0.327092,0.26402597
d__baa10y_baa10y__lag082,0.504702,0.196574,0.326155,0.26382251
d__baa10y_baa10y__lag081,0.504702,0.198388,0.324173,0.26373742
m__usphci_usphci__lag010,0.583072,0.037356,0.41478,0.26362788
m__usphci_usphci__lag012,0.583072,0.032355,0.419703,0.26358212
q__bogz1fa263061110q_row_bills_tx__lag008,0.971787,0.177001,0.094217,0.26356589
d__baa10y_baa10y__lag023,0.504702,0.138641,0.383504,0.26352791
d__baa10y_baa10y__lag021,0.504702,0.138816,0.382913,0.26331781
d__baa10y_baa10y__lag034,0.504702,0.159448,0.362259,0.26330694
q__w326rc1q027sbea_net_op_surplus__lag001,0.990596,0.017497,0.247813,0.26281463
d__baa10y_baa10y__lag035,0.504702,0.159711,0.360974,0.26279088
d__baa10y_baa10y__lag077,0.504702,0.192149,0.328436,0.26274055
d__baa10y_baa10y__lag083,0.504702,0.194768,0.325795,0.26272949
q__bogz1lm513061105q_pci_tsy_raw__lag002,1.0,0.01791,0.244788,0.2626978
q__bogz1lm513061105q_pc_insurance_ts__lag002,1.0,0.01791,0.244788,0.2626978
q__bogz1lm513061105q_p_c_insurance_ts__lag002,1.0,0.01791,0.244788,0.2626978
q__bogz1lm153061105q_hhnp_tsy__lag002,1.0,0.138332,0.124324,0.26265531
d__baa10y_baa10y__lag025,0.504702,0.143074,0.377312,0.26263984
q__bogz1fa543061175q_life_insurance_ts_tx__lag001,0.99373,0.105499,0.158797,0.26263894
d__baa10y_baa10y__lag084,0.504702,0.199634,0.320654,0.26259031
q__bogz1fa553061103q_closed_end_funds_ts_tx__lag004,0.984326,0.106298,0.160399,0.26251612
q__bogz1fl503061123q_ccps_ts__lag008,0.984326,0.039914,0.226757,0.26249164
d__baa10y_baa10y__lag079,0.504702,0.194433,0.325627,0.26247561
d__baa10y_baa10y__lag073,0.504702,0.198204,0.321604,0.26234829
d__baa10y_baa10y__lag026,0.504702,0.143565,0.376003,0.26222697
d__baa10y_baa10y__lag074,0.504702,0.195108,0.324438,0.26221627
d__baa10y_baa10y__lag037,0.504702,0.164975,0.354544,0.26220244
d__baa10y_baa10y__lag075,0.504702,0.194333,0.325125,0.26217132
d__ldgust_tga_fed_alt__lag014,1.0,0.1615,0.100602,0.26210128
d__baa10y_baa10y__lag033,0.504702,0.155433,0.363691,0.2620032
m__m2sl_m2__lag003,0.84326,0.11607,0.194503,0.26189311
d__baa10y_baa10y__lag017,0.504702,0.133788,0.385113,0.26189048
q__bogz1fr563061103q_etfs_ts_reval__lag002,0.990596,0.152327,0.112009,0.26184997
d__baa10y_baa10y__lag027,0.504702,0.146802,0.371934,0.26180751
d__ldgust_tga_fed_alt__lag007,1.0,0.145877,0.115655,0.26153215
q__bogz1lm573061105q_private_pension_ts__lag006,0.990596,0.100752,0.163234,0.26150284
q__rowmslq027s_row_muni_flow__lag006,0.978056,0.052213,0.214929,0.26127968
q__bogz1lm573061133q_private_dc_pension_ts__lag003,1.0,0.108387,0.152694,0.2610807
d__totll_totll__lag088,0.667712,0.082841,0.307903,0.26090394
d__totll_totll__lag087,0.667712,0.082648,0.307892,0.26076797
d__baa10y_baa10y__lag029,0.504702,0.148,0.368545,0.26070162
d__baa10y_baa10y__lag080,0.504702,0.194703,0.321661,0.26061001
d__baa10y_baa10y__lag089,0.504702,0.203819,0.312231,0.26045115
d__baa10y_baa10y__lag028,0.504702,0.147057,0.368924,0.26041657
q__bogz1fl763123005q_tga_usb__lag003,1.0,0.170292,0.090033,0.26032584
d__baa10y_baa10y__lag090,0.501567,0.207178,0.311819,0.26031166
m__mvmtd027mnfrbdal_mv_mkt_debt__lag011,1.0,0.100359,0.15987,0.26022876
d__totll_totll__lag086,0.667712,0.081917,0.307811,0.2602256
d__baa10y_baa10y__lag022,0.504702,0.133423,0.382158,0.26021457
d__baa10y_baa10y__lag088,0.504702,0.201436,0.314051,0.26016785
d__totll_totll__lag085,0.667712,0.081692,0.307788,0.26006023
d__totll_totll__lag084,0.667712,0.081594,0.307831,0.26002325
q__rowtsaq027s_row_tsy_tx__lag008,0.971787,0.037798,0.229717,0.25996733
d__baa10y_baa10y__lag024,0.504702,0.140536,0.374528,0.25995394
d__baa10y_baa10y__lag085,0.504702,0.200584,0.314282,0.25985409
d__totll_totll__lag090,0.664577,0.083117,0.30782,0.2598074
d__totll_totll__lag083,0.667712,0.081251,0.307848,0.25980573
q__bogz1fl383061105q_dom_nonfin_sector_tsy__lag005,0.99373,0.135607,0.125828,0.25979545
d__totll_totll__lag089,0.664577,0.08298,0.307885,0.25975994
d__totci_totci__lag088,0.667712,0.118273,0.270725,0.25973842
d__totll_totll__lag082,0.667712,0.081073,0.307827,0.25967286
d__totll_totll__lag081,0.667712,0.080928,0.307803,0.2595601
d__baa10y_baa10y__lag036,0.504702,0.161857,0.352286,0.25948924
d__totci_totci__lag087,0.667712,0.11782,0.270583,0.25934118
d__totll_totll__lag080,0.667712,0.080617,0.307709,0.25928962
d__baa10y_baa10y__lag072,0.504702,0.19367,0.320053,0.25927689
q__rowgseq027s_row_agency_flow__lag004,0.984326,0.19315,0.070241,0.25926294
d__baa10y_baa10y__lag030,0.504702,0.147687,0.365978,0.25924772
d__baa10y_baa10y__lag076,0.504702,0.19288,0.320771,0.25924045
d__totll_totll__lag077,0.667712,0.080331,0.307688,0.25908486
m__houst_houst__lag003,0.84326,0.163285,0.143823,0.25897169
d__totci_totci__lag090,0.664577,0.11902,0.270532,0.2588875
q__na000283q_gov_current_exp__lag007,0.971787,0.013931,0.252465,0.25888019
q__bogz1fl713061113q_cb_bills_raw__lag005,0.99373,0.177146,0.083328,0.25884093
q__bogz1fl713061113q_cb_bills__lag005,0.99373,0.177146,0.083328,0.25884093
d__totll_totll__lag079,0.667712,0.080052,0.307563,0.25881523
d__totci_totci__lag089,0.664577,0.118837,0.27058,0.25879767
d__totll_totll__lag078,0.667712,0.079856,0.307695,0.25877248
d__totll_totll__lag076,0.667712,0.079682,0.307695,0.25865557
d__totci_totci__lag086,0.667712,0.116707,0.270607,0.25861411
d__totll_totll__lag075,0.667712,0.079533,0.307647,0.25852478
d__baa10y_baa10y__lag031,0.504702,0.150494,0.361726,0.25851861
d__totll_totll__lag074,0.667712,0.079311,0.307658,0.25838335
d__baa10y_baa10y__lag086,0.504702,0.201315,0.310565,0.2583471
q__fgexpnd_fgexpnd__lag007,0.971787,0.013062,0.252637,0.25820288
d__totci_totci__lag085,0.667712,0.115906,0.270634,0.2580976
d__totll_totll__lag073,0.667712,0.078849,0.307555,0.25800661
d__totci_totci__lag084,0.667712,0.115677,0.27064,0.25794827
q__w328rc1q027sbea_nfcb_pat__lag004,0.981191,0.04763,0.215235,0.25792058
d__baa10y_baa10y__lag048,0.504702,0.178194,0.332586,0.25779206
d__totll_totll__lag072,0.667712,0.078601,0.30739,0.25773115
d__totci_totci__lag083,0.667712,0.115196,0.270795,0.25773102
q__bogz1fa313161105q_tsy_net_tx__lag005,0.981191,0.177575,0.085024,0.25765924
d__totci_totci__lag081,0.667712,0.115113,0.270764,0.25765425
d__totci_totci__lag080,0.667712,0.115056,0.270811,0.25764759
d__totci_totci__lag082,0.667712,0.115013,0.270772,0.25759282
m__usalolitoaastsam_oecd_leading_indicator_us__lag004,0.890282,0.193408,0.09593,0.25759261
q__bogz1fl343061123q_fed_gov_dcg_retirement_ts__lag007,0.987461,0.08456,0.176153,0.25744398
d__totll_totll__lag070,0.667712,0.078284,0.307276,0.25744293
d__totll_totll__lag071,0.667712,0.078075,0.307381,0.25737351
d__totll_totll__lag069,0.667712,0.078022,0.307298,0.25728275
d__totll_totll__lag068,0.667712,0.077823,0.307279,0.25713707
d__baa10y_baa10y__lag055,0.504702,0.183073,0.326353,0.25710851
d__baa10y_baa10y__lag054,0.504702,0.181684,0.327642,0.25705788
d__totci_totci__lag079,0.667712,0.11414,0.270843,0.25705721
d__totci_totci__lag077,0.667712,0.11404,0.270904,0.25703186
q__bogz1fa553061103q_closed_end_funds_ts_tx__lag001,0.99373,0.082863,0.175757,0.25699832
d__totci_totci__lag074,0.667712,0.113774,0.271118,0.2569967
d__totll_totll__lag067,0.667712,0.077599,0.307263,0.25697663
d__baa10y_baa10y__lag057,0.504702,0.18706,0.322097,0.25697245
d__totci_totci__lag075,0.667712,0.113827,0.270987,0.25694475
d__totci_totci__lag073,0.667712,0.113674,0.271033,0.2568733
d__baa10y_baa10y__lag087,0.504702,0.196719,0.312172,0.2568385
d__totci_totci__lag076,0.667712,0.113579,0.270968,0.25676657
d__totll_totll__lag066,0.667712,0.077179,0.307188,0.25664616
d__totci_totci__lag072,0.667712,0.113386,0.270973,0.25664067
d__totci_totci__lag078,0.667712,0.113113,0.271135,0.25656713
d__totll_totll__lag063,0.667712,0.077128,0.30695,0.25645331
d__totll_totll__lag062,0.667712,0.077077,0.306987,0.25644421
d__baa10y_baa10y__lag058,0.504702,0.189017,0.319056,0.25642559
d__totci_totci__lag068,0.667712,0.113852,0.270166,0.2564134
d__totci_totci__lag069,0.667712,0.113864,0.270102,0.25637909
d__totci_totci__lag067,0.667712,0.113804,0.27016,0.25637724
d__totll_totll__lag061,0.667712,0.076907,0.307045,0.2563691
d__baa10y_baa10y__lag032,0.504702,0.150814,0.35708,0.25633539
d__totll_totll__lag060,0.667712,0.076718,0.307089,0.25627232
d__totci_totci__lag070,0.667712,0.113614,0.270185,0.25626754
d__totci_totci__lag066,0.667712,0.113546,0.27015,0.25619857
d__totci_totci__lag071,0.667712,0.11263,0.27104,0.25618072
d__totll_totll__lag055,0.667712,0.076593,0.30703,0.25614949
d__totll_totll__lag054,0.667712,0.076553,0.307064,0.2561455
d__totll_totll__lag053,0.667712,0.076571,0.307021,0.25612895
d__totll_totll__lag065,0.667712,0.076552,0.307028,0.25612056
d__totll_totll__lag059,0.667712,0.076586,0.306993,0.25612028
d__totll_totll__lag064,0.667712,0.076691,0.306873,0.25611025
d__baa10y_baa10y__lag049,0.504702,0.176899,0.330459,0.25606484
d__totll_totll__lag050,0.667712,0.076669,0.306825,0.2560632
d__baa10y_baa10y__lag042,0.504702,0.164547,0.342784,0.25605133
d__baa10y_baa10y__lag045,0.504702,0.170758,0.336491,0.25600987
d__totll_totll__lag056,0.667712,0.076389,0.306963,0.25596813
d__totll_totll__lag049,0.667712,0.076554,0.306787,0.25596165
d__totll_totll__lag058,0.667712,0.076239,0.307075,0.25594326
d__totll_totll__lag057,0.667712,0.076333,0.30693,0.25590897
d__baa10y_baa10y__lag044,0.504702,0.165981,0.341009,0.25587899
d__totll_totll__lag048,0.667712,0.076335,0.306808,0.255829
d__totll_totll__lag052,0.667712,0.076189,0.306937,0.2558177
d__baa10y_baa10y__lag056,0.504702,0.182165,0.324702,0.25581737
d__totll_totll__lag051,0.667712,0.076273,0.306821,0.25579636
d__baa10y_baa10y__lag040,0.504702,0.162859,0.343795,0.25570911
d__totll_totll__lag047,0.667712,0.076125,0.306808,0.25568858
d__baa10y_baa10y__lag038,0.504702,0.159761,0.346699,0.25561112
d__totll_totll__lag046,0.667712,0.07594,0.306802,0.25556067
d__baa10y_baa10y__lag061,0.504702,0.188275,0.318084,0.25556046
d__baa10y_baa10y__lag039,0.504702,0.16166,0.344432,0.25542594
d__totci_totci__lag065,0.667712,0.112335,0.270176,0.25540732
d__ldgust_tga_fed_alt__lag006,1.0,0.142702,0.112695,0.25539735
d__totci_totci__lag062,0.667712,0.112845,0.269572,0.25534423
d__totll_totll__lag045,0.667712,0.075693,0.306707,0.25533292
d__totci_totci__lag061,0.667712,0.112698,0.269614,0.25527468
m__m2sl_m2__lag004,0.840125,0.108677,0.195168,0.25526759
d__totci_totci__lag060,0.667712,0.112502,0.269749,0.25523342
q__w328rc1q027sbea_nfcb_pat__lag005,0.978056,0.038519,0.222423,0.25521568
d__totci_totci__lag063,0.667712,0.112655,0.269563,0.25521114
d__totci_totci__lag059,0.667712,0.112506,0.269627,0.25515481
q__rowcpaq027s_row_commercialpaper_flow__lag005,0.981191,0.190206,0.069809,0.25512417
d__baa10y_baa10y__lag050,0.504702,0.174624,0.330824,0.25510063
d__totci_totci__lag064,0.667712,0.111864,0.269967,0.25495345
d__baa10y_baa10y__lag047,0.504702,0.173791,0.331108,0.25482351
d__tlaacbw027sbog_bank_ta__lag007,0.667712,0.110114,0.271477,0.25479265
d__baa10y_baa10y__lag053,0.504702,0.17683,0.327871,0.25472377
d__baa10y_baa10y__lag065,0.504702,0.18881,0.315666,0.2546106
d__totll_totll__lag044,0.667712,0.074666,0.30656,0.25454846
d__baa10y_baa10y__lag059,0.504702,0.187762,0.316529,0.25451693
d__baa10y_baa10y__lag051,0.504702,0.175233,0.328984,0.25447962
d__tlaacbw027sbog_bank_ta__lag006,0.667712,0.109431,0.271459,0.25432419
d__totll_totll__lag043,0.667712,0.074459,0.306395,0.25430027
q__w328rc1q027sbea_nfcb_pat__lag007,0.971787,0.025671,0.23601,0.25429891
d__totll_totll__lag042,0.667712,0.074246,0.306583,0.25428391
d__baa10y_baa10y__lag060,0.504702,0.185263,0.318353,0.25417625
d__tlaacbw027sbog_bank_ta__lag002,0.667712,0.109287,0.271322,0.25413706
d__tlaacbw027sbog_bank_ta__lag005,0.667712,0.108953,0.271486,0.2540232
d__totll_totll__lag041,0.667712,0.073833,0.306605,0.25402267
d__tlaacbw027sbog_bank_ta__lag004,0.667712,0.10875,0.271626,0.25398145
d__totll_totll__lag040,0.667712,0.073645,0.306606,0.25389786
d__tlaacbw027sbog_bank_ta__lag008,0.667712,0.109891,0.270345,0.25388753
d__tlaacbw027sbog_bank_ta__lag003,0.667712,0.108486,0.271576,0.25377208
m__mvmtd027mnfrbdal_mv_mkt_debt__lag012,1.0,0.095115,0.158573,0.25368757
d__totll_totll__lag039,0.667712,0.07333,0.30657,0.25366383
d__tlaacbw027sbog_bank_ta__lag009,0.667712,0.10933,0.270341,0.25351102
d__totll_totll__lag038,0.667712,0.073137,0.30653,0.25350802
d__baa10y_baa10y__lag069,0.504702,0.188724,0.313554,0.25350057
d__baa10y_baa10y__lag071,0.504702,0.190812,0.311425,0.25348022
q__bogz1fl383061105q_dom_nonfin_sector_tsy__lag006,0.990596,0.136834,0.118996,0.25342398
d__totci_totci__lag058,0.667712,0.110091,0.269424,0.2534064
d__baa10y_baa10y__lag052,0.504702,0.171446,0.330338,0.25325161
d__baa10y_baa10y__lag041,0.504702,0.162034,0.339735,0.25324388
d__totci_totci__lag054,0.667712,0.110698,0.268525,0.25321157
d__totci_totci__lag055,0.667712,0.11079,0.268393,0.25318521
d__totci_totci__lag052,0.667712,0.110657,0.26849,0.25316073
d__tlaacbw027sbog_bank_ta__lag010,0.667712,0.108764,0.270358,0.25314404
d__totci_totci__lag053,0.667712,0.110613,0.268493,0.25313338
d__totci_totci__lag057,0.667712,0.110148,0.268929,0.25311419
d__totci_totci__lag056,0.667712,0.110532,0.268478,0.25306934
d__baa10y_baa10y__lag064,0.504702,0.18915,0.312243,0.25305408
d__totll_totll__lag034,0.667712,0.072531,0.306437,0.25304177
d__baa10y_baa10y__lag070,0.504702,0.187603,0.313721,0.25301955
q__na000283q_gov_current_exp__lag006,0.974922,0.017676,0.241807,0.25297566
d__totll_totll__lag035,0.667712,0.072478,0.30638,0.25296806
d__totci_totci__lag050,0.667712,0.110323,0.268523,0.2529594
d__totll_totll__lag033,0.667712,0.072382,0.306437,0.2529421
d__totll_totll__lag037,0.667712,0.072432,0.30635,0.25291692
d__tlaacbw027sbog_bank_ta__lag014,0.667712,0.10839,0.27039,0.2529155
d__totll_totll__lag032,0.667712,0.072314,0.306464,0.25291446
d__tlaacbw027sbog_bank_ta__lag021,0.667712,0.108773,0.269977,0.2528959
d__tlaacbw027sbog_bank_ta__lag013,0.667712,0.1083,0.270442,0.25289041
d__tlaacbw027sbog_bank_ta__lag018,0.667712,0.108669,0.270039,0.25286831
d__totll_totll__lag036,0.667712,0.072339,0.306325,0.2528386
q__bogz1fa633061110q_mmf_bills_tx__lag005,0.981191,0.178354,0.079329,0.25283577
d__totci_totci__lag051,0.667712,0.10999,0.268641,0.25281632
d__baa10y_baa10y__lag043,0.504702,0.160235,0.340638,0.25279192
q__rowsllq027s_row_stloan_l__lag007,0.987461,0.11044,0.145554,0.25278407
d__tlaacbw027sbog_bank_ta__lag019,0.667712,0.108467,0.27011,0.25278051
q__bogz1fa513061105q_pc_insurance_ts_tx__lag007,0.974922,0.210868,0.048408,0.25277301
d__tlaacbw027sbog_bank_ta__lag012,0.667712,0.108223,0.270343,0.25277245
d__totci_totci__lag049,0.667712,0.110171,0.268309,0.25271557
d__totll_totll__lag031,0.667712,0.072054,0.306366,0.25267577
d__tlaacbw027sbog_bank_ta__lag020,0.667712,0.10843,0.269938,0.25264049
d__tlaacbw027sbog_bank_ta__lag011,0.667712,0.108013,0.270338,0.25262944
d__baa10y_baa10y__lag062,0.504702,0.188722,0.311826,0.2526276
d__tlaacbw027sbog_bank_ta__lag001,0.667712,0.106811,0.271504,0.25260477
q__bogz1fa653061105q_mutual_funds_ts_tx__lag005,0.981191,0.238231,0.019198,0.25258651
d__ldgust_tga_fed_alt__lag005,1.0,0.14111,0.111335,0.25244499
d__totci_totci__lag048,0.667712,0.109758,0.268301,0.25243474
d__totci_totci__lag045,0.667712,0.109493,0.268544,0.25241952
m__mtsds133fms_fed_surplus_deficit__lag005,0.567398,0.207214,0.237644,0.2524116
d__totci_totci__lag047,0.667712,0.10963,0.268352,0.25238319
d__tlaacbw027sbog_bank_ta__lag022,0.667712,0.108107,0.269814,0.252342
d__totci_totci__lag046,0.667712,0.10943,0.268419,0.25229419
d__baa10y_baa10y__lag046,0.504702,0.170397,0.329191,0.25214288
d__tlaacbw027sbog_bank_ta__lag015,0.667712,0.108128,0.269468,0.25212503
q__bogz1fr343061165q_fed_gov_db_retirement_ts_reval__lag008,0.971787,0.179554,0.079846,0.252081
d__totll_totll__lag030,0.667712,0.071386,0.306124,0.2520675
d__totll_totll__lag021,0.667712,0.071205,0.306004,0.25186703
d__tlaacbw027sbog_bank_ta__lag016,0.667712,0.107348,0.2698,0.25182583
d__totll_totll__lag024,0.667712,0.071045,0.306089,0.25181679
d__totll_totll__lag029,0.667712,0.071025,0.30609,0.25180449
d__totll_totll__lag019,0.667712,0.070935,0.306164,0.25179346
m__bogmbase_mb__lag001,0.84326,0.150273,0.148299,0.25177379
d__totll_totll__lag020,0.667712,0.071009,0.306053,0.25176857
d__totll_totll__lag027,0.667712,0.070765,0.306287,0.25176191
d__totll_totll__lag026,0.667712,0.070721,0.306315,0.25175111
d__totll_totll__lag018,0.667712,0.071023,0.306005,0.25174598
d__totll_totll__lag028,0.667712,0.0707,0.30624,0.25168754
d__totll_totll__lag025,0.667712,0.070667,0.306152,0.25160618
m__recprousm156n_recprob__lag007,0.733542,0.166766,0.176202,0.25158159
d__totll_totll__lag022,0.667712,0.070854,0.305825,0.25151266
q__bogz1fr383061105q_dom_nonfin_sector_tsy_reval__lag004,0.984326,0.237798,0.017678,0.25147178
q__fgexpnd_fgexpnd__lag006,0.974922,0.015853,0.242037,0.2514225
d__tlaacbw027sbog_bank_ta__lag023,0.667712,0.106557,0.26992,0.25137803
d__tlaacbw027sbog_bank_ta__lag017,0.667712,0.106605,0.269828,0.25134873
d__totll_totll__lag023,0.667712,0.070542,0.305869,0.25133436
d__ldgust_tga_fed_alt__lag001,1.0,0.132473,0.118859,0.251332
q__hnotsbq027s_hhnp_tsy_tx__lag007,0.974922,0.173158,0.084631,0.25132418
d__totci_totci__lag044,0.667712,0.107859,0.268312,0.25117369
d__baa10y_baa10y__lag063,0.504702,0.188399,0.309124,0.25110048
d__baa10y_baa10y__lag067,0.504702,0.184889,0.312584,0.25107548
d__tlaacbw027sbog_bank_ta__lag024,0.667712,0.10627,0.269752,0.25107425
d__totll_totll__lag017,0.667712,0.070171,0.305742,0.25100187
q__bogz1fa753061103q_usb_tsy_for_tx__lag005,0.981191,0.065315,0.190437,0.25094178
d__baa10y_baa10y__lag068,0.504702,0.18655,0.310592,0.25090886
q__bogz1fa313161110q_totalbills_z1_tx__lag005,0.981191,0.150979,0.104588,0.2507603
m__houst_houst__lag004,0.840125,0.148718,0.149688,0.25069843
q__bogz1fl383061105q_dom_nonfin_sector_tsy__lag004,0.996865,0.123412,0.128052,0.25067632
d__totll_totll__lag016,0.667712,0.069863,0.30556,0.25067416
d__tlaacbw027sbog_bank_ta__lag049,0.667712,0.106307,0.269095,0.25065987
d__tlaacbw027sbog_bank_ta__lag050,0.667712,0.106281,0.26911,0.25065342
d__tlaacbw027sbog_bank_ta__lag031,0.667712,0.105939,0.269428,0.25063724
q__rowtsaq027s_row_tsy_tx__lag003,0.987461,0.074823,0.178979,0.25061952
d__totci_totci__lag043,0.667712,0.107373,0.267957,0.25061192
d__tlaacbw027sbog_bank_ta__lag048,0.667712,0.106204,0.269111,0.2506023
d__tlaacbw027sbog_bank_ta__lag034,0.667712,0.106126,0.269164,0.25058497
d__tlaacbw027sbog_bank_ta__lag033,0.667712,0.106067,0.269191,0.25056475
d__totll_totll__lag014,0.667712,0.068492,0.306712,0.25052792
d__tlaacbw027sbog_bank_ta__lag060,0.667712,0.105698,0.269461,0.25049836
d__tlaacbw027sbog_bank_ta__lag061,0.667712,0.105815,0.269336,0.2504925
d__tlaacbw027sbog_bank_ta__lag032,0.667712,0.105762,0.269379,0.25048555
d__tlaacbw027sbog_bank_ta__lag028,0.667712,0.105648,0.269486,0.25048125
q__dividend_dividend__lag005,0.978056,0.016967,0.239132,0.25047956
m__mtsds133fms_fed_surplus_deficit__lag012,0.561129,0.249727,0.196636,0.25046719
q__bogz1lm103061103q_nfcb_tsy__lag002,1.0,0.118266,0.132147,0.25041299
d__tlaacbw027sbog_bank_ta__lag047,0.667712,0.105913,0.26911,0.25040732
d__totll_totll__lag013,0.667712,0.068276,0.306719,0.25038862
d__tlaacbw027sbog_bank_ta__lag062,0.667712,0.105743,0.269239,0.25037992
q__bogz1fr733061103q_holding_companies_ts_reval__lag007,0.974922,0.183069,0.073738,0.25036662
d__tlaacbw027sbog_bank_ta__lag025,0.667712,0.10542,0.269535,0.25036193
d__tlaacbw027sbog_bank_ta__lag035,0.667712,0.105896,0.269043,0.25035097
d__tlaacbw027sbog_bank_ta__lag027,0.667712,0.105288,0.269648,0.25034923
d__tlaacbw027sbog_bank_ta__lag037,0.667712,0.105778,0.269107,0.25031474
q__bogz1fl712151003q_fed_repo__lag004,0.996865,0.21504,0.036047,0.25030022
d__totll_totll__lag012,0.667712,0.068061,0.306761,0.25027301
d__tlaacbw027sbog_bank_ta__lag036,0.667712,0.105708,0.269112,0.25027214
d__tlaacbw027sbog_bank_ta__lag026,0.667712,0.105054,0.26966,0.25020093
q__bogz1fr383061105q_dom_nonfin_sector_tsy_reval__lag003,0.987461,0.190597,0.062775,0.25019445
d__totll_totll__lag015,0.667712,0.068815,0.305855,0.25017122
d__tlaacbw027sbog_bank_ta__lag056,0.667712,0.105617,0.269027,0.25015394
q__bogz1fa223061143q_state_local_db_retirement_ts_tx__lag007,0.974922,0.159656,0.096933,0.25015391
d__tlaacbw027sbog_bank_ta__lag053,0.667712,0.105625,0.26901,0.25014782
d__tlaacbw027sbog_bank_ta__lag055,0.667712,0.105581,0.269032,0.25013376
d__tlaacbw027sbog_bank_ta__lag029,0.667712,0.105678,0.268934,0.25013342
d__tlaacbw027sbog_bank_ta__lag052,0.667712,0.105533,0.269032,0.25010098
d__tlaacbw027sbog_bank_ta__lag057,0.667712,0.105591,0.268968,0.25009749
d__tlaacbw027sbog_bank_ta__lag051,0.667712,0.1055,0.269034,0.2500807
d__tlaacbw027sbog_bank_ta__lag046,0.667712,0.105501,0.269018,0.25007103
d__tlaacbw027sbog_bank_ta__lag054,0.667712,0.105449,0.269021,0.25003789
d__tlaacbw027sbog_bank_ta__lag058,0.667712,0.105188,0.269232,0.25000471
d__tlaacbw027sbog_bank_ta__lag044,0.667712,0.105615,0.268798,0.24999967
d__totll_totll__lag011,0.667712,0.067513,0.306895,0.24999686
d__totll_totll__lag010,0.667712,0.067454,0.30685,0.24992702
d__totci_totci__lag042,0.667712,0.105985,0.268312,0.24992197
d__totll_totll__lag007,0.667712,0.066842,0.307382,0.24987358
d__tlaacbw027sbog_bank_ta__lag059,0.667712,0.104984,0.269237,0.24987155
d__tlaacbw027sbog_bank_ta__lag030,0.667712,0.105146,0.269035,0.24984553
d__tlaacbw027sbog_bank_ta__lag045,0.667712,0.105175,0.268984,0.24983039
d__totll_totll__lag006,0.667712,0.066789,0.307369,0.24982968
d__tlaacbw027sbog_bank_ta__lag043,0.667712,0.105457,0.268688,0.24982133
d__tlaacbw027sbog_bank_ta__lag076,0.667712,0.104671,0.269463,0.24981369
d__tlaacbw027sbog_bank_ta__lag042,0.667712,0.105187,0.268863,0.24975765
d__tlaacbw027sbog_bank_ta__lag077,0.667712,0.104617,0.269378,0.24972037
d__totll_totll__lag005,0.667712,0.06655,0.30738,0.24967681
d__totci_totci__lag038,0.667712,0.105636,0.268263,0.24965704
d__tlaacbw027sbog_bank_ta__lag075,0.667712,0.104509,0.269387,0.24965415
d__tlaacbw027sbog_bank_ta__lag063,0.667712,0.104866,0.269007,0.24963893
d__totci_totci__lag041,0.667712,0.105569,0.268274,0.24961923
d__tlaacbw027sbog_bank_ta__lag064,0.667712,0.104856,0.268981,0.24961511
d__totci_totci__lag040,0.667712,0.105556,0.268264,0.24960371
d__totll_totll__lag004,0.667712,0.066377,0.307439,0.24960135
d__tlaacbw027sbog_bank_ta__lag070,0.667712,0.104452,0.269321,0.24957259
d__totci_totci__lag039,0.667712,0.105494,0.268219,0.24953228
d__tlaacbw027sbog_bank_ta__lag040,0.667712,0.104755,0.268947,0.24952508
d__tlaacbw027sbog_bank_ta__lag038,0.667712,0.104706,0.268976,0.24951197
d__totll_totll__lag003,0.667712,0.066329,0.307331,0.24949671
d__baa10y_baa10y__lag066,0.504702,0.182799,0.311519,0.24948312
d__tlaacbw027sbog_bank_ta__lag041,0.667712,0.104632,0.268943,0.24944015
d__tlaacbw027sbog_bank_ta__lag039,0.667712,0.104638,0.268914,0.24942511
d__totll_totll__lag009,0.667712,0.066939,0.306595,0.24941312
d__tlaacbw027sbog_bank_ta__lag071,0.667712,0.103972,0.269559,0.24941101
d__totll_totll__lag001,0.667712,0.065594,0.307873,0.24936844
d__tlaacbw027sbog_bank_ta__lag074,0.667712,0.104015,0.269415,0.24934381
d__totll_totll__lag002,0.667712,0.066221,0.307185,0.24932785
d__totll_totll__lag008,0.667712,0.066752,0.30656,0.24926459
d__tlaacbw027sbog_bank_ta__lag072,0.667712,0.103474,0.269665,0.24914903
q__fgtsl_fgtsl__lag001,1.0,0.096132,0.152972,0.24910366
d__tlaacbw027sbog_bank_ta__lag069,0.667712,0.103614,0.269352,0.24903378
d__tlaacbw027sbog_bank_ta__lag078,0.667712,0.103328,0.269592,0.24900315
d__tlaacbw027sbog_bank_ta__lag066,0.667712,0.103423,0.269417,0.24894961
d__tlaacbw027sbog_bank_ta__lag068,0.667712,0.103437,0.269392,0.24894207
d__tlaacbw027sbog_bank_ta__lag067,0.667712,0.103415,0.269362,0.24890758
d__tlaacbw027sbog_bank_ta__lag065,0.667712,0.103516,0.269169,0.24884614
q__bogz1lm513061105q_pci_tsy_raw__lag001,1.0,0.021994,0.226839,0.2488328
q__bogz1lm513061105q_pc_insurance_ts__lag001,1.0,0.021994,0.226839,0.2488328
q__bogz1lm513061105q_p_c_insurance_ts__lag001,1.0,0.021994,0.226839,0.2488328
d__totci_totci__lag037,0.667712,0.10448,0.26811,0.24878304
d__tlaacbw027sbog_bank_ta__lag073,0.667712,0.103228,0.269317,0.24875256
m__m2sl_m2__lag005,0.840125,0.101102,0.19486,0.24864554
d__totci_totci__lag035,0.667712,0.104126,0.268241,0.24863332
d__tlaacbw027sbog_bank_ta__lag079,0.667712,0.102864,0.269497,0.24863027
d__totci_totci__lag034,0.667712,0.104017,0.268197,0.24853139
d__totci_totci__lag036,0.667712,0.103997,0.268189,0.24851301
d__totci_totci__lag033,0.667712,0.10395,0.26815,0.24845587
q__bogz1fr553061103q_closed_end_funds_ts_reval__lag004,0.984326,0.153999,0.098389,0.24843188
d__ldgust_tga_fed_alt__lag003,1.0,0.140147,0.108243,0.24839031
d__clsacbw027sbog_cons_loans__lag088,0.667712,0.081371,0.290588,0.24836175
d__totci_totci__lag032,0.667712,0.103632,0.268283,0.24833207
d__ldgust_tga_fed_alt__lag004,1.0,0.138626,0.109694,0.24832027
m__wtisplc_wtisplc__lag005,1.0,0.018639,0.229632,0.2482711
d__totci_totci__lag031,0.667712,0.103534,0.268105,0.24814746
q__bogz1fr713061113q_cb_bills_reval__lag003,0.987461,0.105031,0.146233,0.24811327
q__rowsllq027s_row_stloan_l__lag006,0.990596,0.108688,0.14178,0.24811243
d__tlaacbw027sbog_bank_ta__lag085,0.667712,0.102252,0.269265,0.24806611
q__bogz1fr213061103q_state_local_gov_ts_reval__lag003,0.987461,0.186753,0.064462,0.24806501
d__clsacbw027sbog_cons_loans__lag087,0.667712,0.080967,0.290527,0.24805034
q__fbtsaaq027s_dom_fin_sector_tsy__lag001,1.0,0.164378,0.083605,0.24798289
d__tlaacbw027sbog_bank_ta__lag080,0.667712,0.101846,0.269351,0.24785244
d__clsacbw027sbog_cons_loans__lag084,0.667712,0.080583,0.290385,0.24769991
d__tlaacbw027sbog_bank_ta__lag084,0.667712,0.101357,0.269351,0.24752647
d__clsacbw027sbog_cons_loans__lag083,0.667712,0.080387,0.290317,0.24752354
d__clsacbw027sbog_cons_loans__lag085,0.667712,0.080513,0.290171,0.24751021
d__clsacbw027sbog_cons_loans__lag082,0.667712,0.080293,0.290307,0.24745391
d__clsacbw027sbog_cons_loans__lag090,0.664577,0.081768,0.290569,0.2474462
d__tlaacbw027sbog_bank_ta__lag081,0.667712,0.101182,0.269373,0.24742383
d__clsacbw027sbog_cons_loans__lag086,0.667712,0.080183,0.290318,0.24738788
d__clsacbw027sbog_cons_loans__lag081,0.667712,0.080197,0.290181,0.24730569
d__clsacbw027sbog_cons_loans__lag089,0.664577,0.081525,0.290551,0.24727318
d__clsacbw027sbog_cons_loans__lag077,0.667712,0.079908,0.2904,0.24725929
q__dividend_dividend__lag004,0.981191,0.018205,0.233786,0.24725125
d__tlaacbw027sbog_bank_ta__lag088,0.667712,0.10034,0.269821,0.24716097
q__bogz1fr263061105q_row_bills_reval__lag002,0.990596,0.115966,0.133532,0.24715189
q__bogz1fr263061105q_row_tsy_reval__lag002,0.990596,0.115966,0.133532,0.24715189
d__tlaacbw027sbog_bank_ta__lag082,0.667712,0.100805,0.269337,0.24714851
q__bogz1fl383061105q_dom_nonfin_sector_tsy__lag007,0.987461,0.134869,0.115415,0.24714551
d__tlaacbw027sbog_bank_ta__lag086,0.667712,0.100612,0.269523,0.24714382
d__clsacbw027sbog_cons_loans__lag076,0.667712,0.079596,0.2905,0.24711703
d__tlaacbw027sbog_bank_ta__lag087,0.667712,0.100416,0.269669,0.24710981
d__clsacbw027sbog_cons_loans__lag080,0.667712,0.080055,0.290015,0.2471004
d__tlaacbw027sbog_bank_ta__lag083,0.667712,0.10056,0.269395,0.24702302
d__clsacbw027sbog_cons_loans__lag075,0.667712,0.079239,0.290526,0.2468966
d__totci_totci__lag030,0.667712,0.102238,0.267526,0.24689553
d__clsacbw027sbog_cons_loans__lag079,0.667712,0.080049,0.289693,0.24688083
d__clsacbw027sbog_cons_loans__lag078,0.667712,0.079709,0.289951,0.24682625
d__clsacbw027sbog_cons_loans__lag074,0.667712,0.078985,0.290565,0.24675257
d__totbkcr_totbkcr__lag088,0.667712,0.088862,0.28063,0.24671422
q__bogz1fa513061113q_pci_bills_tx__lag007,0.974922,0.218312,0.034728,0.24669419
d__totbkcr_totbkcr__lag087,0.667712,0.088674,0.280603,0.24657068
d__clsacbw027sbog_cons_loans__lag071,0.667712,0.078447,0.290334,0.24623918
q__bogz1fl343061123q_fed_gov_dcg_retirement_ts__lag008,0.984326,0.054448,0.19571,0.24623677
d__clsacbw027sbog_cons_loans__lag070,0.667712,0.078207,0.290554,0.24622587
d__clsacbw027sbog_cons_loans__lag073,0.667712,0.07822,0.29048,0.24618524
d__totbkcr_totbkcr__lag085,0.667712,0.088372,0.280301,0.24616749
d__clsacbw027sbog_cons_loans__lag069,0.667712,0.078082,0.29059,0.24616661
d__totbkcr_totbkcr__lag086,0.667712,0.088206,0.28045,0.24615591
d__clsacbw027sbog_cons_loans__lag072,0.667712,0.07821,0.290382,0.24611354
d__clsacbw027sbog_cons_loans__lag068,0.667712,0.078018,0.290561,0.24610438
d__totbkcr_totbkcr__lag077,0.667712,0.088242,0.280302,0.24608112
d__totbkcr_totbkcr__lag084,0.667712,0.088225,0.280301,0.24606969
d__clsacbw027sbog_cons_loans__lag067,0.667712,0.077965,0.2905,0.24602884
d__totci_totci__lag029,0.667712,0.100735,0.267601,0.24594195
d__totbkcr_totbkcr__lag078,0.667712,0.088015,0.280297,0.24592596
d__tlaacbw027sbog_bank_ta__lag089,0.664577,0.100371,0.269643,0.24590243
d__totbkcr_totbkcr__lag055,0.667712,0.088452,0.279747,0.24585097
d__totbkcr_totbkcr__lag050,0.667712,0.088559,0.279632,0.24584511
d__totbkcr_totbkcr__lag049,0.667712,0.088603,0.279563,0.24582866
d__tlaacbw027sbog_bank_ta__lag090,0.664577,0.100411,0.269485,0.24582429
d__totbkcr_totbkcr__lag083,0.667712,0.087836,0.280308,0.24581408
m__mtsds133fms_fed_surplus_deficit__lag006,0.567398,0.309229,0.124002,0.24581401
d__totbkcr_totbkcr__lag054,0.667712,0.088369,0.279772,0.2458118
d__totbkcr_totbkcr__lag053,0.667712,0.088396,0.279742,0.24580996
d__totbkcr_totbkcr__lag056,0.667712,0.088432,0.279688,0.24579757
d__totbkcr_totbkcr__lag048,0.667712,0.088511,0.279586,0.24578274
d__totci_totci__lag024,0.667712,0.100363,0.26772,0.24577276
d__clsacbw027sbog_cons_loans__lag057,0.667712,0.078405,0.289668,0.24576692
d__totbkcr_totbkcr__lag057,0.667712,0.08846,0.279612,0.24576604
d__totbkcr_totbkcr__lag076,0.667712,0.087781,0.280244,0.24573504
d__totbkcr_totbkcr__lag082,0.667712,0.087694,0.280308,0.24571922
d__totci_totci__lag026,0.667712,0.100049,0.267918,0.2456954
d__clsacbw027sbog_cons_loans__lag064,0.667712,0.077819,0.290132,0.24568528
d__totbkcr_totbkcr__lag075,0.667712,0.087702,0.280237,0.24567712
d__totbkcr_totbkcr__lag081,0.667712,0.087586,0.28035,0.2456747
d__clsacbw027sbog_cons_loans__lag062,0.667712,0.077722,0.290196,0.24566294
d__clsacbw027sbog_cons_loans__lag059,0.667712,0.077781,0.290129,0.2456576
d__clsacbw027sbog_cons_loans__lag063,0.667712,0.077635,0.290267,0.24565287
d__totbkcr_totbkcr__lag052,0.667712,0.088177,0.27971,0.2456428
d__clsacbw027sbog_cons_loans__lag060,0.667712,0.077656,0.29023,0.24564197
q__rowstaq027s_row_stloan_a__lag002,1.0,0.034451,0.211181,0.24563176
d__clsacbw027sbog_cons_loans__lag066,0.667712,0.077459,0.290395,0.24562019
d__totbkcr_totbkcr__lag074,0.667712,0.087597,0.280253,0.24561766
q__bogz1fa663061165q_brokers_dealers_long_ts_tx__lag008,0.971787,0.196968,0.055775,0.2456124
d__totbkcr_totbkcr__lag047,0.667712,0.088229,0.279612,0.24561217
d__totbkcr_totbkcr__lag051,0.667712,0.088169,0.279654,0.24559948
d__totci_totci__lag025,0.667712,0.099951,0.267861,0.24559251
q__bogz1fa573061105q_private_pension_ts_tx__lag007,0.974922,0.223614,0.028283,0.24557959
d__clsacbw027sbog_cons_loans__lag061,0.667712,0.077551,0.290201,0.24555248
d__totbkcr_totbkcr__lag080,0.667712,0.087465,0.280284,0.24555042
d__totbkcr_totbkcr__lag070,0.667712,0.087615,0.280119,0.24554078
d__totbkcr_totbkcr__lag046,0.667712,0.088085,0.279637,0.24553235
d__clsacbw027sbog_cons_loans__lag058,0.667712,0.07793,0.289774,0.24552023
d__totbkcr_totbkcr__lag045,0.667712,0.088094,0.279609,0.24551969
d__totci_totci__lag027,0.667712,0.099936,0.267731,0.24549552
d__totbkcr_totbkcr__lag079,0.667712,0.087406,0.280259,0.24549381
d__clsacbw027sbog_cons_loans__lag056,0.667712,0.078043,0.289605,0.24548287
d__totbkcr_totbkcr__lag089,0.664577,0.088855,0.280526,0.24548202
d__totbkcr_totbkcr__lag058,0.667712,0.087753,0.279857,0.24545737
d__totbkcr_totbkcr__lag071,0.667712,0.087442,0.280159,0.24545154
d__totbkcr_totbkcr__lag069,0.667712,0.087408,0.280188,0.24544818
d__totbkcr_totbkcr__lag090,0.664577,0.08884,0.280404,0.24539086
d__clsacbw027sbog_cons_loans__lag065,0.667712,0.077314,0.290193,0.24538908
d__totbkcr_totbkcr__lag060,0.667712,0.087567,0.279926,0.24537888
d__totci_totci__lag028,0.667712,0.09976,0.267719,0.24536941
d__totbkcr_totbkcr__lag042,0.667712,0.087998,0.279426,0.2453334
d__totbkcr_totbkcr__lag063,0.667712,0.087679,0.279737,0.24532754
d__totbkcr_totbkcr__lag068,0.667712,0.087232,0.280174,0.24532108
d__totbkcr_totbkcr__lag044,0.667712,0.087929,0.279471,0.24531752
d__totbkcr_totbkcr__lag067,0.667712,0.087209,0.280168,0.2453017
d__totbkcr_totbkcr__lag061,0.667712,0.087556,0.279816,0.24529857
d__totbkcr_totbkcr__lag043,0.667712,0.088106,0.279241,0.24528153
d__totbkcr_totbkcr__lag072,0.667712,0.087155,0.280175,0.24527076
d__totbkcr_totbkcr__lag059,0.667712,0.087541,0.279775,0.24526117
d__totbkcr_totbkcr__lag073,0.667712,0.087189,0.280114,0.24525264
d__clsacbw027sbog_cons_loans__lag055,0.667712,0.077699,0.289592,0.24524412
d__totbkcr_totbkcr__lag062,0.667712,0.08752,0.27975,0.24523053
d__totbkcr_totbkcr__lag021,0.667712,0.088091,0.279163,0.24521951
d__totbkcr_totbkcr__lag001,0.667712,0.086649,0.280591,0.2452103
d__totbkcr_totbkcr__lag041,0.667712,0.087748,0.279467,0.24519318
d__totbkcr_totbkcr__lag040,0.667712,0.087657,0.279477,0.24513971
d__totbkcr_totbkcr__lag064,0.667712,0.087427,0.279649,0.24510115
d__totbkcr_totbkcr__lag020,0.667712,0.087896,0.279169,0.24509358
d__clsacbw027sbog_cons_loans__lag054,0.667712,0.077472,0.289567,0.24507624
d__totbkcr_totbkcr__lag066,0.667712,0.086914,0.280091,0.2450538
d__clsacbw027sbog_cons_loans__lag050,0.667712,0.07793,0.289042,0.24503118
q__bogz1fr513061105q_pc_insurance_ts_reval__lag005,0.981191,0.142573,0.107135,0.24501145
d__totbkcr_totbkcr__lag027,0.667712,0.08764,0.279292,0.24500435
d__totbkcr_totbkcr__lag002,0.667712,0.086749,0.280172,0.24499721
d__totbkcr_totbkcr__lag024,0.667712,0.087784,0.279133,0.24499422
d__clsacbw027sbog_cons_loans__lag053,0.667712,0.077366,0.289539,0.24498644
q__bogz1fa693061105q_nonmmf_ts_tx__lag005,0.981191,0.21877,0.030903,0.24497635
q__bogz1fa693061105q_nonmmmf_ts_tx__lag005,0.981191,0.21877,0.030903,0.24497635
d__totbkcr_totbkcr__lag028,0.667712,0.087657,0.279214,0.24496411
d__totbkcr_totbkcr__lag039,0.667712,0.087369,0.279495,0.24495917
d__totbkcr_totbkcr__lag003,0.667712,0.086468,0.280366,0.24493906
d__totbkcr_totbkcr__lag038,0.667712,0.087302,0.27949,0.24491132
d__totbkcr_totbkcr__lag019,0.667712,0.087582,0.279209,0.24491074
d__totbkcr_totbkcr__lag018,0.667712,0.087622,0.279131,0.2448852
d__totbkcr_totbkcr__lag065,0.667712,0.086847,0.279899,0.24488015
d__totbkcr_totbkcr__lag022,0.667712,0.087753,0.278963,0.24486043
d__totbkcr_totbkcr__lag034,0.667712,0.087401,0.279308,0.24485587
d__clsacbw027sbog_cons_loans__lag048,0.667712,0.077621,0.289086,0.24485414
d__clsacbw027sbog_cons_loans__lag049,0.667712,0.077708,0.288978,0.24484051
d__totbkcr_totbkcr__lag026,0.667712,0.087405,0.279278,0.24483837
d__totbkcr_totbkcr__lag035,0.667712,0.087426,0.279249,0.2448331
d__clsacbw027sbog_cons_loans__lag042,0.667712,0.077296,0.289369,0.24482664
d__totbkcr_totbkcr__lag029,0.667712,0.087699,0.278965,0.2448261
d__clsacbw027sbog_cons_loans__lag041,0.667712,0.077089,0.289533,0.24479763
d__clsacbw027sbog_cons_loans__lag047,0.667712,0.077499,0.289103,0.24478422
d__clsacbw027sbog_cons_loans__lag052,0.667712,0.077161,0.289418,0.24476908
d__totbkcr_totbkcr__lag025,0.667712,0.087414,0.279131,0.24474604
d__clsacbw027sbog_cons_loans__lag040,0.667712,0.076947,0.289556,0.24471872
d__clsacbw027sbog_cons_loans__lag046,0.667712,0.077288,0.289207,0.24471325
d__totbkcr_totbkcr__lag031,0.667712,0.087174,0.279316,0.24470978
d__totbkcr_totbkcr__lag033,0.667712,0.08721,0.279274,0.24470539
d__clsacbw027sbog_cons_loans__lag043,0.667712,0.077256,0.289194,0.24468284
d__totbkcr_totbkcr__lag032,0.667712,0.087135,0.279313,0.24468156
d__clsacbw027sbog_cons_loans__lag039,0.667712,0.076952,0.289477,0.24466907
d__totbkcr_totbkcr__lag023,0.667712,0.087381,0.27904,0.24466358
d__totbkcr_totbkcr__lag036,0.667712,0.087235,0.279171,0.24465368
d__totci_totci__lag023,0.667712,0.099017,0.267375,0.24464439
d__totbkcr_totbkcr__lag007,0.667712,0.086128,0.280249,0.24463409
d__totbkcr_totbkcr__lag006,0.667712,0.086113,0.280232,0.24461285
q__dividend_dividend__lag002,0.987461,0.024853,0.222861,0.24460794
d__totbkcr_totbkcr__lag030,0.667712,0.087158,0.279132,0.24457601
d__clsacbw027sbog_cons_loans__lag051,0.667712,0.077098,0.289165,0.24455802
d__totbkcr_totbkcr__lag037,0.667712,0.086965,0.279287,0.24455088
q__bogz1fr563061103q_etfs_ts_reval__lag008,0.971787,0.153837,0.097753,0.24449242
q__bogz1lm573061105q_private_pension_ts__lag007,0.987461,0.083118,0.164462,0.24447577
d__totbkcr_totbkcr__lag004,0.667712,0.085829,0.280287,0.24446008
d__totbkcr_totbkcr__lag005,0.667712,0.085892,0.280214,0.24445324
d__clsacbw027sbog_cons_loans__lag038,0.667712,0.076733,0.289343,0.24443325
d__totbkcr_totbkcr__lag014,0.667712,0.08653,0.27949,0.24439546
m__usphci_usphci__lag007,0.586207,0.007353,0.409496,0.24435967
d__totbkcr_totbkcr__lag013,0.667712,0.086367,0.279507,0.2442979
d__clsacbw027sbog_cons_loans__lag036,0.667712,0.076885,0.288965,0.24428191
d__clsacbw027sbog_cons_loans__lag045,0.667712,0.07678,0.289047,0.24426733
d__totbkcr_totbkcr__lag010,0.667712,0.086108,0.2797,0.24425459
d__totci_totci__lag021,0.667712,0.098195,0.267586,0.24423622
d__totbkcr_totbkcr__lag016,0.667712,0.086984,0.278795,0.24423519
d__totbkcr_totbkcr__lag017,0.667712,0.08683,0.278924,0.24421808
d__totci_totci__lag022,0.667712,0.098344,0.26737,0.2441914
d__totci_totci__lag019,0.667712,0.098056,0.267641,0.24417994
d__totbkcr_totbkcr__lag012,0.667712,0.086165,0.279525,0.24417562
d__clsacbw027sbog_cons_loans__lag034,0.667712,0.076462,0.289197,0.24415473
d__totci_totci__lag020,0.667712,0.098073,0.26757,0.24414379
d__totbkcr_totbkcr__lag015,0.667712,0.086719,0.278884,0.24411734
d__clsacbw027sbog_cons_loans__lag037,0.667712,0.076513,0.289087,0.2441154
d__totci_totci__lag018,0.667712,0.097988,0.267595,0.24410401
m__m2sl_m2__lag006,0.840125,0.095488,0.195041,0.24408039
d__clsacbw027sbog_cons_loans__lag035,0.667712,0.076381,0.289112,0.2440442
d__clsacbw027sbog_cons_loans__lag044,0.667712,0.076373,0.289081,0.24401792
m__usphci_usphci__lag009,0.586207,0.00389,0.412353,0.24400414
d__totbkcr_totbkcr__lag011,0.667712,0.085756,0.279648,0.24398454
d__totbkcr_totbkcr__lag008,0.667712,0.085912,0.279492,0.24398422
m__wpu0561_ppi_crude__lag004,0.990596,0.005868,0.240356,0.2439087
d__totbkcr_totbkcr__lag009,0.667712,0.085717,0.279508,0.24386492
d__clsacbw027sbog_cons_loans__lag033,0.667712,0.076008,0.289201,0.24385423
d__clsacbw027sbog_cons_loans__lag032,0.667712,0.075967,0.289102,0.24376131
q__fbtsatq027s_dom_fin_sector_tsy_tx__lag007,0.974922,0.071689,0.178286,0.24370664
d__clsacbw027sbog_cons_loans__lag031,0.667712,0.075458,0.288962,0.24332751
q__dividend_dividend__lag001,0.990596,0.02757,0.218049,0.24330908
m__bogmbase_mb__lag002,0.84326,0.142302,0.14605,0.2431559
m__usphci_usphci__lag008,0.586207,0.003946,0.410845,0.24315334
d__clsacbw027sbog_cons_loans__lag021,0.667712,0.076604,0.287515,0.24312633
m__usphci_usphci__lag003,0.592476,0.001896,0.408351,0.24306195
q__bogz1lm903061103q_instrument_discrepancies_ts__lag006,0.990596,0.073511,0.171839,0.24304315
d__totci_totci__lag017,0.667712,0.096856,0.267127,0.24303547
d__clsacbw027sbog_cons_loans__lag026,0.667712,0.075726,0.288168,0.24297632
d__clsacbw027sbog_cons_loans__lag022,0.667712,0.076262,0.287607,0.24295951
d__clsacbw027sbog_cons_loans__lag025,0.667712,0.075683,0.288155,0.24293895
m__usphci_usphci__lag001,0.592476,0.004608,0.405431,0.24293817
d__clsacbw027sbog_cons_loans__lag020,0.667712,0.076324,0.287505,0.24293303
d__clsacbw027sbog_cons_loans__lag027,0.667712,0.075616,0.288147,0.24288867
q__bogz1fr343061165q_fed_gov_db_retirement_ts_reval__lag005,0.981191,0.200066,0.047441,0.24285221
d__clsacbw027sbog_cons_loans__lag019,0.667712,0.076167,0.287526,0.24284194
d__clsacbw027sbog_cons_loans__lag028,0.667712,0.075333,0.288309,0.242808
q__bogz1fl763123005q_tga_usb__lag001,1.0,0.180525,0.062266,0.24279155
d__clsacbw027sbog_cons_loans__lag030,0.667712,0.074965,0.288619,0.24276888
d__clsacbw027sbog_cons_loans__lag024,0.667712,0.075607,0.287954,0.24275331
d__clsacbw027sbog_cons_loans__lag015,0.667712,0.075851,0.287647,0.24271196
m__usphci_usphci__lag006,0.589342,0.003286,0.408535,0.2427033
d__clsacbw027sbog_cons_loans__lag012,0.667712,0.075238,0.288229,0.24269118
d__clsacbw027sbog_cons_loans__lag018,0.667712,0.075995,0.287456,0.24268075
d__clsacbw027sbog_cons_loans__lag023,0.667712,0.075775,0.287675,0.24267987
m__usphci_usphci__lag004,0.589342,0.004889,0.406883,0.24267431
d__clsacbw027sbog_cons_loans__lag029,0.667712,0.075075,0.288274,0.24261181
d__clsacbw027sbog_cons_loans__lag014,0.667712,0.075566,0.28776,0.24259748
d__clsacbw027sbog_cons_loans__lag013,0.667712,0.075308,0.287931,0.24253859
d__clsacbw027sbog_cons_loans__lag011,0.667712,0.074968,0.288263,0.2425339
m__usphci_usphci__lag002,0.592476,0.001939,0.407319,0.24247562
q__bogz1lm343061113q_fed_gov_dcf_retirement_ts__lag006,0.990596,0.081805,0.162941,0.24244416
q__bogz1lm343061113q_fed_gov_dc_retirement_ts__lag006,0.990596,0.081805,0.162941,0.24244416
q__bogz1lm343061113q_fed_ret_tsy_dc__lag006,0.990596,0.081805,0.162941,0.24244416
q__w328rc1q027sbea_nfcb_pat__lag008,0.968652,0.006591,0.243697,0.24244131
d__ldgust_tga_fed_alt__lag002,1.0,0.132236,0.110188,0.24242436
d__clsacbw027sbog_cons_loans__lag017,0.667712,0.075636,0.287427,0.24242122
q__fbtsatq027s_dom_fin_sector_tsy_tx__lag006,0.978056,0.064773,0.183037,0.24237262
d__clsacbw027sbog_cons_loans__lag010,0.667712,0.074783,0.288113,0.24230994
d__clsacbw027sbog_cons_loans__lag016,0.667712,0.075466,0.2874,0.24228989
d__totci_totci__lag007,0.667712,0.089382,0.273434,0.24225619
q__bogz1fa763061100q_usb_tsy_oth_tx__lag006,0.978056,0.098704,0.148978,0.24224705
d__totci_totci__lag016,0.667712,0.095642,0.266889,0.24206606
d__clsacbw027sbog_cons_loans__lag004,0.667712,0.074823,0.287559,0.24196608
d__clsacbw027sbog_cons_loans__lag005,0.667712,0.074833,0.287537,0.24195808
d__clsacbw027sbog_cons_loans__lag006,0.667712,0.074807,0.287527,0.24193479
d__clsacbw027sbog_cons_loans__lag007,0.667712,0.074784,0.287523,0.24191613
q__bogz1fl713061103q_fed_tsy__lag008,0.984326,0.13765,0.108065,0.24186328
q__bogz1fl713061103q_fed_tsy_raw__lag008,0.984326,0.13765,0.108065,0.24186328
q__bogz1fl713061103q_cb_tsy__lag008,0.984326,0.13765,0.108065,0.24186328
d__totci_totci__lag006,0.667712,0.088705,0.273502,0.24184999
d__totci_totci__lag010,0.667712,0.091267,0.270913,0.24183187
d__clsacbw027sbog_cons_loans__lag008,0.667712,0.074312,0.287865,0.24182944
d__clsacbw027sbog_cons_loans__lag001,0.667712,0.071064,0.291102,0.24182208
d__clsacbw027sbog_cons_loans__lag003,0.667712,0.07455,0.287523,0.24176041
d__clsacbw027sbog_cons_loans__lag009,0.667712,0.074317,0.287681,0.24171073
d__totci_totci__lag005,0.667712,0.088402,0.273583,0.24170186
q__bogz1fa593061105q_pension_ts_tx__lag002,0.990596,0.098059,0.145918,0.24168255
d__totci_totci__lag003,0.667712,0.088178,0.273606,0.24156716
m__usphci_usphci__lag005,0.589342,0.002165,0.407688,0.2415436
d__totci_totci__lag014,0.667712,0.091194,0.27053,0.24152743
d__totci_totci__lag004,0.667712,0.088096,0.273555,0.24147879
d__totci_totci__lag013,0.667712,0.09096,0.270439,0.24131061
q__bogz1fa713061103q_cb_tsy_tx__lag006,0.978056,0.034246,0.212452,0.24128437
q__fgdef_fgdef__lag005,0.978056,0.159883,0.086738,0.24120958
d__clsacbw027sbog_cons_loans__lag002,0.667712,0.074239,0.287005,0.241207
d__totci_totci__lag012,0.667712,0.090668,0.270551,0.2411903
d__totci_totci__lag002,0.667712,0.08779,0.273306,0.24110813
d__totci_totci__lag011,0.667712,0.090098,0.270896,0.24103987
d__totci_totci__lag009,0.667712,0.090249,0.270582,0.24093141
q__rowmslq027s_row_muni_flow__lag003,0.987461,0.037294,0.206396,0.24063393
d__totci_totci__lag008,0.667712,0.089325,0.270453,0.24022775
q__dividend_dividend__lag003,0.984326,0.016276,0.227696,0.24014846
d__totci_totci__lag001,0.667712,0.086224,0.27332,0.24007133
d__totci_totci__lag015,0.667712,0.091863,0.267653,0.24005276
q__bogz1fr403061105q_gses_ts_reval__lag006,0.978056,0.178834,0.066339,0.23979367
q__bogz1lm663061105q_brokers_dealers_ts__lag005,0.99373,0.133792,0.107469,0.23974838
d__usepuindxd_policy_uncertainty__lag082,0.517241,0.279454,0.183406,0.23941027
q__w328rc1q027sbea_nfcb_pat__lag003,0.984326,0.034823,0.20813,0.23914423
q__bogz1lm663061105q_brokers_dealers_ts__lag006,0.990596,0.167585,0.073626,0.238942
q__rowmfsq027s_row_mutualfundshares_flow__lag007,0.974922,0.13694,0.108143,0.2389366
d__ldgust_tga_fed_alt__lag015,1.0,0.155309,0.083329,0.23863772
q__bogz1fa753061103q_usb_tsy_for_tx__lag007,0.974922,0.048747,0.195981,0.23859134
q__bogz1lm213061103q_state_local_gov_ts__lag007,0.987461,0.072071,0.169473,0.23851561
q__bogz1fr733061103q_holding_companies_ts_reval__lag003,0.987461,0.179838,0.061188,0.23800333
m__permit_permit__lag006,0.827586,0.155469,0.131871,0.23779885
q__w328rc1q027sbea_nfcb_pat__lag001,0.990596,0.039084,0.200722,0.23755082
m__m2sl_m2__lag007,0.836991,0.088729,0.195071,0.23753783
m__ttlcons_ttlcons__lag001,0.416928,0.060673,0.508935,0.2374854
q__fgtsl_fgtsl__lag002,1.0,0.0853,0.152085,0.23738516
q__bogz1fa403061105q_gses_ts_tx__lag006,0.978056,0.138386,0.104213,0.23727541
q__bogz1fl383061105q_dom_nonfin_sector_tsy__lag003,1.0,0.108995,0.12809,0.23708519
m__recprousm156n_recprob__lag004,0.736677,0.123347,0.198201,0.23687747
m__ttlcons_ttlcons__lag004,0.413793,0.059011,0.512811,0.23661605
q__a464rc1q027sbea_nfcb_pbt__lag002,0.987461,0.070671,0.16887,0.23653802
q__bogz1fa343061113q_fed_gov_dcf_retirement_ts_tx__lag001,0.99373,0.054312,0.183531,0.23635138
q__bogz1fl343061123q_fed_gov_dcg_retirement_ts__lag005,0.99373,0.066084,0.171564,0.23615752
m__ttlcons_ttlcons__lag005,0.413793,0.063431,0.506645,0.23589342
m__ttlcons_ttlcons__lag002,0.416928,0.063291,0.502415,0.23585868
q__bogz1fr563061103q_etfs_ts_reval__lag005,0.981191,0.193084,0.047294,0.23585684
q__bogz1fr553061103q_closed_end_funds_ts_reval__lag005,0.981191,0.19316,0.047118,0.23575873
q__bogz1fa733061103q_holding_companies_ts_tx__lag003,0.987461,0.156989,0.081287,0.23528789
q__bogz1lm573061133q_private_dc_pension_ts__lag004,0.996865,0.087309,0.148605,0.23517453
q__bogz1fr263061130q_row_gov_tsy_reval__lag004,0.984326,0.214968,0.023521,0.23475024
q__rowmmfq027s_row_moneymarketfundshares_flow__lag008,0.971787,0.112641,0.128917,0.23474219
q__bogz1fl713061103q_fed_tsy__lag007,0.987461,0.144299,0.093212,0.23453312
q__bogz1fl713061103q_fed_tsy_raw__lag007,0.987461,0.144299,0.093212,0.23453312
q__bogz1fl713061103q_cb_tsy__lag007,0.987461,0.144299,0.093212,0.23453312
m__permit_permit__lag005,0.827586,0.163176,0.120039,0.23438458
q__rowsllq027s_row_stloan_l__lag001,1.0,0.076151,0.158185,0.23433529
q__bogz1fa653061113q_mutf_bills_tx__lag006,0.978056,0.185848,0.052981,0.23358901
q__bogz1fa223061143q_state_local_db_retirement_ts_tx__lag003,0.987461,0.141949,0.094456,0.23344158
m__ttlcons_ttlcons__lag006,0.413793,0.059667,0.504271,0.23335394
q__bogz1fl713123030q_tga__lag005,0.99373,0.039246,0.195478,0.23325191
q__bogz1fl713123030q_tga_z1__lag005,0.99373,0.039246,0.195478,0.23325191
m__ttlcons_ttlcons__lag003,0.416928,0.05949,0.49996,0.23325023
q__bogz1fl713068703q_fed_dw_a__lag001,1.0,0.083151,0.149745,0.23289506
q__bogz1fl313161110q_totalbills_z1__lag004,0.996865,0.121473,0.11198,0.23272064
q__bogz1fr263061145q_row_priv_tsy_reval__lag007,0.974922,0.149966,0.08859,0.23257328
m__wtisplc_wtisplc__lag003,1.0,0.020239,0.212313,0.23255221
d__dexmxus_dexmxus__lag089,0.404389,0.191029,0.383813,0.23245979
m__wpu0561_ppi_crude__lag003,0.99373,0.010175,0.223613,0.23232199
q__bogz1fa593061105q_pension_ts_tx__lag001,0.99373,0.130283,0.103371,0.23218897
m__ttlcons_ttlcons__lag007,0.410658,0.060334,0.504776,0.23206721
q__bogz1fr763061100q_usb_tsy_oth_reval__lag008,0.971787,0.15557,0.083191,0.23202514
q__bogz1fr563061103q_etfs_ts_reval__lag003,0.987461,0.20974,0.024984,0.23178095
q__bogz1lm653061105q_mf_tsy_raw__lag001,1.0,0.110309,0.121144,0.23145362
q__bogz1lm653061105q_mutual_funds_ts__lag001,1.0,0.110309,0.121144,0.23145362
d__dexmxus_dexmxus__lag061,0.404389,0.188264,0.383538,0.2312305
d__dexmxus_dexmxus__lag090,0.404389,0.188656,0.382342,0.23090492
m__ttlcons_ttlcons__lag008,0.410658,0.064043,0.497789,0.230721
q__bogz1lm213061103q_state_local_gov_ts__lag008,0.984326,0.051502,0.182884,0.23071216
m__m2sl_m2__lag008,0.836991,0.08055,0.19471,0.23039015
d__dpsacbw027sbog_deposits__lag002,0.667712,0.133258,0.211725,0.23034923
q__bogz1fr153061105q_hhnp_tsy_reval__lag003,0.987461,0.179198,0.054064,0.23033687
m__recprousm156n_recprob__lag006,0.733542,0.163314,0.150484,0.23018396
d__dexmxus_dexmxus__lag035,0.407524,0.198762,0.365999,0.23015347
d__dpsacbw027sbog_deposits__lag007,0.667712,0.133276,0.211388,0.23013592
d__dexmxus_dexmxus__lag064,0.404389,0.186235,0.382861,0.23013591
q__bogz1fl313024000q_tres_oper_cash__lag005,0.99373,0.057764,0.173822,0.23013434
d__dpsacbw027sbog_deposits__lag003,0.667712,0.132666,0.211935,0.23009395
d__dpsacbw027sbog_deposits__lag006,0.667712,0.132962,0.211509,0.23000783
d__dexmxus_dexmxus__lag063,0.404389,0.185471,0.383264,0.22998987
d__dpsacbw027sbog_deposits__lag001,0.667712,0.132677,0.211584,0.22986689
d__dpsacbw027sbog_deposits__lag005,0.667712,0.13259,0.21167,0.22986593
d__dpsacbw027sbog_deposits__lag004,0.667712,0.132398,0.211812,0.22983282
d__dexmxus_dexmxus__lag060,0.404389,0.187781,0.380236,0.22969991
q__bogz1lm213061103q_state_local_gov_ts__lag006,0.990596,0.076946,0.154813,0.22958
d__dpsacbw027sbog_deposits__lag013,0.667712,0.133134,0.210587,0.22950653
d__dexmxus_dexmxus__lag062,0.404389,0.185498,0.381964,0.22947547
d__dpsacbw027sbog_deposits__lag010,0.667712,0.133055,0.21042,0.22934173
q__bogz1fr733061103q_holding_companies_ts_reval__lag008,0.971787,0.149994,0.085946,0.22928272
d__usepuindxd_policy_uncertainty__lag042,0.517241,0.210239,0.233039,0.22928162
d__dpsacbw027sbog_deposits__lag014,0.667712,0.132818,0.210562,0.22927896
d__dpsacbw027sbog_deposits__lag008,0.667712,0.132811,0.21047,0.22921295
d__dpsacbw027sbog_deposits__lag012,0.667712,0.132804,0.210471,0.22920837
d__dpsacbw027sbog_deposits__lag009,0.667712,0.132772,0.210405,0.22914314
d__dpsacbw027sbog_deposits__lag011,0.667712,0.132649,0.210363,0.22903303
m__ttlcons_ttlcons__lag009,0.410658,0.062829,0.494743,0.22897167
d__dexmxus_dexmxus__lag088,0.404389,0.181123,0.38497,0.22892146
d__usepuindxd_policy_uncertainty__lag025,0.517241,0.293942,0.148469,0.22883365
q__bogz1fr103061103q_nfcb_tsy_reval__lag001,0.99373,0.148723,0.081536,0.22881499
d__dexmxus_dexmxus__lag087,0.404389,0.179737,0.385315,0.22850067
d__dpsacbw027sbog_deposits__lag015,0.667712,0.132456,0.209687,0.22845289
q__bogz1lm903061103q_instrument_discrepancies_ts__lag008,0.984326,0.089415,0.142638,0.22841537
d__dexmxus_dexmxus__lag078,0.404389,0.182294,0.382425,0.22836591
d__dexmxus_dexmxus__lag079,0.404389,0.180084,0.384628,0.22836309
q__rownblq027s_row_nonfinbusinessloans_flow__lag005,0.981191,0.124705,0.108002,0.22832996
q__bogz1fr743061103q_usb_tsy_dom_reval__lag002,0.990596,0.077143,0.153254,0.22823005
m__bogmbase_mb__lag003,0.84326,0.125655,0.14499,0.22822398
d__dpsacbw027sbog_deposits__lag016,0.667712,0.131731,0.210006,0.22818222
q__rowcpaq027s_row_commercialpaper_flow__lag006,0.978056,0.144625,0.088647,0.22815336
d__dexmxus_dexmxus__lag059,0.404389,0.185823,0.378237,0.22809925
d__dexmxus_dexmxus__lag080,0.404389,0.180147,0.383781,0.22804581
d__dexmxus_dexmxus__lag036,0.407524,0.193099,0.36642,0.22801703
d__dexmxus_dexmxus__lag086,0.404389,0.181429,0.382387,0.22800085
q__bogz1fa343061165q_fed_gov_db_retirement_ts_tx__lag002,0.990596,0.186367,0.04376,0.22796315
q__bogz1fa223061143q_state_local_db_retirement_ts_tx__lag002,0.990596,0.066961,0.16315,0.22794729
d__dpsacbw027sbog_deposits__lag017,0.667712,0.131262,0.210062,0.22790564
d__dexmxus_dexmxus__lag034,0.407524,0.195576,0.363419,0.22780375
d__dpsacbw027sbog_deposits__lag021,0.667712,0.131387,0.209718,0.22776014
d__dpsacbw027sbog_deposits__lag018,0.667712,0.131096,0.209866,0.22766477
q__bogz1fl543461113q_li_bills__lag002,1.0,0.127398,0.100186,0.2275844
m__ttlcons_ttlcons__lag010,0.407524,0.062677,0.495777,0.22758315
d__dpsacbw027sbog_deposits__lag022,0.667712,0.131023,0.209805,0.22757456
d__dpsacbw027sbog_deposits__lag019,0.667712,0.131005,0.209812,0.22756794
d__dpsacbw027sbog_deposits__lag020,0.667712,0.131097,0.209708,0.22755933
q__bogz1fa473061105q_credit_unions_ts_tx__lag005,0.981191,0.158039,0.073763,0.22744197
q__bogz1fl633061105q_mmf_tsy_raw__lag004,0.996865,0.161509,0.066523,0.22731781
q__bogz1fl633061105q_money_market_funds_ts__lag004,0.996865,0.161509,0.066523,0.22731781
d__dexmxus_dexmxus__lag081,0.404389,0.176939,0.384278,0.22694962
d__dexmxus_dexmxus__lag065,0.404389,0.182836,0.378092,0.22683277
d__dpsacbw027sbog_deposits__lag023,0.667712,0.129402,0.209971,0.22660355
d__dexmxus_dexmxus__lag074,0.404389,0.179379,0.380796,0.22652848
d__dexmxus_dexmxus__lag085,0.404389,0.180924,0.379031,0.22643921
d__dpsacbw027sbog_deposits__lag024,0.667712,0.129287,0.209753,0.22638078
d__dexmxus_dexmxus__lag057,0.404389,0.184114,0.375648,0.22636127
m__totresns_res__lag001,0.84326,0.165041,0.103383,0.22635098
d__dexmxus_dexmxus__lag037,0.407524,0.192407,0.362815,0.22626602
d__dexmxus_dexmxus__lag084,0.404389,0.176417,0.383066,0.22624843
d__dexmxus_dexmxus__lag038,0.407524,0.190989,0.363895,0.22612828
d__dexmxus_dexmxus__lag058,0.404389,0.182778,0.376227,0.22605535
d__dexmxus_dexmxus__lag056,0.404389,0.183579,0.37542,0.22605269
q__bogz1fr653061105q_mutual_funds_ts_reval__lag001,0.99373,0.123715,0.10375,0.22603931
q__bogz1fa633061105q_money_market_funds_ts_tx__lag001,0.99373,0.086607,0.14079,0.22597051
d__dexmxus_dexmxus__lag077,0.404389,0.179638,0.378873,0.2258553
d__dpsacbw027sbog_deposits__lag027,0.667712,0.128724,0.209459,0.22580842
d__dexmxus_dexmxus__lag075,0.404389,0.177771,0.380574,0.2257884
d__dpsacbw027sbog_deposits__lag028,0.667712,0.128791,0.209319,0.22575958
d__dexmxus_dexmxus__lag083,0.404389,0.176422,0.381708,0.22570156
q__bogz1fa573061133q_private_dc_pension_ts_tx__lag004,0.984326,0.151562,0.077726,0.22569406
d__dpsacbw027sbog_deposits__lag025,0.667712,0.128454,0.209547,0.22568685
d__dpsacbw027sbog_deposits__lag026,0.667712,0.128404,0.209565,0.22566566
d__dexmxus_dexmxus__lag082,0.404389,0.175258,0.382735,0.22564611
d__dpsacbw027sbog_deposits__lag029,0.667712,0.128885,0.208959,0.22558232
d__dpsacbw027sbog_deposits__lag032,0.667712,0.128553,0.209102,0.22545619
m__mtsr133fms_fedgov_rcpt__lag003,0.570533,0.1728,0.22232,0.22542917
d__dexmxus_dexmxus__lag076,0.404389,0.177474,0.379923,0.22540525
d__dpsacbw027sbog_deposits__lag033,0.667712,0.128569,0.208979,0.2253844
d__dpsacbw027sbog_deposits__lag034,0.667712,0.128491,0.208979,0.22533283
q__bogz1fr713061103q_cb_tsy_reval__lag001,0.99373,0.118573,0.108181,0.2253325
d__dexmxus_dexmxus__lag033,0.407524,0.193024,0.359833,0.22530225
d__dpsacbw027sbog_deposits__lag031,0.667712,0.128182,0.209128,0.22522572
d__dpsacbw027sbog_deposits__lag030,0.667712,0.12822,0.209069,0.22521155
d__dpsacbw027sbog_deposits__lag035,0.667712,0.12828,0.208928,0.22515759
m__ttlcons_ttlcons__lag011,0.407524,0.064153,0.48773,0.22490507
q__bogz1fl712151003q_fed_repo__lag005,0.99373,0.174158,0.051971,0.22471187
d__dpsacbw027sbog_deposits__lag036,0.667712,0.127605,0.208928,0.22470704
m__usalolitoaastsam_oecd_leading_indicator_us__lag003,0.893417,0.165583,0.085913,0.22469054
d__dpsacbw027sbog_deposits__lag037,0.667712,0.127831,0.208677,0.2246899
d__dpsacbw027sbog_deposits__lag048,0.667712,0.127377,0.208994,0.22459842
d__dpsacbw027sbog_deposits__lag046,0.667712,0.127251,0.209099,0.22458423
d__dpsacbw027sbog_deposits__lag049,0.667712,0.127479,0.208865,0.22458079
d__dpsacbw027sbog_deposits__lag044,0.667712,0.127419,0.208883,0.22455308
d__dpsacbw027sbog_deposits__lag045,0.667712,0.127137,0.2091,0.22450967
d__dpsacbw027sbog_deposits__lag047,0.667712,0.127184,0.209016,0.22448459
d__dpsacbw027sbog_deposits__lag043,0.667712,0.127455,0.208618,0.22439975
d__dexmxus_dexmxus__lag032,0.407524,0.192544,0.358085,0.22439461
d__dexmxus_dexmxus__lag041,0.407524,0.188991,0.361576,0.22436896
d__dpsacbw027sbog_deposits__lag042,0.667712,0.127423,0.208602,0.22436746
d__dexmxus_dexmxus__lag066,0.404389,0.176261,0.378491,0.2243352
d__dpsacbw027sbog_deposits__lag050,0.667712,0.12719,0.208779,0.22433073
d__dpsacbw027sbog_deposits__lag040,0.667712,0.127348,0.208568,0.22429522
d__dexmxus_dexmxus__lag073,0.404389,0.175781,0.378605,0.22418744
d__dpsacbw027sbog_deposits__lag041,0.667712,0.127178,0.208544,0.2241654
d__dpsacbw027sbog_deposits__lag039,0.667712,0.127095,0.20858,0.22413373
d__dexmxus_dexmxus__lag040,0.407524,0.188298,0.361485,0.22404945
d__dpsacbw027sbog_deposits__lag038,0.667712,0.126925,0.208536,0.22399103
d__dexmxus_dexmxus__lag039,0.407524,0.190174,0.359367,0.22395075
d__dpsacbw027sbog_deposits__lag051,0.667712,0.126386,0.20891,0.22388152
d__dpsacbw027sbog_deposits__lag052,0.667712,0.126288,0.208957,0.22384712
m__wtisplc_wtisplc__lag004,1.0,0.000341,0.223469,0.22381028
d__dpsacbw027sbog_deposits__lag053,0.667712,0.126003,0.20905,0.2237183
q__bogz1fa573061105q_private_pension_ts_tx__lag005,0.981191,0.206483,0.021511,0.22370639
q__bogz1fa743061103q_usb_tsy_dom_tx__lag003,0.987461,0.196632,0.029866,0.22365882
d__dpsacbw027sbog_deposits__lag054,0.667712,0.125846,0.209104,0.22364998
d__dexmxus_dexmxus__lag042,0.407524,0.186041,0.362651,0.22360456
d__dpsacbw027sbog_deposits__lag056,0.667712,0.125839,0.20902,0.22358928
d__dpsacbw027sbog_deposits__lag055,0.667712,0.125687,0.209005,0.22347789
q__bogz1fl543461113q_li_bills__lag003,1.0,0.129861,0.093556,0.22341728
q__bogz1fr223061143q_state_local_db_retirement_ts_reval__lag002,0.990596,0.075232,0.150298,0.22340923
q__bogz1lm573061105q_private_pension_ts__lag008,0.984326,0.060177,0.166784,0.22340365
d__dexmxus_dexmxus__lag067,0.404389,0.175907,0.376372,0.22333548
d__dexmxus_dexmxus__lag072,0.404389,0.173131,0.379125,0.22332623
q__w328rc1q027sbea_nfcb_pat__lag002,0.987461,0.03105,0.194948,0.22316407
d__dexmxus_dexmxus__lag068,0.404389,0.174891,0.376964,0.22316375
m__ttlcons_ttlcons__lag012,0.407524,0.062565,0.48504,0.22316194
q__bogz1fr763061100q_usb_tsy_oth_reval__lag007,0.974922,0.157165,0.071691,0.22311688
d__dpsacbw027sbog_deposits__lag057,0.667712,0.125158,0.208968,0.22309943
d__dexmxus_dexmxus__lag050,0.407524,0.182859,0.364336,0.22299511
q__bogz1fr153061105q_hhnp_tsy_reval__lag004,0.984326,0.199152,0.027296,0.2228983
d__dexmxus_dexmxus__lag071,0.404389,0.173442,0.377304,0.22271553
q__bogz1fa553061103q_closed_end_funds_ts_tx__lag002,0.990596,0.039387,0.185149,0.22242407
d__dpsacbw027sbog_deposits__lag058,0.667712,0.123994,0.209095,0.22240714
q__ncbtsaq027s_nfcb_tsy_tx__lag002,0.990596,0.171961,0.052552,0.22240178
q__bogz1lm343061113q_fed_gov_dcf_retirement_ts__lag007,0.987461,0.062877,0.162238,0.22229256
q__bogz1lm343061113q_fed_gov_dc_retirement_ts__lag007,0.987461,0.062877,0.162238,0.22229256
q__bogz1lm343061113q_fed_ret_tsy_dc__lag007,0.987461,0.062877,0.162238,0.22229256
d__dexmxus_dexmxus__lag044,0.407524,0.180393,0.364921,0.22222851
d__dexmxus_dexmxus__lag029,0.407524,0.189967,0.355155,0.22215004
d__ldgust_tga_fed_alt__lag056,1.0,0.107107,0.115033,0.22214001
d__dexmxus_dexmxus__lag070,0.404389,0.173329,0.375985,0.22213635
m__m2sl_m2__lag009,0.836991,0.070659,0.194719,0.22211916
d__dpsacbw027sbog_deposits__lag062,0.667712,0.123984,0.208616,0.22208129
q__bogz1fa213061103q_state_local_gov_ts_tx__lag006,0.978056,0.095958,0.131036,0.22201301
d__dpsacbw027sbog_deposits__lag059,0.667712,0.123443,0.20895,0.22194218
d__dexmxus_dexmxus__lag069,0.404389,0.173296,0.375513,0.22193189
d__dpsacbw027sbog_deposits__lag075,0.667712,0.123145,0.209229,0.22193004
d__dpsacbw027sbog_deposits__lag060,0.667712,0.123599,0.208737,0.22190427
d__dpsacbw027sbog_deposits__lag064,0.667712,0.123674,0.208661,0.22190406
q__bogz1fl543461113q_li_bills__lag006,0.990596,0.148336,0.075659,0.22188849
d__dpsacbw027sbog_deposits__lag061,0.667712,0.1237,0.208569,0.2218604
m__mtso133fms_fedgov_out__lag005,0.567398,0.161728,0.229285,0.22185988
d__dexmxus_dexmxus__lag049,0.407524,0.182661,0.361706,0.22184206
d__dpsacbw027sbog_deposits__lag076,0.667712,0.12294,0.209276,0.22182441
d__dpsacbw027sbog_deposits__lag077,0.667712,0.123122,0.209091,0.22182213
d__dpsacbw027sbog_deposits__lag063,0.667712,0.12369,0.208496,0.22180442
d__dpsacbw027sbog_deposits__lag074,0.667712,0.122843,0.209259,0.22174858
d__dexmxus_dexmxus__lag046,0.407524,0.179843,0.364268,0.22173781
d__dexmxus_dexmxus__lag048,0.407524,0.182127,0.361573,0.22157061
d__dpsacbw027sbog_deposits__lag065,0.667712,0.122635,0.20901,0.22144355
d__dpsacbw027sbog_deposits__lag073,0.667712,0.12245,0.209112,0.22138783
d__dexmxus_dexmxus__lag043,0.407524,0.180848,0.362332,0.22135863
d__dpsacbw027sbog_deposits__lag070,0.667712,0.122652,0.208857,0.22135194
d__dpsacbw027sbog_deposits__lag072,0.667712,0.122397,0.209039,0.22130328
d__dexmxus_dexmxus__lag045,0.407524,0.179285,0.363685,0.22127321
d__dpsacbw027sbog_deposits__lag069,0.667712,0.122427,0.208929,0.22125053
d__dexmxus_dexmxus__lag055,0.404389,0.175055,0.371883,0.22117559
d__dpsacbw027sbog_deposits__lag066,0.667712,0.122212,0.208994,0.22115
d__dpsacbw027sbog_deposits__lag067,0.667712,0.122113,0.209082,0.22114288
d__dpsacbw027sbog_deposits__lag071,0.667712,0.122167,0.209016,0.22113456
d__dpsacbw027sbog_deposits__lag068,0.667712,0.122063,0.209042,0.22108317
d__dpsacbw027sbog_deposits__lag078,0.667712,0.121696,0.209121,0.22089026
d__dexmxus_dexmxus__lag052,0.407524,0.175573,0.366129,0.2207563
d__dexmxus_dexmxus__lag030,0.407524,0.187674,0.353867,0.22069075
d__dexmxus_dexmxus__lag031,0.407524,0.189204,0.351881,0.22050514
d__dexmxus_dexmxus__lag051,0.407524,0.176238,0.364668,0.22043195
d__dexmxus_dexmxus__lag047,0.407524,0.178517,0.362383,0.22042941
q__bogz1fa473061105q_credit_unions_ts_tx__lag002,0.990596,0.065828,0.156672,0.22040814
d__dexmxus_dexmxus__lag054,0.407524,0.172859,0.367861,0.22035642
d__dexmxus_dexmxus__lag028,0.407524,0.185211,0.355508,0.22035589
d__dexmxus_dexmxus__lag027,0.407524,0.184825,0.35554,0.22021162
d__dpsacbw027sbog_deposits__lag079,0.667712,0.120422,0.209272,0.22014034
q__bogz1fl263061145q_row_priv_tsy__lag001,1.0,0.065371,0.154738,0.22010931
q__bogz1fr793061105q_dom_fin_sector_tsy_reval__lag001,0.99373,0.115581,0.105904,0.22009673
d__dpsacbw027sbog_deposits__lag080,0.667712,0.119155,0.209267,0.21929105
d__dexmxus_dexmxus__lag053,0.407524,0.172495,0.365206,0.21912583
q__bogz1fr693061105q_nonmmf_ts_reval__lag002,0.990596,0.075338,0.145858,0.21911549
q__bogz1fr693061105q_nonmmmf_ts_reval__lag002,0.990596,0.075338,0.145858,0.21911549
q__bogz1lm213061103q_state_local_gov_ts__lag005,0.99373,0.080063,0.140423,0.21910357
q__fbtsaaq027s_dom_fin_sector_tsy__lag002,1.0,0.141142,0.077865,0.21900664
d__dpsacbw027sbog_deposits__lag088,0.667712,0.118337,0.209575,0.21895074
q__bogz1fl543461113q_li_bills__lag005,0.99373,0.136854,0.083409,0.21888212
d__dpsacbw027sbog_deposits__lag081,0.667712,0.118551,0.209246,0.218874
d__dpsacbw027sbog_deposits__lag087,0.667712,0.118085,0.209648,0.21883102
q__bogz1fa573061105q_private_pension_ts_tx__lag004,0.984326,0.156922,0.065364,0.21880203
d__dpsacbw027sbog_deposits__lag082,0.667712,0.118425,0.20923,0.21877888
d__dpsacbw027sbog_deposits__lag085,0.667712,0.118494,0.209146,0.21876899
q__hnotsbq027s_hhnp_tsy_tx__lag002,0.990596,0.138877,0.081957,0.21875771
d__dpsacbw027sbog_deposits__lag083,0.667712,0.1183,0.209316,0.21875295
d__dpsacbw027sbog_deposits__lag084,0.667712,0.118283,0.209303,0.21873296
d__dpsacbw027sbog_deposits__lag086,0.667712,0.117874,0.209518,0.21860346
q__rowstaq027s_row_stloan_a__lag001,1.0,0.013755,0.204812,0.21856701
q__bogz1fr223061143q_state_local_db_retirement_ts_reval__lag006,0.978056,0.142625,0.08077,0.21849302
q__bogz1fr343061113q_fed_gov_dcf_retirement_ts_reval__lag001,0.99373,0.131188,0.088547,0.21835809
d__dexmxus_dexmxus__lag025,0.407524,0.18026,0.355516,0.21834161
d__dexmxus_dexmxus__lag024,0.407524,0.178756,0.35683,0.21826382
q__bogz1fl383061105q_dom_nonfin_sector_tsy__lag002,1.0,0.088203,0.13002,0.21822281
d__dexmxus_dexmxus__lag026,0.407524,0.18228,0.352868,0.21808531
q__bogz1fa263061145q_row_priv_tsy_tx__lag005,0.981191,0.100267,0.121917,0.21800478
d__dpsacbw027sbog_deposits__lag090,0.664577,0.118757,0.209191,0.21794643
d__dpsacbw027sbog_deposits__lag089,0.664577,0.118611,0.209321,0.21793571
q__bogz1fa713068703q_fed_dw_tx__lag008,0.971787,0.180235,0.044009,0.21791669
q__bogz1fa693061105q_nonmmf_ts_tx__lag004,0.984326,0.156503,0.064756,0.2177909
q__bogz1fa693061105q_nonmmmf_ts_tx__lag004,0.984326,0.156503,0.064756,0.2177909
q__bogz1fa543461113q_li_bills_tx__lag002,0.990596,0.012211,0.207402,0.21754775
m__dgorder_dgorder__lag001,0.429467,0.120361,0.385558,0.21727548
d__ldgust_tga_fed_alt__lag057,1.0,0.102106,0.115164,0.2172705
q__fgtsl_fgtsl__lag003,1.0,0.066963,0.150126,0.21708816
q__rowsllq027s_row_stloan_l__lag008,0.984326,0.078882,0.141616,0.21704192
q__bogz1fl263061145q_row_priv_tsy__lag002,1.0,0.06136,0.155614,0.21697409
q__bogz1fr793061105q_dom_fin_sector_tsy_reval__lag002,0.990596,0.073733,0.145271,0.21694441
d__dexmxus_dexmxus__lag023,0.407524,0.180161,0.351934,0.21684149
q__bogz1lm663061105q_brokers_dealers_ts__lag007,0.987461,0.156344,0.063186,0.21677771
q__bogz1fl543461113q_li_bills__lag007,0.987461,0.1499,0.069627,0.21677418
d__ldgust_tga_fed_alt__lag071,1.0,0.098546,0.11798,0.2165263
m__wpu0561_ppi_crude__lag002,0.99373,0.013443,0.204364,0.21644193
q__bogz1fa763061100q_usb_tsy_oth_tx__lag007,0.974922,0.105837,0.116042,0.21631477
d__usepuindxd_policy_uncertainty__lag052,0.517241,0.227437,0.190528,0.21618893
d__usepuindxd_policy_uncertainty__lag075,0.517241,0.186351,0.231553,0.21615759
m__wtisplc_wtisplc__lag002,1.0,0.016655,0.199352,0.21600735
d__dexmxus_dexmxus__lag001,0.407524,0.194409,0.335634,0.21600523
d__dexmxus_dexmxus__lag011,0.407524,0.186287,0.34375,0.21600239
q__bogz1fr733061103q_holding_companies_ts_reval__lag002,0.990596,0.080752,0.137258,0.21596005
q__bogz1fr263061145q_row_priv_tsy_reval__lag006,0.978056,0.139827,0.08092,0.21590318
q__hnotsbq027s_hhnp_tsy_tx__lag006,0.978056,0.116428,0.104171,0.21575829
q__bogz1fa543061175q_life_insurance_ts_tx__lag005,0.981191,0.106016,0.113851,0.21573151
d__ldgust_tga_fed_alt__lag058,1.0,0.100336,0.114888,0.21522436
q__bogz1fr763061100q_usb_tsy_oth_reval__lag001,0.99373,0.100733,0.115806,0.21518166
d__dexmxus_dexmxus__lag010,0.407524,0.187532,0.340469,0.21517288
d__dexmxus_dexmxus__lag012,0.407524,0.184179,0.343766,0.21515008
d__dexmxus_dexmxus__lag018,0.407524,0.177719,0.350178,0.21513051
d__dexmxus_dexmxus__lag017,0.407524,0.174327,0.353331,0.215033
d__dexmxus_dexmxus__lag013,0.407524,0.185076,0.342118,0.21484381
m__totresns_res__lag002,0.84326,0.153897,0.100718,0.21470665
q__bogz1fl543461113q_li_bills__lag004,0.996865,0.127186,0.087968,0.21448051
q__bogz1lm103061103q_nfcb_tsy__lag005,0.99373,0.093029,0.122743,0.21441961
q__rowmslq027s_row_muni_flow__lag005,0.981191,0.04259,0.175935,0.2144151
d__dexmxus_dexmxus__lag016,0.407524,0.175758,0.34944,0.2140307
d__dexmxus_dexmxus__lag002,0.407524,0.193661,0.331233,0.21390675
d__dexmxus_dexmxus__lag020,0.407524,0.181452,0.343185,0.21380189
m__permit_permit__lag002,0.830721,0.138027,0.119201,0.21368452
d__dexmxus_dexmxus__lag022,0.407524,0.176496,0.347453,0.21352124
q__bogz1fr473061105q_credit_unions_ts_reval__lag002,0.990596,0.072522,0.143003,0.2134986
d__dexmxus_dexmxus__lag014,0.407524,0.181491,0.342365,0.21348341
d__dexmxus_dexmxus__lag019,0.407524,0.177454,0.346399,0.21348232
d__ldgust_tga_fed_alt__lag016,1.0,0.150481,0.062823,0.21330325
q__bogz1fa633061105q_money_market_funds_ts_tx__lag006,0.978056,0.103445,0.114546,0.21320701
d__dexmxus_dexmxus__lag003,0.407524,0.187048,0.335923,0.21312298
q__rowmmfq027s_row_moneymarketfundshares_flow__lag001,0.99373,0.188377,0.026086,0.21311845
q__bogz1fl543461113q_li_bills__lag001,1.0,0.111514,0.101604,0.213118
q__bogz1fl383061105q_dom_nonfin_sector_tsy__lag008,0.984326,0.103437,0.113056,0.21310038
q__bogz1fa713061113q_cb_bills_tx__lag001,0.99373,0.144838,0.069589,0.21308238
q__bogz1fl763123005q_tga_usb__lag004,0.996865,0.086994,0.126734,0.21305807
d__dexmxus_dexmxus__lag021,0.407524,0.174472,0.348211,0.21300547
q__bogz1fa343061165q_fed_gov_db_retirement_ts_tx__lag006,0.978056,0.187607,0.030107,0.21293687
q__bogz1fr343061165q_fed_gov_db_retirement_ts_reval__lag007,0.974922,0.152629,0.065756,0.21290823
d__ldgust_tga_fed_alt__lag087,1.0,0.098767,0.114052,0.21281938
d__dexmxus_dexmxus__lag005,0.407524,0.18584,0.335973,0.21265076
q__bogz1fr473061105q_credit_unions_ts_reval__lag001,0.99373,0.110593,0.103361,0.21261261
d__dexmxus_dexmxus__lag009,0.407524,0.18926,0.332246,0.21252601
d__dexmxus_dexmxus__lag004,0.407524,0.185055,0.335818,0.21226776
d__dexmxus_dexmxus__lag006,0.407524,0.185046,0.335707,0.21221915
d__ldgust_tga_fed_alt__lag026,1.0,0.142367,0.069795,0.21216248
d__dexmxus_dexmxus__lag007,0.407524,0.188656,0.331737,0.21207219
d__dexmxus_dexmxus__lag015,0.407524,0.174574,0.345805,0.21206657
m__m2sl_m2__lag010,0.833856,0.059382,0.194923,0.21205378
d__ldgust_tga_fed_alt__lag068,1.0,0.090614,0.120941,0.21155532
m__bogmbase_mb__lag004,0.840125,0.108934,0.142791,0.21148027
d__ldgust_tga_fed_alt__lag070,1.0,0.090554,0.120888,0.21144266
q__bogz1fr553061103q_closed_end_funds_ts_reval__lag007,0.974922,0.134847,0.081961,0.21137056
m__dgorder_dgorder__lag009,0.420063,0.208663,0.294459,0.21134282
q__bogz1fl713061113q_cb_bills_raw__lag004,0.996865,0.099521,0.112461,0.21131824
q__bogz1fl713061113q_cb_bills__lag004,0.996865,0.099521,0.112461,0.21131824
m__dgorder_dgorder__lag004,0.426332,0.149176,0.346349,0.2112583
d__ldgust_tga_fed_alt__lag088,1.0,0.095429,0.115773,0.21120144
d__dexmxus_dexmxus__lag008,0.407524,0.188414,0.329784,0.21117797
d__usepuindxd_policy_uncertainty__lag001,0.517241,0.159821,0.248349,0.2111224
d__usepuindxd_policy_uncertainty__lag039,0.517241,0.297052,0.110732,0.21092281
q__bogz1lm573061133q_private_dc_pension_ts__lag005,0.99373,0.062721,0.149496,0.21088603
q__fbtsatq027s_dom_fin_sector_tsy_tx__lag008,0.971787,0.120677,0.096228,0.2107862
m__permit_permit__lag003,0.830721,0.13317,0.119982,0.2102991
q__bogz1fl713061103q_fed_tsy__lag006,0.990596,0.134935,0.077347,0.21028571
q__bogz1fl713061103q_fed_tsy_raw__lag006,0.990596,0.134935,0.077347,0.21028571
q__bogz1fl713061103q_cb_tsy__lag006,0.990596,0.134935,0.077347,0.21028571
m__dgorder_dgorder__lag007,0.423197,0.184425,0.312318,0.21022022
q__bogz1fa713068703q_fed_dw_tx__lag005,0.981191,0.110259,0.103695,0.20992947
d__ldgust_tga_fed_alt__lag067,1.0,0.088907,0.120958,0.2098654
m__mtsds133fms_fed_surplus_deficit__lag004,0.567398,0.221884,0.147865,0.20979479
m__dgorder_dgorder__lag002,0.429467,0.138555,0.34979,0.20972834
d__ldgust_tga_fed_alt__lag089,1.0,0.093142,0.116516,0.20965882
d__ldgust_tga_fed_alt__lag069,1.0,0.088686,0.120663,0.20934895
q__bogz1fr713061103q_cb_tsy_reval__lag002,0.990596,0.072689,0.138381,0.20908538
d__ldgust_tga_fed_alt__lag090,1.0,0.093999,0.115057,0.20905685
q__bogz1fa553061103q_closed_end_funds_ts_tx__lag006,0.978056,0.05404,0.159584,0.20893675
q__bogz1lm663061105q_brokers_dealers_ts__lag001,1.0,0.077228,0.13163,0.20885802
q__bogz1lm153061105q_hhnp_tsy__lag008,0.984326,0.175101,0.036979,0.20875589
q__bogz1fa573061133q_private_dc_pension_ts_tx__lag006,0.978056,0.134485,0.078904,0.20870616
q__bogz1fr593061105q_pension_ts_reval__lag002,0.990596,0.062596,0.148072,0.20868641
q__bogz1fa573061143q_private_db_pension_ts_tx__lag005,0.981191,0.180134,0.032242,0.20838152
q__bogz1fr593061105q_pension_ts_reval__lag006,0.978056,0.132143,0.080817,0.20828659
d__vixcls_vixcls__lag002,0.454545,0.173643,0.284501,0.20824738
q__bogz1lm653061105q_mf_tsy_raw__lag002,1.0,0.091035,0.116454,0.20748925
q__bogz1lm653061105q_mutual_funds_ts__lag002,1.0,0.091035,0.116454,0.20748925
q__bogz1fr213061103q_state_local_gov_ts_reval__lag002,0.990596,0.07471,0.134744,0.20748384
q__bogz1fl713123030q_tga__lag007,0.987461,0.082588,0.127325,0.20728067
q__bogz1fl713123030q_tga_z1__lag007,0.987461,0.082588,0.127325,0.20728067
d__ldgust_tga_fed_alt__lag066,1.0,0.085958,0.120904,0.20686209
q__rowceaq027s_row_corpequities_flow__lag003,0.987461,0.138699,0.07068,0.20675325
q__bogz1fl263061145q_row_priv_tsy__lag003,1.0,0.055022,0.151614,0.20663614
d__ldgust_tga_fed_alt__lag027,1.0,0.138979,0.067368,0.20634716
q__bogz1fl712151003q_fed_repo__lag006,0.990596,0.152976,0.055146,0.20616566
m__mtso133fms_fedgov_out__lag008,0.564263,0.151904,0.213319,0.20608153
q__rownblq027s_row_nonfinbusinessloans_flow__lag002,0.990596,0.023014,0.184806,0.20586532
d__ldgust_tga_fed_alt__lag055,1.0,0.098141,0.107589,0.20573007
q__ad02rc1q027sbea_gov_netlending__lag005,0.821317,0.176768,0.07371,0.20572105
q__bogz1fa653061113q_mutf_bills_tx__lag007,0.974922,0.127329,0.083681,0.20571774
q__bogz1fr573061143q_private_db_pension_ts_reval__lag006,0.978056,0.128051,0.082248,0.20568438
q__bogz1fa553061103q_closed_end_funds_ts_tx__lag005,0.981191,0.060143,0.149474,0.20567422
q__bogz1fl513061115q_pci_bills_raw__lag006,0.990596,0.064617,0.142984,0.20564884
q__bogz1fl513061115q_pci_bills__lag006,0.990596,0.064617,0.142984,0.20564884
q__bogz1fa573061133q_private_dc_pension_ts_tx__lag005,0.981191,0.159447,0.049985,0.20549275
m__mtsr133fms_fedgov_rcpt__lag011,0.561129,0.192892,0.173288,0.2054743
q__bogz1fr693061105q_nonmmf_ts_reval__lag001,0.99373,0.106996,0.099572,0.20527276
q__bogz1fr693061105q_nonmmmf_ts_reval__lag001,0.99373,0.106996,0.099572,0.20527276
d__ldgust_tga_fed_alt__lag072,1.0,0.094548,0.110471,0.20501843
q__bogz1fa663061165q_brokers_dealers_long_ts_tx__lag005,0.981191,0.103055,0.105831,0.20495725
q__bogz1fr573061105q_private_pension_ts_reval__lag001,0.99373,0.119908,0.086245,0.20486006
m__permit_permit__lag004,0.827586,0.140395,0.106813,0.20458634
m__bogmbase_mb__lag005,0.840125,0.100181,0.14326,0.20452171
m__m2sl_m2__lag011,0.833856,0.050362,0.194856,0.20447631
q__bogz1lm103061103q_nfcb_tsy__lag008,0.984326,0.037414,0.170225,0.20438537
q__bogz1fr653061105q_mutual_funds_ts_reval__lag002,0.990596,0.054473,0.151835,0.20436786
q__bogz1fr573061143q_private_db_pension_ts_reval__lag001,0.99373,0.121159,0.084429,0.20429925
m__mtso133fms_fedgov_out__lag002,0.570533,0.140838,0.217009,0.20416314
q__cbi_cbi__lag008,0.968652,0.07223,0.138357,0.20398543
m__recprousm156n_recprob__lag003,0.736677,0.10598,0.170696,0.20382095
q__bogz1fa663061165q_brokers_dealers_long_ts_tx__lag001,0.99373,0.139677,0.065304,0.20369578
q__bogz1fr343061113q_fed_gov_dcf_retirement_ts_reval__lag006,0.978056,0.128894,0.079362,0.20368637
q__ncbtsaq027s_nfcb_tsy_tx__lag001,0.99373,0.18293,0.022,0.20364525
q__bogz1fr513061105q_pc_insurance_ts_reval__lag003,0.987461,0.140096,0.066039,0.20354959
d__ldgust_tga_fed_alt__lag028,1.0,0.137499,0.065837,0.20333553
q__bogz1fl713061103q_fed_tsy__lag001,1.0,0.144331,0.058574,0.20290559
q__bogz1fl713061103q_fed_tsy_raw__lag001,1.0,0.144331,0.058574,0.20290559
q__bogz1fl713061103q_cb_tsy__lag001,1.0,0.144331,0.058574,0.20290559
d__usepuindxd_policy_uncertainty__lag006,0.517241,0.213976,0.177577,0.20252729
m__permit_permit__lag001,0.830721,0.1244,0.119268,0.20242065
q__bogz1fr343061105q_fed_gov_retirement_ts_reval__lag001,0.99373,0.121469,0.082211,0.20240251
q__fgtsl_fgtsl__lag004,0.996865,0.04926,0.153773,0.20239631
q__bogz1fl713061113q_cb_bills_raw__lag001,1.0,0.024035,0.178339,0.20237382
q__bogz1fl713061113q_cb_bills__lag001,1.0,0.024035,0.178339,0.20237382
q__bogz1fr573061133q_private_dc_pension_ts_reval__lag001,0.99373,0.116291,0.087232,0.20224678
q__bogz1fl513061115q_pci_bills_raw__lag008,0.984326,0.0351,0.170303,0.20218316
q__bogz1fl513061115q_pci_bills__lag008,0.984326,0.0351,0.170303,0.20218316
q__bogz1fa753061103q_usb_tsy_for_tx__lag008,0.971787,0.041948,0.165673,0.20176362
m__m2sl_m2__lag012,0.833856,0.045032,0.196904,0.20174019
d__ldgust_tga_fed_alt__lag053,1.0,0.103386,0.098183,0.20156898
q__bogz1fl543461113q_li_bills__lag008,0.984326,0.141209,0.063558,0.20155763
d__ldgust_tga_fed_alt__lag054,1.0,0.097371,0.104179,0.20154952
q__bogz1fa473061105q_credit_unions_ts_tx__lag003,0.987461,0.103711,0.099883,0.2010404
m__houst_houst__lag001,0.84326,0.098145,0.140149,0.2009441
m__dgorder_dgorder__lag005,0.426332,0.124707,0.346516,0.20089745
d__ldgust_tga_fed_alt__lag042,1.0,0.129305,0.071489,0.20079404
d__ldgust_tga_fed_alt__lag025,1.0,0.135868,0.06436,0.20022814
d__ldgust_tga_fed_alt__lag029,1.0,0.13669,0.063522,0.20021163
d__usepuindxd_policy_uncertainty__lag033,0.517241,0.242126,0.144902,0.20018675
d__ldgust_tga_fed_alt__lag059,1.0,0.090491,0.109447,0.19993757
q__bogz1fr763061100q_usb_tsy_oth_reval__lag002,0.990596,0.06235,0.139466,0.19991812
q__bogz1fa673061103q_abs_issuers_ts_tx__lag004,0.984326,0.144932,0.057939,0.19969159
d__tasacbw027sbog_bank_ts_agency__lag001,0.667712,0.130668,0.168272,0.19960511
q__bogz1fl712051000q_fed_rrp__lag008,0.984326,0.013486,0.189172,0.19948146
d__stlfsi4_stlfed_fin_stress_idx__lag001,0.407524,0.061548,0.427938,0.199477
m__dgorder_dgorder__lag006,0.423197,0.145323,0.325992,0.19945933
d__tasacbw027sbog_bank_ts_agency__lag002,0.667712,0.130352,0.168288,0.19940579
q__bogz1fl713061113q_cb_bills_raw__lag002,1.0,0.008365,0.190982,0.19934689
q__bogz1fl713061113q_cb_bills__lag002,1.0,0.008365,0.190982,0.19934689
m__dgorder_dgorder__lag003,0.426332,0.1256,0.341044,0.19894548
q__bogz1fa753061103q_usb_tsy_for_tx__lag003,0.987461,0.076197,0.12522,0.19889074
d__usepuindxd_policy_uncertainty__lag055,0.517241,0.256221,0.128202,0.1988392
q__bogz1fa693061105q_nonmmf_ts_tx__lag003,0.987461,0.158811,0.042538,0.1988239
q__bogz1fa693061105q_nonmmmf_ts_tx__lag003,0.987461,0.158811,0.042538,0.1988239
d__tasacbw027sbog_bank_ts_agency__lag003,0.667712,0.129206,0.16854,0.19880844
q__bogz1fr753061103q_usb_tsy_for_reval__lag002,0.990596,0.065079,0.135592,0.19878377
q__bogz1fa653061105q_mutual_funds_ts_tx__lag004,0.984326,0.135838,0.066064,0.19873763
q__bogz1fa633061110q_mmf_bills_tx__lag001,0.99373,0.064529,0.135417,0.19869283
d__ldgust_tga_fed_alt__lag086,1.0,0.096855,0.101723,0.19857725
d__stlfsi4_stlfed_fin_stress_idx__lag004,0.404389,0.05753,0.43326,0.19846992
q__bogz1lm343061113q_fed_gov_dcf_retirement_ts__lag008,0.984326,0.039866,0.161648,0.19835518
q__bogz1lm343061113q_fed_gov_dc_retirement_ts__lag008,0.984326,0.039866,0.161648,0.19835518
q__bogz1lm343061113q_fed_ret_tsy_dc__lag008,0.984326,0.039866,0.161648,0.19835518
m__mtsds133fms_fed_surplus_deficit__lag009,0.564263,0.201707,0.149655,0.19826069
q__bogz1fa593061105q_pension_ts_tx__lag004,0.984326,0.133108,0.068178,0.19813133
d__ldgust_tga_fed_alt__lag065,1.0,0.08082,0.116814,0.19763427
m__recprousm156n_recprob__lag008,0.730408,0.121643,0.148869,0.19758427
d__ldgust_tga_fed_alt__lag043,1.0,0.122792,0.074676,0.19746809
q__bogz1fr573061105q_private_pension_ts_reval__lag006,0.978056,0.121962,0.079899,0.19743056
q__rowceaq027s_row_corpequities_flow__lag008,0.971787,0.056692,0.146338,0.19730185
q__bogz1fr573061133q_private_dc_pension_ts_reval__lag002,0.990596,0.058898,0.140274,0.19729886
d__tasacbw027sbog_bank_ts_agency__lag007,0.667712,0.127351,0.168101,0.19727668
d__tasacbw027sbog_bank_ts_agency__lag006,0.667712,0.127374,0.168073,0.1972733
d__ldgust_tga_fed_alt__lag052,1.0,0.102951,0.094318,0.19726926
m__dgorder_dgorder__lag008,0.423197,0.166263,0.299758,0.19721902
d__tasacbw027sbog_bank_ts_agency__lag004,0.667712,0.127252,0.168096,0.19720672
q__rowmmfq027s_row_moneymarketfundshares_flow__lag007,0.974922,0.091011,0.11126,0.19719852
q__bogz1fl263061145q_row_priv_tsy__lag004,0.996865,0.045231,0.152496,0.19710695
d__tasacbw027sbog_bank_ts_agency__lag008,0.667712,0.127283,0.167854,0.19706629
d__tasacbw027sbog_bank_ts_agency__lag005,0.667712,0.127126,0.168008,0.19706427
d__ldgust_tga_fed_alt__lag041,1.0,0.127105,0.069742,0.19684651
q__bogz1fr343061105q_fed_gov_retirement_ts_reval__lag006,0.978056,0.125218,0.075909,0.19671333
q__bogz1lm653061105q_mf_tsy_raw__lag004,0.996865,0.084169,0.113066,0.19661693
q__bogz1lm653061105q_mutual_funds_ts__lag004,0.996865,0.084169,0.113066,0.19661693
d__ldgust_tga_fed_alt__lag061,1.0,0.080689,0.115765,0.19645345
d__tasacbw027sbog_bank_ts_agency__lag010,0.667712,0.126233,0.167849,0.1963616
q__bogz1lm653061105q_mf_tsy_raw__lag006,0.990596,0.091691,0.106523,0.1963495
q__bogz1lm653061105q_mutual_funds_ts__lag006,0.990596,0.091691,0.106523,0.1963495
d__ldgust_tga_fed_alt__lag024,1.0,0.13997,0.056235,0.19620505
q__bogz1lm653061105q_mf_tsy_raw__lag003,1.0,0.082442,0.113753,0.19619488
q__bogz1lm653061105q_mutual_funds_ts__lag003,1.0,0.082442,0.113753,0.19619488
d__tasacbw027sbog_bank_ts_agency__lag009,0.667712,0.12593,0.167831,0.19614772
q__bogz1fr513061105q_pc_insurance_ts_reval__lag001,0.99373,0.147182,0.050008,0.19595356
q__bogz1lm653061105q_mf_tsy_raw__lag007,0.987461,0.094026,0.104326,0.19586497
q__bogz1lm653061105q_mutual_funds_ts__lag007,0.987461,0.094026,0.104326,0.19586497
d__stlfsi4_stlfed_fin_stress_idx__lag003,0.404389,0.057232,0.42685,0.19575706
d__tasacbw027sbog_bank_ts_agency__lag021,0.667712,0.125104,0.168001,0.19570982
d__tasacbw027sbog_bank_ts_agency__lag013,0.667712,0.125419,0.167622,0.19566692
q__bogz1fa563061103q_etfs_ts_tx__lag001,0.99373,0.143747,0.053144,0.19565639
d__tasacbw027sbog_bank_ts_agency__lag014,0.667712,0.125475,0.167516,0.1956333
q__bogz1fa343061113q_fed_gov_dcf_retirement_ts_tx__lag007,0.974922,0.129328,0.07129,0.19558648
d__tasacbw027sbog_bank_ts_agency__lag020,0.667712,0.124936,0.167905,0.19553278
d__tasacbw027sbog_bank_ts_agency__lag015,0.667712,0.125304,0.167491,0.19550267
d__tasacbw027sbog_bank_ts_agency__lag012,0.667712,0.125098,0.167568,0.19541641
d__tasacbw027sbog_bank_ts_agency__lag028,0.667712,0.125344,0.16732,0.19541496
d__tasacbw027sbog_bank_ts_agency__lag011,0.667712,0.124987,0.167585,0.19535357
d__tasacbw027sbog_bank_ts_agency__lag027,0.667712,0.125046,0.167494,0.19533255
q__bogz1fr593061105q_pension_ts_reval__lag001,0.99373,0.109493,0.087054,0.19531478
q__bogz1fa263061145q_row_priv_tsy_tx__lag004,0.984326,0.057668,0.140718,0.19527662
q__bogz1lm153061105q_hhnp_tsy__lag001,1.0,0.074312,0.120934,0.1952467
m__totresns_res__lag003,0.84326,0.132194,0.099342,0.19524491
d__tasacbw027sbog_bank_ts_agency__lag016,0.667712,0.124488,0.167881,0.19521868
d__stlfsi4_stlfed_fin_stress_idx__lag002,0.404389,0.051944,0.430499,0.19509464
d__tasacbw027sbog_bank_ts_agency__lag022,0.667712,0.124644,0.167505,0.19507138
d__ldgust_tga_fed_alt__lag060,1.0,0.078835,0.116225,0.19505926
q__bogz1fr383061105q_dom_nonfin_sector_tsy_reval__lag002,0.990596,0.072433,0.124433,0.1950142
d__tasacbw027sbog_bank_ts_agency__lag023,0.667712,0.124435,0.16755,0.19496224
d__ldgust_tga_fed_alt__lag062,1.0,0.079319,0.115594,0.19491315
d__tasacbw027sbog_bank_ts_agency__lag019,0.667712,0.124029,0.167802,0.19485919
d__tasacbw027sbog_bank_ts_agency__lag018,0.667712,0.123917,0.167906,0.19485308
d__tasacbw027sbog_bank_ts_agency__lag024,0.667712,0.124441,0.167338,0.19482373
d__tasacbw027sbog_bank_ts_agency__lag026,0.667712,0.124338,0.167431,0.19481781
m__dgorder_dgorder__lag010,0.420063,0.171474,0.292134,0.1947444
q__bogz1lm403061105q_gses_ts__lag005,0.99373,0.136328,0.059621,0.19472087
q__bogz1lm403061105q_gse_tsy__lag005,0.99373,0.136328,0.059621,0.19472087
d__tasacbw027sbog_bank_ts_agency__lag029,0.667712,0.124837,0.166731,0.19468308
d__tasacbw027sbog_bank_ts_agency__lag025,0.667712,0.124331,0.167205,0.19466169
q__bogz1fa573061143q_private_db_pension_ts_tx__lag008,0.971787,0.169569,0.030639,0.19455993
q__bogz1fr573061105q_private_pension_ts_reval__lag002,0.990596,0.051313,0.14508,0.19454613
q__bogz1fl693061105q_nonmmf_ts__lag001,1.0,0.093617,0.10089,0.19450648
q__bogz1fl693061105q_nonmmmf_ts__lag001,1.0,0.093617,0.10089,0.19450648
d__tasacbw027sbog_bank_ts_agency__lag017,0.667712,0.123381,0.167844,0.19445443
d__ldgust_tga_fed_alt__lag073,1.0,0.093115,0.101333,0.19444842
m__mtsr133fms_fedgov_rcpt__lag007,0.564263,0.100114,0.244375,0.19438257
d__usepuindxd_policy_uncertainty__lag057,0.517241,0.299349,0.075928,0.19410863
q__bogz1fr343061105q_fed_gov_retirement_ts_reval__lag002,0.990596,0.055734,0.140042,0.19393473
q__bogz1fa263061130q_row_gov_tsy_tx__lag003,0.987461,0.011992,0.18435,0.19387963
m__wpu0561_ppi_crude__lag001,0.99373,0.003092,0.191981,0.19384947
q__bogz1fr263061105q_row_bills_reval__lag006,0.978056,0.118797,0.079361,0.19380987
q__bogz1fr263061105q_row_tsy_reval__lag006,0.978056,0.118797,0.079361,0.19380987
q__bogz1fa733061103q_holding_companies_ts_tx__lag004,0.984326,0.115262,0.081582,0.19375859
d__tasacbw027sbog_bank_ts_agency__lag030,0.667712,0.122552,0.167093,0.19339885
q__bogz1fa513061105q_pc_insurance_ts_tx__lag006,0.978056,0.106707,0.09095,0.19331977
q__bogz1fr343061113q_fed_gov_dcf_retirement_ts_reval__lag002,0.990596,0.049498,0.145597,0.19326067
d__ldgust_tga_fed_alt__lag040,1.0,0.124704,0.068378,0.19308154
d__ldgust_tga_fed_alt__lag044,1.0,0.116221,0.076802,0.19302355
m__mtsr133fms_fedgov_rcpt__lag001,0.570533,0.081015,0.257277,0.19300656
q__bogz1fl712151003q_fed_repo__lag007,0.987461,0.138474,0.056512,0.19254021
d__tasacbw027sbog_bank_ts_agency__lag035,0.667712,0.121314,0.166853,0.19241202
d__tasacbw027sbog_bank_ts_agency__lag031,0.667712,0.121088,0.167052,0.19239435
d__tasacbw027sbog_bank_ts_agency__lag034,0.667712,0.121084,0.166983,0.19234606
d__tasacbw027sbog_bank_ts_agency__lag036,0.667712,0.12098,0.166609,0.19202695
d__tasacbw027sbog_bank_ts_agency__lag033,0.667712,0.120708,0.166859,0.19201202
d__tasacbw027sbog_bank_ts_agency__lag032,0.667712,0.12048,0.166909,0.19189308
d__stlfsi4_stlfed_fin_stress_idx__lag005,0.404389,0.050226,0.423942,0.1917481
q__bogz1lm653061105q_mf_tsy_raw__lag005,0.99373,0.08347,0.109344,0.1916045
q__bogz1lm653061105q_mutual_funds_ts__lag005,0.99373,0.08347,0.109344,0.1916045
d__ldgust_tga_fed_alt__lag017,1.0,0.148838,0.042714,0.1915518
d__tasacbw027sbog_bank_ts_agency__lag037,0.667712,0.12,0.166873,0.19154868
d__tasacbw027sbog_bank_ts_agency__lag038,0.667712,0.119689,0.167058,0.19146421
d__tasacbw027sbog_bank_ts_agency__lag040,0.667712,0.119664,0.16691,0.1913486
d__tasacbw027sbog_bank_ts_agency__lag039,0.667712,0.119499,0.167001,0.19129919
d__tasacbw027sbog_bank_ts_agency__lag041,0.667712,0.119465,0.166942,0.19123735
d__tasacbw027sbog_bank_ts_agency__lag042,0.667712,0.119415,0.166884,0.19116558
q__bogz1fr743061103q_usb_tsy_dom_reval__lag001,0.99373,0.092123,0.100228,0.19114562
d__ldgust_tga_fed_alt__lag039,1.0,0.123826,0.067209,0.19103514
q__bogz1fr733061103q_holding_companies_ts_reval__lag001,0.99373,0.101071,0.091165,0.19103073
q__bogz1fa343061113q_fed_gov_dcf_retirement_ts_tx__lag006,0.978056,0.13609,0.059071,0.19087811
q__bogz1fa553061103q_closed_end_funds_ts_tx__lag003,0.987461,0.01802,0.175272,0.19086881
d__stlfsi4_stlfed_fin_stress_idx__lag008,0.404389,0.050642,0.421347,0.19086693
q__rownblq027s_row_nonfinbusinessloans_flow__lag007,0.974922,0.031488,0.164241,0.19082127
m__bogmbase_mb__lag006,0.840125,0.084737,0.142342,0.19077455
d__ldgust_tga_fed_alt__lag064,1.0,0.078602,0.112161,0.19076278
d__tasacbw027sbog_bank_ts_agency__lag043,0.667712,0.119125,0.166546,0.19074572
d__ldgust_tga_fed_alt__lag023,1.0,0.140255,0.050276,0.19053118
m__mtsds133fms_fed_surplus_deficit__lag001,0.570533,0.182112,0.1517,0.19045047
d__stlfsi4_stlfed_fin_stress_idx__lag007,0.404389,0.051344,0.419601,0.19044485
m__mtsr133fms_fedgov_rcpt__lag009,0.564263,0.180634,0.156688,0.19033868
q__bogz1fr573061143q_private_db_pension_ts_reval__lag002,0.990596,0.045083,0.14692,0.1901972
d__tasacbw027sbog_bank_ts_agency__lag044,0.667712,0.117991,0.166756,0.19012876
q__rowgseq027s_row_agency_flow__lag008,0.971787,0.105789,0.089807,0.19007772
q__bogz1fr663061165q_brokers_dealers_long_ts_reval__lag002,0.990596,0.060045,0.131305,0.18955033
q__bogz1fa473061105q_credit_unions_ts_tx__lag001,0.99373,0.0626,0.128099,0.18950365
q__rowmmfq027s_row_moneymarketfundshares_flow__lag006,0.978056,0.098011,0.095653,0.1894136
q__bogz1fr513061105q_pc_insurance_ts_reval__lag007,0.974922,0.139308,0.054921,0.18935781
d__ldgust_tga_fed_alt__lag051,1.0,0.098719,0.090533,0.18925204
d__tasacbw027sbog_bank_ts_agency__lag045,0.667712,0.116473,0.166874,0.18919401
d__tasacbw027sbog_bank_ts_agency__lag048,0.667712,0.116456,0.166574,0.18898255
d__ldgust_tga_fed_alt__lag038,1.0,0.124582,0.064367,0.18894864
d__tasacbw027sbog_bank_ts_agency__lag057,0.667712,0.116556,0.166389,0.18892564
d__tasacbw027sbog_bank_ts_agency__lag049,0.667712,0.116284,0.166495,0.1888149
d__tasacbw027sbog_bank_ts_agency__lag056,0.667712,0.116282,0.166491,0.18881037
d__tasacbw027sbog_bank_ts_agency__lag046,0.667712,0.115973,0.166789,0.18880336
d__tasacbw027sbog_bank_ts_agency__lag050,0.667712,0.115985,0.166763,0.18879411
d__tasacbw027sbog_bank_ts_agency__lag047,0.667712,0.116001,0.166684,0.18875205
d__tasacbw027sbog_bank_ts_agency__lag055,0.667712,0.115999,0.166555,0.18866402
q__bogz1fa313161305q_gov_nonmarketable_ts_tx__lag004,0.984326,0.156738,0.034889,0.18862319
d__tasacbw027sbog_bank_ts_agency__lag054,0.667712,0.115883,0.166568,0.18859552
d__tasacbw027sbog_bank_ts_agency__lag052,0.667712,0.115792,0.166623,0.18857184
d__tasacbw027sbog_bank_ts_agency__lag053,0.667712,0.11586,0.166535,0.18855881
d__tasacbw027sbog_bank_ts_agency__lag051,0.667712,0.115658,0.166726,0.18855088
q__bogz1fa563061103q_etfs_ts_tx__lag008,0.971787,0.151655,0.042226,0.18841112
m__wtisplc_wtisplc__lag001,1.0,0.000269,0.188093,0.18836218
q__bogz1fa573061105q_private_pension_ts_tx__lag008,0.971787,0.156744,0.037077,0.18835259
q__bogz1fr213061103q_state_local_gov_ts_reval__lag001,0.99373,0.103556,0.085979,0.18834649
d__ldgust_tga_fed_alt__lag045,1.0,0.111166,0.076975,0.1881402
q__bogz1fr793061105q_dom_fin_sector_tsy_reval__lag006,0.978056,0.112204,0.080103,0.18808629
q__rowceaq027s_row_corpequities_flow__lag005,0.981191,0.143372,0.048139,0.18790881
q__bogz1fa553061103q_closed_end_funds_ts_tx__lag007,0.974922,0.053102,0.139633,0.18790108
d__tasacbw027sbog_bank_ts_agency__lag058,0.667712,0.114476,0.16674,0.18777073
q__ncbtsaq027s_nfcb_tsy_tx__lag005,0.981191,0.139983,0.050852,0.18724584
d__ldgust_tga_fed_alt__lag085,1.0,0.091681,0.095246,0.18692768
d__tasacbw027sbog_bank_ts_agency__lag059,0.667712,0.113279,0.166633,0.18690039
q__bogz1fa213061103q_state_local_gov_ts_tx__lag004,0.984326,0.045558,0.144233,0.18681631
d__tasacbw027sbog_bank_ts_agency__lag060,0.667712,0.112924,0.166861,0.18681557
d__tasacbw027sbog_bank_ts_agency__lag064,0.667712,0.113008,0.166607,0.18670274
d__stlfsi4_stlfed_fin_stress_idx__lag010,0.404389,0.047726,0.413951,0.1866967
q__bogz1fl513061115q_pci_bills_raw__lag004,0.996865,0.068686,0.118586,0.1866851
q__bogz1fl513061115q_pci_bills__lag004,0.996865,0.068686,0.118586,0.1866851
q__fgtlasq027s_gov_loan_a__lag001,1.0,0.087947,0.098696,0.18664272
d__stlfsi4_stlfed_fin_stress_idx__lag009,0.404389,0.044597,0.416855,0.1866063
d__tasacbw027sbog_bank_ts_agency__lag063,0.667712,0.112695,0.166659,0.18652804
d__tasacbw027sbog_bank_ts_agency__lag061,0.667712,0.112545,0.16663,0.18640842
m__mtsr133fms_fedgov_rcpt__lag002,0.570533,0.138483,0.188085,0.18631781
q__bogz1fr743061103q_usb_tsy_dom_reval__lag006,0.978056,0.116786,0.073643,0.1862498
d__tasacbw027sbog_bank_ts_agency__lag062,0.667712,0.112209,0.16665,0.18619687
q__bogz1fa633061110q_mmf_bills_tx__lag006,0.978056,0.072162,0.118188,0.18617279
q__bogz1lm103061103q_nfcb_tsy__lag001,1.0,0.048671,0.137475,0.18614615
q__fgla_fgla__lag001,1.0,0.087757,0.098384,0.18614086
q__fgla_fedgov_loans__lag001,1.0,0.087757,0.098384,0.18614086
d__tasacbw027sbog_bank_ts_agency__lag065,0.667712,0.11174,0.166999,0.18611683
d__ldgust_tga_fed_alt__lag030,1.0,0.129481,0.056419,0.18589992
d__tasacbw027sbog_bank_ts_agency__lag069,0.667712,0.110821,0.167488,0.1858303
d__stlfsi4_stlfed_fin_stress_idx__lag012,0.404389,0.047584,0.411949,0.18583021
d__tasacbw027sbog_bank_ts_agency__lag067,0.667712,0.110892,0.167373,0.18580049
d__tasacbw027sbog_bank_ts_agency__lag070,0.667712,0.110825,0.167291,0.18570155
d__tasacbw027sbog_bank_ts_agency__lag068,0.667712,0.110674,0.167435,0.18569647
d__tasacbw027sbog_bank_ts_agency__lag066,0.667712,0.110705,0.167319,0.18563964
d__tasacbw027sbog_bank_ts_agency__lag071,0.667712,0.110657,0.167102,0.18546278
d__stlfsi4_stlfed_fin_stress_idx__lag006,0.404389,0.047221,0.411099,0.18533956
q__rowceaq027s_row_corpequities_flow__lag004,0.984326,0.020629,0.167322,0.18500521
d__usepuindxd_policy_uncertainty__lag074,0.517241,0.245668,0.111861,0.18492896
q__bogz1fr653061105q_mutual_funds_ts_reval__lag006,0.978056,0.128178,0.060699,0.18473276
q__bogz1fl513061115q_pci_bills_raw__lag003,1.0,0.068506,0.116206,0.18471208
q__bogz1fl513061115q_pci_bills__lag003,1.0,0.068506,0.116206,0.18471208
d__ldgust_tga_fed_alt__lag074,1.0,0.09109,0.093591,0.18468164
q__bogz1fl513061115q_pci_bills_raw__lag007,0.987461,0.029693,0.157193,0.18454232
q__bogz1fl513061115q_pci_bills__lag007,0.987461,0.029693,0.157193,0.18454232
d__ldgust_tga_fed_alt__lag063,1.0,0.07285,0.111202,0.18405285
q__bogz1fl263061145q_row_priv_tsy__lag005,0.99373,0.033361,0.151831,0.18403023
d__tasacbw027sbog_bank_ts_agency__lag072,0.667712,0.108669,0.166936,0.18402433
q__bogz1fr543061175q_life_insurance_ts_reval__lag001,0.99373,0.027592,0.157528,0.18395932
q__bogz1fr693061105q_nonmmf_ts_reval__lag006,0.978056,0.121187,0.066743,0.18380634
q__bogz1fr693061105q_nonmmmf_ts_reval__lag006,0.978056,0.121187,0.066743,0.18380634
m__amtmno_amtmno__lag001,0.429467,0.068155,0.359793,0.18378988
d__tasacbw027sbog_bank_ts_agency__lag078,0.667712,0.108119,0.16677,0.18354654
d__tasacbw027sbog_bank_ts_agency__lag077,0.667712,0.108085,0.166783,0.18353291
d__tasacbw027sbog_bank_ts_agency__lag074,0.667712,0.108268,0.166554,0.18350145
q__bogz1fr553061103q_closed_end_funds_ts_reval__lag008,0.971787,0.148587,0.040159,0.18342041
d__tasacbw027sbog_bank_ts_agency__lag075,0.667712,0.108046,0.16658,0.18337118
d__tasacbw027sbog_bank_ts_agency__lag073,0.667712,0.108246,0.166352,0.18335254
d__tasacbw027sbog_bank_ts_agency__lag076,0.667712,0.107986,0.166531,0.18329787
q__bogz1fr573061133q_private_dc_pension_ts_reval__lag006,0.978056,0.111795,0.075563,0.18324736
d__vixcls_vixcls__lag001,0.454545,0.155914,0.247186,0.18322738
d__ldgust_tga_fed_alt__lag050,1.0,0.098043,0.084763,0.18280582
m__bogmbase_mb__lag007,0.836991,0.078654,0.139639,0.1827088
d__ldgust_tga_fed_alt__lag049,1.0,0.100138,0.082316,0.18245461
m__usalolitoaastsam_oecd_leading_indicator_us__lag002,0.893417,0.126953,0.077217,0.18240932
q__bogz1lm573061133q_private_dc_pension_ts__lag006,0.990596,0.035392,0.148724,0.18238521
d__tasacbw027sbog_bank_ts_agency__lag079,0.667712,0.10612,0.1669,0.18229802
q__bogz1lm653061105q_mf_tsy_raw__lag008,0.984326,0.084239,0.100904,0.18224106
q__bogz1lm653061105q_mutual_funds_ts__lag008,0.984326,0.084239,0.100904,0.18224106
q__fgtsl_fgtsl__lag005,0.99373,0.027675,0.155602,0.18212809
q__bogz1fl513061115q_pci_bills_raw__lag005,0.99373,0.05922,0.123992,0.18206301
q__bogz1fl513061115q_pci_bills__lag005,0.99373,0.05922,0.123992,0.18206301
d__usepuindxd_policy_uncertainty__lag010,0.517241,0.237655,0.114046,0.18191432
d__usepuindxd_policy_uncertainty__lag059,0.517241,0.234548,0.117136,0.18190578
q__bogz1lm213061103q_state_local_gov_ts__lag004,0.996865,0.056533,0.125918,0.18187897
q__bogz1fl713061113q_cb_bills_raw__lag003,1.0,0.038131,0.143716,0.18184735
q__bogz1fl713061113q_cb_bills__lag003,1.0,0.038131,0.143716,0.18184735
d__tasacbw027sbog_bank_ts_agency__lag087,0.667712,0.104775,0.167516,0.18181166
d__ldgust_tga_fed_alt__lag084,1.0,0.092411,0.089332,0.18174324
d__tasacbw027sbog_bank_ts_agency__lag085,0.667712,0.10567,0.166494,0.18172737
m__dgorder_dgorder__lag012,0.416928,0.172209,0.263657,0.18172468
d__tasacbw027sbog_bank_ts_agency__lag088,0.667712,0.104612,0.167476,0.18167662
q__bogz1fr663061165q_brokers_dealers_long_ts_reval__lag001,0.99373,0.103587,0.079098,0.18154009
d__tasacbw027sbog_bank_ts_agency__lag086,0.667712,0.104825,0.166897,0.18143193
d__tasacbw027sbog_bank_ts_agency__lag080,0.667712,0.105146,0.166569,0.18142698
d__tasacbw027sbog_bank_ts_agency__lag084,0.667712,0.10536,0.166352,0.18142573
d__vixcls_vixcls__lag003,0.454545,0.161768,0.237311,0.1813993
d__stlfsi4_stlfed_fin_stress_idx__lag011,0.404389,0.044931,0.403437,0.18131496
d__tasacbw027sbog_bank_ts_agency__lag081,0.667712,0.104969,0.16657,0.18131019
d__tasacbw027sbog_bank_ts_agency__lag082,0.667712,0.104948,0.166414,0.18119151
d__tasacbw027sbog_bank_ts_agency__lag083,0.667712,0.104931,0.166361,0.18114427
q__bogz1fa573061105q_private_pension_ts_tx__lag002,0.990596,0.148914,0.03357,0.18076762
d__ldgust_tga_fed_alt__lag046,1.0,0.103377,0.077374,0.18075119
q__bogz1fr223061143q_state_local_db_retirement_ts_reval__lag001,0.99373,0.095006,0.086831,0.18069714
q__rowceaq027s_row_corpequities_flow__lag006,0.978056,0.101483,0.082863,0.18030067
d__tasacbw027sbog_bank_ts_agency__lag089,0.664577,0.104188,0.167015,0.18023542
q__bogz1fl713123030q_tga__lag006,0.990596,0.023129,0.158746,0.18016485
q__bogz1fl713123030q_tga_z1__lag006,0.990596,0.023129,0.158746,0.18016485
d__usepuindxd_policy_uncertainty__lag004,0.517241,0.254987,0.092905,0.17994378
d__tasacbw027sbog_bank_ts_agency__lag090,0.664577,0.10374,0.166766,0.17977218
q__bogz1fl693061105q_nonmmf_ts__lag002,1.0,0.081713,0.097996,0.17970863
q__bogz1fl693061105q_nonmmmf_ts__lag002,1.0,0.081713,0.097996,0.17970863
d__ldgust_tga_fed_alt__lag019,1.0,0.139336,0.040327,0.17966309
m__recprousm156n_recprob__lag005,0.733542,0.100436,0.144439,0.17962609
d__stlfsi4_stlfed_fin_stress_idx__lag055,0.404389,0.116908,0.326751,0.17941104
d__ldgust_tga_fed_alt__lag022,1.0,0.136541,0.04274,0.17928074
d__usepuindxd_policy_uncertainty__lag053,0.517241,0.208499,0.13795,0.17919756
q__fgtsl_fgtsl__lag008,0.984326,0.016798,0.165162,0.17910801
m__bogmbase_mb__lag008,0.836991,0.071947,0.141959,0.17903762
d__ldgust_tga_fed_alt__lag048,1.0,0.099139,0.079852,0.17899084
d__usepuindxd_policy_uncertainty__lag058,0.517241,0.265132,0.080865,0.17896421
q__fgtsl_fgtsl__lag007,0.987461,0.018968,0.161789,0.17849065
q__bogz1fa653061105q_mutual_funds_ts_tx__lag003,0.987461,0.133378,0.047364,0.17847526
m__dgorder_dgorder__lag011,0.420063,0.141308,0.283275,0.17835152
d__ldgust_tga_fed_alt__lag037,1.0,0.119669,0.058397,0.17806564
d__stlfsi4_stlfed_fin_stress_idx__lag057,0.404389,0.140822,0.299105,0.17790145
d__usepuindxd_policy_uncertainty__lag038,0.517241,0.243494,0.100233,0.17778956
d__vixcls_vixcls__lag014,0.454545,0.164537,0.226536,0.17776034
m__amtmno_amtmno__lag004,0.426332,0.100174,0.316487,0.17763604
q__bogz1fl763061100q_usb_tsy_oth__lag001,1.0,0.063131,0.114486,0.17761669
d__ldgust_tga_fed_alt__lag020,1.0,0.135995,0.041424,0.17741953
d__usepuindxd_policy_uncertainty__lag060,0.517241,0.223264,0.119689,0.1773897
q__bogz1fr343061165q_fed_gov_db_retirement_ts_reval__lag004,0.984326,0.126984,0.053227,0.17738619
q__bogz1fa513061113q_pci_bills_tx__lag002,0.990596,0.1426,0.036333,0.17725029
q__bogz1fa313161105q_tsy_net_tx__lag006,0.978056,0.102343,0.078847,0.17721402
q__bogz1fr103061103q_nfcb_tsy_reval__lag002,0.990596,0.037527,0.141333,0.17717761
q__rownblq027s_row_nonfinbusinessloans_flow__lag008,0.971787,0.024269,0.158036,0.17716228
m__amtmno_amtmno__lag002,0.429467,0.085548,0.32684,0.17710693
m__mtsds133fms_fed_surplus_deficit__lag002,0.570533,0.11263,0.197554,0.17697002
d__ldgust_tga_fed_alt__lag021,1.0,0.135458,0.040548,0.17600591
q__bogz1fa223061143q_state_local_db_retirement_ts_tx__lag001,0.99373,0.05988,0.117222,0.17599098
q__bogz1fr153061105q_hhnp_tsy_reval__lag002,0.990596,0.069076,0.108515,0.17592045
q__fgtsl_fgtsl__lag006,0.990596,0.019232,0.158321,0.17588272
m__amtmno_amtmno__lag007,0.423197,0.131001,0.284541,0.17585592
q__psave_psave__lag006,0.974922,0.086339,0.093981,0.17579787
q__bogz1fa573061105q_private_pension_ts_tx__lag003,0.987461,0.114292,0.063621,0.17568254
q__bogz1fa473061105q_credit_unions_ts_tx__lag007,0.974922,0.122735,0.057314,0.1755339
m__mtso133fms_fedgov_out__lag007,0.564263,0.22261,0.088369,0.17547451
m__mtso133fms_fedgov_out__lag004,0.567398,0.190457,0.118682,0.17540495
d__ldgust_tga_fed_alt__lag031,1.0,0.127068,0.048309,0.17537712
q__bogz1fa593061105q_pension_ts_tx__lag008,0.971787,0.084076,0.096325,0.17531072
d__usepuindxd_policy_uncertainty__lag081,0.517241,0.187688,0.151175,0.17527366
m__businv_businv__lag001,0.429467,0.023761,0.384274,0.17523752
d__usepuindxd_policy_uncertainty__lag034,0.517241,0.195119,0.143529,0.1751628
q__ncbtsaq027s_nfcb_tsy_tx__lag007,0.974922,0.098122,0.081529,0.17514613
q__a464rc1q027sbea_nfcb_pbt__lag001,0.990596,0.000814,0.175995,0.17514597
d__stlfsi4_stlfed_fin_stress_idx__lag054,0.404389,0.10427,0.328584,0.17504151
d__vixcls_vixcls__lag004,0.454545,0.134507,0.250104,0.17482315
d__stlfsi4_stlfed_fin_stress_idx__lag058,0.404389,0.140607,0.291645,0.17479805
q__bogz1fa573061143q_private_db_pension_ts_tx__lag004,0.984326,0.118104,0.059411,0.17473233
d__ldgust_tga_fed_alt__lag047,1.0,0.09705,0.077683,0.17473228
m__totresns_res__lag004,0.840125,0.111903,0.095815,0.17450867
d__vixcls_vixcls__lag011,0.454545,0.198151,0.185754,0.17450264
d__ldgust_tga_fed_alt__lag075,1.0,0.088089,0.086356,0.17444498
d__stlfsi4_stlfed_fin_stress_idx__lag059,0.404389,0.137393,0.293875,0.17439972
d__stlfsi4_stlfed_fin_stress_idx__lag060,0.404389,0.139885,0.291062,0.17427041
m__amtmno_amtmno__lag009,0.420063,0.146688,0.267,0.17377488
q__bogz1fr263061130q_row_gov_tsy_reval__lag002,0.990596,0.073849,0.101551,0.17375083
d__ldgust_tga_fed_alt__lag018,1.0,0.131695,0.042021,0.17371595
d__stlfsi4_stlfed_fin_stress_idx__lag056,0.404389,0.12208,0.307413,0.17368234
q__rowmmfq027s_row_moneymarketfundshares_flow__lag003,0.987461,0.124722,0.0511,0.17361743
d__ldgust_tga_fed_alt__lag083,1.0,0.088597,0.084898,0.17349524
q__bogz1fl763123005q_tga_usb__lag005,0.99373,0.071916,0.10235,0.17317419
d__usepuindxd_policy_uncertainty__lag054,0.517241,0.170079,0.164593,0.1731061
q__bogz1fa313161305q_gov_nonmarketable_ts_tx__lag002,0.990596,0.06731,0.107277,0.17294492
q__bogz1fl313161110q_totalbills_z1__lag008,0.984326,0.031167,0.144361,0.17277701
q__bogz1fl693061105q_nonmmf_ts__lag004,0.996865,0.077838,0.095475,0.17276985
q__bogz1fl693061105q_nonmmmf_ts__lag004,0.996865,0.077838,0.095475,0.17276985
m__mtso133fms_fedgov_out__lag012,0.561129,0.236954,0.070888,0.17273919
q__bogz1fl383061105q_dom_nonfin_sector_tsy__lag001,1.0,0.048822,0.123838,0.17266024
d__bamlcc0a1aaatriv_aaa_index__lag002,0.470219,0.273252,0.093818,0.17260309
q__bogz1fa313161110q_totalbills_z1_tx__lag006,0.978056,0.070661,0.105592,0.17238483
m__amtmno_amtmno__lag003,0.426332,0.082072,0.321731,0.17215464
q__bogz1fa513061113q_pci_bills_tx__lag006,0.978056,0.128198,0.047739,0.17207633
q__bogz1fl693061105q_nonmmf_ts__lag003,1.0,0.076083,0.095935,0.17201784
q__bogz1fl693061105q_nonmmmf_ts__lag003,1.0,0.076083,0.095935,0.17201784
m__businv_businv__lag002,0.429467,0.024663,0.37576,0.17196852
d__bamlcc0a1aaatriv_aaa_index__lag003,0.470219,0.271695,0.093468,0.17170699
d__bamlcc0a1aaatriv_aaa_index__lag004,0.470219,0.271565,0.093409,0.171618
d__stlfsi4_stlfed_fin_stress_idx__lag053,0.404389,0.097127,0.326994,0.17150945
d__ldgust_tga_fed_alt__lag076,1.0,0.088371,0.083124,0.17149557
m__businv_businv__lag004,0.426332,0.027265,0.374572,0.17131586
d__ldgust_tga_fed_alt__lag082,1.0,0.089027,0.081958,0.17098498
q__bogz1fa663061165q_brokers_dealers_long_ts_tx__lag004,0.984326,0.135339,0.038349,0.17096579
d__bamlcc0a1aaatriv_aaa_index__lag001,0.470219,0.270761,0.092335,0.17073501
q__bogz1fa573061143q_private_db_pension_ts_tx__lag001,0.99373,0.127352,0.044456,0.17073116
q__rowgseq027s_row_agency_flow__lag007,0.974922,0.114495,0.060616,0.17072019
d__bamlcc0a1aaatriv_aaa_index__lag005,0.470219,0.270804,0.092186,0.17068527
q__bogz1fr713061103q_cb_tsy_reval__lag006,0.978056,0.088694,0.085705,0.17057238
q__bogz1fa263061145q_row_priv_tsy_tx__lag002,0.990596,0.063251,0.108825,0.17045808
q__fgtlasq027s_gov_loan_a__lag002,1.0,0.073108,0.097279,0.17038622
d__stlfsi4_stlfed_fin_stress_idx__lag052,0.404389,0.09523,0.32599,0.17033681
q__bogz1fl693061105q_nonmmf_ts__lag006,0.990596,0.081541,0.090403,0.17032753
q__bogz1fl693061105q_nonmmmf_ts__lag006,0.990596,0.081541,0.090403,0.17032753
m__amtmno_amtmno__lag006,0.423197,0.105797,0.296039,0.17005616
q__bogz1fl263061145q_row_priv_tsy__lag006,0.990596,0.021774,0.149815,0.1699752
m__amtmno_amtmno__lag005,0.426332,0.09277,0.305569,0.16982499
q__bogz1fr403061105q_gses_ts_reval__lag002,0.990596,0.009669,0.161642,0.16970012
m__businv_businv__lag003,0.429467,0.025818,0.369285,0.16968353
q__fgla_fgla__lag002,1.0,0.073064,0.096597,0.16966162
q__fgla_fedgov_loans__lag002,1.0,0.073064,0.096597,0.16966162
d__bamlcc0a1aaatriv_aaa_index__lag006,0.470219,0.27035,0.090299,0.16958414
d__stlfsi4_stlfed_fin_stress_idx__lag016,0.404389,0.059396,0.359946,0.16957685
q__rowmmfq027s_row_moneymarketfundshares_flow__lag005,0.981191,0.097035,0.075667,0.1694539
q__bogz1fl693061105q_nonmmf_ts__lag007,0.987461,0.082229,0.089246,0.16932444
q__bogz1fl693061105q_nonmmmf_ts__lag007,0.987461,0.082229,0.089246,0.16932444
d__stlfsi4_stlfed_fin_stress_idx__lag018,0.404389,0.053583,0.3651,0.1693106
q__fbtsaaq027s_dom_fin_sector_tsy__lag003,1.0,0.09981,0.069368,0.16917818
d__bamlcc0a1aaatriv_aaa_index__lag016,0.470219,0.271531,0.088129,0.16911947
q__bogz1fl693061105q_nonmmf_ts__lag005,0.99373,0.077143,0.093013,0.16909
q__bogz1fl693061105q_nonmmmf_ts__lag005,0.99373,0.077143,0.093013,0.16909
q__bogz1lm573061133q_private_dc_pension_ts__lag007,0.987461,0.021569,0.149664,0.16908554
d__stlfsi4_stlfed_fin_stress_idx__lag019,0.404389,0.050669,0.367292,0.1690186
q__bogz1fl343061123q_fed_gov_dcg_retirement_ts__lag006,0.990596,0.002972,0.167617,0.16898475
d__bamlcc0a1aaatriv_aaa_index__lag007,0.470219,0.270869,0.088275,0.16887656
d__bamlcc0a1aaatriv_aaa_index__lag090,0.467085,0.271075,0.090299,0.1687921
q__bogz1fa573061133q_private_dc_pension_ts_tx__lag007,0.974922,0.096602,0.076522,0.16878301
q__rowmmfq027s_row_moneymarketfundshares_flow__lag004,0.984326,0.111336,0.05999,0.1686413
d__stlfsi4_stlfed_fin_stress_idx__lag017,0.404389,0.0558,0.360953,0.16853044
q__bogz1lm103061103q_nfcb_tsy__lag006,0.990596,0.027681,0.142396,0.16847683
d__bamlcc0a1aaatriv_aaa_index__lag089,0.467085,0.269766,0.09053,0.16828896
d__ldgust_tga_fed_alt__lag032,1.0,0.119778,0.048494,0.16827172
d__dexcaus_dexcaus__lag021,0.69279,0.130101,0.112585,0.16813047
d__usepuindxd_policy_uncertainty__lag056,0.517241,0.142496,0.18239,0.16804445
d__ldgust_tga_fed_alt__lag036,1.0,0.116062,0.051901,0.16796275
q__bogz1fl263061145q_row_priv_tsy__lag007,0.987461,0.017689,0.152333,0.16788999
m__businv_businv__lag005,0.426332,0.025955,0.367569,0.16777219
d__ldgust_tga_fed_alt__lag081,1.0,0.086992,0.080737,0.16772926
d__dexcaus_dexcaus__lag028,0.69279,0.123566,0.11844,0.16765955
m__bogmbase_mb__lag009,0.836991,0.059297,0.140897,0.16756116
d__bamlcc0a1aaatriv_aaa_index__lag008,0.470219,0.271637,0.08462,0.16751889
m__mtso133fms_fedgov_out__lag001,0.570533,0.188257,0.105313,0.16749175
d__ldgust_tga_fed_alt__lag077,1.0,0.087205,0.080286,0.16749042
d__vixcls_vixcls__lag013,0.454545,0.16788,0.200299,0.16735404
d__dexcaus_dexcaus__lag027,0.69279,0.122259,0.119185,0.16726983
d__dexcaus_dexcaus__lag025,0.69279,0.123486,0.117954,0.16726705
q__cbi_cbi__lag007,0.971787,0.016148,0.155938,0.1672301
d__dexcaus_dexcaus__lag029,0.69279,0.120501,0.12082,0.16718467
q__bogz1fa263061110q_row_bills_tx__lag005,0.981191,0.097859,0.072504,0.16715907
d__dexcaus_dexcaus__lag026,0.69279,0.120685,0.120591,0.16715369
q__bogz1fr763061100q_usb_tsy_oth_reval__lag006,0.978056,0.12177,0.049057,0.16707821
d__dexcaus_dexcaus__lag024,0.69279,0.126547,0.114476,0.16697797
d__bamlcc0a1aaatriv_aaa_index__lag087,0.467085,0.269611,0.08771,0.16689924
d__usepuindxd_policy_uncertainty__lag085,0.517241,0.25973,0.0629,0.16687749
d__vixcls_vixcls__lag016,0.454545,0.130885,0.235856,0.16670033
d__bamlcc0a1aaatriv_aaa_index__lag015,0.470219,0.269897,0.084277,0.1665393
d__bamlcc0a1aaatriv_aaa_index__lag088,0.467085,0.267497,0.089006,0.16651726
d__stlfsi4_stlfed_fin_stress_idx__lag040,0.404389,0.110915,0.300768,0.16648015
d__dexcaus_dexcaus__lag022,0.69279,0.127203,0.113034,0.16643423
d__ldgust_tga_fed_alt__lag035,1.0,0.116819,0.049596,0.16641494
q__rowmmfq027s_row_moneymarketfundshares_flow__lag002,0.990596,0.140428,0.027526,0.16637439
d__bamlcc0a1aaatriv_aaa_index__lag009,0.470219,0.27077,0.082886,0.16629591
m__amtmno_amtmno__lag008,0.423197,0.125946,0.266988,0.16628889
d__bamlcc0a1aaatriv_aaa_index__lag042,0.467085,0.278975,0.076822,0.16618731
d__vixcls_vixcls__lag062,0.454545,0.330907,0.03463,0.16615334
d__dexcaus_dexcaus__lag017,0.69279,0.127972,0.111801,0.16611229
q__bogz1fa343061105q_fed_gov_retirement_ts_tx__lag006,0.978056,0.133248,0.036474,0.16599717
d__stlfsi4_stlfed_fin_stress_idx__lag051,0.404389,0.085499,0.324596,0.16583794
d__bamlcc0a1aaatriv_aaa_index__lag041,0.467085,0.278169,0.07687,0.16583298
d__bamlcc0a1aaatriv_aaa_index__lag040,0.467085,0.278641,0.076232,0.16575587
q__tgdef_net_gov_sav__lag006,0.974922,0.092415,0.077548,0.16570119
q__bogz1lm903061103q_instrument_discrepancies_ts__lag007,0.987461,0.01811,0.149623,0.16562961
m__totresns_res__lag005,0.840125,0.100516,0.09662,0.16561938
d__bamlcc0a1aaatriv_aaa_index__lag011,0.470219,0.272757,0.079294,0.16554153
d__stlfsi4_stlfed_fin_stress_idx__lag041,0.404389,0.111131,0.297986,0.16544222
d__bamlcc0a1aaatriv_aaa_index__lag077,0.467085,0.26996,0.084224,0.16543387
d__stlfsi4_stlfed_fin_stress_idx__lag061,0.404389,0.121352,0.287574,0.16536498
d__bamlcc0a1aaatriv_aaa_index__lag033,0.467085,0.27729,0.076478,0.16523942
q__bogz1fa543461113q_li_bills_tx__lag007,0.974922,0.093619,0.075826,0.16519507
d__vixcls_vixcls__lag005,0.454545,0.114887,0.248363,0.16511347
d__usepuindxd_policy_uncertainty__lag040,0.517241,0.221949,0.097227,0.16509089
d__bamlcc0a1aaatriv_aaa_index__lag039,0.467085,0.278437,0.074803,0.1649932
d__bamlcc0a1aaatriv_aaa_index__lag075,0.467085,0.269196,0.083966,0.16495643
d__bamlcc0a1aaatriv_aaa_index__lag057,0.467085,0.271983,0.081123,0.16493054
d__bamlcc0a1aaatriv_aaa_index__lag010,0.470219,0.271406,0.079326,0.16492099
m__usalolitoaastsam_oecd_leading_indicator_us__lag001,0.893417,0.087077,0.097471,0.16487804
d__bamlcc0a1aaatriv_aaa_index__lag037,0.467085,0.277803,0.075157,0.16486242
m__mtso133fms_fedgov_out__lag011,0.561129,0.121473,0.172273,0.16482907
q__bogz1lm103061103q_nfcb_tsy__lag007,0.987461,0.015442,0.151461,0.16480993
d__dexcaus_dexcaus__lag019,0.69279,0.122625,0.115251,0.16479858
d__bamlcc0a1aaatriv_aaa_index__lag066,0.467085,0.268054,0.084572,0.16470639
d__bamlcc0a1aaatriv_aaa_index__lag086,0.467085,0.267331,0.085295,0.16470618
m__businv_businv__lag006,0.426332,0.024781,0.361489,0.16467909
d__bamlcc0a1aaatriv_aaa_index__lag036,0.467085,0.277221,0.075296,0.16465531
d__stlfsi4_stlfed_fin_stress_idx__lag050,0.404389,0.079109,0.327991,0.16462661
d__dexcaus_dexcaus__lag020,0.69279,0.123973,0.113633,0.16461104
d__dexcaus_dexcaus__lag031,0.69279,0.11674,0.120844,0.16459593
d__bamlcc0a1aaatriv_aaa_index__lag076,0.467085,0.268384,0.083976,0.16458177
d__bamlcc0a1aaatriv_aaa_index__lag013,0.470219,0.271075,0.078853,0.16454307
d__bamlcc0a1aaatriv_aaa_index__lag014,0.470219,0.270218,0.079691,0.16453403
d__bamlcc0a1aaatriv_aaa_index__lag074,0.467085,0.269847,0.082377,0.1645187
d__bamlcc0a1aaatriv_aaa_index__lag034,0.467085,0.27719,0.07503,0.16451678
d__bamlcc0a1aaatriv_aaa_index__lag038,0.467085,0.277387,0.074673,0.16444179
d__dexcaus_dexcaus__lag030,0.69279,0.119841,0.117465,0.16440339
d__bamlcc0a1aaatriv_aaa_index__lag012,0.470219,0.271059,0.078497,0.16436846
d__bamlcc0a1aaatriv_aaa_index__lag078,0.467085,0.266853,0.08497,0.16433102
q__bogz1fa343061123q_fed_gov_dcg_retirement_ts_tx__lag001,0.99373,0.149413,0.015935,0.16431131
d__bamlcc0a1aaatriv_aaa_index__lag085,0.467085,0.267673,0.084007,0.16426431
d__bamlcc0a1aaatriv_aaa_index__lag084,0.467085,0.268297,0.083297,0.16422433
d__bamlcc0a1aaatriv_aaa_index__lag043,0.467085,0.275836,0.075581,0.16414154
q__bogz1fa473061105q_credit_unions_ts_tx__lag008,0.971787,0.128676,0.040117,0.164031
d__bamlcc0a1aaatriv_aaa_index__lag058,0.467085,0.26876,0.082292,0.16397084
d__bamlcc0a1aaatriv_aaa_index__lag082,0.467085,0.26672,0.084328,0.16396909
d__bamlcc0a1aaatriv_aaa_index__lag056,0.467085,0.272046,0.078919,0.16393048
d__bamlcc0a1aaatriv_aaa_index__lag071,0.467085,0.269933,0.080752,0.16379943
m__businv_businv__lag007,0.423197,0.025173,0.361835,0.16378102
d__bamlcc0a1aaatriv_aaa_index__lag083,0.467085,0.266237,0.084324,0.16374133
d__usepuindxd_policy_uncertainty__lag046,0.517241,0.229742,0.086709,0.16368186
d__bamlcc0a1aaatriv_aaa_index__lag070,0.467085,0.269629,0.080716,0.16364063
d__bamlcc0a1aaatriv_aaa_index__lag072,0.467085,0.268794,0.081527,0.1636295
d__bamlcc0a1aaatriv_aaa_index__lag023,0.467085,0.270678,0.079633,0.16362484
d__dexcaus_dexcaus__lag018,0.69279,0.123254,0.112842,0.16356495
d__bamlcc0a1aaatriv_aaa_index__lag079,0.467085,0.265414,0.084666,0.16351734
d__bamlcc0a1aaatriv_aaa_index__lag035,0.467085,0.274663,0.075386,0.16350252
d__bamlcc0a1aaatriv_aaa_index__lag081,0.467085,0.26663,0.083415,0.1635007
d__bamlcc0a1aaatriv_aaa_index__lag069,0.467085,0.269321,0.080718,0.16349777
d__bamlcc0a1aaatriv_aaa_index__lag024,0.467085,0.270182,0.079745,0.1634455
d__bamlcc0a1aaatriv_aaa_index__lag073,0.467085,0.269077,0.080672,0.16336242
d__bamlcc0a1aaatriv_aaa_index__lag021,0.467085,0.273812,0.07567,0.16323744
d__vixcls_vixcls__lag007,0.454545,0.119022,0.240077,0.1632268
d__bamlcc0a1aaatriv_aaa_index__lag018,0.467085,0.274701,0.074742,0.16321966
q__bogz1fa263061110q_row_bills_tx__lag003,0.987461,0.152231,0.013027,0.16318589
d__bamlcc0a1aaatriv_aaa_index__lag022,0.467085,0.272951,0.076367,0.163161
d__bamlcc0a1aaatriv_aaa_index__lag080,0.467085,0.264902,0.084404,0.16315563
d__bamlcc0a1aaatriv_aaa_index__lag044,0.467085,0.274431,0.074763,0.16310309
d__bamlcc0a1aaatriv_aaa_index__lag065,0.467085,0.266956,0.082228,0.16309842
d__ldgust_tga_fed_alt__lag034,1.0,0.115439,0.047552,0.16299142
d__dexcaus_dexcaus__lag016,0.69279,0.122968,0.112287,0.16298239
d__bamlcc0a1aaatriv_aaa_index__lag045,0.467085,0.273362,0.075521,0.16295777
d__bamlcc0a1aaatriv_aaa_index__lag067,0.467085,0.266494,0.082382,0.16295472
d__bamlcc0a1aaatriv_aaa_index__lag032,0.467085,0.273916,0.074957,0.16295335
d__bamlcc0a1aaatriv_aaa_index__lag054,0.467085,0.270696,0.078164,0.16294708
d__dexcaus_dexcaus__lag035,0.69279,0.115834,0.119361,0.16294063
d__bamlcc0a1aaatriv_aaa_index__lag068,0.467085,0.268108,0.080651,0.1628996
d__bamlcc0a1aaatriv_aaa_index__lag029,0.467085,0.273729,0.074933,0.1628548
q__bogz1fl713123030q_tga__lag008,0.984326,0.050532,0.114642,0.16258566
q__bogz1fl713123030q_tga_z1__lag008,0.984326,0.050532,0.114642,0.16258566
d__dexcaus_dexcaus__lag023,0.69279,0.121219,0.113462,0.16258454
d__vixcls_vixcls__lag012,0.454545,0.165467,0.192069,0.16251648
d__bamlcc0a1aaatriv_aaa_index__lag019,0.467085,0.27145,0.076364,0.16245863
d__ldgust_tga_fed_alt__lag080,1.0,0.082155,0.08027,0.16242543
d__usepuindxd_policy_uncertainty__lag008,0.517241,0.124996,0.188982,0.16240249
d__bamlcc0a1aaatriv_aaa_index__lag025,0.467085,0.269699,0.077968,0.16238986
d__bamlcc0a1aaatriv_aaa_index__lag030,0.467085,0.271996,0.07558,0.16234713
d__vixcls_vixcls__lag008,0.454545,0.127397,0.229756,0.16234202
d__bamlcc0a1aaatriv_aaa_index__lag055,0.467085,0.269304,0.078257,0.1623405
d__bamlcc0a1aaatriv_aaa_index__lag046,0.467085,0.270483,0.076766,0.16219488
d__stlfsi4_stlfed_fin_stress_idx__lag071,0.404389,0.113424,0.287628,0.16218071
d__bamlcc0a1aaatriv_aaa_index__lag020,0.467085,0.271965,0.075036,0.1620786
d__vixcls_vixcls__lag064,0.454545,0.297537,0.058928,0.16202937
d__ldgust_tga_fed_alt__lag078,1.0,0.086622,0.075394,0.16201651
d__bamlcc0a1aaatriv_aaa_index__lag048,0.467085,0.270344,0.076323,0.16192273
d__bamlcc0a1aaatriv_aaa_index__lag061,0.467085,0.265359,0.08128,0.16190994
d__dexcaus_dexcaus__lag037,0.69279,0.112984,0.120704,0.16189721
d__stlfsi4_stlfed_fin_stress_idx__lag069,0.404389,0.116805,0.283538,0.16189412
d__stlfsi4_stlfed_fin_stress_idx__lag042,0.404389,0.094922,0.305406,0.16188805
d__bamlcc0a1aaatriv_aaa_index__lag017,0.467085,0.271791,0.074752,0.16186521
d__bamlcc0a1aaatriv_aaa_index__lag064,0.467085,0.263455,0.083037,0.1618409
d__bamlcc0a1aaatriv_aaa_index__lag060,0.467085,0.265202,0.081128,0.16176527
d__dexcaus_dexcaus__lag036,0.69279,0.113869,0.119221,0.16148255
q__bogz1fr563061103q_etfs_ts_reval__lag006,0.978056,0.075174,0.089912,0.16146355
d__vixcls_vixcls__lag060,0.454545,0.323035,0.032172,0.16145784
d__usepuindxd_policy_uncertainty__lag003,0.517241,0.207549,0.104548,0.1614295
d__dexcaus_dexcaus__lag015,0.69279,0.120822,0.112171,0.16141507
d__bamlcc0a1aaatriv_aaa_index__lag031,0.467085,0.270428,0.074867,0.16128231
q__bogz1fr753061103q_usb_tsy_for_reval__lag001,0.99373,0.095214,0.067045,0.1612414
d__dexcaus_dexcaus__lag034,0.69279,0.1141,0.118591,0.161206
d__dexcaus_dexcaus__lag038,0.69279,0.113354,0.11933,0.16120091
d__bamlcc0a1aaatriv_aaa_index__lag062,0.467085,0.264171,0.080883,0.16116901
d__bamlcc0a1aaatriv_aaa_index__lag059,0.467085,0.263742,0.081241,0.16113618
d__bamlcc0a1aaatriv_aaa_index__lag047,0.467085,0.268285,0.076519,0.16105305
d__bamlcc0a1aaatriv_aaa_index__lag049,0.467085,0.268091,0.07668,0.16103698
m__amtmno_amtmno__lag010,0.420063,0.120732,0.262526,0.16099233
d__bamlcc0a1aaatriv_aaa_index__lag063,0.467085,0.262713,0.081862,0.16094542
d__vixcls_vixcls__lag006,0.454545,0.112663,0.241314,0.16089844
q__bogz1lm213061103q_state_local_gov_ts__lag003,1.0,0.051575,0.109286,0.16086062
d__stlfsi4_stlfed_fin_stress_idx__lag070,0.404389,0.11801,0.279761,0.16085399
d__ldgust_tga_fed_alt__lag033,1.0,0.114469,0.046354,0.16082219
d__vixcls_vixcls__lag010,0.454545,0.158713,0.19497,0.16076498
d__bamlcc0a1aaatriv_aaa_index__lag026,0.467085,0.267354,0.076658,0.16068262
q__bogz1fa383061105q_dom_nonfin_sector_tsy_tx__lag006,0.978056,0.086756,0.077204,0.16036279
d__bamlcc0a1aaatriv_aaa_index__lag053,0.467085,0.266033,0.07717,0.1603047
d__stlfsi4_stlfed_fin_stress_idx__lag026,0.404389,0.072695,0.32343,0.1601885
d__ldgust_tga_fed_alt__lag079,1.0,0.083937,0.076167,0.16010389
d__dexcaus_dexcaus__lag032,0.69279,0.112503,0.11852,0.16005072
d__bamlcc0a1aaatriv_aaa_index__lag028,0.467085,0.267804,0.074848,0.16004792
q__bogz1fr473061105q_credit_unions_ts_reval__lag006,0.978056,0.091549,0.072047,0.16000588
q__hnotsbq027s_hhnp_tsy_tx__lag004,0.984326,0.076385,0.08612,0.15995778
d__bamlcc0a1aaatriv_aaa_index__lag050,0.467085,0.266286,0.076051,0.15990058
d__bamlcc0a1aaatriv_aaa_index__lag027,0.467085,0.267063,0.074807,0.15968243
d__bamlcc0a1aaatriv_aaa_index__lag052,0.467085,0.264238,0.077614,0.15967409
q__bogz1fa633061105q_money_market_funds_ts_tx__lag007,0.974922,0.031851,0.131823,0.15956941
q__bogz1lm473061105q_credit_unions_ts__lag008,0.984326,0.017899,0.144142,0.15950174
q__bogz1lm473061105q_credit_unions_ts_tx__lag008,0.984326,0.017899,0.144142,0.15950174
m__businv_businv__lag008,0.423197,0.021196,0.355484,0.1594101
d__dexcaus_dexcaus__lag008,0.69279,0.111647,0.118375,0.15935643
d__bamlcc0a1aaatriv_aaa_index__lag051,0.467085,0.263445,0.077405,0.15920606
d__stlfsi4_stlfed_fin_stress_idx__lag014,0.404389,0.047207,0.346423,0.15917919
d__stlfsi4_stlfed_fin_stress_idx__lag037,0.404389,0.104372,0.289101,0.15911605
d__stlfsi4_stlfed_fin_stress_idx__lag046,0.404389,0.058279,0.33491,0.1590013
d__usepuindxd_policy_uncertainty__lag088,0.517241,0.246447,0.060571,0.15880249
d__stlfsi4_stlfed_fin_stress_idx__lag038,0.404389,0.102437,0.290243,0.1587954
d__dexcaus_dexcaus__lag033,0.69279,0.111021,0.117961,0.15863682
d__stlfsi4_stlfed_fin_stress_idx__lag089,0.404389,0.12875,0.263399,0.15858084
q__bogz1fa263061145q_row_priv_tsy_tx__lag003,0.987461,0.093774,0.066791,0.15855202
d__usepuindxd_policy_uncertainty__lag068,0.517241,0.219292,0.087181,0.15852056
d__stlfsi4_stlfed_fin_stress_idx__lag039,0.404389,0.098828,0.292876,0.15840037
q__bogz1fa263061145q_row_priv_tsy_tx__lag006,0.978056,0.021908,0.140017,0.15837143
d__stlfsi4_stlfed_fin_stress_idx__lag065,0.404389,0.116733,0.274536,0.15822478
d__stlfsi4_stlfed_fin_stress_idx__lag067,0.404389,0.119255,0.271748,0.1581172
d__vixcls_vixcls__lag061,0.454545,0.318365,0.029429,0.1580884
q__bogz1fl713061103q_fed_tsy__lag002,1.0,0.103004,0.055025,0.15802869
q__bogz1fl713061103q_fed_tsy_raw__lag002,1.0,0.103004,0.055025,0.15802869
q__bogz1fl713061103q_cb_tsy__lag002,1.0,0.103004,0.055025,0.15802869
q__bogz1fa763061100q_usb_tsy_oth_tx__lag008,0.971787,0.040879,0.121724,0.15801519
d__stlfsi4_stlfed_fin_stress_idx__lag068,0.404389,0.12276,0.26754,0.15783305
q__bogz1lm663061105q_brokers_dealers_ts__lag008,0.984326,0.115571,0.044678,0.15773745
d__vixcls_vixcls__lag009,0.454545,0.138075,0.208805,0.15767297
q__bogz1fa713068703q_fed_dw_tx__lag004,0.984326,0.104051,0.055985,0.15752738
d__stlfsi4_stlfed_fin_stress_idx__lag066,0.404389,0.118655,0.270789,0.15748685
q__bogz1fa653061105q_mutual_funds_ts_tx__lag006,0.978056,0.087418,0.07359,0.15747468
q__bogz1lm473061105q_credit_unions_ts__lag007,0.987461,0.025981,0.133419,0.15740065
q__bogz1lm473061105q_credit_unions_ts_tx__lag007,0.987461,0.025981,0.133419,0.15740065
d__stlfsi4_stlfed_fin_stress_idx__lag085,0.404389,0.119134,0.269928,0.15733236
q__fgtlasq027s_gov_loan_a__lag003,1.0,0.061843,0.094648,0.156491
q__bogz1fa543461113q_li_bills_tx__lag005,0.981191,0.058835,0.100566,0.15640205
d__stlfsi4_stlfed_fin_stress_idx__lag062,0.404389,0.128097,0.258628,0.1563872
d__stlfsi4_stlfed_fin_stress_idx__lag025,0.404389,0.063344,0.323161,0.15629841
d__dexcaus_dexcaus__lag014,0.69279,0.111774,0.11368,0.15619245
m__businv_businv__lag010,0.420063,0.012357,0.359252,0.15609921
q__bogz1fl693061105q_nonmmf_ts__lag008,0.984326,0.071456,0.086946,0.15591974
q__bogz1fl693061105q_nonmmmf_ts__lag008,0.984326,0.071456,0.086946,0.15591974
d__vixcls_vixcls__lag063,0.454545,0.299766,0.0432,0.15589352
d__dexcaus_dexcaus__lag051,0.69279,0.117336,0.107677,0.15588713
d__dexcaus_dexcaus__lag040,0.69279,0.105042,0.119904,0.1558409
d__dexcaus_dexcaus__lag039,0.69279,0.103138,0.121795,0.15583134
d__stlfsi4_stlfed_fin_stress_idx__lag086,0.404389,0.119184,0.266085,0.15579812
d__stlfsi4_stlfed_fin_stress_idx__lag072,0.404389,0.107307,0.277724,0.15570212
d__stlfsi4_stlfed_fin_stress_idx__lag043,0.404389,0.068739,0.316184,0.15565836
q__fgla_fgla__lag003,1.0,0.061973,0.093658,0.15563163
q__fgla_fedgov_loans__lag003,1.0,0.061973,0.093658,0.15563163
d__usepuindxd_policy_uncertainty__lag071,0.517241,0.167344,0.133335,0.15552361
d__vixcls_vixcls__lag020,0.454545,0.134211,0.207871,0.15549192
d__dexcaus_dexcaus__lag053,0.69279,0.116397,0.107995,0.15545588
d__dexcaus_dexcaus__lag052,0.69279,0.116481,0.107705,0.15531414
q__bogz1fl763061100q_usb_tsy_oth__lag006,0.990596,0.075879,0.08081,0.1552145
d__dexcaus_dexcaus__lag041,0.69279,0.104737,0.119175,0.15512398
d__dexcaus_dexcaus__lag009,0.69279,0.106132,0.117676,0.15505149
q__bogz1fl763061100q_usb_tsy_oth__lag005,0.99373,0.065184,0.090833,0.15503929
d__dexcaus_dexcaus__lag007,0.69279,0.108152,0.115508,0.15494933
m__neworder_neworder__lag003,0.426332,0.096247,0.267091,0.15490297
d__dexcaus_dexcaus__lag013,0.69279,0.107553,0.115968,0.15485304
d__dexcaus_dexcaus__lag054,0.69279,0.114725,0.108734,0.15481042
q__bogz1fl263061145q_row_priv_tsy__lag008,0.984326,0.003964,0.153273,0.15477301
d__stlfsi4_stlfed_fin_stress_idx__lag078,0.404389,0.099537,0.283099,0.15473359
d__stlfsi4_stlfed_fin_stress_idx__lag013,0.404389,0.034543,0.347956,0.15467845
m__businv_businv__lag009,0.423197,0.015121,0.350375,0.15467699
d__stlfsi4_stlfed_fin_stress_idx__lag015,0.404389,0.042118,0.340298,0.15464476
d__vixcls_vixcls__lag015,0.454545,0.137609,0.202559,0.15462188
q__bogz1fa343061123q_fed_gov_dcg_retirement_ts_tx__lag006,0.978056,0.110722,0.047259,0.15451473
d__stlfsi4_stlfed_fin_stress_idx__lag031,0.404389,0.07327,0.308712,0.15446935
d__stlfsi4_stlfed_fin_stress_idx__lag076,0.404389,0.101745,0.27997,0.1543611
q__bogz1fa343061123q_fed_gov_dcg_retirement_ts_tx__lag004,0.984326,0.11496,0.041845,0.1543466
q__bogz1fl713061103q_fed_tsy__lag005,0.99373,0.089674,0.065609,0.15430938
q__bogz1fl713061103q_fed_tsy_raw__lag005,0.99373,0.089674,0.065609,0.15430938
q__bogz1fl713061103q_cb_tsy__lag005,0.99373,0.089674,0.065609,0.15430938
d__stlfsi4_stlfed_fin_stress_idx__lag044,0.404389,0.059077,0.322348,0.15424378
d__stlfsi4_stlfed_fin_stress_idx__lag064,0.404389,0.109819,0.271365,0.1541465
d__usepuindxd_policy_uncertainty__lag015,0.517241,0.123094,0.174847,0.15410751
d__stlfsi4_stlfed_fin_stress_idx__lag033,0.404389,0.074616,0.306328,0.15404952
d__usepuindxd_policy_uncertainty__lag022,0.517241,0.205839,0.091973,0.15404048
d__dexcaus_dexcaus__lag001,0.69279,0.107625,0.114663,0.15399856
d__stlfsi4_stlfed_fin_stress_idx__lag048,0.404389,0.045419,0.335313,0.15396381
d__stlfsi4_stlfed_fin_stress_idx__lag020,0.404389,0.053333,0.327301,0.15392387
d__stlfsi4_stlfed_fin_stress_idx__lag024,0.404389,0.062015,0.318365,0.15382142
d__dexcaus_dexcaus__lag006,0.69279,0.108535,0.113471,0.15380294
d__dexcaus_dexcaus__lag004,0.69279,0.107998,0.113989,0.15379034
d__stlfsi4_stlfed_fin_stress_idx__lag074,0.404389,0.102695,0.276928,0.15351517
d__stlfsi4_stlfed_fin_stress_idx__lag073,0.404389,0.103754,0.275663,0.15343223
d__usepuindxd_policy_uncertainty__lag089,0.517241,0.159689,0.136906,0.15341081
d__dexcaus_dexcaus__lag005,0.69279,0.107465,0.113964,0.15340388
d__stlfsi4_stlfed_fin_stress_idx__lag028,0.404389,0.067059,0.312161,0.15335231
q__bogz1fr343061165q_fed_gov_db_retirement_ts_reval__lag002,0.990596,0.078579,0.076159,0.15328288
d__usepuindxd_policy_uncertainty__lag011,0.517241,0.165328,0.130931,0.15323768
d__stlfsi4_stlfed_fin_stress_idx__lag045,0.404389,0.054002,0.324788,0.15317856
d__stlfsi4_stlfed_fin_stress_idx__lag030,0.404389,0.063429,0.315165,0.15309915
d__stlfsi4_stlfed_fin_stress_idx__lag049,0.404389,0.050776,0.327714,0.15305694
d__stlfsi4_stlfed_fin_stress_idx__lag063,0.404389,0.123845,0.254364,0.15294349
d__usepuindxd_policy_uncertainty__lag045,0.517241,0.206296,0.08935,0.15292041
q__bogz1fa543061175q_life_insurance_ts_tx__lag007,0.974922,0.124185,0.032575,0.15282868
d__stlfsi4_stlfed_fin_stress_idx__lag077,0.404389,0.102328,0.275105,0.15262968
q__bogz1fa263061145q_row_priv_tsy_tx__lag007,0.974922,0.011606,0.144923,0.15260317
d__dexcaus_dexcaus__lag042,0.69279,0.103578,0.116527,0.15248687
d__dexcaus_dexcaus__lag012,0.69279,0.106389,0.113654,0.15244372
d__dexcaus_dexcaus__lag003,0.69279,0.107859,0.112105,0.15238908
d__stlfsi4_stlfed_fin_stress_idx__lag087,0.404389,0.118543,0.258171,0.15233908
m__businv_businv__lag011,0.420063,0.007377,0.35527,0.15233472
d__stlfsi4_stlfed_fin_stress_idx__lag032,0.404389,0.071706,0.304746,0.15223294
d__stlfsi4_stlfed_fin_stress_idx__lag027,0.404389,0.06975,0.306657,0.15221472
q__bogz1fa313161305q_gov_nonmarketable_ts_tx__lag008,0.971787,0.120685,0.035866,0.15213373
q__drtscilm_loan_tight__lag003,0.442006,0.244533,0.09965,0.15213073
d__stlfsi4_stlfed_fin_stress_idx__lag047,0.404389,0.046214,0.329806,0.15205825
q__fbtsaaq027s_dom_fin_sector_tsy__lag008,0.984326,0.051655,0.102797,0.15203049
d__vixcls_vixcls__lag059,0.454545,0.311044,0.02329,0.15197029
d__stlfsi4_stlfed_fin_stress_idx__lag022,0.404389,0.051487,0.324176,0.15191382
d__dexcaus_dexcaus__lag044,0.69279,0.110768,0.108361,0.15181022
q__bogz1fr103061103q_nfcb_tsy_reval__lag006,0.978056,0.09162,0.06357,0.15178496
d__stlfsi4_stlfed_fin_stress_idx__lag029,0.404389,0.072476,0.302778,0.15174854
d__usepuindxd_policy_uncertainty__lag067,0.517241,0.220687,0.072607,0.15170358
d__stlfsi4_stlfed_fin_stress_idx__lag090,0.404389,0.140293,0.234451,0.15154207
d__stlfsi4_stlfed_fin_stress_idx__lag084,0.404389,0.108568,0.265969,0.15145873
d__usepuindxd_policy_uncertainty__lag024,0.517241,0.235181,0.057335,0.15130101
d__dexcaus_dexcaus__lag010,0.69279,0.102593,0.115779,0.15128615
m__recprousm156n_recprob__lag002,0.736677,0.05115,0.154209,0.15128368
q__bogz1fa593061105q_pension_ts_tx__lag003,0.987461,0.086333,0.066856,0.151268
d__stlfsi4_stlfed_fin_stress_idx__lag088,0.404389,0.112724,0.261308,0.15125466
d__stlfsi4_stlfed_fin_stress_idx__lag036,0.404389,0.094883,0.278915,0.15115944
d__stlfsi4_stlfed_fin_stress_idx__lag021,0.404389,0.051397,0.322324,0.1511286
q__bogz1fa593061105q_pension_ts_tx__lag007,0.974922,0.062946,0.091998,0.15105757
q__bogz1fa503061123q_ccps_ts_tx__lag003,0.987461,0.035637,0.117283,0.15100263
d__dexcaus_dexcaus__lag050,0.69279,0.110038,0.107876,0.15096908
q__bogz1fl073164013q_dj_index__lag008,0.670846,0.016904,0.208003,0.15087817
d__vixcls_vixcls__lag023,0.454545,0.162486,0.169366,0.15084171
d__usepuindxd_policy_uncertainty__lag084,0.517241,0.139727,0.151842,0.15081127
d__dexcaus_dexcaus__lag049,0.69279,0.107173,0.110315,0.15067323
d__dexcaus_dexcaus__lag043,0.69279,0.10648,0.110939,0.15062596
d__stlfsi4_stlfed_fin_stress_idx__lag023,0.404389,0.061547,0.310664,0.15051806
d__dexcaus_dexcaus__lag011,0.69279,0.103181,0.114038,0.15048766
q__bogz1fl712151003q_fed_repo__lag008,0.984326,0.088798,0.063915,0.1503198
q__bogz1fa503061123q_ccps_ts_tx__lag005,0.981191,0.11966,0.033486,0.15026528
q__bogz1fa653061105q_mutual_funds_ts_tx__lag008,0.971787,0.075854,0.078651,0.15014548
d__dexcaus_dexcaus__lag002,0.69279,0.102966,0.113738,0.15013043
q__bogz1fl073164013q_dj_index__lag005,0.680251,0.040118,0.180493,0.1500704
d__vixcls_vixcls__lag022,0.454545,0.152107,0.177877,0.14999263
q__drtscilm_loan_tight__lag002,0.445141,0.250687,0.085983,0.1498655
d__dexcaus_dexcaus__lag047,0.69279,0.106363,0.10995,0.14985969
d__dexcaus_dexcaus__lag048,0.69279,0.104479,0.111827,0.14985483
q__bogz1lm573061133q_private_dc_pension_ts__lag008,0.984326,0.000775,0.151186,0.14957953
q__bogz1fl073164013q_dj_index__lag001,0.69279,0.051077,0.164659,0.14945978
d__usepuindxd_policy_uncertainty__lag026,0.517241,0.195018,0.093841,0.14940966
d__stlfsi4_stlfed_fin_stress_idx__lag075,0.404389,0.093326,0.276031,0.14936397
d__stlfsi4_stlfed_fin_stress_idx__lag082,0.404389,0.093547,0.275657,0.14930194
q__bogz1fa563061103q_etfs_ts_tx__lag003,0.987461,0.112107,0.039078,0.1492901
d__stlfsi4_stlfed_fin_stress_idx__lag083,0.404389,0.104771,0.264236,0.14922235
m__amtmno_amtmno__lag012,0.416928,0.115163,0.242427,0.14908944
q__bogz1fr383061105q_dom_nonfin_sector_tsy_reval__lag001,0.99373,0.093599,0.05604,0.14870099
m__businv_businv__lag012,0.420063,0.000567,0.35328,0.14863802
q__rownblq027s_row_nonfinbusinessloans_flow__lag001,0.99373,0.030418,0.118713,0.14819521
d__dexcaus_dexcaus__lag055,0.69279,0.108897,0.104359,0.14774188
d__dexcaus_dexcaus__lag046,0.69279,0.104989,0.108236,0.14772028
m__totresns_res__lag006,0.840125,0.079805,0.095636,0.14739217
d__stlfsi4_stlfed_fin_stress_idx__lag080,0.404389,0.093709,0.270612,0.14732715
q__bogz1fa543461113q_li_bills_tx__lag003,0.987461,0.050459,0.09859,0.14717969
q__bogz1fa653061113q_mutf_bills_tx__lag005,0.981191,0.089998,0.059838,0.14701716
q__bogz1fl313024000q_tres_oper_cash__lag007,0.987461,0.051896,0.096977,0.14700659
d__stlfsi4_stlfed_fin_stress_idx__lag035,0.404389,0.086536,0.276988,0.14700492
d__dexcaus_dexcaus__lag045,0.69279,0.104177,0.107975,0.1469765
q__bogz1fa383061105q_dom_nonfin_sector_tsy_tx__lag007,0.974922,0.087174,0.063573,0.14696715
m__mtsr133fms_fedgov_rcpt__lag004,0.567398,0.009634,0.249265,0.14689913
q__bogz1fa563061103q_etfs_ts_tx__lag005,0.981191,0.088746,0.060915,0.14684591
d__stlfsi4_stlfed_fin_stress_idx__lag081,0.404389,0.090661,0.272464,0.14684378
d__stlfsi4_stlfed_fin_stress_idx__lag079,0.404389,0.092224,0.27084,0.14681871
d__stlfsi4_stlfed_fin_stress_idx__lag034,0.404389,0.080431,0.281916,0.14652902
d__dexcaus_dexcaus__lag069,0.69279,0.095651,0.115323,0.14616076
q__bogz1fl313024000q_tres_oper_cash__lag006,0.990596,0.00324,0.144149,0.14600251
q__bogz1fr383061105q_dom_nonfin_sector_tsy_reval__lag006,0.978056,0.066622,0.082555,0.14590314
q__bogz1fa343061123q_fed_gov_dcg_retirement_ts_tx__lag002,0.990596,0.059434,0.087761,0.145811
m__amtmno_amtmno__lag011,0.420063,0.101668,0.244856,0.14556184
q__bogz1fa503061123q_ccps_ts_tx__lag004,0.984326,0.064236,0.083414,0.14533572
d__vixcls_vixcls__lag030,0.454545,0.185685,0.133944,0.14528555
d__dexcaus_dexcaus__lag056,0.69279,0.105414,0.104186,0.14520817
d__usepuindxd_policy_uncertainty__lag062,0.517241,0.137942,0.142486,0.14504925
m__recprousm156n_recprob__lag001,0.739812,0.038501,0.157492,0.14499734
d__dexcaus_dexcaus__lag068,0.69279,0.095172,0.114042,0.14494086
d__vixcls_vixcls__lag021,0.454545,0.140197,0.178524,0.14487287
q__bogz1fl763061100q_usb_tsy_oth__lag002,1.0,0.031064,0.113776,0.14483927
q__bogz1fa513061105q_pc_insurance_ts_tx__lag003,0.987461,0.107667,0.038843,0.1446724
m__recprousm156n_recprob__lag011,0.727273,0.072828,0.125929,0.14455025
q__bogz1lm473061105q_credit_unions_ts__lag005,0.99373,0.029651,0.115566,0.14430697
q__bogz1lm473061105q_credit_unions_ts_tx__lag005,0.99373,0.029651,0.115566,0.14430697
q__hnotsbq027s_hhnp_tsy_tx__lag005,0.981191,0.025938,0.121064,0.14423709
m__ipmine_ipmine__lag012,1.0,0.054912,0.088915,0.14382653
d__dexcaus_dexcaus__lag070,0.69279,0.094552,0.112549,0.14347717
q__bogz1fl073164013q_dj_index__lag006,0.677116,0.014914,0.19698,0.14347701
q__bogz1fa653061105q_mutual_funds_ts_tx__lag002,0.990596,0.081846,0.062866,0.14335087
d__dexcaus_dexcaus__lag057,0.69279,0.107113,0.099497,0.14313777
d__dexcaus_dexcaus__lag083,0.69279,0.105496,0.101112,0.14313557
d__dexcaus_dexcaus__lag071,0.69279,0.094975,0.111371,0.14295475
m__bogmbase_mb__lag010,0.833856,0.036108,0.135216,0.14285965
q__bogz1fr153061105q_hhnp_tsy_reval__lag006,0.978056,0.047952,0.098062,0.14280978
d__dexcaus_dexcaus__lag067,0.69279,0.094027,0.111675,0.14250831
d__vixcls_vixcls__lag058,0.454545,0.25733,0.056066,0.14245257
d__vixcls_vixcls__lag078,0.454545,0.208602,0.104771,0.14244217
q__bogz1fa313161110q_totalbills_z1_tx__lag007,0.974922,0.020516,0.125513,0.14236696
q__bogz1fl073164013q_dj_index__lag007,0.673981,0.009486,0.201596,0.14226572
d__dexcaus_dexcaus__lag082,0.69279,0.105874,0.099374,0.14219415
d__vixcls_vixcls__lag019,0.454545,0.123593,0.18919,0.14217431
d__vixcls_vixcls__lag065,0.454545,0.275113,0.037633,0.14215741
d__vixcls_vixcls__lag029,0.454545,0.188906,0.123616,0.1420553
m__neworder_neworder__lag006,0.423197,0.111783,0.223853,0.14204052
d__dexcaus_dexcaus__lag066,0.69279,0.093576,0.11086,0.14163131
q__bogz1fa383061105q_dom_nonfin_sector_tsy_tx__lag005,0.981191,0.064825,0.079493,0.14160434
q__bogz1fr263061130q_row_gov_tsy_reval__lag006,0.978056,0.081812,0.062927,0.14156267
q__fgtlasq027s_gov_loan_a__lag004,0.996865,0.046408,0.095286,0.14124977
d__dexcaus_dexcaus__lag081,0.69279,0.103505,0.100351,0.14122955
q__bogz1fa673061103q_abs_issuers_ts_tx__lag005,0.981191,0.073903,0.069926,0.14112331
q__bogz1fl313161110q_totalbills_z1__lag007,0.987461,0.010512,0.132137,0.14086026
q__bogz1fa513061105q_pc_insurance_ts_tx__lag004,0.984326,0.115628,0.027451,0.14083581
m__neworder_neworder__lag002,0.429467,0.079485,0.248191,0.14072602
d__dexcaus_dexcaus__lag061,0.69279,0.09665,0.10643,0.14069209
q__bogz1fa563061103q_etfs_ts_tx__lag002,0.990596,0.109822,0.031805,0.14029559
q__bogz1fr553061103q_closed_end_funds_ts_reval__lag002,0.990596,0.037166,0.104425,0.14025955
q__bogz1lm473061105q_credit_unions_ts__lag006,0.990596,0.017317,0.124247,0.14023223
q__bogz1lm473061105q_credit_unions_ts_tx__lag006,0.990596,0.017317,0.124247,0.14023223
q__fgla_fgla__lag004,0.996865,0.046612,0.093953,0.14012383
q__fgla_fedgov_loans__lag004,0.996865,0.046612,0.093953,0.14012383
d__vixcls_vixcls__lag024,0.454545,0.156424,0.151838,0.14011902
d__dexcaus_dexcaus__lag058,0.69279,0.10314,0.099076,0.14009341
d__dexcaus_dexcaus__lag059,0.69279,0.101513,0.100233,0.13976749
q__drtscilm_loan_tight__lag004,0.438871,0.191092,0.127122,0.13965515
q__bogz1fl313161110q_totalbills_z1__lag005,0.99373,0.027359,0.113095,0.13957366
d__dexcaus_dexcaus__lag072,0.69279,0.094982,0.106483,0.13957314
m__neworder_neworder__lag009,0.420063,0.135864,0.196251,0.13950911
d__usepuindxd_policy_uncertainty__lag066,0.517241,0.171661,0.097513,0.13922779
q__bogz1fa633061110q_mmf_bills_tx__lag007,0.974922,0.017086,0.125677,0.13918256
m__totresns_res__lag007,0.836991,0.074418,0.091736,0.13906959
d__vixcls_vixcls__lag045,0.454545,0.187406,0.118538,0.13906536
q__bogz1fa263061110q_row_bills_tx__lag007,0.974922,0.067275,0.075362,0.13905987
d__vixcls_vixcls__lag017,0.454545,0.124317,0.18109,0.13882129
d__usepuindxd_policy_uncertainty__lag047,0.517241,0.185924,0.082451,0.13881478
q__bogz1fa503061123q_ccps_ts_tx__lag001,0.99373,0.03784,0.101597,0.13856333
q__fbtsaaq027s_dom_fin_sector_tsy__lag007,0.987461,0.046959,0.093311,0.13851158
d__dexcaus_dexcaus__lag080,0.69279,0.101532,0.098305,0.13844481
d__dexcaus_dexcaus__lag060,0.69279,0.095406,0.104295,0.13835086
q__bogz1fl513061115q_pci_bills_raw__lag002,1.0,0.020426,0.117795,0.13822079
q__bogz1fl513061115q_pci_bills__lag002,1.0,0.020426,0.117795,0.13822079
d__dexcaus_dexcaus__lag077,0.69279,0.100308,0.099075,0.13813065
d__dexcaus_dexcaus__lag062,0.69279,0.095145,0.104196,0.13810132
q__rowgseq027s_row_agency_flow__lag005,0.981191,0.069204,0.071441,0.13799937
d__dexcaus_dexcaus__lag084,0.69279,0.10411,0.095014,0.13795129
d__dexcaus_dexcaus__lag075,0.69279,0.097883,0.100825,0.13766287
q__bogz1fr263061105q_row_bills_reval__lag001,0.99373,0.053079,0.085293,0.13750483
q__bogz1fr263061105q_row_tsy_reval__lag001,0.99373,0.053079,0.085293,0.13750483
d__usepuindxd_policy_uncertainty__lag012,0.517241,0.115973,0.149797,0.13746736
d__dexcaus_dexcaus__lag076,0.69279,0.097716,0.100445,0.13728379
d__usepuindxd_policy_uncertainty__lag065,0.517241,0.163882,0.101337,0.13718191
d__dexcaus_dexcaus__lag065,0.69279,0.088304,0.109598,0.1371047
d__dexcaus_dexcaus__lag078,0.69279,0.10011,0.097725,0.13705807
d__dexcaus_dexcaus__lag073,0.69279,0.093176,0.104589,0.13700975
d__dexcaus_dexcaus__lag079,0.69279,0.101626,0.096067,0.13695979
m__neworder_neworder__lag001,0.429467,0.059219,0.258542,0.13646814
q__bogz1fa573061133q_private_dc_pension_ts_tx__lag008,0.971787,0.068603,0.071648,0.13629438
q__bogz1lm403061105q_gses_ts__lag006,0.990596,0.075329,0.062257,0.13629148
q__bogz1lm403061105q_gse_tsy__lag006,0.990596,0.075329,0.062257,0.13629148
d__dexcaus_dexcaus__lag063,0.69279,0.092814,0.103556,0.13604289
d__vixcls_vixcls__lag027,0.454545,0.173058,0.126109,0.13598469
d__dexcaus_dexcaus__lag074,0.69279,0.092832,0.103439,0.13597491
q__bogz1fa693061105q_nonmmf_ts_tx__lag006,0.978056,0.0693,0.069668,0.13591801
q__bogz1fa693061105q_nonmmmf_ts_tx__lag006,0.978056,0.0693,0.069668,0.13591801
q__bogz1fa693061105q_nonmmf_ts_tx__lag007,0.974922,0.021521,0.117841,0.13586777
q__bogz1fa693061105q_nonmmmf_ts_tx__lag007,0.974922,0.021521,0.117841,0.13586777
d__dexcaus_dexcaus__lag090,0.689655,0.102431,0.094143,0.13556773
m__ipmine_ipmine__lag005,1.0,0.050844,0.084576,0.13541986
m__totresns_res__lag008,0.836991,0.066235,0.095489,0.13536114
q__rowcpaq027s_row_commercialpaper_flow__lag007,0.974922,0.089648,0.049121,0.1352889
d__dexcaus_dexcaus__lag064,0.69279,0.08989,0.105386,0.1352854
d__dexcaus_dexcaus__lag085,0.69279,0.102113,0.092745,0.13499603
d__vixcls_vixcls__lag033,0.454545,0.169084,0.127484,0.13480339
m__mtsr133fms_fedgov_rcpt__lag012,0.561129,0.013486,0.226742,0.13479907
d__usepuindxd_policy_uncertainty__lag031,0.517241,0.182294,0.078025,0.13464769
d__dexcaus_dexcaus__lag088,0.689655,0.103496,0.091081,0.13419133
d__vixcls_vixcls__lag042,0.454545,0.184668,0.110354,0.13410087
d__vixcls_vixcls__lag090,0.451411,0.251033,0.045917,0.13404624
q__bogz1fa673061103q_abs_issuers_ts_tx__lag008,0.971787,0.09137,0.046271,0.13375793
d__nasdaqcom_nasdaqcom__lag071,0.689655,0.114479,0.079446,0.13374132
q__bogz1fa343061123q_fed_gov_dcg_retirement_ts_tx__lag008,0.971787,0.115771,0.021732,0.13362392
q__bogz1fr513061115q_pci_bills_reval__lag006,0.978056,0.040727,0.09581,0.13354024
q__bogz1fa343061165q_fed_gov_db_retirement_ts_tx__lag008,0.971787,0.109022,0.028377,0.133523
d__vixcls_vixcls__lag028,0.454545,0.196149,0.097591,0.13351838
q__fgtlasq027s_gov_loan_a__lag005,0.99373,0.040045,0.094258,0.13346146
d__dexcaus_dexcaus__lag087,0.69279,0.102061,0.090428,0.13335473
q__fgtlasq027s_gov_loan_a__lag007,0.987461,0.040573,0.094469,0.13334856
q__bogz1fl743061103q_usb_tsy_dom__lag004,0.996865,0.067863,0.065834,0.13327818
d__usepuindxd_policy_uncertainty__lag019,0.517241,0.132351,0.125078,0.13315272
d__usepuindxd_policy_uncertainty__lag037,0.517241,0.172988,0.08442,0.13314213
q__bogz1fr263061130q_row_gov_tsy_reval__lag001,0.99373,0.063009,0.07074,0.13290972
d__vixcls_vixcls__lag018,0.454545,0.122427,0.169932,0.13289016
d__nasdaqcom_nasdaqcom__lag070,0.689655,0.111932,0.080556,0.13275042
d__nasdaqcom_nasdaqcom__lag017,0.69279,0.110766,0.08073,0.13266609
d__vixcls_vixcls__lag026,0.454545,0.157689,0.133513,0.13236433
d__usepuindxd_policy_uncertainty__lag005,0.517241,0.146606,0.109164,0.1322949
d__nasdaqcom_nasdaqcom__lag018,0.69279,0.10898,0.081966,0.13228571
q__bogz1fl763061100q_usb_tsy_oth__lag007,0.987461,0.064908,0.069009,0.13223761
d__nasdaqcom_nasdaqcom__lag084,0.689655,0.11404,0.07753,0.13211743
d__nasdaqcom_nasdaqcom__lag021,0.69279,0.110873,0.07983,0.13211717
q__bogz1fa763061100q_usb_tsy_oth_tx__lag005,0.981191,0.005794,0.128811,0.13207277
d__nasdaqcom_nasdaqcom__lag069,0.689655,0.111388,0.080052,0.13202772
d__nasdaqcom_nasdaqcom__lag081,0.689655,0.112514,0.07891,0.13201695
d__nasdaqcom_nasdaqcom__lag066,0.689655,0.110746,0.080647,0.13199538
q__fgla_fgla__lag005,0.99373,0.04018,0.092639,0.13198701
q__fgla_fedgov_loans__lag005,0.99373,0.04018,0.092639,0.13198701
d__vixcls_vixcls__lag031,0.454545,0.156179,0.13405,0.13192257
m__neworder_neworder__lag005,0.426332,0.092291,0.216962,0.13184442
d__nasdaqcom_nasdaqcom__lag006,0.69279,0.111483,0.078726,0.13177483
q__bogz1fa343061105q_fed_gov_retirement_ts_tx__lag004,0.984326,0.08731,0.046556,0.13176852
q__bogz1fl073164013q_dj_index__lag004,0.683386,0.015517,0.177291,0.13176249
d__nasdaqcom_nasdaqcom__lag015,0.69279,0.110192,0.079877,0.13167827
d__nasdaqcom_nasdaqcom__lag075,0.689655,0.111521,0.079326,0.13161863
d__dexcaus_dexcaus__lag086,0.69279,0.099761,0.090111,0.13154151
q__bogz1fa563061103q_etfs_ts_tx__lag007,0.974922,0.106529,0.028295,0.13144296
d__nasdaqcom_nasdaqcom__lag024,0.69279,0.107575,0.082102,0.13140683
d__vixcls_vixcls__lag032,0.454545,0.168245,0.120732,0.13135283
q__bogz1fa743061103q_usb_tsy_dom_tx__lag005,0.981191,0.073005,0.060786,0.13127526
q__fgla_fgla__lag007,0.987461,0.040786,0.092141,0.13126042
q__fgla_fedgov_loans__lag007,0.987461,0.040786,0.092141,0.13126042
q__bogz1fa743061103q_usb_tsy_dom_tx__lag006,0.978056,0.084663,0.049535,0.13125365
q__bogz1fa223061143q_state_local_db_retirement_ts_tx__lag008,0.971787,0.041181,0.093626,0.13100392
d__nasdaqcom_nasdaqcom__lag076,0.689655,0.110603,0.079295,0.13096428
d__nasdaqcom_nasdaqcom__lag025,0.69279,0.106907,0.082066,0.13091851
d__nasdaqcom_nasdaqcom__lag009,0.69279,0.111042,0.077855,0.13086646
d__nasdaqcom_nasdaqcom__lag022,0.69279,0.108261,0.080488,0.13076356
d__nasdaqcom_nasdaqcom__lag005,0.69279,0.110946,0.077755,0.13073038
d__nasdaqcom_nasdaqcom__lag072,0.689655,0.110511,0.07897,0.13067641
d__nasdaqcom_nasdaqcom__lag053,0.69279,0.109518,0.079093,0.1306682
d__nasdaqcom_nasdaqcom__lag008,0.69279,0.109612,0.078977,0.13065261
d__nasdaqcom_nasdaqcom__lag082,0.689655,0.111333,0.078103,0.13064567
m__neworder_neworder__lag004,0.426332,0.075422,0.230923,0.13060488
d__nasdaqcom_nasdaqcom__lag073,0.689655,0.10972,0.079528,0.13051616
d__nasdaqcom_nasdaqcom__lag026,0.69279,0.106244,0.082079,0.13046813
q__bogz1fl763061100q_usb_tsy_oth__lag004,0.996865,0.028906,0.101808,0.1303041
q__bogz1fl073164013q_dj_index__lag002,0.689655,0.027542,0.161362,0.13027861
d__nasdaqcom_nasdaqcom__lag004,0.69279,0.110273,0.077715,0.13023622
d__nasdaqcom_nasdaqcom__lag055,0.69279,0.110099,0.077847,0.13020689
d__nasdaqcom_nasdaqcom__lag038,0.69279,0.106124,0.08176,0.13016378
d__nasdaqcom_nasdaqcom__lag054,0.69279,0.110096,0.077779,0.13015776
d__nasdaqcom_nasdaqcom__lag080,0.689655,0.109685,0.078949,0.13009261
d__nasdaqcom_nasdaqcom__lag010,0.69279,0.109479,0.078273,0.13007301
q__fgtlasq027s_gov_loan_a__lag006,0.990596,0.036703,0.094596,0.1300644
d__nasdaqcom_nasdaqcom__lag068,0.689655,0.10919,0.079373,0.13004377
d__nasdaqcom_nasdaqcom__lag036,0.69279,0.106919,0.080748,0.13001387
d__nasdaqcom_nasdaqcom__lag001,0.69279,0.107728,0.079933,0.13000965
q__bogz1fl743061103q_usb_tsy_dom__lag005,0.99373,0.063224,0.067548,0.12995213
d__nasdaqcom_nasdaqcom__lag007,0.69279,0.109597,0.0779,0.12989629
d__vixcls_vixcls__lag089,0.454545,0.233692,0.051964,0.12984354
d__nasdaqcom_nasdaqcom__lag016,0.69279,0.109802,0.077551,0.12979657
d__nasdaqcom_nasdaqcom__lag077,0.689655,0.109675,0.078499,0.12977539
d__nasdaqcom_nasdaqcom__lag002,0.69279,0.107642,0.079533,0.12967338
d__nasdaqcom_nasdaqcom__lag019,0.69279,0.107654,0.079483,0.12964663
d__nasdaqcom_nasdaqcom__lag067,0.689655,0.108596,0.079347,0.12961596
d__dexcaus_dexcaus__lag089,0.689655,0.095776,0.092005,0.1295044
d__nasdaqcom_nasdaqcom__lag079,0.689655,0.109604,0.078068,0.12942904
q__bogz1fl743061103q_usb_tsy_dom__lag006,0.990596,0.064801,0.065819,0.12939146
d__nasdaqcom_nasdaqcom__lag003,0.69279,0.108221,0.078458,0.12932942
d__vixcls_vixcls__lag044,0.454545,0.191344,0.093141,0.12931131
d__nasdaqcom_nasdaqcom__lag027,0.69279,0.103973,0.082679,0.12931066
d__nasdaqcom_nasdaqcom__lag078,0.689655,0.108588,0.078884,0.12929115
d__nasdaqcom_nasdaqcom__lag037,0.69279,0.105493,0.081023,0.1292164
q__bogz1fr513061105q_pc_insurance_ts_reval__lag002,0.990596,0.019538,0.110872,0.1291834
d__usepuindxd_policy_uncertainty__lag018,0.517241,0.174456,0.075211,0.12913804
d__nasdaqcom_nasdaqcom__lag031,0.69279,0.10717,0.07906,0.12901819
q__bogz1fl313161110q_totalbills_z1__lag006,0.990596,0.009834,0.120409,0.12901798
d__vixcls_vixcls__lag025,0.454545,0.148737,0.134823,0.1288909
q__bogz1fr213061103q_state_local_gov_ts_reval__lag006,0.978056,0.078811,0.05296,0.12888001
d__nasdaqcom_nasdaqcom__lag074,0.689655,0.10758,0.079247,0.12884616
d__nasdaqcom_nasdaqcom__lag014,0.69279,0.106259,0.079603,0.12876322
d__nasdaqcom_nasdaqcom__lag020,0.69279,0.108085,0.077774,0.12876128
m__bogmbase_mb__lag011,0.833856,0.019072,0.135286,0.12871229
d__nasdaqcom_nasdaqcom__lag013,0.69279,0.105504,0.080224,0.1286702
d__nasdaqcom_nasdaqcom__lag056,0.689655,0.107908,0.07863,0.12864725
d__nasdaqcom_nasdaqcom__lag012,0.69279,0.105888,0.079752,0.1286095
q__fgtlasq027s_gov_loan_a__lag008,0.984326,0.036088,0.094563,0.12860247
d__nasdaqcom_nasdaqcom__lag028,0.69279,0.102205,0.083304,0.12851854
d__nasdaqcom_nasdaqcom__lag030,0.69279,0.105304,0.080148,0.12847911
q__bogz1fa403061105q_gses_ts_tx__lag008,0.971787,0.03086,0.101151,0.12828606
q__fgla_fgla__lag006,0.990596,0.036842,0.092596,0.12822055
q__fgla_fedgov_loans__lag006,0.990596,0.036842,0.092596,0.12822055
d__nasdaqcom_nasdaqcom__lag011,0.69279,0.105287,0.07962,0.12810154
d__nasdaqcom_nasdaqcom__lag086,0.689655,0.108061,0.077682,0.12809905
d__nasdaqcom_nasdaqcom__lag023,0.69279,0.10547,0.079349,0.1280405
d__nasdaqcom_nasdaqcom__lag051,0.69279,0.1065,0.078252,0.12799447
d__nasdaqcom_nasdaqcom__lag085,0.689655,0.107481,0.078027,0.12793628
d__nasdaqcom_nasdaqcom__lag029,0.69279,0.103876,0.080633,0.12782588
d__nasdaqcom_nasdaqcom__lag083,0.689655,0.108205,0.077106,0.12780036
d__vixcls_vixcls__lag046,0.454545,0.175642,0.105484,0.12778447
q__bogz1fl633061110q_mmf_bills_raw__lag005,0.99373,0.030668,0.097829,0.12769097
q__bogz1fl633061110q_mmf_bills__lag005,0.99373,0.030668,0.097829,0.12769097
q__bogz1fa753061103q_usb_tsy_for_tx__lag006,0.978056,0.002303,0.128223,0.12766188
d__vixcls_vixcls__lag083,0.454545,0.185419,0.095315,0.12760641
q__bogz1fa743061103q_usb_tsy_dom_tx__lag002,0.990596,0.03002,0.098723,0.12753177
q__bogz1fa713068703q_fed_dw_tx__lag006,0.978056,0.059013,0.071309,0.12746227
d__usepuindxd_policy_uncertainty__lag043,0.517241,0.130409,0.1159,0.12740122
d__nasdaqcom_nasdaqcom__lag035,0.69279,0.103145,0.080722,0.12738088
d__nasdaqcom_nasdaqcom__lag057,0.689655,0.105222,0.079371,0.12730545
d__nasdaqcom_nasdaqcom__lag039,0.69279,0.103315,0.080254,0.12717476
d__vixcls_vixcls__lag079,0.454545,0.194524,0.085194,0.12714455
d__nasdaqcom_nasdaqcom__lag034,0.69279,0.103257,0.079812,0.12682832
d__vixcls_vixcls__lag076,0.454545,0.203743,0.075116,0.12675409
m__ipmine_ipmine__lag008,1.0,0.048651,0.078087,0.12673824
d__nasdaqcom_nasdaqcom__lag040,0.69279,0.101867,0.081051,0.12672335
d__nasdaqcom_nasdaqcom__lag052,0.69279,0.105126,0.077767,0.12670656
m__neworder_neworder__lag008,0.423197,0.117264,0.182128,0.12670172
d__nasdaqcom_nasdaqcom__lag033,0.69279,0.103773,0.07904,0.12665116
q__fgla_fgla__lag008,0.984326,0.036418,0.091993,0.12639786
q__fgla_fedgov_loans__lag008,0.984326,0.036418,0.091993,0.12639786
d__nasdaqcom_nasdaqcom__lag041,0.69279,0.101588,0.080689,0.12627991
d__nasdaqcom_nasdaqcom__lag032,0.69279,0.103551,0.078544,0.1261537
d__nasdaqcom_nasdaqcom__lag064,0.689655,0.103921,0.078785,0.12600391
q__bogz1lm213061103q_state_local_gov_ts__lag002,1.0,0.025519,0.100417,0.12593621
d__nasdaqcom_nasdaqcom__lag065,0.689655,0.103889,0.078579,0.12584025
d__vixcls_vixcls__lag050,0.454545,0.186119,0.090642,0.12580037
d__vixcls_vixcls__lag080,0.454545,0.20226,0.074482,0.12579188
q__bogz1fa313161305q_gov_nonmarketable_ts_tx__lag001,0.99373,0.110334,0.016214,0.12575547
d__vixcls_vixcls__lag041,0.454545,0.173328,0.10329,0.12573573
d__nasdaqcom_nasdaqcom__lag042,0.69279,0.101063,0.080366,0.12569239
m__mtsr133fms_fedgov_rcpt__lag006,0.567398,0.007417,0.213713,0.12546855
q__bogz1fa343061105q_fed_gov_retirement_ts_tx__lag002,0.990596,0.087776,0.038471,0.12505998
d__nasdaqcom_nasdaqcom__lag048,0.69279,0.102151,0.078148,0.12490922
d__vixcls_vixcls__lag077,0.454545,0.205274,0.069469,0.12488322
m__mtsr133fms_fedgov_rcpt__lag005,0.567398,0.044641,0.175383,0.12484135
d__nasdaqcom_nasdaqcom__lag049,0.69279,0.101456,0.078684,0.12479864
d__nasdaqcom_nasdaqcom__lag087,0.689655,0.104083,0.076688,0.12466924
q__rownblq027s_row_nonfinbusinessloans_flow__lag003,0.987461,0.018203,0.107986,0.1246063
d__nasdaqcom_nasdaqcom__lag043,0.69279,0.099227,0.080571,0.12456211
d__vixcls_vixcls__lag034,0.454545,0.177134,0.096466,0.12436366
d__usepuindxd_policy_uncertainty__lag051,0.517241,0.139651,0.100086,0.12400206
d__nasdaqcom_nasdaqcom__lag063,0.689655,0.100702,0.07892,0.12387715
d__nasdaqcom_nasdaqcom__lag088,0.689655,0.104096,0.075489,0.12385131
d__nasdaqcom_nasdaqcom__lag050,0.69279,0.099959,0.078555,0.12367264
d__nasdaqcom_nasdaqcom__lag046,0.69279,0.099535,0.078925,0.12363509
d__vixcls_vixcls__lag074,0.454545,0.220022,0.051821,0.1235646
m__neworder_neworder__lag007,0.423197,0.103025,0.188902,0.12354281
q__bogz1lm473061105q_credit_unions_ts__lag004,0.996865,0.018568,0.105276,0.12345653
q__bogz1lm473061105q_credit_unions_ts_tx__lag004,0.996865,0.018568,0.105276,0.12345653
d__nasdaqcom_nasdaqcom__lag047,0.69279,0.099884,0.07807,0.12328494
q__bogz1fr713061113q_cb_bills_reval__lag007,0.974922,0.095579,0.030751,0.12316157
d__nasdaqcom_nasdaqcom__lag061,0.689655,0.099034,0.079542,0.12315639
q__bogz1fa543061175q_life_insurance_ts_tx__lag002,0.990596,0.035039,0.089235,0.12310507
q__fbtsaaq027s_dom_fin_sector_tsy__lag006,0.990596,0.040994,0.083125,0.12295173
q__fbtsaaq027s_dom_fin_sector_tsy__lag004,0.996865,0.05048,0.072845,0.12293877
d__usepuindxd_policy_uncertainty__lag017,0.517241,0.126476,0.111008,0.12283652
d__usepuindxd_policy_uncertainty__lag080,0.517241,0.098334,0.139142,0.12283244
q__tgdef_net_gov_sav__lag007,0.971787,0.035677,0.090643,0.12275637
d__vixcls_vixcls__lag081,0.454545,0.170965,0.099004,0.122713
d__nasdaqcom_nasdaqcom__lag062,0.689655,0.097821,0.079635,0.12238308
q__qbpbslevk_tier1lc__lag001,0.526646,0.089182,0.143154,0.12235916
q__qbpbsrskk_tier1rbc__lag001,0.526646,0.089438,0.142888,0.12235349
q__bogz1fa543061175q_life_insurance_ts_tx__lag003,0.987461,0.078878,0.044994,0.12231876
d__nasdaqcom_nasdaqcom__lag044,0.69279,0.096644,0.079899,0.12230723
d__vixcls_vixcls__lag056,0.454545,0.18126,0.087816,0.12230687
q__bogz1fr713061113q_cb_bills_reval__lag008,0.971787,0.014737,0.11101,0.12219922
d__nasdaqcom_nasdaqcom__lag045,0.69279,0.097529,0.078416,0.12189292
q__bogz1fa343061113q_fed_gov_dcf_retirement_ts_tx__lag005,0.981191,0.035701,0.088362,0.12172978
d__vixcls_vixcls__lag075,0.454545,0.199965,0.067716,0.1216731
d__nasdaqcom_nasdaqcom__lag058,0.689655,0.09976,0.07644,0.12151703
d__vixcls_vixcls__lag067,0.454545,0.210728,0.056563,0.1214955
d__vixcls_vixcls__lag043,0.454545,0.179606,0.087262,0.12130332
d__vixcls_vixcls__lag057,0.454545,0.21895,0.047864,0.12127882
d__nasdaqcom_nasdaqcom__lag059,0.689655,0.098306,0.077388,0.12116815
d__nasdaqcom_nasdaqcom__lag060,0.689655,0.096777,0.078844,0.12111846
m__totresns_res__lag009,0.836991,0.050716,0.093895,0.12103866
q__bogz1fa313161305q_gov_nonmarketable_ts_tx__lag006,0.978056,0.063809,0.059717,0.12081504
q__bogz1fa503061123q_ccps_ts_tx__lag008,0.971787,0.09728,0.026693,0.12047495
d__vixcls_vixcls__lag048,0.454545,0.148657,0.11633,0.12044889
q__bogz1fa653061113q_mutf_bills_tx__lag004,0.984326,0.048959,0.073354,0.12039613
m__ipmine_ipmine__lag010,1.0,0.032339,0.088006,0.12034419
d__nasdaqcom_nasdaqcom__lag089,0.689655,0.097704,0.076448,0.1201054
q__bogz1fr733061103q_holding_companies_ts_reval__lag006,0.978056,0.064928,0.057472,0.11971327
q__bogz1fa653061105q_mutual_funds_ts_tx__lag007,0.974922,0.001653,0.120919,0.11949846
d__usepuindxd_policy_uncertainty__lag077,0.517241,0.15649,0.074214,0.1193294
d__vixcls_vixcls__lag073,0.454545,0.21676,0.045326,0.11912973
q__bogz1fa383061105q_dom_nonfin_sector_tsy_tx__lag004,0.984326,0.055936,0.065047,0.11908635
q__bogz1fa543461113q_li_bills_tx__lag004,0.984326,0.048318,0.072626,0.11904781
q__bogz1fa513061105q_pc_insurance_ts_tx__lag005,0.981191,0.053213,0.068115,0.11904587
m__ipmine_ipmine__lag007,1.0,0.030145,0.088548,0.11869315
q__tgdef_net_gov_sav__lag008,0.968652,0.027894,0.094586,0.11863973
m__bogmbase_mb__lag012,0.833856,0.003756,0.138322,0.11847287
q__bogz1fl743061103q_usb_tsy_dom__lag002,1.0,0.051945,0.066489,0.11843331
q__bogz1fl743061103q_usb_tsy_dom__lag007,0.987461,0.046866,0.072828,0.1181929
m__neworder_neworder__lag010,0.420063,0.102755,0.178299,0.11806035
q__bogz1fl763061100q_usb_tsy_oth__lag008,0.984326,0.058388,0.061407,0.11791721
d__vixcls_vixcls__lag066,0.454545,0.217455,0.041843,0.11786289
q__bogz1fl513061115q_pci_bills_raw__lag001,1.0,0.003219,0.114488,0.11770719
q__bogz1fl513061115q_pci_bills__lag001,1.0,0.003219,0.114488,0.11770719
q__bogz1fl073164013q_dj_index__lag003,0.68652,0.006471,0.164842,0.11760984
d__usepuindxd_policy_uncertainty__lag009,0.517241,0.086274,0.140916,0.11751208
q__drtscilm_loan_tight__lag001,0.448276,0.168699,0.093374,0.11748122
q__bogz1lm473061105q_credit_unions_ts__lag003,1.0,0.022776,0.094652,0.11742803
q__bogz1lm473061105q_credit_unions_ts_tx__lag003,1.0,0.022776,0.094652,0.11742803
d__vixcls_vixcls__lag047,0.454545,0.154194,0.104111,0.11741142
m__neworder_neworder__lag012,0.416928,0.10449,0.176755,0.11725914
q__bogz1fl633061110q_mmf_bills_raw__lag006,0.990596,0.038205,0.080035,0.11712737
q__bogz1fl633061110q_mmf_bills__lag006,0.990596,0.038205,0.080035,0.11712737
m__neworder_neworder__lag011,0.420063,0.115857,0.162609,0.11697321
d__vixcls_vixcls__lag082,0.454545,0.15706,0.099526,0.11662992
m__ipmine_ipmine__lag004,1.0,0.019273,0.097167,0.1164401
q__drtscilm_loan_tight__lag005,0.435737,0.105282,0.161818,0.11638563
d__usepuindxd_policy_uncertainty__lag002,0.517241,0.111034,0.113791,0.11628878
q__bogz1fa693061105q_nonmmf_ts_tx__lag002,0.990596,0.055366,0.061939,0.11620174
q__bogz1fa693061105q_nonmmmf_ts_tx__lag002,0.990596,0.055366,0.061939,0.11620174
d__nasdaqcom_nasdaqcom__lag090,0.689655,0.092479,0.075937,0.11614886
d__vixcls_vixcls__lag040,0.454545,0.165999,0.088825,0.11582929
q__bogz1fr663061165q_brokers_dealers_long_ts_reval__lag006,0.978056,0.087177,0.031147,0.11572706
q__bogz1fa743061103q_usb_tsy_dom_tx__lag008,0.971787,0.090948,0.027926,0.11552055
q__rowmfsq027s_row_mutualfundshares_flow__lag003,0.987461,0.082199,0.034706,0.11543901
d__usepuindxd_policy_uncertainty__lag014,0.517241,0.080074,0.142262,0.11500141
d__usepuindxd_policy_uncertainty__lag021,0.517241,0.134089,0.088183,0.11496824
q__bogz1fr343061165q_fed_gov_db_retirement_ts_reval__lag006,0.978056,0.077309,0.04004,0.11477347
q__bogz1fa733061103q_holding_companies_ts_tx__lag002,0.990596,0.037468,0.078328,0.11470736
d__vixcls_vixcls__lag068,0.454545,0.191811,0.060353,0.11462011
q__rowcpaq027s_row_commercialpaper_flow__lag001,0.99373,0.082497,0.032736,0.11451052
d__vixcls_vixcls__lag039,0.454545,0.165531,0.086326,0.11448032
d__usepuindxd_policy_uncertainty__lag086,0.517241,0.145241,0.075139,0.11398966
d__usepuindxd_policy_uncertainty__lag073,0.517241,0.104819,0.114736,0.11356309
d__vixcls_vixcls__lag037,0.454545,0.147728,0.101993,0.11350933
d__vixcls_vixcls__lag049,0.454545,0.155912,0.093025,0.11315311
d__usepuindxd_policy_uncertainty__lag041,0.517241,0.109817,0.108742,0.11304774
m__ipmine_ipmine__lag002,1.0,0.03739,0.075591,0.11298066
q__bogz1fa313161110q_totalbills_z1_tx__lag001,0.99373,0.007837,0.105585,0.11271084
q__bogz1fl763061100q_usb_tsy_oth__lag003,1.0,0.002599,0.110079,0.11267746
d__vixcls_vixcls__lag035,0.454545,0.183892,0.063939,0.11265008
q__drtscilm_loan_tight__lag006,0.432602,0.102389,0.156972,0.11219997
m__mtsr133fms_fedgov_rcpt__lag008,0.564263,0.039455,0.159315,0.11215894
q__bogz1fl743061103q_usb_tsy_dom__lag008,0.984326,0.042948,0.070973,0.11213526
q__fgdef_fgdef__lag006,0.974922,0.045333,0.069419,0.11187395
m__ipmine_ipmine__lag006,1.0,0.02696,0.084834,0.11179465
q__qbpbslevk_tier1lc__lag002,0.523511,0.079326,0.134113,0.1117378
q__qbpbsrskk_tier1rbc__lag002,0.523511,0.079535,0.133823,0.11169561
d__vixcls_vixcls__lag055,0.454545,0.141601,0.104071,0.11166894
q__bogz1fa263061145q_row_priv_tsy_tx__lag008,0.971787,0.022379,0.092347,0.11148892
d__vixcls_vixcls__lag072,0.454545,0.210122,0.035015,0.11142571
q__bogz1fa383061105q_dom_nonfin_sector_tsy_tx__lag002,0.990596,0.097553,0.014238,0.11073975
q__bogz1fa263061145q_row_priv_tsy_tx__lag001,0.99373,0.040916,0.070358,0.11057669
q__bogz1fr713061113q_cb_bills_reval__lag006,0.978056,0.09174,0.021193,0.11045561
q__bogz1fa693061105q_nonmmf_ts_tx__lag008,0.971787,0.043469,0.070133,0.11039685
q__bogz1fa693061105q_nonmmmf_ts_tx__lag008,0.971787,0.043469,0.070133,0.11039685
q__drtscilm_loan_tight__lag007,0.429467,0.107057,0.149416,0.11014671
m__ipmine_ipmine__lag001,1.0,0.015179,0.094857,0.11003592
q__bogz1fa653061113q_mutf_bills_tx__lag001,0.99373,0.034847,0.075868,0.11002113
m__csushpinsa_cs_hpi__lag010,0.482759,0.078045,0.149131,0.10967113
q__bogz1fr263061145q_row_priv_tsy_reval__lag001,0.99373,0.026007,0.083938,0.10925611
q__bogz1fr553061103q_closed_end_funds_ts_reval__lag001,0.99373,0.053405,0.056269,0.10898618
q__ad02rc1q027sbea_gov_netlending__lag006,0.818182,0.070062,0.062935,0.10881562
q__rowmfsq027s_row_mutualfundshares_flow__lag002,0.990596,0.085522,0.02406,0.10855185
q__drtscilm_loan_tight__lag008,0.426332,0.073187,0.18117,0.10844061
m__csushpinsa_cs_hpi__lag011,0.482759,0.081225,0.142007,0.10776698
q__rownblq027s_row_nonfinbusinessloans_flow__lag004,0.984326,0.050715,0.058623,0.10762436
q__bogz1fa313161110q_totalbills_z1_tx__lag008,0.971787,0.048261,0.062254,0.10739663
d__vixcls_vixcls__lag087,0.454545,0.214682,0.021331,0.10727856
q__bogz1lm403061105q_gses_ts__lag007,0.987461,0.041106,0.067496,0.10724037
q__bogz1lm403061105q_gse_tsy__lag007,0.987461,0.041106,0.067496,0.10724037
q__bogz1fr153061105q_hhnp_tsy_reval__lag001,0.99373,0.077719,0.030183,0.10722495
q__bogz1fr713061113q_cb_bills_reval__lag001,0.99373,0.08944,0.018028,0.10679487
d__vixcls_vixcls__lag051,0.454545,0.137629,0.096946,0.10662537
q__bogz1fr343061165q_fed_gov_db_retirement_ts_reval__lag001,0.99373,0.038217,0.068926,0.10647148
d__usepuindxd_policy_uncertainty__lag078,0.517241,0.115611,0.09019,0.10644879
q__bogz1fa563061103q_etfs_ts_tx__lag006,0.978056,0.084192,0.024591,0.1063954
d__vixcls_vixcls__lag070,0.454545,0.187178,0.045939,0.10596227
m__ipmine_ipmine__lag003,1.0,0.019658,0.0863,0.10595821
d__vixcls_vixcls__lag069,0.454545,0.18526,0.047795,0.10593423
q__bogz1fa513061105q_pc_insurance_ts_tx__lag002,0.990596,0.055064,0.051631,0.10569154
q__qbpbslevk_tier1lc__lag003,0.520376,0.073042,0.129888,0.10559962
q__qbpbsrskk_tier1rbc__lag003,0.520376,0.073216,0.129579,0.10552951
d__vixcls_vixcls__lag038,0.454545,0.142884,0.089027,0.10541389
d__vixcls_vixcls__lag086,0.454545,0.20619,0.025678,0.10539425
q__bogz1fr553061103q_closed_end_funds_ts_reval__lag006,0.978056,0.08598,0.021634,0.10525288
d__usepuindxd_policy_uncertainty__lag064,0.517241,0.144738,0.058469,0.10510696
q__fgdef_fgdef__lag008,0.968652,0.06928,0.03813,0.10404257
m__csushpinsa_cs_hpi__lag012,0.482759,0.079403,0.136059,0.10401606
d__usepuindxd_policy_uncertainty__lag072,0.517241,0.146502,0.054057,0.10373774
m__csushpinsa_cs_hpi__lag009,0.485893,0.071868,0.141433,0.10364181
m__csushpinsa_cs_hpi__lag007,0.485893,0.059801,0.153493,0.10363798
m__csushpinsa_cs_hpi__lag008,0.485893,0.065467,0.147725,0.1035889
d__usepuindxd_policy_uncertainty__lag070,0.517241,0.133609,0.066404,0.10345511
d__usepuindxd_policy_uncertainty__lag049,0.517241,0.091182,0.108728,0.10340163
d__usepuindxd_policy_uncertainty__lag079,0.517241,0.112031,0.087448,0.10317861
d__vixcls_vixcls__lag054,0.454545,0.124273,0.102334,0.10300322
d__vixcls_vixcls__lag053,0.454545,0.142413,0.083547,0.1027092
q__bogz1fl743061103q_usb_tsy_dom__lag003,1.0,0.044737,0.057961,0.1026986
m__ipmine_ipmine__lag011,1.0,0.030181,0.072427,0.10260734
d__vixcls_vixcls__lag085,0.454545,0.190085,0.03359,0.1016705
q__ad02rc1q027sbea_gov_netlending__lag008,0.811912,0.084139,0.040898,0.10151912
q__qbpbslevk_tier1lc__lag004,0.517241,0.07301,0.123065,0.10141803
q__qbpbsrskk_tier1rbc__lag004,0.517241,0.073126,0.122748,0.10131387
q__qbpbslevk_tier1lc__lag006,0.510972,0.082647,0.114554,0.1007642
q__qbpbslevk_tier1lc__lag005,0.514107,0.079663,0.116243,0.10071644
d__vixcls_vixcls__lag088,0.454545,0.179983,0.041462,0.10065695
q__qbpbsrskk_tier1rbc__lag005,0.514107,0.079709,0.115916,0.10057188
q__qbpbsrskk_tier1rbc__lag006,0.510972,0.082617,0.114197,0.10056639
d__usepuindxd_policy_uncertainty__lag048,0.517241,0.090078,0.103562,0.10015857
q__psave_psave__lag007,0.971787,0.031907,0.071088,0.10008855
q__bogz1fa313161105q_tsy_net_tx__lag007,0.974922,0.01596,0.086682,0.10006827
q__bogz1fa473061105q_credit_unions_ts_tx__lag004,0.984326,0.025995,0.075639,0.10004086
q__bogz1fl633061105q_mmf_tsy_raw__lag005,0.99373,0.034767,0.065892,0.10002814
q__bogz1fl633061105q_money_market_funds_ts__lag005,0.99373,0.034767,0.065892,0.10002814
q__bogz1fl633061110q_mmf_bills_raw__lag008,0.984326,0.061429,0.040187,0.10002359
q__bogz1fl633061110q_mmf_bills__lag008,0.984326,0.061429,0.040187,0.10002359
m__csushpinsa_cs_hpi__lag004,0.489028,0.048818,0.155513,0.09992341
d__vixcls_vixcls__lag036,0.454545,0.158216,0.061481,0.09986249
m__csushpinsa_cs_hpi__lag005,0.489028,0.052247,0.151917,0.09984176
q__ncbtsaq027s_nfcb_tsy_tx__lag003,0.987461,0.029768,0.070944,0.09944852
m__exgeus_demusd__lag012,0.683386,0.018798,0.126719,0.09944394
m__exgeus_exgeus__lag012,0.683386,0.018798,0.126719,0.09944394
m__csushpinsa_cs_hpi__lag006,0.489028,0.05529,0.147867,0.09934944
q__bogz1fr563061103q_etfs_ts_reval__lag001,0.99373,0.028186,0.071652,0.09921111
m__exgeus_demusd__lag011,0.683386,0.018798,0.126347,0.0991899
m__exgeus_exgeus__lag011,0.683386,0.018798,0.126347,0.0991899
q__bogz1fa263061110q_row_bills_tx__lag001,0.99373,0.035908,0.063798,0.09908121
d__vixcls_vixcls__lag084,0.454545,0.148318,0.06879,0.09868519
d__usepuindxd_policy_uncertainty__lag044,0.517241,0.072824,0.117835,0.09861673
d__usepuindxd_policy_uncertainty__lag036,0.517241,0.111878,0.078563,0.09850375
q__bogz1fa503061123q_ccps_ts_tx__lag006,0.978056,0.054459,0.046048,0.09830143
q__bogz1lm733061103q_holding_companies_ts__lag001,1.0,0.02502,0.073213,0.0982331
q__bogz1fl743061103q_usb_tsy_dom__lag001,1.0,0.03643,0.061788,0.0982186
d__usepuindxd_policy_uncertainty__lag035,0.517241,0.103124,0.086679,0.09817415
q__bogz1lm213061103q_state_local_gov_ts__lag001,1.0,0.007606,0.090536,0.09814133
d__usepuindxd_policy_uncertainty__lag013,0.517241,0.042154,0.147204,0.09794365
q__bogz1fl313024000q_tres_oper_cash__lag008,0.984326,0.019451,0.079674,0.0975712
q__qbpbslevk_tier1lc__lag007,0.507837,0.085213,0.105639,0.09692176
q__qbpbsrskk_tier1rbc__lag007,0.507837,0.085147,0.10526,0.09669579
m__mtso133fms_fedgov_out__lag010,0.561129,0.084113,0.087948,0.09654858
q__bogz1fa543461113q_li_bills_tx__lag006,0.978056,0.019243,0.079328,0.09640888
q__bogz1fa673061103q_abs_issuers_ts_tx__lag007,0.974922,0.062932,0.035919,0.09637253
q__bogz1fa563061103q_etfs_ts_tx__lag004,0.984326,0.08562,0.012231,0.09631781
d__vixcls_vixcls__lag071,0.454545,0.175797,0.036066,0.09630174
d__usepuindxd_policy_uncertainty__lag076,0.517241,0.061004,0.12417,0.09577948
d__usepuindxd_policy_uncertainty__lag007,0.517241,0.094856,0.089948,0.09558797
q__bogz1fr513061115q_pci_bills_reval__lag008,0.971787,0.047616,0.050385,0.09523593
q__qbpbslevk_tier1lc__lag008,0.504702,0.089577,0.097819,0.09457935
q__bogz1fa343061165q_fed_gov_db_retirement_ts_tx__lag005,0.981191,0.073466,0.022732,0.09438842
q__qbpbsrskk_tier1rbc__lag008,0.504702,0.089452,0.097407,0.09430829
q__bogz1fa503061123q_ccps_ts_tx__lag007,0.974922,0.049909,0.046721,0.09420661
m__csushpinsa_cs_hpi__lag001,0.492163,0.039362,0.151828,0.09409666
m__csushpinsa_cs_hpi__lag003,0.492163,0.044698,0.145984,0.09384685
d__vixcls_vixcls__lag052,0.454545,0.120106,0.086229,0.09378833
m__csushpinsa_cs_hpi__lag002,0.492163,0.041388,0.148734,0.09357101
q__bogz1fa223061143q_state_local_db_retirement_ts_tx__lag006,0.978056,0.052184,0.043472,0.09355677
q__bogz1lm563061103q_etfs_ts__lag004,0.996865,0.05115,0.042624,0.09347987
q__bogz1lm563061103q_etfs_ts__lag005,0.99373,0.049725,0.044215,0.09335105
q__bogz1fl713061103q_fed_tsy__lag003,1.0,0.043358,0.0496,0.09295806
q__bogz1fl713061103q_fed_tsy_raw__lag003,1.0,0.043358,0.0496,0.09295806
q__bogz1fl713061103q_cb_tsy__lag003,1.0,0.043358,0.0496,0.09295806
q__bogz1fl633061110q_mmf_bills_raw__lag007,0.987461,0.038619,0.055457,0.0928965
q__bogz1fl633061110q_mmf_bills__lag007,0.987461,0.038619,0.055457,0.0928965
q__bogz1fa313161305q_gov_nonmarketable_ts_tx__lag005,0.981191,0.075771,0.018656,0.0926511
m__pcuomfgomfg_ppi_man__lag012,0.507837,0.024181,0.15816,0.0925994
q__ncbtsaq027s_nfcb_tsy_tx__lag008,0.971787,0.042942,0.052251,0.09250784
m__ipmine_ipmine__lag009,1.0,0.009479,0.08301,0.09248866
q__bogz1lm473061105q_credit_unions_ts__lag002,1.0,0.00925,0.083116,0.09236541
q__bogz1lm473061105q_credit_unions_ts_tx__lag002,1.0,0.00925,0.083116,0.09236541
d__usepuindxd_policy_uncertainty__lag020,0.517241,0.11389,0.063794,0.09190541
q__rownblq027s_row_nonfinbusinessloans_flow__lag006,0.978056,0.040943,0.052865,0.09174912
d__usepuindxd_policy_uncertainty__lag063,0.517241,0.127834,0.049287,0.09161442
q__bogz1lm733061103q_holding_companies_ts__lag003,1.0,0.03042,0.060949,0.09136907
q__bogz1lm563061103q_etfs_ts__lag003,1.0,0.049866,0.041039,0.09090456
q__rowmfsq027s_row_mutualfundshares_flow__lag001,0.99373,0.076666,0.01475,0.09084258
q__bogz1fa343061123q_fed_gov_dcg_retirement_ts_tx__lag005,0.981191,0.081093,0.011429,0.09078211
m__totresns_res__lag010,0.833856,0.023088,0.085322,0.09039792
m__totresns_res__lag012,0.833856,0.018118,0.089723,0.08992369
d__usepuindxd_policy_uncertainty__lag087,0.517241,0.127371,0.04638,0.08987093
q__bogz1fa673061103q_abs_issuers_ts_tx__lag006,0.978056,0.016943,0.074124,0.08906836
m__pcuomfgomfg_ppi_man__lag010,0.510972,0.022036,0.152044,0.08895001
d__usepuindxd_policy_uncertainty__lag090,0.517241,0.106904,0.064213,0.08850893
q__rowmfsq027s_row_mutualfundshares_flow__lag005,0.981191,0.007011,0.083185,0.08849909
d__usepuindxd_policy_uncertainty__lag029,0.517241,0.084023,0.085556,0.08771332
m__pcuomfgomfg_ppi_man__lag011,0.507837,0.022299,0.150369,0.08768695
m__exgeus_demusd__lag010,0.683386,0.0,0.127855,0.08737431
m__exgeus_exgeus__lag010,0.683386,0.0,0.127855,0.08737431
m__pcuomfgomfg_ppi_man__lag009,0.510972,0.025945,0.14439,0.08703625
q__bogz1fa513061113q_pci_bills_tx__lag004,0.984326,0.067761,0.020155,0.08653799
q__bogz1lm563061103q_etfs_ts__lag006,0.990596,0.039405,0.047919,0.08650206
q__fbtsaaq027s_dom_fin_sector_tsy__lag005,0.99373,0.008547,0.078074,0.08607865
q__bogz1fa503061123q_ccps_ts_tx__lag002,0.990596,0.01094,0.075518,0.08564544
q__bogz1fa743061103q_usb_tsy_dom_tx__lag001,0.99373,0.069535,0.016263,0.08526045
m__exgeus_demusd__lag009,0.68652,0.0,0.123996,0.085126
m__exgeus_exgeus__lag009,0.68652,0.0,0.123996,0.085126
q__bogz1lm733061103q_holding_companies_ts__lag002,1.0,0.019734,0.064975,0.08470907
q__bogz1lm563061103q_etfs_ts__lag002,1.0,0.046215,0.037533,0.08374765
q__bogz1fa633061105q_money_market_funds_ts_tx__lag008,0.971787,0.014327,0.071738,0.08363644
d__usepuindxd_policy_uncertainty__lag027,0.517241,0.011799,0.149557,0.08345961
q__bogz1fa573061143q_private_db_pension_ts_tx__lag002,0.990596,0.031822,0.052341,0.08337128
d__usepuindxd_policy_uncertainty__lag032,0.517241,0.110443,0.050653,0.08332547
d__usepuindxd_policy_uncertainty__lag028,0.517241,0.026924,0.131776,0.08208655
q__bogz1fa343061165q_fed_gov_db_retirement_ts_tx__lag001,0.99373,0.03232,0.049466,0.08127331
m__pcuomfgomfg_ppi_man__lag008,0.510972,0.01997,0.13752,0.08047326
d__usepuindxd_policy_uncertainty__lag023,0.517241,0.048717,0.106506,0.0802877
q__bogz1fl633061105q_mmf_tsy_raw__lag006,0.990596,0.028046,0.052868,0.0801532
q__bogz1fl633061105q_money_market_funds_ts__lag006,0.990596,0.028046,0.052868,0.0801532
d__usepuindxd_policy_uncertainty__lag061,0.517241,0.054167,0.100456,0.07997752
q__bogz1fr713061113q_cb_bills_reval__lag004,0.984326,0.042249,0.038828,0.07980691
q__bogz1lm563061103q_etfs_ts__lag007,0.987461,0.032696,0.048061,0.07974472
q__bogz1fa343061123q_fed_gov_dcg_retirement_ts_tx__lag003,0.987461,0.031086,0.04911,0.07918977
q__bogz1fl633061105q_mmf_tsy_raw__lag008,0.984326,0.055636,0.02479,0.07916513
q__bogz1fl633061105q_money_market_funds_ts__lag008,0.984326,0.055636,0.02479,0.07916513
q__bogz1fa713068703q_fed_dw_tx__lag007,0.974922,0.039878,0.041261,0.07910465
q__bogz1fl713061103q_fed_tsy__lag004,0.996865,0.02582,0.05346,0.07903193
q__bogz1fl713061103q_fed_tsy_raw__lag004,0.996865,0.02582,0.05346,0.07903193
q__bogz1fl713061103q_cb_tsy__lag004,0.996865,0.02582,0.05346,0.07903193
q__bogz1fa733061103q_holding_companies_ts_tx__lag005,0.981191,0.031197,0.04927,0.07895314
q__bogz1lm473061105q_credit_unions_ts__lag001,1.0,0.005065,0.073583,0.07864806
q__bogz1lm473061105q_credit_unions_ts_tx__lag001,1.0,0.005065,0.073583,0.07864806
d__usepuindxd_policy_uncertainty__lag050,0.517241,0.032068,0.119982,0.07864669
q__bogz1fa743061103q_usb_tsy_dom_tx__lag004,0.984326,0.04336,0.036242,0.07835452
q__bogz1lm403061105q_gses_ts__lag008,0.984326,0.001927,0.077611,0.07829176
q__bogz1lm403061105q_gse_tsy__lag008,0.984326,0.001927,0.077611,0.07829176
m__exgeus_demusd__lag007,0.68652,0.0,0.114028,0.07828244
m__exgeus_exgeus__lag007,0.68652,0.0,0.114028,0.07828244
m__exgeus_demusd__lag006,0.689655,0.0,0.111704,0.07703705
m__exgeus_exgeus__lag006,0.689655,0.0,0.111704,0.07703705
d__usepuindxd_policy_uncertainty__lag069,0.517241,0.081675,0.067244,0.07702692
m__pcuomfgomfg_ppi_man__lag007,0.514107,0.013338,0.135303,0.07641732
m__exgeus_demusd__lag008,0.68652,0.0,0.110865,0.07611077
m__exgeus_exgeus__lag008,0.68652,0.0,0.110865,0.07611077
q__bogz1fa543061175q_life_insurance_ts_tx__lag006,0.978056,0.034916,0.042764,0.0759753
q__bogz1fa343061105q_fed_gov_retirement_ts_tx__lag005,0.981191,0.056989,0.019739,0.0752849
q__bogz1fa513061105q_pc_insurance_ts_tx__lag001,0.99373,0.017801,0.056597,0.07393068
m__totresns_res__lag011,0.833856,0.002169,0.085455,0.07306555
m__pcuomfgomfg_ppi_man__lag006,0.514107,0.012242,0.129802,0.07302607
q__bogz1fa343061105q_fed_gov_retirement_ts_tx__lag001,0.99373,0.014612,0.05818,0.0723349
q__bogz1lm563061103q_etfs_ts__lag001,1.0,0.035499,0.036558,0.07205783
q__bogz1fa593061105q_pension_ts_tx__lag006,0.978056,0.020107,0.053179,0.07167763
q__bogz1fa343061165q_fed_gov_db_retirement_ts_tx__lag004,0.984326,0.03304,0.039147,0.07105542
q__bogz1fa663061165q_brokers_dealers_long_ts_tx__lag003,0.987461,0.041078,0.030715,0.07089247
d__usepuindxd_policy_uncertainty__lag083,0.517241,0.012798,0.123869,0.07069001
q__bogz1fa713068703q_fed_dw_tx__lag001,0.99373,0.034106,0.035608,0.06927608
q__bogz1lm733061103q_holding_companies_ts__lag004,0.996865,0.013889,0.055556,0.06922776
q__bogz1fr513061115q_pci_bills_reval__lag004,0.984326,0.012765,0.057431,0.06909548
q__bogz1lm733061103q_holding_companies_ts__lag006,0.990596,0.02027,0.049471,0.0690856
q__rowceaq027s_row_corpequities_flow__lag007,0.974922,0.057691,0.01307,0.06898651
q__bogz1fa663061165q_brokers_dealers_long_ts_tx__lag007,0.974922,0.036375,0.034186,0.06879101
q__bogz1fa513061113q_pci_bills_tx__lag001,0.99373,0.052946,0.016262,0.06877476
m__pcuomfgomfg_ppi_man__lag005,0.514107,0.00734,0.124485,0.06777222
q__bogz1fa343061123q_fed_gov_dcg_retirement_ts_tx__lag007,0.974922,0.03873,0.030656,0.06764591
m__pcuomfgomfg_ppi_man__lag004,0.517241,0.003505,0.126721,0.0673583
q__bogz1lm733061103q_holding_companies_ts__lag008,0.984326,0.032784,0.035554,0.06726694
q__bogz1fr513061115q_pci_bills_reval__lag002,0.990596,0.015786,0.051736,0.06688717
m__exgeus_demusd__lag005,0.689655,0.0,0.096916,0.06683885
m__exgeus_exgeus__lag005,0.689655,0.0,0.096916,0.06683885
m__pcuomfgomfg_ppi_man__lag001,0.520376,0.011113,0.117307,0.06682665
q__bogz1fa343061105q_fed_gov_retirement_ts_tx__lag003,0.987461,0.033214,0.03412,0.06648978
q__bogz1fr513061115q_pci_bills_reval__lag001,0.99373,0.026917,0.039937,0.06643502
d__usepuindxd_policy_uncertainty__lag016,0.517241,0.051356,0.076846,0.06631161
m__pcuomfgomfg_ppi_man__lag003,0.517241,0.005099,0.122022,0.06575221
q__bogz1lm563061103q_etfs_ts__lag008,0.984326,0.017548,0.048702,0.06521153
q__bogz1fa633061110q_mmf_bills_tx__lag008,0.971787,0.000426,0.066275,0.06481896
q__bogz1fa473061105q_credit_unions_ts_tx__lag006,0.978056,0.02351,0.042336,0.06440065
m__exgeus_demusd__lag004,0.689655,0.0,0.092831,0.06402128
m__exgeus_exgeus__lag004,0.689655,0.0,0.092831,0.06402128
q__bogz1lm733061103q_holding_companies_ts__lag007,0.987461,0.022827,0.041485,0.06350608
m__pcuomfgomfg_ppi_man__lag002,0.517241,0.007817,0.114642,0.06334053
q__bogz1fa513061105q_pc_insurance_ts_tx__lag008,0.971787,0.026207,0.038911,0.06328137
q__bogz1fr513061115q_pci_bills_reval__lag005,0.981191,0.034705,0.029447,0.06294462
q__ncbtsaq027s_nfcb_tsy_tx__lag006,0.978056,0.02058,0.043536,0.06270883
q__bogz1fa313161305q_gov_nonmarketable_ts_tx__lag007,0.974922,0.039324,0.02472,0.06243786
q__bogz1fa733061103q_holding_companies_ts_tx__lag008,0.971787,0.03485,0.028982,0.06203166
q__bogz1fl633061105q_mmf_tsy_raw__lag007,0.987461,0.033705,0.028082,0.06101172
q__bogz1fl633061105q_money_market_funds_ts__lag007,0.987461,0.033705,0.028082,0.06101172
q__bogz1fa733061103q_holding_companies_ts_tx__lag006,0.978056,0.007602,0.054623,0.06085911
q__bogz1fr513061115q_pci_bills_reval__lag007,0.974922,0.02245,0.039694,0.06058593
m__exgeus_demusd__lag003,0.69279,0.0,0.086777,0.06011807
m__exgeus_exgeus__lag003,0.69279,0.0,0.086777,0.06011807
q__bogz1lm733061103q_holding_companies_ts__lag005,0.99373,0.005046,0.054602,0.05927418
q__bogz1fa573061143q_private_db_pension_ts_tx__lag003,0.987461,0.032976,0.025375,0.05761934
q__bogz1fa713068703q_fed_dw_tx__lag002,0.990596,0.023404,0.034161,0.05702351
q__bogz1fa513061113q_pci_bills_tx__lag005,0.981191,0.016702,0.040578,0.05620237
q__bogz1fa653061113q_mutf_bills_tx__lag003,0.987461,0.037612,0.019014,0.05591597
q__bogz1fa663061165q_brokers_dealers_long_ts_tx__lag006,0.978056,0.008914,0.048055,0.0557191
q__bogz1fa543061175q_life_insurance_ts_tx__lag004,0.984326,0.021098,0.034625,0.05484949
q__fgdef_fgdef__lag007,0.971787,0.024064,0.032239,0.05471503
q__bogz1fa343061105q_fed_gov_retirement_ts_tx__lag008,0.971787,0.026865,0.029101,0.05438729
m__exgeus_demusd__lag001,0.69279,0.0,0.074051,0.05130154
m__exgeus_exgeus__lag001,0.69279,0.0,0.074051,0.05130154
q__bogz1fa713068703q_fed_dw_tx__lag003,0.987461,0.018847,0.030504,0.0487317
q__bogz1fr513061115q_pci_bills_reval__lag003,0.987461,0.029793,0.018663,0.04784801
q__bogz1fa743061103q_usb_tsy_dom_tx__lag007,0.974922,0.023921,0.024869,0.04756624
d__usepuindxd_policy_uncertainty__lag030,0.517241,0.033538,0.057323,0.04699721
m__exgeus_demusd__lag002,0.69279,0.0,0.067579,0.04681812
m__exgeus_exgeus__lag002,0.69279,0.0,0.067579,0.04681812
q__bogz1fa653061113q_mutf_bills_tx__lag002,0.990596,0.003037,0.043967,0.04656194
q__bogz1fa313161305q_gov_nonmarketable_ts_tx__lag003,0.987461,0.006521,0.040313,0.04624686
q__bogz1fr513061105q_pc_insurance_ts_reval__lag006,0.978056,0.012479,0.032158,0.04365668
q__bogz1fa343061165q_fed_gov_db_retirement_ts_tx__lag003,0.987461,0.013777,0.028073,0.04132569
q__bogz1fa733061103q_holding_companies_ts_tx__lag007,0.974922,0.002331,0.039223,0.04051166
q__psave_psave__lag008,0.968652,0.029027,0.011956,0.03969863
q__ad02rc1q027sbea_gov_netlending__lag007,0.815047,0.01717,0.031398,0.0395853
q__bogz1fa513061113q_pci_bills_tx__lag003,0.987461,0.014241,0.024134,0.03789331
q__bogz1fa663061165q_brokers_dealers_long_ts_tx__lag002,0.990596,0.002058,0.034716,0.03642863
q__bogz1fa343061105q_fed_gov_retirement_ts_tx__lag007,0.974922,0.026951,0.009402,0.03544112
q__bogz1fa513061113q_pci_bills_tx__lag008,0.971787,0.022232,0.010895,0.03219248
q__bogz1fa263061110q_row_bills_tx__lag006,0.978056,0.005055,0.027063,0.03141341
q__rowmfsq027s_row_mutualfundshares_flow__lag006,0.978056,0.003184,0.025038,0.02760212
q__rowgseq027s_row_agency_flow__lag006,0.978056,0.012796,0.014568,0.02676363
q__bogz1fa343061165q_fed_gov_db_retirement_ts_tx__lag007,0.974922,0.009198,0.017579,0.0261057
q__bogz1fa313161105q_tsy_net_tx__lag008,0.971787,0.009808,0.012739,0.02191065
q__bogz1fr313161305q_gov_nonmarketable_ts_reval__lag001,0.99373,0.0,0.0,0.0
q__bogz1fr343061123q_fed_gov_dcg_retirement_ts_reval__lag001,0.99373,0.0,0.0,0.0
q__bogz1fr503061123q_ccps_ts_reval__lag001,0.99373,0.0,0.0,0.0
q__bogz1fr543461113q_li_bills_reval__lag001,0.99373,0.0,0.0,0.0
q__bogz1fr633061105q_money_market_funds_ts_reval__lag001,0.99373,0.0,0.0,0.0
q__bogz1fr633061110q_mmf_bills_reval__lag001,0.99373,0.0,0.0,0.0
q__bogz1fr653061113q_mutf_bills_reval__lag001,0.99373,0.0,0.0,0.0
q__bogz1fr673061103q_abs_issuers_ts_reval__lag001,0.99373,0.0,0.0,0.0
q__bogz1fr313161305q_gov_nonmarketable_ts_reval__lag002,0.990596,0.0,0.0,0.0
q__bogz1fr343061123q_fed_gov_dcg_retirement_ts_reval__lag002,0.990596,0.0,0.0,0.0
q__bogz1fr503061123q_ccps_ts_reval__lag002,0.990596,0.0,0.0,0.0
q__bogz1fr543461113q_li_bills_reval__lag002,0.990596,0.0,0.0,0.0
q__bogz1fr633061105q_money_market_funds_ts_reval__lag002,0.990596,0.0,0.0,0.0
q__bogz1fr633061110q_mmf_bills_reval__lag002,0.990596,0.0,0.0,0.0
q__bogz1fr653061113q_mutf_bills_reval__lag002,0.990596,0.0,0.0,0.0
q__bogz1fr673061103q_abs_issuers_ts_reval__lag002,0.990596,0.0,0.0,0.0
q__bogz1fr313161305q_gov_nonmarketable_ts_reval__lag003,0.987461,0.0,0.0,0.0
q__bogz1fr343061123q_fed_gov_dcg_retirement_ts_reval__lag003,0.987461,0.0,0.0,0.0
q__bogz1fr503061123q_ccps_ts_reval__lag003,0.987461,0.0,0.0,0.0
q__bogz1fr543461113q_li_bills_reval__lag003,0.987461,0.0,0.0,0.0
q__bogz1fr633061105q_money_market_funds_ts_reval__lag003,0.987461,0.0,0.0,0.0
q__bogz1fr633061110q_mmf_bills_reval__lag003,0.987461,0.0,0.0,0.0
q__bogz1fr653061113q_mutf_bills_reval__lag003,0.987461,0.0,0.0,0.0
q__bogz1fr673061103q_abs_issuers_ts_reval__lag003,0.987461,0.0,0.0,0.0
q__bogz1fr313161305q_gov_nonmarketable_ts_reval__lag004,0.984326,0.0,0.0,0.0
q__bogz1fr343061123q_fed_gov_dcg_retirement_ts_reval__lag004,0.984326,0.0,0.0,0.0
q__bogz1fr503061123q_ccps_ts_reval__lag004,0.984326,0.0,0.0,0.0
q__bogz1fr543461113q_li_bills_reval__lag004,0.984326,0.0,0.0,0.0
q__bogz1fr633061105q_money_market_funds_ts_reval__lag004,0.984326,0.0,0.0,0.0
q__bogz1fr633061110q_mmf_bills_reval__lag004,0.984326,0.0,0.0,0.0
q__bogz1fr653061113q_mutf_bills_reval__lag004,0.984326,0.0,0.0,0.0
q__bogz1fr673061103q_abs_issuers_ts_reval__lag004,0.984326,0.0,0.0,0.0
q__bogz1fr313161305q_gov_nonmarketable_ts_reval__lag005,0.981191,0.0,0.0,0.0
q__bogz1fr343061123q_fed_gov_dcg_retirement_ts_reval__lag005,0.981191,0.0,0.0,0.0
q__bogz1fr503061123q_ccps_ts_reval__lag005,0.981191,0.0,0.0,0.0
q__bogz1fr543461113q_li_bills_reval__lag005,0.981191,0.0,0.0,0.0
q__bogz1fr633061105q_money_market_funds_ts_reval__lag005,0.981191,0.0,0.0,0.0
q__bogz1fr633061110q_mmf_bills_reval__lag005,0.981191,0.0,0.0,0.0
q__bogz1fr653061113q_mutf_bills_reval__lag005,0.981191,0.0,0.0,0.0
q__bogz1fr673061103q_abs_issuers_ts_reval__lag005,0.981191,0.0,0.0,0.0
q__bogz1fr313161305q_gov_nonmarketable_ts_reval__lag006,0.978056,0.0,0.0,0.0
q__bogz1fr343061123q_fed_gov_dcg_retirement_ts_reval__lag006,0.978056,0.0,0.0,0.0
q__bogz1fr503061123q_ccps_ts_reval__lag006,0.978056,0.0,0.0,0.0
q__bogz1fr543461113q_li_bills_reval__lag006,0.978056,0.0,0.0,0.0
q__bogz1fr633061105q_money_market_funds_ts_reval__lag006,0.978056,0.0,0.0,0.0
q__bogz1fr633061110q_mmf_bills_reval__lag006,0.978056,0.0,0.0,0.0
q__bogz1fr653061113q_mutf_bills_reval__lag006,0.978056,0.0,0.0,0.0
q__bogz1fr673061103q_abs_issuers_ts_reval__lag006,0.978056,0.0,0.0,0.0
q__bogz1fr313161305q_gov_nonmarketable_ts_reval__lag007,0.974922,0.0,0.0,0.0
q__bogz1fr343061123q_fed_gov_dcg_retirement_ts_reval__lag007,0.974922,0.0,0.0,0.0
q__bogz1fr503061123q_ccps_ts_reval__lag007,0.974922,0.0,0.0,0.0
q__bogz1fr543461113q_li_bills_reval__lag007,0.974922,0.0,0.0,0.0
q__bogz1fr633061105q_money_market_funds_ts_reval__lag007,0.974922,0.0,0.0,0.0
q__bogz1fr633061110q_mmf_bills_reval__lag007,0.974922,0.0,0.0,0.0
q__bogz1fr653061113q_mutf_bills_reval__lag007,0.974922,0.0,0.0,0.0
q__bogz1fr673061103q_abs_issuers_ts_reval__lag007,0.974922,0.0,0.0,0.0
q__bogz1fr313161305q_gov_nonmarketable_ts_reval__lag008,0.971787,0.0,0.0,0.0
q__bogz1fr343061123q_fed_gov_dcg_retirement_ts_reval__lag008,0.971787,0.0,0.0,0.0
q__bogz1fr503061123q_ccps_ts_reval__lag008,0.971787,0.0,0.0,0.0
q__bogz1fr543461113q_li_bills_reval__lag008,0.971787,0.0,0.0,0.0
q__bogz1fr633061105q_money_market_funds_ts_reval__lag008,0.971787,0.0,0.0,0.0
q__bogz1fr633061110q_mmf_bills_reval__lag008,0.971787,0.0,0.0,0.0
q__bogz1fr653061113q_mutf_bills_reval__lag008,0.971787,0.0,0.0,0.0
q__bogz1fr673061103q_abs_issuers_ts_reval__lag008,0.971787,0.0,0.0,0.0
