feature_id,coverage_share,abs_corr_treatment,abs_corr_outcome_max,screen_score
q__psave_psave__lag002,0.987461,0.593486,0.528252,1.10767234
q__tgdef_net_gov_sav__lag002,0.987461,0.557179,0.477266,1.0214743
q__fgdef_fgdef__lag002,0.987461,0.514819,0.479328,0.98168141
q__psave_psave__lag001,0.990596,0.563715,0.410694,0.96524575
q__tgdef_net_gov_sav__lag001,0.990596,0.579238,0.386989,0.95713932
q__bogz1fl713123030q_tga__lag002,1.0,0.516068,0.432652,0.9487198
q__bogz1fl713123030q_tga_z1__lag002,1.0,0.516068,0.432652,0.9487198
q__psave_psave__lag003,0.984326,0.447706,0.508782,0.94149516
q__bogz1fl313024000q_tres_oper_cash__lag002,1.0,0.55783,0.383142,0.94097175
q__bogz1fl313024000q_tres_oper_cash__lag001,1.0,0.557432,0.369851,0.92728341
q__fgdef_fgdef__lag001,0.990596,0.527931,0.39595,0.91519316
m__unrate_unrate__lag006,0.978056,0.443067,0.484338,0.90705408
q__bogz1fl713123030q_tga__lag001,1.0,0.505979,0.394815,0.90079412
q__bogz1fl713123030q_tga_z1__lag001,1.0,0.505979,0.394815,0.90079412
m__ipfinal_ipfinal__lag009,1.0,0.475268,0.420162,0.89543055
m__unrate_unrate__lag009,0.974922,0.518114,0.396125,0.89131163
m__unrate_unrate__lag004,0.978056,0.400449,0.508174,0.88868524
m__unrate_unrate__lag005,0.978056,0.409397,0.497627,0.88711996
q__tgdef_net_gov_sav__lag003,0.984326,0.437201,0.459153,0.88230439
m__unrate_unrate__lag001,0.981191,0.372287,0.518683,0.8742118
m__unrate_unrate__lag003,0.981191,0.391979,0.493282,0.86861008
m__unrate_unrate__lag008,0.974922,0.471015,0.417619,0.86634884
m__unrate_unrate__lag007,0.974922,0.446532,0.441437,0.86569984
m__unrate_unrate__lag002,0.981191,0.375237,0.504651,0.86333903
q__psave_psave__lag004,0.981191,0.379903,0.49827,0.86165577
m__ipfinal_ipfinal__lag008,1.0,0.44091,0.419774,0.86068445
m__ipfinal_ipfinal__lag002,1.0,0.399875,0.448398,0.84827224
m__ipcongd_ipcongd__lag009,1.0,0.453125,0.394903,0.84802764
m__psavert_psavert__lag008,0.836991,0.687234,0.324257,0.84660843
m__ipdcongd_ipdcongd__lag009,0.987461,0.394443,0.46226,0.84596031
m__ipfinal_ipfinal__lag003,1.0,0.398654,0.441553,0.84020761
q__bogz1lm403061105q_gses_ts__lag001,1.0,0.365542,0.46834,0.8338817
q__bogz1lm403061105q_gse_tsy__lag001,1.0,0.365542,0.46834,0.8338817
q__tgdef_net_gov_sav__lag004,0.981191,0.387042,0.459234,0.8303587
m__ipfinal_ipfinal__lag004,1.0,0.388292,0.441921,0.83021365
q__bogz1fl712051000q_fed_rrp__lag005,0.99373,0.566164,0.265845,0.82679291
q__bogz1lm403061105q_gses_ts__lag002,1.0,0.352258,0.467591,0.81984985
q__bogz1lm403061105q_gse_tsy__lag002,1.0,0.352258,0.467591,0.81984985
m__ipfinal_ipfinal__lag005,1.0,0.37838,0.440325,0.81870526
m__ipfinal_ipfinal__lag001,1.0,0.370011,0.448594,0.81860531
q__fbtsatq027s_dom_fin_sector_tsy_tx__lag002,0.990596,0.545253,0.2791,0.81660016
m__psavert_psavert__lag004,0.840125,0.618626,0.352654,0.81599707
q__bogz1fl702050005q_usb_ffrrp__lag004,0.996865,0.316894,0.498729,0.8130668
m__ipdcongd_ipdcongd__lag008,0.987461,0.349504,0.473071,0.81226014
m__ipcongd_ipcongd__lag008,1.0,0.418043,0.393322,0.81136528
q__bogz1fl713123030q_tga__lag003,1.0,0.335015,0.474114,0.80912959
q__bogz1fl713123030q_tga_z1__lag003,1.0,0.335015,0.474114,0.80912959
q__ad02rc1q027sbea_gov_netlending__lag002,0.830721,0.508543,0.461646,0.80595663
m__ipfinal_ipfinal__lag006,1.0,0.36763,0.437381,0.80501121
m__ipfinal_ipfinal__lag007,1.0,0.37527,0.429586,0.80485554
q__bogz1fl633061110q_mmf_bills_raw__lag002,1.0,0.33121,0.473282,0.80449207
q__bogz1fl633061110q_mmf_bills__lag002,1.0,0.33121,0.473282,0.80449207
q__fgdef_fgdef__lag003,0.984326,0.372856,0.441152,0.80124985
q__bogz1fl702050005q_usb_ffrrp__lag002,1.0,0.286103,0.513804,0.7999078
q__bogz1fl313024000q_tres_oper_cash__lag003,1.0,0.361962,0.436753,0.79871458
q__bogz1fl633061110q_mmf_bills_raw__lag001,1.0,0.344006,0.453885,0.79789116
q__bogz1fl633061110q_mmf_bills__lag001,1.0,0.344006,0.453885,0.79789116
q__bogz1fl702050005q_usb_ffrrp__lag003,1.0,0.286715,0.50867,0.79538484
q__bogz1fa313161105q_tsy_net_tx__lag002,0.990596,0.533072,0.267275,0.79281997
m__psavert_psavert__lag002,0.84326,0.48192,0.455964,0.7908807
m__psavert_psavert__lag005,0.840125,0.557437,0.375643,0.78390386
q__fbtsatq027s_dom_fin_sector_tsy_tx__lag004,0.984326,0.515762,0.278866,0.78217214
q__bogz1fa713061103q_cb_tsy_tx__lag002,0.990596,0.500689,0.285301,0.77859781
q__bogz1fl633061105q_mmf_tsy_raw__lag001,1.0,0.304627,0.472301,0.7769281
q__bogz1fl633061105q_money_market_funds_ts__lag001,1.0,0.304627,0.472301,0.7769281
m__indpro_indpro__lag009,1.0,0.309566,0.466868,0.77643423
m__psavert_psavert__lag006,0.840125,0.569451,0.354237,0.77601414
q__bogz1fa763061100q_usb_tsy_oth_tx__lag001,0.99373,0.352436,0.427682,0.77522694
m__psavert_psavert__lag001,0.84326,0.497023,0.42229,0.7752201
m__ipcongd_ipcongd__lag010,1.0,0.371556,0.401707,0.7732632
q__bogz1fl633061105q_mmf_tsy_raw__lag002,1.0,0.291375,0.480416,0.77179103
q__bogz1fl633061105q_money_market_funds_ts__lag002,1.0,0.291375,0.480416,0.77179103
m__ipfinal_ipfinal__lag010,1.0,0.342297,0.429476,0.7717735
q__bogz1lm403061105q_gses_ts__lag003,1.0,0.310289,0.457371,0.7676597
q__bogz1lm403061105q_gse_tsy__lag003,1.0,0.310289,0.457371,0.7676597
q__na000283q_gov_current_exp__lag002,0.987461,0.249462,0.52791,0.76762418
q__fgexpnd_fgexpnd__lag002,0.987461,0.24787,0.527439,0.76558668
q__na000283q_gov_current_exp__lag001,0.990596,0.267332,0.50432,0.76439585
q__fgexpnd_fgexpnd__lag001,0.990596,0.266681,0.503896,0.76333024
q__bogz1fl313024000q_tres_oper_cash__lag004,0.996865,0.260942,0.50384,0.76238452
q__rowgseq027s_row_agency_flow__lag001,0.99373,0.307791,0.458657,0.76164237
m__indpro_indpro__lag008,1.0,0.294885,0.465538,0.76042231
q__fgdef_fgdef__lag004,0.981191,0.344919,0.429212,0.7595706
q__bogz1fa713061103q_cb_tsy_tx__lag003,0.987461,0.509629,0.258571,0.75856692
m__psavert_psavert__lag009,0.836991,0.648989,0.256115,0.75756359
q__bogz1fl713123030q_tga__lag004,0.996865,0.240477,0.51905,0.7571463
q__bogz1fl713123030q_tga_z1__lag004,0.996865,0.240477,0.51905,0.7571463
m__indpro_indpro__lag002,1.0,0.264497,0.491869,0.7563665
m__ipcongd_ipcongd__lag002,1.0,0.335747,0.420302,0.75604933
q__bogz1fl712051000q_fed_rrp__lag004,0.996865,0.492892,0.264441,0.75495909
m__ipdcongd_ipdcongd__lag010,0.984326,0.28334,0.482828,0.75415888
m__indpro_indpro__lag005,1.0,0.268617,0.484914,0.75353054
m__manemp_manemp__lag003,1.0,0.331604,0.420817,0.75242131
m__manemp_manemp__lag009,1.0,0.310078,0.442071,0.75214941
q__ad02rc1q027sbea_gov_netlending__lag001,0.833856,0.521734,0.379959,0.75188154
m__ipcongd_ipcongd__lag005,1.0,0.337486,0.414339,0.75182477
m__ipcongd_ipcongd__lag003,1.0,0.338594,0.41231,0.75090385
m__ipdcongd_ipdcongd__lag012,0.984326,0.303915,0.458502,0.75046649
m__ipcongd_ipcongd__lag012,1.0,0.36493,0.385426,0.75035615
m__ipcongd_ipcongd__lag007,1.0,0.346819,0.403184,0.75000338
m__ipfinal_ipfinal__lag012,1.0,0.329112,0.418703,0.74781441
m__indpro_indpro__lag003,1.0,0.258463,0.489345,0.7478086
m__manemp_manemp__lag002,1.0,0.329712,0.417037,0.74674903
m__manemp_manemp__lag006,1.0,0.314556,0.430257,0.74481389
m__manemp_manemp__lag008,1.0,0.304652,0.439271,0.743923
m__ipcongd_ipcongd__lag006,1.0,0.331577,0.411992,0.74356891
m__manemp_manemp__lag005,1.0,0.315386,0.4274,0.74278572
m__manemp_manemp__lag001,1.0,0.328043,0.414483,0.7425266
q__bogz1fl573061143q_private_db_pension_ts__lag001,1.0,0.228747,0.512254,0.7410004
m__ipcongd_ipcongd__lag004,1.0,0.32603,0.414813,0.74084341
q__bogz1lm903061103q_instrument_discrepancies_ts__lag002,1.0,0.436532,0.304287,0.74081948
q__bogz1fa713061103q_cb_tsy_tx__lag001,0.99373,0.413798,0.327643,0.73679302
m__manemp_manemp__lag004,1.0,0.312211,0.424397,0.73660823
q__bogz1fl633061110q_mmf_bills_raw__lag003,1.0,0.261024,0.475202,0.73622641
q__bogz1fl633061110q_mmf_bills__lag003,1.0,0.261024,0.475202,0.73622641
q__bogz1fa313161105q_tsy_net_tx__lag004,0.984326,0.459146,0.288394,0.73582296
q__bogz1fl543061175q_life_insurance_ts__lag001,1.0,0.278889,0.456326,0.73521493
m__indpro_indpro__lag006,1.0,0.252847,0.482098,0.73494476
m__ipdcongd_ipdcongd__lag002,0.99373,0.223624,0.513587,0.73258911
m__ipdcongd_ipdcongd__lag007,0.987461,0.247752,0.493917,0.73236964
q__bogz1lm343061113q_fed_gov_dcf_retirement_ts__lag002,1.0,0.212484,0.519867,0.73235151
q__bogz1lm343061113q_fed_gov_dc_retirement_ts__lag002,1.0,0.212484,0.519867,0.73235151
q__bogz1lm343061113q_fed_ret_tsy_dc__lag002,1.0,0.212484,0.519867,0.73235151
q__bogz1fl573061143q_private_db_pension_ts__lag002,1.0,0.231306,0.50057,0.73187583
q__bogz1fa713068703q_fed_dw_tx__lag004,0.984326,0.104051,0.637312,0.72974297
m__indpro_indpro__lag004,1.0,0.239963,0.489587,0.72954938
m__manemp_manemp__lag007,1.0,0.293458,0.435301,0.7287595
q__bogz1lm343061113q_fed_gov_dcf_retirement_ts__lag001,1.0,0.209165,0.519571,0.72873599
q__bogz1lm343061113q_fed_gov_dc_retirement_ts__lag001,1.0,0.209165,0.519571,0.72873599
q__bogz1lm343061113q_fed_ret_tsy_dc__lag001,1.0,0.209165,0.519571,0.72873599
m__ipdcongd_ipdcongd__lag005,0.990596,0.227064,0.507941,0.72809257
q__bogz1fl702050005q_usb_ffrrp__lag005,0.99373,0.253289,0.47705,0.72576043
m__psavert_psavert__lag003,0.84326,0.47886,0.381561,0.725559
q__bogz1fl753061103q_usb_tsy_for__lag005,0.99373,0.259162,0.470012,0.72460234
q__bogz1lm903061103q_instrument_discrepancies_ts__lag001,1.0,0.403847,0.320723,0.72457013
m__ipdcongd_ipdcongd__lag003,0.99373,0.233749,0.494263,0.72344764
m__ipdcongd_ipdcongd__lag011,0.984326,0.256999,0.477847,0.72332815
m__ipcongd_ipcongd__lag011,1.0,0.327196,0.393586,0.7207826
q__bogz1fl543061175q_life_insurance_ts__lag002,1.0,0.260167,0.460328,0.72049553
q__bogz1fl753061103q_usb_tsy_for__lag006,0.990596,0.240941,0.486164,0.72026708
q__rowcbaq027s_row_corpbonds_flow__lag005,0.981191,0.300209,0.43353,0.71993871
m__indpro_indpro__lag007,1.0,0.242496,0.476168,0.71866364
m__indpro_indpro__lag001,1.0,0.226215,0.492401,0.71861618
q__bogz1fl702050005q_usb_ffrrp__lag007,0.987461,0.3015,0.425837,0.71821761
m__ipdcongd_ipdcongd__lag004,0.990596,0.216403,0.508102,0.71769214
q__bogz1fl702050005q_usb_ffrrp__lag006,0.990596,0.285228,0.438331,0.71675424
m__ipdcongd_ipdcongd__lag001,0.99373,0.211641,0.509354,0.71647478
q__bogz1fl343061123q_fed_gov_dcg_retirement_ts__lag001,1.0,0.296644,0.419602,0.71624658
m__psavert_psavert__lag007,0.836991,0.572411,0.282786,0.71579191
q__bogz1fl633061105q_mmf_tsy_raw__lag003,1.0,0.236159,0.478621,0.71477916
q__bogz1fl633061105q_money_market_funds_ts__lag003,1.0,0.236159,0.478621,0.71477916
m__ipfinal_ipfinal__lag011,1.0,0.290155,0.42381,0.71396509
m__ipbuseq_ipbuseq__lag003,0.99373,0.264442,0.451272,0.71122665
m__ipcongd_ipcongd__lag001,1.0,0.292344,0.418872,0.71121575
q__bogz1fa763061100q_usb_tsy_oth_tx__lag002,0.990596,0.364408,0.352551,0.71021701
q__bogz1fl573061143q_private_db_pension_ts__lag003,1.0,0.225883,0.483877,0.70976018
m__ipbuseq_ipbuseq__lag002,0.99373,0.255745,0.457773,0.70904493
d__dgs5_dgs5__lag034,0.805643,0.467787,0.412085,0.70886216
d__dgs5_dgs5__lag025,0.805643,0.469591,0.409846,0.70851175
m__ipdcongd_ipdcongd__lag006,0.990596,0.212056,0.502657,0.70799111
d__dgs5_dgs5__lag026,0.805643,0.467648,0.410534,0.70750099
d__dgs5_dgs5__lag021,0.805643,0.467565,0.410571,0.70746383
d__dgs5_dgs5__lag037,0.805643,0.468957,0.408829,0.70718156
d__dgs5_dgs5__lag036,0.805643,0.466634,0.410868,0.70695331
d__dgs5_dgs5__lag024,0.805643,0.465713,0.411041,0.70635047
d__dgs5_dgs5__lag039,0.805643,0.467462,0.409198,0.7062747
d__dgs5_dgs5__lag040,0.805643,0.467142,0.409495,0.70625675
d__dgs5_dgs5__lag033,0.805643,0.466297,0.410281,0.70620811
d__dgs5_dgs5__lag027,0.805643,0.465868,0.410504,0.70604274
d__dgs5_dgs5__lag035,0.805643,0.464674,0.411548,0.70592169
d__dgs5_dgs5__lag018,0.805643,0.467351,0.408627,0.70572482
d__dgs5_dgs5__lag029,0.805643,0.466585,0.409306,0.70565497
d__dgs5_dgs5__lag041,0.805643,0.465748,0.410001,0.70554085
d__dgs5_dgs5__lag022,0.805643,0.464738,0.410152,0.70484848
d__dgs5_dgs5__lag042,0.805643,0.466712,0.407969,0.70467981
d__dgs5_dgs5__lag023,0.805643,0.463243,0.410757,0.70413209
d__dgs5_dgs5__lag019,0.805643,0.464883,0.408833,0.70390339
d__dgs5_dgs5__lag038,0.805643,0.464451,0.409242,0.70388427
d__dgs5_dgs5__lag032,0.805643,0.463827,0.409268,0.70340232
q__bogz1fl543061175q_life_insurance_ts__lag003,1.0,0.233908,0.468826,0.70273349
q__bogz1lm343061113q_fed_gov_dcf_retirement_ts__lag003,1.0,0.184768,0.517902,0.70267002
q__bogz1lm343061113q_fed_gov_dc_retirement_ts__lag003,1.0,0.184768,0.517902,0.70267002
q__bogz1lm343061113q_fed_ret_tsy_dc__lag003,1.0,0.184768,0.517902,0.70267002
q__bogz1fl712051000q_fed_rrp__lag003,1.0,0.389429,0.313122,0.70255056
d__dgs5_dgs5__lag028,0.805643,0.463893,0.408058,0.70248098
d__dgs5_dgs5__lag016,0.805643,0.465738,0.406107,0.70239529
d__dgs5_dgs5__lag020,0.805643,0.462715,0.409018,0.70230526
d__dgs5_dgs5__lag030,0.805643,0.463112,0.408061,0.70185412
d__dgs5_dgs5__lag031,0.805643,0.461201,0.409063,0.70112194
d__dgs5_dgs5__lag017,0.805643,0.463009,0.406933,0.70086266
d__dgs5_dgs5__lag043,0.805643,0.46296,0.406849,0.70075526
d__dgs5_dgs5__lag044,0.805643,0.462273,0.407504,0.70072971
q__bogz1fl753061103q_usb_tsy_for__lag004,0.996865,0.252467,0.450095,0.7003591
q__bogz1fl753061103q_usb_tsy_for__lag007,0.987461,0.219275,0.489777,0.70016087
m__ipbuseq_ipbuseq__lag001,0.99373,0.244703,0.459388,0.69967718
d__dgs5_dgs5__lag015,0.805643,0.46225,0.405185,0.69884262
d__dgs5_dgs5__lag090,0.802508,0.466701,0.404004,0.69874764
d__dgs5_dgs5__lag045,0.805643,0.460074,0.406592,0.69822362
d__dgs5_dgs5__lag089,0.805643,0.461361,0.404138,0.69728305
d__dgs5_dgs5__lag046,0.805643,0.458435,0.406202,0.69658812
q__bogz1lm573061105q_private_pension_ts__lag001,1.0,0.185158,0.511422,0.69657988
m__manemp_manemp__lag012,1.0,0.252368,0.443341,0.69570943
d__dgs5_dgs5__lag057,0.805643,0.458119,0.405301,0.69560773
q__fbtsatq027s_dom_fin_sector_tsy_tx__lag003,0.987461,0.466492,0.237377,0.6950434
d__dgs5_dgs5__lag011,0.805643,0.454988,0.406619,0.69414749
d__dgs5_dgs5__lag014,0.805643,0.456892,0.404348,0.69385208
d__dgs5_dgs5__lag010,0.805643,0.454409,0.406365,0.69347569
d__dgs5_dgs5__lag013,0.805643,0.45432,0.406179,0.69325442
d__dgs5_dgs5__lag008,0.805643,0.45346,0.406241,0.69261244
d__dgs5_dgs5__lag012,0.805643,0.452082,0.407593,0.69259112
d__dgs5_dgs5__lag002,0.805643,0.45351,0.406128,0.69256119
d__dgs10_dgs10__lag037,0.805643,0.422796,0.436761,0.69249605
m__manemp_manemp__lag011,1.0,0.250515,0.441923,0.69243767
d__dgs5_dgs5__lag056,0.805643,0.455008,0.404344,0.69233101
d__dgs5_dgs5__lag048,0.805643,0.456184,0.403087,0.69226538
d__dgs5_dgs5__lag088,0.805643,0.454818,0.404279,0.69212485
d__dgs5_dgs5__lag087,0.805643,0.455278,0.40379,0.69210219
d__dgs5_dgs5__lag073,0.805643,0.454764,0.404216,0.69203032
d__dgs10_dgs10__lag034,0.805643,0.41934,0.439544,0.69195392
d__dgs5_dgs5__lag069,0.805643,0.454814,0.404002,0.69189938
d__dgs5_dgs5__lag007,0.805643,0.452253,0.406528,0.6918707
d__dgs5_dgs5__lag071,0.805643,0.455454,0.40327,0.6918248
d__dgs5_dgs5__lag047,0.805643,0.453016,0.405558,0.69170425
d__dgs5_dgs5__lag085,0.805643,0.454991,0.403405,0.69156048
d__dgs5_dgs5__lag054,0.805643,0.454332,0.403997,0.69150687
d__dgs10_dgs10__lag036,0.805643,0.420322,0.437674,0.6912379
d__dgs5_dgs5__lag058,0.805643,0.452232,0.405681,0.69117069
d__dgs5_dgs5__lag086,0.805643,0.454528,0.40305,0.69090082
d__dgs5_dgs5__lag072,0.805643,0.455207,0.402174,0.69074262
d__dgs10_dgs10__lag040,0.805643,0.419384,0.437995,0.69074171
d__dgs5_dgs5__lag070,0.805643,0.453622,0.403678,0.69067736
d__dgs5_dgs5__lag055,0.805643,0.45243,0.404837,0.6906503
d__dgs10_dgs10__lag042,0.805643,0.421153,0.436058,0.69060549
d__dgs5_dgs5__lag060,0.805643,0.451068,0.406119,0.69058683
d__dgs5_dgs5__lag084,0.805643,0.454342,0.40284,0.69058238
d__dgs10_dgs10__lag039,0.805643,0.419539,0.437574,0.69052724
d__dgs5_dgs5__lag065,0.805643,0.453513,0.403476,0.69042708
d__dgs5_dgs5__lag068,0.805643,0.452103,0.404759,0.69032464
d__dgs5_dgs5__lag083,0.805643,0.4547,0.40203,0.69021787
d__dgs5_dgs5__lag006,0.805643,0.451437,0.405255,0.69018787
d__dgs10_dgs10__lag033,0.805643,0.419482,0.437207,0.69018466
d__dgs5_dgs5__lag005,0.805643,0.450746,0.405909,0.69015777
d__dgs5_dgs5__lag061,0.805643,0.450705,0.405846,0.69007405
d__dgs3_dgs3__lag021,0.805643,0.466933,0.38949,0.68997104
q__bogz1fl713061113q_cb_bills_raw__lag007,0.987461,0.316858,0.381637,0.68973687
q__bogz1fl713061113q_cb_bills__lag007,0.987461,0.316858,0.381637,0.68973687
d__dgs10_dgs10__lag041,0.805643,0.417491,0.438074,0.68927959
d__dgs5_dgs5__lag059,0.805643,0.449591,0.405958,0.68926668
d__dgs5_dgs5__lag009,0.805643,0.449685,0.405818,0.68923016
d__dgs5_dgs5__lag004,0.805643,0.449147,0.406278,0.68916748
d__dgs5_dgs5__lag074,0.805643,0.451168,0.403836,0.6888279
d__dgs5_dgs5__lag062,0.805643,0.449121,0.405697,0.6886775
d__dgs3_dgs3__lag025,0.805643,0.466033,0.388649,0.68856813
d__dgs5_dgs5__lag003,0.805643,0.449795,0.404835,0.688526
d__dgs10_dgs10__lag035,0.805643,0.414951,0.43935,0.6882607
q__bogz1fl753061103q_usb_tsy_for__lag008,0.984326,0.188341,0.510852,0.68823401
d__dgs10_dgs10__lag038,0.805643,0.416563,0.437603,0.68815259
m__manemp_manemp__lag010,1.0,0.248521,0.439622,0.68814337
d__dgs5_dgs5__lag082,0.805643,0.452482,0.401432,0.68794957
d__dgs5_dgs5__lag067,0.805643,0.449495,0.404344,0.687889
d__dgs5_dgs5__lag075,0.805643,0.451469,0.402307,0.68783867
d__dgs5_dgs5__lag066,0.805643,0.449642,0.404068,0.68778506
d__dgs5_dgs5__lag001,0.805643,0.447549,0.406153,0.68777836
d__dgs5_dgs5__lag049,0.805643,0.451264,0.402338,0.68769765
d__dgs3_dgs3__lag026,0.805643,0.463832,0.389702,0.68764344
d__dgs3_dgs3__lag024,0.805643,0.463381,0.389747,0.68731677
q__bogz1lm903061103q_instrument_discrepancies_ts__lag003,1.0,0.405534,0.281662,0.68719653
d__dgs3_dgs3__lag018,0.805643,0.466278,0.386673,0.68717413
d__dgs3_dgs3__lag034,0.805643,0.462465,0.390379,0.68708775
d__dgs3_dgs3__lag029,0.805643,0.464884,0.387857,0.68700481
q__ophnfb_nflabor_productivity__lag001,0.990596,0.181718,0.511733,0.68692948
q__bogz1lm573061105q_private_pension_ts__lag002,1.0,0.183056,0.503818,0.68687405
m__unrate_unrate__lag010,0.971787,0.334277,0.372372,0.68671285
d__dgs5_dgs5__lag064,0.805643,0.449251,0.403053,0.68665228
d__dgs3_dgs3__lag027,0.805643,0.462914,0.389227,0.68652142
d__dgs5_dgs5__lag081,0.805643,0.451454,0.400563,0.68642175
q__bogz1lm153061105q_hhnp_tsy__lag007,0.987461,0.232004,0.46304,0.68632881
d__dgs3_dgs3__lag020,0.805643,0.463677,0.388103,0.68623031
d__dgs5_dgs5__lag063,0.805643,0.447274,0.404471,0.68620222
d__dgs3_dgs3__lag022,0.805643,0.462909,0.388636,0.68604094
d__dgs5_dgs5__lag077,0.805643,0.450598,0.400578,0.68574372
d__dgs3_dgs3__lag019,0.805643,0.463562,0.387469,0.68562673
d__dgs3_dgs3__lag023,0.805643,0.461158,0.389865,0.68562026
d__dgs10_dgs10__lag032,0.805643,0.414244,0.436312,0.68524426
d__dgs3_dgs3__lag028,0.805643,0.462724,0.387383,0.6848828
d__dgs3_dgs3__lag033,0.805643,0.461083,0.389007,0.68486927
d__dgs10_dgs10__lag043,0.805643,0.414879,0.43516,0.68482734
q__bogz1fl702050005q_usb_ffrrp__lag008,0.984326,0.295204,0.400475,0.68477406
d__dgs5_dgs5__lag080,0.805643,0.449522,0.400249,0.68461151
d__dgs10_dgs10__lag090,0.802508,0.426163,0.426912,0.68459951
d__dgs3_dgs3__lag035,0.805643,0.459547,0.390184,0.68457989
q__bogz1fl753061103q_usb_tsy_for__lag003,1.0,0.251852,0.432714,0.68456577
d__dgs10_dgs10__lag089,0.805643,0.421979,0.427731,0.68456269
d__dgs10_dgs10__lag021,0.805643,0.412087,0.437557,0.68450933
d__dgs3_dgs3__lag016,0.805643,0.46515,0.384438,0.68446406
d__dgs5_dgs5__lag076,0.805643,0.448231,0.401354,0.68446213
d__dgs5_dgs5__lag078,0.805643,0.448176,0.40134,0.68440676
d__dgs5_dgs5__lag053,0.805643,0.444694,0.404761,0.6843569
d__dgs10_dgs10__lag018,0.805643,0.412691,0.436488,0.68413516
d__dgs3_dgs3__lag037,0.805643,0.460806,0.387857,0.68371932
d__dgs5_dgs5__lag050,0.805643,0.447038,0.401501,0.68361902
d__dgs10_dgs10__lag026,0.805643,0.411392,0.436919,0.68343531
d__dgs3_dgs3__lag017,0.805643,0.463242,0.384982,0.68336537
d__dgs3_dgs3__lag030,0.805643,0.461426,0.386592,0.68319947
d__dgs3_dgs3__lag036,0.805643,0.458202,0.389804,0.68318964
d__dgs5_dgs5__lag051,0.805643,0.4459,0.401876,0.68300444
d__dgs10_dgs10__lag025,0.805643,0.411499,0.436195,0.68293824
d__dgs3_dgs3__lag032,0.805643,0.459422,0.388007,0.68272439
d__dgs5_dgs5__lag079,0.805643,0.446347,0.400801,0.6824983
d__dgs10_dgs10__lag023,0.805643,0.410064,0.437015,0.6824437
d__dgs10_dgs10__lag029,0.805643,0.410654,0.436394,0.6824172
d__dgs3_dgs3__lag031,0.805643,0.45888,0.388141,0.68239651
d__dgs10_dgs10__lag024,0.805643,0.409826,0.43712,0.68233526
d__dgs10_dgs10__lag022,0.805643,0.409895,0.436959,0.68226109
d__dgs10_dgs10__lag044,0.805643,0.411422,0.435278,0.68213762
d__dgs10_dgs10__lag027,0.805643,0.408158,0.437722,0.68147742
d__dgs3_dgs3__lag041,0.805643,0.456648,0.389002,0.68129191
d__dgs3_dgs3__lag039,0.805643,0.457852,0.387778,0.68127516
d__dgs3_dgs3__lag015,0.805643,0.46203,0.383424,0.68113365
q__bogz1lm403061105q_gses_ts__lag004,0.996865,0.224193,0.45908,0.68113151
q__bogz1lm403061105q_gse_tsy__lag004,0.996865,0.224193,0.45908,0.68113151
d__dgs5_dgs5__lag052,0.805643,0.442919,0.402385,0.68101274
d__dgs3_dgs3__lag040,0.805643,0.457172,0.388118,0.6810015
q__bogz1fl313161110q_totalbills_z1__lag002,1.0,0.227364,0.453567,0.68093079
d__dgs10_dgs10__lag031,0.805643,0.409539,0.435476,0.68078026
d__dgs10_dgs10__lag019,0.805643,0.408784,0.435974,0.68057281
d__dgs3_dgs3__lag038,0.805643,0.456809,0.387784,0.68044051
d__dgs10_dgs10__lag030,0.805643,0.409655,0.434861,0.6803776
d__dgs10_dgs10__lag057,0.805643,0.410236,0.433934,0.68009909
d__dgs10_dgs10__lag016,0.805643,0.409696,0.43442,0.68005598
q__bogz1fl263061130q_row_gov_tsy__lag001,1.0,0.205444,0.474408,0.679852
d__dgs10_dgs10__lag045,0.805643,0.409384,0.434187,0.67961693
d__dgs3_dgs3__lag011,0.805643,0.458801,0.384642,0.6795136
d__dgs3_dgs3__lag002,0.805643,0.458418,0.38499,0.67948551
d__dgs3_dgs3__lag042,0.805643,0.456414,0.386828,0.67935159
d__dgs10_dgs10__lag087,0.805643,0.415351,0.427825,0.67929828
m__ipbuseq_ipbuseq__lag009,0.987461,0.254194,0.433679,0.67924774
d__dgs3_dgs3__lag010,0.805643,0.458095,0.384837,0.67910182
d__dgs10_dgs10__lag015,0.805643,0.410003,0.432927,0.67909967
d__dgs3_dgs3__lag008,0.805643,0.45818,0.384621,0.67899601
q__bogz1lm153061105q_hhnp_tsy__lag006,0.990596,0.236974,0.448358,0.67888673
d__dgs10_dgs10__lag017,0.805643,0.407201,0.43519,0.67866573
d__dgs10_dgs10__lag020,0.805643,0.406889,0.435429,0.67860685
d__dgs3_dgs3__lag014,0.805643,0.458542,0.382897,0.67789925
d__dgs10_dgs10__lag088,0.805643,0.41333,0.428107,0.67789698
d__dgs3_dgs3__lag013,0.805643,0.45689,0.384532,0.67788479
d__dgs3_dgs3__lag007,0.805643,0.456001,0.384968,0.67752053
d__dgs10_dgs10__lag056,0.805643,0.407736,0.433121,0.67742981
q__bogz1fl262151003q_row_repo__lag003,1.0,0.177976,0.499376,0.67735196
d__dgs10_dgs10__lag028,0.805643,0.405535,0.435161,0.67730067
d__dgs3_dgs3__lag012,0.805643,0.455283,0.385279,0.67719284
d__dgs10_dgs10__lag073,0.805643,0.410163,0.430284,0.67709989
m__ipbuseq_ipbuseq__lag004,0.990596,0.23395,0.449504,0.67702683
d__dgs10_dgs10__lag046,0.805643,0.406651,0.433646,0.67697883
d__dgs3_dgs3__lag044,0.805643,0.453382,0.386783,0.67687293
d__dgs3_dgs3__lag009,0.805643,0.455783,0.384305,0.6768103
d__dgs10_dgs10__lag084,0.805643,0.412988,0.426963,0.6767008
d__dgs10_dgs10__lag085,0.805643,0.412107,0.427786,0.67665329
d__dgs3_dgs3__lag006,0.805643,0.455931,0.383895,0.6766
d__dgs3_dgs3__lag043,0.805643,0.453828,0.385954,0.67656439
d__dgs10_dgs10__lag069,0.805643,0.408492,0.431275,0.67655164
d__dgs10_dgs10__lag014,0.805643,0.407792,0.431861,0.67645973
d__dgs10_dgs10__lag086,0.805643,0.412254,0.427293,0.6763747
d__dgs10_dgs10__lag071,0.805643,0.409863,0.429604,0.67630984
d__dgs3_dgs3__lag004,0.805643,0.454349,0.384968,0.67618958
d__dgs10_dgs10__lag083,0.805643,0.41207,0.427213,0.67616176
d__dgs3_dgs3__lag005,0.805643,0.454333,0.38488,0.6761062
d__dgs3_dgs3__lag003,0.805643,0.455011,0.383887,0.67585206
d__dgs10_dgs10__lag013,0.805643,0.405203,0.433654,0.67581926
d__dgs10_dgs10__lag070,0.805643,0.408641,0.430216,0.67581834
d__dgs10_dgs10__lag011,0.805643,0.405015,0.433641,0.67565692
d__dgs10_dgs10__lag058,0.805643,0.404338,0.434118,0.67549582
d__dgs3_dgs3__lag001,0.805643,0.45336,0.38475,0.67521715
d__dgs10_dgs10__lag048,0.805643,0.406302,0.431712,0.67514041
q__bogz1lm653061113q_mf_bills_raw__lag008,0.984326,0.225112,0.460585,0.67495022
q__bogz1lm653061113q_mutf_bills__lag008,0.984326,0.225112,0.460585,0.67495022
m__unrate_unrate__lag012,0.971787,0.373439,0.321032,0.67487759
d__dgs10_dgs10__lag082,0.805643,0.410659,0.426793,0.67468663
d__dgs10_dgs10__lag068,0.805643,0.405688,0.431609,0.67456219
d__dgs10_dgs10__lag072,0.805643,0.408739,0.428439,0.67446673
d__dgs3_dgs3__lag045,0.805643,0.451027,0.386015,0.67435728
d__dgs10_dgs10__lag054,0.805643,0.404297,0.432739,0.67435171
d__dgs10_dgs10__lag081,0.805643,0.410414,0.426428,0.67419566
d__dgs10_dgs10__lag074,0.805643,0.406464,0.430225,0.67407222
d__dgs10_dgs10__lag055,0.805643,0.402848,0.433839,0.67407124
d__dgs10_dgs10__lag012,0.805643,0.401463,0.43481,0.67373741
d__dgs10_dgs10__lag065,0.805643,0.405882,0.430384,0.67373119
q__bogz1fl263061130q_row_gov_tsy__lag002,1.0,0.194654,0.47876,0.67341456
d__dgs3_dgs3__lag046,0.805643,0.449908,0.385812,0.67329122
q__bogz1fl702050005q_usb_ffrrp__lag001,1.0,0.171448,0.501658,0.67310627
d__dgs10_dgs10__lag010,0.805643,0.402416,0.432873,0.67294391
d__dgs10_dgs10__lag066,0.805643,0.404297,0.430988,0.67294143
q__bogz1fl573061143q_private_db_pension_ts__lag004,0.996865,0.203749,0.471307,0.67293941
d__dgs10_dgs10__lag047,0.805643,0.401276,0.43371,0.67269973
d__dgs10_dgs10__lag075,0.805643,0.406188,0.428506,0.67246502
m__indpro_indpro__lag010,1.0,0.197901,0.474373,0.67227422
q__bogz1fl262151003q_row_repo__lag005,0.99373,0.185098,0.491091,0.67194942
d__dgs10_dgs10__lag067,0.805643,0.402968,0.430976,0.67186038
d__dgs10_dgs10__lag060,0.805643,0.399598,0.434311,0.6718331
q__bogz1lm573061105q_private_pension_ts__lag003,1.0,0.174051,0.497722,0.67177288
d__dgs10_dgs10__lag080,0.805643,0.407272,0.426376,0.67162228
q__ophnfb_nflabor_productivity__lag002,0.987461,0.167351,0.512402,0.67122962
d__dgs10_dgs10__lag077,0.805643,0.406352,0.426764,0.67119368
d__dgs3_dgs3__lag057,0.805643,0.446125,0.386558,0.67084546
d__dgs10_dgs10__lag061,0.805643,0.398912,0.43359,0.67069894
d__dgs10_dgs10__lag008,0.805643,0.400442,0.432038,0.67068147
d__dgs3_dgs3__lag090,0.802508,0.448806,0.386861,0.67062961
q__bogz1lm263061110q_row_bills_raw__lag002,1.0,0.227372,0.443229,0.67060138
q__bogz1lm263061110q_row_bills__lag002,1.0,0.227372,0.443229,0.67060138
d__dgs10_dgs10__lag062,0.805643,0.398724,0.433314,0.67032577
d__dgs10_dgs10__lag078,0.805643,0.404503,0.427483,0.67028332
d__dgs10_dgs10__lag076,0.805643,0.404237,0.427657,0.67020944
d__dgs10_dgs10__lag002,0.805643,0.400364,0.430624,0.66947875
d__dgs10_dgs10__lag007,0.805643,0.398088,0.432534,0.66918388
d__dgs10_dgs10__lag059,0.805643,0.395468,0.434664,0.66878954
d__dgs3_dgs3__lag047,0.805643,0.44514,0.384834,0.66866272
d__dgs3_dgs3__lag089,0.805643,0.443295,0.386644,0.66863427
d__dgs10_dgs10__lag079,0.805643,0.403045,0.426706,0.66848338
d__dgs10_dgs10__lag005,0.805643,0.398373,0.431274,0.66839924
d__dgs3_dgs3__lag060,0.805643,0.442942,0.386595,0.66831038
d__dgs10_dgs10__lag064,0.805643,0.399389,0.430109,0.66827878
d__dgs10_dgs10__lag049,0.805643,0.398678,0.43066,0.66815014
d__dgs3_dgs3__lag061,0.805643,0.443001,0.386269,0.66809521
d__dgs10_dgs10__lag006,0.805643,0.398402,0.430699,0.66795968
d__dgs10_dgs10__lag009,0.805643,0.396988,0.432084,0.66793551
d__dgs3_dgs3__lag048,0.805643,0.446193,0.382834,0.66789899
d__dgs3_dgs3__lag058,0.805643,0.44259,0.386194,0.66770335
d__dgs3_dgs3__lag056,0.805643,0.443562,0.38517,0.6676618
q__fgexpnd_fgexpnd__lag003,0.984326,0.172283,0.505842,0.66749649
d__dgs10_dgs10__lag004,0.805643,0.396403,0.431755,0.66719917
d__dgs10_dgs10__lag063,0.805643,0.396162,0.431902,0.66712407
d__dgs3_dgs3__lag059,0.805643,0.441569,0.386353,0.66700957
q__bogz1fl713061113q_cb_bills_raw__lag006,0.990596,0.252674,0.420507,0.66685077
q__bogz1fl713061113q_cb_bills__lag006,0.990596,0.252674,0.420507,0.66685077
d__dgs3_dgs3__lag055,0.805643,0.442034,0.385319,0.66655046
d__dgs3_dgs3__lag054,0.805643,0.442572,0.384086,0.66599153
d__dgs3_dgs3__lag062,0.805643,0.440359,0.386144,0.66586616
d__dgs10_dgs10__lag003,0.805643,0.396621,0.429877,0.6658627
d__dgs3_dgs3__lag085,0.805643,0.440368,0.385795,0.66559182
d__dgs3_dgs3__lag049,0.805643,0.443422,0.382473,0.6653764
q__na000283q_gov_current_exp__lag003,0.984326,0.170711,0.505158,0.66527493
d__dgs3_dgs3__lag087,0.805643,0.439583,0.38618,0.66526957
q__bogz1lm153061105q_hhnp_tsy__lag005,0.99373,0.234627,0.434774,0.66520425
d__dgs10_dgs10__lag053,0.805643,0.392335,0.433319,0.66518175
d__dgs3_dgs3__lag073,0.805643,0.439781,0.385826,0.66514444
d__dgs3_dgs3__lag065,0.805643,0.441134,0.384433,0.66511196
d__dgs10_dgs10__lag001,0.805643,0.394433,0.430969,0.66497859
d__dgs3_dgs3__lag088,0.805643,0.438694,0.386648,0.66493028
q__rowcbaq027s_row_corpbonds_flow__lag007,0.974922,0.234385,0.447232,0.66452296
m__ipbuseq_ipbuseq__lag005,0.990596,0.222162,0.448639,0.66449241
d__dgs3_dgs3__lag071,0.805643,0.439844,0.384766,0.66434099
d__dgs10_dgs10__lag050,0.805643,0.394426,0.43017,0.66432994
d__dgs3_dgs3__lag072,0.805643,0.440497,0.384093,0.66432545
d__dgs3_dgs3__lag064,0.805643,0.440123,0.384337,0.66422053
q__bogz1fa693061105q_nonmmf_ts_tx__lag001,0.99373,0.276739,0.391548,0.66409687
q__bogz1fa693061105q_nonmmmf_ts_tx__lag001,0.99373,0.276739,0.391548,0.66409687
d__dgs3_dgs3__lag069,0.805643,0.439655,0.384591,0.66404752
d__dgs3_dgs3__lag063,0.805643,0.438723,0.385462,0.66399877
d__dgs3_dgs3__lag084,0.805643,0.438395,0.385369,0.66365962
q__bogz1lm343061113q_fed_gov_dcf_retirement_ts__lag004,0.996865,0.155871,0.509815,0.66359966
q__bogz1lm343061113q_fed_gov_dc_retirement_ts__lag004,0.996865,0.155871,0.509815,0.66359966
q__bogz1lm343061113q_fed_ret_tsy_dc__lag004,0.996865,0.155871,0.509815,0.66359966
d__dgs3_dgs3__lag086,0.805643,0.438263,0.385124,0.66335542
d__dgs3_dgs3__lag083,0.805643,0.438812,0.384387,0.66320411
m__indpro_indpro__lag012,1.0,0.198909,0.464243,0.66315204
d__dgs10_dgs10__lag051,0.805643,0.39266,0.430099,0.66284984
d__dgs3_dgs3__lag068,0.805643,0.437493,0.385116,0.66272827
d__dgs3_dgs3__lag070,0.805643,0.438087,0.384448,0.66266908
d__dgs3_dgs3__lag074,0.805643,0.437135,0.385354,0.66263208
d__dgs3_dgs3__lag075,0.805643,0.438272,0.384204,0.66262186
d__dgs3_dgs3__lag066,0.805643,0.436675,0.384544,0.66160965
d__dgs3_dgs3__lag053,0.805643,0.436622,0.384553,0.66157424
d__dgs3_dgs3__lag067,0.805643,0.435953,0.385106,0.66148007
d__dgs3_dgs3__lag050,0.805643,0.439393,0.381567,0.66139986
q__bogz1lm263061110q_row_bills_raw__lag003,1.0,0.20249,0.458662,0.66115253
q__bogz1lm263061110q_row_bills__lag003,1.0,0.20249,0.458662,0.66115253
q__bogz1fl712051000q_fed_rrp__lag006,0.990596,0.39086,0.276564,0.66114702
d__dgs3_dgs3__lag082,0.805643,0.436687,0.383907,0.66110504
m__ipbuseq_ipbuseq__lag006,0.990596,0.222265,0.44511,0.66109905
q__bogz1fl262151003q_row_repo__lag002,1.0,0.158819,0.50227,0.66108901
m__unrate_unrate__lag011,0.971787,0.327336,0.352819,0.66096578
d__dgs3_dgs3__lag051,0.805643,0.437152,0.382619,0.66044235
d__dgs3_dgs3__lag077,0.805643,0.436863,0.382834,0.66038243
d__dgs10_dgs10__lag052,0.805643,0.388529,0.430987,0.66023676
d__dgs3_dgs3__lag078,0.805643,0.435704,0.383465,0.65995766
q__bogz1fl263061130q_row_gov_tsy__lag003,1.0,0.179118,0.480221,0.65933839
q__bogz1fl343061123q_fed_gov_dcg_retirement_ts__lag004,0.996865,0.154387,0.506905,0.65921875
d__dgs3_dgs3__lag076,0.805643,0.434731,0.38339,0.65911375
m__usalolitoaastsam_oecd_leading_indicator_us__lag009,0.887147,0.418523,0.32421,0.6589139
d__dgs3_dgs3__lag081,0.805643,0.435081,0.382567,0.6587323
d__dgs3_dgs3__lag052,0.805643,0.434741,0.382588,0.65847528
q__ad02rc1q027sbea_gov_netlending__lag003,0.827586,0.366518,0.428788,0.6581846
d__dgs3_dgs3__lag080,0.805643,0.433987,0.382422,0.65773388
q__bogz1fl593061105q_pension_ts__lag001,1.0,0.143961,0.513517,0.65747747
q__bogz1fl543061175q_life_insurance_ts__lag004,0.996865,0.192817,0.466662,0.65741093
q__bogz1fa673061103q_abs_issuers_ts_tx__lag002,0.990596,0.258558,0.404749,0.65706961
m__ipncongd_ipncongd__lag009,0.987461,0.327007,0.337851,0.65652165
d__dgs3_dgs3__lag079,0.805643,0.431987,0.382837,0.65645661
q__psave_psave__lag005,0.978056,0.196784,0.473751,0.65582015
q__bogz1fa673061103q_abs_issuers_ts_tx__lag001,0.99373,0.251307,0.408524,0.65569366
q__bogz1lm263061110q_row_bills_raw__lag001,1.0,0.220135,0.435052,0.65518623
q__bogz1lm263061110q_row_bills__lag001,1.0,0.220135,0.435052,0.65518623
q__bogz1fl264135005q_row_loans_l__lag005,0.99373,0.149577,0.509122,0.65456907
m__ipbuseq_ipbuseq__lag008,0.987461,0.228867,0.433703,0.6542625
q__fbtsaaq027s_dom_fin_sector_tsy__lag001,1.0,0.164378,0.489433,0.65381157
m__fedfunds_fed_funds__lag001,0.899687,0.386471,0.340015,0.65360967
q__bogz1fl593061105q_pension_ts__lag002,1.0,0.143831,0.509154,0.65298527
q__bogz1fl713061113q_cb_bills_raw__lag008,0.984326,0.332961,0.330244,0.65280957
q__bogz1fl713061113q_cb_bills__lag008,0.984326,0.332961,0.330244,0.65280957
m__busloans_busloans__lag009,0.987461,0.160782,0.500173,0.65266695
m__busloans_busloans__lag008,0.987461,0.159193,0.500662,0.65158069
q__b093rc1q027sbea_gov_int_row__lag008,0.968652,0.19777,0.473063,0.64980403
q__bogz1fl264135005a_row_loans_l__lag006,1.0,0.135517,0.514213,0.64973052
q__bogz1fl633061110q_mmf_bills_raw__lag004,0.996865,0.176464,0.47515,0.6495714
q__bogz1fl633061110q_mmf_bills__lag004,0.996865,0.176464,0.47515,0.6495714
q__bogz1fl264135005a_row_loans_l__lag007,0.996865,0.136101,0.515318,0.64937635
q__bogz1fl313161110q_totalbills_z1__lag001,1.0,0.21927,0.42861,0.64787989
q__tgdef_net_gov_sav__lag005,0.978056,0.219837,0.442112,0.64742399
m__fedfunds_fed_funds__lag002,0.899687,0.377927,0.341564,0.64731656
q__bogz1fl313161110q_totalbills_z1__lag003,1.0,0.182634,0.46437,0.64700332
d__dgs20_dgs20__lag034,0.805643,0.355693,0.446947,0.64664047
q__fgexpnd_fgexpnd__lag004,0.981191,0.156806,0.501987,0.64640185
q__bogz1fa713061103q_cb_tsy_tx__lag004,0.984326,0.45367,0.20301,0.64638653
q__bogz1fa573061133q_private_dc_pension_ts_tx__lag001,0.99373,0.362404,0.287803,0.64613099
d__dgs20_dgs20__lag042,0.805643,0.357129,0.444736,0.6460172
d__dgs20_dgs20__lag036,0.805643,0.356392,0.445451,0.64599866
m__indpro_indpro__lag011,1.0,0.179451,0.466508,0.64595886
d__dgs20_dgs20__lag033,0.805643,0.356838,0.444935,0.6459427
q__bogz1fl264135005a_row_loans_l__lag003,1.0,0.119765,0.526093,0.64585807
q__bogz1fl262151003q_row_repo__lag004,0.996865,0.165806,0.481999,0.64577432
d__dgs20_dgs20__lag040,0.805643,0.355308,0.446225,0.64574942
d__dgs20_dgs20__lag037,0.805643,0.357014,0.444516,0.64574673
d__dgs20_dgs20__lag039,0.805643,0.355839,0.445618,0.64568789
q__na000283q_gov_current_exp__lag004,0.981191,0.15634,0.501552,0.64551784
q__bogz1fl264135005q_row_loans_l__lag003,1.0,0.134559,0.51,0.64455932
d__dgs20_dgs20__lag089,0.805643,0.36372,0.435747,0.64408408
d__dgs20_dgs20__lag041,0.805643,0.35305,0.446326,0.64401171
m__uspriv_uspriv__lag003,1.0,0.139497,0.504417,0.64391396
m__busloans_busloans__lag012,0.984326,0.14977,0.504272,0.64379029
d__dgs20_dgs20__lag090,0.802508,0.367026,0.434532,0.64325633
d__dgs20_dgs20__lag038,0.805643,0.352189,0.445486,0.64264064
q__ophnfb_nflabor_productivity__lag003,0.984326,0.144617,0.507956,0.64234475
q__bogz1lm263061105q_row_tsy_raw__lag001,1.0,0.143762,0.498509,0.6422706
q__bogz1lm263061105q_row_tsy__lag001,1.0,0.143762,0.498509,0.6422706
d__dgs20_dgs20__lag035,0.805643,0.349955,0.447013,0.64207148
q__bogz1fl573061143q_private_db_pension_ts__lag005,0.99373,0.181437,0.464667,0.64205286
q__bogz1lm653061113q_mf_bills_raw__lag007,0.987461,0.194141,0.455636,0.64162911
q__bogz1lm653061113q_mutf_bills__lag007,0.987461,0.194141,0.455636,0.64162911
d__dgs20_dgs20__lag032,0.805643,0.351888,0.444228,0.64138525
q__bogz1fl264135005a_row_loans_l__lag005,1.0,0.118062,0.523285,0.64134786
m__mvmtd027mnfrbdal_mv_mkt_debt__lag001,1.0,0.153582,0.487095,0.64067669
q__expgs_exports__lag008,0.968652,0.154485,0.506204,0.63997831
q__netfi_netfi__lag005,0.978056,0.282871,0.371395,0.63990915
d__dgs20_dgs20__lag018,0.805643,0.34881,0.445274,0.63974752
d__dgs20_dgs20__lag021,0.805643,0.348156,0.445619,0.6394992
d__dgs20_dgs20__lag022,0.805643,0.34838,0.445288,0.63941315
m__payems_nonfarm_payrolls__lag003,1.0,0.140167,0.498898,0.63906454
q__bogz1lm663061105q_brokers_dealers_ts__lag007,0.987461,0.156344,0.490563,0.63879561
m__mvmtd027mnfrbdal_mv_mkt_debt__lag002,1.0,0.150136,0.488643,0.63877896
d__dgs20_dgs20__lag023,0.805643,0.347908,0.444943,0.63875416
d__dgs20_dgs20__lag087,0.805643,0.357404,0.435419,0.63873242
m__psavert_psavert__lag011,0.833856,0.512308,0.253533,0.63860123
m__uspriv_uspriv__lag009,1.0,0.159745,0.478732,0.63847734
m__uspriv_uspriv__lag002,1.0,0.131855,0.506572,0.63842728
d__dgs20_dgs20__lag043,0.805643,0.348608,0.443583,0.63822281
m__ipncongd_ipncongd__lag002,0.99373,0.279728,0.362356,0.63805851
d__dgs20_dgs20__lag088,0.805643,0.355655,0.436203,0.63795423
d__dgs20_dgs20__lag026,0.805643,0.347055,0.444802,0.63795387
m__uspriv_uspriv__lag006,1.0,0.143566,0.494347,0.63791272
m__busloans_busloans__lag011,0.984326,0.145,0.5029,0.63774426
m__busloans_busloans__lag010,0.984326,0.146591,0.501269,0.63770517
q__bogz1lm573061105q_private_pension_ts__lag004,0.996865,0.152293,0.487341,0.63762794
m__mvmtd027mnfrbdal_mv_mkt_debt__lag004,1.0,0.147099,0.490257,0.63735534
d__dgs20_dgs20__lag024,0.805643,0.346259,0.444855,0.63735512
d__dgs20_dgs20__lag013,0.805643,0.347272,0.44343,0.63702365
q__hnotsbq027s_hhnp_tsy_tx__lag001,0.99373,0.326698,0.31421,0.63689001
d__dgs20_dgs20__lag025,0.805643,0.346617,0.443875,0.63685371
d__dgs20_dgs20__lag029,0.805643,0.346034,0.444092,0.63655952
d__dgs20_dgs20__lag014,0.805643,0.348006,0.442068,0.63651732
d__dgs20_dgs20__lag015,0.805643,0.347323,0.442728,0.63649904
q__bogz1fl264135005q_row_loans_l__lag004,0.996865,0.135035,0.503265,0.63629913
m__mvmtd027mnfrbdal_mv_mkt_debt__lag003,1.0,0.147548,0.488604,0.63615264
d__dgs20_dgs20__lag031,0.805643,0.346514,0.443104,0.63615005
d__dgs20_dgs20__lag019,0.805643,0.34523,0.444161,0.63596753
d__dgs20_dgs20__lag027,0.805643,0.343462,0.445806,0.63586829
d__dgs20_dgs20__lag011,0.805643,0.34598,0.443092,0.63570978
d__dgs20_dgs20__lag016,0.805643,0.345165,0.443836,0.63565233
q__bogz1fl263061130q_row_gov_tsy__lag004,0.996865,0.160416,0.477163,0.63558087
m__mvphgfd027mnfrbdal_mvphgfd027mnfrbdal__lag007,1.0,0.147171,0.488362,0.63553281
m__mvphgfd027mnfrbdal_mv_priv_debt__lag007,1.0,0.147171,0.488362,0.63553281
d__dgs20_dgs20__lag030,0.805643,0.346273,0.442516,0.63548174
m__mvphgfd027mnfrbdal_mvphgfd027mnfrbdal__lag006,1.0,0.14782,0.487451,0.63527093
m__mvphgfd027mnfrbdal_mv_priv_debt__lag006,1.0,0.14782,0.487451,0.63527093
d__ldgust_tga_fed_alt__lag013,1.0,0.169614,0.465502,0.63511648
m__ipncongd_ipncongd__lag003,0.99373,0.282743,0.356295,0.63503104
q__bogz1fl633061105q_mmf_tsy_raw__lag004,0.996865,0.161509,0.475507,0.63501944
q__bogz1fl633061105q_money_market_funds_ts__lag004,0.996865,0.161509,0.475507,0.63501944
d__dgs20_dgs20__lag017,0.805643,0.343854,0.444339,0.63500223
m__ipncongd_ipncongd__lag008,0.987461,0.305691,0.337305,0.63493371
d__dgs20_dgs20__lag012,0.805643,0.343443,0.444484,0.63478792
m__busloans_busloans__lag007,0.987461,0.145629,0.497161,0.63472935
q__bogz1fl262151003q_row_repo__lag007,0.987461,0.156804,0.485985,0.6347285
q__bogz1lm663061105q_brokers_dealers_ts__lag006,0.990596,0.167585,0.473107,0.63466645
m__fedfunds_fed_funds__lag003,0.899687,0.366826,0.338576,0.63464077
d__dgs20_dgs20__lag044,0.805643,0.344204,0.443384,0.6345142
q__netfi_netfi__lag004,0.981191,0.273147,0.373447,0.63443187
m__mvphgfd027mnfrbdal_mvphgfd027mnfrbdal__lag005,1.0,0.147529,0.486749,0.63427762
m__mvphgfd027mnfrbdal_mv_priv_debt__lag005,1.0,0.147529,0.486749,0.63427762
d__dgs20_dgs20__lag057,0.805643,0.34533,0.44191,0.63423421
m__payems_nonfarm_payrolls__lag002,1.0,0.133484,0.500706,0.63419016
d__dgs20_dgs20__lag020,0.805643,0.343612,0.443314,0.63398092
d__dgs20_dgs20__lag086,0.805643,0.351182,0.435668,0.63392011
d__dgs20_dgs20__lag084,0.805643,0.351672,0.435105,0.6338613
q__bogz1lm263061105q_row_tsy_raw__lag002,1.0,0.137022,0.496835,0.6338576
q__bogz1lm263061105q_row_tsy__lag002,1.0,0.137022,0.496835,0.6338576
d__dgs20_dgs20__lag083,0.805643,0.350966,0.435371,0.63350646
m__ipncongd_ipncongd__lag006,0.990596,0.289167,0.350329,0.63348157
d__dgs20_dgs20__lag085,0.805643,0.35026,0.435862,0.63333294
q__bogz1fl543061175q_life_insurance_ts__lag005,0.99373,0.159442,0.477696,0.63314434
q__bogz1fl753061103q_usb_tsy_for__lag002,1.0,0.230008,0.403098,0.63310597
d__dgs20_dgs20__lag010,0.805643,0.342714,0.442422,0.63253845
q__bogz1fl593061105q_pension_ts__lag003,1.0,0.134498,0.498037,0.63253499
d__dgs20_dgs20__lag045,0.805643,0.342882,0.442031,0.63235997
d__dgs20_dgs20__lag082,0.805643,0.350108,0.434712,0.63228448
m__mvphgfd027mnfrbdal_mvphgfd027mnfrbdal__lag004,1.0,0.146877,0.48535,0.63222636
m__mvphgfd027mnfrbdal_mv_priv_debt__lag004,1.0,0.146877,0.48535,0.63222636
q__bogz1fl264135005q_row_loans_l__lag006,0.990596,0.128159,0.509958,0.63211609
q__bogz1fa653061105q_mutual_funds_ts_tx__lag001,0.99373,0.31273,0.323198,0.63194021
m__payems_nonfarm_payrolls__lag006,1.0,0.142492,0.489432,0.63192373
d__dgs1_dgs1__lag002,0.805643,0.430108,0.354248,0.63191047
d__dgs20_dgs20__lag028,0.805643,0.340952,0.443358,0.63187288
d__dgs1_dgs1__lag003,0.805643,0.430276,0.35388,0.63174944
m__uspriv_uspriv__lag001,1.0,0.123071,0.508448,0.63151854
d__dgs20_dgs20__lag070,0.805643,0.345304,0.438505,0.63146962
d__dgs20_dgs20__lag081,0.805643,0.348856,0.434824,0.63136583
d__dgs20_dgs20__lag046,0.805643,0.341972,0.441645,0.63131529
q__bogz1fr543061175q_life_insurance_ts_reval__lag004,0.984326,0.368679,0.272678,0.63130484
d__dgs20_dgs20__lag056,0.805643,0.342825,0.440776,0.63130199
m__mvmtd027mnfrbdal_mv_mkt_debt__lag006,1.0,0.141228,0.490063,0.6312912
q__bogz1fl713061103q_fed_tsy__lag001,1.0,0.144331,0.486924,0.63125511
q__bogz1fl713061103q_fed_tsy_raw__lag001,1.0,0.144331,0.486924,0.63125511
q__bogz1fl713061103q_cb_tsy__lag001,1.0,0.144331,0.486924,0.63125511
m__mvphgfd027mnfrbdal_mvphgfd027mnfrbdal__lag003,1.0,0.146717,0.484479,0.63119537
m__mvphgfd027mnfrbdal_mv_priv_debt__lag003,1.0,0.146717,0.484479,0.63119537
q__bogz1fl262151003q_row_repo__lag006,0.990596,0.153143,0.48397,0.63112223
d__dgs1_dgs1__lag004,0.805643,0.429427,0.353829,0.63102432
d__dgs20_dgs20__lag069,0.805643,0.343964,0.439276,0.63101177
d__ldgust_tga_fed_alt__lag011,1.0,0.170701,0.460224,0.63092508
d__dgs20_dgs20__lag073,0.805643,0.344787,0.438326,0.6309091
d__dgs20_dgs20__lag058,0.805643,0.340964,0.442141,0.63090238
d__dgs1_dgs1__lag021,0.805643,0.425378,0.357724,0.63090004
d__dgs20_dgs20__lag008,0.805643,0.341864,0.441168,0.63084428
d__dgs1_dgs1__lag001,0.805643,0.428524,0.354259,0.63064307
m__mvmtd027mnfrbdal_mv_mkt_debt__lag005,1.0,0.141101,0.489532,0.63063348
d__dgs20_dgs20__lag071,0.805643,0.344866,0.437745,0.63050457
d__dgs1_dgs1__lag024,0.805643,0.423616,0.358961,0.63047745
d__dgs1_dgs1__lag025,0.805643,0.42431,0.358219,0.63043804
d__dgs20_dgs20__lag074,0.805643,0.343602,0.438846,0.63037349
d__dgs1_dgs1__lag005,0.805643,0.428113,0.354248,0.63030365
d__dgs20_dgs20__lag002,0.805643,0.342757,0.439411,0.6301477
m__uspriv_uspriv__lag005,1.0,0.133132,0.496908,0.6300408
d__dgs20_dgs20__lag068,0.805643,0.342355,0.43962,0.62999208
d__dgs1_dgs1__lag020,0.805643,0.424784,0.357184,0.62998668
d__dgs20_dgs20__lag080,0.805643,0.346663,0.435136,0.62985031
d__dgs1_dgs1__lag023,0.805643,0.423023,0.358741,0.62982237
q__bogz1fl543061165q_life_insurance_ts__lag001,1.0,0.15583,0.473969,0.62979867
q__bogz1fl704041005q_usb_stloan_a__lag004,0.996865,0.124852,0.506913,0.62978418
d__dgs1_dgs1__lag008,0.805643,0.427833,0.353862,0.62976638
d__dgs20_dgs20__lag066,0.805643,0.34278,0.438875,0.6297348
m__payems_nonfarm_payrolls__lag009,1.0,0.153871,0.475777,0.62964833
d__dgs1_dgs1__lag007,0.805643,0.427644,0.353705,0.62948863
d__dgs1_dgs1__lag006,0.805643,0.427814,0.353206,0.62922322
m__ipncongd_ipncongd__lag005,0.990596,0.279978,0.355196,0.62920075
d__dgs1_dgs1__lag022,0.805643,0.423099,0.357794,0.62912063
d__dgs1_dgs1__lag010,0.805643,0.426823,0.353844,0.62893845
d__dgs20_dgs20__lag005,0.805643,0.340256,0.440097,0.62868511
d__dgs20_dgs20__lag048,0.805643,0.339965,0.440311,0.62862326
q__rowgseq027s_row_agency_flow__lag002,0.990596,0.310813,0.323735,0.62858023
d__dgs1_dgs1__lag026,0.805643,0.421474,0.358732,0.62856674
d__dgs1_dgs1__lag027,0.805643,0.421863,0.35834,0.62856485
m__permit_permit__lag009,0.824451,0.227787,0.534615,0.62856334
d__dgs1_dgs1__lag016,0.805643,0.426274,0.353811,0.62846934
d__dgs20_dgs20__lag065,0.805643,0.341995,0.437999,0.62839679
d__dgs20_dgs20__lag060,0.805643,0.33822,0.441758,0.62838347
d__dgs1_dgs1__lag018,0.805643,0.425113,0.35475,0.62829073
d__dgs1_dgs1__lag028,0.805643,0.421921,0.357927,0.62827885
d__dgs20_dgs20__lag007,0.805643,0.338403,0.44143,0.62826702
d__dgs20_dgs20__lag009,0.805643,0.338335,0.441442,0.62822178
d__dgs1_dgs1__lag011,0.805643,0.425717,0.354003,0.62817637
m__payems_nonfarm_payrolls__lag001,1.0,0.12553,0.502598,0.6281282
d__dgs1_dgs1__lag029,0.805643,0.421536,0.358124,0.6281271
d__dgs1_dgs1__lag019,0.805643,0.42347,0.35602,0.62799044
d__dgs20_dgs20__lag077,0.805643,0.344213,0.435275,0.62798931
d__dgs20_dgs20__lag055,0.805643,0.337605,0.441848,0.62796059
d__dgs20_dgs20__lag072,0.805643,0.34322,0.436191,0.627927
d__dgs20_dgs20__lag054,0.805643,0.338737,0.440568,0.62784149
d__dgs20_dgs20__lag075,0.805643,0.342087,0.437182,0.62781179
d__dgs20_dgs20__lag006,0.805643,0.339304,0.439831,0.62770418
d__dgs20_dgs20__lag004,0.805643,0.338196,0.440765,0.62756377
d__dgs20_dgs20__lag078,0.805643,0.342789,0.436166,0.6275589
d__dgs1_dgs1__lag015,0.805643,0.425387,0.353477,0.62748564
q__bogz1fl543061165q_life_insurance_ts__lag002,1.0,0.147963,0.479476,0.62743853
d__dgs1_dgs1__lag009,0.805643,0.425423,0.353357,0.62741791
m__mvphgfd027mnfrbdal_mvphgfd027mnfrbdal__lag002,1.0,0.144427,0.482881,0.62730876
m__mvphgfd027mnfrbdal_mv_priv_debt__lag002,1.0,0.144427,0.482881,0.62730876
q__ad02rc1q027sbea_gov_netlending__lag004,0.824451,0.336467,0.424388,0.62728831
d__dgs20_dgs20__lag076,0.805643,0.342011,0.436538,0.62723199
q__bogz1fl704035005q_usb_loan_a__lag008,0.984326,0.148563,0.488588,0.62716449
m__mvmtd027mnfrbdal_mv_mkt_debt__lag007,1.0,0.137137,0.490013,0.62714985
d__dgs20_dgs20__lag067,0.805643,0.339721,0.438718,0.62714436
q__bogz1fl263061130q_row_gov_tsy__lag005,0.99373,0.151686,0.479055,0.62678682
q__bogz1fl264135005q_row_loans_l__lag007,0.987461,0.12679,0.507954,0.6267844
d__dgs20_dgs20__lag061,0.805643,0.337141,0.440819,0.6267582
d__dgs20_dgs20__lag003,0.805643,0.338843,0.43903,0.62668762
m__mvphgfd027mnfrbdal_mvphgfd027mnfrbdal__lag010,1.0,0.135256,0.491353,0.62660839
m__mvphgfd027mnfrbdal_mv_priv_debt__lag010,1.0,0.135256,0.491353,0.62660839
d__dgs1_dgs1__lag013,0.805643,0.423711,0.354057,0.6266034
d__ldgust_tga_fed_alt__lag012,1.0,0.168367,0.458213,0.62658019
d__dgs20_dgs20__lag047,0.805643,0.335419,0.442269,0.62653857
d__dgs20_dgs20__lag079,0.805643,0.342472,0.435121,0.62646215
d__dgs20_dgs20__lag062,0.805643,0.336758,0.440821,0.62645063
d__dgs1_dgs1__lag014,0.805643,0.423959,0.353506,0.62635849
d__dgs1_dgs1__lag030,0.805643,0.419303,0.357671,0.62596371
q__netfi_netfi__lag003,0.984326,0.223468,0.412345,0.62584683
d__ldgust_tga_fed_alt__lag015,1.0,0.155309,0.470454,0.62576263
d__dgs20_dgs20__lag001,0.805643,0.336969,0.439754,0.62576089
d__dgs1_dgs1__lag012,0.805643,0.422521,0.353978,0.62558081
d__dgs1_dgs1__lag017,0.805643,0.423615,0.352796,0.62550966
d__dgs7_dgs7__lag037,0.711599,0.455166,0.423834,0.62549571
q__ophnfb_nflabor_productivity__lag004,0.981191,0.130441,0.506871,0.62532477
m__mvphgfd027mnfrbdal_mvphgfd027mnfrbdal__lag008,1.0,0.137983,0.487337,0.62531925
m__mvphgfd027mnfrbdal_mv_priv_debt__lag008,1.0,0.137983,0.487337,0.62531925
d__dgs7_dgs7__lag034,0.711599,0.451329,0.427364,0.62527714
q__bogz1fl262151003q_row_repo__lag001,1.0,0.116854,0.508413,0.62526728
q__bogz1fl713061113q_cb_bills_raw__lag005,0.99373,0.177146,0.452015,0.62521701
q__bogz1fl713061113q_cb_bills__lag005,0.99373,0.177146,0.452015,0.62521701
q__bogz1fl543061165q_life_insurance_ts__lag003,1.0,0.139903,0.485154,0.62505725
q__bogz1fl264135005q_row_loans_l__lag002,1.0,0.112718,0.512298,0.62501578
d__dgs1_dgs1__lag031,0.805643,0.417302,0.358413,0.62494956
m__busloans_busloans__lag006,0.990596,0.137667,0.493091,0.62482621
m__uspriv_uspriv__lag008,1.0,0.14157,0.483207,0.62477724
q__fbtsaaq027s_dom_fin_sector_tsy__lag002,1.0,0.141142,0.483531,0.62467278
d__dgs1_dgs1__lag034,0.805643,0.417101,0.358022,0.6244725
d__ldgust_tga_fed_alt__lag016,1.0,0.150481,0.473843,0.62432317
d__dgs1_dgs1__lag033,0.805643,0.416335,0.358467,0.62421411
m__usalolitoaastsam_oecd_leading_indicator_us__lag008,0.887147,0.366146,0.337421,0.62416731
d__dgs1_dgs1__lag032,0.805643,0.416567,0.358139,0.62413646
m__mvphgfd027mnfrbdal_mvphgfd027mnfrbdal__lag009,1.0,0.134822,0.489222,0.62404332
m__mvphgfd027mnfrbdal_mv_priv_debt__lag009,1.0,0.134822,0.489222,0.62404332
d__dgs7_dgs7__lag036,0.711599,0.451228,0.42559,0.6239425
d__dgs20_dgs20__lag064,0.805643,0.335987,0.438084,0.62362423
d__dgs1_dgs1__lag035,0.805643,0.41599,0.357973,0.62353782
q__bogz1lm263061105q_row_tsy_raw__lag003,1.0,0.126361,0.497166,0.62352744
q__bogz1lm263061105q_row_tsy__lag003,1.0,0.126361,0.497166,0.62352744
d__dgs7_dgs7__lag040,0.711599,0.451292,0.424926,0.62351526
d__dgs7_dgs7__lag042,0.711599,0.452873,0.423293,0.62347855
m__payems_nonfarm_payrolls__lag005,1.0,0.131601,0.491859,0.62345966
d__dgs20_dgs20__lag059,0.805643,0.331357,0.442395,0.62336706
d__dgs7_dgs7__lag041,0.711599,0.450334,0.425437,0.62319718
d__dgs7_dgs7__lag039,0.711599,0.45121,0.424497,0.62315229
q__fbtsatq027s_dom_fin_sector_tsy_tx__lag005,0.981191,0.249375,0.385721,0.62315083
d__dgs1_dgs1__lag037,0.805643,0.415807,0.357631,0.62311406
d__dgs20_dgs20__lag063,0.805643,0.333469,0.439758,0.62294427
d__dgs7_dgs7__lag033,0.711599,0.450059,0.425352,0.62294114
d__dgs1_dgs1__lag036,0.805643,0.414546,0.3584,0.62271779
d__ldgust_tga_fed_alt__lag014,1.0,0.1615,0.461036,0.62253575
m__ipncongd_ipncongd__lag004,0.990596,0.269748,0.358459,0.62229915
d__dgs1_dgs1__lag038,0.805643,0.41504,0.357351,0.62227166
m__uspriv_uspriv__lag004,1.0,0.122029,0.500181,0.62220941
d__dgs1_dgs1__lag039,0.805643,0.414649,0.357555,0.62212076
d__dgs7_dgs7__lag035,0.711599,0.447381,0.426818,0.62207944
q__bogz1fl704041005q_usb_stloan_a__lag003,1.0,0.118639,0.503406,0.62204436
m__ipbuseq_ipbuseq__lag007,0.987461,0.191314,0.438629,0.62204386
d__dgs20_dgs20__lag049,0.805643,0.332573,0.439482,0.62200082
m__ipmat_ipmat__lag005,1.0,0.109407,0.512462,0.62186875
d__ldgust_tga_fed_alt__lag017,1.0,0.148838,0.473007,0.62184454
q__b093rc1q027sbea_gov_int_row__lag007,0.971787,0.174975,0.464911,0.62183273
d__dgs1_dgs1__lag041,0.805643,0.414091,0.357737,0.62181783
q__bogz1lm153061105q_hhnp_tsy__lag008,0.984326,0.175101,0.456467,0.62166814
d__dgs7_dgs7__lag038,0.711599,0.449108,0.424465,0.62163328
q__bogz1fl704035005q_usb_loan_a__lag007,0.987461,0.137999,0.491381,0.62148745
d__dgs7_dgs7__lag021,0.711599,0.447303,0.425686,0.62121737
d__dgs7_dgs7__lag090,0.711599,0.45583,0.417152,0.62121225
d__dgs1_dgs1__lag040,0.805643,0.413183,0.357836,0.62116623
d__dgs1_dgs1__lag042,0.805643,0.413623,0.356986,0.62083573
d__dgs7_dgs7__lag018,0.711599,0.447957,0.424313,0.62070597
m__mvphgfd027mnfrbdal_mvphgfd027mnfrbdal__lag001,1.0,0.140786,0.479601,0.62038742
m__mvphgfd027mnfrbdal_mv_priv_debt__lag001,1.0,0.140786,0.479601,0.62038742
d__dgs1_dgs1__lag044,0.805643,0.412535,0.357281,0.62019644
d__dgs7_dgs7__lag025,0.711599,0.446555,0.424982,0.62018459
d__dgs1_dgs1__lag043,0.805643,0.412927,0.356833,0.62015157
d__dgs7_dgs7__lag026,0.711599,0.445916,0.425515,0.62010918
q__bogz1fl704035005q_usb_loan_a__lag004,0.996865,0.124294,0.497764,0.62010865
q__bogz1lm653061105q_mf_tsy_raw__lag001,1.0,0.110309,0.509774,0.62008386
q__bogz1lm653061105q_mutual_funds_ts__lag001,1.0,0.110309,0.509774,0.62008386
q__bogz1fl543061165q_life_insurance_ts__lag005,0.99373,0.125709,0.497906,0.61970538
d__dgs7_dgs7__lag043,0.711599,0.448401,0.422146,0.61947962
d__dgs7_dgs7__lag022,0.711599,0.445084,0.425372,0.61941529
d__dgs20_dgs20__lag053,0.805643,0.32723,0.441488,0.61931212
q__bogz1fl704035005q_usb_loan_a__lag006,0.990596,0.130708,0.494439,0.61926802
d__dgs1_dgs1__lag045,0.805643,0.411678,0.356948,0.61923829
d__dgs7_dgs7__lag024,0.711599,0.444027,0.426178,0.61923672
d__dgs1_dgs1__lag046,0.805643,0.411321,0.357135,0.61910103
m__busloans_busloans__lag005,0.990596,0.13193,0.493039,0.61909192
q__bogz1fl543061165q_life_insurance_ts__lag004,0.996865,0.130228,0.490664,0.61894525
m__fedfunds_fed_funds__lag004,0.896552,0.348347,0.341995,0.61892769
d__dgs20_dgs20__lag050,0.805643,0.32896,0.439154,0.61882536
d__dgs7_dgs7__lag027,0.711599,0.443359,0.426084,0.61869385
q__bogz1lm573061133q_private_dc_pension_ts__lag001,1.0,0.129151,0.489475,0.61862634
d__dgs7_dgs7__lag032,0.711599,0.445029,0.424261,0.61858527
d__dgs7_dgs7__lag023,0.711599,0.443359,0.425909,0.61857035
q__bogz1fl264135005a_row_loans_l__lag002,1.0,0.100275,0.51829,0.61856536
d__dgs7_dgs7__lag044,0.711599,0.446714,0.422375,0.6184427
d__dgs7_dgs7__lag029,0.711599,0.444284,0.424683,0.61835565
q__bogz1lm663061105q_brokers_dealers_ts__lag004,0.996865,0.188806,0.431482,0.61834423
m__mvphgfd027mnfrbdal_mvphgfd027mnfrbdal__lag011,1.0,0.128282,0.489942,0.61822407
m__mvphgfd027mnfrbdal_mv_priv_debt__lag011,1.0,0.128282,0.489942,0.61822407
d__dgs7_dgs7__lag019,0.711599,0.444649,0.424113,0.61821018
d__dgs7_dgs7__lag089,0.711599,0.450497,0.417959,0.6179924
q__bogz1fl704035005q_usb_loan_a__lag005,0.99373,0.125358,0.496532,0.61799066
q__bogz1fl543061165q_life_insurance_ts__lag008,0.984326,0.120862,0.506838,0.61786159
q__bogz1fl704041005q_usb_stloan_a__lag005,0.99373,0.115651,0.505891,0.6176444
q__bogz1lm263061110q_row_bills_raw__lag004,0.996865,0.165177,0.454055,0.61729097
q__bogz1lm263061110q_row_bills__lag004,0.996865,0.165177,0.454055,0.61729097
q__bogz1fl543061165q_life_insurance_ts__lag006,0.990596,0.11958,0.503481,0.61720225
q__bogz1fl503061123q_ccps_ts__lag004,0.996865,0.137487,0.481647,0.6171927
m__payems_nonfarm_payrolls__lag004,1.0,0.121903,0.495089,0.61699212
d__dgs7_dgs7__lag016,0.711599,0.444965,0.421998,0.61692942
m__payems_nonfarm_payrolls__lag008,1.0,0.137688,0.4792,0.61688728
q__bogz1fl543061165q_life_insurance_ts__lag007,0.987461,0.120396,0.504276,0.61683872
d__dgs7_dgs7__lag045,0.711599,0.445003,0.421431,0.61655286
d__dgs20_dgs20__lag051,0.805643,0.32657,0.438572,0.61643114
d__dgs7_dgs7__lag020,0.711599,0.442491,0.423737,0.61640665
d__dgs7_dgs7__lag031,0.711599,0.44194,0.423846,0.61609163
d__dgs7_dgs7__lag030,0.711599,0.442865,0.422918,0.61609018
m__ipmat_ipmat__lag002,1.0,0.098811,0.517011,0.61582201
d__dgs7_dgs7__lag057,0.711599,0.445433,0.41986,0.61574193
d__dgs7_dgs7__lag017,0.711599,0.442035,0.422816,0.61542676
m__currcir_currcir__lag001,1.0,0.104632,0.510315,0.61494759
d__dgs1_dgs1__lag047,0.805643,0.407193,0.356107,0.61494672
d__dgs7_dgs7__lag028,0.711599,0.440658,0.423455,0.61490223
d__ldgust_tga_fed_alt__lag019,1.0,0.139336,0.475406,0.61474166
m__ipncongd_ipncongd__lag010,0.984326,0.288834,0.335652,0.61469775
q__bogz1fl264135005a_row_loans_l__lag004,1.0,0.096552,0.518129,0.6146807
d__dgs7_dgs7__lag015,0.711599,0.442692,0.421004,0.61460521
m__ipmat_ipmat__lag008,1.0,0.118416,0.496126,0.61454229
d__dgs7_dgs7__lag046,0.711599,0.442696,0.420846,0.61449547
q__bogz1fl262051003q_row_rrp__lag001,1.0,0.115428,0.499038,0.61446589
d__ldgust_tga_fed_alt__lag007,1.0,0.145877,0.468526,0.61440331
d__dgs20_dgs20__lag052,0.805643,0.323126,0.439483,0.61438985
d__ldgust_tga_fed_alt__lag010,1.0,0.15987,0.454308,0.61417783
q__rowsllq027s_row_stloan_l__lag005,0.99373,0.132713,0.485063,0.61390224
d__dgs7_dgs7__lag087,0.711599,0.444428,0.417881,0.61361798
d__dgs1_dgs1__lag048,0.805643,0.407087,0.354442,0.61351988
m__currcir_currcir__lag002,1.0,0.103331,0.510057,0.6133879
d__dgs1_dgs1__lag049,0.805643,0.406491,0.35464,0.61319959
d__dgs7_dgs7__lag056,0.711599,0.442225,0.419207,0.61299427
m__mvmtd027mnfrbdal_mv_mkt_debt__lag008,1.0,0.124928,0.488059,0.61298697
q__bogz1fl704041005q_usb_stloan_a__lag006,0.990596,0.114861,0.503901,0.61294297
q__bogz1fl263061130q_row_gov_tsy__lag006,0.990596,0.139615,0.479054,0.61285091
d__dgs7_dgs7__lag088,0.711599,0.442768,0.418312,0.61274361
m__permit_permit__lag008,0.824451,0.204954,0.538247,0.61273276
m__ipmat_ipmat__lag009,1.0,0.113378,0.499223,0.61260086
d__dgs7_dgs7__lag073,0.711599,0.442878,0.417876,0.61251134
m__mvphgfd027mnfrbdal_mvphgfd027mnfrbdal__lag012,1.0,0.120809,0.491589,0.61239761
m__mvphgfd027mnfrbdal_mv_priv_debt__lag012,1.0,0.120809,0.491589,0.61239761
d__dgs7_dgs7__lag086,0.711599,0.443228,0.417321,0.61236543
d__dgs7_dgs7__lag085,0.711599,0.443216,0.417324,0.61235924
q__bogz1fl704135005q_usb_loan_l__lag001,1.0,0.264636,0.347682,0.61231828
q__bogz1fl704041005q_usb_stloan_a__lag008,0.984326,0.125089,0.49695,0.61228956
d__dgs7_dgs7__lag048,0.711599,0.442299,0.418025,0.61220543
m__dspic96_real_dpi__lag004,0.840125,0.201597,0.526808,0.61195169
m__permit_permit__lag010,0.821317,0.225831,0.519254,0.61195056
d__dgs7_dgs7__lag083,0.711599,0.443821,0.415905,0.61177984
d__dgs7_dgs7__lag069,0.711599,0.441131,0.418446,0.61167429
d__dgs1_dgs1__lag050,0.805643,0.40494,0.354247,0.61163343
d__dgs7_dgs7__lag084,0.711599,0.443268,0.416211,0.61160412
d__dgs7_dgs7__lag054,0.711599,0.440815,0.418598,0.6115573
d__dgs7_dgs7__lag058,0.711599,0.438895,0.420412,0.61148127
d__dgs7_dgs7__lag071,0.711599,0.441971,0.41729,0.61144903
m__mvmtd027mnfrbdal_mv_mkt_debt__lag009,1.0,0.12136,0.49001,0.61137
d__ldgust_tga_fed_alt__lag008,1.0,0.150729,0.460425,0.61115411
q__expgs_exports__lag007,0.971787,0.133581,0.495232,0.61107282
d__dgs1_dgs1__lag053,0.805643,0.402043,0.356254,0.61091663
d__dgs1_dgs1__lag057,0.805643,0.402648,0.355646,0.61091338
d__dgs7_dgs7__lag055,0.711599,0.438674,0.419824,0.61090585
d__dgs1_dgs1__lag055,0.805643,0.402238,0.355958,0.61083541
q__bogz1fl704041005q_usb_stloan_a__lag007,0.987461,0.118706,0.499885,0.6108343
d__dgs7_dgs7__lag047,0.711599,0.437855,0.420429,0.61075393
d__dgs7_dgs7__lag011,0.711599,0.43644,0.421775,0.61070451
d__dgs7_dgs7__lag014,0.711599,0.438444,0.419761,0.61069761
d__dgs1_dgs1__lag054,0.805643,0.402526,0.355491,0.61069078
d__dgs7_dgs7__lag070,0.711599,0.440646,0.417456,0.61062436
d__dgs7_dgs7__lag072,0.711599,0.442086,0.415855,0.61051037
q__rowsllq027s_row_stloan_l__lag003,1.0,0.122272,0.488175,0.61044652
d__dgs1_dgs1__lag052,0.805643,0.402393,0.355245,0.6103849
d__dgs1_dgs1__lag060,0.805643,0.400271,0.357361,0.61038057
d__ldgust_tga_fed_alt__lag003,1.0,0.140147,0.470152,0.61029871
d__dgs7_dgs7__lag013,0.711599,0.43604,0.4216,0.61029563
d__dgs1_dgs1__lag051,0.805643,0.402125,0.355268,0.61018811
d__dgs1_dgs1__lag059,0.805643,0.400906,0.356445,0.61015402
d__dgs1_dgs1__lag056,0.805643,0.401848,0.355487,0.61014176
d__ldgust_tga_fed_alt__lag018,1.0,0.131695,0.478337,0.61003186
d__dgs7_dgs7__lag068,0.711599,0.438399,0.418828,0.61000137
d__ldgust_tga_fed_alt__lag006,1.0,0.142702,0.467293,0.60999529
q__bogz1lm573061105q_private_pension_ts__lag005,0.99373,0.128886,0.484932,0.60996959
d__dgs7_dgs7__lag065,0.711599,0.439617,0.417555,0.60996245
d__dgs7_dgs7__lag074,0.711599,0.439367,0.417648,0.60985041
d__dgs7_dgs7__lag082,0.711599,0.441345,0.415282,0.60957461
d__dgs1_dgs1__lag058,0.805643,0.399951,0.356563,0.60948022
d__dgs7_dgs7__lag012,0.711599,0.433327,0.423098,0.60943099
d__dgs7_dgs7__lag060,0.711599,0.435566,0.420745,0.60935006
q__bogz1fl593061105q_pension_ts__lag004,0.996865,0.126434,0.484804,0.609321
d__ldgust_tga_fed_alt__lag005,1.0,0.14111,0.467933,0.60904254
m__ipncongd_ipncongd__lag007,0.987461,0.276478,0.340288,0.60903165
d__dgs1_dgs1__lag061,0.805643,0.398665,0.357223,0.60897578
d__dgs7_dgs7__lag010,0.711599,0.434569,0.421156,0.60893294
d__ldgust_tga_fed_alt__lag009,1.0,0.153037,0.455832,0.60886839
q__ttaatashcbshnncb_nfcb_hc_assets__lag007,0.987461,0.105474,0.511112,0.60885449
q__bogz1lm573061133q_private_dc_pension_ts__lag002,1.0,0.121529,0.487147,0.6086767
d__ldgust_tga_fed_alt__lag020,1.0,0.135995,0.472612,0.60860688
d__dgs7_dgs7__lag066,0.711599,0.436879,0.418298,0.60854301
q__bogz1fa263061110q_row_bills_tx__lag004,0.984326,0.250065,0.368156,0.60853043
m__busloans_busloans__lag004,0.990596,0.121549,0.49261,0.60838367
d__dgs7_dgs7__lag075,0.711599,0.438928,0.416019,0.60837925
d__dgs7_dgs7__lag061,0.711599,0.434756,0.42017,0.60836485
m__uspriv_uspriv__lag007,1.0,0.119714,0.488587,0.60830047
d__dgs7_dgs7__lag081,0.711599,0.440544,0.414141,0.60819268
m__currcir_currcir__lag003,1.0,0.098242,0.509937,0.60817903
d__ldgust_tga_fed_alt__lag021,1.0,0.135458,0.472572,0.60803053
d__dgs7_dgs7__lag062,0.711599,0.434138,0.420032,0.60782577
d__dgs7_dgs7__lag067,0.711599,0.435597,0.418478,0.60775853
m__usgood_usgood__lag009,1.0,0.313113,0.294642,0.60775536
d__dgs7_dgs7__lag059,0.711599,0.433064,0.420915,0.6076905
q__ttaatashcbshnncb_nfcb_hc_assets__lag006,0.990596,0.103134,0.510198,0.60756481
m__permit_permit__lag012,0.821317,0.243064,0.49658,0.60748164
q__bogz1fl704041005q_usb_stloan_a__lag002,1.0,0.107789,0.499518,0.60730642
d__dgs7_dgs7__lag008,0.711599,0.432836,0.420594,0.60730002
d__ldgust_tga_fed_alt__lag004,1.0,0.138626,0.468473,0.60709915
d__dgs7_dgs7__lag049,0.711599,0.436011,0.417129,0.60709313
q__bogz1fa343061113q_fed_gov_dcf_retirement_ts_tx__lag004,0.984326,0.431948,0.184626,0.60690995
d__dgs1_dgs1__lag063,0.805643,0.396913,0.356319,0.60683568
d__dgs1_dgs1__lag062,0.805643,0.396311,0.356828,0.60676085
q__bogz1fl704035005q_usb_loan_a__lag003,1.0,0.110585,0.496135,0.60671997
d__dgs7_dgs7__lag077,0.711599,0.437995,0.414389,0.60655532
d__mortgage30us_mortgage30us__lag010,0.689655,0.452044,0.427346,0.6064762
d__dgs7_dgs7__lag080,0.711599,0.438074,0.414159,0.60644763
d__dgs7_dgs7__lag064,0.711599,0.43504,0.417166,0.60642934
d__ldgust_tga_fed_alt__lag002,1.0,0.132236,0.474147,0.60638384
d__dgs1_dgs1__lag064,0.805643,0.39641,0.356261,0.60638337
d__dgs1_dgs1__lag074,0.805643,0.394846,0.35769,0.6062749
d__dgs1_dgs1__lag065,0.805643,0.395744,0.356721,0.60621816
d__mortgage30us_mortgage30us__lag011,0.689655,0.45163,0.427305,0.60616175
d__ldgust_tga_fed_alt__lag024,1.0,0.13997,0.466118,0.60608821
d__dgs1_dgs1__lag073,0.805643,0.394136,0.358012,0.6059626
q__ttaatashcbshnncb_nfcb_hc_assets__lag008,0.984326,0.104044,0.511554,0.6059488
d__ldgust_tga_fed_alt__lag022,1.0,0.136541,0.469388,0.60592869
d__dgs7_dgs7__lag078,0.711599,0.436184,0.415316,0.60592608
d__dgs7_dgs7__lag076,0.711599,0.436184,0.415267,0.60589125
d__dgs1_dgs1__lag075,0.805643,0.395037,0.35702,0.60588945
q__bogz1fl263061130q_row_gov_tsy__lag007,0.987461,0.130053,0.48349,0.60585004
d__ldgust_tga_fed_alt__lag023,1.0,0.140255,0.465576,0.60583039
d__dgs7_dgs7__lag002,0.711599,0.431279,0.420005,0.60577242
d__dgs7_dgs7__lag007,0.711599,0.429952,0.421291,0.60574364
q__bogz1lm153061105q_hhnp_tsy__lag004,0.996865,0.202487,0.405094,0.60567611
q__bogz1lm543061115q_li_bills__lag003,1.0,0.212377,0.393161,0.60553811
d__mortgage30us_mortgage30us__lag014,0.689655,0.448901,0.429022,0.60546411
d__dgs7_dgs7__lag063,0.711599,0.431842,0.418996,0.60545535
q__tfaabshno_hhnp_tfa__lag001,1.0,0.075133,0.530289,0.60542283
d__dgs1_dgs1__lag071,0.805643,0.393991,0.357446,0.60538941
d__mortgage30us_mortgage30us__lag008,0.689655,0.451875,0.425787,0.60528444
q__bogz1fa633061105q_money_market_funds_ts_tx__lag004,0.984326,0.436182,0.1786,0.60514614
d__dgs1_dgs1__lag090,0.802508,0.397195,0.356874,0.60514613
q__bogz1lm343061113q_fed_gov_dcf_retirement_ts__lag005,0.99373,0.103086,0.505846,0.6051135
q__bogz1lm343061113q_fed_gov_dc_retirement_ts__lag005,0.99373,0.103086,0.505846,0.6051135
q__bogz1lm343061113q_fed_ret_tsy_dc__lag005,0.99373,0.103086,0.505846,0.6051135
d__dgs1_dgs1__lag077,0.805643,0.394639,0.356455,0.60511324
q__bogz1fl573061143q_private_db_pension_ts__lag006,0.990596,0.152798,0.458001,0.605055
m__fedfunds_fed_funds__lag005,0.896552,0.330344,0.344382,0.60492672
d__dgs1_dgs1__lag072,0.805643,0.393384,0.357449,0.60490286
d__dgs1_dgs1__lag078,0.805643,0.394478,0.356297,0.60485665
m__dspic96_real_dpi__lag009,0.836991,0.18726,0.535211,0.60470101
q__bogz1fl704141005q_usb_stloan_l__lag001,1.0,0.260891,0.343767,0.60465742
d__mortgage30us_mortgage30us__lag013,0.689655,0.449217,0.427535,0.60465636
q__bogz1lm663061105q_brokers_dealers_ts__lag003,1.0,0.190111,0.414544,0.60465467
d__dgs7_dgs7__lag006,0.711599,0.4302,0.419485,0.60463486
d__mortgage30us_mortgage30us__lag012,0.689655,0.449749,0.426931,0.60460696
d__dgs1_dgs1__lag089,0.805643,0.393677,0.35678,0.60460014
d__dgs7_dgs7__lag005,0.711599,0.429026,0.420291,0.60437284
d__dgs1_dgs1__lag085,0.805643,0.393271,0.356873,0.60434781
d__dgs7_dgs7__lag079,0.711599,0.434739,0.414471,0.60429714
d__mortgage30us_mortgage30us__lag017,0.689655,0.446081,0.43015,0.60429687
q__ttaatashcbshnncb_nfcb_hc_assets__lag005,0.99373,0.099203,0.508899,0.60429018
d__mortgage30us_mortgage30us__lag015,0.689655,0.447089,0.428973,0.60418081
m__ipmat_ipmat__lag003,1.0,0.08674,0.517374,0.60411404
d__mortgage30us_mortgage30us__lag009,0.689655,0.449301,0.426644,0.60409981
d__dgs7_dgs7__lag004,0.711599,0.428053,0.420789,0.60403463
d__dgs7_dgs7__lag009,0.711599,0.428432,0.4204,0.60402764
d__dgs1_dgs1__lag076,0.805643,0.393197,0.356532,0.60401354
d__dgs7_dgs7__lag053,0.711599,0.429123,0.419581,0.60393629
q__bogz1lm663061105q_brokers_dealers_ts__lag008,0.984326,0.115571,0.497862,0.60381826
d__dgs1_dgs1__lag083,0.805643,0.393656,0.355709,0.6037204
m__permit_permit__lag007,0.824451,0.188573,0.543657,0.60368772
d__dgs1_dgs1__lag066,0.805643,0.393253,0.355966,0.60360249
m__mvmtd027mnfrbdal_mv_mkt_debt__lag010,1.0,0.113852,0.489679,0.60353146
d__dgs1_dgs1__lag088,0.805643,0.391655,0.357401,0.60347107
d__dgs1_dgs1__lag087,0.805643,0.392104,0.356859,0.60339645
m__permit_permit__lag011,0.821317,0.220944,0.513666,0.60334763
d__dgs1_dgs1__lag070,0.805643,0.392145,0.356647,0.6032587
d__dgs1_dgs1__lag069,0.805643,0.392325,0.356363,0.60317515
d__mortgage30us_mortgage30us__lag018,0.689655,0.444714,0.429813,0.60312206
d__dgs7_dgs7__lag050,0.711599,0.431053,0.416478,0.60310173
d__dgs1_dgs1__lag084,0.805643,0.391706,0.356777,0.60300981
d__dgs1_dgs1__lag068,0.805643,0.391703,0.356723,0.60296379
d__dgs1_dgs1__lag082,0.805643,0.392773,0.355623,0.6029397
q__bogz1lm263061105q_row_tsy_raw__lag004,0.996865,0.111878,0.492927,0.60290894
q__bogz1lm263061105q_row_tsy__lag004,0.996865,0.111878,0.492927,0.60290894
d__dgs7_dgs7__lag051,0.711599,0.430874,0.416339,0.60287546
d__dgs1_dgs1__lag081,0.805643,0.393463,0.354818,0.60284723
d__dgs1_dgs1__lag080,0.805643,0.392862,0.355308,0.60275752
d__ldgust_tga_fed_alt__lag026,1.0,0.142367,0.460269,0.60263647
d__mortgage30us_mortgage30us__lag007,0.689655,0.447943,0.425869,0.60262892
d__dgs1_dgs1__lag067,0.805643,0.391446,0.356508,0.60258371
d__ldgust_tga_fed_alt__lag001,1.0,0.132473,0.470077,0.6025501
q__pnfi_priv_nonres_fi__lag008,0.968652,0.113077,0.508659,0.60224635
m__payems_nonfarm_payrolls__lag007,1.0,0.117805,0.484367,0.60217193
q__bogz1lm573061133q_private_dc_pension_ts__lag003,1.0,0.108387,0.493709,0.60209602
d__mortgage30us_mortgage30us__lag019,0.689655,0.443661,0.429377,0.6020947
d__dgs7_dgs7__lag003,0.711599,0.427035,0.419016,0.60204879
d__dgs1_dgs1__lag086,0.805643,0.39111,0.356152,0.60202597
m__dspic96_real_dpi__lag006,0.840125,0.189659,0.526907,0.60200474
q__mmmffaq027s_mmf_tfa__lag003,1.0,0.140835,0.461132,0.60196689
d__dgs1_dgs1__lag079,0.805643,0.391544,0.3556,0.60193138
m__currcir_currcir__lag004,1.0,0.092285,0.509616,0.60190014
q__bogz1fl503061123q_ccps_ts__lag003,1.0,0.119705,0.482152,0.60185665
d__mortgage30us_mortgage30us__lag016,0.689655,0.442009,0.430315,0.60160249
d__dgs7_dgs7__lag001,0.711599,0.425127,0.420102,0.60146404
d__dgs7_dgs7__lag052,0.711599,0.427732,0.417091,0.60117482
m__ipmat_ipmat__lag006,1.0,0.090792,0.509919,0.60071125
d__ldgust_tga_fed_alt__lag030,1.0,0.129481,0.471213,0.60069413
q__impgs_imports__lag008,0.968652,0.131209,0.488905,0.6006741
m__busloans_busloans__lag003,0.99373,0.113634,0.490565,0.60041026
d__ldgust_tga_fed_alt__lag029,1.0,0.13669,0.463446,0.60013553
q__bogz1fl543461113q_li_bills__lag006,0.990596,0.148336,0.457366,0.60000575
q__bogz1lm653061113q_mf_bills_raw__lag006,0.990596,0.149376,0.45617,0.59985158
q__bogz1lm653061113q_mutf_bills__lag006,0.990596,0.149376,0.45617,0.59985158
d__mortgage30us_mortgage30us__lag020,0.689655,0.439953,0.429514,0.59963249
m__currcir_currcir__lag005,1.0,0.090089,0.509267,0.59935545
q__pcesv_pcesv__lag008,0.968652,0.108052,0.510158,0.59883031
q__gdpc1_real_gdp__lag008,0.968652,0.110864,0.507241,0.59872859
q__bogz1fa105019005q_nfcb_gfi__lag008,0.971787,0.109567,0.506158,0.59835357
q__bogz1fl503061123q_ccps_ts__lag002,1.0,0.119336,0.478872,0.59820791
d__mortgage30us_mortgage30us__lag005,0.689655,0.442226,0.424971,0.59806667
d__mortgage30us_mortgage30us__lag004,0.689655,0.44048,0.426533,0.59793988
d__mortgage30us_mortgage30us__lag006,0.689655,0.4415,0.425358,0.59783343
d__ldgust_tga_fed_alt__lag027,1.0,0.138979,0.458733,0.59771239
d__mortgage30us_mortgage30us__lag003,0.689655,0.439144,0.427118,0.59742222
d__ldgust_tga_fed_alt__lag025,1.0,0.135868,0.461173,0.59704152
q__iatashcbsnncb_nfcb_hc_inventories__lag007,0.987461,0.10206,0.50241,0.5968903
q__gdpc1_real_gdp__lag007,0.971787,0.109378,0.504271,0.5963362
q__gsave_gsave__lag008,0.968652,0.091851,0.52361,0.59616759
q__bogz1fl543461113q_li_bills__lag005,0.99373,0.136854,0.462989,0.59608225
d__mortgage30us_mortgage30us__lag027,0.689655,0.433913,0.430061,0.59584434
d__mortgage30us_mortgage30us__lag028,0.689655,0.436168,0.427795,0.59583676
m__ipmat_ipmat__lag004,1.0,0.077934,0.517902,0.59583563
m__currcir_currcir__lag006,1.0,0.086778,0.509004,0.59578227
d__mortgage30us_mortgage30us__lag025,0.689655,0.432838,0.430762,0.59558644
q__pnfi_priv_nonres_fi__lag007,0.971787,0.10552,0.507136,0.59537062
d__ldgust_tga_fed_alt__lag028,1.0,0.137499,0.457674,0.59517245
d__mortgage30us_mortgage30us__lag029,0.689655,0.434284,0.428335,0.59490906
q__ttaatashcbshnncb_nfcb_hc_assets__lag004,0.996865,0.090038,0.506719,0.5948861
d__mortgage30us_mortgage30us__lag024,0.689655,0.432698,0.429796,0.5948235
d__ldgust_tga_fed_alt__lag031,1.0,0.127068,0.467751,0.59481893
d__mortgage30us_mortgage30us__lag026,0.689655,0.432085,0.430103,0.59461286
d__mortgage30us_mortgage30us__lag002,0.689655,0.435628,0.426517,0.59458268
d__mortgage30us_mortgage30us__lag030,0.689655,0.433819,0.428097,0.59442467
m__busloans_busloans__lag002,0.99373,0.106396,0.491666,0.59431279
d__mortgage30us_mortgage30us__lag021,0.689655,0.433515,0.428238,0.59431255
d__mortgage30us_mortgage30us__lag001,0.689655,0.436764,0.424856,0.59422052
d__mortgage30us_mortgage30us__lag022,0.689655,0.431519,0.429036,0.59348623
q__rowcbaq027s_row_corpbonds_flow__lag003,0.987461,0.223804,0.37718,0.5934478
q__bogz1fa673061103q_abs_issuers_ts_tx__lag003,0.987461,0.255297,0.34565,0.59341136
d__mortgage30us_mortgage30us__lag023,0.689655,0.430575,0.429789,0.59335448
d__mortgage30us_mortgage30us__lag032,0.689655,0.432262,0.428091,0.59334732
q__bogz1lm263061105q_row_tsy_raw__lag005,0.99373,0.10196,0.495023,0.59324053
q__bogz1lm263061105q_row_tsy__lag005,0.99373,0.10196,0.495023,0.59324053
q__rowsllq027s_row_stloan_l__lag004,0.996865,0.117494,0.477611,0.59323969
m__nonrevsl_nonrevsl__lag001,1.0,0.074891,0.518212,0.59310247
d__mortgage30us_mortgage30us__lag033,0.689655,0.432935,0.426837,0.59294619
d__ldgust_tga_fed_alt__lag042,1.0,0.129305,0.463368,0.59267288
q__ophnfb_nflabor_productivity__lag005,0.978056,0.101109,0.504693,0.59250806
q__rowsllq027s_row_stloan_l__lag002,1.0,0.103696,0.488778,0.59247386
d__mortgage30us_mortgage30us__lag031,0.689655,0.431252,0.42772,0.59239426
q__bogz1fl753061103q_usb_tsy_for__lag001,1.0,0.187754,0.404518,0.59227202
q__bogz1fa403061105q_gses_ts_tx__lag003,0.987461,0.422412,0.176459,0.59136231
q__iatashcbsnncb_nfcb_hc_inventories__lag008,0.984326,0.095097,0.505177,0.59086542
d__mortgage30us_mortgage30us__lag034,0.689655,0.430376,0.426328,0.59082992
q__bogz1fl313161305q_gov_nonmarketable_ts__lag004,0.996865,0.085692,0.506686,0.59052097
q__bogz1fl704035005q_usb_loan_a__lag002,1.0,0.095511,0.494705,0.59021561
m__ipmat_ipmat__lag007,1.0,0.084695,0.505329,0.59002413
d__mortgage30us_mortgage30us__lag035,0.689655,0.429664,0.425834,0.58999882
q__mmmffaq027s_mmf_tfa__lag002,1.0,0.129117,0.460854,0.58997089
q__pcesv_pcesv__lag007,0.971787,0.10266,0.504274,0.58981054
d__ldgust_tga_fed_alt__lag041,1.0,0.127105,0.462691,0.58979577
d__mortgage30us_mortgage30us__lag036,0.689655,0.43016,0.425036,0.5897903
d__ldgust_tga_fed_alt__lag038,1.0,0.124582,0.464924,0.58950645
q__gsave_gsave__lag007,0.971787,0.079381,0.527224,0.58949027
q__ttaatashcbshnncb_nfcb_hc_assets__lag003,1.0,0.083447,0.506002,0.58944968
m__currcir_currcir__lag007,1.0,0.081246,0.508107,0.58935262
m__usalolitoaastsam_oecd_leading_indicator_us__lag007,0.887147,0.313806,0.350403,0.58925123
q__bogz1fl264135005q_row_loans_l__lag008,0.984326,0.100512,0.497925,0.58905733
q__bogz1fl543461113q_li_bills__lag007,0.987461,0.1499,0.446467,0.5888891
d__mortgage30us_mortgage30us__lag037,0.689655,0.428903,0.424951,0.58886449
q__rowsllq027s_row_stloan_l__lag006,0.990596,0.108688,0.48575,0.5888474
d__ldgust_tga_fed_alt__lag032,1.0,0.119778,0.468877,0.58865452
d__ldgust_tga_fed_alt__lag040,1.0,0.124704,0.463944,0.58864725
q__bogz1fl264135005q_row_loans_l__lag001,1.0,0.076238,0.512137,0.58837542
m__ipmat_ipmat__lag001,1.0,0.072041,0.516282,0.58832299
m__fedfunds_fed_funds__lag006,0.896552,0.319426,0.336374,0.58795835
d__ldgust_tga_fed_alt__lag035,1.0,0.116819,0.471054,0.58787276
q__bogz1fl593061105q_pension_ts__lag005,0.99373,0.117586,0.473782,0.58765984
q__rowsllq027s_row_stloan_l__lag007,0.987461,0.11044,0.484457,0.58743735
q__bogz1fl313161110q_totalbills_z1__lag004,0.996865,0.121473,0.467445,0.58707148
m__dspic96_real_dpi__lag007,0.836991,0.161817,0.539482,0.58698042
q__bogz1fl704135005q_usb_loan_l__lag008,0.984326,0.20153,0.394557,0.58674402
q__bogz1lm653061105q_mf_tsy_raw__lag002,1.0,0.091035,0.495611,0.58664597
q__bogz1lm653061105q_mutual_funds_ts__lag002,1.0,0.091035,0.495611,0.58664597
q__bogz1fl263061130q_row_gov_tsy__lag008,0.984326,0.112106,0.4838,0.58656578
q__bogz1fl593061105q_pension_ts__lag006,0.990596,0.11937,0.472629,0.58643166
m__mvmtd027mnfrbdal_mv_mkt_debt__lag011,1.0,0.100359,0.486064,0.58642255
d__ldgust_tga_fed_alt__lag043,1.0,0.122792,0.463612,0.58640406
d__ldgust_tga_fed_alt__lag039,1.0,0.123826,0.462576,0.58640242
q__bogz1fl543061175q_life_insurance_ts__lag006,0.990596,0.116223,0.475691,0.58634776
m__currcir_currcir__lag008,1.0,0.078525,0.507775,0.58629984
q__netfi_netfi__lag001,0.990596,0.121597,0.470006,0.58603932
q__bogz1fa105019005q_nfcb_gfi__lag007,0.974922,0.096455,0.504578,0.58596041
q__hnotsbq027s_hhnp_tsy_tx__lag008,0.971787,0.341498,0.261168,0.58566339
q__bogz1fl262051003q_row_rrp__lag002,1.0,0.098128,0.487313,0.58544151
d__ldgust_tga_fed_alt__lag034,1.0,0.115439,0.469747,0.5851862
q__mmmffaq027s_mmf_tfa__lag004,0.996865,0.134436,0.452382,0.58497888
q__bogz1fl383061105q_dom_nonfin_sector_tsy__lag007,0.987461,0.134869,0.457494,0.58493479
q__bogz1fl693061105q_nonmmf_ts__lag001,1.0,0.093617,0.491307,0.58492319
q__bogz1fl693061105q_nonmmmf_ts__lag001,1.0,0.093617,0.491307,0.58492319
q__gce_gce__lag004,0.981191,0.111671,0.484457,0.58491569
d__ldgust_tga_fed_alt__lag036,1.0,0.116062,0.468745,0.5848063
q__bogz1fl264135005a_row_loans_l__lag008,0.99373,0.089117,0.499296,0.58472344
q__gce_gce__lag005,0.978056,0.111831,0.485955,0.584668
q__bogz1fa313161105q_tsy_net_tx__lag005,0.981191,0.177575,0.418213,0.58458196
q__bogz1lm403061105q_gses_ts__lag005,0.99373,0.136328,0.451908,0.58454851
q__bogz1lm403061105q_gse_tsy__lag005,0.99373,0.136328,0.451908,0.58454851
m__ipncongd_ipncongd__lag001,0.99373,0.227344,0.360869,0.58452516
m__srvprd_srvprd__lag003,1.0,0.089371,0.495153,0.58452417
q__bogz1fl543461113q_li_bills__lag004,0.996865,0.127186,0.459084,0.58443271
d__mortgage30us_mortgage30us__lag038,0.689655,0.423164,0.423945,0.58421362
m__nonrevsl_nonrevsl__lag002,1.0,0.066535,0.517601,0.58413671
d__ldgust_tga_fed_alt__lag037,1.0,0.119669,0.464352,0.58402105
m__usgood_usgood__lag008,1.0,0.299095,0.284813,0.5839078
d__ldgust_tga_fed_alt__lag033,1.0,0.114469,0.469359,0.58382785
q__gdpc1_real_gdp__lag006,0.974922,0.096334,0.502305,0.58362615
q__tfaabshno_hhnp_tfa__lag002,1.0,0.058246,0.525116,0.58336192
d__mortgage30us_mortgage30us__lag039,0.689655,0.42205,0.423538,0.58316467
q__gce_gce__lag002,0.987461,0.103717,0.486761,0.58307429
m__dspic96_real_dpi__lag003,0.84326,0.17141,0.519991,0.58303153
m__awotman_awotman__lag009,0.874608,0.339835,0.326699,0.58295589
q__bogz1fl264035005q_row_loans_a__lag008,0.984326,0.140765,0.451359,0.58284228
q__bogz1fl884035005q_dom_loan_a__lag008,0.984326,0.117089,0.475017,0.58282524
q__ttaatashcbshnncb_nfcb_hc_assets__lag002,1.0,0.076036,0.506551,0.58258725
q__rowgseq027s_row_agency_flow__lag003,0.987461,0.272582,0.317366,0.58255045
d__mortgage30us_mortgage30us__lag090,0.689655,0.419406,0.425211,0.58249429
m__ipncongd_ipncongd__lag012,0.984326,0.270533,0.321205,0.58246374
d__mortgage30us_mortgage30us__lag040,0.689655,0.421879,0.422646,0.58243064
m__dspic96_real_dpi__lag001,0.84326,0.171768,0.51878,0.58231132
q__gce_gce__lag003,0.984326,0.106729,0.484604,0.58206452
q__gce_gce__lag001,0.990596,0.099527,0.488016,0.58201737
d__mortgage30us_mortgage30us__lag089,0.689655,0.419009,0.4249,0.58200649
m__busloans_busloans__lag001,0.99373,0.091236,0.494391,0.58195569
d__ldgust_tga_fed_alt__lag044,1.0,0.116221,0.46566,0.58188149
m__nonrevsl_nonrevsl__lag003,1.0,0.065,0.516879,0.58187977
q__bogz1fl704041005q_usb_stloan_a__lag001,1.0,0.083518,0.498279,0.58179745
d__mortgage30us_mortgage30us__lag084,0.689655,0.419485,0.423805,0.5815791
q__bogz1fl264035005q_row_loans_a__lag007,0.987461,0.132307,0.456556,0.58147901
q__bogz1fl663061165q_brokers_dealers_long_ts__lag003,1.0,0.087828,0.493588,0.58141614
m__mvmtd027mnfrbdal_mv_mkt_debt__lag012,1.0,0.095115,0.486189,0.58130381
m__nonrevsl_nonrevsl__lag004,1.0,0.064475,0.516395,0.58086959
d__mortgage30us_mortgage30us__lag041,0.689655,0.41998,0.422007,0.58068018
m__srvprd_srvprd__lag006,1.0,0.09253,0.487986,0.58051632
q__bogz1fl713061103q_fed_tsy__lag002,1.0,0.103004,0.477404,0.58040812
q__bogz1fl713061103q_fed_tsy_raw__lag002,1.0,0.103004,0.477404,0.58040812
q__bogz1fl713061103q_cb_tsy__lag002,1.0,0.103004,0.477404,0.58040812
d__mortgage30us_mortgage30us__lag088,0.689655,0.417439,0.424029,0.58032301
d__mortgage30us_mortgage30us__lag087,0.689655,0.417934,0.423506,0.58030353
q__bogz1fl264035005q_row_loans_a__lag005,0.99373,0.110951,0.472724,0.58001539
d__mortgage30us_mortgage30us__lag085,0.689655,0.416816,0.424059,0.57991331
q__netfi_netfi__lag002,0.987461,0.155659,0.43152,0.57981621
q__bogz1fl884135005q_dom_loan_l__lag008,0.984326,0.119003,0.470002,0.5797727
m__srvprd_srvprd__lag009,1.0,0.102019,0.477676,0.5796954
q__rowcbaq027s_row_corpbonds_flow__lag006,0.978056,0.237986,0.35468,0.57966125
q__bogz1fa223061143q_state_local_db_retirement_ts_tx__lag005,0.981191,0.355908,0.23483,0.57962702
m__civpart_civpart__lag001,0.981191,0.221159,0.369499,0.57954879
m__srvprd_srvprd__lag002,1.0,0.083181,0.496251,0.57943181
q__pnfi_priv_nonres_fi__lag006,0.974922,0.090119,0.504197,0.57941198
d__mortgage30us_mortgage30us__lag043,0.689655,0.417948,0.422147,0.57937614
d__mortgage30us_mortgage30us__lag086,0.689655,0.41635,0.423509,0.57921356
m__currcir_currcir__lag009,1.0,0.07237,0.506751,0.5791213
q__bogz1fl704141005q_usb_stloan_l__lag008,0.984326,0.197853,0.390189,0.57882564
q__bogz1lm102010005q_nfcb_nfassets__lag008,0.984326,0.09813,0.489736,0.57865158
d__mortgage30us_mortgage30us__lag078,0.689655,0.4164,0.422597,0.57861865
q__expgs_exports__lag006,0.974922,0.107521,0.485975,0.57861217
q__gce_gce__lag006,0.974922,0.108293,0.485098,0.57851007
q__ttaatashcbshnncb_nfcb_hc_assets__lag001,1.0,0.070791,0.507405,0.57819518
q__bogz1lm573061105q_private_pension_ts__lag006,0.990596,0.100752,0.482927,0.57818934
q__bogz1lm263061105q_row_tsy_raw__lag006,0.990596,0.090253,0.493356,0.57812033
q__bogz1lm263061105q_row_tsy__lag006,0.990596,0.090253,0.493356,0.57812033
d__mortgage30us_mortgage30us__lag042,0.689655,0.416726,0.421515,0.57809675
q__b456rc1q027sbea_nfcb_cfc__lag008,0.968652,0.093497,0.503264,0.57805398
q__bogz1fl573061143q_private_db_pension_ts__lag007,0.987461,0.131678,0.453618,0.5779568
d__mortgage30us_mortgage30us__lag083,0.689655,0.413942,0.423803,0.57775496
q__bogz1lm223061143q_state_local_db_retirement_ts__lag008,0.984326,0.162508,0.424418,0.57772702
m__houst_houst__lag009,0.836991,0.226229,0.46399,0.57770646
q__bogz1fl593061105q_pension_ts__lag007,0.987461,0.109455,0.475027,0.57715335
q__bogz1fl264135005a_row_loans_l__lag001,1.0,0.06946,0.507539,0.57699845
m__psavert_psavert__lag010,0.833856,0.477169,0.214776,0.57698228
m__ipbuseq_ipbuseq__lag012,0.984326,0.149665,0.436472,0.5769508
q__b093rc1q027sbea_gov_int_row__lag006,0.974922,0.138529,0.453247,0.57693515
q__bogz1fl313161305q_gov_nonmarketable_ts__lag001,1.0,0.089565,0.487358,0.57692309
d__mortgage30us_mortgage30us__lag080,0.689655,0.412218,0.42429,0.57690228
m__nonrevsl_nonrevsl__lag005,1.0,0.061545,0.515292,0.57683635
d__ldgust_tga_fed_alt__lag045,1.0,0.111166,0.465571,0.57673681
d__mortgage30us_mortgage30us__lag077,0.689655,0.412753,0.423409,0.57666351
d__mortgage30us_mortgage30us__lag051,0.689655,0.411459,0.424376,0.57643797
q__bogz1lm343061113q_fed_gov_dcf_retirement_ts__lag006,0.990596,0.081805,0.499996,0.57632971
q__bogz1lm343061113q_fed_gov_dc_retirement_ts__lag006,0.990596,0.081805,0.499996,0.57632971
q__bogz1lm343061113q_fed_ret_tsy_dc__lag006,0.990596,0.081805,0.499996,0.57632971
d__mortgage30us_mortgage30us__lag081,0.689655,0.412476,0.423184,0.57631703
d__mortgage30us_mortgage30us__lag082,0.689655,0.412369,0.423286,0.57631406
m__dspic96_real_dpi__lag012,0.833856,0.162447,0.528685,0.57630416
m__nonrevsl_nonrevsl__lag006,1.0,0.061538,0.514713,0.57625101
d__mortgage30us_mortgage30us__lag045,0.689655,0.413546,0.42164,0.57599038
d__mortgage30us_mortgage30us__lag046,0.689655,0.411525,0.423624,0.57596466
m__permit_permit__lag005,0.827586,0.163176,0.532702,0.57589902
d__mortgage30us_mortgage30us__lag052,0.689655,0.410128,0.424803,0.57581444
d__mortgage30us_mortgage30us__lag070,0.689655,0.414063,0.420662,0.57567182
d__mortgage30us_mortgage30us__lag079,0.689655,0.411604,0.423063,0.57563226
d__mortgage30us_mortgage30us__lag049,0.689655,0.410052,0.424601,0.57562287
m__nonrevsl_nonrevsl__lag007,1.0,0.061321,0.514166,0.57548756
q__bogz1fl264035005q_row_loans_a__lag006,0.990596,0.112213,0.468686,0.5754356
d__mortgage30us_mortgage30us__lag053,0.689655,0.410829,0.423497,0.57539736
q__b456rc1q027sbea_nfcb_cfc__lag007,0.971787,0.089486,0.502522,0.57530563
m__permit_permit__lag006,0.827586,0.155469,0.539649,0.57527059
m__usalolitoaastsam_oecd_leading_indicator_us__lag010,0.884013,0.33431,0.316276,0.57512632
q__iatashcbsnncb_nfcb_hc_inventories__lag006,0.990596,0.08374,0.496792,0.57507183
d__mortgage30us_mortgage30us__lag047,0.689655,0.410887,0.422965,0.57507073
d__mortgage30us_mortgage30us__lag048,0.689655,0.410078,0.423647,0.57498323
d__mortgage30us_mortgage30us__lag044,0.689655,0.410877,0.422387,0.57466522
q__bogz1fl503061123q_ccps_ts__lag005,0.99373,0.118338,0.459912,0.5746244
m__houst_houst__lag008,0.836991,0.229647,0.456793,0.57454406
m__usgood_usgood__lag006,1.0,0.313231,0.261312,0.57454278
m__totalsl_totalsl__lag012,1.0,0.066407,0.507937,0.57434393
d__mortgage30us_mortgage30us__lag050,0.689655,0.408865,0.423847,0.57428396
d__mortgage30us_mortgage30us__lag065,0.689655,0.410645,0.421376,0.57380776
m__fedfunds_fed_funds__lag007,0.893417,0.303886,0.338346,0.57378173
q__bogz1fl663061165q_brokers_dealers_long_ts__lag002,1.0,0.088295,0.485379,0.57367412
q__gdp_gdp__lag008,0.968652,0.087206,0.504875,0.5735208
d__mortgage30us_mortgage30us__lag075,0.689655,0.410892,0.420693,0.57350718
m__srvprd_srvprd__lag001,1.0,0.075999,0.497495,0.57349391
q__fbtsaaq027s_dom_fin_sector_tsy__lag003,1.0,0.09981,0.473654,0.57346407
q__bogz1fl383061105q_dom_nonfin_sector_tsy__lag006,0.990596,0.136834,0.442005,0.5733954
d__mortgage30us_mortgage30us__lag054,0.689655,0.409208,0.422199,0.57338411
d__mortgage30us_mortgage30us__lag064,0.689655,0.410012,0.421354,0.57335557
m__nonrevsl_nonrevsl__lag012,1.0,0.063996,0.509278,0.57327468
q__pcesv_pcesv__lag006,0.974922,0.089572,0.49821,0.57304074
q__bogz1fl884035005q_dom_loan_a__lag007,0.987461,0.106903,0.473178,0.57280694
d__mortgage30us_mortgage30us__lag055,0.689655,0.408024,0.422465,0.57275112
q__bogz1fl262151003q_row_repo__lag008,0.984326,0.108007,0.473852,0.57273892
q__bogz1lm263061105q_row_tsy_raw__lag007,0.987461,0.083633,0.496375,0.57273463
q__bogz1lm263061105q_row_tsy__lag007,0.987461,0.083633,0.496375,0.57273463
q__bogz1lm573061133q_private_dc_pension_ts__lag004,0.996865,0.087309,0.487207,0.57271562
m__awotman_awotman__lag012,0.871473,0.332613,0.3245,0.57265647
d__mortgage30us_mortgage30us__lag066,0.689655,0.409579,0.420712,0.57261436
d__mortgage30us_mortgage30us__lag076,0.689655,0.408838,0.421352,0.57254494
q__gce_gce__lag007,0.971787,0.105489,0.483564,0.5724341
d__mortgage30us_mortgage30us__lag056,0.689655,0.408806,0.421021,0.57229426
m__nonrevsl_nonrevsl__lag010,1.0,0.060544,0.511708,0.57225247
d__mortgage30us_mortgage30us__lag074,0.689655,0.409571,0.420171,0.57223589
q__bogz1fr263061145q_row_priv_tsy_reval__lag004,0.984326,0.350604,0.230657,0.57215089
m__ipbuseq_ipbuseq__lag010,0.984326,0.140022,0.441154,0.57206704
m__nonrevsl_nonrevsl__lag011,1.0,0.062368,0.509574,0.57194196
q__bogz1fl593061105q_pension_ts__lag008,0.984326,0.102744,0.478294,0.57193008
d__mortgage30us_mortgage30us__lag071,0.689655,0.408354,0.420622,0.57170742
m__srvprd_srvprd__lag005,1.0,0.081874,0.489803,0.57167712
q__bogz1fl704135005q_usb_loan_l__lag007,0.987461,0.192313,0.386462,0.57151848
m__nonrevsl_nonrevsl__lag008,1.0,0.058313,0.513129,0.57144198
d__mortgage30us_mortgage30us__lag059,0.689655,0.407387,0.421086,0.57136098
d__mortgage30us_mortgage30us__lag072,0.689655,0.40814,0.420291,0.57133173
d__mortgage30us_mortgage30us__lag073,0.689655,0.408656,0.419725,0.57129674
q__bogz1fa713061113q_cb_bills_tx__lag005,0.981191,0.333752,0.248353,0.5711571
q__bogz1fr713061103q_cb_tsy_reval__lag004,0.984326,0.299349,0.280737,0.57099431
m__nonrevsl_nonrevsl__lag009,1.0,0.058718,0.51224,0.57095833
m__civpart_civpart__lag002,0.981191,0.210948,0.370859,0.5708636
d__mortgage30us_mortgage30us__lag063,0.689655,0.405861,0.421863,0.57084417
q__bogz1fl543461113q_li_bills__lag003,1.0,0.129861,0.440962,0.57082265
d__mortgage30us_mortgage30us__lag067,0.689655,0.407786,0.419879,0.57080384
q__cbi_cbi__lag002,0.987461,0.263526,0.31448,0.57075878
d__mortgage30us_mortgage30us__lag060,0.689655,0.406073,0.421464,0.57071534
d__mortgage30us_mortgage30us__lag069,0.689655,0.407773,0.419686,0.57066099
q__bogz1fl343061123q_fed_gov_dcg_retirement_ts__lag005,0.99373,0.066084,0.508095,0.57057923
d__mortgage30us_mortgage30us__lag068,0.689655,0.407465,0.41986,0.57056911
q__gce_gce__lag008,0.968652,0.105769,0.483231,0.57053566
m__currcir_currcir__lag010,1.0,0.065188,0.505326,0.57051382
q__mmmffaq027s_mmf_tfa__lag001,1.0,0.110399,0.46005,0.57044854
q__bogz1fl503061123q_ccps_ts__lag001,1.0,0.103057,0.467249,0.57030613
d__mortgage30us_mortgage30us__lag061,0.689655,0.405015,0.421695,0.57014507
m__totalsl_totalsl__lag011,1.0,0.062146,0.507995,0.57014073
m__usgood_usgood__lag005,1.0,0.314657,0.255448,0.57010497
q__bogz1fl543461113q_li_bills__lag008,0.984326,0.141209,0.437655,0.56979092
q__netfi_netfi__lag006,0.974922,0.246879,0.337491,0.56971439
q__a4102c1q027sbea_gdi_wages__lag008,0.968652,0.086969,0.501106,0.56964048
q__bogz1lm543061115q_li_bills__lag005,0.99373,0.157302,0.415819,0.56952778
d__mortgage30us_mortgage30us__lag062,0.689655,0.404518,0.421243,0.56949031
d__mortgage30us_mortgage30us__lag057,0.689655,0.404482,0.421197,0.56943344
d__ldgust_tga_fed_alt__lag046,1.0,0.103377,0.465949,0.56932643
q__bogz1fl264035005q_row_loans_a__lag003,1.0,0.07748,0.491625,0.56910543
m__srvprd_srvprd__lag008,1.0,0.088844,0.480054,0.5688974
q__bogz1fr753061103q_usb_tsy_for_reval__lag005,0.981191,0.358265,0.221519,0.56887883
q__b456rc1q027sbea_nfcb_cfc__lag006,0.974922,0.082237,0.501074,0.56868219
d__mortgage30us_mortgage30us__lag058,0.689655,0.403659,0.420798,0.56859147
q__bogz1lm653061113q_mf_bills_raw__lag005,0.99373,0.123067,0.449086,0.56856599
q__bogz1lm653061113q_mutf_bills__lag005,0.99373,0.123067,0.449086,0.56856599
q__bogz1fl383061105q_dom_nonfin_sector_tsy__lag005,0.99373,0.135607,0.436372,0.56839276
q__rowsllq027s_row_stloan_l__lag001,1.0,0.076151,0.491949,0.56810003
q__bogz1lm102010005q_nfcb_nfassets__lag007,0.987461,0.08665,0.488562,0.56799906
q__bogz1fa313161105q_tsy_net_tx__lag003,0.987461,0.337544,0.237597,0.56792977
q__gdpc1_real_gdp__lag005,0.978056,0.07995,0.500475,0.56768862
m__ipman_ipman__lag009,0.673981,0.39508,0.446836,0.56743516
m__iputil_iputil__lag001,1.0,0.113957,0.453437,0.56739383
m__totalsl_totalsl__lag010,1.0,0.057984,0.509314,0.56729883
q__a024rc1q027sbea_cfc__lag008,0.968652,0.087551,0.497867,0.56706626
q__ophnfb_nflabor_productivity__lag006,0.974922,0.082253,0.4991,0.56677348
q__bogz1lm343061105q_fed_gov_retirement_ts__lag003,1.0,0.163131,0.403582,0.56671363
q__bogz1lm343061105q_fed_ret_tsy_total__lag003,1.0,0.163131,0.403582,0.56671363
m__dspic96_real_dpi__lag008,0.836991,0.152795,0.524057,0.56651874
q__bogz1fa105019005q_nfcb_gfi__lag006,0.978056,0.077478,0.50161,0.56638017
q__fgtsl_fgtsl__lag001,1.0,0.096132,0.470083,0.56621521
q__bogz1fl704035005q_usb_loan_a__lag001,1.0,0.070882,0.495198,0.56608057
q__gsave_gsave__lag006,0.974922,0.051398,0.529115,0.5659549
d__ldgust_tga_fed_alt__lag049,1.0,0.100138,0.465768,0.56590632
m__houst_houst__lag010,0.833856,0.232797,0.44581,0.56586016
q__a464rc1q027sbea_nfcb_pbt__lag004,0.981191,0.136241,0.440268,0.56566599
m__srvprd_srvprd__lag004,1.0,0.073538,0.492075,0.56561357
q__gdp_gdp__lag007,0.971787,0.081299,0.500714,0.56559311
m__usgood_usgood__lag003,1.0,0.328598,0.236486,0.56508447
q__tfaabsnncb_nfcb_tfa__lag001,1.0,0.049657,0.51534,0.56499694
m__currcir_currcir__lag011,1.0,0.060418,0.504493,0.56491166
q__gpdi_gpdi__lag001,0.990596,0.044032,0.52622,0.56488994
m__ipncongd_ipncongd__lag011,0.984326,0.24783,0.325938,0.56477534
q__bogz1fl884135005q_dom_loan_l__lag007,0.987461,0.104287,0.467288,0.56440776
q__bogz1fl884035005q_dom_loan_a__lag006,0.990596,0.097539,0.472189,0.56436968
q__bogz1lm103061103q_nfcb_tsy__lag003,1.0,0.176847,0.387442,0.56428931
q__bogz1fl704141005q_usb_stloan_l__lag007,0.987461,0.189317,0.382062,0.56421513
q__bogz1fr793061105q_dom_fin_sector_tsy_reval__lag004,0.984326,0.301144,0.272052,0.5642125
m__permit_permit__lag004,0.827586,0.140395,0.541282,0.56414726
m__ces2000000008_wage_const__lag012,0.984326,0.079249,0.493774,0.56404169
q__a4102c1q027sbea_gdi_wages__lag007,0.971787,0.079778,0.500587,0.56399097
d__ldgust_tga_fed_alt__lag047,1.0,0.09705,0.466756,0.56380593
q__bogz1lm653061105q_mf_tsy_raw__lag003,1.0,0.082442,0.481015,0.56345721
q__bogz1lm653061105q_mutual_funds_ts__lag003,1.0,0.082442,0.481015,0.56345721
m__ces3000000008_wage_man__lag011,1.0,0.066642,0.496708,0.56335014
q__bogz1lm103061103q_nfcb_tsy__lag004,0.996865,0.180772,0.384088,0.56308977
m__houst_houst__lag007,0.836991,0.195525,0.476849,0.56277078
q__bogz1lm263061110q_row_bills_raw__lag005,0.99373,0.112315,0.453754,0.56252015
q__bogz1lm263061110q_row_bills__lag005,0.99373,0.112315,0.453754,0.56252015
q__a091rc1q027sbea_gov_interest_payments__lag008,0.968652,0.124364,0.456277,0.562439
q__a091rc1q027sbea_fedgov_int__lag008,0.968652,0.124364,0.456277,0.562439
q__bogz1fl693061105q_nonmmf_ts__lag002,1.0,0.081713,0.480641,0.56235316
q__bogz1fl693061105q_nonmmmf_ts__lag002,1.0,0.081713,0.480641,0.56235316
m__ces3000000008_wage_man__lag012,1.0,0.066253,0.496089,0.5623425
d__ldgust_tga_fed_alt__lag048,1.0,0.099139,0.463079,0.56221771
q__fgdef_fgdef__lag005,0.978056,0.159883,0.414596,0.56187261
q__gpdi_gpdi__lag002,0.987461,0.055086,0.513746,0.56169892
m__fedfunds_fed_funds__lag008,0.893417,0.286638,0.341903,0.56154949
q__a024rc1q027sbea_cfc__lag007,0.971787,0.080574,0.497234,0.56150639
q__bogz1lm653061105q_mf_tsy_raw__lag007,0.987461,0.094026,0.474537,0.56143413
q__bogz1lm653061105q_mutual_funds_ts__lag007,0.987461,0.094026,0.474537,0.56143413
m__usgood_usgood__lag007,1.0,0.287991,0.273397,0.56138747
d__ldgust_tga_fed_alt__lag050,1.0,0.098043,0.463268,0.56131105
q__bogz1fl884035005q_dom_loan_a__lag005,0.99373,0.091968,0.472819,0.56124583
m__ces2000000008_wage_const__lag011,0.984326,0.077878,0.492254,0.56119541
q__bogz1lm105020015q_nfcb_inventories__lag008,0.984326,0.079886,0.490128,0.56107988
m__totalsl_totalsl__lag009,1.0,0.051274,0.509677,0.56095075
q__bogz1fa383061105q_dom_nonfin_sector_tsy_tx__lag001,0.99373,0.272631,0.291832,0.56092375
m__currcir_currcir__lag012,1.0,0.057107,0.503723,0.56083006
m__totalsl_totalsl__lag001,1.0,0.045415,0.515389,0.56080357
q__bogz1fl313024000q_tres_oper_cash__lag005,0.99373,0.057764,0.506571,0.56079667
m__ces3000000008_wage_man__lag010,1.0,0.063982,0.496415,0.56039693
q__fgla_fgla__lag001,1.0,0.087757,0.472634,0.56039056
q__fgla_fedgov_loans__lag001,1.0,0.087757,0.472634,0.56039056
q__impgs_imports__lag007,0.971787,0.094093,0.482493,0.56031822
q__bogz1lm663061105q_brokers_dealers_ts__lag005,0.99373,0.133792,0.43004,0.56029652
d__ldgust_tga_fed_alt__lag087,1.0,0.098767,0.461474,0.56024137
q__b456rc1q027sbea_nfcb_cfc__lag005,0.978056,0.073448,0.499127,0.56000981
q__bogz1fl543061175q_life_insurance_ts__lag007,0.987461,0.096304,0.470661,0.55985614
q__bogz1lm102010005q_nfcb_nfassets__lag006,0.990596,0.07562,0.489511,0.55981631
q__tfaabsnncb_nfcb_tfa__lag002,1.0,0.049505,0.510289,0.55979334
q__bogz1lm543061115q_li_bills__lag007,0.987461,0.145382,0.421421,0.55969542
m__ces2000000008_wage_const__lag010,0.984326,0.075872,0.492587,0.55954838
q__fgtlasq027s_gov_loan_a__lag001,1.0,0.087947,0.471535,0.55948183
m__ces3000000008_wage_man__lag008,1.0,0.063563,0.495887,0.55944995
q__bogz1fl663061165q_brokers_dealers_long_ts__lag006,0.990596,0.051711,0.512846,0.55924834
q__bogz1fl663061165q_brokers_dealers_long_ts__lag004,0.996865,0.058976,0.501668,0.55888659
m__civpart_civpart__lag003,0.981191,0.205881,0.363638,0.55880674
m__totalsl_totalsl__lag007,1.0,0.047913,0.510801,0.5587137
q__bogz1fl313161305q_gov_nonmarketable_ts__lag003,1.0,0.075843,0.482804,0.55864719
m__ces3000000008_wage_man__lag009,1.0,0.063356,0.49514,0.55849572
q__bogz1fr543061175q_life_insurance_ts_reval__lag005,0.981191,0.359275,0.209805,0.55837652
q__b461rc1q027sbea_netva_wages__lag008,0.968652,0.074036,0.501957,0.55793742
q__bogz1lm153061105q_hhnp_tsy__lag003,1.0,0.17943,0.378481,0.55791113
m__usalolitoaastsam_oecd_leading_indicator_us__lag012,0.884013,0.3587,0.272367,0.55787168
q__fgtsl_fgtsl__lag002,1.0,0.0853,0.472561,0.55786117
q__fbtsatq027s_dom_fin_sector_tsy_tx__lag001,0.99373,0.351159,0.21022,0.55785959
q__bogz1fa633061110q_mmf_bills_tx__lag004,0.984326,0.413861,0.152809,0.55778871
m__ipbuseq_ipbuseq__lag011,0.984326,0.128098,0.438549,0.55776539
m__usgood_usgood__lag002,1.0,0.328623,0.229064,0.55768675
q__bogz1fl713068703q_fed_dw_a__lag007,0.987461,0.250745,0.313767,0.55743393
q__bogz1lm573061105q_private_pension_ts__lag007,0.987461,0.083118,0.481383,0.55742252
m__totalsl_totalsl__lag008,1.0,0.047031,0.510127,0.55715827
q__w006rc1q027sbea_gov_tax_receipts__lag002,0.987461,0.087376,0.476749,0.557051
m__ces3000000008_wage_man__lag002,1.0,0.060526,0.496313,0.55683873
m__totalsl_totalsl__lag004,1.0,0.043517,0.513136,0.55665346
m__totalsl_totalsl__lag006,1.0,0.045081,0.511527,0.5566076
d__ldgust_tga_fed_alt__lag056,1.0,0.107107,0.449378,0.55648519
q__bogz1fa633061105q_money_market_funds_ts_tx__lag005,0.981191,0.215961,0.351174,0.55646793
d__ldgust_tga_fed_alt__lag051,1.0,0.098719,0.457721,0.55643923
m__ces3000000008_wage_man__lag005,1.0,0.060182,0.496104,0.55628627
m__ipman_ipman__lag002,0.680251,0.343079,0.474427,0.55610913
q__bogz1lm653061105q_mf_tsy_raw__lag008,0.984326,0.084239,0.480608,0.55599325
q__bogz1lm653061105q_mutual_funds_ts__lag008,0.984326,0.084239,0.480608,0.55599325
d__ldgust_tga_fed_alt__lag052,1.0,0.102951,0.453028,0.55597936
q__bogz1fr403061105q_gses_ts_reval__lag004,0.984326,0.301174,0.263573,0.55589531
q__tnwhcbsnncb_nfcb_hc_nw__lag001,1.0,0.029943,0.525866,0.55580949
m__civpart_civpart__lag009,0.974922,0.184894,0.385196,0.55579294
m__houst_houst__lag005,0.840125,0.201129,0.460356,0.55573052
m__ces2000000008_wage_const__lag008,0.987461,0.07115,0.491536,0.55562997
m__ces3000000008_wage_man__lag006,1.0,0.059598,0.495877,0.55547462
q__bogz1fl713123030q_tga__lag005,0.99373,0.039246,0.519613,0.55535532
q__bogz1fl713123030q_tga_z1__lag005,0.99373,0.039246,0.519613,0.55535532
q__bogz1lm263061105q_row_tsy_raw__lag008,0.984326,0.06753,0.49661,0.55529827
q__bogz1lm263061105q_row_tsy__lag008,0.984326,0.06753,0.49661,0.55529827
m__ces2000000008_wage_const__lag009,0.987461,0.069467,0.492758,0.55517507
q__bogz1fl713061113q_cb_bills_raw__lag004,0.996865,0.099521,0.457347,0.5551231
q__bogz1fl713061113q_cb_bills__lag004,0.996865,0.099521,0.457347,0.5551231
q__bogz1lm543061115q_li_bills__lag004,0.996865,0.151515,0.405283,0.55505192
m__dspic96_real_dpi__lag005,0.840125,0.137599,0.523073,0.55504708
m__ces3000000008_wage_man__lag007,1.0,0.059012,0.496016,0.55502712
m__srvprd_srvprd__lag007,1.0,0.071026,0.483982,0.55500796
q__bogz1fr753061103q_usb_tsy_for_reval__lag004,0.984326,0.287524,0.276275,0.55496187
q__bogz1fl383061105q_dom_nonfin_sector_tsy__lag008,0.984326,0.103437,0.460301,0.55490207
q__bogz1fl313161305q_gov_nonmarketable_ts__lag002,1.0,0.075673,0.479156,0.55482922
q__bogz1lm543061115q_li_bills__lag006,0.990596,0.132972,0.427105,0.55481011
m__totalsl_totalsl__lag003,1.0,0.040929,0.513806,0.55473587
q__bogz1lm343061113q_fed_gov_dcf_retirement_ts__lag007,0.987461,0.062877,0.498825,0.55465924
q__bogz1lm343061113q_fed_gov_dc_retirement_ts__lag007,0.987461,0.062877,0.498825,0.55465924
q__bogz1lm343061113q_fed_ret_tsy_dc__lag007,0.987461,0.062877,0.498825,0.55465924
q__rowcbaq027s_row_corpbonds_flow__lag004,0.984326,0.262588,0.30087,0.55462637
q__a457rc1q027sbea_netva_nfcb__lag008,0.968652,0.07173,0.50064,0.55442699
m__uspriv_uspriv__lag012,1.0,0.073813,0.4806,0.55441248
m__totalsl_totalsl__lag005,1.0,0.042408,0.511999,0.55440726
m__ces2000000008_wage_const__lag007,0.987461,0.071093,0.490343,0.55439534
m__ces3000000008_wage_man__lag001,1.0,0.058036,0.496355,0.55439062
q__bogz1fl264035005q_row_loans_a__lag004,0.996865,0.080743,0.475376,0.55437584
q__a4102c1q027sbea_gdi_wages__lag006,0.974922,0.070297,0.498336,0.55437295
q__bogz1fl264035005q_row_loans_a__lag002,1.0,0.050697,0.503619,0.55431622
m__dspic96_real_dpi__lag010,0.833856,0.134078,0.530678,0.55431067
q__gpdi_gpdi__lag008,0.968652,0.066132,0.506002,0.55419927
m__dspic96_real_dpi__lag011,0.833856,0.142891,0.5215,0.55400637
q__bogz1fl343061123q_fed_gov_dcg_retirement_ts__lag002,1.0,0.178253,0.375718,0.55397055
q__bogz1fl884135005q_dom_loan_l__lag006,0.990596,0.092351,0.466858,0.55394982
m__usgood_usgood__lag004,1.0,0.308177,0.245694,0.5538708
m__totalsl_totalsl__lag002,1.0,0.039446,0.514313,0.55375816
q__a024rc1q027sbea_cfc__lag006,0.974922,0.07177,0.496154,0.55368154
q__ophnfb_nflabor_productivity__lag007,0.971787,0.073409,0.496338,0.55367227
d__ldgust_tga_fed_alt__lag057,1.0,0.102106,0.451377,0.55348344
q__gdpc1_real_gdp__lag001,0.990596,0.040989,0.517741,0.55347496
d__ldgust_tga_fed_alt__lag090,1.0,0.093999,0.459429,0.55342872
m__ces2000000008_wage_const__lag006,0.990596,0.067638,0.490872,0.55325705
d__ldgust_tga_fed_alt__lag053,1.0,0.103386,0.449783,0.55316806
d__ldgust_tga_fed_alt__lag088,1.0,0.095429,0.457712,0.55314057
m__ces2000000008_wage_const__lag005,0.990596,0.067833,0.490515,0.55309772
q__bogz1fa713061103q_cb_tsy_tx__lag008,0.971787,0.221073,0.34774,0.55276464
m__ces3000000008_wage_man__lag004,1.0,0.056438,0.496284,0.55272238
m__ces3000000008_wage_man__lag003,1.0,0.05748,0.495198,0.55267835
q__iatashcbsnncb_nfcb_hc_inventories__lag005,0.99373,0.066081,0.490073,0.55266765
d__ldgust_tga_fed_alt__lag058,1.0,0.100336,0.452195,0.55253121
q__bogz1fl712151003q_fed_repo__lag001,1.0,0.239237,0.313254,0.55249121
m__ipman_ipman__lag008,0.673981,0.371529,0.448091,0.55240868
q__bogz1fl704135005q_usb_loan_l__lag006,0.990596,0.167618,0.389972,0.55234628
q__gdp_gdp__lag006,0.974922,0.069063,0.497459,0.55231397
q__bogz1fl663061165q_brokers_dealers_long_ts__lag007,0.987461,0.044208,0.51505,0.55224519
q__w006rc1q027sbea_gov_tax_receipts__lag004,0.981191,0.100174,0.462648,0.55223581
m__ces2000000008_wage_const__lag002,0.99373,0.065111,0.490465,0.55209247
q__pnfi_priv_nonres_fi__lag005,0.978056,0.0631,0.501369,0.55208303
m__ces2000000008_wage_const__lag003,0.99373,0.064978,0.490566,0.55206135
q__bogz1lm653061105q_mf_tsy_raw__lag004,0.996865,0.084169,0.46959,0.55202348
q__bogz1lm653061105q_mutual_funds_ts__lag004,0.996865,0.084169,0.46959,0.55202348
q__bogz1fl263061145q_row_priv_tsy__lag001,1.0,0.065371,0.48663,0.55200055
q__bogz1fl884035005q_dom_loan_a__lag004,0.996865,0.080287,0.473244,0.5517949
d__ldgust_tga_fed_alt__lag089,1.0,0.093142,0.458646,0.5517888
d__ldgust_tga_fed_alt__lag086,1.0,0.096855,0.454721,0.55157518
q__bogz1lm653061113q_mf_bills_raw__lag004,0.996865,0.118393,0.434893,0.5515511
q__bogz1lm653061113q_mutf_bills__lag004,0.996865,0.118393,0.434893,0.5515511
m__civpart_civpart__lag004,0.978056,0.197857,0.36596,0.55144449
m__psavert_psavert__lag012,0.833856,0.471926,0.189371,0.55142669
q__b461rc1q027sbea_netva_wages__lag007,0.971787,0.066214,0.501148,0.55135469
d__ldgust_tga_fed_alt__lag054,1.0,0.097371,0.453835,0.55120594
m__ipmat_ipmat__lag010,1.0,0.045912,0.50523,0.55114164
m__ces2000000008_wage_const__lag001,0.99373,0.063635,0.490961,0.55111895
q__bogz1lm223061143q_state_local_db_retirement_ts__lag007,0.987461,0.141862,0.416218,0.55108191
q__gpdi_gpdi__lag003,0.984326,0.047977,0.511443,0.55065179
q__b456rc1q027sbea_nfcb_cfc__lag004,0.981191,0.064466,0.496697,0.55060822
q__w006rc1q027sbea_gov_tax_receipts__lag003,0.984326,0.093765,0.465486,0.55048521
q__a464rc1q027sbea_nfcb_pbt__lag005,0.978056,0.131468,0.431271,0.55039101
q__bogz1lm573061133q_private_dc_pension_ts__lag005,0.99373,0.062721,0.490955,0.55020436
m__usalolitoaastsam_oecd_leading_indicator_us__lag006,0.890282,0.263672,0.354236,0.55011312
q__bogz1lm653061105q_mf_tsy_raw__lag006,0.990596,0.091691,0.463441,0.54991078
q__bogz1lm653061105q_mutual_funds_ts__lag006,0.990596,0.091691,0.463441,0.54991078
q__bogz1fl573061143q_private_db_pension_ts__lag008,0.984326,0.106863,0.451754,0.54986136
m__ipman_ipman__lag005,0.677116,0.345091,0.466949,0.54984542
m__ces2000000008_wage_const__lag004,0.990596,0.065235,0.489588,0.54960528
q__bogz1lm663061105q_brokers_dealers_ts__lag002,1.0,0.165739,0.383688,0.54942712
q__na000283q_gov_current_exp__lag005,0.978056,0.065564,0.496162,0.54939977
q__bogz1lm543061115q_li_bills__lag002,1.0,0.200805,0.348524,0.54932847
q__pcesv_pcesv__lag005,0.978056,0.070032,0.491408,0.5491205
q__bogz1lm223061143q_state_local_db_retirement_ts__lag001,1.0,0.081549,0.467502,0.54905144
m__civpart_civpart__lag006,0.978056,0.19482,0.366181,0.54869025
q__fgexpnd_fgexpnd__lag005,0.978056,0.065248,0.495728,0.54866568
q__bogz1lm223061143q_state_local_db_retirement_ts__lag002,1.0,0.081841,0.466718,0.54855877
q__gsave_gsave__lag001,0.990596,0.028593,0.524686,0.54807546
q__bogz1fl884135005q_dom_loan_l__lag005,0.99373,0.084099,0.467391,0.5480321
m__dspic96_real_dpi__lag002,0.84326,0.131558,0.518196,0.54791214
d__ldgust_tga_fed_alt__lag055,1.0,0.098141,0.449759,0.54789971
m__usgood_usgood__lag012,1.0,0.244243,0.303242,0.54748517
q__tfaabshno_hhnp_tfa__lag003,1.0,0.036694,0.510486,0.54717982
m__usgood_usgood__lag001,1.0,0.325369,0.221757,0.5471265
q__bogz1fa713061113q_cb_bills_tx__lag006,0.978056,0.28404,0.275155,0.54692432
q__fpi_fpi__lag008,0.968652,0.061052,0.503501,0.54685607
q__fpi_invest_priv_fixed__lag008,0.968652,0.061052,0.503501,0.54685607
q__tfaabsnncb_nfcb_tfa__lag003,1.0,0.048027,0.498798,0.54682535
q__rowsllq027s_row_stloan_l__lag008,0.984326,0.078882,0.476595,0.54677101
m__houst_houst__lag006,0.840125,0.177087,0.47363,0.54668414
q__bogz1fl704141005q_usb_stloan_l__lag006,0.990596,0.165643,0.385676,0.54613468
q__bogz1fr573061143q_private_db_pension_ts_reval__lag005,0.981191,0.325352,0.231014,0.54590174
m__usalolitoaastsam_oecd_leading_indicator_us__lag011,0.884013,0.323027,0.294451,0.5458583
m__ipman_ipman__lag003,0.680251,0.331696,0.470719,0.54584335
m__civpart_civpart__lag008,0.974922,0.177788,0.382075,0.54582202
q__fgla_fgla__lag002,1.0,0.073064,0.472752,0.54581599
q__fgla_fedgov_loans__lag002,1.0,0.073064,0.472752,0.54581599
q__fpi_invest_priv_fixed__lag001,0.990596,0.027109,0.523862,0.54578976
q__fpi_fpi__lag001,0.990596,0.027021,0.523922,0.5457616
q__bogz1lm102010005q_nfcb_nfassets__lag005,0.99373,0.059865,0.489318,0.54573945
q__bogz1fl693061105q_nonmmf_ts__lag003,1.0,0.076083,0.469426,0.54550924
q__bogz1fl693061105q_nonmmmf_ts__lag003,1.0,0.076083,0.469426,0.54550924
q__bogz1lm223061143q_state_local_db_retirement_ts__lag006,0.990596,0.140645,0.410006,0.545472
q__a024rc1q027sbea_cfc__lag005,0.978056,0.062768,0.494846,0.54537799
d__ldgust_tga_fed_alt__lag085,1.0,0.091681,0.453484,0.54516545
m__civpart_civpart__lag005,0.978056,0.183789,0.37356,0.54511935
d__ldgust_tga_fed_alt__lag084,1.0,0.092411,0.452677,0.54508788
q__bogz1lm653061105q_mf_tsy_raw__lag005,0.99373,0.08347,0.464914,0.54494545
q__bogz1lm653061105q_mutual_funds_ts__lag005,0.99373,0.08347,0.464914,0.54494545
q__w006rc1q027sbea_gov_tax_receipts__lag001,0.990596,0.052864,0.497173,0.54486457
q__fgtlasq027s_gov_loan_a__lag002,1.0,0.073108,0.471742,0.54484949
q__bogz1fr263061105q_row_bills_reval__lag004,0.984326,0.303494,0.24983,0.54465144
q__bogz1fr263061105q_row_tsy_reval__lag004,0.984326,0.303494,0.24983,0.54465144
m__uspriv_uspriv__lag011,1.0,0.061338,0.483018,0.54435612
q__gpdi_gpdi__lag004,0.981191,0.049543,0.505228,0.5443361
q__ophnfb_nflabor_productivity__lag008,0.968652,0.067827,0.493891,0.54410939
q__mmmffaq027s_mmf_tfa__lag005,0.99373,0.102273,0.445095,0.54393671
q__bogz1lm543061115q_li_bills__lag008,0.984326,0.123876,0.428112,0.54333598
q__bogz1fl892050005q_all_ffrepo__lag001,1.0,0.073803,0.469437,0.54324051
q__b456rc1q027sbea_nfcb_cfc__lag003,0.984326,0.056589,0.495142,0.54308311
q__gdpc1_real_gdp__lag004,0.981191,0.050121,0.503311,0.54302314
q__bogz1fl543461113q_li_bills__lag002,1.0,0.127398,0.415455,0.54285335
q__fpi_fpi__lag002,0.987461,0.03426,0.51537,0.54273834
q__fpi_invest_priv_fixed__lag002,0.987461,0.03426,0.515358,0.54272611
m__payems_nonfarm_payrolls__lag012,1.0,0.06515,0.47753,0.54267961
m__ipmat_ipmat__lag012,1.0,0.046316,0.496125,0.54244078
q__bogz1fl264035005q_row_loans_a__lag001,1.0,0.028367,0.514042,0.54240968
q__cbi_cbi__lag001,0.990596,0.216929,0.330486,0.54226662
q__bogz1fl884035005q_dom_loan_a__lag003,1.0,0.066941,0.475197,0.54213756
q__bogz1lm263061110q_row_bills_raw__lag007,0.987461,0.102637,0.446057,0.54181437
q__bogz1lm263061110q_row_bills__lag007,0.987461,0.102637,0.446057,0.54181437
d__ldgust_tga_fed_alt__lag078,1.0,0.086622,0.455111,0.54173311
m__ipmat_ipmat__lag011,1.0,0.044904,0.496661,0.54156502
m__fedfunds_fed_funds__lag009,0.893417,0.26424,0.341833,0.54147539
q__bogz1lm105020015q_nfcb_inventories__lag007,0.987461,0.061964,0.48631,0.54139896
q__a464rc1q027sbea_nfcb_pbt__lag006,0.974922,0.138651,0.416511,0.54123905
m__ipman_ipman__lag001,0.680251,0.318743,0.476523,0.54098008
m__houst_houst__lag011,0.833856,0.223947,0.424815,0.54097367
q__gdpc1_real_gdp__lag003,0.984326,0.043059,0.505971,0.54042395
d__ldgust_tga_fed_alt__lag082,1.0,0.089027,0.451288,0.54031517
q__bogz1fr403061105q_gses_ts_reval__lag005,0.981191,0.33567,0.214976,0.54028889
q__bogz1fl263061145q_row_priv_tsy__lag002,1.0,0.06136,0.478844,0.54020383
q__bogz1fl693061105q_nonmmf_ts__lag007,0.987461,0.082229,0.464775,0.54014453
q__bogz1fl693061105q_nonmmmf_ts__lag007,0.987461,0.082229,0.464775,0.54014453
q__bogz1fl543061175q_life_insurance_ts__lag008,0.984326,0.080734,0.468006,0.54013834
d__ldgust_tga_fed_alt__lag059,1.0,0.090491,0.449644,0.54013458
q__a4102c1q027sbea_gdi_wages__lag005,0.978056,0.057207,0.495021,0.5401097
m__awotman_awotman__lag008,0.874608,0.282476,0.335061,0.54010338
q__bogz1fl713061103q_fed_tsy__lag006,0.990596,0.134935,0.410181,0.53999011
q__bogz1fl713061103q_fed_tsy_raw__lag006,0.990596,0.134935,0.410181,0.53999011
q__bogz1fl713061103q_cb_tsy__lag006,0.990596,0.134935,0.410181,0.53999011
q__fgtsl_fgtsl__lag003,1.0,0.066963,0.472899,0.53986116
q__gsave_gsave__lag002,0.987461,0.02682,0.519727,0.53969324
q__bogz1lm263061110q_row_bills_raw__lag006,0.990596,0.098588,0.446208,0.53967189
q__bogz1lm263061110q_row_bills__lag006,0.990596,0.098588,0.446208,0.53967189
q__ib0000043q086sbea_imp_ind_pi__lag002,0.733542,0.354093,0.381248,0.5394038
q__a457rc1q027sbea_netva_nfcb__lag007,0.971787,0.059926,0.495131,0.53939709
q__bogz1fr263061105q_row_bills_reval__lag005,0.981191,0.332955,0.216712,0.53932792
q__bogz1fr263061105q_row_tsy_reval__lag005,0.981191,0.332955,0.216712,0.53932792
d__ldgust_tga_fed_alt__lag083,1.0,0.088597,0.450721,0.53931767
m__uspriv_uspriv__lag010,1.0,0.053852,0.485417,0.53926905
q__bogz1fl383061105q_dom_nonfin_sector_tsy__lag004,0.996865,0.123412,0.417086,0.53880386
d__ldgust_tga_fed_alt__lag081,1.0,0.086992,0.451663,0.5386555
q__b456rc1q027sbea_nfcb_cfc__lag002,0.987461,0.050719,0.494705,0.53858428
q__bogz1lm102010005q_nfcb_nfassets__lag001,1.0,0.02638,0.512117,0.53849728
q__tnwhcbsnncb_nfcb_hc_nw__lag002,1.0,0.019605,0.518784,0.53838918
m__houst_houst__lag012,0.833856,0.214361,0.431018,0.53815311
m__ipman_ipman__lag004,0.677116,0.32294,0.471746,0.53809447
m__permit_permit__lag003,0.830721,0.13317,0.514286,0.53785506
d__ldgust_tga_fed_alt__lag076,1.0,0.088371,0.449388,0.53775958
q__b461rc1q027sbea_netva_wages__lag006,0.974922,0.054371,0.497213,0.53775116
q__bogz1fl262051003q_row_rrp__lag003,1.0,0.073624,0.463788,0.53741171
q__bogz1fr573061105q_private_pension_ts_reval__lag005,0.981191,0.316386,0.231305,0.53739
q__bogz1fa105019005q_nfcb_gfi__lag005,0.981191,0.0492,0.498313,0.53721438
q__dividend_dividend__lag001,0.990596,0.02757,0.514524,0.53699609
q__fpi_fpi__lag007,0.971787,0.047495,0.504772,0.53668593
q__fpi_invest_priv_fixed__lag007,0.971787,0.047495,0.504772,0.53668593
m__bogmbase_mb__lag001,0.84326,0.150273,0.486137,0.53665929
q__a024rc1q027sbea_cfc__lag004,0.981191,0.053456,0.493252,0.53642443
q__w260rc1q027sbea_gdi_netopsurp_privent__lag001,0.990596,0.029671,0.511782,0.53636083
q__bogz1fl713068703q_fed_dw_a__lag006,0.990596,0.219079,0.322262,0.53625
m__usgood_usgood__lag011,1.0,0.238133,0.298105,0.53623732
m__civpart_civpart__lag007,0.974922,0.178876,0.371061,0.53614517
q__rowcbaq027s_row_corpbonds_flow__lag008,0.971787,0.259436,0.29217,0.53604333
q__tfaabsnncb_nfcb_tfa__lag004,0.996865,0.051227,0.486354,0.53589525
m__iputil_iputil__lag012,1.0,0.070622,0.465229,0.53585169
q__gdp_gdp__lag005,0.978056,0.054067,0.493708,0.53575482
q__bogz1fl884135005q_dom_loan_l__lag004,0.996865,0.069191,0.468153,0.53565924
d__ldgust_tga_fed_alt__lag079,1.0,0.083937,0.451579,0.53551531
q__bogz1fl693061105q_nonmmf_ts__lag004,0.996865,0.077838,0.459346,0.53549945
q__bogz1fl693061105q_nonmmmf_ts__lag004,0.996865,0.077838,0.459346,0.53549945
d__ldgust_tga_fed_alt__lag080,1.0,0.082155,0.453236,0.53539132
d__ldgust_tga_fed_alt__lag072,1.0,0.094548,0.44056,0.53510779
q__gpdi_gpdi__lag007,0.971787,0.044692,0.50594,0.53509718
d__ldgust_tga_fed_alt__lag077,1.0,0.087205,0.447873,0.5350784
q__bogz1fl513061115q_pci_bills_raw__lag003,1.0,0.068506,0.466467,0.53497338
q__bogz1fl513061115q_pci_bills__lag003,1.0,0.068506,0.466467,0.53497338
q__bogz1lm903061103q_instrument_discrepancies_ts__lag004,0.996865,0.309102,0.227552,0.53497098
q__bogz1fr343061113q_fed_gov_dcf_retirement_ts_reval__lag004,0.984326,0.279819,0.263541,0.53484298
m__awotman_awotman__lag011,0.871473,0.276104,0.337555,0.53478755
d__ldgust_tga_fed_alt__lag071,1.0,0.098546,0.43588,0.53442581
q__bogz1lm653061113q_mf_bills_raw__lag001,1.0,0.127054,0.40731,0.53436465
q__bogz1lm653061113q_mutf_bills__lag001,1.0,0.127054,0.40731,0.53436465
q__bogz1fl263061145q_row_priv_tsy__lag003,1.0,0.055022,0.479221,0.53424304
q__bogz1fl313161305q_gov_nonmarketable_ts__lag005,0.99373,0.037361,0.500226,0.53421706
q__bogz1fa403061105q_gses_ts_tx__lag004,0.984326,0.405737,0.136928,0.53415915
q__bogz1fr573061143q_private_db_pension_ts_reval__lag004,0.984326,0.275998,0.266446,0.53394237
q__fgla_fgla__lag003,1.0,0.061973,0.471943,0.53391628
q__fgla_fedgov_loans__lag003,1.0,0.061973,0.471943,0.53391628
d__ldgust_tga_fed_alt__lag074,1.0,0.09109,0.442819,0.53390944
q__b456rc1q027sbea_nfcb_cfc__lag001,0.990596,0.043914,0.494899,0.53374642
q__bogz1fr573061105q_private_pension_ts_reval__lag004,0.984326,0.276577,0.265276,0.5333598
q__bogz1fl693061105q_nonmmf_ts__lag008,0.984326,0.071456,0.470227,0.53319332
q__bogz1fl693061105q_nonmmmf_ts__lag008,0.984326,0.071456,0.470227,0.53319332
q__impgs_imports__lag001,0.990596,0.040468,0.49741,0.53281932
m__ipman_ipman__lag006,0.677116,0.321681,0.465113,0.53275035
q__fgtlasq027s_gov_loan_a__lag003,1.0,0.061843,0.470891,0.53273323
q__gsave_gsave__lag005,0.978056,0.023702,0.520877,0.53262877
q__bogz1fl713061103q_fed_tsy__lag007,0.987461,0.144299,0.395076,0.5326119
q__bogz1fl713061103q_fed_tsy_raw__lag007,0.987461,0.144299,0.395076,0.5326119
q__bogz1fl713061103q_cb_tsy__lag007,0.987461,0.144299,0.395076,0.5326119
q__bogz1lm543061115q_li_bills__lag001,1.0,0.206452,0.325744,0.53219605
q__bogz1fl693061105q_nonmmf_ts__lag006,0.990596,0.081541,0.455642,0.53213169
q__bogz1fl693061105q_nonmmmf_ts__lag006,0.990596,0.081541,0.455642,0.53213169
q__bogz1lm573061105q_private_pension_ts__lag008,0.984326,0.060177,0.480423,0.532126
q__ib0000043q086sbea_imp_ind_pi__lag001,0.736677,0.32662,0.395565,0.53201775
q__a464rc1q027sbea_nfcb_pbt__lag003,0.984326,0.096623,0.443856,0.53200786
d__ldgust_tga_fed_alt__lag073,1.0,0.093115,0.438692,0.53180732
q__rowcbaq027s_row_corpbonds_flow__lag001,0.99373,0.1568,0.37835,0.53179451
q__bogz1fr593061105q_pension_ts_reval__lag005,0.981191,0.316808,0.224893,0.53151233
q__bogz1lm343061105q_fed_gov_retirement_ts__lag002,1.0,0.127741,0.40368,0.53142165
q__bogz1lm343061105q_fed_ret_tsy_total__lag002,1.0,0.127741,0.40368,0.53142165
q__expgs_exports__lag005,0.978056,0.070762,0.472583,0.53142154
d__ldgust_tga_fed_alt__lag075,1.0,0.088089,0.443329,0.53141826
q__bogz1fl663061165q_brokers_dealers_long_ts__lag005,0.99373,0.036377,0.498382,0.53140677
m__payems_nonfarm_payrolls__lag011,1.0,0.051769,0.479517,0.53128592
m__m2sl_m2__lag001,0.84326,0.127422,0.502612,0.53128261
q__bogz1fl693061105q_nonmmf_ts__lag005,0.99373,0.077143,0.457229,0.53102202
q__bogz1fl693061105q_nonmmmf_ts__lag005,0.99373,0.077143,0.457229,0.53102202
q__fpi_fpi__lag003,0.984326,0.02894,0.510313,0.53080118
q__impgs_imports__lag002,0.987461,0.060546,0.47683,0.53063758
q__w006rc1q027sbea_gov_tax_receipts__lag005,0.978056,0.083405,0.459108,0.53060831
q__fpi_invest_priv_fixed__lag003,0.984326,0.02894,0.510095,0.53058626
q__rowstaq027s_row_stloan_a__lag003,1.0,0.056135,0.473888,0.53002339
q__bogz1fa713061113q_cb_bills_tx__lag004,0.984326,0.344674,0.193762,0.52999612
q__tfaabsnncb_nfcb_tfa__lag006,0.990596,0.053779,0.481208,0.52995576
q__a024rc1q027sbea_cfc__lag003,0.984326,0.045686,0.492586,0.52983536
q__bogz1fa633061110q_mmf_bills_tx__lag005,0.981191,0.178354,0.361533,0.52973165
m__totresns_res__lag001,0.84326,0.165041,0.462919,0.52953377
q__bogz1fl884035005q_dom_loan_a__lag002,1.0,0.051159,0.478219,0.52937793
q__tfaabsnncb_nfcb_tfa__lag005,0.99373,0.047058,0.485505,0.52922366
q__a464rc1q027sbea_nfcb_pbt__lag002,0.987461,0.070671,0.465267,0.52921802
q__rowcbaq027s_row_corpbonds_flow__lag002,0.990596,0.119695,0.414528,0.52919891
q__w328rc1q027sbea_nfcb_pat__lag001,0.990596,0.039084,0.494816,0.52887914
q__bogz1fr343061113q_fed_gov_dcf_retirement_ts_reval__lag005,0.981191,0.318333,0.220657,0.52885255
q__gsave_gsave__lag003,0.984326,0.012624,0.524548,0.5287528
m__usgood_usgood__lag010,1.0,0.237117,0.291009,0.52812573
q__tnwmvbsnncb_nfcb_nw__lag001,1.0,0.002838,0.524878,0.52771659
q__bogz1lm102010005q_nfcb_nfassets__lag002,1.0,0.024042,0.503594,0.5276357
m__payems_nonfarm_payrolls__lag010,1.0,0.045649,0.481924,0.52757287
m__bogmbase_mb__lag002,0.84326,0.142302,0.483123,0.52739626
q__a4102c1q027sbea_gdi_wages__lag003,0.984326,0.037127,0.498626,0.52735601
q__a024rc1q027sbea_cfc__lag002,0.987461,0.040634,0.493227,0.52716624
d__ldgust_tga_fed_alt__lag070,1.0,0.090554,0.436487,0.52704138
q__a4102c1q027sbea_gdi_wages__lag001,0.990596,0.02582,0.506173,0.52699032
q__bogz1fa713061103q_cb_tsy_tx__lag005,0.981191,0.298392,0.238583,0.52687469
q__a024rc1q027sbea_cfc__lag001,0.990596,0.0371,0.494755,0.52685339
q__bogz1lm102010005q_nfcb_nfassets__lag003,1.0,0.027259,0.49948,0.52673937
q__gdpc1_real_gdp__lag002,0.987461,0.023223,0.510126,0.52666109
q__a4102c1q027sbea_gdi_wages__lag004,0.981191,0.040314,0.496437,0.52665524
q__tfaabsnncb_nfcb_tfa__lag007,0.987461,0.049523,0.483565,0.52640443
m__permit_permit__lag002,0.830721,0.138027,0.495623,0.52638652
q__bogz1lm102010005q_nfcb_nfassets__lag004,0.996865,0.037079,0.490935,0.52635902
q__bogz1fr653061105q_mutual_funds_ts_reval__lag004,0.984326,0.276833,0.257769,0.52622236
q__bogz1fl712151003q_fed_repo__lag002,1.0,0.266798,0.259392,0.52619037
q__bogz1fa763061100q_usb_tsy_oth_tx__lag004,0.984326,0.292899,0.241612,0.52613309
q__iatashcbsnncb_nfcb_hc_inventories__lag001,1.0,0.037014,0.489109,0.52612278
q__bogz1lm573061133q_private_dc_pension_ts__lag006,0.990596,0.035392,0.495668,0.5260657
q__bogz1fr743061103q_usb_tsy_dom_reval__lag004,0.984326,0.298628,0.235714,0.52596666
d__ldgust_tga_fed_alt__lag069,1.0,0.088686,0.437278,0.52596405
q__bogz1fr473061105q_credit_unions_ts_reval__lag004,0.984326,0.287725,0.246599,0.52594963
q__gsave_gsave__lag004,0.981191,0.013464,0.522514,0.52589627
q__bogz1fl884135005q_dom_loan_l__lag003,1.0,0.055254,0.470558,0.52581253
q__bogz1fl884035005q_dom_loan_a__lag001,1.0,0.040686,0.484614,0.5253001
d__ldgust_tga_fed_alt__lag068,1.0,0.090614,0.434642,0.52525586
q__bogz1fr693061105q_nonmmf_ts_reval__lag004,0.984326,0.282655,0.250962,0.52525287
q__bogz1fr693061105q_nonmmmf_ts_reval__lag004,0.984326,0.282655,0.250962,0.52525287
m__m2sl_m2__lag002,0.84326,0.122271,0.500497,0.52515508
q__ib0000043q086sbea_imp_ind_pi__lag003,0.730408,0.328732,0.389684,0.52473663
q__bogz1fr573061133q_private_dc_pension_ts_reval__lag004,0.984326,0.273468,0.259521,0.52463556
q__bogz1fl343061123q_fed_gov_dcg_retirement_ts__lag007,0.987461,0.08456,0.44666,0.52455935
m__popthm_popthm__lag012,0.833856,0.127176,0.501625,0.52432875
q__bogz1lm343061113q_fed_gov_dcf_retirement_ts__lag008,0.984326,0.039866,0.492764,0.52428104
q__bogz1lm343061113q_fed_gov_dc_retirement_ts__lag008,0.984326,0.039866,0.492764,0.52428104
q__bogz1lm343061113q_fed_ret_tsy_dc__lag008,0.984326,0.039866,0.492764,0.52428104
q__b093rc1q027sbea_gov_int_row__lag005,0.978056,0.091637,0.4444,0.52427461
m__dspi_dspi__lag004,0.840125,0.114223,0.509544,0.52404187
q__rowstaq027s_row_stloan_a__lag005,0.99373,0.080625,0.446605,0.52392456
q__rowstaq027s_row_stloan_a__lag002,1.0,0.034451,0.489402,0.52385302
q__fpi_fpi__lag006,0.974922,0.030656,0.506642,0.52382306
q__fpi_invest_priv_fixed__lag006,0.974922,0.030656,0.506642,0.52382306
q__bogz1fa573061133q_private_dc_pension_ts_tx__lag002,0.990596,0.284192,0.24433,0.5235509
q__tfaabshno_hhnp_tfa__lag004,0.996865,0.02985,0.495068,0.52327247
d__ldgust_tga_fed_alt__lag067,1.0,0.088907,0.434048,0.52295532
m__popthm_popthm__lag011,0.833856,0.125828,0.501241,0.52288503
q__bogz1fa313161110q_totalbills_z1_tx__lag004,0.984326,0.407101,0.124023,0.52280008
q__fgrecpt_fgrecpt__lag002,0.987461,0.03903,0.490255,0.52264815
q__a091rc1q027sbea_gov_interest_payments__lag007,0.971787,0.093966,0.44385,0.52264222
q__a091rc1q027sbea_fedgov_int__lag007,0.971787,0.093966,0.44385,0.52264222
m__ipman_ipman__lag007,0.673981,0.315825,0.459263,0.52239491
q__bogz1fr593061105q_pension_ts_reval__lag004,0.984326,0.279752,0.250948,0.52238166
m__popthm_popthm__lag009,0.836991,0.123303,0.500474,0.52209574
d__ldgust_tga_fed_alt__lag060,1.0,0.078835,0.44312,0.52195496
q__bogz1fl704135005q_usb_loan_l__lag005,0.99373,0.142706,0.382264,0.5216791
m__popthm_popthm__lag010,0.833856,0.124655,0.500854,0.52158477
q__tnwmvbsnncb_nfcb_nw__lag002,1.0,0.009337,0.512224,0.52156096
d__ldgust_tga_fed_alt__lag066,1.0,0.085958,0.43539,0.52134819
q__bogz1fa733061103q_holding_companies_ts_tx__lag001,0.99373,0.306901,0.217586,0.5211979
q__bopbca_bopbca__lag001,0.827586,0.201313,0.428306,0.52106468
m__dspi_dspi__lag009,0.836991,0.107927,0.514405,0.52088658
q__w326rc1q027sbea_net_op_surplus__lag004,0.981191,0.056503,0.474353,0.5208709
q__pcesv_pcesv__lag004,0.981191,0.039488,0.49108,0.52058786
m__popthm_popthm__lag008,0.836991,0.121611,0.500099,0.52036551
m__cpiulfsl_cpiulfsl__lag012,0.984326,0.045758,0.482785,0.52025914
q__fgtsl_fgtsl__lag004,0.996865,0.04926,0.47258,0.52020389
d__ldgust_tga_fed_alt__lag061,1.0,0.080689,0.439464,0.52015244
d__dgs2_dgs2__lag021,0.626959,0.452,0.377206,0.51987844
m__iputil_iputil__lag010,1.0,0.05465,0.465159,0.51980952
m__uempmean_uempmean__lag001,0.981191,0.269224,0.260527,0.51978757
m__cpiaucsl_cpiaucsl__lag012,0.984326,0.045077,0.482815,0.51961831
d__ldgust_tga_fed_alt__lag062,1.0,0.079319,0.440296,0.51961522
q__w328rc1q027sbea_nfcb_pat__lag004,0.981191,0.04763,0.481939,0.51960797
d__dgs2_dgs2__lag025,0.626959,0.451426,0.377237,0.51953807
q__bogz1fl712151003q_fed_repo__lag003,1.0,0.253626,0.265809,0.51943509
m__cpiulfsl_cpiulfsl__lag001,0.99373,0.032518,0.490161,0.51940184
q__bogz1fl313161305q_gov_nonmarketable_ts__lag006,0.990596,0.027936,0.49636,0.51936564
q__bogz1lm105020015q_nfcb_inventories__lag006,0.990596,0.042991,0.481169,0.51922985
m__popthm_popthm__lag006,0.840125,0.118583,0.499424,0.51920349
q__bogz1fl263061145q_row_priv_tsy__lag004,0.996865,0.045231,0.475523,0.5191217
q__a4102c1q027sbea_gdi_wages__lag002,0.987461,0.025302,0.500362,0.51907244
q__a464rc1q027sbea_nfcb_pbt__lag007,0.971787,0.131955,0.402048,0.51893669
q__pnfi_priv_nonres_fi__lag004,0.981191,0.02977,0.499086,0.5189092
q__bogz1lm653061113q_mf_bills_raw__lag002,1.0,0.107102,0.411763,0.51886474
q__bogz1lm653061113q_mutf_bills__lag002,1.0,0.107102,0.411763,0.51886474
q__bogz1lm223061143q_state_local_db_retirement_ts__lag003,1.0,0.069816,0.44904,0.51885572
q__b461rc1q027sbea_netva_wages__lag005,0.978056,0.037682,0.492801,0.518843
m__popthm_popthm__lag007,0.836991,0.120073,0.499766,0.51879941
q__dividend_dividend__lag002,0.987461,0.024853,0.500534,0.518799
m__m2sl_m2__lag003,0.84326,0.11607,0.499132,0.51877486
d__dgs2_dgs2__lag026,0.626959,0.449307,0.377947,0.51865451
q__fpi_fpi__lag004,0.981191,0.020536,0.508022,0.51861613
q__fpi_invest_priv_fixed__lag004,0.981191,0.020536,0.508022,0.51861613
m__cpiulfsl_cpiulfsl__lag011,0.984326,0.043568,0.483098,0.51841093
q__bogz1fr343061105q_fed_gov_retirement_ts_reval__lag005,0.981191,0.310728,0.217586,0.51837742
d__dgs2_dgs2__lag024,0.626959,0.448336,0.378353,0.51830023
d__dgs2_dgs2__lag027,0.626959,0.449181,0.377288,0.51816242
q__a457rc1q027sbea_netva_nfcb__lag002,0.987461,0.033478,0.491097,0.51799728
d__dgs2_dgs2__lag029,0.626959,0.44989,0.376237,0.51794734
q__bogz1fr573061133q_private_dc_pension_ts_reval__lag005,0.981191,0.299679,0.228166,0.51791754
q__a457rc1q027sbea_netva_nfcb__lag006,0.974922,0.04098,0.49021,0.51786912
m__popthm_popthm__lag005,0.840125,0.117145,0.499124,0.51774335
q__fgrecpt_fgrecpt__lag004,0.981191,0.047768,0.479808,0.517653
d__dgs2_dgs2__lag020,0.626959,0.449355,0.376265,0.51762949
d__dgs2_dgs2__lag018,0.626959,0.451205,0.374262,0.51753367
m__cpiaucsl_cpiaucsl__lag011,0.984326,0.042879,0.482863,0.51750082
m__cpiaucsl_cpiaucsl__lag001,0.99373,0.032134,0.488613,0.51748289
q__rowstaq027s_row_stloan_a__lag001,1.0,0.013755,0.503685,0.51744027
q__bogz1fl262051003q_row_rrp__lag004,0.996865,0.086113,0.432777,0.51726276
q__w326rc1q027sbea_net_op_surplus__lag002,0.987461,0.043079,0.48071,0.51722191
m__popthm_popthm__lag003,0.84326,0.114708,0.498553,0.51713841
m__dspi_dspi__lag006,0.840125,0.10651,0.508948,0.51706252
d__dgs2_dgs2__lag019,0.626959,0.448898,0.375342,0.51676496
m__houst_houst__lag004,0.840125,0.148718,0.466376,0.51675576
d__dgs2_dgs2__lag023,0.626959,0.446363,0.377851,0.51674874
m__cpiulfsl_cpiulfsl__lag002,0.99373,0.03032,0.489666,0.51672643
d__dgs2_dgs2__lag022,0.626959,0.447498,0.376507,0.51661733
d__dgs2_dgs2__lag028,0.626959,0.448556,0.375333,0.51654478
q__fgrecpt_fgrecpt__lag003,0.984326,0.043808,0.480917,0.51650044
m__popthm_popthm__lag004,0.840125,0.11589,0.498825,0.51643808
q__bogz1fl713061103q_fed_tsy__lag008,0.984326,0.13765,0.386995,0.51642172
q__bogz1fl713061103q_fed_tsy_raw__lag008,0.984326,0.13765,0.386995,0.51642172
q__bogz1fl713061103q_cb_tsy__lag008,0.984326,0.13765,0.386995,0.51642172
q__bogz1fl713061103q_fed_tsy__lag005,0.99373,0.089674,0.429961,0.51637649
q__bogz1fl713061103q_fed_tsy_raw__lag005,0.99373,0.089674,0.429961,0.51637649
q__bogz1fl713061103q_cb_tsy__lag005,0.99373,0.089674,0.429961,0.51637649
m__totresns_res__lag002,0.84326,0.153897,0.45836,0.51629208
q__bogz1fr343061105q_fed_gov_retirement_ts_reval__lag004,0.984326,0.265947,0.258513,0.51623923
q__bogz1fr223061143q_state_local_db_retirement_ts_reval__lag005,0.981191,0.312195,0.213914,0.51621411
m__cpiulfsl_cpiulfsl__lag003,0.99373,0.030794,0.488556,0.51609396
d__dgs2_dgs2__lag016,0.626959,0.450653,0.372383,0.51601018
q__bogz1fl704141005q_usb_stloan_l__lag005,0.99373,0.141105,0.378082,0.51593192
m__popthm_popthm__lag002,0.84326,0.113309,0.498291,0.51573739
q__fgla_fgla__lag004,0.996865,0.046612,0.470692,0.51568191
q__fgla_fedgov_loans__lag004,0.996865,0.046612,0.470692,0.51568191
d__ldgust_tga_fed_alt__lag064,1.0,0.078602,0.436916,0.51551796
d__dgs2_dgs2__lag002,0.626959,0.448682,0.373406,0.51541565
d__dgs2_dgs2__lag017,0.626959,0.449473,0.372587,0.51539811
q__gdp_gdp__lag001,0.990596,0.018789,0.501488,0.51538477
d__dgs2_dgs2__lag008,0.626959,0.449131,0.372901,0.51538099
q__bogz1fa105019005q_nfcb_gfi__lag001,0.99373,0.019834,0.498668,0.51525145
d__dgs2_dgs2__lag011,0.626959,0.448973,0.372816,0.51522808
d__dgs2_dgs2__lag010,0.626959,0.448316,0.373308,0.51512432
q__impgs_imports__lag006,0.974922,0.052055,0.476318,0.51512165
q__bogz1fl884135005q_dom_loan_l__lag002,1.0,0.039992,0.47501,0.51500162
q__gdp_gdp__lag004,0.981191,0.03111,0.493689,0.51492813
q__tfaabshno_hhnp_tfa__lag007,0.987461,0.038583,0.482858,0.51490281
d__dgs2_dgs2__lag030,0.626959,0.445937,0.375299,0.51488158
m__cpiaucsl_cpiaucsl__lag002,0.99373,0.029924,0.488059,0.51473528
q__bogz1lm263061110q_row_bills_raw__lag008,0.984326,0.080016,0.442891,0.5147116
q__bogz1lm263061110q_row_bills__lag008,0.984326,0.080016,0.442891,0.5147116
q__bogz1fl712051000q_fed_rrp__lag007,0.987461,0.233999,0.287064,0.51452968
d__dgs2_dgs2__lag007,0.626959,0.447312,0.373273,0.51447306
q__fgtlasq027s_gov_loan_a__lag004,0.996865,0.046408,0.469637,0.514427
d__ldgust_tga_fed_alt__lag063,1.0,0.07285,0.441569,0.51441935
q__bogz1fl704135005q_usb_loan_l__lag002,1.0,0.158232,0.356022,0.51425452
m__cpiaucsl_cpiaucsl__lag003,0.99373,0.030476,0.486972,0.51420367
d__dgs2_dgs2__lag009,0.626959,0.44734,0.372768,0.5141744
m__popthm_popthm__lag001,0.84326,0.111681,0.498007,0.51412495
q__gpdi_gpdi__lag005,0.978056,0.019814,0.505833,0.51411283
m__bogmbase_mb__lag003,0.84326,0.125655,0.484004,0.51410059
q__fgrecpt_fgrecpt__lag001,0.990596,0.014706,0.504199,0.51402554
d__dgs2_dgs2__lag015,0.626959,0.448323,0.371539,0.51402038
q__bogz1fl884135005q_dom_loan_l__lag001,1.0,0.030906,0.483008,0.51391331
q__bogz1lm573061133q_private_dc_pension_ts__lag007,0.987461,0.021569,0.498815,0.51385888
d__dgs2_dgs2__lag034,0.623824,0.445671,0.377533,0.51353477
q__bogz1fl383061105q_dom_nonfin_sector_tsy__lag003,1.0,0.108995,0.40451,0.5135053
d__dgs2_dgs2__lag012,0.626959,0.445701,0.373302,0.51348156
m__cpiulfsl_cpiulfsl__lag004,0.990596,0.030872,0.487455,0.5134525
d__dgs2_dgs2__lag006,0.626959,0.446336,0.372616,0.51344968
d__dgs2_dgs2__lag003,0.626959,0.446754,0.372159,0.51342539
q__bogz1fl313161305q_gov_nonmarketable_ts__lag008,0.984326,0.042868,0.478652,0.51334559
d__dgs2_dgs2__lag013,0.626959,0.445982,0.372726,0.51329704
q__bogz1fl513061115q_pci_bills_raw__lag004,0.996865,0.068686,0.446047,0.51311865
q__bogz1fl513061115q_pci_bills__lag004,0.996865,0.068686,0.446047,0.51311865
d__dgs2_dgs2__lag033,0.623824,0.444976,0.377448,0.51304853
d__dgs2_dgs2__lag004,0.626959,0.445102,0.373112,0.5129869
d__dgs2_dgs2__lag014,0.626959,0.446677,0.37129,0.51283205
d__dgs2_dgs2__lag001,0.626959,0.4449,0.37301,0.51279679
d__dgs2_dgs2__lag005,0.626959,0.444795,0.373104,0.51278981
q__tfaabsnncb_nfcb_tfa__lag008,0.984326,0.039597,0.481348,0.51277965
m__fedfunds_fed_funds__lag010,0.890282,0.22958,0.346347,0.51273752
q__tnwmvbsnncb_nfcb_nw__lag003,1.0,0.020808,0.49192,0.51272779
m__cpiulfsl_cpiulfsl__lag010,0.984326,0.039196,0.481619,0.5126523
q__bogz1fl313161305q_gov_nonmarketable_ts__lag007,0.987461,0.027737,0.4913,0.512529
q__bogz1fa383061105q_dom_nonfin_sector_tsy_tx__lag003,0.987461,0.224087,0.294905,0.51248351
q__rowstaq027s_row_stloan_a__lag006,0.990596,0.078971,0.438374,0.51247973
d__ldgust_tga_fed_alt__lag065,1.0,0.08082,0.431577,0.51239729
q__rowmmfq027s_row_moneymarketfundshares_flow__lag001,0.99373,0.188377,0.327191,0.51233547
q__bogz1lm223061143q_state_local_db_retirement_ts__lag004,0.996865,0.080795,0.432943,0.5121267
m__cpiaucsl_cpiaucsl__lag010,0.984326,0.038823,0.481449,0.51211727
d__dgs2_dgs2__lag031,0.623824,0.444416,0.376453,0.51207837
d__dgs2_dgs2__lag032,0.623824,0.444197,0.376555,0.51200484
d__dgs2_dgs2__lag035,0.623824,0.443431,0.377304,0.51199454
q__impgs_imports__lag003,0.984326,0.048705,0.471311,0.51186545
q__a457rc1q027sbea_netva_nfcb__lag001,0.990596,0.014871,0.501776,0.51178812
q__bogz1fl513061115q_pci_bills_raw__lag005,0.99373,0.05922,0.455777,0.51176841
q__bogz1fl513061115q_pci_bills__lag005,0.99373,0.05922,0.455777,0.51176841
m__cpiaucsl_cpiaucsl__lag004,0.990596,0.03058,0.485955,0.51167682
d__dgs2_dgs2__lag036,0.623824,0.442204,0.37763,0.51143255
q__bogz1fa573061105q_private_pension_ts_tx__lag001,0.99373,0.257145,0.257242,0.51116148
q__bogz1fl892050005q_all_ffrepo__lag007,0.987461,0.066758,0.450878,0.51114461
m__cpiulfsl_cpiulfsl__lag009,0.987461,0.034971,0.482602,0.5110836
q__bogz1lm653061113q_mf_bills_raw__lag003,1.0,0.100671,0.410256,0.51092728
q__bogz1lm653061113q_mutf_bills__lag003,1.0,0.100671,0.410256,0.51092728
m__cpiaucsl_cpiaucsl__lag009,0.987461,0.035245,0.482092,0.51084994
q__w326rc1q027sbea_net_op_surplus__lag001,0.990596,0.017497,0.498145,0.51079253
q__fbtsaaq027s_dom_fin_sector_tsy__lag004,0.996865,0.05048,0.461734,0.51060829
d__dgs2_dgs2__lag037,0.623824,0.442561,0.375896,0.51057321
m__dspi_dspi__lag007,0.836991,0.091847,0.518025,0.51045701
m__cpiulfsl_cpiulfsl__lag005,0.990596,0.0291,0.486159,0.51041299
m__houst_houst__lag002,0.84326,0.178462,0.426533,0.51016815
q__bogz1fl263061145q_row_priv_tsy__lag005,0.99373,0.033361,0.479831,0.50997453
q__bogz1lm343061105q_fed_gov_retirement_ts__lag001,1.0,0.109074,0.40087,0.50994366
q__bogz1lm343061105q_fed_ret_tsy_total__lag001,1.0,0.109074,0.40087,0.50994366
q__iatashcbsnncb_nfcb_hc_inventories__lag002,1.0,0.029117,0.480795,0.50991254
m__cpiulfsl_cpiulfsl__lag006,0.990596,0.029378,0.485286,0.50982428
q__bogz1fa633061105q_money_market_funds_ts_tx__lag002,0.990596,0.357364,0.15705,0.50957653
q__b461rc1q027sbea_netva_wages__lag001,0.990596,0.008165,0.506217,0.50954465
q__pnfi_priv_nonres_fi__lag001,0.990596,0.010048,0.50432,0.50953031
q__w326rc1q027sbea_net_op_surplus__lag003,0.984326,0.047729,0.469735,0.50935404
q__tfaabshno_hhnp_tfa__lag006,0.990596,0.03407,0.480003,0.50923811
q__dividend_dividend__lag008,0.968652,0.055314,0.470211,0.50905158
m__cpiaucsl_cpiaucsl__lag005,0.990596,0.029051,0.484747,0.50896638
q__netfi_netfi__lag007,0.971787,0.194598,0.329043,0.50886786
q__bogz1fr103061103q_nfcb_tsy_reval__lag004,0.984326,0.270074,0.246873,0.50884393
m__cpiulfsl_cpiulfsl__lag008,0.987461,0.031654,0.483646,0.50883797
m__cpiaucsl_cpiaucsl__lag006,0.990596,0.02958,0.48405,0.50879941
m__m2sl_m2__lag004,0.840125,0.108677,0.496866,0.50873192
q__gdp_gdp__lag003,0.984326,0.022874,0.493933,0.508707
m__cpiulfsl_cpiulfsl__lag007,0.987461,0.03089,0.484152,0.50858415
m__cpiaucsl_cpiaucsl__lag008,0.987461,0.03211,0.482855,0.50850755
q__pcesv_pcesv__lag003,0.984326,0.026158,0.490427,0.50848864
q__bogz1fl543461113q_li_bills__lag001,1.0,0.111514,0.396951,0.50846495
q__bogz1fl892050005q_all_ffrepo__lag008,0.984326,0.056289,0.460248,0.50844116
d__dgs2_dgs2__lag041,0.623824,0.438041,0.376903,0.50838199
q__rowgseq027s_row_agency_flow__lag004,0.984326,0.19315,0.323302,0.50835727
q__bogz1fr763061100q_usb_tsy_oth_reval__lag005,0.981191,0.262259,0.255761,0.50827725
q__tfaabshno_hhnp_tfa__lag008,0.984326,0.03619,0.480135,0.50823222
m__cpiaucsl_cpiaucsl__lag007,0.987461,0.031337,0.483249,0.50813427
d__dgs2_dgs2__lag039,0.623824,0.438512,0.375796,0.50798506
q__bogz1lm343061105q_fed_gov_retirement_ts__lag004,0.996865,0.119172,0.390314,0.50788874
q__bogz1lm343061105q_fed_ret_tsy_total__lag004,0.996865,0.119172,0.390314,0.50788874
d__dgs2_dgs2__lag040,0.623824,0.437955,0.375983,0.50775402
q__bogz1fl704141005q_usb_stloan_l__lag002,1.0,0.155811,0.351906,0.50771684
m__dspi_dspi__lag012,0.833856,0.098202,0.510455,0.50753166
q__fgla_fgla__lag005,0.99373,0.04018,0.470491,0.50746933
q__fgla_fedgov_loans__lag005,0.99373,0.04018,0.470491,0.50746933
d__dgs2_dgs2__lag042,0.623824,0.43783,0.375493,0.50737077
d__dgs2_dgs2__lag038,0.623824,0.437803,0.37545,0.50732679
m__w875rx1_real_dpi_xtx__lag001,0.84326,0.073414,0.528178,0.50729801
m__dspi_dspi__lag001,0.84326,0.096752,0.504726,0.50720232
q__rowstaq027s_row_stloan_a__lag007,0.987461,0.093367,0.419979,0.50690958
m__tcu_tcu__lag009,0.736677,0.491678,0.196219,0.50675772
q__bogz1fa673061103q_abs_issuers_ts_tx__lag004,0.984326,0.144932,0.36974,0.50660488
q__fgtlasq027s_gov_loan_a__lag005,0.99373,0.040045,0.469664,0.50651405
m__dspi_dspi__lag003,0.84326,0.095636,0.504817,0.50633789
q__bogz1fa105019005q_nfcb_gfi__lag002,0.990596,0.016484,0.494605,0.50628266
q__w260rc1q027sbea_gdi_netopsurp_privent__lag008,0.968652,0.026555,0.496084,0.50625581
q__fgla_fgla__lag007,0.987461,0.040786,0.471857,0.50621491
q__fgla_fedgov_loans__lag007,0.987461,0.040786,0.471857,0.50621491
q__bogz1fl892050005q_all_ffrepo__lag002,1.0,0.050937,0.455115,0.50605224
q__bogz1fl713061103q_fed_tsy__lag003,1.0,0.043358,0.462642,0.50599967
q__bogz1fl713061103q_fed_tsy_raw__lag003,1.0,0.043358,0.462642,0.50599967
q__bogz1fl713061103q_cb_tsy__lag003,1.0,0.043358,0.462642,0.50599967
m__houst_houst__lag003,0.84326,0.163285,0.436728,0.50596655
q__tfaabshno_hhnp_tfa__lag005,0.99373,0.019985,0.489114,0.505908
m__iputil_iputil__lag011,1.0,0.041169,0.464669,0.50583762
q__b461rc1q027sbea_netva_wages__lag003,0.984326,0.017048,0.496808,0.50580149
q__w260rc1q027sbea_gdi_netopsurp_privent__lag004,0.981191,0.016019,0.499452,0.50577573
d__dgs2_dgs2__lag044,0.623824,0.435287,0.375408,0.50573106
m__iputil_iputil__lag005,1.0,0.041709,0.463768,0.50547696
d__dgs2_dgs2__lag043,0.623824,0.43545,0.374635,0.50535081
q__fgtlasq027s_gov_loan_a__lag007,0.987461,0.040573,0.471118,0.50527431
q__bogz1fl503061123q_ccps_ts__lag006,0.990596,0.076698,0.433208,0.50511074
q__w328rc1q027sbea_nfcb_pat__lag002,0.987461,0.03105,0.480393,0.50502955
q__w260rc1q027sbea_gdi_netopsurp_privent__lag002,0.987461,0.006874,0.50408,0.50454738
q__ib0000043q086sbea_imp_ind_pi__lag004,0.727273,0.313253,0.380113,0.50426613
q__mmmffaq027s_mmf_tfa__lag006,0.990596,0.063799,0.445198,0.50420981
q__rowstaq027s_row_stloan_a__lag004,0.996865,0.053743,0.451747,0.50390598
d__dgs2_dgs2__lag045,0.623824,0.433269,0.374402,0.50384469
d__dgs2_dgs2__lag046,0.623824,0.432891,0.374387,0.50360022
q__bogz1fl663061165q_brokers_dealers_long_ts__lag001,1.0,0.04405,0.459514,0.5035642
q__b461rc1q027sbea_netva_wages__lag004,0.981191,0.018693,0.494492,0.50353296
m__w875rx1_real_dpi_xtx__lag002,0.84326,0.068516,0.528524,0.50346062
m__iputil_iputil__lag006,1.0,0.043048,0.460239,0.50328696
q__gpdi_gpdi__lag006,0.974922,0.009541,0.506565,0.50316324
q__w326rc1q027sbea_net_op_surplus__lag005,0.978056,0.047224,0.467092,0.50302957
q__w006rc1q027sbea_gov_tax_receipts__lag006,0.974922,0.055836,0.460125,0.50302098
q__bogz1fa763061100q_usb_tsy_oth_tx__lag003,0.987461,0.319505,0.189895,0.50301254
q__bogz1fa105019005q_nfcb_gfi__lag004,0.984326,0.016064,0.494876,0.5029309
q__fgrecpt_fgrecpt__lag005,0.978056,0.036076,0.478029,0.50282391
m__tcu_tcu__lag008,0.736677,0.467931,0.214604,0.50280767
q__fpi_fpi__lag005,0.978056,0.007064,0.506644,0.5024349
q__fpi_invest_priv_fixed__lag005,0.978056,0.007064,0.506644,0.5024349
q__bogz1lm403061105q_gses_ts__lag006,0.990596,0.075329,0.431623,0.50218464
q__bogz1lm403061105q_gse_tsy__lag006,0.990596,0.075329,0.431623,0.50218464
q__fgla_fgla__lag006,0.990596,0.036842,0.469761,0.50183857
q__fgla_fedgov_loans__lag006,0.990596,0.036842,0.469761,0.50183857
q__bogz1lm223061143q_state_local_db_retirement_ts__lag005,0.99373,0.094299,0.410448,0.50158216
q__bogz1fr223061143q_state_local_db_retirement_ts_reval__lag004,0.984326,0.279582,0.229645,0.50124539
m__srvprd_srvprd__lag012,1.0,0.021516,0.479727,0.50124273
d__dgs2_dgs2__lag090,0.623824,0.427724,0.375721,0.50120852
q__fgtlasq027s_gov_loan_a__lag006,0.990596,0.036703,0.468963,0.50091012
m__m2sl_m2__lag005,0.840125,0.101102,0.495027,0.50082353
q__pcesv_pcesv__lag001,0.990596,0.009325,0.496126,0.5006976
q__bogz1fl663061165q_brokers_dealers_long_ts__lag008,0.984326,0.000415,0.507941,0.50038792
q__w328rc1q027sbea_nfcb_pat__lag003,0.984326,0.034823,0.473441,0.50029709
d__dgs30_dgs30__lag034,0.617555,0.352077,0.458015,0.5002763
d__dgs2_dgs2__lag047,0.623824,0.428365,0.373341,0.50012362
q__fgla_fgla__lag008,0.984326,0.036418,0.47166,0.50011408
q__fgla_fedgov_loans__lag008,0.984326,0.036418,0.47166,0.50011408
d__dgs2_dgs2__lag048,0.623824,0.429865,0.371706,0.50003961
q__w260rc1q027sbea_gdi_netopsurp_privent__lag003,0.984326,0.008859,0.499111,0.50000788
m__w875rx1_real_dpi_xtx__lag003,0.84326,0.064055,0.528855,0.49997712
d__dgs2_dgs2__lag057,0.623824,0.427074,0.374227,0.49987143
d__dgs30_dgs30__lag033,0.617555,0.353789,0.455542,0.49980633
q__pnfi_priv_nonres_fi__lag002,0.987461,0.005979,0.500053,0.49968683
d__dgs2_dgs2__lag060,0.623824,0.426246,0.374718,0.49966087
q__rowstaq027s_row_stloan_a__lag008,0.984326,0.097749,0.409856,0.49964889
d__dgs2_dgs2__lag061,0.623824,0.425944,0.374749,0.49949171
d__dgs30_dgs30__lag040,0.617555,0.351277,0.457137,0.49924033
q__a457rc1q027sbea_netva_nfcb__lag003,0.984326,0.020045,0.48714,0.49923506
q__gdp_gdp__lag002,0.987461,0.009702,0.49587,0.49923232
d__dgs30_dgs30__lag039,0.617555,0.352022,0.456328,0.4992002
q__fgtlasq027s_gov_loan_a__lag008,0.984326,0.036088,0.471046,0.49918507
d__dgs30_dgs30__lag042,0.617555,0.352601,0.455666,0.49914897
m__permit_permit__lag001,0.830721,0.1244,0.476427,0.49911951
d__dgs2_dgs2__lag049,0.623824,0.428576,0.371453,0.49907744
m__awotman_awotman__lag006,0.877743,0.23403,0.334491,0.49901555
m__totresns_res__lag003,0.84326,0.132194,0.459564,0.49900563
q__tnwhcbsnncb_nfcb_hc_nw__lag003,1.0,0.00394,0.494999,0.49893901
q__pnfi_priv_nonres_fi__lag003,0.984326,0.009186,0.497682,0.49892329
q__bogz1fl713068703q_fed_dw_a__lag008,0.984326,0.229296,0.277479,0.49883201
d__dgs2_dgs2__lag059,0.623824,0.425026,0.374316,0.4986488
q__b461rc1q027sbea_netva_wages__lag002,0.987461,0.00597,0.498937,0.49857587
d__dgs30_dgs30__lag037,0.617555,0.351812,0.455093,0.49830775
d__dgs2_dgs2__lag058,0.623824,0.424418,0.374289,0.49825269
q__rowcpaq027s_row_commercialpaper_flow__lag004,0.984326,0.264407,0.241742,0.49821656
q__bogz1lm103061103q_nfcb_tsy__lag005,0.99373,0.093029,0.408241,0.49812783
d__dgs2_dgs2__lag062,0.623824,0.423516,0.374763,0.49798584
d__dgs2_dgs2__lag089,0.623824,0.422757,0.375408,0.49791495
q__a464rc1q027sbea_nfcb_pbt__lag008,0.968652,0.110247,0.403657,0.49779365
d__dgs30_dgs30__lag041,0.617555,0.348915,0.45706,0.49773359
d__dgs2_dgs2__lag054,0.623824,0.425099,0.372739,0.4977109
d__dgs2_dgs2__lag056,0.623824,0.42472,0.373044,0.49766505
q__bogz1fr653061105q_mutual_funds_ts_reval__lag005,0.981191,0.279371,0.227794,0.49762651
d__dgs2_dgs2__lag073,0.623824,0.422539,0.375055,0.49755895
m__usalolitoaastsam_oecd_leading_indicator_us__lag005,0.890282,0.222952,0.335918,0.49755212
d__dgs2_dgs2__lag055,0.623824,0.424015,0.373564,0.497549
q__w328rc1q027sbea_nfcb_pat__lag005,0.978056,0.038519,0.47014,0.49749753
d__dgs30_dgs30__lag036,0.617555,0.349899,0.455646,0.49746805
m__awotman_awotman__lag007,0.874608,0.229729,0.338957,0.49737693
d__dgs2_dgs2__lag064,0.623824,0.42348,0.373424,0.49712854
d__dgs2_dgs2__lag065,0.623824,0.423107,0.37369,0.49706174
d__dgs2_dgs2__lag071,0.623824,0.422614,0.374099,0.49700921
d__dgs2_dgs2__lag063,0.623824,0.422734,0.373837,0.49691993
m__bogmbase_mb__lag004,0.840125,0.108934,0.482361,0.49676143
q__bogz1fl892050005q_all_ffrepo__lag006,0.990596,0.05747,0.443837,0.49659202
q__dividend_dividend__lag007,0.971787,0.039524,0.471447,0.4965551
d__dgs30_dgs30__lag032,0.617555,0.348964,0.455026,0.49650789
d__dgs2_dgs2__lag072,0.623824,0.422271,0.373595,0.49648043
d__dgs2_dgs2__lag050,0.623824,0.425136,0.370689,0.49645508
q__bogz1fr793061105q_dom_fin_sector_tsy_reval__lag005,0.981191,0.273877,0.23202,0.49638187
d__dgs30_dgs30__lag038,0.617555,0.34739,0.456188,0.49625347
d__dgs30_dgs30__lag035,0.617555,0.345573,0.457725,0.49608096
d__dgs2_dgs2__lag085,0.623824,0.420624,0.374422,0.49596936
d__dgs2_dgs2__lag087,0.623824,0.41977,0.375217,0.49593239
q__fgtsl_fgtsl__lag005,0.99373,0.027675,0.471383,0.49592872
d__dgs2_dgs2__lag053,0.623824,0.42151,0.373413,0.49589204
d__dgs2_dgs2__lag069,0.623824,0.421012,0.373851,0.49585497
q__bogz1fr543061175q_life_insurance_ts_reval__lag007,0.974922,0.322385,0.186187,0.4958183
d__dgs2_dgs2__lag088,0.623824,0.419093,0.375593,0.49574458
d__dgs2_dgs2__lag074,0.623824,0.419928,0.37452,0.49559627
m__mtso133fms_fedgov_out__lag009,0.564263,0.378134,0.499829,0.49540217
d__dgs2_dgs2__lag075,0.623824,0.420744,0.373327,0.49536117
q__dividend_dividend__lag003,0.984326,0.016276,0.486972,0.49536021
q__fgrecpt_fgrecpt__lag008,0.968652,0.027807,0.483531,0.49530833
q__impgs_imports__lag004,0.981191,0.04071,0.46407,0.49528598
q__bogz1fl263061145q_row_priv_tsy__lag006,0.990596,0.021774,0.478021,0.49509504
d__dgs30_dgs30__lag018,0.617555,0.346333,0.455282,0.49504145
d__dgs2_dgs2__lag051,0.623824,0.422028,0.371508,0.49502692
d__dgs2_dgs2__lag068,0.623824,0.419542,0.37392,0.49498066
m__m2sl_m2__lag006,0.840125,0.095488,0.49356,0.49487374
d__dgs2_dgs2__lag070,0.623824,0.419333,0.373805,0.49477895
q__bogz1fl892050005q_all_ffrepo__lag005,0.99373,0.05812,0.439739,0.49473756
m__dspi_dspi__lag008,0.836991,0.084512,0.506369,0.49456151
d__dgs30_dgs30__lag043,0.617555,0.345938,0.454736,0.49446043
d__dgs2_dgs2__lag084,0.623824,0.418581,0.374012,0.49443849
d__dgs2_dgs2__lag052,0.623824,0.420884,0.371521,0.49432178
d__dgs2_dgs2__lag086,0.623824,0.41839,0.373882,0.49423883
q__iatashcbsnncb_nfcb_hc_inventories__lag004,0.996865,0.017998,0.477663,0.49410805
d__dgs2_dgs2__lag078,0.623824,0.418918,0.373025,0.49403335
d__dgs2_dgs2__lag066,0.623824,0.418935,0.37298,0.49401557
d__dgs30_dgs30__lag022,0.617555,0.345295,0.454647,0.494008
d__dgs2_dgs2__lag083,0.623824,0.418379,0.373412,0.49393878
q__bogz1lm105020015q_nfcb_inventories__lag005,0.99373,0.021482,0.475386,0.49375241
d__dgs2_dgs2__lag067,0.623824,0.417798,0.373555,0.49366498
d__dgs2_dgs2__lag077,0.623824,0.418883,0.37236,0.49359703
q__bogz1fa633061110q_mmf_bills_tx__lag002,0.990596,0.341745,0.156407,0.49346705
d__dgs30_dgs30__lag090,0.61442,0.359688,0.443442,0.49345886
q__tnwmvbsnncb_nfcb_nw__lag008,0.984326,0.042251,0.458817,0.49321421
m__iputil_iputil__lag004,1.0,0.036949,0.45618,0.49312902
q__bogz1lm573061133q_private_dc_pension_ts__lag008,0.984326,0.000775,0.500142,0.49306556
q__a457rc1q027sbea_netva_nfcb__lag005,0.978056,0.018512,0.485589,0.49303859
d__dgs2_dgs2__lag076,0.623824,0.417759,0.372526,0.49299912
d__dgs30_dgs30__lag023,0.617555,0.343952,0.454323,0.4929787
d__dgs30_dgs30__lag021,0.617555,0.342977,0.454881,0.49272116
m__w875rx1_real_dpi_xtx__lag004,0.840125,0.05895,0.527383,0.49259363
d__dgs30_dgs30__lag013,0.617555,0.34363,0.453796,0.49245433
q__bogz1fl263061145q_row_priv_tsy__lag007,0.987461,0.017689,0.480954,0.49239084
d__dgs30_dgs30__lag011,0.617555,0.343852,0.453394,0.49234335
m__dspi_dspi__lag010,0.833856,0.079229,0.511172,0.49230998
d__dgs2_dgs2__lag082,0.623824,0.416575,0.372604,0.49230875
d__dgs30_dgs30__lag089,0.61442,0.356813,0.444311,0.49222663
q__expgs_exports__lag002,0.987461,0.033414,0.464871,0.49203747
d__dgs30_dgs30__lag031,0.617555,0.343031,0.453584,0.49195371
q__w260rc1q027sbea_gdi_netopsurp_privent__lag007,0.971787,0.01576,0.490472,0.49194903
q__bogz1fl713068703q_fed_dw_a__lag003,1.0,0.114075,0.377785,0.49186057
d__dgs2_dgs2__lag081,0.623824,0.41661,0.371779,0.49181606
d__dgs30_dgs30__lag015,0.617555,0.343282,0.452986,0.49173916
d__dgs30_dgs30__lag019,0.617555,0.341896,0.454184,0.49162285
d__dgs30_dgs30__lag029,0.617555,0.34153,0.454502,0.4915931
d__dgs30_dgs30__lag030,0.617555,0.342853,0.453061,0.49152025
d__dgs30_dgs30__lag014,0.617555,0.34339,0.452497,0.49150401
q__expgs_exports__lag001,0.990596,0.016775,0.479383,0.49149221
m__dspi_dspi__lag011,0.833856,0.084384,0.504985,0.49144886
d__dgs30_dgs30__lag026,0.617555,0.341041,0.454636,0.49137392
q__a457rc1q027sbea_netva_nfcb__lag004,0.981191,0.013592,0.486951,0.49112849
m__srvprd_srvprd__lag011,1.0,0.009848,0.481159,0.49100749
d__dgs30_dgs30__lag016,0.617555,0.340842,0.454182,0.49097072
d__dgs30_dgs30__lag027,0.617555,0.339062,0.455925,0.49094847
q__b093rc1q027sbea_gov_int_row__lag001,0.990596,0.05763,0.437972,0.49094056
m__w875rx1_real_dpi_xtx__lag010,0.833856,0.070146,0.518589,0.49092017
d__dgs30_dgs30__lag044,0.617555,0.340082,0.454761,0.49085932
d__dgs30_dgs30__lag012,0.617555,0.340315,0.4545,0.4908418
d__dgs30_dgs30__lag017,0.617555,0.340421,0.454333,0.49080423
q__bogz1fl513061115q_pci_bills_raw__lag008,0.984326,0.0351,0.463519,0.49080337
q__bogz1fl513061115q_pci_bills__lag008,0.984326,0.0351,0.463519,0.49080337
d__dgs2_dgs2__lag079,0.623824,0.414534,0.372048,0.49068954
d__dgs30_dgs30__lag025,0.617555,0.341212,0.453344,0.49068178
m__w875rx1_real_dpi_xtx__lag005,0.840125,0.057763,0.526214,0.49061391
d__dgs2_dgs2__lag080,0.623824,0.414872,0.371555,0.49059272
d__dgs30_dgs30__lag024,0.617555,0.340246,0.454062,0.49052926
q__w328rc1q027sbea_nfcb_pat__lag006,0.974922,0.049017,0.454115,0.4905143
m__w875rx1_real_dpi_xtx__lag011,0.833856,0.071507,0.516628,0.49041998
q__bogz1fr263061130q_row_gov_tsy_reval__lag005,0.981191,0.289311,0.210428,0.49033956
q__bogz1fa105019005q_nfcb_gfi__lag003,0.987461,0.003178,0.492955,0.48991229
d__dgs30_dgs30__lag010,0.617555,0.34007,0.453085,0.48981691
d__dgs30_dgs30__lag020,0.617555,0.339921,0.452888,0.48960314
m__bogmbase_mb__lag005,0.840125,0.100181,0.482288,0.48934727
q__w260rc1q027sbea_gdi_netopsurp_privent__lag005,0.978056,0.006008,0.49429,0.48931982
m__pcedg_pcedg__lag009,0.836991,0.080945,0.503487,0.48916458
d__dgs30_dgs30__lag045,0.617555,0.338495,0.453359,0.48901308
q__bogz1lm105020015q_nfcb_inventories__lag001,1.0,0.001757,0.487073,0.48883066
q__dividend_dividend__lag006,0.974922,0.031928,0.469199,0.48855955
q__pcesv_pcesv__lag002,0.987461,0.004293,0.490377,0.48846713
d__dgs30_dgs30__lag087,0.61442,0.350356,0.444029,0.4880862
d__dgs30_dgs30__lag008,0.617555,0.338026,0.451677,0.48768531
d__dgs30_dgs30__lag028,0.617555,0.336243,0.453449,0.48767761
m__dspi_dspi__lag005,0.840125,0.074125,0.506007,0.48738358
m__srvprd_srvprd__lag010,1.0,0.004349,0.482848,0.48719715
q__dividend_dividend__lag004,0.981191,0.018205,0.478278,0.48714461
d__dgs30_dgs30__lag002,0.617555,0.338774,0.450052,0.4871433
d__dgs30_dgs30__lag057,0.61442,0.33981,0.453001,0.48711912
d__dgs30_dgs30__lag088,0.61442,0.347765,0.44453,0.48680228
q__bogz1fl343061123q_fed_gov_dcg_retirement_ts__lag006,0.990596,0.002972,0.488419,0.48676974
m__civpart_civpart__lag010,0.971787,0.129022,0.371857,0.48674786
q__bogz1fr543061175q_life_insurance_ts_reval__lag003,0.987461,0.317137,0.17578,0.48673635
q__bogz1lm105020015q_nfcb_inventories__lag002,1.0,0.010136,0.476556,0.4866922
m__w875rx1_real_dpi_xtx__lag006,0.840125,0.054096,0.524992,0.48650686
d__dgs30_dgs30__lag005,0.617555,0.336703,0.450838,0.48634981
d__dgs30_dgs30__lag007,0.617555,0.335101,0.452067,0.48611927
q__bogz1fl763123005q_tga_usb__lag006,0.990596,0.151908,0.33879,0.48608351
m__w875rx1_real_dpi_xtx__lag007,0.836991,0.05973,0.520992,0.48605907
m__awotman_awotman__lag005,0.877743,0.216733,0.336991,0.48602737
q__tnwmvbsnncb_nfcb_nw__lag004,0.996865,0.016175,0.471342,0.48598807
q__bogz1fa563061103q_etfs_ts_tx__lag008,0.971787,0.151655,0.348348,0.48589656
m__iputil_iputil__lag002,1.0,0.014873,0.470996,0.4858685
m__m2sl_m2__lag007,0.836991,0.088729,0.491717,0.48582742
m__awotman_awotman__lag010,0.871473,0.227181,0.330177,0.48572207
d__dgs30_dgs30__lag009,0.617555,0.334301,0.452141,0.48567096
q__w326rc1q027sbea_net_op_surplus__lag006,0.974922,0.042214,0.455805,0.4855292
q__bogz1fl343061123q_fed_gov_dcg_retirement_ts__lag003,1.0,0.129598,0.355779,0.48537702
d__dgs30_dgs30__lag006,0.617555,0.335449,0.450503,0.48536893
m__ipman_ipman__lag012,0.670846,0.279927,0.443491,0.48530232
d__dgs30_dgs30__lag056,0.61442,0.337351,0.45239,0.48523312
d__dgs30_dgs30__lag004,0.617555,0.334217,0.45142,0.48517385
q__tnwmvbsnncb_nfcb_nw__lag007,0.987461,0.031836,0.459457,0.48513281
q__a091rc1q027sbea_gov_interest_payments__lag006,0.974922,0.062679,0.434921,0.48512178
q__a091rc1q027sbea_fedgov_int__lag006,0.974922,0.062679,0.434921,0.48512178
d__dgs30_dgs30__lag046,0.61442,0.336264,0.453021,0.48495242
m__pcedg_pcedg__lag001,0.84326,0.05235,0.522647,0.48487242
d__dgs30_dgs30__lag058,0.61442,0.335766,0.453159,0.48473109
m__dspi_dspi__lag002,0.84326,0.071104,0.503694,0.484704
d__dgs30_dgs30__lag070,0.61442,0.33974,0.448573,0.48435537
d__dgs30_dgs30__lag003,0.617555,0.334841,0.449408,0.48431691
d__dgs30_dgs30__lag084,0.61442,0.344573,0.443667,0.48431046
d__dgs30_dgs30__lag069,0.61442,0.338458,0.449774,0.48430554
d__dgs30_dgs30__lag086,0.61442,0.34376,0.444217,0.48414886
d__dgs30_dgs30__lag001,0.617555,0.333363,0.450374,0.48400058
d__dgs30_dgs30__lag085,0.61442,0.343137,0.444521,0.48395291
d__dgs30_dgs30__lag073,0.61442,0.339972,0.44761,0.48390653
d__dgs30_dgs30__lag083,0.61442,0.343402,0.444056,0.48382981
d__dgs30_dgs30__lag068,0.61442,0.337125,0.450089,0.48367974
d__dgs30_dgs30__lag071,0.61442,0.339417,0.447354,0.48340781
q__fgrecpt_fgrecpt__lag006,0.974922,0.015182,0.480533,0.48328309
d__dgs30_dgs30__lag066,0.61442,0.33718,0.449339,0.4832534
d__dgs30_dgs30__lag082,0.61442,0.342555,0.443964,0.48325258
m__w875rx1_real_dpi_xtx__lag012,0.833856,0.063513,0.515977,0.48321115
d__dgs30_dgs30__lag060,0.61442,0.334137,0.452023,0.48303232
d__dgs30_dgs30__lag074,0.61442,0.338005,0.447961,0.48291333
q__bogz1fl313161110q_totalbills_z1__lag005,0.99373,0.027359,0.458594,0.48290635
d__dgs30_dgs30__lag081,0.61442,0.341886,0.444037,0.48288659
d__dgs30_dgs30__lag054,0.61442,0.332862,0.452838,0.48274993
m__ipman_ipman__lag010,0.670846,0.266234,0.453319,0.48270947
d__dgs30_dgs30__lag048,0.61442,0.333474,0.452041,0.48263622
m__uempmean_uempmean__lag002,0.981191,0.226575,0.265237,0.48256146
q__bogz1fr763061100q_usb_tsy_oth_reval__lag004,0.984326,0.27807,0.21205,0.48243766
d__dgs30_dgs30__lag080,0.61442,0.340856,0.444206,0.48235767
d__dgs30_dgs30__lag065,0.61442,0.336198,0.448857,0.48235366
q__bogz1fr693061105q_nonmmf_ts_reval__lag005,0.981191,0.269288,0.22227,0.48231289
q__bogz1fr693061105q_nonmmmf_ts_reval__lag005,0.981191,0.269288,0.22227,0.48231289
d__dgs30_dgs30__lag055,0.61442,0.331403,0.453544,0.48228711
d__dgs30_dgs30__lag077,0.61442,0.339849,0.44459,0.48197525
q__a464rc1q027sbea_nfcb_pbt__lag001,0.990596,0.000814,0.485643,0.48188163
d__dgs30_dgs30__lag067,0.61442,0.334593,0.449303,0.48164133
d__dgs30_dgs30__lag075,0.61442,0.337447,0.44644,0.48163574
d__dgs30_dgs30__lag061,0.61442,0.332204,0.451466,0.48150246
d__dgs30_dgs30__lag072,0.61442,0.337276,0.44629,0.48143883
d__dgs30_dgs30__lag078,0.61442,0.337646,0.44542,0.48113136
d__dgs30_dgs30__lag076,0.61442,0.337032,0.445879,0.48103667
d__dgs30_dgs30__lag062,0.61442,0.330986,0.451769,0.48094079
d__dgs30_dgs30__lag047,0.61442,0.328718,0.453619,0.48068368
q__iatashcbsnncb_nfcb_hc_inventories__lag003,1.0,0.003405,0.477199,0.48060452
q__bogz1fl633061105q_mmf_tsy_raw__lag005,0.99373,0.034767,0.448849,0.48058396
q__bogz1fl633061105q_money_market_funds_ts__lag005,0.99373,0.034767,0.448849,0.48058396
q__fgtsl_fgtsl__lag006,0.990596,0.019232,0.465779,0.48044981
q__tnwhcbsnncb_nfcb_hc_nw__lag007,0.987461,0.01784,0.468604,0.48034477
m__w875rx1_real_dpi_xtx__lag008,0.836991,0.055746,0.517768,0.4800263
d__dgs30_dgs30__lag079,0.61442,0.336784,0.444291,0.47990834
q__w006rc1q027sbea_gov_tax_receipts__lag007,0.971787,0.03406,0.459456,0.47959199
q__bogz1lm343061105q_fed_gov_retirement_ts__lag007,0.987461,0.093864,0.391517,0.47929483
q__bogz1lm343061105q_fed_ret_tsy_total__lag007,0.987461,0.093864,0.391517,0.47929483
q__tnwhcbsnncb_nfcb_hc_nw__lag004,0.996865,0.002846,0.477943,0.4792819
m__iputil_iputil__lag003,1.0,0.010753,0.468504,0.4792567
q__w260rc1q027sbea_gdi_netopsurp_privent__lag006,0.974922,0.000895,0.49069,0.47925637
q__bogz1fl263061145q_row_priv_tsy__lag008,0.984326,0.003964,0.482832,0.47916614
q__bogz1fl713068703q_fed_dw_a__lag005,0.99373,0.159858,0.322157,0.47899363
d__dgs30_dgs30__lag059,0.61442,0.326372,0.453098,0.47892195
q__bogz1lm105020015q_nfcb_inventories__lag003,1.0,0.008151,0.470602,0.47875387
q__bogz1fa213061103q_state_local_gov_ts_tx__lag001,0.99373,0.214348,0.267338,0.47866543
q__cbi_cbi__lag003,0.984326,0.236172,0.249951,0.47850359
d__dgs30_dgs30__lag064,0.61442,0.329473,0.44927,0.47847564
d__dgs30_dgs30__lag063,0.61442,0.327833,0.450868,0.47844927
q__fgtsl_fgtsl__lag007,0.987461,0.018968,0.465353,0.47824774
m__totresns_res__lag004,0.840125,0.111903,0.457313,0.47821213
d__dgs30_dgs30__lag049,0.61442,0.325508,0.451262,0.47726295
q__tnwhcbsnncb_nfcb_hc_nw__lag005,0.99373,0.005156,0.475052,0.47719716
m__m2sl_m2__lag008,0.836991,0.08055,0.489387,0.47703216
q__bogz1fl763123005q_tga_usb__lag007,0.987461,0.145586,0.33749,0.47701788
q__dividend_dividend__lag005,0.978056,0.016967,0.470743,0.47700763
q__mmmffaq027s_mmf_tfa__lag007,0.987461,0.040732,0.442176,0.47685248
q__bogz1fr743061103q_usb_tsy_dom_reval__lag005,0.981191,0.287662,0.197828,0.47635808
m__fedfunds_fed_funds__lag011,0.890282,0.190599,0.3444,0.47630047
m__bogmbase_mb__lag006,0.840125,0.084737,0.481951,0.47608937
q__bogz1fl513061115q_pci_bills_raw__lag006,0.990596,0.064617,0.415859,0.4759572
q__bogz1fl513061115q_pci_bills__lag006,0.990596,0.064617,0.415859,0.4759572
m__pcedg_pcedg__lag012,0.833856,0.080337,0.490445,0.47595008
q__hnotsbq027s_hhnp_tsy_tx__lag003,0.987461,0.202102,0.279819,0.47587834
q__bogz1fl763123005q_tga_usb__lag002,1.0,0.187045,0.288685,0.47573007
q__tnwhcbsnncb_nfcb_hc_nw__lag006,0.990596,0.01445,0.46563,0.47556532
d__dgs30_dgs30__lag053,0.61442,0.320487,0.453509,0.47555865
d__dgs30_dgs30__lag050,0.61442,0.322664,0.45094,0.47531768
q__ad02rc1q027sbea_gov_netlending__lag005,0.821317,0.176768,0.401807,0.4751931
q__tnwmvbsnncb_nfcb_nw__lag006,0.990596,0.020228,0.459079,0.47479945
q__bogz1fa753061103q_usb_tsy_for_tx__lag001,0.99373,0.208204,0.269563,0.47477207
q__expgs_exports__lag004,0.981191,0.018426,0.465212,0.47454073
q__bopbca_bopbca__lag002,0.824451,0.170618,0.404075,0.47380627
q__tnwhcbsnncb_nfcb_hc_nw__lag008,0.984326,0.014614,0.466598,0.47366871
q__bogz1lm153061105q_hhnp_tsy__lag002,1.0,0.138332,0.335202,0.47353391
q__bogz1fl633061110q_mmf_bills_raw__lag005,0.99373,0.030668,0.445192,0.47287627
q__bogz1fl633061110q_mmf_bills__lag005,0.99373,0.030668,0.445192,0.47287627
q__bogz1fa713061103q_cb_tsy_tx__lag007,0.974922,0.161777,0.32324,0.47285349
q__hnotsbq027s_hhnp_tsy_tx__lag002,0.990596,0.138877,0.338309,0.47269867
q__bogz1fa343061113q_fed_gov_dcf_retirement_ts_tx__lag002,0.990596,0.300153,0.177006,0.47267134
q__bogz1fr103061103q_nfcb_tsy_reval__lag005,0.981191,0.277194,0.204219,0.47235812
d__dgs30_dgs30__lag051,0.61442,0.318181,0.45055,0.4723237
q__bogz1fa313161110q_totalbills_z1_tx__lag005,0.981191,0.150979,0.330394,0.472319
q__bogz1fl713061113q_cb_bills_raw__lag003,1.0,0.038131,0.434052,0.47218367
q__bogz1fl713061113q_cb_bills__lag003,1.0,0.038131,0.434052,0.47218367
m__w875rx1_real_dpi_xtx__lag009,0.836991,0.047108,0.516929,0.47209351
q__b093rc1q027sbea_gov_int_row__lag002,0.987461,0.03987,0.438052,0.47192918
q__bogz1fr563061103q_etfs_ts_reval__lag004,0.984326,0.284293,0.195088,0.47186714
m__civpart_civpart__lag012,0.971787,0.120118,0.365335,0.47175686
m__ppiaco_ppiaco__lag001,1.0,0.009738,0.461663,0.47140089
m__uempmean_uempmean__lag004,0.978056,0.189466,0.2925,0.47138957
m__iputil_iputil__lag007,1.0,0.02926,0.442064,0.4713242
q__bogz1fl713068703q_fed_dw_a__lag004,0.996865,0.103931,0.368496,0.47094621
q__b093rc1q027sbea_gov_int_row__lag004,0.981191,0.038597,0.441268,0.47083926
d__dgs30_dgs30__lag052,0.61442,0.314997,0.451173,0.47075034
q__a091rc1q027sbea_gov_interest_payments__lag001,0.990596,0.077431,0.397666,0.47062902
q__a091rc1q027sbea_fedgov_int__lag001,0.990596,0.077431,0.397666,0.47062902
q__fgtsl_fgtsl__lag008,0.984326,0.016798,0.461286,0.47059045
m__bogmbase_mb__lag007,0.836991,0.078654,0.483039,0.47013206
m__iputil_iputil__lag008,1.0,0.016723,0.452466,0.46918861
q__bogz1fr733061103q_holding_companies_ts_reval__lag004,0.984326,0.272164,0.203926,0.46862686
m__totresns_res__lag005,0.840125,0.100516,0.457133,0.46849568
q__bogz1lm105020015q_nfcb_inventories__lag004,0.996865,0.00111,0.468808,0.46844465
q__bogz1fl262051003q_row_rrp__lag005,0.99373,0.044225,0.427052,0.46832143
q__tnwmvbsnncb_nfcb_nw__lag005,0.99373,0.004956,0.466295,0.46829687
q__bogz1fa713061113q_cb_bills_tx__lag002,0.990596,0.133756,0.338985,0.46829446
m__ppiaco_ppiaco__lag009,1.0,0.047236,0.420659,0.46789545
m__ipman_ipman__lag011,0.670846,0.250235,0.446996,0.46773512
q__bogz1fl713061103q_fed_tsy__lag004,0.996865,0.02582,0.443265,0.46761537
q__bogz1fl713061103q_fed_tsy_raw__lag004,0.996865,0.02582,0.443265,0.46761537
q__bogz1fl713061103q_cb_tsy__lag004,0.996865,0.02582,0.443265,0.46761537
m__ppiaco_ppiaco__lag008,1.0,0.040599,0.426866,0.46746558
q__impgs_imports__lag005,0.978056,0.00765,0.470235,0.46739869
m__civpart_civpart__lag011,0.971787,0.109298,0.371557,0.46728833
q__fgrecpt_fgrecpt__lag007,0.971787,0.000689,0.480137,0.46726023
m__pcedg_pcedg__lag010,0.833856,0.056778,0.503542,0.46722638
q__bogz1fl383061105q_dom_nonfin_sector_tsy__lag002,1.0,0.088203,0.378875,0.46707828
q__bogz1fr263061145q_row_priv_tsy_reval__lag005,0.981191,0.305204,0.170002,0.46626866
m__m2sl_m2__lag009,0.836991,0.070659,0.486079,0.46598465
q__bogz1fl712151003q_fed_repo__lag004,0.996865,0.21504,0.25239,0.46596508
q__bogz1fa343061113q_fed_gov_dcf_retirement_ts_tx__lag008,0.971787,0.26757,0.211858,0.46590183
q__fbtsaaq027s_dom_fin_sector_tsy__lag006,0.990596,0.040994,0.42908,0.46565356
m__pcedg_pcedg__lag004,0.840125,0.030084,0.52398,0.46548271
q__psave_psave__lag006,0.974922,0.086339,0.391091,0.46545725
q__bogz1fr713061103q_cb_tsy_reval__lag005,0.981191,0.245228,0.228751,0.46506337
q__na000283q_gov_current_exp__lag006,0.974922,0.017676,0.459344,0.46505739
m__pcend_pcend__lag001,0.84326,0.050072,0.501426,0.46505597
q__rowcpaq027s_row_commercialpaper_flow__lag003,0.987461,0.299846,0.170636,0.46458202
m__ppiaco_ppiaco__lag002,1.0,0.004479,0.459725,0.46420417
q__bogz1fl503061123q_ccps_ts__lag007,0.987461,0.057447,0.412395,0.46394999
q__bogz1fl513061115q_pci_bills_raw__lag002,1.0,0.020426,0.443518,0.46394414
q__bogz1fl513061115q_pci_bills__lag002,1.0,0.020426,0.443518,0.46394414
q__rowcpaq027s_row_commercialpaper_flow__lag002,0.990596,0.229992,0.237981,0.46357169
q__fgexpnd_fgexpnd__lag006,0.974922,0.015853,0.459594,0.4635234
m__ppiaco_ppiaco__lag006,1.0,0.024983,0.438525,0.46350751
m__ppiaco_ppiaco__lag011,1.0,0.045258,0.418189,0.46344716
m__ppiaco_ppiaco__lag005,1.0,0.017449,0.445972,0.46342082
q__expgs_exports__lag003,0.984326,0.007288,0.463467,0.4633757
q__bogz1lm513061105q_pci_tsy_raw__lag008,0.984326,0.046693,0.424013,0.46332872
q__bogz1lm513061105q_pc_insurance_ts__lag008,0.984326,0.046693,0.424013,0.46332872
q__bogz1lm513061105q_p_c_insurance_ts__lag008,0.984326,0.046693,0.424013,0.46332872
q__bogz1lm103061103q_nfcb_tsy__lag002,1.0,0.118266,0.34485,0.46311669
m__ipmine_ipmine__lag005,1.0,0.050844,0.412175,0.46301846
m__bogmbase_mb__lag008,0.836991,0.071947,0.481032,0.46283867
m__ppiaco_ppiaco__lag007,1.0,0.031204,0.43156,0.4627633
m__iputil_iputil__lag009,1.0,0.005316,0.457162,0.4624772
q__bogz1fr213061103q_state_local_gov_ts_reval__lag004,0.984326,0.263263,0.206196,0.46210112
m__ppiaco_ppiaco__lag010,1.0,0.045551,0.416343,0.46189399
m__pcedg_pcedg__lag002,0.84326,0.026114,0.520583,0.4610076
q__cbi_cbi__lag004,0.981191,0.346254,0.12348,0.46089864
m__ppiaco_ppiaco__lag003,1.0,0.005427,0.455335,0.46076219
q__a091rc1q027sbea_gov_interest_payments__lag002,0.987461,0.06194,0.404588,0.46067756
q__a091rc1q027sbea_fedgov_int__lag002,0.987461,0.06194,0.404588,0.46067756
q__bogz1fa633061105q_money_market_funds_ts_tx__lag003,0.987461,0.28528,0.180194,0.45963737
q__fbtsaaq027s_dom_fin_sector_tsy__lag007,0.987461,0.046959,0.418485,0.45960834
m__ppiaco_ppiaco__lag012,1.0,0.043744,0.41503,0.45877362
q__bogz1fr513061105q_pc_insurance_ts_reval__lag008,0.971787,0.259377,0.21264,0.45869983
q__w328rc1q027sbea_nfcb_pat__lag007,0.971787,0.025671,0.446291,0.45864695
m__ppiaco_ppiaco__lag004,1.0,0.007938,0.45044,0.45837801
q__bogz1fr543061175q_life_insurance_ts_reval__lag008,0.971787,0.320603,0.150461,0.45777404
q__bogz1lm513061105q_pci_tsy_raw__lag003,1.0,0.033291,0.423817,0.45710727
q__bogz1lm513061105q_pc_insurance_ts__lag003,1.0,0.033291,0.423817,0.45710727
q__bogz1lm513061105q_p_c_insurance_ts__lag003,1.0,0.033291,0.423817,0.45710727
m__pcedg_pcedg__lag003,0.84326,0.023312,0.518714,0.45706855
q__bogz1fl892050005q_all_ffrepo__lag003,1.0,0.010611,0.446403,0.45701343
q__w326rc1q027sbea_net_op_surplus__lag007,0.971787,0.017569,0.452283,0.45659625
m__pcedg_pcedg__lag008,0.836991,0.036413,0.508717,0.45626857
q__bogz1fa213061103q_state_local_gov_ts_tx__lag005,0.981191,0.150564,0.313817,0.45564667
q__bogz1fr263061105q_row_bills_reval__lag003,0.987461,0.300517,0.160103,0.45484441
q__bogz1fr263061105q_row_tsy_reval__lag003,0.987461,0.300517,0.160103,0.45484441
q__w326rc1q027sbea_net_op_surplus__lag008,0.968652,0.006153,0.463228,0.45466707
q__fbtsaaq027s_dom_fin_sector_tsy__lag005,0.99373,0.008547,0.448928,0.45460719
m__pcend_pcend__lag004,0.840125,0.042962,0.497494,0.45405112
q__bogz1fa213061103q_state_local_gov_ts_tx__lag007,0.974922,0.269407,0.195982,0.45371776
q__bopbca_bopbca__lag004,0.818182,0.166427,0.387604,0.45329861
q__bopbca_bopbca__lag003,0.821317,0.159866,0.391402,0.45276538
q__w006rc1q027sbea_gov_tax_receipts__lag008,0.968652,0.000293,0.467001,0.45264578
m__m2sl_m2__lag010,0.833856,0.059382,0.483449,0.45264282
m__ipmine_ipmine__lag002,1.0,0.03739,0.415188,0.45257743
m__pcend_pcend__lag003,0.84326,0.038576,0.497929,0.45241285
m__tcu_tcu__lag007,0.736677,0.408412,0.204254,0.45133742
q__w328rc1q027sbea_nfcb_pat__lag008,0.968652,0.006591,0.459339,0.45132401
m__awhman_awhman__lag009,1.0,0.213718,0.237407,0.45112498
q__fbtsaaq027s_dom_fin_sector_tsy__lag008,0.984326,0.051655,0.406405,0.45088059
m__bogmbase_mb__lag009,0.836991,0.059297,0.479153,0.45067794
q__bogz1fl702150005q_usb_ffrepo__lag001,1.0,0.080559,0.3701,0.45065898
m__totresns_res__lag006,0.840125,0.079805,0.456538,0.45059568
m__fedfunds_fed_funds__lag012,0.890282,0.163382,0.34271,0.4505649
m__pcend_pcend__lag002,0.84326,0.034345,0.499107,0.44983941
q__a091rc1q027sbea_gov_interest_payments__lag005,0.978056,0.032057,0.427704,0.44967182
q__a091rc1q027sbea_fedgov_int__lag005,0.978056,0.032057,0.427704,0.44967182
q__mmmffaq027s_mmf_tfa__lag008,0.984326,0.016606,0.439645,0.44909885
q__tgdef_net_gov_sav__lag006,0.974922,0.092415,0.368142,0.44900768
m__pcedg_pcedg__lag011,0.833856,0.043414,0.494089,0.44820028
m__pcepilfe_pcepilfe__lag012,0.833856,0.051841,0.485582,0.44813323
m__pce_pce__lag001,0.84326,0.028449,0.5027,0.44789613
q__bogz1fa313161105q_tsy_net_tx__lag001,0.99373,0.268574,0.18185,0.44760032
q__bogz1fa213061103q_state_local_gov_ts_tx__lag002,0.990596,0.183431,0.268287,0.44747004
m__pcepilfe_pcepilfe__lag011,0.833856,0.050368,0.485404,0.44675635
q__bogz1fa383061105q_dom_nonfin_sector_tsy_tx__lag008,0.971787,0.26581,0.19388,0.44672015
m__pcedg_pcedg__lag007,0.836991,0.012007,0.521042,0.446157
m__totresns_res__lag007,0.836991,0.074418,0.458556,0.4460944
q__bogz1fl503061123q_ccps_ts__lag008,0.984326,0.039914,0.413174,0.44598626
q__bogz1fl513061115q_pci_bills_raw__lag007,0.987461,0.029693,0.421581,0.44561535
q__bogz1fl513061115q_pci_bills__lag007,0.987461,0.029693,0.421581,0.44561535
m__mtso133fms_fedgov_out__lag006,0.567398,0.300213,0.483498,0.44467621
m__houst_houst__lag001,0.84326,0.098145,0.429169,0.44466297
q__bogz1fl262051003q_row_rrp__lag006,0.990596,0.036997,0.411813,0.44458945
m__usalolitoaastsam_oecd_leading_indicator_us__lag004,0.890282,0.193408,0.30587,0.44449845
q__bogz1fr263061130q_row_gov_tsy_reval__lag003,0.987461,0.269876,0.180254,0.44448551
m__pcedg_pcedg__lag006,0.840125,0.009152,0.519878,0.44445139
m__uempmean_uempmean__lag003,0.981191,0.185783,0.267156,0.44441965
q__bogz1lm343061105q_fed_gov_retirement_ts__lag008,0.984326,0.060267,0.391152,0.44434299
q__bogz1lm343061105q_fed_ret_tsy_total__lag008,0.984326,0.060267,0.391152,0.44434299
q__bogz1fa693061105q_nonmmf_ts_tx__lag002,0.990596,0.055366,0.393015,0.44416463
q__bogz1fa693061105q_nonmmmf_ts_tx__lag002,0.990596,0.055366,0.393015,0.44416463
q__bogz1fl892050005q_all_ffrepo__lag004,0.996865,0.013136,0.432262,0.44400206
m__pcepilfe_pcepilfe__lag010,0.833856,0.047416,0.484978,0.44393922
m__m2sl_m2__lag011,0.833856,0.050362,0.481452,0.44345614
q__bogz1fr383061105q_dom_nonfin_sector_tsy_reval__lag004,0.984326,0.237798,0.212535,0.44327426
m__pcepilfe_pcepilfe__lag009,0.836991,0.043951,0.485293,0.44297248
m__pcepilfe_pcepilfe__lag001,0.84326,0.037354,0.487882,0.44291057
m__ipmine_ipmine__lag012,1.0,0.054912,0.387983,0.44289511
q__bogz1lm213061103q_state_local_gov_ts__lag005,0.99373,0.080063,0.365622,0.44289094
q__bopbca_bopbca__lag005,0.815047,0.156992,0.386365,0.44286132
q__bogz1fl763061100q_usb_tsy_oth__lag001,1.0,0.063131,0.37972,0.44285026
q__bogz1fr663061165q_brokers_dealers_long_ts_reval__lag004,0.984326,0.238516,0.211221,0.44268834
m__pcepilfe_pcepilfe__lag002,0.84326,0.036828,0.487402,0.44206159
m__pcepilfe_pcepilfe__lag003,0.84326,0.036931,0.487063,0.44186322
m__pcepilfe_pcepilfe__lag008,0.836991,0.042175,0.485303,0.44149398
m__pcepilfe_pcepilfe__lag006,0.840125,0.038871,0.486345,0.4412468
m__pcepilfe_pcepilfe__lag007,0.836991,0.040919,0.485565,0.44066193
m__pcepilfe_pcepilfe__lag005,0.840125,0.037877,0.486572,0.44060303
m__mtso133fms_fedgov_out__lag003,0.570533,0.308859,0.463384,0.44058982
m__ipmine_ipmine__lag003,1.0,0.019658,0.420919,0.44057728
q__bogz1lm563061103q_etfs_ts__lag003,1.0,0.049866,0.390668,0.44053361
m__pcepilfe_pcepilfe__lag004,0.840125,0.037434,0.486852,0.44046601
q__a091rc1q027sbea_gov_interest_payments__lag003,0.984326,0.033981,0.413344,0.44031382
q__a091rc1q027sbea_fedgov_int__lag003,0.984326,0.033981,0.413344,0.44031382
m__pcepi_pcepi__lag012,0.833856,0.046052,0.481033,0.43951276
m__pcepi_pce_price_index__lag012,0.833856,0.046052,0.481033,0.43951276
m__pce_pce__lag002,0.84326,0.018862,0.501936,0.43916749
q__bogz1lm403061105q_gses_ts__lag007,0.987461,0.041106,0.403509,0.43904002
q__bogz1lm403061105q_gse_tsy__lag007,0.987461,0.041106,0.403509,0.43904002
q__bogz1lm563061103q_etfs_ts__lag005,0.99373,0.049725,0.391678,0.43863586
m__pcepi_pcepi__lag001,0.84326,0.033388,0.48663,0.43851113
m__pcepi_pce_price_index__lag001,0.84326,0.033388,0.48663,0.43851113
m__ipmine_ipmine__lag004,1.0,0.019273,0.419076,0.43834918
m__pcepi_pcepi__lag011,0.833856,0.044539,0.481082,0.43829211
m__pcepi_pce_price_index__lag011,0.833856,0.044539,0.481082,0.43829211
m__pcedg_pcedg__lag005,0.840125,0.000852,0.520632,0.43811171
m__pce_pce__lag004,0.840125,0.020422,0.500957,0.43802401
m__pce_pce__lag003,0.84326,0.017822,0.501302,0.43775625
q__bogz1lm213061103q_state_local_gov_ts__lag003,1.0,0.051575,0.386086,0.43766098
m__m2sl_m2__lag012,0.833856,0.045032,0.479773,0.43761212
q__ib0000043q086sbea_imp_ind_pi__lag005,0.724138,0.222078,0.382225,0.43759894
q__bogz1lm563061103q_etfs_ts__lag002,1.0,0.046215,0.390699,0.43691418
m__pcepi_pcepi__lag002,0.84326,0.032121,0.485948,0.43686669
m__pcepi_pce_price_index__lag002,0.84326,0.032121,0.485948,0.43686669
m__totresns_res__lag008,0.836991,0.066235,0.455598,0.43676895
m__pcepi_pcepi__lag003,0.84326,0.032909,0.484999,0.43673087
m__pcepi_pce_price_index__lag003,0.84326,0.032909,0.484999,0.43673087
m__ltdacbm027nbog_ltd__lag012,0.658307,0.227406,0.435985,0.43671504
q__bogz1fa313161110q_totalbills_z1_tx__lag002,0.990596,0.315027,0.125332,0.43621744
q__b093rc1q027sbea_gov_int_row__lag003,0.984326,0.003778,0.439351,0.43618294
q__bogz1lm563061103q_etfs_ts__lag004,0.996865,0.05115,0.385307,0.4350894
q__bogz1lm343061105q_fed_gov_retirement_ts__lag005,0.99373,0.049112,0.388715,0.43508234
q__bogz1lm343061105q_fed_ret_tsy_total__lag005,0.99373,0.049112,0.388715,0.43508234
m__tcu_tcu__lag010,0.733542,0.384041,0.208927,0.43496725
m__pcepi_pcepi__lag004,0.840125,0.033036,0.484376,0.43469046
m__pcepi_pce_price_index__lag004,0.840125,0.033036,0.484376,0.43469046
m__pcend_pcend__lag006,0.840125,0.022912,0.494349,0.43456423
m__pcepi_pcepi__lag010,0.833856,0.041122,0.479912,0.4344676
m__pcepi_pce_price_index__lag010,0.833856,0.041122,0.479912,0.4344676
m__pcepi_pcepi__lag009,0.836991,0.037889,0.480809,0.43414493
m__pcepi_pce_price_index__lag009,0.836991,0.037889,0.480809,0.43414493
m__ipmine_ipmine__lag010,1.0,0.032339,0.401804,0.43414263
m__hqmcb10yrp_hqm10y__lag005,0.526646,0.346001,0.477162,0.43351545
q__bogz1fa563061103q_etfs_ts_tx__lag001,0.99373,0.143747,0.292392,0.43340371
q__bogz1fr573061143q_private_db_pension_ts_reval__lag003,0.987461,0.273497,0.165373,0.43336653
m__pcepi_pcepi__lag006,0.840125,0.032835,0.482846,0.43323671
m__pcepi_pce_price_index__lag006,0.840125,0.032835,0.482846,0.43323671
q__bogz1fl763123005q_tga_usb__lag003,1.0,0.170292,0.262895,0.43318737
m__pcepi_pcepi__lag005,0.840125,0.032118,0.483436,0.43313014
m__pcepi_pce_price_index__lag005,0.840125,0.032118,0.483436,0.43313014
m__pcend_pcend__lag007,0.836991,0.025736,0.491724,0.43310922
m__pcepi_pcepi__lag008,0.836991,0.035353,0.481599,0.43268388
m__pcepi_pce_price_index__lag008,0.836991,0.035353,0.481599,0.43268388
m__pcepi_pcepi__lag007,0.836991,0.034629,0.482203,0.43258354
m__pcepi_pce_price_index__lag007,0.836991,0.034629,0.482203,0.43258354
q__bogz1fr153061105q_hhnp_tsy_reval__lag008,0.971787,0.195784,0.249237,0.43246539
m__pcend_pcend__lag005,0.840125,0.020475,0.494097,0.43230537
m__hqmcb10yrp_hqm10y__lag001,0.529781,0.350159,0.465777,0.43226712
q__na000283q_gov_current_exp__lag008,0.968652,0.02405,0.42203,0.43209697
m__awotman_awotman__lag004,0.877743,0.160632,0.331029,0.43155141
q__bogz1lm213061103q_state_local_gov_ts__lag007,0.987461,0.072071,0.36486,0.43145279
q__fgexpnd_fgexpnd__lag008,0.968652,0.022696,0.422684,0.43141814
m__tcu_tcu__lag012,0.733542,0.38456,0.202466,0.43060787
q__bogz1fa213061103q_state_local_gov_ts_tx__lag008,0.971787,0.248039,0.194584,0.43013517
m__tcu_tcu__lag005,0.739812,0.403955,0.177444,0.43012603
q__na000283q_gov_current_exp__lag007,0.971787,0.013931,0.428652,0.43009661
q__bogz1fr473061105q_credit_unions_ts_reval__lag005,0.981191,0.23411,0.204114,0.42998153
q__bogz1lm513061105q_pci_tsy_raw__lag002,1.0,0.01791,0.411973,0.42988226
q__bogz1lm513061105q_pc_insurance_ts__lag002,1.0,0.01791,0.411973,0.42988226
q__bogz1lm513061105q_p_c_insurance_ts__lag002,1.0,0.01791,0.411973,0.42988226
q__b092rc1q027sbea_gov_int_priv__lag008,0.805643,0.093335,0.439597,0.42935228
q__fgexpnd_fgexpnd__lag007,0.971787,0.013062,0.428644,0.42924424
q__bogz1lm103061103q_nfcb_tsy__lag006,0.990596,0.027681,0.405038,0.4286487
q__bogz1fa593061105q_pension_ts_tx__lag005,0.981191,0.248261,0.188,0.42805465
m__pce_pce__lag005,0.840125,0.010424,0.498988,0.42796992
m__ipmine_ipmine__lag001,1.0,0.015179,0.412207,0.42738624
m__mtsds133fms_fed_surplus_deficit__lag011,0.561129,0.336269,0.424636,0.42696539
q__bogz1fa263061145q_row_priv_tsy_tx__lag001,0.99373,0.040916,0.388522,0.42674536
q__cbi_cbi__lag005,0.978056,0.305542,0.130611,0.42658265
q__bogz1lm343061105q_fed_gov_retirement_ts__lag006,0.990596,0.044644,0.385887,0.42648217
q__bogz1lm343061105q_fed_ret_tsy_total__lag006,0.990596,0.044644,0.385887,0.42648217
m__hqmcb10yrp_hqm10y__lag004,0.526646,0.330815,0.47854,0.42624314
q__bogz1lm213061103q_state_local_gov_ts__lag006,0.990596,0.076946,0.353308,0.42620809
q__bogz1lm563061103q_etfs_ts__lag001,1.0,0.035499,0.390405,0.42590459
m__pce_pce__lag006,0.840125,0.00802,0.498662,0.42567642
q__bogz1fr263061130q_row_gov_tsy_reval__lag004,0.984326,0.214968,0.217466,0.42565604
m__hqmcb10yrp_hqm10y__lag002,0.529781,0.333314,0.470128,0.42564833
q__bogz1lm213061103q_state_local_gov_ts__lag004,0.996865,0.056533,0.370436,0.42563048
m__awotman_awotman__lag003,0.880878,0.177218,0.305671,0.42536623
m__pce_pce__lag011,0.833856,0.020364,0.489581,0.42522047
d__wtregen_tga_fed__lag080,0.504702,0.492759,0.349549,0.4251148
q__netfi_netfi__lag008,0.968652,0.126187,0.312612,0.42504327
d__dpsacbw027sbog_deposits__lag002,0.667712,0.133258,0.503282,0.42502488
d__dpsacbw027sbog_deposits__lag007,0.667712,0.133276,0.503085,0.42490553
q__bogz1lm663061105q_brokers_dealers_ts__lag001,1.0,0.077228,0.347651,0.42487894
q__bogz1fr753061103q_usb_tsy_for_reval__lag007,0.974922,0.255851,0.179901,0.42482392
d__dpsacbw027sbog_deposits__lag010,0.667712,0.133055,0.503043,0.42473
d__dpsacbw027sbog_deposits__lag006,0.667712,0.132962,0.503103,0.42470807
q__bogz1fr383061105q_dom_nonfin_sector_tsy_reval__lag008,0.971787,0.213435,0.223585,0.42469089
m__bogmbase_mb__lag010,0.833856,0.036108,0.473201,0.42469035
m__ipmine_ipmine__lag007,1.0,0.030145,0.394521,0.4246662
d__dpsacbw027sbog_deposits__lag003,0.667712,0.132666,0.503292,0.42463611
d__dpsacbw027sbog_deposits__lag001,0.667712,0.132677,0.503263,0.42462444
d__dpsacbw027sbog_deposits__lag008,0.667712,0.132811,0.503043,0.42456727
d__dpsacbw027sbog_deposits__lag013,0.667712,0.133134,0.502696,0.42455155
d__nasdaqcom_nasdaqcom__lag005,0.69279,0.110946,0.50183,0.42452506
d__dpsacbw027sbog_deposits__lag009,0.667712,0.132772,0.503005,0.42451592
m__ipmine_ipmine__lag008,1.0,0.048651,0.375808,0.42445935
d__dpsacbw027sbog_deposits__lag005,0.667712,0.13259,0.503061,0.42443168
d__dpsacbw027sbog_deposits__lag004,0.667712,0.132398,0.503251,0.42443014
d__dpsacbw027sbog_deposits__lag014,0.667712,0.132818,0.502816,0.42442027
d__dpsacbw027sbog_deposits__lag012,0.667712,0.132804,0.502823,0.42441512
q__bogz1lm563061103q_etfs_ts__lag006,0.990596,0.039405,0.389,0.42437533
d__tasacbw027sbog_bank_ts_agency__lag001,0.667712,0.130668,0.504741,0.42426934
d__dpsacbw027sbog_deposits__lag011,0.667712,0.132649,0.502717,0.42424082
d__nasdaqcom_nasdaqcom__lag006,0.69279,0.111483,0.500864,0.42422793
d__nasdaqcom_nasdaqcom__lag004,0.69279,0.110273,0.502056,0.42421555
d__dpsacbw027sbog_deposits__lag015,0.667712,0.132456,0.502726,0.42411849
m__pce_pce__lag007,0.836991,0.010139,0.496548,0.42409295
d__tasacbw027sbog_bank_ts_agency__lag002,0.667712,0.130352,0.504728,0.42405047
m__ipmine_ipmine__lag006,1.0,0.02696,0.397085,0.42404517
d__wtregen_tga__lag080,0.504702,0.492759,0.34701,0.42383339
m__pcend_pcend__lag010,0.833856,0.025449,0.482811,0.42381533
d__dpsacbw027sbog_deposits__lag016,0.667712,0.131731,0.502845,0.42371398
m__mtsds133fms_fed_surplus_deficit__lag008,0.564263,0.257609,0.4933,0.42371076
m__tcu_tcu__lag006,0.739812,0.393034,0.179621,0.42365728
q__bogz1lm213061103q_state_local_gov_ts__lag008,0.984326,0.051502,0.378897,0.42365325
q__bogz1fl313161110q_totalbills_z1__lag006,0.990596,0.009834,0.417771,0.42358305
q__bogz1lm213061103q_state_local_gov_ts__lag002,1.0,0.025519,0.397887,0.42340645
d__wtregen_tga_fed__lag082,0.504702,0.490625,0.34796,0.42323583
d__dpsacbw027sbog_deposits__lag017,0.667712,0.131262,0.502559,0.42320969
q__bogz1lm513061105q_pci_tsy_raw__lag004,0.996865,0.017804,0.406731,0.42320441
q__bogz1lm513061105q_pc_insurance_ts__lag004,0.996865,0.017804,0.406731,0.42320441
q__bogz1lm513061105q_p_c_insurance_ts__lag004,0.996865,0.017804,0.406731,0.42320441
d__dpsacbw027sbog_deposits__lag021,0.667712,0.131387,0.502258,0.42309246
d__tasacbw027sbog_bank_ts_agency__lag003,0.667712,0.129206,0.504159,0.42290546
d__dpsacbw027sbog_deposits__lag020,0.667712,0.131097,0.502237,0.42288448
d__dpsacbw027sbog_deposits__lag022,0.667712,0.131023,0.502265,0.42285347
d__nasdaqcom_nasdaqcom__lag055,0.69279,0.110099,0.500234,0.42283257
d__nasdaqcom_nasdaqcom__lag009,0.69279,0.111042,0.499271,0.42281922
d__dpsacbw027sbog_deposits__lag018,0.667712,0.131096,0.502139,0.42281863
d__nasdaqcom_nasdaqcom__lag008,0.69279,0.109612,0.500617,0.42276053
d__dpsacbw027sbog_deposits__lag019,0.667712,0.131005,0.50213,0.42275185
d__wtregen_tga_fed__lag086,0.501567,0.485952,0.356781,0.42268752
d__nasdaqcom_nasdaqcom__lag007,0.69279,0.109597,0.500402,0.42260138
d__nasdaqcom_nasdaqcom__lag054,0.69279,0.110096,0.499887,0.42258999
d__wtregen_tga_fed__lag083,0.504702,0.488455,0.348643,0.42248528
d__nasdaqcom_nasdaqcom__lag081,0.689655,0.112514,0.499628,0.42216716
d__wtregen_tga_fed__lag079,0.504702,0.488727,0.347667,0.42212987
d__nasdaqcom_nasdaqcom__lag053,0.69279,0.109518,0.499792,0.42212433
d__nasdaqcom_nasdaqcom__lag010,0.69279,0.109479,0.499781,0.42208971
d__nasdaqcom_nasdaqcom__lag084,0.689655,0.11404,0.497796,0.42195605
d__wtregen_tga__lag082,0.504702,0.490625,0.345409,0.42194827
d__dpsacbw027sbog_deposits__lag023,0.667712,0.129402,0.502159,0.4217012
d__wtregen_tga_fed__lag081,0.504702,0.487245,0.34822,0.42166118
m__totresns_res__lag009,0.836991,0.050716,0.453047,0.42164541
d__dpsacbw027sbog_deposits__lag024,0.667712,0.129287,0.502128,0.42160262
d__nasdaqcom_nasdaqcom__lag071,0.689655,0.114479,0.4968,0.42157142
d__dpsacbw027sbog_deposits__lag029,0.667712,0.128885,0.50244,0.42154297
d__nasdaqcom_nasdaqcom__lag015,0.69279,0.110192,0.498228,0.42150755
d__nasdaqcom_nasdaqcom__lag082,0.689655,0.111333,0.499743,0.4214318
d__wtregen_tga__lag086,0.501567,0.485952,0.354244,0.42141509
d__nasdaqcom_nasdaqcom__lag021,0.69279,0.110873,0.497397,0.42140317
d__dpsacbw027sbog_deposits__lag028,0.667712,0.128791,0.502312,0.42139464
d__wtregen_tga_fed__lag087,0.501567,0.489801,0.350316,0.42137522
d__dpsacbw027sbog_deposits__lag027,0.667712,0.128724,0.502185,0.4212652
d__wtregen_tga__lag083,0.504702,0.488455,0.346093,0.42119818
d__dpsacbw027sbog_deposits__lag032,0.667712,0.128553,0.502215,0.42117135
d__tasacbw027sbog_bank_ts_agency__lag007,0.667712,0.127351,0.503403,0.42116177
d__dpsacbw027sbog_deposits__lag030,0.667712,0.12822,0.502514,0.42114804
d__tasacbw027sbog_bank_ts_agency__lag006,0.667712,0.127374,0.50334,0.42113452
d__nasdaqcom_nasdaqcom__lag003,0.69279,0.108221,0.499587,0.42108327
d__dpsacbw027sbog_deposits__lag033,0.667712,0.128569,0.502036,0.42106246
d__dpsacbw027sbog_deposits__lag031,0.667712,0.128182,0.502352,0.42101473
d__tasacbw027sbog_bank_ts_agency__lag008,0.667712,0.127283,0.503209,0.42098655
d__nasdaqcom_nasdaqcom__lag017,0.69279,0.110766,0.496899,0.42098393
d__dpsacbw027sbog_deposits__lag026,0.667712,0.128404,0.502082,0.42098285
d__dpsacbw027sbog_deposits__lag034,0.667712,0.128491,0.501984,0.42097549
d__wtregen_tga_fed__lag070,0.504702,0.483687,0.350388,0.4209596
d__tasacbw027sbog_bank_ts_agency__lag005,0.667712,0.127126,0.503252,0.42091039
d__tasacbw027sbog_bank_ts_agency__lag004,0.667712,0.127252,0.503104,0.42089577
d__dpsacbw027sbog_deposits__lag025,0.667712,0.128454,0.501871,0.42087523
d__nasdaqcom_nasdaqcom__lag069,0.689655,0.111388,0.498858,0.42085929
d__wtregen_tga__lag079,0.504702,0.488727,0.345122,0.42084544
d__dpsacbw027sbog_deposits__lag035,0.667712,0.12828,0.501991,0.42083902
d__wtregen_tga_fed__lag085,0.501567,0.484838,0.353473,0.42046996
d__wtregen_tga__lag081,0.504702,0.487245,0.345673,0.42037522
d__dpsacbw027sbog_deposits__lag037,0.667712,0.127831,0.501713,0.42035387
d__nasdaqcom_nasdaqcom__lag070,0.689655,0.111932,0.497423,0.42024444
d__dpsacbw027sbog_deposits__lag036,0.667712,0.127605,0.501772,0.42024293
d__nasdaqcom_nasdaqcom__lag002,0.69279,0.107642,0.498946,0.4202385
d__nasdaqcom_nasdaqcom__lag016,0.69279,0.109802,0.496764,0.42022296
d__nasdaqcom_nasdaqcom__lag075,0.689655,0.111521,0.497739,0.4201793
q__bogz1lm513061105q_pci_tsy_raw__lag001,1.0,0.021994,0.398178,0.42017175
q__bogz1lm513061105q_pc_insurance_ts__lag001,1.0,0.021994,0.398178,0.42017175
q__bogz1lm513061105q_p_c_insurance_ts__lag001,1.0,0.021994,0.398178,0.42017175
d__tasacbw027sbog_bank_ts_agency__lag009,0.667712,0.12593,0.503334,0.42016669
d__tasacbw027sbog_bank_ts_agency__lag010,0.667712,0.126233,0.502983,0.42013439
d__wtregen_tga_fed__lag088,0.501567,0.485823,0.351781,0.42011517
d__wtregen_tga__lag087,0.501567,0.489801,0.347752,0.42008943
d__nasdaqcom_nasdaqcom__lag066,0.689655,0.110746,0.498374,0.42008305
d__nasdaqcom_nasdaqcom__lag022,0.69279,0.108261,0.497973,0.41999286
q__rowceaq027s_row_corpequities_flow__lag001,0.99373,0.280529,0.142046,0.41992545
d__nasdaqcom_nasdaqcom__lag072,0.689655,0.110511,0.498214,0.41981002
d__nasdaqcom_nasdaqcom__lag076,0.689655,0.110603,0.498096,0.41979244
d__tasacbw027sbog_bank_ts_agency__lag028,0.667712,0.125344,0.503307,0.4197573
d__tasacbw027sbog_bank_ts_agency__lag015,0.667712,0.125304,0.503326,0.41974335
d__dpsacbw027sbog_deposits__lag040,0.667712,0.127348,0.501245,0.41971915
d__dpsacbw027sbog_deposits__lag042,0.667712,0.127423,0.501168,0.41971735
d__nasdaqcom_nasdaqcom__lag079,0.689655,0.109604,0.498961,0.41969976
d__wtregen_tga_fed__lag084,0.501567,0.487988,0.348787,0.41969878
d__wtregen_tga__lag070,0.504702,0.483687,0.347867,0.4196873
d__dpsacbw027sbog_deposits__lag043,0.667712,0.127455,0.501046,0.41965762
d__dpsacbw027sbog_deposits__lag044,0.667712,0.127419,0.501073,0.41965163
d__dpsacbw027sbog_deposits__lag041,0.667712,0.127178,0.501255,0.41961184
d__nasdaqcom_nasdaqcom__lag056,0.689655,0.107908,0.500478,0.41957686
d__tasacbw027sbog_bank_ts_agency__lag027,0.667712,0.125046,0.50328,0.41954089
d__dpsacbw027sbog_deposits__lag039,0.667712,0.127095,0.501213,0.41952842
d__dpsacbw027sbog_deposits__lag038,0.667712,0.126925,0.501348,0.41950465
q__bogz1lm513061105q_pci_tsy_raw__lag005,0.99373,0.005768,0.416382,0.4195033
q__bogz1lm513061105q_pc_insurance_ts__lag005,0.99373,0.005768,0.416382,0.4195033
q__bogz1lm513061105q_p_c_insurance_ts__lag005,0.99373,0.005768,0.416382,0.4195033
d__dpsacbw027sbog_deposits__lag049,0.667712,0.127479,0.500771,0.41948986
d__tasacbw027sbog_bank_ts_agency__lag029,0.667712,0.124837,0.503381,0.41946827
d__nasdaqcom_nasdaqcom__lag077,0.689655,0.109675,0.49853,0.41945223
d__dpsacbw027sbog_deposits__lag046,0.667712,0.127251,0.50093,0.41944372
m__ltdacbm027nbog_ltd__lag011,0.658307,0.200104,0.437036,0.41943407
d__tasacbw027sbog_bank_ts_agency__lag021,0.667712,0.125104,0.502979,0.41937812
d__dpsacbw027sbog_deposits__lag048,0.667712,0.127377,0.500704,0.41937664
d__dpsacbw027sbog_deposits__lag045,0.667712,0.127137,0.50088,0.41933443
d__nasdaqcom_nasdaqcom__lag080,0.689655,0.109685,0.498344,0.41933033
d__nasdaqcom_nasdaqcom__lag001,0.69279,0.107728,0.497523,0.41931166
d__nasdaqcom_nasdaqcom__lag024,0.69279,0.107575,0.497606,0.419264
d__dpsacbw027sbog_deposits__lag047,0.667712,0.127184,0.500705,0.41924912
d__dpsacbw027sbog_deposits__lag050,0.667712,0.12719,0.500684,0.41923882
d__nasdaqcom_nasdaqcom__lag086,0.689655,0.108061,0.499829,0.41923461
m__uempmean_uempmean__lag005,0.978056,0.146193,0.282437,0.41922395
d__wtregen_tga__lag085,0.501567,0.484838,0.350935,0.41919652
d__tasacbw027sbog_bank_ts_agency__lag016,0.667712,0.124488,0.503252,0.41914954
d__tasacbw027sbog_bank_ts_agency__lag020,0.667712,0.124936,0.502796,0.41914384
m__pce_pce__lag010,0.833856,0.011714,0.490909,0.41911543
d__tasacbw027sbog_bank_ts_agency__lag022,0.667712,0.124644,0.502912,0.41902657
d__nasdaqcom_nasdaqcom__lag013,0.69279,0.105504,0.499261,0.41897486
d__nasdaqcom_nasdaqcom__lag025,0.69279,0.106907,0.497857,0.41897459
d__wtregen_tga_fed__lag090,0.501567,0.484982,0.350328,0.41896432
d__tasacbw027sbog_bank_ts_agency__lag014,0.667712,0.125475,0.501949,0.41893828
d__tasacbw027sbog_bank_ts_agency__lag026,0.667712,0.124338,0.503079,0.41893325
d__tasacbw027sbog_bank_ts_agency__lag013,0.667712,0.125419,0.501965,0.41891152
d__nasdaqcom_nasdaqcom__lag020,0.69279,0.108085,0.496562,0.41889392
d__wtregen_tga__lag088,0.501567,0.485823,0.349222,0.41883165
d__nasdaqcom_nasdaqcom__lag068,0.689655,0.10919,0.498101,0.41882202
d__tasacbw027sbog_bank_ts_agency__lag023,0.667712,0.124435,0.502798,0.41881116
d__nasdaqcom_nasdaqcom__lag067,0.689655,0.108596,0.498678,0.41880987
d__tasacbw027sbog_bank_ts_agency__lag024,0.667712,0.124441,0.502766,0.41879314
d__nasdaqcom_nasdaqcom__lag078,0.689655,0.108588,0.498636,0.41877522
d__tasacbw027sbog_bank_ts_agency__lag025,0.667712,0.124331,0.502736,0.41869958
d__tasacbw027sbog_bank_ts_agency__lag011,0.667712,0.124987,0.502033,0.41866826
d__nasdaqcom_nasdaqcom__lag073,0.689655,0.10972,0.497319,0.41864797
d__tasacbw027sbog_bank_ts_agency__lag012,0.667712,0.125098,0.501885,0.41864377
d__wtregen_tga_fed__lag089,0.501567,0.48614,0.348526,0.41864111
d__dpsacbw027sbog_deposits__lag051,0.667712,0.126386,0.500489,0.41857198
d__nasdaqcom_nasdaqcom__lag031,0.69279,0.10717,0.49694,0.41852086
d__nasdaqcom_nasdaqcom__lag014,0.69279,0.106259,0.497797,0.41848416
d__nasdaqcom_nasdaqcom__lag023,0.69279,0.10547,0.498541,0.41845256
d__nasdaqcom_nasdaqcom__lag083,0.689655,0.108205,0.498532,0.41843927
d__tasacbw027sbog_bank_ts_agency__lag019,0.667712,0.124029,0.502624,0.41842377
d__wtregen_tga__lag084,0.501567,0.487988,0.34624,0.41842124
m__mcumfn_caputil_man__lag009,0.673981,0.448019,0.172788,0.41841242
m__pce_pce__lag012,0.833856,0.012412,0.48936,0.41840552
d__nasdaqcom_nasdaqcom__lag018,0.69279,0.10898,0.494954,0.41839987
d__nasdaqcom_nasdaqcom__lag012,0.69279,0.105888,0.498035,0.41839163
d__tasacbw027sbog_bank_ts_agency__lag018,0.667712,0.123917,0.502681,0.41838643
d__tasacbw027sbog_bank_ts_agency__lag017,0.667712,0.123381,0.503207,0.41838047
d__dpsacbw027sbog_deposits__lag052,0.667712,0.126288,0.500279,0.41836601
m__pce_pce__lag009,0.836991,0.009883,0.489926,0.41833566
m__tcu_tcu__lag011,0.733542,0.356478,0.21381,0.4183302
d__nasdaqcom_nasdaqcom__lag036,0.69279,0.106919,0.496864,0.41829501
d__nasdaqcom_nasdaqcom__lag057,0.689655,0.105222,0.501175,0.41820479
d__dpsacbw027sbog_deposits__lag054,0.667712,0.125846,0.500356,0.41812217
q__bogz1lm213061103q_state_local_gov_ts__lag001,1.0,0.007606,0.410516,0.41812148
d__dpsacbw027sbog_deposits__lag053,0.667712,0.126003,0.500132,0.41807741
d__dpsacbw027sbog_deposits__lag056,0.667712,0.125839,0.500211,0.41802082
d__nasdaqcom_nasdaqcom__lag026,0.69279,0.106244,0.497044,0.4179519
d__dpsacbw027sbog_deposits__lag055,0.667712,0.125687,0.500257,0.41795025
d__tasacbw027sbog_bank_ts_agency__lag030,0.667712,0.122552,0.503345,0.41791831
m__awhman_awhman__lag007,1.0,0.087586,0.330318,0.41790342
d__nasdaqcom_nasdaqcom__lag038,0.69279,0.106124,0.49707,0.41788705
d__nasdaqcom_nasdaqcom__lag051,0.69279,0.1065,0.496672,0.41787129
d__nasdaqcom_nasdaqcom__lag019,0.69279,0.107654,0.495342,0.41774953
d__wtregen_tga__lag090,0.501567,0.484982,0.347763,0.41767775
d__wtregen_tga_fed__lag078,0.504702,0.479262,0.348281,0.41766281
d__nasdaqcom_nasdaqcom__lag033,0.69279,0.103773,0.498883,0.4175135
d__dpsacbw027sbog_deposits__lag057,0.667712,0.125158,0.500122,0.41750607
d__wtregen_tga_fed__lag069,0.504702,0.471728,0.355383,0.41744461
d__nasdaqcom_nasdaqcom__lag011,0.69279,0.105287,0.497239,0.41742354
q__bogz1fa693061105q_nonmmf_ts_tx__lag003,0.987461,0.158811,0.263913,0.41742335
q__bogz1fa693061105q_nonmmmf_ts_tx__lag003,0.987461,0.158811,0.263913,0.41742335
d__wtregen_tga__lag089,0.501567,0.48614,0.345954,0.41735097
d__nasdaqcom_nasdaqcom__lag037,0.69279,0.105493,0.496918,0.41734449
d__wtregen_tga_fed__lag077,0.504702,0.481184,0.345582,0.41727053
q__bogz1fl702150005q_usb_ffrepo__lag002,1.0,0.050058,0.367161,0.41721868
d__nasdaqcom_nasdaqcom__lag074,0.689655,0.10758,0.497341,0.41718641
d__nasdaqcom_nasdaqcom__lag085,0.689655,0.107481,0.497242,0.41705024
d__nasdaqcom_nasdaqcom__lag034,0.69279,0.103257,0.498679,0.41701507
m__hqmcb10yrp_hqm10y__lag006,0.526646,0.317324,0.474146,0.41682427
q__bogz1fr223061143q_state_local_db_retirement_ts_reval__lag008,0.971787,0.228238,0.200615,0.41675371
d__dpsacbw027sbog_deposits__lag058,0.667712,0.123994,0.500048,0.41668011
q__bogz1lm563061103q_etfs_ts__lag007,0.987461,0.032696,0.389256,0.41666178
d__tasacbw027sbog_bank_ts_agency__lag035,0.667712,0.121314,0.502697,0.41665936
d__tasacbw027sbog_bank_ts_agency__lag031,0.667712,0.121088,0.502849,0.41660993
d__tasacbw027sbog_bank_ts_agency__lag034,0.667712,0.121084,0.502768,0.41655334
d__nasdaqcom_nasdaqcom__lag030,0.69279,0.105304,0.495963,0.4165516
d__nasdaqcom_nasdaqcom__lag035,0.69279,0.103145,0.498111,0.41654402
d__dpsacbw027sbog_deposits__lag064,0.667712,0.123674,0.500144,0.41653041
d__wtregen_tga__lag078,0.504702,0.479262,0.345729,0.41637473
d__nasdaqcom_nasdaqcom__lag052,0.69279,0.105126,0.495881,0.41637204
d__dpsacbw027sbog_deposits__lag062,0.667712,0.123984,0.499563,0.41634982
d__dpsacbw027sbog_deposits__lag063,0.667712,0.12369,0.499796,0.41630873
d__tasacbw027sbog_bank_ts_agency__lag036,0.667712,0.12098,0.502396,0.41623544
d__dpsacbw027sbog_deposits__lag060,0.667712,0.123599,0.499774,0.41623343
d__wtregen_tga__lag069,0.504702,0.471728,0.35288,0.4161813
d__tasacbw027sbog_bank_ts_agency__lag033,0.667712,0.120708,0.502574,0.41617314
d__dpsacbw027sbog_deposits__lag059,0.667712,0.123443,0.499826,0.41616352
d__wtregen_tga_fed__lag071,0.504702,0.480786,0.343711,0.41612577
q__bogz1fr213061103q_state_local_gov_ts_reval__lag005,0.981191,0.222136,0.201949,0.4161087
d__nasdaqcom_nasdaqcom__lag032,0.69279,0.103551,0.497053,0.41609208
d__dpsacbw027sbog_deposits__lag061,0.667712,0.1237,0.499443,0.41608029
d__tasacbw027sbog_bank_ts_agency__lag032,0.667712,0.12048,0.502585,0.416028
d__dpsacbw027sbog_deposits__lag075,0.667712,0.123145,0.49987,0.41599428
d__wtregen_tga__lag077,0.504702,0.481184,0.343027,0.41598097
d__dpsacbw027sbog_deposits__lag077,0.667712,0.123122,0.49982,0.41594578
d__dpsacbw027sbog_deposits__lag076,0.667712,0.12294,0.499869,0.41585723
d__nasdaqcom_nasdaqcom__lag027,0.69279,0.103973,0.49628,0.41584963
q__bopbca_bopbca__lag006,0.811912,0.129003,0.383172,0.4158412
d__dpsacbw027sbog_deposits__lag074,0.667712,0.122843,0.499903,0.41581516
d__dpsacbw027sbog_deposits__lag070,0.667712,0.122652,0.500055,0.41578849
d__dpsacbw027sbog_deposits__lag065,0.667712,0.122635,0.50004,0.41576758
m__awhman_awhman__lag008,1.0,0.137005,0.278715,0.4157201
d__dpsacbw027sbog_deposits__lag072,0.667712,0.122397,0.500124,0.41566433
q__bogz1lm513061105q_pci_tsy_raw__lag007,0.987461,0.016639,0.404302,0.4156631
q__bogz1lm513061105q_pc_insurance_ts__lag007,0.987461,0.016639,0.404302,0.4156631
q__bogz1lm513061105q_p_c_insurance_ts__lag007,0.987461,0.016639,0.404302,0.4156631
d__dpsacbw027sbog_deposits__lag069,0.667712,0.122427,0.500062,0.41564374
d__dpsacbw027sbog_deposits__lag071,0.667712,0.122167,0.500285,0.41561796
q__rowceaq027s_row_corpequities_flow__lag002,0.990596,0.217368,0.202195,0.41561743
q__bogz1fl513061115q_pci_bills_raw__lag001,1.0,0.003219,0.412325,0.41554481
q__bogz1fl513061115q_pci_bills__lag001,1.0,0.003219,0.412325,0.41554481
d__dpsacbw027sbog_deposits__lag066,0.667712,0.122212,0.500115,0.41553511
d__tasacbw027sbog_bank_ts_agency__lag037,0.667712,0.12,0.502322,0.41553134
q__bogz1fl633061105q_mmf_tsy_raw__lag006,0.990596,0.028046,0.391413,0.41551383
q__bogz1fl633061105q_money_market_funds_ts__lag006,0.990596,0.028046,0.391413,0.41551383
d__dpsacbw027sbog_deposits__lag073,0.667712,0.12245,0.499836,0.41550737
d__nasdaqcom_nasdaqcom__lag039,0.69279,0.103315,0.496417,0.41548828
d__dpsacbw027sbog_deposits__lag068,0.667712,0.122063,0.500105,0.41542879
d__dpsacbw027sbog_deposits__lag067,0.667712,0.122113,0.500021,0.41540633
d__tasacbw027sbog_bank_ts_agency__lag038,0.667712,0.119689,0.502173,0.41522481
d__nasdaqcom_nasdaqcom__lag087,0.689655,0.104083,0.49799,0.41522264
d__nasdaqcom_nasdaqcom__lag048,0.69279,0.102151,0.497144,0.41518555
d__dpsacbw027sbog_deposits__lag078,0.667712,0.121696,0.499906,0.41505109
q__a091rc1q027sbea_gov_interest_payments__lag004,0.981191,0.000176,0.422647,0.41487
q__a091rc1q027sbea_fedgov_int__lag004,0.981191,0.000176,0.422647,0.41487
d__tasacbw027sbog_bank_ts_agency__lag039,0.667712,0.119499,0.501801,0.41484901
d__wtregen_tga__lag071,0.504702,0.480786,0.341172,0.41484396
d__tasacbw027sbog_bank_ts_agency__lag040,0.667712,0.119664,0.501611,0.41483244
d__nasdaqcom_nasdaqcom__lag088,0.689655,0.104096,0.497365,0.41480014
d__dgs6mo_dgs6mo__lag021,0.561129,0.407284,0.331813,0.4147284
d__tasacbw027sbog_bank_ts_agency__lag041,0.667712,0.119465,0.501532,0.41464704
d__nasdaqcom_nasdaqcom__lag040,0.69279,0.101867,0.496605,0.41461522
d__wtregen_tga_fed__lag072,0.504702,0.472426,0.348958,0.41455422
d__tasacbw027sbog_bank_ts_agency__lag042,0.667712,0.119415,0.501396,0.41452267
d__tasacbw027sbog_bank_ts_agency__lag043,0.667712,0.119125,0.501623,0.41448038
d__wtregen_tga_fed__lag076,0.504702,0.473284,0.34788,0.41444336
q__bogz1fl712151003q_fed_repo__lag005,0.99373,0.174158,0.242866,0.4144094
d__dgs6mo_dgs6mo__lag020,0.561129,0.406497,0.331869,0.41431813
d__nasdaqcom_nasdaqcom__lag041,0.69279,0.101588,0.496347,0.41424354
d__nasdaqcom_nasdaqcom__lag065,0.689655,0.103889,0.496618,0.41414333
d__dpsacbw027sbog_deposits__lag079,0.667712,0.120422,0.499785,0.41411979
d__dgs6mo_dgs6mo__lag024,0.561129,0.404695,0.333302,0.41411124
d__wtregen_tga_fed__lag073,0.504702,0.471723,0.348649,0.41404325
d__nasdaqcom_nasdaqcom__lag042,0.69279,0.101063,0.496516,0.41399661
m__hqmcb10yrp_hqm10y__lag003,0.529781,0.312455,0.468907,0.41395052
d__nasdaqcom_nasdaqcom__lag029,0.69279,0.103876,0.493584,0.41391413
d__dgs6mo_dgs6mo__lag023,0.561129,0.404317,0.333106,0.41378917
d__nasdaqcom_nasdaqcom__lag049,0.69279,0.101456,0.495754,0.41374111
d__tasacbw027sbog_bank_ts_agency__lag044,0.667712,0.117991,0.501469,0.41362082
d__nasdaqcom_nasdaqcom__lag058,0.689655,0.09976,0.499969,0.41360614
d__dgs6mo_dgs6mo__lag002,0.561129,0.409632,0.327417,0.41357895
d__nasdaqcom_nasdaqcom__lag028,0.69279,0.102205,0.494675,0.4135122
d__dgs6mo_dgs6mo__lag001,0.561129,0.409854,0.327039,0.41349173
d__nasdaqcom_nasdaqcom__lag059,0.689655,0.098306,0.501242,0.4134814
d__dgs6mo_dgs6mo__lag025,0.561129,0.404392,0.332481,0.41348036
d__nasdaqcom_nasdaqcom__lag046,0.69279,0.099535,0.49728,0.41346715
m__pcend_pcend__lag008,0.836991,0.008832,0.485152,0.41346029
d__wimfsl_immf__lag054,0.579937,0.266204,0.446666,0.41341984
d__dgs6mo_dgs6mo__lag022,0.561129,0.404708,0.332013,0.41339492
d__dgs6mo_dgs6mo__lag008,0.561129,0.408702,0.327945,0.41335407
d__nasdaqcom_nasdaqcom__lag064,0.689655,0.103921,0.495379,0.41331004
d__nasdaqcom_nasdaqcom__lag050,0.69279,0.099959,0.49658,0.41327617
d__wtregen_tga__lag072,0.504702,0.472426,0.346416,0.41327143
d__wimfsl_immf__lag055,0.579937,0.265862,0.446623,0.41319665
d__dgs6mo_dgs6mo__lag019,0.561129,0.405874,0.330476,0.41318681
q__bogz1fa633061110q_mmf_bills_tx__lag003,0.987461,0.259184,0.159235,0.41317238
d__wtregen_tga__lag076,0.504702,0.473284,0.345335,0.41315889
d__dgs6mo_dgs6mo__lag004,0.561129,0.40899,0.327207,0.41310124
d__dgs6mo_dgs6mo__lag007,0.561129,0.408757,0.32735,0.41305073
d__dpsacbw027sbog_deposits__lag080,0.667712,0.119155,0.499404,0.41301853
d__wtregen_tga_fed__lag074,0.504702,0.469953,0.348363,0.41300609
d__dgs6mo_dgs6mo__lag018,0.561129,0.407126,0.3289,0.4130052
d__wimfsl_immf__lag056,0.579937,0.265695,0.446407,0.41297409
q__bogz1fl763123005q_tga_usb__lag001,1.0,0.180525,0.232444,0.41296922
d__wimfsl_immf__lag057,0.579937,0.26597,0.446111,0.41296227
d__dgs6mo_dgs6mo__lag027,0.561129,0.402693,0.333245,0.41295609
d__dgs6mo_dgs6mo__lag005,0.561129,0.408088,0.327729,0.41288794
d__wimfsl_immf__lag051,0.579937,0.264851,0.447083,0.41287697
d__nasdaqcom_nasdaqcom__lag047,0.69279,0.099884,0.496017,0.4128344
d__dgs6mo_dgs6mo__lag003,0.561129,0.408752,0.326886,0.41278742
d__wtregen_tga__lag073,0.504702,0.471723,0.346103,0.41275842
d__dgs6mo_dgs6mo__lag016,0.561129,0.406576,0.328961,0.41273087
d__dgs6mo_dgs6mo__lag026,0.561129,0.402425,0.333102,0.41272479
d__nasdaqcom_nasdaqcom__lag043,0.69279,0.099227,0.496456,0.41268338
d__dgs6mo_dgs6mo__lag010,0.561129,0.407151,0.328122,0.41258271
d__dgs6mo_dgs6mo__lag011,0.561129,0.407641,0.327564,0.41254407
d__dgs6mo_dgs6mo__lag029,0.561129,0.402167,0.333017,0.41253287
d__dgs6mo_dgs6mo__lag028,0.561129,0.402524,0.332618,0.41250963
m__pce_pce__lag008,0.836991,0.001371,0.491413,0.41245631
d__dpsacbw027sbog_deposits__lag081,0.667712,0.118551,0.499133,0.41243533
d__nasdaqcom_nasdaqcom__lag060,0.689655,0.096777,0.501216,0.41240918
d__dgs6mo_dgs6mo__lag006,0.561129,0.40788,0.327051,0.41239094
d__dgs6mo_dgs6mo__lag014,0.561129,0.406329,0.328585,0.41238102
d__wtregen_tga_fed__lag068,0.504702,0.4611,0.355963,0.41237324
d__dgs6mo_dgs6mo__lag013,0.561129,0.406518,0.328338,0.41234897
d__wtregen_tga_fed__lag075,0.504702,0.469197,0.347797,0.41233886
d__dpsacbw027sbog_deposits__lag082,0.667712,0.118425,0.499024,0.41227785
d__tasacbw027sbog_bank_ts_agency__lag045,0.667712,0.116473,0.500931,0.41224791
d__dpsacbw027sbog_deposits__lag083,0.667712,0.1183,0.499007,0.41218365
q__bogz1fl713123030q_tga__lag006,0.990596,0.023129,0.392964,0.41217995
q__bogz1fl713123030q_tga_z1__lag006,0.990596,0.023129,0.392964,0.41217995
d__dpsacbw027sbog_deposits__lag085,0.667712,0.118494,0.498729,0.41212689
m__awhman_awhman__lag012,1.0,0.157798,0.254306,0.41210387
d__nasdaqcom_nasdaqcom__lag061,0.689655,0.099034,0.49847,0.41207216
d__dgs6mo_dgs6mo__lag015,0.561129,0.405907,0.328454,0.41207056
d__dpsacbw027sbog_deposits__lag084,0.667712,0.118283,0.498846,0.41206426
d__wimfsl_immf__lag053,0.579937,0.264233,0.446231,0.41202432
m__pcend_pcend__lag011,0.833856,0.014681,0.47943,0.41201785
d__wimfsl_immf__lag052,0.579937,0.263885,0.446497,0.41197694
d__nasdaqcom_nasdaqcom__lag045,0.69279,0.097529,0.497092,0.41194788
d__tasacbw027sbog_bank_ts_agency__lag049,0.667712,0.116284,0.500656,0.41193807
d__tasacbw027sbog_bank_ts_agency__lag048,0.667712,0.116456,0.500479,0.41193502
d__dgs6mo_dgs6mo__lag030,0.561129,0.401067,0.332935,0.41186909
d__wimfsl_immf__lag049,0.579937,0.263461,0.446593,0.41178697
d__dpsacbw027sbog_deposits__lag088,0.667712,0.118337,0.498363,0.41177747
d__wtregen_tga__lag074,0.504702,0.469953,0.345822,0.41172361
q__bogz1fl343061123q_fed_gov_dcg_retirement_ts__lag008,0.984326,0.054448,0.363822,0.41171401
d__dpsacbw027sbog_deposits__lag086,0.667712,0.117874,0.498704,0.41169622
d__wimfsl_immf__lag050,0.579937,0.263334,0.446535,0.41167955
d__tasacbw027sbog_bank_ts_agency__lag046,0.667712,0.115973,0.500557,0.41166446
d__tasacbw027sbog_bank_ts_agency__lag047,0.667712,0.116001,0.500494,0.41164035
d__dpsacbw027sbog_deposits__lag087,0.667712,0.118085,0.498325,0.41158385
d__tasacbw027sbog_bank_ts_agency__lag057,0.667712,0.116556,0.499769,0.41152724
d__dgs6mo_dgs6mo__lag017,0.561129,0.405464,0.327756,0.41143098
d__wimfsl_immf__lag048,0.579937,0.262774,0.446666,0.41143077
q__bogz1fa653061105q_mutual_funds_ts_tx__lag002,0.990596,0.081846,0.333463,0.41140347
d__tasacbw027sbog_bank_ts_agency__lag056,0.667712,0.116282,0.499852,0.41139939
q__bogz1fr663061165q_brokers_dealers_long_ts_reval__lag005,0.981191,0.246918,0.172355,0.41138748
m__mtso133fms_fedgov_out__lag012,0.561129,0.236954,0.496172,0.41137839
d__tasacbw027sbog_bank_ts_agency__lag054,0.667712,0.115883,0.500061,0.41127253
d__tasacbw027sbog_bank_ts_agency__lag050,0.667712,0.115985,0.499953,0.4112684
d__tasacbw027sbog_bank_ts_agency__lag055,0.667712,0.115999,0.499894,0.41123891
d__tasacbw027sbog_bank_ts_agency__lag053,0.667712,0.11586,0.500032,0.41123835
d__nasdaqcom_nasdaqcom__lag044,0.69279,0.096644,0.496897,0.41119903
d__wimfsl_immf__lag047,0.579937,0.262417,0.446592,0.41118039
d__nasdaqcom_nasdaqcom__lag063,0.689655,0.100702,0.495503,0.4111761
d__tasacbw027sbog_bank_ts_agency__lag052,0.667712,0.115792,0.499936,0.41112879
d__wtregen_tga__lag068,0.504702,0.4611,0.353468,0.411114
d__wimfsl_immf__lag089,0.576803,0.267627,0.445109,0.41110815
d__wimfsl_immf__lag090,0.576803,0.267605,0.445076,0.41107656
d__tasacbw027sbog_bank_ts_agency__lag051,0.667712,0.115658,0.499979,0.41106782
d__wtregen_tga__lag075,0.504702,0.469197,0.345256,0.41105608
d__dgs6mo_dgs6mo__lag012,0.561129,0.404724,0.327409,0.41082083
d__dgs6mo_dgs6mo__lag009,0.561129,0.404998,0.326955,0.41071982
m__ipmine_ipmine__lag011,1.0,0.030181,0.380526,0.41070672
q__bogz1fa713061113q_cb_bills_tx__lag003,0.987461,0.272451,0.143468,0.41070319
d__wimfsl_immf__lag038,0.579937,0.260113,0.447787,0.41053739
d__wtregen_tga_fed__lag067,0.504702,0.458958,0.354188,0.41039692
m__mcumfn_caputil_man__lag008,0.673981,0.416504,0.19233,0.4103422
q__bogz1fa313161105q_tsy_net_tx__lag006,0.978056,0.102343,0.317194,0.41033155
q__bogz1fr383061105q_dom_nonfin_sector_tsy_reval__lag005,0.981191,0.246579,0.171578,0.41029172
d__wimfsl_immf__lag086,0.576803,0.266408,0.444882,0.41027423
d__wimfsl_immf__lag039,0.579937,0.2602,0.447183,0.41023776
d__wimfsl_immf__lag088,0.576803,0.266446,0.444764,0.41022743
d__wimfsl_immf__lag044,0.579937,0.260776,0.446582,0.41022318
d__nasdaqcom_nasdaqcom__lag089,0.689655,0.097704,0.497002,0.41014275
d__tasacbw027sbog_bank_ts_agency__lag058,0.667712,0.114476,0.499772,0.41014038
d__wimfsl_immf__lag085,0.576803,0.266161,0.44489,0.4101361
d__wimfsl_immf__lag045,0.579937,0.260553,0.446622,0.41011682
d__wimfsl_immf__lag084,0.576803,0.266262,0.44471,0.41009044
d__wimfsl_immf__lag046,0.579937,0.260759,0.446258,0.41002535
d__dpsacbw027sbog_deposits__lag090,0.664577,0.118757,0.498051,0.40991612
q__rowgseq027s_row_agency_flow__lag005,0.981191,0.069204,0.348435,0.40978318
d__dpsacbw027sbog_deposits__lag089,0.664577,0.118611,0.497989,0.40977772
d__wimfsl_immf__lag080,0.576803,0.265435,0.444881,0.40971174
d__wimfsl_immf__lag079,0.576803,0.265898,0.444364,0.4096813
d__wimfsl_immf__lag083,0.576803,0.265247,0.445006,0.40967574
d__wimfsl_immf__lag082,0.576803,0.265114,0.445062,0.40963164
d__wimfsl_immf__lag042,0.579937,0.259531,0.446683,0.40955982
d__wimfsl_immf__lag043,0.579937,0.259657,0.446408,0.40947371
d__wimfsl_immf__lag041,0.579937,0.259126,0.446835,0.40941305
d__wimfsl_immf__lag040,0.579937,0.258868,0.446994,0.40935534
d__wimfsl_immf__lag078,0.576803,0.265417,0.444192,0.40930392
d__wimfsl_immf__lag058,0.576803,0.266202,0.443389,0.4092939
d__wimfsl_immf__lag037,0.579937,0.25842,0.447313,0.40928044
d__wimfsl_immf__lag081,0.576803,0.264983,0.444505,0.40923475
d__wimfsl_immf__lag077,0.576803,0.265069,0.444272,0.40914976
d__wtregen_tga__lag067,0.504702,0.458958,0.351684,0.40913291
d__wimfsl_immf__lag075,0.576803,0.265179,0.44406,0.40909075
d__wimfsl_immf__lag076,0.576803,0.265001,0.44411,0.40901687
d__wimfsl_immf__lag035,0.579937,0.25819,0.447017,0.40897565
d__wimfsl_immf__lag036,0.579937,0.258089,0.44707,0.40894794
d__wimfsl_immf__lag065,0.576803,0.265424,0.443545,0.40893523
q__bogz1fl712151003q_fed_repo__lag008,0.984326,0.088798,0.326634,0.40892054
d__nasdaqcom_nasdaqcom__lag062,0.689655,0.097821,0.49503,0.40886246
q__bogz1fr753061103q_usb_tsy_for_reval__lag008,0.971787,0.215365,0.205365,0.40885982
d__tasacbw027sbog_bank_ts_agency__lag059,0.667712,0.113279,0.49904,0.40885239
d__wimfsl_immf__lag034,0.579937,0.257738,0.447146,0.40878862
d__wimfsl_immf__lag033,0.579937,0.257688,0.447186,0.40878275
d__wimfsl_immf__lag071,0.576803,0.264864,0.443722,0.40871393
d__wimfsl_immf__lag073,0.576803,0.263924,0.444637,0.40869992
d__wimfsl_immf__lag087,0.576803,0.263586,0.444964,0.4086933
d__wimfsl_immf__lag061,0.576803,0.265059,0.443479,0.40868682
m__ipmine_ipmine__lag009,1.0,0.009479,0.3992,0.40867903
d__wimfsl_immf__lag072,0.576803,0.264533,0.443919,0.40863679
d__wimfsl_immf__lag068,0.576803,0.26463,0.443738,0.40858848
d__tasacbw027sbog_bank_ts_agency__lag060,0.667712,0.112924,0.498998,0.40858767
d__wimfsl_immf__lag070,0.576803,0.264803,0.443542,0.40857477
d__wimfsl_immf__lag074,0.576803,0.264157,0.444174,0.40856675
d__wimfsl_immf__lag069,0.576803,0.264808,0.443513,0.40856153
d__wimfsl_immf__lag059,0.576803,0.264579,0.443576,0.40846565
d__tasacbw027sbog_bank_ts_agency__lag064,0.667712,0.113008,0.498671,0.40842517
q__bogz1fl713061113q_cb_bills_raw__lag001,1.0,0.024035,0.384295,0.40832928
q__bogz1fl713061113q_cb_bills__lag001,1.0,0.024035,0.384295,0.40832928
d__wimfsl_immf__lag066,0.576803,0.26383,0.444044,0.40830333
q__rowmmfq027s_row_moneymarketfundshares_flow__lag002,0.990596,0.140428,0.271706,0.40825751
d__wimfsl_immf__lag063,0.576803,0.264185,0.44351,0.40820018
d__tasacbw027sbog_bank_ts_agency__lag063,0.667712,0.112695,0.498568,0.40814732
d__wimfsl_immf__lag062,0.576803,0.263864,0.443534,0.40802894
d__wimfsl_immf__lag030,0.579937,0.256452,0.447097,0.40801409
d__tasacbw027sbog_bank_ts_agency__lag061,0.667712,0.112545,0.498514,0.40801095
d__wimfsl_immf__lag064,0.576803,0.264026,0.443304,0.4079894
d__tlaacbw027sbog_bank_ta__lag007,0.667712,0.110114,0.500699,0.40784663
d__tasacbw027sbog_bank_ts_agency__lag062,0.667712,0.112209,0.498521,0.40779111
d__wimfsl_immf__lag060,0.576803,0.263615,0.443336,0.40777073
d__wimfsl_immf__lag067,0.576803,0.263035,0.443852,0.40773409
d__tlaacbw027sbog_bank_ta__lag008,0.667712,0.109891,0.500632,0.40765323
q__bogz1fa543061175q_life_insurance_ts_tx__lag008,0.971787,0.314745,0.104719,0.40763007
d__tasacbw027sbog_bank_ts_agency__lag065,0.667712,0.11174,0.498706,0.40760176
q__bogz1fa383061105q_dom_nonfin_sector_tsy_tx__lag002,0.990596,0.097553,0.313805,0.40748921
d__wimfsl_immf__lag032,0.579937,0.255639,0.446973,0.40747073
d__tlaacbw027sbog_bank_ta__lag006,0.667712,0.109431,0.500738,0.40741695
d__wimfsl_immf__lag023,0.579937,0.255255,0.447171,0.40736338
d__tlaacbw027sbog_bank_ta__lag002,0.667712,0.109287,0.500775,0.4073457
d__wimfsl_immf__lag029,0.579937,0.255637,0.446726,0.40732648
q__bogz1fl704135005q_usb_loan_l__lag004,0.996865,0.035072,0.373514,0.40730443
d__tlaacbw027sbog_bank_ta__lag009,0.667712,0.10933,0.500594,0.40725358
d__wimfsl_immf__lag031,0.579937,0.255479,0.446694,0.4072162
d__wimfsl_immf__lag027,0.579937,0.255682,0.44634,0.40712849
d__tlaacbw027sbog_bank_ta__lag004,0.667712,0.10875,0.500944,0.40710038
d__nasdaqcom_nasdaqcom__lag090,0.689655,0.092479,0.497815,0.40709922
d__tlaacbw027sbog_bank_ta__lag005,0.667712,0.108953,0.5007,0.40707213
q__rowtsaq027s_row_tsy_tx__lag002,0.990596,0.169823,0.241103,0.40706133
d__wimfsl_immf__lag028,0.579937,0.255369,0.446487,0.40703225
m__hqmcb10yrp_hqm10y__lag007,0.523511,0.297081,0.480351,0.40699436
d__tasacbw027sbog_bank_ts_agency__lag067,0.667712,0.110892,0.498634,0.40698772
d__wimfsl_immf__lag026,0.579937,0.255418,0.446348,0.40698043
d__wimfsl_immf__lag024,0.579937,0.254995,0.446755,0.40697109
d__tasacbw027sbog_bank_ts_agency__lag070,0.667712,0.110825,0.498667,0.40696499
d__tasacbw027sbog_bank_ts_agency__lag069,0.667712,0.110821,0.498615,0.40692704
d__totci_totci__lag088,0.667712,0.118273,0.491143,0.40691431
d__tlaacbw027sbog_bank_ta__lag003,0.667712,0.108486,0.500867,0.40687212
d__tlaacbw027sbog_bank_ta__lag010,0.667712,0.108764,0.500582,0.40686736
d__tasacbw027sbog_bank_ts_agency__lag066,0.667712,0.110705,0.498588,0.40683202
d__wimfsl_immf__lag025,0.579937,0.255109,0.446397,0.40682947
d__tasacbw027sbog_bank_ts_agency__lag068,0.667712,0.110674,0.498611,0.40682665
q__bogz1fl262051003q_row_rrp__lag007,0.987461,0.008651,0.403328,0.40681322
d__wimfsl_immf__lag015,0.579937,0.252453,0.449023,0.40681167
d__tasacbw027sbog_bank_ts_agency__lag071,0.667712,0.110657,0.498544,0.40677031
d__wimfsl_immf__lag022,0.579937,0.254531,0.446775,0.4067134
m__pcend_pcend__lag012,0.833856,0.008257,0.479492,0.40671183
d__wimfsl_immf__lag021,0.579937,0.253966,0.447261,0.40666739
q__bogz1fl713061113q_cb_bills_raw__lag002,1.0,0.008365,0.398298,0.406663
q__bogz1fl713061113q_cb_bills__lag002,1.0,0.008365,0.398298,0.406663
d__wimfsl_immf__lag013,0.579937,0.251884,0.449272,0.40662679
d__wimfsl_immf__lag014,0.579937,0.25202,0.449034,0.40656774
d__wimfsl_immf__lag016,0.579937,0.252126,0.448872,0.40653518
d__tlaacbw027sbog_bank_ta__lag021,0.667712,0.108773,0.500074,0.40653405
d__totci_totci__lag087,0.667712,0.11782,0.490928,0.40646811
d__wimfsl_immf__lag017,0.579937,0.25265,0.448223,0.40646244
d__dgs6mo_dgs6mo__lag031,0.557994,0.399953,0.328395,0.40641325
d__wimfsl_immf__lag019,0.579937,0.252906,0.44775,0.40633641
d__tlaacbw027sbog_bank_ta__lag018,0.667712,0.108669,0.499847,0.40631338
d__wimfsl_immf__lag018,0.579937,0.252973,0.447631,0.40630623
d__tlaacbw027sbog_bank_ta__lag014,0.667712,0.10839,0.500093,0.40629109
d__wimfsl_immf__lag020,0.579937,0.253003,0.447574,0.40629066
d__tlaacbw027sbog_bank_ta__lag019,0.667712,0.108467,0.499995,0.40627718
q__bogz1fl712051000q_fed_rrp__lag002,1.0,0.163406,0.24282,0.40622574
d__tlaacbw027sbog_bank_ta__lag013,0.667712,0.1083,0.500085,0.40622556
d__tlaacbw027sbog_bank_ta__lag012,0.667712,0.108223,0.500145,0.40621438
d__tlaacbw027sbog_bank_ta__lag020,0.667712,0.10843,0.499921,0.40620325
d__tlaacbw027sbog_bank_ta__lag011,0.667712,0.108013,0.500245,0.40614059
d__wimfsl_immf__lag012,0.579937,0.250795,0.449446,0.40609619
d__dgs6mo_dgs6mo__lag032,0.557994,0.39985,0.327836,0.40604394
d__wimfsl_immf__lag003,0.579937,0.249363,0.450628,0.40595082
d__wimfsl_immf__lag004,0.579937,0.249216,0.45069,0.40590181
d__tlaacbw027sbog_bank_ta__lag015,0.667712,0.108128,0.499765,0.4058975
d__tlaacbw027sbog_bank_ta__lag022,0.667712,0.108107,0.49977,0.40588639
d__totci_totci__lag086,0.667712,0.116707,0.490892,0.40570076
d__totci_totci__lag090,0.664577,0.11902,0.491337,0.40562912
d__tasacbw027sbog_bank_ts_agency__lag072,0.667712,0.108669,0.498737,0.40557192
d__totci_totci__lag089,0.664577,0.118837,0.491381,0.40553655
q__bogz1fr573061105q_private_pension_ts_reval__lag003,0.987461,0.25957,0.151072,0.40549317
d__dgs6mo_dgs6mo__lag033,0.557994,0.398486,0.328127,0.40544527
d__tlaacbw027sbog_bank_ta__lag001,0.667712,0.106811,0.500379,0.40542729
d__wimfsl_immf__lag001,0.579937,0.249282,0.449644,0.40533314
d__wimfsl_immf__lag002,0.579937,0.248806,0.450097,0.40531961
d__tlaacbw027sbog_bank_ta__lag016,0.667712,0.107348,0.4996,0.40526558
d__tasacbw027sbog_bank_ts_agency__lag073,0.667712,0.108246,0.498684,0.40525466
d__totci_totci__lag085,0.667712,0.115906,0.490976,0.40522237
q__bogz1fr343061105q_fed_gov_retirement_ts_reval__lag003,0.987461,0.252527,0.157824,0.40520483
d__dgs6mo_dgs6mo__lag038,0.557994,0.397843,0.328168,0.40511007
d__tasacbw027sbog_bank_ts_agency__lag074,0.667712,0.108268,0.498443,0.40510803
q__bogz1fl743061103q_usb_tsy_dom__lag002,1.0,0.051945,0.35313,0.40507485
d__tasacbw027sbog_bank_ts_agency__lag078,0.667712,0.108119,0.498519,0.40505941
m__bogmbase_mb__lag011,0.833856,0.019072,0.466661,0.40503104
d__dgs6mo_dgs6mo__lag034,0.557994,0.398017,0.327821,0.4050127
d__dgs6mo_dgs6mo__lag037,0.557994,0.39759,0.328144,0.40495487
d__totci_totci__lag084,0.667712,0.115677,0.490792,0.40494648
d__tasacbw027sbog_bank_ts_agency__lag075,0.667712,0.108046,0.498273,0.40484648
d__tlaacbw027sbog_bank_ta__lag023,0.667712,0.106557,0.499741,0.40483193
d__tasacbw027sbog_bank_ts_agency__lag077,0.667712,0.108085,0.498166,0.40480114
d__totci_totci__lag083,0.667712,0.115196,0.491046,0.4047948
d__tasacbw027sbog_bank_ts_agency__lag076,0.667712,0.107986,0.498166,0.40473499
d__tlaacbw027sbog_bank_ta__lag024,0.667712,0.10627,0.499827,0.40469795
d__totci_totci__lag082,0.667712,0.115013,0.491065,0.40468553
m__tcu_tcu__lag002,0.742947,0.365203,0.17947,0.40466336
d__dgs6mo_dgs6mo__lag039,0.557994,0.397557,0.327595,0.40462984
d__totci_totci__lag081,0.667712,0.115113,0.490854,0.40461084
d__totci_totci__lag080,0.667712,0.115056,0.490856,0.40457458
d__tlaacbw027sbog_bank_ta__lag017,0.667712,0.106605,0.499261,0.40454395
d__dgs6mo_dgs6mo__lag036,0.557994,0.396529,0.328459,0.40453891
q__bogz1fl743061103q_usb_tsy_dom__lag004,0.996865,0.067863,0.337906,0.40449729
m__pcend_pcend__lag009,0.836991,0.000224,0.483023,0.40447382
d__wimfsl_immf__lag010,0.579937,0.248017,0.449226,0.40435728
d__tlaacbw027sbog_bank_ta__lag028,0.667712,0.105648,0.499884,0.40432071
m__tcu_tcu__lag003,0.742947,0.366316,0.177789,0.40424089
d__tlaacbw027sbog_bank_ta__lag027,0.667712,0.105288,0.500044,0.40418684
d__wimfsl_immf__lag006,0.579937,0.24698,0.449929,0.40416372
d__tlaacbw027sbog_bank_ta__lag029,0.667712,0.105678,0.499569,0.40413084
d__wimfsl_immf__lag009,0.579937,0.246915,0.449923,0.40412224
d__tlaacbw027sbog_bank_ta__lag031,0.667712,0.105939,0.499236,0.40408272
d__tlaacbw027sbog_bank_ta__lag025,0.667712,0.10542,0.499746,0.40407643
d__dgs6mo_dgs6mo__lag035,0.557994,0.396488,0.327624,0.40404954
d__wimfsl_immf__lag005,0.579937,0.246438,0.450226,0.40402135
d__tlaacbw027sbog_bank_ta__lag026,0.667712,0.105054,0.500014,0.40401076
d__wimfsl_immf__lag011,0.579937,0.247824,0.44871,0.4039464
d__wimfsl_immf__lag008,0.579937,0.246899,0.449625,0.40394043
d__dgs6mo_dgs6mo__lag040,0.557994,0.396086,0.327733,0.40388654
d__wimfsl_immf__lag007,0.579937,0.246756,0.449641,0.40386698
q__bogz1lm103061103q_nfcb_tsy__lag007,0.987461,0.015442,0.393529,0.40384194
q__bogz1lm103061103q_nfcb_tsy__lag008,0.984326,0.037414,0.37283,0.40381437
d__totci_totci__lag077,0.667712,0.11404,0.490715,0.40380196
d__totci_totci__lag079,0.667712,0.11414,0.490608,0.40379736
d__totci_totci__lag074,0.667712,0.113774,0.49096,0.40378798
d__tlaacbw027sbog_bank_ta__lag030,0.667712,0.105146,0.49957,0.403776
d__totci_totci__lag073,0.667712,0.113674,0.491042,0.40377562
d__tlaacbw027sbog_bank_ta__lag034,0.667712,0.106126,0.49859,0.40377533
d__dgs6mo_dgs6mo__lag041,0.557994,0.395728,0.327858,0.40375651
d__totci_totci__lag075,0.667712,0.113827,0.490798,0.40371493
d__tlaacbw027sbog_bank_ta__lag033,0.667712,0.106067,0.49854,0.40370337
d__tlaacbw027sbog_bank_ta__lag032,0.667712,0.105762,0.498841,0.40370042
d__tasacbw027sbog_bank_ts_agency__lag079,0.667712,0.10612,0.498373,0.40362691
d__tlaacbw027sbog_bank_ta__lag035,0.667712,0.105896,0.498558,0.4036008
d__totci_totci__lag076,0.667712,0.113579,0.490757,0.40352223
d__totci_totci__lag072,0.667712,0.113386,0.490938,0.4035141
q__bogz1fl313161110q_totalbills_z1__lag007,0.987461,0.010512,0.398117,0.40350442
q__bogz1fl073164013q_dj_index__lag001,0.69279,0.051077,0.53134,0.40349228
q__bogz1fl743061103q_usb_tsy_dom__lag005,0.99373,0.063224,0.342734,0.40341248
d__totci_totci__lag069,0.667712,0.113864,0.490293,0.40340285
d__totci_totci__lag068,0.667712,0.113852,0.490239,0.4033587
d__totci_totci__lag067,0.667712,0.113804,0.490097,0.40323168
d__tlaacbw027sbog_bank_ta__lag049,0.667712,0.106307,0.49758,0.40322224
d__totci_totci__lag070,0.667712,0.113614,0.490237,0.40319875
d__tlaacbw027sbog_bank_ta__lag048,0.667712,0.106204,0.497562,0.40314146
d__tlaacbw027sbog_bank_ta__lag050,0.667712,0.106281,0.497452,0.40311976
d__tlaacbw027sbog_bank_ta__lag036,0.667712,0.105708,0.498014,0.40311226
d__totci_totci__lag066,0.667712,0.113546,0.490157,0.40309955
d__tlaacbw027sbog_bank_ta__lag037,0.667712,0.105778,0.497894,0.40307858
d__dgs6mo_dgs6mo__lag042,0.557994,0.395413,0.326937,0.40306675
d__totci_totci__lag078,0.667712,0.113113,0.490488,0.40303151
d__tlaacbw027sbog_bank_ta__lag047,0.667712,0.105913,0.497624,0.40298884
d__totci_totci__lag071,0.667712,0.11263,0.490877,0.40296807
d__tasacbw027sbog_bank_ts_agency__lag080,0.667712,0.105146,0.498316,0.40293828
d__tlaacbw027sbog_bank_ta__lag044,0.667712,0.105615,0.49778,0.402894
d__totci_totci__lag059,0.667712,0.112506,0.490715,0.4027778
d__tasacbw027sbog_bank_ts_agency__lag085,0.667712,0.10567,0.497533,0.40276616
d__tlaacbw027sbog_bank_ta__lag043,0.667712,0.105457,0.497744,0.4027641
d__tlaacbw027sbog_bank_ta__lag052,0.667712,0.105533,0.497642,0.40274634
q__bogz1fl704141005q_usb_stloan_l__lag004,0.996865,0.03473,0.36927,0.40273319
d__tlaacbw027sbog_bank_ta__lag053,0.667712,0.105625,0.497473,0.40269563
q__bogz1fl383061105q_dom_nonfin_sector_tsy__lag001,1.0,0.048822,0.353873,0.40269518
d__totci_totci__lag062,0.667712,0.112845,0.490246,0.40269037
d__tlaacbw027sbog_bank_ta__lag056,0.667712,0.105617,0.497468,0.40268652
d__totci_totci__lag063,0.667712,0.112655,0.490402,0.40266838
d__tlaacbw027sbog_bank_ta__lag055,0.667712,0.105581,0.497471,0.40266516
d__tasacbw027sbog_bank_ts_agency__lag081,0.667712,0.104969,0.498041,0.40263704
d__tlaacbw027sbog_bank_ta__lag051,0.667712,0.1055,0.497501,0.40263081
d__wtregen_tga_fed__lag066,0.504702,0.444513,0.353205,0.40261015
d__tlaacbw027sbog_bank_ta__lag054,0.667712,0.105449,0.497496,0.40259333
d__tlaacbw027sbog_bank_ta__lag046,0.667712,0.105501,0.497427,0.4025825
q__bogz1fa223061143q_state_local_db_retirement_ts_tx__lag004,0.984326,0.215258,0.193717,0.40256496
d__totci_totci__lag060,0.667712,0.112502,0.490343,0.4025269
d__tasacbw027sbog_bank_ts_agency__lag084,0.667712,0.10536,0.497472,0.40251781
d__tlaacbw027sbog_bank_ta__lag057,0.667712,0.105591,0.497235,0.40251376
d__totci_totci__lag061,0.667712,0.112698,0.490127,0.40251352
d__dgs3mo_dgs3mo__lag005,0.561129,0.393679,0.323588,0.40247883
d__tlaacbw027sbog_bank_ta__lag042,0.667712,0.105187,0.497557,0.40245921
d__tlaacbw027sbog_bank_ta__lag062,0.667712,0.105743,0.496985,0.40244856
d__tlaacbw027sbog_bank_ta__lag061,0.667712,0.105815,0.496843,0.40240186
d__tlaacbw027sbog_bank_ta__lag060,0.667712,0.105698,0.496954,0.40239752
d__tasacbw027sbog_bank_ts_agency__lag082,0.667712,0.104948,0.497697,0.40239303
d__tlaacbw027sbog_bank_ta__lag045,0.667712,0.105175,0.497379,0.40233179
d__tasacbw027sbog_bank_ts_agency__lag083,0.667712,0.104931,0.497563,0.40229223
d__tlaacbw027sbog_bank_ta__lag038,0.667712,0.104706,0.497778,0.40228593
d__totci_totci__lag065,0.667712,0.112335,0.490142,0.40228078
q__bogz1lm563061103q_etfs_ts__lag008,0.984326,0.017548,0.391133,0.40227551
d__tlaacbw027sbog_bank_ta__lag040,0.667712,0.104755,0.497643,0.40222826
d__totci_totci__lag064,0.667712,0.111864,0.490524,0.40222164
d__tlaacbw027sbog_bank_ta__lag041,0.667712,0.104632,0.497701,0.40218443
d__tlaacbw027sbog_bank_ta__lag058,0.667712,0.105188,0.497138,0.40218006
d__tasacbw027sbog_bank_ts_agency__lag086,0.667712,0.104825,0.497482,0.40216726
d__tlaacbw027sbog_bank_ta__lag039,0.667712,0.104638,0.497604,0.40212368
d__dgs6mo_dgs6mo__lag044,0.557994,0.393762,0.326882,0.40211474
d__tlaacbw027sbog_bank_ta__lag064,0.667712,0.104856,0.497362,0.40210811
d__tlaacbw027sbog_bank_ta__lag063,0.667712,0.104866,0.49725,0.40203984
d__dgs3mo_dgs3mo__lag021,0.561129,0.389916,0.326515,0.40200969
d__dgs3mo_dgs3mo__lag020,0.561129,0.389856,0.32656,0.40200145
q__bogz1fl262051003q_row_rrp__lag008,0.984326,0.022833,0.385546,0.40197839
d__tasacbw027sbog_bank_ts_agency__lag087,0.667712,0.104775,0.497155,0.40191524
d__dgs6mo_dgs6mo__lag045,0.557994,0.393256,0.326932,0.40186027
m__tcu_tcu__lag004,0.739812,0.370954,0.17223,0.40185336
d__tasacbw027sbog_bank_ts_agency__lag088,0.667712,0.104612,0.497225,0.40185329
d__tlaacbw027sbog_bank_ta__lag059,0.667712,0.104984,0.496846,0.40184877
d__dgs6mo_dgs6mo__lag043,0.557994,0.393878,0.326228,0.40181502
d__tlaacbw027sbog_bank_ta__lag076,0.667712,0.104671,0.496976,0.4017267
d__tlaacbw027sbog_bank_ta__lag077,0.667712,0.104617,0.497009,0.40171248
d__dgs3mo_dgs3mo__lag002,0.561129,0.392921,0.322971,0.40170745
d__dgs3mo_dgs3mo__lag001,0.561129,0.392344,0.323359,0.40160151
d__tlaacbw027sbog_bank_ta__lag070,0.667712,0.104452,0.497,0.40159611
d__dgs3mo_dgs3mo__lag019,0.561129,0.389658,0.326002,0.40157712
d__tlaacbw027sbog_bank_ta__lag075,0.667712,0.104509,0.496857,0.40153879
d__totci_totci__lag052,0.667712,0.110657,0.490651,0.40150049
d__totci_totci__lag054,0.667712,0.110698,0.490607,0.40149779
d__totci_totci__lag055,0.667712,0.11079,0.490507,0.4014933
d__dgs3mo_dgs3mo__lag024,0.561129,0.388172,0.327284,0.40146308
d__totci_totci__lag053,0.667712,0.110613,0.49058,0.40142337
d__dgs6mo_dgs6mo__lag046,0.557994,0.392376,0.326984,0.40139867
d__tlaacbw027sbog_bank_ta__lag071,0.667712,0.103972,0.497164,0.40138578
d__wtregen_tga__lag066,0.504702,0.444513,0.350691,0.40134123
d__totci_totci__lag056,0.667712,0.110532,0.490517,0.40132741
d__totci_totci__lag049,0.667712,0.110171,0.490841,0.4013025
d__dgs3mo_dgs3mo__lag025,0.561129,0.388803,0.32634,0.401287
d__totci_totci__lag050,0.667712,0.110323,0.490658,0.40128148
d__tlaacbw027sbog_bank_ta__lag074,0.667712,0.104015,0.496877,0.40122292
d__dgs3mo_dgs3mo__lag023,0.561129,0.387972,0.327056,0.40122235
d__totci_totci__lag057,0.667712,0.110148,0.490714,0.40120255
d__tlaacbw027sbog_bank_ta__lag065,0.667712,0.103516,0.497261,0.40114555
d__dgs3mo_dgs3mo__lag003,0.561129,0.392135,0.322721,0.40112593
d__tlaacbw027sbog_bank_ta__lag069,0.667712,0.103614,0.49713,0.40112378
d__tlaacbw027sbog_bank_ta__lag066,0.667712,0.103423,0.497282,0.40109766
d__totci_totci__lag045,0.667712,0.109493,0.491211,0.40109698
d__tlaacbw027sbog_bank_ta__lag068,0.667712,0.103437,0.497192,0.40104657
d__totci_totci__lag048,0.667712,0.109758,0.490833,0.4010216
d__totci_totci__lag046,0.667712,0.10943,0.491137,0.40100591
d__dgs3mo_dgs3mo__lag006,0.561129,0.392415,0.322226,0.40100528
d__totci_totci__lag058,0.667712,0.110091,0.490475,0.40100478
d__dgs3mo_dgs3mo__lag004,0.561129,0.391816,0.322794,0.40098789
d__tlaacbw027sbog_bank_ta__lag078,0.667712,0.103328,0.49721,0.40098609
d__totci_totci__lag047,0.667712,0.10963,0.490904,0.40098336
d__tlaacbw027sbog_bank_ta__lag067,0.667712,0.103415,0.497069,0.40095017
d__tlaacbw027sbog_bank_ta__lag072,0.667712,0.103474,0.497007,0.40094815
d__totci_totci__lag051,0.667712,0.10999,0.490405,0.4008907
q__bogz1fr593061105q_pension_ts_reval__lag003,0.987461,0.25463,0.151269,0.40080857
d__dgs6mo_dgs6mo__lag047,0.557994,0.391585,0.326558,0.40071949
d__dgs3mo_dgs3mo__lag018,0.561129,0.389672,0.324355,0.40066113
d__dgs3mo_dgs3mo__lag022,0.561129,0.387553,0.326316,0.40057217
d__tlaacbw027sbog_bank_ta__lag073,0.667712,0.103228,0.496689,0.40057213
d__tlaacbw027sbog_bank_ta__lag079,0.667712,0.102864,0.497042,0.40056418
d__dgs3mo_dgs3mo__lag016,0.561129,0.389726,0.324118,0.40055785
q__bogz1fr693061105q_nonmmf_ts_reval__lag007,0.974922,0.239374,0.171301,0.4003765
q__bogz1fr693061105q_nonmmmf_ts_reval__lag007,0.974922,0.239374,0.171301,0.4003765
q__bogz1fl713123030q_tga__lag007,0.987461,0.082588,0.322859,0.40036291
q__bogz1fl713123030q_tga_z1__lag007,0.987461,0.082588,0.322859,0.40036291
d__dgs3mo_dgs3mo__lag007,0.561129,0.391445,0.321855,0.400253
d__dgs3mo_dgs3mo__lag017,0.561129,0.389897,0.323341,0.40021856
d__dgs3mo_dgs3mo__lag028,0.561129,0.386248,0.326746,0.40008147
q__bogz1fr593061105q_pension_ts_reval__lag008,0.971787,0.219388,0.192306,0.40007858
d__dgs3mo_dgs3mo__lag029,0.561129,0.385957,0.326997,0.40005841
d__dgs3mo_dgs3mo__lag030,0.561129,0.385716,0.327122,0.39999408
d__dgs3mo_dgs3mo__lag026,0.561129,0.386302,0.326401,0.39991807
d__tlaacbw027sbog_bank_ta__lag080,0.667712,0.101846,0.496872,0.3997705
d__totci_totci__lag044,0.667712,0.107859,0.490826,0.39974871
q__bogz1fr753061103q_usb_tsy_for_reval__lag003,0.987461,0.27525,0.12955,0.39972395
d__totci_totci__lag043,0.667712,0.107373,0.491228,0.39969247
d__dgs3mo_dgs3mo__lag008,0.561129,0.39015,0.321961,0.3995855
d__dgs3mo_dgs3mo__lag027,0.561129,0.386117,0.325886,0.39952512
m__hqmcb10yrp_hqm10y__lag008,0.523511,0.279766,0.48328,0.39946283
d__dgs3mo_dgs3mo__lag015,0.561129,0.388492,0.323254,0.39938075
d__tlaacbw027sbog_bank_ta__lag085,0.667712,0.102252,0.495847,0.39935747
q__bogz1fr763061100q_usb_tsy_oth_reval__lag003,0.987461,0.185979,0.218409,0.39931776
q__bogz1fr653061105q_mutual_funds_ts_reval__lag008,0.971787,0.23041,0.180354,0.39917511
d__tlaacbw027sbog_bank_ta__lag081,0.667712,0.101182,0.496627,0.39916386
d__dgs3mo_dgs3mo__lag014,0.561129,0.388448,0.322824,0.3991153
d__tasacbw027sbog_bank_ts_agency__lag089,0.664577,0.104188,0.496328,0.39908875
d__dgs6mo_dgs6mo__lag048,0.557994,0.390451,0.324743,0.39907334
d__totci_totci__lag042,0.667712,0.105985,0.491536,0.39897146
d__tlaacbw027sbog_bank_ta__lag084,0.667712,0.101357,0.496038,0.39888746
d__tasacbw027sbog_bank_ts_agency__lag090,0.664577,0.10374,0.496464,0.39888186
d__totci_totci__lag040,0.667712,0.105556,0.491759,0.39883396
d__tlaacbw027sbog_bank_ta__lag082,0.667712,0.100805,0.496494,0.3988238
d__totci_totci__lag038,0.667712,0.105636,0.491624,0.39879763
d__totci_totci__lag041,0.667712,0.105569,0.491575,0.39871954
d__dgs6mo_dgs6mo__lag049,0.557994,0.389809,0.324678,0.39867928
d__tlaacbw027sbog_bank_ta__lag083,0.667712,0.10056,0.496501,0.39866464
d__totci_totci__lag039,0.667712,0.105494,0.491529,0.39863896
m__dpsfrim027sbog_row_deposits__lag001,0.667712,0.116648,0.480029,0.39840788
d__dgs6mo_dgs6mo__lag050,0.557994,0.389385,0.32434,0.39825424
d__tlaacbw027sbog_bank_ta__lag086,0.667712,0.100612,0.495803,0.39823366
d__dgs6mo_dgs6mo__lag053,0.557994,0.388121,0.325553,0.39822521
q__bogz1fl704135005q_usb_loan_l__lag003,1.0,0.031206,0.366927,0.39813318
q__bogz1fr653061105q_mutual_funds_ts_reval__lag007,0.974922,0.233396,0.174978,0.39813212
d__totci_totci__lag035,0.667712,0.104126,0.492082,0.39809512
d__totci_totci__lag037,0.667712,0.10448,0.491629,0.39802884
d__totci_totci__lag034,0.667712,0.104017,0.492066,0.39801133
d__totci_totci__lag031,0.667712,0.103534,0.492539,0.39800478
d__totci_totci__lag033,0.667712,0.10395,0.492083,0.39797824
q__bogz1fa713068703q_fed_dw_tx__lag002,0.990596,0.023404,0.378333,0.39795916
d__totci_totci__lag032,0.667712,0.103632,0.492304,0.39791354
q__hnotsbq027s_hhnp_tsy_tx__lag006,0.978056,0.116428,0.290375,0.39787626
q__bogz1fl633061110q_mmf_bills_raw__lag006,0.990596,0.038205,0.363403,0.3978311
q__bogz1fl633061110q_mmf_bills__lag006,0.990596,0.038205,0.363403,0.3978311
d__dgs6mo_dgs6mo__lag057,0.557994,0.387222,0.325737,0.39782657
d__totci_totci__lag036,0.667712,0.103997,0.491763,0.39779586
d__dgs6mo_dgs6mo__lag052,0.557994,0.387546,0.325303,0.39776572
d__dgs6mo_dgs6mo__lag051,0.557994,0.387271,0.325369,0.39764878
d__tlaacbw027sbog_bank_ta__lag088,0.667712,0.10034,0.495106,0.39758641
d__dgs3mo_dgs3mo__lag010,0.561129,0.387032,0.321409,0.39752686
d__tlaacbw027sbog_bank_ta__lag087,0.667712,0.100416,0.494877,0.3974839
q__bogz1lm513061105q_pci_tsy_raw__lag006,0.990596,0.001407,0.399802,0.39743531
q__bogz1lm513061105q_pc_insurance_ts__lag006,0.990596,0.001407,0.399802,0.39743531
q__bogz1lm513061105q_p_c_insurance_ts__lag006,0.990596,0.001407,0.399802,0.39743531
d__dgs6mo_dgs6mo__lag054,0.557994,0.387377,0.324804,0.3973928
d__dgs3mo_dgs3mo__lag013,0.561129,0.3864,0.32178,0.3973801
d__totci_totci__lag030,0.667712,0.102238,0.492866,0.3973575
d__dgs3mo_dgs3mo__lag011,0.561129,0.387815,0.320205,0.39728993
d__dgs6mo_dgs6mo__lag055,0.557994,0.38682,0.325163,0.39728197
d__dgs6mo_dgs6mo__lag060,0.557994,0.385989,0.325937,0.39725011
q__bogz1fr743061103q_usb_tsy_dom_reval__lag003,0.987461,0.238715,0.163497,0.39716887
d__dgs3mo_dgs3mo__lag012,0.561129,0.386627,0.320964,0.39704979
m__ltdacbm027nbog_ltd__lag010,0.658307,0.168649,0.434408,0.39699717
m__dpsfrim027sbog_row_deposits__lag002,0.667712,0.115718,0.478846,0.39699674
d__dgs6mo_dgs6mo__lag056,0.557994,0.38655,0.324865,0.39696493
d__dexszus_dexszus__lag003,0.69279,0.181472,0.391296,0.39680829
q__bogz1fl743061103q_usb_tsy_dom__lag006,0.990596,0.064801,0.335673,0.39670783
d__totci_totci__lag024,0.667712,0.100363,0.493465,0.39650545
m__awhman_awhman__lag006,1.0,0.085544,0.31091,0.3964538
q__bogz1fr343061165q_fed_gov_db_retirement_ts_reval__lag003,0.987461,0.225522,0.175932,0.39642041
d__dgs6mo_dgs6mo__lag058,0.557994,0.384606,0.325804,0.3964048
d__totci_totci__lag029,0.667712,0.100735,0.492892,0.39637154
d__totci_totci__lag026,0.667712,0.100049,0.493425,0.39626963
d__dgs6mo_dgs6mo__lag061,0.557994,0.38429,0.325755,0.39620081
q__bogz1fl673061103q_abs_issuers_ts__lag008,0.984326,0.196699,0.205784,0.39617448
d__totci_totci__lag027,0.667712,0.099936,0.493351,0.39614429
d__dgs6mo_dgs6mo__lag059,0.557994,0.384922,0.324996,0.39613004
d__totci_totci__lag025,0.667712,0.099951,0.493277,0.39610481
d__totci_totci__lag028,0.667712,0.09976,0.493425,0.3960759
d__dexszus_dexszus__lag008,0.69279,0.180252,0.3914,0.39603465
d__dgs3mo_dgs3mo__lag009,0.561129,0.385224,0.320324,0.39590325
d__wtregen_tga_fed__lag052,0.504702,0.430229,0.354015,0.39580978
d__tlaacbw027sbog_bank_ta__lag090,0.664577,0.100411,0.494852,0.39559809
d__tlaacbw027sbog_bank_ta__lag089,0.664577,0.100371,0.494765,0.3955137
d__totci_totci__lag023,0.667712,0.099017,0.493315,0.39550728
d__dexszus_dexszus__lag002,0.69279,0.178683,0.392198,0.39550073
d__dgs6mo_dgs6mo__lag062,0.557994,0.382469,0.325794,0.39520615
d__totci_totci__lag021,0.667712,0.098195,0.493615,0.39515815
d__totci_totci__lag022,0.667712,0.098344,0.493419,0.39512707
d__totci_totci__lag019,0.667712,0.098056,0.493684,0.39511156
d__wtregen_tga_fed__lag045,0.504702,0.426507,0.356325,0.39509691
q__b092rc1q027sbea_gov_int_priv__lag007,0.808777,0.062281,0.426204,0.39507524
d__totci_totci__lag020,0.667712,0.098073,0.493555,0.39503699
d__totci_totci__lag018,0.667712,0.097988,0.493631,0.39503099
d__dgs6mo_dgs6mo__lag063,0.557994,0.382526,0.325283,0.39495251
d__dgs3mo_dgs3mo__lag031,0.557994,0.384318,0.322923,0.3946359
d__wtregen_tga__lag052,0.504702,0.430229,0.351504,0.3945423
d__wtregen_tga_fed__lag038,0.504702,0.431454,0.350126,0.39446502
m__dpsfrim027sbog_row_deposits__lag003,0.667712,0.111686,0.479047,0.39443949
d__dgs6mo_dgs6mo__lag064,0.557994,0.381815,0.325011,0.39440468
d__wtregen_tga__lag045,0.504702,0.427949,0.35319,0.39424217
d__dgs3mo_dgs3mo__lag032,0.557994,0.384396,0.322069,0.39420293
d__totci_totci__lag017,0.667712,0.096856,0.493357,0.39409187
d__dexszus_dexszus__lag084,0.69279,0.175206,0.393632,0.39408537
q__bogz1lm473061105q_credit_unions_ts__lag007,0.987461,0.025981,0.3731,0.39407609
q__bogz1lm473061105q_credit_unions_ts_tx__lag007,0.987461,0.025981,0.3731,0.39407609
d__dexszus_dexszus__lag001,0.69279,0.176856,0.391754,0.39392754
d__dexszus_dexszus__lag083,0.69279,0.173993,0.394441,0.39380529
q__bogz1fr383061105q_dom_nonfin_sector_tsy_reval__lag007,0.974922,0.222929,0.180995,0.39379394
d__dexszus_dexszus__lag006,0.69279,0.176318,0.392092,0.39378811
q__bogz1fl743061103q_usb_tsy_dom__lag001,1.0,0.03643,0.357263,0.39369295
d__wtregen_tga__lag038,0.504702,0.433007,0.346973,0.39365767
d__dgs6mo_dgs6mo__lag065,0.557994,0.380025,0.325416,0.39363177
d__wtregen_tga_fed__lag051,0.504702,0.427597,0.352202,0.39356616
m__awhman_awhman__lag005,1.0,0.065509,0.328008,0.39351668
d__dexszus_dexszus__lag082,0.69279,0.172627,0.395356,0.39349266
d__dexszus_dexszus__lag004,0.69279,0.175429,0.392512,0.39346334
d__dexszus_dexszus__lag005,0.69279,0.173943,0.393944,0.39342606
d__dexszus_dexszus__lag007,0.69279,0.175594,0.392221,0.39337686
q__bogz1fl704141005q_usb_stloan_l__lag003,1.0,0.03054,0.362739,0.39327958
d__totci_totci__lag016,0.667712,0.095642,0.493191,0.3931702
d__wtregen_tga_fed__lag046,0.504702,0.421964,0.357048,0.39316901
d__dgs6mo_dgs6mo__lag074,0.557994,0.378565,0.326004,0.39314483
d__dgs6mo_dgs6mo__lag071,0.557994,0.378189,0.326319,0.39311127
d__dgs6mo_dgs6mo__lag073,0.557994,0.377359,0.326986,0.39302054
q__bogz1fr103061103q_nfcb_tsy_reval__lag008,0.971787,0.196354,0.207896,0.39284486
d__dexszus_dexszus__lag085,0.69279,0.17376,0.393237,0.39280994
d__dgs3mo_dgs3mo__lag033,0.557994,0.381964,0.321804,0.39269809
d__wtregen_tga_fed__lag050,0.504702,0.422258,0.355539,0.39255592
d__wtregen_tga_fed__lag049,0.504702,0.421122,0.356605,0.39252065
d__dgs6mo_dgs6mo__lag072,0.557994,0.377068,0.326302,0.39247615
d__dgs6mo_dgs6mo__lag078,0.557994,0.378364,0.324872,0.39240101
d__dgs6mo_dgs6mo__lag066,0.557994,0.37858,0.324656,0.39240096
d__totbkcr_totbkcr__lag002,0.667712,0.086749,0.500911,0.39238731
d__dexszus_dexszus__lag081,0.69279,0.170887,0.39544,0.3923454
d__dgs6mo_dgs6mo__lag075,0.557994,0.377706,0.325417,0.39233801
d__wtregen_tga__lag046,0.504702,0.423396,0.35391,0.39230851
d__wtregen_tga__lag051,0.504702,0.427597,0.349681,0.39229382
d__dgs6mo_dgs6mo__lag090,0.557994,0.377033,0.325797,0.3921747
m__recprousm156n_recprob__lag010,0.730408,0.278277,0.258644,0.39217118
d__wtregen_tga_fed__lag065,0.504702,0.427359,0.349601,0.39213293
d__dgs6mo_dgs6mo__lag067,0.557994,0.377491,0.325166,0.39207848
d__totbkcr_totbkcr__lag021,0.667712,0.088091,0.499076,0.39205841
d__totbkcr_totbkcr__lag003,0.667712,0.086468,0.500611,0.39199925
d__dgs3mo_dgs3mo__lag036,0.557994,0.380704,0.321713,0.39194455
d__wtregen_tga_fed__lag039,0.504702,0.425743,0.350827,0.39193675
d__dgs3mo_dgs3mo__lag042,0.557994,0.38059,0.321793,0.39192512
d__dgs3mo_dgs3mo__lag038,0.557994,0.38081,0.321563,0.39191966
d__totbkcr_totbkcr__lag020,0.667712,0.087896,0.499049,0.39191056
d__totbkcr_totbkcr__lag001,0.667712,0.086649,0.500291,0.3919067
d__dgs6mo_dgs6mo__lag082,0.557994,0.377359,0.324978,0.39189915
d__dgs6mo_dgs6mo__lag077,0.557994,0.3776,0.324732,0.391897
d__dexszus_dexszus__lag009,0.69279,0.175502,0.390156,0.39188199
d__wtregen_tga_fed__lag048,0.504702,0.420614,0.355813,0.39186419
d__dexszus_dexszus__lag010,0.69279,0.17621,0.389417,0.39186043
q__bogz1fa573061105q_private_pension_ts_tx__lag002,0.990596,0.148914,0.246661,0.39185499
d__dgs6mo_dgs6mo__lag068,0.557994,0.376719,0.325498,0.39183274
d__wtregen_tga_fed__lag047,0.504702,0.420327,0.356037,0.39183244
d__dgs3mo_dgs3mo__lag037,0.557994,0.380786,0.321284,0.39175079
d__totbkcr_totbkcr__lag019,0.667712,0.087582,0.499019,0.39168006
d__dgs3mo_dgs3mo__lag039,0.557994,0.381005,0.320926,0.39167323
d__dgs3mo_dgs3mo__lag040,0.557994,0.380672,0.321258,0.39167248
q__bogz1fa563061103q_etfs_ts_tx__lag006,0.978056,0.084192,0.316262,0.39166659
d__wtregen_tga__lag049,0.504702,0.422549,0.353456,0.39165147
d__totbkcr_totbkcr__lag029,0.667712,0.087699,0.498841,0.39163944
d__totbkcr_totbkcr__lag018,0.667712,0.087622,0.498902,0.39162841
d__totbkcr_totbkcr__lag022,0.667712,0.087753,0.498758,0.39162034
d__totbkcr_totbkcr__lag028,0.667712,0.087657,0.498844,0.3916139
d__totbkcr_totbkcr__lag027,0.667712,0.08764,0.49886,0.39161298
d__dgs6mo_dgs6mo__lag081,0.557994,0.377652,0.324153,0.39160304
d__dgs3mo_dgs3mo__lag034,0.557994,0.380912,0.320857,0.39158243
q__bogz1fr153061105q_hhnp_tsy_reval__lag004,0.984326,0.199152,0.198649,0.39156584
d__dgs3mo_dgs3mo__lag035,0.557994,0.380782,0.320897,0.39153264
d__dgs6mo_dgs6mo__lag076,0.557994,0.376515,0.325157,0.391529
d__totbkcr_totbkcr__lag024,0.667712,0.087784,0.498587,0.39152609
d__dgs3mo_dgs3mo__lag041,0.557994,0.379784,0.321802,0.39148068
d__totbkcr_totbkcr__lag007,0.667712,0.086128,0.500154,0.39146737
d__dgs6mo_dgs6mo__lag070,0.557994,0.376496,0.325062,0.39146517
d__totbkcr_totbkcr__lag006,0.667712,0.086113,0.500147,0.39145252
d__totbkcr_totbkcr__lag026,0.667712,0.087405,0.498813,0.3914244
d__dgs6mo_dgs6mo__lag080,0.557994,0.377105,0.324372,0.39141941
d__totbkcr_totbkcr__lag016,0.667712,0.086984,0.499146,0.39136627
d__dgs6mo_dgs6mo__lag083,0.557994,0.377191,0.324177,0.3913588
d__dgs6mo_dgs6mo__lag089,0.557994,0.375861,0.325451,0.39132747
d__totci_totci__lag010,0.667712,0.091267,0.494796,0.39132075
d__totbkcr_totbkcr__lag023,0.667712,0.087381,0.498667,0.39131088
d__totbkcr_totbkcr__lag005,0.667712,0.085892,0.500132,0.39129497
d__totbkcr_totbkcr__lag015,0.667712,0.086719,0.499294,0.39128748
d__dgs6mo_dgs6mo__lag069,0.557994,0.376262,0.324974,0.39128519
d__wtregen_tga__lag050,0.504702,0.422258,0.353019,0.39128403
d__dgs6mo_dgs6mo__lag087,0.557994,0.375173,0.326051,0.39127842
d__totbkcr_totbkcr__lag004,0.667712,0.085829,0.500168,0.39127715
d__wtregen_tga_fed__lag037,0.504702,0.428326,0.346878,0.39124763
d__totbkcr_totbkcr__lag008,0.667712,0.085912,0.499985,0.39121021
d__totbkcr_totbkcr__lag030,0.667712,0.087158,0.498735,0.39120762
d__totbkcr_totbkcr__lag010,0.667712,0.086108,0.499775,0.39120088
d__totbkcr_totbkcr__lag025,0.667712,0.087414,0.498436,0.39117863
d__totbkcr_totbkcr__lag017,0.667712,0.08683,0.499003,0.39116726
d__wtregen_tga__lag039,0.504702,0.427282,0.347671,0.39112091
d__totbkcr_totbkcr__lag034,0.667712,0.087401,0.498359,0.39111821
d__totbkcr_totbkcr__lag035,0.667712,0.087426,0.49831,0.39110291
d__totbkcr_totbkcr__lag014,0.667712,0.08653,0.499193,0.3910937
d__dgs6mo_dgs6mo__lag085,0.557994,0.376075,0.324785,0.39107545
q__bogz1fa573061133q_private_dc_pension_ts_tx__lag003,0.987461,0.200305,0.195704,0.39104329
d__dgs6mo_dgs6mo__lag088,0.557994,0.3748,0.325998,0.391041
d__totbkcr_totbkcr__lag043,0.667712,0.088106,0.497513,0.39102448
d__totbkcr_totbkcr__lag009,0.667712,0.085717,0.499892,0.39101794
d__totbkcr_totbkcr__lag031,0.667712,0.087174,0.498411,0.39100242
d__wtregen_tga__lag048,0.504702,0.422035,0.352663,0.39099195
d__totbkcr_totbkcr__lag042,0.667712,0.087998,0.497558,0.3909822
d__dgs6mo_dgs6mo__lag079,0.557994,0.375889,0.324788,0.39097346
d__wtregen_tga__lag047,0.504702,0.421755,0.352892,0.39096567
d__totbkcr_totbkcr__lag033,0.667712,0.08721,0.498305,0.39095519
d__totbkcr_totbkcr__lag049,0.667712,0.088603,0.496903,0.39094925
d__totbkcr_totbkcr__lag013,0.667712,0.086367,0.499133,0.39094486
d__dgs6mo_dgs6mo__lag084,0.557994,0.375376,0.325159,0.39089417
d__totbkcr_totbkcr__lag032,0.667712,0.087135,0.498269,0.39088104
d__totbkcr_totbkcr__lag048,0.667712,0.088511,0.496882,0.39087387
d__wtregen_tga__lag065,0.504702,0.427359,0.347077,0.39085932
d__totbkcr_totbkcr__lag041,0.667712,0.087748,0.497581,0.39083045
d__totbkcr_totbkcr__lag036,0.667712,0.087235,0.498089,0.39082784
d__totbkcr_totbkcr__lag040,0.667712,0.087657,0.497632,0.39080434
d__totbkcr_totbkcr__lag012,0.667712,0.086165,0.49911,0.39079522
q__bogz1fa403061105q_gses_ts_tx__lag005,0.981191,0.243506,0.154736,0.39075148
d__totbkcr_totbkcr__lag050,0.667712,0.088559,0.496576,0.39070112
d__totbkcr_totbkcr__lag044,0.667712,0.087929,0.4972,0.39069796
d__totbkcr_totbkcr__lag038,0.667712,0.087302,0.49781,0.39068648
d__totbkcr_totbkcr__lag047,0.667712,0.088229,0.496868,0.39067651
d__totbkcr_totbkcr__lag045,0.667712,0.088094,0.497002,0.39067548
d__totbkcr_totbkcr__lag011,0.667712,0.085756,0.49932,0.39066169
d__totci_totci__lag015,0.667712,0.091863,0.493201,0.39065415
d__dexszus_dexszus__lag016,0.69279,0.174383,0.389493,0.39064715
d__totbkcr_totbkcr__lag039,0.667712,0.087369,0.497662,0.39063219
m__totresns_res__lag010,0.833856,0.023088,0.445353,0.39061159
d__totci_totci__lag014,0.667712,0.091194,0.493798,0.39060583
d__totbkcr_totbkcr__lag046,0.667712,0.088085,0.496902,0.39060246
d__totbkcr_totbkcr__lag037,0.667712,0.086965,0.497958,0.39056002
q__bogz1fr343061113q_fed_gov_dcf_retirement_ts_reval__lag003,0.987461,0.247088,0.148422,0.39055109
d__totbkcr_totbkcr__lag054,0.667712,0.088369,0.496409,0.39046301
d__totbkcr_totbkcr__lag055,0.667712,0.088452,0.496315,0.39045605
d__totbkcr_totbkcr__lag053,0.667712,0.088396,0.496368,0.39045358
d__totbkcr_totbkcr__lag057,0.667712,0.08846,0.496302,0.39045293
d__totbkcr_totbkcr__lag056,0.667712,0.088432,0.49633,0.39045196
d__wtregen_tga__lag037,0.504702,0.429898,0.343706,0.39043995
d__totci_totci__lag009,0.667712,0.090249,0.49447,0.39042381
d__totbkcr_totbkcr__lag051,0.667712,0.088169,0.49647,0.39037012
d__totci_totci__lag013,0.667712,0.09096,0.493676,0.39036854
d__totbkcr_totbkcr__lag052,0.667712,0.088177,0.496371,0.39030993
d__dgs3mo_dgs3mo__lag046,0.557994,0.378793,0.32068,0.39030152
d__dexszus_dexszus__lag015,0.69279,0.175295,0.388075,0.39029731
d__dgs3mo_dgs3mo__lag043,0.557994,0.379642,0.319758,0.39026083
m__bogmbase_mb__lag012,0.833856,0.003756,0.464227,0.39023033
d__wtregen_tga_fed__lag064,0.504702,0.425526,0.347613,0.39020514
d__totci_totci__lag012,0.667712,0.090668,0.49372,0.39020278
d__wtregen_tga_fed__lag040,0.504702,0.423839,0.349196,0.39015216
d__dgs3mo_dgs3mo__lag045,0.557994,0.378818,0.32031,0.39010919
d__totci_totci__lag011,0.667712,0.090098,0.494139,0.3901016
d__dgs3mo_dgs3mo__lag044,0.557994,0.378848,0.320245,0.39008964
d__wtregen_tga_fed__lag024,0.504702,0.443291,0.329543,0.39005065
d__dgs6mo_dgs6mo__lag086,0.557994,0.374231,0.324745,0.39002419
d__dexszus_dexszus__lag011,0.69279,0.173457,0.389441,0.38997055
d__totci_totci__lag008,0.667712,0.089325,0.494662,0.38993475
d__totci_totci__lag007,0.667712,0.089382,0.494582,0.38991936
q__bogz1fr693061105q_nonmmf_ts_reval__lag008,0.971787,0.22194,0.179296,0.38991626
q__bogz1fr693061105q_nonmmmf_ts_reval__lag008,0.971787,0.22194,0.179296,0.38991626
d__dexszus_dexszus__lag077,0.69279,0.167521,0.395295,0.38991361
d__dexszus_dexszus__lag080,0.69279,0.168169,0.394636,0.389906
d__totbkcr_totbkcr__lag088,0.667712,0.088862,0.495004,0.3898541
d__dexszus_dexszus__lag021,0.69279,0.171471,0.39119,0.38980563
d__totbkcr_totbkcr__lag058,0.667712,0.087753,0.496038,0.38980369
d__totbkcr_totbkcr__lag077,0.667712,0.088242,0.495504,0.38977378
d__wtregen_tga_fed__lag030,0.504702,0.433702,0.338569,0.38976669
d__dexszus_dexszus__lag017,0.69279,0.173992,0.388584,0.38974714
d__wtregen_tga_fed__lag063,0.504702,0.42481,0.347319,0.38969492
d__wtregen_tga_fed__lag023,0.504702,0.446368,0.325738,0.38968366
d__wtregen_tga_fed__lag059,0.504702,0.421064,0.350991,0.38965767
d__totbkcr_totbkcr__lag087,0.667712,0.088674,0.494883,0.38964737
d__totbkcr_totbkcr__lag064,0.667712,0.087427,0.496106,0.38963193
d__totbkcr_totbkcr__lag070,0.667712,0.087615,0.495896,0.38961736
d__totbkcr_totbkcr__lag085,0.667712,0.088372,0.495099,0.38959039
d__totbkcr_totbkcr__lag063,0.667712,0.087679,0.495772,0.38957662
d__wtregen_tga_fed__lag060,0.504702,0.422162,0.349686,0.38955373
d__totbkcr_totbkcr__lag078,0.667712,0.088015,0.495396,0.38955052
d__totbkcr_totbkcr__lag076,0.667712,0.087781,0.495587,0.38952187
d__dexszus_dexszus__lag072,0.69279,0.160674,0.401563,0.38951237
d__totbkcr_totbkcr__lag084,0.667712,0.088225,0.495128,0.38951172
d__totbkcr_totbkcr__lag075,0.667712,0.087702,0.495616,0.389488
d__totbkcr_totbkcr__lag069,0.667712,0.087408,0.49589,0.38947489
d__totbkcr_totbkcr__lag074,0.667712,0.087597,0.495698,0.38947283
d__totbkcr_totbkcr__lag086,0.667712,0.088206,0.495076,0.38946365
d__totbkcr_totbkcr__lag059,0.667712,0.087541,0.495704,0.38943921
d__totci_totci__lag006,0.667712,0.088705,0.494535,0.38943609
d__totbkcr_totbkcr__lag071,0.667712,0.087442,0.495789,0.38942976
d__totbkcr_totbkcr__lag062,0.667712,0.08752,0.495704,0.38942521
d__totbkcr_totbkcr__lag060,0.667712,0.087567,0.49565,0.38942039
d__dgs3mo_dgs3mo__lag047,0.557994,0.377694,0.320168,0.38940263
d__totbkcr_totbkcr__lag061,0.667712,0.087556,0.495608,0.38938505
d__wtregen_tga_fed__lag031,0.504702,0.432174,0.339309,0.38936877
d__totbkcr_totbkcr__lag068,0.667712,0.087232,0.495903,0.38936601
d__totbkcr_totbkcr__lag067,0.667712,0.087209,0.495891,0.38934257
d__dexszus_dexszus__lag065,0.69279,0.163429,0.398551,0.38933383
d__wtregen_tga__lag040,0.504702,0.425371,0.346029,0.38932741
d__wtregen_tga_fed__lag044,0.504702,0.421444,0.349931,0.38931469
d__dexszus_dexszus__lag079,0.69279,0.167671,0.39428,0.38931425
d__dexszus_dexszus__lag012,0.69279,0.173372,0.388566,0.38930482
d__totbkcr_totbkcr__lag083,0.667712,0.087836,0.495203,0.38930209
d__wtregen_tga__lag024,0.504702,0.444953,0.326302,0.38925412
d__totbkcr_totbkcr__lag072,0.667712,0.087155,0.495785,0.38923568
d__totci_totci__lag003,0.667712,0.088178,0.494761,0.38923484
d__totbkcr_totbkcr__lag073,0.667712,0.087189,0.495712,0.38921023
d__totci_totci__lag005,0.667712,0.088402,0.49448,0.38919731
d__totbkcr_totbkcr__lag082,0.667712,0.087694,0.495169,0.38918445
d__totbkcr_totbkcr__lag065,0.667712,0.086847,0.495977,0.38915833
d__totbkcr_totbkcr__lag080,0.667712,0.087465,0.49534,0.38914597
d__totbkcr_totbkcr__lag081,0.667712,0.087586,0.495196,0.38913003
d__wtregen_tga_fed__lag062,0.504702,0.422449,0.348554,0.38912652
d__totbkcr_totbkcr__lag066,0.667712,0.086914,0.495852,0.38911965
d__totbkcr_totbkcr__lag079,0.667712,0.087406,0.495357,0.38911741
d__dexszus_dexszus__lag069,0.69279,0.161894,0.399773,0.38911705
d__totci_totci__lag002,0.667712,0.08779,0.494958,0.38910784
q__bogz1fr543061175q_life_insurance_ts_reval__lag002,0.990596,0.191697,0.201095,0.38909765
m__ltdacbm027nbog_ltd__lag009,0.661442,0.150317,0.437809,0.38901132
d__dexszus_dexszus__lag078,0.69279,0.167687,0.393766,0.38896941
d__wtregen_tga__lag030,0.504702,0.43529,0.335362,0.38894993
d__wtregen_tga__lag064,0.504702,0.425526,0.345081,0.38892729
d__totci_totci__lag004,0.667712,0.088096,0.494377,0.38892398
d__wtregen_tga__lag023,0.504702,0.448052,0.322478,0.38888842
d__dexszus_dexszus__lag057,0.69279,0.165143,0.396105,0.38882757
d__dexszus_dexszus__lag055,0.69279,0.16628,0.394922,0.38879476
d__wtregen_tga_fed__lag053,0.504702,0.420139,0.350135,0.38875874
q__bogz1fl633061105q_mmf_tsy_raw__lag007,0.987461,0.033705,0.35996,0.38872796
q__bogz1fl633061105q_money_market_funds_ts__lag007,0.987461,0.033705,0.35996,0.38872796
d__dexszus_dexszus__lag062,0.69279,0.163689,0.397363,0.38869086
q__bogz1fl712151003q_fed_repo__lag007,0.987461,0.138474,0.255152,0.38868961
q__bogz1fr223061143q_state_local_db_retirement_ts_reval__lag003,0.987461,0.244721,0.14884,0.38862554
d__dgs3mo_dgs3mo__lag048,0.557994,0.377433,0.318916,0.38855816
d__wtregen_tga__lag031,0.504702,0.433757,0.336107,0.38855209
d__wtregen_tga__lag044,0.504702,0.422904,0.346763,0.38845259
d__dexszus_dexszus__lag061,0.69279,0.163729,0.396951,0.38843379
d__wtregen_tga__lag063,0.504702,0.42481,0.344787,0.38841708
d__dgs3mo_dgs3mo__lag049,0.557994,0.377317,0.318763,0.38840795
d__wtregen_tga__lag059,0.504702,0.421064,0.348469,0.3883851
d__wtregen_tga_fed__lag061,0.504702,0.421658,0.347748,0.38832094
d__dexszus_dexszus__lag086,0.69279,0.169361,0.391133,0.38830459
d__wtregen_tga__lag060,0.504702,0.422162,0.347161,0.38827924
d__dexszus_dexszus__lag063,0.69279,0.162938,0.39752,0.38827918
d__dexszus_dexszus__lag025,0.69279,0.166337,0.394061,0.38823822
d__wtregen_tga_fed__lag036,0.504702,0.423001,0.346156,0.38819512
d__totci_totci__lag001,0.667712,0.086224,0.49514,0.38818301
q__bogz1fl673061103q_abs_issuers_ts__lag007,0.987461,0.208339,0.184698,0.3881086
d__totbkcr_totbkcr__lag090,0.664577,0.08884,0.49512,0.38808636
d__wtregen_tga_fed__lag016,0.504702,0.446299,0.322634,0.38808218
d__dexszus_dexszus__lag071,0.69279,0.158508,0.401611,0.38804454
q__bogz1fa263061145q_row_priv_tsy_tx__lag002,0.990596,0.063251,0.328465,0.3880327
d__dexszus_dexszus__lag022,0.69279,0.168171,0.391909,0.38801758
d__totbkcr_totbkcr__lag089,0.664577,0.088855,0.494963,0.38799145
d__dexszus_dexszus__lag067,0.69279,0.161899,0.398058,0.38793206
d__wtregen_tga_fed__lag043,0.504702,0.416952,0.351658,0.38791948
d__wtregen_tga__lag062,0.504702,0.422449,0.346029,0.38785223
d__dgs3mo_dgs3mo__lag050,0.557994,0.375758,0.319008,0.38767526
d__dexszus_dexszus__lag087,0.69279,0.169965,0.389571,0.38764084
m__recprousm156n_recprob__lag009,0.730408,0.308988,0.221717,0.38763096
d__dexszus_dexszus__lag068,0.69279,0.161486,0.398026,0.38762451
q__rowtsaq027s_row_tsy_tx__lag001,0.99373,0.183562,0.206497,0.38761343
d__wtregen_tga_fed__lag034,0.504702,0.427754,0.340118,0.38754657
d__dexszus_dexszus__lag060,0.69279,0.162564,0.396834,0.38754541
d__dexszus_dexszus__lag054,0.69279,0.165448,0.393945,0.38754224
d__wtregen_tga__lag053,0.504702,0.420139,0.347607,0.38748292
d__wtregen_tga_fed__lag041,0.504702,0.419395,0.348222,0.38741818
d__wtregen_tga__lag036,0.504702,0.42459,0.342976,0.38739236
d__dexszus_dexszus__lag066,0.69279,0.160971,0.398093,0.38731389
d__dexszus_dexszus__lag073,0.69279,0.158448,0.400612,0.38731095
d__wtregen_tga__lag016,0.504702,0.44804,0.319353,0.38730483
d__dexszus_dexszus__lag018,0.69279,0.170504,0.388511,0.38727979
q__bogz1fa403061105q_gses_ts_tx__lag007,0.974922,0.168461,0.228741,0.3872411
d__dexszus_dexszus__lag058,0.69279,0.162035,0.396923,0.3872406
d__dexszus_dexszus__lag056,0.69279,0.163318,0.395545,0.38717426
d__dgs3mo_dgs3mo__lag051,0.557994,0.373685,0.320172,0.38716774
d__dgs3mo_dgs3mo__lag052,0.557994,0.373884,0.319944,0.38715213
d__wtregen_tga_fed__lag017,0.504702,0.442399,0.324652,0.38713187
d__wtregen_tga_fed__lag033,0.504702,0.42782,0.339192,0.38711288
d__dexszus_dexszus__lag023,0.69279,0.165231,0.393505,0.38708695
q__bogz1fr713061113q_cb_bills_reval__lag005,0.981191,0.327505,0.067,0.38708488
d__dgs3mo_dgs3mo__lag053,0.557994,0.374133,0.319565,0.38707904
d__wtregen_tga__lag043,0.504702,0.418429,0.348495,0.38706812
d__dexszus_dexszus__lag024,0.69279,0.165241,0.393445,0.38705213
d__wtregen_tga_fed__lag025,0.504702,0.438388,0.3285,0.38704975
d__wtregen_tga__lag061,0.504702,0.421658,0.34522,0.38704488
d__dexszus_dexszus__lag013,0.69279,0.170414,0.388161,0.38697526
d__dexszus_dexszus__lag070,0.69279,0.15704,0.401416,0.38689262
d__wtregen_tga__lag034,0.504702,0.429336,0.336913,0.38672741
d__dexszus_dexszus__lag030,0.69279,0.164954,0.393238,0.38670987
d__dexszus_dexszus__lag064,0.69279,0.160477,0.397674,0.38668162
q__bogz1fa503061123q_ccps_ts_tx__lag004,0.984326,0.064236,0.328602,0.3866809
d__wtregen_tga_fed__lag035,0.504702,0.423156,0.342998,0.38667977
d__dexszus_dexszus__lag014,0.69279,0.17083,0.387289,0.38665919
d__wtregen_tga__lag041,0.504702,0.4209,0.345048,0.38657572
d__dexszus_dexszus__lag076,0.69279,0.160887,0.396964,0.38647375
m__usalolitoaastsam_oecd_leading_indicator_us__lag003,0.893417,0.165583,0.266971,0.38645074
d__dexszus_dexszus__lag059,0.69279,0.160609,0.397169,0.38642244
d__wtregen_tga__lag017,0.504702,0.444111,0.321388,0.38634917
d__dexszus_dexszus__lag090,0.689655,0.170421,0.389777,0.38634366
d__wtregen_tga__lag033,0.504702,0.429403,0.335984,0.38629232
d__wtregen_tga__lag025,0.504702,0.440032,0.325245,0.38623697
d__dgs3mo_dgs3mo__lag060,0.557994,0.372363,0.319739,0.38618875
d__wtregen_tga_fed__lag029,0.504702,0.427632,0.337531,0.38617935
q__bogz1fa713061113q_cb_bills_tx__lag007,0.974922,0.069348,0.326728,0.38614302
d__dexszus_dexszus__lag020,0.69279,0.167243,0.390029,0.38607232
d__dgs3mo_dgs3mo__lag054,0.557994,0.372619,0.319158,0.3860074
d__wtregen_tga__lag035,0.504702,0.424716,0.339812,0.38585876
d__dexszus_dexszus__lag027,0.69279,0.162047,0.394886,0.38583722
q__bogz1fr573061133q_private_dc_pension_ts_reval__lag007,0.974922,0.217091,0.17863,0.3857968
d__wtregen_tga_fed__lag042,0.504702,0.414517,0.349833,0.3857694
q__bogz1fa313161110q_totalbills_z1_tx__lag003,0.987461,0.253921,0.136578,0.38560252
d__wtregen_tga_fed__lag022,0.504702,0.438726,0.32523,0.3855703
d__dexszus_dexszus__lag074,0.69279,0.156341,0.39994,0.38538615
d__wtregen_tga__lag029,0.504702,0.429238,0.334309,0.38536398
d__dexszus_dexszus__lag019,0.69279,0.166768,0.389427,0.38532648
d__dgs3mo_dgs3mo__lag056,0.557994,0.37172,0.318819,0.38531693
d__dgs3mo_dgs3mo__lag057,0.557994,0.370854,0.319633,0.38528743
d__dexszus_dexszus__lag029,0.69279,0.162276,0.39384,0.38527166
d__dgs3mo_dgs3mo__lag055,0.557994,0.371394,0.319049,0.38526297
q__bogz1fr403061105q_gses_ts_reval__lag008,0.971787,0.196382,0.199968,0.38516743
m__dpsfrim027sbog_row_deposits__lag006,0.664577,0.105023,0.474515,0.38514745
m__hqmcb10yrp_hqm10y__lag009,0.523511,0.25242,0.483114,0.38505995
d__dexszus_dexszus__lag028,0.69279,0.160966,0.39482,0.38504299
d__dgs3mo_dgs3mo__lag061,0.557994,0.370922,0.31911,0.38503405
m__dpsfrim027sbog_row_deposits__lag004,0.664577,0.106489,0.472716,0.38492561
d__wtregen_tga__lag042,0.504702,0.415997,0.346666,0.38491778
d__dexszus_dexszus__lag088,0.689655,0.170103,0.38789,0.38482277
d__wtregen_tga__lag022,0.504702,0.440434,0.321962,0.38478298
q__bogz1fl763061100q_usb_tsy_oth__lag002,1.0,0.031064,0.353718,0.38478214
d__wtregen_tga_fed__lag032,0.504702,0.426063,0.336283,0.38475779
d__wtregen_tga_fed__lag026,0.504702,0.438537,0.323784,0.38474531
d__dgs3mo_dgs3mo__lag059,0.557994,0.37044,0.318969,0.38468543
q__bogz1fr793061105q_dom_fin_sector_tsy_reval__lag003,0.987461,0.239433,0.150067,0.38461544
d__dgs3mo_dgs3mo__lag058,0.557994,0.369887,0.319386,0.38461017
d__wtregen_tga_fed__lag018,0.504702,0.439079,0.322903,0.38457417
d__dexszus_dexszus__lag075,0.69279,0.156684,0.398395,0.384553
d__dgs3mo_dgs3mo__lag062,0.557994,0.369904,0.319176,0.38450205
d__dexszus_dexszus__lag044,0.69279,0.156361,0.398612,0.3844804
d__wtregen_tga_fed__lag054,0.504702,0.415321,0.346474,0.38447966
q__bogz1fa403061105q_gses_ts_tx__lag002,0.990596,0.255112,0.132896,0.38435931
d__wtregen_tga_fed__lag057,0.504702,0.410049,0.350872,0.38403878
d__wtregen_tga_fed__lag019,0.504702,0.443197,0.317699,0.38402579
q__bogz1fa653061105q_mutual_funds_ts_tx__lag005,0.981191,0.238231,0.153082,0.38395272
d__wtregen_tga__lag032,0.504702,0.427636,0.33306,0.38392517
d__wtregen_tga__lag026,0.504702,0.440169,0.320498,0.38391038
d__wtregen_tga__lag018,0.504702,0.440783,0.319627,0.38378044
q__ib0000043q086sbea_imp_ind_pi__lag006,0.721003,0.154336,0.377942,0.38377395
d__dgs3mo_dgs3mo__lag063,0.557994,0.369233,0.318303,0.3836407
d__dexszus_dexszus__lag026,0.69279,0.1589,0.394799,0.38359726
d__dexszus_dexszus__lag031,0.69279,0.160372,0.393153,0.38347647
d__wtregen_tga_fed__lag027,0.504702,0.433718,0.325911,0.38338662
d__dexszus_dexszus__lag048,0.69279,0.158253,0.395036,0.38331331
q__bogz1fr593061105q_pension_ts_reval__lag007,0.974922,0.221865,0.171295,0.38330006
d__dexszus_dexszus__lag045,0.69279,0.15413,0.399112,0.38328072
d__wtregen_tga__lag019,0.504702,0.444907,0.314391,0.38321963
d__wtregen_tga__lag054,0.504702,0.415321,0.343932,0.38319652
q__bogz1fl702150005q_usb_ffrepo__lag005,0.99373,0.038367,0.347197,0.38314651
d__wtregen_tga_fed__lag058,0.504702,0.412014,0.34705,0.38310096
q__bogz1fr573061105q_private_pension_ts_reval__lag007,0.974922,0.216013,0.17685,0.38301066
q__bogz1fr263061145q_row_priv_tsy_reval__lag003,0.987461,0.266824,0.121026,0.38298682
d__wtregen_tga__lag057,0.504702,0.410049,0.348336,0.38275861
d__dexszus_dexszus__lag046,0.69279,0.155216,0.397252,0.38274455
d__totll_totll__lag088,0.667712,0.082841,0.490261,0.38266686
d__dgs3mo_dgs3mo__lag064,0.557994,0.367646,0.318129,0.38265807
d__dexszus_dexszus__lag049,0.69279,0.156803,0.395525,0.38264767
d__wtregen_tga_fed__lag020,0.504702,0.439838,0.318153,0.38255991
d__wtregen_tga__lag027,0.504702,0.435327,0.322635,0.38254491
d__dexszus_dexszus__lag089,0.689655,0.166257,0.388365,0.38249791
d__totll_totll__lag087,0.667712,0.082648,0.490138,0.38245604
d__dexszus_dexszus__lag053,0.69279,0.157244,0.394657,0.38235108
d__dgs3mo_dgs3mo__lag071,0.557994,0.366182,0.319037,0.38234802
d__wtregen_tga_fed__lag013,0.504702,0.437878,0.319529,0.38226476
m__dpsfrim027sbog_row_deposits__lag007,0.661442,0.107033,0.470718,0.38214923
d__totll_totll__lag086,0.667712,0.081917,0.490201,0.38200986
q__bogz1fr213061103q_state_local_gov_ts_reval__lag007,0.974922,0.210559,0.181276,0.38200826
d__wtregen_tga_fed__lag056,0.504702,0.409623,0.347223,0.38198197
d__dexszus_dexszus__lag050,0.69279,0.15697,0.394332,0.38193647
d__wtregen_tga_fed__lag015,0.504702,0.435225,0.321519,0.38193038
d__dgs3mo_dgs3mo__lag074,0.557994,0.365668,0.318775,0.38191535
d__wtregen_tga_fed__lag028,0.504702,0.425793,0.330867,0.38188809
d__totll_totll__lag085,0.667712,0.081692,0.490243,0.38188738
q__bogz1lm473061105q_credit_unions_ts__lag008,0.984326,0.017899,0.370065,0.38188386
q__bogz1lm473061105q_credit_unions_ts_tx__lag008,0.984326,0.017899,0.370065,0.38188386
d__dexszus_dexszus__lag035,0.69279,0.158372,0.392812,0.38185476
d__totll_totll__lag084,0.667712,0.081594,0.490278,0.38184521
d__wtregen_tga__lag058,0.504702,0.412014,0.344511,0.38181941
d__dgs3mo_dgs3mo__lag072,0.557994,0.365061,0.319154,0.38178775
d__dgs3mo_dgs3mo__lag073,0.557994,0.364577,0.319634,0.38178582
d__wtregen_tga_fed__lag055,0.504702,0.408827,0.347566,0.38175321
d__wtregen_tga__lag020,0.504702,0.441533,0.314848,0.38174697
d__dgs3mo_dgs3mo__lag065,0.557994,0.36577,0.318326,0.38172127
d__totll_totll__lag083,0.667712,0.081251,0.490353,0.3816668
d__wtregen_tga_fed__lag021,0.504702,0.435732,0.320249,0.38154519
q__bogz1fr573061105q_private_pension_ts_reval__lag008,0.971787,0.209261,0.183349,0.38153399
q__bogz1fl073164013q_dj_index__lag002,0.689655,0.027542,0.525638,0.38150407
d__wtregen_tga_fed__lag014,0.504702,0.435025,0.320865,0.38149934
d__totll_totll__lag082,0.667712,0.081073,0.490273,0.38149383
d__wtregen_tga__lag013,0.504702,0.439623,0.316205,0.38146791
d__dgs3mo_dgs3mo__lag078,0.557994,0.365712,0.317877,0.38143878
d__dgs3mo_dgs3mo__lag075,0.557994,0.364743,0.318723,0.38136977
d__totll_totll__lag081,0.667712,0.080928,0.490144,0.38131131
d__dgs3mo_dgs3mo__lag077,0.557994,0.366134,0.317206,0.38129949
d__totll_totll__lag090,0.664577,0.083117,0.49054,0.38123924
d__totll_totll__lag080,0.667712,0.080617,0.490253,0.38117605
d__wtregen_tga__lag015,0.504702,0.43698,0.318217,0.38114974
d__totll_totll__lag077,0.667712,0.080331,0.49046,0.38112376
d__dexszus_dexszus__lag047,0.69279,0.15379,0.396275,0.38107911
d__totll_totll__lag089,0.664577,0.08298,0.49041,0.38106165
d__wtregen_tga__lag028,0.504702,0.427367,0.32762,0.38104368
d__dexszus_dexszus__lag043,0.69279,0.152203,0.397791,0.38103008
d__dgs3mo_dgs3mo__lag082,0.557994,0.364554,0.318114,0.38092436
d__dgs3mo_dgs3mo__lag076,0.557994,0.36383,0.318661,0.38082518
d__dexszus_dexszus__lag051,0.69279,0.155751,0.393935,0.38081668
d__totll_totll__lag079,0.667712,0.080052,0.490244,0.38079298
d__totll_totll__lag076,0.667712,0.079682,0.490551,0.38075089
d__wtregen_tga__lag021,0.504702,0.437416,0.316958,0.38073443
d__wtregen_tga__lag014,0.504702,0.436763,0.317557,0.38070678
d__wtregen_tga__lag056,0.504702,0.409623,0.344684,0.38070062
d__totll_totll__lag075,0.667712,0.079533,0.490548,0.3806502
d__totll_totll__lag078,0.667712,0.079856,0.490209,0.38063924
d__dexszus_dexszus__lag042,0.69279,0.15259,0.396781,0.38059823
d__totll_totll__lag074,0.667712,0.079311,0.490571,0.38051657
d__wtregen_tga__lag055,0.504702,0.408827,0.345031,0.38047379
d__dexszus_dexszus__lag033,0.69279,0.155848,0.393172,0.38035559
d__dgs3mo_dgs3mo__lag081,0.557994,0.363976,0.31765,0.38034318
q__bogz1fr553061103q_closed_end_funds_ts_reval__lag003,0.987461,0.196224,0.188929,0.38032401
d__dgs3mo_dgs3mo__lag068,0.557994,0.364336,0.31725,0.3803208
d__dgs3mo_dgs3mo__lag066,0.557994,0.364432,0.31715,0.3803185
d__dgs3mo_dgs3mo__lag079,0.557994,0.363674,0.317832,0.38027626
q__bogz1fl743061103q_usb_tsy_dom__lag003,1.0,0.044737,0.335492,0.38022919
d__dexszus_dexszus__lag034,0.69279,0.156334,0.392471,0.38020635
d__dgs3mo_dgs3mo__lag080,0.557994,0.363998,0.31737,0.38019925
d__totll_totll__lag073,0.667712,0.078849,0.49052,0.38017411
d__totll_totll__lag072,0.667712,0.078601,0.490642,0.38009013
d__dgs3mo_dgs3mo__lag067,0.557994,0.36391,0.317157,0.38003133
d__totll_totll__lag070,0.667712,0.078284,0.490821,0.37999776
q__bogz1fr573061133q_private_dc_pension_ts_reval__lag008,0.971787,0.204886,0.186142,0.37999546
q__b092rc1q027sbea_gov_int_priv__lag001,0.827586,0.082659,0.376444,0.37994787
q__bogz1fr343061113q_fed_gov_dcf_retirement_ts_reval__lag008,0.971787,0.204213,0.186765,0.37994732
d__dgs3mo_dgs3mo__lag070,0.557994,0.363702,0.317149,0.3799106
d__totll_totll__lag069,0.667712,0.078022,0.490833,0.37983067
d__totll_totll__lag071,0.667712,0.078075,0.490698,0.37977618
d__dgs3mo_dgs3mo__lag069,0.557994,0.363621,0.316926,0.37974061
d__totll_totll__lag068,0.667712,0.077823,0.490861,0.37971648
d__dgs3mo_dgs3mo__lag083,0.557994,0.363508,0.316962,0.37969848
d__dexszus_dexszus__lag032,0.69279,0.155064,0.392796,0.37955185
d__totll_totll__lag067,0.667712,0.077599,0.490798,0.37952553
q__bogz1lm903061103q_instrument_discrepancies_ts__lag005,0.99373,0.196368,0.185519,0.37949179
d__dexszus_dexszus__lag041,0.69279,0.150365,0.397354,0.37945437
q__bogz1fr573061143q_private_db_pension_ts_reval__lag008,0.971787,0.210665,0.179732,0.37938216
d__dgs3mo_dgs3mo__lag084,0.557994,0.362053,0.31784,0.37937576
d__totll_totll__lag066,0.667712,0.077179,0.490743,0.37920774
d__totll_totll__lag049,0.667712,0.076554,0.491347,0.37919392
d__totll_totll__lag050,0.667712,0.076669,0.491154,0.37914169
d__dgs3mo_dgs3mo__lag085,0.557994,0.361534,0.317923,0.37913263
d__totll_totll__lag063,0.667712,0.077128,0.490621,0.37909251
d__totll_totll__lag048,0.667712,0.076335,0.491396,0.37908082
d__totll_totll__lag064,0.667712,0.076691,0.491005,0.3790571
d__totll_totll__lag062,0.667712,0.077077,0.490543,0.37900689
d__totll_totll__lag054,0.667712,0.076553,0.490965,0.37893817
d__totll_totll__lag047,0.667712,0.076125,0.491393,0.37893792
d__totll_totll__lag055,0.667712,0.076593,0.490912,0.37892951
d__totll_totll__lag053,0.667712,0.076571,0.490885,0.37889706
d__totll_totll__lag065,0.667712,0.076552,0.490852,0.37886235
d__dexszus_dexszus__lag037,0.69279,0.153968,0.392882,0.37885234
q__rowmslq027s_row_muni_flow__lag008,0.971787,0.186249,0.203601,0.37885126
d__totll_totll__lag046,0.667712,0.07594,0.491442,0.37884721
q__bogz1fr713061103q_cb_tsy_reval__lag003,0.987461,0.236973,0.146668,0.37883044
d__dexszus_dexszus__lag036,0.69279,0.153802,0.392998,0.37881762
d__totll_totll__lag061,0.667712,0.076907,0.490427,0.37881551
d__totll_totll__lag056,0.667712,0.076389,0.490941,0.37881292
d__totll_totll__lag051,0.667712,0.076273,0.491032,0.378796
d__totll_totll__lag057,0.667712,0.076333,0.490838,0.37870686
d__totll_totll__lag045,0.667712,0.075693,0.491427,0.37867276
d__totll_totll__lag052,0.667712,0.076189,0.490893,0.37864703
d__totll_totll__lag060,0.667712,0.076718,0.490316,0.37861524
d__totll_totll__lag059,0.667712,0.076586,0.490394,0.3785791
m__dpsfrim027sbog_row_deposits__lag005,0.664577,0.09737,0.472171,0.37850361
q__bogz1fl702150005q_usb_ffrepo__lag004,0.996865,0.033784,0.345909,0.37850242
d__totll_totll__lag058,0.667712,0.076239,0.49057,0.3784648
d__wtregen_tga_fed__lag012,0.504702,0.430543,0.319332,0.37846348
d__dgs3mo_dgs3mo__lag088,0.557994,0.36023,0.317961,0.37842651
d__dgs3mo_dgs3mo__lag087,0.557994,0.359427,0.318296,0.37816484
d__dexszus_dexszus__lag052,0.69279,0.151643,0.394196,0.37815114
d__totll_totll__lag043,0.667712,0.074459,0.491754,0.37806665
q__bogz1fa713061113q_cb_bills_tx__lag001,0.99373,0.144838,0.235596,0.37804831
d__totll_totll__lag042,0.667712,0.074246,0.491927,0.37804018
d__totll_totll__lag044,0.667712,0.074666,0.491478,0.37802067
m__awotman_awotman__lag002,0.880878,0.132662,0.296299,0.37786212
q__bogz1fr223061143q_state_local_db_retirement_ts_reval__lag007,0.974922,0.225823,0.161756,0.37785952
q__bogz1lm733061103q_holding_companies_ts__lag001,1.0,0.02502,0.352783,0.37780246
d__totll_totll__lag041,0.667712,0.073833,0.491939,0.37777253
d__dexszus_dexszus__lag040,0.69279,0.150185,0.395031,0.37772043
d__totll_totll__lag040,0.667712,0.073645,0.491991,0.37768187
d__wtregen_tga__lag012,0.504702,0.432244,0.316001,0.3776409
q__bogz1fr573061143q_private_db_pension_ts_reval__lag007,0.974922,0.213332,0.174023,0.37764063
d__dgs3mo_dgs3mo__lag086,0.557994,0.358943,0.31784,0.37764056
d__dexszus_dexszus__lag038,0.69279,0.151599,0.393289,0.37749305
d__dgs3mo_dgs3mo__lag090,0.557994,0.358903,0.317592,0.37748004
d__totll_totll__lag039,0.667712,0.07333,0.491927,0.37742895
d__dexszus_dexszus__lag039,0.69279,0.149874,0.394888,0.37740522
q__rownblq027s_row_nonfinbusinessloans_flow__lag001,0.99373,0.030418,0.349354,0.37739025
d__totll_totll__lag038,0.667712,0.073137,0.491985,0.37733889
d__totll_totll__lag034,0.667712,0.072531,0.492446,0.37724177
d__totll_totll__lag035,0.667712,0.072478,0.49241,0.37718212
d__dgs3mo_dgs3mo__lag089,0.557994,0.358908,0.317017,0.37716177
d__totll_totll__lag033,0.667712,0.072382,0.492419,0.37712424
d__clsacbw027sbog_cons_loans__lag088,0.667712,0.081371,0.483417,0.37711571
m__mtsr133fms_fedgov_rcpt__lag002,0.570533,0.138483,0.5224,0.37705555
d__totll_totll__lag032,0.667712,0.072314,0.492362,0.37704115
d__totll_totll__lag037,0.667712,0.072432,0.492121,0.37695845
d__totll_totll__lag036,0.667712,0.072339,0.492212,0.37695758
q__bogz1fr513061105q_pc_insurance_ts_reval__lag004,0.984326,0.235126,0.147826,0.37694962
d__totll_totll__lag031,0.667712,0.072054,0.492413,0.37690111
d__clsacbw027sbog_cons_loans__lag084,0.667712,0.080583,0.483824,0.37686099
d__totll_totll__lag021,0.667712,0.071205,0.493201,0.37686042
d__clsacbw027sbog_cons_loans__lag021,0.667712,0.076604,0.48769,0.37678537
d__clsacbw027sbog_cons_loans__lag043,0.667712,0.077256,0.486999,0.37675962
d__clsacbw027sbog_cons_loans__lag083,0.667712,0.080387,0.483866,0.37675815
d__totll_totll__lag020,0.667712,0.071009,0.493224,0.37674439
d__clsacbw027sbog_cons_loans__lag085,0.667712,0.080513,0.483717,0.3767427
m__awhman_awhman__lag004,1.0,0.012305,0.364437,0.37674224
d__clsacbw027sbog_cons_loans__lag049,0.667712,0.077708,0.486506,0.37673221
d__clsacbw027sbog_cons_loans__lag087,0.667712,0.080967,0.483221,0.37671451
d__totll_totll__lag019,0.667712,0.070935,0.493236,0.3767037
d__clsacbw027sbog_cons_loans__lag048,0.667712,0.077621,0.486542,0.37669765
d__clsacbw027sbog_cons_loans__lag082,0.667712,0.080293,0.483821,0.3766654
d__clsacbw027sbog_cons_loans__lag057,0.667712,0.078405,0.485664,0.37663532
d__totll_totll__lag018,0.667712,0.071023,0.493034,0.37662745
d__totll_totll__lag030,0.667712,0.071386,0.492634,0.37660266
d__clsacbw027sbog_cons_loans__lag050,0.667712,0.07793,0.486089,0.37660181
d__clsacbw027sbog_cons_loans__lag020,0.667712,0.076324,0.487677,0.37659016
d__clsacbw027sbog_cons_loans__lag047,0.667712,0.077499,0.486487,0.37658033
d__clsacbw027sbog_cons_loans__lag077,0.667712,0.079908,0.484048,0.37656009
d__clsacbw027sbog_cons_loans__lag042,0.667712,0.077296,0.486647,0.37655096
d__clsacbw027sbog_cons_loans__lag056,0.667712,0.078043,0.485863,0.37652719
d__clsacbw027sbog_cons_loans__lag046,0.667712,0.077288,0.486597,0.37651247
d__clsacbw027sbog_cons_loans__lag081,0.667712,0.080197,0.48366,0.37649412
d__clsacbw027sbog_cons_loans__lag086,0.667712,0.080183,0.483642,0.37647306
q__bogz1fl313161110q_totalbills_z1__lag008,0.984326,0.031167,0.35129,0.37646211
d__clsacbw027sbog_cons_loans__lag079,0.667712,0.080049,0.483731,0.37644274
d__clsacbw027sbog_cons_loans__lag006,0.667712,0.074807,0.48896,0.37643355
d__clsacbw027sbog_cons_loans__lag041,0.667712,0.077089,0.486678,0.37643344
d__totll_totll__lag029,0.667712,0.071025,0.492731,0.37642696
d__clsacbw027sbog_cons_loans__lag019,0.667712,0.076167,0.487589,0.37642639
d__clsacbw027sbog_cons_loans__lag005,0.667712,0.074833,0.488903,0.37641307
d__clsacbw027sbog_cons_loans__lag007,0.667712,0.074784,0.488927,0.37639636
d__clsacbw027sbog_cons_loans__lag080,0.667712,0.080055,0.483652,0.37639389
d__clsacbw027sbog_cons_loans__lag076,0.667712,0.079596,0.484108,0.37639165
d__clsacbw027sbog_cons_loans__lag004,0.667712,0.074823,0.488853,0.37637279
d__totll_totll__lag027,0.667712,0.070765,0.492901,0.37636624
d__totll_totll__lag024,0.667712,0.071045,0.492616,0.376363
d__totll_totll__lag022,0.667712,0.070854,0.492779,0.37634436
d__totll_totll__lag026,0.667712,0.070721,0.492905,0.37633978
d__clsacbw027sbog_cons_loans__lag015,0.667712,0.075851,0.487772,0.37633795
d__clsacbw027sbog_cons_loans__lag022,0.667712,0.076262,0.487327,0.37631475
d__clsacbw027sbog_cons_loans__lag003,0.667712,0.07455,0.489038,0.37631401
d__totll_totll__lag028,0.667712,0.0707,0.492875,0.37630531
d__clsacbw027sbog_cons_loans__lag055,0.667712,0.077699,0.485863,0.37629668
d__clsacbw027sbog_cons_loans__lag040,0.667712,0.076947,0.486609,0.3762931
d__clsacbw027sbog_cons_loans__lag002,0.667712,0.074239,0.489312,0.37628938
d__clsacbw027sbog_cons_loans__lag036,0.667712,0.076885,0.486661,0.37628626
d__clsacbw027sbog_cons_loans__lag018,0.667712,0.075995,0.487476,0.37623614
d__relacbw027sbog_relacbw027sbog__lag084,0.667712,0.085729,0.477709,0.37621402
d__relacbw027sbog_re_loans__lag084,0.667712,0.085729,0.477709,0.37621402
d__relacbw027sbog_real_estate_loan__lag084,0.667712,0.085729,0.477709,0.37621402
d__clsacbw027sbog_cons_loans__lag039,0.667712,0.076952,0.486426,0.37617381
m__dpsfrim027sbog_row_deposits__lag009,0.661442,0.108327,0.460373,0.37616165
d__clsacbw027sbog_cons_loans__lag045,0.667712,0.07678,0.486576,0.37615951
d__clsacbw027sbog_cons_loans__lag078,0.667712,0.079709,0.483646,0.37615852
d__clsacbw027sbog_cons_loans__lag054,0.667712,0.077472,0.485877,0.37615508
d__clsacbw027sbog_cons_loans__lag014,0.667712,0.075566,0.487771,0.37614688
d__clsacbw027sbog_cons_loans__lag044,0.667712,0.076373,0.486891,0.37609806
d__totll_totll__lag023,0.667712,0.070542,0.492709,0.37608965
d__clsacbw027sbog_cons_loans__lag012,0.667712,0.075238,0.487994,0.37607631
d__relacbw027sbog_relacbw027sbog__lag083,0.667712,0.085531,0.477698,0.3760742
d__relacbw027sbog_re_loans__lag083,0.667712,0.085531,0.477698,0.3760742
d__relacbw027sbog_real_estate_loan__lag083,0.667712,0.085531,0.477698,0.3760742
d__clsacbw027sbog_cons_loans__lag053,0.667712,0.077366,0.485847,0.37606355
d__relacbw027sbog_relacbw027sbog__lag085,0.667712,0.08553,0.477682,0.37606302
d__relacbw027sbog_re_loans__lag085,0.667712,0.08553,0.477682,0.37606302
d__relacbw027sbog_real_estate_loan__lag085,0.667712,0.08553,0.477682,0.37606302
d__clsacbw027sbog_cons_loans__lag013,0.667712,0.075308,0.487886,0.37605102
d__clsacbw027sbog_cons_loans__lag075,0.667712,0.079239,0.483943,0.37604331
d__clsacbw027sbog_cons_loans__lag038,0.667712,0.076733,0.486448,0.37604294
d__totll_totll__lag025,0.667712,0.070667,0.492464,0.37600901
d__totll_totll__lag017,0.667712,0.070171,0.492957,0.376007
d__clsacbw027sbog_cons_loans__lag017,0.667712,0.075636,0.487463,0.37598758
d__clsacbw027sbog_cons_loans__lag037,0.667712,0.076513,0.486586,0.3759875
d__relacbw027sbog_relacbw027sbog__lag082,0.667712,0.085478,0.477607,0.37597888
d__relacbw027sbog_re_loans__lag082,0.667712,0.085478,0.477607,0.37597888
d__relacbw027sbog_real_estate_loan__lag082,0.667712,0.085478,0.477607,0.37597888
d__clsacbw027sbog_cons_loans__lag023,0.667712,0.075775,0.487269,0.37595108
d__clsacbw027sbog_cons_loans__lag074,0.667712,0.078985,0.484057,0.37594934
d__clsacbw027sbog_cons_loans__lag016,0.667712,0.075466,0.487575,0.37594891
d__clsacbw027sbog_cons_loans__lag051,0.667712,0.077098,0.485926,0.37593797
d__clsacbw027sbog_cons_loans__lag058,0.667712,0.07793,0.485088,0.37593354
d__clsacbw027sbog_cons_loans__lag062,0.667712,0.077722,0.48527,0.37591611
d__clsacbw027sbog_cons_loans__lag011,0.667712,0.074968,0.488015,0.37591021
d__clsacbw027sbog_cons_loans__lag052,0.667712,0.077161,0.48582,0.37590937
d__totll_totll__lag016,0.667712,0.069863,0.493099,0.37589655
q__bogz1fa713061113q_cb_bills_tx__lag008,0.971787,0.062732,0.324077,0.37589603
d__clsacbw027sbog_cons_loans__lag034,0.667712,0.076462,0.486461,0.37587026
d__clsacbw027sbog_cons_loans__lag010,0.667712,0.074783,0.488082,0.37583189
d__clsacbw027sbog_cons_loans__lag070,0.667712,0.078207,0.484642,0.37582028
d__clsacbw027sbog_cons_loans__lag063,0.667712,0.077635,0.485194,0.37580778
d__clsacbw027sbog_cons_loans__lag071,0.667712,0.078447,0.484364,0.37579528
d__relacbw027sbog_relacbw027sbog__lag081,0.667712,0.085221,0.477585,0.37579229
d__relacbw027sbog_re_loans__lag081,0.667712,0.085221,0.477585,0.37579229
d__relacbw027sbog_real_estate_loan__lag081,0.667712,0.085221,0.477585,0.37579229
d__clsacbw027sbog_cons_loans__lag026,0.667712,0.075726,0.487077,0.37578997
d__clsacbw027sbog_cons_loans__lag059,0.667712,0.077781,0.485009,0.37578124
d__clsacbw027sbog_cons_loans__lag035,0.667712,0.076381,0.486395,0.37577244
d__clsacbw027sbog_cons_loans__lag008,0.667712,0.074312,0.48846,0.37576933
d__clsacbw027sbog_cons_loans__lag090,0.664577,0.081768,0.48364,0.37575672
d__clsacbw027sbog_cons_loans__lag069,0.667712,0.078082,0.484664,0.37575221
d__clsacbw027sbog_cons_loans__lag064,0.667712,0.077819,0.484925,0.37575035
d__clsacbw027sbog_cons_loans__lag025,0.667712,0.075683,0.487057,0.37574805
d__clsacbw027sbog_cons_loans__lag061,0.667712,0.077551,0.485167,0.37573335
d__clsacbw027sbog_cons_loans__lag009,0.667712,0.074317,0.488393,0.37572828
d__clsacbw027sbog_cons_loans__lag068,0.667712,0.078018,0.484677,0.37571803
m__totresns_res__lag012,0.833856,0.018118,0.432453,0.37571087
d__clsacbw027sbog_cons_loans__lag060,0.667712,0.077656,0.485021,0.37570612
d__clsacbw027sbog_cons_loans__lag027,0.667712,0.075616,0.48703,0.37568532
d__clsacbw027sbog_cons_loans__lag089,0.664577,0.081525,0.483721,0.3756499
d__clsacbw027sbog_cons_loans__lag067,0.667712,0.077965,0.484626,0.37564864
d__clsacbw027sbog_cons_loans__lag024,0.667712,0.075607,0.486954,0.37562815
d__relacbw027sbog_relacbw027sbog__lag087,0.667712,0.084914,0.477639,0.37562295
d__relacbw027sbog_re_loans__lag087,0.667712,0.084914,0.477639,0.37562295
d__relacbw027sbog_real_estate_loan__lag087,0.667712,0.084914,0.477639,0.37562295
d__clsacbw027sbog_cons_loans__lag072,0.667712,0.07821,0.484327,0.37561252
d__relacbw027sbog_relacbw027sbog__lag088,0.667712,0.084918,0.477611,0.37560738
d__relacbw027sbog_re_loans__lag088,0.667712,0.084918,0.477611,0.37560738
d__relacbw027sbog_real_estate_loan__lag088,0.667712,0.084918,0.477611,0.37560738
m__dpsfrim027sbog_row_deposits__lag008,0.661442,0.101469,0.466386,0.37560274
q__bogz1fr733061103q_holding_companies_ts_reval__lag005,0.981191,0.204166,0.178608,0.37557462
d__relacbw027sbog_relacbw027sbog__lag086,0.667712,0.084814,0.477628,0.37554896
d__relacbw027sbog_re_loans__lag086,0.667712,0.084814,0.477628,0.37554896
d__relacbw027sbog_real_estate_loan__lag086,0.667712,0.084814,0.477628,0.37554896
d__clsacbw027sbog_cons_loans__lag028,0.667712,0.075333,0.487094,0.37553952
d__clsacbw027sbog_cons_loans__lag033,0.667712,0.076008,0.486367,0.37550448
d__clsacbw027sbog_cons_loans__lag073,0.667712,0.07822,0.483999,0.37540011
d__clsacbw027sbog_cons_loans__lag066,0.667712,0.077459,0.484688,0.37535192
d__clsacbw027sbog_cons_loans__lag065,0.667712,0.077314,0.484808,0.37533568
d__relacbw027sbog_relacbw027sbog__lag080,0.667712,0.084338,0.477737,0.37530413
d__relacbw027sbog_re_loans__lag080,0.667712,0.084338,0.477737,0.37530413
d__relacbw027sbog_real_estate_loan__lag080,0.667712,0.084338,0.477737,0.37530413
d__totll_totll__lag014,0.667712,0.068492,0.493577,0.37529991
d__clsacbw027sbog_cons_loans__lag032,0.667712,0.075967,0.486095,0.37529581
d__totll_totll__lag015,0.667712,0.068815,0.493224,0.37527944
q__bogz1fl673061103q_abs_issuers_ts__lag006,0.990596,0.208049,0.170746,0.37523247
d__totll_totll__lag013,0.667712,0.068276,0.4935,0.37510426
d__clsacbw027sbog_cons_loans__lag031,0.667712,0.075458,0.486228,0.37504399
d__clsacbw027sbog_cons_loans__lag029,0.667712,0.075075,0.486559,0.37500918
d__relacbw027sbog_relacbw027sbog__lag077,0.667712,0.083574,0.478038,0.37499423
d__relacbw027sbog_re_loans__lag077,0.667712,0.083574,0.478038,0.37499423
d__relacbw027sbog_real_estate_loan__lag077,0.667712,0.083574,0.478038,0.37499423
d__totll_totll__lag012,0.667712,0.068061,0.493489,0.37495329
q__bogz1fa563061103q_etfs_ts_tx__lag002,0.990596,0.109822,0.268668,0.37493096
d__totll_totll__lag010,0.667712,0.067454,0.49398,0.37487582
q__bopbca_bopbca__lag007,0.808777,0.092397,0.371107,0.37487225
d__clsacbw027sbog_cons_loans__lag030,0.667712,0.074965,0.486329,0.37478235
m__awhman_awhman__lag011,1.0,0.095229,0.279536,0.37476447
d__relacbw027sbog_relacbw027sbog__lag078,0.667712,0.08338,0.477811,0.37471368
d__relacbw027sbog_re_loans__lag078,0.667712,0.08338,0.477811,0.37471368
d__relacbw027sbog_real_estate_loan__lag078,0.667712,0.08338,0.477811,0.37471368
d__totll_totll__lag011,0.667712,0.067513,0.493667,0.37470681
d__totll_totll__lag007,0.667712,0.066842,0.494333,0.37470293
d__totll_totll__lag006,0.667712,0.066789,0.494342,0.37467329
d__relacbw027sbog_relacbw027sbog__lag079,0.667712,0.083382,0.477738,0.37466596
d__relacbw027sbog_re_loans__lag079,0.667712,0.083382,0.477738,0.37466596
d__relacbw027sbog_real_estate_loan__lag079,0.667712,0.083382,0.477738,0.37466596
d__totll_totll__lag002,0.667712,0.066221,0.494806,0.37460471
d__relacbw027sbog_relacbw027sbog__lag076,0.667712,0.082872,0.478095,0.3745645
d__relacbw027sbog_re_loans__lag076,0.667712,0.082872,0.478095,0.3745645
d__relacbw027sbog_real_estate_loan__lag076,0.667712,0.082872,0.478095,0.3745645
d__totll_totll__lag009,0.667712,0.066939,0.494011,0.37455297
d__totll_totll__lag008,0.667712,0.066752,0.494196,0.37455143
d__totll_totll__lag003,0.667712,0.066329,0.494611,0.3745461
d__totll_totll__lag005,0.667712,0.06655,0.494327,0.37450387
d__totll_totll__lag004,0.667712,0.066377,0.494432,0.37445889
m__awhman_awhman__lag002,1.0,0.022784,0.351593,0.3743766
d__relacbw027sbog_relacbw027sbog__lag090,0.664577,0.08507,0.478162,0.37431139
d__relacbw027sbog_re_loans__lag090,0.664577,0.08507,0.478162,0.37431139
d__relacbw027sbog_real_estate_loan__lag090,0.664577,0.08507,0.478162,0.37431139
d__relacbw027sbog_relacbw027sbog__lag075,0.667712,0.082438,0.478125,0.37429392
d__relacbw027sbog_re_loans__lag075,0.667712,0.082438,0.478125,0.37429392
d__relacbw027sbog_real_estate_loan__lag075,0.667712,0.082438,0.478125,0.37429392
m__mtso133fms_fedgov_out__lag008,0.564263,0.151904,0.511082,0.37409839
d__relacbw027sbog_relacbw027sbog__lag074,0.667712,0.082091,0.478119,0.37405929
d__relacbw027sbog_re_loans__lag074,0.667712,0.082091,0.478119,0.37405929
d__relacbw027sbog_real_estate_loan__lag074,0.667712,0.082091,0.478119,0.37405929
q__bogz1fl763123005q_tga_usb__lag004,0.996865,0.086994,0.288145,0.37396318
q__bogz1fl743061103q_usb_tsy_dom__lag007,0.987461,0.046866,0.331739,0.37385693
d__relacbw027sbog_relacbw027sbog__lag089,0.664577,0.08481,0.477708,0.37383669
d__relacbw027sbog_re_loans__lag089,0.664577,0.08481,0.477708,0.37383669
d__relacbw027sbog_real_estate_loan__lag089,0.664577,0.08481,0.477708,0.37383669
m__dpsfrim027sbog_row_deposits__lag012,0.658307,0.114027,0.453819,0.37381702
q__b092rc1q027sbea_gov_int_priv__lag002,0.824451,0.068072,0.385333,0.37381
m__hqmcb10yrp_hqm10y__lag010,0.520376,0.244247,0.474075,0.37379726
q__bogz1fr343061105q_fed_gov_retirement_ts_reval__lag008,0.971787,0.207352,0.177243,0.37374363
q__bogz1fr263061145q_row_priv_tsy_reval__lag002,0.990596,0.145513,0.23163,0.37359679
d__totll_totll__lag001,0.667712,0.065594,0.493774,0.37349652
d__relacbw027sbog_relacbw027sbog__lag073,0.667712,0.081326,0.478033,0.37349033
d__relacbw027sbog_re_loans__lag073,0.667712,0.081326,0.478033,0.37349033
d__relacbw027sbog_real_estate_loan__lag073,0.667712,0.081326,0.478033,0.37349033
d__relacbw027sbog_relacbw027sbog__lag072,0.667712,0.080929,0.478292,0.37339866
d__relacbw027sbog_re_loans__lag072,0.667712,0.080929,0.478292,0.37339866
d__relacbw027sbog_real_estate_loan__lag072,0.667712,0.080929,0.478292,0.37339866
m__mtso133fms_fedgov_out__lag007,0.564263,0.22261,0.439097,0.37337719
q__bogz1fa673061103q_abs_issuers_ts_tx__lag005,0.981191,0.073903,0.306605,0.37335112
q__bogz1lm103061103q_nfcb_tsy__lag001,1.0,0.048671,0.324598,0.3732697
q__bogz1fl763061100q_usb_tsy_oth__lag005,0.99373,0.065184,0.310402,0.37323151
q__bogz1fr563061103q_etfs_ts_reval__lag007,0.974922,0.24622,0.136525,0.3731463
d__relacbw027sbog_relacbw027sbog__lag070,0.667712,0.080139,0.478452,0.37297781
d__relacbw027sbog_re_loans__lag070,0.667712,0.080139,0.478452,0.37297781
d__relacbw027sbog_real_estate_loan__lag070,0.667712,0.080139,0.478452,0.37297781
d__wtregen_tga_fed__lag011,0.504702,0.425201,0.313535,0.37284181
d__relacbw027sbog_relacbw027sbog__lag069,0.667712,0.079807,0.478506,0.37279162
d__relacbw027sbog_re_loans__lag069,0.667712,0.079807,0.478506,0.37279162
d__relacbw027sbog_real_estate_loan__lag069,0.667712,0.079807,0.478506,0.37279162
q__fbtsatq027s_dom_fin_sector_tsy_tx__lag008,0.971787,0.120677,0.262924,0.37277848
d__relacbw027sbog_relacbw027sbog__lag071,0.667712,0.079962,0.478247,0.37272244
d__relacbw027sbog_re_loans__lag071,0.667712,0.079962,0.478247,0.37272244
d__relacbw027sbog_real_estate_loan__lag071,0.667712,0.079962,0.478247,0.37272244
d__relacbw027sbog_relacbw027sbog__lag068,0.667712,0.079542,0.478549,0.37264373
d__relacbw027sbog_re_loans__lag068,0.667712,0.079542,0.478549,0.37264373
d__relacbw027sbog_real_estate_loan__lag068,0.667712,0.079542,0.478549,0.37264373
q__bogz1fl712151003q_fed_repo__lag006,0.990596,0.152976,0.223061,0.37250057
q__bogz1fa403061105q_gses_ts_tx__lag001,0.99373,0.163233,0.211541,0.37242375
d__relacbw027sbog_relacbw027sbog__lag067,0.667712,0.079146,0.47853,0.37236688
d__relacbw027sbog_re_loans__lag067,0.667712,0.079146,0.47853,0.37236688
d__relacbw027sbog_real_estate_loan__lag067,0.667712,0.079146,0.47853,0.37236688
d__relacbw027sbog_relacbw027sbog__lag066,0.667712,0.078791,0.478447,0.37207466
d__relacbw027sbog_re_loans__lag066,0.667712,0.078791,0.478447,0.37207466
d__relacbw027sbog_real_estate_loan__lag066,0.667712,0.078791,0.478447,0.37207466
d__wtregen_tga__lag011,0.504702,0.426861,0.310152,0.37197224
d__relacbw027sbog_relacbw027sbog__lag064,0.667712,0.078056,0.478782,0.37180696
d__relacbw027sbog_re_loans__lag064,0.667712,0.078056,0.478782,0.37180696
d__relacbw027sbog_real_estate_loan__lag064,0.667712,0.078056,0.478782,0.37180696
m__mtsds133fms_fed_surplus_deficit__lag003,0.570533,0.509557,0.142117,0.37180188
d__relacbw027sbog_relacbw027sbog__lag065,0.667712,0.078134,0.478667,0.37178263
d__relacbw027sbog_re_loans__lag065,0.667712,0.078134,0.478667,0.37178263
d__relacbw027sbog_real_estate_loan__lag065,0.667712,0.078134,0.478667,0.37178263
d__relacbw027sbog_relacbw027sbog__lag049,0.667712,0.078393,0.478406,0.3717811
d__relacbw027sbog_re_loans__lag049,0.667712,0.078393,0.478406,0.3717811
d__relacbw027sbog_real_estate_loan__lag049,0.667712,0.078393,0.478406,0.3717811
d__relacbw027sbog_relacbw027sbog__lag048,0.667712,0.078257,0.478534,0.37177601
d__relacbw027sbog_re_loans__lag048,0.667712,0.078257,0.478534,0.37177601
d__relacbw027sbog_real_estate_loan__lag048,0.667712,0.078257,0.478534,0.37177601
d__relacbw027sbog_relacbw027sbog__lag050,0.667712,0.078548,0.478217,0.37175891
d__relacbw027sbog_re_loans__lag050,0.667712,0.078548,0.478217,0.37175891
d__relacbw027sbog_real_estate_loan__lag050,0.667712,0.078548,0.478217,0.37175891
q__bogz1lm473061105q_credit_unions_ts__lag006,0.990596,0.017317,0.35792,0.37170733
q__bogz1lm473061105q_credit_unions_ts_tx__lag006,0.990596,0.017317,0.35792,0.37170733
d__relacbw027sbog_relacbw027sbog__lag053,0.667712,0.078777,0.477884,0.37168919
d__relacbw027sbog_re_loans__lag053,0.667712,0.078777,0.477884,0.37168919
d__relacbw027sbog_real_estate_loan__lag053,0.667712,0.078777,0.477884,0.37168919
d__relacbw027sbog_relacbw027sbog__lag063,0.667712,0.078717,0.47793,0.37167963
d__relacbw027sbog_re_loans__lag063,0.667712,0.078717,0.47793,0.37167963
d__relacbw027sbog_real_estate_loan__lag063,0.667712,0.078717,0.47793,0.37167963
d__relacbw027sbog_relacbw027sbog__lag055,0.667712,0.078634,0.477984,0.37166045
d__relacbw027sbog_re_loans__lag055,0.667712,0.078634,0.477984,0.37166045
d__relacbw027sbog_real_estate_loan__lag055,0.667712,0.078634,0.477984,0.37166045
d__relacbw027sbog_relacbw027sbog__lag054,0.667712,0.078646,0.477966,0.37165641
d__relacbw027sbog_re_loans__lag054,0.667712,0.078646,0.477966,0.37165641
d__relacbw027sbog_real_estate_loan__lag054,0.667712,0.078646,0.477966,0.37165641
d__relacbw027sbog_relacbw027sbog__lag047,0.667712,0.078082,0.47849,0.37162987
d__relacbw027sbog_re_loans__lag047,0.667712,0.078082,0.47849,0.37162987
d__relacbw027sbog_real_estate_loan__lag047,0.667712,0.078082,0.47849,0.37162987
d__relacbw027sbog_relacbw027sbog__lag062,0.667712,0.078635,0.477866,0.37158203
d__relacbw027sbog_re_loans__lag062,0.667712,0.078635,0.477866,0.37158203
d__relacbw027sbog_real_estate_loan__lag062,0.667712,0.078635,0.477866,0.37158203
d__relacbw027sbog_relacbw027sbog__lag061,0.667712,0.078613,0.477813,0.37153195
d__relacbw027sbog_re_loans__lag061,0.667712,0.078613,0.477813,0.37153195
d__relacbw027sbog_real_estate_loan__lag061,0.667712,0.078613,0.477813,0.37153195
d__relacbw027sbog_relacbw027sbog__lag046,0.667712,0.077902,0.478472,0.37149689
d__relacbw027sbog_re_loans__lag046,0.667712,0.077902,0.478472,0.37149689
d__relacbw027sbog_real_estate_loan__lag046,0.667712,0.077902,0.478472,0.37149689
d__relacbw027sbog_relacbw027sbog__lag056,0.667712,0.078279,0.478085,0.37149078
d__relacbw027sbog_re_loans__lag056,0.667712,0.078279,0.478085,0.37149078
d__relacbw027sbog_real_estate_loan__lag056,0.667712,0.078279,0.478085,0.37149078
q__bogz1lm473061105q_credit_unions_ts__lag005,0.99373,0.029651,0.344102,0.37141054
q__bogz1lm473061105q_credit_unions_ts_tx__lag005,0.99373,0.029651,0.344102,0.37141054
d__relacbw027sbog_relacbw027sbog__lag058,0.667712,0.078321,0.477904,0.37139749
d__relacbw027sbog_re_loans__lag058,0.667712,0.078321,0.477904,0.37139749
d__relacbw027sbog_real_estate_loan__lag058,0.667712,0.078321,0.477904,0.37139749
d__relacbw027sbog_relacbw027sbog__lag057,0.667712,0.078186,0.477972,0.37135294
d__relacbw027sbog_re_loans__lag057,0.667712,0.078186,0.477972,0.37135294
d__relacbw027sbog_real_estate_loan__lag057,0.667712,0.078186,0.477972,0.37135294
d__relacbw027sbog_relacbw027sbog__lag051,0.667712,0.077893,0.478187,0.37130099
d__relacbw027sbog_re_loans__lag051,0.667712,0.077893,0.478187,0.37130099
d__relacbw027sbog_real_estate_loan__lag051,0.667712,0.077893,0.478187,0.37130099
q__bogz1fl763061100q_usb_tsy_oth__lag006,0.990596,0.075879,0.298904,0.37125805
q__bogz1fr153061105q_hhnp_tsy_reval__lag007,0.974922,0.214366,0.166411,0.37122757
d__relacbw027sbog_relacbw027sbog__lag060,0.667712,0.078318,0.477574,0.37117591
d__relacbw027sbog_re_loans__lag060,0.667712,0.078318,0.477574,0.37117591
d__relacbw027sbog_real_estate_loan__lag060,0.667712,0.078318,0.477574,0.37117591
d__relacbw027sbog_relacbw027sbog__lag052,0.667712,0.077929,0.47796,0.37117354
d__relacbw027sbog_re_loans__lag052,0.667712,0.077929,0.47796,0.37117354
d__relacbw027sbog_real_estate_loan__lag052,0.667712,0.077929,0.47796,0.37117354
d__relacbw027sbog_relacbw027sbog__lag045,0.667712,0.077355,0.478443,0.37111267
d__relacbw027sbog_re_loans__lag045,0.667712,0.077355,0.478443,0.37111267
d__relacbw027sbog_real_estate_loan__lag045,0.667712,0.077355,0.478443,0.37111267
q__bogz1fa693061105q_nonmmf_ts_tx__lag005,0.981191,0.21877,0.159449,0.37110453
q__bogz1fa693061105q_nonmmmf_ts_tx__lag005,0.981191,0.21877,0.159449,0.37110453
d__relacbw027sbog_relacbw027sbog__lag059,0.667712,0.07816,0.477531,0.37104153
d__relacbw027sbog_re_loans__lag059,0.667712,0.07816,0.477531,0.37104153
d__relacbw027sbog_real_estate_loan__lag059,0.667712,0.07816,0.477531,0.37104153
m__dpsfrim027sbog_row_deposits__lag010,0.658307,0.10907,0.454448,0.37096757
q__bogz1fa513061113q_pci_bills_tx__lag006,0.978056,0.128198,0.250799,0.37068018
q__bogz1fr153061105q_hhnp_tsy_reval__lag005,0.981191,0.239465,0.138257,0.37061749
q__bogz1fr543061175q_life_insurance_ts_reval__lag006,0.978056,0.260173,0.118729,0.37058799
q__bogz1fl702150005q_usb_ffrepo__lag006,0.990596,0.024605,0.349351,0.37043952
d__wtregen_tga_fed__lag007,0.504702,0.421102,0.312773,0.37038855
d__relacbw027sbog_relacbw027sbog__lag044,0.667712,0.075961,0.47857,0.37026664
d__relacbw027sbog_re_loans__lag044,0.667712,0.075961,0.47857,0.37026664
d__relacbw027sbog_real_estate_loan__lag044,0.667712,0.075961,0.47857,0.37026664
d__relacbw027sbog_relacbw027sbog__lag042,0.667712,0.075128,0.479212,0.37013919
d__relacbw027sbog_re_loans__lag042,0.667712,0.075128,0.479212,0.37013919
d__relacbw027sbog_real_estate_loan__lag042,0.667712,0.075128,0.479212,0.37013919
d__clsacbw027sbog_cons_loans__lag001,0.667712,0.071064,0.483253,0.37012388
d__relacbw027sbog_relacbw027sbog__lag041,0.667712,0.074718,0.479189,0.36984955
d__relacbw027sbog_re_loans__lag041,0.667712,0.074718,0.479189,0.36984955
d__relacbw027sbog_real_estate_loan__lag041,0.667712,0.074718,0.479189,0.36984955
d__wtregen_tga_fed__lag009,0.504702,0.418136,0.314643,0.36983525
d__relacbw027sbog_relacbw027sbog__lag043,0.667712,0.07494,0.47885,0.36977217
d__relacbw027sbog_re_loans__lag043,0.667712,0.07494,0.47885,0.36977217
d__relacbw027sbog_real_estate_loan__lag043,0.667712,0.07494,0.47885,0.36977217
q__bogz1fa693061105q_nonmmf_ts_tx__lag004,0.984326,0.156503,0.219156,0.369771
q__bogz1fa693061105q_nonmmmf_ts_tx__lag004,0.984326,0.156503,0.219156,0.369771
d__relacbw027sbog_relacbw027sbog__lag040,0.667712,0.074346,0.479236,0.36963294
d__relacbw027sbog_re_loans__lag040,0.667712,0.074346,0.479236,0.36963294
d__relacbw027sbog_real_estate_loan__lag040,0.667712,0.074346,0.479236,0.36963294
d__wtregen_tga_fed__lag006,0.504702,0.420944,0.311316,0.36957347
d__wtregen_tga_fed__lag003,0.504702,0.412094,0.320108,0.36954384
d__wtregen_tga__lag007,0.504702,0.422675,0.309349,0.3694543
d__dexjpus_dexjpus__lag025,0.69279,0.312693,0.220512,0.36939899
d__wtregen_tga_fed__lag008,0.504702,0.418392,0.313197,0.36923496
d__relacbw027sbog_relacbw027sbog__lag039,0.667712,0.073614,0.479239,0.36914642
d__relacbw027sbog_re_loans__lag039,0.667712,0.073614,0.479239,0.36914642
d__relacbw027sbog_real_estate_loan__lag039,0.667712,0.073614,0.479239,0.36914642
d__wtregen_tga_fed__lag005,0.504702,0.418469,0.312796,0.36907103
d__wtregen_tga__lag009,0.504702,0.419713,0.311248,0.36891749
m__dpsfrim027sbog_row_deposits__lag011,0.658307,0.107817,0.452489,0.36885405
d__relacbw027sbog_relacbw027sbog__lag038,0.667712,0.072995,0.479183,0.36869526
d__relacbw027sbog_re_loans__lag038,0.667712,0.072995,0.479183,0.36869526
d__relacbw027sbog_real_estate_loan__lag038,0.667712,0.072995,0.479183,0.36869526
d__wtregen_tga__lag006,0.504702,0.422511,0.307883,0.36863139
d__wtregen_tga__lag003,0.504702,0.413631,0.316717,0.36860787
q__bogz1fr343061113q_fed_gov_dcf_retirement_ts_reval__lag007,0.974922,0.209288,0.168797,0.36860336
q__bogz1fr663061165q_brokers_dealers_long_ts_reval__lag008,0.971787,0.197288,0.181939,0.36852815
q__bogz1fl673061103q_abs_issuers_ts__lag005,0.99373,0.198905,0.171917,0.36849684
q__b092rc1q027sbea_gov_int_priv__lag006,0.811912,0.03484,0.418997,0.36847557
m__ltdacbm027nbog_ltd__lag008,0.661442,0.115776,0.44115,0.36837402
d__relacbw027sbog_relacbw027sbog__lag034,0.667712,0.071983,0.479668,0.36834375
d__relacbw027sbog_re_loans__lag034,0.667712,0.071983,0.479668,0.36834375
d__relacbw027sbog_real_estate_loan__lag034,0.667712,0.071983,0.479668,0.36834375
d__relacbw027sbog_relacbw027sbog__lag018,0.667712,0.072094,0.479552,0.36834072
d__relacbw027sbog_re_loans__lag018,0.667712,0.072094,0.479552,0.36834072
d__relacbw027sbog_real_estate_loan__lag018,0.667712,0.072094,0.479552,0.36834072
d__relacbw027sbog_relacbw027sbog__lag035,0.667712,0.071985,0.479628,0.36831837
d__relacbw027sbog_re_loans__lag035,0.667712,0.071985,0.479628,0.36831837
d__relacbw027sbog_real_estate_loan__lag035,0.667712,0.071985,0.479628,0.36831837
d__wtregen_tga__lag008,0.504702,0.419984,0.309778,0.36831238
d__relacbw027sbog_relacbw027sbog__lag021,0.667712,0.071731,0.479771,0.3682443
d__relacbw027sbog_re_loans__lag021,0.667712,0.071731,0.479771,0.3682443
d__relacbw027sbog_real_estate_loan__lag021,0.667712,0.071731,0.479771,0.3682443
d__relacbw027sbog_relacbw027sbog__lag037,0.667712,0.072123,0.479328,0.36821074
d__relacbw027sbog_re_loans__lag037,0.667712,0.072123,0.479328,0.36821074
d__relacbw027sbog_real_estate_loan__lag037,0.667712,0.072123,0.479328,0.36821074
d__relacbw027sbog_relacbw027sbog__lag020,0.667712,0.071644,0.479808,0.36821029
d__relacbw027sbog_re_loans__lag020,0.667712,0.071644,0.479808,0.36821029
d__relacbw027sbog_real_estate_loan__lag020,0.667712,0.071644,0.479808,0.36821029
d__relacbw027sbog_relacbw027sbog__lag019,0.667712,0.071539,0.479854,0.36817138
d__relacbw027sbog_re_loans__lag019,0.667712,0.071539,0.479854,0.36817138
d__relacbw027sbog_real_estate_loan__lag019,0.667712,0.071539,0.479854,0.36817138
d__relacbw027sbog_relacbw027sbog__lag033,0.667712,0.071744,0.479622,0.36815304
d__relacbw027sbog_re_loans__lag033,0.667712,0.071744,0.479622,0.36815304
d__relacbw027sbog_real_estate_loan__lag033,0.667712,0.071744,0.479622,0.36815304
d__wtregen_tga__lag005,0.504702,0.420024,0.309368,0.36812574
d__relacbw027sbog_relacbw027sbog__lag036,0.667712,0.071924,0.479395,0.3681223
d__relacbw027sbog_re_loans__lag036,0.667712,0.071924,0.479395,0.3681223
d__relacbw027sbog_real_estate_loan__lag036,0.667712,0.071924,0.479395,0.3681223
q__cbi_cbi__lag006,0.974922,0.226442,0.151116,0.36808996
d__wtregen_tga_fed__lag004,0.504702,0.415257,0.313999,0.36805691
d__relacbw027sbog_relacbw027sbog__lag032,0.667712,0.07174,0.47939,0.36799597
d__relacbw027sbog_re_loans__lag032,0.667712,0.07174,0.47939,0.36799597
d__relacbw027sbog_real_estate_loan__lag032,0.667712,0.07174,0.47939,0.36799597
d__relacbw027sbog_relacbw027sbog__lag017,0.667712,0.07133,0.479598,0.36786082
d__relacbw027sbog_re_loans__lag017,0.667712,0.07133,0.479598,0.36786082
d__relacbw027sbog_real_estate_loan__lag017,0.667712,0.07133,0.479598,0.36786082
d__relacbw027sbog_relacbw027sbog__lag031,0.667712,0.071385,0.479327,0.36771669
d__relacbw027sbog_re_loans__lag031,0.667712,0.071385,0.479327,0.36771669
d__relacbw027sbog_real_estate_loan__lag031,0.667712,0.071385,0.479327,0.36771669
d__relacbw027sbog_relacbw027sbog__lag016,0.667712,0.070786,0.4798,0.36763264
d__relacbw027sbog_re_loans__lag016,0.667712,0.070786,0.4798,0.36763264
d__relacbw027sbog_real_estate_loan__lag016,0.667712,0.070786,0.4798,0.36763264
d__relacbw027sbog_relacbw027sbog__lag015,0.667712,0.070569,0.479938,0.36757962
d__relacbw027sbog_re_loans__lag015,0.667712,0.070569,0.479938,0.36757962
d__relacbw027sbog_real_estate_loan__lag015,0.667712,0.070569,0.479938,0.36757962
d__relacbw027sbog_relacbw027sbog__lag022,0.667712,0.071227,0.479276,0.36757748
d__relacbw027sbog_re_loans__lag022,0.667712,0.071227,0.479276,0.36757748
d__relacbw027sbog_real_estate_loan__lag022,0.667712,0.071227,0.479276,0.36757748
q__bogz1fr473061105q_credit_unions_ts_reval__lag007,0.974922,0.212822,0.164192,0.36755913
d__relacbw027sbog_relacbw027sbog__lag030,0.667712,0.070814,0.479428,0.36740278
d__relacbw027sbog_re_loans__lag030,0.667712,0.070814,0.479428,0.36740278
d__relacbw027sbog_real_estate_loan__lag030,0.667712,0.070814,0.479428,0.36740278
d__relacbw027sbog_relacbw027sbog__lag014,0.667712,0.06999,0.480196,0.36736575
d__relacbw027sbog_re_loans__lag014,0.667712,0.06999,0.480196,0.36736575
d__relacbw027sbog_real_estate_loan__lag014,0.667712,0.06999,0.480196,0.36736575
d__relacbw027sbog_relacbw027sbog__lag029,0.667712,0.070585,0.479553,0.36733352
d__relacbw027sbog_re_loans__lag029,0.667712,0.070585,0.479553,0.36733352
d__relacbw027sbog_real_estate_loan__lag029,0.667712,0.070585,0.479553,0.36733352
d__relacbw027sbog_relacbw027sbog__lag024,0.667712,0.070993,0.479058,0.36727537
d__relacbw027sbog_re_loans__lag024,0.667712,0.070993,0.479058,0.36727537
d__relacbw027sbog_real_estate_loan__lag024,0.667712,0.070993,0.479058,0.36727537
d__relacbw027sbog_relacbw027sbog__lag028,0.667712,0.070569,0.47947,0.3672679
d__relacbw027sbog_re_loans__lag028,0.667712,0.070569,0.47947,0.3672679
d__relacbw027sbog_real_estate_loan__lag028,0.667712,0.070569,0.47947,0.3672679
m__mcumfn_caputil_man__lag012,0.670846,0.353141,0.194295,0.36724591
d__relacbw027sbog_relacbw027sbog__lag027,0.667712,0.070454,0.479538,0.36723581
d__relacbw027sbog_re_loans__lag027,0.667712,0.070454,0.479538,0.36723581
d__relacbw027sbog_real_estate_loan__lag027,0.667712,0.070454,0.479538,0.36723581
d__relacbw027sbog_relacbw027sbog__lag026,0.667712,0.0704,0.479573,0.36722332
d__relacbw027sbog_re_loans__lag026,0.667712,0.0704,0.479573,0.36722332
d__relacbw027sbog_real_estate_loan__lag026,0.667712,0.0704,0.479573,0.36722332
d__relacbw027sbog_relacbw027sbog__lag013,0.667712,0.069884,0.480081,0.36721784
d__relacbw027sbog_re_loans__lag013,0.667712,0.069884,0.480081,0.36721784
d__relacbw027sbog_real_estate_loan__lag013,0.667712,0.069884,0.480081,0.36721784
d__relacbw027sbog_relacbw027sbog__lag023,0.667712,0.07066,0.479187,0.36713943
d__relacbw027sbog_re_loans__lag023,0.667712,0.07066,0.479187,0.36713943
d__relacbw027sbog_real_estate_loan__lag023,0.667712,0.07066,0.479187,0.36713943
d__wtregen_tga__lag004,0.504702,0.416803,0.310578,0.36711091
m__mtsr133fms_fedgov_rcpt__lag010,0.561129,0.246622,0.407347,0.36696055
d__relacbw027sbog_relacbw027sbog__lag012,0.667712,0.069571,0.47995,0.36692138
d__relacbw027sbog_re_loans__lag012,0.667712,0.069571,0.47995,0.36692138
d__relacbw027sbog_real_estate_loan__lag012,0.667712,0.069571,0.47995,0.36692138
d__relacbw027sbog_relacbw027sbog__lag025,0.667712,0.070489,0.478913,0.36684172
d__relacbw027sbog_re_loans__lag025,0.667712,0.070489,0.478913,0.36684172
d__relacbw027sbog_real_estate_loan__lag025,0.667712,0.070489,0.478913,0.36684172
q__bogz1fr343061165q_fed_gov_db_retirement_ts_reval__lag004,0.984326,0.126984,0.245651,0.36679412
m__mcumfn_caputil_man__lag005,0.677116,0.356888,0.184655,0.36668738
d__relacbw027sbog_relacbw027sbog__lag004,0.667712,0.068129,0.48103,0.36668035
d__relacbw027sbog_re_loans__lag004,0.667712,0.068129,0.48103,0.36668035
d__relacbw027sbog_real_estate_loan__lag004,0.667712,0.068129,0.48103,0.36668035
d__relacbw027sbog_relacbw027sbog__lag006,0.667712,0.068226,0.4809,0.36665784
d__relacbw027sbog_re_loans__lag006,0.667712,0.068226,0.4809,0.36665784
d__relacbw027sbog_real_estate_loan__lag006,0.667712,0.068226,0.4809,0.36665784
d__relacbw027sbog_relacbw027sbog__lag005,0.667712,0.06813,0.480921,0.36660808
d__relacbw027sbog_re_loans__lag005,0.667712,0.06813,0.480921,0.36660808
d__relacbw027sbog_real_estate_loan__lag005,0.667712,0.06813,0.480921,0.36660808
d__dexjpus_dexjpus__lag024,0.69279,0.30889,0.220106,0.36648281
d__relacbw027sbog_relacbw027sbog__lag003,0.667712,0.067759,0.481086,0.36647019
d__relacbw027sbog_re_loans__lag003,0.667712,0.067759,0.481086,0.36647019
d__relacbw027sbog_real_estate_loan__lag003,0.667712,0.067759,0.481086,0.36647019
d__relacbw027sbog_relacbw027sbog__lag007,0.667712,0.067887,0.480891,0.36642506
d__relacbw027sbog_re_loans__lag007,0.667712,0.067887,0.480891,0.36642506
d__relacbw027sbog_real_estate_loan__lag007,0.667712,0.067887,0.480891,0.36642506
q__bogz1fr563061103q_etfs_ts_reval__lag003,0.987461,0.20974,0.161337,0.36642447
m__umcsent_umcsent__lag006,0.915361,0.147532,0.252768,0.36641909
d__relacbw027sbog_relacbw027sbog__lag011,0.667712,0.068715,0.48003,0.36640351
d__relacbw027sbog_re_loans__lag011,0.667712,0.068715,0.48003,0.36640351
d__relacbw027sbog_real_estate_loan__lag011,0.667712,0.068715,0.48003,0.36640351
d__relacbw027sbog_relacbw027sbog__lag008,0.667712,0.067897,0.480845,0.36640136
d__relacbw027sbog_re_loans__lag008,0.667712,0.067897,0.480845,0.36640136
d__relacbw027sbog_real_estate_loan__lag008,0.667712,0.067897,0.480845,0.36640136
d__relacbw027sbog_relacbw027sbog__lag010,0.667712,0.068365,0.480369,0.36639634
d__relacbw027sbog_re_loans__lag010,0.667712,0.068365,0.480369,0.36639634
d__relacbw027sbog_real_estate_loan__lag010,0.667712,0.068365,0.480369,0.36639634
d__relacbw027sbog_relacbw027sbog__lag002,0.667712,0.067331,0.481294,0.3663234
d__relacbw027sbog_re_loans__lag002,0.667712,0.067331,0.481294,0.3663234
d__relacbw027sbog_real_estate_loan__lag002,0.667712,0.067331,0.481294,0.3663234
d__relacbw027sbog_relacbw027sbog__lag001,0.667712,0.067314,0.481253,0.36628511
d__relacbw027sbog_re_loans__lag001,0.667712,0.067314,0.481253,0.36628511
d__relacbw027sbog_real_estate_loan__lag001,0.667712,0.067314,0.481253,0.36628511
d__relacbw027sbog_relacbw027sbog__lag009,0.667712,0.067921,0.480613,0.36626244
d__relacbw027sbog_re_loans__lag009,0.667712,0.067921,0.480613,0.36626244
d__relacbw027sbog_real_estate_loan__lag009,0.667712,0.067921,0.480613,0.36626244
m__hqmcb10yrp_hqm10y__lag011,0.520376,0.233782,0.469833,0.36614445
d__dexjpus_dexjpus__lag026,0.69279,0.307663,0.220433,0.36585969
q__bogz1fl702150005q_usb_ffrepo__lag003,1.0,0.009226,0.356611,0.36583668
q__bogz1lm153061105q_hhnp_tsy__lag001,1.0,0.074312,0.291455,0.36576694
d__dexjpus_dexjpus__lag027,0.69279,0.307243,0.220185,0.36539724
m__totresns_res__lag011,0.833856,0.002169,0.435955,0.36533199
q__bogz1fr343061105q_fed_gov_retirement_ts_reval__lag007,0.974922,0.207689,0.16696,0.36525345
d__dexjpus_dexjpus__lag057,0.69279,0.307928,0.219198,0.36518729
d__dexjpus_dexjpus__lag021,0.69279,0.308789,0.21824,0.36512056
q__bogz1fr213061103q_state_local_gov_ts_reval__lag008,0.971787,0.209012,0.166478,0.36489594
q__bogz1fr793061105q_dom_fin_sector_tsy_reval__lag007,0.974922,0.216627,0.157602,0.36484423
d__dexjpus_dexjpus__lag030,0.69279,0.308487,0.218047,0.36477746
d__dexjpus_dexjpus__lag029,0.69279,0.308312,0.218207,0.36476678
d__dexjpus_dexjpus__lag085,0.69279,0.301976,0.224429,0.3646879
q__bogz1fr103061103q_nfcb_tsy_reval__lag007,0.974922,0.204204,0.169795,0.3646195
d__dexjpus_dexjpus__lag023,0.69279,0.306154,0.220127,0.36460198
d__dexjpus_dexjpus__lag090,0.689655,0.30586,0.222584,0.36444394
q__bogz1lm403061105q_gses_ts__lag008,0.984326,0.001927,0.368122,0.36424917
q__bogz1lm403061105q_gse_tsy__lag008,0.984326,0.001927,0.368122,0.36424917
q__bogz1fa573061105q_private_pension_ts_tx__lag008,0.971787,0.156744,0.218045,0.36421521
d__dexjpus_dexjpus__lag020,0.69279,0.307758,0.217723,0.36404802
m__awhman_awhman__lag010,1.0,0.067197,0.296669,0.36386629
d__wtregen_tga_fed__lag001,0.504702,0.406017,0.314469,0.36363089
d__dexjpus_dexjpus__lag022,0.69279,0.305232,0.219134,0.36327565
d__wtregen_tga_fed__lag002,0.504702,0.407098,0.312618,0.36324241
d__dexjpus_dexjpus__lag086,0.69279,0.300193,0.223992,0.36315016
d__dexjpus_dexjpus__lag054,0.69279,0.306657,0.217484,0.36311967
d__dexjpus_dexjpus__lag084,0.69279,0.300544,0.223571,0.36310158
m__mcumfn_caputil_man__lag006,0.677116,0.34174,0.194485,0.36308685
q__bogz1fr743061103q_usb_tsy_dom_reval__lag008,0.971787,0.164915,0.208663,0.36303757
q__rowcpaq027s_row_commercialpaper_flow__lag005,0.981191,0.190206,0.179695,0.36294369
d__dexjpus_dexjpus__lag087,0.69279,0.300908,0.222968,0.36293656
d__dexjpus_dexjpus__lag018,0.69279,0.307779,0.215916,0.36281055
d__wtregen_tga__lag001,0.504702,0.407559,0.311049,0.36268295
d__dexjpus_dexjpus__lag034,0.69279,0.305676,0.217633,0.36254323
q__bogz1fr563061103q_etfs_ts_reval__lag005,0.981191,0.193084,0.176258,0.36239528
d__wtregen_tga_fed__lag010,0.504702,0.412681,0.305307,0.3623701
d__wtregen_tga__lag002,0.504702,0.408636,0.309188,0.36228769
d__dexjpus_dexjpus__lag082,0.69279,0.299953,0.222943,0.36225675
q__bogz1fa593061105q_pension_ts_tx__lag002,0.990596,0.098059,0.267475,0.36209667
d__dexjpus_dexjpus__lag035,0.69279,0.30524,0.217391,0.36207366
d__dexjpus_dexjpus__lag060,0.69279,0.303204,0.219321,0.36200051
d__dexjpus_dexjpus__lag066,0.69279,0.303264,0.219224,0.36197456
q__bogz1fa563061103q_etfs_ts_tx__lag007,0.974922,0.106529,0.264755,0.36197268
d__dexjpus_dexjpus__lag028,0.69279,0.304043,0.218426,0.36196103
d__dexjpus_dexjpus__lag059,0.69279,0.302535,0.219924,0.36195471
q__bogz1fa263061130q_row_gov_tsy_tx__lag001,0.99373,0.188206,0.176017,0.36193937
d__dexjpus_dexjpus__lag031,0.69279,0.304717,0.21769,0.36191861
d__dexjpus_dexjpus__lag033,0.69279,0.305087,0.217273,0.3618861
d__dexjpus_dexjpus__lag055,0.69279,0.304481,0.217787,0.36182223
q__bogz1fr573061133q_private_dc_pension_ts_reval__lag003,0.987461,0.236677,0.129661,0.36174523
q__bogz1fa563061103q_etfs_ts_tx__lag003,0.987461,0.112107,0.254112,0.36162758
d__dexjpus_dexjpus__lag058,0.69279,0.301905,0.219945,0.36153242
d__wtregen_tga__lag010,0.504702,0.414299,0.30186,0.361447
d__dexjpus_dexjpus__lag069,0.69279,0.30192,0.219671,0.36135273
d__dexjpus_dexjpus__lag083,0.69279,0.298354,0.223061,0.36123084
q__bogz1fa543461113q_li_bills_tx__lag008,0.971787,0.234632,0.136875,0.36102577
d__dexjpus_dexjpus__lag068,0.69279,0.3016,0.219504,0.36101559
d__dexjpus_dexjpus__lag067,0.69279,0.301888,0.219116,0.36094644
d__dexjpus_dexjpus__lag032,0.69279,0.302866,0.218072,0.36090012
d__dexjpus_dexjpus__lag061,0.69279,0.302186,0.218709,0.36087094
q__rowmmfq027s_row_moneymarketfundshares_flow__lag003,0.987461,0.124722,0.240729,0.36086846
q__b092rc1q027sbea_gov_int_priv__lag003,0.821317,0.04312,0.396145,0.3607754
d__dexjpus_dexjpus__lag016,0.69279,0.304154,0.216514,0.36071333
d__dexjpus_dexjpus__lag042,0.69279,0.302555,0.218067,0.36068158
d__dexjpus_dexjpus__lag040,0.69279,0.302849,0.217738,0.36065769
q__bogz1fl313024000q_tres_oper_cash__lag006,0.990596,0.00324,0.360836,0.36065191
d__dexjpus_dexjpus__lag041,0.69279,0.301341,0.219127,0.36057505
d__dexjpus_dexjpus__lag015,0.69279,0.305058,0.215355,0.360537
d__dexjpus_dexjpus__lag019,0.69279,0.303778,0.216389,0.36036626
d__dexjpus_dexjpus__lag043,0.69279,0.301704,0.21839,0.36031608
d__dexjpus_dexjpus__lag089,0.689655,0.299731,0.222682,0.36028446
d__dexjpus_dexjpus__lag056,0.69279,0.302418,0.217614,0.36027244
d__dexjpus_dexjpus__lag072,0.69279,0.298971,0.220935,0.36018626
d__dexjpus_dexjpus__lag071,0.69279,0.298708,0.221171,0.36016663
d__dexjpus_dexjpus__lag065,0.69279,0.300713,0.219141,0.36014963
d__dexjpus_dexjpus__lag017,0.69279,0.302792,0.216775,0.35995099
d__dexjpus_dexjpus__lag036,0.69279,0.301734,0.217737,0.35988423
d__dexjpus_dexjpus__lag062,0.69279,0.300406,0.218755,0.35966976
d__bamlcc0a1aaatriv_aaa_index__lag042,0.467085,0.278975,0.490973,0.35963073
d__dexjpus_dexjpus__lag080,0.69279,0.297058,0.221916,0.35953999
d__dexjpus_dexjpus__lag081,0.69279,0.296508,0.222342,0.35945393
q__bogz1fr403061105q_gses_ts_reval__lag007,0.974922,0.181794,0.186694,0.3592476
d__bamlcc0a1aaatriv_aaa_index__lag041,0.467085,0.278169,0.490801,0.35917373
q__b639rg3q086sbea_exp_ind_pi__lag008,0.717868,0.102818,0.397479,0.35914708
d__dexjpus_dexjpus__lag073,0.69279,0.296675,0.221705,0.35912876
d__dexjpus_dexjpus__lag044,0.69279,0.300547,0.217775,0.35908839
d__bamlcc0a1aaatriv_aaa_index__lag011,0.470219,0.272757,0.490889,0.35908138
d__bamlcc0a1aaatriv_aaa_index__lag040,0.467085,0.278641,0.490118,0.3590758
d__bamlcc0a1aaatriv_aaa_index__lag034,0.467085,0.27719,0.491417,0.35900473
d__bamlcc0a1aaatriv_aaa_index__lag002,0.470219,0.273252,0.489745,0.3587759
d__dexjpus_dexjpus__lag070,0.69279,0.297911,0.219853,0.35870125
d__bamlcc0a1aaatriv_aaa_index__lag039,0.467085,0.278437,0.489409,0.35864897
d__bamlcc0a1aaatriv_aaa_index__lag004,0.470219,0.271565,0.491125,0.35863192
d__bamlcc0a1aaatriv_aaa_index__lag012,0.470219,0.271059,0.491484,0.35856268
d__dexjpus_dexjpus__lag039,0.69279,0.30113,0.216404,0.35854258
d__bamlcc0a1aaatriv_aaa_index__lag033,0.467085,0.27729,0.490127,0.35844839
d__bamlcc0a1aaatriv_aaa_index__lag016,0.470219,0.271531,0.490732,0.35843105
d__dexjpus_dexjpus__lag045,0.69279,0.299924,0.217429,0.35841642
d__bamlcc0a1aaatriv_aaa_index__lag036,0.467085,0.277221,0.490026,0.35836959
d__bamlcc0a1aaatriv_aaa_index__lag013,0.470219,0.271075,0.490823,0.35825933
d__bamlcc0a1aaatriv_aaa_index__lag008,0.470219,0.271637,0.490119,0.35819267
d__bamlcc0a1aaatriv_aaa_index__lag010,0.470219,0.271406,0.490317,0.35817667
d__dexjpus_dexjpus__lag038,0.69279,0.299551,0.217275,0.35805147
d__dexjpus_dexjpus__lag053,0.69279,0.298905,0.217913,0.35804661
d__bamlcc0a1aaatriv_aaa_index__lag005,0.470219,0.270804,0.490569,0.35801252
d__bamlcc0a1aaatriv_aaa_index__lag003,0.470219,0.271695,0.489605,0.35797804
d__bamlcc0a1aaatriv_aaa_index__lag037,0.467085,0.277803,0.488558,0.35795545
d__bamlcc0a1aaatriv_aaa_index__lag038,0.467085,0.277387,0.488923,0.35793143
d__bamlcc0a1aaatriv_aaa_index__lag043,0.467085,0.275836,0.490463,0.35792637
d__bamlcc0a1aaatriv_aaa_index__lag009,0.470219,0.27077,0.490418,0.35792544
q__bogz1fr403061105q_gses_ts_reval__lag001,0.99373,0.220524,0.139555,0.35782094
d__dexjpus_dexjpus__lag037,0.69279,0.300017,0.216472,0.3578186
d__dexjpus_dexjpus__lag064,0.69279,0.297345,0.219105,0.35779135
d__dexjpus_dexjpus__lag063,0.69279,0.297461,0.218967,0.35777655
d__bamlcc0a1aaatriv_aaa_index__lag035,0.467085,0.274663,0.491294,0.35776678
d__bamlcc0a1aaatriv_aaa_index__lag007,0.470219,0.270869,0.489945,0.3577496
q__bogz1fr263061105q_row_bills_reval__lag008,0.971787,0.204795,0.163235,0.35764611
q__bogz1fr263061105q_row_tsy_reval__lag008,0.971787,0.204795,0.163235,0.35764611
m__mtsr133fms_fedgov_rcpt__lag009,0.564263,0.180634,0.453129,0.35760901
d__bamlcc0a1aaatriv_aaa_index__lag018,0.467085,0.274701,0.490802,0.35755456
d__dexjpus_dexjpus__lag014,0.69279,0.301807,0.214198,0.35748304
d__bamlcc0a1aaatriv_aaa_index__lag001,0.470219,0.270761,0.489405,0.35744467
d__bamlcc0a1aaatriv_aaa_index__lag006,0.470219,0.27035,0.489567,0.35732812
d__dexjpus_dexjpus__lag079,0.69279,0.293636,0.222116,0.35730788
d__dexjpus_dexjpus__lag088,0.689655,0.295681,0.222399,0.35729662
d__bamlcc0a1aaatriv_aaa_index__lag015,0.470219,0.269897,0.489699,0.35717672
d__bamlcc0a1aaatriv_aaa_index__lag014,0.470219,0.270218,0.489313,0.35714621
d__bamlcc0a1aaatriv_aaa_index__lag021,0.467085,0.273812,0.490803,0.35713958
d__bamlcc0a1aaatriv_aaa_index__lag044,0.467085,0.274431,0.489904,0.35700902
d__bamlcc0a1aaatriv_aaa_index__lag032,0.467085,0.273916,0.490273,0.35694095
q__bogz1fr713061113q_cb_bills_reval__lag002,0.990596,0.243826,0.116261,0.35670036
d__dexjpus_dexjpus__lag078,0.69279,0.29393,0.220944,0.35669938
d__bamlcc0a1aaatriv_aaa_index__lag029,0.467085,0.273729,0.489779,0.35662269
d__bamlcc0a1aaatriv_aaa_index__lag022,0.467085,0.272951,0.490492,0.35659275
d__dexjpus_dexjpus__lag074,0.69279,0.293514,0.221179,0.35657376
d__dexjpus_dexjpus__lag075,0.69279,0.293562,0.220845,0.35637629
m__usalolitoaastsam_oecd_leading_indicator_us__lag002,0.893417,0.126953,0.271902,0.35634384
d__bamlcc0a1aaatriv_aaa_index__lag045,0.467085,0.273362,0.489286,0.35622129
q__bogz1lm733061103q_holding_companies_ts__lag008,0.984326,0.032784,0.329094,0.35620663
q__bogz1lm733061103q_holding_companies_ts__lag002,1.0,0.019734,0.336395,0.35612887
d__bamlcc0a1aaatriv_aaa_index__lag090,0.467085,0.271075,0.491231,0.35606144
d__dexjpus_dexjpus__lag046,0.69279,0.297881,0.215997,0.35600976
d__dexjpus_dexjpus__lag052,0.69279,0.296549,0.217292,0.35598395
m__mtso133fms_fedgov_out__lag005,0.567398,0.161728,0.465461,0.3558659
d__bamlcc0a1aaatriv_aaa_index__lag057,0.467085,0.271983,0.489854,0.35584249
d__bamlcc0a1aaatriv_aaa_index__lag056,0.467085,0.272046,0.489769,0.35583212
d__bamlcc0a1aaatriv_aaa_index__lag089,0.467085,0.269766,0.491963,0.35579212
d__dexjpus_dexjpus__lag047,0.69279,0.297876,0.215654,0.35576838
d__bamlcc0a1aaatriv_aaa_index__lag017,0.467085,0.271791,0.489871,0.35576082
d__bamlcc0a1aaatriv_aaa_index__lag019,0.467085,0.27145,0.490091,0.355704
d__dexjpus_dexjpus__lag051,0.69279,0.296969,0.216391,0.35565056
d__dexjpus_dexjpus__lag002,0.69279,0.302191,0.211053,0.35557071
d__bamlcc0a1aaatriv_aaa_index__lag087,0.467085,0.269611,0.491613,0.35555609
m__awhman_awhman__lag003,1.0,0.031783,0.323717,0.35550008
q__bogz1fl763061100q_usb_tsy_oth__lag007,0.987461,0.064908,0.295099,0.35549268
d__dexjpus_dexjpus__lag011,0.69279,0.300585,0.212512,0.35546837
d__dexjpus_dexjpus__lag076,0.69279,0.292752,0.220273,0.35541884
d__bamlcc0a1aaatriv_aaa_index__lag023,0.467085,0.270678,0.490195,0.35539207
d__bamlcc0a1aaatriv_aaa_index__lag020,0.467085,0.271965,0.488902,0.35538921
d__dexjpus_dexjpus__lag049,0.69279,0.29817,0.214648,0.35527514
m__awhman_awhman__lag001,1.0,0.002404,0.352787,0.35519031
q__bogz1fr693061105q_nonmmf_ts_reval__lag003,0.987461,0.218147,0.141522,0.35515893
q__bogz1fr693061105q_nonmmmf_ts_reval__lag003,0.987461,0.218147,0.141522,0.35515893
d__bamlcc0a1aaatriv_aaa_index__lag074,0.467085,0.269847,0.490424,0.35511105
d__bamlcc0a1aaatriv_aaa_index__lag030,0.467085,0.271996,0.488146,0.3550503
d__bamlcc0a1aaatriv_aaa_index__lag054,0.467085,0.270696,0.489313,0.35498848
d__bamlcc0a1aaatriv_aaa_index__lag069,0.467085,0.269321,0.490624,0.35495858
d__dexjpus_dexjpus__lag013,0.69279,0.298718,0.213638,0.35495519
m__mcumfn_caputil_man__lag007,0.673981,0.34968,0.17696,0.35494572
d__bamlcc0a1aaatriv_aaa_index__lag071,0.467085,0.269933,0.48997,0.3549387
d__bamlcc0a1aaatriv_aaa_index__lag070,0.467085,0.269629,0.490226,0.35491642
d__dexjpus_dexjpus__lag008,0.69279,0.30195,0.210279,0.35486717
d__dexjpus_dexjpus__lag048,0.69279,0.297894,0.21426,0.35481525
d__bamlcc0a1aaatriv_aaa_index__lag024,0.467085,0.270182,0.489392,0.35478546
d__bamlcc0a1aaatriv_aaa_index__lag031,0.467085,0.270428,0.489018,0.3547256
d__dexjpus_dexjpus__lag012,0.69279,0.299632,0.212384,0.35471931
d__bamlcc0a1aaatriv_aaa_index__lag025,0.467085,0.269699,0.489677,0.35469297
d__bamlcc0a1aaatriv_aaa_index__lag048,0.467085,0.270344,0.488692,0.35453392
d__bamlcc0a1aaatriv_aaa_index__lag086,0.467085,0.267331,0.491646,0.35450691
d__bamlcc0a1aaatriv_aaa_index__lag088,0.467085,0.267497,0.49148,0.35450645
d__dexjpus_dexjpus__lag010,0.69279,0.299076,0.212576,0.35446705
d__dexjpus_dexjpus__lag003,0.69279,0.301407,0.210235,0.35446063
d__bamlcc0a1aaatriv_aaa_index__lag046,0.467085,0.270483,0.488352,0.35444037
d__bamlcc0a1aaatriv_aaa_index__lag073,0.467085,0.269077,0.48974,0.35443222
d__dexjpus_dexjpus__lag077,0.69279,0.291112,0.220474,0.35442178
d__bamlcc0a1aaatriv_aaa_index__lag077,0.467085,0.26996,0.488799,0.35440451
d__bamlcc0a1aaatriv_aaa_index__lag055,0.467085,0.269304,0.489319,0.35434123
d__bamlcc0a1aaatriv_aaa_index__lag085,0.467085,0.267673,0.490837,0.35428833
d__bamlcc0a1aaatriv_aaa_index__lag058,0.467085,0.26876,0.489679,0.35425534
d__bamlcc0a1aaatriv_aaa_index__lag075,0.467085,0.269196,0.489204,0.35423717
q__bogz1lm473061105q_credit_unions_ts__lag001,1.0,0.005065,0.348997,0.35406238
q__bogz1lm473061105q_credit_unions_ts_tx__lag001,1.0,0.005065,0.348997,0.35406238
d__bamlcc0a1aaatriv_aaa_index__lag068,0.467085,0.268108,0.489889,0.35404859
d__bamlcc0a1aaatriv_aaa_index__lag066,0.467085,0.268054,0.489802,0.35398276
d__bamlcc0a1aaatriv_aaa_index__lag027,0.467085,0.267063,0.490633,0.35390841
d__bamlcc0a1aaatriv_aaa_index__lag072,0.467085,0.268794,0.488688,0.35380823
d__bamlcc0a1aaatriv_aaa_index__lag084,0.467085,0.268297,0.48916,0.35379684
d__bamlcc0a1aaatriv_aaa_index__lag026,0.467085,0.267354,0.490091,0.35379071
d__bamlcc0a1aaatriv_aaa_index__lag076,0.467085,0.268384,0.48906,0.35379045
q__bogz1fl633061110q_mmf_bills_raw__lag007,0.987461,0.038619,0.319638,0.3537643
q__bogz1fl633061110q_mmf_bills__lag007,0.987461,0.038619,0.319638,0.3537643
d__bamlcc0a1aaatriv_aaa_index__lag047,0.467085,0.268285,0.488719,0.35358515
q__fgdef_fgdef__lag006,0.974922,0.045333,0.31725,0.35349002
d__bamlcc0a1aaatriv_aaa_index__lag028,0.467085,0.267804,0.488932,0.35345977
q__bogz1fl763061100q_usb_tsy_oth__lag004,0.996865,0.028906,0.32561,0.35340485
d__dexjpus_dexjpus__lag009,0.69279,0.29876,0.211234,0.35331896
d__dexjpus_dexjpus__lag001,0.69279,0.29847,0.211493,0.35329749
q__bogz1fr513061105q_pc_insurance_ts_reval__lag007,0.974922,0.139308,0.223025,0.35324641
d__bamlcc0a1aaatriv_aaa_index__lag049,0.467085,0.268091,0.488067,0.35318987
q__bogz1fa213061103q_state_local_gov_ts_tx__lag004,0.984326,0.045558,0.313205,0.35313962
d__bamlcc0a1aaatriv_aaa_index__lag065,0.467085,0.266956,0.488972,0.35308231
d__bamlcc0a1aaatriv_aaa_index__lag078,0.467085,0.266853,0.489043,0.35306763
q__bogz1fa633061105q_money_market_funds_ts_tx__lag006,0.978056,0.103445,0.257516,0.35304038
d__bamlcc0a1aaatriv_aaa_index__lag067,0.467085,0.266494,0.489216,0.35298077
d__dexjpus_dexjpus__lag050,0.69279,0.295003,0.214425,0.35292661
q__fbtsatq027s_dom_fin_sector_tsy_tx__lag006,0.978056,0.064773,0.296068,0.35292327
d__bamlcc0a1aaatriv_aaa_index__lag053,0.467085,0.266033,0.489512,0.35290351
q__bogz1fl763123005q_tga_usb__lag005,0.99373,0.071916,0.283158,0.3528485
d__bamlcc0a1aaatriv_aaa_index__lag082,0.467085,0.26672,0.48848,0.35274251
q__bogz1fr473061105q_credit_unions_ts_reval__lag003,0.987461,0.215515,0.141589,0.35262566
d__bamlcc0a1aaatriv_aaa_index__lag081,0.467085,0.26663,0.488108,0.35252687
d__bamlcc0a1aaatriv_aaa_index__lag083,0.467085,0.266237,0.488462,0.35250806
d__bamlcc0a1aaatriv_aaa_index__lag061,0.467085,0.265359,0.489255,0.35246874
q__bogz1fr403061105q_gses_ts_reval__lag003,0.987461,0.210292,0.146615,0.35243125
d__dexjpus_dexjpus__lag007,0.69279,0.297598,0.210983,0.35233981
d__bamlcc0a1aaatriv_aaa_index__lag060,0.467085,0.265202,0.489079,0.35231297
q__bogz1fl702150005q_usb_ffrepo__lag007,0.987461,0.017171,0.339479,0.35217784
d__bamlcc0a1aaatriv_aaa_index__lag059,0.467085,0.263742,0.489983,0.3520531
d__bamlcc0a1aaatriv_aaa_index__lag050,0.467085,0.266286,0.487352,0.35201284
d__bamlcc0a1aaatriv_aaa_index__lag079,0.467085,0.265414,0.488183,0.3519937
d__bamlcc0a1aaatriv_aaa_index__lag062,0.467085,0.264171,0.489249,0.35191062
m__uempmean_uempmean__lag007,0.974922,0.076422,0.284362,0.35173656
q__bogz1fl743061103q_usb_tsy_dom__lag008,0.984326,0.042948,0.314389,0.35173608
d__bamlcc0a1aaatriv_aaa_index__lag080,0.467085,0.264902,0.487938,0.35164027
q__bogz1fr663061165q_brokers_dealers_long_ts_reval__lag007,0.974922,0.211641,0.149044,0.35163911
d__dexjpus_dexjpus__lag004,0.69279,0.296313,0.211044,0.35149231
q__bogz1fl633061105q_mmf_tsy_raw__lag008,0.984326,0.055636,0.301403,0.35144264
q__bogz1fl633061105q_money_market_funds_ts__lag008,0.984326,0.055636,0.301403,0.35144264
q__bogz1fr743061103q_usb_tsy_dom_reval__lag007,0.974922,0.207133,0.153198,0.35129461
d__bamlcc0a1aaatriv_aaa_index__lag064,0.467085,0.263455,0.488338,0.35115107
q__bogz1fa263061145q_row_priv_tsy_tx__lag005,0.981191,0.100267,0.25752,0.35105685
d__bamlcc0a1aaatriv_aaa_index__lag052,0.467085,0.264238,0.487219,0.35099432
d__bamlcc0a1aaatriv_aaa_index__lag063,0.467085,0.262713,0.488278,0.35077605
q__bogz1fr793061105q_dom_fin_sector_tsy_reval__lag008,0.971787,0.188008,0.17291,0.35073536
d__bamlcc0a1aaatriv_aaa_index__lag051,0.467085,0.263445,0.487451,0.35073244
d__dexjpus_dexjpus__lag005,0.69279,0.294984,0.211258,0.35071942
q__bogz1fl673061103q_abs_issuers_ts__lag004,0.996865,0.178355,0.172795,0.35004882
d__dexjpus_dexjpus__lag006,0.69279,0.294451,0.210807,0.35003768
m__mcumfn_caputil_man__lag010,0.670846,0.328221,0.193556,0.35003177
q__bogz1lm733061103q_holding_companies_ts__lag003,1.0,0.03042,0.31908,0.3494999
m__awotman_awotman__lag001,0.880878,0.135037,0.261561,0.34935464
m__ltdacbm027nbog_ltd__lag001,0.667712,0.087547,0.435443,0.34920634
m__ltdacbm027nbog_ltd__lag007,0.661442,0.089053,0.438047,0.34864597
q__bogz1lm473061105q_credit_unions_ts__lag004,0.996865,0.018568,0.330834,0.34830746
q__bogz1lm473061105q_credit_unions_ts_tx__lag004,0.996865,0.018568,0.330834,0.34830746
q__bogz1fr263061145q_row_priv_tsy_reval__lag008,0.971787,0.194347,0.163434,0.34768735
q__rowgseq027s_row_agency_flow__lag007,0.974922,0.114495,0.241888,0.34744617
q__bogz1fl712051000q_fed_rrp__lag001,1.0,0.112825,0.234602,0.34742723
m__mtso133fms_fedgov_out__lag002,0.570533,0.140838,0.467581,0.34712294
m__hqmcb10yrp_hqm10y__lag012,0.520376,0.203533,0.463353,0.34703165
q__bogz1lm473061105q_credit_unions_ts__lag003,1.0,0.022776,0.324187,0.34696283
q__bogz1lm473061105q_credit_unions_ts_tx__lag003,1.0,0.022776,0.324187,0.34696283
m__uempmean_uempmean__lag006,0.978056,0.089335,0.265266,0.3468201
m__tcu_tcu__lag001,0.742947,0.318601,0.147734,0.34646175
q__bogz1fl073164013q_dj_index__lag003,0.68652,0.006471,0.497947,0.34629332
q__bogz1fl763123005q_tga_usb__lag008,0.984326,0.089588,0.26221,0.34628355
q__bogz1fl763061100q_usb_tsy_oth__lag008,0.984326,0.058388,0.293372,0.34624691
q__b092rc1q027sbea_gov_int_priv__lag005,0.815047,0.011428,0.412992,0.34592183
m__mcumfn_caputil_man__lag011,0.670846,0.317485,0.196618,0.34488378
q__rowmfsq027s_row_mutualfundshares_flow__lag008,0.971787,0.195373,0.159507,0.34486778
q__rownblq027s_row_nonfinbusinessloans_flow__lag005,0.981191,0.124705,0.226759,0.34485249
q__bogz1fa563061103q_etfs_ts_tx__lag005,0.981191,0.088746,0.261913,0.34406323
q__bogz1lm473061105q_credit_unions_ts__lag002,1.0,0.00925,0.334775,0.34402516
q__bogz1lm473061105q_credit_unions_ts_tx__lag002,1.0,0.00925,0.334775,0.34402516
q__b092rc1q027sbea_gov_int_priv__lag004,0.818182,0.01234,0.4077,0.3436694
q__bogz1fr343061165q_fed_gov_db_retirement_ts_reval__lag005,0.981191,0.200066,0.150015,0.34349632
q__hnotsbq027s_hhnp_tsy_tx__lag007,0.974922,0.173158,0.179034,0.34335991
m__mcumfn_caputil_man__lag002,0.680251,0.321773,0.182047,0.34272402
q__bogz1fr653061105q_mutual_funds_ts_reval__lag003,0.987461,0.213761,0.133251,0.3426614
q__b639rg3q086sbea_exp_ind_pi__lag002,0.736677,0.109324,0.355747,0.34260723
q__bogz1fl073164013q_dj_index__lag005,0.680251,0.040118,0.463506,0.34259033
q__bogz1fr263061105q_row_bills_reval__lag002,0.990596,0.115966,0.229174,0.341895
q__bogz1fr263061105q_row_tsy_reval__lag002,0.990596,0.115966,0.229174,0.341895
q__bogz1fa473061105q_credit_unions_ts_tx__lag005,0.981191,0.158039,0.189867,0.34136224
q__fbtsatq027s_dom_fin_sector_tsy_tx__lag007,0.974922,0.071689,0.277993,0.3409132
m__mtsr133fms_fedgov_rcpt__lag011,0.561129,0.192892,0.41448,0.34081378
q__bogz1fa573061133q_private_dc_pension_ts_tx__lag004,0.984326,0.151562,0.1941,0.34024381
m__mcumfn_caputil_man__lag004,0.677116,0.323631,0.178286,0.33985642
m__ltdacbm027nbog_ltd__lag002,0.667712,0.071679,0.436934,0.33960646
q__b639rg3q086sbea_exp_ind_pi__lag001,0.739812,0.064357,0.394474,0.33944881
q__bogz1lm733061103q_holding_companies_ts__lag007,0.987461,0.022827,0.320557,0.33907794
m__mtsr133fms_fedgov_rcpt__lag001,0.570533,0.081015,0.513168,0.33900087
q__bogz1lm733061103q_holding_companies_ts__lag006,0.990596,0.02027,0.321879,0.33893091
q__bogz1fa573061105q_private_pension_ts_tx__lag007,0.974922,0.223614,0.123875,0.33877444
q__bogz1fa313161105q_tsy_net_tx__lag007,0.974922,0.01596,0.331447,0.3386954
q__bogz1fa263061110q_row_bills_tx__lag003,0.987461,0.152231,0.190754,0.33868424
q__bogz1fa573061133q_private_dc_pension_ts_tx__lag006,0.978056,0.134485,0.211726,0.33861352
q__bogz1fr513061105q_pc_insurance_ts_reval__lag001,0.99373,0.147182,0.193503,0.33854923
q__bogz1fa553061103q_closed_end_funds_ts_tx__lag004,0.984326,0.106298,0.237629,0.33853631
q__rowmmfq027s_row_moneymarketfundshares_flow__lag004,0.984326,0.111336,0.232233,0.33818474
q__bogz1fa263061145q_row_priv_tsy_tx__lag003,0.987461,0.093774,0.248292,0.33777748
m__umcsent_umcsent__lag005,0.918495,0.134117,0.23362,0.33776487
m__mcumfn_caputil_man__lag003,0.680251,0.320697,0.175826,0.33776048
q__ncbtsaq027s_nfcb_tsy_tx__lag008,0.971787,0.042942,0.304364,0.3375072
q__bogz1fl763061100q_usb_tsy_oth__lag003,1.0,0.002599,0.334648,0.33724707
q__bogz1fr473061105q_credit_unions_ts_reval__lag008,0.971787,0.174013,0.172336,0.33657765
q__bogz1fl702150005q_usb_ffrepo__lag008,0.984326,0.004774,0.337012,0.33642885
q__rowtsaq027s_row_tsy_tx__lag005,0.981191,0.150131,0.192178,0.33587077
q__bogz1fr733061103q_holding_companies_ts_reval__lag007,0.974922,0.183069,0.161191,0.33562705
m__mtso133fms_fedgov_out__lag001,0.570533,0.188257,0.400005,0.33562295
q__bogz1fa513061105q_pc_insurance_ts_tx__lag003,0.987461,0.107667,0.231885,0.33529364
q__bogz1fr713061103q_cb_tsy_reval__lag007,0.974922,0.196934,0.146615,0.33493341
q__bogz1fl713068703q_fed_dw_a__lag002,1.0,0.101501,0.233383,0.33488405
q__bogz1fa653061105q_mutual_funds_ts_tx__lag003,0.987461,0.133378,0.205284,0.33441504
m__wtisplc_wtisplc__lag003,1.0,0.020239,0.313897,0.3341359
m__rmfsl_mmf__lag012,0.658307,0.089141,0.418175,0.33396944
q__psave_psave__lag007,0.971787,0.031907,0.311651,0.33386484
q__bogz1fl073164013q_dj_index__lag004,0.683386,0.015517,0.472,0.33316246
q__bogz1lm733061103q_holding_companies_ts__lag005,0.99373,0.005046,0.329744,0.33269179
q__bogz1fa753061103q_usb_tsy_for_tx__lag002,0.990596,0.144613,0.190618,0.33207825
q__rowmfsq027s_row_mutualfundshares_flow__lag004,0.984326,0.206599,0.130641,0.33195378
q__bogz1lm733061103q_holding_companies_ts__lag004,0.996865,0.013889,0.318676,0.33152299
m__wtisplc_wtisplc__lag002,1.0,0.016655,0.314166,0.33082123
q__rowmslq027s_row_muni_flow__lag007,0.974922,0.112192,0.225961,0.32967279
m__mtsr133fms_fedgov_rcpt__lag005,0.567398,0.044641,0.536313,0.32963226
m__ltdacbm027nbog_ltd__lag006,0.664577,0.057498,0.438101,0.32936368
m__rmfsl_mmf__lag011,0.658307,0.082027,0.417745,0.3290034
q__rownblq027s_row_nonfinbusinessloans_flow__lag004,0.984326,0.050715,0.28331,0.32879002
q__b639rg3q086sbea_exp_ind_pi__lag003,0.733542,0.115316,0.332656,0.32860638
q__bogz1fa473061105q_credit_unions_ts_tx__lag008,0.971787,0.128676,0.208896,0.32804762
q__bogz1fl313024000q_tres_oper_cash__lag007,0.987461,0.051896,0.280144,0.32787608
q__bogz1fa213061103q_state_local_gov_ts_tx__lag003,0.987461,0.068563,0.262778,0.32718652
q__bogz1fr263061105q_row_bills_reval__lag007,0.974922,0.184807,0.150557,0.3269536
q__bogz1fr263061105q_row_tsy_reval__lag007,0.974922,0.184807,0.150557,0.3269536
q__bogz1fa403061105q_gses_ts_tx__lag006,0.978056,0.138386,0.19577,0.32682339
q__bogz1fa573061105q_private_pension_ts_tx__lag006,0.978056,0.234027,0.100072,0.32676788
q__bogz1fr733061103q_holding_companies_ts_reval__lag003,0.987461,0.179838,0.150995,0.32668479
q__rhvrusq156n_owner_vacancy__lag008,0.855799,0.165272,0.216334,0.32657884
m__umcsent_umcsent__lag009,0.912226,0.125444,0.232538,0.32655993
q__bogz1fr403061105q_gses_ts_reval__lag006,0.978056,0.178834,0.154512,0.32603176
m__mtso133fms_fedgov_out__lag011,0.561129,0.121473,0.458896,0.32566178
q__bogz1fa343061113q_fed_gov_dcf_retirement_ts_tx__lag007,0.974922,0.129328,0.203829,0.32480146
m__rmfsl_mmf__lag010,0.658307,0.074747,0.417712,0.3241888
q__bogz1fa573061143q_private_db_pension_ts_tx__lag007,0.974922,0.24329,0.089004,0.32396122
q__bogz1fa383061105q_dom_nonfin_sector_tsy_tx__lag006,0.978056,0.086756,0.243783,0.32328607
m__rmfsl_mmf__lag009,0.661442,0.073606,0.415149,0.3232827
q__bogz1fa313161110q_totalbills_z1_tx__lag007,0.974922,0.020516,0.310627,0.32283803
q__bogz1fa573061143q_private_db_pension_ts_tx__lag008,0.971787,0.169569,0.162588,0.32278625
m__rmfsl_mmf__lag008,0.661442,0.069771,0.416926,0.32192205
q__bogz1fa343061113q_fed_gov_dcf_retirement_ts_tx__lag003,0.987461,0.168266,0.157477,0.32165859
q__bogz1fr763061100q_usb_tsy_oth_reval__lag001,0.99373,0.100733,0.22289,0.32159365
q__bogz1fr733061103q_holding_companies_ts_reval__lag008,0.971787,0.149994,0.180546,0.3212145
q__ncbtsaq027s_nfcb_tsy_tx__lag004,0.984326,0.215302,0.110463,0.32065913
q__bogz1fl673061103q_abs_issuers_ts__lag003,1.0,0.139586,0.180936,0.32052151
q__bogz1fr663061165q_brokers_dealers_long_ts_reval__lag003,0.987461,0.205852,0.117405,0.31920307
m__wtisplc_wtisplc__lag009,1.0,0.082165,0.236944,0.31910877
m__ltdacbm027nbog_ltd__lag003,0.667712,0.041984,0.435697,0.31895322
q__bogz1fa223061143q_state_local_db_retirement_ts_tx__lag003,0.987461,0.141949,0.180466,0.31837296
m__wtisplc_wtisplc__lag006,1.0,0.040463,0.277716,0.31817888
m__mtsds133fms_fed_surplus_deficit__lag006,0.567398,0.309229,0.251277,0.31802972
q__b639rg3q086sbea_exp_ind_pi__lag004,0.730408,0.097728,0.337458,0.31786272
m__usphci_usphci__lag011,0.583072,0.03835,0.506765,0.31784131
m__usphci_usphci__lag010,0.583072,0.037356,0.507442,0.3176566
m__mtso133fms_fedgov_out__lag004,0.567398,0.190457,0.368559,0.31718484
q__bogz1lm343061165q_fed_gov_db_retirement_ts__lag001,1.0,0.16496,0.152193,0.31715246
q__bogz1lm343061165q_fed_ret_tsy_db__lag001,1.0,0.16496,0.152193,0.31715246
q__bogz1lm343061165q_fed_gov_db_retirement_ts__lag002,1.0,0.155919,0.161073,0.31699237
q__bogz1lm343061165q_fed_ret_tsy_db__lag002,1.0,0.155919,0.161073,0.31699237
q__bogz1fr263061130q_row_gov_tsy_reval__lag007,0.974922,0.174514,0.150237,0.31660681
q__bogz1lm553061103q_closed_end_funds_ts__lag004,0.996865,0.198656,0.118929,0.31658937
q__bogz1fa713068703q_fed_dw_tx__lag008,0.971787,0.180235,0.144951,0.31601077
m__mtsr133fms_fedgov_rcpt__lag007,0.564263,0.100114,0.458385,0.31514044
q__ad02rc1q027sbea_gov_netlending__lag006,0.818182,0.070062,0.314422,0.31457792
m__mtsds133fms_fed_surplus_deficit__lag007,0.564263,0.333286,0.222893,0.31383152
m__usalolitoaastsam_oecd_leading_indicator_us__lag001,0.893417,0.087077,0.264065,0.31371629
m__usphci_usphci__lag012,0.583072,0.032355,0.505593,0.31366205
q__bogz1fr713061103q_cb_tsy_reval__lag001,0.99373,0.118573,0.196622,0.3132187
q__bogz1fr213061103q_state_local_gov_ts_reval__lag003,0.987461,0.186753,0.130434,0.31320997
q__bogz1fa633061105q_money_market_funds_ts_tx__lag007,0.974922,0.031851,0.288839,0.31264804
q__bogz1fa633061110q_mmf_bills_tx__lag006,0.978056,0.072162,0.247164,0.31231916
q__bogz1fl073164013q_dj_index__lag007,0.673981,0.009486,0.453074,0.31175716
q__bogz1fl073164013q_dj_index__lag006,0.677116,0.014914,0.445242,0.31157939
q__bogz1fl073164013q_dj_index__lag008,0.670846,0.016904,0.447318,0.31142161
q__tgdef_net_gov_sav__lag007,0.971787,0.035677,0.284673,0.31131241
m__wtisplc_wtisplc__lag008,1.0,0.061156,0.249842,0.31099755
q__bogz1fa503061123q_ccps_ts_tx__lag005,0.981191,0.11966,0.197211,0.31091099
m__wtisplc_wtisplc__lag001,1.0,0.000269,0.310427,0.31069617
m__usphci_usphci__lag001,0.592476,0.004608,0.519648,0.31060907
m__recprousm156n_recprob__lag012,0.727273,0.174065,0.252912,0.31052878
q__bogz1fr653061105q_mutual_funds_ts_reval__lag001,0.99373,0.123715,0.188738,0.3104947
m__rmfsl_mmf__lag007,0.661442,0.055033,0.414352,0.31047102
q__bogz1fa593061105q_pension_ts_tx__lag003,0.987461,0.086333,0.228029,0.31041989
m__wpu0561_ppi_crude__lag002,0.99373,0.013443,0.298847,0.3103327
q__bogz1fa573061143q_private_db_pension_ts_tx__lag006,0.978056,0.232707,0.084454,0.31020113
q__bogz1fa513061105q_pc_insurance_ts_tx__lag007,0.974922,0.210868,0.106643,0.30954786
q__psave_psave__lag008,0.968652,0.029027,0.289783,0.30881601
m__mtsr133fms_fedgov_rcpt__lag003,0.570533,0.1728,0.368397,0.30877093
m__wtisplc_wtisplc__lag005,1.0,0.018639,0.290081,0.30871962
q__bogz1lm553061103q_closed_end_funds_ts__lag003,1.0,0.178334,0.130348,0.3086821
m__usphci_usphci__lag002,0.592476,0.001939,0.518722,0.30847938
q__bogz1fa573061133q_private_dc_pension_ts_tx__lag007,0.974922,0.096602,0.219679,0.30834953
q__bogz1fa593061105q_pension_ts_tx__lag004,0.984326,0.133108,0.179665,0.30787078
m__usphci_usphci__lag003,0.592476,0.001896,0.51764,0.30781314
q__bogz1lm553061103q_closed_end_funds_ts__lag006,0.990596,0.18663,0.123465,0.3071786
q__bogz1fr763061100q_usb_tsy_oth_reval__lag008,0.971787,0.15557,0.16032,0.30697854
q__bogz1fr553061103q_closed_end_funds_ts_reval__lag004,0.984326,0.153999,0.157325,0.30644449
q__bogz1fr793061105q_dom_fin_sector_tsy_reval__lag001,0.99373,0.115581,0.192755,0.3064029
m__usphci_usphci__lag004,0.589342,0.004889,0.514934,0.30635338
q__bogz1fr753061103q_usb_tsy_for_reval__lag006,0.978056,0.178197,0.134361,0.30569905
m__wtisplc_wtisplc__lag004,1.0,0.000341,0.305327,0.30566839
q__ib0000043q086sbea_imp_ind_pi__lag007,0.717868,0.047798,0.377916,0.30560654
q__bogz1fa653061105q_mutual_funds_ts_tx__lag004,0.984326,0.135838,0.174389,0.30536541
m__baaffm_baaff__lag001,0.899687,0.201347,0.137462,0.30482148
m__ltdacbm027nbog_ltd__lag005,0.664577,0.020476,0.438143,0.30478721
q__ib0000043q086sbea_imp_ind_pi__lag008,0.714734,0.041779,0.384615,0.30475797
m__mcumfn_caputil_man__lag001,0.680251,0.286432,0.161278,0.30455504
m__wtisplc_wtisplc__lag007,1.0,0.0378,0.266379,0.3041798
m__wpu0561_ppi_crude__lag003,0.99373,0.010175,0.295913,0.30416912
m__usphci_usphci__lag005,0.589342,0.002165,0.513466,0.30388267
q__bogz1fa573061105q_private_pension_ts_tx__lag003,0.987461,0.114292,0.193437,0.30387008
m__usphci_usphci__lag006,0.589342,0.003286,0.51219,0.30379109
q__bogz1fa513061113q_pci_bills_tx__lag007,0.974922,0.218312,0.09314,0.30364149
q__bogz1lm553061103q_closed_end_funds_ts__lag005,0.99373,0.185245,0.119673,0.30300659
m__uempmean_uempmean__lag008,0.974922,0.033126,0.277467,0.30280431
m__usphci_usphci__lag007,0.586207,0.007353,0.508907,0.30263504
q__bogz1fa563061103q_etfs_ts_tx__lag004,0.984326,0.08562,0.221418,0.30222581
q__bogz1fl673061103q_abs_issuers_ts__lag002,1.0,0.099147,0.20298,0.30212721
m__wpu0561_ppi_crude__lag005,0.990596,0.026208,0.278537,0.30187953
q__bogz1fa633061110q_mmf_bills_tx__lag007,0.974922,0.017086,0.292343,0.3016686
q__bogz1fr563061103q_etfs_ts_reval__lag008,0.971787,0.153837,0.156064,0.30115762
q__bogz1fl713123030q_tga__lag008,0.984326,0.050532,0.255292,0.30103125
q__bogz1fl713123030q_tga_z1__lag008,0.984326,0.050532,0.255292,0.30103125
m__rmfsl_mmf__lag006,0.664577,0.040878,0.412066,0.3010163
q__bogz1fa543461113q_li_bills_tx__lag007,0.974922,0.093619,0.214381,0.30027591
q__bogz1fa543061175q_life_insurance_ts_tx__lag001,0.99373,0.105499,0.196505,0.30011083
q__b639rg3q086sbea_exp_ind_pi__lag007,0.721003,0.034368,0.381247,0.29965909
q__bogz1fa763061100q_usb_tsy_oth_tx__lag006,0.978056,0.098704,0.207621,0.29960246
m__usphci_usphci__lag008,0.586207,0.003946,0.506815,0.29941152
q__bogz1fr343061113q_fed_gov_dcf_retirement_ts_reval__lag001,0.99373,0.131188,0.169868,0.29916862
m__recprousm156n_recprob__lag006,0.733542,0.163314,0.244151,0.29889289
q__bogz1fr563061103q_etfs_ts_reval__lag002,0.990596,0.152327,0.149318,0.29880759
m__wpu0561_ppi_crude__lag008,0.987461,0.06395,0.238484,0.29864121
m__usphci_usphci__lag009,0.586207,0.00389,0.505027,0.29833065
q__bogz1fr213061103q_state_local_gov_ts_reval__lag001,0.99373,0.103556,0.196639,0.29831236
q__bogz1fa263061145q_row_priv_tsy_tx__lag008,0.971787,0.022379,0.284005,0.29773919
q__qbpbsrskk_tier1rbc__lag001,0.526646,0.089438,0.47584,0.29770106
q__qbpbslevk_tier1lc__lag001,0.526646,0.089182,0.475943,0.29762081
q__rowmslq027s_row_muni_flow__lag002,0.990596,0.108803,0.191506,0.29748533
d__t10y2y_t10y2y__lag001,0.626959,0.275771,0.198649,0.29744205
q__bogz1fa763061100q_usb_tsy_oth_tx__lag007,0.974922,0.105837,0.198935,0.29712926
m__mtsr133fms_fedgov_rcpt__lag004,0.567398,0.009634,0.513952,0.2970819
m__wpu0561_ppi_crude__lag006,0.990596,0.033626,0.266189,0.29699563
q__rowcpaq027s_row_commercialpaper_flow__lag008,0.971787,0.222261,0.082701,0.29635763
q__bogz1lm553061103q_closed_end_funds_ts__lag008,0.984326,0.177087,0.123834,0.29620456
q__bogz1lm903061103q_instrument_discrepancies_ts__lag008,0.984326,0.089415,0.211348,0.29604841
d__t10y2y_t10y2y__lag007,0.626959,0.273276,0.198864,0.29601296
q__bogz1fr763061100q_usb_tsy_oth_reval__lag002,0.990596,0.06235,0.236257,0.29579926
q__bogz1lm553061103q_closed_end_funds_ts__lag007,0.987461,0.180378,0.119036,0.29565949
d__t10y2y_t10y2y__lag006,0.626959,0.271803,0.199288,0.29535457
d__t10y2y_t10y2y__lag008,0.626959,0.273923,0.197072,0.29529503
q__bogz1fr263061130q_row_gov_tsy_reval__lag008,0.971787,0.171962,0.131687,0.29508214
m__umcsent_umcsent__lag008,0.915361,0.103056,0.219249,0.29502505
d__dexchus_dexchus__lag003,0.567398,0.22868,0.291253,0.29500895
q__bogz1fl633061110q_mmf_bills_raw__lag008,0.984326,0.061429,0.238149,0.29488284
q__bogz1fl633061110q_mmf_bills__lag008,0.984326,0.061429,0.238149,0.29488284
m__ltdacbm027nbog_ltd__lag004,0.664577,0.008496,0.435136,0.29482815
q__bogz1fa213061103q_state_local_gov_ts_tx__lag006,0.978056,0.095958,0.205369,0.29471444
d__dexchus_dexchus__lag004,0.567398,0.228536,0.290876,0.29471333
q__bogz1fa313161110q_totalbills_z1_tx__lag006,0.978056,0.070661,0.230501,0.29455299
d__dexchus_dexchus__lag001,0.567398,0.22901,0.289932,0.29444694
q__bogz1fa513061105q_pc_insurance_ts_tx__lag006,0.978056,0.106707,0.1942,0.29430397
q__bogz1fr713061103q_cb_tsy_reval__lag008,0.971787,0.149884,0.152792,0.29413687
d__dexchus_dexchus__lag005,0.567398,0.227114,0.290505,0.29369588
d__dexchus_dexchus__lag002,0.567398,0.227222,0.290331,0.29365882
m__recprousm156n_recprob__lag003,0.736677,0.10598,0.292634,0.29365
q__bogz1fr693061105q_nonmmf_ts_reval__lag001,0.99373,0.106996,0.188435,0.29357834
q__bogz1fr693061105q_nonmmmf_ts_reval__lag001,0.99373,0.106996,0.188435,0.29357834
q__bogz1fa473061105q_credit_unions_ts_tx__lag002,0.990596,0.065828,0.230387,0.29342959
q__bogz1fa653061113q_mutf_bills_tx__lag006,0.978056,0.185848,0.114144,0.29340967
d__t10y2y_t10y2y__lag010,0.626959,0.2719,0.19605,0.29338549
d__dexchus_dexchus__lag017,0.567398,0.229066,0.287196,0.29292645
d__t10y2y_t10y2y__lag002,0.626959,0.273474,0.193541,0.29279962
d__t10y2y_t10y2y__lag009,0.626959,0.273369,0.193576,0.29275509
d__dexchus_dexchus__lag016,0.567398,0.228159,0.28776,0.29273146
q__bogz1fr383061105q_dom_nonfin_sector_tsy_reval__lag003,0.987461,0.190597,0.105825,0.29270506
q__bogz1fa513061113q_pci_bills_tx__lag002,0.990596,0.1426,0.152883,0.2927037
m__rmfsl_mmf__lag001,0.667712,0.038067,0.40016,0.29260982
m__wpu0561_ppi_crude__lag001,0.99373,0.003092,0.291236,0.29248219
d__dexchus_dexchus__lag015,0.567398,0.227672,0.287682,0.29241086
q__bogz1fa573061143q_private_db_pension_ts_tx__lag001,0.99373,0.127352,0.166609,0.29211876
q__bopbca_bopbca__lag008,0.805643,0.022531,0.33981,0.29191801
d__dexchus_dexchus__lag006,0.567398,0.224086,0.290105,0.29175122
q__ncbtsaq027s_nfcb_tsy_tx__lag001,0.99373,0.18293,0.110442,0.2915331
d__dexchus_dexchus__lag008,0.567398,0.223814,0.289909,0.29148548
d__t10y2y_t10y2y__lag014,0.626959,0.27136,0.193448,0.2914161
d__dexchus_dexchus__lag010,0.567398,0.224037,0.289333,0.29128504
d__dexchus_dexchus__lag025,0.567398,0.226646,0.286716,0.29128051
q__bogz1fr473061105q_credit_unions_ts_reval__lag001,0.99373,0.110593,0.182435,0.29119083
q__bogz1fr103061103q_nfcb_tsy_reval__lag003,0.987461,0.191083,0.103788,0.29117352
d__dexchus_dexchus__lag020,0.567398,0.226239,0.286836,0.29111772
d__t10y2y_t10y2y__lag012,0.626959,0.27214,0.192178,0.29110835
d__dexchus_dexchus__lag021,0.567398,0.226066,0.286896,0.29105336
d__dexchus_dexchus__lag018,0.567398,0.226092,0.286762,0.29099203
q__bogz1fl673061103q_abs_issuers_ts__lag001,1.0,0.058235,0.232747,0.29098204
d__dexchus_dexchus__lag023,0.567398,0.225673,0.287095,0.29094365
q__bogz1fa573061133q_private_dc_pension_ts_tx__lag005,0.981191,0.159447,0.137027,0.29089727
m__wpu0561_ppi_crude__lag004,0.990596,0.005868,0.287742,0.29084874
d__t10y2y_t10y2y__lag003,0.626959,0.272909,0.190944,0.29081674
d__dexchus_dexchus__lag022,0.567398,0.225571,0.286831,0.29073563
d__dexchus_dexchus__lag007,0.567398,0.222253,0.289997,0.29064973
d__t10y2y_t10y2y__lag017,0.626959,0.268887,0.194624,0.29060243
d__dexchus_dexchus__lag009,0.567398,0.222294,0.289682,0.29049417
d__t10y2y_t10y2y__lag013,0.626959,0.269035,0.194244,0.29045723
m__mtso133fms_fedgov_out__lag010,0.561129,0.084113,0.433478,0.29043533
d__dexchus_dexchus__lag024,0.567398,0.225199,0.286619,0.29040448
d__t10y2y_t10y2y__lag011,0.626959,0.271908,0.190981,0.29021228
d__dexchus_dexchus__lag014,0.567398,0.223119,0.28834,0.29020055
m__uempmean_uempmean__lag010,0.971787,0.024958,0.273609,0.29014397
d__dexchus_dexchus__lag011,0.567398,0.222483,0.288758,0.2900768
m__baaffm_baaff__lag008,0.893417,0.136223,0.188213,0.28985692
m__recprousm156n_recprob__lag004,0.736677,0.123347,0.26995,0.2897329
q__qbpbsrskk_tier1rbc__lag002,0.523511,0.079535,0.47378,0.28966663
d__dexchus_dexchus__lag032,0.567398,0.223986,0.286479,0.28963666
q__qbpbslevk_tier1lc__lag002,0.523511,0.079326,0.473866,0.28960207
d__dexchus_dexchus__lag026,0.567398,0.22408,0.286255,0.28956294
d__dexchus_dexchus__lag030,0.567398,0.223764,0.286543,0.28954732
d__dexchus_dexchus__lag019,0.567398,0.22429,0.285989,0.28953105
d__dexchus_dexchus__lag013,0.567398,0.221695,0.288539,0.28950575
d__t10y2y_t10y2y__lag015,0.626959,0.268983,0.192691,0.28945109
d__dexchus_dexchus__lag012,0.567398,0.221477,0.288607,0.28942036
d__dexchus_dexchus__lag031,0.567398,0.223962,0.286079,0.28939627
d__dexchus_dexchus__lag033,0.567398,0.222989,0.286898,0.28930927
m__rmfsl_mmf__lag005,0.664577,0.024914,0.410252,0.28920167
d__dexchus_dexchus__lag029,0.567398,0.223361,0.28621,0.28912929
d__dexchus_dexchus__lag027,0.567398,0.222866,0.286135,0.2888062
d__t10y2y_t10y2y__lag005,0.626959,0.267422,0.193132,0.28874913
d__dexchus_dexchus__lag034,0.567398,0.222101,0.286699,0.28869222
d__dexchus_dexchus__lag035,0.567398,0.222418,0.286166,0.28856976
d__dexchus_dexchus__lag028,0.567398,0.222231,0.286294,0.28853595
d__dexchus_dexchus__lag044,0.567398,0.221884,0.286537,0.28847744
q__bogz1fr573061143q_private_db_pension_ts_reval__lag001,0.99373,0.121159,0.169121,0.28846
d__dexchus_dexchus__lag036,0.567398,0.221922,0.28644,0.28844381
m__mtsds133fms_fed_surplus_deficit__lag010,0.561129,0.263015,0.250961,0.28840684
d__t10y2y_t10y2y__lag016,0.626959,0.269143,0.190803,0.28836699
d__t10y2y_t10y2y__lag004,0.626959,0.270589,0.189346,0.28836016
q__rhvrusq156n_owner_vacancy__lag007,0.858934,0.134375,0.20116,0.2882021
q__bogz1fr263061130q_row_gov_tsy_reval__lag002,0.990596,0.073849,0.216658,0.28777454
q__b639rg3q086sbea_exp_ind_pi__lag005,0.727273,0.037718,0.357833,0.28767316
d__dexchus_dexchus__lag045,0.567398,0.220545,0.286202,0.28752735
d__dexchus_dexchus__lag046,0.567398,0.219021,0.286956,0.28709056
d__dexchus_dexchus__lag043,0.567398,0.219523,0.286222,0.28695894
q__bogz1fr223061143q_state_local_db_retirement_ts_reval__lag002,0.990596,0.075232,0.214272,0.28678128
d__dexchus_dexchus__lag037,0.567398,0.219165,0.286254,0.28677382
m__recprousm156n_recprob__lag001,0.739812,0.038501,0.348831,0.28655235
d__dexchus_dexchus__lag041,0.567398,0.218973,0.285933,0.28648218
d__dexchus_dexchus__lag047,0.567398,0.218075,0.286761,0.28644281
m__baaffm_baaff__lag002,0.899687,0.200864,0.117497,0.28642548
d__dexchus_dexchus__lag042,0.567398,0.218685,0.286038,0.28637897
q__bogz1fa743061103q_usb_tsy_dom_tx__lag003,0.987461,0.196632,0.093342,0.28633805
q__bogz1fr223061143q_state_local_db_retirement_ts_reval__lag006,0.978056,0.142625,0.150096,0.28629776
d__dexchus_dexchus__lag040,0.567398,0.218317,0.286251,0.28629081
m__wpu0561_ppi_crude__lag009,0.987461,0.065384,0.224374,0.28612489
d__t10y2y_t10y2y__lag018,0.626959,0.266239,0.189495,0.28572705
d__dexchus_dexchus__lag038,0.567398,0.216914,0.28595,0.28532417
d__dexchus_dexchus__lag048,0.567398,0.21624,0.286337,0.28516132
d__dexchus_dexchus__lag039,0.567398,0.216624,0.285695,0.28501525
q__bogz1fr763061100q_usb_tsy_oth_reval__lag007,0.974922,0.157165,0.134966,0.28480496
q__bogz1lm553061103q_closed_end_funds_ts__lag002,1.0,0.165531,0.119165,0.28469565
d__dexchus_dexchus__lag049,0.567398,0.215034,0.28644,0.28453537
q__rownblq027s_row_nonfinbusinessloans_flow__lag002,0.990596,0.023014,0.264205,0.28451781
q__tgdef_net_gov_sav__lag008,0.968652,0.027894,0.265601,0.28429437
d__dexchus_dexchus__lag051,0.567398,0.215235,0.285687,0.28422255
d__dexchus_dexchus__lag052,0.567398,0.215147,0.285327,0.2839678
q__ncbtsaq027s_nfcb_tsy_tx__lag002,0.990596,0.171961,0.114525,0.28379139
m__rmfsl_mmf__lag002,0.667712,0.020896,0.403705,0.28351131
d__t10y2y_t10y2y__lag021,0.626959,0.264166,0.188009,0.2834953
d__dexchus_dexchus__lag057,0.567398,0.214297,0.285259,0.28344711
m__mich_mich__lag012,0.595611,0.202508,0.273247,0.28336479
d__t10y2y_t10y2y__lag020,0.626959,0.26828,0.183475,0.28323199
d__dexchus_dexchus__lag050,0.567398,0.212812,0.286327,0.28321037
d__dexchus_dexchus__lag055,0.567398,0.213927,0.284888,0.28302662
q__bogz1fr343061105q_fed_gov_retirement_ts_reval__lag001,0.99373,0.121469,0.163093,0.282778
m__baaffm_baaff__lag007,0.893417,0.149175,0.1672,0.28265467
q__bogz1fr573061105q_private_pension_ts_reval__lag001,0.99373,0.119908,0.164449,0.28257369
q__qbpbsrskk_tier1rbc__lag003,0.520376,0.073216,0.469485,0.28240858
d__dexchus_dexchus__lag053,0.567398,0.212042,0.285626,0.282376
q__qbpbslevk_tier1lc__lag003,0.520376,0.073042,0.469542,0.28234779
d__t10y2y_t10y2y__lag027,0.626959,0.26039,0.189572,0.28210756
d__dexchus_dexchus__lag054,0.567398,0.211976,0.284635,0.28177661
m__mtsr133fms_fedgov_rcpt__lag008,0.564263,0.039455,0.459685,0.28164677
q__bogz1fa713061103q_cb_tsy_tx__lag006,0.978056,0.034246,0.253488,0.28142062
m__baaffm_baaff__lag009,0.893417,0.12475,0.19017,0.28135499
d__t10y2y_t10y2y__lag028,0.626959,0.261408,0.187258,0.28129501
d__dexchus_dexchus__lag056,0.567398,0.210323,0.284961,0.28102308
m__mtsds133fms_fed_surplus_deficit__lag005,0.567398,0.207214,0.287636,0.28077671
q__bogz1fl713068703q_fed_dw_a__lag001,1.0,0.083151,0.197561,0.28071167
q__bogz1fr513061105q_pc_insurance_ts_reval__lag005,0.981191,0.142573,0.143441,0.28063476
q__rowmmfq027s_row_moneymarketfundshares_flow__lag007,0.974922,0.091011,0.196687,0.28048269
m__umcsent_umcsent__lag007,0.915361,0.061763,0.244489,0.28033167
d__t10y2y_t10y2y__lag019,0.626959,0.263367,0.18376,0.28033086
q__bogz1fa263061145q_row_priv_tsy_tx__lag006,0.978056,0.021908,0.264693,0.28031228
q__bogz1fr593061105q_pension_ts_reval__lag001,0.99373,0.109493,0.172375,0.28010063
q__bogz1fr343061105q_fed_gov_retirement_ts_reval__lag002,0.990596,0.055734,0.227004,0.28007855
q__bogz1fa573061133q_private_dc_pension_ts_tx__lag008,0.971787,0.068603,0.21958,0.28005292
d__dexchus_dexchus__lag058,0.567398,0.209041,0.28415,0.27983526
d__t10y2y_t10y2y__lag022,0.626959,0.258809,0.186122,0.27895351
d__t10y2y_t10y2y__lag025,0.626959,0.261756,0.183063,0.27888297
q__bogz1fr513061105q_pc_insurance_ts_reval__lag003,0.987461,0.140096,0.14223,0.27878536
m__wtisplc_wtisplc__lag010,0.996865,0.071276,0.20813,0.2785298
m__recprousm156n_recprob__lag007,0.733542,0.166766,0.212778,0.27841116
q__bogz1fa263061110q_row_bills_tx__lag002,0.990596,0.178747,0.102227,0.27833116
m__recprousm156n_recprob__lag002,0.736677,0.05115,0.326587,0.27827038
d__dexchus_dexchus__lag062,0.567398,0.206626,0.283553,0.27812656
m__wpu0561_ppi_crude__lag007,0.987461,0.033505,0.247986,0.27796144
q__bogz1fa263061130q_row_gov_tsy_tx__lag002,0.990596,0.150265,0.130278,0.27790499
d__dexchus_dexchus__lag060,0.567398,0.205543,0.283746,0.27762147
q__bogz1fr663061165q_brokers_dealers_long_ts_reval__lag001,0.99373,0.103587,0.175755,0.27759109
d__dexchus_dexchus__lag059,0.567398,0.205177,0.283985,0.27754978
d__t10y2y_t10y2y__lag024,0.626959,0.259702,0.182906,0.27749665
q__bogz1fa663061165q_brokers_dealers_long_ts_tx__lag008,0.971787,0.196968,0.088553,0.27746506
m__rmfsl_mmf__lag003,0.667712,0.009595,0.405756,0.27733403
d__dexchus_dexchus__lag061,0.567398,0.20469,0.283688,0.27710489
q__qbpbsrskk_tier1rbc__lag004,0.517241,0.073126,0.462222,0.27690409
d__t10y2y_t10y2y__lag026,0.626959,0.257828,0.183727,0.27683719
q__qbpbslevk_tier1lc__lag004,0.517241,0.07301,0.462182,0.27682323
d__dexchus_dexchus__lag063,0.567398,0.204711,0.283161,0.2768175
d__dexchus_dexchus__lag072,0.567398,0.205471,0.28223,0.27672066
m__recprousm156n_recprob__lag005,0.733542,0.100436,0.276557,0.27654033
d__dexchus_dexchus__lag070,0.567398,0.205176,0.281954,0.27639647
q__bogz1fa343061123q_fed_gov_dcg_retirement_ts_tx__lag003,0.987461,0.031086,0.248799,0.27637565
q__qbpbsrskk_tier1rbc__lag005,0.514107,0.079709,0.457726,0.2762985
q__qbpbslevk_tier1lc__lag005,0.514107,0.079663,0.457658,0.27624002
q__fgdef_fgdef__lag008,0.968652,0.06928,0.215894,0.27623425
m__baaffm_baaff__lag003,0.899687,0.197206,0.109188,0.27565851
q__bogz1fr343061165q_fed_gov_db_retirement_ts_reval__lag007,0.974922,0.152629,0.130075,0.27561394
d__dexchus_dexchus__lag064,0.567398,0.202362,0.283162,0.27548549
q__bogz1fa573061143q_private_db_pension_ts_tx__lag005,0.981191,0.180134,0.10057,0.27542459
d__dexchus_dexchus__lag069,0.567398,0.203451,0.281927,0.27540233
d__dexchus_dexchus__lag071,0.567398,0.203506,0.281632,0.27526599
m__rmfsl_mmf__lag004,0.664577,0.006527,0.407654,0.27525515
d__dexchus_dexchus__lag066,0.567398,0.20257,0.282311,0.2751208
q__qbpbsrskk_tier1rbc__lag008,0.504702,0.089452,0.455617,0.27509757
q__qbpbslevk_tier1lc__lag008,0.504702,0.089577,0.45544,0.27507148
d__dexchus_dexchus__lag083,0.567398,0.203308,0.281433,0.27504095
d__dexchus_dexchus__lag067,0.567398,0.202201,0.282363,0.2749406
d__dexchus_dexchus__lag074,0.567398,0.202772,0.281694,0.27488546
d__dexchus_dexchus__lag068,0.567398,0.202316,0.282122,0.27486956
d__dexchus_dexchus__lag084,0.567398,0.202256,0.281988,0.27475924
q__qbpbsrskk_tier1rbc__lag006,0.510972,0.082617,0.455079,0.27474771
d__t10y2y_t10y2y__lag029,0.626959,0.255331,0.182866,0.2747317
q__qbpbslevk_tier1lc__lag006,0.510972,0.082647,0.455,0.27472265
d__dexchus_dexchus__lag082,0.567398,0.202657,0.281492,0.27470482
d__dexchus_dexchus__lag073,0.567398,0.202164,0.281883,0.2746473
d__dexchus_dexchus__lag065,0.567398,0.201416,0.282315,0.27446816
d__t10y2y_t10y2y__lag034,0.623824,0.248652,0.191307,0.27445672
q__bogz1fr593061105q_pension_ts_reval__lag002,0.990596,0.062596,0.214305,0.27429673
q__bogz1fa473061105q_credit_unions_ts_tx__lag001,0.99373,0.0626,0.213236,0.27410662
q__qbpbsrskk_tier1rbc__lag007,0.507837,0.085147,0.453869,0.27373205
q__qbpbslevk_tier1lc__lag007,0.507837,0.085213,0.453728,0.27369427
q__rowmslq027s_row_muni_flow__lag005,0.981191,0.04259,0.236078,0.2734268
d__dexchus_dexchus__lag081,0.567398,0.20023,0.281477,0.27331976
d__dexchus_dexchus__lag075,0.567398,0.199444,0.282069,0.27320954
d__t10y2y_t10y2y__lag030,0.626959,0.254586,0.181164,0.27319747
d__t10y2y_t10y2y__lag035,0.623824,0.249774,0.188132,0.27317684
q__bogz1fr343061165q_fed_gov_db_retirement_ts_reval__lag008,0.971787,0.179554,0.101463,0.27308838
d__dexchus_dexchus__lag076,0.567398,0.199113,0.282052,0.27301237
m__wtisplc_wtisplc__lag011,0.996865,0.064467,0.20935,0.27295902
d__t10y2y_t10y2y__lag031,0.623824,0.254329,0.182938,0.27277756
d__t10y2y_t10y2y__lag023,0.626959,0.254419,0.180542,0.27270278
q__b639rg3q086sbea_exp_ind_pi__lag006,0.724138,0.002848,0.373676,0.27265517
q__bogz1fr223061143q_state_local_db_retirement_ts_reval__lag001,0.99373,0.095006,0.179345,0.27263082
q__bogz1fa543061175q_life_insurance_ts_tx__lag003,0.987461,0.078878,0.197119,0.27253678
d__dexchus_dexchus__lag077,0.567398,0.198085,0.281964,0.27237891
q__bogz1fa593061105q_pension_ts_tx__lag001,0.99373,0.130283,0.14346,0.27202675
d__dexchus_dexchus__lag079,0.567398,0.197327,0.282083,0.27201659
q__bogz1fa223061143q_state_local_db_retirement_ts_tx__lag002,0.990596,0.066961,0.207537,0.27191673
d__dexchus_dexchus__lag078,0.567398,0.197202,0.28203,0.27191547
m__mich_mich__lag010,0.595611,0.213181,0.24313,0.27178355
q__bogz1fa543461113q_li_bills_tx__lag001,0.99373,0.113962,0.159225,0.2714746
d__dexchus_dexchus__lag085,0.567398,0.196843,0.281606,0.27147105
d__dexchus_dexchus__lag086,0.567398,0.196885,0.281349,0.2713488
q__bogz1fa663061165q_brokers_dealers_long_ts_tx__lag004,0.984326,0.135339,0.140283,0.27130177
q__bogz1fr343061113q_fed_gov_dcf_retirement_ts_reval__lag002,0.990596,0.049498,0.224337,0.27125977
m__mtsds133fms_fed_surplus_deficit__lag012,0.561129,0.249727,0.233617,0.27121843
d__dexchus_dexchus__lag080,0.567398,0.196614,0.281337,0.27118882
q__bogz1lm553061103q_closed_end_funds_ts__lag001,1.0,0.148823,0.122223,0.27104593
d__t10y2y_t10y2y__lag033,0.623824,0.247492,0.186765,0.27090014
q__hnotsbq027s_hhnp_tsy_tx__lag005,0.981191,0.025938,0.249747,0.2704989
d__t10y2y_t10y2y__lag032,0.623824,0.250671,0.182907,0.27047692
q__bogz1fr553061103q_closed_end_funds_ts_reval__lag005,0.981191,0.19316,0.082241,0.27022087
d__dexchus_dexchus__lag087,0.567398,0.195144,0.280997,0.27016196
q__bogz1fa473061105q_credit_unions_ts_tx__lag007,0.974922,0.122735,0.154337,0.27012375
q__bogz1fr573061133q_private_dc_pension_ts_reval__lag001,0.99373,0.116291,0.155507,0.27009344
m__baaffm_baaff__lag010,0.890282,0.09971,0.203509,0.2699511
d__dexchus_dexchus__lag089,0.567398,0.190732,0.284752,0.26978868
d__dexchus_dexchus__lag088,0.567398,0.193279,0.280843,0.26901575
m__wtisplc_wtisplc__lag012,0.996865,0.07205,0.197745,0.26894877
q__bogz1fr733061103q_holding_companies_ts_reval__lag001,0.99373,0.101071,0.169244,0.26862062
q__bogz1fr213061103q_state_local_gov_ts_reval__lag002,0.990596,0.07471,0.196408,0.26856882
q__rowmmfq027s_row_moneymarketfundshares_flow__lag006,0.978056,0.098011,0.176164,0.26815823
q__bogz1fa513061105q_pc_insurance_ts_tx__lag004,0.984326,0.115628,0.156191,0.26755813
q__rowcpaq027s_row_commercialpaper_flow__lag006,0.978056,0.144625,0.128714,0.26734086
q__bogz1fa653061105q_mutual_funds_ts_tx__lag006,0.978056,0.087418,0.185779,0.26720124
m__umcsent_umcsent__lag004,0.918495,0.066201,0.224508,0.26701497
q__bogz1fr343061165q_fed_gov_db_retirement_ts_reval__lag002,0.990596,0.078579,0.190962,0.26700608
d__dexchus_dexchus__lag090,0.564263,0.190611,0.281759,0.26654111
q__bogz1fr103061103q_nfcb_tsy_reval__lag001,0.99373,0.148723,0.119229,0.26627193
q__bogz1fr653061105q_mutual_funds_ts_reval__lag006,0.978056,0.128178,0.143743,0.26595384
d__t10y2y_t10y2y__lag036,0.623824,0.244393,0.181745,0.26583569
q__bogz1fa223061143q_state_local_db_retirement_ts_tx__lag007,0.974922,0.159656,0.112934,0.2657537
m__uempmean_uempmean__lag011,0.971787,0.005585,0.267692,0.26556699
q__rowmmfq027s_row_moneymarketfundshares_flow__lag008,0.971787,0.112641,0.160555,0.26548825
q__bogz1fa733061103q_holding_companies_ts_tx__lag004,0.984326,0.115262,0.154427,0.2654621
q__bogz1fr343061113q_fed_gov_dcf_retirement_ts_reval__lag006,0.978056,0.128894,0.142228,0.26517295
q__bogz1fr693061105q_nonmmf_ts_reval__lag002,0.990596,0.075338,0.192283,0.26510372
q__bogz1fr693061105q_nonmmmf_ts_reval__lag002,0.990596,0.075338,0.192283,0.26510372
q__bogz1fr593061105q_pension_ts_reval__lag006,0.978056,0.132143,0.138538,0.2647412
q__bogz1fa343061123q_fed_gov_dcg_retirement_ts_tx__lag006,0.978056,0.110722,0.159833,0.26461826
q__bogz1fa473061105q_credit_unions_ts_tx__lag003,0.987461,0.103711,0.164226,0.26457666
q__rowmfsq027s_row_mutualfundshares_flow__lag001,0.99373,0.076666,0.189424,0.26442198
m__uempmean_uempmean__lag012,0.971787,0.023497,0.24846,0.26428332
q__bogz1fa743061103q_usb_tsy_dom_tx__lag001,0.99373,0.069535,0.19603,0.26389999
q__rowceaq027s_row_corpequities_flow__lag004,0.984326,0.020629,0.247172,0.26360316
q__bogz1fa513061113q_pci_bills_tx__lag008,0.971787,0.022232,0.248533,0.26312611
q__bogz1fr153061105q_hhnp_tsy_reval__lag003,0.987461,0.179198,0.087013,0.2628725
q__bogz1fr573061143q_private_db_pension_ts_reval__lag002,0.990596,0.045083,0.219977,0.26256806
m__wpu0561_ppi_crude__lag011,0.984326,0.069862,0.196698,0.26238122
q__bogz1fa693061105q_nonmmf_ts_tx__lag006,0.978056,0.0693,0.198787,0.26220418
q__bogz1fa693061105q_nonmmmf_ts_tx__lag006,0.978056,0.0693,0.198787,0.26220418
m__baaffm_baaff__lag004,0.896552,0.174182,0.118196,0.26213174
q__bogz1fr793061105q_dom_fin_sector_tsy_reval__lag002,0.990596,0.073733,0.190668,0.26191436
q__bogz1fr743061103q_usb_tsy_dom_reval__lag001,0.99373,0.092123,0.171306,0.26177757
d__t10y2y_t10y2y__lag037,0.623824,0.240567,0.178961,0.26171218
d__t10y2y_t10y2y__lag038,0.623824,0.237666,0.181114,0.26124491
q__bogz1fr653061105q_mutual_funds_ts_reval__lag002,0.990596,0.054473,0.208845,0.26084164
q__bogz1fa573061105q_private_pension_ts_tx__lag004,0.984326,0.156922,0.108063,0.26083146
q__rowgseq027s_row_agency_flow__lag008,0.971787,0.105789,0.162486,0.26070644
q__bogz1fa513061113q_pci_bills_tx__lag005,0.981191,0.016702,0.248525,0.26023885
q__bogz1fr343061105q_fed_gov_retirement_ts_reval__lag006,0.978056,0.125218,0.140838,0.26021726
m__uempmean_uempmean__lag009,0.974922,0.016424,0.250476,0.26020683
q__bogz1fa543061175q_life_insurance_ts_tx__lag004,0.984326,0.021098,0.243194,0.26014992
q__bogz1fr573061105q_private_pension_ts_reval__lag002,0.990596,0.051313,0.211041,0.25988651
m__baaffm_baaff__lag006,0.896552,0.143709,0.146012,0.25974944
d__t10y2y_t10y2y__lag047,0.623824,0.234791,0.180975,0.25936521
d__t10y2y_t10y2y__lag050,0.623824,0.236299,0.178995,0.25907083
m__umcsent_umcsent__lag003,0.918495,0.090084,0.191945,0.2590425
q__bogz1fl712051000q_fed_rrp__lag008,0.984326,0.013486,0.249562,0.25892517
d__t10y2y_t10y2y__lag044,0.623824,0.239871,0.174065,0.25822361
q__bogz1fr553061103q_closed_end_funds_ts_reval__lag002,0.990596,0.037166,0.222747,0.25746857
q__bogz1lm343061165q_fed_gov_db_retirement_ts__lag004,0.996865,0.095745,0.162323,0.25725846
q__bogz1lm343061165q_fed_ret_tsy_db__lag004,0.996865,0.095745,0.162323,0.25725846
q__bogz1fa573061105q_private_pension_ts_tx__lag005,0.981191,0.206483,0.055678,0.25723098
d__t10y2y_t10y2y__lag039,0.623824,0.234218,0.178008,0.25715648
q__bogz1fa543461113q_li_bills_tx__lag006,0.978056,0.019243,0.243425,0.25690492
d__t10y2y_t10y2y__lag040,0.623824,0.232728,0.178795,0.25671799
q__rhvrusq156n_owner_vacancy__lag006,0.862069,0.086018,0.21163,0.25659319
d__t10y2y_t10y2y__lag046,0.623824,0.235908,0.17528,0.25650872
d__t10y2y_t10y2y__lag049,0.623824,0.236062,0.175102,0.25649387
q__bogz1fa313161305q_gov_nonmarketable_ts_tx__lag002,0.990596,0.06731,0.191547,0.25642213
d__t10y2y_t10y2y__lag048,0.623824,0.233629,0.177332,0.25636744
d__t10y2y_t10y2y__lag043,0.623824,0.236426,0.174183,0.25614794
d__t10y2y_t10y2y__lag045,0.623824,0.235125,0.175249,0.2560013
d__t10y2y_t10y2y__lag052,0.623824,0.235271,0.175025,0.25595248
q__bogz1fa753061103q_usb_tsy_for_tx__lag005,0.981191,0.065315,0.195184,0.25559984
q__fgdef_fgdef__lag007,0.971787,0.024064,0.238213,0.25487727
q__bogz1lm343061165q_fed_gov_db_retirement_ts__lag003,1.0,0.095998,0.158814,0.2548126
q__bogz1lm343061165q_fed_ret_tsy_db__lag003,1.0,0.095998,0.158814,0.2548126
d__t10y2y_t10y2y__lag041,0.623824,0.233903,0.174042,0.25448603
d__t10y2y_t10y2y__lag051,0.623824,0.233881,0.173652,0.2542287
d__t10y2y_t10y2y__lag042,0.623824,0.232641,0.174621,0.25405987
q__bogz1fr263061145q_row_priv_tsy_reval__lag007,0.974922,0.149966,0.110004,0.2534506
d__t10y2y_t10y2y__lag053,0.623824,0.233275,0.172912,0.25338984
q__bogz1fa543061175q_life_insurance_ts_tx__lag005,0.981191,0.106016,0.151944,0.25310767
q__bogz1fr263061145q_row_priv_tsy_reval__lag001,0.99373,0.026007,0.228676,0.25308677
q__bogz1fa673061103q_abs_issuers_ts_tx__lag008,0.971787,0.09137,0.168343,0.2523864
q__bogz1fr573061133q_private_dc_pension_ts_reval__lag002,0.990596,0.058898,0.195675,0.25217875
q__bogz1fa543461113q_li_bills_tx__lag005,0.981191,0.058835,0.19814,0.25214085
q__bogz1fa673061103q_abs_issuers_ts_tx__lag007,0.974922,0.062932,0.195681,0.25212771
q__bogz1fa753061103q_usb_tsy_for_tx__lag004,0.984326,0.129333,0.126526,0.25184794
m__wpu0561_ppi_crude__lag010,0.984326,0.060756,0.195016,0.25176352
d__usepuindxd_policy_uncertainty__lag057,0.517241,0.299349,0.187068,0.25159515
q__bogz1fr743061103q_usb_tsy_dom_reval__lag002,0.990596,0.077143,0.176569,0.25132556
q__bogz1fa513061105q_pc_insurance_ts_tx__lag005,0.981191,0.053213,0.202178,0.25058715
q__bogz1lm903061103q_instrument_discrepancies_ts__lag006,0.990596,0.073511,0.179295,0.25042869
q__bogz1fr693061105q_nonmmf_ts_reval__lag006,0.978056,0.121187,0.134695,0.25026683
q__bogz1fr693061105q_nonmmmf_ts_reval__lag006,0.978056,0.121187,0.134695,0.25026683
q__bogz1fr573061143q_private_db_pension_ts_reval__lag006,0.978056,0.128051,0.127803,0.25023903
d__usepuindxd_policy_uncertainty__lag039,0.517241,0.297052,0.185477,0.2495839
q__rowceaq027s_row_corpequities_flow__lag006,0.978056,0.101483,0.153027,0.24892565
d__dexusuk_dexusuk__lag089,0.689655,0.160029,0.200835,0.24887144
q__bogz1fa673061103q_abs_issuers_ts_tx__lag006,0.978056,0.016943,0.237476,0.24883603
q__bogz1fr663061165q_brokers_dealers_long_ts_reval__lag002,0.990596,0.060045,0.190725,0.24841145
q__bogz1fa313161305q_gov_nonmarketable_ts_tx__lag007,0.974922,0.039324,0.215311,0.24824869
q__bogz1fr553061103q_closed_end_funds_ts_reval__lag008,0.971787,0.148587,0.106845,0.24822485
q__cbi_cbi__lag008,0.968652,0.07223,0.184002,0.24819972
q__rowtsaq027s_row_tsy_tx__lag003,0.987461,0.074823,0.176522,0.24819309
q__bogz1fa663061165q_brokers_dealers_long_ts_tx__lag005,0.981191,0.103055,0.149769,0.2480685
q__rowmslq027s_row_muni_flow__lag003,0.987461,0.037294,0.213668,0.24781526
d__t10y2y_t10y2y__lag059,0.623824,0.223771,0.17285,0.24742198
q__bogz1fr403061105q_gses_ts_reval__lag002,0.990596,0.009669,0.240046,0.24736706
d__t10y2y_t10y2y__lag054,0.623824,0.222859,0.173396,0.24719354
q__bogz1fa263061130q_row_gov_tsy_tx__lag008,0.971787,0.060976,0.193103,0.24691054
q__bogz1fa343061113q_fed_gov_dcf_retirement_ts_tx__lag006,0.978056,0.13609,0.116123,0.24667831
d__dexusuk_dexusuk__lag087,0.69279,0.156025,0.199754,0.24647971
m__csushpinsa_cs_hpi__lag003,0.492163,0.044698,0.45598,0.24641531
m__csushpinsa_cs_hpi__lag001,0.492163,0.039362,0.461075,0.24629645
m__csushpinsa_cs_hpi__lag002,0.492163,0.041388,0.458926,0.24623589
d__dexusuk_dexusuk__lag088,0.689655,0.155296,0.201559,0.24610734
d__dexusuk_dexusuk__lag085,0.69279,0.15484,0.200333,0.24606024
d__t10y2y_t10y2y__lag055,0.623824,0.220905,0.172397,0.24535141
d__usepuindxd_policy_uncertainty__lag025,0.517241,0.293942,0.180155,0.24522272
d__t10y2y_t10y2y__lag060,0.623824,0.221619,0.170976,0.24491042
d__dexusuk_dexusuk__lag086,0.69279,0.155106,0.198291,0.24482964
d__dexusuk_dexusuk__lag084,0.69279,0.153785,0.199377,0.24466753
d__dexusuk_dexusuk__lag080,0.69279,0.156132,0.196441,0.2442592
q__bogz1fr713061103q_cb_tsy_reval__lag002,0.990596,0.072689,0.173882,0.24425169
d__dexusuk_dexusuk__lag090,0.689655,0.155908,0.198148,0.2441759
m__csushpinsa_cs_hpi__lag004,0.489028,0.048818,0.450333,0.24409901
q__bogz1fa383061105q_dom_nonfin_sector_tsy_tx__lag005,0.981191,0.064825,0.183928,0.24407504
q__rowceaq027s_row_corpequities_flow__lag005,0.981191,0.143372,0.104938,0.24363938
q__bogz1fr573061105q_private_pension_ts_reval__lag006,0.978056,0.121962,0.126998,0.24349612
m__csushpinsa_cs_hpi__lag005,0.489028,0.052247,0.445542,0.24343269
q__rowcpaq027s_row_commercialpaper_flow__lag007,0.974922,0.089648,0.15981,0.24320195
q__rownblq027s_row_nonfinbusinessloans_flow__lag003,0.987461,0.018203,0.228072,0.24318663
d__t10y2y_t10y2y__lag061,0.623824,0.222575,0.167093,0.24308463
m__umcsent_umcsent__lag012,0.909091,0.041957,0.225223,0.24289048
m__mich_mich__lag011,0.595611,0.165588,0.242045,0.24279075
d__dexusuk_dexusuk__lag083,0.69279,0.152648,0.197595,0.24264446
q__bogz1fa313161305q_gov_nonmarketable_ts_tx__lag006,0.978056,0.063809,0.18421,0.24257617
d__usepuindxd_policy_uncertainty__lag058,0.517241,0.265132,0.203369,0.24232829
m__csushpinsa_cs_hpi__lag006,0.489028,0.05529,0.440214,0.24231515
d__dexmxus_dexmxus__lag035,0.407524,0.198762,0.394991,0.24196811
d__anfci_anfci__lag077,0.69279,0.044531,0.304142,0.24155716
d__dexusuk_dexusuk__lag079,0.69279,0.153616,0.194718,0.24132198
m__mich_mich__lag009,0.598746,0.199599,0.203441,0.24131833
m__recprousm156n_recprob__lag008,0.730408,0.121643,0.208708,0.24129087
q__bogz1fr543061175q_life_insurance_ts_reval__lag001,0.99373,0.027592,0.215093,0.24116324
d__dexmxus_dexmxus__lag034,0.407524,0.195576,0.396023,0.24109058
q__bogz1fa733061103q_holding_companies_ts_tx__lag003,0.987461,0.156989,0.086955,0.24088494
m__baaffm_baaff__lag005,0.896552,0.141436,0.127226,0.2408698
d__anfci_anfci__lag078,0.69279,0.042917,0.304676,0.24080883
d__anfci_anfci__lag076,0.69279,0.044683,0.302845,0.24076371
m__dgorder_dgorder__lag002,0.429467,0.138555,0.421573,0.2405568
q__hnotsbq027s_hhnp_tsy_tx__lag004,0.984326,0.076385,0.167933,0.24048887
d__anfci_anfci__lag083,0.69279,0.040626,0.306204,0.24028037
m__csushpinsa_cs_hpi__lag009,0.485893,0.071868,0.422599,0.24025865
d__dexmxus_dexmxus__lag036,0.407524,0.193099,0.396198,0.24015217
d__dexusuk_dexusuk__lag081,0.69279,0.153342,0.192991,0.23993581
d__dexmxus_dexmxus__lag033,0.407524,0.193024,0.395605,0.23988037
m__csushpinsa_cs_hpi__lag007,0.485893,0.059801,0.43308,0.23948742
m__csushpinsa_cs_hpi__lag008,0.485893,0.065467,0.427353,0.23945828
d__anfci_anfci__lag071,0.69279,0.044012,0.301538,0.23939405
d__anfci_anfci__lag070,0.69279,0.044757,0.300743,0.23935949
d__t10y2y_t10y2y__lag063,0.623824,0.219679,0.163918,0.23929704
d__anfci_anfci__lag084,0.689655,0.038678,0.308112,0.23916572
q__bogz1fr263061105q_row_bills_reval__lag001,0.99373,0.053079,0.187415,0.23898658
q__bogz1fr263061105q_row_tsy_reval__lag001,0.99373,0.053079,0.187415,0.23898658
d__anfci_anfci__lag079,0.69279,0.041747,0.303172,0.23895625
d__t10y2y_t10y2y__lag056,0.623824,0.215088,0.167957,0.23895265
q__rhvrusq156n_owner_vacancy__lag005,0.865204,0.061298,0.214772,0.2388563
d__dexmxus_dexmxus__lag032,0.407524,0.192544,0.393472,0.23881549
d__t10y2y_t10y2y__lag062,0.623824,0.219304,0.16348,0.23878994
d__dexmxus_dexmxus__lag037,0.407524,0.192407,0.393128,0.23861953
d__anfci_anfci__lag069,0.69279,0.044038,0.300276,0.23853695
d__dexusuk_dexusuk__lag078,0.69279,0.151374,0.192741,0.23839931
d__anfci_anfci__lag081,0.69279,0.040799,0.303167,0.23829579
d__anfci_anfci__lag074,0.69279,0.042787,0.301169,0.23828946
d__usepuindxd_policy_uncertainty__lag068,0.517241,0.219292,0.241293,0.23823395
d__anfci_anfci__lag080,0.69279,0.041228,0.302541,0.23815949
m__csushpinsa_cs_hpi__lag010,0.482759,0.078045,0.415259,0.23814685
m__csushpinsa_cs_hpi__lag011,0.482759,0.081225,0.411997,0.23810706
d__anfci_anfci__lag072,0.69279,0.043406,0.300255,0.2380851
d__dexmxus_dexmxus__lag038,0.407524,0.190989,0.393033,0.2380029
m__wpu0561_ppi_crude__lag012,0.984326,0.061089,0.180604,0.23790507
q__bogz1fa383061105q_dom_nonfin_sector_tsy_tx__lag007,0.974922,0.087174,0.156785,0.23784143
d__dexmxus_dexmxus__lag001,0.407524,0.194409,0.389191,0.23783068
d__anfci_anfci__lag085,0.689655,0.036581,0.308261,0.23782209
d__dexmxus_dexmxus__lag029,0.407524,0.189967,0.39361,0.23782117
d__anfci_anfci__lag073,0.69279,0.04309,0.300151,0.23779337
m__recprousm156n_recprob__lag011,0.727273,0.072828,0.253808,0.23755359
q__bogz1lm343061165q_fed_gov_db_retirement_ts__lag005,0.99373,0.087478,0.151573,0.23755174
q__bogz1lm343061165q_fed_ret_tsy_db__lag005,0.99373,0.087478,0.151573,0.23755174
q__rhvrusq156n_owner_vacancy__lag002,0.874608,0.048402,0.222864,0.23725138
d__dexmxus_dexmxus__lag031,0.407524,0.189204,0.39293,0.23723354
d__dexusuk_dexusuk__lag068,0.69279,0.163568,0.178831,0.23721075
d__anfci_anfci__lag075,0.69279,0.040673,0.301679,0.23717816
m__mtsr133fms_fedgov_rcpt__lag006,0.567398,0.007417,0.410273,0.23699631
d__dexusuk_dexusuk__lag082,0.69279,0.149878,0.192095,0.23691557
d__dexmxus_dexmxus__lag002,0.407524,0.193661,0.387303,0.2367564
d__anfci_anfci__lag082,0.69279,0.03747,0.30402,0.23658065
d__dexmxus_dexmxus__lag039,0.407524,0.190174,0.390278,0.23654785
d__anfci_anfci__lag090,0.689655,0.032898,0.31005,0.23651542
m__csushpinsa_cs_hpi__lag012,0.482759,0.079403,0.410288,0.23640263
d__anfci_anfci__lag086,0.689655,0.035781,0.306979,0.23638633
d__dexusuk_dexusuk__lag076,0.69279,0.15086,0.190341,0.23638042
d__dexmxus_dexmxus__lag041,0.407524,0.188991,0.390967,0.23634654
d__dexmxus_dexmxus__lag030,0.407524,0.187674,0.392246,0.23633084
d__dexusuk_dexusuk__lag077,0.69279,0.151197,0.189834,0.23626337
d__dexusuk_dexusuk__lag066,0.69279,0.163377,0.177632,0.2362479
d__dexmxus_dexmxus__lag028,0.407524,0.185211,0.394197,0.23612241
d__dexmxus_dexmxus__lag040,0.407524,0.188298,0.390826,0.23600659
d__dexusuk_dexusuk__lag067,0.69279,0.161832,0.178811,0.23599402
q__bogz1fr473061105q_credit_unions_ts_reval__lag002,0.990596,0.072522,0.16566,0.23594177
d__anfci_anfci__lag067,0.69279,0.040565,0.299922,0.23588619
d__dexusuk_dexusuk__lag074,0.69279,0.154978,0.185206,0.23567603
d__t10y2y_t10y2y__lag058,0.623824,0.211663,0.166126,0.23567442
q__bogz1fr263061145q_row_priv_tsy_reval__lag006,0.978056,0.139827,0.101099,0.23563973
d__dexusuk_dexusuk__lag062,0.69279,0.158254,0.181751,0.23555187
d__dexusuk_dexusuk__lag063,0.69279,0.15831,0.181624,0.23550308
d__dexusuk_dexusuk__lag075,0.69279,0.152538,0.187299,0.23543597
d__anfci_anfci__lag088,0.689655,0.034916,0.306403,0.23539247
d__anfci_anfci__lag087,0.689655,0.035257,0.306032,0.23537161
d__dexmxus_dexmxus__lag042,0.407524,0.186041,0.391302,0.23528076
m__dgorder_dgorder__lag004,0.426332,0.149176,0.402691,0.23527869
d__anfci_anfci__lag068,0.69279,0.039582,0.299894,0.23518525
q__bogz1fa343061113q_fed_gov_dcf_retirement_ts_tx__lag001,0.99373,0.054312,0.182301,0.23512897
q__bogz1fa343061165q_fed_gov_db_retirement_ts_tx__lag002,0.990596,0.186367,0.05085,0.23498644
m__dgorder_dgorder__lag007,0.423197,0.184425,0.370771,0.23495759
d__t10y2y_t10y2y__lag064,0.623824,0.215842,0.160702,0.23489762
d__dexmxus_dexmxus__lag027,0.407524,0.184825,0.391431,0.23483791
d__dexmxus_dexmxus__lag009,0.407524,0.18926,0.386873,0.23478779
d__anfci_anfci__lag066,0.69279,0.040457,0.298347,0.23471977
d__dexusuk_dexusuk__lag064,0.69279,0.161714,0.177044,0.23468807
d__anfci_anfci__lag064,0.69279,0.04003,0.298692,0.23466281
q__bogz1fr553061103q_closed_end_funds_ts_reval__lag001,0.99373,0.053405,0.18251,0.23443561
q__bogz1fa653061113q_mutf_bills_tx__lag005,0.981191,0.089998,0.148922,0.23442612
d__anfci_anfci__lag065,0.69279,0.040337,0.297964,0.23437177
q__bogz1fa733061103q_holding_companies_ts_tx__lag002,0.990596,0.037468,0.199046,0.2342895
d__dexmxus_dexmxus__lag003,0.407524,0.187048,0.387724,0.23423313
d__t10y2y_t10y2y__lag057,0.623824,0.211224,0.164242,0.23422485
d__dexmxus_dexmxus__lag008,0.407524,0.188414,0.386018,0.23409441
q__bogz1fa663061165q_brokers_dealers_long_ts_tx__lag001,0.99373,0.139677,0.095871,0.23407117
d__anfci_anfci__lag063,0.69279,0.039956,0.297734,0.23394833
d__dexmxus_dexmxus__lag007,0.407524,0.188656,0.385413,0.2339464
d__dexusuk_dexusuk__lag061,0.69279,0.155045,0.182628,0.23393592
d__dexusuk_dexusuk__lag069,0.69279,0.159399,0.178265,0.23393025
d__anfci_anfci__lag062,0.69279,0.039886,0.297738,0.23390241
m__dgorder_dgorder__lag006,0.423197,0.145323,0.407282,0.23386135
d__dexusuk_dexusuk__lag073,0.69279,0.152547,0.185015,0.23385935
d__dexmxus_dexmxus__lag010,0.407524,0.187532,0.386021,0.23373625
d__dexusuk_dexusuk__lag060,0.69279,0.155142,0.182147,0.23367091
d__dexmxus_dexmxus__lag089,0.404389,0.191029,0.386719,0.23363496
q__rownblq027s_row_nonfinbusinessloans_flow__lag006,0.978056,0.040943,0.197877,0.23357967
d__dexmxus_dexmxus__lag011,0.407524,0.186287,0.386743,0.23352318
m__umcsent_umcsent__lag002,0.92163,0.072905,0.180467,0.23351522
d__dexmxus_dexmxus__lag090,0.404389,0.188656,0.388685,0.2334703
d__dexmxus_dexmxus__lag024,0.407524,0.178756,0.393994,0.2334093
d__anfci_anfci__lag089,0.689655,0.031005,0.307381,0.23336976
d__dexusuk_dexusuk__lag039,0.69279,0.148276,0.188282,0.23316453
d__dexusuk_dexusuk__lag040,0.69279,0.147465,0.188938,0.23305615
d__dexusuk_dexusuk__lag065,0.69279,0.159781,0.17655,0.23300648
q__bogz1fr733061103q_holding_companies_ts_reval__lag002,0.990596,0.080752,0.154446,0.23298587
d__dexmxus_dexmxus__lag026,0.407524,0.18228,0.389219,0.23289907
d__dexmxus_dexmxus__lag025,0.407524,0.18026,0.391196,0.23288178
d__dexmxus_dexmxus__lag013,0.407524,0.185076,0.386325,0.2328593
d__dexmxus_dexmxus__lag050,0.407524,0.182859,0.388475,0.2328323
q__bogz1fa343061165q_fed_gov_db_retirement_ts_tx__lag006,0.978056,0.187607,0.050448,0.23283153
q__bogz1fl313024000q_tres_oper_cash__lag008,0.984326,0.019451,0.216946,0.23269159
d__dexmxus_dexmxus__lag049,0.407524,0.182661,0.388226,0.2326496
d__dexmxus_dexmxus__lag012,0.407524,0.184179,0.386399,0.23252389
d__dexmxus_dexmxus__lag004,0.407524,0.185055,0.385373,0.23246284
d__dexmxus_dexmxus__lag023,0.407524,0.180161,0.39001,0.23235816
d__dexmxus_dexmxus__lag020,0.407524,0.181452,0.38847,0.23225672
d__dexmxus_dexmxus__lag005,0.407524,0.18584,0.38388,0.23217424
d__dexmxus_dexmxus__lag043,0.407524,0.180848,0.388746,0.23212306
d__dexmxus_dexmxus__lag006,0.407524,0.185046,0.38446,0.23208739
q__bogz1fa633061105q_money_market_funds_ts_tx__lag001,0.99373,0.086607,0.146902,0.23204489
d__dexmxus_dexmxus__lag048,0.407524,0.182127,0.387145,0.23199162
d__usepuindxd_policy_uncertainty__lag033,0.517241,0.242126,0.206147,0.23186539
d__dexusuk_dexusuk__lag070,0.69279,0.158855,0.175769,0.23182403
d__dexusuk_dexusuk__lag046,0.69279,0.151609,0.182925,0.23176166
d__dexusuk_dexusuk__lag047,0.69279,0.151321,0.183186,0.2317428
d__dexmxus_dexmxus__lag044,0.407524,0.180393,0.388072,0.23166293
d__dexmxus_dexmxus__lag046,0.407524,0.179843,0.388591,0.23165003
q__rowcpaq027s_row_commercialpaper_flow__lag001,0.99373,0.082497,0.15047,0.23150626
d__dexmxus_dexmxus__lag014,0.407524,0.181491,0.386575,0.23150018
d__dexmxus_dexmxus__lag018,0.407524,0.177719,0.390214,0.23144616
q__bogz1fa263061145q_row_priv_tsy_tx__lag004,0.984326,0.057668,0.17746,0.23144248
d__dexusuk_dexusuk__lag038,0.69279,0.146168,0.187548,0.23119528
m__mtsds133fms_fed_surplus_deficit__lag002,0.570533,0.11263,0.292489,0.23113356
d__dexusuk_dexusuk__lag011,0.69279,0.15093,0.182633,0.2310893
d__dexusuk_dexusuk__lag043,0.69279,0.14706,0.186458,0.23105789
d__dexmxus_dexmxus__lag019,0.407524,0.177454,0.389426,0.23101708
d__dexusuk_dexusuk__lag042,0.69279,0.145392,0.187907,0.23090648
d__anfci_anfci__lag060,0.69279,0.035454,0.297774,0.2308568
d__dexmxus_dexmxus__lag061,0.404389,0.188264,0.382515,0.23081682
d__dexmxus_dexmxus__lag045,0.407524,0.179285,0.387049,0.23079438
d__usepuindxd_policy_uncertainty__lag024,0.517241,0.235181,0.210927,0.23074518
q__bogz1fr573061133q_private_dc_pension_ts_reval__lag006,0.978056,0.111795,0.124095,0.23071418
d__dexmxus_dexmxus__lag047,0.407524,0.178517,0.387546,0.23068383
m__dgorder_dgorder__lag003,0.426332,0.1256,0.415464,0.23067287
d__dexmxus_dexmxus__lag022,0.407524,0.176496,0.389282,0.23056759
m__dgorder_dgorder__lag008,0.423197,0.166263,0.378304,0.23045971
d__dexusuk_dexusuk__lag041,0.69279,0.145595,0.186726,0.23022841
d__anfci_anfci__lag061,0.69279,0.035128,0.29718,0.23021962
d__dexmxus_dexmxus__lag063,0.404389,0.185471,0.38364,0.23014198
m__umcsent_umcsent__lag010,0.912226,0.020267,0.231865,0.23000071
m__dgorder_dgorder__lag009,0.420063,0.208663,0.338859,0.22999368
d__dexmxus_dexmxus__lag057,0.404389,0.184114,0.384416,0.22990718
d__dexmxus_dexmxus__lag078,0.404389,0.182294,0.386198,0.22989175
q__rowmfsq027s_row_mutualfundshares_flow__lag003,0.987461,0.082199,0.150532,0.22981237
d__dexmxus_dexmxus__lag062,0.404389,0.185498,0.382766,0.22979979
d__dexmxus_dexmxus__lag052,0.407524,0.175573,0.388175,0.22974064
d__dexmxus_dexmxus__lag060,0.404389,0.187781,0.380294,0.22972336
d__dexusuk_dexusuk__lag049,0.69279,0.14957,0.181941,0.22966695
d__dexmxus_dexmxus__lag016,0.407524,0.175758,0.387729,0.22963431
q__bogz1fa543061175q_life_insurance_ts_tx__lag002,0.990596,0.035039,0.196755,0.22961401
d__dexmxus_dexmxus__lag056,0.404389,0.183579,0.384129,0.22957466
d__dexmxus_dexmxus__lag021,0.407524,0.174472,0.38877,0.22953413
d__dexmxus_dexmxus__lag051,0.407524,0.176238,0.386969,0.22952024
d__dexmxus_dexmxus__lag058,0.404389,0.182778,0.384776,0.2295126
d__dexusuk_dexusuk__lag045,0.69279,0.15029,0.180995,0.2295114
d__dexmxus_dexmxus__lag017,0.407524,0.174327,0.388778,0.22947861
d__dexmxus_dexmxus__lag080,0.404389,0.180147,0.387104,0.22938981
d__dexusuk_dexusuk__lag048,0.69279,0.148621,0.18241,0.22933503
d__dexusuk_dexusuk__lag010,0.69279,0.149899,0.181112,0.22932123
d__dexusuk_dexusuk__lag071,0.69279,0.154727,0.176196,0.22925995
d__dexmxus_dexmxus__lag088,0.404389,0.181123,0.385732,0.22922961
q__rowgseq027s_row_agency_flow__lag006,0.978056,0.012796,0.22156,0.22921372
d__dexmxus_dexmxus__lag085,0.404389,0.180924,0.385845,0.22919493
d__dexusuk_dexusuk__lag009,0.69279,0.147187,0.183636,0.22919091
m__dgorder_dgorder__lag005,0.426332,0.124707,0.412856,0.22918027
d__dexmxus_dexmxus__lag064,0.404389,0.186235,0.380436,0.22915559
d__dexmxus_dexmxus__lag079,0.404389,0.180084,0.386459,0.22910346
d__anfci_anfci__lag059,0.69279,0.034842,0.295791,0.22905983
d__dexusuk_dexusuk__lag002,0.69279,0.145194,0.185346,0.22899482
d__dexusuk_dexusuk__lag037,0.69279,0.143251,0.187082,0.22885123
d__dexmxus_dexmxus__lag059,0.404389,0.185823,0.379986,0.22880675
d__dexmxus_dexmxus__lag086,0.404389,0.181429,0.384205,0.2287362
d__dexmxus_dexmxus__lag015,0.407524,0.174574,0.386619,0.22869899
d__dexusuk_dexusuk__lag036,0.69279,0.142421,0.187639,0.2286621
d__dexcaus_dexcaus__lag017,0.69279,0.127972,0.201782,0.22845035
d__dexmxus_dexmxus__lag087,0.404389,0.179737,0.385019,0.22838084
d__dexusuk_dexusuk__lag012,0.69279,0.1466,0.18302,0.22835743
d__dexusuk_dexusuk__lag059,0.69279,0.151282,0.178256,0.22830051
d__dexusuk_dexusuk__lag013,0.69279,0.147067,0.182397,0.22824943
d__anfci_anfci__lag058,0.69279,0.03447,0.294989,0.22824572
d__dexmxus_dexmxus__lag054,0.407524,0.172859,0.386041,0.22776486
d__dexmxus_dexmxus__lag074,0.404389,0.179379,0.383726,0.22771309
d__dexmxus_dexmxus__lag084,0.404389,0.176417,0.386638,0.22769309
d__anfci_anfci__lag057,0.69279,0.033486,0.295095,0.22763784
d__dexmxus_dexmxus__lag081,0.404389,0.176939,0.385629,0.22749608
d__dexusuk_dexusuk__lag050,0.69279,0.146022,0.182261,0.22743126
d__dexusuk_dexusuk__lag044,0.69279,0.143962,0.184309,0.22742308
q__bogz1fa553061103q_closed_end_funds_ts_tx__lag008,0.971787,0.134365,0.09959,0.22735405
d__dexmxus_dexmxus__lag053,0.407524,0.172495,0.385352,0.22733576
d__dexmxus_dexmxus__lag083,0.404389,0.176422,0.385686,0.22731032
d__dexusuk_dexusuk__lag014,0.69279,0.143867,0.184222,0.22729701
d__anfci_anfci__lag055,0.69279,0.033707,0.294362,0.22728269
q__bogz1fa503061123q_ccps_ts_tx__lag007,0.974922,0.049909,0.183194,0.22725749
d__dexmxus_dexmxus__lag077,0.404389,0.179638,0.382236,0.22721548
d__dexcaus_dexcaus__lag021,0.69279,0.130101,0.197839,0.22719393
d__dexusuk_dexusuk__lag072,0.69279,0.149793,0.178085,0.22715016
d__dexusuk_dexusuk__lag001,0.69279,0.142504,0.185268,0.22707739
q__bogz1fa543061175q_life_insurance_ts_tx__lag006,0.978056,0.034916,0.197239,0.22706001
d__dexusuk_dexusuk__lag058,0.69279,0.14978,0.177963,0.22705659
d__dexusuk_dexusuk__lag020,0.69279,0.1418,0.185891,0.22702153
d__dexmxus_dexmxus__lag075,0.404389,0.177771,0.383595,0.22701003
d__dexmxus_dexmxus__lag065,0.404389,0.182836,0.378295,0.22691502
m__pcuomfgomfg_ppi_man__lag001,0.520376,0.011113,0.424925,0.22690336
q__bogz1fa753061103q_usb_tsy_for_tx__lag007,0.974922,0.048747,0.183935,0.22684671
d__dexusuk_dexusuk__lag033,0.69279,0.1396,0.187722,0.22676536
d__dexmxus_dexmxus__lag082,0.404389,0.175258,0.385349,0.22670331
d__dexmxus_dexmxus__lag076,0.404389,0.177474,0.382962,0.22663406
d__anfci_anfci__lag056,0.69279,0.032906,0.294168,0.22659358
q__bogz1fa263061110q_row_bills_tx__lag008,0.971787,0.177001,0.056165,0.22658771
d__dexusuk_dexusuk__lag032,0.69279,0.140583,0.186246,0.2264243
d__dexusuk_dexusuk__lag053,0.69279,0.144512,0.182238,0.22636883
q__bogz1fr753061103q_usb_tsy_for_reval__lag002,0.990596,0.065079,0.163429,0.22635825
d__dexmxus_dexmxus__lag055,0.404389,0.175055,0.384103,0.22611722
d__dexusuk_dexusuk__lag056,0.69279,0.147876,0.178479,0.22609544
d__dexmxus_dexmxus__lag073,0.404389,0.175781,0.383299,0.22608556
d__dexusuk_dexusuk__lag054,0.69279,0.144159,0.182148,0.22606174
m__dgorder_dgorder__lag001,0.429467,0.120361,0.405876,0.22600159
d__t10y2y_t10y2y__lag068,0.623824,0.207849,0.15443,0.22599856
q__bogz1fa513061113q_pci_bills_tx__lag003,0.987461,0.014241,0.214498,0.22587003
d__dexusuk_dexusuk__lag003,0.69279,0.140736,0.185165,0.22578112
d__t10y2y_t10y2y__lag069,0.623824,0.207364,0.154384,0.22566755
d__dexusuk_dexusuk__lag007,0.69279,0.143105,0.182597,0.2256429
q__bogz1fa653061113q_mutf_bills_tx__lag007,0.974922,0.127329,0.104082,0.22560781
q__bogz1fa263061110q_row_bills_tx__lag007,0.974922,0.067275,0.163978,0.22545321
q__bogz1fa263061110q_row_bills_tx__lag005,0.981191,0.097859,0.131905,0.22544297
d__dexusuk_dexusuk__lag034,0.69279,0.139872,0.185535,0.2254386
d__dexusuk_dexusuk__lag055,0.69279,0.145054,0.180142,0.22529284
d__t10y2y_t10y2y__lag065,0.623824,0.210501,0.150129,0.22496995
d__dexusuk_dexusuk__lag004,0.69279,0.143164,0.181334,0.22480893
d__dexusuk_dexusuk__lag005,0.69279,0.143856,0.180627,0.22479848
d__dexcaus_dexcaus__lag018,0.69279,0.123254,0.201174,0.22476036
d__dexmxus_dexmxus__lag066,0.404389,0.176261,0.379414,0.22470865
d__dexusuk_dexusuk__lag006,0.69279,0.143074,0.181262,0.22469696
d__dexmxus_dexmxus__lag072,0.404389,0.173131,0.382465,0.224677
d__dexusuk_dexusuk__lag035,0.69279,0.138524,0.185746,0.22465123
d__dexmxus_dexmxus__lag071,0.404389,0.173442,0.382074,0.22464429
d__t10y2y_t10y2y__lag067,0.623824,0.205374,0.154672,0.22460581
d__dexmxus_dexmxus__lag067,0.404389,0.175907,0.379492,0.22459707
d__dexcaus_dexcaus__lag016,0.69279,0.122968,0.201061,0.22448444
d__dexusuk_dexusuk__lag057,0.69279,0.14519,0.178762,0.22443117
d__dexusuk_dexusuk__lag052,0.69279,0.14089,0.182901,0.22431916
d__dexusuk_dexusuk__lag008,0.69279,0.142338,0.181324,0.22423026
d__dexmxus_dexmxus__lag068,0.404389,0.174891,0.379479,0.22418094
d__dexusuk_dexusuk__lag019,0.69279,0.140787,0.18278,0.22416352
d__dexcaus_dexcaus__lag020,0.69279,0.123973,0.199487,0.22409012
q__bogz1fa593061105q_pension_ts_tx__lag008,0.971787,0.084076,0.14635,0.22392458
d__t10y2y_t10y2y__lag071,0.623824,0.209898,0.148923,0.22384127
d__dexmxus_dexmxus__lag070,0.404389,0.173329,0.379995,0.22375802
d__dexcaus_dexcaus__lag022,0.69279,0.127203,0.195681,0.22369081
q__bogz1fa343061123q_fed_gov_dcg_retirement_ts_tx__lag001,0.99373,0.149413,0.075657,0.22365844
q__bogz1fa263061145q_row_priv_tsy_tx__lag007,0.974922,0.011606,0.217742,0.22359623
q__bogz1fr103061103q_nfcb_tsy_reval__lag006,0.978056,0.09162,0.136855,0.22346165
d__dexusuk_dexusuk__lag030,0.69279,0.134931,0.187599,0.22344563
q__bogz1fr713061113q_cb_bills_reval__lag007,0.974922,0.095579,0.133585,0.22341706
d__anfci_anfci__lag053,0.69279,0.028281,0.294132,0.22336453
d__t10y2y_t10y2y__lag070,0.623824,0.206651,0.151366,0.22333992
q__bogz1lm343061165q_fed_gov_db_retirement_ts__lag006,0.990596,0.065912,0.159391,0.22318398
q__bogz1lm343061165q_fed_ret_tsy_db__lag006,0.990596,0.065912,0.159391,0.22318398
d__anfci_anfci__lag054,0.69279,0.02908,0.293052,0.22316988
q__bogz1fr793061105q_dom_fin_sector_tsy_reval__lag006,0.978056,0.112204,0.11596,0.22315738
d__dexusuk_dexusuk__lag051,0.69279,0.139687,0.182205,0.22300346
d__dexmxus_dexmxus__lag069,0.404389,0.173296,0.377579,0.22276732
d__dexcaus_dexcaus__lag024,0.69279,0.126547,0.194983,0.22275284
d__dexusuk_dexusuk__lag021,0.69279,0.137435,0.183767,0.22252518
q__bogz1fa543061175q_life_insurance_ts_tx__lag007,0.974922,0.124185,0.103851,0.22231777
d__usepuindxd_policy_uncertainty__lag088,0.517241,0.246447,0.183185,0.22222329
d__dexusuk_dexusuk__lag015,0.69279,0.13635,0.184379,0.22219809
d__dexusuk_dexusuk__lag031,0.69279,0.137505,0.183059,0.22208336
d__t10y2y_t10y2y__lag066,0.623824,0.204175,0.151816,0.22207542
d__dexusuk_dexusuk__lag018,0.69279,0.135893,0.184611,0.22204168
q__rowtsaq027s_row_tsy_tx__lag007,0.974922,0.061437,0.166115,0.22184514
d__dexusuk_dexusuk__lag029,0.69279,0.133976,0.185996,0.22167353
d__dexcaus_dexcaus__lag015,0.69279,0.120822,0.198621,0.2213067
d__dexusuk_dexusuk__lag022,0.69279,0.137228,0.181936,0.22111389
d__anfci_anfci__lag052,0.69279,0.027202,0.291925,0.22108815
d__dexusuk_dexusuk__lag028,0.69279,0.133407,0.18556,0.22097716
d__dexcaus_dexcaus__lag053,0.69279,0.116397,0.20255,0.22096272
m__pcuomfgomfg_ppi_man__lag002,0.517241,0.007817,0.419306,0.22092567
d__dexcaus_dexcaus__lag029,0.69279,0.120501,0.19822,0.22080659
d__t10y2y_t10y2y__lag072,0.623824,0.210315,0.143533,0.22073905
q__ncbtsaq027s_nfcb_tsy_tx__lag005,0.981191,0.139983,0.084763,0.22051907
d__dexcaus_dexcaus__lag019,0.69279,0.122625,0.195581,0.22044999
d__usepuindxd_policy_uncertainty__lag067,0.517241,0.220687,0.205492,0.22043751
q__bogz1fa513061105q_pc_insurance_ts_tx__lag008,0.971787,0.026207,0.200616,0.22042405
d__dexcaus_dexcaus__lag028,0.69279,0.123566,0.194496,0.22035006
q__bogz1fa313161305q_gov_nonmarketable_ts_tx__lag004,0.984326,0.156738,0.067008,0.22023913
d__anfci_anfci__lag051,0.69279,0.026741,0.29113,0.22021752
d__dexcaus_dexcaus__lag030,0.69279,0.119841,0.197986,0.22018748
q__bogz1fa223061143q_state_local_db_retirement_ts_tx__lag006,0.978056,0.052184,0.172938,0.22018171
d__usepuindxd_policy_uncertainty__lag004,0.517241,0.254987,0.17059,0.22012583
d__dexcaus_dexcaus__lag052,0.69279,0.116481,0.201133,0.22003965
d__t10y2y_t10y2y__lag073,0.623824,0.210377,0.1422,0.21994598
d__dexusuk_dexusuk__lag023,0.69279,0.137377,0.179829,0.2197566
d__dexusuk_dexusuk__lag025,0.69279,0.134462,0.182444,0.2195497
d__anfci_anfci__lag048,0.69279,0.027044,0.289556,0.21933772
d__usepuindxd_policy_uncertainty__lag045,0.517241,0.206296,0.21768,0.21929773
d__dexusuk_dexusuk__lag026,0.69279,0.136166,0.180335,0.2192682
d__anfci_anfci__lag050,0.69279,0.025649,0.290795,0.21922922
m__dgorder_dgorder__lag010,0.420063,0.171474,0.35013,0.21910621
d__dexusuk_dexusuk__lag024,0.69279,0.133647,0.182527,0.21904226
d__t10y2y_t10y2y__lag075,0.623824,0.209643,0.141309,0.21893263
d__dexusuk_dexusuk__lag016,0.69279,0.135015,0.180485,0.21857532
q__rowtsaq027s_row_tsy_tx__lag004,0.984326,0.08374,0.13822,0.21848121
d__t10y2y_t10y2y__lag074,0.623824,0.207923,0.142238,0.21843902
m__pcuomfgomfg_ppi_man__lag003,0.517241,0.005099,0.41703,0.21834226
d__anfci_anfci__lag049,0.69279,0.024939,0.289905,0.21812105
d__dexcaus_dexcaus__lag054,0.69279,0.114725,0.20007,0.21808738
d__dexusuk_dexusuk__lag017,0.69279,0.132474,0.182152,0.21796992
d__usepuindxd_policy_uncertainty__lag010,0.517241,0.237655,0.183497,0.21783752
d__usepuindxd_policy_uncertainty__lag053,0.517241,0.208499,0.21265,0.21783519
d__dexcaus_dexcaus__lag027,0.69279,0.122259,0.191973,0.2176962
q__ad02rc1q027sbea_gov_netlending__lag008,0.811912,0.084139,0.183987,0.21769541
d__dexcaus_dexcaus__lag025,0.69279,0.123486,0.190703,0.21766731
d__dexcaus_dexcaus__lag051,0.69279,0.117336,0.196851,0.21766572
d__dexcaus_dexcaus__lag023,0.69279,0.121219,0.192851,0.21758429
d__dexusuk_dexusuk__lag027,0.69279,0.134039,0.179909,0.2175002
q__bogz1fa263061130q_row_gov_tsy_tx__lag005,0.981191,0.098838,0.122705,0.2173752
q__rhvrusq156n_owner_vacancy__lag001,0.877743,0.062759,0.184148,0.21672061
m__pcuomfgomfg_ppi_man__lag004,0.517241,0.003505,0.415184,0.21656346
d__dexcaus_dexcaus__lag031,0.69279,0.11674,0.195683,0.2164434
d__dexcaus_dexcaus__lag026,0.69279,0.120685,0.191676,0.2164006
q__bogz1fa313161105q_tsy_net_tx__lag008,0.971787,0.009808,0.212861,0.2163866
d__usepuindxd_policy_uncertainty__lag052,0.517241,0.227437,0.190732,0.21629433
q__rowmslq027s_row_muni_flow__lag001,0.99373,0.027055,0.190452,0.21614257
m__baaffm_baaff__lag011,0.890282,0.052284,0.190358,0.21601983
d__t10y2y_t10y2y__lag076,0.623824,0.205853,0.140237,0.21589994
d__usepuindxd_policy_uncertainty__lag026,0.517241,0.195018,0.221964,0.21568037
d__anfci_anfci__lag047,0.69279,0.023395,0.287273,0.21522725
d__usepuindxd_policy_uncertainty__lag082,0.517241,0.279454,0.136577,0.21518834
q__bogz1fr213061103q_state_local_gov_ts_reval__lag006,0.978056,0.078811,0.14106,0.21504712
d__anfci_anfci__lag046,0.69279,0.021664,0.288701,0.21501802
q__rowmslq027s_row_muni_flow__lag006,0.978056,0.052213,0.167588,0.21497836
q__bogz1fr383061105q_dom_nonfin_sector_tsy_reval__lag002,0.990596,0.072433,0.144509,0.21490152
q__bogz1fr383061105q_dom_nonfin_sector_tsy_reval__lag001,0.99373,0.093599,0.122632,0.21487505
d__dexcaus_dexcaus__lag014,0.69279,0.111774,0.197933,0.21456205
d__vixcls_vixcls__lag062,0.454545,0.330907,0.140865,0.21444196
d__dexcaus_dexcaus__lag032,0.69279,0.112503,0.197028,0.21444011
d__dexcaus_dexcaus__lag034,0.69279,0.1141,0.194775,0.21398553
d__t10y2y_t10y2y__lag078,0.623824,0.2073,0.135567,0.21388892
d__usepuindxd_policy_uncertainty__lag074,0.517241,0.245668,0.167637,0.21377873
d__t10y2y_t10y2y__lag077,0.623824,0.204802,0.137758,0.21369692
d__dexcaus_dexcaus__lag033,0.69279,0.111021,0.197278,0.21358654
q__bogz1fa503061123q_ccps_ts_tx__lag008,0.971787,0.09728,0.122464,0.21354397
m__pcuomfgomfg_ppi_man__lag005,0.514107,0.00734,0.407464,0.21325361
d__dexcaus_dexcaus__lag036,0.69279,0.113869,0.193856,0.21318896
d__dexcaus_dexcaus__lag055,0.69279,0.108897,0.198527,0.21298016
d__anfci_anfci__lag045,0.69279,0.020509,0.286746,0.212863
m__pcuomfgomfg_ppi_man__lag006,0.514107,0.012242,0.401536,0.212726
d__dexcaus_dexcaus__lag057,0.69279,0.107113,0.199575,0.21247062
d__dexcaus_dexcaus__lag035,0.69279,0.115834,0.190662,0.21233734
d__dexcaus_dexcaus__lag044,0.69279,0.110768,0.19569,0.21231089
d__anfci_anfci__lag044,0.69279,0.020114,0.286253,0.21224779
q__bogz1fr263061105q_row_bills_reval__lag006,0.978056,0.118797,0.098113,0.21215037
q__bogz1fr263061105q_row_tsy_reval__lag006,0.978056,0.118797,0.098113,0.21215037
d__usepuindxd_policy_uncertainty__lag060,0.517241,0.223264,0.18674,0.21207098
d__dexcaus_dexcaus__lag038,0.69279,0.113354,0.192661,0.21200429
d__usepuindxd_policy_uncertainty__lag001,0.517241,0.159821,0.249833,0.21188974
q__bogz1fr743061103q_usb_tsy_dom_reval__lag006,0.978056,0.116786,0.099846,0.21187872
d__vixcls_vixcls__lag059,0.454545,0.311044,0.154282,0.21151216
d__t10y2y_t10y2y__lag080,0.623824,0.201821,0.137167,0.21146875
d__dexcaus_dexcaus__lag056,0.69279,0.105414,0.19976,0.21142096
d__anfci_anfci__lag041,0.69279,0.021447,0.283716,0.21141355
d__anfci_anfci__lag043,0.69279,0.019036,0.285763,0.21116164
d__t10y2y_t10y2y__lag079,0.623824,0.20464,0.133504,0.21094224
d__dexcaus_dexcaus__lag050,0.69279,0.110038,0.194319,0.21085561
d__vixcls_vixcls__lag060,0.454545,0.323035,0.140767,0.21081912
q__rownblq027s_row_nonfinbusinessloans_flow__lag008,0.971787,0.024269,0.19255,0.21070234
d__dexcaus_dexcaus__lag013,0.69279,0.107553,0.196517,0.21065643
d__t10y2y_t10y2y__lag081,0.623824,0.203858,0.133691,0.2105717
m__pcuomfgomfg_ppi_man__lag007,0.514107,0.013338,0.395793,0.21033677
d__anfci_anfci__lag042,0.69279,0.018787,0.284814,0.2103313
q__rowceaq027s_row_corpequities_flow__lag003,0.987461,0.138699,0.074213,0.21024212
q__bogz1fa343061123q_fed_gov_dcg_retirement_ts_tx__lag002,0.990596,0.059434,0.152803,0.21024129
m__pcuomfgomfg_ppi_man__lag009,0.510972,0.025945,0.385497,0.21023535
d__dexcaus_dexcaus__lag049,0.69279,0.107173,0.19588,0.20995206
q__bogz1fr553061103q_closed_end_funds_ts_reval__lag007,0.974922,0.134847,0.080446,0.20989384
m__umcsent_umcsent__lag011,0.912226,0.024077,0.205987,0.20987036
d__dexcaus_dexcaus__lag037,0.69279,0.112984,0.189692,0.20969102
d__dexcaus_dexcaus__lag043,0.69279,0.10648,0.196146,0.20965664
m__pcuomfgomfg_ppi_man__lag008,0.510972,0.01997,0.390195,0.20958269
q__ad02rc1q027sbea_gov_netlending__lag007,0.815047,0.01717,0.239943,0.20955978
d__t10y2y_t10y2y__lag082,0.623824,0.202501,0.133298,0.20947959
d__dexcaus_dexcaus__lag040,0.69279,0.105042,0.197036,0.20927698
q__bogz1fa573061143q_private_db_pension_ts_tx__lag002,0.990596,0.031822,0.17934,0.20917647
d__vixcls_vixcls__lag002,0.454545,0.173643,0.286075,0.20896261
d__vixcls_vixcls__lag063,0.454545,0.299766,0.159543,0.20877712
q__rowmmfq027s_row_moneymarketfundshares_flow__lag005,0.981191,0.097035,0.115646,0.20868147
d__dexcaus_dexcaus__lag047,0.69279,0.106363,0.19444,0.20839358
d__t10y2y_t10y2y__lag083,0.623824,0.204105,0.129801,0.20829876
d__dexcaus_dexcaus__lag012,0.69279,0.106389,0.19424,0.2082728
q__bogz1fr753061103q_usb_tsy_for_reval__lag001,0.99373,0.095214,0.11431,0.20820965
d__usepuindxd_policy_uncertainty__lag085,0.517241,0.25973,0.142562,0.20808215
d__dexcaus_dexcaus__lag058,0.69279,0.10314,0.197211,0.20807979
m__neworder_neworder__lag003,0.426332,0.096247,0.391623,0.20799475
d__dexcaus_dexcaus__lag042,0.69279,0.103578,0.196535,0.20791551
d__anfci_anfci__lag040,0.69279,0.019241,0.280427,0.20760737
d__dexcaus_dexcaus__lag041,0.69279,0.104737,0.194732,0.20746945
d__dexcaus_dexcaus__lag082,0.69279,0.105874,0.193027,0.20707579
q__bogz1fr513061105q_pc_insurance_ts_reval__lag002,0.990596,0.019538,0.189192,0.2067676
d__vixcls_vixcls__lag090,0.451411,0.251033,0.20634,0.20646318
d__dexcaus_dexcaus__lag011,0.69279,0.103181,0.194824,0.20645534
m__pcuomfgomfg_ppi_man__lag010,0.510972,0.022036,0.381979,0.20644023
d__t10y2y_t10y2y__lag085,0.623824,0.203734,0.127115,0.20639167
d__anfci_anfci__lag039,0.69279,0.016014,0.281881,0.20637884
q__bogz1fr663061165q_brokers_dealers_long_ts_reval__lag006,0.978056,0.087177,0.12377,0.20631794
m__pcuomfgomfg_ppi_man__lag012,0.507837,0.024181,0.381756,0.20614976
d__dexcaus_dexcaus__lag046,0.69279,0.104989,0.192529,0.20611736
d__dexcaus_dexcaus__lag048,0.69279,0.104479,0.193034,0.20611434
q__bogz1fa743061103q_usb_tsy_dom_tx__lag002,0.990596,0.03002,0.177814,0.20587912
d__dexcaus_dexcaus__lag083,0.69279,0.105496,0.191506,0.20576028
q__bogz1fa633061110q_mmf_bills_tx__lag001,0.99373,0.064529,0.142527,0.20575788
d__vixcls_vixcls__lag061,0.454545,0.318365,0.134283,0.20574925
m__pcuomfgomfg_ppi_man__lag011,0.507837,0.022299,0.382748,0.20569751
d__dexcaus_dexcaus__lag059,0.69279,0.101513,0.195109,0.20549641
q__drtscilm_loan_tight__lag002,0.445141,0.250687,0.210721,0.20539164
d__dexcaus_dexcaus__lag080,0.69279,0.101532,0.194746,0.20525863
d__dexcaus_dexcaus__lag008,0.69279,0.111647,0.184557,0.2052069
m__mich_mich__lag007,0.598746,0.195429,0.147178,0.20513436
d__anfci_anfci__lag038,0.69279,0.015233,0.280767,0.20506593
d__anfci_anfci__lag037,0.69279,0.014791,0.280634,0.20466716
d__dexcaus_dexcaus__lag081,0.69279,0.103505,0.191747,0.20454744
d__dexcaus_dexcaus__lag085,0.69279,0.102113,0.192976,0.20443485
q__bogz1fa653061113q_mutf_bills_tx__lag004,0.984326,0.048959,0.158691,0.20439494
m__amtmno_amtmno__lag002,0.429467,0.085548,0.390186,0.20431188
d__dexcaus_dexcaus__lag084,0.69279,0.10411,0.190764,0.2042854
d__t10y2y_t10y2y__lag084,0.623824,0.200177,0.127045,0.20412907
d__dexcaus_dexcaus__lag045,0.69279,0.104177,0.190425,0.20409669
d__dexcaus_dexcaus__lag039,0.69279,0.103138,0.191211,0.20392232
q__bogz1fa743061103q_usb_tsy_dom_tx__lag007,0.974922,0.023921,0.185152,0.20382955
d__dexcaus_dexcaus__lag087,0.69279,0.102061,0.19193,0.20367406
d__dexcaus_dexcaus__lag007,0.69279,0.108152,0.185681,0.20356418
d__usepuindxd_policy_uncertainty__lag063,0.517241,0.127834,0.265709,0.20355693
d__anfci_anfci__lag036,0.69279,0.013419,0.280301,0.20348623
d__usepuindxd_policy_uncertainty__lag006,0.517241,0.213976,0.179411,0.20347593
q__bogz1fa543461113q_li_bills_tx__lag002,0.990596,0.012211,0.193159,0.20343874
d__dexcaus_dexcaus__lag005,0.69279,0.107465,0.18589,0.20323323
q__bogz1fa313161305q_gov_nonmarketable_ts_tx__lag008,0.971787,0.120685,0.088367,0.20315376
d__dexcaus_dexcaus__lag077,0.69279,0.100308,0.192886,0.20312194
d__dexcaus_dexcaus__lag010,0.69279,0.102593,0.1905,0.20305236
d__dexcaus_dexcaus__lag078,0.69279,0.10011,0.192841,0.20295338
d__dexcaus_dexcaus__lag004,0.69279,0.107998,0.184781,0.202834
d__dexcaus_dexcaus__lag079,0.69279,0.101626,0.19106,0.20277011
m__mtsr133fms_fedgov_rcpt__lag012,0.561129,0.013486,0.347856,0.20275904
d__anfci_anfci__lag035,0.69279,0.01332,0.279298,0.20272266
m__baaffm_baaff__lag012,0.890282,0.042499,0.185163,0.20268291
d__anfci_anfci__lag034,0.69279,0.014524,0.277991,0.20265124
d__dexcaus_dexcaus__lag009,0.69279,0.106132,0.186174,0.20250667
q__bogz1fr763061100q_usb_tsy_oth_reval__lag006,0.978056,0.12177,0.08522,0.20244743
d__dexcaus_dexcaus__lag088,0.689655,0.103496,0.190016,0.20242246
d__vixcls_vixcls__lag064,0.454545,0.297537,0.14737,0.20223016
m__dgorder_dgorder__lag012,0.416928,0.172209,0.312776,0.20220365
d__dexcaus_dexcaus__lag006,0.69279,0.108535,0.18321,0.20211748
m__amtmno_amtmno__lag004,0.426332,0.100174,0.373746,0.20204737
d__usepuindxd_policy_uncertainty__lag046,0.517241,0.229742,0.160223,0.20170623
d__usepuindxd_policy_uncertainty__lag055,0.517241,0.256221,0.132926,0.20128266
d__dexcaus_dexcaus__lag061,0.69279,0.09665,0.193774,0.20120281
m__neworder_neworder__lag006,0.423197,0.111783,0.363576,0.20117079
q__rowmfsq027s_row_mutualfundshares_flow__lag007,0.974922,0.13694,0.069391,0.20115616
d__dexcaus_dexcaus__lag060,0.69279,0.095406,0.194766,0.20102779
q__bogz1lm903061103q_instrument_discrepancies_ts__lag007,0.987461,0.01811,0.185216,0.20077716
q__bogz1fa503061123q_ccps_ts_tx__lag006,0.978056,0.054459,0.150659,0.20061761
d__dexcaus_dexcaus__lag086,0.69279,0.099761,0.189325,0.20027556
q__bogz1fa653061113q_mutf_bills_tx__lag008,0.971787,0.126762,0.079299,0.20024754
d__usepuindxd_policy_uncertainty__lag059,0.517241,0.234548,0.152562,0.20022946
m__amtmno_amtmno__lag007,0.423197,0.131001,0.342123,0.2002245
q__bogz1fa313161305q_gov_nonmarketable_ts_tx__lag005,0.981191,0.075771,0.128279,0.20021217
d__dexcaus_dexcaus__lag062,0.69279,0.095145,0.193593,0.20003449
d__anfci_anfci__lag006,0.69279,0.020239,0.268485,0.2000253
d__anfci_anfci__lag033,0.69279,0.014174,0.274455,0.19995923
d__t10y2y_t10y2y__lag086,0.623824,0.197857,0.122583,0.19989828
d__dexcaus_dexcaus__lag003,0.69279,0.107859,0.180558,0.1998123
d__dexcaus_dexcaus__lag090,0.689655,0.102431,0.186787,0.19946033
d__dexcaus_dexcaus__lag067,0.69279,0.094027,0.193809,0.19941024
d__dexcaus_dexcaus__lag001,0.69279,0.107625,0.179919,0.19920699
d__dexcaus_dexcaus__lag076,0.69279,0.097716,0.189765,0.19916361
d__vixcls_vixcls__lag089,0.454545,0.233692,0.203972,0.19893837
d__dexcaus_dexcaus__lag068,0.69279,0.095172,0.191781,0.19879753
q__bogz1fa223061143q_state_local_db_retirement_ts_tx__lag008,0.971787,0.041181,0.163157,0.19857372
m__amtmno_amtmno__lag005,0.426332,0.09277,0.372943,0.19854852
d__baa10y_baa10y__lag090,0.501567,0.207178,0.188199,0.19830828
d__dexcaus_dexcaus__lag066,0.69279,0.093576,0.192606,0.19826436
d__baa10y_baa10y__lag086,0.504702,0.201315,0.191463,0.19823613
m__neworder_neworder__lag002,0.429467,0.079485,0.381918,0.1981574
m__amtmno_amtmno__lag006,0.423197,0.105797,0.362083,0.19800548
d__anfci_anfci__lag031,0.69279,0.009879,0.27591,0.19799192
d__anfci_anfci__lag032,0.69279,0.009942,0.275803,0.19796123
q__bogz1fa313161305q_gov_nonmarketable_ts_tx__lag001,0.99373,0.110334,0.088785,0.19787112
d__baa10y_baa10y__lag089,0.504702,0.203819,0.187971,0.19773702
d__dexcaus_dexcaus__lag075,0.69279,0.097883,0.187515,0.19772063
m__dgorder_dgorder__lag011,0.420063,0.141308,0.329305,0.19768689
d__anfci_anfci__lag030,0.69279,0.009165,0.276115,0.19763912
d__vixcls_vixcls__lag065,0.454545,0.275113,0.159626,0.19760887
d__t10y2y_t10y2y__lag088,0.623824,0.196226,0.120477,0.1975669
d__anfci_anfci__lag007,0.69279,0.016364,0.268462,0.19732454
m__amtmno_amtmno__lag003,0.426332,0.082072,0.380609,0.19725602
m__amtmno_amtmno__lag008,0.423197,0.125946,0.339999,0.19718669
d__stlfsi4_stlfed_fin_stress_idx__lag001,0.407524,0.061548,0.421647,0.19691334
d__dexcaus_dexcaus__lag063,0.69279,0.092814,0.191338,0.19685771
d__dexcaus_dexcaus__lag069,0.69279,0.095651,0.188318,0.19673113
d__anfci_anfci__lag001,0.69279,0.019073,0.264814,0.19667445
d__t10y2y_t10y2y__lag087,0.623824,0.195205,0.119683,0.19643442
q__rowceaq027s_row_corpequities_flow__lag007,0.974922,0.057691,0.143744,0.19638294
d__anfci_anfci__lag013,0.69279,0.013393,0.270053,0.19636869
d__anfci_anfci__lag029,0.69279,0.007293,0.276007,0.19626744
d__anfci_anfci__lag002,0.69279,0.01784,0.265241,0.19611561
d__anfci_anfci__lag008,0.69279,0.014798,0.268237,0.19608389
d__anfci_anfci__lag005,0.69279,0.018046,0.264832,0.19597459
d__dexcaus_dexcaus__lag089,0.689655,0.095776,0.188385,0.19597315
d__t10y2y_t10y2y__lag090,0.623824,0.196074,0.11701,0.195309
d__anfci_anfci__lag003,0.69279,0.017017,0.264892,0.19530359
d__anfci_anfci__lag004,0.69279,0.017779,0.263995,0.19521006
d__anfci_anfci__lag028,0.69279,0.006791,0.274977,0.19520602
d__baa10y_baa10y__lag085,0.504702,0.200584,0.186176,0.19519867
d__baa10y_baa10y__lag088,0.504702,0.201436,0.185307,0.19519001
d__dexcaus_dexcaus__lag070,0.69279,0.094552,0.187111,0.195133
q__bogz1fa743061103q_usb_tsy_dom_tx__lag008,0.971787,0.090948,0.109683,0.19497037
q__rhvrusq156n_owner_vacancy__lag003,0.871473,0.014772,0.208883,0.19490909
q__bogz1fa343061123q_fed_gov_dcg_retirement_ts_tx__lag007,0.974922,0.03873,0.161063,0.19478324
q__bogz1fr103061103q_nfcb_tsy_reval__lag002,0.990596,0.037527,0.158772,0.19445243
d__baa10y_baa10y__lag081,0.504702,0.198388,0.186845,0.19442786
d__anfci_anfci__lag009,0.69279,0.012216,0.268381,0.19439462
d__stlfsi4_stlfed_fin_stress_idx__lag003,0.404389,0.057232,0.423426,0.19437275
m__amtmno_amtmno__lag001,0.429467,0.068155,0.384334,0.19432939
d__dexcaus_dexcaus__lag002,0.69279,0.102966,0.177297,0.19416322
d__dexcaus_dexcaus__lag073,0.69279,0.093176,0.186997,0.19410121
d__anfci_anfci__lag027,0.69279,0.006363,0.273802,0.1940953
d__anfci_anfci__lag014,0.69279,0.00958,0.270332,0.19391987
d__t10y2y_t10y2y__lag089,0.623824,0.191861,0.118957,0.19389638
d__usepuindxd_policy_uncertainty__lag042,0.517241,0.210239,0.164605,0.19388506
d__aaa10y_aaa10y__lag014,0.54232,0.18362,0.173762,0.19381531
d__baa10y_baa10y__lag084,0.504702,0.199634,0.184322,0.19378341
d__dexcaus_dexcaus__lag074,0.69279,0.092832,0.18686,0.1937679
d__dexcaus_dexcaus__lag072,0.69279,0.094982,0.184667,0.19373776
d__baa10y_baa10y__lag087,0.504702,0.196719,0.187044,0.19368622
d__baa10y_baa10y__lag080,0.504702,0.194703,0.188989,0.19364996
d__anfci_anfci__lag010,0.69279,0.011156,0.268039,0.19342381
q__bogz1fa753061103q_usb_tsy_for_tx__lag003,0.987461,0.076197,0.119679,0.19341959
d__stlfsi4_stlfed_fin_stress_idx__lag002,0.404389,0.051944,0.426001,0.1932757
q__bogz1fa713068703q_fed_dw_tx__lag001,0.99373,0.034106,0.160383,0.19326916
m__amtmno_amtmno__lag009,0.420063,0.146688,0.313065,0.19312518
d__anfci_anfci__lag011,0.69279,0.012208,0.266515,0.19309679
d__anfci_anfci__lag015,0.69279,0.008095,0.270615,0.19308713
d__vixcls_vixcls__lag058,0.454545,0.25733,0.167394,0.19305629
q__rhvrusq156n_owner_vacancy__lag004,0.868339,0.037244,0.184982,0.19296769
d__usepuindxd_policy_uncertainty__lag031,0.517241,0.182294,0.190755,0.19295635
d__dexcaus_dexcaus__lag071,0.69279,0.094975,0.183526,0.19294297
q__drtscilm_loan_tight__lag003,0.442006,0.244533,0.191975,0.1929391
d__usepuindxd_policy_uncertainty__lag022,0.517241,0.205839,0.166965,0.19282948
d__baa10y_baa10y__lag073,0.504702,0.198204,0.183723,0.19275914
d__baa10y_baa10y__lag082,0.504702,0.196574,0.184981,0.19257166
d__anfci_anfci__lag026,0.69279,0.007643,0.270312,0.19256439
d__usepuindxd_policy_uncertainty__lag008,0.517241,0.124996,0.246387,0.19209448
d__baa10y_baa10y__lag078,0.504702,0.196041,0.184542,0.19208081
q__bogz1fa763061100q_usb_tsy_oth_tx__lag005,0.981191,0.005794,0.189921,0.19203338
d__baa10y_baa10y__lag079,0.504702,0.194433,0.185984,0.19199718
m__neworder_neworder__lag005,0.426332,0.092291,0.357816,0.19189529
d__anfci_anfci__lag012,0.69279,0.010247,0.266622,0.19181143
q__bogz1fa503061123q_ccps_ts_tx__lag001,0.99373,0.03784,0.154989,0.19162013
d__usepuindxd_policy_uncertainty__lag081,0.517241,0.187688,0.182664,0.19156127
d__baa10y_baa10y__lag074,0.504702,0.195108,0.184235,0.19145517
m__mich_mich__lag006,0.601881,0.173254,0.144797,0.19142855
q__bogz1fr563061103q_etfs_ts_reval__lag001,0.99373,0.028186,0.164275,0.19125409
d__baa10y_baa10y__lag076,0.504702,0.19288,0.18604,0.19124149
q__drtscilm_loan_tight__lag001,0.448276,0.168699,0.257867,0.19121921
d__anfci_anfci__lag024,0.69279,0.003436,0.272365,0.19107247
d__dexcaus_dexcaus__lag064,0.69279,0.08989,0.185898,0.19106321
d__baa10y_baa10y__lag075,0.504702,0.194333,0.184128,0.19100995
d__anfci_anfci__lag016,0.69279,0.004971,0.270546,0.19087546
d__anfci_anfci__lag023,0.69279,0.002523,0.272748,0.19070515
q__bogz1fr473061105q_credit_unions_ts_reval__lag006,0.978056,0.091549,0.103329,0.1906013
d__baa10y_baa10y__lag083,0.504702,0.194768,0.182883,0.19060115
d__anfci_anfci__lag020,0.69279,0.003562,0.2713,0.19042191
d__dexcaus_dexcaus__lag065,0.69279,0.088304,0.186515,0.19039214
d__baa10y_baa10y__lag077,0.504702,0.192149,0.18464,0.19016638
d__anfci_anfci__lag025,0.69279,0.002907,0.271363,0.19001147
d__baa10y_baa10y__lag072,0.504702,0.19367,0.182767,0.18998857
d__aaa10y_aaa10y__lag016,0.54232,0.204776,0.145443,0.18993058
d__anfci_anfci__lag017,0.69279,0.003899,0.270224,0.18991015
d__usepuindxd_policy_uncertainty__lag065,0.517241,0.163882,0.202788,0.18965639
q__bogz1fa763061100q_usb_tsy_oth_tx__lag008,0.971787,0.040879,0.1542,0.18957512
d__baa10y_baa10y__lag071,0.504702,0.190812,0.184757,0.18955046
d__anfci_anfci__lag018,0.69279,0.004844,0.26868,0.18949482
d__anfci_anfci__lag021,0.69279,0.00132,0.272032,0.18937529
q__bogz1fr553061103q_closed_end_funds_ts_reval__lag006,0.978056,0.08598,0.107591,0.18932324
m__neworder_neworder__lag001,0.429467,0.059219,0.381335,0.18920382
d__anfci_anfci__lag022,0.69279,0.000266,0.272808,0.18918296
q__bogz1fr153061105q_hhnp_tsy_reval__lag002,0.990596,0.069076,0.121887,0.18916717
d__baa10y_baa10y__lag070,0.504702,0.187603,0.187123,0.18912533
d__aaa10y_aaa10y__lag086,0.54232,0.242259,0.106386,0.18907698
d__baa10y_baa10y__lag064,0.504702,0.18915,0.185232,0.18895154
d__stlfsi4_stlfed_fin_stress_idx__lag004,0.404389,0.05753,0.409463,0.18884659
q__bogz1fa313161305q_gov_nonmarketable_ts_tx__lag003,0.987461,0.006521,0.184628,0.18875223
d__usepuindxd_policy_uncertainty__lag040,0.517241,0.221949,0.142959,0.18874508
d__baa10y_baa10y__lag069,0.504702,0.188724,0.185249,0.1887448
q__bogz1fr713061113q_cb_bills_reval__lag006,0.978056,0.09174,0.100655,0.18817305
d__baa10y_baa10y__lag059,0.504702,0.187762,0.184866,0.18806631
d__baa10y_baa10y__lag002,0.504702,0.116557,0.255461,0.18775863
d__aaa10y_aaa10y__lag015,0.54232,0.18826,0.157785,0.18766666
d__baa10y_baa10y__lag001,0.504702,0.114628,0.25696,0.1875413
m__ttlcons_ttlcons__lag002,0.416928,0.063291,0.386425,0.18749885
m__ttlcons_ttlcons__lag001,0.416928,0.060673,0.38902,0.18748973
d__usepuindxd_policy_uncertainty__lag034,0.517241,0.195119,0.167354,0.1874864
d__baa10y_baa10y__lag006,0.504702,0.121363,0.249838,0.18734624
d__aaa10y_aaa10y__lag073,0.54232,0.252623,0.09282,0.1873403
q__bogz1fa713068703q_fed_dw_tx__lag006,0.978056,0.059013,0.132418,0.18723108
d__baa10y_baa10y__lag068,0.504702,0.18655,0.18437,0.18720424
d__vixcls_vixcls__lag001,0.454545,0.155914,0.255511,0.18701169
d__baa10y_baa10y__lag065,0.504702,0.18881,0.181717,0.18700577
d__baa10y_baa10y__lag061,0.504702,0.188275,0.182136,0.18694745
d__baa10y_baa10y__lag057,0.504702,0.18706,0.183285,0.18691408
d__baa10y_baa10y__lag058,0.504702,0.189017,0.181187,0.18684297
d__baa10y_baa10y__lag063,0.504702,0.188399,0.181524,0.18670076
d__usepuindxd_policy_uncertainty__lag003,0.517241,0.207549,0.153363,0.18667848
d__baa10y_baa10y__lag060,0.504702,0.185263,0.184477,0.1866087
d__anfci_anfci__lag019,0.69279,0.001171,0.268112,0.18655643
d__usepuindxd_policy_uncertainty__lag012,0.517241,0.115973,0.244585,0.18649529
d__baa10y_baa10y__lag014,0.504702,0.123143,0.245998,0.18630664
d__aaa10y_aaa10y__lag087,0.54232,0.23968,0.103842,0.18629866
d__baa10y_baa10y__lag056,0.504702,0.182165,0.186909,0.18627293
d__vixcls_vixcls__lag011,0.454545,0.198151,0.211574,0.18623898
q__bogz1fr263061130q_row_gov_tsy_reval__lag001,0.99373,0.063009,0.124286,0.1861202
d__vixcls_vixcls__lag003,0.454545,0.161768,0.247615,0.1860831
d__aaa10y_aaa10y__lag084,0.54232,0.241134,0.101679,0.18591409
d__usepuindxd_policy_uncertainty__lag005,0.517241,0.146606,0.212772,0.18588532
d__aaa10y_aaa10y__lag085,0.54232,0.237877,0.104528,0.18569339
d__aaa10y_aaa10y__lag013,0.54232,0.172358,0.16978,0.18554827
q__bogz1fr713061103q_cb_tsy_reval__lag006,0.978056,0.088694,0.100769,0.18530527
d__baa10y_baa10y__lag004,0.504702,0.118151,0.248913,0.1852581
m__neworder_neworder__lag004,0.426332,0.075422,0.359075,0.18524023
d__baa10y_baa10y__lag062,0.504702,0.188722,0.178277,0.1852255
d__baa10y_baa10y__lag003,0.504702,0.116957,0.249941,0.18517453
d__baa10y_baa10y__lag009,0.504702,0.119964,0.24686,0.18513679
m__ttlcons_ttlcons__lag003,0.416928,0.05949,0.384515,0.18511817
d__baa10y_baa10y__lag015,0.504702,0.129707,0.236964,0.18505947
d__baa10y_baa10y__lag005,0.504702,0.119382,0.247156,0.18499208
d__baa10y_baa10y__lag010,0.504702,0.121669,0.244692,0.18490323
d__aaa10y_aaa10y__lag012,0.54232,0.17056,0.170276,0.18484248
q__bogz1fr713061113q_cb_bills_reval__lag001,0.99373,0.08944,0.096413,0.18468794
d__baa10y_baa10y__lag054,0.504702,0.181684,0.184131,0.18462773
d__baa10y_baa10y__lag055,0.504702,0.183073,0.182391,0.18445028
d__baa10y_baa10y__lag067,0.504702,0.184889,0.180061,0.18419122
d__baa10y_baa10y__lag016,0.504702,0.135386,0.229412,0.18411427
m__umcsent_umcsent__lag001,0.92163,0.020127,0.179499,0.18398134
d__baa10y_baa10y__lag066,0.504702,0.182799,0.181311,0.1837672
d__aaa10y_aaa10y__lag090,0.539185,0.25177,0.089028,0.18375306
d__baa10y_baa10y__lag007,0.504702,0.118685,0.24534,0.18372429
d__baa10y_baa10y__lag008,0.504702,0.12007,0.243905,0.18369895
m__mich_mich__lag003,0.605016,0.182439,0.121077,0.18363235
d__baa10y_baa10y__lag011,0.504702,0.120801,0.242712,0.18346618
d__baa10y_baa10y__lag013,0.504702,0.118624,0.244418,0.18322786
d__vixcls_vixcls__lag087,0.454545,0.214682,0.187859,0.18297312
m__amtmno_amtmno__lag010,0.420063,0.120732,0.314693,0.1829056
d__aaa10y_aaa10y__lag088,0.54232,0.236658,0.100534,0.18286573
d__stlfsi4_stlfed_fin_stress_idx__lag005,0.404389,0.050226,0.401708,0.18275689
d__usepuindxd_policy_uncertainty__lag019,0.517241,0.132351,0.220804,0.18266623
d__aaa10y_aaa10y__lag017,0.54232,0.205333,0.13143,0.18263332
d__baa10y_baa10y__lag012,0.504702,0.119125,0.242633,0.18258026
d__aaa10y_aaa10y__lag020,0.54232,0.209718,0.126835,0.18251955
d__aaa10y_aaa10y__lag011,0.54232,0.167488,0.169052,0.1825123
d__aaa10y_aaa10y__lag089,0.539185,0.24465,0.093724,0.18244583
d__aaa10y_aaa10y__lag059,0.54232,0.236051,0.100319,0.18242011
m__neworder_neworder__lag009,0.420063,0.135864,0.298307,0.18237891
d__aaa10y_aaa10y__lag080,0.54232,0.235972,0.09987,0.18213384
d__aaa10y_aaa10y__lag010,0.54232,0.165242,0.170009,0.18181323
d__aaa10y_aaa10y__lag064,0.54232,0.243635,0.091353,0.18167057
q__bogz1fa343061113q_fed_gov_dcf_retirement_ts_tx__lag005,0.981191,0.035701,0.149277,0.18149867
d__aaa10y_aaa10y__lag081,0.54232,0.238109,0.095959,0.18117171
d__baa10y_baa10y__lag048,0.504702,0.178194,0.180769,0.18116979
q__bogz1fa513061113q_pci_bills_tx__lag004,0.984326,0.067761,0.116136,0.181015
d__aaa10y_aaa10y__lag074,0.54232,0.244314,0.089364,0.18095993
d__baa10y_baa10y__lag053,0.504702,0.17683,0.181714,0.18095806
d__aaa10y_aaa10y__lag071,0.54232,0.246468,0.08659,0.18062376
d__aaa10y_aaa10y__lag060,0.54232,0.232821,0.100171,0.18058844
d__vixcls_vixcls__lag078,0.454545,0.208602,0.188656,0.18057157
m__mtsds133fms_fed_surplus_deficit__lag004,0.567398,0.221884,0.095941,0.18033316
d__aaa10y_aaa10y__lag056,0.54232,0.231509,0.100939,0.18029304
d__aaa10y_aaa10y__lag069,0.54232,0.24643,0.085952,0.18025729
m__neworder_neworder__lag007,0.423197,0.103025,0.322754,0.18018875
q__drtscilm_loan_tight__lag004,0.438871,0.191092,0.219453,0.18017641
q__bogz1fa743061103q_usb_tsy_dom_tx__lag004,0.984326,0.04336,0.139593,0.18008574
q__bogz1fa343061123q_fed_gov_dcg_retirement_ts_tx__lag008,0.971787,0.115771,0.069467,0.18001266
d__aaa10y_aaa10y__lag070,0.54232,0.24638,0.085542,0.18000766
q__bogz1fr153061105q_hhnp_tsy_reval__lag001,0.99373,0.077719,0.103343,0.17992723
d__baa10y_baa10y__lag050,0.504702,0.174624,0.181877,0.17992683
m__mich_mich__lag004,0.601881,0.191071,0.107869,0.17992668
d__aaa10y_aaa10y__lag068,0.54232,0.248001,0.083771,0.17992613
d__usepuindxd_policy_uncertainty__lag011,0.517241,0.165328,0.182464,0.17989277
m__ttlcons_ttlcons__lag004,0.413793,0.059011,0.375697,0.17987908
m__mtsds133fms_fed_surplus_deficit__lag009,0.564263,0.201707,0.11707,0.17987424
d__usepuindxd_policy_uncertainty__lag038,0.517241,0.243494,0.103945,0.17970998
d__aaa10y_aaa10y__lag018,0.54232,0.202349,0.129014,0.17970449
m__ttlcons_ttlcons__lag005,0.413793,0.063431,0.370694,0.17963765
q__bogz1fa543461113q_li_bills_tx__lag004,0.984326,0.048318,0.134068,0.17952729
d__aaa10y_aaa10y__lag019,0.54232,0.205488,0.125451,0.17947449
d__baa10y_baa10y__lag049,0.504702,0.176899,0.178461,0.17935094
m__neworder_neworder__lag008,0.423197,0.117264,0.306484,0.17932921
d__aaa10y_aaa10y__lag072,0.54232,0.245214,0.085296,0.17924224
d__aaa10y_aaa10y__lag076,0.54232,0.236352,0.094079,0.17919895
d__aaa10y_aaa10y__lag008,0.54232,0.17429,0.15594,0.17908997
d__usepuindxd_policy_uncertainty__lag064,0.517241,0.144738,0.201402,0.17903807
d__aaa10y_aaa10y__lag009,0.54232,0.168515,0.161514,0.17898085
d__aaa10y_aaa10y__lag007,0.54232,0.175157,0.154788,0.17893564
d__aaa10y_aaa10y__lag057,0.54232,0.236063,0.093795,0.17888853
q__bogz1fr343061165q_fed_gov_db_retirement_ts_reval__lag001,0.99373,0.038217,0.141634,0.1787234
d__aaa10y_aaa10y__lag021,0.54232,0.210216,0.119199,0.17864815
d__aaa10y_aaa10y__lag061,0.54232,0.237852,0.091519,0.17862471
d__aaa10y_aaa10y__lag075,0.54232,0.240672,0.088493,0.17851301
d__vixcls_vixcls__lag086,0.454545,0.20619,0.18623,0.17837278
d__vixcls_vixcls__lag077,0.454545,0.205274,0.1871,0.17835193
d__aaa10y_aaa10y__lag082,0.54232,0.233675,0.095058,0.17827805
d__aaa10y_aaa10y__lag058,0.54232,0.236979,0.091421,0.17809778
d__vixcls_vixcls__lag067,0.454545,0.210728,0.181035,0.17807394
d__baa10y_baa10y__lag051,0.504702,0.175233,0.177488,0.17801909
d__usepuindxd_policy_uncertainty__lag070,0.517241,0.133609,0.21049,0.17798238
d__aaa10y_aaa10y__lag077,0.54232,0.237226,0.090894,0.17794598
d__stlfsi4_stlfed_fin_stress_idx__lag012,0.404389,0.047584,0.392315,0.17789011
d__usepuindxd_policy_uncertainty__lag047,0.517241,0.185924,0.157634,0.17770231
d__baa10y_baa10y__lag052,0.504702,0.171446,0.180282,0.17751779
q__ncbtsaq027s_nfcb_tsy_tx__lag007,0.974922,0.098122,0.083959,0.17751466
d__stlfsi4_stlfed_fin_stress_idx__lag006,0.404389,0.047221,0.391221,0.1773012
d__vixcls_vixcls__lag072,0.454545,0.210122,0.179678,0.17718151
d__baa10y_baa10y__lag017,0.504702,0.133788,0.217162,0.17712573
d__baa10y_baa10y__lag047,0.504702,0.173791,0.177001,0.1770458
d__vixcls_vixcls__lag074,0.454545,0.220022,0.169329,0.17697745
d__baa10y_baa10y__lag020,0.504702,0.138416,0.212087,0.1768996
d__aaa10y_aaa10y__lag062,0.54232,0.240718,0.085431,0.17687731
d__aaa10y_aaa10y__lag006,0.54232,0.175463,0.150623,0.17684291
d__vixcls_vixcls__lag079,0.454545,0.194524,0.194222,0.17670271
d__vixcls_vixcls__lag076,0.454545,0.203743,0.184972,0.17668851
m__ttlcons_ttlcons__lag006,0.413793,0.059667,0.367272,0.17666454
d__baa10y_baa10y__lag018,0.504702,0.135031,0.214967,0.17664526
d__vixcls_vixcls__lag014,0.454545,0.164537,0.224033,0.17662279
d__aaa10y_aaa10y__lag078,0.54232,0.234435,0.091204,0.1766005
d__aaa10y_aaa10y__lag055,0.54232,0.230737,0.094804,0.17654749
d__aaa10y_aaa10y__lag002,0.54232,0.167465,0.158053,0.17653514
d__baa10y_baa10y__lag045,0.504702,0.170758,0.178986,0.1765165
q__bogz1fa343061123q_fed_gov_dcg_retirement_ts_tx__lag004,0.984326,0.11496,0.064322,0.17647149
d__vixcls_vixcls__lag045,0.454545,0.187406,0.20061,0.17637048
d__aaa10y_aaa10y__lag004,0.54232,0.170544,0.154667,0.17636813
d__stlfsi4_stlfed_fin_stress_idx__lag011,0.404389,0.044931,0.390993,0.17628266
d__vixcls_vixcls__lag013,0.454545,0.16788,0.219632,0.176142
d__vixcls_vixcls__lag075,0.454545,0.199965,0.187446,0.17609572
d__aaa10y_aaa10y__lag001,0.54232,0.165794,0.158877,0.17607578
d__aaa10y_aaa10y__lag083,0.54232,0.233009,0.091631,0.17605862
d__aaa10y_aaa10y__lag079,0.54232,0.233449,0.091022,0.17596701
q__bogz1fa513061105q_pc_insurance_ts_tx__lag001,0.99373,0.017801,0.159184,0.17587469
d__vixcls_vixcls__lag068,0.454545,0.191811,0.195027,0.17583547
d__vixcls_vixcls__lag046,0.454545,0.175642,0.210995,0.17574401
d__baa10y_baa10y__lag046,0.504702,0.170397,0.177449,0.17555846
d__vixcls_vixcls__lag083,0.454545,0.185419,0.199974,0.17517884
d__stlfsi4_stlfed_fin_stress_idx__lag010,0.404389,0.047726,0.385467,0.17517815
d__aaa10y_aaa10y__lag003,0.54232,0.16618,0.15664,0.17507197
d__aaa10y_aaa10y__lag050,0.54232,0.22934,0.093403,0.17502998
m__businv_businv__lag001,0.429467,0.023761,0.383591,0.17494419
d__vixcls_vixcls__lag056,0.454545,0.18126,0.203256,0.1747797
d__aaa10y_aaa10y__lag005,0.54232,0.171133,0.151105,0.174756
d__baa10y_baa10y__lag019,0.504702,0.133781,0.212392,0.17471439
d__vixcls_vixcls__lag028,0.454545,0.196149,0.187976,0.17460236
d__aaa10y_aaa10y__lag054,0.54232,0.228584,0.09323,0.17452629
d__vixcls_vixcls__lag029,0.454545,0.188906,0.194995,0.17450036
q__bogz1fr383061105q_dom_nonfin_sector_tsy_reval__lag006,0.978056,0.066622,0.111713,0.17442114
d__baa10y_baa10y__lag037,0.504702,0.164975,0.180332,0.17427738
d__baa10y_baa10y__lag042,0.504702,0.164547,0.180544,0.17416817
d__aaa10y_aaa10y__lag063,0.54232,0.238699,0.082437,0.17415834
d__aaa10y_aaa10y__lag067,0.54232,0.241407,0.079551,0.17406197
d__vixcls_vixcls__lag080,0.454545,0.20226,0.180434,0.17395173
q__bogz1fa513061105q_pc_insurance_ts_tx__lag002,0.990596,0.055064,0.120521,0.17393364
q__cbi_cbi__lag007,0.971787,0.016148,0.162832,0.1739296
d__baa10y_baa10y__lag044,0.504702,0.165981,0.178564,0.17389269
q__bogz1fr263061130q_row_gov_tsy_reval__lag006,0.978056,0.081812,0.095935,0.17384586
d__vixcls_vixcls__lag066,0.454545,0.217455,0.164883,0.17378988
d__baa10y_baa10y__lag021,0.504702,0.138816,0.20526,0.17365566
q__bogz1fr343061165q_fed_gov_db_retirement_ts_reval__lag006,0.978056,0.077309,0.100228,0.17364045
d__aaa10y_aaa10y__lag065,0.54232,0.242333,0.077846,0.17363953
d__vixcls_vixcls__lag022,0.454545,0.152107,0.229639,0.17352089
m__businv_businv__lag002,0.429467,0.024663,0.379291,0.17348482
d__aaa10y_aaa10y__lag048,0.54232,0.231207,0.088467,0.17336554
d__vixcls_vixcls__lag069,0.454545,0.18526,0.19595,0.17327719
d__baa10y_baa10y__lag036,0.504702,0.161857,0.18124,0.17316194
d__vixcls_vixcls__lag004,0.454545,0.134507,0.245735,0.1728374
q__bogz1fa713068703q_fed_dw_tx__lag003,0.987461,0.018847,0.156166,0.17281797
d__baa10y_baa10y__lag023,0.504702,0.138641,0.203333,0.17259505
d__vixcls_vixcls__lag027,0.454545,0.173058,0.206609,0.17257561
d__vixcls_vixcls__lag016,0.454545,0.130885,0.248737,0.1725557
d__aaa10y_aaa10y__lag066,0.54232,0.239876,0.07827,0.17253704
d__baa10y_baa10y__lag035,0.504702,0.159711,0.182043,0.17248374
d__baa10y_baa10y__lag043,0.504702,0.160235,0.181411,0.17242955
d__usepuindxd_policy_uncertainty__lag066,0.517241,0.171661,0.161652,0.17240328
d__aaa10y_aaa10y__lag049,0.54232,0.232115,0.085696,0.17235529
d__stlfsi4_stlfed_fin_stress_idx__lag007,0.404389,0.051344,0.374863,0.1723531
d__vixcls_vixcls__lag023,0.454545,0.162486,0.216347,0.17219692
m__businv_businv__lag003,0.429467,0.025818,0.375107,0.17218395
d__vixcls_vixcls__lag015,0.454545,0.137609,0.240878,0.17203945
d__vixcls_vixcls__lag024,0.454545,0.156424,0.222043,0.17203038
d__baa10y_baa10y__lag027,0.504702,0.146802,0.193919,0.17196265
d__baa10y_baa10y__lag033,0.504702,0.155433,0.184801,0.1717168
d__stlfsi4_stlfed_fin_stress_idx__lag090,0.404389,0.140293,0.284214,0.17166585
d__vixcls_vixcls__lag073,0.454545,0.21676,0.160361,0.17141832
d__baa10y_baa10y__lag034,0.504702,0.159448,0.179968,0.17130405
d__aaa10y_aaa10y__lag036,0.54232,0.223723,0.092053,0.1712512
d__stlfsi4_stlfed_fin_stress_idx__lag008,0.404389,0.050642,0.372742,0.17121166
d__stlfsi4_stlfed_fin_stress_idx__lag009,0.404389,0.044597,0.378727,0.17118783
d__baa10y_baa10y__lag041,0.504702,0.162034,0.177064,0.17114352
m__amtmno_amtmno__lag011,0.420063,0.101668,0.305548,0.1710562
d__baa10y_baa10y__lag029,0.504702,0.148,0.190832,0.17100957
d__baa10y_baa10y__lag025,0.504702,0.143074,0.195732,0.17099592
d__baa10y_baa10y__lag028,0.504702,0.147057,0.191517,0.17087914
d__usepuindxd_policy_uncertainty__lag075,0.517241,0.186351,0.143598,0.17066329
m__ttlcons_ttlcons__lag007,0.410658,0.060334,0.355165,0.17062831
d__vixcls_vixcls__lag057,0.454545,0.21895,0.156391,0.17060949
d__baa10y_baa10y__lag039,0.504702,0.16166,0.17605,0.17044304
q__bogz1fa313161110q_totalbills_z1_tx__lag008,0.971787,0.048261,0.127058,0.17037263
d__baa10y_baa10y__lag040,0.504702,0.162859,0.174493,0.17026221
d__vixcls_vixcls__lag012,0.454545,0.165467,0.209001,0.17021276
q__bogz1fa573061143q_private_db_pension_ts_tx__lag003,0.987461,0.032976,0.139117,0.16993517
d__vixcls_vixcls__lag088,0.454545,0.179983,0.193873,0.16993444
d__aaa10y_aaa10y__lag037,0.54232,0.223241,0.089964,0.169857
q__bogz1fa713068703q_fed_dw_tx__lag005,0.981191,0.110259,0.062851,0.1698543
d__usepuindxd_policy_uncertainty__lag032,0.517241,0.110443,0.217926,0.16984585
q__rowceaq027s_row_corpequities_flow__lag008,0.971787,0.056692,0.118007,0.16976989
d__baa10y_baa10y__lag026,0.504702,0.143565,0.192764,0.16974583
q__bogz1fa343061105q_fed_gov_retirement_ts_tx__lag006,0.978056,0.133248,0.040278,0.16971847
d__baa10y_baa10y__lag038,0.504702,0.159761,0.176415,0.16966836
d__baa10y_baa10y__lag024,0.504702,0.140536,0.195586,0.16964158
d__baa10y_baa10y__lag022,0.504702,0.133423,0.202654,0.16961885
d__aaa10y_aaa10y__lag035,0.54232,0.218691,0.093874,0.16951037
d__aaa10y_aaa10y__lag051,0.54232,0.228495,0.083849,0.16939029
m__ttlcons_ttlcons__lag008,0.410658,0.064043,0.34841,0.16937752
q__bogz1fa663061165q_brokers_dealers_long_ts_tx__lag007,0.974922,0.036375,0.137323,0.16934151
d__usepuindxd_policy_uncertainty__lag015,0.517241,0.123094,0.203991,0.16918199
d__aaa10y_aaa10y__lag028,0.54232,0.21156,0.100282,0.16911825
d__vixcls_vixcls__lag030,0.454545,0.185685,0.186226,0.16905034
q__bogz1fr713061113q_cb_bills_reval__lag003,0.987461,0.105031,0.066111,0.16899542
d__aaa10y_aaa10y__lag053,0.54232,0.220372,0.091179,0.16895995
d__vixcls_vixcls__lag026,0.454545,0.157689,0.213739,0.16883083
m__ttlcons_ttlcons__lag009,0.410658,0.062829,0.348246,0.16881135
d__aaa10y_aaa10y__lag042,0.54232,0.219648,0.091289,0.16862734
d__aaa10y_aaa10y__lag047,0.54232,0.225397,0.085514,0.16861326
d__aaa10y_aaa10y__lag027,0.54232,0.206355,0.104455,0.16855824
d__baa10y_baa10y__lag030,0.504702,0.147687,0.186224,0.16852579
d__baa10y_baa10y__lag032,0.504702,0.150814,0.183083,0.16851868
d__aaa10y_aaa10y__lag022,0.54232,0.199599,0.111057,0.16847481
d__usepuindxd_policy_uncertainty__lag084,0.517241,0.139727,0.185959,0.1684582
m__amtmno_amtmno__lag012,0.416928,0.115163,0.288402,0.1682576
d__aaa10y_aaa10y__lag029,0.54232,0.210895,0.099299,0.16822416
d__baa10y_baa10y__lag031,0.504702,0.150494,0.182725,0.16817624
d__vixcls_vixcls__lag034,0.454545,0.177134,0.192758,0.16813284
d__vixcls_vixcls__lag070,0.454545,0.187178,0.181886,0.16775626
q__bogz1fa573061143q_private_db_pension_ts_tx__lag004,0.984326,0.118104,0.052265,0.16769807
d__aaa10y_aaa10y__lag045,0.54232,0.221911,0.087227,0.16765138
d__aaa10y_aaa10y__lag046,0.54232,0.221009,0.087995,0.16757889
d__aaa10y_aaa10y__lag033,0.54232,0.212499,0.096402,0.16752342
d__vixcls_vixcls__lag010,0.454545,0.158713,0.209819,0.16751457
d__vixcls_vixcls__lag081,0.454545,0.170965,0.197326,0.16740511
m__businv_businv__lag004,0.426332,0.027265,0.365238,0.16733677
d__aaa10y_aaa10y__lag023,0.54232,0.195547,0.112774,0.16720847
d__usepuindxd_policy_uncertainty__lag071,0.517241,0.167344,0.155832,0.1671602
d__usepuindxd_policy_uncertainty__lag054,0.517241,0.170079,0.152923,0.16706991
q__bogz1fa473061105q_credit_unions_ts_tx__lag004,0.984326,0.025995,0.143688,0.16702295
q__bogz1fa383061105q_dom_nonfin_sector_tsy_tx__lag004,0.984326,0.055936,0.113744,0.16702008
d__aaa10y_aaa10y__lag025,0.54232,0.20406,0.103811,0.16696419
d__stlfsi4_stlfed_fin_stress_idx__lag089,0.404389,0.12875,0.283131,0.16656003
d__usepuindxd_policy_uncertainty__lag018,0.517241,0.174456,0.147432,0.16649372
d__vixcls_vixcls__lag035,0.454545,0.183892,0.181915,0.16627554
d__aaa10y_aaa10y__lag052,0.54232,0.217901,0.088282,0.16604932
q__bogz1fa593061105q_pension_ts_tx__lag006,0.978056,0.020107,0.149645,0.16602704
d__vixcls_vixcls__lag044,0.454545,0.191344,0.173304,0.16574914
m__businv_businv__lag005,0.426332,0.025955,0.362223,0.16549278
q__bogz1fa543461113q_li_bills_tx__lag003,0.987461,0.050459,0.116544,0.16490853
d__aaa10y_aaa10y__lag032,0.54232,0.209812,0.094267,0.1649083
d__aaa10y_aaa10y__lag034,0.54232,0.216026,0.087297,0.16449774
d__aaa10y_aaa10y__lag043,0.54232,0.211446,0.091743,0.16442558
d__aaa10y_aaa10y__lag041,0.54232,0.214784,0.088264,0.16434889
d__vixcls_vixcls__lag009,0.454545,0.138075,0.223244,0.16423622
d__aaa10y_aaa10y__lag026,0.54232,0.200371,0.102461,0.16423165
d__vixcls_vixcls__lag021,0.454545,0.140197,0.220657,0.16402442
m__businv_businv__lag006,0.426332,0.024781,0.359808,0.16396245
m__ttlcons_ttlcons__lag010,0.407524,0.062677,0.339418,0.16386312
d__vixcls_vixcls__lag005,0.454545,0.114887,0.245474,0.16380048
d__aaa10y_aaa10y__lag040,0.54232,0.219251,0.082679,0.16374262
d__aaa10y_aaa10y__lag024,0.54232,0.198368,0.103309,0.16360569
d__aaa10y_aaa10y__lag044,0.54232,0.212846,0.08857,0.16346396
d__vixcls_vixcls__lag025,0.454545,0.148737,0.210761,0.16340834
d__usepuindxd_policy_uncertainty__lag009,0.517241,0.086274,0.229566,0.16336601
q__bogz1fa513061113q_pci_bills_tx__lag001,0.99373,0.052946,0.111388,0.16330383
q__bogz1fa313161110q_totalbills_z1_tx__lag001,0.99373,0.007837,0.156482,0.16328894
d__vixcls_vixcls__lag020,0.454545,0.134211,0.224702,0.16314243
q__bogz1fr713061113q_cb_bills_reval__lag008,0.971787,0.014737,0.153128,0.16312928
m__ttlcons_ttlcons__lag011,0.407524,0.064153,0.336085,0.16310625
d__vixcls_vixcls__lag047,0.454545,0.154194,0.204381,0.16298876
m__neworder_neworder__lag010,0.420063,0.102755,0.284955,0.16286285
d__aaa10y_aaa10y__lag038,0.54232,0.215452,0.084698,0.16277739
d__vixcls_vixcls__lag082,0.454545,0.15706,0.200994,0.16275144
d__stlfsi4_stlfed_fin_stress_idx__lag058,0.404389,0.140607,0.261454,0.16258893
d__vixcls_vixcls__lag008,0.454545,0.127397,0.230011,0.16245827
d__usepuindxd_policy_uncertainty__lag077,0.517241,0.15649,0.157067,0.16218437
m__ttlcons_ttlcons__lag012,0.407524,0.062565,0.334856,0.16195855
q__bogz1fa693061105q_nonmmf_ts_tx__lag007,0.974922,0.021521,0.144576,0.16193136
q__bogz1fa693061105q_nonmmmf_ts_tx__lag007,0.974922,0.021521,0.144576,0.16193136
d__vixcls_vixcls__lag033,0.454545,0.169084,0.187144,0.16192155
d__stlfsi4_stlfed_fin_stress_idx__lag057,0.404389,0.140822,0.259582,0.16191865
d__aaa10y_aaa10y__lag039,0.54232,0.213826,0.084634,0.16186073
d__vixcls_vixcls__lag050,0.454545,0.186119,0.169463,0.16162783
d__stlfsi4_stlfed_fin_stress_idx__lag060,0.404389,0.139885,0.259758,0.16161131
d__stlfsi4_stlfed_fin_stress_idx__lag087,0.404389,0.118543,0.281024,0.16158038
d__vixcls_vixcls__lag007,0.454545,0.119022,0.236041,0.16139221
d__aaa10y_aaa10y__lag030,0.54232,0.202608,0.094916,0.16135311
d__usepuindxd_policy_uncertainty__lag072,0.517241,0.146502,0.165356,0.16130596
d__vixcls_vixcls__lag006,0.454545,0.112663,0.241357,0.16091791
d__usepuindxd_policy_uncertainty__lag089,0.517241,0.159689,0.150961,0.16068109
m__neworder_neworder__lag011,0.420063,0.115857,0.266294,0.16052734
m__businv_businv__lag007,0.423197,0.025173,0.353497,0.16025257
d__usepuindxd_policy_uncertainty__lag062,0.517241,0.137942,0.171781,0.16020146
d__stlfsi4_stlfed_fin_stress_idx__lag085,0.404389,0.119134,0.277016,0.16019852
d__stlfsi4_stlfed_fin_stress_idx__lag086,0.404389,0.119184,0.276953,0.16019316
d__stlfsi4_stlfed_fin_stress_idx__lag059,0.404389,0.137393,0.257999,0.15989198
d__aaa10y_aaa10y__lag031,0.54232,0.202737,0.091778,0.15972123
d__usepuindxd_policy_uncertainty__lag037,0.517241,0.172988,0.135329,0.15947446
d__vixcls_vixcls__lag042,0.454545,0.184668,0.165655,0.15923743
d__stlfsi4_stlfed_fin_stress_idx__lag069,0.404389,0.116805,0.27691,0.1592142
d__usepuindxd_policy_uncertainty__lag043,0.517241,0.130409,0.177275,0.15914668
m__mich_mich__lag005,0.601881,0.125226,0.139128,0.1591097
d__usepuindxd_policy_uncertainty__lag007,0.517241,0.094856,0.212082,0.15876067
d__stlfsi4_stlfed_fin_stress_idx__lag062,0.404389,0.128097,0.264406,0.15872376
d__vixcls_vixcls__lag085,0.454545,0.190085,0.158864,0.15861344
m__businv_businv__lag008,0.423197,0.021196,0.35333,0.15849841
d__stlfsi4_stlfed_fin_stress_idx__lag068,0.404389,0.12276,0.268753,0.15832365
q__bogz1fa553061103q_closed_end_funds_ts_tx__lag007,0.974922,0.053102,0.109081,0.15811537
d__stlfsi4_stlfed_fin_stress_idx__lag055,0.404389,0.116908,0.274019,0.15808684
d__stlfsi4_stlfed_fin_stress_idx__lag067,0.404389,0.119255,0.271664,0.15808357
d__stlfsi4_stlfed_fin_stress_idx__lag088,0.404389,0.112724,0.27777,0.15791141
d__vixcls_vixcls__lag039,0.454545,0.165531,0.18166,0.15781416
d__vixcls_vixcls__lag032,0.454545,0.168245,0.177708,0.15725103
d__vixcls_vixcls__lag019,0.454545,0.123593,0.221969,0.15707396
m__mich_mich__lag008,0.598746,0.113872,0.148255,0.15694736
q__bogz1fr513061115q_pci_bills_reval__lag007,0.974922,0.02245,0.138479,0.15689309
d__vixcls_vixcls__lag055,0.454545,0.141601,0.202976,0.15662569
q__bogz1fa343061123q_fed_gov_dcg_retirement_ts_tx__lag005,0.981191,0.081093,0.078409,0.15650193
d__vixcls_vixcls__lag036,0.454545,0.158216,0.185942,0.15643548
d__vixcls_vixcls__lag040,0.454545,0.165999,0.178047,0.15638484
m__businv_businv__lag009,0.423197,0.015121,0.353681,0.15607633
d__usepuindxd_policy_uncertainty__lag051,0.517241,0.139651,0.161852,0.15594978
q__bogz1fa733061103q_holding_companies_ts_tx__lag005,0.981191,0.031197,0.127484,0.15569633
d__stlfsi4_stlfed_fin_stress_idx__lag056,0.404389,0.12208,0.262458,0.15550283
d__stlfsi4_stlfed_fin_stress_idx__lag084,0.404389,0.108568,0.275702,0.15539457
d__stlfsi4_stlfed_fin_stress_idx__lag063,0.404389,0.123845,0.260396,0.15538271
q__bogz1fr733061103q_holding_companies_ts_reval__lag006,0.978056,0.064928,0.093795,0.15523957
d__stlfsi4_stlfed_fin_stress_idx__lag061,0.404389,0.121352,0.262434,0.15519853
d__vixcls_vixcls__lag031,0.454545,0.156179,0.184694,0.15494258
q__bogz1fa403061105q_gses_ts_tx__lag008,0.971787,0.03086,0.128347,0.15471456
q__bogz1fa263061130q_row_gov_tsy_tx__lag004,0.984326,0.051743,0.105235,0.15451743
d__stlfsi4_stlfed_fin_stress_idx__lag065,0.404389,0.116733,0.265322,0.15449867
d__stlfsi4_stlfed_fin_stress_idx__lag066,0.404389,0.118655,0.263374,0.15448826
d__usepuindxd_policy_uncertainty__lag086,0.517241,0.145241,0.152886,0.15420369
d__stlfsi4_stlfed_fin_stress_idx__lag054,0.404389,0.10427,0.276943,0.15415821
d__vixcls_vixcls__lag071,0.454545,0.175797,0.163056,0.15402435
q__bogz1lm343061165q_fed_gov_db_retirement_ts__lag007,0.987461,0.00011,0.155453,0.15361194
q__bogz1lm343061165q_fed_ret_tsy_db__lag007,0.987461,0.00011,0.155453,0.15361194
d__vixcls_vixcls__lag043,0.454545,0.179606,0.158305,0.15359585
m__neworder_neworder__lag012,0.416928,0.10449,0.2636,0.15346713
q__bogz1fa263061130q_row_gov_tsy_tx__lag006,0.978056,0.019889,0.136581,0.15303606
q__bogz1fa653061113q_mutf_bills_tx__lag003,0.987461,0.037612,0.117216,0.15288644
d__stlfsi4_stlfed_fin_stress_idx__lag053,0.404389,0.097127,0.280652,0.1527693
q__rrvrusq156n_rental_vacancy__lag007,0.858934,0.027127,0.15039,0.15247501
d__vixcls_vixcls__lag017,0.454545,0.124317,0.210783,0.1523183
q__bogz1fr563061103q_etfs_ts_reval__lag006,0.978056,0.075174,0.080424,0.1521837
d__stlfsi4_stlfed_fin_stress_idx__lag070,0.404389,0.11801,0.258202,0.15213575
d__vixcls_vixcls__lag041,0.454545,0.173328,0.160899,0.15192176
m__mtsds133fms_fed_surplus_deficit__lag001,0.570533,0.182112,0.084108,0.15188719
d__vixcls_vixcls__lag053,0.454545,0.142413,0.191186,0.15163604
q__rowmfsq027s_row_mutualfundshares_flow__lag002,0.990596,0.085522,0.067372,0.15145565
d__vixcls_vixcls__lag054,0.454545,0.124273,0.20877,0.15138318
d__stlfsi4_stlfed_fin_stress_idx__lag052,0.404389,0.09523,0.27893,0.15130618
d__vixcls_vixcls__lag048,0.454545,0.148657,0.184177,0.15128846
m__businv_businv__lag010,0.420063,0.012357,0.34758,0.15119641
d__stlfsi4_stlfed_fin_stress_idx__lag073,0.404389,0.103754,0.269548,0.15095915
d__vixcls_vixcls__lag049,0.454545,0.155912,0.176135,0.1509302
d__stlfsi4_stlfed_fin_stress_idx__lag064,0.404389,0.109819,0.263273,0.15087419
d__stlfsi4_stlfed_fin_stress_idx__lag071,0.404389,0.113424,0.259631,0.15085911
d__stlfsi4_stlfed_fin_stress_idx__lag042,0.404389,0.094922,0.277614,0.15064914
d__stlfsi4_stlfed_fin_stress_idx__lag074,0.404389,0.102695,0.269528,0.15052249
d__vixcls_vixcls__lag051,0.454545,0.137629,0.192234,0.14993775
m__businv_businv__lag011,0.420063,0.007377,0.349504,0.14991256
q__bogz1fa553061103q_closed_end_funds_ts_tx__lag001,0.99373,0.082863,0.067907,0.14982451
d__vixcls_vixcls__lag018,0.454545,0.122427,0.206422,0.14947688
d__vixcls_vixcls__lag037,0.454545,0.147728,0.180468,0.14918
q__bogz1fr513061115q_pci_bills_reval__lag008,0.971787,0.047616,0.105758,0.14904759
d__usepuindxd_policy_uncertainty__lag087,0.517241,0.127371,0.160482,0.14888943
q__bogz1lm343061165q_fed_gov_db_retirement_ts__lag008,0.984326,0.001388,0.149861,0.148878
q__bogz1lm343061165q_fed_ret_tsy_db__lag008,0.984326,0.001388,0.149861,0.148878
q__bogz1fa733061103q_holding_companies_ts_tx__lag008,0.971787,0.03485,0.118011,0.14854843
d__usepuindxd_policy_uncertainty__lag017,0.517241,0.126476,0.160565,0.14846908
d__stlfsi4_stlfed_fin_stress_idx__lag077,0.404389,0.102328,0.264648,0.14840093
q__ncbtsaq027s_nfcb_tsy_tx__lag003,0.987461,0.029768,0.120459,0.1483423
d__stlfsi4_stlfed_fin_stress_idx__lag041,0.404389,0.111131,0.255173,0.14812925
d__stlfsi4_stlfed_fin_stress_idx__lag078,0.404389,0.099537,0.266237,0.14791492
q__bogz1fa553061103q_closed_end_funds_ts_tx__lag005,0.981191,0.060143,0.09052,0.14782865
m__businv_businv__lag012,0.420063,0.000567,0.350941,0.14765539
d__stlfsi4_stlfed_fin_stress_idx__lag079,0.404389,0.092224,0.272808,0.14761449
d__usepuindxd_policy_uncertainty__lag080,0.517241,0.098334,0.186958,0.14756482
d__stlfsi4_stlfed_fin_stress_idx__lag076,0.404389,0.101745,0.263141,0.14755569
q__bogz1fa663061165q_brokers_dealers_long_ts_tx__lag002,0.990596,0.002058,0.146823,0.14748093
d__stlfsi4_stlfed_fin_stress_idx__lag072,0.404389,0.107307,0.257222,0.14741132
d__usepuindxd_policy_uncertainty__lag056,0.517241,0.142496,0.142012,0.14715889
d__stlfsi4_stlfed_fin_stress_idx__lag016,0.404389,0.059396,0.304185,0.14702783
q__bogz1fa633061105q_money_market_funds_ts_tx__lag008,0.971787,0.014327,0.136779,0.14684243
d__stlfsi4_stlfed_fin_stress_idx__lag083,0.404389,0.104771,0.258141,0.14675788
q__bogz1fa593061105q_pension_ts_tx__lag007,0.974922,0.062946,0.087522,0.14669437
d__stlfsi4_stlfed_fin_stress_idx__lag040,0.404389,0.110915,0.251596,0.14659552
d__stlfsi4_stlfed_fin_stress_idx__lag080,0.404389,0.093709,0.268787,0.14658937
d__stlfsi4_stlfed_fin_stress_idx__lag082,0.404389,0.093547,0.268944,0.14658729
d__stlfsi4_stlfed_fin_stress_idx__lag075,0.404389,0.093326,0.268922,0.14648916
q__bogz1fr713061113q_cb_bills_reval__lag004,0.984326,0.042249,0.106263,0.14618428
d__usepuindxd_policy_uncertainty__lag014,0.517241,0.080074,0.202274,0.14604229
q__bogz1fa663061165q_brokers_dealers_long_ts_tx__lag006,0.978056,0.008914,0.140331,0.14596997
d__stlfsi4_stlfed_fin_stress_idx__lag019,0.404389,0.050669,0.309507,0.14565092
d__vixcls_vixcls__lag084,0.454545,0.148318,0.172026,0.14561062
d__usepuindxd_policy_uncertainty__lag036,0.517241,0.111878,0.169495,0.14553752
d__stlfsi4_stlfed_fin_stress_idx__lag014,0.404389,0.047207,0.311779,0.14516961
d__vixcls_vixcls__lag038,0.454545,0.142884,0.176313,0.1450896
q__ncbtsaq027s_nfcb_tsy_tx__lag006,0.978056,0.02058,0.127661,0.14498826
d__stlfsi4_stlfed_fin_stress_idx__lag018,0.404389,0.053583,0.303901,0.14456255
d__stlfsi4_stlfed_fin_stress_idx__lag017,0.404389,0.0558,0.300559,0.14410776
d__stlfsi4_stlfed_fin_stress_idx__lag081,0.404389,0.090661,0.264276,0.14353268
q__rrvrusq156n_rental_vacancy__lag002,0.874608,0.044834,0.119091,0.14336995
d__usepuindxd_policy_uncertainty__lag073,0.517241,0.104819,0.17226,0.14331699
d__stlfsi4_stlfed_fin_stress_idx__lag015,0.404389,0.042118,0.311992,0.14319813
d__stlfsi4_stlfed_fin_stress_idx__lag043,0.404389,0.068739,0.285238,0.14314428
d__usepuindxd_policy_uncertainty__lag078,0.517241,0.115611,0.160947,0.14304714
q__bogz1fa653061105q_mutual_funds_ts_tx__lag007,0.974922,0.001653,0.144862,0.14284062
q__rrvrusq156n_rental_vacancy__lag008,0.855799,0.011658,0.154904,0.14254368
q__bogz1fa653061105q_mutual_funds_ts_tx__lag008,0.971787,0.075854,0.070791,0.14250728
q__bogz1fa753061103q_usb_tsy_for_tx__lag008,0.971787,0.041948,0.104367,0.14218656
m__mich_mich__lag001,0.605016,0.126021,0.108751,0.14204079
q__bogz1fa263061110q_row_bills_tx__lag001,0.99373,0.035908,0.106977,0.14198959
d__stlfsi4_stlfed_fin_stress_idx__lag013,0.404389,0.034543,0.316526,0.14196851
d__usepuindxd_policy_uncertainty__lag035,0.517241,0.103124,0.170615,0.14158934
d__stlfsi4_stlfed_fin_stress_idx__lag024,0.404389,0.062015,0.287612,0.14138505
d__stlfsi4_stlfed_fin_stress_idx__lag025,0.404389,0.063344,0.285711,0.14115376
d__stlfsi4_stlfed_fin_stress_idx__lag046,0.404389,0.058279,0.289173,0.14050581
d__usepuindxd_policy_uncertainty__lag029,0.517241,0.084023,0.1869,0.1401328
d__stlfsi4_stlfed_fin_stress_idx__lag023,0.404389,0.061547,0.284892,0.14009615
d__stlfsi4_stlfed_fin_stress_idx__lag051,0.404389,0.085499,0.260723,0.14000848
q__rrvrusq156n_rental_vacancy__lag004,0.868339,0.030527,0.130708,0.14000667
q__rownblq027s_row_nonfinbusinessloans_flow__lag007,0.974922,0.031488,0.111949,0.13983994
d__usepuindxd_policy_uncertainty__lag002,0.517241,0.111034,0.159299,0.1398276
d__stlfsi4_stlfed_fin_stress_idx__lag037,0.404389,0.104372,0.240995,0.13966268
d__usepuindxd_policy_uncertainty__lag021,0.517241,0.134089,0.134511,0.13893108
q__bogz1fa633061110q_mmf_bills_tx__lag008,0.971787,0.000426,0.142339,0.13873701
q__bogz1fa743061103q_usb_tsy_dom_tx__lag006,0.978056,0.084663,0.056909,0.13846589
q__bogz1fr153061105q_hhnp_tsy_reval__lag006,0.978056,0.047952,0.093394,0.1382446
d__usepuindxd_policy_uncertainty__lag044,0.517241,0.072824,0.194267,0.13815043
d__stlfsi4_stlfed_fin_stress_idx__lag031,0.404389,0.07327,0.26665,0.13746
d__stlfsi4_stlfed_fin_stress_idx__lag044,0.404389,0.059077,0.280515,0.1373272
q__bogz1fa743061103q_usb_tsy_dom_tx__lag005,0.981191,0.073005,0.066949,0.13732253
q__bogz1fa343061105q_fed_gov_retirement_ts_tx__lag004,0.984326,0.08731,0.052096,0.13722179
q__bogz1fa343061105q_fed_gov_retirement_ts_tx__lag002,0.990596,0.087776,0.05062,0.13709416
d__stlfsi4_stlfed_fin_stress_idx__lag038,0.404389,0.102437,0.236491,0.13705853
m__mich_mich__lag002,0.605016,0.109713,0.11665,0.13695348
d__stlfsi4_stlfed_fin_stress_idx__lag026,0.404389,0.072695,0.265021,0.13656854
d__stlfsi4_stlfed_fin_stress_idx__lag036,0.404389,0.094883,0.242533,0.13644713
d__stlfsi4_stlfed_fin_stress_idx__lag032,0.404389,0.071706,0.265693,0.13644041
d__stlfsi4_stlfed_fin_stress_idx__lag034,0.404389,0.080431,0.256713,0.136337
d__stlfsi4_stlfed_fin_stress_idx__lag039,0.404389,0.098828,0.237887,0.13616341
d__stlfsi4_stlfed_fin_stress_idx__lag022,0.404389,0.051487,0.284117,0.13571448
d__vixcls_vixcls__lag052,0.454545,0.120106,0.178242,0.13561265
q__bogz1fa553061103q_closed_end_funds_ts_tx__lag002,0.990596,0.039387,0.097376,0.13547739
q__bogz1fa263061130q_row_gov_tsy_tx__lag003,0.987461,0.011992,0.125103,0.13537605
d__stlfsi4_stlfed_fin_stress_idx__lag035,0.404389,0.086536,0.248084,0.13531682
d__stlfsi4_stlfed_fin_stress_idx__lag033,0.404389,0.074616,0.259946,0.13529301
d__stlfsi4_stlfed_fin_stress_idx__lag029,0.404389,0.072476,0.261927,0.13522892
d__stlfsi4_stlfed_fin_stress_idx__lag047,0.404389,0.046214,0.288138,0.13520817
d__stlfsi4_stlfed_fin_stress_idx__lag045,0.404389,0.054002,0.279252,0.13476417
d__stlfsi4_stlfed_fin_stress_idx__lag050,0.404389,0.079109,0.253556,0.13452616
d__stlfsi4_stlfed_fin_stress_idx__lag021,0.404389,0.051397,0.280855,0.134359
d__stlfsi4_stlfed_fin_stress_idx__lag020,0.404389,0.053333,0.27735,0.13372424
d__stlfsi4_stlfed_fin_stress_idx__lag028,0.404389,0.067059,0.262124,0.13311807
d__stlfsi4_stlfed_fin_stress_idx__lag027,0.404389,0.06975,0.259023,0.13295188
q__rrvrusq156n_rental_vacancy__lag005,0.865204,0.017002,0.135243,0.13172291
d__usepuindxd_policy_uncertainty__lag079,0.517241,0.112031,0.142485,0.13164587
q__rrvrusq156n_rental_vacancy__lag003,0.871473,0.011078,0.139848,0.13152786
q__rowtsaq027s_row_tsy_tx__lag008,0.971787,0.037798,0.097472,0.13145314
q__bogz1fa753061103q_usb_tsy_for_tx__lag006,0.978056,0.002303,0.131815,0.1311746
d__usepuindxd_policy_uncertainty__lag049,0.517241,0.091182,0.161346,0.13061812
d__usepuindxd_policy_uncertainty__lag041,0.517241,0.109817,0.14157,0.13002769
d__stlfsi4_stlfed_fin_stress_idx__lag048,0.404389,0.045419,0.27489,0.12952948
q__bogz1fa733061103q_holding_companies_ts_tx__lag006,0.978056,0.007602,0.124198,0.12890696
d__usepuindxd_policy_uncertainty__lag090,0.517241,0.106904,0.141798,0.12863866
d__usepuindxd_policy_uncertainty__lag020,0.517241,0.11389,0.134701,0.12858164
d__stlfsi4_stlfed_fin_stress_idx__lag030,0.404389,0.063429,0.253688,0.1282388
q__bogz1fa553061103q_closed_end_funds_ts_tx__lag006,0.978056,0.05404,0.076878,0.12804558
d__stlfsi4_stlfed_fin_stress_idx__lag049,0.404389,0.050776,0.264183,0.12736578
d__usepuindxd_policy_uncertainty__lag069,0.517241,0.081675,0.16426,0.1272076
d__usepuindxd_policy_uncertainty__lag023,0.517241,0.048717,0.197098,0.12714533
q__bogz1fa693061105q_nonmmf_ts_tx__lag008,0.971787,0.043469,0.086823,0.12661614
q__bogz1fa693061105q_nonmmmf_ts_tx__lag008,0.971787,0.043469,0.086823,0.12661614
q__bogz1fa343061165q_fed_gov_db_retirement_ts_tx__lag008,0.971787,0.109022,0.020914,0.12627068
m__exgeus_demusd__lag012,0.683386,0.018798,0.162881,0.12415645
m__exgeus_exgeus__lag012,0.683386,0.018798,0.162881,0.12415645
q__bogz1fr513061105q_pc_insurance_ts_reval__lag006,0.978056,0.012479,0.11333,0.12304778
d__usepuindxd_policy_uncertainty__lag048,0.517241,0.090078,0.144749,0.12146228
q__bogz1fa263061130q_row_gov_tsy_tx__lag007,0.974922,0.063486,0.06078,0.12114926
q__bogz1fa223061143q_state_local_db_retirement_ts_tx__lag001,0.99373,0.05988,0.061878,0.12099413
q__bogz1fa473061105q_credit_unions_ts_tx__lag006,0.978056,0.02351,0.099846,0.12064886
m__exgeus_demusd__lag011,0.683386,0.018798,0.156637,0.11988958
m__exgeus_exgeus__lag011,0.683386,0.018798,0.156637,0.11988958
q__bogz1fa503061123q_ccps_ts_tx__lag003,0.987461,0.035637,0.084796,0.11892302
d__usepuindxd_policy_uncertainty__lag013,0.517241,0.042154,0.186625,0.11833359
q__drtscilm_loan_tight__lag005,0.435737,0.105282,0.165686,0.11807087
q__bogz1fr513061115q_pci_bills_reval__lag006,0.978056,0.040727,0.07988,0.11796021
q__bogz1fa553061103q_closed_end_funds_ts_tx__lag003,0.987461,0.01802,0.099956,0.11649678
q__bogz1fa263061110q_row_bills_tx__lag006,0.978056,0.005055,0.113254,0.11571319
q__bogz1fa503061123q_ccps_ts_tx__lag002,0.990596,0.01094,0.105582,0.11542612
q__drtscilm_loan_tight__lag006,0.432602,0.102389,0.163826,0.11516493
q__rowmfsq027s_row_mutualfundshares_flow__lag005,0.981191,0.007011,0.108669,0.11350338
q__rrvrusq156n_rental_vacancy__lag006,0.862069,0.00016,0.12901,0.11135364
m__exgeus_demusd__lag006,0.689655,0.0,0.160619,0.11077149
m__exgeus_exgeus__lag006,0.689655,0.0,0.160619,0.11077149
q__rrvrusq156n_rental_vacancy__lag001,0.877743,0.028391,0.096978,0.11004165
m__exgeus_demusd__lag003,0.69279,0.0,0.158417,0.10974963
m__exgeus_exgeus__lag003,0.69279,0.0,0.158417,0.10974963
q__bogz1fa663061165q_brokers_dealers_long_ts_tx__lag003,0.987461,0.041078,0.070037,0.10972222
m__exgeus_demusd__lag009,0.68652,0.0,0.15927,0.10934182
m__exgeus_exgeus__lag009,0.68652,0.0,0.15927,0.10934182
q__bogz1fa653061113q_mutf_bills_tx__lag001,0.99373,0.034847,0.073972,0.10813678
m__exgeus_demusd__lag005,0.689655,0.0,0.156139,0.1076822
m__exgeus_exgeus__lag005,0.689655,0.0,0.156139,0.1076822
q__drtscilm_loan_tight__lag007,0.429467,0.107057,0.143163,0.10746135
m__exgeus_demusd__lag004,0.689655,0.0,0.154378,0.10646764
m__exgeus_exgeus__lag004,0.689655,0.0,0.154378,0.10646764
m__exgeus_demusd__lag008,0.68652,0.0,0.154625,0.10615309
m__exgeus_exgeus__lag008,0.68652,0.0,0.154625,0.10615309
m__exgeus_demusd__lag007,0.68652,0.0,0.154603,0.10613816
m__exgeus_exgeus__lag007,0.68652,0.0,0.154603,0.10613816
q__bogz1fa713068703q_fed_dw_tx__lag007,0.974922,0.039878,0.068695,0.10585033
q__rowmslq027s_row_muni_flow__lag004,0.984326,0.03268,0.074241,0.10524517
d__usepuindxd_policy_uncertainty__lag050,0.517241,0.032068,0.17112,0.10509706
m__exgeus_demusd__lag010,0.683386,0.0,0.153718,0.10504858
m__exgeus_exgeus__lag010,0.683386,0.0,0.153718,0.10504858
m__exgeus_demusd__lag002,0.69279,0.0,0.15144,0.10491599
m__exgeus_exgeus__lag002,0.69279,0.0,0.15144,0.10491599
d__usepuindxd_policy_uncertainty__lag030,0.517241,0.033538,0.165432,0.10291582
d__usepuindxd_policy_uncertainty__lag016,0.517241,0.051356,0.146855,0.10252291
d__usepuindxd_policy_uncertainty__lag076,0.517241,0.061004,0.135924,0.10185919
q__bogz1fa343061165q_fed_gov_db_retirement_ts_tx__lag005,0.981191,0.073466,0.03015,0.1016675
m__exgeus_demusd__lag001,0.69279,0.0,0.146662,0.10160588
m__exgeus_exgeus__lag001,0.69279,0.0,0.146662,0.10160588
q__rowtsaq027s_row_tsy_tx__lag006,0.978056,0.002733,0.096343,0.09690254
q__bogz1fr513061115q_pci_bills_reval__lag005,0.981191,0.034705,0.059233,0.09217113
q__bogz1fa343061105q_fed_gov_retirement_ts_tx__lag005,0.981191,0.056989,0.036557,0.09178586
d__usepuindxd_policy_uncertainty__lag027,0.517241,0.011799,0.159901,0.08881016
q__drtscilm_loan_tight__lag008,0.426332,0.073187,0.126308,0.08505105
q__bogz1fa343061165q_fed_gov_db_retirement_ts_tx__lag004,0.984326,0.03304,0.053253,0.08494012
q__bogz1fa343061105q_fed_gov_retirement_ts_tx__lag007,0.974922,0.026951,0.059982,0.08475342
d__usepuindxd_policy_uncertainty__lag028,0.517241,0.026924,0.135172,0.08384285
d__usepuindxd_policy_uncertainty__lag061,0.517241,0.054167,0.106228,0.08296313
q__bogz1fr513061115q_pci_bills_reval__lag004,0.984326,0.012765,0.069626,0.08109974
q__rowmfsq027s_row_mutualfundshares_flow__lag006,0.978056,0.003184,0.079187,0.08056316
q__bogz1fa653061113q_mutf_bills_tx__lag002,0.990596,0.003037,0.07806,0.08033481
q__bogz1fr513061115q_pci_bills_reval__lag001,0.99373,0.026917,0.053695,0.08010671
d__usepuindxd_policy_uncertainty__lag083,0.517241,0.012798,0.139249,0.078645
q__bogz1fa343061165q_fed_gov_db_retirement_ts_tx__lag001,0.99373,0.03232,0.040496,0.07235952
q__bogz1fa733061103q_holding_companies_ts_tx__lag007,0.974922,0.002331,0.063889,0.0645596
q__bogz1fa343061105q_fed_gov_retirement_ts_tx__lag001,0.99373,0.014612,0.049519,0.06372861
q__bogz1fr513061115q_pci_bills_reval__lag002,0.990596,0.015786,0.046721,0.06191944
q__bogz1fr513061115q_pci_bills_reval__lag003,0.987461,0.029793,0.03113,0.0601589
q__bogz1fa343061165q_fed_gov_db_retirement_ts_tx__lag007,0.974922,0.009198,0.049715,0.0574358
q__bogz1fa343061105q_fed_gov_retirement_ts_tx__lag003,0.987461,0.033214,0.019463,0.05201655
q__bogz1fa343061165q_fed_gov_db_retirement_ts_tx__lag003,0.987461,0.013777,0.035074,0.04823874
q__bogz1fa343061105q_fed_gov_retirement_ts_tx__lag008,0.971787,0.026865,0.013847,0.03956328
q__bogz1fr313161305q_gov_nonmarketable_ts_reval__lag001,0.99373,0.0,0.0,0.0
q__bogz1fr343061123q_fed_gov_dcg_retirement_ts_reval__lag001,0.99373,0.0,0.0,0.0
q__bogz1fr503061123q_ccps_ts_reval__lag001,0.99373,0.0,0.0,0.0
q__bogz1fr543461113q_li_bills_reval__lag001,0.99373,0.0,0.0,0.0
q__bogz1fr633061105q_money_market_funds_ts_reval__lag001,0.99373,0.0,0.0,0.0
q__bogz1fr633061110q_mmf_bills_reval__lag001,0.99373,0.0,0.0,0.0
q__bogz1fr653061113q_mutf_bills_reval__lag001,0.99373,0.0,0.0,0.0
q__bogz1fr673061103q_abs_issuers_ts_reval__lag001,0.99373,0.0,0.0,0.0
q__bogz1fr313161305q_gov_nonmarketable_ts_reval__lag002,0.990596,0.0,0.0,0.0
q__bogz1fr343061123q_fed_gov_dcg_retirement_ts_reval__lag002,0.990596,0.0,0.0,0.0
q__bogz1fr503061123q_ccps_ts_reval__lag002,0.990596,0.0,0.0,0.0
q__bogz1fr543461113q_li_bills_reval__lag002,0.990596,0.0,0.0,0.0
q__bogz1fr633061105q_money_market_funds_ts_reval__lag002,0.990596,0.0,0.0,0.0
q__bogz1fr633061110q_mmf_bills_reval__lag002,0.990596,0.0,0.0,0.0
q__bogz1fr653061113q_mutf_bills_reval__lag002,0.990596,0.0,0.0,0.0
q__bogz1fr673061103q_abs_issuers_ts_reval__lag002,0.990596,0.0,0.0,0.0
q__bogz1fr313161305q_gov_nonmarketable_ts_reval__lag003,0.987461,0.0,0.0,0.0
q__bogz1fr343061123q_fed_gov_dcg_retirement_ts_reval__lag003,0.987461,0.0,0.0,0.0
q__bogz1fr503061123q_ccps_ts_reval__lag003,0.987461,0.0,0.0,0.0
q__bogz1fr543461113q_li_bills_reval__lag003,0.987461,0.0,0.0,0.0
q__bogz1fr633061105q_money_market_funds_ts_reval__lag003,0.987461,0.0,0.0,0.0
q__bogz1fr633061110q_mmf_bills_reval__lag003,0.987461,0.0,0.0,0.0
q__bogz1fr653061113q_mutf_bills_reval__lag003,0.987461,0.0,0.0,0.0
q__bogz1fr673061103q_abs_issuers_ts_reval__lag003,0.987461,0.0,0.0,0.0
q__bogz1fr313161305q_gov_nonmarketable_ts_reval__lag004,0.984326,0.0,0.0,0.0
q__bogz1fr343061123q_fed_gov_dcg_retirement_ts_reval__lag004,0.984326,0.0,0.0,0.0
q__bogz1fr503061123q_ccps_ts_reval__lag004,0.984326,0.0,0.0,0.0
q__bogz1fr543461113q_li_bills_reval__lag004,0.984326,0.0,0.0,0.0
q__bogz1fr633061105q_money_market_funds_ts_reval__lag004,0.984326,0.0,0.0,0.0
q__bogz1fr633061110q_mmf_bills_reval__lag004,0.984326,0.0,0.0,0.0
q__bogz1fr653061113q_mutf_bills_reval__lag004,0.984326,0.0,0.0,0.0
q__bogz1fr673061103q_abs_issuers_ts_reval__lag004,0.984326,0.0,0.0,0.0
q__bogz1fr313161305q_gov_nonmarketable_ts_reval__lag005,0.981191,0.0,0.0,0.0
q__bogz1fr343061123q_fed_gov_dcg_retirement_ts_reval__lag005,0.981191,0.0,0.0,0.0
q__bogz1fr503061123q_ccps_ts_reval__lag005,0.981191,0.0,0.0,0.0
q__bogz1fr543461113q_li_bills_reval__lag005,0.981191,0.0,0.0,0.0
q__bogz1fr633061105q_money_market_funds_ts_reval__lag005,0.981191,0.0,0.0,0.0
q__bogz1fr633061110q_mmf_bills_reval__lag005,0.981191,0.0,0.0,0.0
q__bogz1fr653061113q_mutf_bills_reval__lag005,0.981191,0.0,0.0,0.0
q__bogz1fr673061103q_abs_issuers_ts_reval__lag005,0.981191,0.0,0.0,0.0
q__bogz1fr313161305q_gov_nonmarketable_ts_reval__lag006,0.978056,0.0,0.0,0.0
q__bogz1fr343061123q_fed_gov_dcg_retirement_ts_reval__lag006,0.978056,0.0,0.0,0.0
q__bogz1fr503061123q_ccps_ts_reval__lag006,0.978056,0.0,0.0,0.0
q__bogz1fr543461113q_li_bills_reval__lag006,0.978056,0.0,0.0,0.0
q__bogz1fr633061105q_money_market_funds_ts_reval__lag006,0.978056,0.0,0.0,0.0
q__bogz1fr633061110q_mmf_bills_reval__lag006,0.978056,0.0,0.0,0.0
q__bogz1fr653061113q_mutf_bills_reval__lag006,0.978056,0.0,0.0,0.0
q__bogz1fr673061103q_abs_issuers_ts_reval__lag006,0.978056,0.0,0.0,0.0
q__bogz1fr313161305q_gov_nonmarketable_ts_reval__lag007,0.974922,0.0,0.0,0.0
q__bogz1fr343061123q_fed_gov_dcg_retirement_ts_reval__lag007,0.974922,0.0,0.0,0.0
q__bogz1fr503061123q_ccps_ts_reval__lag007,0.974922,0.0,0.0,0.0
q__bogz1fr543461113q_li_bills_reval__lag007,0.974922,0.0,0.0,0.0
q__bogz1fr633061105q_money_market_funds_ts_reval__lag007,0.974922,0.0,0.0,0.0
q__bogz1fr633061110q_mmf_bills_reval__lag007,0.974922,0.0,0.0,0.0
q__bogz1fr653061113q_mutf_bills_reval__lag007,0.974922,0.0,0.0,0.0
q__bogz1fr673061103q_abs_issuers_ts_reval__lag007,0.974922,0.0,0.0,0.0
q__bogz1fr313161305q_gov_nonmarketable_ts_reval__lag008,0.971787,0.0,0.0,0.0
q__bogz1fr343061123q_fed_gov_dcg_retirement_ts_reval__lag008,0.971787,0.0,0.0,0.0
q__bogz1fr503061123q_ccps_ts_reval__lag008,0.971787,0.0,0.0,0.0
q__bogz1fr543461113q_li_bills_reval__lag008,0.971787,0.0,0.0,0.0
q__bogz1fr633061105q_money_market_funds_ts_reval__lag008,0.971787,0.0,0.0,0.0
q__bogz1fr633061110q_mmf_bills_reval__lag008,0.971787,0.0,0.0,0.0
q__bogz1fr653061113q_mutf_bills_reval__lag008,0.971787,0.0,0.0,0.0
q__bogz1fr673061103q_abs_issuers_ts_reval__lag008,0.971787,0.0,0.0,0.0
