feature_id,base_series,frequency,lag,source_file,nonmissing_quarters,coverage_share
q__a024rc1q027sbea_cfc__lag001,a024rc1q027sbea_cfc,q,1,FRED_A024RC1Q027SBEA_cfc.csv,316,0.990596
q__a024rc1q027sbea_cfc__lag002,a024rc1q027sbea_cfc,q,2,FRED_A024RC1Q027SBEA_cfc.csv,315,0.987461
q__a024rc1q027sbea_cfc__lag003,a024rc1q027sbea_cfc,q,3,FRED_A024RC1Q027SBEA_cfc.csv,314,0.984326
q__a024rc1q027sbea_cfc__lag004,a024rc1q027sbea_cfc,q,4,FRED_A024RC1Q027SBEA_cfc.csv,313,0.981191
q__a024rc1q027sbea_cfc__lag005,a024rc1q027sbea_cfc,q,5,FRED_A024RC1Q027SBEA_cfc.csv,312,0.978056
q__a024rc1q027sbea_cfc__lag006,a024rc1q027sbea_cfc,q,6,FRED_A024RC1Q027SBEA_cfc.csv,311,0.974922
q__a024rc1q027sbea_cfc__lag007,a024rc1q027sbea_cfc,q,7,FRED_A024RC1Q027SBEA_cfc.csv,310,0.971787
q__a024rc1q027sbea_cfc__lag008,a024rc1q027sbea_cfc,q,8,FRED_A024RC1Q027SBEA_cfc.csv,309,0.968652
q__a091rc1q027sbea_gov_interest_payments__lag001,a091rc1q027sbea_gov_interest_payments,q,1,FRED_A091RC1Q027SBEA_Gov_Interest_Payments.csv,316,0.990596
q__a091rc1q027sbea_gov_interest_payments__lag002,a091rc1q027sbea_gov_interest_payments,q,2,FRED_A091RC1Q027SBEA_Gov_Interest_Payments.csv,315,0.987461
q__a091rc1q027sbea_gov_interest_payments__lag003,a091rc1q027sbea_gov_interest_payments,q,3,FRED_A091RC1Q027SBEA_Gov_Interest_Payments.csv,314,0.984326
q__a091rc1q027sbea_gov_interest_payments__lag004,a091rc1q027sbea_gov_interest_payments,q,4,FRED_A091RC1Q027SBEA_Gov_Interest_Payments.csv,313,0.981191
q__a091rc1q027sbea_gov_interest_payments__lag005,a091rc1q027sbea_gov_interest_payments,q,5,FRED_A091RC1Q027SBEA_Gov_Interest_Payments.csv,312,0.978056
q__a091rc1q027sbea_gov_interest_payments__lag006,a091rc1q027sbea_gov_interest_payments,q,6,FRED_A091RC1Q027SBEA_Gov_Interest_Payments.csv,311,0.974922
q__a091rc1q027sbea_gov_interest_payments__lag007,a091rc1q027sbea_gov_interest_payments,q,7,FRED_A091RC1Q027SBEA_Gov_Interest_Payments.csv,310,0.971787
q__a091rc1q027sbea_gov_interest_payments__lag008,a091rc1q027sbea_gov_interest_payments,q,8,FRED_A091RC1Q027SBEA_Gov_Interest_Payments.csv,309,0.968652
q__a091rc1q027sbea_fedgov_int__lag001,a091rc1q027sbea_fedgov_int,q,1,FRED_A091RC1Q027SBEA_fedgov_int.csv,316,0.990596
q__a091rc1q027sbea_fedgov_int__lag002,a091rc1q027sbea_fedgov_int,q,2,FRED_A091RC1Q027SBEA_fedgov_int.csv,315,0.987461
q__a091rc1q027sbea_fedgov_int__lag003,a091rc1q027sbea_fedgov_int,q,3,FRED_A091RC1Q027SBEA_fedgov_int.csv,314,0.984326
q__a091rc1q027sbea_fedgov_int__lag004,a091rc1q027sbea_fedgov_int,q,4,FRED_A091RC1Q027SBEA_fedgov_int.csv,313,0.981191
q__a091rc1q027sbea_fedgov_int__lag005,a091rc1q027sbea_fedgov_int,q,5,FRED_A091RC1Q027SBEA_fedgov_int.csv,312,0.978056
q__a091rc1q027sbea_fedgov_int__lag006,a091rc1q027sbea_fedgov_int,q,6,FRED_A091RC1Q027SBEA_fedgov_int.csv,311,0.974922
q__a091rc1q027sbea_fedgov_int__lag007,a091rc1q027sbea_fedgov_int,q,7,FRED_A091RC1Q027SBEA_fedgov_int.csv,310,0.971787
q__a091rc1q027sbea_fedgov_int__lag008,a091rc1q027sbea_fedgov_int,q,8,FRED_A091RC1Q027SBEA_fedgov_int.csv,309,0.968652
q__a4102c1q027sbea_gdi_wages__lag001,a4102c1q027sbea_gdi_wages,q,1,FRED_A4102C1Q027SBEA_gdi_wages.csv,316,0.990596
q__a4102c1q027sbea_gdi_wages__lag002,a4102c1q027sbea_gdi_wages,q,2,FRED_A4102C1Q027SBEA_gdi_wages.csv,315,0.987461
q__a4102c1q027sbea_gdi_wages__lag003,a4102c1q027sbea_gdi_wages,q,3,FRED_A4102C1Q027SBEA_gdi_wages.csv,314,0.984326
q__a4102c1q027sbea_gdi_wages__lag004,a4102c1q027sbea_gdi_wages,q,4,FRED_A4102C1Q027SBEA_gdi_wages.csv,313,0.981191
q__a4102c1q027sbea_gdi_wages__lag005,a4102c1q027sbea_gdi_wages,q,5,FRED_A4102C1Q027SBEA_gdi_wages.csv,312,0.978056
q__a4102c1q027sbea_gdi_wages__lag006,a4102c1q027sbea_gdi_wages,q,6,FRED_A4102C1Q027SBEA_gdi_wages.csv,311,0.974922
q__a4102c1q027sbea_gdi_wages__lag007,a4102c1q027sbea_gdi_wages,q,7,FRED_A4102C1Q027SBEA_gdi_wages.csv,310,0.971787
q__a4102c1q027sbea_gdi_wages__lag008,a4102c1q027sbea_gdi_wages,q,8,FRED_A4102C1Q027SBEA_gdi_wages.csv,309,0.968652
q__a457rc1q027sbea_netva_nfcb__lag001,a457rc1q027sbea_netva_nfcb,q,1,FRED_A457RC1Q027SBEA_netva_nfcb.csv,316,0.990596
q__a457rc1q027sbea_netva_nfcb__lag002,a457rc1q027sbea_netva_nfcb,q,2,FRED_A457RC1Q027SBEA_netva_nfcb.csv,315,0.987461
q__a457rc1q027sbea_netva_nfcb__lag003,a457rc1q027sbea_netva_nfcb,q,3,FRED_A457RC1Q027SBEA_netva_nfcb.csv,314,0.984326
q__a457rc1q027sbea_netva_nfcb__lag004,a457rc1q027sbea_netva_nfcb,q,4,FRED_A457RC1Q027SBEA_netva_nfcb.csv,313,0.981191
q__a457rc1q027sbea_netva_nfcb__lag005,a457rc1q027sbea_netva_nfcb,q,5,FRED_A457RC1Q027SBEA_netva_nfcb.csv,312,0.978056
q__a457rc1q027sbea_netva_nfcb__lag006,a457rc1q027sbea_netva_nfcb,q,6,FRED_A457RC1Q027SBEA_netva_nfcb.csv,311,0.974922
q__a457rc1q027sbea_netva_nfcb__lag007,a457rc1q027sbea_netva_nfcb,q,7,FRED_A457RC1Q027SBEA_netva_nfcb.csv,310,0.971787
q__a457rc1q027sbea_netva_nfcb__lag008,a457rc1q027sbea_netva_nfcb,q,8,FRED_A457RC1Q027SBEA_netva_nfcb.csv,309,0.968652
q__a464rc1q027sbea_nfcb_pbt__lag001,a464rc1q027sbea_nfcb_pbt,q,1,FRED_A464RC1Q027SBEA_nfcb_pbt.csv,316,0.990596
q__a464rc1q027sbea_nfcb_pbt__lag002,a464rc1q027sbea_nfcb_pbt,q,2,FRED_A464RC1Q027SBEA_nfcb_pbt.csv,315,0.987461
q__a464rc1q027sbea_nfcb_pbt__lag003,a464rc1q027sbea_nfcb_pbt,q,3,FRED_A464RC1Q027SBEA_nfcb_pbt.csv,314,0.984326
q__a464rc1q027sbea_nfcb_pbt__lag004,a464rc1q027sbea_nfcb_pbt,q,4,FRED_A464RC1Q027SBEA_nfcb_pbt.csv,313,0.981191
q__a464rc1q027sbea_nfcb_pbt__lag005,a464rc1q027sbea_nfcb_pbt,q,5,FRED_A464RC1Q027SBEA_nfcb_pbt.csv,312,0.978056
q__a464rc1q027sbea_nfcb_pbt__lag006,a464rc1q027sbea_nfcb_pbt,q,6,FRED_A464RC1Q027SBEA_nfcb_pbt.csv,311,0.974922
q__a464rc1q027sbea_nfcb_pbt__lag007,a464rc1q027sbea_nfcb_pbt,q,7,FRED_A464RC1Q027SBEA_nfcb_pbt.csv,310,0.971787
q__a464rc1q027sbea_nfcb_pbt__lag008,a464rc1q027sbea_nfcb_pbt,q,8,FRED_A464RC1Q027SBEA_nfcb_pbt.csv,309,0.968652
d__aaa10y_aaa10y__lag001,aaa10y_aaa10y,d,1,FRED_AAA10Y_AAA10Y.csv,173,0.54232
d__aaa10y_aaa10y__lag002,aaa10y_aaa10y,d,2,FRED_AAA10Y_AAA10Y.csv,173,0.54232
d__aaa10y_aaa10y__lag003,aaa10y_aaa10y,d,3,FRED_AAA10Y_AAA10Y.csv,173,0.54232
d__aaa10y_aaa10y__lag004,aaa10y_aaa10y,d,4,FRED_AAA10Y_AAA10Y.csv,173,0.54232
d__aaa10y_aaa10y__lag005,aaa10y_aaa10y,d,5,FRED_AAA10Y_AAA10Y.csv,173,0.54232
d__aaa10y_aaa10y__lag006,aaa10y_aaa10y,d,6,FRED_AAA10Y_AAA10Y.csv,173,0.54232
d__aaa10y_aaa10y__lag007,aaa10y_aaa10y,d,7,FRED_AAA10Y_AAA10Y.csv,173,0.54232
d__aaa10y_aaa10y__lag008,aaa10y_aaa10y,d,8,FRED_AAA10Y_AAA10Y.csv,173,0.54232
d__aaa10y_aaa10y__lag009,aaa10y_aaa10y,d,9,FRED_AAA10Y_AAA10Y.csv,173,0.54232
d__aaa10y_aaa10y__lag010,aaa10y_aaa10y,d,10,FRED_AAA10Y_AAA10Y.csv,173,0.54232
d__aaa10y_aaa10y__lag011,aaa10y_aaa10y,d,11,FRED_AAA10Y_AAA10Y.csv,173,0.54232
d__aaa10y_aaa10y__lag012,aaa10y_aaa10y,d,12,FRED_AAA10Y_AAA10Y.csv,173,0.54232
d__aaa10y_aaa10y__lag013,aaa10y_aaa10y,d,13,FRED_AAA10Y_AAA10Y.csv,173,0.54232
d__aaa10y_aaa10y__lag014,aaa10y_aaa10y,d,14,FRED_AAA10Y_AAA10Y.csv,173,0.54232
d__aaa10y_aaa10y__lag015,aaa10y_aaa10y,d,15,FRED_AAA10Y_AAA10Y.csv,173,0.54232
d__aaa10y_aaa10y__lag016,aaa10y_aaa10y,d,16,FRED_AAA10Y_AAA10Y.csv,173,0.54232
d__aaa10y_aaa10y__lag017,aaa10y_aaa10y,d,17,FRED_AAA10Y_AAA10Y.csv,173,0.54232
d__aaa10y_aaa10y__lag018,aaa10y_aaa10y,d,18,FRED_AAA10Y_AAA10Y.csv,173,0.54232
d__aaa10y_aaa10y__lag019,aaa10y_aaa10y,d,19,FRED_AAA10Y_AAA10Y.csv,173,0.54232
d__aaa10y_aaa10y__lag020,aaa10y_aaa10y,d,20,FRED_AAA10Y_AAA10Y.csv,173,0.54232
d__aaa10y_aaa10y__lag021,aaa10y_aaa10y,d,21,FRED_AAA10Y_AAA10Y.csv,173,0.54232
d__aaa10y_aaa10y__lag022,aaa10y_aaa10y,d,22,FRED_AAA10Y_AAA10Y.csv,173,0.54232
d__aaa10y_aaa10y__lag023,aaa10y_aaa10y,d,23,FRED_AAA10Y_AAA10Y.csv,173,0.54232
d__aaa10y_aaa10y__lag024,aaa10y_aaa10y,d,24,FRED_AAA10Y_AAA10Y.csv,173,0.54232
d__aaa10y_aaa10y__lag025,aaa10y_aaa10y,d,25,FRED_AAA10Y_AAA10Y.csv,173,0.54232
d__aaa10y_aaa10y__lag026,aaa10y_aaa10y,d,26,FRED_AAA10Y_AAA10Y.csv,173,0.54232
d__aaa10y_aaa10y__lag027,aaa10y_aaa10y,d,27,FRED_AAA10Y_AAA10Y.csv,173,0.54232
d__aaa10y_aaa10y__lag028,aaa10y_aaa10y,d,28,FRED_AAA10Y_AAA10Y.csv,173,0.54232
d__aaa10y_aaa10y__lag029,aaa10y_aaa10y,d,29,FRED_AAA10Y_AAA10Y.csv,173,0.54232
d__aaa10y_aaa10y__lag030,aaa10y_aaa10y,d,30,FRED_AAA10Y_AAA10Y.csv,173,0.54232
d__aaa10y_aaa10y__lag031,aaa10y_aaa10y,d,31,FRED_AAA10Y_AAA10Y.csv,173,0.54232
d__aaa10y_aaa10y__lag032,aaa10y_aaa10y,d,32,FRED_AAA10Y_AAA10Y.csv,173,0.54232
d__aaa10y_aaa10y__lag033,aaa10y_aaa10y,d,33,FRED_AAA10Y_AAA10Y.csv,173,0.54232
d__aaa10y_aaa10y__lag034,aaa10y_aaa10y,d,34,FRED_AAA10Y_AAA10Y.csv,173,0.54232
d__aaa10y_aaa10y__lag035,aaa10y_aaa10y,d,35,FRED_AAA10Y_AAA10Y.csv,173,0.54232
d__aaa10y_aaa10y__lag036,aaa10y_aaa10y,d,36,FRED_AAA10Y_AAA10Y.csv,173,0.54232
d__aaa10y_aaa10y__lag037,aaa10y_aaa10y,d,37,FRED_AAA10Y_AAA10Y.csv,173,0.54232
d__aaa10y_aaa10y__lag038,aaa10y_aaa10y,d,38,FRED_AAA10Y_AAA10Y.csv,173,0.54232
d__aaa10y_aaa10y__lag039,aaa10y_aaa10y,d,39,FRED_AAA10Y_AAA10Y.csv,173,0.54232
d__aaa10y_aaa10y__lag040,aaa10y_aaa10y,d,40,FRED_AAA10Y_AAA10Y.csv,173,0.54232
d__aaa10y_aaa10y__lag041,aaa10y_aaa10y,d,41,FRED_AAA10Y_AAA10Y.csv,173,0.54232
d__aaa10y_aaa10y__lag042,aaa10y_aaa10y,d,42,FRED_AAA10Y_AAA10Y.csv,173,0.54232
d__aaa10y_aaa10y__lag043,aaa10y_aaa10y,d,43,FRED_AAA10Y_AAA10Y.csv,173,0.54232
d__aaa10y_aaa10y__lag044,aaa10y_aaa10y,d,44,FRED_AAA10Y_AAA10Y.csv,173,0.54232
d__aaa10y_aaa10y__lag045,aaa10y_aaa10y,d,45,FRED_AAA10Y_AAA10Y.csv,173,0.54232
d__aaa10y_aaa10y__lag046,aaa10y_aaa10y,d,46,FRED_AAA10Y_AAA10Y.csv,173,0.54232
d__aaa10y_aaa10y__lag047,aaa10y_aaa10y,d,47,FRED_AAA10Y_AAA10Y.csv,173,0.54232
d__aaa10y_aaa10y__lag048,aaa10y_aaa10y,d,48,FRED_AAA10Y_AAA10Y.csv,173,0.54232
d__aaa10y_aaa10y__lag049,aaa10y_aaa10y,d,49,FRED_AAA10Y_AAA10Y.csv,173,0.54232
d__aaa10y_aaa10y__lag050,aaa10y_aaa10y,d,50,FRED_AAA10Y_AAA10Y.csv,173,0.54232
d__aaa10y_aaa10y__lag051,aaa10y_aaa10y,d,51,FRED_AAA10Y_AAA10Y.csv,173,0.54232
d__aaa10y_aaa10y__lag052,aaa10y_aaa10y,d,52,FRED_AAA10Y_AAA10Y.csv,173,0.54232
d__aaa10y_aaa10y__lag053,aaa10y_aaa10y,d,53,FRED_AAA10Y_AAA10Y.csv,173,0.54232
d__aaa10y_aaa10y__lag054,aaa10y_aaa10y,d,54,FRED_AAA10Y_AAA10Y.csv,173,0.54232
d__aaa10y_aaa10y__lag055,aaa10y_aaa10y,d,55,FRED_AAA10Y_AAA10Y.csv,173,0.54232
d__aaa10y_aaa10y__lag056,aaa10y_aaa10y,d,56,FRED_AAA10Y_AAA10Y.csv,173,0.54232
d__aaa10y_aaa10y__lag057,aaa10y_aaa10y,d,57,FRED_AAA10Y_AAA10Y.csv,173,0.54232
d__aaa10y_aaa10y__lag058,aaa10y_aaa10y,d,58,FRED_AAA10Y_AAA10Y.csv,173,0.54232
d__aaa10y_aaa10y__lag059,aaa10y_aaa10y,d,59,FRED_AAA10Y_AAA10Y.csv,173,0.54232
d__aaa10y_aaa10y__lag060,aaa10y_aaa10y,d,60,FRED_AAA10Y_AAA10Y.csv,173,0.54232
d__aaa10y_aaa10y__lag061,aaa10y_aaa10y,d,61,FRED_AAA10Y_AAA10Y.csv,173,0.54232
d__aaa10y_aaa10y__lag062,aaa10y_aaa10y,d,62,FRED_AAA10Y_AAA10Y.csv,173,0.54232
d__aaa10y_aaa10y__lag063,aaa10y_aaa10y,d,63,FRED_AAA10Y_AAA10Y.csv,173,0.54232
d__aaa10y_aaa10y__lag064,aaa10y_aaa10y,d,64,FRED_AAA10Y_AAA10Y.csv,173,0.54232
d__aaa10y_aaa10y__lag065,aaa10y_aaa10y,d,65,FRED_AAA10Y_AAA10Y.csv,173,0.54232
d__aaa10y_aaa10y__lag066,aaa10y_aaa10y,d,66,FRED_AAA10Y_AAA10Y.csv,173,0.54232
d__aaa10y_aaa10y__lag067,aaa10y_aaa10y,d,67,FRED_AAA10Y_AAA10Y.csv,173,0.54232
d__aaa10y_aaa10y__lag068,aaa10y_aaa10y,d,68,FRED_AAA10Y_AAA10Y.csv,173,0.54232
d__aaa10y_aaa10y__lag069,aaa10y_aaa10y,d,69,FRED_AAA10Y_AAA10Y.csv,173,0.54232
d__aaa10y_aaa10y__lag070,aaa10y_aaa10y,d,70,FRED_AAA10Y_AAA10Y.csv,173,0.54232
d__aaa10y_aaa10y__lag071,aaa10y_aaa10y,d,71,FRED_AAA10Y_AAA10Y.csv,173,0.54232
d__aaa10y_aaa10y__lag072,aaa10y_aaa10y,d,72,FRED_AAA10Y_AAA10Y.csv,173,0.54232
d__aaa10y_aaa10y__lag073,aaa10y_aaa10y,d,73,FRED_AAA10Y_AAA10Y.csv,173,0.54232
d__aaa10y_aaa10y__lag074,aaa10y_aaa10y,d,74,FRED_AAA10Y_AAA10Y.csv,173,0.54232
d__aaa10y_aaa10y__lag075,aaa10y_aaa10y,d,75,FRED_AAA10Y_AAA10Y.csv,173,0.54232
d__aaa10y_aaa10y__lag076,aaa10y_aaa10y,d,76,FRED_AAA10Y_AAA10Y.csv,173,0.54232
d__aaa10y_aaa10y__lag077,aaa10y_aaa10y,d,77,FRED_AAA10Y_AAA10Y.csv,173,0.54232
d__aaa10y_aaa10y__lag078,aaa10y_aaa10y,d,78,FRED_AAA10Y_AAA10Y.csv,173,0.54232
d__aaa10y_aaa10y__lag079,aaa10y_aaa10y,d,79,FRED_AAA10Y_AAA10Y.csv,173,0.54232
d__aaa10y_aaa10y__lag080,aaa10y_aaa10y,d,80,FRED_AAA10Y_AAA10Y.csv,173,0.54232
d__aaa10y_aaa10y__lag081,aaa10y_aaa10y,d,81,FRED_AAA10Y_AAA10Y.csv,173,0.54232
d__aaa10y_aaa10y__lag082,aaa10y_aaa10y,d,82,FRED_AAA10Y_AAA10Y.csv,173,0.54232
d__aaa10y_aaa10y__lag083,aaa10y_aaa10y,d,83,FRED_AAA10Y_AAA10Y.csv,173,0.54232
d__aaa10y_aaa10y__lag084,aaa10y_aaa10y,d,84,FRED_AAA10Y_AAA10Y.csv,173,0.54232
d__aaa10y_aaa10y__lag085,aaa10y_aaa10y,d,85,FRED_AAA10Y_AAA10Y.csv,173,0.54232
d__aaa10y_aaa10y__lag086,aaa10y_aaa10y,d,86,FRED_AAA10Y_AAA10Y.csv,173,0.54232
d__aaa10y_aaa10y__lag087,aaa10y_aaa10y,d,87,FRED_AAA10Y_AAA10Y.csv,173,0.54232
d__aaa10y_aaa10y__lag088,aaa10y_aaa10y,d,88,FRED_AAA10Y_AAA10Y.csv,173,0.54232
d__aaa10y_aaa10y__lag089,aaa10y_aaa10y,d,89,FRED_AAA10Y_AAA10Y.csv,172,0.539185
d__aaa10y_aaa10y__lag090,aaa10y_aaa10y,d,90,FRED_AAA10Y_AAA10Y.csv,172,0.539185
d__abcomp_abcomp__lag001,abcomp_abcomp,d,1,FRED_ABCOMP_ABCOMP.csv,101,0.316614
d__abcomp_abcomp__lag002,abcomp_abcomp,d,2,FRED_ABCOMP_ABCOMP.csv,101,0.316614
d__abcomp_abcomp__lag003,abcomp_abcomp,d,3,FRED_ABCOMP_ABCOMP.csv,101,0.316614
d__abcomp_abcomp__lag004,abcomp_abcomp,d,4,FRED_ABCOMP_ABCOMP.csv,101,0.316614
d__abcomp_abcomp__lag005,abcomp_abcomp,d,5,FRED_ABCOMP_ABCOMP.csv,101,0.316614
d__abcomp_abcomp__lag006,abcomp_abcomp,d,6,FRED_ABCOMP_ABCOMP.csv,101,0.316614
d__abcomp_abcomp__lag007,abcomp_abcomp,d,7,FRED_ABCOMP_ABCOMP.csv,101,0.316614
d__abcomp_abcomp__lag008,abcomp_abcomp,d,8,FRED_ABCOMP_ABCOMP.csv,101,0.316614
d__abcomp_abcomp__lag009,abcomp_abcomp,d,9,FRED_ABCOMP_ABCOMP.csv,101,0.316614
d__abcomp_abcomp__lag010,abcomp_abcomp,d,10,FRED_ABCOMP_ABCOMP.csv,101,0.316614
d__abcomp_abcomp__lag011,abcomp_abcomp,d,11,FRED_ABCOMP_ABCOMP.csv,101,0.316614
d__abcomp_abcomp__lag012,abcomp_abcomp,d,12,FRED_ABCOMP_ABCOMP.csv,101,0.316614
d__abcomp_abcomp__lag013,abcomp_abcomp,d,13,FRED_ABCOMP_ABCOMP.csv,101,0.316614
d__abcomp_abcomp__lag014,abcomp_abcomp,d,14,FRED_ABCOMP_ABCOMP.csv,101,0.316614
d__abcomp_abcomp__lag015,abcomp_abcomp,d,15,FRED_ABCOMP_ABCOMP.csv,101,0.316614
d__abcomp_abcomp__lag016,abcomp_abcomp,d,16,FRED_ABCOMP_ABCOMP.csv,101,0.316614
d__abcomp_abcomp__lag017,abcomp_abcomp,d,17,FRED_ABCOMP_ABCOMP.csv,101,0.316614
d__abcomp_abcomp__lag018,abcomp_abcomp,d,18,FRED_ABCOMP_ABCOMP.csv,101,0.316614
d__abcomp_abcomp__lag019,abcomp_abcomp,d,19,FRED_ABCOMP_ABCOMP.csv,101,0.316614
d__abcomp_abcomp__lag020,abcomp_abcomp,d,20,FRED_ABCOMP_ABCOMP.csv,101,0.316614
d__abcomp_abcomp__lag021,abcomp_abcomp,d,21,FRED_ABCOMP_ABCOMP.csv,101,0.316614
d__abcomp_abcomp__lag022,abcomp_abcomp,d,22,FRED_ABCOMP_ABCOMP.csv,101,0.316614
d__abcomp_abcomp__lag023,abcomp_abcomp,d,23,FRED_ABCOMP_ABCOMP.csv,101,0.316614
d__abcomp_abcomp__lag024,abcomp_abcomp,d,24,FRED_ABCOMP_ABCOMP.csv,101,0.316614
d__abcomp_abcomp__lag025,abcomp_abcomp,d,25,FRED_ABCOMP_ABCOMP.csv,101,0.316614
d__abcomp_abcomp__lag026,abcomp_abcomp,d,26,FRED_ABCOMP_ABCOMP.csv,101,0.316614
d__abcomp_abcomp__lag027,abcomp_abcomp,d,27,FRED_ABCOMP_ABCOMP.csv,101,0.316614
d__abcomp_abcomp__lag028,abcomp_abcomp,d,28,FRED_ABCOMP_ABCOMP.csv,101,0.316614
d__abcomp_abcomp__lag029,abcomp_abcomp,d,29,FRED_ABCOMP_ABCOMP.csv,101,0.316614
d__abcomp_abcomp__lag030,abcomp_abcomp,d,30,FRED_ABCOMP_ABCOMP.csv,101,0.316614
d__abcomp_abcomp__lag031,abcomp_abcomp,d,31,FRED_ABCOMP_ABCOMP.csv,101,0.316614
d__abcomp_abcomp__lag032,abcomp_abcomp,d,32,FRED_ABCOMP_ABCOMP.csv,101,0.316614
d__abcomp_abcomp__lag033,abcomp_abcomp,d,33,FRED_ABCOMP_ABCOMP.csv,101,0.316614
d__abcomp_abcomp__lag034,abcomp_abcomp,d,34,FRED_ABCOMP_ABCOMP.csv,101,0.316614
d__abcomp_abcomp__lag035,abcomp_abcomp,d,35,FRED_ABCOMP_ABCOMP.csv,101,0.316614
d__abcomp_abcomp__lag036,abcomp_abcomp,d,36,FRED_ABCOMP_ABCOMP.csv,101,0.316614
d__abcomp_abcomp__lag037,abcomp_abcomp,d,37,FRED_ABCOMP_ABCOMP.csv,101,0.316614
d__abcomp_abcomp__lag038,abcomp_abcomp,d,38,FRED_ABCOMP_ABCOMP.csv,101,0.316614
d__abcomp_abcomp__lag039,abcomp_abcomp,d,39,FRED_ABCOMP_ABCOMP.csv,101,0.316614
d__abcomp_abcomp__lag040,abcomp_abcomp,d,40,FRED_ABCOMP_ABCOMP.csv,101,0.316614
d__abcomp_abcomp__lag041,abcomp_abcomp,d,41,FRED_ABCOMP_ABCOMP.csv,101,0.316614
d__abcomp_abcomp__lag042,abcomp_abcomp,d,42,FRED_ABCOMP_ABCOMP.csv,101,0.316614
d__abcomp_abcomp__lag043,abcomp_abcomp,d,43,FRED_ABCOMP_ABCOMP.csv,101,0.316614
d__abcomp_abcomp__lag044,abcomp_abcomp,d,44,FRED_ABCOMP_ABCOMP.csv,101,0.316614
d__abcomp_abcomp__lag045,abcomp_abcomp,d,45,FRED_ABCOMP_ABCOMP.csv,101,0.316614
d__abcomp_abcomp__lag046,abcomp_abcomp,d,46,FRED_ABCOMP_ABCOMP.csv,101,0.316614
d__abcomp_abcomp__lag047,abcomp_abcomp,d,47,FRED_ABCOMP_ABCOMP.csv,101,0.316614
d__abcomp_abcomp__lag048,abcomp_abcomp,d,48,FRED_ABCOMP_ABCOMP.csv,101,0.316614
d__abcomp_abcomp__lag049,abcomp_abcomp,d,49,FRED_ABCOMP_ABCOMP.csv,101,0.316614
d__abcomp_abcomp__lag050,abcomp_abcomp,d,50,FRED_ABCOMP_ABCOMP.csv,101,0.316614
d__abcomp_abcomp__lag051,abcomp_abcomp,d,51,FRED_ABCOMP_ABCOMP.csv,101,0.316614
d__abcomp_abcomp__lag052,abcomp_abcomp,d,52,FRED_ABCOMP_ABCOMP.csv,101,0.316614
d__abcomp_abcomp__lag053,abcomp_abcomp,d,53,FRED_ABCOMP_ABCOMP.csv,101,0.316614
d__abcomp_abcomp__lag054,abcomp_abcomp,d,54,FRED_ABCOMP_ABCOMP.csv,101,0.316614
d__abcomp_abcomp__lag055,abcomp_abcomp,d,55,FRED_ABCOMP_ABCOMP.csv,101,0.316614
d__abcomp_abcomp__lag056,abcomp_abcomp,d,56,FRED_ABCOMP_ABCOMP.csv,101,0.316614
d__abcomp_abcomp__lag057,abcomp_abcomp,d,57,FRED_ABCOMP_ABCOMP.csv,101,0.316614
d__abcomp_abcomp__lag058,abcomp_abcomp,d,58,FRED_ABCOMP_ABCOMP.csv,101,0.316614
d__abcomp_abcomp__lag059,abcomp_abcomp,d,59,FRED_ABCOMP_ABCOMP.csv,101,0.316614
d__abcomp_abcomp__lag060,abcomp_abcomp,d,60,FRED_ABCOMP_ABCOMP.csv,101,0.316614
d__abcomp_abcomp__lag061,abcomp_abcomp,d,61,FRED_ABCOMP_ABCOMP.csv,101,0.316614
d__abcomp_abcomp__lag062,abcomp_abcomp,d,62,FRED_ABCOMP_ABCOMP.csv,101,0.316614
d__abcomp_abcomp__lag063,abcomp_abcomp,d,63,FRED_ABCOMP_ABCOMP.csv,101,0.316614
d__abcomp_abcomp__lag064,abcomp_abcomp,d,64,FRED_ABCOMP_ABCOMP.csv,101,0.316614
d__abcomp_abcomp__lag065,abcomp_abcomp,d,65,FRED_ABCOMP_ABCOMP.csv,101,0.316614
d__abcomp_abcomp__lag066,abcomp_abcomp,d,66,FRED_ABCOMP_ABCOMP.csv,101,0.316614
d__abcomp_abcomp__lag067,abcomp_abcomp,d,67,FRED_ABCOMP_ABCOMP.csv,101,0.316614
d__abcomp_abcomp__lag068,abcomp_abcomp,d,68,FRED_ABCOMP_ABCOMP.csv,101,0.316614
d__abcomp_abcomp__lag069,abcomp_abcomp,d,69,FRED_ABCOMP_ABCOMP.csv,101,0.316614
d__abcomp_abcomp__lag070,abcomp_abcomp,d,70,FRED_ABCOMP_ABCOMP.csv,101,0.316614
d__abcomp_abcomp__lag071,abcomp_abcomp,d,71,FRED_ABCOMP_ABCOMP.csv,101,0.316614
d__abcomp_abcomp__lag072,abcomp_abcomp,d,72,FRED_ABCOMP_ABCOMP.csv,101,0.316614
d__abcomp_abcomp__lag073,abcomp_abcomp,d,73,FRED_ABCOMP_ABCOMP.csv,101,0.316614
d__abcomp_abcomp__lag074,abcomp_abcomp,d,74,FRED_ABCOMP_ABCOMP.csv,101,0.316614
d__abcomp_abcomp__lag075,abcomp_abcomp,d,75,FRED_ABCOMP_ABCOMP.csv,101,0.316614
d__abcomp_abcomp__lag076,abcomp_abcomp,d,76,FRED_ABCOMP_ABCOMP.csv,101,0.316614
d__abcomp_abcomp__lag077,abcomp_abcomp,d,77,FRED_ABCOMP_ABCOMP.csv,101,0.316614
d__abcomp_abcomp__lag078,abcomp_abcomp,d,78,FRED_ABCOMP_ABCOMP.csv,101,0.316614
d__abcomp_abcomp__lag079,abcomp_abcomp,d,79,FRED_ABCOMP_ABCOMP.csv,101,0.316614
d__abcomp_abcomp__lag080,abcomp_abcomp,d,80,FRED_ABCOMP_ABCOMP.csv,101,0.316614
d__abcomp_abcomp__lag081,abcomp_abcomp,d,81,FRED_ABCOMP_ABCOMP.csv,101,0.316614
d__abcomp_abcomp__lag082,abcomp_abcomp,d,82,FRED_ABCOMP_ABCOMP.csv,101,0.316614
d__abcomp_abcomp__lag083,abcomp_abcomp,d,83,FRED_ABCOMP_ABCOMP.csv,101,0.316614
d__abcomp_abcomp__lag084,abcomp_abcomp,d,84,FRED_ABCOMP_ABCOMP.csv,101,0.316614
d__abcomp_abcomp__lag085,abcomp_abcomp,d,85,FRED_ABCOMP_ABCOMP.csv,101,0.316614
d__abcomp_abcomp__lag086,abcomp_abcomp,d,86,FRED_ABCOMP_ABCOMP.csv,101,0.316614
d__abcomp_abcomp__lag087,abcomp_abcomp,d,87,FRED_ABCOMP_ABCOMP.csv,101,0.316614
d__abcomp_abcomp__lag088,abcomp_abcomp,d,88,FRED_ABCOMP_ABCOMP.csv,101,0.316614
d__abcomp_abcomp__lag089,abcomp_abcomp,d,89,FRED_ABCOMP_ABCOMP.csv,100,0.31348
d__abcomp_abcomp__lag090,abcomp_abcomp,d,90,FRED_ABCOMP_ABCOMP.csv,100,0.31348
q__ad02rc1q027sbea_gov_netlending__lag001,ad02rc1q027sbea_gov_netlending,q,1,FRED_AD02RC1Q027SBEA_gov_netlending.csv,266,0.833856
q__ad02rc1q027sbea_gov_netlending__lag002,ad02rc1q027sbea_gov_netlending,q,2,FRED_AD02RC1Q027SBEA_gov_netlending.csv,265,0.830721
q__ad02rc1q027sbea_gov_netlending__lag003,ad02rc1q027sbea_gov_netlending,q,3,FRED_AD02RC1Q027SBEA_gov_netlending.csv,264,0.827586
q__ad02rc1q027sbea_gov_netlending__lag004,ad02rc1q027sbea_gov_netlending,q,4,FRED_AD02RC1Q027SBEA_gov_netlending.csv,263,0.824451
q__ad02rc1q027sbea_gov_netlending__lag005,ad02rc1q027sbea_gov_netlending,q,5,FRED_AD02RC1Q027SBEA_gov_netlending.csv,262,0.821317
q__ad02rc1q027sbea_gov_netlending__lag006,ad02rc1q027sbea_gov_netlending,q,6,FRED_AD02RC1Q027SBEA_gov_netlending.csv,261,0.818182
q__ad02rc1q027sbea_gov_netlending__lag007,ad02rc1q027sbea_gov_netlending,q,7,FRED_AD02RC1Q027SBEA_gov_netlending.csv,260,0.815047
q__ad02rc1q027sbea_gov_netlending__lag008,ad02rc1q027sbea_gov_netlending,q,8,FRED_AD02RC1Q027SBEA_gov_netlending.csv,259,0.811912
m__amtmno_amtmno__lag001,amtmno_amtmno,m,1,FRED_AMTMNO_AMTMNO.csv,137,0.429467
m__amtmno_amtmno__lag002,amtmno_amtmno,m,2,FRED_AMTMNO_AMTMNO.csv,137,0.429467
m__amtmno_amtmno__lag003,amtmno_amtmno,m,3,FRED_AMTMNO_AMTMNO.csv,136,0.426332
m__amtmno_amtmno__lag004,amtmno_amtmno,m,4,FRED_AMTMNO_AMTMNO.csv,136,0.426332
m__amtmno_amtmno__lag005,amtmno_amtmno,m,5,FRED_AMTMNO_AMTMNO.csv,136,0.426332
m__amtmno_amtmno__lag006,amtmno_amtmno,m,6,FRED_AMTMNO_AMTMNO.csv,135,0.423197
m__amtmno_amtmno__lag007,amtmno_amtmno,m,7,FRED_AMTMNO_AMTMNO.csv,135,0.423197
m__amtmno_amtmno__lag008,amtmno_amtmno,m,8,FRED_AMTMNO_AMTMNO.csv,135,0.423197
m__amtmno_amtmno__lag009,amtmno_amtmno,m,9,FRED_AMTMNO_AMTMNO.csv,134,0.420063
m__amtmno_amtmno__lag010,amtmno_amtmno,m,10,FRED_AMTMNO_AMTMNO.csv,134,0.420063
m__amtmno_amtmno__lag011,amtmno_amtmno,m,11,FRED_AMTMNO_AMTMNO.csv,134,0.420063
m__amtmno_amtmno__lag012,amtmno_amtmno,m,12,FRED_AMTMNO_AMTMNO.csv,133,0.416928
d__anfci_anfci__lag001,anfci_anfci,d,1,FRED_ANFCI_ANFCI.csv,221,0.69279
d__anfci_anfci__lag002,anfci_anfci,d,2,FRED_ANFCI_ANFCI.csv,221,0.69279
d__anfci_anfci__lag003,anfci_anfci,d,3,FRED_ANFCI_ANFCI.csv,221,0.69279
d__anfci_anfci__lag004,anfci_anfci,d,4,FRED_ANFCI_ANFCI.csv,221,0.69279
d__anfci_anfci__lag005,anfci_anfci,d,5,FRED_ANFCI_ANFCI.csv,221,0.69279
d__anfci_anfci__lag006,anfci_anfci,d,6,FRED_ANFCI_ANFCI.csv,221,0.69279
d__anfci_anfci__lag007,anfci_anfci,d,7,FRED_ANFCI_ANFCI.csv,221,0.69279
d__anfci_anfci__lag008,anfci_anfci,d,8,FRED_ANFCI_ANFCI.csv,221,0.69279
d__anfci_anfci__lag009,anfci_anfci,d,9,FRED_ANFCI_ANFCI.csv,221,0.69279
d__anfci_anfci__lag010,anfci_anfci,d,10,FRED_ANFCI_ANFCI.csv,221,0.69279
d__anfci_anfci__lag011,anfci_anfci,d,11,FRED_ANFCI_ANFCI.csv,221,0.69279
d__anfci_anfci__lag012,anfci_anfci,d,12,FRED_ANFCI_ANFCI.csv,221,0.69279
d__anfci_anfci__lag013,anfci_anfci,d,13,FRED_ANFCI_ANFCI.csv,221,0.69279
d__anfci_anfci__lag014,anfci_anfci,d,14,FRED_ANFCI_ANFCI.csv,221,0.69279
d__anfci_anfci__lag015,anfci_anfci,d,15,FRED_ANFCI_ANFCI.csv,221,0.69279
d__anfci_anfci__lag016,anfci_anfci,d,16,FRED_ANFCI_ANFCI.csv,221,0.69279
d__anfci_anfci__lag017,anfci_anfci,d,17,FRED_ANFCI_ANFCI.csv,221,0.69279
d__anfci_anfci__lag018,anfci_anfci,d,18,FRED_ANFCI_ANFCI.csv,221,0.69279
d__anfci_anfci__lag019,anfci_anfci,d,19,FRED_ANFCI_ANFCI.csv,221,0.69279
d__anfci_anfci__lag020,anfci_anfci,d,20,FRED_ANFCI_ANFCI.csv,221,0.69279
d__anfci_anfci__lag021,anfci_anfci,d,21,FRED_ANFCI_ANFCI.csv,221,0.69279
d__anfci_anfci__lag022,anfci_anfci,d,22,FRED_ANFCI_ANFCI.csv,221,0.69279
d__anfci_anfci__lag023,anfci_anfci,d,23,FRED_ANFCI_ANFCI.csv,221,0.69279
d__anfci_anfci__lag024,anfci_anfci,d,24,FRED_ANFCI_ANFCI.csv,221,0.69279
d__anfci_anfci__lag025,anfci_anfci,d,25,FRED_ANFCI_ANFCI.csv,221,0.69279
d__anfci_anfci__lag026,anfci_anfci,d,26,FRED_ANFCI_ANFCI.csv,221,0.69279
d__anfci_anfci__lag027,anfci_anfci,d,27,FRED_ANFCI_ANFCI.csv,221,0.69279
d__anfci_anfci__lag028,anfci_anfci,d,28,FRED_ANFCI_ANFCI.csv,221,0.69279
d__anfci_anfci__lag029,anfci_anfci,d,29,FRED_ANFCI_ANFCI.csv,221,0.69279
d__anfci_anfci__lag030,anfci_anfci,d,30,FRED_ANFCI_ANFCI.csv,221,0.69279
d__anfci_anfci__lag031,anfci_anfci,d,31,FRED_ANFCI_ANFCI.csv,221,0.69279
d__anfci_anfci__lag032,anfci_anfci,d,32,FRED_ANFCI_ANFCI.csv,221,0.69279
d__anfci_anfci__lag033,anfci_anfci,d,33,FRED_ANFCI_ANFCI.csv,221,0.69279
d__anfci_anfci__lag034,anfci_anfci,d,34,FRED_ANFCI_ANFCI.csv,221,0.69279
d__anfci_anfci__lag035,anfci_anfci,d,35,FRED_ANFCI_ANFCI.csv,221,0.69279
d__anfci_anfci__lag036,anfci_anfci,d,36,FRED_ANFCI_ANFCI.csv,221,0.69279
d__anfci_anfci__lag037,anfci_anfci,d,37,FRED_ANFCI_ANFCI.csv,221,0.69279
d__anfci_anfci__lag038,anfci_anfci,d,38,FRED_ANFCI_ANFCI.csv,221,0.69279
d__anfci_anfci__lag039,anfci_anfci,d,39,FRED_ANFCI_ANFCI.csv,221,0.69279
d__anfci_anfci__lag040,anfci_anfci,d,40,FRED_ANFCI_ANFCI.csv,221,0.69279
d__anfci_anfci__lag041,anfci_anfci,d,41,FRED_ANFCI_ANFCI.csv,221,0.69279
d__anfci_anfci__lag042,anfci_anfci,d,42,FRED_ANFCI_ANFCI.csv,221,0.69279
d__anfci_anfci__lag043,anfci_anfci,d,43,FRED_ANFCI_ANFCI.csv,221,0.69279
d__anfci_anfci__lag044,anfci_anfci,d,44,FRED_ANFCI_ANFCI.csv,221,0.69279
d__anfci_anfci__lag045,anfci_anfci,d,45,FRED_ANFCI_ANFCI.csv,221,0.69279
d__anfci_anfci__lag046,anfci_anfci,d,46,FRED_ANFCI_ANFCI.csv,221,0.69279
d__anfci_anfci__lag047,anfci_anfci,d,47,FRED_ANFCI_ANFCI.csv,221,0.69279
d__anfci_anfci__lag048,anfci_anfci,d,48,FRED_ANFCI_ANFCI.csv,221,0.69279
d__anfci_anfci__lag049,anfci_anfci,d,49,FRED_ANFCI_ANFCI.csv,221,0.69279
d__anfci_anfci__lag050,anfci_anfci,d,50,FRED_ANFCI_ANFCI.csv,221,0.69279
d__anfci_anfci__lag051,anfci_anfci,d,51,FRED_ANFCI_ANFCI.csv,221,0.69279
d__anfci_anfci__lag052,anfci_anfci,d,52,FRED_ANFCI_ANFCI.csv,221,0.69279
d__anfci_anfci__lag053,anfci_anfci,d,53,FRED_ANFCI_ANFCI.csv,221,0.69279
d__anfci_anfci__lag054,anfci_anfci,d,54,FRED_ANFCI_ANFCI.csv,221,0.69279
d__anfci_anfci__lag055,anfci_anfci,d,55,FRED_ANFCI_ANFCI.csv,221,0.69279
d__anfci_anfci__lag056,anfci_anfci,d,56,FRED_ANFCI_ANFCI.csv,221,0.69279
d__anfci_anfci__lag057,anfci_anfci,d,57,FRED_ANFCI_ANFCI.csv,221,0.69279
d__anfci_anfci__lag058,anfci_anfci,d,58,FRED_ANFCI_ANFCI.csv,221,0.69279
d__anfci_anfci__lag059,anfci_anfci,d,59,FRED_ANFCI_ANFCI.csv,221,0.69279
d__anfci_anfci__lag060,anfci_anfci,d,60,FRED_ANFCI_ANFCI.csv,221,0.69279
d__anfci_anfci__lag061,anfci_anfci,d,61,FRED_ANFCI_ANFCI.csv,221,0.69279
d__anfci_anfci__lag062,anfci_anfci,d,62,FRED_ANFCI_ANFCI.csv,221,0.69279
d__anfci_anfci__lag063,anfci_anfci,d,63,FRED_ANFCI_ANFCI.csv,221,0.69279
d__anfci_anfci__lag064,anfci_anfci,d,64,FRED_ANFCI_ANFCI.csv,221,0.69279
d__anfci_anfci__lag065,anfci_anfci,d,65,FRED_ANFCI_ANFCI.csv,221,0.69279
d__anfci_anfci__lag066,anfci_anfci,d,66,FRED_ANFCI_ANFCI.csv,221,0.69279
d__anfci_anfci__lag067,anfci_anfci,d,67,FRED_ANFCI_ANFCI.csv,221,0.69279
d__anfci_anfci__lag068,anfci_anfci,d,68,FRED_ANFCI_ANFCI.csv,221,0.69279
d__anfci_anfci__lag069,anfci_anfci,d,69,FRED_ANFCI_ANFCI.csv,221,0.69279
d__anfci_anfci__lag070,anfci_anfci,d,70,FRED_ANFCI_ANFCI.csv,221,0.69279
d__anfci_anfci__lag071,anfci_anfci,d,71,FRED_ANFCI_ANFCI.csv,221,0.69279
d__anfci_anfci__lag072,anfci_anfci,d,72,FRED_ANFCI_ANFCI.csv,221,0.69279
d__anfci_anfci__lag073,anfci_anfci,d,73,FRED_ANFCI_ANFCI.csv,221,0.69279
d__anfci_anfci__lag074,anfci_anfci,d,74,FRED_ANFCI_ANFCI.csv,221,0.69279
d__anfci_anfci__lag075,anfci_anfci,d,75,FRED_ANFCI_ANFCI.csv,221,0.69279
d__anfci_anfci__lag076,anfci_anfci,d,76,FRED_ANFCI_ANFCI.csv,221,0.69279
d__anfci_anfci__lag077,anfci_anfci,d,77,FRED_ANFCI_ANFCI.csv,221,0.69279
d__anfci_anfci__lag078,anfci_anfci,d,78,FRED_ANFCI_ANFCI.csv,221,0.69279
d__anfci_anfci__lag079,anfci_anfci,d,79,FRED_ANFCI_ANFCI.csv,221,0.69279
d__anfci_anfci__lag080,anfci_anfci,d,80,FRED_ANFCI_ANFCI.csv,221,0.69279
d__anfci_anfci__lag081,anfci_anfci,d,81,FRED_ANFCI_ANFCI.csv,221,0.69279
d__anfci_anfci__lag082,anfci_anfci,d,82,FRED_ANFCI_ANFCI.csv,221,0.69279
d__anfci_anfci__lag083,anfci_anfci,d,83,FRED_ANFCI_ANFCI.csv,221,0.69279
d__anfci_anfci__lag084,anfci_anfci,d,84,FRED_ANFCI_ANFCI.csv,220,0.689655
d__anfci_anfci__lag085,anfci_anfci,d,85,FRED_ANFCI_ANFCI.csv,220,0.689655
d__anfci_anfci__lag086,anfci_anfci,d,86,FRED_ANFCI_ANFCI.csv,220,0.689655
d__anfci_anfci__lag087,anfci_anfci,d,87,FRED_ANFCI_ANFCI.csv,220,0.689655
d__anfci_anfci__lag088,anfci_anfci,d,88,FRED_ANFCI_ANFCI.csv,220,0.689655
d__anfci_anfci__lag089,anfci_anfci,d,89,FRED_ANFCI_ANFCI.csv,220,0.689655
d__anfci_anfci__lag090,anfci_anfci,d,90,FRED_ANFCI_ANFCI.csv,220,0.689655
m__awhman_awhman__lag001,awhman_awhman,m,1,FRED_AWHMAN_AWHMAN.csv,319,1.0
m__awhman_awhman__lag002,awhman_awhman,m,2,FRED_AWHMAN_AWHMAN.csv,319,1.0
m__awhman_awhman__lag003,awhman_awhman,m,3,FRED_AWHMAN_AWHMAN.csv,319,1.0
m__awhman_awhman__lag004,awhman_awhman,m,4,FRED_AWHMAN_AWHMAN.csv,319,1.0
m__awhman_awhman__lag005,awhman_awhman,m,5,FRED_AWHMAN_AWHMAN.csv,319,1.0
m__awhman_awhman__lag006,awhman_awhman,m,6,FRED_AWHMAN_AWHMAN.csv,319,1.0
m__awhman_awhman__lag007,awhman_awhman,m,7,FRED_AWHMAN_AWHMAN.csv,319,1.0
m__awhman_awhman__lag008,awhman_awhman,m,8,FRED_AWHMAN_AWHMAN.csv,319,1.0
m__awhman_awhman__lag009,awhman_awhman,m,9,FRED_AWHMAN_AWHMAN.csv,319,1.0
m__awhman_awhman__lag010,awhman_awhman,m,10,FRED_AWHMAN_AWHMAN.csv,319,1.0
m__awhman_awhman__lag011,awhman_awhman,m,11,FRED_AWHMAN_AWHMAN.csv,319,1.0
m__awhman_awhman__lag012,awhman_awhman,m,12,FRED_AWHMAN_AWHMAN.csv,319,1.0
m__awotman_awotman__lag001,awotman_awotman,m,1,FRED_AWOTMAN_AWOTMAN.csv,281,0.880878
m__awotman_awotman__lag002,awotman_awotman,m,2,FRED_AWOTMAN_AWOTMAN.csv,281,0.880878
m__awotman_awotman__lag003,awotman_awotman,m,3,FRED_AWOTMAN_AWOTMAN.csv,281,0.880878
m__awotman_awotman__lag004,awotman_awotman,m,4,FRED_AWOTMAN_AWOTMAN.csv,280,0.877743
m__awotman_awotman__lag005,awotman_awotman,m,5,FRED_AWOTMAN_AWOTMAN.csv,280,0.877743
m__awotman_awotman__lag006,awotman_awotman,m,6,FRED_AWOTMAN_AWOTMAN.csv,280,0.877743
m__awotman_awotman__lag007,awotman_awotman,m,7,FRED_AWOTMAN_AWOTMAN.csv,279,0.874608
m__awotman_awotman__lag008,awotman_awotman,m,8,FRED_AWOTMAN_AWOTMAN.csv,279,0.874608
m__awotman_awotman__lag009,awotman_awotman,m,9,FRED_AWOTMAN_AWOTMAN.csv,279,0.874608
m__awotman_awotman__lag010,awotman_awotman,m,10,FRED_AWOTMAN_AWOTMAN.csv,278,0.871473
m__awotman_awotman__lag011,awotman_awotman,m,11,FRED_AWOTMAN_AWOTMAN.csv,278,0.871473
m__awotman_awotman__lag012,awotman_awotman,m,12,FRED_AWOTMAN_AWOTMAN.csv,278,0.871473
q__b092rc1q027sbea_gov_int_priv__lag001,b092rc1q027sbea_gov_int_priv,q,1,FRED_B092RC1Q027SBEA_gov_int_priv.csv,264,0.827586
q__b092rc1q027sbea_gov_int_priv__lag002,b092rc1q027sbea_gov_int_priv,q,2,FRED_B092RC1Q027SBEA_gov_int_priv.csv,263,0.824451
q__b092rc1q027sbea_gov_int_priv__lag003,b092rc1q027sbea_gov_int_priv,q,3,FRED_B092RC1Q027SBEA_gov_int_priv.csv,262,0.821317
q__b092rc1q027sbea_gov_int_priv__lag004,b092rc1q027sbea_gov_int_priv,q,4,FRED_B092RC1Q027SBEA_gov_int_priv.csv,261,0.818182
q__b092rc1q027sbea_gov_int_priv__lag005,b092rc1q027sbea_gov_int_priv,q,5,FRED_B092RC1Q027SBEA_gov_int_priv.csv,260,0.815047
q__b092rc1q027sbea_gov_int_priv__lag006,b092rc1q027sbea_gov_int_priv,q,6,FRED_B092RC1Q027SBEA_gov_int_priv.csv,259,0.811912
q__b092rc1q027sbea_gov_int_priv__lag007,b092rc1q027sbea_gov_int_priv,q,7,FRED_B092RC1Q027SBEA_gov_int_priv.csv,258,0.808777
q__b092rc1q027sbea_gov_int_priv__lag008,b092rc1q027sbea_gov_int_priv,q,8,FRED_B092RC1Q027SBEA_gov_int_priv.csv,257,0.805643
q__b093rc1q027sbea_gov_int_row__lag001,b093rc1q027sbea_gov_int_row,q,1,FRED_B093RC1Q027SBEA_gov_int_row.csv,316,0.990596
q__b093rc1q027sbea_gov_int_row__lag002,b093rc1q027sbea_gov_int_row,q,2,FRED_B093RC1Q027SBEA_gov_int_row.csv,315,0.987461
q__b093rc1q027sbea_gov_int_row__lag003,b093rc1q027sbea_gov_int_row,q,3,FRED_B093RC1Q027SBEA_gov_int_row.csv,314,0.984326
q__b093rc1q027sbea_gov_int_row__lag004,b093rc1q027sbea_gov_int_row,q,4,FRED_B093RC1Q027SBEA_gov_int_row.csv,313,0.981191
q__b093rc1q027sbea_gov_int_row__lag005,b093rc1q027sbea_gov_int_row,q,5,FRED_B093RC1Q027SBEA_gov_int_row.csv,312,0.978056
q__b093rc1q027sbea_gov_int_row__lag006,b093rc1q027sbea_gov_int_row,q,6,FRED_B093RC1Q027SBEA_gov_int_row.csv,311,0.974922
q__b093rc1q027sbea_gov_int_row__lag007,b093rc1q027sbea_gov_int_row,q,7,FRED_B093RC1Q027SBEA_gov_int_row.csv,310,0.971787
q__b093rc1q027sbea_gov_int_row__lag008,b093rc1q027sbea_gov_int_row,q,8,FRED_B093RC1Q027SBEA_gov_int_row.csv,309,0.968652
q__b456rc1q027sbea_nfcb_cfc__lag001,b456rc1q027sbea_nfcb_cfc,q,1,FRED_B456RC1Q027SBEA_nfcb_cfc.csv,316,0.990596
q__b456rc1q027sbea_nfcb_cfc__lag002,b456rc1q027sbea_nfcb_cfc,q,2,FRED_B456RC1Q027SBEA_nfcb_cfc.csv,315,0.987461
q__b456rc1q027sbea_nfcb_cfc__lag003,b456rc1q027sbea_nfcb_cfc,q,3,FRED_B456RC1Q027SBEA_nfcb_cfc.csv,314,0.984326
q__b456rc1q027sbea_nfcb_cfc__lag004,b456rc1q027sbea_nfcb_cfc,q,4,FRED_B456RC1Q027SBEA_nfcb_cfc.csv,313,0.981191
q__b456rc1q027sbea_nfcb_cfc__lag005,b456rc1q027sbea_nfcb_cfc,q,5,FRED_B456RC1Q027SBEA_nfcb_cfc.csv,312,0.978056
q__b456rc1q027sbea_nfcb_cfc__lag006,b456rc1q027sbea_nfcb_cfc,q,6,FRED_B456RC1Q027SBEA_nfcb_cfc.csv,311,0.974922
q__b456rc1q027sbea_nfcb_cfc__lag007,b456rc1q027sbea_nfcb_cfc,q,7,FRED_B456RC1Q027SBEA_nfcb_cfc.csv,310,0.971787
q__b456rc1q027sbea_nfcb_cfc__lag008,b456rc1q027sbea_nfcb_cfc,q,8,FRED_B456RC1Q027SBEA_nfcb_cfc.csv,309,0.968652
q__b461rc1q027sbea_netva_wages__lag001,b461rc1q027sbea_netva_wages,q,1,FRED_B461RC1Q027SBEA_netva_wages.csv,316,0.990596
q__b461rc1q027sbea_netva_wages__lag002,b461rc1q027sbea_netva_wages,q,2,FRED_B461RC1Q027SBEA_netva_wages.csv,315,0.987461
q__b461rc1q027sbea_netva_wages__lag003,b461rc1q027sbea_netva_wages,q,3,FRED_B461RC1Q027SBEA_netva_wages.csv,314,0.984326
q__b461rc1q027sbea_netva_wages__lag004,b461rc1q027sbea_netva_wages,q,4,FRED_B461RC1Q027SBEA_netva_wages.csv,313,0.981191
q__b461rc1q027sbea_netva_wages__lag005,b461rc1q027sbea_netva_wages,q,5,FRED_B461RC1Q027SBEA_netva_wages.csv,312,0.978056
q__b461rc1q027sbea_netva_wages__lag006,b461rc1q027sbea_netva_wages,q,6,FRED_B461RC1Q027SBEA_netva_wages.csv,311,0.974922
q__b461rc1q027sbea_netva_wages__lag007,b461rc1q027sbea_netva_wages,q,7,FRED_B461RC1Q027SBEA_netva_wages.csv,310,0.971787
q__b461rc1q027sbea_netva_wages__lag008,b461rc1q027sbea_netva_wages,q,8,FRED_B461RC1Q027SBEA_netva_wages.csv,309,0.968652
q__b639rg3q086sbea_exp_ind_pi__lag001,b639rg3q086sbea_exp_ind_pi,q,1,FRED_B639RG3Q086SBEA_EXP_IND_PI.csv,236,0.739812
q__b639rg3q086sbea_exp_ind_pi__lag002,b639rg3q086sbea_exp_ind_pi,q,2,FRED_B639RG3Q086SBEA_EXP_IND_PI.csv,235,0.736677
q__b639rg3q086sbea_exp_ind_pi__lag003,b639rg3q086sbea_exp_ind_pi,q,3,FRED_B639RG3Q086SBEA_EXP_IND_PI.csv,234,0.733542
q__b639rg3q086sbea_exp_ind_pi__lag004,b639rg3q086sbea_exp_ind_pi,q,4,FRED_B639RG3Q086SBEA_EXP_IND_PI.csv,233,0.730408
q__b639rg3q086sbea_exp_ind_pi__lag005,b639rg3q086sbea_exp_ind_pi,q,5,FRED_B639RG3Q086SBEA_EXP_IND_PI.csv,232,0.727273
q__b639rg3q086sbea_exp_ind_pi__lag006,b639rg3q086sbea_exp_ind_pi,q,6,FRED_B639RG3Q086SBEA_EXP_IND_PI.csv,231,0.724138
q__b639rg3q086sbea_exp_ind_pi__lag007,b639rg3q086sbea_exp_ind_pi,q,7,FRED_B639RG3Q086SBEA_EXP_IND_PI.csv,230,0.721003
q__b639rg3q086sbea_exp_ind_pi__lag008,b639rg3q086sbea_exp_ind_pi,q,8,FRED_B639RG3Q086SBEA_EXP_IND_PI.csv,229,0.717868
d__baa10y_baa10y__lag001,baa10y_baa10y,d,1,FRED_BAA10Y_BAA10Y.csv,161,0.504702
d__baa10y_baa10y__lag002,baa10y_baa10y,d,2,FRED_BAA10Y_BAA10Y.csv,161,0.504702
d__baa10y_baa10y__lag003,baa10y_baa10y,d,3,FRED_BAA10Y_BAA10Y.csv,161,0.504702
d__baa10y_baa10y__lag004,baa10y_baa10y,d,4,FRED_BAA10Y_BAA10Y.csv,161,0.504702
d__baa10y_baa10y__lag005,baa10y_baa10y,d,5,FRED_BAA10Y_BAA10Y.csv,161,0.504702
d__baa10y_baa10y__lag006,baa10y_baa10y,d,6,FRED_BAA10Y_BAA10Y.csv,161,0.504702
d__baa10y_baa10y__lag007,baa10y_baa10y,d,7,FRED_BAA10Y_BAA10Y.csv,161,0.504702
d__baa10y_baa10y__lag008,baa10y_baa10y,d,8,FRED_BAA10Y_BAA10Y.csv,161,0.504702
d__baa10y_baa10y__lag009,baa10y_baa10y,d,9,FRED_BAA10Y_BAA10Y.csv,161,0.504702
d__baa10y_baa10y__lag010,baa10y_baa10y,d,10,FRED_BAA10Y_BAA10Y.csv,161,0.504702
d__baa10y_baa10y__lag011,baa10y_baa10y,d,11,FRED_BAA10Y_BAA10Y.csv,161,0.504702
d__baa10y_baa10y__lag012,baa10y_baa10y,d,12,FRED_BAA10Y_BAA10Y.csv,161,0.504702
d__baa10y_baa10y__lag013,baa10y_baa10y,d,13,FRED_BAA10Y_BAA10Y.csv,161,0.504702
d__baa10y_baa10y__lag014,baa10y_baa10y,d,14,FRED_BAA10Y_BAA10Y.csv,161,0.504702
d__baa10y_baa10y__lag015,baa10y_baa10y,d,15,FRED_BAA10Y_BAA10Y.csv,161,0.504702
d__baa10y_baa10y__lag016,baa10y_baa10y,d,16,FRED_BAA10Y_BAA10Y.csv,161,0.504702
d__baa10y_baa10y__lag017,baa10y_baa10y,d,17,FRED_BAA10Y_BAA10Y.csv,161,0.504702
d__baa10y_baa10y__lag018,baa10y_baa10y,d,18,FRED_BAA10Y_BAA10Y.csv,161,0.504702
d__baa10y_baa10y__lag019,baa10y_baa10y,d,19,FRED_BAA10Y_BAA10Y.csv,161,0.504702
d__baa10y_baa10y__lag020,baa10y_baa10y,d,20,FRED_BAA10Y_BAA10Y.csv,161,0.504702
d__baa10y_baa10y__lag021,baa10y_baa10y,d,21,FRED_BAA10Y_BAA10Y.csv,161,0.504702
d__baa10y_baa10y__lag022,baa10y_baa10y,d,22,FRED_BAA10Y_BAA10Y.csv,161,0.504702
d__baa10y_baa10y__lag023,baa10y_baa10y,d,23,FRED_BAA10Y_BAA10Y.csv,161,0.504702
d__baa10y_baa10y__lag024,baa10y_baa10y,d,24,FRED_BAA10Y_BAA10Y.csv,161,0.504702
d__baa10y_baa10y__lag025,baa10y_baa10y,d,25,FRED_BAA10Y_BAA10Y.csv,161,0.504702
d__baa10y_baa10y__lag026,baa10y_baa10y,d,26,FRED_BAA10Y_BAA10Y.csv,161,0.504702
d__baa10y_baa10y__lag027,baa10y_baa10y,d,27,FRED_BAA10Y_BAA10Y.csv,161,0.504702
d__baa10y_baa10y__lag028,baa10y_baa10y,d,28,FRED_BAA10Y_BAA10Y.csv,161,0.504702
d__baa10y_baa10y__lag029,baa10y_baa10y,d,29,FRED_BAA10Y_BAA10Y.csv,161,0.504702
d__baa10y_baa10y__lag030,baa10y_baa10y,d,30,FRED_BAA10Y_BAA10Y.csv,161,0.504702
d__baa10y_baa10y__lag031,baa10y_baa10y,d,31,FRED_BAA10Y_BAA10Y.csv,161,0.504702
d__baa10y_baa10y__lag032,baa10y_baa10y,d,32,FRED_BAA10Y_BAA10Y.csv,161,0.504702
d__baa10y_baa10y__lag033,baa10y_baa10y,d,33,FRED_BAA10Y_BAA10Y.csv,161,0.504702
d__baa10y_baa10y__lag034,baa10y_baa10y,d,34,FRED_BAA10Y_BAA10Y.csv,161,0.504702
d__baa10y_baa10y__lag035,baa10y_baa10y,d,35,FRED_BAA10Y_BAA10Y.csv,161,0.504702
d__baa10y_baa10y__lag036,baa10y_baa10y,d,36,FRED_BAA10Y_BAA10Y.csv,161,0.504702
d__baa10y_baa10y__lag037,baa10y_baa10y,d,37,FRED_BAA10Y_BAA10Y.csv,161,0.504702
d__baa10y_baa10y__lag038,baa10y_baa10y,d,38,FRED_BAA10Y_BAA10Y.csv,161,0.504702
d__baa10y_baa10y__lag039,baa10y_baa10y,d,39,FRED_BAA10Y_BAA10Y.csv,161,0.504702
d__baa10y_baa10y__lag040,baa10y_baa10y,d,40,FRED_BAA10Y_BAA10Y.csv,161,0.504702
d__baa10y_baa10y__lag041,baa10y_baa10y,d,41,FRED_BAA10Y_BAA10Y.csv,161,0.504702
d__baa10y_baa10y__lag042,baa10y_baa10y,d,42,FRED_BAA10Y_BAA10Y.csv,161,0.504702
d__baa10y_baa10y__lag043,baa10y_baa10y,d,43,FRED_BAA10Y_BAA10Y.csv,161,0.504702
d__baa10y_baa10y__lag044,baa10y_baa10y,d,44,FRED_BAA10Y_BAA10Y.csv,161,0.504702
d__baa10y_baa10y__lag045,baa10y_baa10y,d,45,FRED_BAA10Y_BAA10Y.csv,161,0.504702
d__baa10y_baa10y__lag046,baa10y_baa10y,d,46,FRED_BAA10Y_BAA10Y.csv,161,0.504702
d__baa10y_baa10y__lag047,baa10y_baa10y,d,47,FRED_BAA10Y_BAA10Y.csv,161,0.504702
d__baa10y_baa10y__lag048,baa10y_baa10y,d,48,FRED_BAA10Y_BAA10Y.csv,161,0.504702
d__baa10y_baa10y__lag049,baa10y_baa10y,d,49,FRED_BAA10Y_BAA10Y.csv,161,0.504702
d__baa10y_baa10y__lag050,baa10y_baa10y,d,50,FRED_BAA10Y_BAA10Y.csv,161,0.504702
d__baa10y_baa10y__lag051,baa10y_baa10y,d,51,FRED_BAA10Y_BAA10Y.csv,161,0.504702
d__baa10y_baa10y__lag052,baa10y_baa10y,d,52,FRED_BAA10Y_BAA10Y.csv,161,0.504702
d__baa10y_baa10y__lag053,baa10y_baa10y,d,53,FRED_BAA10Y_BAA10Y.csv,161,0.504702
d__baa10y_baa10y__lag054,baa10y_baa10y,d,54,FRED_BAA10Y_BAA10Y.csv,161,0.504702
d__baa10y_baa10y__lag055,baa10y_baa10y,d,55,FRED_BAA10Y_BAA10Y.csv,161,0.504702
d__baa10y_baa10y__lag056,baa10y_baa10y,d,56,FRED_BAA10Y_BAA10Y.csv,161,0.504702
d__baa10y_baa10y__lag057,baa10y_baa10y,d,57,FRED_BAA10Y_BAA10Y.csv,161,0.504702
d__baa10y_baa10y__lag058,baa10y_baa10y,d,58,FRED_BAA10Y_BAA10Y.csv,161,0.504702
d__baa10y_baa10y__lag059,baa10y_baa10y,d,59,FRED_BAA10Y_BAA10Y.csv,161,0.504702
d__baa10y_baa10y__lag060,baa10y_baa10y,d,60,FRED_BAA10Y_BAA10Y.csv,161,0.504702
d__baa10y_baa10y__lag061,baa10y_baa10y,d,61,FRED_BAA10Y_BAA10Y.csv,161,0.504702
d__baa10y_baa10y__lag062,baa10y_baa10y,d,62,FRED_BAA10Y_BAA10Y.csv,161,0.504702
d__baa10y_baa10y__lag063,baa10y_baa10y,d,63,FRED_BAA10Y_BAA10Y.csv,161,0.504702
d__baa10y_baa10y__lag064,baa10y_baa10y,d,64,FRED_BAA10Y_BAA10Y.csv,161,0.504702
d__baa10y_baa10y__lag065,baa10y_baa10y,d,65,FRED_BAA10Y_BAA10Y.csv,161,0.504702
d__baa10y_baa10y__lag066,baa10y_baa10y,d,66,FRED_BAA10Y_BAA10Y.csv,161,0.504702
d__baa10y_baa10y__lag067,baa10y_baa10y,d,67,FRED_BAA10Y_BAA10Y.csv,161,0.504702
d__baa10y_baa10y__lag068,baa10y_baa10y,d,68,FRED_BAA10Y_BAA10Y.csv,161,0.504702
d__baa10y_baa10y__lag069,baa10y_baa10y,d,69,FRED_BAA10Y_BAA10Y.csv,161,0.504702
d__baa10y_baa10y__lag070,baa10y_baa10y,d,70,FRED_BAA10Y_BAA10Y.csv,161,0.504702
d__baa10y_baa10y__lag071,baa10y_baa10y,d,71,FRED_BAA10Y_BAA10Y.csv,161,0.504702
d__baa10y_baa10y__lag072,baa10y_baa10y,d,72,FRED_BAA10Y_BAA10Y.csv,161,0.504702
d__baa10y_baa10y__lag073,baa10y_baa10y,d,73,FRED_BAA10Y_BAA10Y.csv,161,0.504702
d__baa10y_baa10y__lag074,baa10y_baa10y,d,74,FRED_BAA10Y_BAA10Y.csv,161,0.504702
d__baa10y_baa10y__lag075,baa10y_baa10y,d,75,FRED_BAA10Y_BAA10Y.csv,161,0.504702
d__baa10y_baa10y__lag076,baa10y_baa10y,d,76,FRED_BAA10Y_BAA10Y.csv,161,0.504702
d__baa10y_baa10y__lag077,baa10y_baa10y,d,77,FRED_BAA10Y_BAA10Y.csv,161,0.504702
d__baa10y_baa10y__lag078,baa10y_baa10y,d,78,FRED_BAA10Y_BAA10Y.csv,161,0.504702
d__baa10y_baa10y__lag079,baa10y_baa10y,d,79,FRED_BAA10Y_BAA10Y.csv,161,0.504702
d__baa10y_baa10y__lag080,baa10y_baa10y,d,80,FRED_BAA10Y_BAA10Y.csv,161,0.504702
d__baa10y_baa10y__lag081,baa10y_baa10y,d,81,FRED_BAA10Y_BAA10Y.csv,161,0.504702
d__baa10y_baa10y__lag082,baa10y_baa10y,d,82,FRED_BAA10Y_BAA10Y.csv,161,0.504702
d__baa10y_baa10y__lag083,baa10y_baa10y,d,83,FRED_BAA10Y_BAA10Y.csv,161,0.504702
d__baa10y_baa10y__lag084,baa10y_baa10y,d,84,FRED_BAA10Y_BAA10Y.csv,161,0.504702
d__baa10y_baa10y__lag085,baa10y_baa10y,d,85,FRED_BAA10Y_BAA10Y.csv,161,0.504702
d__baa10y_baa10y__lag086,baa10y_baa10y,d,86,FRED_BAA10Y_BAA10Y.csv,161,0.504702
d__baa10y_baa10y__lag087,baa10y_baa10y,d,87,FRED_BAA10Y_BAA10Y.csv,161,0.504702
d__baa10y_baa10y__lag088,baa10y_baa10y,d,88,FRED_BAA10Y_BAA10Y.csv,161,0.504702
d__baa10y_baa10y__lag089,baa10y_baa10y,d,89,FRED_BAA10Y_BAA10Y.csv,161,0.504702
d__baa10y_baa10y__lag090,baa10y_baa10y,d,90,FRED_BAA10Y_BAA10Y.csv,160,0.501567
m__baaffm_baaff__lag001,baaffm_baaff,m,1,FRED_BAAFFM_BAAFF.csv,287,0.899687
m__baaffm_baaff__lag002,baaffm_baaff,m,2,FRED_BAAFFM_BAAFF.csv,287,0.899687
m__baaffm_baaff__lag003,baaffm_baaff,m,3,FRED_BAAFFM_BAAFF.csv,287,0.899687
m__baaffm_baaff__lag004,baaffm_baaff,m,4,FRED_BAAFFM_BAAFF.csv,286,0.896552
m__baaffm_baaff__lag005,baaffm_baaff,m,5,FRED_BAAFFM_BAAFF.csv,286,0.896552
m__baaffm_baaff__lag006,baaffm_baaff,m,6,FRED_BAAFFM_BAAFF.csv,286,0.896552
m__baaffm_baaff__lag007,baaffm_baaff,m,7,FRED_BAAFFM_BAAFF.csv,285,0.893417
m__baaffm_baaff__lag008,baaffm_baaff,m,8,FRED_BAAFFM_BAAFF.csv,285,0.893417
m__baaffm_baaff__lag009,baaffm_baaff,m,9,FRED_BAAFFM_BAAFF.csv,285,0.893417
m__baaffm_baaff__lag010,baaffm_baaff,m,10,FRED_BAAFFM_BAAFF.csv,284,0.890282
m__baaffm_baaff__lag011,baaffm_baaff,m,11,FRED_BAAFFM_BAAFF.csv,284,0.890282
m__baaffm_baaff__lag012,baaffm_baaff,m,12,FRED_BAAFFM_BAAFF.csv,284,0.890282
d__bamlcc0a1aaatriv_aaa_index__lag001,bamlcc0a1aaatriv_aaa_index,d,1,FRED_BAMLCC0A1AAATRIV_AAA_Index.csv,150,0.470219
d__bamlcc0a1aaatriv_aaa_index__lag002,bamlcc0a1aaatriv_aaa_index,d,2,FRED_BAMLCC0A1AAATRIV_AAA_Index.csv,150,0.470219
d__bamlcc0a1aaatriv_aaa_index__lag003,bamlcc0a1aaatriv_aaa_index,d,3,FRED_BAMLCC0A1AAATRIV_AAA_Index.csv,150,0.470219
d__bamlcc0a1aaatriv_aaa_index__lag004,bamlcc0a1aaatriv_aaa_index,d,4,FRED_BAMLCC0A1AAATRIV_AAA_Index.csv,150,0.470219
d__bamlcc0a1aaatriv_aaa_index__lag005,bamlcc0a1aaatriv_aaa_index,d,5,FRED_BAMLCC0A1AAATRIV_AAA_Index.csv,150,0.470219
d__bamlcc0a1aaatriv_aaa_index__lag006,bamlcc0a1aaatriv_aaa_index,d,6,FRED_BAMLCC0A1AAATRIV_AAA_Index.csv,150,0.470219
d__bamlcc0a1aaatriv_aaa_index__lag007,bamlcc0a1aaatriv_aaa_index,d,7,FRED_BAMLCC0A1AAATRIV_AAA_Index.csv,150,0.470219
d__bamlcc0a1aaatriv_aaa_index__lag008,bamlcc0a1aaatriv_aaa_index,d,8,FRED_BAMLCC0A1AAATRIV_AAA_Index.csv,150,0.470219
d__bamlcc0a1aaatriv_aaa_index__lag009,bamlcc0a1aaatriv_aaa_index,d,9,FRED_BAMLCC0A1AAATRIV_AAA_Index.csv,150,0.470219
d__bamlcc0a1aaatriv_aaa_index__lag010,bamlcc0a1aaatriv_aaa_index,d,10,FRED_BAMLCC0A1AAATRIV_AAA_Index.csv,150,0.470219
d__bamlcc0a1aaatriv_aaa_index__lag011,bamlcc0a1aaatriv_aaa_index,d,11,FRED_BAMLCC0A1AAATRIV_AAA_Index.csv,150,0.470219
d__bamlcc0a1aaatriv_aaa_index__lag012,bamlcc0a1aaatriv_aaa_index,d,12,FRED_BAMLCC0A1AAATRIV_AAA_Index.csv,150,0.470219
d__bamlcc0a1aaatriv_aaa_index__lag013,bamlcc0a1aaatriv_aaa_index,d,13,FRED_BAMLCC0A1AAATRIV_AAA_Index.csv,150,0.470219
d__bamlcc0a1aaatriv_aaa_index__lag014,bamlcc0a1aaatriv_aaa_index,d,14,FRED_BAMLCC0A1AAATRIV_AAA_Index.csv,150,0.470219
d__bamlcc0a1aaatriv_aaa_index__lag015,bamlcc0a1aaatriv_aaa_index,d,15,FRED_BAMLCC0A1AAATRIV_AAA_Index.csv,150,0.470219
d__bamlcc0a1aaatriv_aaa_index__lag016,bamlcc0a1aaatriv_aaa_index,d,16,FRED_BAMLCC0A1AAATRIV_AAA_Index.csv,150,0.470219
d__bamlcc0a1aaatriv_aaa_index__lag017,bamlcc0a1aaatriv_aaa_index,d,17,FRED_BAMLCC0A1AAATRIV_AAA_Index.csv,149,0.467085
d__bamlcc0a1aaatriv_aaa_index__lag018,bamlcc0a1aaatriv_aaa_index,d,18,FRED_BAMLCC0A1AAATRIV_AAA_Index.csv,149,0.467085
d__bamlcc0a1aaatriv_aaa_index__lag019,bamlcc0a1aaatriv_aaa_index,d,19,FRED_BAMLCC0A1AAATRIV_AAA_Index.csv,149,0.467085
d__bamlcc0a1aaatriv_aaa_index__lag020,bamlcc0a1aaatriv_aaa_index,d,20,FRED_BAMLCC0A1AAATRIV_AAA_Index.csv,149,0.467085
d__bamlcc0a1aaatriv_aaa_index__lag021,bamlcc0a1aaatriv_aaa_index,d,21,FRED_BAMLCC0A1AAATRIV_AAA_Index.csv,149,0.467085
d__bamlcc0a1aaatriv_aaa_index__lag022,bamlcc0a1aaatriv_aaa_index,d,22,FRED_BAMLCC0A1AAATRIV_AAA_Index.csv,149,0.467085
d__bamlcc0a1aaatriv_aaa_index__lag023,bamlcc0a1aaatriv_aaa_index,d,23,FRED_BAMLCC0A1AAATRIV_AAA_Index.csv,149,0.467085
d__bamlcc0a1aaatriv_aaa_index__lag024,bamlcc0a1aaatriv_aaa_index,d,24,FRED_BAMLCC0A1AAATRIV_AAA_Index.csv,149,0.467085
d__bamlcc0a1aaatriv_aaa_index__lag025,bamlcc0a1aaatriv_aaa_index,d,25,FRED_BAMLCC0A1AAATRIV_AAA_Index.csv,149,0.467085
d__bamlcc0a1aaatriv_aaa_index__lag026,bamlcc0a1aaatriv_aaa_index,d,26,FRED_BAMLCC0A1AAATRIV_AAA_Index.csv,149,0.467085
d__bamlcc0a1aaatriv_aaa_index__lag027,bamlcc0a1aaatriv_aaa_index,d,27,FRED_BAMLCC0A1AAATRIV_AAA_Index.csv,149,0.467085
d__bamlcc0a1aaatriv_aaa_index__lag028,bamlcc0a1aaatriv_aaa_index,d,28,FRED_BAMLCC0A1AAATRIV_AAA_Index.csv,149,0.467085
d__bamlcc0a1aaatriv_aaa_index__lag029,bamlcc0a1aaatriv_aaa_index,d,29,FRED_BAMLCC0A1AAATRIV_AAA_Index.csv,149,0.467085
d__bamlcc0a1aaatriv_aaa_index__lag030,bamlcc0a1aaatriv_aaa_index,d,30,FRED_BAMLCC0A1AAATRIV_AAA_Index.csv,149,0.467085
d__bamlcc0a1aaatriv_aaa_index__lag031,bamlcc0a1aaatriv_aaa_index,d,31,FRED_BAMLCC0A1AAATRIV_AAA_Index.csv,149,0.467085
d__bamlcc0a1aaatriv_aaa_index__lag032,bamlcc0a1aaatriv_aaa_index,d,32,FRED_BAMLCC0A1AAATRIV_AAA_Index.csv,149,0.467085
d__bamlcc0a1aaatriv_aaa_index__lag033,bamlcc0a1aaatriv_aaa_index,d,33,FRED_BAMLCC0A1AAATRIV_AAA_Index.csv,149,0.467085
d__bamlcc0a1aaatriv_aaa_index__lag034,bamlcc0a1aaatriv_aaa_index,d,34,FRED_BAMLCC0A1AAATRIV_AAA_Index.csv,149,0.467085
d__bamlcc0a1aaatriv_aaa_index__lag035,bamlcc0a1aaatriv_aaa_index,d,35,FRED_BAMLCC0A1AAATRIV_AAA_Index.csv,149,0.467085
d__bamlcc0a1aaatriv_aaa_index__lag036,bamlcc0a1aaatriv_aaa_index,d,36,FRED_BAMLCC0A1AAATRIV_AAA_Index.csv,149,0.467085
d__bamlcc0a1aaatriv_aaa_index__lag037,bamlcc0a1aaatriv_aaa_index,d,37,FRED_BAMLCC0A1AAATRIV_AAA_Index.csv,149,0.467085
d__bamlcc0a1aaatriv_aaa_index__lag038,bamlcc0a1aaatriv_aaa_index,d,38,FRED_BAMLCC0A1AAATRIV_AAA_Index.csv,149,0.467085
d__bamlcc0a1aaatriv_aaa_index__lag039,bamlcc0a1aaatriv_aaa_index,d,39,FRED_BAMLCC0A1AAATRIV_AAA_Index.csv,149,0.467085
d__bamlcc0a1aaatriv_aaa_index__lag040,bamlcc0a1aaatriv_aaa_index,d,40,FRED_BAMLCC0A1AAATRIV_AAA_Index.csv,149,0.467085
d__bamlcc0a1aaatriv_aaa_index__lag041,bamlcc0a1aaatriv_aaa_index,d,41,FRED_BAMLCC0A1AAATRIV_AAA_Index.csv,149,0.467085
d__bamlcc0a1aaatriv_aaa_index__lag042,bamlcc0a1aaatriv_aaa_index,d,42,FRED_BAMLCC0A1AAATRIV_AAA_Index.csv,149,0.467085
d__bamlcc0a1aaatriv_aaa_index__lag043,bamlcc0a1aaatriv_aaa_index,d,43,FRED_BAMLCC0A1AAATRIV_AAA_Index.csv,149,0.467085
d__bamlcc0a1aaatriv_aaa_index__lag044,bamlcc0a1aaatriv_aaa_index,d,44,FRED_BAMLCC0A1AAATRIV_AAA_Index.csv,149,0.467085
d__bamlcc0a1aaatriv_aaa_index__lag045,bamlcc0a1aaatriv_aaa_index,d,45,FRED_BAMLCC0A1AAATRIV_AAA_Index.csv,149,0.467085
d__bamlcc0a1aaatriv_aaa_index__lag046,bamlcc0a1aaatriv_aaa_index,d,46,FRED_BAMLCC0A1AAATRIV_AAA_Index.csv,149,0.467085
d__bamlcc0a1aaatriv_aaa_index__lag047,bamlcc0a1aaatriv_aaa_index,d,47,FRED_BAMLCC0A1AAATRIV_AAA_Index.csv,149,0.467085
d__bamlcc0a1aaatriv_aaa_index__lag048,bamlcc0a1aaatriv_aaa_index,d,48,FRED_BAMLCC0A1AAATRIV_AAA_Index.csv,149,0.467085
d__bamlcc0a1aaatriv_aaa_index__lag049,bamlcc0a1aaatriv_aaa_index,d,49,FRED_BAMLCC0A1AAATRIV_AAA_Index.csv,149,0.467085
d__bamlcc0a1aaatriv_aaa_index__lag050,bamlcc0a1aaatriv_aaa_index,d,50,FRED_BAMLCC0A1AAATRIV_AAA_Index.csv,149,0.467085
d__bamlcc0a1aaatriv_aaa_index__lag051,bamlcc0a1aaatriv_aaa_index,d,51,FRED_BAMLCC0A1AAATRIV_AAA_Index.csv,149,0.467085
d__bamlcc0a1aaatriv_aaa_index__lag052,bamlcc0a1aaatriv_aaa_index,d,52,FRED_BAMLCC0A1AAATRIV_AAA_Index.csv,149,0.467085
d__bamlcc0a1aaatriv_aaa_index__lag053,bamlcc0a1aaatriv_aaa_index,d,53,FRED_BAMLCC0A1AAATRIV_AAA_Index.csv,149,0.467085
d__bamlcc0a1aaatriv_aaa_index__lag054,bamlcc0a1aaatriv_aaa_index,d,54,FRED_BAMLCC0A1AAATRIV_AAA_Index.csv,149,0.467085
d__bamlcc0a1aaatriv_aaa_index__lag055,bamlcc0a1aaatriv_aaa_index,d,55,FRED_BAMLCC0A1AAATRIV_AAA_Index.csv,149,0.467085
d__bamlcc0a1aaatriv_aaa_index__lag056,bamlcc0a1aaatriv_aaa_index,d,56,FRED_BAMLCC0A1AAATRIV_AAA_Index.csv,149,0.467085
d__bamlcc0a1aaatriv_aaa_index__lag057,bamlcc0a1aaatriv_aaa_index,d,57,FRED_BAMLCC0A1AAATRIV_AAA_Index.csv,149,0.467085
d__bamlcc0a1aaatriv_aaa_index__lag058,bamlcc0a1aaatriv_aaa_index,d,58,FRED_BAMLCC0A1AAATRIV_AAA_Index.csv,149,0.467085
d__bamlcc0a1aaatriv_aaa_index__lag059,bamlcc0a1aaatriv_aaa_index,d,59,FRED_BAMLCC0A1AAATRIV_AAA_Index.csv,149,0.467085
d__bamlcc0a1aaatriv_aaa_index__lag060,bamlcc0a1aaatriv_aaa_index,d,60,FRED_BAMLCC0A1AAATRIV_AAA_Index.csv,149,0.467085
d__bamlcc0a1aaatriv_aaa_index__lag061,bamlcc0a1aaatriv_aaa_index,d,61,FRED_BAMLCC0A1AAATRIV_AAA_Index.csv,149,0.467085
d__bamlcc0a1aaatriv_aaa_index__lag062,bamlcc0a1aaatriv_aaa_index,d,62,FRED_BAMLCC0A1AAATRIV_AAA_Index.csv,149,0.467085
d__bamlcc0a1aaatriv_aaa_index__lag063,bamlcc0a1aaatriv_aaa_index,d,63,FRED_BAMLCC0A1AAATRIV_AAA_Index.csv,149,0.467085
d__bamlcc0a1aaatriv_aaa_index__lag064,bamlcc0a1aaatriv_aaa_index,d,64,FRED_BAMLCC0A1AAATRIV_AAA_Index.csv,149,0.467085
d__bamlcc0a1aaatriv_aaa_index__lag065,bamlcc0a1aaatriv_aaa_index,d,65,FRED_BAMLCC0A1AAATRIV_AAA_Index.csv,149,0.467085
d__bamlcc0a1aaatriv_aaa_index__lag066,bamlcc0a1aaatriv_aaa_index,d,66,FRED_BAMLCC0A1AAATRIV_AAA_Index.csv,149,0.467085
d__bamlcc0a1aaatriv_aaa_index__lag067,bamlcc0a1aaatriv_aaa_index,d,67,FRED_BAMLCC0A1AAATRIV_AAA_Index.csv,149,0.467085
d__bamlcc0a1aaatriv_aaa_index__lag068,bamlcc0a1aaatriv_aaa_index,d,68,FRED_BAMLCC0A1AAATRIV_AAA_Index.csv,149,0.467085
d__bamlcc0a1aaatriv_aaa_index__lag069,bamlcc0a1aaatriv_aaa_index,d,69,FRED_BAMLCC0A1AAATRIV_AAA_Index.csv,149,0.467085
d__bamlcc0a1aaatriv_aaa_index__lag070,bamlcc0a1aaatriv_aaa_index,d,70,FRED_BAMLCC0A1AAATRIV_AAA_Index.csv,149,0.467085
d__bamlcc0a1aaatriv_aaa_index__lag071,bamlcc0a1aaatriv_aaa_index,d,71,FRED_BAMLCC0A1AAATRIV_AAA_Index.csv,149,0.467085
d__bamlcc0a1aaatriv_aaa_index__lag072,bamlcc0a1aaatriv_aaa_index,d,72,FRED_BAMLCC0A1AAATRIV_AAA_Index.csv,149,0.467085
d__bamlcc0a1aaatriv_aaa_index__lag073,bamlcc0a1aaatriv_aaa_index,d,73,FRED_BAMLCC0A1AAATRIV_AAA_Index.csv,149,0.467085
d__bamlcc0a1aaatriv_aaa_index__lag074,bamlcc0a1aaatriv_aaa_index,d,74,FRED_BAMLCC0A1AAATRIV_AAA_Index.csv,149,0.467085
d__bamlcc0a1aaatriv_aaa_index__lag075,bamlcc0a1aaatriv_aaa_index,d,75,FRED_BAMLCC0A1AAATRIV_AAA_Index.csv,149,0.467085
d__bamlcc0a1aaatriv_aaa_index__lag076,bamlcc0a1aaatriv_aaa_index,d,76,FRED_BAMLCC0A1AAATRIV_AAA_Index.csv,149,0.467085
d__bamlcc0a1aaatriv_aaa_index__lag077,bamlcc0a1aaatriv_aaa_index,d,77,FRED_BAMLCC0A1AAATRIV_AAA_Index.csv,149,0.467085
d__bamlcc0a1aaatriv_aaa_index__lag078,bamlcc0a1aaatriv_aaa_index,d,78,FRED_BAMLCC0A1AAATRIV_AAA_Index.csv,149,0.467085
d__bamlcc0a1aaatriv_aaa_index__lag079,bamlcc0a1aaatriv_aaa_index,d,79,FRED_BAMLCC0A1AAATRIV_AAA_Index.csv,149,0.467085
d__bamlcc0a1aaatriv_aaa_index__lag080,bamlcc0a1aaatriv_aaa_index,d,80,FRED_BAMLCC0A1AAATRIV_AAA_Index.csv,149,0.467085
d__bamlcc0a1aaatriv_aaa_index__lag081,bamlcc0a1aaatriv_aaa_index,d,81,FRED_BAMLCC0A1AAATRIV_AAA_Index.csv,149,0.467085
d__bamlcc0a1aaatriv_aaa_index__lag082,bamlcc0a1aaatriv_aaa_index,d,82,FRED_BAMLCC0A1AAATRIV_AAA_Index.csv,149,0.467085
d__bamlcc0a1aaatriv_aaa_index__lag083,bamlcc0a1aaatriv_aaa_index,d,83,FRED_BAMLCC0A1AAATRIV_AAA_Index.csv,149,0.467085
d__bamlcc0a1aaatriv_aaa_index__lag084,bamlcc0a1aaatriv_aaa_index,d,84,FRED_BAMLCC0A1AAATRIV_AAA_Index.csv,149,0.467085
d__bamlcc0a1aaatriv_aaa_index__lag085,bamlcc0a1aaatriv_aaa_index,d,85,FRED_BAMLCC0A1AAATRIV_AAA_Index.csv,149,0.467085
d__bamlcc0a1aaatriv_aaa_index__lag086,bamlcc0a1aaatriv_aaa_index,d,86,FRED_BAMLCC0A1AAATRIV_AAA_Index.csv,149,0.467085
d__bamlcc0a1aaatriv_aaa_index__lag087,bamlcc0a1aaatriv_aaa_index,d,87,FRED_BAMLCC0A1AAATRIV_AAA_Index.csv,149,0.467085
d__bamlcc0a1aaatriv_aaa_index__lag088,bamlcc0a1aaatriv_aaa_index,d,88,FRED_BAMLCC0A1AAATRIV_AAA_Index.csv,149,0.467085
d__bamlcc0a1aaatriv_aaa_index__lag089,bamlcc0a1aaatriv_aaa_index,d,89,FRED_BAMLCC0A1AAATRIV_AAA_Index.csv,149,0.467085
d__bamlcc0a1aaatriv_aaa_index__lag090,bamlcc0a1aaatriv_aaa_index,d,90,FRED_BAMLCC0A1AAATRIV_AAA_Index.csv,149,0.467085
d__bamlh0a0hym2_high_yield_idx__lag001,bamlh0a0hym2_high_yield_idx,d,1,FRED_BAMLH0A0HYM2_high_yield_idx.csv,118,0.369906
d__bamlh0a0hym2_high_yield_idx__lag002,bamlh0a0hym2_high_yield_idx,d,2,FRED_BAMLH0A0HYM2_high_yield_idx.csv,117,0.366771
d__bamlh0a0hym2_high_yield_idx__lag003,bamlh0a0hym2_high_yield_idx,d,3,FRED_BAMLH0A0HYM2_high_yield_idx.csv,117,0.366771
d__bamlh0a0hym2_high_yield_idx__lag004,bamlh0a0hym2_high_yield_idx,d,4,FRED_BAMLH0A0HYM2_high_yield_idx.csv,117,0.366771
d__bamlh0a0hym2_high_yield_idx__lag005,bamlh0a0hym2_high_yield_idx,d,5,FRED_BAMLH0A0HYM2_high_yield_idx.csv,117,0.366771
d__bamlh0a0hym2_high_yield_idx__lag006,bamlh0a0hym2_high_yield_idx,d,6,FRED_BAMLH0A0HYM2_high_yield_idx.csv,117,0.366771
d__bamlh0a0hym2_high_yield_idx__lag007,bamlh0a0hym2_high_yield_idx,d,7,FRED_BAMLH0A0HYM2_high_yield_idx.csv,117,0.366771
d__bamlh0a0hym2_high_yield_idx__lag008,bamlh0a0hym2_high_yield_idx,d,8,FRED_BAMLH0A0HYM2_high_yield_idx.csv,117,0.366771
d__bamlh0a0hym2_high_yield_idx__lag009,bamlh0a0hym2_high_yield_idx,d,9,FRED_BAMLH0A0HYM2_high_yield_idx.csv,117,0.366771
d__bamlh0a0hym2_high_yield_idx__lag010,bamlh0a0hym2_high_yield_idx,d,10,FRED_BAMLH0A0HYM2_high_yield_idx.csv,117,0.366771
d__bamlh0a0hym2_high_yield_idx__lag011,bamlh0a0hym2_high_yield_idx,d,11,FRED_BAMLH0A0HYM2_high_yield_idx.csv,117,0.366771
d__bamlh0a0hym2_high_yield_idx__lag012,bamlh0a0hym2_high_yield_idx,d,12,FRED_BAMLH0A0HYM2_high_yield_idx.csv,117,0.366771
d__bamlh0a0hym2_high_yield_idx__lag013,bamlh0a0hym2_high_yield_idx,d,13,FRED_BAMLH0A0HYM2_high_yield_idx.csv,117,0.366771
d__bamlh0a0hym2_high_yield_idx__lag014,bamlh0a0hym2_high_yield_idx,d,14,FRED_BAMLH0A0HYM2_high_yield_idx.csv,117,0.366771
d__bamlh0a0hym2_high_yield_idx__lag015,bamlh0a0hym2_high_yield_idx,d,15,FRED_BAMLH0A0HYM2_high_yield_idx.csv,117,0.366771
d__bamlh0a0hym2_high_yield_idx__lag016,bamlh0a0hym2_high_yield_idx,d,16,FRED_BAMLH0A0HYM2_high_yield_idx.csv,117,0.366771
d__bamlh0a0hym2_high_yield_idx__lag017,bamlh0a0hym2_high_yield_idx,d,17,FRED_BAMLH0A0HYM2_high_yield_idx.csv,117,0.366771
d__bamlh0a0hym2_high_yield_idx__lag018,bamlh0a0hym2_high_yield_idx,d,18,FRED_BAMLH0A0HYM2_high_yield_idx.csv,117,0.366771
d__bamlh0a0hym2_high_yield_idx__lag019,bamlh0a0hym2_high_yield_idx,d,19,FRED_BAMLH0A0HYM2_high_yield_idx.csv,117,0.366771
d__bamlh0a0hym2_high_yield_idx__lag020,bamlh0a0hym2_high_yield_idx,d,20,FRED_BAMLH0A0HYM2_high_yield_idx.csv,117,0.366771
d__bamlh0a0hym2_high_yield_idx__lag021,bamlh0a0hym2_high_yield_idx,d,21,FRED_BAMLH0A0HYM2_high_yield_idx.csv,117,0.366771
d__bamlh0a0hym2_high_yield_idx__lag022,bamlh0a0hym2_high_yield_idx,d,22,FRED_BAMLH0A0HYM2_high_yield_idx.csv,117,0.366771
d__bamlh0a0hym2_high_yield_idx__lag023,bamlh0a0hym2_high_yield_idx,d,23,FRED_BAMLH0A0HYM2_high_yield_idx.csv,117,0.366771
d__bamlh0a0hym2_high_yield_idx__lag024,bamlh0a0hym2_high_yield_idx,d,24,FRED_BAMLH0A0HYM2_high_yield_idx.csv,117,0.366771
d__bamlh0a0hym2_high_yield_idx__lag025,bamlh0a0hym2_high_yield_idx,d,25,FRED_BAMLH0A0HYM2_high_yield_idx.csv,117,0.366771
d__bamlh0a0hym2_high_yield_idx__lag026,bamlh0a0hym2_high_yield_idx,d,26,FRED_BAMLH0A0HYM2_high_yield_idx.csv,117,0.366771
d__bamlh0a0hym2_high_yield_idx__lag027,bamlh0a0hym2_high_yield_idx,d,27,FRED_BAMLH0A0HYM2_high_yield_idx.csv,117,0.366771
d__bamlh0a0hym2_high_yield_idx__lag028,bamlh0a0hym2_high_yield_idx,d,28,FRED_BAMLH0A0HYM2_high_yield_idx.csv,117,0.366771
d__bamlh0a0hym2_high_yield_idx__lag029,bamlh0a0hym2_high_yield_idx,d,29,FRED_BAMLH0A0HYM2_high_yield_idx.csv,117,0.366771
d__bamlh0a0hym2_high_yield_idx__lag030,bamlh0a0hym2_high_yield_idx,d,30,FRED_BAMLH0A0HYM2_high_yield_idx.csv,117,0.366771
d__bamlh0a0hym2_high_yield_idx__lag031,bamlh0a0hym2_high_yield_idx,d,31,FRED_BAMLH0A0HYM2_high_yield_idx.csv,117,0.366771
d__bamlh0a0hym2_high_yield_idx__lag032,bamlh0a0hym2_high_yield_idx,d,32,FRED_BAMLH0A0HYM2_high_yield_idx.csv,117,0.366771
d__bamlh0a0hym2_high_yield_idx__lag033,bamlh0a0hym2_high_yield_idx,d,33,FRED_BAMLH0A0HYM2_high_yield_idx.csv,117,0.366771
d__bamlh0a0hym2_high_yield_idx__lag034,bamlh0a0hym2_high_yield_idx,d,34,FRED_BAMLH0A0HYM2_high_yield_idx.csv,117,0.366771
d__bamlh0a0hym2_high_yield_idx__lag035,bamlh0a0hym2_high_yield_idx,d,35,FRED_BAMLH0A0HYM2_high_yield_idx.csv,117,0.366771
d__bamlh0a0hym2_high_yield_idx__lag036,bamlh0a0hym2_high_yield_idx,d,36,FRED_BAMLH0A0HYM2_high_yield_idx.csv,117,0.366771
d__bamlh0a0hym2_high_yield_idx__lag037,bamlh0a0hym2_high_yield_idx,d,37,FRED_BAMLH0A0HYM2_high_yield_idx.csv,117,0.366771
d__bamlh0a0hym2_high_yield_idx__lag038,bamlh0a0hym2_high_yield_idx,d,38,FRED_BAMLH0A0HYM2_high_yield_idx.csv,117,0.366771
d__bamlh0a0hym2_high_yield_idx__lag039,bamlh0a0hym2_high_yield_idx,d,39,FRED_BAMLH0A0HYM2_high_yield_idx.csv,117,0.366771
d__bamlh0a0hym2_high_yield_idx__lag040,bamlh0a0hym2_high_yield_idx,d,40,FRED_BAMLH0A0HYM2_high_yield_idx.csv,117,0.366771
d__bamlh0a0hym2_high_yield_idx__lag041,bamlh0a0hym2_high_yield_idx,d,41,FRED_BAMLH0A0HYM2_high_yield_idx.csv,117,0.366771
d__bamlh0a0hym2_high_yield_idx__lag042,bamlh0a0hym2_high_yield_idx,d,42,FRED_BAMLH0A0HYM2_high_yield_idx.csv,117,0.366771
d__bamlh0a0hym2_high_yield_idx__lag043,bamlh0a0hym2_high_yield_idx,d,43,FRED_BAMLH0A0HYM2_high_yield_idx.csv,117,0.366771
d__bamlh0a0hym2_high_yield_idx__lag044,bamlh0a0hym2_high_yield_idx,d,44,FRED_BAMLH0A0HYM2_high_yield_idx.csv,117,0.366771
d__bamlh0a0hym2_high_yield_idx__lag045,bamlh0a0hym2_high_yield_idx,d,45,FRED_BAMLH0A0HYM2_high_yield_idx.csv,117,0.366771
d__bamlh0a0hym2_high_yield_idx__lag046,bamlh0a0hym2_high_yield_idx,d,46,FRED_BAMLH0A0HYM2_high_yield_idx.csv,117,0.366771
d__bamlh0a0hym2_high_yield_idx__lag047,bamlh0a0hym2_high_yield_idx,d,47,FRED_BAMLH0A0HYM2_high_yield_idx.csv,117,0.366771
d__bamlh0a0hym2_high_yield_idx__lag048,bamlh0a0hym2_high_yield_idx,d,48,FRED_BAMLH0A0HYM2_high_yield_idx.csv,117,0.366771
d__bamlh0a0hym2_high_yield_idx__lag049,bamlh0a0hym2_high_yield_idx,d,49,FRED_BAMLH0A0HYM2_high_yield_idx.csv,117,0.366771
d__bamlh0a0hym2_high_yield_idx__lag050,bamlh0a0hym2_high_yield_idx,d,50,FRED_BAMLH0A0HYM2_high_yield_idx.csv,117,0.366771
d__bamlh0a0hym2_high_yield_idx__lag051,bamlh0a0hym2_high_yield_idx,d,51,FRED_BAMLH0A0HYM2_high_yield_idx.csv,117,0.366771
d__bamlh0a0hym2_high_yield_idx__lag052,bamlh0a0hym2_high_yield_idx,d,52,FRED_BAMLH0A0HYM2_high_yield_idx.csv,117,0.366771
d__bamlh0a0hym2_high_yield_idx__lag053,bamlh0a0hym2_high_yield_idx,d,53,FRED_BAMLH0A0HYM2_high_yield_idx.csv,117,0.366771
d__bamlh0a0hym2_high_yield_idx__lag054,bamlh0a0hym2_high_yield_idx,d,54,FRED_BAMLH0A0HYM2_high_yield_idx.csv,117,0.366771
d__bamlh0a0hym2_high_yield_idx__lag055,bamlh0a0hym2_high_yield_idx,d,55,FRED_BAMLH0A0HYM2_high_yield_idx.csv,117,0.366771
d__bamlh0a0hym2_high_yield_idx__lag056,bamlh0a0hym2_high_yield_idx,d,56,FRED_BAMLH0A0HYM2_high_yield_idx.csv,117,0.366771
d__bamlh0a0hym2_high_yield_idx__lag057,bamlh0a0hym2_high_yield_idx,d,57,FRED_BAMLH0A0HYM2_high_yield_idx.csv,117,0.366771
d__bamlh0a0hym2_high_yield_idx__lag058,bamlh0a0hym2_high_yield_idx,d,58,FRED_BAMLH0A0HYM2_high_yield_idx.csv,117,0.366771
d__bamlh0a0hym2_high_yield_idx__lag059,bamlh0a0hym2_high_yield_idx,d,59,FRED_BAMLH0A0HYM2_high_yield_idx.csv,117,0.366771
d__bamlh0a0hym2_high_yield_idx__lag060,bamlh0a0hym2_high_yield_idx,d,60,FRED_BAMLH0A0HYM2_high_yield_idx.csv,117,0.366771
d__bamlh0a0hym2_high_yield_idx__lag061,bamlh0a0hym2_high_yield_idx,d,61,FRED_BAMLH0A0HYM2_high_yield_idx.csv,117,0.366771
d__bamlh0a0hym2_high_yield_idx__lag062,bamlh0a0hym2_high_yield_idx,d,62,FRED_BAMLH0A0HYM2_high_yield_idx.csv,117,0.366771
d__bamlh0a0hym2_high_yield_idx__lag063,bamlh0a0hym2_high_yield_idx,d,63,FRED_BAMLH0A0HYM2_high_yield_idx.csv,117,0.366771
d__bamlh0a0hym2_high_yield_idx__lag064,bamlh0a0hym2_high_yield_idx,d,64,FRED_BAMLH0A0HYM2_high_yield_idx.csv,117,0.366771
d__bamlh0a0hym2_high_yield_idx__lag065,bamlh0a0hym2_high_yield_idx,d,65,FRED_BAMLH0A0HYM2_high_yield_idx.csv,117,0.366771
d__bamlh0a0hym2_high_yield_idx__lag066,bamlh0a0hym2_high_yield_idx,d,66,FRED_BAMLH0A0HYM2_high_yield_idx.csv,117,0.366771
d__bamlh0a0hym2_high_yield_idx__lag067,bamlh0a0hym2_high_yield_idx,d,67,FRED_BAMLH0A0HYM2_high_yield_idx.csv,117,0.366771
d__bamlh0a0hym2_high_yield_idx__lag068,bamlh0a0hym2_high_yield_idx,d,68,FRED_BAMLH0A0HYM2_high_yield_idx.csv,117,0.366771
d__bamlh0a0hym2_high_yield_idx__lag069,bamlh0a0hym2_high_yield_idx,d,69,FRED_BAMLH0A0HYM2_high_yield_idx.csv,117,0.366771
d__bamlh0a0hym2_high_yield_idx__lag070,bamlh0a0hym2_high_yield_idx,d,70,FRED_BAMLH0A0HYM2_high_yield_idx.csv,117,0.366771
d__bamlh0a0hym2_high_yield_idx__lag071,bamlh0a0hym2_high_yield_idx,d,71,FRED_BAMLH0A0HYM2_high_yield_idx.csv,117,0.366771
d__bamlh0a0hym2_high_yield_idx__lag072,bamlh0a0hym2_high_yield_idx,d,72,FRED_BAMLH0A0HYM2_high_yield_idx.csv,117,0.366771
d__bamlh0a0hym2_high_yield_idx__lag073,bamlh0a0hym2_high_yield_idx,d,73,FRED_BAMLH0A0HYM2_high_yield_idx.csv,117,0.366771
d__bamlh0a0hym2_high_yield_idx__lag074,bamlh0a0hym2_high_yield_idx,d,74,FRED_BAMLH0A0HYM2_high_yield_idx.csv,117,0.366771
d__bamlh0a0hym2_high_yield_idx__lag075,bamlh0a0hym2_high_yield_idx,d,75,FRED_BAMLH0A0HYM2_high_yield_idx.csv,117,0.366771
d__bamlh0a0hym2_high_yield_idx__lag076,bamlh0a0hym2_high_yield_idx,d,76,FRED_BAMLH0A0HYM2_high_yield_idx.csv,117,0.366771
d__bamlh0a0hym2_high_yield_idx__lag077,bamlh0a0hym2_high_yield_idx,d,77,FRED_BAMLH0A0HYM2_high_yield_idx.csv,117,0.366771
d__bamlh0a0hym2_high_yield_idx__lag078,bamlh0a0hym2_high_yield_idx,d,78,FRED_BAMLH0A0HYM2_high_yield_idx.csv,117,0.366771
d__bamlh0a0hym2_high_yield_idx__lag079,bamlh0a0hym2_high_yield_idx,d,79,FRED_BAMLH0A0HYM2_high_yield_idx.csv,117,0.366771
d__bamlh0a0hym2_high_yield_idx__lag080,bamlh0a0hym2_high_yield_idx,d,80,FRED_BAMLH0A0HYM2_high_yield_idx.csv,117,0.366771
d__bamlh0a0hym2_high_yield_idx__lag081,bamlh0a0hym2_high_yield_idx,d,81,FRED_BAMLH0A0HYM2_high_yield_idx.csv,117,0.366771
d__bamlh0a0hym2_high_yield_idx__lag082,bamlh0a0hym2_high_yield_idx,d,82,FRED_BAMLH0A0HYM2_high_yield_idx.csv,117,0.366771
d__bamlh0a0hym2_high_yield_idx__lag083,bamlh0a0hym2_high_yield_idx,d,83,FRED_BAMLH0A0HYM2_high_yield_idx.csv,117,0.366771
d__bamlh0a0hym2_high_yield_idx__lag084,bamlh0a0hym2_high_yield_idx,d,84,FRED_BAMLH0A0HYM2_high_yield_idx.csv,117,0.366771
d__bamlh0a0hym2_high_yield_idx__lag085,bamlh0a0hym2_high_yield_idx,d,85,FRED_BAMLH0A0HYM2_high_yield_idx.csv,117,0.366771
d__bamlh0a0hym2_high_yield_idx__lag086,bamlh0a0hym2_high_yield_idx,d,86,FRED_BAMLH0A0HYM2_high_yield_idx.csv,117,0.366771
d__bamlh0a0hym2_high_yield_idx__lag087,bamlh0a0hym2_high_yield_idx,d,87,FRED_BAMLH0A0HYM2_high_yield_idx.csv,117,0.366771
d__bamlh0a0hym2_high_yield_idx__lag088,bamlh0a0hym2_high_yield_idx,d,88,FRED_BAMLH0A0HYM2_high_yield_idx.csv,117,0.366771
d__bamlh0a0hym2_high_yield_idx__lag089,bamlh0a0hym2_high_yield_idx,d,89,FRED_BAMLH0A0HYM2_high_yield_idx.csv,117,0.366771
d__bamlh0a0hym2_high_yield_idx__lag090,bamlh0a0hym2_high_yield_idx,d,90,FRED_BAMLH0A0HYM2_high_yield_idx.csv,117,0.366771
m__bogmbase_mb__lag001,bogmbase_mb,m,1,FRED_BOGMBASE_MB.csv,269,0.84326
m__bogmbase_mb__lag002,bogmbase_mb,m,2,FRED_BOGMBASE_MB.csv,269,0.84326
m__bogmbase_mb__lag003,bogmbase_mb,m,3,FRED_BOGMBASE_MB.csv,269,0.84326
m__bogmbase_mb__lag004,bogmbase_mb,m,4,FRED_BOGMBASE_MB.csv,268,0.840125
m__bogmbase_mb__lag005,bogmbase_mb,m,5,FRED_BOGMBASE_MB.csv,268,0.840125
m__bogmbase_mb__lag006,bogmbase_mb,m,6,FRED_BOGMBASE_MB.csv,268,0.840125
m__bogmbase_mb__lag007,bogmbase_mb,m,7,FRED_BOGMBASE_MB.csv,267,0.836991
m__bogmbase_mb__lag008,bogmbase_mb,m,8,FRED_BOGMBASE_MB.csv,267,0.836991
m__bogmbase_mb__lag009,bogmbase_mb,m,9,FRED_BOGMBASE_MB.csv,267,0.836991
m__bogmbase_mb__lag010,bogmbase_mb,m,10,FRED_BOGMBASE_MB.csv,266,0.833856
m__bogmbase_mb__lag011,bogmbase_mb,m,11,FRED_BOGMBASE_MB.csv,266,0.833856
m__bogmbase_mb__lag012,bogmbase_mb,m,12,FRED_BOGMBASE_MB.csv,266,0.833856
q__bogz1fa105019005q_nfcb_gfi__lag001,bogz1fa105019005q_nfcb_gfi,q,1,FRED_BOGZ1FA105019005Q_nfcb_gfi.csv,317,0.99373
q__bogz1fa105019005q_nfcb_gfi__lag002,bogz1fa105019005q_nfcb_gfi,q,2,FRED_BOGZ1FA105019005Q_nfcb_gfi.csv,316,0.990596
q__bogz1fa105019005q_nfcb_gfi__lag003,bogz1fa105019005q_nfcb_gfi,q,3,FRED_BOGZ1FA105019005Q_nfcb_gfi.csv,315,0.987461
q__bogz1fa105019005q_nfcb_gfi__lag004,bogz1fa105019005q_nfcb_gfi,q,4,FRED_BOGZ1FA105019005Q_nfcb_gfi.csv,314,0.984326
q__bogz1fa105019005q_nfcb_gfi__lag005,bogz1fa105019005q_nfcb_gfi,q,5,FRED_BOGZ1FA105019005Q_nfcb_gfi.csv,313,0.981191
q__bogz1fa105019005q_nfcb_gfi__lag006,bogz1fa105019005q_nfcb_gfi,q,6,FRED_BOGZ1FA105019005Q_nfcb_gfi.csv,312,0.978056
q__bogz1fa105019005q_nfcb_gfi__lag007,bogz1fa105019005q_nfcb_gfi,q,7,FRED_BOGZ1FA105019005Q_nfcb_gfi.csv,311,0.974922
q__bogz1fa105019005q_nfcb_gfi__lag008,bogz1fa105019005q_nfcb_gfi,q,8,FRED_BOGZ1FA105019005Q_nfcb_gfi.csv,310,0.971787
q__bogz1fa213061103q_state_local_gov_ts_tx__lag001,bogz1fa213061103q_state_local_gov_ts_tx,q,1,FRED_BOGZ1FA213061103Q_State_Local_Gov_ts_tx.csv,317,0.99373
q__bogz1fa213061103q_state_local_gov_ts_tx__lag002,bogz1fa213061103q_state_local_gov_ts_tx,q,2,FRED_BOGZ1FA213061103Q_State_Local_Gov_ts_tx.csv,316,0.990596
q__bogz1fa213061103q_state_local_gov_ts_tx__lag003,bogz1fa213061103q_state_local_gov_ts_tx,q,3,FRED_BOGZ1FA213061103Q_State_Local_Gov_ts_tx.csv,315,0.987461
q__bogz1fa213061103q_state_local_gov_ts_tx__lag004,bogz1fa213061103q_state_local_gov_ts_tx,q,4,FRED_BOGZ1FA213061103Q_State_Local_Gov_ts_tx.csv,314,0.984326
q__bogz1fa213061103q_state_local_gov_ts_tx__lag005,bogz1fa213061103q_state_local_gov_ts_tx,q,5,FRED_BOGZ1FA213061103Q_State_Local_Gov_ts_tx.csv,313,0.981191
q__bogz1fa213061103q_state_local_gov_ts_tx__lag006,bogz1fa213061103q_state_local_gov_ts_tx,q,6,FRED_BOGZ1FA213061103Q_State_Local_Gov_ts_tx.csv,312,0.978056
q__bogz1fa213061103q_state_local_gov_ts_tx__lag007,bogz1fa213061103q_state_local_gov_ts_tx,q,7,FRED_BOGZ1FA213061103Q_State_Local_Gov_ts_tx.csv,311,0.974922
q__bogz1fa213061103q_state_local_gov_ts_tx__lag008,bogz1fa213061103q_state_local_gov_ts_tx,q,8,FRED_BOGZ1FA213061103Q_State_Local_Gov_ts_tx.csv,310,0.971787
q__bogz1fa223061143q_state_local_db_retirement_ts_tx__lag001,bogz1fa223061143q_state_local_db_retirement_ts_tx,q,1,FRED_BOGZ1FA223061143Q_State_Local_DB_Retirement_ts_tx.csv,317,0.99373
q__bogz1fa223061143q_state_local_db_retirement_ts_tx__lag002,bogz1fa223061143q_state_local_db_retirement_ts_tx,q,2,FRED_BOGZ1FA223061143Q_State_Local_DB_Retirement_ts_tx.csv,316,0.990596
q__bogz1fa223061143q_state_local_db_retirement_ts_tx__lag003,bogz1fa223061143q_state_local_db_retirement_ts_tx,q,3,FRED_BOGZ1FA223061143Q_State_Local_DB_Retirement_ts_tx.csv,315,0.987461
q__bogz1fa223061143q_state_local_db_retirement_ts_tx__lag004,bogz1fa223061143q_state_local_db_retirement_ts_tx,q,4,FRED_BOGZ1FA223061143Q_State_Local_DB_Retirement_ts_tx.csv,314,0.984326
q__bogz1fa223061143q_state_local_db_retirement_ts_tx__lag005,bogz1fa223061143q_state_local_db_retirement_ts_tx,q,5,FRED_BOGZ1FA223061143Q_State_Local_DB_Retirement_ts_tx.csv,313,0.981191
q__bogz1fa223061143q_state_local_db_retirement_ts_tx__lag006,bogz1fa223061143q_state_local_db_retirement_ts_tx,q,6,FRED_BOGZ1FA223061143Q_State_Local_DB_Retirement_ts_tx.csv,312,0.978056
q__bogz1fa223061143q_state_local_db_retirement_ts_tx__lag007,bogz1fa223061143q_state_local_db_retirement_ts_tx,q,7,FRED_BOGZ1FA223061143Q_State_Local_DB_Retirement_ts_tx.csv,311,0.974922
q__bogz1fa223061143q_state_local_db_retirement_ts_tx__lag008,bogz1fa223061143q_state_local_db_retirement_ts_tx,q,8,FRED_BOGZ1FA223061143Q_State_Local_DB_Retirement_ts_tx.csv,310,0.971787
q__bogz1fa263061110q_row_bills_tx__lag001,bogz1fa263061110q_row_bills_tx,q,1,FRED_BOGZ1FA263061110Q_row_bills_tx.csv,317,0.99373
q__bogz1fa263061110q_row_bills_tx__lag002,bogz1fa263061110q_row_bills_tx,q,2,FRED_BOGZ1FA263061110Q_row_bills_tx.csv,316,0.990596
q__bogz1fa263061110q_row_bills_tx__lag003,bogz1fa263061110q_row_bills_tx,q,3,FRED_BOGZ1FA263061110Q_row_bills_tx.csv,315,0.987461
q__bogz1fa263061110q_row_bills_tx__lag004,bogz1fa263061110q_row_bills_tx,q,4,FRED_BOGZ1FA263061110Q_row_bills_tx.csv,314,0.984326
q__bogz1fa263061110q_row_bills_tx__lag005,bogz1fa263061110q_row_bills_tx,q,5,FRED_BOGZ1FA263061110Q_row_bills_tx.csv,313,0.981191
q__bogz1fa263061110q_row_bills_tx__lag006,bogz1fa263061110q_row_bills_tx,q,6,FRED_BOGZ1FA263061110Q_row_bills_tx.csv,312,0.978056
q__bogz1fa263061110q_row_bills_tx__lag007,bogz1fa263061110q_row_bills_tx,q,7,FRED_BOGZ1FA263061110Q_row_bills_tx.csv,311,0.974922
q__bogz1fa263061110q_row_bills_tx__lag008,bogz1fa263061110q_row_bills_tx,q,8,FRED_BOGZ1FA263061110Q_row_bills_tx.csv,310,0.971787
q__bogz1fa263061130q_row_gov_tsy_tx__lag001,bogz1fa263061130q_row_gov_tsy_tx,q,1,FRED_BOGZ1FA263061130Q_row_gov_tsy_tx.csv,317,0.99373
q__bogz1fa263061130q_row_gov_tsy_tx__lag002,bogz1fa263061130q_row_gov_tsy_tx,q,2,FRED_BOGZ1FA263061130Q_row_gov_tsy_tx.csv,316,0.990596
q__bogz1fa263061130q_row_gov_tsy_tx__lag003,bogz1fa263061130q_row_gov_tsy_tx,q,3,FRED_BOGZ1FA263061130Q_row_gov_tsy_tx.csv,315,0.987461
q__bogz1fa263061130q_row_gov_tsy_tx__lag004,bogz1fa263061130q_row_gov_tsy_tx,q,4,FRED_BOGZ1FA263061130Q_row_gov_tsy_tx.csv,314,0.984326
q__bogz1fa263061130q_row_gov_tsy_tx__lag005,bogz1fa263061130q_row_gov_tsy_tx,q,5,FRED_BOGZ1FA263061130Q_row_gov_tsy_tx.csv,313,0.981191
q__bogz1fa263061130q_row_gov_tsy_tx__lag006,bogz1fa263061130q_row_gov_tsy_tx,q,6,FRED_BOGZ1FA263061130Q_row_gov_tsy_tx.csv,312,0.978056
q__bogz1fa263061130q_row_gov_tsy_tx__lag007,bogz1fa263061130q_row_gov_tsy_tx,q,7,FRED_BOGZ1FA263061130Q_row_gov_tsy_tx.csv,311,0.974922
q__bogz1fa263061130q_row_gov_tsy_tx__lag008,bogz1fa263061130q_row_gov_tsy_tx,q,8,FRED_BOGZ1FA263061130Q_row_gov_tsy_tx.csv,310,0.971787
q__bogz1fa263061145q_row_priv_tsy_tx__lag001,bogz1fa263061145q_row_priv_tsy_tx,q,1,FRED_BOGZ1FA263061145Q_row_priv_tsy_tx.csv,317,0.99373
q__bogz1fa263061145q_row_priv_tsy_tx__lag002,bogz1fa263061145q_row_priv_tsy_tx,q,2,FRED_BOGZ1FA263061145Q_row_priv_tsy_tx.csv,316,0.990596
q__bogz1fa263061145q_row_priv_tsy_tx__lag003,bogz1fa263061145q_row_priv_tsy_tx,q,3,FRED_BOGZ1FA263061145Q_row_priv_tsy_tx.csv,315,0.987461
q__bogz1fa263061145q_row_priv_tsy_tx__lag004,bogz1fa263061145q_row_priv_tsy_tx,q,4,FRED_BOGZ1FA263061145Q_row_priv_tsy_tx.csv,314,0.984326
q__bogz1fa263061145q_row_priv_tsy_tx__lag005,bogz1fa263061145q_row_priv_tsy_tx,q,5,FRED_BOGZ1FA263061145Q_row_priv_tsy_tx.csv,313,0.981191
q__bogz1fa263061145q_row_priv_tsy_tx__lag006,bogz1fa263061145q_row_priv_tsy_tx,q,6,FRED_BOGZ1FA263061145Q_row_priv_tsy_tx.csv,312,0.978056
q__bogz1fa263061145q_row_priv_tsy_tx__lag007,bogz1fa263061145q_row_priv_tsy_tx,q,7,FRED_BOGZ1FA263061145Q_row_priv_tsy_tx.csv,311,0.974922
q__bogz1fa263061145q_row_priv_tsy_tx__lag008,bogz1fa263061145q_row_priv_tsy_tx,q,8,FRED_BOGZ1FA263061145Q_row_priv_tsy_tx.csv,310,0.971787
q__bogz1fa313161105q_tsy_net_tx__lag001,bogz1fa313161105q_tsy_net_tx,q,1,FRED_BOGZ1FA313161105Q_tsy_net_tx.csv,317,0.99373
q__bogz1fa313161105q_tsy_net_tx__lag002,bogz1fa313161105q_tsy_net_tx,q,2,FRED_BOGZ1FA313161105Q_tsy_net_tx.csv,316,0.990596
q__bogz1fa313161105q_tsy_net_tx__lag003,bogz1fa313161105q_tsy_net_tx,q,3,FRED_BOGZ1FA313161105Q_tsy_net_tx.csv,315,0.987461
q__bogz1fa313161105q_tsy_net_tx__lag004,bogz1fa313161105q_tsy_net_tx,q,4,FRED_BOGZ1FA313161105Q_tsy_net_tx.csv,314,0.984326
q__bogz1fa313161105q_tsy_net_tx__lag005,bogz1fa313161105q_tsy_net_tx,q,5,FRED_BOGZ1FA313161105Q_tsy_net_tx.csv,313,0.981191
q__bogz1fa313161105q_tsy_net_tx__lag006,bogz1fa313161105q_tsy_net_tx,q,6,FRED_BOGZ1FA313161105Q_tsy_net_tx.csv,312,0.978056
q__bogz1fa313161105q_tsy_net_tx__lag007,bogz1fa313161105q_tsy_net_tx,q,7,FRED_BOGZ1FA313161105Q_tsy_net_tx.csv,311,0.974922
q__bogz1fa313161105q_tsy_net_tx__lag008,bogz1fa313161105q_tsy_net_tx,q,8,FRED_BOGZ1FA313161105Q_tsy_net_tx.csv,310,0.971787
q__bogz1fa313161110q_totalbills_z1_tx__lag001,bogz1fa313161110q_totalbills_z1_tx,q,1,FRED_BOGZ1FA313161110Q_totalbills_z1_tx.csv,317,0.99373
q__bogz1fa313161110q_totalbills_z1_tx__lag002,bogz1fa313161110q_totalbills_z1_tx,q,2,FRED_BOGZ1FA313161110Q_totalbills_z1_tx.csv,316,0.990596
q__bogz1fa313161110q_totalbills_z1_tx__lag003,bogz1fa313161110q_totalbills_z1_tx,q,3,FRED_BOGZ1FA313161110Q_totalbills_z1_tx.csv,315,0.987461
q__bogz1fa313161110q_totalbills_z1_tx__lag004,bogz1fa313161110q_totalbills_z1_tx,q,4,FRED_BOGZ1FA313161110Q_totalbills_z1_tx.csv,314,0.984326
q__bogz1fa313161110q_totalbills_z1_tx__lag005,bogz1fa313161110q_totalbills_z1_tx,q,5,FRED_BOGZ1FA313161110Q_totalbills_z1_tx.csv,313,0.981191
q__bogz1fa313161110q_totalbills_z1_tx__lag006,bogz1fa313161110q_totalbills_z1_tx,q,6,FRED_BOGZ1FA313161110Q_totalbills_z1_tx.csv,312,0.978056
q__bogz1fa313161110q_totalbills_z1_tx__lag007,bogz1fa313161110q_totalbills_z1_tx,q,7,FRED_BOGZ1FA313161110Q_totalbills_z1_tx.csv,311,0.974922
q__bogz1fa313161110q_totalbills_z1_tx__lag008,bogz1fa313161110q_totalbills_z1_tx,q,8,FRED_BOGZ1FA313161110Q_totalbills_z1_tx.csv,310,0.971787
q__bogz1fa313161305q_gov_nonmarketable_ts_tx__lag001,bogz1fa313161305q_gov_nonmarketable_ts_tx,q,1,FRED_BOGZ1FA313161305Q_Gov_Nonmarketable_ts_tx.csv,317,0.99373
q__bogz1fa313161305q_gov_nonmarketable_ts_tx__lag002,bogz1fa313161305q_gov_nonmarketable_ts_tx,q,2,FRED_BOGZ1FA313161305Q_Gov_Nonmarketable_ts_tx.csv,316,0.990596
q__bogz1fa313161305q_gov_nonmarketable_ts_tx__lag003,bogz1fa313161305q_gov_nonmarketable_ts_tx,q,3,FRED_BOGZ1FA313161305Q_Gov_Nonmarketable_ts_tx.csv,315,0.987461
q__bogz1fa313161305q_gov_nonmarketable_ts_tx__lag004,bogz1fa313161305q_gov_nonmarketable_ts_tx,q,4,FRED_BOGZ1FA313161305Q_Gov_Nonmarketable_ts_tx.csv,314,0.984326
q__bogz1fa313161305q_gov_nonmarketable_ts_tx__lag005,bogz1fa313161305q_gov_nonmarketable_ts_tx,q,5,FRED_BOGZ1FA313161305Q_Gov_Nonmarketable_ts_tx.csv,313,0.981191
q__bogz1fa313161305q_gov_nonmarketable_ts_tx__lag006,bogz1fa313161305q_gov_nonmarketable_ts_tx,q,6,FRED_BOGZ1FA313161305Q_Gov_Nonmarketable_ts_tx.csv,312,0.978056
q__bogz1fa313161305q_gov_nonmarketable_ts_tx__lag007,bogz1fa313161305q_gov_nonmarketable_ts_tx,q,7,FRED_BOGZ1FA313161305Q_Gov_Nonmarketable_ts_tx.csv,311,0.974922
q__bogz1fa313161305q_gov_nonmarketable_ts_tx__lag008,bogz1fa313161305q_gov_nonmarketable_ts_tx,q,8,FRED_BOGZ1FA313161305Q_Gov_Nonmarketable_ts_tx.csv,310,0.971787
q__bogz1fa343061105q_fed_gov_retirement_ts_tx__lag001,bogz1fa343061105q_fed_gov_retirement_ts_tx,q,1,FRED_BOGZ1FA343061105Q_Fed_Gov_Retirement_ts_tx.csv,317,0.99373
q__bogz1fa343061105q_fed_gov_retirement_ts_tx__lag002,bogz1fa343061105q_fed_gov_retirement_ts_tx,q,2,FRED_BOGZ1FA343061105Q_Fed_Gov_Retirement_ts_tx.csv,316,0.990596
q__bogz1fa343061105q_fed_gov_retirement_ts_tx__lag003,bogz1fa343061105q_fed_gov_retirement_ts_tx,q,3,FRED_BOGZ1FA343061105Q_Fed_Gov_Retirement_ts_tx.csv,315,0.987461
q__bogz1fa343061105q_fed_gov_retirement_ts_tx__lag004,bogz1fa343061105q_fed_gov_retirement_ts_tx,q,4,FRED_BOGZ1FA343061105Q_Fed_Gov_Retirement_ts_tx.csv,314,0.984326
q__bogz1fa343061105q_fed_gov_retirement_ts_tx__lag005,bogz1fa343061105q_fed_gov_retirement_ts_tx,q,5,FRED_BOGZ1FA343061105Q_Fed_Gov_Retirement_ts_tx.csv,313,0.981191
q__bogz1fa343061105q_fed_gov_retirement_ts_tx__lag006,bogz1fa343061105q_fed_gov_retirement_ts_tx,q,6,FRED_BOGZ1FA343061105Q_Fed_Gov_Retirement_ts_tx.csv,312,0.978056
q__bogz1fa343061105q_fed_gov_retirement_ts_tx__lag007,bogz1fa343061105q_fed_gov_retirement_ts_tx,q,7,FRED_BOGZ1FA343061105Q_Fed_Gov_Retirement_ts_tx.csv,311,0.974922
q__bogz1fa343061105q_fed_gov_retirement_ts_tx__lag008,bogz1fa343061105q_fed_gov_retirement_ts_tx,q,8,FRED_BOGZ1FA343061105Q_Fed_Gov_Retirement_ts_tx.csv,310,0.971787
q__bogz1fa343061113q_fed_gov_dcf_retirement_ts_tx__lag001,bogz1fa343061113q_fed_gov_dcf_retirement_ts_tx,q,1,FRED_BOGZ1FA343061113Q_Fed_Gov_DCF_Retirement_ts_tx.csv,317,0.99373
q__bogz1fa343061113q_fed_gov_dcf_retirement_ts_tx__lag002,bogz1fa343061113q_fed_gov_dcf_retirement_ts_tx,q,2,FRED_BOGZ1FA343061113Q_Fed_Gov_DCF_Retirement_ts_tx.csv,316,0.990596
q__bogz1fa343061113q_fed_gov_dcf_retirement_ts_tx__lag003,bogz1fa343061113q_fed_gov_dcf_retirement_ts_tx,q,3,FRED_BOGZ1FA343061113Q_Fed_Gov_DCF_Retirement_ts_tx.csv,315,0.987461
q__bogz1fa343061113q_fed_gov_dcf_retirement_ts_tx__lag004,bogz1fa343061113q_fed_gov_dcf_retirement_ts_tx,q,4,FRED_BOGZ1FA343061113Q_Fed_Gov_DCF_Retirement_ts_tx.csv,314,0.984326
q__bogz1fa343061113q_fed_gov_dcf_retirement_ts_tx__lag005,bogz1fa343061113q_fed_gov_dcf_retirement_ts_tx,q,5,FRED_BOGZ1FA343061113Q_Fed_Gov_DCF_Retirement_ts_tx.csv,313,0.981191
q__bogz1fa343061113q_fed_gov_dcf_retirement_ts_tx__lag006,bogz1fa343061113q_fed_gov_dcf_retirement_ts_tx,q,6,FRED_BOGZ1FA343061113Q_Fed_Gov_DCF_Retirement_ts_tx.csv,312,0.978056
q__bogz1fa343061113q_fed_gov_dcf_retirement_ts_tx__lag007,bogz1fa343061113q_fed_gov_dcf_retirement_ts_tx,q,7,FRED_BOGZ1FA343061113Q_Fed_Gov_DCF_Retirement_ts_tx.csv,311,0.974922
q__bogz1fa343061113q_fed_gov_dcf_retirement_ts_tx__lag008,bogz1fa343061113q_fed_gov_dcf_retirement_ts_tx,q,8,FRED_BOGZ1FA343061113Q_Fed_Gov_DCF_Retirement_ts_tx.csv,310,0.971787
q__bogz1fa343061123q_fed_gov_dcg_retirement_ts_tx__lag001,bogz1fa343061123q_fed_gov_dcg_retirement_ts_tx,q,1,FRED_BOGZ1FA343061123Q_Fed_Gov_DCG_Retirement_ts_tx.csv,317,0.99373
q__bogz1fa343061123q_fed_gov_dcg_retirement_ts_tx__lag002,bogz1fa343061123q_fed_gov_dcg_retirement_ts_tx,q,2,FRED_BOGZ1FA343061123Q_Fed_Gov_DCG_Retirement_ts_tx.csv,316,0.990596
q__bogz1fa343061123q_fed_gov_dcg_retirement_ts_tx__lag003,bogz1fa343061123q_fed_gov_dcg_retirement_ts_tx,q,3,FRED_BOGZ1FA343061123Q_Fed_Gov_DCG_Retirement_ts_tx.csv,315,0.987461
q__bogz1fa343061123q_fed_gov_dcg_retirement_ts_tx__lag004,bogz1fa343061123q_fed_gov_dcg_retirement_ts_tx,q,4,FRED_BOGZ1FA343061123Q_Fed_Gov_DCG_Retirement_ts_tx.csv,314,0.984326
q__bogz1fa343061123q_fed_gov_dcg_retirement_ts_tx__lag005,bogz1fa343061123q_fed_gov_dcg_retirement_ts_tx,q,5,FRED_BOGZ1FA343061123Q_Fed_Gov_DCG_Retirement_ts_tx.csv,313,0.981191
q__bogz1fa343061123q_fed_gov_dcg_retirement_ts_tx__lag006,bogz1fa343061123q_fed_gov_dcg_retirement_ts_tx,q,6,FRED_BOGZ1FA343061123Q_Fed_Gov_DCG_Retirement_ts_tx.csv,312,0.978056
q__bogz1fa343061123q_fed_gov_dcg_retirement_ts_tx__lag007,bogz1fa343061123q_fed_gov_dcg_retirement_ts_tx,q,7,FRED_BOGZ1FA343061123Q_Fed_Gov_DCG_Retirement_ts_tx.csv,311,0.974922
q__bogz1fa343061123q_fed_gov_dcg_retirement_ts_tx__lag008,bogz1fa343061123q_fed_gov_dcg_retirement_ts_tx,q,8,FRED_BOGZ1FA343061123Q_Fed_Gov_DCG_Retirement_ts_tx.csv,310,0.971787
q__bogz1fa343061165q_fed_gov_db_retirement_ts_tx__lag001,bogz1fa343061165q_fed_gov_db_retirement_ts_tx,q,1,FRED_BOGZ1FA343061165Q_Fed_Gov_DB_Retirement_ts_tx.csv,317,0.99373
q__bogz1fa343061165q_fed_gov_db_retirement_ts_tx__lag002,bogz1fa343061165q_fed_gov_db_retirement_ts_tx,q,2,FRED_BOGZ1FA343061165Q_Fed_Gov_DB_Retirement_ts_tx.csv,316,0.990596
q__bogz1fa343061165q_fed_gov_db_retirement_ts_tx__lag003,bogz1fa343061165q_fed_gov_db_retirement_ts_tx,q,3,FRED_BOGZ1FA343061165Q_Fed_Gov_DB_Retirement_ts_tx.csv,315,0.987461
q__bogz1fa343061165q_fed_gov_db_retirement_ts_tx__lag004,bogz1fa343061165q_fed_gov_db_retirement_ts_tx,q,4,FRED_BOGZ1FA343061165Q_Fed_Gov_DB_Retirement_ts_tx.csv,314,0.984326
q__bogz1fa343061165q_fed_gov_db_retirement_ts_tx__lag005,bogz1fa343061165q_fed_gov_db_retirement_ts_tx,q,5,FRED_BOGZ1FA343061165Q_Fed_Gov_DB_Retirement_ts_tx.csv,313,0.981191
q__bogz1fa343061165q_fed_gov_db_retirement_ts_tx__lag006,bogz1fa343061165q_fed_gov_db_retirement_ts_tx,q,6,FRED_BOGZ1FA343061165Q_Fed_Gov_DB_Retirement_ts_tx.csv,312,0.978056
q__bogz1fa343061165q_fed_gov_db_retirement_ts_tx__lag007,bogz1fa343061165q_fed_gov_db_retirement_ts_tx,q,7,FRED_BOGZ1FA343061165Q_Fed_Gov_DB_Retirement_ts_tx.csv,311,0.974922
q__bogz1fa343061165q_fed_gov_db_retirement_ts_tx__lag008,bogz1fa343061165q_fed_gov_db_retirement_ts_tx,q,8,FRED_BOGZ1FA343061165Q_Fed_Gov_DB_Retirement_ts_tx.csv,310,0.971787
q__bogz1fa383061105q_dom_nonfin_sector_tsy_tx__lag001,bogz1fa383061105q_dom_nonfin_sector_tsy_tx,q,1,FRED_BOGZ1FA383061105Q_dom_nonfin_sector_tsy_tx.csv,317,0.99373
q__bogz1fa383061105q_dom_nonfin_sector_tsy_tx__lag002,bogz1fa383061105q_dom_nonfin_sector_tsy_tx,q,2,FRED_BOGZ1FA383061105Q_dom_nonfin_sector_tsy_tx.csv,316,0.990596
q__bogz1fa383061105q_dom_nonfin_sector_tsy_tx__lag003,bogz1fa383061105q_dom_nonfin_sector_tsy_tx,q,3,FRED_BOGZ1FA383061105Q_dom_nonfin_sector_tsy_tx.csv,315,0.987461
q__bogz1fa383061105q_dom_nonfin_sector_tsy_tx__lag004,bogz1fa383061105q_dom_nonfin_sector_tsy_tx,q,4,FRED_BOGZ1FA383061105Q_dom_nonfin_sector_tsy_tx.csv,314,0.984326
q__bogz1fa383061105q_dom_nonfin_sector_tsy_tx__lag005,bogz1fa383061105q_dom_nonfin_sector_tsy_tx,q,5,FRED_BOGZ1FA383061105Q_dom_nonfin_sector_tsy_tx.csv,313,0.981191
q__bogz1fa383061105q_dom_nonfin_sector_tsy_tx__lag006,bogz1fa383061105q_dom_nonfin_sector_tsy_tx,q,6,FRED_BOGZ1FA383061105Q_dom_nonfin_sector_tsy_tx.csv,312,0.978056
q__bogz1fa383061105q_dom_nonfin_sector_tsy_tx__lag007,bogz1fa383061105q_dom_nonfin_sector_tsy_tx,q,7,FRED_BOGZ1FA383061105Q_dom_nonfin_sector_tsy_tx.csv,311,0.974922
q__bogz1fa383061105q_dom_nonfin_sector_tsy_tx__lag008,bogz1fa383061105q_dom_nonfin_sector_tsy_tx,q,8,FRED_BOGZ1FA383061105Q_dom_nonfin_sector_tsy_tx.csv,310,0.971787
q__bogz1fa403061105q_gses_ts_tx__lag001,bogz1fa403061105q_gses_ts_tx,q,1,FRED_BOGZ1FA403061105Q_GSEs_ts_tx.csv,317,0.99373
q__bogz1fa403061105q_gses_ts_tx__lag002,bogz1fa403061105q_gses_ts_tx,q,2,FRED_BOGZ1FA403061105Q_GSEs_ts_tx.csv,316,0.990596
q__bogz1fa403061105q_gses_ts_tx__lag003,bogz1fa403061105q_gses_ts_tx,q,3,FRED_BOGZ1FA403061105Q_GSEs_ts_tx.csv,315,0.987461
q__bogz1fa403061105q_gses_ts_tx__lag004,bogz1fa403061105q_gses_ts_tx,q,4,FRED_BOGZ1FA403061105Q_GSEs_ts_tx.csv,314,0.984326
q__bogz1fa403061105q_gses_ts_tx__lag005,bogz1fa403061105q_gses_ts_tx,q,5,FRED_BOGZ1FA403061105Q_GSEs_ts_tx.csv,313,0.981191
q__bogz1fa403061105q_gses_ts_tx__lag006,bogz1fa403061105q_gses_ts_tx,q,6,FRED_BOGZ1FA403061105Q_GSEs_ts_tx.csv,312,0.978056
q__bogz1fa403061105q_gses_ts_tx__lag007,bogz1fa403061105q_gses_ts_tx,q,7,FRED_BOGZ1FA403061105Q_GSEs_ts_tx.csv,311,0.974922
q__bogz1fa403061105q_gses_ts_tx__lag008,bogz1fa403061105q_gses_ts_tx,q,8,FRED_BOGZ1FA403061105Q_GSEs_ts_tx.csv,310,0.971787
q__bogz1fa473061105q_credit_unions_ts_tx__lag001,bogz1fa473061105q_credit_unions_ts_tx,q,1,FRED_BOGZ1FA473061105Q_Credit_Unions_ts_tx.csv,317,0.99373
q__bogz1fa473061105q_credit_unions_ts_tx__lag002,bogz1fa473061105q_credit_unions_ts_tx,q,2,FRED_BOGZ1FA473061105Q_Credit_Unions_ts_tx.csv,316,0.990596
q__bogz1fa473061105q_credit_unions_ts_tx__lag003,bogz1fa473061105q_credit_unions_ts_tx,q,3,FRED_BOGZ1FA473061105Q_Credit_Unions_ts_tx.csv,315,0.987461
q__bogz1fa473061105q_credit_unions_ts_tx__lag004,bogz1fa473061105q_credit_unions_ts_tx,q,4,FRED_BOGZ1FA473061105Q_Credit_Unions_ts_tx.csv,314,0.984326
q__bogz1fa473061105q_credit_unions_ts_tx__lag005,bogz1fa473061105q_credit_unions_ts_tx,q,5,FRED_BOGZ1FA473061105Q_Credit_Unions_ts_tx.csv,313,0.981191
q__bogz1fa473061105q_credit_unions_ts_tx__lag006,bogz1fa473061105q_credit_unions_ts_tx,q,6,FRED_BOGZ1FA473061105Q_Credit_Unions_ts_tx.csv,312,0.978056
q__bogz1fa473061105q_credit_unions_ts_tx__lag007,bogz1fa473061105q_credit_unions_ts_tx,q,7,FRED_BOGZ1FA473061105Q_Credit_Unions_ts_tx.csv,311,0.974922
q__bogz1fa473061105q_credit_unions_ts_tx__lag008,bogz1fa473061105q_credit_unions_ts_tx,q,8,FRED_BOGZ1FA473061105Q_Credit_Unions_ts_tx.csv,310,0.971787
q__bogz1fa503061123q_ccps_ts_tx__lag001,bogz1fa503061123q_ccps_ts_tx,q,1,FRED_BOGZ1FA503061123Q_CCPs_ts_tx.csv,317,0.99373
q__bogz1fa503061123q_ccps_ts_tx__lag002,bogz1fa503061123q_ccps_ts_tx,q,2,FRED_BOGZ1FA503061123Q_CCPs_ts_tx.csv,316,0.990596
q__bogz1fa503061123q_ccps_ts_tx__lag003,bogz1fa503061123q_ccps_ts_tx,q,3,FRED_BOGZ1FA503061123Q_CCPs_ts_tx.csv,315,0.987461
q__bogz1fa503061123q_ccps_ts_tx__lag004,bogz1fa503061123q_ccps_ts_tx,q,4,FRED_BOGZ1FA503061123Q_CCPs_ts_tx.csv,314,0.984326
q__bogz1fa503061123q_ccps_ts_tx__lag005,bogz1fa503061123q_ccps_ts_tx,q,5,FRED_BOGZ1FA503061123Q_CCPs_ts_tx.csv,313,0.981191
q__bogz1fa503061123q_ccps_ts_tx__lag006,bogz1fa503061123q_ccps_ts_tx,q,6,FRED_BOGZ1FA503061123Q_CCPs_ts_tx.csv,312,0.978056
q__bogz1fa503061123q_ccps_ts_tx__lag007,bogz1fa503061123q_ccps_ts_tx,q,7,FRED_BOGZ1FA503061123Q_CCPs_ts_tx.csv,311,0.974922
q__bogz1fa503061123q_ccps_ts_tx__lag008,bogz1fa503061123q_ccps_ts_tx,q,8,FRED_BOGZ1FA503061123Q_CCPs_ts_tx.csv,310,0.971787
q__bogz1fa513061105q_pc_insurance_ts_tx__lag001,bogz1fa513061105q_pc_insurance_ts_tx,q,1,FRED_BOGZ1FA513061105Q_PC_Insurance_ts_tx.csv,317,0.99373
q__bogz1fa513061105q_pc_insurance_ts_tx__lag002,bogz1fa513061105q_pc_insurance_ts_tx,q,2,FRED_BOGZ1FA513061105Q_PC_Insurance_ts_tx.csv,316,0.990596
q__bogz1fa513061105q_pc_insurance_ts_tx__lag003,bogz1fa513061105q_pc_insurance_ts_tx,q,3,FRED_BOGZ1FA513061105Q_PC_Insurance_ts_tx.csv,315,0.987461
q__bogz1fa513061105q_pc_insurance_ts_tx__lag004,bogz1fa513061105q_pc_insurance_ts_tx,q,4,FRED_BOGZ1FA513061105Q_PC_Insurance_ts_tx.csv,314,0.984326
q__bogz1fa513061105q_pc_insurance_ts_tx__lag005,bogz1fa513061105q_pc_insurance_ts_tx,q,5,FRED_BOGZ1FA513061105Q_PC_Insurance_ts_tx.csv,313,0.981191
q__bogz1fa513061105q_pc_insurance_ts_tx__lag006,bogz1fa513061105q_pc_insurance_ts_tx,q,6,FRED_BOGZ1FA513061105Q_PC_Insurance_ts_tx.csv,312,0.978056
q__bogz1fa513061105q_pc_insurance_ts_tx__lag007,bogz1fa513061105q_pc_insurance_ts_tx,q,7,FRED_BOGZ1FA513061105Q_PC_Insurance_ts_tx.csv,311,0.974922
q__bogz1fa513061105q_pc_insurance_ts_tx__lag008,bogz1fa513061105q_pc_insurance_ts_tx,q,8,FRED_BOGZ1FA513061105Q_PC_Insurance_ts_tx.csv,310,0.971787
q__bogz1fa513061113q_pci_bills_tx__lag001,bogz1fa513061113q_pci_bills_tx,q,1,FRED_BOGZ1FA513061113Q_pci_bills_tx.csv,317,0.99373
q__bogz1fa513061113q_pci_bills_tx__lag002,bogz1fa513061113q_pci_bills_tx,q,2,FRED_BOGZ1FA513061113Q_pci_bills_tx.csv,316,0.990596
q__bogz1fa513061113q_pci_bills_tx__lag003,bogz1fa513061113q_pci_bills_tx,q,3,FRED_BOGZ1FA513061113Q_pci_bills_tx.csv,315,0.987461
q__bogz1fa513061113q_pci_bills_tx__lag004,bogz1fa513061113q_pci_bills_tx,q,4,FRED_BOGZ1FA513061113Q_pci_bills_tx.csv,314,0.984326
q__bogz1fa513061113q_pci_bills_tx__lag005,bogz1fa513061113q_pci_bills_tx,q,5,FRED_BOGZ1FA513061113Q_pci_bills_tx.csv,313,0.981191
q__bogz1fa513061113q_pci_bills_tx__lag006,bogz1fa513061113q_pci_bills_tx,q,6,FRED_BOGZ1FA513061113Q_pci_bills_tx.csv,312,0.978056
q__bogz1fa513061113q_pci_bills_tx__lag007,bogz1fa513061113q_pci_bills_tx,q,7,FRED_BOGZ1FA513061113Q_pci_bills_tx.csv,311,0.974922
q__bogz1fa513061113q_pci_bills_tx__lag008,bogz1fa513061113q_pci_bills_tx,q,8,FRED_BOGZ1FA513061113Q_pci_bills_tx.csv,310,0.971787
q__bogz1fa543061175q_life_insurance_ts_tx__lag001,bogz1fa543061175q_life_insurance_ts_tx,q,1,FRED_BOGZ1FA543061175Q_Life_Insurance_ts_tx.csv,317,0.99373
q__bogz1fa543061175q_life_insurance_ts_tx__lag002,bogz1fa543061175q_life_insurance_ts_tx,q,2,FRED_BOGZ1FA543061175Q_Life_Insurance_ts_tx.csv,316,0.990596
q__bogz1fa543061175q_life_insurance_ts_tx__lag003,bogz1fa543061175q_life_insurance_ts_tx,q,3,FRED_BOGZ1FA543061175Q_Life_Insurance_ts_tx.csv,315,0.987461
q__bogz1fa543061175q_life_insurance_ts_tx__lag004,bogz1fa543061175q_life_insurance_ts_tx,q,4,FRED_BOGZ1FA543061175Q_Life_Insurance_ts_tx.csv,314,0.984326
q__bogz1fa543061175q_life_insurance_ts_tx__lag005,bogz1fa543061175q_life_insurance_ts_tx,q,5,FRED_BOGZ1FA543061175Q_Life_Insurance_ts_tx.csv,313,0.981191
q__bogz1fa543061175q_life_insurance_ts_tx__lag006,bogz1fa543061175q_life_insurance_ts_tx,q,6,FRED_BOGZ1FA543061175Q_Life_Insurance_ts_tx.csv,312,0.978056
q__bogz1fa543061175q_life_insurance_ts_tx__lag007,bogz1fa543061175q_life_insurance_ts_tx,q,7,FRED_BOGZ1FA543061175Q_Life_Insurance_ts_tx.csv,311,0.974922
q__bogz1fa543061175q_life_insurance_ts_tx__lag008,bogz1fa543061175q_life_insurance_ts_tx,q,8,FRED_BOGZ1FA543061175Q_Life_Insurance_ts_tx.csv,310,0.971787
q__bogz1fa543461113q_li_bills_tx__lag001,bogz1fa543461113q_li_bills_tx,q,1,FRED_BOGZ1FA543461113Q_li_bills_tx.csv,317,0.99373
q__bogz1fa543461113q_li_bills_tx__lag002,bogz1fa543461113q_li_bills_tx,q,2,FRED_BOGZ1FA543461113Q_li_bills_tx.csv,316,0.990596
q__bogz1fa543461113q_li_bills_tx__lag003,bogz1fa543461113q_li_bills_tx,q,3,FRED_BOGZ1FA543461113Q_li_bills_tx.csv,315,0.987461
q__bogz1fa543461113q_li_bills_tx__lag004,bogz1fa543461113q_li_bills_tx,q,4,FRED_BOGZ1FA543461113Q_li_bills_tx.csv,314,0.984326
q__bogz1fa543461113q_li_bills_tx__lag005,bogz1fa543461113q_li_bills_tx,q,5,FRED_BOGZ1FA543461113Q_li_bills_tx.csv,313,0.981191
q__bogz1fa543461113q_li_bills_tx__lag006,bogz1fa543461113q_li_bills_tx,q,6,FRED_BOGZ1FA543461113Q_li_bills_tx.csv,312,0.978056
q__bogz1fa543461113q_li_bills_tx__lag007,bogz1fa543461113q_li_bills_tx,q,7,FRED_BOGZ1FA543461113Q_li_bills_tx.csv,311,0.974922
q__bogz1fa543461113q_li_bills_tx__lag008,bogz1fa543461113q_li_bills_tx,q,8,FRED_BOGZ1FA543461113Q_li_bills_tx.csv,310,0.971787
q__bogz1fa553061103q_closed_end_funds_ts_tx__lag001,bogz1fa553061103q_closed_end_funds_ts_tx,q,1,FRED_BOGZ1FA553061103Q_Closed_End_Funds_ts_tx.csv,317,0.99373
q__bogz1fa553061103q_closed_end_funds_ts_tx__lag002,bogz1fa553061103q_closed_end_funds_ts_tx,q,2,FRED_BOGZ1FA553061103Q_Closed_End_Funds_ts_tx.csv,316,0.990596
q__bogz1fa553061103q_closed_end_funds_ts_tx__lag003,bogz1fa553061103q_closed_end_funds_ts_tx,q,3,FRED_BOGZ1FA553061103Q_Closed_End_Funds_ts_tx.csv,315,0.987461
q__bogz1fa553061103q_closed_end_funds_ts_tx__lag004,bogz1fa553061103q_closed_end_funds_ts_tx,q,4,FRED_BOGZ1FA553061103Q_Closed_End_Funds_ts_tx.csv,314,0.984326
q__bogz1fa553061103q_closed_end_funds_ts_tx__lag005,bogz1fa553061103q_closed_end_funds_ts_tx,q,5,FRED_BOGZ1FA553061103Q_Closed_End_Funds_ts_tx.csv,313,0.981191
q__bogz1fa553061103q_closed_end_funds_ts_tx__lag006,bogz1fa553061103q_closed_end_funds_ts_tx,q,6,FRED_BOGZ1FA553061103Q_Closed_End_Funds_ts_tx.csv,312,0.978056
q__bogz1fa553061103q_closed_end_funds_ts_tx__lag007,bogz1fa553061103q_closed_end_funds_ts_tx,q,7,FRED_BOGZ1FA553061103Q_Closed_End_Funds_ts_tx.csv,311,0.974922
q__bogz1fa553061103q_closed_end_funds_ts_tx__lag008,bogz1fa553061103q_closed_end_funds_ts_tx,q,8,FRED_BOGZ1FA553061103Q_Closed_End_Funds_ts_tx.csv,310,0.971787
q__bogz1fa563061103q_etfs_ts_tx__lag001,bogz1fa563061103q_etfs_ts_tx,q,1,FRED_BOGZ1FA563061103Q_ETFs_ts_tx.csv,317,0.99373
q__bogz1fa563061103q_etfs_ts_tx__lag002,bogz1fa563061103q_etfs_ts_tx,q,2,FRED_BOGZ1FA563061103Q_ETFs_ts_tx.csv,316,0.990596
q__bogz1fa563061103q_etfs_ts_tx__lag003,bogz1fa563061103q_etfs_ts_tx,q,3,FRED_BOGZ1FA563061103Q_ETFs_ts_tx.csv,315,0.987461
q__bogz1fa563061103q_etfs_ts_tx__lag004,bogz1fa563061103q_etfs_ts_tx,q,4,FRED_BOGZ1FA563061103Q_ETFs_ts_tx.csv,314,0.984326
q__bogz1fa563061103q_etfs_ts_tx__lag005,bogz1fa563061103q_etfs_ts_tx,q,5,FRED_BOGZ1FA563061103Q_ETFs_ts_tx.csv,313,0.981191
q__bogz1fa563061103q_etfs_ts_tx__lag006,bogz1fa563061103q_etfs_ts_tx,q,6,FRED_BOGZ1FA563061103Q_ETFs_ts_tx.csv,312,0.978056
q__bogz1fa563061103q_etfs_ts_tx__lag007,bogz1fa563061103q_etfs_ts_tx,q,7,FRED_BOGZ1FA563061103Q_ETFs_ts_tx.csv,311,0.974922
q__bogz1fa563061103q_etfs_ts_tx__lag008,bogz1fa563061103q_etfs_ts_tx,q,8,FRED_BOGZ1FA563061103Q_ETFs_ts_tx.csv,310,0.971787
q__bogz1fa573061105q_private_pension_ts_tx__lag001,bogz1fa573061105q_private_pension_ts_tx,q,1,FRED_BOGZ1FA573061105Q_Private_Pension_ts_tx.csv,317,0.99373
q__bogz1fa573061105q_private_pension_ts_tx__lag002,bogz1fa573061105q_private_pension_ts_tx,q,2,FRED_BOGZ1FA573061105Q_Private_Pension_ts_tx.csv,316,0.990596
q__bogz1fa573061105q_private_pension_ts_tx__lag003,bogz1fa573061105q_private_pension_ts_tx,q,3,FRED_BOGZ1FA573061105Q_Private_Pension_ts_tx.csv,315,0.987461
q__bogz1fa573061105q_private_pension_ts_tx__lag004,bogz1fa573061105q_private_pension_ts_tx,q,4,FRED_BOGZ1FA573061105Q_Private_Pension_ts_tx.csv,314,0.984326
q__bogz1fa573061105q_private_pension_ts_tx__lag005,bogz1fa573061105q_private_pension_ts_tx,q,5,FRED_BOGZ1FA573061105Q_Private_Pension_ts_tx.csv,313,0.981191
q__bogz1fa573061105q_private_pension_ts_tx__lag006,bogz1fa573061105q_private_pension_ts_tx,q,6,FRED_BOGZ1FA573061105Q_Private_Pension_ts_tx.csv,312,0.978056
q__bogz1fa573061105q_private_pension_ts_tx__lag007,bogz1fa573061105q_private_pension_ts_tx,q,7,FRED_BOGZ1FA573061105Q_Private_Pension_ts_tx.csv,311,0.974922
q__bogz1fa573061105q_private_pension_ts_tx__lag008,bogz1fa573061105q_private_pension_ts_tx,q,8,FRED_BOGZ1FA573061105Q_Private_Pension_ts_tx.csv,310,0.971787
q__bogz1fa573061133q_private_dc_pension_ts_tx__lag001,bogz1fa573061133q_private_dc_pension_ts_tx,q,1,FRED_BOGZ1FA573061133Q_Private_DC_Pension_ts_tx.csv,317,0.99373
q__bogz1fa573061133q_private_dc_pension_ts_tx__lag002,bogz1fa573061133q_private_dc_pension_ts_tx,q,2,FRED_BOGZ1FA573061133Q_Private_DC_Pension_ts_tx.csv,316,0.990596
q__bogz1fa573061133q_private_dc_pension_ts_tx__lag003,bogz1fa573061133q_private_dc_pension_ts_tx,q,3,FRED_BOGZ1FA573061133Q_Private_DC_Pension_ts_tx.csv,315,0.987461
q__bogz1fa573061133q_private_dc_pension_ts_tx__lag004,bogz1fa573061133q_private_dc_pension_ts_tx,q,4,FRED_BOGZ1FA573061133Q_Private_DC_Pension_ts_tx.csv,314,0.984326
q__bogz1fa573061133q_private_dc_pension_ts_tx__lag005,bogz1fa573061133q_private_dc_pension_ts_tx,q,5,FRED_BOGZ1FA573061133Q_Private_DC_Pension_ts_tx.csv,313,0.981191
q__bogz1fa573061133q_private_dc_pension_ts_tx__lag006,bogz1fa573061133q_private_dc_pension_ts_tx,q,6,FRED_BOGZ1FA573061133Q_Private_DC_Pension_ts_tx.csv,312,0.978056
q__bogz1fa573061133q_private_dc_pension_ts_tx__lag007,bogz1fa573061133q_private_dc_pension_ts_tx,q,7,FRED_BOGZ1FA573061133Q_Private_DC_Pension_ts_tx.csv,311,0.974922
q__bogz1fa573061133q_private_dc_pension_ts_tx__lag008,bogz1fa573061133q_private_dc_pension_ts_tx,q,8,FRED_BOGZ1FA573061133Q_Private_DC_Pension_ts_tx.csv,310,0.971787
q__bogz1fa573061143q_private_db_pension_ts_tx__lag001,bogz1fa573061143q_private_db_pension_ts_tx,q,1,FRED_BOGZ1FA573061143Q_Private_DB_Pension_ts_tx.csv,317,0.99373
q__bogz1fa573061143q_private_db_pension_ts_tx__lag002,bogz1fa573061143q_private_db_pension_ts_tx,q,2,FRED_BOGZ1FA573061143Q_Private_DB_Pension_ts_tx.csv,316,0.990596
q__bogz1fa573061143q_private_db_pension_ts_tx__lag003,bogz1fa573061143q_private_db_pension_ts_tx,q,3,FRED_BOGZ1FA573061143Q_Private_DB_Pension_ts_tx.csv,315,0.987461
q__bogz1fa573061143q_private_db_pension_ts_tx__lag004,bogz1fa573061143q_private_db_pension_ts_tx,q,4,FRED_BOGZ1FA573061143Q_Private_DB_Pension_ts_tx.csv,314,0.984326
q__bogz1fa573061143q_private_db_pension_ts_tx__lag005,bogz1fa573061143q_private_db_pension_ts_tx,q,5,FRED_BOGZ1FA573061143Q_Private_DB_Pension_ts_tx.csv,313,0.981191
q__bogz1fa573061143q_private_db_pension_ts_tx__lag006,bogz1fa573061143q_private_db_pension_ts_tx,q,6,FRED_BOGZ1FA573061143Q_Private_DB_Pension_ts_tx.csv,312,0.978056
q__bogz1fa573061143q_private_db_pension_ts_tx__lag007,bogz1fa573061143q_private_db_pension_ts_tx,q,7,FRED_BOGZ1FA573061143Q_Private_DB_Pension_ts_tx.csv,311,0.974922
q__bogz1fa573061143q_private_db_pension_ts_tx__lag008,bogz1fa573061143q_private_db_pension_ts_tx,q,8,FRED_BOGZ1FA573061143Q_Private_DB_Pension_ts_tx.csv,310,0.971787
q__bogz1fa593061105q_pension_ts_tx__lag001,bogz1fa593061105q_pension_ts_tx,q,1,FRED_BOGZ1FA593061105Q_pension_ts_tx.csv,317,0.99373
q__bogz1fa593061105q_pension_ts_tx__lag002,bogz1fa593061105q_pension_ts_tx,q,2,FRED_BOGZ1FA593061105Q_pension_ts_tx.csv,316,0.990596
q__bogz1fa593061105q_pension_ts_tx__lag003,bogz1fa593061105q_pension_ts_tx,q,3,FRED_BOGZ1FA593061105Q_pension_ts_tx.csv,315,0.987461
q__bogz1fa593061105q_pension_ts_tx__lag004,bogz1fa593061105q_pension_ts_tx,q,4,FRED_BOGZ1FA593061105Q_pension_ts_tx.csv,314,0.984326
q__bogz1fa593061105q_pension_ts_tx__lag005,bogz1fa593061105q_pension_ts_tx,q,5,FRED_BOGZ1FA593061105Q_pension_ts_tx.csv,313,0.981191
q__bogz1fa593061105q_pension_ts_tx__lag006,bogz1fa593061105q_pension_ts_tx,q,6,FRED_BOGZ1FA593061105Q_pension_ts_tx.csv,312,0.978056
q__bogz1fa593061105q_pension_ts_tx__lag007,bogz1fa593061105q_pension_ts_tx,q,7,FRED_BOGZ1FA593061105Q_pension_ts_tx.csv,311,0.974922
q__bogz1fa593061105q_pension_ts_tx__lag008,bogz1fa593061105q_pension_ts_tx,q,8,FRED_BOGZ1FA593061105Q_pension_ts_tx.csv,310,0.971787
q__bogz1fa633061105q_money_market_funds_ts_tx__lag001,bogz1fa633061105q_money_market_funds_ts_tx,q,1,FRED_BOGZ1FA633061105Q_Money_Market_Funds_ts_tx.csv,317,0.99373
q__bogz1fa633061105q_money_market_funds_ts_tx__lag002,bogz1fa633061105q_money_market_funds_ts_tx,q,2,FRED_BOGZ1FA633061105Q_Money_Market_Funds_ts_tx.csv,316,0.990596
q__bogz1fa633061105q_money_market_funds_ts_tx__lag003,bogz1fa633061105q_money_market_funds_ts_tx,q,3,FRED_BOGZ1FA633061105Q_Money_Market_Funds_ts_tx.csv,315,0.987461
q__bogz1fa633061105q_money_market_funds_ts_tx__lag004,bogz1fa633061105q_money_market_funds_ts_tx,q,4,FRED_BOGZ1FA633061105Q_Money_Market_Funds_ts_tx.csv,314,0.984326
q__bogz1fa633061105q_money_market_funds_ts_tx__lag005,bogz1fa633061105q_money_market_funds_ts_tx,q,5,FRED_BOGZ1FA633061105Q_Money_Market_Funds_ts_tx.csv,313,0.981191
q__bogz1fa633061105q_money_market_funds_ts_tx__lag006,bogz1fa633061105q_money_market_funds_ts_tx,q,6,FRED_BOGZ1FA633061105Q_Money_Market_Funds_ts_tx.csv,312,0.978056
q__bogz1fa633061105q_money_market_funds_ts_tx__lag007,bogz1fa633061105q_money_market_funds_ts_tx,q,7,FRED_BOGZ1FA633061105Q_Money_Market_Funds_ts_tx.csv,311,0.974922
q__bogz1fa633061105q_money_market_funds_ts_tx__lag008,bogz1fa633061105q_money_market_funds_ts_tx,q,8,FRED_BOGZ1FA633061105Q_Money_Market_Funds_ts_tx.csv,310,0.971787
q__bogz1fa633061110q_mmf_bills_tx__lag001,bogz1fa633061110q_mmf_bills_tx,q,1,FRED_BOGZ1FA633061110Q_mmf_bills_tx.csv,317,0.99373
q__bogz1fa633061110q_mmf_bills_tx__lag002,bogz1fa633061110q_mmf_bills_tx,q,2,FRED_BOGZ1FA633061110Q_mmf_bills_tx.csv,316,0.990596
q__bogz1fa633061110q_mmf_bills_tx__lag003,bogz1fa633061110q_mmf_bills_tx,q,3,FRED_BOGZ1FA633061110Q_mmf_bills_tx.csv,315,0.987461
q__bogz1fa633061110q_mmf_bills_tx__lag004,bogz1fa633061110q_mmf_bills_tx,q,4,FRED_BOGZ1FA633061110Q_mmf_bills_tx.csv,314,0.984326
q__bogz1fa633061110q_mmf_bills_tx__lag005,bogz1fa633061110q_mmf_bills_tx,q,5,FRED_BOGZ1FA633061110Q_mmf_bills_tx.csv,313,0.981191
q__bogz1fa633061110q_mmf_bills_tx__lag006,bogz1fa633061110q_mmf_bills_tx,q,6,FRED_BOGZ1FA633061110Q_mmf_bills_tx.csv,312,0.978056
q__bogz1fa633061110q_mmf_bills_tx__lag007,bogz1fa633061110q_mmf_bills_tx,q,7,FRED_BOGZ1FA633061110Q_mmf_bills_tx.csv,311,0.974922
q__bogz1fa633061110q_mmf_bills_tx__lag008,bogz1fa633061110q_mmf_bills_tx,q,8,FRED_BOGZ1FA633061110Q_mmf_bills_tx.csv,310,0.971787
q__bogz1fa653061105q_mutual_funds_ts_tx__lag001,bogz1fa653061105q_mutual_funds_ts_tx,q,1,FRED_BOGZ1FA653061105Q_Mutual_Funds_ts_tx.csv,317,0.99373
q__bogz1fa653061105q_mutual_funds_ts_tx__lag002,bogz1fa653061105q_mutual_funds_ts_tx,q,2,FRED_BOGZ1FA653061105Q_Mutual_Funds_ts_tx.csv,316,0.990596
q__bogz1fa653061105q_mutual_funds_ts_tx__lag003,bogz1fa653061105q_mutual_funds_ts_tx,q,3,FRED_BOGZ1FA653061105Q_Mutual_Funds_ts_tx.csv,315,0.987461
q__bogz1fa653061105q_mutual_funds_ts_tx__lag004,bogz1fa653061105q_mutual_funds_ts_tx,q,4,FRED_BOGZ1FA653061105Q_Mutual_Funds_ts_tx.csv,314,0.984326
q__bogz1fa653061105q_mutual_funds_ts_tx__lag005,bogz1fa653061105q_mutual_funds_ts_tx,q,5,FRED_BOGZ1FA653061105Q_Mutual_Funds_ts_tx.csv,313,0.981191
q__bogz1fa653061105q_mutual_funds_ts_tx__lag006,bogz1fa653061105q_mutual_funds_ts_tx,q,6,FRED_BOGZ1FA653061105Q_Mutual_Funds_ts_tx.csv,312,0.978056
q__bogz1fa653061105q_mutual_funds_ts_tx__lag007,bogz1fa653061105q_mutual_funds_ts_tx,q,7,FRED_BOGZ1FA653061105Q_Mutual_Funds_ts_tx.csv,311,0.974922
q__bogz1fa653061105q_mutual_funds_ts_tx__lag008,bogz1fa653061105q_mutual_funds_ts_tx,q,8,FRED_BOGZ1FA653061105Q_Mutual_Funds_ts_tx.csv,310,0.971787
q__bogz1fa653061113q_mutf_bills_tx__lag001,bogz1fa653061113q_mutf_bills_tx,q,1,FRED_BOGZ1FA653061113Q_mutf_bills_tx.csv,317,0.99373
q__bogz1fa653061113q_mutf_bills_tx__lag002,bogz1fa653061113q_mutf_bills_tx,q,2,FRED_BOGZ1FA653061113Q_mutf_bills_tx.csv,316,0.990596
q__bogz1fa653061113q_mutf_bills_tx__lag003,bogz1fa653061113q_mutf_bills_tx,q,3,FRED_BOGZ1FA653061113Q_mutf_bills_tx.csv,315,0.987461
q__bogz1fa653061113q_mutf_bills_tx__lag004,bogz1fa653061113q_mutf_bills_tx,q,4,FRED_BOGZ1FA653061113Q_mutf_bills_tx.csv,314,0.984326
q__bogz1fa653061113q_mutf_bills_tx__lag005,bogz1fa653061113q_mutf_bills_tx,q,5,FRED_BOGZ1FA653061113Q_mutf_bills_tx.csv,313,0.981191
q__bogz1fa653061113q_mutf_bills_tx__lag006,bogz1fa653061113q_mutf_bills_tx,q,6,FRED_BOGZ1FA653061113Q_mutf_bills_tx.csv,312,0.978056
q__bogz1fa653061113q_mutf_bills_tx__lag007,bogz1fa653061113q_mutf_bills_tx,q,7,FRED_BOGZ1FA653061113Q_mutf_bills_tx.csv,311,0.974922
q__bogz1fa653061113q_mutf_bills_tx__lag008,bogz1fa653061113q_mutf_bills_tx,q,8,FRED_BOGZ1FA653061113Q_mutf_bills_tx.csv,310,0.971787
q__bogz1fa663061165q_brokers_dealers_long_ts_tx__lag001,bogz1fa663061165q_brokers_dealers_long_ts_tx,q,1,FRED_BOGZ1FA663061165Q_Brokers_Dealers_long_ts_tx.csv,317,0.99373
q__bogz1fa663061165q_brokers_dealers_long_ts_tx__lag002,bogz1fa663061165q_brokers_dealers_long_ts_tx,q,2,FRED_BOGZ1FA663061165Q_Brokers_Dealers_long_ts_tx.csv,316,0.990596
q__bogz1fa663061165q_brokers_dealers_long_ts_tx__lag003,bogz1fa663061165q_brokers_dealers_long_ts_tx,q,3,FRED_BOGZ1FA663061165Q_Brokers_Dealers_long_ts_tx.csv,315,0.987461
q__bogz1fa663061165q_brokers_dealers_long_ts_tx__lag004,bogz1fa663061165q_brokers_dealers_long_ts_tx,q,4,FRED_BOGZ1FA663061165Q_Brokers_Dealers_long_ts_tx.csv,314,0.984326
q__bogz1fa663061165q_brokers_dealers_long_ts_tx__lag005,bogz1fa663061165q_brokers_dealers_long_ts_tx,q,5,FRED_BOGZ1FA663061165Q_Brokers_Dealers_long_ts_tx.csv,313,0.981191
q__bogz1fa663061165q_brokers_dealers_long_ts_tx__lag006,bogz1fa663061165q_brokers_dealers_long_ts_tx,q,6,FRED_BOGZ1FA663061165Q_Brokers_Dealers_long_ts_tx.csv,312,0.978056
q__bogz1fa663061165q_brokers_dealers_long_ts_tx__lag007,bogz1fa663061165q_brokers_dealers_long_ts_tx,q,7,FRED_BOGZ1FA663061165Q_Brokers_Dealers_long_ts_tx.csv,311,0.974922
q__bogz1fa663061165q_brokers_dealers_long_ts_tx__lag008,bogz1fa663061165q_brokers_dealers_long_ts_tx,q,8,FRED_BOGZ1FA663061165Q_Brokers_Dealers_long_ts_tx.csv,310,0.971787
q__bogz1fa673061103q_abs_issuers_ts_tx__lag001,bogz1fa673061103q_abs_issuers_ts_tx,q,1,FRED_BOGZ1FA673061103Q_ABS_Issuers_ts_tx.csv,317,0.99373
q__bogz1fa673061103q_abs_issuers_ts_tx__lag002,bogz1fa673061103q_abs_issuers_ts_tx,q,2,FRED_BOGZ1FA673061103Q_ABS_Issuers_ts_tx.csv,316,0.990596
q__bogz1fa673061103q_abs_issuers_ts_tx__lag003,bogz1fa673061103q_abs_issuers_ts_tx,q,3,FRED_BOGZ1FA673061103Q_ABS_Issuers_ts_tx.csv,315,0.987461
q__bogz1fa673061103q_abs_issuers_ts_tx__lag004,bogz1fa673061103q_abs_issuers_ts_tx,q,4,FRED_BOGZ1FA673061103Q_ABS_Issuers_ts_tx.csv,314,0.984326
q__bogz1fa673061103q_abs_issuers_ts_tx__lag005,bogz1fa673061103q_abs_issuers_ts_tx,q,5,FRED_BOGZ1FA673061103Q_ABS_Issuers_ts_tx.csv,313,0.981191
q__bogz1fa673061103q_abs_issuers_ts_tx__lag006,bogz1fa673061103q_abs_issuers_ts_tx,q,6,FRED_BOGZ1FA673061103Q_ABS_Issuers_ts_tx.csv,312,0.978056
q__bogz1fa673061103q_abs_issuers_ts_tx__lag007,bogz1fa673061103q_abs_issuers_ts_tx,q,7,FRED_BOGZ1FA673061103Q_ABS_Issuers_ts_tx.csv,311,0.974922
q__bogz1fa673061103q_abs_issuers_ts_tx__lag008,bogz1fa673061103q_abs_issuers_ts_tx,q,8,FRED_BOGZ1FA673061103Q_ABS_Issuers_ts_tx.csv,310,0.971787
q__bogz1fa693061105q_nonmmf_ts_tx__lag001,bogz1fa693061105q_nonmmf_ts_tx,q,1,FRED_BOGZ1FA693061105Q_nonmmf_ts_tx.csv,317,0.99373
q__bogz1fa693061105q_nonmmf_ts_tx__lag002,bogz1fa693061105q_nonmmf_ts_tx,q,2,FRED_BOGZ1FA693061105Q_nonmmf_ts_tx.csv,316,0.990596
q__bogz1fa693061105q_nonmmf_ts_tx__lag003,bogz1fa693061105q_nonmmf_ts_tx,q,3,FRED_BOGZ1FA693061105Q_nonmmf_ts_tx.csv,315,0.987461
q__bogz1fa693061105q_nonmmf_ts_tx__lag004,bogz1fa693061105q_nonmmf_ts_tx,q,4,FRED_BOGZ1FA693061105Q_nonmmf_ts_tx.csv,314,0.984326
q__bogz1fa693061105q_nonmmf_ts_tx__lag005,bogz1fa693061105q_nonmmf_ts_tx,q,5,FRED_BOGZ1FA693061105Q_nonmmf_ts_tx.csv,313,0.981191
q__bogz1fa693061105q_nonmmf_ts_tx__lag006,bogz1fa693061105q_nonmmf_ts_tx,q,6,FRED_BOGZ1FA693061105Q_nonmmf_ts_tx.csv,312,0.978056
q__bogz1fa693061105q_nonmmf_ts_tx__lag007,bogz1fa693061105q_nonmmf_ts_tx,q,7,FRED_BOGZ1FA693061105Q_nonmmf_ts_tx.csv,311,0.974922
q__bogz1fa693061105q_nonmmf_ts_tx__lag008,bogz1fa693061105q_nonmmf_ts_tx,q,8,FRED_BOGZ1FA693061105Q_nonmmf_ts_tx.csv,310,0.971787
q__bogz1fa693061105q_nonmmmf_ts_tx__lag001,bogz1fa693061105q_nonmmmf_ts_tx,q,1,FRED_BOGZ1FA693061105Q_nonmmmf_ts_tx.csv,317,0.99373
q__bogz1fa693061105q_nonmmmf_ts_tx__lag002,bogz1fa693061105q_nonmmmf_ts_tx,q,2,FRED_BOGZ1FA693061105Q_nonmmmf_ts_tx.csv,316,0.990596
q__bogz1fa693061105q_nonmmmf_ts_tx__lag003,bogz1fa693061105q_nonmmmf_ts_tx,q,3,FRED_BOGZ1FA693061105Q_nonmmmf_ts_tx.csv,315,0.987461
q__bogz1fa693061105q_nonmmmf_ts_tx__lag004,bogz1fa693061105q_nonmmmf_ts_tx,q,4,FRED_BOGZ1FA693061105Q_nonmmmf_ts_tx.csv,314,0.984326
q__bogz1fa693061105q_nonmmmf_ts_tx__lag005,bogz1fa693061105q_nonmmmf_ts_tx,q,5,FRED_BOGZ1FA693061105Q_nonmmmf_ts_tx.csv,313,0.981191
q__bogz1fa693061105q_nonmmmf_ts_tx__lag006,bogz1fa693061105q_nonmmmf_ts_tx,q,6,FRED_BOGZ1FA693061105Q_nonmmmf_ts_tx.csv,312,0.978056
q__bogz1fa693061105q_nonmmmf_ts_tx__lag007,bogz1fa693061105q_nonmmmf_ts_tx,q,7,FRED_BOGZ1FA693061105Q_nonmmmf_ts_tx.csv,311,0.974922
q__bogz1fa693061105q_nonmmmf_ts_tx__lag008,bogz1fa693061105q_nonmmmf_ts_tx,q,8,FRED_BOGZ1FA693061105Q_nonmmmf_ts_tx.csv,310,0.971787
q__bogz1fa713061103q_cb_tsy_tx__lag001,bogz1fa713061103q_cb_tsy_tx,q,1,FRED_BOGZ1FA713061103Q_cb_tsy_tx.csv,317,0.99373
q__bogz1fa713061103q_cb_tsy_tx__lag002,bogz1fa713061103q_cb_tsy_tx,q,2,FRED_BOGZ1FA713061103Q_cb_tsy_tx.csv,316,0.990596
q__bogz1fa713061103q_cb_tsy_tx__lag003,bogz1fa713061103q_cb_tsy_tx,q,3,FRED_BOGZ1FA713061103Q_cb_tsy_tx.csv,315,0.987461
q__bogz1fa713061103q_cb_tsy_tx__lag004,bogz1fa713061103q_cb_tsy_tx,q,4,FRED_BOGZ1FA713061103Q_cb_tsy_tx.csv,314,0.984326
q__bogz1fa713061103q_cb_tsy_tx__lag005,bogz1fa713061103q_cb_tsy_tx,q,5,FRED_BOGZ1FA713061103Q_cb_tsy_tx.csv,313,0.981191
q__bogz1fa713061103q_cb_tsy_tx__lag006,bogz1fa713061103q_cb_tsy_tx,q,6,FRED_BOGZ1FA713061103Q_cb_tsy_tx.csv,312,0.978056
q__bogz1fa713061103q_cb_tsy_tx__lag007,bogz1fa713061103q_cb_tsy_tx,q,7,FRED_BOGZ1FA713061103Q_cb_tsy_tx.csv,311,0.974922
q__bogz1fa713061103q_cb_tsy_tx__lag008,bogz1fa713061103q_cb_tsy_tx,q,8,FRED_BOGZ1FA713061103Q_cb_tsy_tx.csv,310,0.971787
q__bogz1fa713061113q_cb_bills_tx__lag001,bogz1fa713061113q_cb_bills_tx,q,1,FRED_BOGZ1FA713061113Q_cb_bills_tx.csv,317,0.99373
q__bogz1fa713061113q_cb_bills_tx__lag002,bogz1fa713061113q_cb_bills_tx,q,2,FRED_BOGZ1FA713061113Q_cb_bills_tx.csv,316,0.990596
q__bogz1fa713061113q_cb_bills_tx__lag003,bogz1fa713061113q_cb_bills_tx,q,3,FRED_BOGZ1FA713061113Q_cb_bills_tx.csv,315,0.987461
q__bogz1fa713061113q_cb_bills_tx__lag004,bogz1fa713061113q_cb_bills_tx,q,4,FRED_BOGZ1FA713061113Q_cb_bills_tx.csv,314,0.984326
q__bogz1fa713061113q_cb_bills_tx__lag005,bogz1fa713061113q_cb_bills_tx,q,5,FRED_BOGZ1FA713061113Q_cb_bills_tx.csv,313,0.981191
q__bogz1fa713061113q_cb_bills_tx__lag006,bogz1fa713061113q_cb_bills_tx,q,6,FRED_BOGZ1FA713061113Q_cb_bills_tx.csv,312,0.978056
q__bogz1fa713061113q_cb_bills_tx__lag007,bogz1fa713061113q_cb_bills_tx,q,7,FRED_BOGZ1FA713061113Q_cb_bills_tx.csv,311,0.974922
q__bogz1fa713061113q_cb_bills_tx__lag008,bogz1fa713061113q_cb_bills_tx,q,8,FRED_BOGZ1FA713061113Q_cb_bills_tx.csv,310,0.971787
q__bogz1fa713068703q_fed_dw_tx__lag001,bogz1fa713068703q_fed_dw_tx,q,1,FRED_BOGZ1FA713068703Q_fed_dw_tx.csv,317,0.99373
q__bogz1fa713068703q_fed_dw_tx__lag002,bogz1fa713068703q_fed_dw_tx,q,2,FRED_BOGZ1FA713068703Q_fed_dw_tx.csv,316,0.990596
q__bogz1fa713068703q_fed_dw_tx__lag003,bogz1fa713068703q_fed_dw_tx,q,3,FRED_BOGZ1FA713068703Q_fed_dw_tx.csv,315,0.987461
q__bogz1fa713068703q_fed_dw_tx__lag004,bogz1fa713068703q_fed_dw_tx,q,4,FRED_BOGZ1FA713068703Q_fed_dw_tx.csv,314,0.984326
q__bogz1fa713068703q_fed_dw_tx__lag005,bogz1fa713068703q_fed_dw_tx,q,5,FRED_BOGZ1FA713068703Q_fed_dw_tx.csv,313,0.981191
q__bogz1fa713068703q_fed_dw_tx__lag006,bogz1fa713068703q_fed_dw_tx,q,6,FRED_BOGZ1FA713068703Q_fed_dw_tx.csv,312,0.978056
q__bogz1fa713068703q_fed_dw_tx__lag007,bogz1fa713068703q_fed_dw_tx,q,7,FRED_BOGZ1FA713068703Q_fed_dw_tx.csv,311,0.974922
q__bogz1fa713068703q_fed_dw_tx__lag008,bogz1fa713068703q_fed_dw_tx,q,8,FRED_BOGZ1FA713068703Q_fed_dw_tx.csv,310,0.971787
q__bogz1fa733061103q_holding_companies_ts_tx__lag001,bogz1fa733061103q_holding_companies_ts_tx,q,1,FRED_BOGZ1FA733061103Q_Holding_Companies_ts_tx.csv,317,0.99373
q__bogz1fa733061103q_holding_companies_ts_tx__lag002,bogz1fa733061103q_holding_companies_ts_tx,q,2,FRED_BOGZ1FA733061103Q_Holding_Companies_ts_tx.csv,316,0.990596
q__bogz1fa733061103q_holding_companies_ts_tx__lag003,bogz1fa733061103q_holding_companies_ts_tx,q,3,FRED_BOGZ1FA733061103Q_Holding_Companies_ts_tx.csv,315,0.987461
q__bogz1fa733061103q_holding_companies_ts_tx__lag004,bogz1fa733061103q_holding_companies_ts_tx,q,4,FRED_BOGZ1FA733061103Q_Holding_Companies_ts_tx.csv,314,0.984326
q__bogz1fa733061103q_holding_companies_ts_tx__lag005,bogz1fa733061103q_holding_companies_ts_tx,q,5,FRED_BOGZ1FA733061103Q_Holding_Companies_ts_tx.csv,313,0.981191
q__bogz1fa733061103q_holding_companies_ts_tx__lag006,bogz1fa733061103q_holding_companies_ts_tx,q,6,FRED_BOGZ1FA733061103Q_Holding_Companies_ts_tx.csv,312,0.978056
q__bogz1fa733061103q_holding_companies_ts_tx__lag007,bogz1fa733061103q_holding_companies_ts_tx,q,7,FRED_BOGZ1FA733061103Q_Holding_Companies_ts_tx.csv,311,0.974922
q__bogz1fa733061103q_holding_companies_ts_tx__lag008,bogz1fa733061103q_holding_companies_ts_tx,q,8,FRED_BOGZ1FA733061103Q_Holding_Companies_ts_tx.csv,310,0.971787
q__bogz1fa743061103q_usb_tsy_dom_tx__lag001,bogz1fa743061103q_usb_tsy_dom_tx,q,1,FRED_BOGZ1FA743061103Q_usb_tsy_dom_tx.csv,317,0.99373
q__bogz1fa743061103q_usb_tsy_dom_tx__lag002,bogz1fa743061103q_usb_tsy_dom_tx,q,2,FRED_BOGZ1FA743061103Q_usb_tsy_dom_tx.csv,316,0.990596
q__bogz1fa743061103q_usb_tsy_dom_tx__lag003,bogz1fa743061103q_usb_tsy_dom_tx,q,3,FRED_BOGZ1FA743061103Q_usb_tsy_dom_tx.csv,315,0.987461
q__bogz1fa743061103q_usb_tsy_dom_tx__lag004,bogz1fa743061103q_usb_tsy_dom_tx,q,4,FRED_BOGZ1FA743061103Q_usb_tsy_dom_tx.csv,314,0.984326
q__bogz1fa743061103q_usb_tsy_dom_tx__lag005,bogz1fa743061103q_usb_tsy_dom_tx,q,5,FRED_BOGZ1FA743061103Q_usb_tsy_dom_tx.csv,313,0.981191
q__bogz1fa743061103q_usb_tsy_dom_tx__lag006,bogz1fa743061103q_usb_tsy_dom_tx,q,6,FRED_BOGZ1FA743061103Q_usb_tsy_dom_tx.csv,312,0.978056
q__bogz1fa743061103q_usb_tsy_dom_tx__lag007,bogz1fa743061103q_usb_tsy_dom_tx,q,7,FRED_BOGZ1FA743061103Q_usb_tsy_dom_tx.csv,311,0.974922
q__bogz1fa743061103q_usb_tsy_dom_tx__lag008,bogz1fa743061103q_usb_tsy_dom_tx,q,8,FRED_BOGZ1FA743061103Q_usb_tsy_dom_tx.csv,310,0.971787
q__bogz1fa753061103q_usb_tsy_for_tx__lag001,bogz1fa753061103q_usb_tsy_for_tx,q,1,FRED_BOGZ1FA753061103Q_usb_tsy_for_tx.csv,317,0.99373
q__bogz1fa753061103q_usb_tsy_for_tx__lag002,bogz1fa753061103q_usb_tsy_for_tx,q,2,FRED_BOGZ1FA753061103Q_usb_tsy_for_tx.csv,316,0.990596
q__bogz1fa753061103q_usb_tsy_for_tx__lag003,bogz1fa753061103q_usb_tsy_for_tx,q,3,FRED_BOGZ1FA753061103Q_usb_tsy_for_tx.csv,315,0.987461
q__bogz1fa753061103q_usb_tsy_for_tx__lag004,bogz1fa753061103q_usb_tsy_for_tx,q,4,FRED_BOGZ1FA753061103Q_usb_tsy_for_tx.csv,314,0.984326
q__bogz1fa753061103q_usb_tsy_for_tx__lag005,bogz1fa753061103q_usb_tsy_for_tx,q,5,FRED_BOGZ1FA753061103Q_usb_tsy_for_tx.csv,313,0.981191
q__bogz1fa753061103q_usb_tsy_for_tx__lag006,bogz1fa753061103q_usb_tsy_for_tx,q,6,FRED_BOGZ1FA753061103Q_usb_tsy_for_tx.csv,312,0.978056
q__bogz1fa753061103q_usb_tsy_for_tx__lag007,bogz1fa753061103q_usb_tsy_for_tx,q,7,FRED_BOGZ1FA753061103Q_usb_tsy_for_tx.csv,311,0.974922
q__bogz1fa753061103q_usb_tsy_for_tx__lag008,bogz1fa753061103q_usb_tsy_for_tx,q,8,FRED_BOGZ1FA753061103Q_usb_tsy_for_tx.csv,310,0.971787
q__bogz1fa763061100q_usb_tsy_oth_tx__lag001,bogz1fa763061100q_usb_tsy_oth_tx,q,1,FRED_BOGZ1FA763061100Q_usb_tsy_oth_tx.csv,317,0.99373
q__bogz1fa763061100q_usb_tsy_oth_tx__lag002,bogz1fa763061100q_usb_tsy_oth_tx,q,2,FRED_BOGZ1FA763061100Q_usb_tsy_oth_tx.csv,316,0.990596
q__bogz1fa763061100q_usb_tsy_oth_tx__lag003,bogz1fa763061100q_usb_tsy_oth_tx,q,3,FRED_BOGZ1FA763061100Q_usb_tsy_oth_tx.csv,315,0.987461
q__bogz1fa763061100q_usb_tsy_oth_tx__lag004,bogz1fa763061100q_usb_tsy_oth_tx,q,4,FRED_BOGZ1FA763061100Q_usb_tsy_oth_tx.csv,314,0.984326
q__bogz1fa763061100q_usb_tsy_oth_tx__lag005,bogz1fa763061100q_usb_tsy_oth_tx,q,5,FRED_BOGZ1FA763061100Q_usb_tsy_oth_tx.csv,313,0.981191
q__bogz1fa763061100q_usb_tsy_oth_tx__lag006,bogz1fa763061100q_usb_tsy_oth_tx,q,6,FRED_BOGZ1FA763061100Q_usb_tsy_oth_tx.csv,312,0.978056
q__bogz1fa763061100q_usb_tsy_oth_tx__lag007,bogz1fa763061100q_usb_tsy_oth_tx,q,7,FRED_BOGZ1FA763061100Q_usb_tsy_oth_tx.csv,311,0.974922
q__bogz1fa763061100q_usb_tsy_oth_tx__lag008,bogz1fa763061100q_usb_tsy_oth_tx,q,8,FRED_BOGZ1FA763061100Q_usb_tsy_oth_tx.csv,310,0.971787
q__bogz1fl073164013q_dj_index__lag001,bogz1fl073164013q_dj_index,q,1,FRED_BOGZ1FL073164013Q_dj_index.csv,221,0.69279
q__bogz1fl073164013q_dj_index__lag002,bogz1fl073164013q_dj_index,q,2,FRED_BOGZ1FL073164013Q_dj_index.csv,220,0.689655
q__bogz1fl073164013q_dj_index__lag003,bogz1fl073164013q_dj_index,q,3,FRED_BOGZ1FL073164013Q_dj_index.csv,219,0.68652
q__bogz1fl073164013q_dj_index__lag004,bogz1fl073164013q_dj_index,q,4,FRED_BOGZ1FL073164013Q_dj_index.csv,218,0.683386
q__bogz1fl073164013q_dj_index__lag005,bogz1fl073164013q_dj_index,q,5,FRED_BOGZ1FL073164013Q_dj_index.csv,217,0.680251
q__bogz1fl073164013q_dj_index__lag006,bogz1fl073164013q_dj_index,q,6,FRED_BOGZ1FL073164013Q_dj_index.csv,216,0.677116
q__bogz1fl073164013q_dj_index__lag007,bogz1fl073164013q_dj_index,q,7,FRED_BOGZ1FL073164013Q_dj_index.csv,215,0.673981
q__bogz1fl073164013q_dj_index__lag008,bogz1fl073164013q_dj_index,q,8,FRED_BOGZ1FL073164013Q_dj_index.csv,214,0.670846
q__bogz1fl262051003q_row_rrp__lag001,bogz1fl262051003q_row_rrp,q,1,FRED_BOGZ1FL262051003Q_row_rrp.csv,319,1.0
q__bogz1fl262051003q_row_rrp__lag002,bogz1fl262051003q_row_rrp,q,2,FRED_BOGZ1FL262051003Q_row_rrp.csv,319,1.0
q__bogz1fl262051003q_row_rrp__lag003,bogz1fl262051003q_row_rrp,q,3,FRED_BOGZ1FL262051003Q_row_rrp.csv,319,1.0
q__bogz1fl262051003q_row_rrp__lag004,bogz1fl262051003q_row_rrp,q,4,FRED_BOGZ1FL262051003Q_row_rrp.csv,318,0.996865
q__bogz1fl262051003q_row_rrp__lag005,bogz1fl262051003q_row_rrp,q,5,FRED_BOGZ1FL262051003Q_row_rrp.csv,317,0.99373
q__bogz1fl262051003q_row_rrp__lag006,bogz1fl262051003q_row_rrp,q,6,FRED_BOGZ1FL262051003Q_row_rrp.csv,316,0.990596
q__bogz1fl262051003q_row_rrp__lag007,bogz1fl262051003q_row_rrp,q,7,FRED_BOGZ1FL262051003Q_row_rrp.csv,315,0.987461
q__bogz1fl262051003q_row_rrp__lag008,bogz1fl262051003q_row_rrp,q,8,FRED_BOGZ1FL262051003Q_row_rrp.csv,314,0.984326
q__bogz1fl262151003q_row_repo__lag001,bogz1fl262151003q_row_repo,q,1,FRED_BOGZ1FL262151003Q_row_repo.csv,319,1.0
q__bogz1fl262151003q_row_repo__lag002,bogz1fl262151003q_row_repo,q,2,FRED_BOGZ1FL262151003Q_row_repo.csv,319,1.0
q__bogz1fl262151003q_row_repo__lag003,bogz1fl262151003q_row_repo,q,3,FRED_BOGZ1FL262151003Q_row_repo.csv,319,1.0
q__bogz1fl262151003q_row_repo__lag004,bogz1fl262151003q_row_repo,q,4,FRED_BOGZ1FL262151003Q_row_repo.csv,318,0.996865
q__bogz1fl262151003q_row_repo__lag005,bogz1fl262151003q_row_repo,q,5,FRED_BOGZ1FL262151003Q_row_repo.csv,317,0.99373
q__bogz1fl262151003q_row_repo__lag006,bogz1fl262151003q_row_repo,q,6,FRED_BOGZ1FL262151003Q_row_repo.csv,316,0.990596
q__bogz1fl262151003q_row_repo__lag007,bogz1fl262151003q_row_repo,q,7,FRED_BOGZ1FL262151003Q_row_repo.csv,315,0.987461
q__bogz1fl262151003q_row_repo__lag008,bogz1fl262151003q_row_repo,q,8,FRED_BOGZ1FL262151003Q_row_repo.csv,314,0.984326
q__bogz1fl263061130q_row_gov_tsy__lag001,bogz1fl263061130q_row_gov_tsy,q,1,FRED_BOGZ1FL263061130Q_row_gov_tsy.csv,319,1.0
q__bogz1fl263061130q_row_gov_tsy__lag002,bogz1fl263061130q_row_gov_tsy,q,2,FRED_BOGZ1FL263061130Q_row_gov_tsy.csv,319,1.0
q__bogz1fl263061130q_row_gov_tsy__lag003,bogz1fl263061130q_row_gov_tsy,q,3,FRED_BOGZ1FL263061130Q_row_gov_tsy.csv,319,1.0
q__bogz1fl263061130q_row_gov_tsy__lag004,bogz1fl263061130q_row_gov_tsy,q,4,FRED_BOGZ1FL263061130Q_row_gov_tsy.csv,318,0.996865
q__bogz1fl263061130q_row_gov_tsy__lag005,bogz1fl263061130q_row_gov_tsy,q,5,FRED_BOGZ1FL263061130Q_row_gov_tsy.csv,317,0.99373
q__bogz1fl263061130q_row_gov_tsy__lag006,bogz1fl263061130q_row_gov_tsy,q,6,FRED_BOGZ1FL263061130Q_row_gov_tsy.csv,316,0.990596
q__bogz1fl263061130q_row_gov_tsy__lag007,bogz1fl263061130q_row_gov_tsy,q,7,FRED_BOGZ1FL263061130Q_row_gov_tsy.csv,315,0.987461
q__bogz1fl263061130q_row_gov_tsy__lag008,bogz1fl263061130q_row_gov_tsy,q,8,FRED_BOGZ1FL263061130Q_row_gov_tsy.csv,314,0.984326
q__bogz1fl263061145q_row_priv_tsy__lag001,bogz1fl263061145q_row_priv_tsy,q,1,FRED_BOGZ1FL263061145Q_row_priv_tsy.csv,319,1.0
q__bogz1fl263061145q_row_priv_tsy__lag002,bogz1fl263061145q_row_priv_tsy,q,2,FRED_BOGZ1FL263061145Q_row_priv_tsy.csv,319,1.0
q__bogz1fl263061145q_row_priv_tsy__lag003,bogz1fl263061145q_row_priv_tsy,q,3,FRED_BOGZ1FL263061145Q_row_priv_tsy.csv,319,1.0
q__bogz1fl263061145q_row_priv_tsy__lag004,bogz1fl263061145q_row_priv_tsy,q,4,FRED_BOGZ1FL263061145Q_row_priv_tsy.csv,318,0.996865
q__bogz1fl263061145q_row_priv_tsy__lag005,bogz1fl263061145q_row_priv_tsy,q,5,FRED_BOGZ1FL263061145Q_row_priv_tsy.csv,317,0.99373
q__bogz1fl263061145q_row_priv_tsy__lag006,bogz1fl263061145q_row_priv_tsy,q,6,FRED_BOGZ1FL263061145Q_row_priv_tsy.csv,316,0.990596
q__bogz1fl263061145q_row_priv_tsy__lag007,bogz1fl263061145q_row_priv_tsy,q,7,FRED_BOGZ1FL263061145Q_row_priv_tsy.csv,315,0.987461
q__bogz1fl263061145q_row_priv_tsy__lag008,bogz1fl263061145q_row_priv_tsy,q,8,FRED_BOGZ1FL263061145Q_row_priv_tsy.csv,314,0.984326
q__bogz1fl264035005q_row_loans_a__lag001,bogz1fl264035005q_row_loans_a,q,1,FRED_BOGZ1FL264035005Q_row_loans_a.csv,319,1.0
q__bogz1fl264035005q_row_loans_a__lag002,bogz1fl264035005q_row_loans_a,q,2,FRED_BOGZ1FL264035005Q_row_loans_a.csv,319,1.0
q__bogz1fl264035005q_row_loans_a__lag003,bogz1fl264035005q_row_loans_a,q,3,FRED_BOGZ1FL264035005Q_row_loans_a.csv,319,1.0
q__bogz1fl264035005q_row_loans_a__lag004,bogz1fl264035005q_row_loans_a,q,4,FRED_BOGZ1FL264035005Q_row_loans_a.csv,318,0.996865
q__bogz1fl264035005q_row_loans_a__lag005,bogz1fl264035005q_row_loans_a,q,5,FRED_BOGZ1FL264035005Q_row_loans_a.csv,317,0.99373
q__bogz1fl264035005q_row_loans_a__lag006,bogz1fl264035005q_row_loans_a,q,6,FRED_BOGZ1FL264035005Q_row_loans_a.csv,316,0.990596
q__bogz1fl264035005q_row_loans_a__lag007,bogz1fl264035005q_row_loans_a,q,7,FRED_BOGZ1FL264035005Q_row_loans_a.csv,315,0.987461
q__bogz1fl264035005q_row_loans_a__lag008,bogz1fl264035005q_row_loans_a,q,8,FRED_BOGZ1FL264035005Q_row_loans_a.csv,314,0.984326
q__bogz1fl264135005a_row_loans_l__lag001,bogz1fl264135005a_row_loans_l,q,1,FRED_BOGZ1FL264135005A_row_loans_l.csv,319,1.0
q__bogz1fl264135005a_row_loans_l__lag002,bogz1fl264135005a_row_loans_l,q,2,FRED_BOGZ1FL264135005A_row_loans_l.csv,319,1.0
q__bogz1fl264135005a_row_loans_l__lag003,bogz1fl264135005a_row_loans_l,q,3,FRED_BOGZ1FL264135005A_row_loans_l.csv,319,1.0
q__bogz1fl264135005a_row_loans_l__lag004,bogz1fl264135005a_row_loans_l,q,4,FRED_BOGZ1FL264135005A_row_loans_l.csv,319,1.0
q__bogz1fl264135005a_row_loans_l__lag005,bogz1fl264135005a_row_loans_l,q,5,FRED_BOGZ1FL264135005A_row_loans_l.csv,319,1.0
q__bogz1fl264135005a_row_loans_l__lag006,bogz1fl264135005a_row_loans_l,q,6,FRED_BOGZ1FL264135005A_row_loans_l.csv,319,1.0
q__bogz1fl264135005a_row_loans_l__lag007,bogz1fl264135005a_row_loans_l,q,7,FRED_BOGZ1FL264135005A_row_loans_l.csv,318,0.996865
q__bogz1fl264135005a_row_loans_l__lag008,bogz1fl264135005a_row_loans_l,q,8,FRED_BOGZ1FL264135005A_row_loans_l.csv,317,0.99373
q__bogz1fl264135005q_row_loans_l__lag001,bogz1fl264135005q_row_loans_l,q,1,FRED_BOGZ1FL264135005Q_row_loans_l.csv,319,1.0
q__bogz1fl264135005q_row_loans_l__lag002,bogz1fl264135005q_row_loans_l,q,2,FRED_BOGZ1FL264135005Q_row_loans_l.csv,319,1.0
q__bogz1fl264135005q_row_loans_l__lag003,bogz1fl264135005q_row_loans_l,q,3,FRED_BOGZ1FL264135005Q_row_loans_l.csv,319,1.0
q__bogz1fl264135005q_row_loans_l__lag004,bogz1fl264135005q_row_loans_l,q,4,FRED_BOGZ1FL264135005Q_row_loans_l.csv,318,0.996865
q__bogz1fl264135005q_row_loans_l__lag005,bogz1fl264135005q_row_loans_l,q,5,FRED_BOGZ1FL264135005Q_row_loans_l.csv,317,0.99373
q__bogz1fl264135005q_row_loans_l__lag006,bogz1fl264135005q_row_loans_l,q,6,FRED_BOGZ1FL264135005Q_row_loans_l.csv,316,0.990596
q__bogz1fl264135005q_row_loans_l__lag007,bogz1fl264135005q_row_loans_l,q,7,FRED_BOGZ1FL264135005Q_row_loans_l.csv,315,0.987461
q__bogz1fl264135005q_row_loans_l__lag008,bogz1fl264135005q_row_loans_l,q,8,FRED_BOGZ1FL264135005Q_row_loans_l.csv,314,0.984326
q__bogz1fl313024000q_tres_oper_cash__lag001,bogz1fl313024000q_tres_oper_cash,q,1,FRED_BOGZ1FL313024000Q_tres_oper_cash.csv,319,1.0
q__bogz1fl313024000q_tres_oper_cash__lag002,bogz1fl313024000q_tres_oper_cash,q,2,FRED_BOGZ1FL313024000Q_tres_oper_cash.csv,319,1.0
q__bogz1fl313024000q_tres_oper_cash__lag003,bogz1fl313024000q_tres_oper_cash,q,3,FRED_BOGZ1FL313024000Q_tres_oper_cash.csv,319,1.0
q__bogz1fl313024000q_tres_oper_cash__lag004,bogz1fl313024000q_tres_oper_cash,q,4,FRED_BOGZ1FL313024000Q_tres_oper_cash.csv,318,0.996865
q__bogz1fl313024000q_tres_oper_cash__lag005,bogz1fl313024000q_tres_oper_cash,q,5,FRED_BOGZ1FL313024000Q_tres_oper_cash.csv,317,0.99373
q__bogz1fl313024000q_tres_oper_cash__lag006,bogz1fl313024000q_tres_oper_cash,q,6,FRED_BOGZ1FL313024000Q_tres_oper_cash.csv,316,0.990596
q__bogz1fl313024000q_tres_oper_cash__lag007,bogz1fl313024000q_tres_oper_cash,q,7,FRED_BOGZ1FL313024000Q_tres_oper_cash.csv,315,0.987461
q__bogz1fl313024000q_tres_oper_cash__lag008,bogz1fl313024000q_tres_oper_cash,q,8,FRED_BOGZ1FL313024000Q_tres_oper_cash.csv,314,0.984326
q__bogz1fl313161110q_totalbills_z1__lag001,bogz1fl313161110q_totalbills_z1,q,1,FRED_BOGZ1FL313161110Q_totalbills_z1.csv,319,1.0
q__bogz1fl313161110q_totalbills_z1__lag002,bogz1fl313161110q_totalbills_z1,q,2,FRED_BOGZ1FL313161110Q_totalbills_z1.csv,319,1.0
q__bogz1fl313161110q_totalbills_z1__lag003,bogz1fl313161110q_totalbills_z1,q,3,FRED_BOGZ1FL313161110Q_totalbills_z1.csv,319,1.0
q__bogz1fl313161110q_totalbills_z1__lag004,bogz1fl313161110q_totalbills_z1,q,4,FRED_BOGZ1FL313161110Q_totalbills_z1.csv,318,0.996865
q__bogz1fl313161110q_totalbills_z1__lag005,bogz1fl313161110q_totalbills_z1,q,5,FRED_BOGZ1FL313161110Q_totalbills_z1.csv,317,0.99373
q__bogz1fl313161110q_totalbills_z1__lag006,bogz1fl313161110q_totalbills_z1,q,6,FRED_BOGZ1FL313161110Q_totalbills_z1.csv,316,0.990596
q__bogz1fl313161110q_totalbills_z1__lag007,bogz1fl313161110q_totalbills_z1,q,7,FRED_BOGZ1FL313161110Q_totalbills_z1.csv,315,0.987461
q__bogz1fl313161110q_totalbills_z1__lag008,bogz1fl313161110q_totalbills_z1,q,8,FRED_BOGZ1FL313161110Q_totalbills_z1.csv,314,0.984326
q__bogz1fl313161305q_gov_nonmarketable_ts__lag001,bogz1fl313161305q_gov_nonmarketable_ts,q,1,FRED_BOGZ1FL313161305Q_Gov_Nonmarketable_ts.csv,319,1.0
q__bogz1fl313161305q_gov_nonmarketable_ts__lag002,bogz1fl313161305q_gov_nonmarketable_ts,q,2,FRED_BOGZ1FL313161305Q_Gov_Nonmarketable_ts.csv,319,1.0
q__bogz1fl313161305q_gov_nonmarketable_ts__lag003,bogz1fl313161305q_gov_nonmarketable_ts,q,3,FRED_BOGZ1FL313161305Q_Gov_Nonmarketable_ts.csv,319,1.0
q__bogz1fl313161305q_gov_nonmarketable_ts__lag004,bogz1fl313161305q_gov_nonmarketable_ts,q,4,FRED_BOGZ1FL313161305Q_Gov_Nonmarketable_ts.csv,318,0.996865
q__bogz1fl313161305q_gov_nonmarketable_ts__lag005,bogz1fl313161305q_gov_nonmarketable_ts,q,5,FRED_BOGZ1FL313161305Q_Gov_Nonmarketable_ts.csv,317,0.99373
q__bogz1fl313161305q_gov_nonmarketable_ts__lag006,bogz1fl313161305q_gov_nonmarketable_ts,q,6,FRED_BOGZ1FL313161305Q_Gov_Nonmarketable_ts.csv,316,0.990596
q__bogz1fl313161305q_gov_nonmarketable_ts__lag007,bogz1fl313161305q_gov_nonmarketable_ts,q,7,FRED_BOGZ1FL313161305Q_Gov_Nonmarketable_ts.csv,315,0.987461
q__bogz1fl313161305q_gov_nonmarketable_ts__lag008,bogz1fl313161305q_gov_nonmarketable_ts,q,8,FRED_BOGZ1FL313161305Q_Gov_Nonmarketable_ts.csv,314,0.984326
q__bogz1fl343061123q_fed_gov_dcg_retirement_ts__lag001,bogz1fl343061123q_fed_gov_dcg_retirement_ts,q,1,FRED_BOGZ1FL343061123Q_Fed_Gov_DCG_Retirement_ts.csv,319,1.0
q__bogz1fl343061123q_fed_gov_dcg_retirement_ts__lag002,bogz1fl343061123q_fed_gov_dcg_retirement_ts,q,2,FRED_BOGZ1FL343061123Q_Fed_Gov_DCG_Retirement_ts.csv,319,1.0
q__bogz1fl343061123q_fed_gov_dcg_retirement_ts__lag003,bogz1fl343061123q_fed_gov_dcg_retirement_ts,q,3,FRED_BOGZ1FL343061123Q_Fed_Gov_DCG_Retirement_ts.csv,319,1.0
q__bogz1fl343061123q_fed_gov_dcg_retirement_ts__lag004,bogz1fl343061123q_fed_gov_dcg_retirement_ts,q,4,FRED_BOGZ1FL343061123Q_Fed_Gov_DCG_Retirement_ts.csv,318,0.996865
q__bogz1fl343061123q_fed_gov_dcg_retirement_ts__lag005,bogz1fl343061123q_fed_gov_dcg_retirement_ts,q,5,FRED_BOGZ1FL343061123Q_Fed_Gov_DCG_Retirement_ts.csv,317,0.99373
q__bogz1fl343061123q_fed_gov_dcg_retirement_ts__lag006,bogz1fl343061123q_fed_gov_dcg_retirement_ts,q,6,FRED_BOGZ1FL343061123Q_Fed_Gov_DCG_Retirement_ts.csv,316,0.990596
q__bogz1fl343061123q_fed_gov_dcg_retirement_ts__lag007,bogz1fl343061123q_fed_gov_dcg_retirement_ts,q,7,FRED_BOGZ1FL343061123Q_Fed_Gov_DCG_Retirement_ts.csv,315,0.987461
q__bogz1fl343061123q_fed_gov_dcg_retirement_ts__lag008,bogz1fl343061123q_fed_gov_dcg_retirement_ts,q,8,FRED_BOGZ1FL343061123Q_Fed_Gov_DCG_Retirement_ts.csv,314,0.984326
q__bogz1fl383061105q_dom_nonfin_sector_tsy__lag001,bogz1fl383061105q_dom_nonfin_sector_tsy,q,1,FRED_BOGZ1FL383061105Q_dom_nonfin_sector_tsy.csv,319,1.0
q__bogz1fl383061105q_dom_nonfin_sector_tsy__lag002,bogz1fl383061105q_dom_nonfin_sector_tsy,q,2,FRED_BOGZ1FL383061105Q_dom_nonfin_sector_tsy.csv,319,1.0
q__bogz1fl383061105q_dom_nonfin_sector_tsy__lag003,bogz1fl383061105q_dom_nonfin_sector_tsy,q,3,FRED_BOGZ1FL383061105Q_dom_nonfin_sector_tsy.csv,319,1.0
q__bogz1fl383061105q_dom_nonfin_sector_tsy__lag004,bogz1fl383061105q_dom_nonfin_sector_tsy,q,4,FRED_BOGZ1FL383061105Q_dom_nonfin_sector_tsy.csv,318,0.996865
q__bogz1fl383061105q_dom_nonfin_sector_tsy__lag005,bogz1fl383061105q_dom_nonfin_sector_tsy,q,5,FRED_BOGZ1FL383061105Q_dom_nonfin_sector_tsy.csv,317,0.99373
q__bogz1fl383061105q_dom_nonfin_sector_tsy__lag006,bogz1fl383061105q_dom_nonfin_sector_tsy,q,6,FRED_BOGZ1FL383061105Q_dom_nonfin_sector_tsy.csv,316,0.990596
q__bogz1fl383061105q_dom_nonfin_sector_tsy__lag007,bogz1fl383061105q_dom_nonfin_sector_tsy,q,7,FRED_BOGZ1FL383061105Q_dom_nonfin_sector_tsy.csv,315,0.987461
q__bogz1fl383061105q_dom_nonfin_sector_tsy__lag008,bogz1fl383061105q_dom_nonfin_sector_tsy,q,8,FRED_BOGZ1FL383061105Q_dom_nonfin_sector_tsy.csv,314,0.984326
q__bogz1fl503061123q_ccps_ts__lag001,bogz1fl503061123q_ccps_ts,q,1,FRED_BOGZ1FL503061123Q_CCPs_ts.csv,319,1.0
q__bogz1fl503061123q_ccps_ts__lag002,bogz1fl503061123q_ccps_ts,q,2,FRED_BOGZ1FL503061123Q_CCPs_ts.csv,319,1.0
q__bogz1fl503061123q_ccps_ts__lag003,bogz1fl503061123q_ccps_ts,q,3,FRED_BOGZ1FL503061123Q_CCPs_ts.csv,319,1.0
q__bogz1fl503061123q_ccps_ts__lag004,bogz1fl503061123q_ccps_ts,q,4,FRED_BOGZ1FL503061123Q_CCPs_ts.csv,318,0.996865
q__bogz1fl503061123q_ccps_ts__lag005,bogz1fl503061123q_ccps_ts,q,5,FRED_BOGZ1FL503061123Q_CCPs_ts.csv,317,0.99373
q__bogz1fl503061123q_ccps_ts__lag006,bogz1fl503061123q_ccps_ts,q,6,FRED_BOGZ1FL503061123Q_CCPs_ts.csv,316,0.990596
q__bogz1fl503061123q_ccps_ts__lag007,bogz1fl503061123q_ccps_ts,q,7,FRED_BOGZ1FL503061123Q_CCPs_ts.csv,315,0.987461
q__bogz1fl503061123q_ccps_ts__lag008,bogz1fl503061123q_ccps_ts,q,8,FRED_BOGZ1FL503061123Q_CCPs_ts.csv,314,0.984326
q__bogz1fl513061115q_pci_bills_raw__lag001,bogz1fl513061115q_pci_bills_raw,q,1,FRED_BOGZ1FL513061115Q_PCI_bills_raw.csv,319,1.0
q__bogz1fl513061115q_pci_bills_raw__lag002,bogz1fl513061115q_pci_bills_raw,q,2,FRED_BOGZ1FL513061115Q_PCI_bills_raw.csv,319,1.0
q__bogz1fl513061115q_pci_bills_raw__lag003,bogz1fl513061115q_pci_bills_raw,q,3,FRED_BOGZ1FL513061115Q_PCI_bills_raw.csv,319,1.0
q__bogz1fl513061115q_pci_bills_raw__lag004,bogz1fl513061115q_pci_bills_raw,q,4,FRED_BOGZ1FL513061115Q_PCI_bills_raw.csv,318,0.996865
q__bogz1fl513061115q_pci_bills_raw__lag005,bogz1fl513061115q_pci_bills_raw,q,5,FRED_BOGZ1FL513061115Q_PCI_bills_raw.csv,317,0.99373
q__bogz1fl513061115q_pci_bills_raw__lag006,bogz1fl513061115q_pci_bills_raw,q,6,FRED_BOGZ1FL513061115Q_PCI_bills_raw.csv,316,0.990596
q__bogz1fl513061115q_pci_bills_raw__lag007,bogz1fl513061115q_pci_bills_raw,q,7,FRED_BOGZ1FL513061115Q_PCI_bills_raw.csv,315,0.987461
q__bogz1fl513061115q_pci_bills_raw__lag008,bogz1fl513061115q_pci_bills_raw,q,8,FRED_BOGZ1FL513061115Q_PCI_bills_raw.csv,314,0.984326
q__bogz1fl513061115q_pci_bills__lag001,bogz1fl513061115q_pci_bills,q,1,FRED_BOGZ1FL513061115Q_pci_bills.csv,319,1.0
q__bogz1fl513061115q_pci_bills__lag002,bogz1fl513061115q_pci_bills,q,2,FRED_BOGZ1FL513061115Q_pci_bills.csv,319,1.0
q__bogz1fl513061115q_pci_bills__lag003,bogz1fl513061115q_pci_bills,q,3,FRED_BOGZ1FL513061115Q_pci_bills.csv,319,1.0
q__bogz1fl513061115q_pci_bills__lag004,bogz1fl513061115q_pci_bills,q,4,FRED_BOGZ1FL513061115Q_pci_bills.csv,318,0.996865
q__bogz1fl513061115q_pci_bills__lag005,bogz1fl513061115q_pci_bills,q,5,FRED_BOGZ1FL513061115Q_pci_bills.csv,317,0.99373
q__bogz1fl513061115q_pci_bills__lag006,bogz1fl513061115q_pci_bills,q,6,FRED_BOGZ1FL513061115Q_pci_bills.csv,316,0.990596
q__bogz1fl513061115q_pci_bills__lag007,bogz1fl513061115q_pci_bills,q,7,FRED_BOGZ1FL513061115Q_pci_bills.csv,315,0.987461
q__bogz1fl513061115q_pci_bills__lag008,bogz1fl513061115q_pci_bills,q,8,FRED_BOGZ1FL513061115Q_pci_bills.csv,314,0.984326
q__bogz1fl543061165q_life_insurance_ts__lag001,bogz1fl543061165q_life_insurance_ts,q,1,FRED_BOGZ1FL543061165Q_Life_Insurance_ts.csv,319,1.0
q__bogz1fl543061165q_life_insurance_ts__lag002,bogz1fl543061165q_life_insurance_ts,q,2,FRED_BOGZ1FL543061165Q_Life_Insurance_ts.csv,319,1.0
q__bogz1fl543061165q_life_insurance_ts__lag003,bogz1fl543061165q_life_insurance_ts,q,3,FRED_BOGZ1FL543061165Q_Life_Insurance_ts.csv,319,1.0
q__bogz1fl543061165q_life_insurance_ts__lag004,bogz1fl543061165q_life_insurance_ts,q,4,FRED_BOGZ1FL543061165Q_Life_Insurance_ts.csv,318,0.996865
q__bogz1fl543061165q_life_insurance_ts__lag005,bogz1fl543061165q_life_insurance_ts,q,5,FRED_BOGZ1FL543061165Q_Life_Insurance_ts.csv,317,0.99373
q__bogz1fl543061165q_life_insurance_ts__lag006,bogz1fl543061165q_life_insurance_ts,q,6,FRED_BOGZ1FL543061165Q_Life_Insurance_ts.csv,316,0.990596
q__bogz1fl543061165q_life_insurance_ts__lag007,bogz1fl543061165q_life_insurance_ts,q,7,FRED_BOGZ1FL543061165Q_Life_Insurance_ts.csv,315,0.987461
q__bogz1fl543061165q_life_insurance_ts__lag008,bogz1fl543061165q_life_insurance_ts,q,8,FRED_BOGZ1FL543061165Q_Life_Insurance_ts.csv,314,0.984326
q__bogz1fl543061175q_life_insurance_ts__lag001,bogz1fl543061175q_life_insurance_ts,q,1,FRED_BOGZ1FL543061175Q_Life_Insurance_ts.csv,319,1.0
q__bogz1fl543061175q_life_insurance_ts__lag002,bogz1fl543061175q_life_insurance_ts,q,2,FRED_BOGZ1FL543061175Q_Life_Insurance_ts.csv,319,1.0
q__bogz1fl543061175q_life_insurance_ts__lag003,bogz1fl543061175q_life_insurance_ts,q,3,FRED_BOGZ1FL543061175Q_Life_Insurance_ts.csv,319,1.0
q__bogz1fl543061175q_life_insurance_ts__lag004,bogz1fl543061175q_life_insurance_ts,q,4,FRED_BOGZ1FL543061175Q_Life_Insurance_ts.csv,318,0.996865
q__bogz1fl543061175q_life_insurance_ts__lag005,bogz1fl543061175q_life_insurance_ts,q,5,FRED_BOGZ1FL543061175Q_Life_Insurance_ts.csv,317,0.99373
q__bogz1fl543061175q_life_insurance_ts__lag006,bogz1fl543061175q_life_insurance_ts,q,6,FRED_BOGZ1FL543061175Q_Life_Insurance_ts.csv,316,0.990596
q__bogz1fl543061175q_life_insurance_ts__lag007,bogz1fl543061175q_life_insurance_ts,q,7,FRED_BOGZ1FL543061175Q_Life_Insurance_ts.csv,315,0.987461
q__bogz1fl543061175q_life_insurance_ts__lag008,bogz1fl543061175q_life_insurance_ts,q,8,FRED_BOGZ1FL543061175Q_Life_Insurance_ts.csv,314,0.984326
q__bogz1fl543461113q_li_bills__lag001,bogz1fl543461113q_li_bills,q,1,FRED_BOGZ1FL543461113Q_li_bills.csv,319,1.0
q__bogz1fl543461113q_li_bills__lag002,bogz1fl543461113q_li_bills,q,2,FRED_BOGZ1FL543461113Q_li_bills.csv,319,1.0
q__bogz1fl543461113q_li_bills__lag003,bogz1fl543461113q_li_bills,q,3,FRED_BOGZ1FL543461113Q_li_bills.csv,319,1.0
q__bogz1fl543461113q_li_bills__lag004,bogz1fl543461113q_li_bills,q,4,FRED_BOGZ1FL543461113Q_li_bills.csv,318,0.996865
q__bogz1fl543461113q_li_bills__lag005,bogz1fl543461113q_li_bills,q,5,FRED_BOGZ1FL543461113Q_li_bills.csv,317,0.99373
q__bogz1fl543461113q_li_bills__lag006,bogz1fl543461113q_li_bills,q,6,FRED_BOGZ1FL543461113Q_li_bills.csv,316,0.990596
q__bogz1fl543461113q_li_bills__lag007,bogz1fl543461113q_li_bills,q,7,FRED_BOGZ1FL543461113Q_li_bills.csv,315,0.987461
q__bogz1fl543461113q_li_bills__lag008,bogz1fl543461113q_li_bills,q,8,FRED_BOGZ1FL543461113Q_li_bills.csv,314,0.984326
q__bogz1fl573061143q_private_db_pension_ts__lag001,bogz1fl573061143q_private_db_pension_ts,q,1,FRED_BOGZ1FL573061143Q_Private_DB_Pension_ts.csv,319,1.0
q__bogz1fl573061143q_private_db_pension_ts__lag002,bogz1fl573061143q_private_db_pension_ts,q,2,FRED_BOGZ1FL573061143Q_Private_DB_Pension_ts.csv,319,1.0
q__bogz1fl573061143q_private_db_pension_ts__lag003,bogz1fl573061143q_private_db_pension_ts,q,3,FRED_BOGZ1FL573061143Q_Private_DB_Pension_ts.csv,319,1.0
q__bogz1fl573061143q_private_db_pension_ts__lag004,bogz1fl573061143q_private_db_pension_ts,q,4,FRED_BOGZ1FL573061143Q_Private_DB_Pension_ts.csv,318,0.996865
q__bogz1fl573061143q_private_db_pension_ts__lag005,bogz1fl573061143q_private_db_pension_ts,q,5,FRED_BOGZ1FL573061143Q_Private_DB_Pension_ts.csv,317,0.99373
q__bogz1fl573061143q_private_db_pension_ts__lag006,bogz1fl573061143q_private_db_pension_ts,q,6,FRED_BOGZ1FL573061143Q_Private_DB_Pension_ts.csv,316,0.990596
q__bogz1fl573061143q_private_db_pension_ts__lag007,bogz1fl573061143q_private_db_pension_ts,q,7,FRED_BOGZ1FL573061143Q_Private_DB_Pension_ts.csv,315,0.987461
q__bogz1fl573061143q_private_db_pension_ts__lag008,bogz1fl573061143q_private_db_pension_ts,q,8,FRED_BOGZ1FL573061143Q_Private_DB_Pension_ts.csv,314,0.984326
q__bogz1fl593061105q_pension_ts__lag001,bogz1fl593061105q_pension_ts,q,1,FRED_BOGZ1FL593061105Q_pension_ts.csv,319,1.0
q__bogz1fl593061105q_pension_ts__lag002,bogz1fl593061105q_pension_ts,q,2,FRED_BOGZ1FL593061105Q_pension_ts.csv,319,1.0
q__bogz1fl593061105q_pension_ts__lag003,bogz1fl593061105q_pension_ts,q,3,FRED_BOGZ1FL593061105Q_pension_ts.csv,319,1.0
q__bogz1fl593061105q_pension_ts__lag004,bogz1fl593061105q_pension_ts,q,4,FRED_BOGZ1FL593061105Q_pension_ts.csv,318,0.996865
q__bogz1fl593061105q_pension_ts__lag005,bogz1fl593061105q_pension_ts,q,5,FRED_BOGZ1FL593061105Q_pension_ts.csv,317,0.99373
q__bogz1fl593061105q_pension_ts__lag006,bogz1fl593061105q_pension_ts,q,6,FRED_BOGZ1FL593061105Q_pension_ts.csv,316,0.990596
q__bogz1fl593061105q_pension_ts__lag007,bogz1fl593061105q_pension_ts,q,7,FRED_BOGZ1FL593061105Q_pension_ts.csv,315,0.987461
q__bogz1fl593061105q_pension_ts__lag008,bogz1fl593061105q_pension_ts,q,8,FRED_BOGZ1FL593061105Q_pension_ts.csv,314,0.984326
q__bogz1fl633061105q_mmf_tsy_raw__lag001,bogz1fl633061105q_mmf_tsy_raw,q,1,FRED_BOGZ1FL633061105Q_MMF_tsy_raw.csv,319,1.0
q__bogz1fl633061105q_mmf_tsy_raw__lag002,bogz1fl633061105q_mmf_tsy_raw,q,2,FRED_BOGZ1FL633061105Q_MMF_tsy_raw.csv,319,1.0
q__bogz1fl633061105q_mmf_tsy_raw__lag003,bogz1fl633061105q_mmf_tsy_raw,q,3,FRED_BOGZ1FL633061105Q_MMF_tsy_raw.csv,319,1.0
q__bogz1fl633061105q_mmf_tsy_raw__lag004,bogz1fl633061105q_mmf_tsy_raw,q,4,FRED_BOGZ1FL633061105Q_MMF_tsy_raw.csv,318,0.996865
q__bogz1fl633061105q_mmf_tsy_raw__lag005,bogz1fl633061105q_mmf_tsy_raw,q,5,FRED_BOGZ1FL633061105Q_MMF_tsy_raw.csv,317,0.99373
q__bogz1fl633061105q_mmf_tsy_raw__lag006,bogz1fl633061105q_mmf_tsy_raw,q,6,FRED_BOGZ1FL633061105Q_MMF_tsy_raw.csv,316,0.990596
q__bogz1fl633061105q_mmf_tsy_raw__lag007,bogz1fl633061105q_mmf_tsy_raw,q,7,FRED_BOGZ1FL633061105Q_MMF_tsy_raw.csv,315,0.987461
q__bogz1fl633061105q_mmf_tsy_raw__lag008,bogz1fl633061105q_mmf_tsy_raw,q,8,FRED_BOGZ1FL633061105Q_MMF_tsy_raw.csv,314,0.984326
q__bogz1fl633061105q_money_market_funds_ts__lag001,bogz1fl633061105q_money_market_funds_ts,q,1,FRED_BOGZ1FL633061105Q_Money_Market_Funds_ts.csv,319,1.0
q__bogz1fl633061105q_money_market_funds_ts__lag002,bogz1fl633061105q_money_market_funds_ts,q,2,FRED_BOGZ1FL633061105Q_Money_Market_Funds_ts.csv,319,1.0
q__bogz1fl633061105q_money_market_funds_ts__lag003,bogz1fl633061105q_money_market_funds_ts,q,3,FRED_BOGZ1FL633061105Q_Money_Market_Funds_ts.csv,319,1.0
q__bogz1fl633061105q_money_market_funds_ts__lag004,bogz1fl633061105q_money_market_funds_ts,q,4,FRED_BOGZ1FL633061105Q_Money_Market_Funds_ts.csv,318,0.996865
q__bogz1fl633061105q_money_market_funds_ts__lag005,bogz1fl633061105q_money_market_funds_ts,q,5,FRED_BOGZ1FL633061105Q_Money_Market_Funds_ts.csv,317,0.99373
q__bogz1fl633061105q_money_market_funds_ts__lag006,bogz1fl633061105q_money_market_funds_ts,q,6,FRED_BOGZ1FL633061105Q_Money_Market_Funds_ts.csv,316,0.990596
q__bogz1fl633061105q_money_market_funds_ts__lag007,bogz1fl633061105q_money_market_funds_ts,q,7,FRED_BOGZ1FL633061105Q_Money_Market_Funds_ts.csv,315,0.987461
q__bogz1fl633061105q_money_market_funds_ts__lag008,bogz1fl633061105q_money_market_funds_ts,q,8,FRED_BOGZ1FL633061105Q_Money_Market_Funds_ts.csv,314,0.984326
q__bogz1fl633061110q_mmf_bills_raw__lag001,bogz1fl633061110q_mmf_bills_raw,q,1,FRED_BOGZ1FL633061110Q_MMF_bills_raw.csv,319,1.0
q__bogz1fl633061110q_mmf_bills_raw__lag002,bogz1fl633061110q_mmf_bills_raw,q,2,FRED_BOGZ1FL633061110Q_MMF_bills_raw.csv,319,1.0
q__bogz1fl633061110q_mmf_bills_raw__lag003,bogz1fl633061110q_mmf_bills_raw,q,3,FRED_BOGZ1FL633061110Q_MMF_bills_raw.csv,319,1.0
q__bogz1fl633061110q_mmf_bills_raw__lag004,bogz1fl633061110q_mmf_bills_raw,q,4,FRED_BOGZ1FL633061110Q_MMF_bills_raw.csv,318,0.996865
q__bogz1fl633061110q_mmf_bills_raw__lag005,bogz1fl633061110q_mmf_bills_raw,q,5,FRED_BOGZ1FL633061110Q_MMF_bills_raw.csv,317,0.99373
q__bogz1fl633061110q_mmf_bills_raw__lag006,bogz1fl633061110q_mmf_bills_raw,q,6,FRED_BOGZ1FL633061110Q_MMF_bills_raw.csv,316,0.990596
q__bogz1fl633061110q_mmf_bills_raw__lag007,bogz1fl633061110q_mmf_bills_raw,q,7,FRED_BOGZ1FL633061110Q_MMF_bills_raw.csv,315,0.987461
q__bogz1fl633061110q_mmf_bills_raw__lag008,bogz1fl633061110q_mmf_bills_raw,q,8,FRED_BOGZ1FL633061110Q_MMF_bills_raw.csv,314,0.984326
q__bogz1fl633061110q_mmf_bills__lag001,bogz1fl633061110q_mmf_bills,q,1,FRED_BOGZ1FL633061110Q_mmf_bills.csv,319,1.0
q__bogz1fl633061110q_mmf_bills__lag002,bogz1fl633061110q_mmf_bills,q,2,FRED_BOGZ1FL633061110Q_mmf_bills.csv,319,1.0
q__bogz1fl633061110q_mmf_bills__lag003,bogz1fl633061110q_mmf_bills,q,3,FRED_BOGZ1FL633061110Q_mmf_bills.csv,319,1.0
q__bogz1fl633061110q_mmf_bills__lag004,bogz1fl633061110q_mmf_bills,q,4,FRED_BOGZ1FL633061110Q_mmf_bills.csv,318,0.996865
q__bogz1fl633061110q_mmf_bills__lag005,bogz1fl633061110q_mmf_bills,q,5,FRED_BOGZ1FL633061110Q_mmf_bills.csv,317,0.99373
q__bogz1fl633061110q_mmf_bills__lag006,bogz1fl633061110q_mmf_bills,q,6,FRED_BOGZ1FL633061110Q_mmf_bills.csv,316,0.990596
q__bogz1fl633061110q_mmf_bills__lag007,bogz1fl633061110q_mmf_bills,q,7,FRED_BOGZ1FL633061110Q_mmf_bills.csv,315,0.987461
q__bogz1fl633061110q_mmf_bills__lag008,bogz1fl633061110q_mmf_bills,q,8,FRED_BOGZ1FL633061110Q_mmf_bills.csv,314,0.984326
q__bogz1fl663061165q_brokers_dealers_long_ts__lag001,bogz1fl663061165q_brokers_dealers_long_ts,q,1,FRED_BOGZ1FL663061165Q_Brokers_Dealers_long_ts.csv,319,1.0
q__bogz1fl663061165q_brokers_dealers_long_ts__lag002,bogz1fl663061165q_brokers_dealers_long_ts,q,2,FRED_BOGZ1FL663061165Q_Brokers_Dealers_long_ts.csv,319,1.0
q__bogz1fl663061165q_brokers_dealers_long_ts__lag003,bogz1fl663061165q_brokers_dealers_long_ts,q,3,FRED_BOGZ1FL663061165Q_Brokers_Dealers_long_ts.csv,319,1.0
q__bogz1fl663061165q_brokers_dealers_long_ts__lag004,bogz1fl663061165q_brokers_dealers_long_ts,q,4,FRED_BOGZ1FL663061165Q_Brokers_Dealers_long_ts.csv,318,0.996865
q__bogz1fl663061165q_brokers_dealers_long_ts__lag005,bogz1fl663061165q_brokers_dealers_long_ts,q,5,FRED_BOGZ1FL663061165Q_Brokers_Dealers_long_ts.csv,317,0.99373
q__bogz1fl663061165q_brokers_dealers_long_ts__lag006,bogz1fl663061165q_brokers_dealers_long_ts,q,6,FRED_BOGZ1FL663061165Q_Brokers_Dealers_long_ts.csv,316,0.990596
q__bogz1fl663061165q_brokers_dealers_long_ts__lag007,bogz1fl663061165q_brokers_dealers_long_ts,q,7,FRED_BOGZ1FL663061165Q_Brokers_Dealers_long_ts.csv,315,0.987461
q__bogz1fl663061165q_brokers_dealers_long_ts__lag008,bogz1fl663061165q_brokers_dealers_long_ts,q,8,FRED_BOGZ1FL663061165Q_Brokers_Dealers_long_ts.csv,314,0.984326
q__bogz1fl673061103q_abs_issuers_ts__lag001,bogz1fl673061103q_abs_issuers_ts,q,1,FRED_BOGZ1FL673061103Q_ABS_Issuers_ts.csv,319,1.0
q__bogz1fl673061103q_abs_issuers_ts__lag002,bogz1fl673061103q_abs_issuers_ts,q,2,FRED_BOGZ1FL673061103Q_ABS_Issuers_ts.csv,319,1.0
q__bogz1fl673061103q_abs_issuers_ts__lag003,bogz1fl673061103q_abs_issuers_ts,q,3,FRED_BOGZ1FL673061103Q_ABS_Issuers_ts.csv,319,1.0
q__bogz1fl673061103q_abs_issuers_ts__lag004,bogz1fl673061103q_abs_issuers_ts,q,4,FRED_BOGZ1FL673061103Q_ABS_Issuers_ts.csv,318,0.996865
q__bogz1fl673061103q_abs_issuers_ts__lag005,bogz1fl673061103q_abs_issuers_ts,q,5,FRED_BOGZ1FL673061103Q_ABS_Issuers_ts.csv,317,0.99373
q__bogz1fl673061103q_abs_issuers_ts__lag006,bogz1fl673061103q_abs_issuers_ts,q,6,FRED_BOGZ1FL673061103Q_ABS_Issuers_ts.csv,316,0.990596
q__bogz1fl673061103q_abs_issuers_ts__lag007,bogz1fl673061103q_abs_issuers_ts,q,7,FRED_BOGZ1FL673061103Q_ABS_Issuers_ts.csv,315,0.987461
q__bogz1fl673061103q_abs_issuers_ts__lag008,bogz1fl673061103q_abs_issuers_ts,q,8,FRED_BOGZ1FL673061103Q_ABS_Issuers_ts.csv,314,0.984326
q__bogz1fl693061105q_nonmmf_ts__lag001,bogz1fl693061105q_nonmmf_ts,q,1,FRED_BOGZ1FL693061105Q_nonmmf_ts.csv,319,1.0
q__bogz1fl693061105q_nonmmf_ts__lag002,bogz1fl693061105q_nonmmf_ts,q,2,FRED_BOGZ1FL693061105Q_nonmmf_ts.csv,319,1.0
q__bogz1fl693061105q_nonmmf_ts__lag003,bogz1fl693061105q_nonmmf_ts,q,3,FRED_BOGZ1FL693061105Q_nonmmf_ts.csv,319,1.0
q__bogz1fl693061105q_nonmmf_ts__lag004,bogz1fl693061105q_nonmmf_ts,q,4,FRED_BOGZ1FL693061105Q_nonmmf_ts.csv,318,0.996865
q__bogz1fl693061105q_nonmmf_ts__lag005,bogz1fl693061105q_nonmmf_ts,q,5,FRED_BOGZ1FL693061105Q_nonmmf_ts.csv,317,0.99373
q__bogz1fl693061105q_nonmmf_ts__lag006,bogz1fl693061105q_nonmmf_ts,q,6,FRED_BOGZ1FL693061105Q_nonmmf_ts.csv,316,0.990596
q__bogz1fl693061105q_nonmmf_ts__lag007,bogz1fl693061105q_nonmmf_ts,q,7,FRED_BOGZ1FL693061105Q_nonmmf_ts.csv,315,0.987461
q__bogz1fl693061105q_nonmmf_ts__lag008,bogz1fl693061105q_nonmmf_ts,q,8,FRED_BOGZ1FL693061105Q_nonmmf_ts.csv,314,0.984326
q__bogz1fl693061105q_nonmmmf_ts__lag001,bogz1fl693061105q_nonmmmf_ts,q,1,FRED_BOGZ1FL693061105Q_nonmmmf_ts.csv,319,1.0
q__bogz1fl693061105q_nonmmmf_ts__lag002,bogz1fl693061105q_nonmmmf_ts,q,2,FRED_BOGZ1FL693061105Q_nonmmmf_ts.csv,319,1.0
q__bogz1fl693061105q_nonmmmf_ts__lag003,bogz1fl693061105q_nonmmmf_ts,q,3,FRED_BOGZ1FL693061105Q_nonmmmf_ts.csv,319,1.0
q__bogz1fl693061105q_nonmmmf_ts__lag004,bogz1fl693061105q_nonmmmf_ts,q,4,FRED_BOGZ1FL693061105Q_nonmmmf_ts.csv,318,0.996865
q__bogz1fl693061105q_nonmmmf_ts__lag005,bogz1fl693061105q_nonmmmf_ts,q,5,FRED_BOGZ1FL693061105Q_nonmmmf_ts.csv,317,0.99373
q__bogz1fl693061105q_nonmmmf_ts__lag006,bogz1fl693061105q_nonmmmf_ts,q,6,FRED_BOGZ1FL693061105Q_nonmmmf_ts.csv,316,0.990596
q__bogz1fl693061105q_nonmmmf_ts__lag007,bogz1fl693061105q_nonmmmf_ts,q,7,FRED_BOGZ1FL693061105Q_nonmmmf_ts.csv,315,0.987461
q__bogz1fl693061105q_nonmmmf_ts__lag008,bogz1fl693061105q_nonmmmf_ts,q,8,FRED_BOGZ1FL693061105Q_nonmmmf_ts.csv,314,0.984326
q__bogz1fl702050005q_usb_ffrrp__lag001,bogz1fl702050005q_usb_ffrrp,q,1,FRED_BOGZ1FL702050005Q_usb_ffrrp.csv,319,1.0
q__bogz1fl702050005q_usb_ffrrp__lag002,bogz1fl702050005q_usb_ffrrp,q,2,FRED_BOGZ1FL702050005Q_usb_ffrrp.csv,319,1.0
q__bogz1fl702050005q_usb_ffrrp__lag003,bogz1fl702050005q_usb_ffrrp,q,3,FRED_BOGZ1FL702050005Q_usb_ffrrp.csv,319,1.0
q__bogz1fl702050005q_usb_ffrrp__lag004,bogz1fl702050005q_usb_ffrrp,q,4,FRED_BOGZ1FL702050005Q_usb_ffrrp.csv,318,0.996865
q__bogz1fl702050005q_usb_ffrrp__lag005,bogz1fl702050005q_usb_ffrrp,q,5,FRED_BOGZ1FL702050005Q_usb_ffrrp.csv,317,0.99373
q__bogz1fl702050005q_usb_ffrrp__lag006,bogz1fl702050005q_usb_ffrrp,q,6,FRED_BOGZ1FL702050005Q_usb_ffrrp.csv,316,0.990596
q__bogz1fl702050005q_usb_ffrrp__lag007,bogz1fl702050005q_usb_ffrrp,q,7,FRED_BOGZ1FL702050005Q_usb_ffrrp.csv,315,0.987461
q__bogz1fl702050005q_usb_ffrrp__lag008,bogz1fl702050005q_usb_ffrrp,q,8,FRED_BOGZ1FL702050005Q_usb_ffrrp.csv,314,0.984326
q__bogz1fl702150005q_usb_ffrepo__lag001,bogz1fl702150005q_usb_ffrepo,q,1,FRED_BOGZ1FL702150005Q_usb_ffrepo.csv,319,1.0
q__bogz1fl702150005q_usb_ffrepo__lag002,bogz1fl702150005q_usb_ffrepo,q,2,FRED_BOGZ1FL702150005Q_usb_ffrepo.csv,319,1.0
q__bogz1fl702150005q_usb_ffrepo__lag003,bogz1fl702150005q_usb_ffrepo,q,3,FRED_BOGZ1FL702150005Q_usb_ffrepo.csv,319,1.0
q__bogz1fl702150005q_usb_ffrepo__lag004,bogz1fl702150005q_usb_ffrepo,q,4,FRED_BOGZ1FL702150005Q_usb_ffrepo.csv,318,0.996865
q__bogz1fl702150005q_usb_ffrepo__lag005,bogz1fl702150005q_usb_ffrepo,q,5,FRED_BOGZ1FL702150005Q_usb_ffrepo.csv,317,0.99373
q__bogz1fl702150005q_usb_ffrepo__lag006,bogz1fl702150005q_usb_ffrepo,q,6,FRED_BOGZ1FL702150005Q_usb_ffrepo.csv,316,0.990596
q__bogz1fl702150005q_usb_ffrepo__lag007,bogz1fl702150005q_usb_ffrepo,q,7,FRED_BOGZ1FL702150005Q_usb_ffrepo.csv,315,0.987461
q__bogz1fl702150005q_usb_ffrepo__lag008,bogz1fl702150005q_usb_ffrepo,q,8,FRED_BOGZ1FL702150005Q_usb_ffrepo.csv,314,0.984326
q__bogz1fl704035005q_usb_loan_a__lag001,bogz1fl704035005q_usb_loan_a,q,1,FRED_BOGZ1FL704035005Q_usb_loan_a.csv,319,1.0
q__bogz1fl704035005q_usb_loan_a__lag002,bogz1fl704035005q_usb_loan_a,q,2,FRED_BOGZ1FL704035005Q_usb_loan_a.csv,319,1.0
q__bogz1fl704035005q_usb_loan_a__lag003,bogz1fl704035005q_usb_loan_a,q,3,FRED_BOGZ1FL704035005Q_usb_loan_a.csv,319,1.0
q__bogz1fl704035005q_usb_loan_a__lag004,bogz1fl704035005q_usb_loan_a,q,4,FRED_BOGZ1FL704035005Q_usb_loan_a.csv,318,0.996865
q__bogz1fl704035005q_usb_loan_a__lag005,bogz1fl704035005q_usb_loan_a,q,5,FRED_BOGZ1FL704035005Q_usb_loan_a.csv,317,0.99373
q__bogz1fl704035005q_usb_loan_a__lag006,bogz1fl704035005q_usb_loan_a,q,6,FRED_BOGZ1FL704035005Q_usb_loan_a.csv,316,0.990596
q__bogz1fl704035005q_usb_loan_a__lag007,bogz1fl704035005q_usb_loan_a,q,7,FRED_BOGZ1FL704035005Q_usb_loan_a.csv,315,0.987461
q__bogz1fl704035005q_usb_loan_a__lag008,bogz1fl704035005q_usb_loan_a,q,8,FRED_BOGZ1FL704035005Q_usb_loan_a.csv,314,0.984326
q__bogz1fl704041005q_usb_stloan_a__lag001,bogz1fl704041005q_usb_stloan_a,q,1,FRED_BOGZ1FL704041005Q_usb_stloan_a.csv,319,1.0
q__bogz1fl704041005q_usb_stloan_a__lag002,bogz1fl704041005q_usb_stloan_a,q,2,FRED_BOGZ1FL704041005Q_usb_stloan_a.csv,319,1.0
q__bogz1fl704041005q_usb_stloan_a__lag003,bogz1fl704041005q_usb_stloan_a,q,3,FRED_BOGZ1FL704041005Q_usb_stloan_a.csv,319,1.0
q__bogz1fl704041005q_usb_stloan_a__lag004,bogz1fl704041005q_usb_stloan_a,q,4,FRED_BOGZ1FL704041005Q_usb_stloan_a.csv,318,0.996865
q__bogz1fl704041005q_usb_stloan_a__lag005,bogz1fl704041005q_usb_stloan_a,q,5,FRED_BOGZ1FL704041005Q_usb_stloan_a.csv,317,0.99373
q__bogz1fl704041005q_usb_stloan_a__lag006,bogz1fl704041005q_usb_stloan_a,q,6,FRED_BOGZ1FL704041005Q_usb_stloan_a.csv,316,0.990596
q__bogz1fl704041005q_usb_stloan_a__lag007,bogz1fl704041005q_usb_stloan_a,q,7,FRED_BOGZ1FL704041005Q_usb_stloan_a.csv,315,0.987461
q__bogz1fl704041005q_usb_stloan_a__lag008,bogz1fl704041005q_usb_stloan_a,q,8,FRED_BOGZ1FL704041005Q_usb_stloan_a.csv,314,0.984326
q__bogz1fl704135005q_usb_loan_l__lag001,bogz1fl704135005q_usb_loan_l,q,1,FRED_BOGZ1FL704135005Q_usb_loan_l.csv,319,1.0
q__bogz1fl704135005q_usb_loan_l__lag002,bogz1fl704135005q_usb_loan_l,q,2,FRED_BOGZ1FL704135005Q_usb_loan_l.csv,319,1.0
q__bogz1fl704135005q_usb_loan_l__lag003,bogz1fl704135005q_usb_loan_l,q,3,FRED_BOGZ1FL704135005Q_usb_loan_l.csv,319,1.0
q__bogz1fl704135005q_usb_loan_l__lag004,bogz1fl704135005q_usb_loan_l,q,4,FRED_BOGZ1FL704135005Q_usb_loan_l.csv,318,0.996865
q__bogz1fl704135005q_usb_loan_l__lag005,bogz1fl704135005q_usb_loan_l,q,5,FRED_BOGZ1FL704135005Q_usb_loan_l.csv,317,0.99373
q__bogz1fl704135005q_usb_loan_l__lag006,bogz1fl704135005q_usb_loan_l,q,6,FRED_BOGZ1FL704135005Q_usb_loan_l.csv,316,0.990596
q__bogz1fl704135005q_usb_loan_l__lag007,bogz1fl704135005q_usb_loan_l,q,7,FRED_BOGZ1FL704135005Q_usb_loan_l.csv,315,0.987461
q__bogz1fl704135005q_usb_loan_l__lag008,bogz1fl704135005q_usb_loan_l,q,8,FRED_BOGZ1FL704135005Q_usb_loan_l.csv,314,0.984326
q__bogz1fl704141005q_usb_stloan_l__lag001,bogz1fl704141005q_usb_stloan_l,q,1,FRED_BOGZ1FL704141005Q_usb_stloan_l.csv,319,1.0
q__bogz1fl704141005q_usb_stloan_l__lag002,bogz1fl704141005q_usb_stloan_l,q,2,FRED_BOGZ1FL704141005Q_usb_stloan_l.csv,319,1.0
q__bogz1fl704141005q_usb_stloan_l__lag003,bogz1fl704141005q_usb_stloan_l,q,3,FRED_BOGZ1FL704141005Q_usb_stloan_l.csv,319,1.0
q__bogz1fl704141005q_usb_stloan_l__lag004,bogz1fl704141005q_usb_stloan_l,q,4,FRED_BOGZ1FL704141005Q_usb_stloan_l.csv,318,0.996865
q__bogz1fl704141005q_usb_stloan_l__lag005,bogz1fl704141005q_usb_stloan_l,q,5,FRED_BOGZ1FL704141005Q_usb_stloan_l.csv,317,0.99373
q__bogz1fl704141005q_usb_stloan_l__lag006,bogz1fl704141005q_usb_stloan_l,q,6,FRED_BOGZ1FL704141005Q_usb_stloan_l.csv,316,0.990596
q__bogz1fl704141005q_usb_stloan_l__lag007,bogz1fl704141005q_usb_stloan_l,q,7,FRED_BOGZ1FL704141005Q_usb_stloan_l.csv,315,0.987461
q__bogz1fl704141005q_usb_stloan_l__lag008,bogz1fl704141005q_usb_stloan_l,q,8,FRED_BOGZ1FL704141005Q_usb_stloan_l.csv,314,0.984326
q__bogz1fl712051000q_fed_rrp__lag001,bogz1fl712051000q_fed_rrp,q,1,FRED_BOGZ1FL712051000Q_fed_rrp.csv,319,1.0
q__bogz1fl712051000q_fed_rrp__lag002,bogz1fl712051000q_fed_rrp,q,2,FRED_BOGZ1FL712051000Q_fed_rrp.csv,319,1.0
q__bogz1fl712051000q_fed_rrp__lag003,bogz1fl712051000q_fed_rrp,q,3,FRED_BOGZ1FL712051000Q_fed_rrp.csv,319,1.0
q__bogz1fl712051000q_fed_rrp__lag004,bogz1fl712051000q_fed_rrp,q,4,FRED_BOGZ1FL712051000Q_fed_rrp.csv,318,0.996865
q__bogz1fl712051000q_fed_rrp__lag005,bogz1fl712051000q_fed_rrp,q,5,FRED_BOGZ1FL712051000Q_fed_rrp.csv,317,0.99373
q__bogz1fl712051000q_fed_rrp__lag006,bogz1fl712051000q_fed_rrp,q,6,FRED_BOGZ1FL712051000Q_fed_rrp.csv,316,0.990596
q__bogz1fl712051000q_fed_rrp__lag007,bogz1fl712051000q_fed_rrp,q,7,FRED_BOGZ1FL712051000Q_fed_rrp.csv,315,0.987461
q__bogz1fl712051000q_fed_rrp__lag008,bogz1fl712051000q_fed_rrp,q,8,FRED_BOGZ1FL712051000Q_fed_rrp.csv,314,0.984326
q__bogz1fl712151003q_fed_repo__lag001,bogz1fl712151003q_fed_repo,q,1,FRED_BOGZ1FL712151003Q_fed_repo.csv,319,1.0
q__bogz1fl712151003q_fed_repo__lag002,bogz1fl712151003q_fed_repo,q,2,FRED_BOGZ1FL712151003Q_fed_repo.csv,319,1.0
q__bogz1fl712151003q_fed_repo__lag003,bogz1fl712151003q_fed_repo,q,3,FRED_BOGZ1FL712151003Q_fed_repo.csv,319,1.0
q__bogz1fl712151003q_fed_repo__lag004,bogz1fl712151003q_fed_repo,q,4,FRED_BOGZ1FL712151003Q_fed_repo.csv,318,0.996865
q__bogz1fl712151003q_fed_repo__lag005,bogz1fl712151003q_fed_repo,q,5,FRED_BOGZ1FL712151003Q_fed_repo.csv,317,0.99373
q__bogz1fl712151003q_fed_repo__lag006,bogz1fl712151003q_fed_repo,q,6,FRED_BOGZ1FL712151003Q_fed_repo.csv,316,0.990596
q__bogz1fl712151003q_fed_repo__lag007,bogz1fl712151003q_fed_repo,q,7,FRED_BOGZ1FL712151003Q_fed_repo.csv,315,0.987461
q__bogz1fl712151003q_fed_repo__lag008,bogz1fl712151003q_fed_repo,q,8,FRED_BOGZ1FL712151003Q_fed_repo.csv,314,0.984326
q__bogz1fl713061103q_fed_tsy__lag001,bogz1fl713061103q_fed_tsy,q,1,FRED_BOGZ1FL713061103Q_Fed_tsy.csv,319,1.0
q__bogz1fl713061103q_fed_tsy__lag002,bogz1fl713061103q_fed_tsy,q,2,FRED_BOGZ1FL713061103Q_Fed_tsy.csv,319,1.0
q__bogz1fl713061103q_fed_tsy__lag003,bogz1fl713061103q_fed_tsy,q,3,FRED_BOGZ1FL713061103Q_Fed_tsy.csv,319,1.0
q__bogz1fl713061103q_fed_tsy__lag004,bogz1fl713061103q_fed_tsy,q,4,FRED_BOGZ1FL713061103Q_Fed_tsy.csv,318,0.996865
q__bogz1fl713061103q_fed_tsy__lag005,bogz1fl713061103q_fed_tsy,q,5,FRED_BOGZ1FL713061103Q_Fed_tsy.csv,317,0.99373
q__bogz1fl713061103q_fed_tsy__lag006,bogz1fl713061103q_fed_tsy,q,6,FRED_BOGZ1FL713061103Q_Fed_tsy.csv,316,0.990596
q__bogz1fl713061103q_fed_tsy__lag007,bogz1fl713061103q_fed_tsy,q,7,FRED_BOGZ1FL713061103Q_Fed_tsy.csv,315,0.987461
q__bogz1fl713061103q_fed_tsy__lag008,bogz1fl713061103q_fed_tsy,q,8,FRED_BOGZ1FL713061103Q_Fed_tsy.csv,314,0.984326
q__bogz1fl713061103q_fed_tsy_raw__lag001,bogz1fl713061103q_fed_tsy_raw,q,1,FRED_BOGZ1FL713061103Q_Fed_tsy_raw.csv,319,1.0
q__bogz1fl713061103q_fed_tsy_raw__lag002,bogz1fl713061103q_fed_tsy_raw,q,2,FRED_BOGZ1FL713061103Q_Fed_tsy_raw.csv,319,1.0
q__bogz1fl713061103q_fed_tsy_raw__lag003,bogz1fl713061103q_fed_tsy_raw,q,3,FRED_BOGZ1FL713061103Q_Fed_tsy_raw.csv,319,1.0
q__bogz1fl713061103q_fed_tsy_raw__lag004,bogz1fl713061103q_fed_tsy_raw,q,4,FRED_BOGZ1FL713061103Q_Fed_tsy_raw.csv,318,0.996865
q__bogz1fl713061103q_fed_tsy_raw__lag005,bogz1fl713061103q_fed_tsy_raw,q,5,FRED_BOGZ1FL713061103Q_Fed_tsy_raw.csv,317,0.99373
q__bogz1fl713061103q_fed_tsy_raw__lag006,bogz1fl713061103q_fed_tsy_raw,q,6,FRED_BOGZ1FL713061103Q_Fed_tsy_raw.csv,316,0.990596
q__bogz1fl713061103q_fed_tsy_raw__lag007,bogz1fl713061103q_fed_tsy_raw,q,7,FRED_BOGZ1FL713061103Q_Fed_tsy_raw.csv,315,0.987461
q__bogz1fl713061103q_fed_tsy_raw__lag008,bogz1fl713061103q_fed_tsy_raw,q,8,FRED_BOGZ1FL713061103Q_Fed_tsy_raw.csv,314,0.984326
q__bogz1fl713061103q_cb_tsy__lag001,bogz1fl713061103q_cb_tsy,q,1,FRED_BOGZ1FL713061103Q_cb_tsy.csv,319,1.0
q__bogz1fl713061103q_cb_tsy__lag002,bogz1fl713061103q_cb_tsy,q,2,FRED_BOGZ1FL713061103Q_cb_tsy.csv,319,1.0
q__bogz1fl713061103q_cb_tsy__lag003,bogz1fl713061103q_cb_tsy,q,3,FRED_BOGZ1FL713061103Q_cb_tsy.csv,319,1.0
q__bogz1fl713061103q_cb_tsy__lag004,bogz1fl713061103q_cb_tsy,q,4,FRED_BOGZ1FL713061103Q_cb_tsy.csv,318,0.996865
q__bogz1fl713061103q_cb_tsy__lag005,bogz1fl713061103q_cb_tsy,q,5,FRED_BOGZ1FL713061103Q_cb_tsy.csv,317,0.99373
q__bogz1fl713061103q_cb_tsy__lag006,bogz1fl713061103q_cb_tsy,q,6,FRED_BOGZ1FL713061103Q_cb_tsy.csv,316,0.990596
q__bogz1fl713061103q_cb_tsy__lag007,bogz1fl713061103q_cb_tsy,q,7,FRED_BOGZ1FL713061103Q_cb_tsy.csv,315,0.987461
q__bogz1fl713061103q_cb_tsy__lag008,bogz1fl713061103q_cb_tsy,q,8,FRED_BOGZ1FL713061103Q_cb_tsy.csv,314,0.984326
q__bogz1fl713061113q_cb_bills_raw__lag001,bogz1fl713061113q_cb_bills_raw,q,1,FRED_BOGZ1FL713061113Q_CB_bills_raw.csv,319,1.0
q__bogz1fl713061113q_cb_bills_raw__lag002,bogz1fl713061113q_cb_bills_raw,q,2,FRED_BOGZ1FL713061113Q_CB_bills_raw.csv,319,1.0
q__bogz1fl713061113q_cb_bills_raw__lag003,bogz1fl713061113q_cb_bills_raw,q,3,FRED_BOGZ1FL713061113Q_CB_bills_raw.csv,319,1.0
q__bogz1fl713061113q_cb_bills_raw__lag004,bogz1fl713061113q_cb_bills_raw,q,4,FRED_BOGZ1FL713061113Q_CB_bills_raw.csv,318,0.996865
q__bogz1fl713061113q_cb_bills_raw__lag005,bogz1fl713061113q_cb_bills_raw,q,5,FRED_BOGZ1FL713061113Q_CB_bills_raw.csv,317,0.99373
q__bogz1fl713061113q_cb_bills_raw__lag006,bogz1fl713061113q_cb_bills_raw,q,6,FRED_BOGZ1FL713061113Q_CB_bills_raw.csv,316,0.990596
q__bogz1fl713061113q_cb_bills_raw__lag007,bogz1fl713061113q_cb_bills_raw,q,7,FRED_BOGZ1FL713061113Q_CB_bills_raw.csv,315,0.987461
q__bogz1fl713061113q_cb_bills_raw__lag008,bogz1fl713061113q_cb_bills_raw,q,8,FRED_BOGZ1FL713061113Q_CB_bills_raw.csv,314,0.984326
q__bogz1fl713061113q_cb_bills__lag001,bogz1fl713061113q_cb_bills,q,1,FRED_BOGZ1FL713061113Q_cb_bills.csv,319,1.0
q__bogz1fl713061113q_cb_bills__lag002,bogz1fl713061113q_cb_bills,q,2,FRED_BOGZ1FL713061113Q_cb_bills.csv,319,1.0
q__bogz1fl713061113q_cb_bills__lag003,bogz1fl713061113q_cb_bills,q,3,FRED_BOGZ1FL713061113Q_cb_bills.csv,319,1.0
q__bogz1fl713061113q_cb_bills__lag004,bogz1fl713061113q_cb_bills,q,4,FRED_BOGZ1FL713061113Q_cb_bills.csv,318,0.996865
q__bogz1fl713061113q_cb_bills__lag005,bogz1fl713061113q_cb_bills,q,5,FRED_BOGZ1FL713061113Q_cb_bills.csv,317,0.99373
q__bogz1fl713061113q_cb_bills__lag006,bogz1fl713061113q_cb_bills,q,6,FRED_BOGZ1FL713061113Q_cb_bills.csv,316,0.990596
q__bogz1fl713061113q_cb_bills__lag007,bogz1fl713061113q_cb_bills,q,7,FRED_BOGZ1FL713061113Q_cb_bills.csv,315,0.987461
q__bogz1fl713061113q_cb_bills__lag008,bogz1fl713061113q_cb_bills,q,8,FRED_BOGZ1FL713061113Q_cb_bills.csv,314,0.984326
q__bogz1fl713068703q_fed_dw_a__lag001,bogz1fl713068703q_fed_dw_a,q,1,FRED_BOGZ1FL713068703Q_fed_dw_a.csv,319,1.0
q__bogz1fl713068703q_fed_dw_a__lag002,bogz1fl713068703q_fed_dw_a,q,2,FRED_BOGZ1FL713068703Q_fed_dw_a.csv,319,1.0
q__bogz1fl713068703q_fed_dw_a__lag003,bogz1fl713068703q_fed_dw_a,q,3,FRED_BOGZ1FL713068703Q_fed_dw_a.csv,319,1.0
q__bogz1fl713068703q_fed_dw_a__lag004,bogz1fl713068703q_fed_dw_a,q,4,FRED_BOGZ1FL713068703Q_fed_dw_a.csv,318,0.996865
q__bogz1fl713068703q_fed_dw_a__lag005,bogz1fl713068703q_fed_dw_a,q,5,FRED_BOGZ1FL713068703Q_fed_dw_a.csv,317,0.99373
q__bogz1fl713068703q_fed_dw_a__lag006,bogz1fl713068703q_fed_dw_a,q,6,FRED_BOGZ1FL713068703Q_fed_dw_a.csv,316,0.990596
q__bogz1fl713068703q_fed_dw_a__lag007,bogz1fl713068703q_fed_dw_a,q,7,FRED_BOGZ1FL713068703Q_fed_dw_a.csv,315,0.987461
q__bogz1fl713068703q_fed_dw_a__lag008,bogz1fl713068703q_fed_dw_a,q,8,FRED_BOGZ1FL713068703Q_fed_dw_a.csv,314,0.984326
q__bogz1fl713123030q_tga__lag001,bogz1fl713123030q_tga,q,1,FRED_BOGZ1FL713123030Q_TGA.csv,319,1.0
q__bogz1fl713123030q_tga__lag002,bogz1fl713123030q_tga,q,2,FRED_BOGZ1FL713123030Q_TGA.csv,319,1.0
q__bogz1fl713123030q_tga__lag003,bogz1fl713123030q_tga,q,3,FRED_BOGZ1FL713123030Q_TGA.csv,319,1.0
q__bogz1fl713123030q_tga__lag004,bogz1fl713123030q_tga,q,4,FRED_BOGZ1FL713123030Q_TGA.csv,318,0.996865
q__bogz1fl713123030q_tga__lag005,bogz1fl713123030q_tga,q,5,FRED_BOGZ1FL713123030Q_TGA.csv,317,0.99373
q__bogz1fl713123030q_tga__lag006,bogz1fl713123030q_tga,q,6,FRED_BOGZ1FL713123030Q_TGA.csv,316,0.990596
q__bogz1fl713123030q_tga__lag007,bogz1fl713123030q_tga,q,7,FRED_BOGZ1FL713123030Q_TGA.csv,315,0.987461
q__bogz1fl713123030q_tga__lag008,bogz1fl713123030q_tga,q,8,FRED_BOGZ1FL713123030Q_TGA.csv,314,0.984326
q__bogz1fl713123030q_tga_z1__lag001,bogz1fl713123030q_tga_z1,q,1,FRED_BOGZ1FL713123030Q_TGA_z1.csv,319,1.0
q__bogz1fl713123030q_tga_z1__lag002,bogz1fl713123030q_tga_z1,q,2,FRED_BOGZ1FL713123030Q_TGA_z1.csv,319,1.0
q__bogz1fl713123030q_tga_z1__lag003,bogz1fl713123030q_tga_z1,q,3,FRED_BOGZ1FL713123030Q_TGA_z1.csv,319,1.0
q__bogz1fl713123030q_tga_z1__lag004,bogz1fl713123030q_tga_z1,q,4,FRED_BOGZ1FL713123030Q_TGA_z1.csv,318,0.996865
q__bogz1fl713123030q_tga_z1__lag005,bogz1fl713123030q_tga_z1,q,5,FRED_BOGZ1FL713123030Q_TGA_z1.csv,317,0.99373
q__bogz1fl713123030q_tga_z1__lag006,bogz1fl713123030q_tga_z1,q,6,FRED_BOGZ1FL713123030Q_TGA_z1.csv,316,0.990596
q__bogz1fl713123030q_tga_z1__lag007,bogz1fl713123030q_tga_z1,q,7,FRED_BOGZ1FL713123030Q_TGA_z1.csv,315,0.987461
q__bogz1fl713123030q_tga_z1__lag008,bogz1fl713123030q_tga_z1,q,8,FRED_BOGZ1FL713123030Q_TGA_z1.csv,314,0.984326
q__bogz1fl743061103q_usb_tsy_dom__lag001,bogz1fl743061103q_usb_tsy_dom,q,1,FRED_BOGZ1FL743061103Q_USB_tsy_dom.csv,319,1.0
q__bogz1fl743061103q_usb_tsy_dom__lag002,bogz1fl743061103q_usb_tsy_dom,q,2,FRED_BOGZ1FL743061103Q_USB_tsy_dom.csv,319,1.0
q__bogz1fl743061103q_usb_tsy_dom__lag003,bogz1fl743061103q_usb_tsy_dom,q,3,FRED_BOGZ1FL743061103Q_USB_tsy_dom.csv,319,1.0
q__bogz1fl743061103q_usb_tsy_dom__lag004,bogz1fl743061103q_usb_tsy_dom,q,4,FRED_BOGZ1FL743061103Q_USB_tsy_dom.csv,318,0.996865
q__bogz1fl743061103q_usb_tsy_dom__lag005,bogz1fl743061103q_usb_tsy_dom,q,5,FRED_BOGZ1FL743061103Q_USB_tsy_dom.csv,317,0.99373
q__bogz1fl743061103q_usb_tsy_dom__lag006,bogz1fl743061103q_usb_tsy_dom,q,6,FRED_BOGZ1FL743061103Q_USB_tsy_dom.csv,316,0.990596
q__bogz1fl743061103q_usb_tsy_dom__lag007,bogz1fl743061103q_usb_tsy_dom,q,7,FRED_BOGZ1FL743061103Q_USB_tsy_dom.csv,315,0.987461
q__bogz1fl743061103q_usb_tsy_dom__lag008,bogz1fl743061103q_usb_tsy_dom,q,8,FRED_BOGZ1FL743061103Q_USB_tsy_dom.csv,314,0.984326
q__bogz1fl753061103q_usb_tsy_for__lag001,bogz1fl753061103q_usb_tsy_for,q,1,FRED_BOGZ1FL753061103Q_USB_tsy_for.csv,319,1.0
q__bogz1fl753061103q_usb_tsy_for__lag002,bogz1fl753061103q_usb_tsy_for,q,2,FRED_BOGZ1FL753061103Q_USB_tsy_for.csv,319,1.0
q__bogz1fl753061103q_usb_tsy_for__lag003,bogz1fl753061103q_usb_tsy_for,q,3,FRED_BOGZ1FL753061103Q_USB_tsy_for.csv,319,1.0
q__bogz1fl753061103q_usb_tsy_for__lag004,bogz1fl753061103q_usb_tsy_for,q,4,FRED_BOGZ1FL753061103Q_USB_tsy_for.csv,318,0.996865
q__bogz1fl753061103q_usb_tsy_for__lag005,bogz1fl753061103q_usb_tsy_for,q,5,FRED_BOGZ1FL753061103Q_USB_tsy_for.csv,317,0.99373
q__bogz1fl753061103q_usb_tsy_for__lag006,bogz1fl753061103q_usb_tsy_for,q,6,FRED_BOGZ1FL753061103Q_USB_tsy_for.csv,316,0.990596
q__bogz1fl753061103q_usb_tsy_for__lag007,bogz1fl753061103q_usb_tsy_for,q,7,FRED_BOGZ1FL753061103Q_USB_tsy_for.csv,315,0.987461
q__bogz1fl753061103q_usb_tsy_for__lag008,bogz1fl753061103q_usb_tsy_for,q,8,FRED_BOGZ1FL753061103Q_USB_tsy_for.csv,314,0.984326
q__bogz1fl763061100q_usb_tsy_oth__lag001,bogz1fl763061100q_usb_tsy_oth,q,1,FRED_BOGZ1FL763061100Q_USB_tsy_oth.csv,319,1.0
q__bogz1fl763061100q_usb_tsy_oth__lag002,bogz1fl763061100q_usb_tsy_oth,q,2,FRED_BOGZ1FL763061100Q_USB_tsy_oth.csv,319,1.0
q__bogz1fl763061100q_usb_tsy_oth__lag003,bogz1fl763061100q_usb_tsy_oth,q,3,FRED_BOGZ1FL763061100Q_USB_tsy_oth.csv,319,1.0
q__bogz1fl763061100q_usb_tsy_oth__lag004,bogz1fl763061100q_usb_tsy_oth,q,4,FRED_BOGZ1FL763061100Q_USB_tsy_oth.csv,318,0.996865
q__bogz1fl763061100q_usb_tsy_oth__lag005,bogz1fl763061100q_usb_tsy_oth,q,5,FRED_BOGZ1FL763061100Q_USB_tsy_oth.csv,317,0.99373
q__bogz1fl763061100q_usb_tsy_oth__lag006,bogz1fl763061100q_usb_tsy_oth,q,6,FRED_BOGZ1FL763061100Q_USB_tsy_oth.csv,316,0.990596
q__bogz1fl763061100q_usb_tsy_oth__lag007,bogz1fl763061100q_usb_tsy_oth,q,7,FRED_BOGZ1FL763061100Q_USB_tsy_oth.csv,315,0.987461
q__bogz1fl763061100q_usb_tsy_oth__lag008,bogz1fl763061100q_usb_tsy_oth,q,8,FRED_BOGZ1FL763061100Q_USB_tsy_oth.csv,314,0.984326
q__bogz1fl763123005q_tga_usb__lag001,bogz1fl763123005q_tga_usb,q,1,FRED_BOGZ1FL763123005Q_tga_usb.csv,319,1.0
q__bogz1fl763123005q_tga_usb__lag002,bogz1fl763123005q_tga_usb,q,2,FRED_BOGZ1FL763123005Q_tga_usb.csv,319,1.0
q__bogz1fl763123005q_tga_usb__lag003,bogz1fl763123005q_tga_usb,q,3,FRED_BOGZ1FL763123005Q_tga_usb.csv,319,1.0
q__bogz1fl763123005q_tga_usb__lag004,bogz1fl763123005q_tga_usb,q,4,FRED_BOGZ1FL763123005Q_tga_usb.csv,318,0.996865
q__bogz1fl763123005q_tga_usb__lag005,bogz1fl763123005q_tga_usb,q,5,FRED_BOGZ1FL763123005Q_tga_usb.csv,317,0.99373
q__bogz1fl763123005q_tga_usb__lag006,bogz1fl763123005q_tga_usb,q,6,FRED_BOGZ1FL763123005Q_tga_usb.csv,316,0.990596
q__bogz1fl763123005q_tga_usb__lag007,bogz1fl763123005q_tga_usb,q,7,FRED_BOGZ1FL763123005Q_tga_usb.csv,315,0.987461
q__bogz1fl763123005q_tga_usb__lag008,bogz1fl763123005q_tga_usb,q,8,FRED_BOGZ1FL763123005Q_tga_usb.csv,314,0.984326
q__bogz1fl884035005q_dom_loan_a__lag001,bogz1fl884035005q_dom_loan_a,q,1,FRED_BOGZ1FL884035005Q_dom_loan_a.csv,319,1.0
q__bogz1fl884035005q_dom_loan_a__lag002,bogz1fl884035005q_dom_loan_a,q,2,FRED_BOGZ1FL884035005Q_dom_loan_a.csv,319,1.0
q__bogz1fl884035005q_dom_loan_a__lag003,bogz1fl884035005q_dom_loan_a,q,3,FRED_BOGZ1FL884035005Q_dom_loan_a.csv,319,1.0
q__bogz1fl884035005q_dom_loan_a__lag004,bogz1fl884035005q_dom_loan_a,q,4,FRED_BOGZ1FL884035005Q_dom_loan_a.csv,318,0.996865
q__bogz1fl884035005q_dom_loan_a__lag005,bogz1fl884035005q_dom_loan_a,q,5,FRED_BOGZ1FL884035005Q_dom_loan_a.csv,317,0.99373
q__bogz1fl884035005q_dom_loan_a__lag006,bogz1fl884035005q_dom_loan_a,q,6,FRED_BOGZ1FL884035005Q_dom_loan_a.csv,316,0.990596
q__bogz1fl884035005q_dom_loan_a__lag007,bogz1fl884035005q_dom_loan_a,q,7,FRED_BOGZ1FL884035005Q_dom_loan_a.csv,315,0.987461
q__bogz1fl884035005q_dom_loan_a__lag008,bogz1fl884035005q_dom_loan_a,q,8,FRED_BOGZ1FL884035005Q_dom_loan_a.csv,314,0.984326
q__bogz1fl884135005q_dom_loan_l__lag001,bogz1fl884135005q_dom_loan_l,q,1,FRED_BOGZ1FL884135005Q_dom_loan_l.csv,319,1.0
q__bogz1fl884135005q_dom_loan_l__lag002,bogz1fl884135005q_dom_loan_l,q,2,FRED_BOGZ1FL884135005Q_dom_loan_l.csv,319,1.0
q__bogz1fl884135005q_dom_loan_l__lag003,bogz1fl884135005q_dom_loan_l,q,3,FRED_BOGZ1FL884135005Q_dom_loan_l.csv,319,1.0
q__bogz1fl884135005q_dom_loan_l__lag004,bogz1fl884135005q_dom_loan_l,q,4,FRED_BOGZ1FL884135005Q_dom_loan_l.csv,318,0.996865
q__bogz1fl884135005q_dom_loan_l__lag005,bogz1fl884135005q_dom_loan_l,q,5,FRED_BOGZ1FL884135005Q_dom_loan_l.csv,317,0.99373
q__bogz1fl884135005q_dom_loan_l__lag006,bogz1fl884135005q_dom_loan_l,q,6,FRED_BOGZ1FL884135005Q_dom_loan_l.csv,316,0.990596
q__bogz1fl884135005q_dom_loan_l__lag007,bogz1fl884135005q_dom_loan_l,q,7,FRED_BOGZ1FL884135005Q_dom_loan_l.csv,315,0.987461
q__bogz1fl884135005q_dom_loan_l__lag008,bogz1fl884135005q_dom_loan_l,q,8,FRED_BOGZ1FL884135005Q_dom_loan_l.csv,314,0.984326
q__bogz1fl892050005q_all_ffrepo__lag001,bogz1fl892050005q_all_ffrepo,q,1,FRED_BOGZ1FL892050005Q_all_ffrepo.csv,319,1.0
q__bogz1fl892050005q_all_ffrepo__lag002,bogz1fl892050005q_all_ffrepo,q,2,FRED_BOGZ1FL892050005Q_all_ffrepo.csv,319,1.0
q__bogz1fl892050005q_all_ffrepo__lag003,bogz1fl892050005q_all_ffrepo,q,3,FRED_BOGZ1FL892050005Q_all_ffrepo.csv,319,1.0
q__bogz1fl892050005q_all_ffrepo__lag004,bogz1fl892050005q_all_ffrepo,q,4,FRED_BOGZ1FL892050005Q_all_ffrepo.csv,318,0.996865
q__bogz1fl892050005q_all_ffrepo__lag005,bogz1fl892050005q_all_ffrepo,q,5,FRED_BOGZ1FL892050005Q_all_ffrepo.csv,317,0.99373
q__bogz1fl892050005q_all_ffrepo__lag006,bogz1fl892050005q_all_ffrepo,q,6,FRED_BOGZ1FL892050005Q_all_ffrepo.csv,316,0.990596
q__bogz1fl892050005q_all_ffrepo__lag007,bogz1fl892050005q_all_ffrepo,q,7,FRED_BOGZ1FL892050005Q_all_ffrepo.csv,315,0.987461
q__bogz1fl892050005q_all_ffrepo__lag008,bogz1fl892050005q_all_ffrepo,q,8,FRED_BOGZ1FL892050005Q_all_ffrepo.csv,314,0.984326
q__bogz1fr103061103q_nfcb_tsy_reval__lag001,bogz1fr103061103q_nfcb_tsy_reval,q,1,FRED_BOGZ1FR103061103Q_nfcb_tsy_reval.csv,317,0.99373
q__bogz1fr103061103q_nfcb_tsy_reval__lag002,bogz1fr103061103q_nfcb_tsy_reval,q,2,FRED_BOGZ1FR103061103Q_nfcb_tsy_reval.csv,316,0.990596
q__bogz1fr103061103q_nfcb_tsy_reval__lag003,bogz1fr103061103q_nfcb_tsy_reval,q,3,FRED_BOGZ1FR103061103Q_nfcb_tsy_reval.csv,315,0.987461
q__bogz1fr103061103q_nfcb_tsy_reval__lag004,bogz1fr103061103q_nfcb_tsy_reval,q,4,FRED_BOGZ1FR103061103Q_nfcb_tsy_reval.csv,314,0.984326
q__bogz1fr103061103q_nfcb_tsy_reval__lag005,bogz1fr103061103q_nfcb_tsy_reval,q,5,FRED_BOGZ1FR103061103Q_nfcb_tsy_reval.csv,313,0.981191
q__bogz1fr103061103q_nfcb_tsy_reval__lag006,bogz1fr103061103q_nfcb_tsy_reval,q,6,FRED_BOGZ1FR103061103Q_nfcb_tsy_reval.csv,312,0.978056
q__bogz1fr103061103q_nfcb_tsy_reval__lag007,bogz1fr103061103q_nfcb_tsy_reval,q,7,FRED_BOGZ1FR103061103Q_nfcb_tsy_reval.csv,311,0.974922
q__bogz1fr103061103q_nfcb_tsy_reval__lag008,bogz1fr103061103q_nfcb_tsy_reval,q,8,FRED_BOGZ1FR103061103Q_nfcb_tsy_reval.csv,310,0.971787
q__bogz1fr153061105q_hhnp_tsy_reval__lag001,bogz1fr153061105q_hhnp_tsy_reval,q,1,FRED_BOGZ1FR153061105Q_hhnp_tsy_reval.csv,317,0.99373
q__bogz1fr153061105q_hhnp_tsy_reval__lag002,bogz1fr153061105q_hhnp_tsy_reval,q,2,FRED_BOGZ1FR153061105Q_hhnp_tsy_reval.csv,316,0.990596
q__bogz1fr153061105q_hhnp_tsy_reval__lag003,bogz1fr153061105q_hhnp_tsy_reval,q,3,FRED_BOGZ1FR153061105Q_hhnp_tsy_reval.csv,315,0.987461
q__bogz1fr153061105q_hhnp_tsy_reval__lag004,bogz1fr153061105q_hhnp_tsy_reval,q,4,FRED_BOGZ1FR153061105Q_hhnp_tsy_reval.csv,314,0.984326
q__bogz1fr153061105q_hhnp_tsy_reval__lag005,bogz1fr153061105q_hhnp_tsy_reval,q,5,FRED_BOGZ1FR153061105Q_hhnp_tsy_reval.csv,313,0.981191
q__bogz1fr153061105q_hhnp_tsy_reval__lag006,bogz1fr153061105q_hhnp_tsy_reval,q,6,FRED_BOGZ1FR153061105Q_hhnp_tsy_reval.csv,312,0.978056
q__bogz1fr153061105q_hhnp_tsy_reval__lag007,bogz1fr153061105q_hhnp_tsy_reval,q,7,FRED_BOGZ1FR153061105Q_hhnp_tsy_reval.csv,311,0.974922
q__bogz1fr153061105q_hhnp_tsy_reval__lag008,bogz1fr153061105q_hhnp_tsy_reval,q,8,FRED_BOGZ1FR153061105Q_hhnp_tsy_reval.csv,310,0.971787
q__bogz1fr213061103q_state_local_gov_ts_reval__lag001,bogz1fr213061103q_state_local_gov_ts_reval,q,1,FRED_BOGZ1FR213061103Q_State_Local_Gov_ts_reval.csv,317,0.99373
q__bogz1fr213061103q_state_local_gov_ts_reval__lag002,bogz1fr213061103q_state_local_gov_ts_reval,q,2,FRED_BOGZ1FR213061103Q_State_Local_Gov_ts_reval.csv,316,0.990596
q__bogz1fr213061103q_state_local_gov_ts_reval__lag003,bogz1fr213061103q_state_local_gov_ts_reval,q,3,FRED_BOGZ1FR213061103Q_State_Local_Gov_ts_reval.csv,315,0.987461
q__bogz1fr213061103q_state_local_gov_ts_reval__lag004,bogz1fr213061103q_state_local_gov_ts_reval,q,4,FRED_BOGZ1FR213061103Q_State_Local_Gov_ts_reval.csv,314,0.984326
q__bogz1fr213061103q_state_local_gov_ts_reval__lag005,bogz1fr213061103q_state_local_gov_ts_reval,q,5,FRED_BOGZ1FR213061103Q_State_Local_Gov_ts_reval.csv,313,0.981191
q__bogz1fr213061103q_state_local_gov_ts_reval__lag006,bogz1fr213061103q_state_local_gov_ts_reval,q,6,FRED_BOGZ1FR213061103Q_State_Local_Gov_ts_reval.csv,312,0.978056
q__bogz1fr213061103q_state_local_gov_ts_reval__lag007,bogz1fr213061103q_state_local_gov_ts_reval,q,7,FRED_BOGZ1FR213061103Q_State_Local_Gov_ts_reval.csv,311,0.974922
q__bogz1fr213061103q_state_local_gov_ts_reval__lag008,bogz1fr213061103q_state_local_gov_ts_reval,q,8,FRED_BOGZ1FR213061103Q_State_Local_Gov_ts_reval.csv,310,0.971787
q__bogz1fr223061143q_state_local_db_retirement_ts_reval__lag001,bogz1fr223061143q_state_local_db_retirement_ts_reval,q,1,FRED_BOGZ1FR223061143Q_State_Local_DB_Retirement_ts_reval.csv,317,0.99373
q__bogz1fr223061143q_state_local_db_retirement_ts_reval__lag002,bogz1fr223061143q_state_local_db_retirement_ts_reval,q,2,FRED_BOGZ1FR223061143Q_State_Local_DB_Retirement_ts_reval.csv,316,0.990596
q__bogz1fr223061143q_state_local_db_retirement_ts_reval__lag003,bogz1fr223061143q_state_local_db_retirement_ts_reval,q,3,FRED_BOGZ1FR223061143Q_State_Local_DB_Retirement_ts_reval.csv,315,0.987461
q__bogz1fr223061143q_state_local_db_retirement_ts_reval__lag004,bogz1fr223061143q_state_local_db_retirement_ts_reval,q,4,FRED_BOGZ1FR223061143Q_State_Local_DB_Retirement_ts_reval.csv,314,0.984326
q__bogz1fr223061143q_state_local_db_retirement_ts_reval__lag005,bogz1fr223061143q_state_local_db_retirement_ts_reval,q,5,FRED_BOGZ1FR223061143Q_State_Local_DB_Retirement_ts_reval.csv,313,0.981191
q__bogz1fr223061143q_state_local_db_retirement_ts_reval__lag006,bogz1fr223061143q_state_local_db_retirement_ts_reval,q,6,FRED_BOGZ1FR223061143Q_State_Local_DB_Retirement_ts_reval.csv,312,0.978056
q__bogz1fr223061143q_state_local_db_retirement_ts_reval__lag007,bogz1fr223061143q_state_local_db_retirement_ts_reval,q,7,FRED_BOGZ1FR223061143Q_State_Local_DB_Retirement_ts_reval.csv,311,0.974922
q__bogz1fr223061143q_state_local_db_retirement_ts_reval__lag008,bogz1fr223061143q_state_local_db_retirement_ts_reval,q,8,FRED_BOGZ1FR223061143Q_State_Local_DB_Retirement_ts_reval.csv,310,0.971787
q__bogz1fr263061105q_row_bills_reval__lag001,bogz1fr263061105q_row_bills_reval,q,1,FRED_BOGZ1FR263061105Q_row_bills_reval.csv,317,0.99373
q__bogz1fr263061105q_row_bills_reval__lag002,bogz1fr263061105q_row_bills_reval,q,2,FRED_BOGZ1FR263061105Q_row_bills_reval.csv,316,0.990596
q__bogz1fr263061105q_row_bills_reval__lag003,bogz1fr263061105q_row_bills_reval,q,3,FRED_BOGZ1FR263061105Q_row_bills_reval.csv,315,0.987461
q__bogz1fr263061105q_row_bills_reval__lag004,bogz1fr263061105q_row_bills_reval,q,4,FRED_BOGZ1FR263061105Q_row_bills_reval.csv,314,0.984326
q__bogz1fr263061105q_row_bills_reval__lag005,bogz1fr263061105q_row_bills_reval,q,5,FRED_BOGZ1FR263061105Q_row_bills_reval.csv,313,0.981191
q__bogz1fr263061105q_row_bills_reval__lag006,bogz1fr263061105q_row_bills_reval,q,6,FRED_BOGZ1FR263061105Q_row_bills_reval.csv,312,0.978056
q__bogz1fr263061105q_row_bills_reval__lag007,bogz1fr263061105q_row_bills_reval,q,7,FRED_BOGZ1FR263061105Q_row_bills_reval.csv,311,0.974922
q__bogz1fr263061105q_row_bills_reval__lag008,bogz1fr263061105q_row_bills_reval,q,8,FRED_BOGZ1FR263061105Q_row_bills_reval.csv,310,0.971787
q__bogz1fr263061105q_row_tsy_reval__lag001,bogz1fr263061105q_row_tsy_reval,q,1,FRED_BOGZ1FR263061105Q_row_tsy_reval.csv,317,0.99373
q__bogz1fr263061105q_row_tsy_reval__lag002,bogz1fr263061105q_row_tsy_reval,q,2,FRED_BOGZ1FR263061105Q_row_tsy_reval.csv,316,0.990596
q__bogz1fr263061105q_row_tsy_reval__lag003,bogz1fr263061105q_row_tsy_reval,q,3,FRED_BOGZ1FR263061105Q_row_tsy_reval.csv,315,0.987461
q__bogz1fr263061105q_row_tsy_reval__lag004,bogz1fr263061105q_row_tsy_reval,q,4,FRED_BOGZ1FR263061105Q_row_tsy_reval.csv,314,0.984326
q__bogz1fr263061105q_row_tsy_reval__lag005,bogz1fr263061105q_row_tsy_reval,q,5,FRED_BOGZ1FR263061105Q_row_tsy_reval.csv,313,0.981191
q__bogz1fr263061105q_row_tsy_reval__lag006,bogz1fr263061105q_row_tsy_reval,q,6,FRED_BOGZ1FR263061105Q_row_tsy_reval.csv,312,0.978056
q__bogz1fr263061105q_row_tsy_reval__lag007,bogz1fr263061105q_row_tsy_reval,q,7,FRED_BOGZ1FR263061105Q_row_tsy_reval.csv,311,0.974922
q__bogz1fr263061105q_row_tsy_reval__lag008,bogz1fr263061105q_row_tsy_reval,q,8,FRED_BOGZ1FR263061105Q_row_tsy_reval.csv,310,0.971787
q__bogz1fr263061130q_row_gov_tsy_reval__lag001,bogz1fr263061130q_row_gov_tsy_reval,q,1,FRED_BOGZ1FR263061130Q_row_gov_tsy_reval.csv,317,0.99373
q__bogz1fr263061130q_row_gov_tsy_reval__lag002,bogz1fr263061130q_row_gov_tsy_reval,q,2,FRED_BOGZ1FR263061130Q_row_gov_tsy_reval.csv,316,0.990596
q__bogz1fr263061130q_row_gov_tsy_reval__lag003,bogz1fr263061130q_row_gov_tsy_reval,q,3,FRED_BOGZ1FR263061130Q_row_gov_tsy_reval.csv,315,0.987461
q__bogz1fr263061130q_row_gov_tsy_reval__lag004,bogz1fr263061130q_row_gov_tsy_reval,q,4,FRED_BOGZ1FR263061130Q_row_gov_tsy_reval.csv,314,0.984326
q__bogz1fr263061130q_row_gov_tsy_reval__lag005,bogz1fr263061130q_row_gov_tsy_reval,q,5,FRED_BOGZ1FR263061130Q_row_gov_tsy_reval.csv,313,0.981191
q__bogz1fr263061130q_row_gov_tsy_reval__lag006,bogz1fr263061130q_row_gov_tsy_reval,q,6,FRED_BOGZ1FR263061130Q_row_gov_tsy_reval.csv,312,0.978056
q__bogz1fr263061130q_row_gov_tsy_reval__lag007,bogz1fr263061130q_row_gov_tsy_reval,q,7,FRED_BOGZ1FR263061130Q_row_gov_tsy_reval.csv,311,0.974922
q__bogz1fr263061130q_row_gov_tsy_reval__lag008,bogz1fr263061130q_row_gov_tsy_reval,q,8,FRED_BOGZ1FR263061130Q_row_gov_tsy_reval.csv,310,0.971787
q__bogz1fr263061145q_row_priv_tsy_reval__lag001,bogz1fr263061145q_row_priv_tsy_reval,q,1,FRED_BOGZ1FR263061145Q_row_priv_tsy_reval.csv,317,0.99373
q__bogz1fr263061145q_row_priv_tsy_reval__lag002,bogz1fr263061145q_row_priv_tsy_reval,q,2,FRED_BOGZ1FR263061145Q_row_priv_tsy_reval.csv,316,0.990596
q__bogz1fr263061145q_row_priv_tsy_reval__lag003,bogz1fr263061145q_row_priv_tsy_reval,q,3,FRED_BOGZ1FR263061145Q_row_priv_tsy_reval.csv,315,0.987461
q__bogz1fr263061145q_row_priv_tsy_reval__lag004,bogz1fr263061145q_row_priv_tsy_reval,q,4,FRED_BOGZ1FR263061145Q_row_priv_tsy_reval.csv,314,0.984326
q__bogz1fr263061145q_row_priv_tsy_reval__lag005,bogz1fr263061145q_row_priv_tsy_reval,q,5,FRED_BOGZ1FR263061145Q_row_priv_tsy_reval.csv,313,0.981191
q__bogz1fr263061145q_row_priv_tsy_reval__lag006,bogz1fr263061145q_row_priv_tsy_reval,q,6,FRED_BOGZ1FR263061145Q_row_priv_tsy_reval.csv,312,0.978056
q__bogz1fr263061145q_row_priv_tsy_reval__lag007,bogz1fr263061145q_row_priv_tsy_reval,q,7,FRED_BOGZ1FR263061145Q_row_priv_tsy_reval.csv,311,0.974922
q__bogz1fr263061145q_row_priv_tsy_reval__lag008,bogz1fr263061145q_row_priv_tsy_reval,q,8,FRED_BOGZ1FR263061145Q_row_priv_tsy_reval.csv,310,0.971787
q__bogz1fr313161305q_gov_nonmarketable_ts_reval__lag001,bogz1fr313161305q_gov_nonmarketable_ts_reval,q,1,FRED_BOGZ1FR313161305Q_Gov_Nonmarketable_ts_reval.csv,317,0.99373
q__bogz1fr313161305q_gov_nonmarketable_ts_reval__lag002,bogz1fr313161305q_gov_nonmarketable_ts_reval,q,2,FRED_BOGZ1FR313161305Q_Gov_Nonmarketable_ts_reval.csv,316,0.990596
q__bogz1fr313161305q_gov_nonmarketable_ts_reval__lag003,bogz1fr313161305q_gov_nonmarketable_ts_reval,q,3,FRED_BOGZ1FR313161305Q_Gov_Nonmarketable_ts_reval.csv,315,0.987461
q__bogz1fr313161305q_gov_nonmarketable_ts_reval__lag004,bogz1fr313161305q_gov_nonmarketable_ts_reval,q,4,FRED_BOGZ1FR313161305Q_Gov_Nonmarketable_ts_reval.csv,314,0.984326
q__bogz1fr313161305q_gov_nonmarketable_ts_reval__lag005,bogz1fr313161305q_gov_nonmarketable_ts_reval,q,5,FRED_BOGZ1FR313161305Q_Gov_Nonmarketable_ts_reval.csv,313,0.981191
q__bogz1fr313161305q_gov_nonmarketable_ts_reval__lag006,bogz1fr313161305q_gov_nonmarketable_ts_reval,q,6,FRED_BOGZ1FR313161305Q_Gov_Nonmarketable_ts_reval.csv,312,0.978056
q__bogz1fr313161305q_gov_nonmarketable_ts_reval__lag007,bogz1fr313161305q_gov_nonmarketable_ts_reval,q,7,FRED_BOGZ1FR313161305Q_Gov_Nonmarketable_ts_reval.csv,311,0.974922
q__bogz1fr313161305q_gov_nonmarketable_ts_reval__lag008,bogz1fr313161305q_gov_nonmarketable_ts_reval,q,8,FRED_BOGZ1FR313161305Q_Gov_Nonmarketable_ts_reval.csv,310,0.971787
q__bogz1fr343061105q_fed_gov_retirement_ts_reval__lag001,bogz1fr343061105q_fed_gov_retirement_ts_reval,q,1,FRED_BOGZ1FR343061105Q_Fed_Gov_Retirement_ts_reval.csv,317,0.99373
q__bogz1fr343061105q_fed_gov_retirement_ts_reval__lag002,bogz1fr343061105q_fed_gov_retirement_ts_reval,q,2,FRED_BOGZ1FR343061105Q_Fed_Gov_Retirement_ts_reval.csv,316,0.990596
q__bogz1fr343061105q_fed_gov_retirement_ts_reval__lag003,bogz1fr343061105q_fed_gov_retirement_ts_reval,q,3,FRED_BOGZ1FR343061105Q_Fed_Gov_Retirement_ts_reval.csv,315,0.987461
q__bogz1fr343061105q_fed_gov_retirement_ts_reval__lag004,bogz1fr343061105q_fed_gov_retirement_ts_reval,q,4,FRED_BOGZ1FR343061105Q_Fed_Gov_Retirement_ts_reval.csv,314,0.984326
q__bogz1fr343061105q_fed_gov_retirement_ts_reval__lag005,bogz1fr343061105q_fed_gov_retirement_ts_reval,q,5,FRED_BOGZ1FR343061105Q_Fed_Gov_Retirement_ts_reval.csv,313,0.981191
q__bogz1fr343061105q_fed_gov_retirement_ts_reval__lag006,bogz1fr343061105q_fed_gov_retirement_ts_reval,q,6,FRED_BOGZ1FR343061105Q_Fed_Gov_Retirement_ts_reval.csv,312,0.978056
q__bogz1fr343061105q_fed_gov_retirement_ts_reval__lag007,bogz1fr343061105q_fed_gov_retirement_ts_reval,q,7,FRED_BOGZ1FR343061105Q_Fed_Gov_Retirement_ts_reval.csv,311,0.974922
q__bogz1fr343061105q_fed_gov_retirement_ts_reval__lag008,bogz1fr343061105q_fed_gov_retirement_ts_reval,q,8,FRED_BOGZ1FR343061105Q_Fed_Gov_Retirement_ts_reval.csv,310,0.971787
q__bogz1fr343061113q_fed_gov_dcf_retirement_ts_reval__lag001,bogz1fr343061113q_fed_gov_dcf_retirement_ts_reval,q,1,FRED_BOGZ1FR343061113Q_Fed_Gov_DCF_Retirement_ts_reval.csv,317,0.99373
q__bogz1fr343061113q_fed_gov_dcf_retirement_ts_reval__lag002,bogz1fr343061113q_fed_gov_dcf_retirement_ts_reval,q,2,FRED_BOGZ1FR343061113Q_Fed_Gov_DCF_Retirement_ts_reval.csv,316,0.990596
q__bogz1fr343061113q_fed_gov_dcf_retirement_ts_reval__lag003,bogz1fr343061113q_fed_gov_dcf_retirement_ts_reval,q,3,FRED_BOGZ1FR343061113Q_Fed_Gov_DCF_Retirement_ts_reval.csv,315,0.987461
q__bogz1fr343061113q_fed_gov_dcf_retirement_ts_reval__lag004,bogz1fr343061113q_fed_gov_dcf_retirement_ts_reval,q,4,FRED_BOGZ1FR343061113Q_Fed_Gov_DCF_Retirement_ts_reval.csv,314,0.984326
q__bogz1fr343061113q_fed_gov_dcf_retirement_ts_reval__lag005,bogz1fr343061113q_fed_gov_dcf_retirement_ts_reval,q,5,FRED_BOGZ1FR343061113Q_Fed_Gov_DCF_Retirement_ts_reval.csv,313,0.981191
q__bogz1fr343061113q_fed_gov_dcf_retirement_ts_reval__lag006,bogz1fr343061113q_fed_gov_dcf_retirement_ts_reval,q,6,FRED_BOGZ1FR343061113Q_Fed_Gov_DCF_Retirement_ts_reval.csv,312,0.978056
q__bogz1fr343061113q_fed_gov_dcf_retirement_ts_reval__lag007,bogz1fr343061113q_fed_gov_dcf_retirement_ts_reval,q,7,FRED_BOGZ1FR343061113Q_Fed_Gov_DCF_Retirement_ts_reval.csv,311,0.974922
q__bogz1fr343061113q_fed_gov_dcf_retirement_ts_reval__lag008,bogz1fr343061113q_fed_gov_dcf_retirement_ts_reval,q,8,FRED_BOGZ1FR343061113Q_Fed_Gov_DCF_Retirement_ts_reval.csv,310,0.971787
q__bogz1fr343061123q_fed_gov_dcg_retirement_ts_reval__lag001,bogz1fr343061123q_fed_gov_dcg_retirement_ts_reval,q,1,FRED_BOGZ1FR343061123Q_Fed_Gov_DCG_Retirement_ts_reval.csv,317,0.99373
q__bogz1fr343061123q_fed_gov_dcg_retirement_ts_reval__lag002,bogz1fr343061123q_fed_gov_dcg_retirement_ts_reval,q,2,FRED_BOGZ1FR343061123Q_Fed_Gov_DCG_Retirement_ts_reval.csv,316,0.990596
q__bogz1fr343061123q_fed_gov_dcg_retirement_ts_reval__lag003,bogz1fr343061123q_fed_gov_dcg_retirement_ts_reval,q,3,FRED_BOGZ1FR343061123Q_Fed_Gov_DCG_Retirement_ts_reval.csv,315,0.987461
q__bogz1fr343061123q_fed_gov_dcg_retirement_ts_reval__lag004,bogz1fr343061123q_fed_gov_dcg_retirement_ts_reval,q,4,FRED_BOGZ1FR343061123Q_Fed_Gov_DCG_Retirement_ts_reval.csv,314,0.984326
q__bogz1fr343061123q_fed_gov_dcg_retirement_ts_reval__lag005,bogz1fr343061123q_fed_gov_dcg_retirement_ts_reval,q,5,FRED_BOGZ1FR343061123Q_Fed_Gov_DCG_Retirement_ts_reval.csv,313,0.981191
q__bogz1fr343061123q_fed_gov_dcg_retirement_ts_reval__lag006,bogz1fr343061123q_fed_gov_dcg_retirement_ts_reval,q,6,FRED_BOGZ1FR343061123Q_Fed_Gov_DCG_Retirement_ts_reval.csv,312,0.978056
q__bogz1fr343061123q_fed_gov_dcg_retirement_ts_reval__lag007,bogz1fr343061123q_fed_gov_dcg_retirement_ts_reval,q,7,FRED_BOGZ1FR343061123Q_Fed_Gov_DCG_Retirement_ts_reval.csv,311,0.974922
q__bogz1fr343061123q_fed_gov_dcg_retirement_ts_reval__lag008,bogz1fr343061123q_fed_gov_dcg_retirement_ts_reval,q,8,FRED_BOGZ1FR343061123Q_Fed_Gov_DCG_Retirement_ts_reval.csv,310,0.971787
q__bogz1fr343061165q_fed_gov_db_retirement_ts_reval__lag001,bogz1fr343061165q_fed_gov_db_retirement_ts_reval,q,1,FRED_BOGZ1FR343061165Q_Fed_Gov_DB_Retirement_ts_reval.csv,317,0.99373
q__bogz1fr343061165q_fed_gov_db_retirement_ts_reval__lag002,bogz1fr343061165q_fed_gov_db_retirement_ts_reval,q,2,FRED_BOGZ1FR343061165Q_Fed_Gov_DB_Retirement_ts_reval.csv,316,0.990596
q__bogz1fr343061165q_fed_gov_db_retirement_ts_reval__lag003,bogz1fr343061165q_fed_gov_db_retirement_ts_reval,q,3,FRED_BOGZ1FR343061165Q_Fed_Gov_DB_Retirement_ts_reval.csv,315,0.987461
q__bogz1fr343061165q_fed_gov_db_retirement_ts_reval__lag004,bogz1fr343061165q_fed_gov_db_retirement_ts_reval,q,4,FRED_BOGZ1FR343061165Q_Fed_Gov_DB_Retirement_ts_reval.csv,314,0.984326
q__bogz1fr343061165q_fed_gov_db_retirement_ts_reval__lag005,bogz1fr343061165q_fed_gov_db_retirement_ts_reval,q,5,FRED_BOGZ1FR343061165Q_Fed_Gov_DB_Retirement_ts_reval.csv,313,0.981191
q__bogz1fr343061165q_fed_gov_db_retirement_ts_reval__lag006,bogz1fr343061165q_fed_gov_db_retirement_ts_reval,q,6,FRED_BOGZ1FR343061165Q_Fed_Gov_DB_Retirement_ts_reval.csv,312,0.978056
q__bogz1fr343061165q_fed_gov_db_retirement_ts_reval__lag007,bogz1fr343061165q_fed_gov_db_retirement_ts_reval,q,7,FRED_BOGZ1FR343061165Q_Fed_Gov_DB_Retirement_ts_reval.csv,311,0.974922
q__bogz1fr343061165q_fed_gov_db_retirement_ts_reval__lag008,bogz1fr343061165q_fed_gov_db_retirement_ts_reval,q,8,FRED_BOGZ1FR343061165Q_Fed_Gov_DB_Retirement_ts_reval.csv,310,0.971787
q__bogz1fr383061105q_dom_nonfin_sector_tsy_reval__lag001,bogz1fr383061105q_dom_nonfin_sector_tsy_reval,q,1,FRED_BOGZ1FR383061105Q_dom_nonfin_sector_tsy_reval.csv,317,0.99373
q__bogz1fr383061105q_dom_nonfin_sector_tsy_reval__lag002,bogz1fr383061105q_dom_nonfin_sector_tsy_reval,q,2,FRED_BOGZ1FR383061105Q_dom_nonfin_sector_tsy_reval.csv,316,0.990596
q__bogz1fr383061105q_dom_nonfin_sector_tsy_reval__lag003,bogz1fr383061105q_dom_nonfin_sector_tsy_reval,q,3,FRED_BOGZ1FR383061105Q_dom_nonfin_sector_tsy_reval.csv,315,0.987461
q__bogz1fr383061105q_dom_nonfin_sector_tsy_reval__lag004,bogz1fr383061105q_dom_nonfin_sector_tsy_reval,q,4,FRED_BOGZ1FR383061105Q_dom_nonfin_sector_tsy_reval.csv,314,0.984326
q__bogz1fr383061105q_dom_nonfin_sector_tsy_reval__lag005,bogz1fr383061105q_dom_nonfin_sector_tsy_reval,q,5,FRED_BOGZ1FR383061105Q_dom_nonfin_sector_tsy_reval.csv,313,0.981191
q__bogz1fr383061105q_dom_nonfin_sector_tsy_reval__lag006,bogz1fr383061105q_dom_nonfin_sector_tsy_reval,q,6,FRED_BOGZ1FR383061105Q_dom_nonfin_sector_tsy_reval.csv,312,0.978056
q__bogz1fr383061105q_dom_nonfin_sector_tsy_reval__lag007,bogz1fr383061105q_dom_nonfin_sector_tsy_reval,q,7,FRED_BOGZ1FR383061105Q_dom_nonfin_sector_tsy_reval.csv,311,0.974922
q__bogz1fr383061105q_dom_nonfin_sector_tsy_reval__lag008,bogz1fr383061105q_dom_nonfin_sector_tsy_reval,q,8,FRED_BOGZ1FR383061105Q_dom_nonfin_sector_tsy_reval.csv,310,0.971787
q__bogz1fr403061105q_gses_ts_reval__lag001,bogz1fr403061105q_gses_ts_reval,q,1,FRED_BOGZ1FR403061105Q_GSEs_ts_reval.csv,317,0.99373
q__bogz1fr403061105q_gses_ts_reval__lag002,bogz1fr403061105q_gses_ts_reval,q,2,FRED_BOGZ1FR403061105Q_GSEs_ts_reval.csv,316,0.990596
q__bogz1fr403061105q_gses_ts_reval__lag003,bogz1fr403061105q_gses_ts_reval,q,3,FRED_BOGZ1FR403061105Q_GSEs_ts_reval.csv,315,0.987461
q__bogz1fr403061105q_gses_ts_reval__lag004,bogz1fr403061105q_gses_ts_reval,q,4,FRED_BOGZ1FR403061105Q_GSEs_ts_reval.csv,314,0.984326
q__bogz1fr403061105q_gses_ts_reval__lag005,bogz1fr403061105q_gses_ts_reval,q,5,FRED_BOGZ1FR403061105Q_GSEs_ts_reval.csv,313,0.981191
q__bogz1fr403061105q_gses_ts_reval__lag006,bogz1fr403061105q_gses_ts_reval,q,6,FRED_BOGZ1FR403061105Q_GSEs_ts_reval.csv,312,0.978056
q__bogz1fr403061105q_gses_ts_reval__lag007,bogz1fr403061105q_gses_ts_reval,q,7,FRED_BOGZ1FR403061105Q_GSEs_ts_reval.csv,311,0.974922
q__bogz1fr403061105q_gses_ts_reval__lag008,bogz1fr403061105q_gses_ts_reval,q,8,FRED_BOGZ1FR403061105Q_GSEs_ts_reval.csv,310,0.971787
q__bogz1fr473061105q_credit_unions_ts_reval__lag001,bogz1fr473061105q_credit_unions_ts_reval,q,1,FRED_BOGZ1FR473061105Q_Credit_Unions_ts_reval.csv,317,0.99373
q__bogz1fr473061105q_credit_unions_ts_reval__lag002,bogz1fr473061105q_credit_unions_ts_reval,q,2,FRED_BOGZ1FR473061105Q_Credit_Unions_ts_reval.csv,316,0.990596
q__bogz1fr473061105q_credit_unions_ts_reval__lag003,bogz1fr473061105q_credit_unions_ts_reval,q,3,FRED_BOGZ1FR473061105Q_Credit_Unions_ts_reval.csv,315,0.987461
q__bogz1fr473061105q_credit_unions_ts_reval__lag004,bogz1fr473061105q_credit_unions_ts_reval,q,4,FRED_BOGZ1FR473061105Q_Credit_Unions_ts_reval.csv,314,0.984326
q__bogz1fr473061105q_credit_unions_ts_reval__lag005,bogz1fr473061105q_credit_unions_ts_reval,q,5,FRED_BOGZ1FR473061105Q_Credit_Unions_ts_reval.csv,313,0.981191
q__bogz1fr473061105q_credit_unions_ts_reval__lag006,bogz1fr473061105q_credit_unions_ts_reval,q,6,FRED_BOGZ1FR473061105Q_Credit_Unions_ts_reval.csv,312,0.978056
q__bogz1fr473061105q_credit_unions_ts_reval__lag007,bogz1fr473061105q_credit_unions_ts_reval,q,7,FRED_BOGZ1FR473061105Q_Credit_Unions_ts_reval.csv,311,0.974922
q__bogz1fr473061105q_credit_unions_ts_reval__lag008,bogz1fr473061105q_credit_unions_ts_reval,q,8,FRED_BOGZ1FR473061105Q_Credit_Unions_ts_reval.csv,310,0.971787
q__bogz1fr503061123q_ccps_ts_reval__lag001,bogz1fr503061123q_ccps_ts_reval,q,1,FRED_BOGZ1FR503061123Q_CCPs_ts_reval.csv,317,0.99373
q__bogz1fr503061123q_ccps_ts_reval__lag002,bogz1fr503061123q_ccps_ts_reval,q,2,FRED_BOGZ1FR503061123Q_CCPs_ts_reval.csv,316,0.990596
q__bogz1fr503061123q_ccps_ts_reval__lag003,bogz1fr503061123q_ccps_ts_reval,q,3,FRED_BOGZ1FR503061123Q_CCPs_ts_reval.csv,315,0.987461
q__bogz1fr503061123q_ccps_ts_reval__lag004,bogz1fr503061123q_ccps_ts_reval,q,4,FRED_BOGZ1FR503061123Q_CCPs_ts_reval.csv,314,0.984326
q__bogz1fr503061123q_ccps_ts_reval__lag005,bogz1fr503061123q_ccps_ts_reval,q,5,FRED_BOGZ1FR503061123Q_CCPs_ts_reval.csv,313,0.981191
q__bogz1fr503061123q_ccps_ts_reval__lag006,bogz1fr503061123q_ccps_ts_reval,q,6,FRED_BOGZ1FR503061123Q_CCPs_ts_reval.csv,312,0.978056
q__bogz1fr503061123q_ccps_ts_reval__lag007,bogz1fr503061123q_ccps_ts_reval,q,7,FRED_BOGZ1FR503061123Q_CCPs_ts_reval.csv,311,0.974922
q__bogz1fr503061123q_ccps_ts_reval__lag008,bogz1fr503061123q_ccps_ts_reval,q,8,FRED_BOGZ1FR503061123Q_CCPs_ts_reval.csv,310,0.971787
q__bogz1fr513061105q_pc_insurance_ts_reval__lag001,bogz1fr513061105q_pc_insurance_ts_reval,q,1,FRED_BOGZ1FR513061105Q_PC_Insurance_ts_reval.csv,317,0.99373
q__bogz1fr513061105q_pc_insurance_ts_reval__lag002,bogz1fr513061105q_pc_insurance_ts_reval,q,2,FRED_BOGZ1FR513061105Q_PC_Insurance_ts_reval.csv,316,0.990596
q__bogz1fr513061105q_pc_insurance_ts_reval__lag003,bogz1fr513061105q_pc_insurance_ts_reval,q,3,FRED_BOGZ1FR513061105Q_PC_Insurance_ts_reval.csv,315,0.987461
q__bogz1fr513061105q_pc_insurance_ts_reval__lag004,bogz1fr513061105q_pc_insurance_ts_reval,q,4,FRED_BOGZ1FR513061105Q_PC_Insurance_ts_reval.csv,314,0.984326
q__bogz1fr513061105q_pc_insurance_ts_reval__lag005,bogz1fr513061105q_pc_insurance_ts_reval,q,5,FRED_BOGZ1FR513061105Q_PC_Insurance_ts_reval.csv,313,0.981191
q__bogz1fr513061105q_pc_insurance_ts_reval__lag006,bogz1fr513061105q_pc_insurance_ts_reval,q,6,FRED_BOGZ1FR513061105Q_PC_Insurance_ts_reval.csv,312,0.978056
q__bogz1fr513061105q_pc_insurance_ts_reval__lag007,bogz1fr513061105q_pc_insurance_ts_reval,q,7,FRED_BOGZ1FR513061105Q_PC_Insurance_ts_reval.csv,311,0.974922
q__bogz1fr513061105q_pc_insurance_ts_reval__lag008,bogz1fr513061105q_pc_insurance_ts_reval,q,8,FRED_BOGZ1FR513061105Q_PC_Insurance_ts_reval.csv,310,0.971787
q__bogz1fr513061115q_pci_bills_reval__lag001,bogz1fr513061115q_pci_bills_reval,q,1,FRED_BOGZ1FR513061115Q_pci_bills_reval.csv,317,0.99373
q__bogz1fr513061115q_pci_bills_reval__lag002,bogz1fr513061115q_pci_bills_reval,q,2,FRED_BOGZ1FR513061115Q_pci_bills_reval.csv,316,0.990596
q__bogz1fr513061115q_pci_bills_reval__lag003,bogz1fr513061115q_pci_bills_reval,q,3,FRED_BOGZ1FR513061115Q_pci_bills_reval.csv,315,0.987461
q__bogz1fr513061115q_pci_bills_reval__lag004,bogz1fr513061115q_pci_bills_reval,q,4,FRED_BOGZ1FR513061115Q_pci_bills_reval.csv,314,0.984326
q__bogz1fr513061115q_pci_bills_reval__lag005,bogz1fr513061115q_pci_bills_reval,q,5,FRED_BOGZ1FR513061115Q_pci_bills_reval.csv,313,0.981191
q__bogz1fr513061115q_pci_bills_reval__lag006,bogz1fr513061115q_pci_bills_reval,q,6,FRED_BOGZ1FR513061115Q_pci_bills_reval.csv,312,0.978056
q__bogz1fr513061115q_pci_bills_reval__lag007,bogz1fr513061115q_pci_bills_reval,q,7,FRED_BOGZ1FR513061115Q_pci_bills_reval.csv,311,0.974922
q__bogz1fr513061115q_pci_bills_reval__lag008,bogz1fr513061115q_pci_bills_reval,q,8,FRED_BOGZ1FR513061115Q_pci_bills_reval.csv,310,0.971787
q__bogz1fr543061175q_life_insurance_ts_reval__lag001,bogz1fr543061175q_life_insurance_ts_reval,q,1,FRED_BOGZ1FR543061175Q_Life_Insurance_ts_reval.csv,317,0.99373
q__bogz1fr543061175q_life_insurance_ts_reval__lag002,bogz1fr543061175q_life_insurance_ts_reval,q,2,FRED_BOGZ1FR543061175Q_Life_Insurance_ts_reval.csv,316,0.990596
q__bogz1fr543061175q_life_insurance_ts_reval__lag003,bogz1fr543061175q_life_insurance_ts_reval,q,3,FRED_BOGZ1FR543061175Q_Life_Insurance_ts_reval.csv,315,0.987461
q__bogz1fr543061175q_life_insurance_ts_reval__lag004,bogz1fr543061175q_life_insurance_ts_reval,q,4,FRED_BOGZ1FR543061175Q_Life_Insurance_ts_reval.csv,314,0.984326
q__bogz1fr543061175q_life_insurance_ts_reval__lag005,bogz1fr543061175q_life_insurance_ts_reval,q,5,FRED_BOGZ1FR543061175Q_Life_Insurance_ts_reval.csv,313,0.981191
q__bogz1fr543061175q_life_insurance_ts_reval__lag006,bogz1fr543061175q_life_insurance_ts_reval,q,6,FRED_BOGZ1FR543061175Q_Life_Insurance_ts_reval.csv,312,0.978056
q__bogz1fr543061175q_life_insurance_ts_reval__lag007,bogz1fr543061175q_life_insurance_ts_reval,q,7,FRED_BOGZ1FR543061175Q_Life_Insurance_ts_reval.csv,311,0.974922
q__bogz1fr543061175q_life_insurance_ts_reval__lag008,bogz1fr543061175q_life_insurance_ts_reval,q,8,FRED_BOGZ1FR543061175Q_Life_Insurance_ts_reval.csv,310,0.971787
q__bogz1fr543461113q_li_bills_reval__lag001,bogz1fr543461113q_li_bills_reval,q,1,FRED_BOGZ1FR543461113Q_li_bills_reval.csv,317,0.99373
q__bogz1fr543461113q_li_bills_reval__lag002,bogz1fr543461113q_li_bills_reval,q,2,FRED_BOGZ1FR543461113Q_li_bills_reval.csv,316,0.990596
q__bogz1fr543461113q_li_bills_reval__lag003,bogz1fr543461113q_li_bills_reval,q,3,FRED_BOGZ1FR543461113Q_li_bills_reval.csv,315,0.987461
q__bogz1fr543461113q_li_bills_reval__lag004,bogz1fr543461113q_li_bills_reval,q,4,FRED_BOGZ1FR543461113Q_li_bills_reval.csv,314,0.984326
q__bogz1fr543461113q_li_bills_reval__lag005,bogz1fr543461113q_li_bills_reval,q,5,FRED_BOGZ1FR543461113Q_li_bills_reval.csv,313,0.981191
q__bogz1fr543461113q_li_bills_reval__lag006,bogz1fr543461113q_li_bills_reval,q,6,FRED_BOGZ1FR543461113Q_li_bills_reval.csv,312,0.978056
q__bogz1fr543461113q_li_bills_reval__lag007,bogz1fr543461113q_li_bills_reval,q,7,FRED_BOGZ1FR543461113Q_li_bills_reval.csv,311,0.974922
q__bogz1fr543461113q_li_bills_reval__lag008,bogz1fr543461113q_li_bills_reval,q,8,FRED_BOGZ1FR543461113Q_li_bills_reval.csv,310,0.971787
q__bogz1fr553061103q_closed_end_funds_ts_reval__lag001,bogz1fr553061103q_closed_end_funds_ts_reval,q,1,FRED_BOGZ1FR553061103Q_Closed_End_Funds_ts_reval.csv,317,0.99373
q__bogz1fr553061103q_closed_end_funds_ts_reval__lag002,bogz1fr553061103q_closed_end_funds_ts_reval,q,2,FRED_BOGZ1FR553061103Q_Closed_End_Funds_ts_reval.csv,316,0.990596
q__bogz1fr553061103q_closed_end_funds_ts_reval__lag003,bogz1fr553061103q_closed_end_funds_ts_reval,q,3,FRED_BOGZ1FR553061103Q_Closed_End_Funds_ts_reval.csv,315,0.987461
q__bogz1fr553061103q_closed_end_funds_ts_reval__lag004,bogz1fr553061103q_closed_end_funds_ts_reval,q,4,FRED_BOGZ1FR553061103Q_Closed_End_Funds_ts_reval.csv,314,0.984326
q__bogz1fr553061103q_closed_end_funds_ts_reval__lag005,bogz1fr553061103q_closed_end_funds_ts_reval,q,5,FRED_BOGZ1FR553061103Q_Closed_End_Funds_ts_reval.csv,313,0.981191
q__bogz1fr553061103q_closed_end_funds_ts_reval__lag006,bogz1fr553061103q_closed_end_funds_ts_reval,q,6,FRED_BOGZ1FR553061103Q_Closed_End_Funds_ts_reval.csv,312,0.978056
q__bogz1fr553061103q_closed_end_funds_ts_reval__lag007,bogz1fr553061103q_closed_end_funds_ts_reval,q,7,FRED_BOGZ1FR553061103Q_Closed_End_Funds_ts_reval.csv,311,0.974922
q__bogz1fr553061103q_closed_end_funds_ts_reval__lag008,bogz1fr553061103q_closed_end_funds_ts_reval,q,8,FRED_BOGZ1FR553061103Q_Closed_End_Funds_ts_reval.csv,310,0.971787
q__bogz1fr563061103q_etfs_ts_reval__lag001,bogz1fr563061103q_etfs_ts_reval,q,1,FRED_BOGZ1FR563061103Q_ETFs_ts_reval.csv,317,0.99373
q__bogz1fr563061103q_etfs_ts_reval__lag002,bogz1fr563061103q_etfs_ts_reval,q,2,FRED_BOGZ1FR563061103Q_ETFs_ts_reval.csv,316,0.990596
q__bogz1fr563061103q_etfs_ts_reval__lag003,bogz1fr563061103q_etfs_ts_reval,q,3,FRED_BOGZ1FR563061103Q_ETFs_ts_reval.csv,315,0.987461
q__bogz1fr563061103q_etfs_ts_reval__lag004,bogz1fr563061103q_etfs_ts_reval,q,4,FRED_BOGZ1FR563061103Q_ETFs_ts_reval.csv,314,0.984326
q__bogz1fr563061103q_etfs_ts_reval__lag005,bogz1fr563061103q_etfs_ts_reval,q,5,FRED_BOGZ1FR563061103Q_ETFs_ts_reval.csv,313,0.981191
q__bogz1fr563061103q_etfs_ts_reval__lag006,bogz1fr563061103q_etfs_ts_reval,q,6,FRED_BOGZ1FR563061103Q_ETFs_ts_reval.csv,312,0.978056
q__bogz1fr563061103q_etfs_ts_reval__lag007,bogz1fr563061103q_etfs_ts_reval,q,7,FRED_BOGZ1FR563061103Q_ETFs_ts_reval.csv,311,0.974922
q__bogz1fr563061103q_etfs_ts_reval__lag008,bogz1fr563061103q_etfs_ts_reval,q,8,FRED_BOGZ1FR563061103Q_ETFs_ts_reval.csv,310,0.971787
q__bogz1fr573061105q_private_pension_ts_reval__lag001,bogz1fr573061105q_private_pension_ts_reval,q,1,FRED_BOGZ1FR573061105Q_Private_Pension_ts_reval.csv,317,0.99373
q__bogz1fr573061105q_private_pension_ts_reval__lag002,bogz1fr573061105q_private_pension_ts_reval,q,2,FRED_BOGZ1FR573061105Q_Private_Pension_ts_reval.csv,316,0.990596
q__bogz1fr573061105q_private_pension_ts_reval__lag003,bogz1fr573061105q_private_pension_ts_reval,q,3,FRED_BOGZ1FR573061105Q_Private_Pension_ts_reval.csv,315,0.987461
q__bogz1fr573061105q_private_pension_ts_reval__lag004,bogz1fr573061105q_private_pension_ts_reval,q,4,FRED_BOGZ1FR573061105Q_Private_Pension_ts_reval.csv,314,0.984326
q__bogz1fr573061105q_private_pension_ts_reval__lag005,bogz1fr573061105q_private_pension_ts_reval,q,5,FRED_BOGZ1FR573061105Q_Private_Pension_ts_reval.csv,313,0.981191
q__bogz1fr573061105q_private_pension_ts_reval__lag006,bogz1fr573061105q_private_pension_ts_reval,q,6,FRED_BOGZ1FR573061105Q_Private_Pension_ts_reval.csv,312,0.978056
q__bogz1fr573061105q_private_pension_ts_reval__lag007,bogz1fr573061105q_private_pension_ts_reval,q,7,FRED_BOGZ1FR573061105Q_Private_Pension_ts_reval.csv,311,0.974922
q__bogz1fr573061105q_private_pension_ts_reval__lag008,bogz1fr573061105q_private_pension_ts_reval,q,8,FRED_BOGZ1FR573061105Q_Private_Pension_ts_reval.csv,310,0.971787
q__bogz1fr573061133q_private_dc_pension_ts_reval__lag001,bogz1fr573061133q_private_dc_pension_ts_reval,q,1,FRED_BOGZ1FR573061133Q_Private_DC_Pension_ts_reval.csv,317,0.99373
q__bogz1fr573061133q_private_dc_pension_ts_reval__lag002,bogz1fr573061133q_private_dc_pension_ts_reval,q,2,FRED_BOGZ1FR573061133Q_Private_DC_Pension_ts_reval.csv,316,0.990596
q__bogz1fr573061133q_private_dc_pension_ts_reval__lag003,bogz1fr573061133q_private_dc_pension_ts_reval,q,3,FRED_BOGZ1FR573061133Q_Private_DC_Pension_ts_reval.csv,315,0.987461
q__bogz1fr573061133q_private_dc_pension_ts_reval__lag004,bogz1fr573061133q_private_dc_pension_ts_reval,q,4,FRED_BOGZ1FR573061133Q_Private_DC_Pension_ts_reval.csv,314,0.984326
q__bogz1fr573061133q_private_dc_pension_ts_reval__lag005,bogz1fr573061133q_private_dc_pension_ts_reval,q,5,FRED_BOGZ1FR573061133Q_Private_DC_Pension_ts_reval.csv,313,0.981191
q__bogz1fr573061133q_private_dc_pension_ts_reval__lag006,bogz1fr573061133q_private_dc_pension_ts_reval,q,6,FRED_BOGZ1FR573061133Q_Private_DC_Pension_ts_reval.csv,312,0.978056
q__bogz1fr573061133q_private_dc_pension_ts_reval__lag007,bogz1fr573061133q_private_dc_pension_ts_reval,q,7,FRED_BOGZ1FR573061133Q_Private_DC_Pension_ts_reval.csv,311,0.974922
q__bogz1fr573061133q_private_dc_pension_ts_reval__lag008,bogz1fr573061133q_private_dc_pension_ts_reval,q,8,FRED_BOGZ1FR573061133Q_Private_DC_Pension_ts_reval.csv,310,0.971787
q__bogz1fr573061143q_private_db_pension_ts_reval__lag001,bogz1fr573061143q_private_db_pension_ts_reval,q,1,FRED_BOGZ1FR573061143Q_Private_DB_Pension_ts_reval.csv,317,0.99373
q__bogz1fr573061143q_private_db_pension_ts_reval__lag002,bogz1fr573061143q_private_db_pension_ts_reval,q,2,FRED_BOGZ1FR573061143Q_Private_DB_Pension_ts_reval.csv,316,0.990596
q__bogz1fr573061143q_private_db_pension_ts_reval__lag003,bogz1fr573061143q_private_db_pension_ts_reval,q,3,FRED_BOGZ1FR573061143Q_Private_DB_Pension_ts_reval.csv,315,0.987461
q__bogz1fr573061143q_private_db_pension_ts_reval__lag004,bogz1fr573061143q_private_db_pension_ts_reval,q,4,FRED_BOGZ1FR573061143Q_Private_DB_Pension_ts_reval.csv,314,0.984326
q__bogz1fr573061143q_private_db_pension_ts_reval__lag005,bogz1fr573061143q_private_db_pension_ts_reval,q,5,FRED_BOGZ1FR573061143Q_Private_DB_Pension_ts_reval.csv,313,0.981191
q__bogz1fr573061143q_private_db_pension_ts_reval__lag006,bogz1fr573061143q_private_db_pension_ts_reval,q,6,FRED_BOGZ1FR573061143Q_Private_DB_Pension_ts_reval.csv,312,0.978056
q__bogz1fr573061143q_private_db_pension_ts_reval__lag007,bogz1fr573061143q_private_db_pension_ts_reval,q,7,FRED_BOGZ1FR573061143Q_Private_DB_Pension_ts_reval.csv,311,0.974922
q__bogz1fr573061143q_private_db_pension_ts_reval__lag008,bogz1fr573061143q_private_db_pension_ts_reval,q,8,FRED_BOGZ1FR573061143Q_Private_DB_Pension_ts_reval.csv,310,0.971787
q__bogz1fr593061105q_pension_ts_reval__lag001,bogz1fr593061105q_pension_ts_reval,q,1,FRED_BOGZ1FR593061105Q_pension_ts_reval.csv,317,0.99373
q__bogz1fr593061105q_pension_ts_reval__lag002,bogz1fr593061105q_pension_ts_reval,q,2,FRED_BOGZ1FR593061105Q_pension_ts_reval.csv,316,0.990596
q__bogz1fr593061105q_pension_ts_reval__lag003,bogz1fr593061105q_pension_ts_reval,q,3,FRED_BOGZ1FR593061105Q_pension_ts_reval.csv,315,0.987461
q__bogz1fr593061105q_pension_ts_reval__lag004,bogz1fr593061105q_pension_ts_reval,q,4,FRED_BOGZ1FR593061105Q_pension_ts_reval.csv,314,0.984326
q__bogz1fr593061105q_pension_ts_reval__lag005,bogz1fr593061105q_pension_ts_reval,q,5,FRED_BOGZ1FR593061105Q_pension_ts_reval.csv,313,0.981191
q__bogz1fr593061105q_pension_ts_reval__lag006,bogz1fr593061105q_pension_ts_reval,q,6,FRED_BOGZ1FR593061105Q_pension_ts_reval.csv,312,0.978056
q__bogz1fr593061105q_pension_ts_reval__lag007,bogz1fr593061105q_pension_ts_reval,q,7,FRED_BOGZ1FR593061105Q_pension_ts_reval.csv,311,0.974922
q__bogz1fr593061105q_pension_ts_reval__lag008,bogz1fr593061105q_pension_ts_reval,q,8,FRED_BOGZ1FR593061105Q_pension_ts_reval.csv,310,0.971787
q__bogz1fr633061105q_money_market_funds_ts_reval__lag001,bogz1fr633061105q_money_market_funds_ts_reval,q,1,FRED_BOGZ1FR633061105Q_Money_Market_Funds_ts_reval.csv,317,0.99373
q__bogz1fr633061105q_money_market_funds_ts_reval__lag002,bogz1fr633061105q_money_market_funds_ts_reval,q,2,FRED_BOGZ1FR633061105Q_Money_Market_Funds_ts_reval.csv,316,0.990596
q__bogz1fr633061105q_money_market_funds_ts_reval__lag003,bogz1fr633061105q_money_market_funds_ts_reval,q,3,FRED_BOGZ1FR633061105Q_Money_Market_Funds_ts_reval.csv,315,0.987461
q__bogz1fr633061105q_money_market_funds_ts_reval__lag004,bogz1fr633061105q_money_market_funds_ts_reval,q,4,FRED_BOGZ1FR633061105Q_Money_Market_Funds_ts_reval.csv,314,0.984326
q__bogz1fr633061105q_money_market_funds_ts_reval__lag005,bogz1fr633061105q_money_market_funds_ts_reval,q,5,FRED_BOGZ1FR633061105Q_Money_Market_Funds_ts_reval.csv,313,0.981191
q__bogz1fr633061105q_money_market_funds_ts_reval__lag006,bogz1fr633061105q_money_market_funds_ts_reval,q,6,FRED_BOGZ1FR633061105Q_Money_Market_Funds_ts_reval.csv,312,0.978056
q__bogz1fr633061105q_money_market_funds_ts_reval__lag007,bogz1fr633061105q_money_market_funds_ts_reval,q,7,FRED_BOGZ1FR633061105Q_Money_Market_Funds_ts_reval.csv,311,0.974922
q__bogz1fr633061105q_money_market_funds_ts_reval__lag008,bogz1fr633061105q_money_market_funds_ts_reval,q,8,FRED_BOGZ1FR633061105Q_Money_Market_Funds_ts_reval.csv,310,0.971787
q__bogz1fr633061110q_mmf_bills_reval__lag001,bogz1fr633061110q_mmf_bills_reval,q,1,FRED_BOGZ1FR633061110Q_mmf_bills_reval.csv,317,0.99373
q__bogz1fr633061110q_mmf_bills_reval__lag002,bogz1fr633061110q_mmf_bills_reval,q,2,FRED_BOGZ1FR633061110Q_mmf_bills_reval.csv,316,0.990596
q__bogz1fr633061110q_mmf_bills_reval__lag003,bogz1fr633061110q_mmf_bills_reval,q,3,FRED_BOGZ1FR633061110Q_mmf_bills_reval.csv,315,0.987461
q__bogz1fr633061110q_mmf_bills_reval__lag004,bogz1fr633061110q_mmf_bills_reval,q,4,FRED_BOGZ1FR633061110Q_mmf_bills_reval.csv,314,0.984326
q__bogz1fr633061110q_mmf_bills_reval__lag005,bogz1fr633061110q_mmf_bills_reval,q,5,FRED_BOGZ1FR633061110Q_mmf_bills_reval.csv,313,0.981191
q__bogz1fr633061110q_mmf_bills_reval__lag006,bogz1fr633061110q_mmf_bills_reval,q,6,FRED_BOGZ1FR633061110Q_mmf_bills_reval.csv,312,0.978056
q__bogz1fr633061110q_mmf_bills_reval__lag007,bogz1fr633061110q_mmf_bills_reval,q,7,FRED_BOGZ1FR633061110Q_mmf_bills_reval.csv,311,0.974922
q__bogz1fr633061110q_mmf_bills_reval__lag008,bogz1fr633061110q_mmf_bills_reval,q,8,FRED_BOGZ1FR633061110Q_mmf_bills_reval.csv,310,0.971787
q__bogz1fr653061105q_mutual_funds_ts_reval__lag001,bogz1fr653061105q_mutual_funds_ts_reval,q,1,FRED_BOGZ1FR653061105Q_Mutual_Funds_ts_reval.csv,317,0.99373
q__bogz1fr653061105q_mutual_funds_ts_reval__lag002,bogz1fr653061105q_mutual_funds_ts_reval,q,2,FRED_BOGZ1FR653061105Q_Mutual_Funds_ts_reval.csv,316,0.990596
q__bogz1fr653061105q_mutual_funds_ts_reval__lag003,bogz1fr653061105q_mutual_funds_ts_reval,q,3,FRED_BOGZ1FR653061105Q_Mutual_Funds_ts_reval.csv,315,0.987461
q__bogz1fr653061105q_mutual_funds_ts_reval__lag004,bogz1fr653061105q_mutual_funds_ts_reval,q,4,FRED_BOGZ1FR653061105Q_Mutual_Funds_ts_reval.csv,314,0.984326
q__bogz1fr653061105q_mutual_funds_ts_reval__lag005,bogz1fr653061105q_mutual_funds_ts_reval,q,5,FRED_BOGZ1FR653061105Q_Mutual_Funds_ts_reval.csv,313,0.981191
q__bogz1fr653061105q_mutual_funds_ts_reval__lag006,bogz1fr653061105q_mutual_funds_ts_reval,q,6,FRED_BOGZ1FR653061105Q_Mutual_Funds_ts_reval.csv,312,0.978056
q__bogz1fr653061105q_mutual_funds_ts_reval__lag007,bogz1fr653061105q_mutual_funds_ts_reval,q,7,FRED_BOGZ1FR653061105Q_Mutual_Funds_ts_reval.csv,311,0.974922
q__bogz1fr653061105q_mutual_funds_ts_reval__lag008,bogz1fr653061105q_mutual_funds_ts_reval,q,8,FRED_BOGZ1FR653061105Q_Mutual_Funds_ts_reval.csv,310,0.971787
q__bogz1fr653061113q_mutf_bills_reval__lag001,bogz1fr653061113q_mutf_bills_reval,q,1,FRED_BOGZ1FR653061113Q_mutf_bills_reval.csv,317,0.99373
q__bogz1fr653061113q_mutf_bills_reval__lag002,bogz1fr653061113q_mutf_bills_reval,q,2,FRED_BOGZ1FR653061113Q_mutf_bills_reval.csv,316,0.990596
q__bogz1fr653061113q_mutf_bills_reval__lag003,bogz1fr653061113q_mutf_bills_reval,q,3,FRED_BOGZ1FR653061113Q_mutf_bills_reval.csv,315,0.987461
q__bogz1fr653061113q_mutf_bills_reval__lag004,bogz1fr653061113q_mutf_bills_reval,q,4,FRED_BOGZ1FR653061113Q_mutf_bills_reval.csv,314,0.984326
q__bogz1fr653061113q_mutf_bills_reval__lag005,bogz1fr653061113q_mutf_bills_reval,q,5,FRED_BOGZ1FR653061113Q_mutf_bills_reval.csv,313,0.981191
q__bogz1fr653061113q_mutf_bills_reval__lag006,bogz1fr653061113q_mutf_bills_reval,q,6,FRED_BOGZ1FR653061113Q_mutf_bills_reval.csv,312,0.978056
q__bogz1fr653061113q_mutf_bills_reval__lag007,bogz1fr653061113q_mutf_bills_reval,q,7,FRED_BOGZ1FR653061113Q_mutf_bills_reval.csv,311,0.974922
q__bogz1fr653061113q_mutf_bills_reval__lag008,bogz1fr653061113q_mutf_bills_reval,q,8,FRED_BOGZ1FR653061113Q_mutf_bills_reval.csv,310,0.971787
q__bogz1fr663061165q_brokers_dealers_long_ts_reval__lag001,bogz1fr663061165q_brokers_dealers_long_ts_reval,q,1,FRED_BOGZ1FR663061165Q_Brokers_Dealers_long_ts_reval.csv,317,0.99373
q__bogz1fr663061165q_brokers_dealers_long_ts_reval__lag002,bogz1fr663061165q_brokers_dealers_long_ts_reval,q,2,FRED_BOGZ1FR663061165Q_Brokers_Dealers_long_ts_reval.csv,316,0.990596
q__bogz1fr663061165q_brokers_dealers_long_ts_reval__lag003,bogz1fr663061165q_brokers_dealers_long_ts_reval,q,3,FRED_BOGZ1FR663061165Q_Brokers_Dealers_long_ts_reval.csv,315,0.987461
q__bogz1fr663061165q_brokers_dealers_long_ts_reval__lag004,bogz1fr663061165q_brokers_dealers_long_ts_reval,q,4,FRED_BOGZ1FR663061165Q_Brokers_Dealers_long_ts_reval.csv,314,0.984326
q__bogz1fr663061165q_brokers_dealers_long_ts_reval__lag005,bogz1fr663061165q_brokers_dealers_long_ts_reval,q,5,FRED_BOGZ1FR663061165Q_Brokers_Dealers_long_ts_reval.csv,313,0.981191
q__bogz1fr663061165q_brokers_dealers_long_ts_reval__lag006,bogz1fr663061165q_brokers_dealers_long_ts_reval,q,6,FRED_BOGZ1FR663061165Q_Brokers_Dealers_long_ts_reval.csv,312,0.978056
q__bogz1fr663061165q_brokers_dealers_long_ts_reval__lag007,bogz1fr663061165q_brokers_dealers_long_ts_reval,q,7,FRED_BOGZ1FR663061165Q_Brokers_Dealers_long_ts_reval.csv,311,0.974922
q__bogz1fr663061165q_brokers_dealers_long_ts_reval__lag008,bogz1fr663061165q_brokers_dealers_long_ts_reval,q,8,FRED_BOGZ1FR663061165Q_Brokers_Dealers_long_ts_reval.csv,310,0.971787
q__bogz1fr673061103q_abs_issuers_ts_reval__lag001,bogz1fr673061103q_abs_issuers_ts_reval,q,1,FRED_BOGZ1FR673061103Q_ABS_Issuers_ts_reval.csv,317,0.99373
q__bogz1fr673061103q_abs_issuers_ts_reval__lag002,bogz1fr673061103q_abs_issuers_ts_reval,q,2,FRED_BOGZ1FR673061103Q_ABS_Issuers_ts_reval.csv,316,0.990596
q__bogz1fr673061103q_abs_issuers_ts_reval__lag003,bogz1fr673061103q_abs_issuers_ts_reval,q,3,FRED_BOGZ1FR673061103Q_ABS_Issuers_ts_reval.csv,315,0.987461
q__bogz1fr673061103q_abs_issuers_ts_reval__lag004,bogz1fr673061103q_abs_issuers_ts_reval,q,4,FRED_BOGZ1FR673061103Q_ABS_Issuers_ts_reval.csv,314,0.984326
q__bogz1fr673061103q_abs_issuers_ts_reval__lag005,bogz1fr673061103q_abs_issuers_ts_reval,q,5,FRED_BOGZ1FR673061103Q_ABS_Issuers_ts_reval.csv,313,0.981191
q__bogz1fr673061103q_abs_issuers_ts_reval__lag006,bogz1fr673061103q_abs_issuers_ts_reval,q,6,FRED_BOGZ1FR673061103Q_ABS_Issuers_ts_reval.csv,312,0.978056
q__bogz1fr673061103q_abs_issuers_ts_reval__lag007,bogz1fr673061103q_abs_issuers_ts_reval,q,7,FRED_BOGZ1FR673061103Q_ABS_Issuers_ts_reval.csv,311,0.974922
q__bogz1fr673061103q_abs_issuers_ts_reval__lag008,bogz1fr673061103q_abs_issuers_ts_reval,q,8,FRED_BOGZ1FR673061103Q_ABS_Issuers_ts_reval.csv,310,0.971787
q__bogz1fr693061105q_nonmmf_ts_reval__lag001,bogz1fr693061105q_nonmmf_ts_reval,q,1,FRED_BOGZ1FR693061105Q_nonmmf_ts_reval.csv,317,0.99373
q__bogz1fr693061105q_nonmmf_ts_reval__lag002,bogz1fr693061105q_nonmmf_ts_reval,q,2,FRED_BOGZ1FR693061105Q_nonmmf_ts_reval.csv,316,0.990596
q__bogz1fr693061105q_nonmmf_ts_reval__lag003,bogz1fr693061105q_nonmmf_ts_reval,q,3,FRED_BOGZ1FR693061105Q_nonmmf_ts_reval.csv,315,0.987461
q__bogz1fr693061105q_nonmmf_ts_reval__lag004,bogz1fr693061105q_nonmmf_ts_reval,q,4,FRED_BOGZ1FR693061105Q_nonmmf_ts_reval.csv,314,0.984326
q__bogz1fr693061105q_nonmmf_ts_reval__lag005,bogz1fr693061105q_nonmmf_ts_reval,q,5,FRED_BOGZ1FR693061105Q_nonmmf_ts_reval.csv,313,0.981191
q__bogz1fr693061105q_nonmmf_ts_reval__lag006,bogz1fr693061105q_nonmmf_ts_reval,q,6,FRED_BOGZ1FR693061105Q_nonmmf_ts_reval.csv,312,0.978056
q__bogz1fr693061105q_nonmmf_ts_reval__lag007,bogz1fr693061105q_nonmmf_ts_reval,q,7,FRED_BOGZ1FR693061105Q_nonmmf_ts_reval.csv,311,0.974922
q__bogz1fr693061105q_nonmmf_ts_reval__lag008,bogz1fr693061105q_nonmmf_ts_reval,q,8,FRED_BOGZ1FR693061105Q_nonmmf_ts_reval.csv,310,0.971787
q__bogz1fr693061105q_nonmmmf_ts_reval__lag001,bogz1fr693061105q_nonmmmf_ts_reval,q,1,FRED_BOGZ1FR693061105Q_nonmmmf_ts_reval.csv,317,0.99373
q__bogz1fr693061105q_nonmmmf_ts_reval__lag002,bogz1fr693061105q_nonmmmf_ts_reval,q,2,FRED_BOGZ1FR693061105Q_nonmmmf_ts_reval.csv,316,0.990596
q__bogz1fr693061105q_nonmmmf_ts_reval__lag003,bogz1fr693061105q_nonmmmf_ts_reval,q,3,FRED_BOGZ1FR693061105Q_nonmmmf_ts_reval.csv,315,0.987461
q__bogz1fr693061105q_nonmmmf_ts_reval__lag004,bogz1fr693061105q_nonmmmf_ts_reval,q,4,FRED_BOGZ1FR693061105Q_nonmmmf_ts_reval.csv,314,0.984326
q__bogz1fr693061105q_nonmmmf_ts_reval__lag005,bogz1fr693061105q_nonmmmf_ts_reval,q,5,FRED_BOGZ1FR693061105Q_nonmmmf_ts_reval.csv,313,0.981191
q__bogz1fr693061105q_nonmmmf_ts_reval__lag006,bogz1fr693061105q_nonmmmf_ts_reval,q,6,FRED_BOGZ1FR693061105Q_nonmmmf_ts_reval.csv,312,0.978056
q__bogz1fr693061105q_nonmmmf_ts_reval__lag007,bogz1fr693061105q_nonmmmf_ts_reval,q,7,FRED_BOGZ1FR693061105Q_nonmmmf_ts_reval.csv,311,0.974922
q__bogz1fr693061105q_nonmmmf_ts_reval__lag008,bogz1fr693061105q_nonmmmf_ts_reval,q,8,FRED_BOGZ1FR693061105Q_nonmmmf_ts_reval.csv,310,0.971787
q__bogz1fr713061103q_cb_tsy_reval__lag001,bogz1fr713061103q_cb_tsy_reval,q,1,FRED_BOGZ1FR713061103Q_cb_tsy_reval.csv,317,0.99373
q__bogz1fr713061103q_cb_tsy_reval__lag002,bogz1fr713061103q_cb_tsy_reval,q,2,FRED_BOGZ1FR713061103Q_cb_tsy_reval.csv,316,0.990596
q__bogz1fr713061103q_cb_tsy_reval__lag003,bogz1fr713061103q_cb_tsy_reval,q,3,FRED_BOGZ1FR713061103Q_cb_tsy_reval.csv,315,0.987461
q__bogz1fr713061103q_cb_tsy_reval__lag004,bogz1fr713061103q_cb_tsy_reval,q,4,FRED_BOGZ1FR713061103Q_cb_tsy_reval.csv,314,0.984326
q__bogz1fr713061103q_cb_tsy_reval__lag005,bogz1fr713061103q_cb_tsy_reval,q,5,FRED_BOGZ1FR713061103Q_cb_tsy_reval.csv,313,0.981191
q__bogz1fr713061103q_cb_tsy_reval__lag006,bogz1fr713061103q_cb_tsy_reval,q,6,FRED_BOGZ1FR713061103Q_cb_tsy_reval.csv,312,0.978056
q__bogz1fr713061103q_cb_tsy_reval__lag007,bogz1fr713061103q_cb_tsy_reval,q,7,FRED_BOGZ1FR713061103Q_cb_tsy_reval.csv,311,0.974922
q__bogz1fr713061103q_cb_tsy_reval__lag008,bogz1fr713061103q_cb_tsy_reval,q,8,FRED_BOGZ1FR713061103Q_cb_tsy_reval.csv,310,0.971787
q__bogz1fr713061113q_cb_bills_reval__lag001,bogz1fr713061113q_cb_bills_reval,q,1,FRED_BOGZ1FR713061113Q_cb_bills_reval.csv,317,0.99373
q__bogz1fr713061113q_cb_bills_reval__lag002,bogz1fr713061113q_cb_bills_reval,q,2,FRED_BOGZ1FR713061113Q_cb_bills_reval.csv,316,0.990596
q__bogz1fr713061113q_cb_bills_reval__lag003,bogz1fr713061113q_cb_bills_reval,q,3,FRED_BOGZ1FR713061113Q_cb_bills_reval.csv,315,0.987461
q__bogz1fr713061113q_cb_bills_reval__lag004,bogz1fr713061113q_cb_bills_reval,q,4,FRED_BOGZ1FR713061113Q_cb_bills_reval.csv,314,0.984326
q__bogz1fr713061113q_cb_bills_reval__lag005,bogz1fr713061113q_cb_bills_reval,q,5,FRED_BOGZ1FR713061113Q_cb_bills_reval.csv,313,0.981191
q__bogz1fr713061113q_cb_bills_reval__lag006,bogz1fr713061113q_cb_bills_reval,q,6,FRED_BOGZ1FR713061113Q_cb_bills_reval.csv,312,0.978056
q__bogz1fr713061113q_cb_bills_reval__lag007,bogz1fr713061113q_cb_bills_reval,q,7,FRED_BOGZ1FR713061113Q_cb_bills_reval.csv,311,0.974922
q__bogz1fr713061113q_cb_bills_reval__lag008,bogz1fr713061113q_cb_bills_reval,q,8,FRED_BOGZ1FR713061113Q_cb_bills_reval.csv,310,0.971787
q__bogz1fr733061103q_holding_companies_ts_reval__lag001,bogz1fr733061103q_holding_companies_ts_reval,q,1,FRED_BOGZ1FR733061103Q_Holding_Companies_ts_reval.csv,317,0.99373
q__bogz1fr733061103q_holding_companies_ts_reval__lag002,bogz1fr733061103q_holding_companies_ts_reval,q,2,FRED_BOGZ1FR733061103Q_Holding_Companies_ts_reval.csv,316,0.990596
q__bogz1fr733061103q_holding_companies_ts_reval__lag003,bogz1fr733061103q_holding_companies_ts_reval,q,3,FRED_BOGZ1FR733061103Q_Holding_Companies_ts_reval.csv,315,0.987461
q__bogz1fr733061103q_holding_companies_ts_reval__lag004,bogz1fr733061103q_holding_companies_ts_reval,q,4,FRED_BOGZ1FR733061103Q_Holding_Companies_ts_reval.csv,314,0.984326
q__bogz1fr733061103q_holding_companies_ts_reval__lag005,bogz1fr733061103q_holding_companies_ts_reval,q,5,FRED_BOGZ1FR733061103Q_Holding_Companies_ts_reval.csv,313,0.981191
q__bogz1fr733061103q_holding_companies_ts_reval__lag006,bogz1fr733061103q_holding_companies_ts_reval,q,6,FRED_BOGZ1FR733061103Q_Holding_Companies_ts_reval.csv,312,0.978056
q__bogz1fr733061103q_holding_companies_ts_reval__lag007,bogz1fr733061103q_holding_companies_ts_reval,q,7,FRED_BOGZ1FR733061103Q_Holding_Companies_ts_reval.csv,311,0.974922
q__bogz1fr733061103q_holding_companies_ts_reval__lag008,bogz1fr733061103q_holding_companies_ts_reval,q,8,FRED_BOGZ1FR733061103Q_Holding_Companies_ts_reval.csv,310,0.971787
q__bogz1fr743061103q_usb_tsy_dom_reval__lag001,bogz1fr743061103q_usb_tsy_dom_reval,q,1,FRED_BOGZ1FR743061103Q_usb_tsy_dom_reval.csv,317,0.99373
q__bogz1fr743061103q_usb_tsy_dom_reval__lag002,bogz1fr743061103q_usb_tsy_dom_reval,q,2,FRED_BOGZ1FR743061103Q_usb_tsy_dom_reval.csv,316,0.990596
q__bogz1fr743061103q_usb_tsy_dom_reval__lag003,bogz1fr743061103q_usb_tsy_dom_reval,q,3,FRED_BOGZ1FR743061103Q_usb_tsy_dom_reval.csv,315,0.987461
q__bogz1fr743061103q_usb_tsy_dom_reval__lag004,bogz1fr743061103q_usb_tsy_dom_reval,q,4,FRED_BOGZ1FR743061103Q_usb_tsy_dom_reval.csv,314,0.984326
q__bogz1fr743061103q_usb_tsy_dom_reval__lag005,bogz1fr743061103q_usb_tsy_dom_reval,q,5,FRED_BOGZ1FR743061103Q_usb_tsy_dom_reval.csv,313,0.981191
q__bogz1fr743061103q_usb_tsy_dom_reval__lag006,bogz1fr743061103q_usb_tsy_dom_reval,q,6,FRED_BOGZ1FR743061103Q_usb_tsy_dom_reval.csv,312,0.978056
q__bogz1fr743061103q_usb_tsy_dom_reval__lag007,bogz1fr743061103q_usb_tsy_dom_reval,q,7,FRED_BOGZ1FR743061103Q_usb_tsy_dom_reval.csv,311,0.974922
q__bogz1fr743061103q_usb_tsy_dom_reval__lag008,bogz1fr743061103q_usb_tsy_dom_reval,q,8,FRED_BOGZ1FR743061103Q_usb_tsy_dom_reval.csv,310,0.971787
q__bogz1fr753061103q_usb_tsy_for_reval__lag001,bogz1fr753061103q_usb_tsy_for_reval,q,1,FRED_BOGZ1FR753061103Q_usb_tsy_for_reval.csv,317,0.99373
q__bogz1fr753061103q_usb_tsy_for_reval__lag002,bogz1fr753061103q_usb_tsy_for_reval,q,2,FRED_BOGZ1FR753061103Q_usb_tsy_for_reval.csv,316,0.990596
q__bogz1fr753061103q_usb_tsy_for_reval__lag003,bogz1fr753061103q_usb_tsy_for_reval,q,3,FRED_BOGZ1FR753061103Q_usb_tsy_for_reval.csv,315,0.987461
q__bogz1fr753061103q_usb_tsy_for_reval__lag004,bogz1fr753061103q_usb_tsy_for_reval,q,4,FRED_BOGZ1FR753061103Q_usb_tsy_for_reval.csv,314,0.984326
q__bogz1fr753061103q_usb_tsy_for_reval__lag005,bogz1fr753061103q_usb_tsy_for_reval,q,5,FRED_BOGZ1FR753061103Q_usb_tsy_for_reval.csv,313,0.981191
q__bogz1fr753061103q_usb_tsy_for_reval__lag006,bogz1fr753061103q_usb_tsy_for_reval,q,6,FRED_BOGZ1FR753061103Q_usb_tsy_for_reval.csv,312,0.978056
q__bogz1fr753061103q_usb_tsy_for_reval__lag007,bogz1fr753061103q_usb_tsy_for_reval,q,7,FRED_BOGZ1FR753061103Q_usb_tsy_for_reval.csv,311,0.974922
q__bogz1fr753061103q_usb_tsy_for_reval__lag008,bogz1fr753061103q_usb_tsy_for_reval,q,8,FRED_BOGZ1FR753061103Q_usb_tsy_for_reval.csv,310,0.971787
q__bogz1fr763061100q_usb_tsy_oth_reval__lag001,bogz1fr763061100q_usb_tsy_oth_reval,q,1,FRED_BOGZ1FR763061100Q_usb_tsy_oth_reval.csv,317,0.99373
q__bogz1fr763061100q_usb_tsy_oth_reval__lag002,bogz1fr763061100q_usb_tsy_oth_reval,q,2,FRED_BOGZ1FR763061100Q_usb_tsy_oth_reval.csv,316,0.990596
q__bogz1fr763061100q_usb_tsy_oth_reval__lag003,bogz1fr763061100q_usb_tsy_oth_reval,q,3,FRED_BOGZ1FR763061100Q_usb_tsy_oth_reval.csv,315,0.987461
q__bogz1fr763061100q_usb_tsy_oth_reval__lag004,bogz1fr763061100q_usb_tsy_oth_reval,q,4,FRED_BOGZ1FR763061100Q_usb_tsy_oth_reval.csv,314,0.984326
q__bogz1fr763061100q_usb_tsy_oth_reval__lag005,bogz1fr763061100q_usb_tsy_oth_reval,q,5,FRED_BOGZ1FR763061100Q_usb_tsy_oth_reval.csv,313,0.981191
q__bogz1fr763061100q_usb_tsy_oth_reval__lag006,bogz1fr763061100q_usb_tsy_oth_reval,q,6,FRED_BOGZ1FR763061100Q_usb_tsy_oth_reval.csv,312,0.978056
q__bogz1fr763061100q_usb_tsy_oth_reval__lag007,bogz1fr763061100q_usb_tsy_oth_reval,q,7,FRED_BOGZ1FR763061100Q_usb_tsy_oth_reval.csv,311,0.974922
q__bogz1fr763061100q_usb_tsy_oth_reval__lag008,bogz1fr763061100q_usb_tsy_oth_reval,q,8,FRED_BOGZ1FR763061100Q_usb_tsy_oth_reval.csv,310,0.971787
q__bogz1fr793061105q_dom_fin_sector_tsy_reval__lag001,bogz1fr793061105q_dom_fin_sector_tsy_reval,q,1,FRED_BOGZ1FR793061105Q_dom_fin_sector_tsy_reval.csv,317,0.99373
q__bogz1fr793061105q_dom_fin_sector_tsy_reval__lag002,bogz1fr793061105q_dom_fin_sector_tsy_reval,q,2,FRED_BOGZ1FR793061105Q_dom_fin_sector_tsy_reval.csv,316,0.990596
q__bogz1fr793061105q_dom_fin_sector_tsy_reval__lag003,bogz1fr793061105q_dom_fin_sector_tsy_reval,q,3,FRED_BOGZ1FR793061105Q_dom_fin_sector_tsy_reval.csv,315,0.987461
q__bogz1fr793061105q_dom_fin_sector_tsy_reval__lag004,bogz1fr793061105q_dom_fin_sector_tsy_reval,q,4,FRED_BOGZ1FR793061105Q_dom_fin_sector_tsy_reval.csv,314,0.984326
q__bogz1fr793061105q_dom_fin_sector_tsy_reval__lag005,bogz1fr793061105q_dom_fin_sector_tsy_reval,q,5,FRED_BOGZ1FR793061105Q_dom_fin_sector_tsy_reval.csv,313,0.981191
q__bogz1fr793061105q_dom_fin_sector_tsy_reval__lag006,bogz1fr793061105q_dom_fin_sector_tsy_reval,q,6,FRED_BOGZ1FR793061105Q_dom_fin_sector_tsy_reval.csv,312,0.978056
q__bogz1fr793061105q_dom_fin_sector_tsy_reval__lag007,bogz1fr793061105q_dom_fin_sector_tsy_reval,q,7,FRED_BOGZ1FR793061105Q_dom_fin_sector_tsy_reval.csv,311,0.974922
q__bogz1fr793061105q_dom_fin_sector_tsy_reval__lag008,bogz1fr793061105q_dom_fin_sector_tsy_reval,q,8,FRED_BOGZ1FR793061105Q_dom_fin_sector_tsy_reval.csv,310,0.971787
q__bogz1lm102010005q_nfcb_nfassets__lag001,bogz1lm102010005q_nfcb_nfassets,q,1,FRED_BOGZ1LM102010005Q_nfcb_nfassets.csv,319,1.0
q__bogz1lm102010005q_nfcb_nfassets__lag002,bogz1lm102010005q_nfcb_nfassets,q,2,FRED_BOGZ1LM102010005Q_nfcb_nfassets.csv,319,1.0
q__bogz1lm102010005q_nfcb_nfassets__lag003,bogz1lm102010005q_nfcb_nfassets,q,3,FRED_BOGZ1LM102010005Q_nfcb_nfassets.csv,319,1.0
q__bogz1lm102010005q_nfcb_nfassets__lag004,bogz1lm102010005q_nfcb_nfassets,q,4,FRED_BOGZ1LM102010005Q_nfcb_nfassets.csv,318,0.996865
q__bogz1lm102010005q_nfcb_nfassets__lag005,bogz1lm102010005q_nfcb_nfassets,q,5,FRED_BOGZ1LM102010005Q_nfcb_nfassets.csv,317,0.99373
q__bogz1lm102010005q_nfcb_nfassets__lag006,bogz1lm102010005q_nfcb_nfassets,q,6,FRED_BOGZ1LM102010005Q_nfcb_nfassets.csv,316,0.990596
q__bogz1lm102010005q_nfcb_nfassets__lag007,bogz1lm102010005q_nfcb_nfassets,q,7,FRED_BOGZ1LM102010005Q_nfcb_nfassets.csv,315,0.987461
q__bogz1lm102010005q_nfcb_nfassets__lag008,bogz1lm102010005q_nfcb_nfassets,q,8,FRED_BOGZ1LM102010005Q_nfcb_nfassets.csv,314,0.984326
q__bogz1lm103061103q_nfcb_tsy__lag001,bogz1lm103061103q_nfcb_tsy,q,1,FRED_BOGZ1LM103061103Q_nfcb_tsy.csv,319,1.0
q__bogz1lm103061103q_nfcb_tsy__lag002,bogz1lm103061103q_nfcb_tsy,q,2,FRED_BOGZ1LM103061103Q_nfcb_tsy.csv,319,1.0
q__bogz1lm103061103q_nfcb_tsy__lag003,bogz1lm103061103q_nfcb_tsy,q,3,FRED_BOGZ1LM103061103Q_nfcb_tsy.csv,319,1.0
q__bogz1lm103061103q_nfcb_tsy__lag004,bogz1lm103061103q_nfcb_tsy,q,4,FRED_BOGZ1LM103061103Q_nfcb_tsy.csv,318,0.996865
q__bogz1lm103061103q_nfcb_tsy__lag005,bogz1lm103061103q_nfcb_tsy,q,5,FRED_BOGZ1LM103061103Q_nfcb_tsy.csv,317,0.99373
q__bogz1lm103061103q_nfcb_tsy__lag006,bogz1lm103061103q_nfcb_tsy,q,6,FRED_BOGZ1LM103061103Q_nfcb_tsy.csv,316,0.990596
q__bogz1lm103061103q_nfcb_tsy__lag007,bogz1lm103061103q_nfcb_tsy,q,7,FRED_BOGZ1LM103061103Q_nfcb_tsy.csv,315,0.987461
q__bogz1lm103061103q_nfcb_tsy__lag008,bogz1lm103061103q_nfcb_tsy,q,8,FRED_BOGZ1LM103061103Q_nfcb_tsy.csv,314,0.984326
q__bogz1lm105020015q_nfcb_inventories__lag001,bogz1lm105020015q_nfcb_inventories,q,1,FRED_BOGZ1LM105020015Q_nfcb_inventories.csv,319,1.0
q__bogz1lm105020015q_nfcb_inventories__lag002,bogz1lm105020015q_nfcb_inventories,q,2,FRED_BOGZ1LM105020015Q_nfcb_inventories.csv,319,1.0
q__bogz1lm105020015q_nfcb_inventories__lag003,bogz1lm105020015q_nfcb_inventories,q,3,FRED_BOGZ1LM105020015Q_nfcb_inventories.csv,319,1.0
q__bogz1lm105020015q_nfcb_inventories__lag004,bogz1lm105020015q_nfcb_inventories,q,4,FRED_BOGZ1LM105020015Q_nfcb_inventories.csv,318,0.996865
q__bogz1lm105020015q_nfcb_inventories__lag005,bogz1lm105020015q_nfcb_inventories,q,5,FRED_BOGZ1LM105020015Q_nfcb_inventories.csv,317,0.99373
q__bogz1lm105020015q_nfcb_inventories__lag006,bogz1lm105020015q_nfcb_inventories,q,6,FRED_BOGZ1LM105020015Q_nfcb_inventories.csv,316,0.990596
q__bogz1lm105020015q_nfcb_inventories__lag007,bogz1lm105020015q_nfcb_inventories,q,7,FRED_BOGZ1LM105020015Q_nfcb_inventories.csv,315,0.987461
q__bogz1lm105020015q_nfcb_inventories__lag008,bogz1lm105020015q_nfcb_inventories,q,8,FRED_BOGZ1LM105020015Q_nfcb_inventories.csv,314,0.984326
q__bogz1lm153061105q_hhnp_tsy__lag001,bogz1lm153061105q_hhnp_tsy,q,1,FRED_BOGZ1LM153061105Q_hhnp_tsy.csv,319,1.0
q__bogz1lm153061105q_hhnp_tsy__lag002,bogz1lm153061105q_hhnp_tsy,q,2,FRED_BOGZ1LM153061105Q_hhnp_tsy.csv,319,1.0
q__bogz1lm153061105q_hhnp_tsy__lag003,bogz1lm153061105q_hhnp_tsy,q,3,FRED_BOGZ1LM153061105Q_hhnp_tsy.csv,319,1.0
q__bogz1lm153061105q_hhnp_tsy__lag004,bogz1lm153061105q_hhnp_tsy,q,4,FRED_BOGZ1LM153061105Q_hhnp_tsy.csv,318,0.996865
q__bogz1lm153061105q_hhnp_tsy__lag005,bogz1lm153061105q_hhnp_tsy,q,5,FRED_BOGZ1LM153061105Q_hhnp_tsy.csv,317,0.99373
q__bogz1lm153061105q_hhnp_tsy__lag006,bogz1lm153061105q_hhnp_tsy,q,6,FRED_BOGZ1LM153061105Q_hhnp_tsy.csv,316,0.990596
q__bogz1lm153061105q_hhnp_tsy__lag007,bogz1lm153061105q_hhnp_tsy,q,7,FRED_BOGZ1LM153061105Q_hhnp_tsy.csv,315,0.987461
q__bogz1lm153061105q_hhnp_tsy__lag008,bogz1lm153061105q_hhnp_tsy,q,8,FRED_BOGZ1LM153061105Q_hhnp_tsy.csv,314,0.984326
q__bogz1lm213061103q_state_local_gov_ts__lag001,bogz1lm213061103q_state_local_gov_ts,q,1,FRED_BOGZ1LM213061103Q_State_Local_Gov_ts.csv,319,1.0
q__bogz1lm213061103q_state_local_gov_ts__lag002,bogz1lm213061103q_state_local_gov_ts,q,2,FRED_BOGZ1LM213061103Q_State_Local_Gov_ts.csv,319,1.0
q__bogz1lm213061103q_state_local_gov_ts__lag003,bogz1lm213061103q_state_local_gov_ts,q,3,FRED_BOGZ1LM213061103Q_State_Local_Gov_ts.csv,319,1.0
q__bogz1lm213061103q_state_local_gov_ts__lag004,bogz1lm213061103q_state_local_gov_ts,q,4,FRED_BOGZ1LM213061103Q_State_Local_Gov_ts.csv,318,0.996865
q__bogz1lm213061103q_state_local_gov_ts__lag005,bogz1lm213061103q_state_local_gov_ts,q,5,FRED_BOGZ1LM213061103Q_State_Local_Gov_ts.csv,317,0.99373
q__bogz1lm213061103q_state_local_gov_ts__lag006,bogz1lm213061103q_state_local_gov_ts,q,6,FRED_BOGZ1LM213061103Q_State_Local_Gov_ts.csv,316,0.990596
q__bogz1lm213061103q_state_local_gov_ts__lag007,bogz1lm213061103q_state_local_gov_ts,q,7,FRED_BOGZ1LM213061103Q_State_Local_Gov_ts.csv,315,0.987461
q__bogz1lm213061103q_state_local_gov_ts__lag008,bogz1lm213061103q_state_local_gov_ts,q,8,FRED_BOGZ1LM213061103Q_State_Local_Gov_ts.csv,314,0.984326
q__bogz1lm223061143q_state_local_db_retirement_ts__lag001,bogz1lm223061143q_state_local_db_retirement_ts,q,1,FRED_BOGZ1LM223061143Q_State_Local_DB_Retirement_ts.csv,319,1.0
q__bogz1lm223061143q_state_local_db_retirement_ts__lag002,bogz1lm223061143q_state_local_db_retirement_ts,q,2,FRED_BOGZ1LM223061143Q_State_Local_DB_Retirement_ts.csv,319,1.0
q__bogz1lm223061143q_state_local_db_retirement_ts__lag003,bogz1lm223061143q_state_local_db_retirement_ts,q,3,FRED_BOGZ1LM223061143Q_State_Local_DB_Retirement_ts.csv,319,1.0
q__bogz1lm223061143q_state_local_db_retirement_ts__lag004,bogz1lm223061143q_state_local_db_retirement_ts,q,4,FRED_BOGZ1LM223061143Q_State_Local_DB_Retirement_ts.csv,318,0.996865
q__bogz1lm223061143q_state_local_db_retirement_ts__lag005,bogz1lm223061143q_state_local_db_retirement_ts,q,5,FRED_BOGZ1LM223061143Q_State_Local_DB_Retirement_ts.csv,317,0.99373
q__bogz1lm223061143q_state_local_db_retirement_ts__lag006,bogz1lm223061143q_state_local_db_retirement_ts,q,6,FRED_BOGZ1LM223061143Q_State_Local_DB_Retirement_ts.csv,316,0.990596
q__bogz1lm223061143q_state_local_db_retirement_ts__lag007,bogz1lm223061143q_state_local_db_retirement_ts,q,7,FRED_BOGZ1LM223061143Q_State_Local_DB_Retirement_ts.csv,315,0.987461
q__bogz1lm223061143q_state_local_db_retirement_ts__lag008,bogz1lm223061143q_state_local_db_retirement_ts,q,8,FRED_BOGZ1LM223061143Q_State_Local_DB_Retirement_ts.csv,314,0.984326
q__bogz1lm263061105q_row_tsy_raw__lag001,bogz1lm263061105q_row_tsy_raw,q,1,FRED_BOGZ1LM263061105Q_ROW_tsy_raw.csv,319,1.0
q__bogz1lm263061105q_row_tsy_raw__lag002,bogz1lm263061105q_row_tsy_raw,q,2,FRED_BOGZ1LM263061105Q_ROW_tsy_raw.csv,319,1.0
q__bogz1lm263061105q_row_tsy_raw__lag003,bogz1lm263061105q_row_tsy_raw,q,3,FRED_BOGZ1LM263061105Q_ROW_tsy_raw.csv,319,1.0
q__bogz1lm263061105q_row_tsy_raw__lag004,bogz1lm263061105q_row_tsy_raw,q,4,FRED_BOGZ1LM263061105Q_ROW_tsy_raw.csv,318,0.996865
q__bogz1lm263061105q_row_tsy_raw__lag005,bogz1lm263061105q_row_tsy_raw,q,5,FRED_BOGZ1LM263061105Q_ROW_tsy_raw.csv,317,0.99373
q__bogz1lm263061105q_row_tsy_raw__lag006,bogz1lm263061105q_row_tsy_raw,q,6,FRED_BOGZ1LM263061105Q_ROW_tsy_raw.csv,316,0.990596
q__bogz1lm263061105q_row_tsy_raw__lag007,bogz1lm263061105q_row_tsy_raw,q,7,FRED_BOGZ1LM263061105Q_ROW_tsy_raw.csv,315,0.987461
q__bogz1lm263061105q_row_tsy_raw__lag008,bogz1lm263061105q_row_tsy_raw,q,8,FRED_BOGZ1LM263061105Q_ROW_tsy_raw.csv,314,0.984326
q__bogz1lm263061105q_row_tsy__lag001,bogz1lm263061105q_row_tsy,q,1,FRED_BOGZ1LM263061105Q_row_tsy.csv,319,1.0
q__bogz1lm263061105q_row_tsy__lag002,bogz1lm263061105q_row_tsy,q,2,FRED_BOGZ1LM263061105Q_row_tsy.csv,319,1.0
q__bogz1lm263061105q_row_tsy__lag003,bogz1lm263061105q_row_tsy,q,3,FRED_BOGZ1LM263061105Q_row_tsy.csv,319,1.0
q__bogz1lm263061105q_row_tsy__lag004,bogz1lm263061105q_row_tsy,q,4,FRED_BOGZ1LM263061105Q_row_tsy.csv,318,0.996865
q__bogz1lm263061105q_row_tsy__lag005,bogz1lm263061105q_row_tsy,q,5,FRED_BOGZ1LM263061105Q_row_tsy.csv,317,0.99373
q__bogz1lm263061105q_row_tsy__lag006,bogz1lm263061105q_row_tsy,q,6,FRED_BOGZ1LM263061105Q_row_tsy.csv,316,0.990596
q__bogz1lm263061105q_row_tsy__lag007,bogz1lm263061105q_row_tsy,q,7,FRED_BOGZ1LM263061105Q_row_tsy.csv,315,0.987461
q__bogz1lm263061105q_row_tsy__lag008,bogz1lm263061105q_row_tsy,q,8,FRED_BOGZ1LM263061105Q_row_tsy.csv,314,0.984326
q__bogz1lm263061110q_row_bills_raw__lag001,bogz1lm263061110q_row_bills_raw,q,1,FRED_BOGZ1LM263061110Q_ROW_bills_raw.csv,319,1.0
q__bogz1lm263061110q_row_bills_raw__lag002,bogz1lm263061110q_row_bills_raw,q,2,FRED_BOGZ1LM263061110Q_ROW_bills_raw.csv,319,1.0
q__bogz1lm263061110q_row_bills_raw__lag003,bogz1lm263061110q_row_bills_raw,q,3,FRED_BOGZ1LM263061110Q_ROW_bills_raw.csv,319,1.0
q__bogz1lm263061110q_row_bills_raw__lag004,bogz1lm263061110q_row_bills_raw,q,4,FRED_BOGZ1LM263061110Q_ROW_bills_raw.csv,318,0.996865
q__bogz1lm263061110q_row_bills_raw__lag005,bogz1lm263061110q_row_bills_raw,q,5,FRED_BOGZ1LM263061110Q_ROW_bills_raw.csv,317,0.99373
q__bogz1lm263061110q_row_bills_raw__lag006,bogz1lm263061110q_row_bills_raw,q,6,FRED_BOGZ1LM263061110Q_ROW_bills_raw.csv,316,0.990596
q__bogz1lm263061110q_row_bills_raw__lag007,bogz1lm263061110q_row_bills_raw,q,7,FRED_BOGZ1LM263061110Q_ROW_bills_raw.csv,315,0.987461
q__bogz1lm263061110q_row_bills_raw__lag008,bogz1lm263061110q_row_bills_raw,q,8,FRED_BOGZ1LM263061110Q_ROW_bills_raw.csv,314,0.984326
q__bogz1lm263061110q_row_bills__lag001,bogz1lm263061110q_row_bills,q,1,FRED_BOGZ1LM263061110Q_row_bills.csv,319,1.0
q__bogz1lm263061110q_row_bills__lag002,bogz1lm263061110q_row_bills,q,2,FRED_BOGZ1LM263061110Q_row_bills.csv,319,1.0
q__bogz1lm263061110q_row_bills__lag003,bogz1lm263061110q_row_bills,q,3,FRED_BOGZ1LM263061110Q_row_bills.csv,319,1.0
q__bogz1lm263061110q_row_bills__lag004,bogz1lm263061110q_row_bills,q,4,FRED_BOGZ1LM263061110Q_row_bills.csv,318,0.996865
q__bogz1lm263061110q_row_bills__lag005,bogz1lm263061110q_row_bills,q,5,FRED_BOGZ1LM263061110Q_row_bills.csv,317,0.99373
q__bogz1lm263061110q_row_bills__lag006,bogz1lm263061110q_row_bills,q,6,FRED_BOGZ1LM263061110Q_row_bills.csv,316,0.990596
q__bogz1lm263061110q_row_bills__lag007,bogz1lm263061110q_row_bills,q,7,FRED_BOGZ1LM263061110Q_row_bills.csv,315,0.987461
q__bogz1lm263061110q_row_bills__lag008,bogz1lm263061110q_row_bills,q,8,FRED_BOGZ1LM263061110Q_row_bills.csv,314,0.984326
q__bogz1lm343061105q_fed_gov_retirement_ts__lag001,bogz1lm343061105q_fed_gov_retirement_ts,q,1,FRED_BOGZ1LM343061105Q_Fed_Gov_Retirement_ts.csv,319,1.0
q__bogz1lm343061105q_fed_gov_retirement_ts__lag002,bogz1lm343061105q_fed_gov_retirement_ts,q,2,FRED_BOGZ1LM343061105Q_Fed_Gov_Retirement_ts.csv,319,1.0
q__bogz1lm343061105q_fed_gov_retirement_ts__lag003,bogz1lm343061105q_fed_gov_retirement_ts,q,3,FRED_BOGZ1LM343061105Q_Fed_Gov_Retirement_ts.csv,319,1.0
q__bogz1lm343061105q_fed_gov_retirement_ts__lag004,bogz1lm343061105q_fed_gov_retirement_ts,q,4,FRED_BOGZ1LM343061105Q_Fed_Gov_Retirement_ts.csv,318,0.996865
q__bogz1lm343061105q_fed_gov_retirement_ts__lag005,bogz1lm343061105q_fed_gov_retirement_ts,q,5,FRED_BOGZ1LM343061105Q_Fed_Gov_Retirement_ts.csv,317,0.99373
q__bogz1lm343061105q_fed_gov_retirement_ts__lag006,bogz1lm343061105q_fed_gov_retirement_ts,q,6,FRED_BOGZ1LM343061105Q_Fed_Gov_Retirement_ts.csv,316,0.990596
q__bogz1lm343061105q_fed_gov_retirement_ts__lag007,bogz1lm343061105q_fed_gov_retirement_ts,q,7,FRED_BOGZ1LM343061105Q_Fed_Gov_Retirement_ts.csv,315,0.987461
q__bogz1lm343061105q_fed_gov_retirement_ts__lag008,bogz1lm343061105q_fed_gov_retirement_ts,q,8,FRED_BOGZ1LM343061105Q_Fed_Gov_Retirement_ts.csv,314,0.984326
q__bogz1lm343061105q_fed_ret_tsy_total__lag001,bogz1lm343061105q_fed_ret_tsy_total,q,1,FRED_BOGZ1LM343061105Q_fed_ret_tsy_total.csv,319,1.0
q__bogz1lm343061105q_fed_ret_tsy_total__lag002,bogz1lm343061105q_fed_ret_tsy_total,q,2,FRED_BOGZ1LM343061105Q_fed_ret_tsy_total.csv,319,1.0
q__bogz1lm343061105q_fed_ret_tsy_total__lag003,bogz1lm343061105q_fed_ret_tsy_total,q,3,FRED_BOGZ1LM343061105Q_fed_ret_tsy_total.csv,319,1.0
q__bogz1lm343061105q_fed_ret_tsy_total__lag004,bogz1lm343061105q_fed_ret_tsy_total,q,4,FRED_BOGZ1LM343061105Q_fed_ret_tsy_total.csv,318,0.996865
q__bogz1lm343061105q_fed_ret_tsy_total__lag005,bogz1lm343061105q_fed_ret_tsy_total,q,5,FRED_BOGZ1LM343061105Q_fed_ret_tsy_total.csv,317,0.99373
q__bogz1lm343061105q_fed_ret_tsy_total__lag006,bogz1lm343061105q_fed_ret_tsy_total,q,6,FRED_BOGZ1LM343061105Q_fed_ret_tsy_total.csv,316,0.990596
q__bogz1lm343061105q_fed_ret_tsy_total__lag007,bogz1lm343061105q_fed_ret_tsy_total,q,7,FRED_BOGZ1LM343061105Q_fed_ret_tsy_total.csv,315,0.987461
q__bogz1lm343061105q_fed_ret_tsy_total__lag008,bogz1lm343061105q_fed_ret_tsy_total,q,8,FRED_BOGZ1LM343061105Q_fed_ret_tsy_total.csv,314,0.984326
q__bogz1lm343061113q_fed_gov_dcf_retirement_ts__lag001,bogz1lm343061113q_fed_gov_dcf_retirement_ts,q,1,FRED_BOGZ1LM343061113Q_Fed_Gov_DCF_Retirement_ts.csv,319,1.0
q__bogz1lm343061113q_fed_gov_dcf_retirement_ts__lag002,bogz1lm343061113q_fed_gov_dcf_retirement_ts,q,2,FRED_BOGZ1LM343061113Q_Fed_Gov_DCF_Retirement_ts.csv,319,1.0
q__bogz1lm343061113q_fed_gov_dcf_retirement_ts__lag003,bogz1lm343061113q_fed_gov_dcf_retirement_ts,q,3,FRED_BOGZ1LM343061113Q_Fed_Gov_DCF_Retirement_ts.csv,319,1.0
q__bogz1lm343061113q_fed_gov_dcf_retirement_ts__lag004,bogz1lm343061113q_fed_gov_dcf_retirement_ts,q,4,FRED_BOGZ1LM343061113Q_Fed_Gov_DCF_Retirement_ts.csv,318,0.996865
q__bogz1lm343061113q_fed_gov_dcf_retirement_ts__lag005,bogz1lm343061113q_fed_gov_dcf_retirement_ts,q,5,FRED_BOGZ1LM343061113Q_Fed_Gov_DCF_Retirement_ts.csv,317,0.99373
q__bogz1lm343061113q_fed_gov_dcf_retirement_ts__lag006,bogz1lm343061113q_fed_gov_dcf_retirement_ts,q,6,FRED_BOGZ1LM343061113Q_Fed_Gov_DCF_Retirement_ts.csv,316,0.990596
q__bogz1lm343061113q_fed_gov_dcf_retirement_ts__lag007,bogz1lm343061113q_fed_gov_dcf_retirement_ts,q,7,FRED_BOGZ1LM343061113Q_Fed_Gov_DCF_Retirement_ts.csv,315,0.987461
q__bogz1lm343061113q_fed_gov_dcf_retirement_ts__lag008,bogz1lm343061113q_fed_gov_dcf_retirement_ts,q,8,FRED_BOGZ1LM343061113Q_Fed_Gov_DCF_Retirement_ts.csv,314,0.984326
q__bogz1lm343061113q_fed_gov_dc_retirement_ts__lag001,bogz1lm343061113q_fed_gov_dc_retirement_ts,q,1,FRED_BOGZ1LM343061113Q_Fed_Gov_DC_Retirement_ts.csv,319,1.0
q__bogz1lm343061113q_fed_gov_dc_retirement_ts__lag002,bogz1lm343061113q_fed_gov_dc_retirement_ts,q,2,FRED_BOGZ1LM343061113Q_Fed_Gov_DC_Retirement_ts.csv,319,1.0
q__bogz1lm343061113q_fed_gov_dc_retirement_ts__lag003,bogz1lm343061113q_fed_gov_dc_retirement_ts,q,3,FRED_BOGZ1LM343061113Q_Fed_Gov_DC_Retirement_ts.csv,319,1.0
q__bogz1lm343061113q_fed_gov_dc_retirement_ts__lag004,bogz1lm343061113q_fed_gov_dc_retirement_ts,q,4,FRED_BOGZ1LM343061113Q_Fed_Gov_DC_Retirement_ts.csv,318,0.996865
q__bogz1lm343061113q_fed_gov_dc_retirement_ts__lag005,bogz1lm343061113q_fed_gov_dc_retirement_ts,q,5,FRED_BOGZ1LM343061113Q_Fed_Gov_DC_Retirement_ts.csv,317,0.99373
q__bogz1lm343061113q_fed_gov_dc_retirement_ts__lag006,bogz1lm343061113q_fed_gov_dc_retirement_ts,q,6,FRED_BOGZ1LM343061113Q_Fed_Gov_DC_Retirement_ts.csv,316,0.990596
q__bogz1lm343061113q_fed_gov_dc_retirement_ts__lag007,bogz1lm343061113q_fed_gov_dc_retirement_ts,q,7,FRED_BOGZ1LM343061113Q_Fed_Gov_DC_Retirement_ts.csv,315,0.987461
q__bogz1lm343061113q_fed_gov_dc_retirement_ts__lag008,bogz1lm343061113q_fed_gov_dc_retirement_ts,q,8,FRED_BOGZ1LM343061113Q_Fed_Gov_DC_Retirement_ts.csv,314,0.984326
q__bogz1lm343061113q_fed_ret_tsy_dc__lag001,bogz1lm343061113q_fed_ret_tsy_dc,q,1,FRED_BOGZ1LM343061113Q_fed_ret_tsy_dc.csv,319,1.0
q__bogz1lm343061113q_fed_ret_tsy_dc__lag002,bogz1lm343061113q_fed_ret_tsy_dc,q,2,FRED_BOGZ1LM343061113Q_fed_ret_tsy_dc.csv,319,1.0
q__bogz1lm343061113q_fed_ret_tsy_dc__lag003,bogz1lm343061113q_fed_ret_tsy_dc,q,3,FRED_BOGZ1LM343061113Q_fed_ret_tsy_dc.csv,319,1.0
q__bogz1lm343061113q_fed_ret_tsy_dc__lag004,bogz1lm343061113q_fed_ret_tsy_dc,q,4,FRED_BOGZ1LM343061113Q_fed_ret_tsy_dc.csv,318,0.996865
q__bogz1lm343061113q_fed_ret_tsy_dc__lag005,bogz1lm343061113q_fed_ret_tsy_dc,q,5,FRED_BOGZ1LM343061113Q_fed_ret_tsy_dc.csv,317,0.99373
q__bogz1lm343061113q_fed_ret_tsy_dc__lag006,bogz1lm343061113q_fed_ret_tsy_dc,q,6,FRED_BOGZ1LM343061113Q_fed_ret_tsy_dc.csv,316,0.990596
q__bogz1lm343061113q_fed_ret_tsy_dc__lag007,bogz1lm343061113q_fed_ret_tsy_dc,q,7,FRED_BOGZ1LM343061113Q_fed_ret_tsy_dc.csv,315,0.987461
q__bogz1lm343061113q_fed_ret_tsy_dc__lag008,bogz1lm343061113q_fed_ret_tsy_dc,q,8,FRED_BOGZ1LM343061113Q_fed_ret_tsy_dc.csv,314,0.984326
q__bogz1lm343061165q_fed_gov_db_retirement_ts__lag001,bogz1lm343061165q_fed_gov_db_retirement_ts,q,1,FRED_BOGZ1LM343061165Q_Fed_Gov_DB_Retirement_ts.csv,319,1.0
q__bogz1lm343061165q_fed_gov_db_retirement_ts__lag002,bogz1lm343061165q_fed_gov_db_retirement_ts,q,2,FRED_BOGZ1LM343061165Q_Fed_Gov_DB_Retirement_ts.csv,319,1.0
q__bogz1lm343061165q_fed_gov_db_retirement_ts__lag003,bogz1lm343061165q_fed_gov_db_retirement_ts,q,3,FRED_BOGZ1LM343061165Q_Fed_Gov_DB_Retirement_ts.csv,319,1.0
q__bogz1lm343061165q_fed_gov_db_retirement_ts__lag004,bogz1lm343061165q_fed_gov_db_retirement_ts,q,4,FRED_BOGZ1LM343061165Q_Fed_Gov_DB_Retirement_ts.csv,318,0.996865
q__bogz1lm343061165q_fed_gov_db_retirement_ts__lag005,bogz1lm343061165q_fed_gov_db_retirement_ts,q,5,FRED_BOGZ1LM343061165Q_Fed_Gov_DB_Retirement_ts.csv,317,0.99373
q__bogz1lm343061165q_fed_gov_db_retirement_ts__lag006,bogz1lm343061165q_fed_gov_db_retirement_ts,q,6,FRED_BOGZ1LM343061165Q_Fed_Gov_DB_Retirement_ts.csv,316,0.990596
q__bogz1lm343061165q_fed_gov_db_retirement_ts__lag007,bogz1lm343061165q_fed_gov_db_retirement_ts,q,7,FRED_BOGZ1LM343061165Q_Fed_Gov_DB_Retirement_ts.csv,315,0.987461
q__bogz1lm343061165q_fed_gov_db_retirement_ts__lag008,bogz1lm343061165q_fed_gov_db_retirement_ts,q,8,FRED_BOGZ1LM343061165Q_Fed_Gov_DB_Retirement_ts.csv,314,0.984326
q__bogz1lm343061165q_fed_ret_tsy_db__lag001,bogz1lm343061165q_fed_ret_tsy_db,q,1,FRED_BOGZ1LM343061165Q_fed_ret_tsy_db.csv,319,1.0
q__bogz1lm343061165q_fed_ret_tsy_db__lag002,bogz1lm343061165q_fed_ret_tsy_db,q,2,FRED_BOGZ1LM343061165Q_fed_ret_tsy_db.csv,319,1.0
q__bogz1lm343061165q_fed_ret_tsy_db__lag003,bogz1lm343061165q_fed_ret_tsy_db,q,3,FRED_BOGZ1LM343061165Q_fed_ret_tsy_db.csv,319,1.0
q__bogz1lm343061165q_fed_ret_tsy_db__lag004,bogz1lm343061165q_fed_ret_tsy_db,q,4,FRED_BOGZ1LM343061165Q_fed_ret_tsy_db.csv,318,0.996865
q__bogz1lm343061165q_fed_ret_tsy_db__lag005,bogz1lm343061165q_fed_ret_tsy_db,q,5,FRED_BOGZ1LM343061165Q_fed_ret_tsy_db.csv,317,0.99373
q__bogz1lm343061165q_fed_ret_tsy_db__lag006,bogz1lm343061165q_fed_ret_tsy_db,q,6,FRED_BOGZ1LM343061165Q_fed_ret_tsy_db.csv,316,0.990596
q__bogz1lm343061165q_fed_ret_tsy_db__lag007,bogz1lm343061165q_fed_ret_tsy_db,q,7,FRED_BOGZ1LM343061165Q_fed_ret_tsy_db.csv,315,0.987461
q__bogz1lm343061165q_fed_ret_tsy_db__lag008,bogz1lm343061165q_fed_ret_tsy_db,q,8,FRED_BOGZ1LM343061165Q_fed_ret_tsy_db.csv,314,0.984326
q__bogz1lm403061105q_gses_ts__lag001,bogz1lm403061105q_gses_ts,q,1,FRED_BOGZ1LM403061105Q_GSEs_ts.csv,319,1.0
q__bogz1lm403061105q_gses_ts__lag002,bogz1lm403061105q_gses_ts,q,2,FRED_BOGZ1LM403061105Q_GSEs_ts.csv,319,1.0
q__bogz1lm403061105q_gses_ts__lag003,bogz1lm403061105q_gses_ts,q,3,FRED_BOGZ1LM403061105Q_GSEs_ts.csv,319,1.0
q__bogz1lm403061105q_gses_ts__lag004,bogz1lm403061105q_gses_ts,q,4,FRED_BOGZ1LM403061105Q_GSEs_ts.csv,318,0.996865
q__bogz1lm403061105q_gses_ts__lag005,bogz1lm403061105q_gses_ts,q,5,FRED_BOGZ1LM403061105Q_GSEs_ts.csv,317,0.99373
q__bogz1lm403061105q_gses_ts__lag006,bogz1lm403061105q_gses_ts,q,6,FRED_BOGZ1LM403061105Q_GSEs_ts.csv,316,0.990596
q__bogz1lm403061105q_gses_ts__lag007,bogz1lm403061105q_gses_ts,q,7,FRED_BOGZ1LM403061105Q_GSEs_ts.csv,315,0.987461
q__bogz1lm403061105q_gses_ts__lag008,bogz1lm403061105q_gses_ts,q,8,FRED_BOGZ1LM403061105Q_GSEs_ts.csv,314,0.984326
q__bogz1lm403061105q_gse_tsy__lag001,bogz1lm403061105q_gse_tsy,q,1,FRED_BOGZ1LM403061105Q_gse_tsy.csv,319,1.0
q__bogz1lm403061105q_gse_tsy__lag002,bogz1lm403061105q_gse_tsy,q,2,FRED_BOGZ1LM403061105Q_gse_tsy.csv,319,1.0
q__bogz1lm403061105q_gse_tsy__lag003,bogz1lm403061105q_gse_tsy,q,3,FRED_BOGZ1LM403061105Q_gse_tsy.csv,319,1.0
q__bogz1lm403061105q_gse_tsy__lag004,bogz1lm403061105q_gse_tsy,q,4,FRED_BOGZ1LM403061105Q_gse_tsy.csv,318,0.996865
q__bogz1lm403061105q_gse_tsy__lag005,bogz1lm403061105q_gse_tsy,q,5,FRED_BOGZ1LM403061105Q_gse_tsy.csv,317,0.99373
q__bogz1lm403061105q_gse_tsy__lag006,bogz1lm403061105q_gse_tsy,q,6,FRED_BOGZ1LM403061105Q_gse_tsy.csv,316,0.990596
q__bogz1lm403061105q_gse_tsy__lag007,bogz1lm403061105q_gse_tsy,q,7,FRED_BOGZ1LM403061105Q_gse_tsy.csv,315,0.987461
q__bogz1lm403061105q_gse_tsy__lag008,bogz1lm403061105q_gse_tsy,q,8,FRED_BOGZ1LM403061105Q_gse_tsy.csv,314,0.984326
q__bogz1lm473061105q_credit_unions_ts__lag001,bogz1lm473061105q_credit_unions_ts,q,1,FRED_BOGZ1LM473061105Q_Credit_Unions_ts.csv,319,1.0
q__bogz1lm473061105q_credit_unions_ts__lag002,bogz1lm473061105q_credit_unions_ts,q,2,FRED_BOGZ1LM473061105Q_Credit_Unions_ts.csv,319,1.0
q__bogz1lm473061105q_credit_unions_ts__lag003,bogz1lm473061105q_credit_unions_ts,q,3,FRED_BOGZ1LM473061105Q_Credit_Unions_ts.csv,319,1.0
q__bogz1lm473061105q_credit_unions_ts__lag004,bogz1lm473061105q_credit_unions_ts,q,4,FRED_BOGZ1LM473061105Q_Credit_Unions_ts.csv,318,0.996865
q__bogz1lm473061105q_credit_unions_ts__lag005,bogz1lm473061105q_credit_unions_ts,q,5,FRED_BOGZ1LM473061105Q_Credit_Unions_ts.csv,317,0.99373
q__bogz1lm473061105q_credit_unions_ts__lag006,bogz1lm473061105q_credit_unions_ts,q,6,FRED_BOGZ1LM473061105Q_Credit_Unions_ts.csv,316,0.990596
q__bogz1lm473061105q_credit_unions_ts__lag007,bogz1lm473061105q_credit_unions_ts,q,7,FRED_BOGZ1LM473061105Q_Credit_Unions_ts.csv,315,0.987461
q__bogz1lm473061105q_credit_unions_ts__lag008,bogz1lm473061105q_credit_unions_ts,q,8,FRED_BOGZ1LM473061105Q_Credit_Unions_ts.csv,314,0.984326
q__bogz1lm473061105q_credit_unions_ts_tx__lag001,bogz1lm473061105q_credit_unions_ts_tx,q,1,FRED_BOGZ1LM473061105Q_Credit_Unions_ts_tx.csv,319,1.0
q__bogz1lm473061105q_credit_unions_ts_tx__lag002,bogz1lm473061105q_credit_unions_ts_tx,q,2,FRED_BOGZ1LM473061105Q_Credit_Unions_ts_tx.csv,319,1.0
q__bogz1lm473061105q_credit_unions_ts_tx__lag003,bogz1lm473061105q_credit_unions_ts_tx,q,3,FRED_BOGZ1LM473061105Q_Credit_Unions_ts_tx.csv,319,1.0
q__bogz1lm473061105q_credit_unions_ts_tx__lag004,bogz1lm473061105q_credit_unions_ts_tx,q,4,FRED_BOGZ1LM473061105Q_Credit_Unions_ts_tx.csv,318,0.996865
q__bogz1lm473061105q_credit_unions_ts_tx__lag005,bogz1lm473061105q_credit_unions_ts_tx,q,5,FRED_BOGZ1LM473061105Q_Credit_Unions_ts_tx.csv,317,0.99373
q__bogz1lm473061105q_credit_unions_ts_tx__lag006,bogz1lm473061105q_credit_unions_ts_tx,q,6,FRED_BOGZ1LM473061105Q_Credit_Unions_ts_tx.csv,316,0.990596
q__bogz1lm473061105q_credit_unions_ts_tx__lag007,bogz1lm473061105q_credit_unions_ts_tx,q,7,FRED_BOGZ1LM473061105Q_Credit_Unions_ts_tx.csv,315,0.987461
q__bogz1lm473061105q_credit_unions_ts_tx__lag008,bogz1lm473061105q_credit_unions_ts_tx,q,8,FRED_BOGZ1LM473061105Q_Credit_Unions_ts_tx.csv,314,0.984326
q__bogz1lm513061105q_pci_tsy_raw__lag001,bogz1lm513061105q_pci_tsy_raw,q,1,FRED_BOGZ1LM513061105Q_PCI_tsy_raw.csv,319,1.0
q__bogz1lm513061105q_pci_tsy_raw__lag002,bogz1lm513061105q_pci_tsy_raw,q,2,FRED_BOGZ1LM513061105Q_PCI_tsy_raw.csv,319,1.0
q__bogz1lm513061105q_pci_tsy_raw__lag003,bogz1lm513061105q_pci_tsy_raw,q,3,FRED_BOGZ1LM513061105Q_PCI_tsy_raw.csv,319,1.0
q__bogz1lm513061105q_pci_tsy_raw__lag004,bogz1lm513061105q_pci_tsy_raw,q,4,FRED_BOGZ1LM513061105Q_PCI_tsy_raw.csv,318,0.996865
q__bogz1lm513061105q_pci_tsy_raw__lag005,bogz1lm513061105q_pci_tsy_raw,q,5,FRED_BOGZ1LM513061105Q_PCI_tsy_raw.csv,317,0.99373
q__bogz1lm513061105q_pci_tsy_raw__lag006,bogz1lm513061105q_pci_tsy_raw,q,6,FRED_BOGZ1LM513061105Q_PCI_tsy_raw.csv,316,0.990596
q__bogz1lm513061105q_pci_tsy_raw__lag007,bogz1lm513061105q_pci_tsy_raw,q,7,FRED_BOGZ1LM513061105Q_PCI_tsy_raw.csv,315,0.987461
q__bogz1lm513061105q_pci_tsy_raw__lag008,bogz1lm513061105q_pci_tsy_raw,q,8,FRED_BOGZ1LM513061105Q_PCI_tsy_raw.csv,314,0.984326
q__bogz1lm513061105q_pc_insurance_ts__lag001,bogz1lm513061105q_pc_insurance_ts,q,1,FRED_BOGZ1LM513061105Q_PC_Insurance_ts.csv,319,1.0
q__bogz1lm513061105q_pc_insurance_ts__lag002,bogz1lm513061105q_pc_insurance_ts,q,2,FRED_BOGZ1LM513061105Q_PC_Insurance_ts.csv,319,1.0
q__bogz1lm513061105q_pc_insurance_ts__lag003,bogz1lm513061105q_pc_insurance_ts,q,3,FRED_BOGZ1LM513061105Q_PC_Insurance_ts.csv,319,1.0
q__bogz1lm513061105q_pc_insurance_ts__lag004,bogz1lm513061105q_pc_insurance_ts,q,4,FRED_BOGZ1LM513061105Q_PC_Insurance_ts.csv,318,0.996865
q__bogz1lm513061105q_pc_insurance_ts__lag005,bogz1lm513061105q_pc_insurance_ts,q,5,FRED_BOGZ1LM513061105Q_PC_Insurance_ts.csv,317,0.99373
q__bogz1lm513061105q_pc_insurance_ts__lag006,bogz1lm513061105q_pc_insurance_ts,q,6,FRED_BOGZ1LM513061105Q_PC_Insurance_ts.csv,316,0.990596
q__bogz1lm513061105q_pc_insurance_ts__lag007,bogz1lm513061105q_pc_insurance_ts,q,7,FRED_BOGZ1LM513061105Q_PC_Insurance_ts.csv,315,0.987461
q__bogz1lm513061105q_pc_insurance_ts__lag008,bogz1lm513061105q_pc_insurance_ts,q,8,FRED_BOGZ1LM513061105Q_PC_Insurance_ts.csv,314,0.984326
q__bogz1lm513061105q_p_c_insurance_ts__lag001,bogz1lm513061105q_p_c_insurance_ts,q,1,FRED_BOGZ1LM513061105Q_P_C_Insurance_ts.csv,319,1.0
q__bogz1lm513061105q_p_c_insurance_ts__lag002,bogz1lm513061105q_p_c_insurance_ts,q,2,FRED_BOGZ1LM513061105Q_P_C_Insurance_ts.csv,319,1.0
q__bogz1lm513061105q_p_c_insurance_ts__lag003,bogz1lm513061105q_p_c_insurance_ts,q,3,FRED_BOGZ1LM513061105Q_P_C_Insurance_ts.csv,319,1.0
q__bogz1lm513061105q_p_c_insurance_ts__lag004,bogz1lm513061105q_p_c_insurance_ts,q,4,FRED_BOGZ1LM513061105Q_P_C_Insurance_ts.csv,318,0.996865
q__bogz1lm513061105q_p_c_insurance_ts__lag005,bogz1lm513061105q_p_c_insurance_ts,q,5,FRED_BOGZ1LM513061105Q_P_C_Insurance_ts.csv,317,0.99373
q__bogz1lm513061105q_p_c_insurance_ts__lag006,bogz1lm513061105q_p_c_insurance_ts,q,6,FRED_BOGZ1LM513061105Q_P_C_Insurance_ts.csv,316,0.990596
q__bogz1lm513061105q_p_c_insurance_ts__lag007,bogz1lm513061105q_p_c_insurance_ts,q,7,FRED_BOGZ1LM513061105Q_P_C_Insurance_ts.csv,315,0.987461
q__bogz1lm513061105q_p_c_insurance_ts__lag008,bogz1lm513061105q_p_c_insurance_ts,q,8,FRED_BOGZ1LM513061105Q_P_C_Insurance_ts.csv,314,0.984326
q__bogz1lm543061115q_li_bills__lag001,bogz1lm543061115q_li_bills,q,1,FRED_BOGZ1LM543061115Q_li_bills.csv,319,1.0
q__bogz1lm543061115q_li_bills__lag002,bogz1lm543061115q_li_bills,q,2,FRED_BOGZ1LM543061115Q_li_bills.csv,319,1.0
q__bogz1lm543061115q_li_bills__lag003,bogz1lm543061115q_li_bills,q,3,FRED_BOGZ1LM543061115Q_li_bills.csv,319,1.0
q__bogz1lm543061115q_li_bills__lag004,bogz1lm543061115q_li_bills,q,4,FRED_BOGZ1LM543061115Q_li_bills.csv,318,0.996865
q__bogz1lm543061115q_li_bills__lag005,bogz1lm543061115q_li_bills,q,5,FRED_BOGZ1LM543061115Q_li_bills.csv,317,0.99373
q__bogz1lm543061115q_li_bills__lag006,bogz1lm543061115q_li_bills,q,6,FRED_BOGZ1LM543061115Q_li_bills.csv,316,0.990596
q__bogz1lm543061115q_li_bills__lag007,bogz1lm543061115q_li_bills,q,7,FRED_BOGZ1LM543061115Q_li_bills.csv,315,0.987461
q__bogz1lm543061115q_li_bills__lag008,bogz1lm543061115q_li_bills,q,8,FRED_BOGZ1LM543061115Q_li_bills.csv,314,0.984326
q__bogz1lm553061103q_closed_end_funds_ts__lag001,bogz1lm553061103q_closed_end_funds_ts,q,1,FRED_BOGZ1LM553061103Q_Closed_End_Funds_ts.csv,319,1.0
q__bogz1lm553061103q_closed_end_funds_ts__lag002,bogz1lm553061103q_closed_end_funds_ts,q,2,FRED_BOGZ1LM553061103Q_Closed_End_Funds_ts.csv,319,1.0
q__bogz1lm553061103q_closed_end_funds_ts__lag003,bogz1lm553061103q_closed_end_funds_ts,q,3,FRED_BOGZ1LM553061103Q_Closed_End_Funds_ts.csv,319,1.0
q__bogz1lm553061103q_closed_end_funds_ts__lag004,bogz1lm553061103q_closed_end_funds_ts,q,4,FRED_BOGZ1LM553061103Q_Closed_End_Funds_ts.csv,318,0.996865
q__bogz1lm553061103q_closed_end_funds_ts__lag005,bogz1lm553061103q_closed_end_funds_ts,q,5,FRED_BOGZ1LM553061103Q_Closed_End_Funds_ts.csv,317,0.99373
q__bogz1lm553061103q_closed_end_funds_ts__lag006,bogz1lm553061103q_closed_end_funds_ts,q,6,FRED_BOGZ1LM553061103Q_Closed_End_Funds_ts.csv,316,0.990596
q__bogz1lm553061103q_closed_end_funds_ts__lag007,bogz1lm553061103q_closed_end_funds_ts,q,7,FRED_BOGZ1LM553061103Q_Closed_End_Funds_ts.csv,315,0.987461
q__bogz1lm553061103q_closed_end_funds_ts__lag008,bogz1lm553061103q_closed_end_funds_ts,q,8,FRED_BOGZ1LM553061103Q_Closed_End_Funds_ts.csv,314,0.984326
q__bogz1lm563061103q_etfs_ts__lag001,bogz1lm563061103q_etfs_ts,q,1,FRED_BOGZ1LM563061103Q_ETFs_ts.csv,319,1.0
q__bogz1lm563061103q_etfs_ts__lag002,bogz1lm563061103q_etfs_ts,q,2,FRED_BOGZ1LM563061103Q_ETFs_ts.csv,319,1.0
q__bogz1lm563061103q_etfs_ts__lag003,bogz1lm563061103q_etfs_ts,q,3,FRED_BOGZ1LM563061103Q_ETFs_ts.csv,319,1.0
q__bogz1lm563061103q_etfs_ts__lag004,bogz1lm563061103q_etfs_ts,q,4,FRED_BOGZ1LM563061103Q_ETFs_ts.csv,318,0.996865
q__bogz1lm563061103q_etfs_ts__lag005,bogz1lm563061103q_etfs_ts,q,5,FRED_BOGZ1LM563061103Q_ETFs_ts.csv,317,0.99373
q__bogz1lm563061103q_etfs_ts__lag006,bogz1lm563061103q_etfs_ts,q,6,FRED_BOGZ1LM563061103Q_ETFs_ts.csv,316,0.990596
q__bogz1lm563061103q_etfs_ts__lag007,bogz1lm563061103q_etfs_ts,q,7,FRED_BOGZ1LM563061103Q_ETFs_ts.csv,315,0.987461
q__bogz1lm563061103q_etfs_ts__lag008,bogz1lm563061103q_etfs_ts,q,8,FRED_BOGZ1LM563061103Q_ETFs_ts.csv,314,0.984326
q__bogz1lm573061105q_private_pension_ts__lag001,bogz1lm573061105q_private_pension_ts,q,1,FRED_BOGZ1LM573061105Q_Private_Pension_ts.csv,319,1.0
q__bogz1lm573061105q_private_pension_ts__lag002,bogz1lm573061105q_private_pension_ts,q,2,FRED_BOGZ1LM573061105Q_Private_Pension_ts.csv,319,1.0
q__bogz1lm573061105q_private_pension_ts__lag003,bogz1lm573061105q_private_pension_ts,q,3,FRED_BOGZ1LM573061105Q_Private_Pension_ts.csv,319,1.0
q__bogz1lm573061105q_private_pension_ts__lag004,bogz1lm573061105q_private_pension_ts,q,4,FRED_BOGZ1LM573061105Q_Private_Pension_ts.csv,318,0.996865
q__bogz1lm573061105q_private_pension_ts__lag005,bogz1lm573061105q_private_pension_ts,q,5,FRED_BOGZ1LM573061105Q_Private_Pension_ts.csv,317,0.99373
q__bogz1lm573061105q_private_pension_ts__lag006,bogz1lm573061105q_private_pension_ts,q,6,FRED_BOGZ1LM573061105Q_Private_Pension_ts.csv,316,0.990596
q__bogz1lm573061105q_private_pension_ts__lag007,bogz1lm573061105q_private_pension_ts,q,7,FRED_BOGZ1LM573061105Q_Private_Pension_ts.csv,315,0.987461
q__bogz1lm573061105q_private_pension_ts__lag008,bogz1lm573061105q_private_pension_ts,q,8,FRED_BOGZ1LM573061105Q_Private_Pension_ts.csv,314,0.984326
q__bogz1lm573061133q_private_dc_pension_ts__lag001,bogz1lm573061133q_private_dc_pension_ts,q,1,FRED_BOGZ1LM573061133Q_Private_DC_Pension_ts.csv,319,1.0
q__bogz1lm573061133q_private_dc_pension_ts__lag002,bogz1lm573061133q_private_dc_pension_ts,q,2,FRED_BOGZ1LM573061133Q_Private_DC_Pension_ts.csv,319,1.0
q__bogz1lm573061133q_private_dc_pension_ts__lag003,bogz1lm573061133q_private_dc_pension_ts,q,3,FRED_BOGZ1LM573061133Q_Private_DC_Pension_ts.csv,319,1.0
q__bogz1lm573061133q_private_dc_pension_ts__lag004,bogz1lm573061133q_private_dc_pension_ts,q,4,FRED_BOGZ1LM573061133Q_Private_DC_Pension_ts.csv,318,0.996865
q__bogz1lm573061133q_private_dc_pension_ts__lag005,bogz1lm573061133q_private_dc_pension_ts,q,5,FRED_BOGZ1LM573061133Q_Private_DC_Pension_ts.csv,317,0.99373
q__bogz1lm573061133q_private_dc_pension_ts__lag006,bogz1lm573061133q_private_dc_pension_ts,q,6,FRED_BOGZ1LM573061133Q_Private_DC_Pension_ts.csv,316,0.990596
q__bogz1lm573061133q_private_dc_pension_ts__lag007,bogz1lm573061133q_private_dc_pension_ts,q,7,FRED_BOGZ1LM573061133Q_Private_DC_Pension_ts.csv,315,0.987461
q__bogz1lm573061133q_private_dc_pension_ts__lag008,bogz1lm573061133q_private_dc_pension_ts,q,8,FRED_BOGZ1LM573061133Q_Private_DC_Pension_ts.csv,314,0.984326
q__bogz1lm653061105q_mf_tsy_raw__lag001,bogz1lm653061105q_mf_tsy_raw,q,1,FRED_BOGZ1LM653061105Q_MF_tsy_raw.csv,319,1.0
q__bogz1lm653061105q_mf_tsy_raw__lag002,bogz1lm653061105q_mf_tsy_raw,q,2,FRED_BOGZ1LM653061105Q_MF_tsy_raw.csv,319,1.0
q__bogz1lm653061105q_mf_tsy_raw__lag003,bogz1lm653061105q_mf_tsy_raw,q,3,FRED_BOGZ1LM653061105Q_MF_tsy_raw.csv,319,1.0
q__bogz1lm653061105q_mf_tsy_raw__lag004,bogz1lm653061105q_mf_tsy_raw,q,4,FRED_BOGZ1LM653061105Q_MF_tsy_raw.csv,318,0.996865
q__bogz1lm653061105q_mf_tsy_raw__lag005,bogz1lm653061105q_mf_tsy_raw,q,5,FRED_BOGZ1LM653061105Q_MF_tsy_raw.csv,317,0.99373
q__bogz1lm653061105q_mf_tsy_raw__lag006,bogz1lm653061105q_mf_tsy_raw,q,6,FRED_BOGZ1LM653061105Q_MF_tsy_raw.csv,316,0.990596
q__bogz1lm653061105q_mf_tsy_raw__lag007,bogz1lm653061105q_mf_tsy_raw,q,7,FRED_BOGZ1LM653061105Q_MF_tsy_raw.csv,315,0.987461
q__bogz1lm653061105q_mf_tsy_raw__lag008,bogz1lm653061105q_mf_tsy_raw,q,8,FRED_BOGZ1LM653061105Q_MF_tsy_raw.csv,314,0.984326
q__bogz1lm653061105q_mutual_funds_ts__lag001,bogz1lm653061105q_mutual_funds_ts,q,1,FRED_BOGZ1LM653061105Q_Mutual_Funds_ts.csv,319,1.0
q__bogz1lm653061105q_mutual_funds_ts__lag002,bogz1lm653061105q_mutual_funds_ts,q,2,FRED_BOGZ1LM653061105Q_Mutual_Funds_ts.csv,319,1.0
q__bogz1lm653061105q_mutual_funds_ts__lag003,bogz1lm653061105q_mutual_funds_ts,q,3,FRED_BOGZ1LM653061105Q_Mutual_Funds_ts.csv,319,1.0
q__bogz1lm653061105q_mutual_funds_ts__lag004,bogz1lm653061105q_mutual_funds_ts,q,4,FRED_BOGZ1LM653061105Q_Mutual_Funds_ts.csv,318,0.996865
q__bogz1lm653061105q_mutual_funds_ts__lag005,bogz1lm653061105q_mutual_funds_ts,q,5,FRED_BOGZ1LM653061105Q_Mutual_Funds_ts.csv,317,0.99373
q__bogz1lm653061105q_mutual_funds_ts__lag006,bogz1lm653061105q_mutual_funds_ts,q,6,FRED_BOGZ1LM653061105Q_Mutual_Funds_ts.csv,316,0.990596
q__bogz1lm653061105q_mutual_funds_ts__lag007,bogz1lm653061105q_mutual_funds_ts,q,7,FRED_BOGZ1LM653061105Q_Mutual_Funds_ts.csv,315,0.987461
q__bogz1lm653061105q_mutual_funds_ts__lag008,bogz1lm653061105q_mutual_funds_ts,q,8,FRED_BOGZ1LM653061105Q_Mutual_Funds_ts.csv,314,0.984326
q__bogz1lm653061113q_mf_bills_raw__lag001,bogz1lm653061113q_mf_bills_raw,q,1,FRED_BOGZ1LM653061113Q_MF_bills_raw.csv,319,1.0
q__bogz1lm653061113q_mf_bills_raw__lag002,bogz1lm653061113q_mf_bills_raw,q,2,FRED_BOGZ1LM653061113Q_MF_bills_raw.csv,319,1.0
q__bogz1lm653061113q_mf_bills_raw__lag003,bogz1lm653061113q_mf_bills_raw,q,3,FRED_BOGZ1LM653061113Q_MF_bills_raw.csv,319,1.0
q__bogz1lm653061113q_mf_bills_raw__lag004,bogz1lm653061113q_mf_bills_raw,q,4,FRED_BOGZ1LM653061113Q_MF_bills_raw.csv,318,0.996865
q__bogz1lm653061113q_mf_bills_raw__lag005,bogz1lm653061113q_mf_bills_raw,q,5,FRED_BOGZ1LM653061113Q_MF_bills_raw.csv,317,0.99373
q__bogz1lm653061113q_mf_bills_raw__lag006,bogz1lm653061113q_mf_bills_raw,q,6,FRED_BOGZ1LM653061113Q_MF_bills_raw.csv,316,0.990596
q__bogz1lm653061113q_mf_bills_raw__lag007,bogz1lm653061113q_mf_bills_raw,q,7,FRED_BOGZ1LM653061113Q_MF_bills_raw.csv,315,0.987461
q__bogz1lm653061113q_mf_bills_raw__lag008,bogz1lm653061113q_mf_bills_raw,q,8,FRED_BOGZ1LM653061113Q_MF_bills_raw.csv,314,0.984326
q__bogz1lm653061113q_mutf_bills__lag001,bogz1lm653061113q_mutf_bills,q,1,FRED_BOGZ1LM653061113Q_mutf_bills.csv,319,1.0
q__bogz1lm653061113q_mutf_bills__lag002,bogz1lm653061113q_mutf_bills,q,2,FRED_BOGZ1LM653061113Q_mutf_bills.csv,319,1.0
q__bogz1lm653061113q_mutf_bills__lag003,bogz1lm653061113q_mutf_bills,q,3,FRED_BOGZ1LM653061113Q_mutf_bills.csv,319,1.0
q__bogz1lm653061113q_mutf_bills__lag004,bogz1lm653061113q_mutf_bills,q,4,FRED_BOGZ1LM653061113Q_mutf_bills.csv,318,0.996865
q__bogz1lm653061113q_mutf_bills__lag005,bogz1lm653061113q_mutf_bills,q,5,FRED_BOGZ1LM653061113Q_mutf_bills.csv,317,0.99373
q__bogz1lm653061113q_mutf_bills__lag006,bogz1lm653061113q_mutf_bills,q,6,FRED_BOGZ1LM653061113Q_mutf_bills.csv,316,0.990596
q__bogz1lm653061113q_mutf_bills__lag007,bogz1lm653061113q_mutf_bills,q,7,FRED_BOGZ1LM653061113Q_mutf_bills.csv,315,0.987461
q__bogz1lm653061113q_mutf_bills__lag008,bogz1lm653061113q_mutf_bills,q,8,FRED_BOGZ1LM653061113Q_mutf_bills.csv,314,0.984326
q__bogz1lm663061105q_brokers_dealers_ts__lag001,bogz1lm663061105q_brokers_dealers_ts,q,1,FRED_BOGZ1LM663061105Q_Brokers_Dealers_ts.csv,319,1.0
q__bogz1lm663061105q_brokers_dealers_ts__lag002,bogz1lm663061105q_brokers_dealers_ts,q,2,FRED_BOGZ1LM663061105Q_Brokers_Dealers_ts.csv,319,1.0
q__bogz1lm663061105q_brokers_dealers_ts__lag003,bogz1lm663061105q_brokers_dealers_ts,q,3,FRED_BOGZ1LM663061105Q_Brokers_Dealers_ts.csv,319,1.0
q__bogz1lm663061105q_brokers_dealers_ts__lag004,bogz1lm663061105q_brokers_dealers_ts,q,4,FRED_BOGZ1LM663061105Q_Brokers_Dealers_ts.csv,318,0.996865
q__bogz1lm663061105q_brokers_dealers_ts__lag005,bogz1lm663061105q_brokers_dealers_ts,q,5,FRED_BOGZ1LM663061105Q_Brokers_Dealers_ts.csv,317,0.99373
q__bogz1lm663061105q_brokers_dealers_ts__lag006,bogz1lm663061105q_brokers_dealers_ts,q,6,FRED_BOGZ1LM663061105Q_Brokers_Dealers_ts.csv,316,0.990596
q__bogz1lm663061105q_brokers_dealers_ts__lag007,bogz1lm663061105q_brokers_dealers_ts,q,7,FRED_BOGZ1LM663061105Q_Brokers_Dealers_ts.csv,315,0.987461
q__bogz1lm663061105q_brokers_dealers_ts__lag008,bogz1lm663061105q_brokers_dealers_ts,q,8,FRED_BOGZ1LM663061105Q_Brokers_Dealers_ts.csv,314,0.984326
q__bogz1lm733061103q_holding_companies_ts__lag001,bogz1lm733061103q_holding_companies_ts,q,1,FRED_BOGZ1LM733061103Q_Holding_Companies_ts.csv,319,1.0
q__bogz1lm733061103q_holding_companies_ts__lag002,bogz1lm733061103q_holding_companies_ts,q,2,FRED_BOGZ1LM733061103Q_Holding_Companies_ts.csv,319,1.0
q__bogz1lm733061103q_holding_companies_ts__lag003,bogz1lm733061103q_holding_companies_ts,q,3,FRED_BOGZ1LM733061103Q_Holding_Companies_ts.csv,319,1.0
q__bogz1lm733061103q_holding_companies_ts__lag004,bogz1lm733061103q_holding_companies_ts,q,4,FRED_BOGZ1LM733061103Q_Holding_Companies_ts.csv,318,0.996865
q__bogz1lm733061103q_holding_companies_ts__lag005,bogz1lm733061103q_holding_companies_ts,q,5,FRED_BOGZ1LM733061103Q_Holding_Companies_ts.csv,317,0.99373
q__bogz1lm733061103q_holding_companies_ts__lag006,bogz1lm733061103q_holding_companies_ts,q,6,FRED_BOGZ1LM733061103Q_Holding_Companies_ts.csv,316,0.990596
q__bogz1lm733061103q_holding_companies_ts__lag007,bogz1lm733061103q_holding_companies_ts,q,7,FRED_BOGZ1LM733061103Q_Holding_Companies_ts.csv,315,0.987461
q__bogz1lm733061103q_holding_companies_ts__lag008,bogz1lm733061103q_holding_companies_ts,q,8,FRED_BOGZ1LM733061103Q_Holding_Companies_ts.csv,314,0.984326
q__bogz1lm903061103q_instrument_discrepancies_ts__lag001,bogz1lm903061103q_instrument_discrepancies_ts,q,1,FRED_BOGZ1LM903061103Q_Instrument_Discrepancies_ts.csv,319,1.0
q__bogz1lm903061103q_instrument_discrepancies_ts__lag002,bogz1lm903061103q_instrument_discrepancies_ts,q,2,FRED_BOGZ1LM903061103Q_Instrument_Discrepancies_ts.csv,319,1.0
q__bogz1lm903061103q_instrument_discrepancies_ts__lag003,bogz1lm903061103q_instrument_discrepancies_ts,q,3,FRED_BOGZ1LM903061103Q_Instrument_Discrepancies_ts.csv,319,1.0
q__bogz1lm903061103q_instrument_discrepancies_ts__lag004,bogz1lm903061103q_instrument_discrepancies_ts,q,4,FRED_BOGZ1LM903061103Q_Instrument_Discrepancies_ts.csv,318,0.996865
q__bogz1lm903061103q_instrument_discrepancies_ts__lag005,bogz1lm903061103q_instrument_discrepancies_ts,q,5,FRED_BOGZ1LM903061103Q_Instrument_Discrepancies_ts.csv,317,0.99373
q__bogz1lm903061103q_instrument_discrepancies_ts__lag006,bogz1lm903061103q_instrument_discrepancies_ts,q,6,FRED_BOGZ1LM903061103Q_Instrument_Discrepancies_ts.csv,316,0.990596
q__bogz1lm903061103q_instrument_discrepancies_ts__lag007,bogz1lm903061103q_instrument_discrepancies_ts,q,7,FRED_BOGZ1LM903061103Q_Instrument_Discrepancies_ts.csv,315,0.987461
q__bogz1lm903061103q_instrument_discrepancies_ts__lag008,bogz1lm903061103q_instrument_discrepancies_ts,q,8,FRED_BOGZ1LM903061103Q_Instrument_Discrepancies_ts.csv,314,0.984326
q__bopbca_bopbca__lag001,bopbca_bopbca,q,1,FRED_BOPBCA_BOPBCA.csv,264,0.827586
q__bopbca_bopbca__lag002,bopbca_bopbca,q,2,FRED_BOPBCA_BOPBCA.csv,263,0.824451
q__bopbca_bopbca__lag003,bopbca_bopbca,q,3,FRED_BOPBCA_BOPBCA.csv,262,0.821317
q__bopbca_bopbca__lag004,bopbca_bopbca,q,4,FRED_BOPBCA_BOPBCA.csv,261,0.818182
q__bopbca_bopbca__lag005,bopbca_bopbca,q,5,FRED_BOPBCA_BOPBCA.csv,260,0.815047
q__bopbca_bopbca__lag006,bopbca_bopbca,q,6,FRED_BOPBCA_BOPBCA.csv,259,0.811912
q__bopbca_bopbca__lag007,bopbca_bopbca,q,7,FRED_BOPBCA_BOPBCA.csv,258,0.808777
q__bopbca_bopbca__lag008,bopbca_bopbca,q,8,FRED_BOPBCA_BOPBCA.csv,257,0.805643
m__businv_businv__lag001,businv_businv,m,1,FRED_BUSINV_BUSINV.csv,137,0.429467
m__businv_businv__lag002,businv_businv,m,2,FRED_BUSINV_BUSINV.csv,137,0.429467
m__businv_businv__lag003,businv_businv,m,3,FRED_BUSINV_BUSINV.csv,137,0.429467
m__businv_businv__lag004,businv_businv,m,4,FRED_BUSINV_BUSINV.csv,136,0.426332
m__businv_businv__lag005,businv_businv,m,5,FRED_BUSINV_BUSINV.csv,136,0.426332
m__businv_businv__lag006,businv_businv,m,6,FRED_BUSINV_BUSINV.csv,136,0.426332
m__businv_businv__lag007,businv_businv,m,7,FRED_BUSINV_BUSINV.csv,135,0.423197
m__businv_businv__lag008,businv_businv,m,8,FRED_BUSINV_BUSINV.csv,135,0.423197
m__businv_businv__lag009,businv_businv,m,9,FRED_BUSINV_BUSINV.csv,135,0.423197
m__businv_businv__lag010,businv_businv,m,10,FRED_BUSINV_BUSINV.csv,134,0.420063
m__businv_businv__lag011,businv_businv,m,11,FRED_BUSINV_BUSINV.csv,134,0.420063
m__businv_businv__lag012,businv_businv,m,12,FRED_BUSINV_BUSINV.csv,134,0.420063
m__busloans_busloans__lag001,busloans_busloans,m,1,FRED_BUSLOANS_BUSLOANS.csv,317,0.99373
m__busloans_busloans__lag002,busloans_busloans,m,2,FRED_BUSLOANS_BUSLOANS.csv,317,0.99373
m__busloans_busloans__lag003,busloans_busloans,m,3,FRED_BUSLOANS_BUSLOANS.csv,317,0.99373
m__busloans_busloans__lag004,busloans_busloans,m,4,FRED_BUSLOANS_BUSLOANS.csv,316,0.990596
m__busloans_busloans__lag005,busloans_busloans,m,5,FRED_BUSLOANS_BUSLOANS.csv,316,0.990596
m__busloans_busloans__lag006,busloans_busloans,m,6,FRED_BUSLOANS_BUSLOANS.csv,316,0.990596
m__busloans_busloans__lag007,busloans_busloans,m,7,FRED_BUSLOANS_BUSLOANS.csv,315,0.987461
m__busloans_busloans__lag008,busloans_busloans,m,8,FRED_BUSLOANS_BUSLOANS.csv,315,0.987461
m__busloans_busloans__lag009,busloans_busloans,m,9,FRED_BUSLOANS_BUSLOANS.csv,315,0.987461
m__busloans_busloans__lag010,busloans_busloans,m,10,FRED_BUSLOANS_BUSLOANS.csv,314,0.984326
m__busloans_busloans__lag011,busloans_busloans,m,11,FRED_BUSLOANS_BUSLOANS.csv,314,0.984326
m__busloans_busloans__lag012,busloans_busloans,m,12,FRED_BUSLOANS_BUSLOANS.csv,314,0.984326
q__cbi_cbi__lag001,cbi_cbi,q,1,FRED_CBI_CBI.csv,316,0.990596
q__cbi_cbi__lag002,cbi_cbi,q,2,FRED_CBI_CBI.csv,315,0.987461
q__cbi_cbi__lag003,cbi_cbi,q,3,FRED_CBI_CBI.csv,314,0.984326
q__cbi_cbi__lag004,cbi_cbi,q,4,FRED_CBI_CBI.csv,313,0.981191
q__cbi_cbi__lag005,cbi_cbi,q,5,FRED_CBI_CBI.csv,312,0.978056
q__cbi_cbi__lag006,cbi_cbi,q,6,FRED_CBI_CBI.csv,311,0.974922
q__cbi_cbi__lag007,cbi_cbi,q,7,FRED_CBI_CBI.csv,310,0.971787
q__cbi_cbi__lag008,cbi_cbi,q,8,FRED_CBI_CBI.csv,309,0.968652
m__ces2000000008_wage_const__lag001,ces2000000008_wage_const,m,1,FRED_CES2000000008_wage_const.csv,317,0.99373
m__ces2000000008_wage_const__lag002,ces2000000008_wage_const,m,2,FRED_CES2000000008_wage_const.csv,317,0.99373
m__ces2000000008_wage_const__lag003,ces2000000008_wage_const,m,3,FRED_CES2000000008_wage_const.csv,317,0.99373
m__ces2000000008_wage_const__lag004,ces2000000008_wage_const,m,4,FRED_CES2000000008_wage_const.csv,316,0.990596
m__ces2000000008_wage_const__lag005,ces2000000008_wage_const,m,5,FRED_CES2000000008_wage_const.csv,316,0.990596
m__ces2000000008_wage_const__lag006,ces2000000008_wage_const,m,6,FRED_CES2000000008_wage_const.csv,316,0.990596
m__ces2000000008_wage_const__lag007,ces2000000008_wage_const,m,7,FRED_CES2000000008_wage_const.csv,315,0.987461
m__ces2000000008_wage_const__lag008,ces2000000008_wage_const,m,8,FRED_CES2000000008_wage_const.csv,315,0.987461
m__ces2000000008_wage_const__lag009,ces2000000008_wage_const,m,9,FRED_CES2000000008_wage_const.csv,315,0.987461
m__ces2000000008_wage_const__lag010,ces2000000008_wage_const,m,10,FRED_CES2000000008_wage_const.csv,314,0.984326
m__ces2000000008_wage_const__lag011,ces2000000008_wage_const,m,11,FRED_CES2000000008_wage_const.csv,314,0.984326
m__ces2000000008_wage_const__lag012,ces2000000008_wage_const,m,12,FRED_CES2000000008_wage_const.csv,314,0.984326
m__ces3000000008_wage_man__lag001,ces3000000008_wage_man,m,1,FRED_CES3000000008_wage_man.csv,319,1.0
m__ces3000000008_wage_man__lag002,ces3000000008_wage_man,m,2,FRED_CES3000000008_wage_man.csv,319,1.0
m__ces3000000008_wage_man__lag003,ces3000000008_wage_man,m,3,FRED_CES3000000008_wage_man.csv,319,1.0
m__ces3000000008_wage_man__lag004,ces3000000008_wage_man,m,4,FRED_CES3000000008_wage_man.csv,319,1.0
m__ces3000000008_wage_man__lag005,ces3000000008_wage_man,m,5,FRED_CES3000000008_wage_man.csv,319,1.0
m__ces3000000008_wage_man__lag006,ces3000000008_wage_man,m,6,FRED_CES3000000008_wage_man.csv,319,1.0
m__ces3000000008_wage_man__lag007,ces3000000008_wage_man,m,7,FRED_CES3000000008_wage_man.csv,319,1.0
m__ces3000000008_wage_man__lag008,ces3000000008_wage_man,m,8,FRED_CES3000000008_wage_man.csv,319,1.0
m__ces3000000008_wage_man__lag009,ces3000000008_wage_man,m,9,FRED_CES3000000008_wage_man.csv,319,1.0
m__ces3000000008_wage_man__lag010,ces3000000008_wage_man,m,10,FRED_CES3000000008_wage_man.csv,319,1.0
m__ces3000000008_wage_man__lag011,ces3000000008_wage_man,m,11,FRED_CES3000000008_wage_man.csv,319,1.0
m__ces3000000008_wage_man__lag012,ces3000000008_wage_man,m,12,FRED_CES3000000008_wage_man.csv,319,1.0
m__civpart_civpart__lag001,civpart_civpart,m,1,FRED_CIVPART_CIVPART.csv,313,0.981191
m__civpart_civpart__lag002,civpart_civpart,m,2,FRED_CIVPART_CIVPART.csv,313,0.981191
m__civpart_civpart__lag003,civpart_civpart,m,3,FRED_CIVPART_CIVPART.csv,313,0.981191
m__civpart_civpart__lag004,civpart_civpart,m,4,FRED_CIVPART_CIVPART.csv,312,0.978056
m__civpart_civpart__lag005,civpart_civpart,m,5,FRED_CIVPART_CIVPART.csv,312,0.978056
m__civpart_civpart__lag006,civpart_civpart,m,6,FRED_CIVPART_CIVPART.csv,312,0.978056
m__civpart_civpart__lag007,civpart_civpart,m,7,FRED_CIVPART_CIVPART.csv,311,0.974922
m__civpart_civpart__lag008,civpart_civpart,m,8,FRED_CIVPART_CIVPART.csv,311,0.974922
m__civpart_civpart__lag009,civpart_civpart,m,9,FRED_CIVPART_CIVPART.csv,311,0.974922
m__civpart_civpart__lag010,civpart_civpart,m,10,FRED_CIVPART_CIVPART.csv,310,0.971787
m__civpart_civpart__lag011,civpart_civpart,m,11,FRED_CIVPART_CIVPART.csv,310,0.971787
m__civpart_civpart__lag012,civpart_civpart,m,12,FRED_CIVPART_CIVPART.csv,310,0.971787
d__clsacbw027sbog_cons_loans__lag001,clsacbw027sbog_cons_loans,d,1,FRED_CLSACBW027SBOG_cons_loans.csv,213,0.667712
d__clsacbw027sbog_cons_loans__lag002,clsacbw027sbog_cons_loans,d,2,FRED_CLSACBW027SBOG_cons_loans.csv,213,0.667712
d__clsacbw027sbog_cons_loans__lag003,clsacbw027sbog_cons_loans,d,3,FRED_CLSACBW027SBOG_cons_loans.csv,213,0.667712
d__clsacbw027sbog_cons_loans__lag004,clsacbw027sbog_cons_loans,d,4,FRED_CLSACBW027SBOG_cons_loans.csv,213,0.667712
d__clsacbw027sbog_cons_loans__lag005,clsacbw027sbog_cons_loans,d,5,FRED_CLSACBW027SBOG_cons_loans.csv,213,0.667712
d__clsacbw027sbog_cons_loans__lag006,clsacbw027sbog_cons_loans,d,6,FRED_CLSACBW027SBOG_cons_loans.csv,213,0.667712
d__clsacbw027sbog_cons_loans__lag007,clsacbw027sbog_cons_loans,d,7,FRED_CLSACBW027SBOG_cons_loans.csv,213,0.667712
d__clsacbw027sbog_cons_loans__lag008,clsacbw027sbog_cons_loans,d,8,FRED_CLSACBW027SBOG_cons_loans.csv,213,0.667712
d__clsacbw027sbog_cons_loans__lag009,clsacbw027sbog_cons_loans,d,9,FRED_CLSACBW027SBOG_cons_loans.csv,213,0.667712
d__clsacbw027sbog_cons_loans__lag010,clsacbw027sbog_cons_loans,d,10,FRED_CLSACBW027SBOG_cons_loans.csv,213,0.667712
d__clsacbw027sbog_cons_loans__lag011,clsacbw027sbog_cons_loans,d,11,FRED_CLSACBW027SBOG_cons_loans.csv,213,0.667712
d__clsacbw027sbog_cons_loans__lag012,clsacbw027sbog_cons_loans,d,12,FRED_CLSACBW027SBOG_cons_loans.csv,213,0.667712
d__clsacbw027sbog_cons_loans__lag013,clsacbw027sbog_cons_loans,d,13,FRED_CLSACBW027SBOG_cons_loans.csv,213,0.667712
d__clsacbw027sbog_cons_loans__lag014,clsacbw027sbog_cons_loans,d,14,FRED_CLSACBW027SBOG_cons_loans.csv,213,0.667712
d__clsacbw027sbog_cons_loans__lag015,clsacbw027sbog_cons_loans,d,15,FRED_CLSACBW027SBOG_cons_loans.csv,213,0.667712
d__clsacbw027sbog_cons_loans__lag016,clsacbw027sbog_cons_loans,d,16,FRED_CLSACBW027SBOG_cons_loans.csv,213,0.667712
d__clsacbw027sbog_cons_loans__lag017,clsacbw027sbog_cons_loans,d,17,FRED_CLSACBW027SBOG_cons_loans.csv,213,0.667712
d__clsacbw027sbog_cons_loans__lag018,clsacbw027sbog_cons_loans,d,18,FRED_CLSACBW027SBOG_cons_loans.csv,213,0.667712
d__clsacbw027sbog_cons_loans__lag019,clsacbw027sbog_cons_loans,d,19,FRED_CLSACBW027SBOG_cons_loans.csv,213,0.667712
d__clsacbw027sbog_cons_loans__lag020,clsacbw027sbog_cons_loans,d,20,FRED_CLSACBW027SBOG_cons_loans.csv,213,0.667712
d__clsacbw027sbog_cons_loans__lag021,clsacbw027sbog_cons_loans,d,21,FRED_CLSACBW027SBOG_cons_loans.csv,213,0.667712
d__clsacbw027sbog_cons_loans__lag022,clsacbw027sbog_cons_loans,d,22,FRED_CLSACBW027SBOG_cons_loans.csv,213,0.667712
d__clsacbw027sbog_cons_loans__lag023,clsacbw027sbog_cons_loans,d,23,FRED_CLSACBW027SBOG_cons_loans.csv,213,0.667712
d__clsacbw027sbog_cons_loans__lag024,clsacbw027sbog_cons_loans,d,24,FRED_CLSACBW027SBOG_cons_loans.csv,213,0.667712
d__clsacbw027sbog_cons_loans__lag025,clsacbw027sbog_cons_loans,d,25,FRED_CLSACBW027SBOG_cons_loans.csv,213,0.667712
d__clsacbw027sbog_cons_loans__lag026,clsacbw027sbog_cons_loans,d,26,FRED_CLSACBW027SBOG_cons_loans.csv,213,0.667712
d__clsacbw027sbog_cons_loans__lag027,clsacbw027sbog_cons_loans,d,27,FRED_CLSACBW027SBOG_cons_loans.csv,213,0.667712
d__clsacbw027sbog_cons_loans__lag028,clsacbw027sbog_cons_loans,d,28,FRED_CLSACBW027SBOG_cons_loans.csv,213,0.667712
d__clsacbw027sbog_cons_loans__lag029,clsacbw027sbog_cons_loans,d,29,FRED_CLSACBW027SBOG_cons_loans.csv,213,0.667712
d__clsacbw027sbog_cons_loans__lag030,clsacbw027sbog_cons_loans,d,30,FRED_CLSACBW027SBOG_cons_loans.csv,213,0.667712
d__clsacbw027sbog_cons_loans__lag031,clsacbw027sbog_cons_loans,d,31,FRED_CLSACBW027SBOG_cons_loans.csv,213,0.667712
d__clsacbw027sbog_cons_loans__lag032,clsacbw027sbog_cons_loans,d,32,FRED_CLSACBW027SBOG_cons_loans.csv,213,0.667712
d__clsacbw027sbog_cons_loans__lag033,clsacbw027sbog_cons_loans,d,33,FRED_CLSACBW027SBOG_cons_loans.csv,213,0.667712
d__clsacbw027sbog_cons_loans__lag034,clsacbw027sbog_cons_loans,d,34,FRED_CLSACBW027SBOG_cons_loans.csv,213,0.667712
d__clsacbw027sbog_cons_loans__lag035,clsacbw027sbog_cons_loans,d,35,FRED_CLSACBW027SBOG_cons_loans.csv,213,0.667712
d__clsacbw027sbog_cons_loans__lag036,clsacbw027sbog_cons_loans,d,36,FRED_CLSACBW027SBOG_cons_loans.csv,213,0.667712
d__clsacbw027sbog_cons_loans__lag037,clsacbw027sbog_cons_loans,d,37,FRED_CLSACBW027SBOG_cons_loans.csv,213,0.667712
d__clsacbw027sbog_cons_loans__lag038,clsacbw027sbog_cons_loans,d,38,FRED_CLSACBW027SBOG_cons_loans.csv,213,0.667712
d__clsacbw027sbog_cons_loans__lag039,clsacbw027sbog_cons_loans,d,39,FRED_CLSACBW027SBOG_cons_loans.csv,213,0.667712
d__clsacbw027sbog_cons_loans__lag040,clsacbw027sbog_cons_loans,d,40,FRED_CLSACBW027SBOG_cons_loans.csv,213,0.667712
d__clsacbw027sbog_cons_loans__lag041,clsacbw027sbog_cons_loans,d,41,FRED_CLSACBW027SBOG_cons_loans.csv,213,0.667712
d__clsacbw027sbog_cons_loans__lag042,clsacbw027sbog_cons_loans,d,42,FRED_CLSACBW027SBOG_cons_loans.csv,213,0.667712
d__clsacbw027sbog_cons_loans__lag043,clsacbw027sbog_cons_loans,d,43,FRED_CLSACBW027SBOG_cons_loans.csv,213,0.667712
d__clsacbw027sbog_cons_loans__lag044,clsacbw027sbog_cons_loans,d,44,FRED_CLSACBW027SBOG_cons_loans.csv,213,0.667712
d__clsacbw027sbog_cons_loans__lag045,clsacbw027sbog_cons_loans,d,45,FRED_CLSACBW027SBOG_cons_loans.csv,213,0.667712
d__clsacbw027sbog_cons_loans__lag046,clsacbw027sbog_cons_loans,d,46,FRED_CLSACBW027SBOG_cons_loans.csv,213,0.667712
d__clsacbw027sbog_cons_loans__lag047,clsacbw027sbog_cons_loans,d,47,FRED_CLSACBW027SBOG_cons_loans.csv,213,0.667712
d__clsacbw027sbog_cons_loans__lag048,clsacbw027sbog_cons_loans,d,48,FRED_CLSACBW027SBOG_cons_loans.csv,213,0.667712
d__clsacbw027sbog_cons_loans__lag049,clsacbw027sbog_cons_loans,d,49,FRED_CLSACBW027SBOG_cons_loans.csv,213,0.667712
d__clsacbw027sbog_cons_loans__lag050,clsacbw027sbog_cons_loans,d,50,FRED_CLSACBW027SBOG_cons_loans.csv,213,0.667712
d__clsacbw027sbog_cons_loans__lag051,clsacbw027sbog_cons_loans,d,51,FRED_CLSACBW027SBOG_cons_loans.csv,213,0.667712
d__clsacbw027sbog_cons_loans__lag052,clsacbw027sbog_cons_loans,d,52,FRED_CLSACBW027SBOG_cons_loans.csv,213,0.667712
d__clsacbw027sbog_cons_loans__lag053,clsacbw027sbog_cons_loans,d,53,FRED_CLSACBW027SBOG_cons_loans.csv,213,0.667712
d__clsacbw027sbog_cons_loans__lag054,clsacbw027sbog_cons_loans,d,54,FRED_CLSACBW027SBOG_cons_loans.csv,213,0.667712
d__clsacbw027sbog_cons_loans__lag055,clsacbw027sbog_cons_loans,d,55,FRED_CLSACBW027SBOG_cons_loans.csv,213,0.667712
d__clsacbw027sbog_cons_loans__lag056,clsacbw027sbog_cons_loans,d,56,FRED_CLSACBW027SBOG_cons_loans.csv,213,0.667712
d__clsacbw027sbog_cons_loans__lag057,clsacbw027sbog_cons_loans,d,57,FRED_CLSACBW027SBOG_cons_loans.csv,213,0.667712
d__clsacbw027sbog_cons_loans__lag058,clsacbw027sbog_cons_loans,d,58,FRED_CLSACBW027SBOG_cons_loans.csv,213,0.667712
d__clsacbw027sbog_cons_loans__lag059,clsacbw027sbog_cons_loans,d,59,FRED_CLSACBW027SBOG_cons_loans.csv,213,0.667712
d__clsacbw027sbog_cons_loans__lag060,clsacbw027sbog_cons_loans,d,60,FRED_CLSACBW027SBOG_cons_loans.csv,213,0.667712
d__clsacbw027sbog_cons_loans__lag061,clsacbw027sbog_cons_loans,d,61,FRED_CLSACBW027SBOG_cons_loans.csv,213,0.667712
d__clsacbw027sbog_cons_loans__lag062,clsacbw027sbog_cons_loans,d,62,FRED_CLSACBW027SBOG_cons_loans.csv,213,0.667712
d__clsacbw027sbog_cons_loans__lag063,clsacbw027sbog_cons_loans,d,63,FRED_CLSACBW027SBOG_cons_loans.csv,213,0.667712
d__clsacbw027sbog_cons_loans__lag064,clsacbw027sbog_cons_loans,d,64,FRED_CLSACBW027SBOG_cons_loans.csv,213,0.667712
d__clsacbw027sbog_cons_loans__lag065,clsacbw027sbog_cons_loans,d,65,FRED_CLSACBW027SBOG_cons_loans.csv,213,0.667712
d__clsacbw027sbog_cons_loans__lag066,clsacbw027sbog_cons_loans,d,66,FRED_CLSACBW027SBOG_cons_loans.csv,213,0.667712
d__clsacbw027sbog_cons_loans__lag067,clsacbw027sbog_cons_loans,d,67,FRED_CLSACBW027SBOG_cons_loans.csv,213,0.667712
d__clsacbw027sbog_cons_loans__lag068,clsacbw027sbog_cons_loans,d,68,FRED_CLSACBW027SBOG_cons_loans.csv,213,0.667712
d__clsacbw027sbog_cons_loans__lag069,clsacbw027sbog_cons_loans,d,69,FRED_CLSACBW027SBOG_cons_loans.csv,213,0.667712
d__clsacbw027sbog_cons_loans__lag070,clsacbw027sbog_cons_loans,d,70,FRED_CLSACBW027SBOG_cons_loans.csv,213,0.667712
d__clsacbw027sbog_cons_loans__lag071,clsacbw027sbog_cons_loans,d,71,FRED_CLSACBW027SBOG_cons_loans.csv,213,0.667712
d__clsacbw027sbog_cons_loans__lag072,clsacbw027sbog_cons_loans,d,72,FRED_CLSACBW027SBOG_cons_loans.csv,213,0.667712
d__clsacbw027sbog_cons_loans__lag073,clsacbw027sbog_cons_loans,d,73,FRED_CLSACBW027SBOG_cons_loans.csv,213,0.667712
d__clsacbw027sbog_cons_loans__lag074,clsacbw027sbog_cons_loans,d,74,FRED_CLSACBW027SBOG_cons_loans.csv,213,0.667712
d__clsacbw027sbog_cons_loans__lag075,clsacbw027sbog_cons_loans,d,75,FRED_CLSACBW027SBOG_cons_loans.csv,213,0.667712
d__clsacbw027sbog_cons_loans__lag076,clsacbw027sbog_cons_loans,d,76,FRED_CLSACBW027SBOG_cons_loans.csv,213,0.667712
d__clsacbw027sbog_cons_loans__lag077,clsacbw027sbog_cons_loans,d,77,FRED_CLSACBW027SBOG_cons_loans.csv,213,0.667712
d__clsacbw027sbog_cons_loans__lag078,clsacbw027sbog_cons_loans,d,78,FRED_CLSACBW027SBOG_cons_loans.csv,213,0.667712
d__clsacbw027sbog_cons_loans__lag079,clsacbw027sbog_cons_loans,d,79,FRED_CLSACBW027SBOG_cons_loans.csv,213,0.667712
d__clsacbw027sbog_cons_loans__lag080,clsacbw027sbog_cons_loans,d,80,FRED_CLSACBW027SBOG_cons_loans.csv,213,0.667712
d__clsacbw027sbog_cons_loans__lag081,clsacbw027sbog_cons_loans,d,81,FRED_CLSACBW027SBOG_cons_loans.csv,213,0.667712
d__clsacbw027sbog_cons_loans__lag082,clsacbw027sbog_cons_loans,d,82,FRED_CLSACBW027SBOG_cons_loans.csv,213,0.667712
d__clsacbw027sbog_cons_loans__lag083,clsacbw027sbog_cons_loans,d,83,FRED_CLSACBW027SBOG_cons_loans.csv,213,0.667712
d__clsacbw027sbog_cons_loans__lag084,clsacbw027sbog_cons_loans,d,84,FRED_CLSACBW027SBOG_cons_loans.csv,213,0.667712
d__clsacbw027sbog_cons_loans__lag085,clsacbw027sbog_cons_loans,d,85,FRED_CLSACBW027SBOG_cons_loans.csv,213,0.667712
d__clsacbw027sbog_cons_loans__lag086,clsacbw027sbog_cons_loans,d,86,FRED_CLSACBW027SBOG_cons_loans.csv,213,0.667712
d__clsacbw027sbog_cons_loans__lag087,clsacbw027sbog_cons_loans,d,87,FRED_CLSACBW027SBOG_cons_loans.csv,213,0.667712
d__clsacbw027sbog_cons_loans__lag088,clsacbw027sbog_cons_loans,d,88,FRED_CLSACBW027SBOG_cons_loans.csv,213,0.667712
d__clsacbw027sbog_cons_loans__lag089,clsacbw027sbog_cons_loans,d,89,FRED_CLSACBW027SBOG_cons_loans.csv,212,0.664577
d__clsacbw027sbog_cons_loans__lag090,clsacbw027sbog_cons_loans,d,90,FRED_CLSACBW027SBOG_cons_loans.csv,212,0.664577
d__compout_compout__lag001,compout_compout,d,1,FRED_COMPOUT_COMPOUT.csv,101,0.316614
d__compout_compout__lag002,compout_compout,d,2,FRED_COMPOUT_COMPOUT.csv,101,0.316614
d__compout_compout__lag003,compout_compout,d,3,FRED_COMPOUT_COMPOUT.csv,101,0.316614
d__compout_compout__lag004,compout_compout,d,4,FRED_COMPOUT_COMPOUT.csv,101,0.316614
d__compout_compout__lag005,compout_compout,d,5,FRED_COMPOUT_COMPOUT.csv,101,0.316614
d__compout_compout__lag006,compout_compout,d,6,FRED_COMPOUT_COMPOUT.csv,101,0.316614
d__compout_compout__lag007,compout_compout,d,7,FRED_COMPOUT_COMPOUT.csv,101,0.316614
d__compout_compout__lag008,compout_compout,d,8,FRED_COMPOUT_COMPOUT.csv,101,0.316614
d__compout_compout__lag009,compout_compout,d,9,FRED_COMPOUT_COMPOUT.csv,101,0.316614
d__compout_compout__lag010,compout_compout,d,10,FRED_COMPOUT_COMPOUT.csv,101,0.316614
d__compout_compout__lag011,compout_compout,d,11,FRED_COMPOUT_COMPOUT.csv,101,0.316614
d__compout_compout__lag012,compout_compout,d,12,FRED_COMPOUT_COMPOUT.csv,101,0.316614
d__compout_compout__lag013,compout_compout,d,13,FRED_COMPOUT_COMPOUT.csv,101,0.316614
d__compout_compout__lag014,compout_compout,d,14,FRED_COMPOUT_COMPOUT.csv,101,0.316614
d__compout_compout__lag015,compout_compout,d,15,FRED_COMPOUT_COMPOUT.csv,101,0.316614
d__compout_compout__lag016,compout_compout,d,16,FRED_COMPOUT_COMPOUT.csv,101,0.316614
d__compout_compout__lag017,compout_compout,d,17,FRED_COMPOUT_COMPOUT.csv,101,0.316614
d__compout_compout__lag018,compout_compout,d,18,FRED_COMPOUT_COMPOUT.csv,101,0.316614
d__compout_compout__lag019,compout_compout,d,19,FRED_COMPOUT_COMPOUT.csv,101,0.316614
d__compout_compout__lag020,compout_compout,d,20,FRED_COMPOUT_COMPOUT.csv,101,0.316614
d__compout_compout__lag021,compout_compout,d,21,FRED_COMPOUT_COMPOUT.csv,101,0.316614
d__compout_compout__lag022,compout_compout,d,22,FRED_COMPOUT_COMPOUT.csv,101,0.316614
d__compout_compout__lag023,compout_compout,d,23,FRED_COMPOUT_COMPOUT.csv,101,0.316614
d__compout_compout__lag024,compout_compout,d,24,FRED_COMPOUT_COMPOUT.csv,101,0.316614
d__compout_compout__lag025,compout_compout,d,25,FRED_COMPOUT_COMPOUT.csv,101,0.316614
d__compout_compout__lag026,compout_compout,d,26,FRED_COMPOUT_COMPOUT.csv,101,0.316614
d__compout_compout__lag027,compout_compout,d,27,FRED_COMPOUT_COMPOUT.csv,101,0.316614
d__compout_compout__lag028,compout_compout,d,28,FRED_COMPOUT_COMPOUT.csv,101,0.316614
d__compout_compout__lag029,compout_compout,d,29,FRED_COMPOUT_COMPOUT.csv,101,0.316614
d__compout_compout__lag030,compout_compout,d,30,FRED_COMPOUT_COMPOUT.csv,101,0.316614
d__compout_compout__lag031,compout_compout,d,31,FRED_COMPOUT_COMPOUT.csv,101,0.316614
d__compout_compout__lag032,compout_compout,d,32,FRED_COMPOUT_COMPOUT.csv,101,0.316614
d__compout_compout__lag033,compout_compout,d,33,FRED_COMPOUT_COMPOUT.csv,101,0.316614
d__compout_compout__lag034,compout_compout,d,34,FRED_COMPOUT_COMPOUT.csv,101,0.316614
d__compout_compout__lag035,compout_compout,d,35,FRED_COMPOUT_COMPOUT.csv,101,0.316614
d__compout_compout__lag036,compout_compout,d,36,FRED_COMPOUT_COMPOUT.csv,101,0.316614
d__compout_compout__lag037,compout_compout,d,37,FRED_COMPOUT_COMPOUT.csv,101,0.316614
d__compout_compout__lag038,compout_compout,d,38,FRED_COMPOUT_COMPOUT.csv,101,0.316614
d__compout_compout__lag039,compout_compout,d,39,FRED_COMPOUT_COMPOUT.csv,101,0.316614
d__compout_compout__lag040,compout_compout,d,40,FRED_COMPOUT_COMPOUT.csv,101,0.316614
d__compout_compout__lag041,compout_compout,d,41,FRED_COMPOUT_COMPOUT.csv,101,0.316614
d__compout_compout__lag042,compout_compout,d,42,FRED_COMPOUT_COMPOUT.csv,101,0.316614
d__compout_compout__lag043,compout_compout,d,43,FRED_COMPOUT_COMPOUT.csv,101,0.316614
d__compout_compout__lag044,compout_compout,d,44,FRED_COMPOUT_COMPOUT.csv,101,0.316614
d__compout_compout__lag045,compout_compout,d,45,FRED_COMPOUT_COMPOUT.csv,101,0.316614
d__compout_compout__lag046,compout_compout,d,46,FRED_COMPOUT_COMPOUT.csv,101,0.316614
d__compout_compout__lag047,compout_compout,d,47,FRED_COMPOUT_COMPOUT.csv,101,0.316614
d__compout_compout__lag048,compout_compout,d,48,FRED_COMPOUT_COMPOUT.csv,101,0.316614
d__compout_compout__lag049,compout_compout,d,49,FRED_COMPOUT_COMPOUT.csv,101,0.316614
d__compout_compout__lag050,compout_compout,d,50,FRED_COMPOUT_COMPOUT.csv,101,0.316614
d__compout_compout__lag051,compout_compout,d,51,FRED_COMPOUT_COMPOUT.csv,101,0.316614
d__compout_compout__lag052,compout_compout,d,52,FRED_COMPOUT_COMPOUT.csv,101,0.316614
d__compout_compout__lag053,compout_compout,d,53,FRED_COMPOUT_COMPOUT.csv,101,0.316614
d__compout_compout__lag054,compout_compout,d,54,FRED_COMPOUT_COMPOUT.csv,101,0.316614
d__compout_compout__lag055,compout_compout,d,55,FRED_COMPOUT_COMPOUT.csv,101,0.316614
d__compout_compout__lag056,compout_compout,d,56,FRED_COMPOUT_COMPOUT.csv,101,0.316614
d__compout_compout__lag057,compout_compout,d,57,FRED_COMPOUT_COMPOUT.csv,101,0.316614
d__compout_compout__lag058,compout_compout,d,58,FRED_COMPOUT_COMPOUT.csv,101,0.316614
d__compout_compout__lag059,compout_compout,d,59,FRED_COMPOUT_COMPOUT.csv,101,0.316614
d__compout_compout__lag060,compout_compout,d,60,FRED_COMPOUT_COMPOUT.csv,101,0.316614
d__compout_compout__lag061,compout_compout,d,61,FRED_COMPOUT_COMPOUT.csv,101,0.316614
d__compout_compout__lag062,compout_compout,d,62,FRED_COMPOUT_COMPOUT.csv,101,0.316614
d__compout_compout__lag063,compout_compout,d,63,FRED_COMPOUT_COMPOUT.csv,101,0.316614
d__compout_compout__lag064,compout_compout,d,64,FRED_COMPOUT_COMPOUT.csv,101,0.316614
d__compout_compout__lag065,compout_compout,d,65,FRED_COMPOUT_COMPOUT.csv,101,0.316614
d__compout_compout__lag066,compout_compout,d,66,FRED_COMPOUT_COMPOUT.csv,101,0.316614
d__compout_compout__lag067,compout_compout,d,67,FRED_COMPOUT_COMPOUT.csv,101,0.316614
d__compout_compout__lag068,compout_compout,d,68,FRED_COMPOUT_COMPOUT.csv,101,0.316614
d__compout_compout__lag069,compout_compout,d,69,FRED_COMPOUT_COMPOUT.csv,101,0.316614
d__compout_compout__lag070,compout_compout,d,70,FRED_COMPOUT_COMPOUT.csv,101,0.316614
d__compout_compout__lag071,compout_compout,d,71,FRED_COMPOUT_COMPOUT.csv,101,0.316614
d__compout_compout__lag072,compout_compout,d,72,FRED_COMPOUT_COMPOUT.csv,101,0.316614
d__compout_compout__lag073,compout_compout,d,73,FRED_COMPOUT_COMPOUT.csv,101,0.316614
d__compout_compout__lag074,compout_compout,d,74,FRED_COMPOUT_COMPOUT.csv,101,0.316614
d__compout_compout__lag075,compout_compout,d,75,FRED_COMPOUT_COMPOUT.csv,101,0.316614
d__compout_compout__lag076,compout_compout,d,76,FRED_COMPOUT_COMPOUT.csv,101,0.316614
d__compout_compout__lag077,compout_compout,d,77,FRED_COMPOUT_COMPOUT.csv,101,0.316614
d__compout_compout__lag078,compout_compout,d,78,FRED_COMPOUT_COMPOUT.csv,101,0.316614
d__compout_compout__lag079,compout_compout,d,79,FRED_COMPOUT_COMPOUT.csv,101,0.316614
d__compout_compout__lag080,compout_compout,d,80,FRED_COMPOUT_COMPOUT.csv,101,0.316614
d__compout_compout__lag081,compout_compout,d,81,FRED_COMPOUT_COMPOUT.csv,101,0.316614
d__compout_compout__lag082,compout_compout,d,82,FRED_COMPOUT_COMPOUT.csv,101,0.316614
d__compout_compout__lag083,compout_compout,d,83,FRED_COMPOUT_COMPOUT.csv,101,0.316614
d__compout_compout__lag084,compout_compout,d,84,FRED_COMPOUT_COMPOUT.csv,101,0.316614
d__compout_compout__lag085,compout_compout,d,85,FRED_COMPOUT_COMPOUT.csv,101,0.316614
d__compout_compout__lag086,compout_compout,d,86,FRED_COMPOUT_COMPOUT.csv,101,0.316614
d__compout_compout__lag087,compout_compout,d,87,FRED_COMPOUT_COMPOUT.csv,101,0.316614
d__compout_compout__lag088,compout_compout,d,88,FRED_COMPOUT_COMPOUT.csv,101,0.316614
d__compout_compout__lag089,compout_compout,d,89,FRED_COMPOUT_COMPOUT.csv,100,0.31348
d__compout_compout__lag090,compout_compout,d,90,FRED_COMPOUT_COMPOUT.csv,100,0.31348
m__cpiaucsl_cpiaucsl__lag001,cpiaucsl_cpiaucsl,m,1,FRED_CPIAUCSL_CPIAUCSL.csv,317,0.99373
m__cpiaucsl_cpiaucsl__lag002,cpiaucsl_cpiaucsl,m,2,FRED_CPIAUCSL_CPIAUCSL.csv,317,0.99373
m__cpiaucsl_cpiaucsl__lag003,cpiaucsl_cpiaucsl,m,3,FRED_CPIAUCSL_CPIAUCSL.csv,317,0.99373
m__cpiaucsl_cpiaucsl__lag004,cpiaucsl_cpiaucsl,m,4,FRED_CPIAUCSL_CPIAUCSL.csv,316,0.990596
m__cpiaucsl_cpiaucsl__lag005,cpiaucsl_cpiaucsl,m,5,FRED_CPIAUCSL_CPIAUCSL.csv,316,0.990596
m__cpiaucsl_cpiaucsl__lag006,cpiaucsl_cpiaucsl,m,6,FRED_CPIAUCSL_CPIAUCSL.csv,316,0.990596
m__cpiaucsl_cpiaucsl__lag007,cpiaucsl_cpiaucsl,m,7,FRED_CPIAUCSL_CPIAUCSL.csv,315,0.987461
m__cpiaucsl_cpiaucsl__lag008,cpiaucsl_cpiaucsl,m,8,FRED_CPIAUCSL_CPIAUCSL.csv,315,0.987461
m__cpiaucsl_cpiaucsl__lag009,cpiaucsl_cpiaucsl,m,9,FRED_CPIAUCSL_CPIAUCSL.csv,315,0.987461
m__cpiaucsl_cpiaucsl__lag010,cpiaucsl_cpiaucsl,m,10,FRED_CPIAUCSL_CPIAUCSL.csv,314,0.984326
m__cpiaucsl_cpiaucsl__lag011,cpiaucsl_cpiaucsl,m,11,FRED_CPIAUCSL_CPIAUCSL.csv,314,0.984326
m__cpiaucsl_cpiaucsl__lag012,cpiaucsl_cpiaucsl,m,12,FRED_CPIAUCSL_CPIAUCSL.csv,314,0.984326
m__cpiulfsl_cpiulfsl__lag001,cpiulfsl_cpiulfsl,m,1,FRED_CPIULFSL_CPIULFSL.csv,317,0.99373
m__cpiulfsl_cpiulfsl__lag002,cpiulfsl_cpiulfsl,m,2,FRED_CPIULFSL_CPIULFSL.csv,317,0.99373
m__cpiulfsl_cpiulfsl__lag003,cpiulfsl_cpiulfsl,m,3,FRED_CPIULFSL_CPIULFSL.csv,317,0.99373
m__cpiulfsl_cpiulfsl__lag004,cpiulfsl_cpiulfsl,m,4,FRED_CPIULFSL_CPIULFSL.csv,316,0.990596
m__cpiulfsl_cpiulfsl__lag005,cpiulfsl_cpiulfsl,m,5,FRED_CPIULFSL_CPIULFSL.csv,316,0.990596
m__cpiulfsl_cpiulfsl__lag006,cpiulfsl_cpiulfsl,m,6,FRED_CPIULFSL_CPIULFSL.csv,316,0.990596
m__cpiulfsl_cpiulfsl__lag007,cpiulfsl_cpiulfsl,m,7,FRED_CPIULFSL_CPIULFSL.csv,315,0.987461
m__cpiulfsl_cpiulfsl__lag008,cpiulfsl_cpiulfsl,m,8,FRED_CPIULFSL_CPIULFSL.csv,315,0.987461
m__cpiulfsl_cpiulfsl__lag009,cpiulfsl_cpiulfsl,m,9,FRED_CPIULFSL_CPIULFSL.csv,315,0.987461
m__cpiulfsl_cpiulfsl__lag010,cpiulfsl_cpiulfsl,m,10,FRED_CPIULFSL_CPIULFSL.csv,314,0.984326
m__cpiulfsl_cpiulfsl__lag011,cpiulfsl_cpiulfsl,m,11,FRED_CPIULFSL_CPIULFSL.csv,314,0.984326
m__cpiulfsl_cpiulfsl__lag012,cpiulfsl_cpiulfsl,m,12,FRED_CPIULFSL_CPIULFSL.csv,314,0.984326
m__csushpinsa_cs_hpi__lag001,csushpinsa_cs_hpi,m,1,FRED_CSUSHPINSA_cs_hpi.csv,157,0.492163
m__csushpinsa_cs_hpi__lag002,csushpinsa_cs_hpi,m,2,FRED_CSUSHPINSA_cs_hpi.csv,157,0.492163
m__csushpinsa_cs_hpi__lag003,csushpinsa_cs_hpi,m,3,FRED_CSUSHPINSA_cs_hpi.csv,157,0.492163
m__csushpinsa_cs_hpi__lag004,csushpinsa_cs_hpi,m,4,FRED_CSUSHPINSA_cs_hpi.csv,156,0.489028
m__csushpinsa_cs_hpi__lag005,csushpinsa_cs_hpi,m,5,FRED_CSUSHPINSA_cs_hpi.csv,156,0.489028
m__csushpinsa_cs_hpi__lag006,csushpinsa_cs_hpi,m,6,FRED_CSUSHPINSA_cs_hpi.csv,156,0.489028
m__csushpinsa_cs_hpi__lag007,csushpinsa_cs_hpi,m,7,FRED_CSUSHPINSA_cs_hpi.csv,155,0.485893
m__csushpinsa_cs_hpi__lag008,csushpinsa_cs_hpi,m,8,FRED_CSUSHPINSA_cs_hpi.csv,155,0.485893
m__csushpinsa_cs_hpi__lag009,csushpinsa_cs_hpi,m,9,FRED_CSUSHPINSA_cs_hpi.csv,155,0.485893
m__csushpinsa_cs_hpi__lag010,csushpinsa_cs_hpi,m,10,FRED_CSUSHPINSA_cs_hpi.csv,154,0.482759
m__csushpinsa_cs_hpi__lag011,csushpinsa_cs_hpi,m,11,FRED_CSUSHPINSA_cs_hpi.csv,154,0.482759
m__csushpinsa_cs_hpi__lag012,csushpinsa_cs_hpi,m,12,FRED_CSUSHPINSA_cs_hpi.csv,154,0.482759
m__currcir_currcir__lag001,currcir_currcir,m,1,FRED_CURRCIR_CURRCIR.csv,319,1.0
m__currcir_currcir__lag002,currcir_currcir,m,2,FRED_CURRCIR_CURRCIR.csv,319,1.0
m__currcir_currcir__lag003,currcir_currcir,m,3,FRED_CURRCIR_CURRCIR.csv,319,1.0
m__currcir_currcir__lag004,currcir_currcir,m,4,FRED_CURRCIR_CURRCIR.csv,319,1.0
m__currcir_currcir__lag005,currcir_currcir,m,5,FRED_CURRCIR_CURRCIR.csv,319,1.0
m__currcir_currcir__lag006,currcir_currcir,m,6,FRED_CURRCIR_CURRCIR.csv,319,1.0
m__currcir_currcir__lag007,currcir_currcir,m,7,FRED_CURRCIR_CURRCIR.csv,319,1.0
m__currcir_currcir__lag008,currcir_currcir,m,8,FRED_CURRCIR_CURRCIR.csv,319,1.0
m__currcir_currcir__lag009,currcir_currcir,m,9,FRED_CURRCIR_CURRCIR.csv,319,1.0
m__currcir_currcir__lag010,currcir_currcir,m,10,FRED_CURRCIR_CURRCIR.csv,319,1.0
m__currcir_currcir__lag011,currcir_currcir,m,11,FRED_CURRCIR_CURRCIR.csv,319,1.0
m__currcir_currcir__lag012,currcir_currcir,m,12,FRED_CURRCIR_CURRCIR.csv,319,1.0
d__d10wlint_d10wlint__lag001,d10wlint_d10wlint,d,1,FRED_D10WLINT_D10WLINT.csv,94,0.294671
d__d10wlint_d10wlint__lag002,d10wlint_d10wlint,d,2,FRED_D10WLINT_D10WLINT.csv,94,0.294671
d__d10wlint_d10wlint__lag003,d10wlint_d10wlint,d,3,FRED_D10WLINT_D10WLINT.csv,94,0.294671
d__d10wlint_d10wlint__lag004,d10wlint_d10wlint,d,4,FRED_D10WLINT_D10WLINT.csv,94,0.294671
d__d10wlint_d10wlint__lag005,d10wlint_d10wlint,d,5,FRED_D10WLINT_D10WLINT.csv,94,0.294671
d__d10wlint_d10wlint__lag006,d10wlint_d10wlint,d,6,FRED_D10WLINT_D10WLINT.csv,94,0.294671
d__d10wlint_d10wlint__lag007,d10wlint_d10wlint,d,7,FRED_D10WLINT_D10WLINT.csv,94,0.294671
d__d10wlint_d10wlint__lag008,d10wlint_d10wlint,d,8,FRED_D10WLINT_D10WLINT.csv,94,0.294671
d__d10wlint_d10wlint__lag009,d10wlint_d10wlint,d,9,FRED_D10WLINT_D10WLINT.csv,94,0.294671
d__d10wlint_d10wlint__lag010,d10wlint_d10wlint,d,10,FRED_D10WLINT_D10WLINT.csv,94,0.294671
d__d10wlint_d10wlint__lag011,d10wlint_d10wlint,d,11,FRED_D10WLINT_D10WLINT.csv,94,0.294671
d__d10wlint_d10wlint__lag012,d10wlint_d10wlint,d,12,FRED_D10WLINT_D10WLINT.csv,94,0.294671
d__d10wlint_d10wlint__lag013,d10wlint_d10wlint,d,13,FRED_D10WLINT_D10WLINT.csv,94,0.294671
d__d10wlint_d10wlint__lag014,d10wlint_d10wlint,d,14,FRED_D10WLINT_D10WLINT.csv,94,0.294671
d__d10wlint_d10wlint__lag015,d10wlint_d10wlint,d,15,FRED_D10WLINT_D10WLINT.csv,93,0.291536
d__d10wlint_d10wlint__lag016,d10wlint_d10wlint,d,16,FRED_D10WLINT_D10WLINT.csv,93,0.291536
d__d10wlint_d10wlint__lag017,d10wlint_d10wlint,d,17,FRED_D10WLINT_D10WLINT.csv,93,0.291536
d__d10wlint_d10wlint__lag018,d10wlint_d10wlint,d,18,FRED_D10WLINT_D10WLINT.csv,93,0.291536
d__d10wlint_d10wlint__lag019,d10wlint_d10wlint,d,19,FRED_D10WLINT_D10WLINT.csv,93,0.291536
d__d10wlint_d10wlint__lag020,d10wlint_d10wlint,d,20,FRED_D10WLINT_D10WLINT.csv,93,0.291536
d__d10wlint_d10wlint__lag021,d10wlint_d10wlint,d,21,FRED_D10WLINT_D10WLINT.csv,93,0.291536
d__d10wlint_d10wlint__lag022,d10wlint_d10wlint,d,22,FRED_D10WLINT_D10WLINT.csv,93,0.291536
d__d10wlint_d10wlint__lag023,d10wlint_d10wlint,d,23,FRED_D10WLINT_D10WLINT.csv,93,0.291536
d__d10wlint_d10wlint__lag024,d10wlint_d10wlint,d,24,FRED_D10WLINT_D10WLINT.csv,93,0.291536
d__d10wlint_d10wlint__lag025,d10wlint_d10wlint,d,25,FRED_D10WLINT_D10WLINT.csv,93,0.291536
d__d10wlint_d10wlint__lag026,d10wlint_d10wlint,d,26,FRED_D10WLINT_D10WLINT.csv,93,0.291536
d__d10wlint_d10wlint__lag027,d10wlint_d10wlint,d,27,FRED_D10WLINT_D10WLINT.csv,93,0.291536
d__d10wlint_d10wlint__lag028,d10wlint_d10wlint,d,28,FRED_D10WLINT_D10WLINT.csv,93,0.291536
d__d10wlint_d10wlint__lag029,d10wlint_d10wlint,d,29,FRED_D10WLINT_D10WLINT.csv,93,0.291536
d__d10wlint_d10wlint__lag030,d10wlint_d10wlint,d,30,FRED_D10WLINT_D10WLINT.csv,93,0.291536
d__d10wlint_d10wlint__lag031,d10wlint_d10wlint,d,31,FRED_D10WLINT_D10WLINT.csv,93,0.291536
d__d10wlint_d10wlint__lag032,d10wlint_d10wlint,d,32,FRED_D10WLINT_D10WLINT.csv,93,0.291536
d__d10wlint_d10wlint__lag033,d10wlint_d10wlint,d,33,FRED_D10WLINT_D10WLINT.csv,93,0.291536
d__d10wlint_d10wlint__lag034,d10wlint_d10wlint,d,34,FRED_D10WLINT_D10WLINT.csv,93,0.291536
d__d10wlint_d10wlint__lag035,d10wlint_d10wlint,d,35,FRED_D10WLINT_D10WLINT.csv,93,0.291536
d__d10wlint_d10wlint__lag036,d10wlint_d10wlint,d,36,FRED_D10WLINT_D10WLINT.csv,93,0.291536
d__d10wlint_d10wlint__lag037,d10wlint_d10wlint,d,37,FRED_D10WLINT_D10WLINT.csv,93,0.291536
d__d10wlint_d10wlint__lag038,d10wlint_d10wlint,d,38,FRED_D10WLINT_D10WLINT.csv,93,0.291536
d__d10wlint_d10wlint__lag039,d10wlint_d10wlint,d,39,FRED_D10WLINT_D10WLINT.csv,93,0.291536
d__d10wlint_d10wlint__lag040,d10wlint_d10wlint,d,40,FRED_D10WLINT_D10WLINT.csv,93,0.291536
d__d10wlint_d10wlint__lag041,d10wlint_d10wlint,d,41,FRED_D10WLINT_D10WLINT.csv,93,0.291536
d__d10wlint_d10wlint__lag042,d10wlint_d10wlint,d,42,FRED_D10WLINT_D10WLINT.csv,93,0.291536
d__d10wlint_d10wlint__lag043,d10wlint_d10wlint,d,43,FRED_D10WLINT_D10WLINT.csv,93,0.291536
d__d10wlint_d10wlint__lag044,d10wlint_d10wlint,d,44,FRED_D10WLINT_D10WLINT.csv,93,0.291536
d__d10wlint_d10wlint__lag045,d10wlint_d10wlint,d,45,FRED_D10WLINT_D10WLINT.csv,93,0.291536
d__d10wlint_d10wlint__lag046,d10wlint_d10wlint,d,46,FRED_D10WLINT_D10WLINT.csv,93,0.291536
d__d10wlint_d10wlint__lag047,d10wlint_d10wlint,d,47,FRED_D10WLINT_D10WLINT.csv,93,0.291536
d__d10wlint_d10wlint__lag048,d10wlint_d10wlint,d,48,FRED_D10WLINT_D10WLINT.csv,93,0.291536
d__d10wlint_d10wlint__lag049,d10wlint_d10wlint,d,49,FRED_D10WLINT_D10WLINT.csv,93,0.291536
d__d10wlint_d10wlint__lag050,d10wlint_d10wlint,d,50,FRED_D10WLINT_D10WLINT.csv,93,0.291536
d__d10wlint_d10wlint__lag051,d10wlint_d10wlint,d,51,FRED_D10WLINT_D10WLINT.csv,93,0.291536
d__d10wlint_d10wlint__lag052,d10wlint_d10wlint,d,52,FRED_D10WLINT_D10WLINT.csv,93,0.291536
d__d10wlint_d10wlint__lag053,d10wlint_d10wlint,d,53,FRED_D10WLINT_D10WLINT.csv,93,0.291536
d__d10wlint_d10wlint__lag054,d10wlint_d10wlint,d,54,FRED_D10WLINT_D10WLINT.csv,93,0.291536
d__d10wlint_d10wlint__lag055,d10wlint_d10wlint,d,55,FRED_D10WLINT_D10WLINT.csv,93,0.291536
d__d10wlint_d10wlint__lag056,d10wlint_d10wlint,d,56,FRED_D10WLINT_D10WLINT.csv,93,0.291536
d__d10wlint_d10wlint__lag057,d10wlint_d10wlint,d,57,FRED_D10WLINT_D10WLINT.csv,93,0.291536
d__d10wlint_d10wlint__lag058,d10wlint_d10wlint,d,58,FRED_D10WLINT_D10WLINT.csv,93,0.291536
d__d10wlint_d10wlint__lag059,d10wlint_d10wlint,d,59,FRED_D10WLINT_D10WLINT.csv,93,0.291536
d__d10wlint_d10wlint__lag060,d10wlint_d10wlint,d,60,FRED_D10WLINT_D10WLINT.csv,93,0.291536
d__d10wlint_d10wlint__lag061,d10wlint_d10wlint,d,61,FRED_D10WLINT_D10WLINT.csv,93,0.291536
d__d10wlint_d10wlint__lag062,d10wlint_d10wlint,d,62,FRED_D10WLINT_D10WLINT.csv,93,0.291536
d__d10wlint_d10wlint__lag063,d10wlint_d10wlint,d,63,FRED_D10WLINT_D10WLINT.csv,93,0.291536
d__d10wlint_d10wlint__lag064,d10wlint_d10wlint,d,64,FRED_D10WLINT_D10WLINT.csv,93,0.291536
d__d10wlint_d10wlint__lag065,d10wlint_d10wlint,d,65,FRED_D10WLINT_D10WLINT.csv,93,0.291536
d__d10wlint_d10wlint__lag066,d10wlint_d10wlint,d,66,FRED_D10WLINT_D10WLINT.csv,93,0.291536
d__d10wlint_d10wlint__lag067,d10wlint_d10wlint,d,67,FRED_D10WLINT_D10WLINT.csv,93,0.291536
d__d10wlint_d10wlint__lag068,d10wlint_d10wlint,d,68,FRED_D10WLINT_D10WLINT.csv,93,0.291536
d__d10wlint_d10wlint__lag069,d10wlint_d10wlint,d,69,FRED_D10WLINT_D10WLINT.csv,93,0.291536
d__d10wlint_d10wlint__lag070,d10wlint_d10wlint,d,70,FRED_D10WLINT_D10WLINT.csv,93,0.291536
d__d10wlint_d10wlint__lag071,d10wlint_d10wlint,d,71,FRED_D10WLINT_D10WLINT.csv,93,0.291536
d__d10wlint_d10wlint__lag072,d10wlint_d10wlint,d,72,FRED_D10WLINT_D10WLINT.csv,93,0.291536
d__d10wlint_d10wlint__lag073,d10wlint_d10wlint,d,73,FRED_D10WLINT_D10WLINT.csv,93,0.291536
d__d10wlint_d10wlint__lag074,d10wlint_d10wlint,d,74,FRED_D10WLINT_D10WLINT.csv,93,0.291536
d__d10wlint_d10wlint__lag075,d10wlint_d10wlint,d,75,FRED_D10WLINT_D10WLINT.csv,93,0.291536
d__d10wlint_d10wlint__lag076,d10wlint_d10wlint,d,76,FRED_D10WLINT_D10WLINT.csv,93,0.291536
d__d10wlint_d10wlint__lag077,d10wlint_d10wlint,d,77,FRED_D10WLINT_D10WLINT.csv,93,0.291536
d__d10wlint_d10wlint__lag078,d10wlint_d10wlint,d,78,FRED_D10WLINT_D10WLINT.csv,93,0.291536
d__d10wlint_d10wlint__lag079,d10wlint_d10wlint,d,79,FRED_D10WLINT_D10WLINT.csv,93,0.291536
d__d10wlint_d10wlint__lag080,d10wlint_d10wlint,d,80,FRED_D10WLINT_D10WLINT.csv,93,0.291536
d__d10wlint_d10wlint__lag081,d10wlint_d10wlint,d,81,FRED_D10WLINT_D10WLINT.csv,93,0.291536
d__d10wlint_d10wlint__lag082,d10wlint_d10wlint,d,82,FRED_D10WLINT_D10WLINT.csv,93,0.291536
d__d10wlint_d10wlint__lag083,d10wlint_d10wlint,d,83,FRED_D10WLINT_D10WLINT.csv,93,0.291536
d__d10wlint_d10wlint__lag084,d10wlint_d10wlint,d,84,FRED_D10WLINT_D10WLINT.csv,93,0.291536
d__d10wlint_d10wlint__lag085,d10wlint_d10wlint,d,85,FRED_D10WLINT_D10WLINT.csv,93,0.291536
d__d10wlint_d10wlint__lag086,d10wlint_d10wlint,d,86,FRED_D10WLINT_D10WLINT.csv,93,0.291536
d__d10wlint_d10wlint__lag087,d10wlint_d10wlint,d,87,FRED_D10WLINT_D10WLINT.csv,93,0.291536
d__d10wlint_d10wlint__lag088,d10wlint_d10wlint,d,88,FRED_D10WLINT_D10WLINT.csv,93,0.291536
d__d10wlint_d10wlint__lag089,d10wlint_d10wlint,d,89,FRED_D10WLINT_D10WLINT.csv,93,0.291536
d__d10wlint_d10wlint__lag090,d10wlint_d10wlint,d,90,FRED_D10WLINT_D10WLINT.csv,93,0.291536
d__d11wlint_d11wlint__lag001,d11wlint_d11wlint,d,1,FRED_D11WLINT_D11WLINT.csv,94,0.294671
d__d11wlint_d11wlint__lag002,d11wlint_d11wlint,d,2,FRED_D11WLINT_D11WLINT.csv,94,0.294671
d__d11wlint_d11wlint__lag003,d11wlint_d11wlint,d,3,FRED_D11WLINT_D11WLINT.csv,94,0.294671
d__d11wlint_d11wlint__lag004,d11wlint_d11wlint,d,4,FRED_D11WLINT_D11WLINT.csv,94,0.294671
d__d11wlint_d11wlint__lag005,d11wlint_d11wlint,d,5,FRED_D11WLINT_D11WLINT.csv,94,0.294671
d__d11wlint_d11wlint__lag006,d11wlint_d11wlint,d,6,FRED_D11WLINT_D11WLINT.csv,94,0.294671
d__d11wlint_d11wlint__lag007,d11wlint_d11wlint,d,7,FRED_D11WLINT_D11WLINT.csv,94,0.294671
d__d11wlint_d11wlint__lag008,d11wlint_d11wlint,d,8,FRED_D11WLINT_D11WLINT.csv,94,0.294671
d__d11wlint_d11wlint__lag009,d11wlint_d11wlint,d,9,FRED_D11WLINT_D11WLINT.csv,94,0.294671
d__d11wlint_d11wlint__lag010,d11wlint_d11wlint,d,10,FRED_D11WLINT_D11WLINT.csv,94,0.294671
d__d11wlint_d11wlint__lag011,d11wlint_d11wlint,d,11,FRED_D11WLINT_D11WLINT.csv,94,0.294671
d__d11wlint_d11wlint__lag012,d11wlint_d11wlint,d,12,FRED_D11WLINT_D11WLINT.csv,94,0.294671
d__d11wlint_d11wlint__lag013,d11wlint_d11wlint,d,13,FRED_D11WLINT_D11WLINT.csv,94,0.294671
d__d11wlint_d11wlint__lag014,d11wlint_d11wlint,d,14,FRED_D11WLINT_D11WLINT.csv,94,0.294671
d__d11wlint_d11wlint__lag015,d11wlint_d11wlint,d,15,FRED_D11WLINT_D11WLINT.csv,93,0.291536
d__d11wlint_d11wlint__lag016,d11wlint_d11wlint,d,16,FRED_D11WLINT_D11WLINT.csv,93,0.291536
d__d11wlint_d11wlint__lag017,d11wlint_d11wlint,d,17,FRED_D11WLINT_D11WLINT.csv,93,0.291536
d__d11wlint_d11wlint__lag018,d11wlint_d11wlint,d,18,FRED_D11WLINT_D11WLINT.csv,93,0.291536
d__d11wlint_d11wlint__lag019,d11wlint_d11wlint,d,19,FRED_D11WLINT_D11WLINT.csv,93,0.291536
d__d11wlint_d11wlint__lag020,d11wlint_d11wlint,d,20,FRED_D11WLINT_D11WLINT.csv,93,0.291536
d__d11wlint_d11wlint__lag021,d11wlint_d11wlint,d,21,FRED_D11WLINT_D11WLINT.csv,93,0.291536
d__d11wlint_d11wlint__lag022,d11wlint_d11wlint,d,22,FRED_D11WLINT_D11WLINT.csv,93,0.291536
d__d11wlint_d11wlint__lag023,d11wlint_d11wlint,d,23,FRED_D11WLINT_D11WLINT.csv,93,0.291536
d__d11wlint_d11wlint__lag024,d11wlint_d11wlint,d,24,FRED_D11WLINT_D11WLINT.csv,93,0.291536
d__d11wlint_d11wlint__lag025,d11wlint_d11wlint,d,25,FRED_D11WLINT_D11WLINT.csv,93,0.291536
d__d11wlint_d11wlint__lag026,d11wlint_d11wlint,d,26,FRED_D11WLINT_D11WLINT.csv,93,0.291536
d__d11wlint_d11wlint__lag027,d11wlint_d11wlint,d,27,FRED_D11WLINT_D11WLINT.csv,93,0.291536
d__d11wlint_d11wlint__lag028,d11wlint_d11wlint,d,28,FRED_D11WLINT_D11WLINT.csv,93,0.291536
d__d11wlint_d11wlint__lag029,d11wlint_d11wlint,d,29,FRED_D11WLINT_D11WLINT.csv,93,0.291536
d__d11wlint_d11wlint__lag030,d11wlint_d11wlint,d,30,FRED_D11WLINT_D11WLINT.csv,93,0.291536
d__d11wlint_d11wlint__lag031,d11wlint_d11wlint,d,31,FRED_D11WLINT_D11WLINT.csv,93,0.291536
d__d11wlint_d11wlint__lag032,d11wlint_d11wlint,d,32,FRED_D11WLINT_D11WLINT.csv,93,0.291536
d__d11wlint_d11wlint__lag033,d11wlint_d11wlint,d,33,FRED_D11WLINT_D11WLINT.csv,93,0.291536
d__d11wlint_d11wlint__lag034,d11wlint_d11wlint,d,34,FRED_D11WLINT_D11WLINT.csv,93,0.291536
d__d11wlint_d11wlint__lag035,d11wlint_d11wlint,d,35,FRED_D11WLINT_D11WLINT.csv,93,0.291536
d__d11wlint_d11wlint__lag036,d11wlint_d11wlint,d,36,FRED_D11WLINT_D11WLINT.csv,93,0.291536
d__d11wlint_d11wlint__lag037,d11wlint_d11wlint,d,37,FRED_D11WLINT_D11WLINT.csv,93,0.291536
d__d11wlint_d11wlint__lag038,d11wlint_d11wlint,d,38,FRED_D11WLINT_D11WLINT.csv,93,0.291536
d__d11wlint_d11wlint__lag039,d11wlint_d11wlint,d,39,FRED_D11WLINT_D11WLINT.csv,93,0.291536
d__d11wlint_d11wlint__lag040,d11wlint_d11wlint,d,40,FRED_D11WLINT_D11WLINT.csv,93,0.291536
d__d11wlint_d11wlint__lag041,d11wlint_d11wlint,d,41,FRED_D11WLINT_D11WLINT.csv,93,0.291536
d__d11wlint_d11wlint__lag042,d11wlint_d11wlint,d,42,FRED_D11WLINT_D11WLINT.csv,93,0.291536
d__d11wlint_d11wlint__lag043,d11wlint_d11wlint,d,43,FRED_D11WLINT_D11WLINT.csv,93,0.291536
d__d11wlint_d11wlint__lag044,d11wlint_d11wlint,d,44,FRED_D11WLINT_D11WLINT.csv,93,0.291536
d__d11wlint_d11wlint__lag045,d11wlint_d11wlint,d,45,FRED_D11WLINT_D11WLINT.csv,93,0.291536
d__d11wlint_d11wlint__lag046,d11wlint_d11wlint,d,46,FRED_D11WLINT_D11WLINT.csv,93,0.291536
d__d11wlint_d11wlint__lag047,d11wlint_d11wlint,d,47,FRED_D11WLINT_D11WLINT.csv,93,0.291536
d__d11wlint_d11wlint__lag048,d11wlint_d11wlint,d,48,FRED_D11WLINT_D11WLINT.csv,93,0.291536
d__d11wlint_d11wlint__lag049,d11wlint_d11wlint,d,49,FRED_D11WLINT_D11WLINT.csv,93,0.291536
d__d11wlint_d11wlint__lag050,d11wlint_d11wlint,d,50,FRED_D11WLINT_D11WLINT.csv,93,0.291536
d__d11wlint_d11wlint__lag051,d11wlint_d11wlint,d,51,FRED_D11WLINT_D11WLINT.csv,93,0.291536
d__d11wlint_d11wlint__lag052,d11wlint_d11wlint,d,52,FRED_D11WLINT_D11WLINT.csv,93,0.291536
d__d11wlint_d11wlint__lag053,d11wlint_d11wlint,d,53,FRED_D11WLINT_D11WLINT.csv,93,0.291536
d__d11wlint_d11wlint__lag054,d11wlint_d11wlint,d,54,FRED_D11WLINT_D11WLINT.csv,93,0.291536
d__d11wlint_d11wlint__lag055,d11wlint_d11wlint,d,55,FRED_D11WLINT_D11WLINT.csv,93,0.291536
d__d11wlint_d11wlint__lag056,d11wlint_d11wlint,d,56,FRED_D11WLINT_D11WLINT.csv,93,0.291536
d__d11wlint_d11wlint__lag057,d11wlint_d11wlint,d,57,FRED_D11WLINT_D11WLINT.csv,93,0.291536
d__d11wlint_d11wlint__lag058,d11wlint_d11wlint,d,58,FRED_D11WLINT_D11WLINT.csv,93,0.291536
d__d11wlint_d11wlint__lag059,d11wlint_d11wlint,d,59,FRED_D11WLINT_D11WLINT.csv,93,0.291536
d__d11wlint_d11wlint__lag060,d11wlint_d11wlint,d,60,FRED_D11WLINT_D11WLINT.csv,93,0.291536
d__d11wlint_d11wlint__lag061,d11wlint_d11wlint,d,61,FRED_D11WLINT_D11WLINT.csv,93,0.291536
d__d11wlint_d11wlint__lag062,d11wlint_d11wlint,d,62,FRED_D11WLINT_D11WLINT.csv,93,0.291536
d__d11wlint_d11wlint__lag063,d11wlint_d11wlint,d,63,FRED_D11WLINT_D11WLINT.csv,93,0.291536
d__d11wlint_d11wlint__lag064,d11wlint_d11wlint,d,64,FRED_D11WLINT_D11WLINT.csv,93,0.291536
d__d11wlint_d11wlint__lag065,d11wlint_d11wlint,d,65,FRED_D11WLINT_D11WLINT.csv,93,0.291536
d__d11wlint_d11wlint__lag066,d11wlint_d11wlint,d,66,FRED_D11WLINT_D11WLINT.csv,93,0.291536
d__d11wlint_d11wlint__lag067,d11wlint_d11wlint,d,67,FRED_D11WLINT_D11WLINT.csv,93,0.291536
d__d11wlint_d11wlint__lag068,d11wlint_d11wlint,d,68,FRED_D11WLINT_D11WLINT.csv,93,0.291536
d__d11wlint_d11wlint__lag069,d11wlint_d11wlint,d,69,FRED_D11WLINT_D11WLINT.csv,93,0.291536
d__d11wlint_d11wlint__lag070,d11wlint_d11wlint,d,70,FRED_D11WLINT_D11WLINT.csv,93,0.291536
d__d11wlint_d11wlint__lag071,d11wlint_d11wlint,d,71,FRED_D11WLINT_D11WLINT.csv,93,0.291536
d__d11wlint_d11wlint__lag072,d11wlint_d11wlint,d,72,FRED_D11WLINT_D11WLINT.csv,93,0.291536
d__d11wlint_d11wlint__lag073,d11wlint_d11wlint,d,73,FRED_D11WLINT_D11WLINT.csv,93,0.291536
d__d11wlint_d11wlint__lag074,d11wlint_d11wlint,d,74,FRED_D11WLINT_D11WLINT.csv,93,0.291536
d__d11wlint_d11wlint__lag075,d11wlint_d11wlint,d,75,FRED_D11WLINT_D11WLINT.csv,93,0.291536
d__d11wlint_d11wlint__lag076,d11wlint_d11wlint,d,76,FRED_D11WLINT_D11WLINT.csv,93,0.291536
d__d11wlint_d11wlint__lag077,d11wlint_d11wlint,d,77,FRED_D11WLINT_D11WLINT.csv,93,0.291536
d__d11wlint_d11wlint__lag078,d11wlint_d11wlint,d,78,FRED_D11WLINT_D11WLINT.csv,93,0.291536
d__d11wlint_d11wlint__lag079,d11wlint_d11wlint,d,79,FRED_D11WLINT_D11WLINT.csv,93,0.291536
d__d11wlint_d11wlint__lag080,d11wlint_d11wlint,d,80,FRED_D11WLINT_D11WLINT.csv,93,0.291536
d__d11wlint_d11wlint__lag081,d11wlint_d11wlint,d,81,FRED_D11WLINT_D11WLINT.csv,93,0.291536
d__d11wlint_d11wlint__lag082,d11wlint_d11wlint,d,82,FRED_D11WLINT_D11WLINT.csv,93,0.291536
d__d11wlint_d11wlint__lag083,d11wlint_d11wlint,d,83,FRED_D11WLINT_D11WLINT.csv,93,0.291536
d__d11wlint_d11wlint__lag084,d11wlint_d11wlint,d,84,FRED_D11WLINT_D11WLINT.csv,93,0.291536
d__d11wlint_d11wlint__lag085,d11wlint_d11wlint,d,85,FRED_D11WLINT_D11WLINT.csv,93,0.291536
d__d11wlint_d11wlint__lag086,d11wlint_d11wlint,d,86,FRED_D11WLINT_D11WLINT.csv,93,0.291536
d__d11wlint_d11wlint__lag087,d11wlint_d11wlint,d,87,FRED_D11WLINT_D11WLINT.csv,93,0.291536
d__d11wlint_d11wlint__lag088,d11wlint_d11wlint,d,88,FRED_D11WLINT_D11WLINT.csv,93,0.291536
d__d11wlint_d11wlint__lag089,d11wlint_d11wlint,d,89,FRED_D11WLINT_D11WLINT.csv,93,0.291536
d__d11wlint_d11wlint__lag090,d11wlint_d11wlint,d,90,FRED_D11WLINT_D11WLINT.csv,93,0.291536
d__d12wlint_d12wlint__lag001,d12wlint_d12wlint,d,1,FRED_D12WLINT_D12WLINT.csv,94,0.294671
d__d12wlint_d12wlint__lag002,d12wlint_d12wlint,d,2,FRED_D12WLINT_D12WLINT.csv,94,0.294671
d__d12wlint_d12wlint__lag003,d12wlint_d12wlint,d,3,FRED_D12WLINT_D12WLINT.csv,94,0.294671
d__d12wlint_d12wlint__lag004,d12wlint_d12wlint,d,4,FRED_D12WLINT_D12WLINT.csv,94,0.294671
d__d12wlint_d12wlint__lag005,d12wlint_d12wlint,d,5,FRED_D12WLINT_D12WLINT.csv,94,0.294671
d__d12wlint_d12wlint__lag006,d12wlint_d12wlint,d,6,FRED_D12WLINT_D12WLINT.csv,94,0.294671
d__d12wlint_d12wlint__lag007,d12wlint_d12wlint,d,7,FRED_D12WLINT_D12WLINT.csv,94,0.294671
d__d12wlint_d12wlint__lag008,d12wlint_d12wlint,d,8,FRED_D12WLINT_D12WLINT.csv,94,0.294671
d__d12wlint_d12wlint__lag009,d12wlint_d12wlint,d,9,FRED_D12WLINT_D12WLINT.csv,94,0.294671
d__d12wlint_d12wlint__lag010,d12wlint_d12wlint,d,10,FRED_D12WLINT_D12WLINT.csv,94,0.294671
d__d12wlint_d12wlint__lag011,d12wlint_d12wlint,d,11,FRED_D12WLINT_D12WLINT.csv,94,0.294671
d__d12wlint_d12wlint__lag012,d12wlint_d12wlint,d,12,FRED_D12WLINT_D12WLINT.csv,94,0.294671
d__d12wlint_d12wlint__lag013,d12wlint_d12wlint,d,13,FRED_D12WLINT_D12WLINT.csv,94,0.294671
d__d12wlint_d12wlint__lag014,d12wlint_d12wlint,d,14,FRED_D12WLINT_D12WLINT.csv,94,0.294671
d__d12wlint_d12wlint__lag015,d12wlint_d12wlint,d,15,FRED_D12WLINT_D12WLINT.csv,93,0.291536
d__d12wlint_d12wlint__lag016,d12wlint_d12wlint,d,16,FRED_D12WLINT_D12WLINT.csv,93,0.291536
d__d12wlint_d12wlint__lag017,d12wlint_d12wlint,d,17,FRED_D12WLINT_D12WLINT.csv,93,0.291536
d__d12wlint_d12wlint__lag018,d12wlint_d12wlint,d,18,FRED_D12WLINT_D12WLINT.csv,93,0.291536
d__d12wlint_d12wlint__lag019,d12wlint_d12wlint,d,19,FRED_D12WLINT_D12WLINT.csv,93,0.291536
d__d12wlint_d12wlint__lag020,d12wlint_d12wlint,d,20,FRED_D12WLINT_D12WLINT.csv,93,0.291536
d__d12wlint_d12wlint__lag021,d12wlint_d12wlint,d,21,FRED_D12WLINT_D12WLINT.csv,93,0.291536
d__d12wlint_d12wlint__lag022,d12wlint_d12wlint,d,22,FRED_D12WLINT_D12WLINT.csv,93,0.291536
d__d12wlint_d12wlint__lag023,d12wlint_d12wlint,d,23,FRED_D12WLINT_D12WLINT.csv,93,0.291536
d__d12wlint_d12wlint__lag024,d12wlint_d12wlint,d,24,FRED_D12WLINT_D12WLINT.csv,93,0.291536
d__d12wlint_d12wlint__lag025,d12wlint_d12wlint,d,25,FRED_D12WLINT_D12WLINT.csv,93,0.291536
d__d12wlint_d12wlint__lag026,d12wlint_d12wlint,d,26,FRED_D12WLINT_D12WLINT.csv,93,0.291536
d__d12wlint_d12wlint__lag027,d12wlint_d12wlint,d,27,FRED_D12WLINT_D12WLINT.csv,93,0.291536
d__d12wlint_d12wlint__lag028,d12wlint_d12wlint,d,28,FRED_D12WLINT_D12WLINT.csv,93,0.291536
d__d12wlint_d12wlint__lag029,d12wlint_d12wlint,d,29,FRED_D12WLINT_D12WLINT.csv,93,0.291536
d__d12wlint_d12wlint__lag030,d12wlint_d12wlint,d,30,FRED_D12WLINT_D12WLINT.csv,93,0.291536
d__d12wlint_d12wlint__lag031,d12wlint_d12wlint,d,31,FRED_D12WLINT_D12WLINT.csv,93,0.291536
d__d12wlint_d12wlint__lag032,d12wlint_d12wlint,d,32,FRED_D12WLINT_D12WLINT.csv,93,0.291536
d__d12wlint_d12wlint__lag033,d12wlint_d12wlint,d,33,FRED_D12WLINT_D12WLINT.csv,93,0.291536
d__d12wlint_d12wlint__lag034,d12wlint_d12wlint,d,34,FRED_D12WLINT_D12WLINT.csv,93,0.291536
d__d12wlint_d12wlint__lag035,d12wlint_d12wlint,d,35,FRED_D12WLINT_D12WLINT.csv,93,0.291536
d__d12wlint_d12wlint__lag036,d12wlint_d12wlint,d,36,FRED_D12WLINT_D12WLINT.csv,93,0.291536
d__d12wlint_d12wlint__lag037,d12wlint_d12wlint,d,37,FRED_D12WLINT_D12WLINT.csv,93,0.291536
d__d12wlint_d12wlint__lag038,d12wlint_d12wlint,d,38,FRED_D12WLINT_D12WLINT.csv,93,0.291536
d__d12wlint_d12wlint__lag039,d12wlint_d12wlint,d,39,FRED_D12WLINT_D12WLINT.csv,93,0.291536
d__d12wlint_d12wlint__lag040,d12wlint_d12wlint,d,40,FRED_D12WLINT_D12WLINT.csv,93,0.291536
d__d12wlint_d12wlint__lag041,d12wlint_d12wlint,d,41,FRED_D12WLINT_D12WLINT.csv,93,0.291536
d__d12wlint_d12wlint__lag042,d12wlint_d12wlint,d,42,FRED_D12WLINT_D12WLINT.csv,93,0.291536
d__d12wlint_d12wlint__lag043,d12wlint_d12wlint,d,43,FRED_D12WLINT_D12WLINT.csv,93,0.291536
d__d12wlint_d12wlint__lag044,d12wlint_d12wlint,d,44,FRED_D12WLINT_D12WLINT.csv,93,0.291536
d__d12wlint_d12wlint__lag045,d12wlint_d12wlint,d,45,FRED_D12WLINT_D12WLINT.csv,93,0.291536
d__d12wlint_d12wlint__lag046,d12wlint_d12wlint,d,46,FRED_D12WLINT_D12WLINT.csv,93,0.291536
d__d12wlint_d12wlint__lag047,d12wlint_d12wlint,d,47,FRED_D12WLINT_D12WLINT.csv,93,0.291536
d__d12wlint_d12wlint__lag048,d12wlint_d12wlint,d,48,FRED_D12WLINT_D12WLINT.csv,93,0.291536
d__d12wlint_d12wlint__lag049,d12wlint_d12wlint,d,49,FRED_D12WLINT_D12WLINT.csv,93,0.291536
d__d12wlint_d12wlint__lag050,d12wlint_d12wlint,d,50,FRED_D12WLINT_D12WLINT.csv,93,0.291536
d__d12wlint_d12wlint__lag051,d12wlint_d12wlint,d,51,FRED_D12WLINT_D12WLINT.csv,93,0.291536
d__d12wlint_d12wlint__lag052,d12wlint_d12wlint,d,52,FRED_D12WLINT_D12WLINT.csv,93,0.291536
d__d12wlint_d12wlint__lag053,d12wlint_d12wlint,d,53,FRED_D12WLINT_D12WLINT.csv,93,0.291536
d__d12wlint_d12wlint__lag054,d12wlint_d12wlint,d,54,FRED_D12WLINT_D12WLINT.csv,93,0.291536
d__d12wlint_d12wlint__lag055,d12wlint_d12wlint,d,55,FRED_D12WLINT_D12WLINT.csv,93,0.291536
d__d12wlint_d12wlint__lag056,d12wlint_d12wlint,d,56,FRED_D12WLINT_D12WLINT.csv,93,0.291536
d__d12wlint_d12wlint__lag057,d12wlint_d12wlint,d,57,FRED_D12WLINT_D12WLINT.csv,93,0.291536
d__d12wlint_d12wlint__lag058,d12wlint_d12wlint,d,58,FRED_D12WLINT_D12WLINT.csv,93,0.291536
d__d12wlint_d12wlint__lag059,d12wlint_d12wlint,d,59,FRED_D12WLINT_D12WLINT.csv,93,0.291536
d__d12wlint_d12wlint__lag060,d12wlint_d12wlint,d,60,FRED_D12WLINT_D12WLINT.csv,93,0.291536
d__d12wlint_d12wlint__lag061,d12wlint_d12wlint,d,61,FRED_D12WLINT_D12WLINT.csv,93,0.291536
d__d12wlint_d12wlint__lag062,d12wlint_d12wlint,d,62,FRED_D12WLINT_D12WLINT.csv,93,0.291536
d__d12wlint_d12wlint__lag063,d12wlint_d12wlint,d,63,FRED_D12WLINT_D12WLINT.csv,93,0.291536
d__d12wlint_d12wlint__lag064,d12wlint_d12wlint,d,64,FRED_D12WLINT_D12WLINT.csv,93,0.291536
d__d12wlint_d12wlint__lag065,d12wlint_d12wlint,d,65,FRED_D12WLINT_D12WLINT.csv,93,0.291536
d__d12wlint_d12wlint__lag066,d12wlint_d12wlint,d,66,FRED_D12WLINT_D12WLINT.csv,93,0.291536
d__d12wlint_d12wlint__lag067,d12wlint_d12wlint,d,67,FRED_D12WLINT_D12WLINT.csv,93,0.291536
d__d12wlint_d12wlint__lag068,d12wlint_d12wlint,d,68,FRED_D12WLINT_D12WLINT.csv,93,0.291536
d__d12wlint_d12wlint__lag069,d12wlint_d12wlint,d,69,FRED_D12WLINT_D12WLINT.csv,93,0.291536
d__d12wlint_d12wlint__lag070,d12wlint_d12wlint,d,70,FRED_D12WLINT_D12WLINT.csv,93,0.291536
d__d12wlint_d12wlint__lag071,d12wlint_d12wlint,d,71,FRED_D12WLINT_D12WLINT.csv,93,0.291536
d__d12wlint_d12wlint__lag072,d12wlint_d12wlint,d,72,FRED_D12WLINT_D12WLINT.csv,93,0.291536
d__d12wlint_d12wlint__lag073,d12wlint_d12wlint,d,73,FRED_D12WLINT_D12WLINT.csv,93,0.291536
d__d12wlint_d12wlint__lag074,d12wlint_d12wlint,d,74,FRED_D12WLINT_D12WLINT.csv,93,0.291536
d__d12wlint_d12wlint__lag075,d12wlint_d12wlint,d,75,FRED_D12WLINT_D12WLINT.csv,93,0.291536
d__d12wlint_d12wlint__lag076,d12wlint_d12wlint,d,76,FRED_D12WLINT_D12WLINT.csv,93,0.291536
d__d12wlint_d12wlint__lag077,d12wlint_d12wlint,d,77,FRED_D12WLINT_D12WLINT.csv,93,0.291536
d__d12wlint_d12wlint__lag078,d12wlint_d12wlint,d,78,FRED_D12WLINT_D12WLINT.csv,93,0.291536
d__d12wlint_d12wlint__lag079,d12wlint_d12wlint,d,79,FRED_D12WLINT_D12WLINT.csv,93,0.291536
d__d12wlint_d12wlint__lag080,d12wlint_d12wlint,d,80,FRED_D12WLINT_D12WLINT.csv,93,0.291536
d__d12wlint_d12wlint__lag081,d12wlint_d12wlint,d,81,FRED_D12WLINT_D12WLINT.csv,93,0.291536
d__d12wlint_d12wlint__lag082,d12wlint_d12wlint,d,82,FRED_D12WLINT_D12WLINT.csv,93,0.291536
d__d12wlint_d12wlint__lag083,d12wlint_d12wlint,d,83,FRED_D12WLINT_D12WLINT.csv,93,0.291536
d__d12wlint_d12wlint__lag084,d12wlint_d12wlint,d,84,FRED_D12WLINT_D12WLINT.csv,93,0.291536
d__d12wlint_d12wlint__lag085,d12wlint_d12wlint,d,85,FRED_D12WLINT_D12WLINT.csv,93,0.291536
d__d12wlint_d12wlint__lag086,d12wlint_d12wlint,d,86,FRED_D12WLINT_D12WLINT.csv,93,0.291536
d__d12wlint_d12wlint__lag087,d12wlint_d12wlint,d,87,FRED_D12WLINT_D12WLINT.csv,93,0.291536
d__d12wlint_d12wlint__lag088,d12wlint_d12wlint,d,88,FRED_D12WLINT_D12WLINT.csv,93,0.291536
d__d12wlint_d12wlint__lag089,d12wlint_d12wlint,d,89,FRED_D12WLINT_D12WLINT.csv,93,0.291536
d__d12wlint_d12wlint__lag090,d12wlint_d12wlint,d,90,FRED_D12WLINT_D12WLINT.csv,93,0.291536
d__d1wlint_d1wlint__lag001,d1wlint_d1wlint,d,1,FRED_D1WLINT_D1WLINT.csv,94,0.294671
d__d1wlint_d1wlint__lag002,d1wlint_d1wlint,d,2,FRED_D1WLINT_D1WLINT.csv,94,0.294671
d__d1wlint_d1wlint__lag003,d1wlint_d1wlint,d,3,FRED_D1WLINT_D1WLINT.csv,94,0.294671
d__d1wlint_d1wlint__lag004,d1wlint_d1wlint,d,4,FRED_D1WLINT_D1WLINT.csv,94,0.294671
d__d1wlint_d1wlint__lag005,d1wlint_d1wlint,d,5,FRED_D1WLINT_D1WLINT.csv,94,0.294671
d__d1wlint_d1wlint__lag006,d1wlint_d1wlint,d,6,FRED_D1WLINT_D1WLINT.csv,94,0.294671
d__d1wlint_d1wlint__lag007,d1wlint_d1wlint,d,7,FRED_D1WLINT_D1WLINT.csv,94,0.294671
d__d1wlint_d1wlint__lag008,d1wlint_d1wlint,d,8,FRED_D1WLINT_D1WLINT.csv,94,0.294671
d__d1wlint_d1wlint__lag009,d1wlint_d1wlint,d,9,FRED_D1WLINT_D1WLINT.csv,94,0.294671
d__d1wlint_d1wlint__lag010,d1wlint_d1wlint,d,10,FRED_D1WLINT_D1WLINT.csv,94,0.294671
d__d1wlint_d1wlint__lag011,d1wlint_d1wlint,d,11,FRED_D1WLINT_D1WLINT.csv,94,0.294671
d__d1wlint_d1wlint__lag012,d1wlint_d1wlint,d,12,FRED_D1WLINT_D1WLINT.csv,94,0.294671
d__d1wlint_d1wlint__lag013,d1wlint_d1wlint,d,13,FRED_D1WLINT_D1WLINT.csv,94,0.294671
d__d1wlint_d1wlint__lag014,d1wlint_d1wlint,d,14,FRED_D1WLINT_D1WLINT.csv,94,0.294671
d__d1wlint_d1wlint__lag015,d1wlint_d1wlint,d,15,FRED_D1WLINT_D1WLINT.csv,93,0.291536
d__d1wlint_d1wlint__lag016,d1wlint_d1wlint,d,16,FRED_D1WLINT_D1WLINT.csv,93,0.291536
d__d1wlint_d1wlint__lag017,d1wlint_d1wlint,d,17,FRED_D1WLINT_D1WLINT.csv,93,0.291536
d__d1wlint_d1wlint__lag018,d1wlint_d1wlint,d,18,FRED_D1WLINT_D1WLINT.csv,93,0.291536
d__d1wlint_d1wlint__lag019,d1wlint_d1wlint,d,19,FRED_D1WLINT_D1WLINT.csv,93,0.291536
d__d1wlint_d1wlint__lag020,d1wlint_d1wlint,d,20,FRED_D1WLINT_D1WLINT.csv,93,0.291536
d__d1wlint_d1wlint__lag021,d1wlint_d1wlint,d,21,FRED_D1WLINT_D1WLINT.csv,93,0.291536
d__d1wlint_d1wlint__lag022,d1wlint_d1wlint,d,22,FRED_D1WLINT_D1WLINT.csv,93,0.291536
d__d1wlint_d1wlint__lag023,d1wlint_d1wlint,d,23,FRED_D1WLINT_D1WLINT.csv,93,0.291536
d__d1wlint_d1wlint__lag024,d1wlint_d1wlint,d,24,FRED_D1WLINT_D1WLINT.csv,93,0.291536
d__d1wlint_d1wlint__lag025,d1wlint_d1wlint,d,25,FRED_D1WLINT_D1WLINT.csv,93,0.291536
d__d1wlint_d1wlint__lag026,d1wlint_d1wlint,d,26,FRED_D1WLINT_D1WLINT.csv,93,0.291536
d__d1wlint_d1wlint__lag027,d1wlint_d1wlint,d,27,FRED_D1WLINT_D1WLINT.csv,93,0.291536
d__d1wlint_d1wlint__lag028,d1wlint_d1wlint,d,28,FRED_D1WLINT_D1WLINT.csv,93,0.291536
d__d1wlint_d1wlint__lag029,d1wlint_d1wlint,d,29,FRED_D1WLINT_D1WLINT.csv,93,0.291536
d__d1wlint_d1wlint__lag030,d1wlint_d1wlint,d,30,FRED_D1WLINT_D1WLINT.csv,93,0.291536
d__d1wlint_d1wlint__lag031,d1wlint_d1wlint,d,31,FRED_D1WLINT_D1WLINT.csv,93,0.291536
d__d1wlint_d1wlint__lag032,d1wlint_d1wlint,d,32,FRED_D1WLINT_D1WLINT.csv,93,0.291536
d__d1wlint_d1wlint__lag033,d1wlint_d1wlint,d,33,FRED_D1WLINT_D1WLINT.csv,93,0.291536
d__d1wlint_d1wlint__lag034,d1wlint_d1wlint,d,34,FRED_D1WLINT_D1WLINT.csv,93,0.291536
d__d1wlint_d1wlint__lag035,d1wlint_d1wlint,d,35,FRED_D1WLINT_D1WLINT.csv,93,0.291536
d__d1wlint_d1wlint__lag036,d1wlint_d1wlint,d,36,FRED_D1WLINT_D1WLINT.csv,93,0.291536
d__d1wlint_d1wlint__lag037,d1wlint_d1wlint,d,37,FRED_D1WLINT_D1WLINT.csv,93,0.291536
d__d1wlint_d1wlint__lag038,d1wlint_d1wlint,d,38,FRED_D1WLINT_D1WLINT.csv,93,0.291536
d__d1wlint_d1wlint__lag039,d1wlint_d1wlint,d,39,FRED_D1WLINT_D1WLINT.csv,93,0.291536
d__d1wlint_d1wlint__lag040,d1wlint_d1wlint,d,40,FRED_D1WLINT_D1WLINT.csv,93,0.291536
d__d1wlint_d1wlint__lag041,d1wlint_d1wlint,d,41,FRED_D1WLINT_D1WLINT.csv,93,0.291536
d__d1wlint_d1wlint__lag042,d1wlint_d1wlint,d,42,FRED_D1WLINT_D1WLINT.csv,93,0.291536
d__d1wlint_d1wlint__lag043,d1wlint_d1wlint,d,43,FRED_D1WLINT_D1WLINT.csv,93,0.291536
d__d1wlint_d1wlint__lag044,d1wlint_d1wlint,d,44,FRED_D1WLINT_D1WLINT.csv,93,0.291536
d__d1wlint_d1wlint__lag045,d1wlint_d1wlint,d,45,FRED_D1WLINT_D1WLINT.csv,93,0.291536
d__d1wlint_d1wlint__lag046,d1wlint_d1wlint,d,46,FRED_D1WLINT_D1WLINT.csv,93,0.291536
d__d1wlint_d1wlint__lag047,d1wlint_d1wlint,d,47,FRED_D1WLINT_D1WLINT.csv,93,0.291536
d__d1wlint_d1wlint__lag048,d1wlint_d1wlint,d,48,FRED_D1WLINT_D1WLINT.csv,93,0.291536
d__d1wlint_d1wlint__lag049,d1wlint_d1wlint,d,49,FRED_D1WLINT_D1WLINT.csv,93,0.291536
d__d1wlint_d1wlint__lag050,d1wlint_d1wlint,d,50,FRED_D1WLINT_D1WLINT.csv,93,0.291536
d__d1wlint_d1wlint__lag051,d1wlint_d1wlint,d,51,FRED_D1WLINT_D1WLINT.csv,93,0.291536
d__d1wlint_d1wlint__lag052,d1wlint_d1wlint,d,52,FRED_D1WLINT_D1WLINT.csv,93,0.291536
d__d1wlint_d1wlint__lag053,d1wlint_d1wlint,d,53,FRED_D1WLINT_D1WLINT.csv,93,0.291536
d__d1wlint_d1wlint__lag054,d1wlint_d1wlint,d,54,FRED_D1WLINT_D1WLINT.csv,93,0.291536
d__d1wlint_d1wlint__lag055,d1wlint_d1wlint,d,55,FRED_D1WLINT_D1WLINT.csv,93,0.291536
d__d1wlint_d1wlint__lag056,d1wlint_d1wlint,d,56,FRED_D1WLINT_D1WLINT.csv,93,0.291536
d__d1wlint_d1wlint__lag057,d1wlint_d1wlint,d,57,FRED_D1WLINT_D1WLINT.csv,93,0.291536
d__d1wlint_d1wlint__lag058,d1wlint_d1wlint,d,58,FRED_D1WLINT_D1WLINT.csv,93,0.291536
d__d1wlint_d1wlint__lag059,d1wlint_d1wlint,d,59,FRED_D1WLINT_D1WLINT.csv,93,0.291536
d__d1wlint_d1wlint__lag060,d1wlint_d1wlint,d,60,FRED_D1WLINT_D1WLINT.csv,93,0.291536
d__d1wlint_d1wlint__lag061,d1wlint_d1wlint,d,61,FRED_D1WLINT_D1WLINT.csv,93,0.291536
d__d1wlint_d1wlint__lag062,d1wlint_d1wlint,d,62,FRED_D1WLINT_D1WLINT.csv,93,0.291536
d__d1wlint_d1wlint__lag063,d1wlint_d1wlint,d,63,FRED_D1WLINT_D1WLINT.csv,93,0.291536
d__d1wlint_d1wlint__lag064,d1wlint_d1wlint,d,64,FRED_D1WLINT_D1WLINT.csv,93,0.291536
d__d1wlint_d1wlint__lag065,d1wlint_d1wlint,d,65,FRED_D1WLINT_D1WLINT.csv,93,0.291536
d__d1wlint_d1wlint__lag066,d1wlint_d1wlint,d,66,FRED_D1WLINT_D1WLINT.csv,93,0.291536
d__d1wlint_d1wlint__lag067,d1wlint_d1wlint,d,67,FRED_D1WLINT_D1WLINT.csv,93,0.291536
d__d1wlint_d1wlint__lag068,d1wlint_d1wlint,d,68,FRED_D1WLINT_D1WLINT.csv,93,0.291536
d__d1wlint_d1wlint__lag069,d1wlint_d1wlint,d,69,FRED_D1WLINT_D1WLINT.csv,93,0.291536
d__d1wlint_d1wlint__lag070,d1wlint_d1wlint,d,70,FRED_D1WLINT_D1WLINT.csv,93,0.291536
d__d1wlint_d1wlint__lag071,d1wlint_d1wlint,d,71,FRED_D1WLINT_D1WLINT.csv,93,0.291536
d__d1wlint_d1wlint__lag072,d1wlint_d1wlint,d,72,FRED_D1WLINT_D1WLINT.csv,93,0.291536
d__d1wlint_d1wlint__lag073,d1wlint_d1wlint,d,73,FRED_D1WLINT_D1WLINT.csv,93,0.291536
d__d1wlint_d1wlint__lag074,d1wlint_d1wlint,d,74,FRED_D1WLINT_D1WLINT.csv,93,0.291536
d__d1wlint_d1wlint__lag075,d1wlint_d1wlint,d,75,FRED_D1WLINT_D1WLINT.csv,93,0.291536
d__d1wlint_d1wlint__lag076,d1wlint_d1wlint,d,76,FRED_D1WLINT_D1WLINT.csv,93,0.291536
d__d1wlint_d1wlint__lag077,d1wlint_d1wlint,d,77,FRED_D1WLINT_D1WLINT.csv,93,0.291536
d__d1wlint_d1wlint__lag078,d1wlint_d1wlint,d,78,FRED_D1WLINT_D1WLINT.csv,93,0.291536
d__d1wlint_d1wlint__lag079,d1wlint_d1wlint,d,79,FRED_D1WLINT_D1WLINT.csv,93,0.291536
d__d1wlint_d1wlint__lag080,d1wlint_d1wlint,d,80,FRED_D1WLINT_D1WLINT.csv,93,0.291536
d__d1wlint_d1wlint__lag081,d1wlint_d1wlint,d,81,FRED_D1WLINT_D1WLINT.csv,93,0.291536
d__d1wlint_d1wlint__lag082,d1wlint_d1wlint,d,82,FRED_D1WLINT_D1WLINT.csv,93,0.291536
d__d1wlint_d1wlint__lag083,d1wlint_d1wlint,d,83,FRED_D1WLINT_D1WLINT.csv,93,0.291536
d__d1wlint_d1wlint__lag084,d1wlint_d1wlint,d,84,FRED_D1WLINT_D1WLINT.csv,93,0.291536
d__d1wlint_d1wlint__lag085,d1wlint_d1wlint,d,85,FRED_D1WLINT_D1WLINT.csv,93,0.291536
d__d1wlint_d1wlint__lag086,d1wlint_d1wlint,d,86,FRED_D1WLINT_D1WLINT.csv,93,0.291536
d__d1wlint_d1wlint__lag087,d1wlint_d1wlint,d,87,FRED_D1WLINT_D1WLINT.csv,93,0.291536
d__d1wlint_d1wlint__lag088,d1wlint_d1wlint,d,88,FRED_D1WLINT_D1WLINT.csv,93,0.291536
d__d1wlint_d1wlint__lag089,d1wlint_d1wlint,d,89,FRED_D1WLINT_D1WLINT.csv,93,0.291536
d__d1wlint_d1wlint__lag090,d1wlint_d1wlint,d,90,FRED_D1WLINT_D1WLINT.csv,93,0.291536
d__d2wlint_d2wlint__lag001,d2wlint_d2wlint,d,1,FRED_D2WLINT_D2WLINT.csv,94,0.294671
d__d2wlint_d2wlint__lag002,d2wlint_d2wlint,d,2,FRED_D2WLINT_D2WLINT.csv,94,0.294671
d__d2wlint_d2wlint__lag003,d2wlint_d2wlint,d,3,FRED_D2WLINT_D2WLINT.csv,94,0.294671
d__d2wlint_d2wlint__lag004,d2wlint_d2wlint,d,4,FRED_D2WLINT_D2WLINT.csv,94,0.294671
d__d2wlint_d2wlint__lag005,d2wlint_d2wlint,d,5,FRED_D2WLINT_D2WLINT.csv,94,0.294671
d__d2wlint_d2wlint__lag006,d2wlint_d2wlint,d,6,FRED_D2WLINT_D2WLINT.csv,94,0.294671
d__d2wlint_d2wlint__lag007,d2wlint_d2wlint,d,7,FRED_D2WLINT_D2WLINT.csv,94,0.294671
d__d2wlint_d2wlint__lag008,d2wlint_d2wlint,d,8,FRED_D2WLINT_D2WLINT.csv,94,0.294671
d__d2wlint_d2wlint__lag009,d2wlint_d2wlint,d,9,FRED_D2WLINT_D2WLINT.csv,94,0.294671
d__d2wlint_d2wlint__lag010,d2wlint_d2wlint,d,10,FRED_D2WLINT_D2WLINT.csv,94,0.294671
d__d2wlint_d2wlint__lag011,d2wlint_d2wlint,d,11,FRED_D2WLINT_D2WLINT.csv,94,0.294671
d__d2wlint_d2wlint__lag012,d2wlint_d2wlint,d,12,FRED_D2WLINT_D2WLINT.csv,94,0.294671
d__d2wlint_d2wlint__lag013,d2wlint_d2wlint,d,13,FRED_D2WLINT_D2WLINT.csv,94,0.294671
d__d2wlint_d2wlint__lag014,d2wlint_d2wlint,d,14,FRED_D2WLINT_D2WLINT.csv,94,0.294671
d__d2wlint_d2wlint__lag015,d2wlint_d2wlint,d,15,FRED_D2WLINT_D2WLINT.csv,93,0.291536
d__d2wlint_d2wlint__lag016,d2wlint_d2wlint,d,16,FRED_D2WLINT_D2WLINT.csv,93,0.291536
d__d2wlint_d2wlint__lag017,d2wlint_d2wlint,d,17,FRED_D2WLINT_D2WLINT.csv,93,0.291536
d__d2wlint_d2wlint__lag018,d2wlint_d2wlint,d,18,FRED_D2WLINT_D2WLINT.csv,93,0.291536
d__d2wlint_d2wlint__lag019,d2wlint_d2wlint,d,19,FRED_D2WLINT_D2WLINT.csv,93,0.291536
d__d2wlint_d2wlint__lag020,d2wlint_d2wlint,d,20,FRED_D2WLINT_D2WLINT.csv,93,0.291536
d__d2wlint_d2wlint__lag021,d2wlint_d2wlint,d,21,FRED_D2WLINT_D2WLINT.csv,93,0.291536
d__d2wlint_d2wlint__lag022,d2wlint_d2wlint,d,22,FRED_D2WLINT_D2WLINT.csv,93,0.291536
d__d2wlint_d2wlint__lag023,d2wlint_d2wlint,d,23,FRED_D2WLINT_D2WLINT.csv,93,0.291536
d__d2wlint_d2wlint__lag024,d2wlint_d2wlint,d,24,FRED_D2WLINT_D2WLINT.csv,93,0.291536
d__d2wlint_d2wlint__lag025,d2wlint_d2wlint,d,25,FRED_D2WLINT_D2WLINT.csv,93,0.291536
d__d2wlint_d2wlint__lag026,d2wlint_d2wlint,d,26,FRED_D2WLINT_D2WLINT.csv,93,0.291536
d__d2wlint_d2wlint__lag027,d2wlint_d2wlint,d,27,FRED_D2WLINT_D2WLINT.csv,93,0.291536
d__d2wlint_d2wlint__lag028,d2wlint_d2wlint,d,28,FRED_D2WLINT_D2WLINT.csv,93,0.291536
d__d2wlint_d2wlint__lag029,d2wlint_d2wlint,d,29,FRED_D2WLINT_D2WLINT.csv,93,0.291536
d__d2wlint_d2wlint__lag030,d2wlint_d2wlint,d,30,FRED_D2WLINT_D2WLINT.csv,93,0.291536
d__d2wlint_d2wlint__lag031,d2wlint_d2wlint,d,31,FRED_D2WLINT_D2WLINT.csv,93,0.291536
d__d2wlint_d2wlint__lag032,d2wlint_d2wlint,d,32,FRED_D2WLINT_D2WLINT.csv,93,0.291536
d__d2wlint_d2wlint__lag033,d2wlint_d2wlint,d,33,FRED_D2WLINT_D2WLINT.csv,93,0.291536
d__d2wlint_d2wlint__lag034,d2wlint_d2wlint,d,34,FRED_D2WLINT_D2WLINT.csv,93,0.291536
d__d2wlint_d2wlint__lag035,d2wlint_d2wlint,d,35,FRED_D2WLINT_D2WLINT.csv,93,0.291536
d__d2wlint_d2wlint__lag036,d2wlint_d2wlint,d,36,FRED_D2WLINT_D2WLINT.csv,93,0.291536
d__d2wlint_d2wlint__lag037,d2wlint_d2wlint,d,37,FRED_D2WLINT_D2WLINT.csv,93,0.291536
d__d2wlint_d2wlint__lag038,d2wlint_d2wlint,d,38,FRED_D2WLINT_D2WLINT.csv,93,0.291536
d__d2wlint_d2wlint__lag039,d2wlint_d2wlint,d,39,FRED_D2WLINT_D2WLINT.csv,93,0.291536
d__d2wlint_d2wlint__lag040,d2wlint_d2wlint,d,40,FRED_D2WLINT_D2WLINT.csv,93,0.291536
d__d2wlint_d2wlint__lag041,d2wlint_d2wlint,d,41,FRED_D2WLINT_D2WLINT.csv,93,0.291536
d__d2wlint_d2wlint__lag042,d2wlint_d2wlint,d,42,FRED_D2WLINT_D2WLINT.csv,93,0.291536
d__d2wlint_d2wlint__lag043,d2wlint_d2wlint,d,43,FRED_D2WLINT_D2WLINT.csv,93,0.291536
d__d2wlint_d2wlint__lag044,d2wlint_d2wlint,d,44,FRED_D2WLINT_D2WLINT.csv,93,0.291536
d__d2wlint_d2wlint__lag045,d2wlint_d2wlint,d,45,FRED_D2WLINT_D2WLINT.csv,93,0.291536
d__d2wlint_d2wlint__lag046,d2wlint_d2wlint,d,46,FRED_D2WLINT_D2WLINT.csv,93,0.291536
d__d2wlint_d2wlint__lag047,d2wlint_d2wlint,d,47,FRED_D2WLINT_D2WLINT.csv,93,0.291536
d__d2wlint_d2wlint__lag048,d2wlint_d2wlint,d,48,FRED_D2WLINT_D2WLINT.csv,93,0.291536
d__d2wlint_d2wlint__lag049,d2wlint_d2wlint,d,49,FRED_D2WLINT_D2WLINT.csv,93,0.291536
d__d2wlint_d2wlint__lag050,d2wlint_d2wlint,d,50,FRED_D2WLINT_D2WLINT.csv,93,0.291536
d__d2wlint_d2wlint__lag051,d2wlint_d2wlint,d,51,FRED_D2WLINT_D2WLINT.csv,93,0.291536
d__d2wlint_d2wlint__lag052,d2wlint_d2wlint,d,52,FRED_D2WLINT_D2WLINT.csv,93,0.291536
d__d2wlint_d2wlint__lag053,d2wlint_d2wlint,d,53,FRED_D2WLINT_D2WLINT.csv,93,0.291536
d__d2wlint_d2wlint__lag054,d2wlint_d2wlint,d,54,FRED_D2WLINT_D2WLINT.csv,93,0.291536
d__d2wlint_d2wlint__lag055,d2wlint_d2wlint,d,55,FRED_D2WLINT_D2WLINT.csv,93,0.291536
d__d2wlint_d2wlint__lag056,d2wlint_d2wlint,d,56,FRED_D2WLINT_D2WLINT.csv,93,0.291536
d__d2wlint_d2wlint__lag057,d2wlint_d2wlint,d,57,FRED_D2WLINT_D2WLINT.csv,93,0.291536
d__d2wlint_d2wlint__lag058,d2wlint_d2wlint,d,58,FRED_D2WLINT_D2WLINT.csv,93,0.291536
d__d2wlint_d2wlint__lag059,d2wlint_d2wlint,d,59,FRED_D2WLINT_D2WLINT.csv,93,0.291536
d__d2wlint_d2wlint__lag060,d2wlint_d2wlint,d,60,FRED_D2WLINT_D2WLINT.csv,93,0.291536
d__d2wlint_d2wlint__lag061,d2wlint_d2wlint,d,61,FRED_D2WLINT_D2WLINT.csv,93,0.291536
d__d2wlint_d2wlint__lag062,d2wlint_d2wlint,d,62,FRED_D2WLINT_D2WLINT.csv,93,0.291536
d__d2wlint_d2wlint__lag063,d2wlint_d2wlint,d,63,FRED_D2WLINT_D2WLINT.csv,93,0.291536
d__d2wlint_d2wlint__lag064,d2wlint_d2wlint,d,64,FRED_D2WLINT_D2WLINT.csv,93,0.291536
d__d2wlint_d2wlint__lag065,d2wlint_d2wlint,d,65,FRED_D2WLINT_D2WLINT.csv,93,0.291536
d__d2wlint_d2wlint__lag066,d2wlint_d2wlint,d,66,FRED_D2WLINT_D2WLINT.csv,93,0.291536
d__d2wlint_d2wlint__lag067,d2wlint_d2wlint,d,67,FRED_D2WLINT_D2WLINT.csv,93,0.291536
d__d2wlint_d2wlint__lag068,d2wlint_d2wlint,d,68,FRED_D2WLINT_D2WLINT.csv,93,0.291536
d__d2wlint_d2wlint__lag069,d2wlint_d2wlint,d,69,FRED_D2WLINT_D2WLINT.csv,93,0.291536
d__d2wlint_d2wlint__lag070,d2wlint_d2wlint,d,70,FRED_D2WLINT_D2WLINT.csv,93,0.291536
d__d2wlint_d2wlint__lag071,d2wlint_d2wlint,d,71,FRED_D2WLINT_D2WLINT.csv,93,0.291536
d__d2wlint_d2wlint__lag072,d2wlint_d2wlint,d,72,FRED_D2WLINT_D2WLINT.csv,93,0.291536
d__d2wlint_d2wlint__lag073,d2wlint_d2wlint,d,73,FRED_D2WLINT_D2WLINT.csv,93,0.291536
d__d2wlint_d2wlint__lag074,d2wlint_d2wlint,d,74,FRED_D2WLINT_D2WLINT.csv,93,0.291536
d__d2wlint_d2wlint__lag075,d2wlint_d2wlint,d,75,FRED_D2WLINT_D2WLINT.csv,93,0.291536
d__d2wlint_d2wlint__lag076,d2wlint_d2wlint,d,76,FRED_D2WLINT_D2WLINT.csv,93,0.291536
d__d2wlint_d2wlint__lag077,d2wlint_d2wlint,d,77,FRED_D2WLINT_D2WLINT.csv,93,0.291536
d__d2wlint_d2wlint__lag078,d2wlint_d2wlint,d,78,FRED_D2WLINT_D2WLINT.csv,93,0.291536
d__d2wlint_d2wlint__lag079,d2wlint_d2wlint,d,79,FRED_D2WLINT_D2WLINT.csv,93,0.291536
d__d2wlint_d2wlint__lag080,d2wlint_d2wlint,d,80,FRED_D2WLINT_D2WLINT.csv,93,0.291536
d__d2wlint_d2wlint__lag081,d2wlint_d2wlint,d,81,FRED_D2WLINT_D2WLINT.csv,93,0.291536
d__d2wlint_d2wlint__lag082,d2wlint_d2wlint,d,82,FRED_D2WLINT_D2WLINT.csv,93,0.291536
d__d2wlint_d2wlint__lag083,d2wlint_d2wlint,d,83,FRED_D2WLINT_D2WLINT.csv,93,0.291536
d__d2wlint_d2wlint__lag084,d2wlint_d2wlint,d,84,FRED_D2WLINT_D2WLINT.csv,93,0.291536
d__d2wlint_d2wlint__lag085,d2wlint_d2wlint,d,85,FRED_D2WLINT_D2WLINT.csv,93,0.291536
d__d2wlint_d2wlint__lag086,d2wlint_d2wlint,d,86,FRED_D2WLINT_D2WLINT.csv,93,0.291536
d__d2wlint_d2wlint__lag087,d2wlint_d2wlint,d,87,FRED_D2WLINT_D2WLINT.csv,93,0.291536
d__d2wlint_d2wlint__lag088,d2wlint_d2wlint,d,88,FRED_D2WLINT_D2WLINT.csv,93,0.291536
d__d2wlint_d2wlint__lag089,d2wlint_d2wlint,d,89,FRED_D2WLINT_D2WLINT.csv,93,0.291536
d__d2wlint_d2wlint__lag090,d2wlint_d2wlint,d,90,FRED_D2WLINT_D2WLINT.csv,93,0.291536
d__d3wlint_d3wlint__lag001,d3wlint_d3wlint,d,1,FRED_D3WLINT_D3WLINT.csv,94,0.294671
d__d3wlint_d3wlint__lag002,d3wlint_d3wlint,d,2,FRED_D3WLINT_D3WLINT.csv,94,0.294671
d__d3wlint_d3wlint__lag003,d3wlint_d3wlint,d,3,FRED_D3WLINT_D3WLINT.csv,94,0.294671
d__d3wlint_d3wlint__lag004,d3wlint_d3wlint,d,4,FRED_D3WLINT_D3WLINT.csv,94,0.294671
d__d3wlint_d3wlint__lag005,d3wlint_d3wlint,d,5,FRED_D3WLINT_D3WLINT.csv,94,0.294671
d__d3wlint_d3wlint__lag006,d3wlint_d3wlint,d,6,FRED_D3WLINT_D3WLINT.csv,94,0.294671
d__d3wlint_d3wlint__lag007,d3wlint_d3wlint,d,7,FRED_D3WLINT_D3WLINT.csv,94,0.294671
d__d3wlint_d3wlint__lag008,d3wlint_d3wlint,d,8,FRED_D3WLINT_D3WLINT.csv,94,0.294671
d__d3wlint_d3wlint__lag009,d3wlint_d3wlint,d,9,FRED_D3WLINT_D3WLINT.csv,94,0.294671
d__d3wlint_d3wlint__lag010,d3wlint_d3wlint,d,10,FRED_D3WLINT_D3WLINT.csv,94,0.294671
d__d3wlint_d3wlint__lag011,d3wlint_d3wlint,d,11,FRED_D3WLINT_D3WLINT.csv,94,0.294671
d__d3wlint_d3wlint__lag012,d3wlint_d3wlint,d,12,FRED_D3WLINT_D3WLINT.csv,94,0.294671
d__d3wlint_d3wlint__lag013,d3wlint_d3wlint,d,13,FRED_D3WLINT_D3WLINT.csv,94,0.294671
d__d3wlint_d3wlint__lag014,d3wlint_d3wlint,d,14,FRED_D3WLINT_D3WLINT.csv,94,0.294671
d__d3wlint_d3wlint__lag015,d3wlint_d3wlint,d,15,FRED_D3WLINT_D3WLINT.csv,93,0.291536
d__d3wlint_d3wlint__lag016,d3wlint_d3wlint,d,16,FRED_D3WLINT_D3WLINT.csv,93,0.291536
d__d3wlint_d3wlint__lag017,d3wlint_d3wlint,d,17,FRED_D3WLINT_D3WLINT.csv,93,0.291536
d__d3wlint_d3wlint__lag018,d3wlint_d3wlint,d,18,FRED_D3WLINT_D3WLINT.csv,93,0.291536
d__d3wlint_d3wlint__lag019,d3wlint_d3wlint,d,19,FRED_D3WLINT_D3WLINT.csv,93,0.291536
d__d3wlint_d3wlint__lag020,d3wlint_d3wlint,d,20,FRED_D3WLINT_D3WLINT.csv,93,0.291536
d__d3wlint_d3wlint__lag021,d3wlint_d3wlint,d,21,FRED_D3WLINT_D3WLINT.csv,93,0.291536
d__d3wlint_d3wlint__lag022,d3wlint_d3wlint,d,22,FRED_D3WLINT_D3WLINT.csv,93,0.291536
d__d3wlint_d3wlint__lag023,d3wlint_d3wlint,d,23,FRED_D3WLINT_D3WLINT.csv,93,0.291536
d__d3wlint_d3wlint__lag024,d3wlint_d3wlint,d,24,FRED_D3WLINT_D3WLINT.csv,93,0.291536
d__d3wlint_d3wlint__lag025,d3wlint_d3wlint,d,25,FRED_D3WLINT_D3WLINT.csv,93,0.291536
d__d3wlint_d3wlint__lag026,d3wlint_d3wlint,d,26,FRED_D3WLINT_D3WLINT.csv,93,0.291536
d__d3wlint_d3wlint__lag027,d3wlint_d3wlint,d,27,FRED_D3WLINT_D3WLINT.csv,93,0.291536
d__d3wlint_d3wlint__lag028,d3wlint_d3wlint,d,28,FRED_D3WLINT_D3WLINT.csv,93,0.291536
d__d3wlint_d3wlint__lag029,d3wlint_d3wlint,d,29,FRED_D3WLINT_D3WLINT.csv,93,0.291536
d__d3wlint_d3wlint__lag030,d3wlint_d3wlint,d,30,FRED_D3WLINT_D3WLINT.csv,93,0.291536
d__d3wlint_d3wlint__lag031,d3wlint_d3wlint,d,31,FRED_D3WLINT_D3WLINT.csv,93,0.291536
d__d3wlint_d3wlint__lag032,d3wlint_d3wlint,d,32,FRED_D3WLINT_D3WLINT.csv,93,0.291536
d__d3wlint_d3wlint__lag033,d3wlint_d3wlint,d,33,FRED_D3WLINT_D3WLINT.csv,93,0.291536
d__d3wlint_d3wlint__lag034,d3wlint_d3wlint,d,34,FRED_D3WLINT_D3WLINT.csv,93,0.291536
d__d3wlint_d3wlint__lag035,d3wlint_d3wlint,d,35,FRED_D3WLINT_D3WLINT.csv,93,0.291536
d__d3wlint_d3wlint__lag036,d3wlint_d3wlint,d,36,FRED_D3WLINT_D3WLINT.csv,93,0.291536
d__d3wlint_d3wlint__lag037,d3wlint_d3wlint,d,37,FRED_D3WLINT_D3WLINT.csv,93,0.291536
d__d3wlint_d3wlint__lag038,d3wlint_d3wlint,d,38,FRED_D3WLINT_D3WLINT.csv,93,0.291536
d__d3wlint_d3wlint__lag039,d3wlint_d3wlint,d,39,FRED_D3WLINT_D3WLINT.csv,93,0.291536
d__d3wlint_d3wlint__lag040,d3wlint_d3wlint,d,40,FRED_D3WLINT_D3WLINT.csv,93,0.291536
d__d3wlint_d3wlint__lag041,d3wlint_d3wlint,d,41,FRED_D3WLINT_D3WLINT.csv,93,0.291536
d__d3wlint_d3wlint__lag042,d3wlint_d3wlint,d,42,FRED_D3WLINT_D3WLINT.csv,93,0.291536
d__d3wlint_d3wlint__lag043,d3wlint_d3wlint,d,43,FRED_D3WLINT_D3WLINT.csv,93,0.291536
d__d3wlint_d3wlint__lag044,d3wlint_d3wlint,d,44,FRED_D3WLINT_D3WLINT.csv,93,0.291536
d__d3wlint_d3wlint__lag045,d3wlint_d3wlint,d,45,FRED_D3WLINT_D3WLINT.csv,93,0.291536
d__d3wlint_d3wlint__lag046,d3wlint_d3wlint,d,46,FRED_D3WLINT_D3WLINT.csv,93,0.291536
d__d3wlint_d3wlint__lag047,d3wlint_d3wlint,d,47,FRED_D3WLINT_D3WLINT.csv,93,0.291536
d__d3wlint_d3wlint__lag048,d3wlint_d3wlint,d,48,FRED_D3WLINT_D3WLINT.csv,93,0.291536
d__d3wlint_d3wlint__lag049,d3wlint_d3wlint,d,49,FRED_D3WLINT_D3WLINT.csv,93,0.291536
d__d3wlint_d3wlint__lag050,d3wlint_d3wlint,d,50,FRED_D3WLINT_D3WLINT.csv,93,0.291536
d__d3wlint_d3wlint__lag051,d3wlint_d3wlint,d,51,FRED_D3WLINT_D3WLINT.csv,93,0.291536
d__d3wlint_d3wlint__lag052,d3wlint_d3wlint,d,52,FRED_D3WLINT_D3WLINT.csv,93,0.291536
d__d3wlint_d3wlint__lag053,d3wlint_d3wlint,d,53,FRED_D3WLINT_D3WLINT.csv,93,0.291536
d__d3wlint_d3wlint__lag054,d3wlint_d3wlint,d,54,FRED_D3WLINT_D3WLINT.csv,93,0.291536
d__d3wlint_d3wlint__lag055,d3wlint_d3wlint,d,55,FRED_D3WLINT_D3WLINT.csv,93,0.291536
d__d3wlint_d3wlint__lag056,d3wlint_d3wlint,d,56,FRED_D3WLINT_D3WLINT.csv,93,0.291536
d__d3wlint_d3wlint__lag057,d3wlint_d3wlint,d,57,FRED_D3WLINT_D3WLINT.csv,93,0.291536
d__d3wlint_d3wlint__lag058,d3wlint_d3wlint,d,58,FRED_D3WLINT_D3WLINT.csv,93,0.291536
d__d3wlint_d3wlint__lag059,d3wlint_d3wlint,d,59,FRED_D3WLINT_D3WLINT.csv,93,0.291536
d__d3wlint_d3wlint__lag060,d3wlint_d3wlint,d,60,FRED_D3WLINT_D3WLINT.csv,93,0.291536
d__d3wlint_d3wlint__lag061,d3wlint_d3wlint,d,61,FRED_D3WLINT_D3WLINT.csv,93,0.291536
d__d3wlint_d3wlint__lag062,d3wlint_d3wlint,d,62,FRED_D3WLINT_D3WLINT.csv,93,0.291536
d__d3wlint_d3wlint__lag063,d3wlint_d3wlint,d,63,FRED_D3WLINT_D3WLINT.csv,93,0.291536
d__d3wlint_d3wlint__lag064,d3wlint_d3wlint,d,64,FRED_D3WLINT_D3WLINT.csv,93,0.291536
d__d3wlint_d3wlint__lag065,d3wlint_d3wlint,d,65,FRED_D3WLINT_D3WLINT.csv,93,0.291536
d__d3wlint_d3wlint__lag066,d3wlint_d3wlint,d,66,FRED_D3WLINT_D3WLINT.csv,93,0.291536
d__d3wlint_d3wlint__lag067,d3wlint_d3wlint,d,67,FRED_D3WLINT_D3WLINT.csv,93,0.291536
d__d3wlint_d3wlint__lag068,d3wlint_d3wlint,d,68,FRED_D3WLINT_D3WLINT.csv,93,0.291536
d__d3wlint_d3wlint__lag069,d3wlint_d3wlint,d,69,FRED_D3WLINT_D3WLINT.csv,93,0.291536
d__d3wlint_d3wlint__lag070,d3wlint_d3wlint,d,70,FRED_D3WLINT_D3WLINT.csv,93,0.291536
d__d3wlint_d3wlint__lag071,d3wlint_d3wlint,d,71,FRED_D3WLINT_D3WLINT.csv,93,0.291536
d__d3wlint_d3wlint__lag072,d3wlint_d3wlint,d,72,FRED_D3WLINT_D3WLINT.csv,93,0.291536
d__d3wlint_d3wlint__lag073,d3wlint_d3wlint,d,73,FRED_D3WLINT_D3WLINT.csv,93,0.291536
d__d3wlint_d3wlint__lag074,d3wlint_d3wlint,d,74,FRED_D3WLINT_D3WLINT.csv,93,0.291536
d__d3wlint_d3wlint__lag075,d3wlint_d3wlint,d,75,FRED_D3WLINT_D3WLINT.csv,93,0.291536
d__d3wlint_d3wlint__lag076,d3wlint_d3wlint,d,76,FRED_D3WLINT_D3WLINT.csv,93,0.291536
d__d3wlint_d3wlint__lag077,d3wlint_d3wlint,d,77,FRED_D3WLINT_D3WLINT.csv,93,0.291536
d__d3wlint_d3wlint__lag078,d3wlint_d3wlint,d,78,FRED_D3WLINT_D3WLINT.csv,93,0.291536
d__d3wlint_d3wlint__lag079,d3wlint_d3wlint,d,79,FRED_D3WLINT_D3WLINT.csv,93,0.291536
d__d3wlint_d3wlint__lag080,d3wlint_d3wlint,d,80,FRED_D3WLINT_D3WLINT.csv,93,0.291536
d__d3wlint_d3wlint__lag081,d3wlint_d3wlint,d,81,FRED_D3WLINT_D3WLINT.csv,93,0.291536
d__d3wlint_d3wlint__lag082,d3wlint_d3wlint,d,82,FRED_D3WLINT_D3WLINT.csv,93,0.291536
d__d3wlint_d3wlint__lag083,d3wlint_d3wlint,d,83,FRED_D3WLINT_D3WLINT.csv,93,0.291536
d__d3wlint_d3wlint__lag084,d3wlint_d3wlint,d,84,FRED_D3WLINT_D3WLINT.csv,93,0.291536
d__d3wlint_d3wlint__lag085,d3wlint_d3wlint,d,85,FRED_D3WLINT_D3WLINT.csv,93,0.291536
d__d3wlint_d3wlint__lag086,d3wlint_d3wlint,d,86,FRED_D3WLINT_D3WLINT.csv,93,0.291536
d__d3wlint_d3wlint__lag087,d3wlint_d3wlint,d,87,FRED_D3WLINT_D3WLINT.csv,93,0.291536
d__d3wlint_d3wlint__lag088,d3wlint_d3wlint,d,88,FRED_D3WLINT_D3WLINT.csv,93,0.291536
d__d3wlint_d3wlint__lag089,d3wlint_d3wlint,d,89,FRED_D3WLINT_D3WLINT.csv,93,0.291536
d__d3wlint_d3wlint__lag090,d3wlint_d3wlint,d,90,FRED_D3WLINT_D3WLINT.csv,93,0.291536
d__d4wlint_d4wlint__lag001,d4wlint_d4wlint,d,1,FRED_D4WLINT_D4WLINT.csv,94,0.294671
d__d4wlint_d4wlint__lag002,d4wlint_d4wlint,d,2,FRED_D4WLINT_D4WLINT.csv,94,0.294671
d__d4wlint_d4wlint__lag003,d4wlint_d4wlint,d,3,FRED_D4WLINT_D4WLINT.csv,94,0.294671
d__d4wlint_d4wlint__lag004,d4wlint_d4wlint,d,4,FRED_D4WLINT_D4WLINT.csv,94,0.294671
d__d4wlint_d4wlint__lag005,d4wlint_d4wlint,d,5,FRED_D4WLINT_D4WLINT.csv,94,0.294671
d__d4wlint_d4wlint__lag006,d4wlint_d4wlint,d,6,FRED_D4WLINT_D4WLINT.csv,94,0.294671
d__d4wlint_d4wlint__lag007,d4wlint_d4wlint,d,7,FRED_D4WLINT_D4WLINT.csv,94,0.294671
d__d4wlint_d4wlint__lag008,d4wlint_d4wlint,d,8,FRED_D4WLINT_D4WLINT.csv,94,0.294671
d__d4wlint_d4wlint__lag009,d4wlint_d4wlint,d,9,FRED_D4WLINT_D4WLINT.csv,94,0.294671
d__d4wlint_d4wlint__lag010,d4wlint_d4wlint,d,10,FRED_D4WLINT_D4WLINT.csv,94,0.294671
d__d4wlint_d4wlint__lag011,d4wlint_d4wlint,d,11,FRED_D4WLINT_D4WLINT.csv,94,0.294671
d__d4wlint_d4wlint__lag012,d4wlint_d4wlint,d,12,FRED_D4WLINT_D4WLINT.csv,94,0.294671
d__d4wlint_d4wlint__lag013,d4wlint_d4wlint,d,13,FRED_D4WLINT_D4WLINT.csv,94,0.294671
d__d4wlint_d4wlint__lag014,d4wlint_d4wlint,d,14,FRED_D4WLINT_D4WLINT.csv,94,0.294671
d__d4wlint_d4wlint__lag015,d4wlint_d4wlint,d,15,FRED_D4WLINT_D4WLINT.csv,93,0.291536
d__d4wlint_d4wlint__lag016,d4wlint_d4wlint,d,16,FRED_D4WLINT_D4WLINT.csv,93,0.291536
d__d4wlint_d4wlint__lag017,d4wlint_d4wlint,d,17,FRED_D4WLINT_D4WLINT.csv,93,0.291536
d__d4wlint_d4wlint__lag018,d4wlint_d4wlint,d,18,FRED_D4WLINT_D4WLINT.csv,93,0.291536
d__d4wlint_d4wlint__lag019,d4wlint_d4wlint,d,19,FRED_D4WLINT_D4WLINT.csv,93,0.291536
d__d4wlint_d4wlint__lag020,d4wlint_d4wlint,d,20,FRED_D4WLINT_D4WLINT.csv,93,0.291536
d__d4wlint_d4wlint__lag021,d4wlint_d4wlint,d,21,FRED_D4WLINT_D4WLINT.csv,93,0.291536
d__d4wlint_d4wlint__lag022,d4wlint_d4wlint,d,22,FRED_D4WLINT_D4WLINT.csv,93,0.291536
d__d4wlint_d4wlint__lag023,d4wlint_d4wlint,d,23,FRED_D4WLINT_D4WLINT.csv,93,0.291536
d__d4wlint_d4wlint__lag024,d4wlint_d4wlint,d,24,FRED_D4WLINT_D4WLINT.csv,93,0.291536
d__d4wlint_d4wlint__lag025,d4wlint_d4wlint,d,25,FRED_D4WLINT_D4WLINT.csv,93,0.291536
d__d4wlint_d4wlint__lag026,d4wlint_d4wlint,d,26,FRED_D4WLINT_D4WLINT.csv,93,0.291536
d__d4wlint_d4wlint__lag027,d4wlint_d4wlint,d,27,FRED_D4WLINT_D4WLINT.csv,93,0.291536
d__d4wlint_d4wlint__lag028,d4wlint_d4wlint,d,28,FRED_D4WLINT_D4WLINT.csv,93,0.291536
d__d4wlint_d4wlint__lag029,d4wlint_d4wlint,d,29,FRED_D4WLINT_D4WLINT.csv,93,0.291536
d__d4wlint_d4wlint__lag030,d4wlint_d4wlint,d,30,FRED_D4WLINT_D4WLINT.csv,93,0.291536
d__d4wlint_d4wlint__lag031,d4wlint_d4wlint,d,31,FRED_D4WLINT_D4WLINT.csv,93,0.291536
d__d4wlint_d4wlint__lag032,d4wlint_d4wlint,d,32,FRED_D4WLINT_D4WLINT.csv,93,0.291536
d__d4wlint_d4wlint__lag033,d4wlint_d4wlint,d,33,FRED_D4WLINT_D4WLINT.csv,93,0.291536
d__d4wlint_d4wlint__lag034,d4wlint_d4wlint,d,34,FRED_D4WLINT_D4WLINT.csv,93,0.291536
d__d4wlint_d4wlint__lag035,d4wlint_d4wlint,d,35,FRED_D4WLINT_D4WLINT.csv,93,0.291536
d__d4wlint_d4wlint__lag036,d4wlint_d4wlint,d,36,FRED_D4WLINT_D4WLINT.csv,93,0.291536
d__d4wlint_d4wlint__lag037,d4wlint_d4wlint,d,37,FRED_D4WLINT_D4WLINT.csv,93,0.291536
d__d4wlint_d4wlint__lag038,d4wlint_d4wlint,d,38,FRED_D4WLINT_D4WLINT.csv,93,0.291536
d__d4wlint_d4wlint__lag039,d4wlint_d4wlint,d,39,FRED_D4WLINT_D4WLINT.csv,93,0.291536
d__d4wlint_d4wlint__lag040,d4wlint_d4wlint,d,40,FRED_D4WLINT_D4WLINT.csv,93,0.291536
d__d4wlint_d4wlint__lag041,d4wlint_d4wlint,d,41,FRED_D4WLINT_D4WLINT.csv,93,0.291536
d__d4wlint_d4wlint__lag042,d4wlint_d4wlint,d,42,FRED_D4WLINT_D4WLINT.csv,93,0.291536
d__d4wlint_d4wlint__lag043,d4wlint_d4wlint,d,43,FRED_D4WLINT_D4WLINT.csv,93,0.291536
d__d4wlint_d4wlint__lag044,d4wlint_d4wlint,d,44,FRED_D4WLINT_D4WLINT.csv,93,0.291536
d__d4wlint_d4wlint__lag045,d4wlint_d4wlint,d,45,FRED_D4WLINT_D4WLINT.csv,93,0.291536
d__d4wlint_d4wlint__lag046,d4wlint_d4wlint,d,46,FRED_D4WLINT_D4WLINT.csv,93,0.291536
d__d4wlint_d4wlint__lag047,d4wlint_d4wlint,d,47,FRED_D4WLINT_D4WLINT.csv,93,0.291536
d__d4wlint_d4wlint__lag048,d4wlint_d4wlint,d,48,FRED_D4WLINT_D4WLINT.csv,93,0.291536
d__d4wlint_d4wlint__lag049,d4wlint_d4wlint,d,49,FRED_D4WLINT_D4WLINT.csv,93,0.291536
d__d4wlint_d4wlint__lag050,d4wlint_d4wlint,d,50,FRED_D4WLINT_D4WLINT.csv,93,0.291536
d__d4wlint_d4wlint__lag051,d4wlint_d4wlint,d,51,FRED_D4WLINT_D4WLINT.csv,93,0.291536
d__d4wlint_d4wlint__lag052,d4wlint_d4wlint,d,52,FRED_D4WLINT_D4WLINT.csv,93,0.291536
d__d4wlint_d4wlint__lag053,d4wlint_d4wlint,d,53,FRED_D4WLINT_D4WLINT.csv,93,0.291536
d__d4wlint_d4wlint__lag054,d4wlint_d4wlint,d,54,FRED_D4WLINT_D4WLINT.csv,93,0.291536
d__d4wlint_d4wlint__lag055,d4wlint_d4wlint,d,55,FRED_D4WLINT_D4WLINT.csv,93,0.291536
d__d4wlint_d4wlint__lag056,d4wlint_d4wlint,d,56,FRED_D4WLINT_D4WLINT.csv,93,0.291536
d__d4wlint_d4wlint__lag057,d4wlint_d4wlint,d,57,FRED_D4WLINT_D4WLINT.csv,93,0.291536
d__d4wlint_d4wlint__lag058,d4wlint_d4wlint,d,58,FRED_D4WLINT_D4WLINT.csv,93,0.291536
d__d4wlint_d4wlint__lag059,d4wlint_d4wlint,d,59,FRED_D4WLINT_D4WLINT.csv,93,0.291536
d__d4wlint_d4wlint__lag060,d4wlint_d4wlint,d,60,FRED_D4WLINT_D4WLINT.csv,93,0.291536
d__d4wlint_d4wlint__lag061,d4wlint_d4wlint,d,61,FRED_D4WLINT_D4WLINT.csv,93,0.291536
d__d4wlint_d4wlint__lag062,d4wlint_d4wlint,d,62,FRED_D4WLINT_D4WLINT.csv,93,0.291536
d__d4wlint_d4wlint__lag063,d4wlint_d4wlint,d,63,FRED_D4WLINT_D4WLINT.csv,93,0.291536
d__d4wlint_d4wlint__lag064,d4wlint_d4wlint,d,64,FRED_D4WLINT_D4WLINT.csv,93,0.291536
d__d4wlint_d4wlint__lag065,d4wlint_d4wlint,d,65,FRED_D4WLINT_D4WLINT.csv,93,0.291536
d__d4wlint_d4wlint__lag066,d4wlint_d4wlint,d,66,FRED_D4WLINT_D4WLINT.csv,93,0.291536
d__d4wlint_d4wlint__lag067,d4wlint_d4wlint,d,67,FRED_D4WLINT_D4WLINT.csv,93,0.291536
d__d4wlint_d4wlint__lag068,d4wlint_d4wlint,d,68,FRED_D4WLINT_D4WLINT.csv,93,0.291536
d__d4wlint_d4wlint__lag069,d4wlint_d4wlint,d,69,FRED_D4WLINT_D4WLINT.csv,93,0.291536
d__d4wlint_d4wlint__lag070,d4wlint_d4wlint,d,70,FRED_D4WLINT_D4WLINT.csv,93,0.291536
d__d4wlint_d4wlint__lag071,d4wlint_d4wlint,d,71,FRED_D4WLINT_D4WLINT.csv,93,0.291536
d__d4wlint_d4wlint__lag072,d4wlint_d4wlint,d,72,FRED_D4WLINT_D4WLINT.csv,93,0.291536
d__d4wlint_d4wlint__lag073,d4wlint_d4wlint,d,73,FRED_D4WLINT_D4WLINT.csv,93,0.291536
d__d4wlint_d4wlint__lag074,d4wlint_d4wlint,d,74,FRED_D4WLINT_D4WLINT.csv,93,0.291536
d__d4wlint_d4wlint__lag075,d4wlint_d4wlint,d,75,FRED_D4WLINT_D4WLINT.csv,93,0.291536
d__d4wlint_d4wlint__lag076,d4wlint_d4wlint,d,76,FRED_D4WLINT_D4WLINT.csv,93,0.291536
d__d4wlint_d4wlint__lag077,d4wlint_d4wlint,d,77,FRED_D4WLINT_D4WLINT.csv,93,0.291536
d__d4wlint_d4wlint__lag078,d4wlint_d4wlint,d,78,FRED_D4WLINT_D4WLINT.csv,93,0.291536
d__d4wlint_d4wlint__lag079,d4wlint_d4wlint,d,79,FRED_D4WLINT_D4WLINT.csv,93,0.291536
d__d4wlint_d4wlint__lag080,d4wlint_d4wlint,d,80,FRED_D4WLINT_D4WLINT.csv,93,0.291536
d__d4wlint_d4wlint__lag081,d4wlint_d4wlint,d,81,FRED_D4WLINT_D4WLINT.csv,93,0.291536
d__d4wlint_d4wlint__lag082,d4wlint_d4wlint,d,82,FRED_D4WLINT_D4WLINT.csv,93,0.291536
d__d4wlint_d4wlint__lag083,d4wlint_d4wlint,d,83,FRED_D4WLINT_D4WLINT.csv,93,0.291536
d__d4wlint_d4wlint__lag084,d4wlint_d4wlint,d,84,FRED_D4WLINT_D4WLINT.csv,93,0.291536
d__d4wlint_d4wlint__lag085,d4wlint_d4wlint,d,85,FRED_D4WLINT_D4WLINT.csv,93,0.291536
d__d4wlint_d4wlint__lag086,d4wlint_d4wlint,d,86,FRED_D4WLINT_D4WLINT.csv,93,0.291536
d__d4wlint_d4wlint__lag087,d4wlint_d4wlint,d,87,FRED_D4WLINT_D4WLINT.csv,93,0.291536
d__d4wlint_d4wlint__lag088,d4wlint_d4wlint,d,88,FRED_D4WLINT_D4WLINT.csv,93,0.291536
d__d4wlint_d4wlint__lag089,d4wlint_d4wlint,d,89,FRED_D4WLINT_D4WLINT.csv,93,0.291536
d__d4wlint_d4wlint__lag090,d4wlint_d4wlint,d,90,FRED_D4WLINT_D4WLINT.csv,93,0.291536
d__d5wlint_d5wlint__lag001,d5wlint_d5wlint,d,1,FRED_D5WLINT_D5WLINT.csv,94,0.294671
d__d5wlint_d5wlint__lag002,d5wlint_d5wlint,d,2,FRED_D5WLINT_D5WLINT.csv,94,0.294671
d__d5wlint_d5wlint__lag003,d5wlint_d5wlint,d,3,FRED_D5WLINT_D5WLINT.csv,94,0.294671
d__d5wlint_d5wlint__lag004,d5wlint_d5wlint,d,4,FRED_D5WLINT_D5WLINT.csv,94,0.294671
d__d5wlint_d5wlint__lag005,d5wlint_d5wlint,d,5,FRED_D5WLINT_D5WLINT.csv,94,0.294671
d__d5wlint_d5wlint__lag006,d5wlint_d5wlint,d,6,FRED_D5WLINT_D5WLINT.csv,94,0.294671
d__d5wlint_d5wlint__lag007,d5wlint_d5wlint,d,7,FRED_D5WLINT_D5WLINT.csv,94,0.294671
d__d5wlint_d5wlint__lag008,d5wlint_d5wlint,d,8,FRED_D5WLINT_D5WLINT.csv,94,0.294671
d__d5wlint_d5wlint__lag009,d5wlint_d5wlint,d,9,FRED_D5WLINT_D5WLINT.csv,94,0.294671
d__d5wlint_d5wlint__lag010,d5wlint_d5wlint,d,10,FRED_D5WLINT_D5WLINT.csv,94,0.294671
d__d5wlint_d5wlint__lag011,d5wlint_d5wlint,d,11,FRED_D5WLINT_D5WLINT.csv,94,0.294671
d__d5wlint_d5wlint__lag012,d5wlint_d5wlint,d,12,FRED_D5WLINT_D5WLINT.csv,94,0.294671
d__d5wlint_d5wlint__lag013,d5wlint_d5wlint,d,13,FRED_D5WLINT_D5WLINT.csv,94,0.294671
d__d5wlint_d5wlint__lag014,d5wlint_d5wlint,d,14,FRED_D5WLINT_D5WLINT.csv,94,0.294671
d__d5wlint_d5wlint__lag015,d5wlint_d5wlint,d,15,FRED_D5WLINT_D5WLINT.csv,93,0.291536
d__d5wlint_d5wlint__lag016,d5wlint_d5wlint,d,16,FRED_D5WLINT_D5WLINT.csv,93,0.291536
d__d5wlint_d5wlint__lag017,d5wlint_d5wlint,d,17,FRED_D5WLINT_D5WLINT.csv,93,0.291536
d__d5wlint_d5wlint__lag018,d5wlint_d5wlint,d,18,FRED_D5WLINT_D5WLINT.csv,93,0.291536
d__d5wlint_d5wlint__lag019,d5wlint_d5wlint,d,19,FRED_D5WLINT_D5WLINT.csv,93,0.291536
d__d5wlint_d5wlint__lag020,d5wlint_d5wlint,d,20,FRED_D5WLINT_D5WLINT.csv,93,0.291536
d__d5wlint_d5wlint__lag021,d5wlint_d5wlint,d,21,FRED_D5WLINT_D5WLINT.csv,93,0.291536
d__d5wlint_d5wlint__lag022,d5wlint_d5wlint,d,22,FRED_D5WLINT_D5WLINT.csv,93,0.291536
d__d5wlint_d5wlint__lag023,d5wlint_d5wlint,d,23,FRED_D5WLINT_D5WLINT.csv,93,0.291536
d__d5wlint_d5wlint__lag024,d5wlint_d5wlint,d,24,FRED_D5WLINT_D5WLINT.csv,93,0.291536
d__d5wlint_d5wlint__lag025,d5wlint_d5wlint,d,25,FRED_D5WLINT_D5WLINT.csv,93,0.291536
d__d5wlint_d5wlint__lag026,d5wlint_d5wlint,d,26,FRED_D5WLINT_D5WLINT.csv,93,0.291536
d__d5wlint_d5wlint__lag027,d5wlint_d5wlint,d,27,FRED_D5WLINT_D5WLINT.csv,93,0.291536
d__d5wlint_d5wlint__lag028,d5wlint_d5wlint,d,28,FRED_D5WLINT_D5WLINT.csv,93,0.291536
d__d5wlint_d5wlint__lag029,d5wlint_d5wlint,d,29,FRED_D5WLINT_D5WLINT.csv,93,0.291536
d__d5wlint_d5wlint__lag030,d5wlint_d5wlint,d,30,FRED_D5WLINT_D5WLINT.csv,93,0.291536
d__d5wlint_d5wlint__lag031,d5wlint_d5wlint,d,31,FRED_D5WLINT_D5WLINT.csv,93,0.291536
d__d5wlint_d5wlint__lag032,d5wlint_d5wlint,d,32,FRED_D5WLINT_D5WLINT.csv,93,0.291536
d__d5wlint_d5wlint__lag033,d5wlint_d5wlint,d,33,FRED_D5WLINT_D5WLINT.csv,93,0.291536
d__d5wlint_d5wlint__lag034,d5wlint_d5wlint,d,34,FRED_D5WLINT_D5WLINT.csv,93,0.291536
d__d5wlint_d5wlint__lag035,d5wlint_d5wlint,d,35,FRED_D5WLINT_D5WLINT.csv,93,0.291536
d__d5wlint_d5wlint__lag036,d5wlint_d5wlint,d,36,FRED_D5WLINT_D5WLINT.csv,93,0.291536
d__d5wlint_d5wlint__lag037,d5wlint_d5wlint,d,37,FRED_D5WLINT_D5WLINT.csv,93,0.291536
d__d5wlint_d5wlint__lag038,d5wlint_d5wlint,d,38,FRED_D5WLINT_D5WLINT.csv,93,0.291536
d__d5wlint_d5wlint__lag039,d5wlint_d5wlint,d,39,FRED_D5WLINT_D5WLINT.csv,93,0.291536
d__d5wlint_d5wlint__lag040,d5wlint_d5wlint,d,40,FRED_D5WLINT_D5WLINT.csv,93,0.291536
d__d5wlint_d5wlint__lag041,d5wlint_d5wlint,d,41,FRED_D5WLINT_D5WLINT.csv,93,0.291536
d__d5wlint_d5wlint__lag042,d5wlint_d5wlint,d,42,FRED_D5WLINT_D5WLINT.csv,93,0.291536
d__d5wlint_d5wlint__lag043,d5wlint_d5wlint,d,43,FRED_D5WLINT_D5WLINT.csv,93,0.291536
d__d5wlint_d5wlint__lag044,d5wlint_d5wlint,d,44,FRED_D5WLINT_D5WLINT.csv,93,0.291536
d__d5wlint_d5wlint__lag045,d5wlint_d5wlint,d,45,FRED_D5WLINT_D5WLINT.csv,93,0.291536
d__d5wlint_d5wlint__lag046,d5wlint_d5wlint,d,46,FRED_D5WLINT_D5WLINT.csv,93,0.291536
d__d5wlint_d5wlint__lag047,d5wlint_d5wlint,d,47,FRED_D5WLINT_D5WLINT.csv,93,0.291536
d__d5wlint_d5wlint__lag048,d5wlint_d5wlint,d,48,FRED_D5WLINT_D5WLINT.csv,93,0.291536
d__d5wlint_d5wlint__lag049,d5wlint_d5wlint,d,49,FRED_D5WLINT_D5WLINT.csv,93,0.291536
d__d5wlint_d5wlint__lag050,d5wlint_d5wlint,d,50,FRED_D5WLINT_D5WLINT.csv,93,0.291536
d__d5wlint_d5wlint__lag051,d5wlint_d5wlint,d,51,FRED_D5WLINT_D5WLINT.csv,93,0.291536
d__d5wlint_d5wlint__lag052,d5wlint_d5wlint,d,52,FRED_D5WLINT_D5WLINT.csv,93,0.291536
d__d5wlint_d5wlint__lag053,d5wlint_d5wlint,d,53,FRED_D5WLINT_D5WLINT.csv,93,0.291536
d__d5wlint_d5wlint__lag054,d5wlint_d5wlint,d,54,FRED_D5WLINT_D5WLINT.csv,93,0.291536
d__d5wlint_d5wlint__lag055,d5wlint_d5wlint,d,55,FRED_D5WLINT_D5WLINT.csv,93,0.291536
d__d5wlint_d5wlint__lag056,d5wlint_d5wlint,d,56,FRED_D5WLINT_D5WLINT.csv,93,0.291536
d__d5wlint_d5wlint__lag057,d5wlint_d5wlint,d,57,FRED_D5WLINT_D5WLINT.csv,93,0.291536
d__d5wlint_d5wlint__lag058,d5wlint_d5wlint,d,58,FRED_D5WLINT_D5WLINT.csv,93,0.291536
d__d5wlint_d5wlint__lag059,d5wlint_d5wlint,d,59,FRED_D5WLINT_D5WLINT.csv,93,0.291536
d__d5wlint_d5wlint__lag060,d5wlint_d5wlint,d,60,FRED_D5WLINT_D5WLINT.csv,93,0.291536
d__d5wlint_d5wlint__lag061,d5wlint_d5wlint,d,61,FRED_D5WLINT_D5WLINT.csv,93,0.291536
d__d5wlint_d5wlint__lag062,d5wlint_d5wlint,d,62,FRED_D5WLINT_D5WLINT.csv,93,0.291536
d__d5wlint_d5wlint__lag063,d5wlint_d5wlint,d,63,FRED_D5WLINT_D5WLINT.csv,93,0.291536
d__d5wlint_d5wlint__lag064,d5wlint_d5wlint,d,64,FRED_D5WLINT_D5WLINT.csv,93,0.291536
d__d5wlint_d5wlint__lag065,d5wlint_d5wlint,d,65,FRED_D5WLINT_D5WLINT.csv,93,0.291536
d__d5wlint_d5wlint__lag066,d5wlint_d5wlint,d,66,FRED_D5WLINT_D5WLINT.csv,93,0.291536
d__d5wlint_d5wlint__lag067,d5wlint_d5wlint,d,67,FRED_D5WLINT_D5WLINT.csv,93,0.291536
d__d5wlint_d5wlint__lag068,d5wlint_d5wlint,d,68,FRED_D5WLINT_D5WLINT.csv,93,0.291536
d__d5wlint_d5wlint__lag069,d5wlint_d5wlint,d,69,FRED_D5WLINT_D5WLINT.csv,93,0.291536
d__d5wlint_d5wlint__lag070,d5wlint_d5wlint,d,70,FRED_D5WLINT_D5WLINT.csv,93,0.291536
d__d5wlint_d5wlint__lag071,d5wlint_d5wlint,d,71,FRED_D5WLINT_D5WLINT.csv,93,0.291536
d__d5wlint_d5wlint__lag072,d5wlint_d5wlint,d,72,FRED_D5WLINT_D5WLINT.csv,93,0.291536
d__d5wlint_d5wlint__lag073,d5wlint_d5wlint,d,73,FRED_D5WLINT_D5WLINT.csv,93,0.291536
d__d5wlint_d5wlint__lag074,d5wlint_d5wlint,d,74,FRED_D5WLINT_D5WLINT.csv,93,0.291536
d__d5wlint_d5wlint__lag075,d5wlint_d5wlint,d,75,FRED_D5WLINT_D5WLINT.csv,93,0.291536
d__d5wlint_d5wlint__lag076,d5wlint_d5wlint,d,76,FRED_D5WLINT_D5WLINT.csv,93,0.291536
d__d5wlint_d5wlint__lag077,d5wlint_d5wlint,d,77,FRED_D5WLINT_D5WLINT.csv,93,0.291536
d__d5wlint_d5wlint__lag078,d5wlint_d5wlint,d,78,FRED_D5WLINT_D5WLINT.csv,93,0.291536
d__d5wlint_d5wlint__lag079,d5wlint_d5wlint,d,79,FRED_D5WLINT_D5WLINT.csv,93,0.291536
d__d5wlint_d5wlint__lag080,d5wlint_d5wlint,d,80,FRED_D5WLINT_D5WLINT.csv,93,0.291536
d__d5wlint_d5wlint__lag081,d5wlint_d5wlint,d,81,FRED_D5WLINT_D5WLINT.csv,93,0.291536
d__d5wlint_d5wlint__lag082,d5wlint_d5wlint,d,82,FRED_D5WLINT_D5WLINT.csv,93,0.291536
d__d5wlint_d5wlint__lag083,d5wlint_d5wlint,d,83,FRED_D5WLINT_D5WLINT.csv,93,0.291536
d__d5wlint_d5wlint__lag084,d5wlint_d5wlint,d,84,FRED_D5WLINT_D5WLINT.csv,93,0.291536
d__d5wlint_d5wlint__lag085,d5wlint_d5wlint,d,85,FRED_D5WLINT_D5WLINT.csv,93,0.291536
d__d5wlint_d5wlint__lag086,d5wlint_d5wlint,d,86,FRED_D5WLINT_D5WLINT.csv,93,0.291536
d__d5wlint_d5wlint__lag087,d5wlint_d5wlint,d,87,FRED_D5WLINT_D5WLINT.csv,93,0.291536
d__d5wlint_d5wlint__lag088,d5wlint_d5wlint,d,88,FRED_D5WLINT_D5WLINT.csv,93,0.291536
d__d5wlint_d5wlint__lag089,d5wlint_d5wlint,d,89,FRED_D5WLINT_D5WLINT.csv,93,0.291536
d__d5wlint_d5wlint__lag090,d5wlint_d5wlint,d,90,FRED_D5WLINT_D5WLINT.csv,93,0.291536
d__d6wlint_d6wlint__lag001,d6wlint_d6wlint,d,1,FRED_D6WLINT_D6WLINT.csv,94,0.294671
d__d6wlint_d6wlint__lag002,d6wlint_d6wlint,d,2,FRED_D6WLINT_D6WLINT.csv,94,0.294671
d__d6wlint_d6wlint__lag003,d6wlint_d6wlint,d,3,FRED_D6WLINT_D6WLINT.csv,94,0.294671
d__d6wlint_d6wlint__lag004,d6wlint_d6wlint,d,4,FRED_D6WLINT_D6WLINT.csv,94,0.294671
d__d6wlint_d6wlint__lag005,d6wlint_d6wlint,d,5,FRED_D6WLINT_D6WLINT.csv,94,0.294671
d__d6wlint_d6wlint__lag006,d6wlint_d6wlint,d,6,FRED_D6WLINT_D6WLINT.csv,94,0.294671
d__d6wlint_d6wlint__lag007,d6wlint_d6wlint,d,7,FRED_D6WLINT_D6WLINT.csv,94,0.294671
d__d6wlint_d6wlint__lag008,d6wlint_d6wlint,d,8,FRED_D6WLINT_D6WLINT.csv,94,0.294671
d__d6wlint_d6wlint__lag009,d6wlint_d6wlint,d,9,FRED_D6WLINT_D6WLINT.csv,94,0.294671
d__d6wlint_d6wlint__lag010,d6wlint_d6wlint,d,10,FRED_D6WLINT_D6WLINT.csv,94,0.294671
d__d6wlint_d6wlint__lag011,d6wlint_d6wlint,d,11,FRED_D6WLINT_D6WLINT.csv,94,0.294671
d__d6wlint_d6wlint__lag012,d6wlint_d6wlint,d,12,FRED_D6WLINT_D6WLINT.csv,94,0.294671
d__d6wlint_d6wlint__lag013,d6wlint_d6wlint,d,13,FRED_D6WLINT_D6WLINT.csv,94,0.294671
d__d6wlint_d6wlint__lag014,d6wlint_d6wlint,d,14,FRED_D6WLINT_D6WLINT.csv,94,0.294671
d__d6wlint_d6wlint__lag015,d6wlint_d6wlint,d,15,FRED_D6WLINT_D6WLINT.csv,93,0.291536
d__d6wlint_d6wlint__lag016,d6wlint_d6wlint,d,16,FRED_D6WLINT_D6WLINT.csv,93,0.291536
d__d6wlint_d6wlint__lag017,d6wlint_d6wlint,d,17,FRED_D6WLINT_D6WLINT.csv,93,0.291536
d__d6wlint_d6wlint__lag018,d6wlint_d6wlint,d,18,FRED_D6WLINT_D6WLINT.csv,93,0.291536
d__d6wlint_d6wlint__lag019,d6wlint_d6wlint,d,19,FRED_D6WLINT_D6WLINT.csv,93,0.291536
d__d6wlint_d6wlint__lag020,d6wlint_d6wlint,d,20,FRED_D6WLINT_D6WLINT.csv,93,0.291536
d__d6wlint_d6wlint__lag021,d6wlint_d6wlint,d,21,FRED_D6WLINT_D6WLINT.csv,93,0.291536
d__d6wlint_d6wlint__lag022,d6wlint_d6wlint,d,22,FRED_D6WLINT_D6WLINT.csv,93,0.291536
d__d6wlint_d6wlint__lag023,d6wlint_d6wlint,d,23,FRED_D6WLINT_D6WLINT.csv,93,0.291536
d__d6wlint_d6wlint__lag024,d6wlint_d6wlint,d,24,FRED_D6WLINT_D6WLINT.csv,93,0.291536
d__d6wlint_d6wlint__lag025,d6wlint_d6wlint,d,25,FRED_D6WLINT_D6WLINT.csv,93,0.291536
d__d6wlint_d6wlint__lag026,d6wlint_d6wlint,d,26,FRED_D6WLINT_D6WLINT.csv,93,0.291536
d__d6wlint_d6wlint__lag027,d6wlint_d6wlint,d,27,FRED_D6WLINT_D6WLINT.csv,93,0.291536
d__d6wlint_d6wlint__lag028,d6wlint_d6wlint,d,28,FRED_D6WLINT_D6WLINT.csv,93,0.291536
d__d6wlint_d6wlint__lag029,d6wlint_d6wlint,d,29,FRED_D6WLINT_D6WLINT.csv,93,0.291536
d__d6wlint_d6wlint__lag030,d6wlint_d6wlint,d,30,FRED_D6WLINT_D6WLINT.csv,93,0.291536
d__d6wlint_d6wlint__lag031,d6wlint_d6wlint,d,31,FRED_D6WLINT_D6WLINT.csv,93,0.291536
d__d6wlint_d6wlint__lag032,d6wlint_d6wlint,d,32,FRED_D6WLINT_D6WLINT.csv,93,0.291536
d__d6wlint_d6wlint__lag033,d6wlint_d6wlint,d,33,FRED_D6WLINT_D6WLINT.csv,93,0.291536
d__d6wlint_d6wlint__lag034,d6wlint_d6wlint,d,34,FRED_D6WLINT_D6WLINT.csv,93,0.291536
d__d6wlint_d6wlint__lag035,d6wlint_d6wlint,d,35,FRED_D6WLINT_D6WLINT.csv,93,0.291536
d__d6wlint_d6wlint__lag036,d6wlint_d6wlint,d,36,FRED_D6WLINT_D6WLINT.csv,93,0.291536
d__d6wlint_d6wlint__lag037,d6wlint_d6wlint,d,37,FRED_D6WLINT_D6WLINT.csv,93,0.291536
d__d6wlint_d6wlint__lag038,d6wlint_d6wlint,d,38,FRED_D6WLINT_D6WLINT.csv,93,0.291536
d__d6wlint_d6wlint__lag039,d6wlint_d6wlint,d,39,FRED_D6WLINT_D6WLINT.csv,93,0.291536
d__d6wlint_d6wlint__lag040,d6wlint_d6wlint,d,40,FRED_D6WLINT_D6WLINT.csv,93,0.291536
d__d6wlint_d6wlint__lag041,d6wlint_d6wlint,d,41,FRED_D6WLINT_D6WLINT.csv,93,0.291536
d__d6wlint_d6wlint__lag042,d6wlint_d6wlint,d,42,FRED_D6WLINT_D6WLINT.csv,93,0.291536
d__d6wlint_d6wlint__lag043,d6wlint_d6wlint,d,43,FRED_D6WLINT_D6WLINT.csv,93,0.291536
d__d6wlint_d6wlint__lag044,d6wlint_d6wlint,d,44,FRED_D6WLINT_D6WLINT.csv,93,0.291536
d__d6wlint_d6wlint__lag045,d6wlint_d6wlint,d,45,FRED_D6WLINT_D6WLINT.csv,93,0.291536
d__d6wlint_d6wlint__lag046,d6wlint_d6wlint,d,46,FRED_D6WLINT_D6WLINT.csv,93,0.291536
d__d6wlint_d6wlint__lag047,d6wlint_d6wlint,d,47,FRED_D6WLINT_D6WLINT.csv,93,0.291536
d__d6wlint_d6wlint__lag048,d6wlint_d6wlint,d,48,FRED_D6WLINT_D6WLINT.csv,93,0.291536
d__d6wlint_d6wlint__lag049,d6wlint_d6wlint,d,49,FRED_D6WLINT_D6WLINT.csv,93,0.291536
d__d6wlint_d6wlint__lag050,d6wlint_d6wlint,d,50,FRED_D6WLINT_D6WLINT.csv,93,0.291536
d__d6wlint_d6wlint__lag051,d6wlint_d6wlint,d,51,FRED_D6WLINT_D6WLINT.csv,93,0.291536
d__d6wlint_d6wlint__lag052,d6wlint_d6wlint,d,52,FRED_D6WLINT_D6WLINT.csv,93,0.291536
d__d6wlint_d6wlint__lag053,d6wlint_d6wlint,d,53,FRED_D6WLINT_D6WLINT.csv,93,0.291536
d__d6wlint_d6wlint__lag054,d6wlint_d6wlint,d,54,FRED_D6WLINT_D6WLINT.csv,93,0.291536
d__d6wlint_d6wlint__lag055,d6wlint_d6wlint,d,55,FRED_D6WLINT_D6WLINT.csv,93,0.291536
d__d6wlint_d6wlint__lag056,d6wlint_d6wlint,d,56,FRED_D6WLINT_D6WLINT.csv,93,0.291536
d__d6wlint_d6wlint__lag057,d6wlint_d6wlint,d,57,FRED_D6WLINT_D6WLINT.csv,93,0.291536
d__d6wlint_d6wlint__lag058,d6wlint_d6wlint,d,58,FRED_D6WLINT_D6WLINT.csv,93,0.291536
d__d6wlint_d6wlint__lag059,d6wlint_d6wlint,d,59,FRED_D6WLINT_D6WLINT.csv,93,0.291536
d__d6wlint_d6wlint__lag060,d6wlint_d6wlint,d,60,FRED_D6WLINT_D6WLINT.csv,93,0.291536
d__d6wlint_d6wlint__lag061,d6wlint_d6wlint,d,61,FRED_D6WLINT_D6WLINT.csv,93,0.291536
d__d6wlint_d6wlint__lag062,d6wlint_d6wlint,d,62,FRED_D6WLINT_D6WLINT.csv,93,0.291536
d__d6wlint_d6wlint__lag063,d6wlint_d6wlint,d,63,FRED_D6WLINT_D6WLINT.csv,93,0.291536
d__d6wlint_d6wlint__lag064,d6wlint_d6wlint,d,64,FRED_D6WLINT_D6WLINT.csv,93,0.291536
d__d6wlint_d6wlint__lag065,d6wlint_d6wlint,d,65,FRED_D6WLINT_D6WLINT.csv,93,0.291536
d__d6wlint_d6wlint__lag066,d6wlint_d6wlint,d,66,FRED_D6WLINT_D6WLINT.csv,93,0.291536
d__d6wlint_d6wlint__lag067,d6wlint_d6wlint,d,67,FRED_D6WLINT_D6WLINT.csv,93,0.291536
d__d6wlint_d6wlint__lag068,d6wlint_d6wlint,d,68,FRED_D6WLINT_D6WLINT.csv,93,0.291536
d__d6wlint_d6wlint__lag069,d6wlint_d6wlint,d,69,FRED_D6WLINT_D6WLINT.csv,93,0.291536
d__d6wlint_d6wlint__lag070,d6wlint_d6wlint,d,70,FRED_D6WLINT_D6WLINT.csv,93,0.291536
d__d6wlint_d6wlint__lag071,d6wlint_d6wlint,d,71,FRED_D6WLINT_D6WLINT.csv,93,0.291536
d__d6wlint_d6wlint__lag072,d6wlint_d6wlint,d,72,FRED_D6WLINT_D6WLINT.csv,93,0.291536
d__d6wlint_d6wlint__lag073,d6wlint_d6wlint,d,73,FRED_D6WLINT_D6WLINT.csv,93,0.291536
d__d6wlint_d6wlint__lag074,d6wlint_d6wlint,d,74,FRED_D6WLINT_D6WLINT.csv,93,0.291536
d__d6wlint_d6wlint__lag075,d6wlint_d6wlint,d,75,FRED_D6WLINT_D6WLINT.csv,93,0.291536
d__d6wlint_d6wlint__lag076,d6wlint_d6wlint,d,76,FRED_D6WLINT_D6WLINT.csv,93,0.291536
d__d6wlint_d6wlint__lag077,d6wlint_d6wlint,d,77,FRED_D6WLINT_D6WLINT.csv,93,0.291536
d__d6wlint_d6wlint__lag078,d6wlint_d6wlint,d,78,FRED_D6WLINT_D6WLINT.csv,93,0.291536
d__d6wlint_d6wlint__lag079,d6wlint_d6wlint,d,79,FRED_D6WLINT_D6WLINT.csv,93,0.291536
d__d6wlint_d6wlint__lag080,d6wlint_d6wlint,d,80,FRED_D6WLINT_D6WLINT.csv,93,0.291536
d__d6wlint_d6wlint__lag081,d6wlint_d6wlint,d,81,FRED_D6WLINT_D6WLINT.csv,93,0.291536
d__d6wlint_d6wlint__lag082,d6wlint_d6wlint,d,82,FRED_D6WLINT_D6WLINT.csv,93,0.291536
d__d6wlint_d6wlint__lag083,d6wlint_d6wlint,d,83,FRED_D6WLINT_D6WLINT.csv,93,0.291536
d__d6wlint_d6wlint__lag084,d6wlint_d6wlint,d,84,FRED_D6WLINT_D6WLINT.csv,93,0.291536
d__d6wlint_d6wlint__lag085,d6wlint_d6wlint,d,85,FRED_D6WLINT_D6WLINT.csv,93,0.291536
d__d6wlint_d6wlint__lag086,d6wlint_d6wlint,d,86,FRED_D6WLINT_D6WLINT.csv,93,0.291536
d__d6wlint_d6wlint__lag087,d6wlint_d6wlint,d,87,FRED_D6WLINT_D6WLINT.csv,93,0.291536
d__d6wlint_d6wlint__lag088,d6wlint_d6wlint,d,88,FRED_D6WLINT_D6WLINT.csv,93,0.291536
d__d6wlint_d6wlint__lag089,d6wlint_d6wlint,d,89,FRED_D6WLINT_D6WLINT.csv,93,0.291536
d__d6wlint_d6wlint__lag090,d6wlint_d6wlint,d,90,FRED_D6WLINT_D6WLINT.csv,93,0.291536
d__d7wlint_d7wlint__lag001,d7wlint_d7wlint,d,1,FRED_D7WLINT_D7WLINT.csv,94,0.294671
d__d7wlint_d7wlint__lag002,d7wlint_d7wlint,d,2,FRED_D7WLINT_D7WLINT.csv,94,0.294671
d__d7wlint_d7wlint__lag003,d7wlint_d7wlint,d,3,FRED_D7WLINT_D7WLINT.csv,94,0.294671
d__d7wlint_d7wlint__lag004,d7wlint_d7wlint,d,4,FRED_D7WLINT_D7WLINT.csv,94,0.294671
d__d7wlint_d7wlint__lag005,d7wlint_d7wlint,d,5,FRED_D7WLINT_D7WLINT.csv,94,0.294671
d__d7wlint_d7wlint__lag006,d7wlint_d7wlint,d,6,FRED_D7WLINT_D7WLINT.csv,94,0.294671
d__d7wlint_d7wlint__lag007,d7wlint_d7wlint,d,7,FRED_D7WLINT_D7WLINT.csv,94,0.294671
d__d7wlint_d7wlint__lag008,d7wlint_d7wlint,d,8,FRED_D7WLINT_D7WLINT.csv,94,0.294671
d__d7wlint_d7wlint__lag009,d7wlint_d7wlint,d,9,FRED_D7WLINT_D7WLINT.csv,94,0.294671
d__d7wlint_d7wlint__lag010,d7wlint_d7wlint,d,10,FRED_D7WLINT_D7WLINT.csv,94,0.294671
d__d7wlint_d7wlint__lag011,d7wlint_d7wlint,d,11,FRED_D7WLINT_D7WLINT.csv,94,0.294671
d__d7wlint_d7wlint__lag012,d7wlint_d7wlint,d,12,FRED_D7WLINT_D7WLINT.csv,94,0.294671
d__d7wlint_d7wlint__lag013,d7wlint_d7wlint,d,13,FRED_D7WLINT_D7WLINT.csv,94,0.294671
d__d7wlint_d7wlint__lag014,d7wlint_d7wlint,d,14,FRED_D7WLINT_D7WLINT.csv,94,0.294671
d__d7wlint_d7wlint__lag015,d7wlint_d7wlint,d,15,FRED_D7WLINT_D7WLINT.csv,93,0.291536
d__d7wlint_d7wlint__lag016,d7wlint_d7wlint,d,16,FRED_D7WLINT_D7WLINT.csv,93,0.291536
d__d7wlint_d7wlint__lag017,d7wlint_d7wlint,d,17,FRED_D7WLINT_D7WLINT.csv,93,0.291536
d__d7wlint_d7wlint__lag018,d7wlint_d7wlint,d,18,FRED_D7WLINT_D7WLINT.csv,93,0.291536
d__d7wlint_d7wlint__lag019,d7wlint_d7wlint,d,19,FRED_D7WLINT_D7WLINT.csv,93,0.291536
d__d7wlint_d7wlint__lag020,d7wlint_d7wlint,d,20,FRED_D7WLINT_D7WLINT.csv,93,0.291536
d__d7wlint_d7wlint__lag021,d7wlint_d7wlint,d,21,FRED_D7WLINT_D7WLINT.csv,93,0.291536
d__d7wlint_d7wlint__lag022,d7wlint_d7wlint,d,22,FRED_D7WLINT_D7WLINT.csv,93,0.291536
d__d7wlint_d7wlint__lag023,d7wlint_d7wlint,d,23,FRED_D7WLINT_D7WLINT.csv,93,0.291536
d__d7wlint_d7wlint__lag024,d7wlint_d7wlint,d,24,FRED_D7WLINT_D7WLINT.csv,93,0.291536
d__d7wlint_d7wlint__lag025,d7wlint_d7wlint,d,25,FRED_D7WLINT_D7WLINT.csv,93,0.291536
d__d7wlint_d7wlint__lag026,d7wlint_d7wlint,d,26,FRED_D7WLINT_D7WLINT.csv,93,0.291536
d__d7wlint_d7wlint__lag027,d7wlint_d7wlint,d,27,FRED_D7WLINT_D7WLINT.csv,93,0.291536
d__d7wlint_d7wlint__lag028,d7wlint_d7wlint,d,28,FRED_D7WLINT_D7WLINT.csv,93,0.291536
d__d7wlint_d7wlint__lag029,d7wlint_d7wlint,d,29,FRED_D7WLINT_D7WLINT.csv,93,0.291536
d__d7wlint_d7wlint__lag030,d7wlint_d7wlint,d,30,FRED_D7WLINT_D7WLINT.csv,93,0.291536
d__d7wlint_d7wlint__lag031,d7wlint_d7wlint,d,31,FRED_D7WLINT_D7WLINT.csv,93,0.291536
d__d7wlint_d7wlint__lag032,d7wlint_d7wlint,d,32,FRED_D7WLINT_D7WLINT.csv,93,0.291536
d__d7wlint_d7wlint__lag033,d7wlint_d7wlint,d,33,FRED_D7WLINT_D7WLINT.csv,93,0.291536
d__d7wlint_d7wlint__lag034,d7wlint_d7wlint,d,34,FRED_D7WLINT_D7WLINT.csv,93,0.291536
d__d7wlint_d7wlint__lag035,d7wlint_d7wlint,d,35,FRED_D7WLINT_D7WLINT.csv,93,0.291536
d__d7wlint_d7wlint__lag036,d7wlint_d7wlint,d,36,FRED_D7WLINT_D7WLINT.csv,93,0.291536
d__d7wlint_d7wlint__lag037,d7wlint_d7wlint,d,37,FRED_D7WLINT_D7WLINT.csv,93,0.291536
d__d7wlint_d7wlint__lag038,d7wlint_d7wlint,d,38,FRED_D7WLINT_D7WLINT.csv,93,0.291536
d__d7wlint_d7wlint__lag039,d7wlint_d7wlint,d,39,FRED_D7WLINT_D7WLINT.csv,93,0.291536
d__d7wlint_d7wlint__lag040,d7wlint_d7wlint,d,40,FRED_D7WLINT_D7WLINT.csv,93,0.291536
d__d7wlint_d7wlint__lag041,d7wlint_d7wlint,d,41,FRED_D7WLINT_D7WLINT.csv,93,0.291536
d__d7wlint_d7wlint__lag042,d7wlint_d7wlint,d,42,FRED_D7WLINT_D7WLINT.csv,93,0.291536
d__d7wlint_d7wlint__lag043,d7wlint_d7wlint,d,43,FRED_D7WLINT_D7WLINT.csv,93,0.291536
d__d7wlint_d7wlint__lag044,d7wlint_d7wlint,d,44,FRED_D7WLINT_D7WLINT.csv,93,0.291536
d__d7wlint_d7wlint__lag045,d7wlint_d7wlint,d,45,FRED_D7WLINT_D7WLINT.csv,93,0.291536
d__d7wlint_d7wlint__lag046,d7wlint_d7wlint,d,46,FRED_D7WLINT_D7WLINT.csv,93,0.291536
d__d7wlint_d7wlint__lag047,d7wlint_d7wlint,d,47,FRED_D7WLINT_D7WLINT.csv,93,0.291536
d__d7wlint_d7wlint__lag048,d7wlint_d7wlint,d,48,FRED_D7WLINT_D7WLINT.csv,93,0.291536
d__d7wlint_d7wlint__lag049,d7wlint_d7wlint,d,49,FRED_D7WLINT_D7WLINT.csv,93,0.291536
d__d7wlint_d7wlint__lag050,d7wlint_d7wlint,d,50,FRED_D7WLINT_D7WLINT.csv,93,0.291536
d__d7wlint_d7wlint__lag051,d7wlint_d7wlint,d,51,FRED_D7WLINT_D7WLINT.csv,93,0.291536
d__d7wlint_d7wlint__lag052,d7wlint_d7wlint,d,52,FRED_D7WLINT_D7WLINT.csv,93,0.291536
d__d7wlint_d7wlint__lag053,d7wlint_d7wlint,d,53,FRED_D7WLINT_D7WLINT.csv,93,0.291536
d__d7wlint_d7wlint__lag054,d7wlint_d7wlint,d,54,FRED_D7WLINT_D7WLINT.csv,93,0.291536
d__d7wlint_d7wlint__lag055,d7wlint_d7wlint,d,55,FRED_D7WLINT_D7WLINT.csv,93,0.291536
d__d7wlint_d7wlint__lag056,d7wlint_d7wlint,d,56,FRED_D7WLINT_D7WLINT.csv,93,0.291536
d__d7wlint_d7wlint__lag057,d7wlint_d7wlint,d,57,FRED_D7WLINT_D7WLINT.csv,93,0.291536
d__d7wlint_d7wlint__lag058,d7wlint_d7wlint,d,58,FRED_D7WLINT_D7WLINT.csv,93,0.291536
d__d7wlint_d7wlint__lag059,d7wlint_d7wlint,d,59,FRED_D7WLINT_D7WLINT.csv,93,0.291536
d__d7wlint_d7wlint__lag060,d7wlint_d7wlint,d,60,FRED_D7WLINT_D7WLINT.csv,93,0.291536
d__d7wlint_d7wlint__lag061,d7wlint_d7wlint,d,61,FRED_D7WLINT_D7WLINT.csv,93,0.291536
d__d7wlint_d7wlint__lag062,d7wlint_d7wlint,d,62,FRED_D7WLINT_D7WLINT.csv,93,0.291536
d__d7wlint_d7wlint__lag063,d7wlint_d7wlint,d,63,FRED_D7WLINT_D7WLINT.csv,93,0.291536
d__d7wlint_d7wlint__lag064,d7wlint_d7wlint,d,64,FRED_D7WLINT_D7WLINT.csv,93,0.291536
d__d7wlint_d7wlint__lag065,d7wlint_d7wlint,d,65,FRED_D7WLINT_D7WLINT.csv,93,0.291536
d__d7wlint_d7wlint__lag066,d7wlint_d7wlint,d,66,FRED_D7WLINT_D7WLINT.csv,93,0.291536
d__d7wlint_d7wlint__lag067,d7wlint_d7wlint,d,67,FRED_D7WLINT_D7WLINT.csv,93,0.291536
d__d7wlint_d7wlint__lag068,d7wlint_d7wlint,d,68,FRED_D7WLINT_D7WLINT.csv,93,0.291536
d__d7wlint_d7wlint__lag069,d7wlint_d7wlint,d,69,FRED_D7WLINT_D7WLINT.csv,93,0.291536
d__d7wlint_d7wlint__lag070,d7wlint_d7wlint,d,70,FRED_D7WLINT_D7WLINT.csv,93,0.291536
d__d7wlint_d7wlint__lag071,d7wlint_d7wlint,d,71,FRED_D7WLINT_D7WLINT.csv,93,0.291536
d__d7wlint_d7wlint__lag072,d7wlint_d7wlint,d,72,FRED_D7WLINT_D7WLINT.csv,93,0.291536
d__d7wlint_d7wlint__lag073,d7wlint_d7wlint,d,73,FRED_D7WLINT_D7WLINT.csv,93,0.291536
d__d7wlint_d7wlint__lag074,d7wlint_d7wlint,d,74,FRED_D7WLINT_D7WLINT.csv,93,0.291536
d__d7wlint_d7wlint__lag075,d7wlint_d7wlint,d,75,FRED_D7WLINT_D7WLINT.csv,93,0.291536
d__d7wlint_d7wlint__lag076,d7wlint_d7wlint,d,76,FRED_D7WLINT_D7WLINT.csv,93,0.291536
d__d7wlint_d7wlint__lag077,d7wlint_d7wlint,d,77,FRED_D7WLINT_D7WLINT.csv,93,0.291536
d__d7wlint_d7wlint__lag078,d7wlint_d7wlint,d,78,FRED_D7WLINT_D7WLINT.csv,93,0.291536
d__d7wlint_d7wlint__lag079,d7wlint_d7wlint,d,79,FRED_D7WLINT_D7WLINT.csv,93,0.291536
d__d7wlint_d7wlint__lag080,d7wlint_d7wlint,d,80,FRED_D7WLINT_D7WLINT.csv,93,0.291536
d__d7wlint_d7wlint__lag081,d7wlint_d7wlint,d,81,FRED_D7WLINT_D7WLINT.csv,93,0.291536
d__d7wlint_d7wlint__lag082,d7wlint_d7wlint,d,82,FRED_D7WLINT_D7WLINT.csv,93,0.291536
d__d7wlint_d7wlint__lag083,d7wlint_d7wlint,d,83,FRED_D7WLINT_D7WLINT.csv,93,0.291536
d__d7wlint_d7wlint__lag084,d7wlint_d7wlint,d,84,FRED_D7WLINT_D7WLINT.csv,93,0.291536
d__d7wlint_d7wlint__lag085,d7wlint_d7wlint,d,85,FRED_D7WLINT_D7WLINT.csv,93,0.291536
d__d7wlint_d7wlint__lag086,d7wlint_d7wlint,d,86,FRED_D7WLINT_D7WLINT.csv,93,0.291536
d__d7wlint_d7wlint__lag087,d7wlint_d7wlint,d,87,FRED_D7WLINT_D7WLINT.csv,93,0.291536
d__d7wlint_d7wlint__lag088,d7wlint_d7wlint,d,88,FRED_D7WLINT_D7WLINT.csv,93,0.291536
d__d7wlint_d7wlint__lag089,d7wlint_d7wlint,d,89,FRED_D7WLINT_D7WLINT.csv,93,0.291536
d__d7wlint_d7wlint__lag090,d7wlint_d7wlint,d,90,FRED_D7WLINT_D7WLINT.csv,93,0.291536
d__d8wlint_d8wlint__lag001,d8wlint_d8wlint,d,1,FRED_D8WLINT_D8WLINT.csv,94,0.294671
d__d8wlint_d8wlint__lag002,d8wlint_d8wlint,d,2,FRED_D8WLINT_D8WLINT.csv,94,0.294671
d__d8wlint_d8wlint__lag003,d8wlint_d8wlint,d,3,FRED_D8WLINT_D8WLINT.csv,94,0.294671
d__d8wlint_d8wlint__lag004,d8wlint_d8wlint,d,4,FRED_D8WLINT_D8WLINT.csv,94,0.294671
d__d8wlint_d8wlint__lag005,d8wlint_d8wlint,d,5,FRED_D8WLINT_D8WLINT.csv,94,0.294671
d__d8wlint_d8wlint__lag006,d8wlint_d8wlint,d,6,FRED_D8WLINT_D8WLINT.csv,94,0.294671
d__d8wlint_d8wlint__lag007,d8wlint_d8wlint,d,7,FRED_D8WLINT_D8WLINT.csv,94,0.294671
d__d8wlint_d8wlint__lag008,d8wlint_d8wlint,d,8,FRED_D8WLINT_D8WLINT.csv,94,0.294671
d__d8wlint_d8wlint__lag009,d8wlint_d8wlint,d,9,FRED_D8WLINT_D8WLINT.csv,94,0.294671
d__d8wlint_d8wlint__lag010,d8wlint_d8wlint,d,10,FRED_D8WLINT_D8WLINT.csv,94,0.294671
d__d8wlint_d8wlint__lag011,d8wlint_d8wlint,d,11,FRED_D8WLINT_D8WLINT.csv,94,0.294671
d__d8wlint_d8wlint__lag012,d8wlint_d8wlint,d,12,FRED_D8WLINT_D8WLINT.csv,94,0.294671
d__d8wlint_d8wlint__lag013,d8wlint_d8wlint,d,13,FRED_D8WLINT_D8WLINT.csv,94,0.294671
d__d8wlint_d8wlint__lag014,d8wlint_d8wlint,d,14,FRED_D8WLINT_D8WLINT.csv,94,0.294671
d__d8wlint_d8wlint__lag015,d8wlint_d8wlint,d,15,FRED_D8WLINT_D8WLINT.csv,93,0.291536
d__d8wlint_d8wlint__lag016,d8wlint_d8wlint,d,16,FRED_D8WLINT_D8WLINT.csv,93,0.291536
d__d8wlint_d8wlint__lag017,d8wlint_d8wlint,d,17,FRED_D8WLINT_D8WLINT.csv,93,0.291536
d__d8wlint_d8wlint__lag018,d8wlint_d8wlint,d,18,FRED_D8WLINT_D8WLINT.csv,93,0.291536
d__d8wlint_d8wlint__lag019,d8wlint_d8wlint,d,19,FRED_D8WLINT_D8WLINT.csv,93,0.291536
d__d8wlint_d8wlint__lag020,d8wlint_d8wlint,d,20,FRED_D8WLINT_D8WLINT.csv,93,0.291536
d__d8wlint_d8wlint__lag021,d8wlint_d8wlint,d,21,FRED_D8WLINT_D8WLINT.csv,93,0.291536
d__d8wlint_d8wlint__lag022,d8wlint_d8wlint,d,22,FRED_D8WLINT_D8WLINT.csv,93,0.291536
d__d8wlint_d8wlint__lag023,d8wlint_d8wlint,d,23,FRED_D8WLINT_D8WLINT.csv,93,0.291536
d__d8wlint_d8wlint__lag024,d8wlint_d8wlint,d,24,FRED_D8WLINT_D8WLINT.csv,93,0.291536
d__d8wlint_d8wlint__lag025,d8wlint_d8wlint,d,25,FRED_D8WLINT_D8WLINT.csv,93,0.291536
d__d8wlint_d8wlint__lag026,d8wlint_d8wlint,d,26,FRED_D8WLINT_D8WLINT.csv,93,0.291536
d__d8wlint_d8wlint__lag027,d8wlint_d8wlint,d,27,FRED_D8WLINT_D8WLINT.csv,93,0.291536
d__d8wlint_d8wlint__lag028,d8wlint_d8wlint,d,28,FRED_D8WLINT_D8WLINT.csv,93,0.291536
d__d8wlint_d8wlint__lag029,d8wlint_d8wlint,d,29,FRED_D8WLINT_D8WLINT.csv,93,0.291536
d__d8wlint_d8wlint__lag030,d8wlint_d8wlint,d,30,FRED_D8WLINT_D8WLINT.csv,93,0.291536
d__d8wlint_d8wlint__lag031,d8wlint_d8wlint,d,31,FRED_D8WLINT_D8WLINT.csv,93,0.291536
d__d8wlint_d8wlint__lag032,d8wlint_d8wlint,d,32,FRED_D8WLINT_D8WLINT.csv,93,0.291536
d__d8wlint_d8wlint__lag033,d8wlint_d8wlint,d,33,FRED_D8WLINT_D8WLINT.csv,93,0.291536
d__d8wlint_d8wlint__lag034,d8wlint_d8wlint,d,34,FRED_D8WLINT_D8WLINT.csv,93,0.291536
d__d8wlint_d8wlint__lag035,d8wlint_d8wlint,d,35,FRED_D8WLINT_D8WLINT.csv,93,0.291536
d__d8wlint_d8wlint__lag036,d8wlint_d8wlint,d,36,FRED_D8WLINT_D8WLINT.csv,93,0.291536
d__d8wlint_d8wlint__lag037,d8wlint_d8wlint,d,37,FRED_D8WLINT_D8WLINT.csv,93,0.291536
d__d8wlint_d8wlint__lag038,d8wlint_d8wlint,d,38,FRED_D8WLINT_D8WLINT.csv,93,0.291536
d__d8wlint_d8wlint__lag039,d8wlint_d8wlint,d,39,FRED_D8WLINT_D8WLINT.csv,93,0.291536
d__d8wlint_d8wlint__lag040,d8wlint_d8wlint,d,40,FRED_D8WLINT_D8WLINT.csv,93,0.291536
d__d8wlint_d8wlint__lag041,d8wlint_d8wlint,d,41,FRED_D8WLINT_D8WLINT.csv,93,0.291536
d__d8wlint_d8wlint__lag042,d8wlint_d8wlint,d,42,FRED_D8WLINT_D8WLINT.csv,93,0.291536
d__d8wlint_d8wlint__lag043,d8wlint_d8wlint,d,43,FRED_D8WLINT_D8WLINT.csv,93,0.291536
d__d8wlint_d8wlint__lag044,d8wlint_d8wlint,d,44,FRED_D8WLINT_D8WLINT.csv,93,0.291536
d__d8wlint_d8wlint__lag045,d8wlint_d8wlint,d,45,FRED_D8WLINT_D8WLINT.csv,93,0.291536
d__d8wlint_d8wlint__lag046,d8wlint_d8wlint,d,46,FRED_D8WLINT_D8WLINT.csv,93,0.291536
d__d8wlint_d8wlint__lag047,d8wlint_d8wlint,d,47,FRED_D8WLINT_D8WLINT.csv,93,0.291536
d__d8wlint_d8wlint__lag048,d8wlint_d8wlint,d,48,FRED_D8WLINT_D8WLINT.csv,93,0.291536
d__d8wlint_d8wlint__lag049,d8wlint_d8wlint,d,49,FRED_D8WLINT_D8WLINT.csv,93,0.291536
d__d8wlint_d8wlint__lag050,d8wlint_d8wlint,d,50,FRED_D8WLINT_D8WLINT.csv,93,0.291536
d__d8wlint_d8wlint__lag051,d8wlint_d8wlint,d,51,FRED_D8WLINT_D8WLINT.csv,93,0.291536
d__d8wlint_d8wlint__lag052,d8wlint_d8wlint,d,52,FRED_D8WLINT_D8WLINT.csv,93,0.291536
d__d8wlint_d8wlint__lag053,d8wlint_d8wlint,d,53,FRED_D8WLINT_D8WLINT.csv,93,0.291536
d__d8wlint_d8wlint__lag054,d8wlint_d8wlint,d,54,FRED_D8WLINT_D8WLINT.csv,93,0.291536
d__d8wlint_d8wlint__lag055,d8wlint_d8wlint,d,55,FRED_D8WLINT_D8WLINT.csv,93,0.291536
d__d8wlint_d8wlint__lag056,d8wlint_d8wlint,d,56,FRED_D8WLINT_D8WLINT.csv,93,0.291536
d__d8wlint_d8wlint__lag057,d8wlint_d8wlint,d,57,FRED_D8WLINT_D8WLINT.csv,93,0.291536
d__d8wlint_d8wlint__lag058,d8wlint_d8wlint,d,58,FRED_D8WLINT_D8WLINT.csv,93,0.291536
d__d8wlint_d8wlint__lag059,d8wlint_d8wlint,d,59,FRED_D8WLINT_D8WLINT.csv,93,0.291536
d__d8wlint_d8wlint__lag060,d8wlint_d8wlint,d,60,FRED_D8WLINT_D8WLINT.csv,93,0.291536
d__d8wlint_d8wlint__lag061,d8wlint_d8wlint,d,61,FRED_D8WLINT_D8WLINT.csv,93,0.291536
d__d8wlint_d8wlint__lag062,d8wlint_d8wlint,d,62,FRED_D8WLINT_D8WLINT.csv,93,0.291536
d__d8wlint_d8wlint__lag063,d8wlint_d8wlint,d,63,FRED_D8WLINT_D8WLINT.csv,93,0.291536
d__d8wlint_d8wlint__lag064,d8wlint_d8wlint,d,64,FRED_D8WLINT_D8WLINT.csv,93,0.291536
d__d8wlint_d8wlint__lag065,d8wlint_d8wlint,d,65,FRED_D8WLINT_D8WLINT.csv,93,0.291536
d__d8wlint_d8wlint__lag066,d8wlint_d8wlint,d,66,FRED_D8WLINT_D8WLINT.csv,93,0.291536
d__d8wlint_d8wlint__lag067,d8wlint_d8wlint,d,67,FRED_D8WLINT_D8WLINT.csv,93,0.291536
d__d8wlint_d8wlint__lag068,d8wlint_d8wlint,d,68,FRED_D8WLINT_D8WLINT.csv,93,0.291536
d__d8wlint_d8wlint__lag069,d8wlint_d8wlint,d,69,FRED_D8WLINT_D8WLINT.csv,93,0.291536
d__d8wlint_d8wlint__lag070,d8wlint_d8wlint,d,70,FRED_D8WLINT_D8WLINT.csv,93,0.291536
d__d8wlint_d8wlint__lag071,d8wlint_d8wlint,d,71,FRED_D8WLINT_D8WLINT.csv,93,0.291536
d__d8wlint_d8wlint__lag072,d8wlint_d8wlint,d,72,FRED_D8WLINT_D8WLINT.csv,93,0.291536
d__d8wlint_d8wlint__lag073,d8wlint_d8wlint,d,73,FRED_D8WLINT_D8WLINT.csv,93,0.291536
d__d8wlint_d8wlint__lag074,d8wlint_d8wlint,d,74,FRED_D8WLINT_D8WLINT.csv,93,0.291536
d__d8wlint_d8wlint__lag075,d8wlint_d8wlint,d,75,FRED_D8WLINT_D8WLINT.csv,93,0.291536
d__d8wlint_d8wlint__lag076,d8wlint_d8wlint,d,76,FRED_D8WLINT_D8WLINT.csv,93,0.291536
d__d8wlint_d8wlint__lag077,d8wlint_d8wlint,d,77,FRED_D8WLINT_D8WLINT.csv,93,0.291536
d__d8wlint_d8wlint__lag078,d8wlint_d8wlint,d,78,FRED_D8WLINT_D8WLINT.csv,93,0.291536
d__d8wlint_d8wlint__lag079,d8wlint_d8wlint,d,79,FRED_D8WLINT_D8WLINT.csv,93,0.291536
d__d8wlint_d8wlint__lag080,d8wlint_d8wlint,d,80,FRED_D8WLINT_D8WLINT.csv,93,0.291536
d__d8wlint_d8wlint__lag081,d8wlint_d8wlint,d,81,FRED_D8WLINT_D8WLINT.csv,93,0.291536
d__d8wlint_d8wlint__lag082,d8wlint_d8wlint,d,82,FRED_D8WLINT_D8WLINT.csv,93,0.291536
d__d8wlint_d8wlint__lag083,d8wlint_d8wlint,d,83,FRED_D8WLINT_D8WLINT.csv,93,0.291536
d__d8wlint_d8wlint__lag084,d8wlint_d8wlint,d,84,FRED_D8WLINT_D8WLINT.csv,93,0.291536
d__d8wlint_d8wlint__lag085,d8wlint_d8wlint,d,85,FRED_D8WLINT_D8WLINT.csv,93,0.291536
d__d8wlint_d8wlint__lag086,d8wlint_d8wlint,d,86,FRED_D8WLINT_D8WLINT.csv,93,0.291536
d__d8wlint_d8wlint__lag087,d8wlint_d8wlint,d,87,FRED_D8WLINT_D8WLINT.csv,93,0.291536
d__d8wlint_d8wlint__lag088,d8wlint_d8wlint,d,88,FRED_D8WLINT_D8WLINT.csv,93,0.291536
d__d8wlint_d8wlint__lag089,d8wlint_d8wlint,d,89,FRED_D8WLINT_D8WLINT.csv,93,0.291536
d__d8wlint_d8wlint__lag090,d8wlint_d8wlint,d,90,FRED_D8WLINT_D8WLINT.csv,93,0.291536
d__d9wlint_d9wlint__lag001,d9wlint_d9wlint,d,1,FRED_D9WLINT_D9WLINT.csv,94,0.294671
d__d9wlint_d9wlint__lag002,d9wlint_d9wlint,d,2,FRED_D9WLINT_D9WLINT.csv,94,0.294671
d__d9wlint_d9wlint__lag003,d9wlint_d9wlint,d,3,FRED_D9WLINT_D9WLINT.csv,94,0.294671
d__d9wlint_d9wlint__lag004,d9wlint_d9wlint,d,4,FRED_D9WLINT_D9WLINT.csv,94,0.294671
d__d9wlint_d9wlint__lag005,d9wlint_d9wlint,d,5,FRED_D9WLINT_D9WLINT.csv,94,0.294671
d__d9wlint_d9wlint__lag006,d9wlint_d9wlint,d,6,FRED_D9WLINT_D9WLINT.csv,94,0.294671
d__d9wlint_d9wlint__lag007,d9wlint_d9wlint,d,7,FRED_D9WLINT_D9WLINT.csv,94,0.294671
d__d9wlint_d9wlint__lag008,d9wlint_d9wlint,d,8,FRED_D9WLINT_D9WLINT.csv,94,0.294671
d__d9wlint_d9wlint__lag009,d9wlint_d9wlint,d,9,FRED_D9WLINT_D9WLINT.csv,94,0.294671
d__d9wlint_d9wlint__lag010,d9wlint_d9wlint,d,10,FRED_D9WLINT_D9WLINT.csv,94,0.294671
d__d9wlint_d9wlint__lag011,d9wlint_d9wlint,d,11,FRED_D9WLINT_D9WLINT.csv,94,0.294671
d__d9wlint_d9wlint__lag012,d9wlint_d9wlint,d,12,FRED_D9WLINT_D9WLINT.csv,94,0.294671
d__d9wlint_d9wlint__lag013,d9wlint_d9wlint,d,13,FRED_D9WLINT_D9WLINT.csv,94,0.294671
d__d9wlint_d9wlint__lag014,d9wlint_d9wlint,d,14,FRED_D9WLINT_D9WLINT.csv,94,0.294671
d__d9wlint_d9wlint__lag015,d9wlint_d9wlint,d,15,FRED_D9WLINT_D9WLINT.csv,93,0.291536
d__d9wlint_d9wlint__lag016,d9wlint_d9wlint,d,16,FRED_D9WLINT_D9WLINT.csv,93,0.291536
d__d9wlint_d9wlint__lag017,d9wlint_d9wlint,d,17,FRED_D9WLINT_D9WLINT.csv,93,0.291536
d__d9wlint_d9wlint__lag018,d9wlint_d9wlint,d,18,FRED_D9WLINT_D9WLINT.csv,93,0.291536
d__d9wlint_d9wlint__lag019,d9wlint_d9wlint,d,19,FRED_D9WLINT_D9WLINT.csv,93,0.291536
d__d9wlint_d9wlint__lag020,d9wlint_d9wlint,d,20,FRED_D9WLINT_D9WLINT.csv,93,0.291536
d__d9wlint_d9wlint__lag021,d9wlint_d9wlint,d,21,FRED_D9WLINT_D9WLINT.csv,93,0.291536
d__d9wlint_d9wlint__lag022,d9wlint_d9wlint,d,22,FRED_D9WLINT_D9WLINT.csv,93,0.291536
d__d9wlint_d9wlint__lag023,d9wlint_d9wlint,d,23,FRED_D9WLINT_D9WLINT.csv,93,0.291536
d__d9wlint_d9wlint__lag024,d9wlint_d9wlint,d,24,FRED_D9WLINT_D9WLINT.csv,93,0.291536
d__d9wlint_d9wlint__lag025,d9wlint_d9wlint,d,25,FRED_D9WLINT_D9WLINT.csv,93,0.291536
d__d9wlint_d9wlint__lag026,d9wlint_d9wlint,d,26,FRED_D9WLINT_D9WLINT.csv,93,0.291536
d__d9wlint_d9wlint__lag027,d9wlint_d9wlint,d,27,FRED_D9WLINT_D9WLINT.csv,93,0.291536
d__d9wlint_d9wlint__lag028,d9wlint_d9wlint,d,28,FRED_D9WLINT_D9WLINT.csv,93,0.291536
d__d9wlint_d9wlint__lag029,d9wlint_d9wlint,d,29,FRED_D9WLINT_D9WLINT.csv,93,0.291536
d__d9wlint_d9wlint__lag030,d9wlint_d9wlint,d,30,FRED_D9WLINT_D9WLINT.csv,93,0.291536
d__d9wlint_d9wlint__lag031,d9wlint_d9wlint,d,31,FRED_D9WLINT_D9WLINT.csv,93,0.291536
d__d9wlint_d9wlint__lag032,d9wlint_d9wlint,d,32,FRED_D9WLINT_D9WLINT.csv,93,0.291536
d__d9wlint_d9wlint__lag033,d9wlint_d9wlint,d,33,FRED_D9WLINT_D9WLINT.csv,93,0.291536
d__d9wlint_d9wlint__lag034,d9wlint_d9wlint,d,34,FRED_D9WLINT_D9WLINT.csv,93,0.291536
d__d9wlint_d9wlint__lag035,d9wlint_d9wlint,d,35,FRED_D9WLINT_D9WLINT.csv,93,0.291536
d__d9wlint_d9wlint__lag036,d9wlint_d9wlint,d,36,FRED_D9WLINT_D9WLINT.csv,93,0.291536
d__d9wlint_d9wlint__lag037,d9wlint_d9wlint,d,37,FRED_D9WLINT_D9WLINT.csv,93,0.291536
d__d9wlint_d9wlint__lag038,d9wlint_d9wlint,d,38,FRED_D9WLINT_D9WLINT.csv,93,0.291536
d__d9wlint_d9wlint__lag039,d9wlint_d9wlint,d,39,FRED_D9WLINT_D9WLINT.csv,93,0.291536
d__d9wlint_d9wlint__lag040,d9wlint_d9wlint,d,40,FRED_D9WLINT_D9WLINT.csv,93,0.291536
d__d9wlint_d9wlint__lag041,d9wlint_d9wlint,d,41,FRED_D9WLINT_D9WLINT.csv,93,0.291536
d__d9wlint_d9wlint__lag042,d9wlint_d9wlint,d,42,FRED_D9WLINT_D9WLINT.csv,93,0.291536
d__d9wlint_d9wlint__lag043,d9wlint_d9wlint,d,43,FRED_D9WLINT_D9WLINT.csv,93,0.291536
d__d9wlint_d9wlint__lag044,d9wlint_d9wlint,d,44,FRED_D9WLINT_D9WLINT.csv,93,0.291536
d__d9wlint_d9wlint__lag045,d9wlint_d9wlint,d,45,FRED_D9WLINT_D9WLINT.csv,93,0.291536
d__d9wlint_d9wlint__lag046,d9wlint_d9wlint,d,46,FRED_D9WLINT_D9WLINT.csv,93,0.291536
d__d9wlint_d9wlint__lag047,d9wlint_d9wlint,d,47,FRED_D9WLINT_D9WLINT.csv,93,0.291536
d__d9wlint_d9wlint__lag048,d9wlint_d9wlint,d,48,FRED_D9WLINT_D9WLINT.csv,93,0.291536
d__d9wlint_d9wlint__lag049,d9wlint_d9wlint,d,49,FRED_D9WLINT_D9WLINT.csv,93,0.291536
d__d9wlint_d9wlint__lag050,d9wlint_d9wlint,d,50,FRED_D9WLINT_D9WLINT.csv,93,0.291536
d__d9wlint_d9wlint__lag051,d9wlint_d9wlint,d,51,FRED_D9WLINT_D9WLINT.csv,93,0.291536
d__d9wlint_d9wlint__lag052,d9wlint_d9wlint,d,52,FRED_D9WLINT_D9WLINT.csv,93,0.291536
d__d9wlint_d9wlint__lag053,d9wlint_d9wlint,d,53,FRED_D9WLINT_D9WLINT.csv,93,0.291536
d__d9wlint_d9wlint__lag054,d9wlint_d9wlint,d,54,FRED_D9WLINT_D9WLINT.csv,93,0.291536
d__d9wlint_d9wlint__lag055,d9wlint_d9wlint,d,55,FRED_D9WLINT_D9WLINT.csv,93,0.291536
d__d9wlint_d9wlint__lag056,d9wlint_d9wlint,d,56,FRED_D9WLINT_D9WLINT.csv,93,0.291536
d__d9wlint_d9wlint__lag057,d9wlint_d9wlint,d,57,FRED_D9WLINT_D9WLINT.csv,93,0.291536
d__d9wlint_d9wlint__lag058,d9wlint_d9wlint,d,58,FRED_D9WLINT_D9WLINT.csv,93,0.291536
d__d9wlint_d9wlint__lag059,d9wlint_d9wlint,d,59,FRED_D9WLINT_D9WLINT.csv,93,0.291536
d__d9wlint_d9wlint__lag060,d9wlint_d9wlint,d,60,FRED_D9WLINT_D9WLINT.csv,93,0.291536
d__d9wlint_d9wlint__lag061,d9wlint_d9wlint,d,61,FRED_D9WLINT_D9WLINT.csv,93,0.291536
d__d9wlint_d9wlint__lag062,d9wlint_d9wlint,d,62,FRED_D9WLINT_D9WLINT.csv,93,0.291536
d__d9wlint_d9wlint__lag063,d9wlint_d9wlint,d,63,FRED_D9WLINT_D9WLINT.csv,93,0.291536
d__d9wlint_d9wlint__lag064,d9wlint_d9wlint,d,64,FRED_D9WLINT_D9WLINT.csv,93,0.291536
d__d9wlint_d9wlint__lag065,d9wlint_d9wlint,d,65,FRED_D9WLINT_D9WLINT.csv,93,0.291536
d__d9wlint_d9wlint__lag066,d9wlint_d9wlint,d,66,FRED_D9WLINT_D9WLINT.csv,93,0.291536
d__d9wlint_d9wlint__lag067,d9wlint_d9wlint,d,67,FRED_D9WLINT_D9WLINT.csv,93,0.291536
d__d9wlint_d9wlint__lag068,d9wlint_d9wlint,d,68,FRED_D9WLINT_D9WLINT.csv,93,0.291536
d__d9wlint_d9wlint__lag069,d9wlint_d9wlint,d,69,FRED_D9WLINT_D9WLINT.csv,93,0.291536
d__d9wlint_d9wlint__lag070,d9wlint_d9wlint,d,70,FRED_D9WLINT_D9WLINT.csv,93,0.291536
d__d9wlint_d9wlint__lag071,d9wlint_d9wlint,d,71,FRED_D9WLINT_D9WLINT.csv,93,0.291536
d__d9wlint_d9wlint__lag072,d9wlint_d9wlint,d,72,FRED_D9WLINT_D9WLINT.csv,93,0.291536
d__d9wlint_d9wlint__lag073,d9wlint_d9wlint,d,73,FRED_D9WLINT_D9WLINT.csv,93,0.291536
d__d9wlint_d9wlint__lag074,d9wlint_d9wlint,d,74,FRED_D9WLINT_D9WLINT.csv,93,0.291536
d__d9wlint_d9wlint__lag075,d9wlint_d9wlint,d,75,FRED_D9WLINT_D9WLINT.csv,93,0.291536
d__d9wlint_d9wlint__lag076,d9wlint_d9wlint,d,76,FRED_D9WLINT_D9WLINT.csv,93,0.291536
d__d9wlint_d9wlint__lag077,d9wlint_d9wlint,d,77,FRED_D9WLINT_D9WLINT.csv,93,0.291536
d__d9wlint_d9wlint__lag078,d9wlint_d9wlint,d,78,FRED_D9WLINT_D9WLINT.csv,93,0.291536
d__d9wlint_d9wlint__lag079,d9wlint_d9wlint,d,79,FRED_D9WLINT_D9WLINT.csv,93,0.291536
d__d9wlint_d9wlint__lag080,d9wlint_d9wlint,d,80,FRED_D9WLINT_D9WLINT.csv,93,0.291536
d__d9wlint_d9wlint__lag081,d9wlint_d9wlint,d,81,FRED_D9WLINT_D9WLINT.csv,93,0.291536
d__d9wlint_d9wlint__lag082,d9wlint_d9wlint,d,82,FRED_D9WLINT_D9WLINT.csv,93,0.291536
d__d9wlint_d9wlint__lag083,d9wlint_d9wlint,d,83,FRED_D9WLINT_D9WLINT.csv,93,0.291536
d__d9wlint_d9wlint__lag084,d9wlint_d9wlint,d,84,FRED_D9WLINT_D9WLINT.csv,93,0.291536
d__d9wlint_d9wlint__lag085,d9wlint_d9wlint,d,85,FRED_D9WLINT_D9WLINT.csv,93,0.291536
d__d9wlint_d9wlint__lag086,d9wlint_d9wlint,d,86,FRED_D9WLINT_D9WLINT.csv,93,0.291536
d__d9wlint_d9wlint__lag087,d9wlint_d9wlint,d,87,FRED_D9WLINT_D9WLINT.csv,93,0.291536
d__d9wlint_d9wlint__lag088,d9wlint_d9wlint,d,88,FRED_D9WLINT_D9WLINT.csv,93,0.291536
d__d9wlint_d9wlint__lag089,d9wlint_d9wlint,d,89,FRED_D9WLINT_D9WLINT.csv,93,0.291536
d__d9wlint_d9wlint__lag090,d9wlint_d9wlint,d,90,FRED_D9WLINT_D9WLINT.csv,93,0.291536
d__dexcaus_dexcaus__lag001,dexcaus_dexcaus,d,1,FRED_DEXCAUS_DEXCAUS.csv,221,0.69279
d__dexcaus_dexcaus__lag002,dexcaus_dexcaus,d,2,FRED_DEXCAUS_DEXCAUS.csv,221,0.69279
d__dexcaus_dexcaus__lag003,dexcaus_dexcaus,d,3,FRED_DEXCAUS_DEXCAUS.csv,221,0.69279
d__dexcaus_dexcaus__lag004,dexcaus_dexcaus,d,4,FRED_DEXCAUS_DEXCAUS.csv,221,0.69279
d__dexcaus_dexcaus__lag005,dexcaus_dexcaus,d,5,FRED_DEXCAUS_DEXCAUS.csv,221,0.69279
d__dexcaus_dexcaus__lag006,dexcaus_dexcaus,d,6,FRED_DEXCAUS_DEXCAUS.csv,221,0.69279
d__dexcaus_dexcaus__lag007,dexcaus_dexcaus,d,7,FRED_DEXCAUS_DEXCAUS.csv,221,0.69279
d__dexcaus_dexcaus__lag008,dexcaus_dexcaus,d,8,FRED_DEXCAUS_DEXCAUS.csv,221,0.69279
d__dexcaus_dexcaus__lag009,dexcaus_dexcaus,d,9,FRED_DEXCAUS_DEXCAUS.csv,221,0.69279
d__dexcaus_dexcaus__lag010,dexcaus_dexcaus,d,10,FRED_DEXCAUS_DEXCAUS.csv,221,0.69279
d__dexcaus_dexcaus__lag011,dexcaus_dexcaus,d,11,FRED_DEXCAUS_DEXCAUS.csv,221,0.69279
d__dexcaus_dexcaus__lag012,dexcaus_dexcaus,d,12,FRED_DEXCAUS_DEXCAUS.csv,221,0.69279
d__dexcaus_dexcaus__lag013,dexcaus_dexcaus,d,13,FRED_DEXCAUS_DEXCAUS.csv,221,0.69279
d__dexcaus_dexcaus__lag014,dexcaus_dexcaus,d,14,FRED_DEXCAUS_DEXCAUS.csv,221,0.69279
d__dexcaus_dexcaus__lag015,dexcaus_dexcaus,d,15,FRED_DEXCAUS_DEXCAUS.csv,221,0.69279
d__dexcaus_dexcaus__lag016,dexcaus_dexcaus,d,16,FRED_DEXCAUS_DEXCAUS.csv,221,0.69279
d__dexcaus_dexcaus__lag017,dexcaus_dexcaus,d,17,FRED_DEXCAUS_DEXCAUS.csv,221,0.69279
d__dexcaus_dexcaus__lag018,dexcaus_dexcaus,d,18,FRED_DEXCAUS_DEXCAUS.csv,221,0.69279
d__dexcaus_dexcaus__lag019,dexcaus_dexcaus,d,19,FRED_DEXCAUS_DEXCAUS.csv,221,0.69279
d__dexcaus_dexcaus__lag020,dexcaus_dexcaus,d,20,FRED_DEXCAUS_DEXCAUS.csv,221,0.69279
d__dexcaus_dexcaus__lag021,dexcaus_dexcaus,d,21,FRED_DEXCAUS_DEXCAUS.csv,221,0.69279
d__dexcaus_dexcaus__lag022,dexcaus_dexcaus,d,22,FRED_DEXCAUS_DEXCAUS.csv,221,0.69279
d__dexcaus_dexcaus__lag023,dexcaus_dexcaus,d,23,FRED_DEXCAUS_DEXCAUS.csv,221,0.69279
d__dexcaus_dexcaus__lag024,dexcaus_dexcaus,d,24,FRED_DEXCAUS_DEXCAUS.csv,221,0.69279
d__dexcaus_dexcaus__lag025,dexcaus_dexcaus,d,25,FRED_DEXCAUS_DEXCAUS.csv,221,0.69279
d__dexcaus_dexcaus__lag026,dexcaus_dexcaus,d,26,FRED_DEXCAUS_DEXCAUS.csv,221,0.69279
d__dexcaus_dexcaus__lag027,dexcaus_dexcaus,d,27,FRED_DEXCAUS_DEXCAUS.csv,221,0.69279
d__dexcaus_dexcaus__lag028,dexcaus_dexcaus,d,28,FRED_DEXCAUS_DEXCAUS.csv,221,0.69279
d__dexcaus_dexcaus__lag029,dexcaus_dexcaus,d,29,FRED_DEXCAUS_DEXCAUS.csv,221,0.69279
d__dexcaus_dexcaus__lag030,dexcaus_dexcaus,d,30,FRED_DEXCAUS_DEXCAUS.csv,221,0.69279
d__dexcaus_dexcaus__lag031,dexcaus_dexcaus,d,31,FRED_DEXCAUS_DEXCAUS.csv,221,0.69279
d__dexcaus_dexcaus__lag032,dexcaus_dexcaus,d,32,FRED_DEXCAUS_DEXCAUS.csv,221,0.69279
d__dexcaus_dexcaus__lag033,dexcaus_dexcaus,d,33,FRED_DEXCAUS_DEXCAUS.csv,221,0.69279
d__dexcaus_dexcaus__lag034,dexcaus_dexcaus,d,34,FRED_DEXCAUS_DEXCAUS.csv,221,0.69279
d__dexcaus_dexcaus__lag035,dexcaus_dexcaus,d,35,FRED_DEXCAUS_DEXCAUS.csv,221,0.69279
d__dexcaus_dexcaus__lag036,dexcaus_dexcaus,d,36,FRED_DEXCAUS_DEXCAUS.csv,221,0.69279
d__dexcaus_dexcaus__lag037,dexcaus_dexcaus,d,37,FRED_DEXCAUS_DEXCAUS.csv,221,0.69279
d__dexcaus_dexcaus__lag038,dexcaus_dexcaus,d,38,FRED_DEXCAUS_DEXCAUS.csv,221,0.69279
d__dexcaus_dexcaus__lag039,dexcaus_dexcaus,d,39,FRED_DEXCAUS_DEXCAUS.csv,221,0.69279
d__dexcaus_dexcaus__lag040,dexcaus_dexcaus,d,40,FRED_DEXCAUS_DEXCAUS.csv,221,0.69279
d__dexcaus_dexcaus__lag041,dexcaus_dexcaus,d,41,FRED_DEXCAUS_DEXCAUS.csv,221,0.69279
d__dexcaus_dexcaus__lag042,dexcaus_dexcaus,d,42,FRED_DEXCAUS_DEXCAUS.csv,221,0.69279
d__dexcaus_dexcaus__lag043,dexcaus_dexcaus,d,43,FRED_DEXCAUS_DEXCAUS.csv,221,0.69279
d__dexcaus_dexcaus__lag044,dexcaus_dexcaus,d,44,FRED_DEXCAUS_DEXCAUS.csv,221,0.69279
d__dexcaus_dexcaus__lag045,dexcaus_dexcaus,d,45,FRED_DEXCAUS_DEXCAUS.csv,221,0.69279
d__dexcaus_dexcaus__lag046,dexcaus_dexcaus,d,46,FRED_DEXCAUS_DEXCAUS.csv,221,0.69279
d__dexcaus_dexcaus__lag047,dexcaus_dexcaus,d,47,FRED_DEXCAUS_DEXCAUS.csv,221,0.69279
d__dexcaus_dexcaus__lag048,dexcaus_dexcaus,d,48,FRED_DEXCAUS_DEXCAUS.csv,221,0.69279
d__dexcaus_dexcaus__lag049,dexcaus_dexcaus,d,49,FRED_DEXCAUS_DEXCAUS.csv,221,0.69279
d__dexcaus_dexcaus__lag050,dexcaus_dexcaus,d,50,FRED_DEXCAUS_DEXCAUS.csv,221,0.69279
d__dexcaus_dexcaus__lag051,dexcaus_dexcaus,d,51,FRED_DEXCAUS_DEXCAUS.csv,221,0.69279
d__dexcaus_dexcaus__lag052,dexcaus_dexcaus,d,52,FRED_DEXCAUS_DEXCAUS.csv,221,0.69279
d__dexcaus_dexcaus__lag053,dexcaus_dexcaus,d,53,FRED_DEXCAUS_DEXCAUS.csv,221,0.69279
d__dexcaus_dexcaus__lag054,dexcaus_dexcaus,d,54,FRED_DEXCAUS_DEXCAUS.csv,221,0.69279
d__dexcaus_dexcaus__lag055,dexcaus_dexcaus,d,55,FRED_DEXCAUS_DEXCAUS.csv,221,0.69279
d__dexcaus_dexcaus__lag056,dexcaus_dexcaus,d,56,FRED_DEXCAUS_DEXCAUS.csv,221,0.69279
d__dexcaus_dexcaus__lag057,dexcaus_dexcaus,d,57,FRED_DEXCAUS_DEXCAUS.csv,221,0.69279
d__dexcaus_dexcaus__lag058,dexcaus_dexcaus,d,58,FRED_DEXCAUS_DEXCAUS.csv,221,0.69279
d__dexcaus_dexcaus__lag059,dexcaus_dexcaus,d,59,FRED_DEXCAUS_DEXCAUS.csv,221,0.69279
d__dexcaus_dexcaus__lag060,dexcaus_dexcaus,d,60,FRED_DEXCAUS_DEXCAUS.csv,221,0.69279
d__dexcaus_dexcaus__lag061,dexcaus_dexcaus,d,61,FRED_DEXCAUS_DEXCAUS.csv,221,0.69279
d__dexcaus_dexcaus__lag062,dexcaus_dexcaus,d,62,FRED_DEXCAUS_DEXCAUS.csv,221,0.69279
d__dexcaus_dexcaus__lag063,dexcaus_dexcaus,d,63,FRED_DEXCAUS_DEXCAUS.csv,221,0.69279
d__dexcaus_dexcaus__lag064,dexcaus_dexcaus,d,64,FRED_DEXCAUS_DEXCAUS.csv,221,0.69279
d__dexcaus_dexcaus__lag065,dexcaus_dexcaus,d,65,FRED_DEXCAUS_DEXCAUS.csv,221,0.69279
d__dexcaus_dexcaus__lag066,dexcaus_dexcaus,d,66,FRED_DEXCAUS_DEXCAUS.csv,221,0.69279
d__dexcaus_dexcaus__lag067,dexcaus_dexcaus,d,67,FRED_DEXCAUS_DEXCAUS.csv,221,0.69279
d__dexcaus_dexcaus__lag068,dexcaus_dexcaus,d,68,FRED_DEXCAUS_DEXCAUS.csv,221,0.69279
d__dexcaus_dexcaus__lag069,dexcaus_dexcaus,d,69,FRED_DEXCAUS_DEXCAUS.csv,221,0.69279
d__dexcaus_dexcaus__lag070,dexcaus_dexcaus,d,70,FRED_DEXCAUS_DEXCAUS.csv,221,0.69279
d__dexcaus_dexcaus__lag071,dexcaus_dexcaus,d,71,FRED_DEXCAUS_DEXCAUS.csv,221,0.69279
d__dexcaus_dexcaus__lag072,dexcaus_dexcaus,d,72,FRED_DEXCAUS_DEXCAUS.csv,221,0.69279
d__dexcaus_dexcaus__lag073,dexcaus_dexcaus,d,73,FRED_DEXCAUS_DEXCAUS.csv,221,0.69279
d__dexcaus_dexcaus__lag074,dexcaus_dexcaus,d,74,FRED_DEXCAUS_DEXCAUS.csv,221,0.69279
d__dexcaus_dexcaus__lag075,dexcaus_dexcaus,d,75,FRED_DEXCAUS_DEXCAUS.csv,221,0.69279
d__dexcaus_dexcaus__lag076,dexcaus_dexcaus,d,76,FRED_DEXCAUS_DEXCAUS.csv,221,0.69279
d__dexcaus_dexcaus__lag077,dexcaus_dexcaus,d,77,FRED_DEXCAUS_DEXCAUS.csv,221,0.69279
d__dexcaus_dexcaus__lag078,dexcaus_dexcaus,d,78,FRED_DEXCAUS_DEXCAUS.csv,221,0.69279
d__dexcaus_dexcaus__lag079,dexcaus_dexcaus,d,79,FRED_DEXCAUS_DEXCAUS.csv,221,0.69279
d__dexcaus_dexcaus__lag080,dexcaus_dexcaus,d,80,FRED_DEXCAUS_DEXCAUS.csv,221,0.69279
d__dexcaus_dexcaus__lag081,dexcaus_dexcaus,d,81,FRED_DEXCAUS_DEXCAUS.csv,221,0.69279
d__dexcaus_dexcaus__lag082,dexcaus_dexcaus,d,82,FRED_DEXCAUS_DEXCAUS.csv,221,0.69279
d__dexcaus_dexcaus__lag083,dexcaus_dexcaus,d,83,FRED_DEXCAUS_DEXCAUS.csv,221,0.69279
d__dexcaus_dexcaus__lag084,dexcaus_dexcaus,d,84,FRED_DEXCAUS_DEXCAUS.csv,221,0.69279
d__dexcaus_dexcaus__lag085,dexcaus_dexcaus,d,85,FRED_DEXCAUS_DEXCAUS.csv,221,0.69279
d__dexcaus_dexcaus__lag086,dexcaus_dexcaus,d,86,FRED_DEXCAUS_DEXCAUS.csv,221,0.69279
d__dexcaus_dexcaus__lag087,dexcaus_dexcaus,d,87,FRED_DEXCAUS_DEXCAUS.csv,221,0.69279
d__dexcaus_dexcaus__lag088,dexcaus_dexcaus,d,88,FRED_DEXCAUS_DEXCAUS.csv,220,0.689655
d__dexcaus_dexcaus__lag089,dexcaus_dexcaus,d,89,FRED_DEXCAUS_DEXCAUS.csv,220,0.689655
d__dexcaus_dexcaus__lag090,dexcaus_dexcaus,d,90,FRED_DEXCAUS_DEXCAUS.csv,220,0.689655
d__dexchus_dexchus__lag001,dexchus_dexchus,d,1,FRED_DEXCHUS_DEXCHUS.csv,181,0.567398
d__dexchus_dexchus__lag002,dexchus_dexchus,d,2,FRED_DEXCHUS_DEXCHUS.csv,181,0.567398
d__dexchus_dexchus__lag003,dexchus_dexchus,d,3,FRED_DEXCHUS_DEXCHUS.csv,181,0.567398
d__dexchus_dexchus__lag004,dexchus_dexchus,d,4,FRED_DEXCHUS_DEXCHUS.csv,181,0.567398
d__dexchus_dexchus__lag005,dexchus_dexchus,d,5,FRED_DEXCHUS_DEXCHUS.csv,181,0.567398
d__dexchus_dexchus__lag006,dexchus_dexchus,d,6,FRED_DEXCHUS_DEXCHUS.csv,181,0.567398
d__dexchus_dexchus__lag007,dexchus_dexchus,d,7,FRED_DEXCHUS_DEXCHUS.csv,181,0.567398
d__dexchus_dexchus__lag008,dexchus_dexchus,d,8,FRED_DEXCHUS_DEXCHUS.csv,181,0.567398
d__dexchus_dexchus__lag009,dexchus_dexchus,d,9,FRED_DEXCHUS_DEXCHUS.csv,181,0.567398
d__dexchus_dexchus__lag010,dexchus_dexchus,d,10,FRED_DEXCHUS_DEXCHUS.csv,181,0.567398
d__dexchus_dexchus__lag011,dexchus_dexchus,d,11,FRED_DEXCHUS_DEXCHUS.csv,181,0.567398
d__dexchus_dexchus__lag012,dexchus_dexchus,d,12,FRED_DEXCHUS_DEXCHUS.csv,181,0.567398
d__dexchus_dexchus__lag013,dexchus_dexchus,d,13,FRED_DEXCHUS_DEXCHUS.csv,181,0.567398
d__dexchus_dexchus__lag014,dexchus_dexchus,d,14,FRED_DEXCHUS_DEXCHUS.csv,181,0.567398
d__dexchus_dexchus__lag015,dexchus_dexchus,d,15,FRED_DEXCHUS_DEXCHUS.csv,181,0.567398
d__dexchus_dexchus__lag016,dexchus_dexchus,d,16,FRED_DEXCHUS_DEXCHUS.csv,181,0.567398
d__dexchus_dexchus__lag017,dexchus_dexchus,d,17,FRED_DEXCHUS_DEXCHUS.csv,181,0.567398
d__dexchus_dexchus__lag018,dexchus_dexchus,d,18,FRED_DEXCHUS_DEXCHUS.csv,181,0.567398
d__dexchus_dexchus__lag019,dexchus_dexchus,d,19,FRED_DEXCHUS_DEXCHUS.csv,181,0.567398
d__dexchus_dexchus__lag020,dexchus_dexchus,d,20,FRED_DEXCHUS_DEXCHUS.csv,181,0.567398
d__dexchus_dexchus__lag021,dexchus_dexchus,d,21,FRED_DEXCHUS_DEXCHUS.csv,181,0.567398
d__dexchus_dexchus__lag022,dexchus_dexchus,d,22,FRED_DEXCHUS_DEXCHUS.csv,181,0.567398
d__dexchus_dexchus__lag023,dexchus_dexchus,d,23,FRED_DEXCHUS_DEXCHUS.csv,181,0.567398
d__dexchus_dexchus__lag024,dexchus_dexchus,d,24,FRED_DEXCHUS_DEXCHUS.csv,181,0.567398
d__dexchus_dexchus__lag025,dexchus_dexchus,d,25,FRED_DEXCHUS_DEXCHUS.csv,181,0.567398
d__dexchus_dexchus__lag026,dexchus_dexchus,d,26,FRED_DEXCHUS_DEXCHUS.csv,181,0.567398
d__dexchus_dexchus__lag027,dexchus_dexchus,d,27,FRED_DEXCHUS_DEXCHUS.csv,181,0.567398
d__dexchus_dexchus__lag028,dexchus_dexchus,d,28,FRED_DEXCHUS_DEXCHUS.csv,181,0.567398
d__dexchus_dexchus__lag029,dexchus_dexchus,d,29,FRED_DEXCHUS_DEXCHUS.csv,181,0.567398
d__dexchus_dexchus__lag030,dexchus_dexchus,d,30,FRED_DEXCHUS_DEXCHUS.csv,181,0.567398
d__dexchus_dexchus__lag031,dexchus_dexchus,d,31,FRED_DEXCHUS_DEXCHUS.csv,181,0.567398
d__dexchus_dexchus__lag032,dexchus_dexchus,d,32,FRED_DEXCHUS_DEXCHUS.csv,181,0.567398
d__dexchus_dexchus__lag033,dexchus_dexchus,d,33,FRED_DEXCHUS_DEXCHUS.csv,181,0.567398
d__dexchus_dexchus__lag034,dexchus_dexchus,d,34,FRED_DEXCHUS_DEXCHUS.csv,181,0.567398
d__dexchus_dexchus__lag035,dexchus_dexchus,d,35,FRED_DEXCHUS_DEXCHUS.csv,181,0.567398
d__dexchus_dexchus__lag036,dexchus_dexchus,d,36,FRED_DEXCHUS_DEXCHUS.csv,181,0.567398
d__dexchus_dexchus__lag037,dexchus_dexchus,d,37,FRED_DEXCHUS_DEXCHUS.csv,181,0.567398
d__dexchus_dexchus__lag038,dexchus_dexchus,d,38,FRED_DEXCHUS_DEXCHUS.csv,181,0.567398
d__dexchus_dexchus__lag039,dexchus_dexchus,d,39,FRED_DEXCHUS_DEXCHUS.csv,181,0.567398
d__dexchus_dexchus__lag040,dexchus_dexchus,d,40,FRED_DEXCHUS_DEXCHUS.csv,181,0.567398
d__dexchus_dexchus__lag041,dexchus_dexchus,d,41,FRED_DEXCHUS_DEXCHUS.csv,181,0.567398
d__dexchus_dexchus__lag042,dexchus_dexchus,d,42,FRED_DEXCHUS_DEXCHUS.csv,181,0.567398
d__dexchus_dexchus__lag043,dexchus_dexchus,d,43,FRED_DEXCHUS_DEXCHUS.csv,181,0.567398
d__dexchus_dexchus__lag044,dexchus_dexchus,d,44,FRED_DEXCHUS_DEXCHUS.csv,181,0.567398
d__dexchus_dexchus__lag045,dexchus_dexchus,d,45,FRED_DEXCHUS_DEXCHUS.csv,181,0.567398
d__dexchus_dexchus__lag046,dexchus_dexchus,d,46,FRED_DEXCHUS_DEXCHUS.csv,181,0.567398
d__dexchus_dexchus__lag047,dexchus_dexchus,d,47,FRED_DEXCHUS_DEXCHUS.csv,181,0.567398
d__dexchus_dexchus__lag048,dexchus_dexchus,d,48,FRED_DEXCHUS_DEXCHUS.csv,181,0.567398
d__dexchus_dexchus__lag049,dexchus_dexchus,d,49,FRED_DEXCHUS_DEXCHUS.csv,181,0.567398
d__dexchus_dexchus__lag050,dexchus_dexchus,d,50,FRED_DEXCHUS_DEXCHUS.csv,181,0.567398
d__dexchus_dexchus__lag051,dexchus_dexchus,d,51,FRED_DEXCHUS_DEXCHUS.csv,181,0.567398
d__dexchus_dexchus__lag052,dexchus_dexchus,d,52,FRED_DEXCHUS_DEXCHUS.csv,181,0.567398
d__dexchus_dexchus__lag053,dexchus_dexchus,d,53,FRED_DEXCHUS_DEXCHUS.csv,181,0.567398
d__dexchus_dexchus__lag054,dexchus_dexchus,d,54,FRED_DEXCHUS_DEXCHUS.csv,181,0.567398
d__dexchus_dexchus__lag055,dexchus_dexchus,d,55,FRED_DEXCHUS_DEXCHUS.csv,181,0.567398
d__dexchus_dexchus__lag056,dexchus_dexchus,d,56,FRED_DEXCHUS_DEXCHUS.csv,181,0.567398
d__dexchus_dexchus__lag057,dexchus_dexchus,d,57,FRED_DEXCHUS_DEXCHUS.csv,181,0.567398
d__dexchus_dexchus__lag058,dexchus_dexchus,d,58,FRED_DEXCHUS_DEXCHUS.csv,181,0.567398
d__dexchus_dexchus__lag059,dexchus_dexchus,d,59,FRED_DEXCHUS_DEXCHUS.csv,181,0.567398
d__dexchus_dexchus__lag060,dexchus_dexchus,d,60,FRED_DEXCHUS_DEXCHUS.csv,181,0.567398
d__dexchus_dexchus__lag061,dexchus_dexchus,d,61,FRED_DEXCHUS_DEXCHUS.csv,181,0.567398
d__dexchus_dexchus__lag062,dexchus_dexchus,d,62,FRED_DEXCHUS_DEXCHUS.csv,181,0.567398
d__dexchus_dexchus__lag063,dexchus_dexchus,d,63,FRED_DEXCHUS_DEXCHUS.csv,181,0.567398
d__dexchus_dexchus__lag064,dexchus_dexchus,d,64,FRED_DEXCHUS_DEXCHUS.csv,181,0.567398
d__dexchus_dexchus__lag065,dexchus_dexchus,d,65,FRED_DEXCHUS_DEXCHUS.csv,181,0.567398
d__dexchus_dexchus__lag066,dexchus_dexchus,d,66,FRED_DEXCHUS_DEXCHUS.csv,181,0.567398
d__dexchus_dexchus__lag067,dexchus_dexchus,d,67,FRED_DEXCHUS_DEXCHUS.csv,181,0.567398
d__dexchus_dexchus__lag068,dexchus_dexchus,d,68,FRED_DEXCHUS_DEXCHUS.csv,181,0.567398
d__dexchus_dexchus__lag069,dexchus_dexchus,d,69,FRED_DEXCHUS_DEXCHUS.csv,181,0.567398
d__dexchus_dexchus__lag070,dexchus_dexchus,d,70,FRED_DEXCHUS_DEXCHUS.csv,181,0.567398
d__dexchus_dexchus__lag071,dexchus_dexchus,d,71,FRED_DEXCHUS_DEXCHUS.csv,181,0.567398
d__dexchus_dexchus__lag072,dexchus_dexchus,d,72,FRED_DEXCHUS_DEXCHUS.csv,181,0.567398
d__dexchus_dexchus__lag073,dexchus_dexchus,d,73,FRED_DEXCHUS_DEXCHUS.csv,181,0.567398
d__dexchus_dexchus__lag074,dexchus_dexchus,d,74,FRED_DEXCHUS_DEXCHUS.csv,181,0.567398
d__dexchus_dexchus__lag075,dexchus_dexchus,d,75,FRED_DEXCHUS_DEXCHUS.csv,181,0.567398
d__dexchus_dexchus__lag076,dexchus_dexchus,d,76,FRED_DEXCHUS_DEXCHUS.csv,181,0.567398
d__dexchus_dexchus__lag077,dexchus_dexchus,d,77,FRED_DEXCHUS_DEXCHUS.csv,181,0.567398
d__dexchus_dexchus__lag078,dexchus_dexchus,d,78,FRED_DEXCHUS_DEXCHUS.csv,181,0.567398
d__dexchus_dexchus__lag079,dexchus_dexchus,d,79,FRED_DEXCHUS_DEXCHUS.csv,181,0.567398
d__dexchus_dexchus__lag080,dexchus_dexchus,d,80,FRED_DEXCHUS_DEXCHUS.csv,181,0.567398
d__dexchus_dexchus__lag081,dexchus_dexchus,d,81,FRED_DEXCHUS_DEXCHUS.csv,181,0.567398
d__dexchus_dexchus__lag082,dexchus_dexchus,d,82,FRED_DEXCHUS_DEXCHUS.csv,181,0.567398
d__dexchus_dexchus__lag083,dexchus_dexchus,d,83,FRED_DEXCHUS_DEXCHUS.csv,181,0.567398
d__dexchus_dexchus__lag084,dexchus_dexchus,d,84,FRED_DEXCHUS_DEXCHUS.csv,181,0.567398
d__dexchus_dexchus__lag085,dexchus_dexchus,d,85,FRED_DEXCHUS_DEXCHUS.csv,181,0.567398
d__dexchus_dexchus__lag086,dexchus_dexchus,d,86,FRED_DEXCHUS_DEXCHUS.csv,181,0.567398
d__dexchus_dexchus__lag087,dexchus_dexchus,d,87,FRED_DEXCHUS_DEXCHUS.csv,181,0.567398
d__dexchus_dexchus__lag088,dexchus_dexchus,d,88,FRED_DEXCHUS_DEXCHUS.csv,181,0.567398
d__dexchus_dexchus__lag089,dexchus_dexchus,d,89,FRED_DEXCHUS_DEXCHUS.csv,181,0.567398
d__dexchus_dexchus__lag090,dexchus_dexchus,d,90,FRED_DEXCHUS_DEXCHUS.csv,180,0.564263
d__dexjpus_dexjpus__lag001,dexjpus_dexjpus,d,1,FRED_DEXJPUS_DEXJPUS.csv,221,0.69279
d__dexjpus_dexjpus__lag002,dexjpus_dexjpus,d,2,FRED_DEXJPUS_DEXJPUS.csv,221,0.69279
d__dexjpus_dexjpus__lag003,dexjpus_dexjpus,d,3,FRED_DEXJPUS_DEXJPUS.csv,221,0.69279
d__dexjpus_dexjpus__lag004,dexjpus_dexjpus,d,4,FRED_DEXJPUS_DEXJPUS.csv,221,0.69279
d__dexjpus_dexjpus__lag005,dexjpus_dexjpus,d,5,FRED_DEXJPUS_DEXJPUS.csv,221,0.69279
d__dexjpus_dexjpus__lag006,dexjpus_dexjpus,d,6,FRED_DEXJPUS_DEXJPUS.csv,221,0.69279
d__dexjpus_dexjpus__lag007,dexjpus_dexjpus,d,7,FRED_DEXJPUS_DEXJPUS.csv,221,0.69279
d__dexjpus_dexjpus__lag008,dexjpus_dexjpus,d,8,FRED_DEXJPUS_DEXJPUS.csv,221,0.69279
d__dexjpus_dexjpus__lag009,dexjpus_dexjpus,d,9,FRED_DEXJPUS_DEXJPUS.csv,221,0.69279
d__dexjpus_dexjpus__lag010,dexjpus_dexjpus,d,10,FRED_DEXJPUS_DEXJPUS.csv,221,0.69279
d__dexjpus_dexjpus__lag011,dexjpus_dexjpus,d,11,FRED_DEXJPUS_DEXJPUS.csv,221,0.69279
d__dexjpus_dexjpus__lag012,dexjpus_dexjpus,d,12,FRED_DEXJPUS_DEXJPUS.csv,221,0.69279
d__dexjpus_dexjpus__lag013,dexjpus_dexjpus,d,13,FRED_DEXJPUS_DEXJPUS.csv,221,0.69279
d__dexjpus_dexjpus__lag014,dexjpus_dexjpus,d,14,FRED_DEXJPUS_DEXJPUS.csv,221,0.69279
d__dexjpus_dexjpus__lag015,dexjpus_dexjpus,d,15,FRED_DEXJPUS_DEXJPUS.csv,221,0.69279
d__dexjpus_dexjpus__lag016,dexjpus_dexjpus,d,16,FRED_DEXJPUS_DEXJPUS.csv,221,0.69279
d__dexjpus_dexjpus__lag017,dexjpus_dexjpus,d,17,FRED_DEXJPUS_DEXJPUS.csv,221,0.69279
d__dexjpus_dexjpus__lag018,dexjpus_dexjpus,d,18,FRED_DEXJPUS_DEXJPUS.csv,221,0.69279
d__dexjpus_dexjpus__lag019,dexjpus_dexjpus,d,19,FRED_DEXJPUS_DEXJPUS.csv,221,0.69279
d__dexjpus_dexjpus__lag020,dexjpus_dexjpus,d,20,FRED_DEXJPUS_DEXJPUS.csv,221,0.69279
d__dexjpus_dexjpus__lag021,dexjpus_dexjpus,d,21,FRED_DEXJPUS_DEXJPUS.csv,221,0.69279
d__dexjpus_dexjpus__lag022,dexjpus_dexjpus,d,22,FRED_DEXJPUS_DEXJPUS.csv,221,0.69279
d__dexjpus_dexjpus__lag023,dexjpus_dexjpus,d,23,FRED_DEXJPUS_DEXJPUS.csv,221,0.69279
d__dexjpus_dexjpus__lag024,dexjpus_dexjpus,d,24,FRED_DEXJPUS_DEXJPUS.csv,221,0.69279
d__dexjpus_dexjpus__lag025,dexjpus_dexjpus,d,25,FRED_DEXJPUS_DEXJPUS.csv,221,0.69279
d__dexjpus_dexjpus__lag026,dexjpus_dexjpus,d,26,FRED_DEXJPUS_DEXJPUS.csv,221,0.69279
d__dexjpus_dexjpus__lag027,dexjpus_dexjpus,d,27,FRED_DEXJPUS_DEXJPUS.csv,221,0.69279
d__dexjpus_dexjpus__lag028,dexjpus_dexjpus,d,28,FRED_DEXJPUS_DEXJPUS.csv,221,0.69279
d__dexjpus_dexjpus__lag029,dexjpus_dexjpus,d,29,FRED_DEXJPUS_DEXJPUS.csv,221,0.69279
d__dexjpus_dexjpus__lag030,dexjpus_dexjpus,d,30,FRED_DEXJPUS_DEXJPUS.csv,221,0.69279
d__dexjpus_dexjpus__lag031,dexjpus_dexjpus,d,31,FRED_DEXJPUS_DEXJPUS.csv,221,0.69279
d__dexjpus_dexjpus__lag032,dexjpus_dexjpus,d,32,FRED_DEXJPUS_DEXJPUS.csv,221,0.69279
d__dexjpus_dexjpus__lag033,dexjpus_dexjpus,d,33,FRED_DEXJPUS_DEXJPUS.csv,221,0.69279
d__dexjpus_dexjpus__lag034,dexjpus_dexjpus,d,34,FRED_DEXJPUS_DEXJPUS.csv,221,0.69279
d__dexjpus_dexjpus__lag035,dexjpus_dexjpus,d,35,FRED_DEXJPUS_DEXJPUS.csv,221,0.69279
d__dexjpus_dexjpus__lag036,dexjpus_dexjpus,d,36,FRED_DEXJPUS_DEXJPUS.csv,221,0.69279
d__dexjpus_dexjpus__lag037,dexjpus_dexjpus,d,37,FRED_DEXJPUS_DEXJPUS.csv,221,0.69279
d__dexjpus_dexjpus__lag038,dexjpus_dexjpus,d,38,FRED_DEXJPUS_DEXJPUS.csv,221,0.69279
d__dexjpus_dexjpus__lag039,dexjpus_dexjpus,d,39,FRED_DEXJPUS_DEXJPUS.csv,221,0.69279
d__dexjpus_dexjpus__lag040,dexjpus_dexjpus,d,40,FRED_DEXJPUS_DEXJPUS.csv,221,0.69279
d__dexjpus_dexjpus__lag041,dexjpus_dexjpus,d,41,FRED_DEXJPUS_DEXJPUS.csv,221,0.69279
d__dexjpus_dexjpus__lag042,dexjpus_dexjpus,d,42,FRED_DEXJPUS_DEXJPUS.csv,221,0.69279
d__dexjpus_dexjpus__lag043,dexjpus_dexjpus,d,43,FRED_DEXJPUS_DEXJPUS.csv,221,0.69279
d__dexjpus_dexjpus__lag044,dexjpus_dexjpus,d,44,FRED_DEXJPUS_DEXJPUS.csv,221,0.69279
d__dexjpus_dexjpus__lag045,dexjpus_dexjpus,d,45,FRED_DEXJPUS_DEXJPUS.csv,221,0.69279
d__dexjpus_dexjpus__lag046,dexjpus_dexjpus,d,46,FRED_DEXJPUS_DEXJPUS.csv,221,0.69279
d__dexjpus_dexjpus__lag047,dexjpus_dexjpus,d,47,FRED_DEXJPUS_DEXJPUS.csv,221,0.69279
d__dexjpus_dexjpus__lag048,dexjpus_dexjpus,d,48,FRED_DEXJPUS_DEXJPUS.csv,221,0.69279
d__dexjpus_dexjpus__lag049,dexjpus_dexjpus,d,49,FRED_DEXJPUS_DEXJPUS.csv,221,0.69279
d__dexjpus_dexjpus__lag050,dexjpus_dexjpus,d,50,FRED_DEXJPUS_DEXJPUS.csv,221,0.69279
d__dexjpus_dexjpus__lag051,dexjpus_dexjpus,d,51,FRED_DEXJPUS_DEXJPUS.csv,221,0.69279
d__dexjpus_dexjpus__lag052,dexjpus_dexjpus,d,52,FRED_DEXJPUS_DEXJPUS.csv,221,0.69279
d__dexjpus_dexjpus__lag053,dexjpus_dexjpus,d,53,FRED_DEXJPUS_DEXJPUS.csv,221,0.69279
d__dexjpus_dexjpus__lag054,dexjpus_dexjpus,d,54,FRED_DEXJPUS_DEXJPUS.csv,221,0.69279
d__dexjpus_dexjpus__lag055,dexjpus_dexjpus,d,55,FRED_DEXJPUS_DEXJPUS.csv,221,0.69279
d__dexjpus_dexjpus__lag056,dexjpus_dexjpus,d,56,FRED_DEXJPUS_DEXJPUS.csv,221,0.69279
d__dexjpus_dexjpus__lag057,dexjpus_dexjpus,d,57,FRED_DEXJPUS_DEXJPUS.csv,221,0.69279
d__dexjpus_dexjpus__lag058,dexjpus_dexjpus,d,58,FRED_DEXJPUS_DEXJPUS.csv,221,0.69279
d__dexjpus_dexjpus__lag059,dexjpus_dexjpus,d,59,FRED_DEXJPUS_DEXJPUS.csv,221,0.69279
d__dexjpus_dexjpus__lag060,dexjpus_dexjpus,d,60,FRED_DEXJPUS_DEXJPUS.csv,221,0.69279
d__dexjpus_dexjpus__lag061,dexjpus_dexjpus,d,61,FRED_DEXJPUS_DEXJPUS.csv,221,0.69279
d__dexjpus_dexjpus__lag062,dexjpus_dexjpus,d,62,FRED_DEXJPUS_DEXJPUS.csv,221,0.69279
d__dexjpus_dexjpus__lag063,dexjpus_dexjpus,d,63,FRED_DEXJPUS_DEXJPUS.csv,221,0.69279
d__dexjpus_dexjpus__lag064,dexjpus_dexjpus,d,64,FRED_DEXJPUS_DEXJPUS.csv,221,0.69279
d__dexjpus_dexjpus__lag065,dexjpus_dexjpus,d,65,FRED_DEXJPUS_DEXJPUS.csv,221,0.69279
d__dexjpus_dexjpus__lag066,dexjpus_dexjpus,d,66,FRED_DEXJPUS_DEXJPUS.csv,221,0.69279
d__dexjpus_dexjpus__lag067,dexjpus_dexjpus,d,67,FRED_DEXJPUS_DEXJPUS.csv,221,0.69279
d__dexjpus_dexjpus__lag068,dexjpus_dexjpus,d,68,FRED_DEXJPUS_DEXJPUS.csv,221,0.69279
d__dexjpus_dexjpus__lag069,dexjpus_dexjpus,d,69,FRED_DEXJPUS_DEXJPUS.csv,221,0.69279
d__dexjpus_dexjpus__lag070,dexjpus_dexjpus,d,70,FRED_DEXJPUS_DEXJPUS.csv,221,0.69279
d__dexjpus_dexjpus__lag071,dexjpus_dexjpus,d,71,FRED_DEXJPUS_DEXJPUS.csv,221,0.69279
d__dexjpus_dexjpus__lag072,dexjpus_dexjpus,d,72,FRED_DEXJPUS_DEXJPUS.csv,221,0.69279
d__dexjpus_dexjpus__lag073,dexjpus_dexjpus,d,73,FRED_DEXJPUS_DEXJPUS.csv,221,0.69279
d__dexjpus_dexjpus__lag074,dexjpus_dexjpus,d,74,FRED_DEXJPUS_DEXJPUS.csv,221,0.69279
d__dexjpus_dexjpus__lag075,dexjpus_dexjpus,d,75,FRED_DEXJPUS_DEXJPUS.csv,221,0.69279
d__dexjpus_dexjpus__lag076,dexjpus_dexjpus,d,76,FRED_DEXJPUS_DEXJPUS.csv,221,0.69279
d__dexjpus_dexjpus__lag077,dexjpus_dexjpus,d,77,FRED_DEXJPUS_DEXJPUS.csv,221,0.69279
d__dexjpus_dexjpus__lag078,dexjpus_dexjpus,d,78,FRED_DEXJPUS_DEXJPUS.csv,221,0.69279
d__dexjpus_dexjpus__lag079,dexjpus_dexjpus,d,79,FRED_DEXJPUS_DEXJPUS.csv,221,0.69279
d__dexjpus_dexjpus__lag080,dexjpus_dexjpus,d,80,FRED_DEXJPUS_DEXJPUS.csv,221,0.69279
d__dexjpus_dexjpus__lag081,dexjpus_dexjpus,d,81,FRED_DEXJPUS_DEXJPUS.csv,221,0.69279
d__dexjpus_dexjpus__lag082,dexjpus_dexjpus,d,82,FRED_DEXJPUS_DEXJPUS.csv,221,0.69279
d__dexjpus_dexjpus__lag083,dexjpus_dexjpus,d,83,FRED_DEXJPUS_DEXJPUS.csv,221,0.69279
d__dexjpus_dexjpus__lag084,dexjpus_dexjpus,d,84,FRED_DEXJPUS_DEXJPUS.csv,221,0.69279
d__dexjpus_dexjpus__lag085,dexjpus_dexjpus,d,85,FRED_DEXJPUS_DEXJPUS.csv,221,0.69279
d__dexjpus_dexjpus__lag086,dexjpus_dexjpus,d,86,FRED_DEXJPUS_DEXJPUS.csv,221,0.69279
d__dexjpus_dexjpus__lag087,dexjpus_dexjpus,d,87,FRED_DEXJPUS_DEXJPUS.csv,221,0.69279
d__dexjpus_dexjpus__lag088,dexjpus_dexjpus,d,88,FRED_DEXJPUS_DEXJPUS.csv,220,0.689655
d__dexjpus_dexjpus__lag089,dexjpus_dexjpus,d,89,FRED_DEXJPUS_DEXJPUS.csv,220,0.689655
d__dexjpus_dexjpus__lag090,dexjpus_dexjpus,d,90,FRED_DEXJPUS_DEXJPUS.csv,220,0.689655
d__dexmxus_dexmxus__lag001,dexmxus_dexmxus,d,1,FRED_DEXMXUS_DEXMXUS.csv,130,0.407524
d__dexmxus_dexmxus__lag002,dexmxus_dexmxus,d,2,FRED_DEXMXUS_DEXMXUS.csv,130,0.407524
d__dexmxus_dexmxus__lag003,dexmxus_dexmxus,d,3,FRED_DEXMXUS_DEXMXUS.csv,130,0.407524
d__dexmxus_dexmxus__lag004,dexmxus_dexmxus,d,4,FRED_DEXMXUS_DEXMXUS.csv,130,0.407524
d__dexmxus_dexmxus__lag005,dexmxus_dexmxus,d,5,FRED_DEXMXUS_DEXMXUS.csv,130,0.407524
d__dexmxus_dexmxus__lag006,dexmxus_dexmxus,d,6,FRED_DEXMXUS_DEXMXUS.csv,130,0.407524
d__dexmxus_dexmxus__lag007,dexmxus_dexmxus,d,7,FRED_DEXMXUS_DEXMXUS.csv,130,0.407524
d__dexmxus_dexmxus__lag008,dexmxus_dexmxus,d,8,FRED_DEXMXUS_DEXMXUS.csv,130,0.407524
d__dexmxus_dexmxus__lag009,dexmxus_dexmxus,d,9,FRED_DEXMXUS_DEXMXUS.csv,130,0.407524
d__dexmxus_dexmxus__lag010,dexmxus_dexmxus,d,10,FRED_DEXMXUS_DEXMXUS.csv,130,0.407524
d__dexmxus_dexmxus__lag011,dexmxus_dexmxus,d,11,FRED_DEXMXUS_DEXMXUS.csv,130,0.407524
d__dexmxus_dexmxus__lag012,dexmxus_dexmxus,d,12,FRED_DEXMXUS_DEXMXUS.csv,130,0.407524
d__dexmxus_dexmxus__lag013,dexmxus_dexmxus,d,13,FRED_DEXMXUS_DEXMXUS.csv,130,0.407524
d__dexmxus_dexmxus__lag014,dexmxus_dexmxus,d,14,FRED_DEXMXUS_DEXMXUS.csv,130,0.407524
d__dexmxus_dexmxus__lag015,dexmxus_dexmxus,d,15,FRED_DEXMXUS_DEXMXUS.csv,130,0.407524
d__dexmxus_dexmxus__lag016,dexmxus_dexmxus,d,16,FRED_DEXMXUS_DEXMXUS.csv,130,0.407524
d__dexmxus_dexmxus__lag017,dexmxus_dexmxus,d,17,FRED_DEXMXUS_DEXMXUS.csv,130,0.407524
d__dexmxus_dexmxus__lag018,dexmxus_dexmxus,d,18,FRED_DEXMXUS_DEXMXUS.csv,130,0.407524
d__dexmxus_dexmxus__lag019,dexmxus_dexmxus,d,19,FRED_DEXMXUS_DEXMXUS.csv,130,0.407524
d__dexmxus_dexmxus__lag020,dexmxus_dexmxus,d,20,FRED_DEXMXUS_DEXMXUS.csv,130,0.407524
d__dexmxus_dexmxus__lag021,dexmxus_dexmxus,d,21,FRED_DEXMXUS_DEXMXUS.csv,130,0.407524
d__dexmxus_dexmxus__lag022,dexmxus_dexmxus,d,22,FRED_DEXMXUS_DEXMXUS.csv,130,0.407524
d__dexmxus_dexmxus__lag023,dexmxus_dexmxus,d,23,FRED_DEXMXUS_DEXMXUS.csv,130,0.407524
d__dexmxus_dexmxus__lag024,dexmxus_dexmxus,d,24,FRED_DEXMXUS_DEXMXUS.csv,130,0.407524
d__dexmxus_dexmxus__lag025,dexmxus_dexmxus,d,25,FRED_DEXMXUS_DEXMXUS.csv,130,0.407524
d__dexmxus_dexmxus__lag026,dexmxus_dexmxus,d,26,FRED_DEXMXUS_DEXMXUS.csv,130,0.407524
d__dexmxus_dexmxus__lag027,dexmxus_dexmxus,d,27,FRED_DEXMXUS_DEXMXUS.csv,130,0.407524
d__dexmxus_dexmxus__lag028,dexmxus_dexmxus,d,28,FRED_DEXMXUS_DEXMXUS.csv,130,0.407524
d__dexmxus_dexmxus__lag029,dexmxus_dexmxus,d,29,FRED_DEXMXUS_DEXMXUS.csv,130,0.407524
d__dexmxus_dexmxus__lag030,dexmxus_dexmxus,d,30,FRED_DEXMXUS_DEXMXUS.csv,130,0.407524
d__dexmxus_dexmxus__lag031,dexmxus_dexmxus,d,31,FRED_DEXMXUS_DEXMXUS.csv,130,0.407524
d__dexmxus_dexmxus__lag032,dexmxus_dexmxus,d,32,FRED_DEXMXUS_DEXMXUS.csv,130,0.407524
d__dexmxus_dexmxus__lag033,dexmxus_dexmxus,d,33,FRED_DEXMXUS_DEXMXUS.csv,130,0.407524
d__dexmxus_dexmxus__lag034,dexmxus_dexmxus,d,34,FRED_DEXMXUS_DEXMXUS.csv,130,0.407524
d__dexmxus_dexmxus__lag035,dexmxus_dexmxus,d,35,FRED_DEXMXUS_DEXMXUS.csv,130,0.407524
d__dexmxus_dexmxus__lag036,dexmxus_dexmxus,d,36,FRED_DEXMXUS_DEXMXUS.csv,130,0.407524
d__dexmxus_dexmxus__lag037,dexmxus_dexmxus,d,37,FRED_DEXMXUS_DEXMXUS.csv,130,0.407524
d__dexmxus_dexmxus__lag038,dexmxus_dexmxus,d,38,FRED_DEXMXUS_DEXMXUS.csv,130,0.407524
d__dexmxus_dexmxus__lag039,dexmxus_dexmxus,d,39,FRED_DEXMXUS_DEXMXUS.csv,130,0.407524
d__dexmxus_dexmxus__lag040,dexmxus_dexmxus,d,40,FRED_DEXMXUS_DEXMXUS.csv,130,0.407524
d__dexmxus_dexmxus__lag041,dexmxus_dexmxus,d,41,FRED_DEXMXUS_DEXMXUS.csv,130,0.407524
d__dexmxus_dexmxus__lag042,dexmxus_dexmxus,d,42,FRED_DEXMXUS_DEXMXUS.csv,130,0.407524
d__dexmxus_dexmxus__lag043,dexmxus_dexmxus,d,43,FRED_DEXMXUS_DEXMXUS.csv,130,0.407524
d__dexmxus_dexmxus__lag044,dexmxus_dexmxus,d,44,FRED_DEXMXUS_DEXMXUS.csv,130,0.407524
d__dexmxus_dexmxus__lag045,dexmxus_dexmxus,d,45,FRED_DEXMXUS_DEXMXUS.csv,130,0.407524
d__dexmxus_dexmxus__lag046,dexmxus_dexmxus,d,46,FRED_DEXMXUS_DEXMXUS.csv,130,0.407524
d__dexmxus_dexmxus__lag047,dexmxus_dexmxus,d,47,FRED_DEXMXUS_DEXMXUS.csv,130,0.407524
d__dexmxus_dexmxus__lag048,dexmxus_dexmxus,d,48,FRED_DEXMXUS_DEXMXUS.csv,130,0.407524
d__dexmxus_dexmxus__lag049,dexmxus_dexmxus,d,49,FRED_DEXMXUS_DEXMXUS.csv,130,0.407524
d__dexmxus_dexmxus__lag050,dexmxus_dexmxus,d,50,FRED_DEXMXUS_DEXMXUS.csv,130,0.407524
d__dexmxus_dexmxus__lag051,dexmxus_dexmxus,d,51,FRED_DEXMXUS_DEXMXUS.csv,130,0.407524
d__dexmxus_dexmxus__lag052,dexmxus_dexmxus,d,52,FRED_DEXMXUS_DEXMXUS.csv,130,0.407524
d__dexmxus_dexmxus__lag053,dexmxus_dexmxus,d,53,FRED_DEXMXUS_DEXMXUS.csv,130,0.407524
d__dexmxus_dexmxus__lag054,dexmxus_dexmxus,d,54,FRED_DEXMXUS_DEXMXUS.csv,130,0.407524
d__dexmxus_dexmxus__lag055,dexmxus_dexmxus,d,55,FRED_DEXMXUS_DEXMXUS.csv,129,0.404389
d__dexmxus_dexmxus__lag056,dexmxus_dexmxus,d,56,FRED_DEXMXUS_DEXMXUS.csv,129,0.404389
d__dexmxus_dexmxus__lag057,dexmxus_dexmxus,d,57,FRED_DEXMXUS_DEXMXUS.csv,129,0.404389
d__dexmxus_dexmxus__lag058,dexmxus_dexmxus,d,58,FRED_DEXMXUS_DEXMXUS.csv,129,0.404389
d__dexmxus_dexmxus__lag059,dexmxus_dexmxus,d,59,FRED_DEXMXUS_DEXMXUS.csv,129,0.404389
d__dexmxus_dexmxus__lag060,dexmxus_dexmxus,d,60,FRED_DEXMXUS_DEXMXUS.csv,129,0.404389
d__dexmxus_dexmxus__lag061,dexmxus_dexmxus,d,61,FRED_DEXMXUS_DEXMXUS.csv,129,0.404389
d__dexmxus_dexmxus__lag062,dexmxus_dexmxus,d,62,FRED_DEXMXUS_DEXMXUS.csv,129,0.404389
d__dexmxus_dexmxus__lag063,dexmxus_dexmxus,d,63,FRED_DEXMXUS_DEXMXUS.csv,129,0.404389
d__dexmxus_dexmxus__lag064,dexmxus_dexmxus,d,64,FRED_DEXMXUS_DEXMXUS.csv,129,0.404389
d__dexmxus_dexmxus__lag065,dexmxus_dexmxus,d,65,FRED_DEXMXUS_DEXMXUS.csv,129,0.404389
d__dexmxus_dexmxus__lag066,dexmxus_dexmxus,d,66,FRED_DEXMXUS_DEXMXUS.csv,129,0.404389
d__dexmxus_dexmxus__lag067,dexmxus_dexmxus,d,67,FRED_DEXMXUS_DEXMXUS.csv,129,0.404389
d__dexmxus_dexmxus__lag068,dexmxus_dexmxus,d,68,FRED_DEXMXUS_DEXMXUS.csv,129,0.404389
d__dexmxus_dexmxus__lag069,dexmxus_dexmxus,d,69,FRED_DEXMXUS_DEXMXUS.csv,129,0.404389
d__dexmxus_dexmxus__lag070,dexmxus_dexmxus,d,70,FRED_DEXMXUS_DEXMXUS.csv,129,0.404389
d__dexmxus_dexmxus__lag071,dexmxus_dexmxus,d,71,FRED_DEXMXUS_DEXMXUS.csv,129,0.404389
d__dexmxus_dexmxus__lag072,dexmxus_dexmxus,d,72,FRED_DEXMXUS_DEXMXUS.csv,129,0.404389
d__dexmxus_dexmxus__lag073,dexmxus_dexmxus,d,73,FRED_DEXMXUS_DEXMXUS.csv,129,0.404389
d__dexmxus_dexmxus__lag074,dexmxus_dexmxus,d,74,FRED_DEXMXUS_DEXMXUS.csv,129,0.404389
d__dexmxus_dexmxus__lag075,dexmxus_dexmxus,d,75,FRED_DEXMXUS_DEXMXUS.csv,129,0.404389
d__dexmxus_dexmxus__lag076,dexmxus_dexmxus,d,76,FRED_DEXMXUS_DEXMXUS.csv,129,0.404389
d__dexmxus_dexmxus__lag077,dexmxus_dexmxus,d,77,FRED_DEXMXUS_DEXMXUS.csv,129,0.404389
d__dexmxus_dexmxus__lag078,dexmxus_dexmxus,d,78,FRED_DEXMXUS_DEXMXUS.csv,129,0.404389
d__dexmxus_dexmxus__lag079,dexmxus_dexmxus,d,79,FRED_DEXMXUS_DEXMXUS.csv,129,0.404389
d__dexmxus_dexmxus__lag080,dexmxus_dexmxus,d,80,FRED_DEXMXUS_DEXMXUS.csv,129,0.404389
d__dexmxus_dexmxus__lag081,dexmxus_dexmxus,d,81,FRED_DEXMXUS_DEXMXUS.csv,129,0.404389
d__dexmxus_dexmxus__lag082,dexmxus_dexmxus,d,82,FRED_DEXMXUS_DEXMXUS.csv,129,0.404389
d__dexmxus_dexmxus__lag083,dexmxus_dexmxus,d,83,FRED_DEXMXUS_DEXMXUS.csv,129,0.404389
d__dexmxus_dexmxus__lag084,dexmxus_dexmxus,d,84,FRED_DEXMXUS_DEXMXUS.csv,129,0.404389
d__dexmxus_dexmxus__lag085,dexmxus_dexmxus,d,85,FRED_DEXMXUS_DEXMXUS.csv,129,0.404389
d__dexmxus_dexmxus__lag086,dexmxus_dexmxus,d,86,FRED_DEXMXUS_DEXMXUS.csv,129,0.404389
d__dexmxus_dexmxus__lag087,dexmxus_dexmxus,d,87,FRED_DEXMXUS_DEXMXUS.csv,129,0.404389
d__dexmxus_dexmxus__lag088,dexmxus_dexmxus,d,88,FRED_DEXMXUS_DEXMXUS.csv,129,0.404389
d__dexmxus_dexmxus__lag089,dexmxus_dexmxus,d,89,FRED_DEXMXUS_DEXMXUS.csv,129,0.404389
d__dexmxus_dexmxus__lag090,dexmxus_dexmxus,d,90,FRED_DEXMXUS_DEXMXUS.csv,129,0.404389
d__dexszus_dexszus__lag001,dexszus_dexszus,d,1,FRED_DEXSZUS_DEXSZUS.csv,221,0.69279
d__dexszus_dexszus__lag002,dexszus_dexszus,d,2,FRED_DEXSZUS_DEXSZUS.csv,221,0.69279
d__dexszus_dexszus__lag003,dexszus_dexszus,d,3,FRED_DEXSZUS_DEXSZUS.csv,221,0.69279
d__dexszus_dexszus__lag004,dexszus_dexszus,d,4,FRED_DEXSZUS_DEXSZUS.csv,221,0.69279
d__dexszus_dexszus__lag005,dexszus_dexszus,d,5,FRED_DEXSZUS_DEXSZUS.csv,221,0.69279
d__dexszus_dexszus__lag006,dexszus_dexszus,d,6,FRED_DEXSZUS_DEXSZUS.csv,221,0.69279
d__dexszus_dexszus__lag007,dexszus_dexszus,d,7,FRED_DEXSZUS_DEXSZUS.csv,221,0.69279
d__dexszus_dexszus__lag008,dexszus_dexszus,d,8,FRED_DEXSZUS_DEXSZUS.csv,221,0.69279
d__dexszus_dexszus__lag009,dexszus_dexszus,d,9,FRED_DEXSZUS_DEXSZUS.csv,221,0.69279
d__dexszus_dexszus__lag010,dexszus_dexszus,d,10,FRED_DEXSZUS_DEXSZUS.csv,221,0.69279
d__dexszus_dexszus__lag011,dexszus_dexszus,d,11,FRED_DEXSZUS_DEXSZUS.csv,221,0.69279
d__dexszus_dexszus__lag012,dexszus_dexszus,d,12,FRED_DEXSZUS_DEXSZUS.csv,221,0.69279
d__dexszus_dexszus__lag013,dexszus_dexszus,d,13,FRED_DEXSZUS_DEXSZUS.csv,221,0.69279
d__dexszus_dexszus__lag014,dexszus_dexszus,d,14,FRED_DEXSZUS_DEXSZUS.csv,221,0.69279
d__dexszus_dexszus__lag015,dexszus_dexszus,d,15,FRED_DEXSZUS_DEXSZUS.csv,221,0.69279
d__dexszus_dexszus__lag016,dexszus_dexszus,d,16,FRED_DEXSZUS_DEXSZUS.csv,221,0.69279
d__dexszus_dexszus__lag017,dexszus_dexszus,d,17,FRED_DEXSZUS_DEXSZUS.csv,221,0.69279
d__dexszus_dexszus__lag018,dexszus_dexszus,d,18,FRED_DEXSZUS_DEXSZUS.csv,221,0.69279
d__dexszus_dexszus__lag019,dexszus_dexszus,d,19,FRED_DEXSZUS_DEXSZUS.csv,221,0.69279
d__dexszus_dexszus__lag020,dexszus_dexszus,d,20,FRED_DEXSZUS_DEXSZUS.csv,221,0.69279
d__dexszus_dexszus__lag021,dexszus_dexszus,d,21,FRED_DEXSZUS_DEXSZUS.csv,221,0.69279
d__dexszus_dexszus__lag022,dexszus_dexszus,d,22,FRED_DEXSZUS_DEXSZUS.csv,221,0.69279
d__dexszus_dexszus__lag023,dexszus_dexszus,d,23,FRED_DEXSZUS_DEXSZUS.csv,221,0.69279
d__dexszus_dexszus__lag024,dexszus_dexszus,d,24,FRED_DEXSZUS_DEXSZUS.csv,221,0.69279
d__dexszus_dexszus__lag025,dexszus_dexszus,d,25,FRED_DEXSZUS_DEXSZUS.csv,221,0.69279
d__dexszus_dexszus__lag026,dexszus_dexszus,d,26,FRED_DEXSZUS_DEXSZUS.csv,221,0.69279
d__dexszus_dexszus__lag027,dexszus_dexszus,d,27,FRED_DEXSZUS_DEXSZUS.csv,221,0.69279
d__dexszus_dexszus__lag028,dexszus_dexszus,d,28,FRED_DEXSZUS_DEXSZUS.csv,221,0.69279
d__dexszus_dexszus__lag029,dexszus_dexszus,d,29,FRED_DEXSZUS_DEXSZUS.csv,221,0.69279
d__dexszus_dexszus__lag030,dexszus_dexszus,d,30,FRED_DEXSZUS_DEXSZUS.csv,221,0.69279
d__dexszus_dexszus__lag031,dexszus_dexszus,d,31,FRED_DEXSZUS_DEXSZUS.csv,221,0.69279
d__dexszus_dexszus__lag032,dexszus_dexszus,d,32,FRED_DEXSZUS_DEXSZUS.csv,221,0.69279
d__dexszus_dexszus__lag033,dexszus_dexszus,d,33,FRED_DEXSZUS_DEXSZUS.csv,221,0.69279
d__dexszus_dexszus__lag034,dexszus_dexszus,d,34,FRED_DEXSZUS_DEXSZUS.csv,221,0.69279
d__dexszus_dexszus__lag035,dexszus_dexszus,d,35,FRED_DEXSZUS_DEXSZUS.csv,221,0.69279
d__dexszus_dexszus__lag036,dexszus_dexszus,d,36,FRED_DEXSZUS_DEXSZUS.csv,221,0.69279
d__dexszus_dexszus__lag037,dexszus_dexszus,d,37,FRED_DEXSZUS_DEXSZUS.csv,221,0.69279
d__dexszus_dexszus__lag038,dexszus_dexszus,d,38,FRED_DEXSZUS_DEXSZUS.csv,221,0.69279
d__dexszus_dexszus__lag039,dexszus_dexszus,d,39,FRED_DEXSZUS_DEXSZUS.csv,221,0.69279
d__dexszus_dexszus__lag040,dexszus_dexszus,d,40,FRED_DEXSZUS_DEXSZUS.csv,221,0.69279
d__dexszus_dexszus__lag041,dexszus_dexszus,d,41,FRED_DEXSZUS_DEXSZUS.csv,221,0.69279
d__dexszus_dexszus__lag042,dexszus_dexszus,d,42,FRED_DEXSZUS_DEXSZUS.csv,221,0.69279
d__dexszus_dexszus__lag043,dexszus_dexszus,d,43,FRED_DEXSZUS_DEXSZUS.csv,221,0.69279
d__dexszus_dexszus__lag044,dexszus_dexszus,d,44,FRED_DEXSZUS_DEXSZUS.csv,221,0.69279
d__dexszus_dexszus__lag045,dexszus_dexszus,d,45,FRED_DEXSZUS_DEXSZUS.csv,221,0.69279
d__dexszus_dexszus__lag046,dexszus_dexszus,d,46,FRED_DEXSZUS_DEXSZUS.csv,221,0.69279
d__dexszus_dexszus__lag047,dexszus_dexszus,d,47,FRED_DEXSZUS_DEXSZUS.csv,221,0.69279
d__dexszus_dexszus__lag048,dexszus_dexszus,d,48,FRED_DEXSZUS_DEXSZUS.csv,221,0.69279
d__dexszus_dexszus__lag049,dexszus_dexszus,d,49,FRED_DEXSZUS_DEXSZUS.csv,221,0.69279
d__dexszus_dexszus__lag050,dexszus_dexszus,d,50,FRED_DEXSZUS_DEXSZUS.csv,221,0.69279
d__dexszus_dexszus__lag051,dexszus_dexszus,d,51,FRED_DEXSZUS_DEXSZUS.csv,221,0.69279
d__dexszus_dexszus__lag052,dexszus_dexszus,d,52,FRED_DEXSZUS_DEXSZUS.csv,221,0.69279
d__dexszus_dexszus__lag053,dexszus_dexszus,d,53,FRED_DEXSZUS_DEXSZUS.csv,221,0.69279
d__dexszus_dexszus__lag054,dexszus_dexszus,d,54,FRED_DEXSZUS_DEXSZUS.csv,221,0.69279
d__dexszus_dexszus__lag055,dexszus_dexszus,d,55,FRED_DEXSZUS_DEXSZUS.csv,221,0.69279
d__dexszus_dexszus__lag056,dexszus_dexszus,d,56,FRED_DEXSZUS_DEXSZUS.csv,221,0.69279
d__dexszus_dexszus__lag057,dexszus_dexszus,d,57,FRED_DEXSZUS_DEXSZUS.csv,221,0.69279
d__dexszus_dexszus__lag058,dexszus_dexszus,d,58,FRED_DEXSZUS_DEXSZUS.csv,221,0.69279
d__dexszus_dexszus__lag059,dexszus_dexszus,d,59,FRED_DEXSZUS_DEXSZUS.csv,221,0.69279
d__dexszus_dexszus__lag060,dexszus_dexszus,d,60,FRED_DEXSZUS_DEXSZUS.csv,221,0.69279
d__dexszus_dexszus__lag061,dexszus_dexszus,d,61,FRED_DEXSZUS_DEXSZUS.csv,221,0.69279
d__dexszus_dexszus__lag062,dexszus_dexszus,d,62,FRED_DEXSZUS_DEXSZUS.csv,221,0.69279
d__dexszus_dexszus__lag063,dexszus_dexszus,d,63,FRED_DEXSZUS_DEXSZUS.csv,221,0.69279
d__dexszus_dexszus__lag064,dexszus_dexszus,d,64,FRED_DEXSZUS_DEXSZUS.csv,221,0.69279
d__dexszus_dexszus__lag065,dexszus_dexszus,d,65,FRED_DEXSZUS_DEXSZUS.csv,221,0.69279
d__dexszus_dexszus__lag066,dexszus_dexszus,d,66,FRED_DEXSZUS_DEXSZUS.csv,221,0.69279
d__dexszus_dexszus__lag067,dexszus_dexszus,d,67,FRED_DEXSZUS_DEXSZUS.csv,221,0.69279
d__dexszus_dexszus__lag068,dexszus_dexszus,d,68,FRED_DEXSZUS_DEXSZUS.csv,221,0.69279
d__dexszus_dexszus__lag069,dexszus_dexszus,d,69,FRED_DEXSZUS_DEXSZUS.csv,221,0.69279
d__dexszus_dexszus__lag070,dexszus_dexszus,d,70,FRED_DEXSZUS_DEXSZUS.csv,221,0.69279
d__dexszus_dexszus__lag071,dexszus_dexszus,d,71,FRED_DEXSZUS_DEXSZUS.csv,221,0.69279
d__dexszus_dexszus__lag072,dexszus_dexszus,d,72,FRED_DEXSZUS_DEXSZUS.csv,221,0.69279
d__dexszus_dexszus__lag073,dexszus_dexszus,d,73,FRED_DEXSZUS_DEXSZUS.csv,221,0.69279
d__dexszus_dexszus__lag074,dexszus_dexszus,d,74,FRED_DEXSZUS_DEXSZUS.csv,221,0.69279
d__dexszus_dexszus__lag075,dexszus_dexszus,d,75,FRED_DEXSZUS_DEXSZUS.csv,221,0.69279
d__dexszus_dexszus__lag076,dexszus_dexszus,d,76,FRED_DEXSZUS_DEXSZUS.csv,221,0.69279
d__dexszus_dexszus__lag077,dexszus_dexszus,d,77,FRED_DEXSZUS_DEXSZUS.csv,221,0.69279
d__dexszus_dexszus__lag078,dexszus_dexszus,d,78,FRED_DEXSZUS_DEXSZUS.csv,221,0.69279
d__dexszus_dexszus__lag079,dexszus_dexszus,d,79,FRED_DEXSZUS_DEXSZUS.csv,221,0.69279
d__dexszus_dexszus__lag080,dexszus_dexszus,d,80,FRED_DEXSZUS_DEXSZUS.csv,221,0.69279
d__dexszus_dexszus__lag081,dexszus_dexszus,d,81,FRED_DEXSZUS_DEXSZUS.csv,221,0.69279
d__dexszus_dexszus__lag082,dexszus_dexszus,d,82,FRED_DEXSZUS_DEXSZUS.csv,221,0.69279
d__dexszus_dexszus__lag083,dexszus_dexszus,d,83,FRED_DEXSZUS_DEXSZUS.csv,221,0.69279
d__dexszus_dexszus__lag084,dexszus_dexszus,d,84,FRED_DEXSZUS_DEXSZUS.csv,221,0.69279
d__dexszus_dexszus__lag085,dexszus_dexszus,d,85,FRED_DEXSZUS_DEXSZUS.csv,221,0.69279
d__dexszus_dexszus__lag086,dexszus_dexszus,d,86,FRED_DEXSZUS_DEXSZUS.csv,221,0.69279
d__dexszus_dexszus__lag087,dexszus_dexszus,d,87,FRED_DEXSZUS_DEXSZUS.csv,221,0.69279
d__dexszus_dexszus__lag088,dexszus_dexszus,d,88,FRED_DEXSZUS_DEXSZUS.csv,220,0.689655
d__dexszus_dexszus__lag089,dexszus_dexszus,d,89,FRED_DEXSZUS_DEXSZUS.csv,220,0.689655
d__dexszus_dexszus__lag090,dexszus_dexszus,d,90,FRED_DEXSZUS_DEXSZUS.csv,220,0.689655
d__dexuseu_dexuseu__lag001,dexuseu_dexuseu,d,1,FRED_DEXUSEU_DEXUSEU.csv,109,0.341693
d__dexuseu_dexuseu__lag002,dexuseu_dexuseu,d,2,FRED_DEXUSEU_DEXUSEU.csv,109,0.341693
d__dexuseu_dexuseu__lag003,dexuseu_dexuseu,d,3,FRED_DEXUSEU_DEXUSEU.csv,109,0.341693
d__dexuseu_dexuseu__lag004,dexuseu_dexuseu,d,4,FRED_DEXUSEU_DEXUSEU.csv,109,0.341693
d__dexuseu_dexuseu__lag005,dexuseu_dexuseu,d,5,FRED_DEXUSEU_DEXUSEU.csv,109,0.341693
d__dexuseu_dexuseu__lag006,dexuseu_dexuseu,d,6,FRED_DEXUSEU_DEXUSEU.csv,109,0.341693
d__dexuseu_dexuseu__lag007,dexuseu_dexuseu,d,7,FRED_DEXUSEU_DEXUSEU.csv,109,0.341693
d__dexuseu_dexuseu__lag008,dexuseu_dexuseu,d,8,FRED_DEXUSEU_DEXUSEU.csv,109,0.341693
d__dexuseu_dexuseu__lag009,dexuseu_dexuseu,d,9,FRED_DEXUSEU_DEXUSEU.csv,109,0.341693
d__dexuseu_dexuseu__lag010,dexuseu_dexuseu,d,10,FRED_DEXUSEU_DEXUSEU.csv,109,0.341693
d__dexuseu_dexuseu__lag011,dexuseu_dexuseu,d,11,FRED_DEXUSEU_DEXUSEU.csv,109,0.341693
d__dexuseu_dexuseu__lag012,dexuseu_dexuseu,d,12,FRED_DEXUSEU_DEXUSEU.csv,109,0.341693
d__dexuseu_dexuseu__lag013,dexuseu_dexuseu,d,13,FRED_DEXUSEU_DEXUSEU.csv,109,0.341693
d__dexuseu_dexuseu__lag014,dexuseu_dexuseu,d,14,FRED_DEXUSEU_DEXUSEU.csv,109,0.341693
d__dexuseu_dexuseu__lag015,dexuseu_dexuseu,d,15,FRED_DEXUSEU_DEXUSEU.csv,109,0.341693
d__dexuseu_dexuseu__lag016,dexuseu_dexuseu,d,16,FRED_DEXUSEU_DEXUSEU.csv,109,0.341693
d__dexuseu_dexuseu__lag017,dexuseu_dexuseu,d,17,FRED_DEXUSEU_DEXUSEU.csv,109,0.341693
d__dexuseu_dexuseu__lag018,dexuseu_dexuseu,d,18,FRED_DEXUSEU_DEXUSEU.csv,109,0.341693
d__dexuseu_dexuseu__lag019,dexuseu_dexuseu,d,19,FRED_DEXUSEU_DEXUSEU.csv,109,0.341693
d__dexuseu_dexuseu__lag020,dexuseu_dexuseu,d,20,FRED_DEXUSEU_DEXUSEU.csv,109,0.341693
d__dexuseu_dexuseu__lag021,dexuseu_dexuseu,d,21,FRED_DEXUSEU_DEXUSEU.csv,109,0.341693
d__dexuseu_dexuseu__lag022,dexuseu_dexuseu,d,22,FRED_DEXUSEU_DEXUSEU.csv,109,0.341693
d__dexuseu_dexuseu__lag023,dexuseu_dexuseu,d,23,FRED_DEXUSEU_DEXUSEU.csv,109,0.341693
d__dexuseu_dexuseu__lag024,dexuseu_dexuseu,d,24,FRED_DEXUSEU_DEXUSEU.csv,109,0.341693
d__dexuseu_dexuseu__lag025,dexuseu_dexuseu,d,25,FRED_DEXUSEU_DEXUSEU.csv,109,0.341693
d__dexuseu_dexuseu__lag026,dexuseu_dexuseu,d,26,FRED_DEXUSEU_DEXUSEU.csv,109,0.341693
d__dexuseu_dexuseu__lag027,dexuseu_dexuseu,d,27,FRED_DEXUSEU_DEXUSEU.csv,109,0.341693
d__dexuseu_dexuseu__lag028,dexuseu_dexuseu,d,28,FRED_DEXUSEU_DEXUSEU.csv,109,0.341693
d__dexuseu_dexuseu__lag029,dexuseu_dexuseu,d,29,FRED_DEXUSEU_DEXUSEU.csv,109,0.341693
d__dexuseu_dexuseu__lag030,dexuseu_dexuseu,d,30,FRED_DEXUSEU_DEXUSEU.csv,109,0.341693
d__dexuseu_dexuseu__lag031,dexuseu_dexuseu,d,31,FRED_DEXUSEU_DEXUSEU.csv,109,0.341693
d__dexuseu_dexuseu__lag032,dexuseu_dexuseu,d,32,FRED_DEXUSEU_DEXUSEU.csv,109,0.341693
d__dexuseu_dexuseu__lag033,dexuseu_dexuseu,d,33,FRED_DEXUSEU_DEXUSEU.csv,109,0.341693
d__dexuseu_dexuseu__lag034,dexuseu_dexuseu,d,34,FRED_DEXUSEU_DEXUSEU.csv,109,0.341693
d__dexuseu_dexuseu__lag035,dexuseu_dexuseu,d,35,FRED_DEXUSEU_DEXUSEU.csv,109,0.341693
d__dexuseu_dexuseu__lag036,dexuseu_dexuseu,d,36,FRED_DEXUSEU_DEXUSEU.csv,109,0.341693
d__dexuseu_dexuseu__lag037,dexuseu_dexuseu,d,37,FRED_DEXUSEU_DEXUSEU.csv,109,0.341693
d__dexuseu_dexuseu__lag038,dexuseu_dexuseu,d,38,FRED_DEXUSEU_DEXUSEU.csv,109,0.341693
d__dexuseu_dexuseu__lag039,dexuseu_dexuseu,d,39,FRED_DEXUSEU_DEXUSEU.csv,109,0.341693
d__dexuseu_dexuseu__lag040,dexuseu_dexuseu,d,40,FRED_DEXUSEU_DEXUSEU.csv,109,0.341693
d__dexuseu_dexuseu__lag041,dexuseu_dexuseu,d,41,FRED_DEXUSEU_DEXUSEU.csv,109,0.341693
d__dexuseu_dexuseu__lag042,dexuseu_dexuseu,d,42,FRED_DEXUSEU_DEXUSEU.csv,109,0.341693
d__dexuseu_dexuseu__lag043,dexuseu_dexuseu,d,43,FRED_DEXUSEU_DEXUSEU.csv,109,0.341693
d__dexuseu_dexuseu__lag044,dexuseu_dexuseu,d,44,FRED_DEXUSEU_DEXUSEU.csv,109,0.341693
d__dexuseu_dexuseu__lag045,dexuseu_dexuseu,d,45,FRED_DEXUSEU_DEXUSEU.csv,109,0.341693
d__dexuseu_dexuseu__lag046,dexuseu_dexuseu,d,46,FRED_DEXUSEU_DEXUSEU.csv,109,0.341693
d__dexuseu_dexuseu__lag047,dexuseu_dexuseu,d,47,FRED_DEXUSEU_DEXUSEU.csv,109,0.341693
d__dexuseu_dexuseu__lag048,dexuseu_dexuseu,d,48,FRED_DEXUSEU_DEXUSEU.csv,109,0.341693
d__dexuseu_dexuseu__lag049,dexuseu_dexuseu,d,49,FRED_DEXUSEU_DEXUSEU.csv,109,0.341693
d__dexuseu_dexuseu__lag050,dexuseu_dexuseu,d,50,FRED_DEXUSEU_DEXUSEU.csv,109,0.341693
d__dexuseu_dexuseu__lag051,dexuseu_dexuseu,d,51,FRED_DEXUSEU_DEXUSEU.csv,109,0.341693
d__dexuseu_dexuseu__lag052,dexuseu_dexuseu,d,52,FRED_DEXUSEU_DEXUSEU.csv,109,0.341693
d__dexuseu_dexuseu__lag053,dexuseu_dexuseu,d,53,FRED_DEXUSEU_DEXUSEU.csv,109,0.341693
d__dexuseu_dexuseu__lag054,dexuseu_dexuseu,d,54,FRED_DEXUSEU_DEXUSEU.csv,109,0.341693
d__dexuseu_dexuseu__lag055,dexuseu_dexuseu,d,55,FRED_DEXUSEU_DEXUSEU.csv,109,0.341693
d__dexuseu_dexuseu__lag056,dexuseu_dexuseu,d,56,FRED_DEXUSEU_DEXUSEU.csv,109,0.341693
d__dexuseu_dexuseu__lag057,dexuseu_dexuseu,d,57,FRED_DEXUSEU_DEXUSEU.csv,109,0.341693
d__dexuseu_dexuseu__lag058,dexuseu_dexuseu,d,58,FRED_DEXUSEU_DEXUSEU.csv,109,0.341693
d__dexuseu_dexuseu__lag059,dexuseu_dexuseu,d,59,FRED_DEXUSEU_DEXUSEU.csv,109,0.341693
d__dexuseu_dexuseu__lag060,dexuseu_dexuseu,d,60,FRED_DEXUSEU_DEXUSEU.csv,109,0.341693
d__dexuseu_dexuseu__lag061,dexuseu_dexuseu,d,61,FRED_DEXUSEU_DEXUSEU.csv,109,0.341693
d__dexuseu_dexuseu__lag062,dexuseu_dexuseu,d,62,FRED_DEXUSEU_DEXUSEU.csv,109,0.341693
d__dexuseu_dexuseu__lag063,dexuseu_dexuseu,d,63,FRED_DEXUSEU_DEXUSEU.csv,109,0.341693
d__dexuseu_dexuseu__lag064,dexuseu_dexuseu,d,64,FRED_DEXUSEU_DEXUSEU.csv,109,0.341693
d__dexuseu_dexuseu__lag065,dexuseu_dexuseu,d,65,FRED_DEXUSEU_DEXUSEU.csv,109,0.341693
d__dexuseu_dexuseu__lag066,dexuseu_dexuseu,d,66,FRED_DEXUSEU_DEXUSEU.csv,109,0.341693
d__dexuseu_dexuseu__lag067,dexuseu_dexuseu,d,67,FRED_DEXUSEU_DEXUSEU.csv,109,0.341693
d__dexuseu_dexuseu__lag068,dexuseu_dexuseu,d,68,FRED_DEXUSEU_DEXUSEU.csv,109,0.341693
d__dexuseu_dexuseu__lag069,dexuseu_dexuseu,d,69,FRED_DEXUSEU_DEXUSEU.csv,109,0.341693
d__dexuseu_dexuseu__lag070,dexuseu_dexuseu,d,70,FRED_DEXUSEU_DEXUSEU.csv,109,0.341693
d__dexuseu_dexuseu__lag071,dexuseu_dexuseu,d,71,FRED_DEXUSEU_DEXUSEU.csv,109,0.341693
d__dexuseu_dexuseu__lag072,dexuseu_dexuseu,d,72,FRED_DEXUSEU_DEXUSEU.csv,109,0.341693
d__dexuseu_dexuseu__lag073,dexuseu_dexuseu,d,73,FRED_DEXUSEU_DEXUSEU.csv,109,0.341693
d__dexuseu_dexuseu__lag074,dexuseu_dexuseu,d,74,FRED_DEXUSEU_DEXUSEU.csv,109,0.341693
d__dexuseu_dexuseu__lag075,dexuseu_dexuseu,d,75,FRED_DEXUSEU_DEXUSEU.csv,109,0.341693
d__dexuseu_dexuseu__lag076,dexuseu_dexuseu,d,76,FRED_DEXUSEU_DEXUSEU.csv,109,0.341693
d__dexuseu_dexuseu__lag077,dexuseu_dexuseu,d,77,FRED_DEXUSEU_DEXUSEU.csv,109,0.341693
d__dexuseu_dexuseu__lag078,dexuseu_dexuseu,d,78,FRED_DEXUSEU_DEXUSEU.csv,109,0.341693
d__dexuseu_dexuseu__lag079,dexuseu_dexuseu,d,79,FRED_DEXUSEU_DEXUSEU.csv,109,0.341693
d__dexuseu_dexuseu__lag080,dexuseu_dexuseu,d,80,FRED_DEXUSEU_DEXUSEU.csv,109,0.341693
d__dexuseu_dexuseu__lag081,dexuseu_dexuseu,d,81,FRED_DEXUSEU_DEXUSEU.csv,109,0.341693
d__dexuseu_dexuseu__lag082,dexuseu_dexuseu,d,82,FRED_DEXUSEU_DEXUSEU.csv,109,0.341693
d__dexuseu_dexuseu__lag083,dexuseu_dexuseu,d,83,FRED_DEXUSEU_DEXUSEU.csv,109,0.341693
d__dexuseu_dexuseu__lag084,dexuseu_dexuseu,d,84,FRED_DEXUSEU_DEXUSEU.csv,109,0.341693
d__dexuseu_dexuseu__lag085,dexuseu_dexuseu,d,85,FRED_DEXUSEU_DEXUSEU.csv,109,0.341693
d__dexuseu_dexuseu__lag086,dexuseu_dexuseu,d,86,FRED_DEXUSEU_DEXUSEU.csv,109,0.341693
d__dexuseu_dexuseu__lag087,dexuseu_dexuseu,d,87,FRED_DEXUSEU_DEXUSEU.csv,109,0.341693
d__dexuseu_dexuseu__lag088,dexuseu_dexuseu,d,88,FRED_DEXUSEU_DEXUSEU.csv,108,0.338558
d__dexuseu_dexuseu__lag089,dexuseu_dexuseu,d,89,FRED_DEXUSEU_DEXUSEU.csv,108,0.338558
d__dexuseu_dexuseu__lag090,dexuseu_dexuseu,d,90,FRED_DEXUSEU_DEXUSEU.csv,108,0.338558
d__dexusuk_dexusuk__lag001,dexusuk_dexusuk,d,1,FRED_DEXUSUK_DEXUSUK.csv,221,0.69279
d__dexusuk_dexusuk__lag002,dexusuk_dexusuk,d,2,FRED_DEXUSUK_DEXUSUK.csv,221,0.69279
d__dexusuk_dexusuk__lag003,dexusuk_dexusuk,d,3,FRED_DEXUSUK_DEXUSUK.csv,221,0.69279
d__dexusuk_dexusuk__lag004,dexusuk_dexusuk,d,4,FRED_DEXUSUK_DEXUSUK.csv,221,0.69279
d__dexusuk_dexusuk__lag005,dexusuk_dexusuk,d,5,FRED_DEXUSUK_DEXUSUK.csv,221,0.69279
d__dexusuk_dexusuk__lag006,dexusuk_dexusuk,d,6,FRED_DEXUSUK_DEXUSUK.csv,221,0.69279
d__dexusuk_dexusuk__lag007,dexusuk_dexusuk,d,7,FRED_DEXUSUK_DEXUSUK.csv,221,0.69279
d__dexusuk_dexusuk__lag008,dexusuk_dexusuk,d,8,FRED_DEXUSUK_DEXUSUK.csv,221,0.69279
d__dexusuk_dexusuk__lag009,dexusuk_dexusuk,d,9,FRED_DEXUSUK_DEXUSUK.csv,221,0.69279
d__dexusuk_dexusuk__lag010,dexusuk_dexusuk,d,10,FRED_DEXUSUK_DEXUSUK.csv,221,0.69279
d__dexusuk_dexusuk__lag011,dexusuk_dexusuk,d,11,FRED_DEXUSUK_DEXUSUK.csv,221,0.69279
d__dexusuk_dexusuk__lag012,dexusuk_dexusuk,d,12,FRED_DEXUSUK_DEXUSUK.csv,221,0.69279
d__dexusuk_dexusuk__lag013,dexusuk_dexusuk,d,13,FRED_DEXUSUK_DEXUSUK.csv,221,0.69279
d__dexusuk_dexusuk__lag014,dexusuk_dexusuk,d,14,FRED_DEXUSUK_DEXUSUK.csv,221,0.69279
d__dexusuk_dexusuk__lag015,dexusuk_dexusuk,d,15,FRED_DEXUSUK_DEXUSUK.csv,221,0.69279
d__dexusuk_dexusuk__lag016,dexusuk_dexusuk,d,16,FRED_DEXUSUK_DEXUSUK.csv,221,0.69279
d__dexusuk_dexusuk__lag017,dexusuk_dexusuk,d,17,FRED_DEXUSUK_DEXUSUK.csv,221,0.69279
d__dexusuk_dexusuk__lag018,dexusuk_dexusuk,d,18,FRED_DEXUSUK_DEXUSUK.csv,221,0.69279
d__dexusuk_dexusuk__lag019,dexusuk_dexusuk,d,19,FRED_DEXUSUK_DEXUSUK.csv,221,0.69279
d__dexusuk_dexusuk__lag020,dexusuk_dexusuk,d,20,FRED_DEXUSUK_DEXUSUK.csv,221,0.69279
d__dexusuk_dexusuk__lag021,dexusuk_dexusuk,d,21,FRED_DEXUSUK_DEXUSUK.csv,221,0.69279
d__dexusuk_dexusuk__lag022,dexusuk_dexusuk,d,22,FRED_DEXUSUK_DEXUSUK.csv,221,0.69279
d__dexusuk_dexusuk__lag023,dexusuk_dexusuk,d,23,FRED_DEXUSUK_DEXUSUK.csv,221,0.69279
d__dexusuk_dexusuk__lag024,dexusuk_dexusuk,d,24,FRED_DEXUSUK_DEXUSUK.csv,221,0.69279
d__dexusuk_dexusuk__lag025,dexusuk_dexusuk,d,25,FRED_DEXUSUK_DEXUSUK.csv,221,0.69279
d__dexusuk_dexusuk__lag026,dexusuk_dexusuk,d,26,FRED_DEXUSUK_DEXUSUK.csv,221,0.69279
d__dexusuk_dexusuk__lag027,dexusuk_dexusuk,d,27,FRED_DEXUSUK_DEXUSUK.csv,221,0.69279
d__dexusuk_dexusuk__lag028,dexusuk_dexusuk,d,28,FRED_DEXUSUK_DEXUSUK.csv,221,0.69279
d__dexusuk_dexusuk__lag029,dexusuk_dexusuk,d,29,FRED_DEXUSUK_DEXUSUK.csv,221,0.69279
d__dexusuk_dexusuk__lag030,dexusuk_dexusuk,d,30,FRED_DEXUSUK_DEXUSUK.csv,221,0.69279
d__dexusuk_dexusuk__lag031,dexusuk_dexusuk,d,31,FRED_DEXUSUK_DEXUSUK.csv,221,0.69279
d__dexusuk_dexusuk__lag032,dexusuk_dexusuk,d,32,FRED_DEXUSUK_DEXUSUK.csv,221,0.69279
d__dexusuk_dexusuk__lag033,dexusuk_dexusuk,d,33,FRED_DEXUSUK_DEXUSUK.csv,221,0.69279
d__dexusuk_dexusuk__lag034,dexusuk_dexusuk,d,34,FRED_DEXUSUK_DEXUSUK.csv,221,0.69279
d__dexusuk_dexusuk__lag035,dexusuk_dexusuk,d,35,FRED_DEXUSUK_DEXUSUK.csv,221,0.69279
d__dexusuk_dexusuk__lag036,dexusuk_dexusuk,d,36,FRED_DEXUSUK_DEXUSUK.csv,221,0.69279
d__dexusuk_dexusuk__lag037,dexusuk_dexusuk,d,37,FRED_DEXUSUK_DEXUSUK.csv,221,0.69279
d__dexusuk_dexusuk__lag038,dexusuk_dexusuk,d,38,FRED_DEXUSUK_DEXUSUK.csv,221,0.69279
d__dexusuk_dexusuk__lag039,dexusuk_dexusuk,d,39,FRED_DEXUSUK_DEXUSUK.csv,221,0.69279
d__dexusuk_dexusuk__lag040,dexusuk_dexusuk,d,40,FRED_DEXUSUK_DEXUSUK.csv,221,0.69279
d__dexusuk_dexusuk__lag041,dexusuk_dexusuk,d,41,FRED_DEXUSUK_DEXUSUK.csv,221,0.69279
d__dexusuk_dexusuk__lag042,dexusuk_dexusuk,d,42,FRED_DEXUSUK_DEXUSUK.csv,221,0.69279
d__dexusuk_dexusuk__lag043,dexusuk_dexusuk,d,43,FRED_DEXUSUK_DEXUSUK.csv,221,0.69279
d__dexusuk_dexusuk__lag044,dexusuk_dexusuk,d,44,FRED_DEXUSUK_DEXUSUK.csv,221,0.69279
d__dexusuk_dexusuk__lag045,dexusuk_dexusuk,d,45,FRED_DEXUSUK_DEXUSUK.csv,221,0.69279
d__dexusuk_dexusuk__lag046,dexusuk_dexusuk,d,46,FRED_DEXUSUK_DEXUSUK.csv,221,0.69279
d__dexusuk_dexusuk__lag047,dexusuk_dexusuk,d,47,FRED_DEXUSUK_DEXUSUK.csv,221,0.69279
d__dexusuk_dexusuk__lag048,dexusuk_dexusuk,d,48,FRED_DEXUSUK_DEXUSUK.csv,221,0.69279
d__dexusuk_dexusuk__lag049,dexusuk_dexusuk,d,49,FRED_DEXUSUK_DEXUSUK.csv,221,0.69279
d__dexusuk_dexusuk__lag050,dexusuk_dexusuk,d,50,FRED_DEXUSUK_DEXUSUK.csv,221,0.69279
d__dexusuk_dexusuk__lag051,dexusuk_dexusuk,d,51,FRED_DEXUSUK_DEXUSUK.csv,221,0.69279
d__dexusuk_dexusuk__lag052,dexusuk_dexusuk,d,52,FRED_DEXUSUK_DEXUSUK.csv,221,0.69279
d__dexusuk_dexusuk__lag053,dexusuk_dexusuk,d,53,FRED_DEXUSUK_DEXUSUK.csv,221,0.69279
d__dexusuk_dexusuk__lag054,dexusuk_dexusuk,d,54,FRED_DEXUSUK_DEXUSUK.csv,221,0.69279
d__dexusuk_dexusuk__lag055,dexusuk_dexusuk,d,55,FRED_DEXUSUK_DEXUSUK.csv,221,0.69279
d__dexusuk_dexusuk__lag056,dexusuk_dexusuk,d,56,FRED_DEXUSUK_DEXUSUK.csv,221,0.69279
d__dexusuk_dexusuk__lag057,dexusuk_dexusuk,d,57,FRED_DEXUSUK_DEXUSUK.csv,221,0.69279
d__dexusuk_dexusuk__lag058,dexusuk_dexusuk,d,58,FRED_DEXUSUK_DEXUSUK.csv,221,0.69279
d__dexusuk_dexusuk__lag059,dexusuk_dexusuk,d,59,FRED_DEXUSUK_DEXUSUK.csv,221,0.69279
d__dexusuk_dexusuk__lag060,dexusuk_dexusuk,d,60,FRED_DEXUSUK_DEXUSUK.csv,221,0.69279
d__dexusuk_dexusuk__lag061,dexusuk_dexusuk,d,61,FRED_DEXUSUK_DEXUSUK.csv,221,0.69279
d__dexusuk_dexusuk__lag062,dexusuk_dexusuk,d,62,FRED_DEXUSUK_DEXUSUK.csv,221,0.69279
d__dexusuk_dexusuk__lag063,dexusuk_dexusuk,d,63,FRED_DEXUSUK_DEXUSUK.csv,221,0.69279
d__dexusuk_dexusuk__lag064,dexusuk_dexusuk,d,64,FRED_DEXUSUK_DEXUSUK.csv,221,0.69279
d__dexusuk_dexusuk__lag065,dexusuk_dexusuk,d,65,FRED_DEXUSUK_DEXUSUK.csv,221,0.69279
d__dexusuk_dexusuk__lag066,dexusuk_dexusuk,d,66,FRED_DEXUSUK_DEXUSUK.csv,221,0.69279
d__dexusuk_dexusuk__lag067,dexusuk_dexusuk,d,67,FRED_DEXUSUK_DEXUSUK.csv,221,0.69279
d__dexusuk_dexusuk__lag068,dexusuk_dexusuk,d,68,FRED_DEXUSUK_DEXUSUK.csv,221,0.69279
d__dexusuk_dexusuk__lag069,dexusuk_dexusuk,d,69,FRED_DEXUSUK_DEXUSUK.csv,221,0.69279
d__dexusuk_dexusuk__lag070,dexusuk_dexusuk,d,70,FRED_DEXUSUK_DEXUSUK.csv,221,0.69279
d__dexusuk_dexusuk__lag071,dexusuk_dexusuk,d,71,FRED_DEXUSUK_DEXUSUK.csv,221,0.69279
d__dexusuk_dexusuk__lag072,dexusuk_dexusuk,d,72,FRED_DEXUSUK_DEXUSUK.csv,221,0.69279
d__dexusuk_dexusuk__lag073,dexusuk_dexusuk,d,73,FRED_DEXUSUK_DEXUSUK.csv,221,0.69279
d__dexusuk_dexusuk__lag074,dexusuk_dexusuk,d,74,FRED_DEXUSUK_DEXUSUK.csv,221,0.69279
d__dexusuk_dexusuk__lag075,dexusuk_dexusuk,d,75,FRED_DEXUSUK_DEXUSUK.csv,221,0.69279
d__dexusuk_dexusuk__lag076,dexusuk_dexusuk,d,76,FRED_DEXUSUK_DEXUSUK.csv,221,0.69279
d__dexusuk_dexusuk__lag077,dexusuk_dexusuk,d,77,FRED_DEXUSUK_DEXUSUK.csv,221,0.69279
d__dexusuk_dexusuk__lag078,dexusuk_dexusuk,d,78,FRED_DEXUSUK_DEXUSUK.csv,221,0.69279
d__dexusuk_dexusuk__lag079,dexusuk_dexusuk,d,79,FRED_DEXUSUK_DEXUSUK.csv,221,0.69279
d__dexusuk_dexusuk__lag080,dexusuk_dexusuk,d,80,FRED_DEXUSUK_DEXUSUK.csv,221,0.69279
d__dexusuk_dexusuk__lag081,dexusuk_dexusuk,d,81,FRED_DEXUSUK_DEXUSUK.csv,221,0.69279
d__dexusuk_dexusuk__lag082,dexusuk_dexusuk,d,82,FRED_DEXUSUK_DEXUSUK.csv,221,0.69279
d__dexusuk_dexusuk__lag083,dexusuk_dexusuk,d,83,FRED_DEXUSUK_DEXUSUK.csv,221,0.69279
d__dexusuk_dexusuk__lag084,dexusuk_dexusuk,d,84,FRED_DEXUSUK_DEXUSUK.csv,221,0.69279
d__dexusuk_dexusuk__lag085,dexusuk_dexusuk,d,85,FRED_DEXUSUK_DEXUSUK.csv,221,0.69279
d__dexusuk_dexusuk__lag086,dexusuk_dexusuk,d,86,FRED_DEXUSUK_DEXUSUK.csv,221,0.69279
d__dexusuk_dexusuk__lag087,dexusuk_dexusuk,d,87,FRED_DEXUSUK_DEXUSUK.csv,221,0.69279
d__dexusuk_dexusuk__lag088,dexusuk_dexusuk,d,88,FRED_DEXUSUK_DEXUSUK.csv,220,0.689655
d__dexusuk_dexusuk__lag089,dexusuk_dexusuk,d,89,FRED_DEXUSUK_DEXUSUK.csv,220,0.689655
d__dexusuk_dexusuk__lag090,dexusuk_dexusuk,d,90,FRED_DEXUSUK_DEXUSUK.csv,220,0.689655
m__dgorder_dgorder__lag001,dgorder_dgorder,m,1,FRED_DGORDER_DGORDER.csv,137,0.429467
m__dgorder_dgorder__lag002,dgorder_dgorder,m,2,FRED_DGORDER_DGORDER.csv,137,0.429467
m__dgorder_dgorder__lag003,dgorder_dgorder,m,3,FRED_DGORDER_DGORDER.csv,136,0.426332
m__dgorder_dgorder__lag004,dgorder_dgorder,m,4,FRED_DGORDER_DGORDER.csv,136,0.426332
m__dgorder_dgorder__lag005,dgorder_dgorder,m,5,FRED_DGORDER_DGORDER.csv,136,0.426332
m__dgorder_dgorder__lag006,dgorder_dgorder,m,6,FRED_DGORDER_DGORDER.csv,135,0.423197
m__dgorder_dgorder__lag007,dgorder_dgorder,m,7,FRED_DGORDER_DGORDER.csv,135,0.423197
m__dgorder_dgorder__lag008,dgorder_dgorder,m,8,FRED_DGORDER_DGORDER.csv,135,0.423197
m__dgorder_dgorder__lag009,dgorder_dgorder,m,9,FRED_DGORDER_DGORDER.csv,134,0.420063
m__dgorder_dgorder__lag010,dgorder_dgorder,m,10,FRED_DGORDER_DGORDER.csv,134,0.420063
m__dgorder_dgorder__lag011,dgorder_dgorder,m,11,FRED_DGORDER_DGORDER.csv,134,0.420063
m__dgorder_dgorder__lag012,dgorder_dgorder,m,12,FRED_DGORDER_DGORDER.csv,133,0.416928
d__dgs10_dgs10__lag001,dgs10_dgs10,d,1,FRED_DGS10_DGS10.csv,257,0.805643
d__dgs10_dgs10__lag002,dgs10_dgs10,d,2,FRED_DGS10_DGS10.csv,257,0.805643
d__dgs10_dgs10__lag003,dgs10_dgs10,d,3,FRED_DGS10_DGS10.csv,257,0.805643
d__dgs10_dgs10__lag004,dgs10_dgs10,d,4,FRED_DGS10_DGS10.csv,257,0.805643
d__dgs10_dgs10__lag005,dgs10_dgs10,d,5,FRED_DGS10_DGS10.csv,257,0.805643
d__dgs10_dgs10__lag006,dgs10_dgs10,d,6,FRED_DGS10_DGS10.csv,257,0.805643
d__dgs10_dgs10__lag007,dgs10_dgs10,d,7,FRED_DGS10_DGS10.csv,257,0.805643
d__dgs10_dgs10__lag008,dgs10_dgs10,d,8,FRED_DGS10_DGS10.csv,257,0.805643
d__dgs10_dgs10__lag009,dgs10_dgs10,d,9,FRED_DGS10_DGS10.csv,257,0.805643
d__dgs10_dgs10__lag010,dgs10_dgs10,d,10,FRED_DGS10_DGS10.csv,257,0.805643
d__dgs10_dgs10__lag011,dgs10_dgs10,d,11,FRED_DGS10_DGS10.csv,257,0.805643
d__dgs10_dgs10__lag012,dgs10_dgs10,d,12,FRED_DGS10_DGS10.csv,257,0.805643
d__dgs10_dgs10__lag013,dgs10_dgs10,d,13,FRED_DGS10_DGS10.csv,257,0.805643
d__dgs10_dgs10__lag014,dgs10_dgs10,d,14,FRED_DGS10_DGS10.csv,257,0.805643
d__dgs10_dgs10__lag015,dgs10_dgs10,d,15,FRED_DGS10_DGS10.csv,257,0.805643
d__dgs10_dgs10__lag016,dgs10_dgs10,d,16,FRED_DGS10_DGS10.csv,257,0.805643
d__dgs10_dgs10__lag017,dgs10_dgs10,d,17,FRED_DGS10_DGS10.csv,257,0.805643
d__dgs10_dgs10__lag018,dgs10_dgs10,d,18,FRED_DGS10_DGS10.csv,257,0.805643
d__dgs10_dgs10__lag019,dgs10_dgs10,d,19,FRED_DGS10_DGS10.csv,257,0.805643
d__dgs10_dgs10__lag020,dgs10_dgs10,d,20,FRED_DGS10_DGS10.csv,257,0.805643
d__dgs10_dgs10__lag021,dgs10_dgs10,d,21,FRED_DGS10_DGS10.csv,257,0.805643
d__dgs10_dgs10__lag022,dgs10_dgs10,d,22,FRED_DGS10_DGS10.csv,257,0.805643
d__dgs10_dgs10__lag023,dgs10_dgs10,d,23,FRED_DGS10_DGS10.csv,257,0.805643
d__dgs10_dgs10__lag024,dgs10_dgs10,d,24,FRED_DGS10_DGS10.csv,257,0.805643
d__dgs10_dgs10__lag025,dgs10_dgs10,d,25,FRED_DGS10_DGS10.csv,257,0.805643
d__dgs10_dgs10__lag026,dgs10_dgs10,d,26,FRED_DGS10_DGS10.csv,257,0.805643
d__dgs10_dgs10__lag027,dgs10_dgs10,d,27,FRED_DGS10_DGS10.csv,257,0.805643
d__dgs10_dgs10__lag028,dgs10_dgs10,d,28,FRED_DGS10_DGS10.csv,257,0.805643
d__dgs10_dgs10__lag029,dgs10_dgs10,d,29,FRED_DGS10_DGS10.csv,257,0.805643
d__dgs10_dgs10__lag030,dgs10_dgs10,d,30,FRED_DGS10_DGS10.csv,257,0.805643
d__dgs10_dgs10__lag031,dgs10_dgs10,d,31,FRED_DGS10_DGS10.csv,257,0.805643
d__dgs10_dgs10__lag032,dgs10_dgs10,d,32,FRED_DGS10_DGS10.csv,257,0.805643
d__dgs10_dgs10__lag033,dgs10_dgs10,d,33,FRED_DGS10_DGS10.csv,257,0.805643
d__dgs10_dgs10__lag034,dgs10_dgs10,d,34,FRED_DGS10_DGS10.csv,257,0.805643
d__dgs10_dgs10__lag035,dgs10_dgs10,d,35,FRED_DGS10_DGS10.csv,257,0.805643
d__dgs10_dgs10__lag036,dgs10_dgs10,d,36,FRED_DGS10_DGS10.csv,257,0.805643
d__dgs10_dgs10__lag037,dgs10_dgs10,d,37,FRED_DGS10_DGS10.csv,257,0.805643
d__dgs10_dgs10__lag038,dgs10_dgs10,d,38,FRED_DGS10_DGS10.csv,257,0.805643
d__dgs10_dgs10__lag039,dgs10_dgs10,d,39,FRED_DGS10_DGS10.csv,257,0.805643
d__dgs10_dgs10__lag040,dgs10_dgs10,d,40,FRED_DGS10_DGS10.csv,257,0.805643
d__dgs10_dgs10__lag041,dgs10_dgs10,d,41,FRED_DGS10_DGS10.csv,257,0.805643
d__dgs10_dgs10__lag042,dgs10_dgs10,d,42,FRED_DGS10_DGS10.csv,257,0.805643
d__dgs10_dgs10__lag043,dgs10_dgs10,d,43,FRED_DGS10_DGS10.csv,257,0.805643
d__dgs10_dgs10__lag044,dgs10_dgs10,d,44,FRED_DGS10_DGS10.csv,257,0.805643
d__dgs10_dgs10__lag045,dgs10_dgs10,d,45,FRED_DGS10_DGS10.csv,257,0.805643
d__dgs10_dgs10__lag046,dgs10_dgs10,d,46,FRED_DGS10_DGS10.csv,257,0.805643
d__dgs10_dgs10__lag047,dgs10_dgs10,d,47,FRED_DGS10_DGS10.csv,257,0.805643
d__dgs10_dgs10__lag048,dgs10_dgs10,d,48,FRED_DGS10_DGS10.csv,257,0.805643
d__dgs10_dgs10__lag049,dgs10_dgs10,d,49,FRED_DGS10_DGS10.csv,257,0.805643
d__dgs10_dgs10__lag050,dgs10_dgs10,d,50,FRED_DGS10_DGS10.csv,257,0.805643
d__dgs10_dgs10__lag051,dgs10_dgs10,d,51,FRED_DGS10_DGS10.csv,257,0.805643
d__dgs10_dgs10__lag052,dgs10_dgs10,d,52,FRED_DGS10_DGS10.csv,257,0.805643
d__dgs10_dgs10__lag053,dgs10_dgs10,d,53,FRED_DGS10_DGS10.csv,257,0.805643
d__dgs10_dgs10__lag054,dgs10_dgs10,d,54,FRED_DGS10_DGS10.csv,257,0.805643
d__dgs10_dgs10__lag055,dgs10_dgs10,d,55,FRED_DGS10_DGS10.csv,257,0.805643
d__dgs10_dgs10__lag056,dgs10_dgs10,d,56,FRED_DGS10_DGS10.csv,257,0.805643
d__dgs10_dgs10__lag057,dgs10_dgs10,d,57,FRED_DGS10_DGS10.csv,257,0.805643
d__dgs10_dgs10__lag058,dgs10_dgs10,d,58,FRED_DGS10_DGS10.csv,257,0.805643
d__dgs10_dgs10__lag059,dgs10_dgs10,d,59,FRED_DGS10_DGS10.csv,257,0.805643
d__dgs10_dgs10__lag060,dgs10_dgs10,d,60,FRED_DGS10_DGS10.csv,257,0.805643
d__dgs10_dgs10__lag061,dgs10_dgs10,d,61,FRED_DGS10_DGS10.csv,257,0.805643
d__dgs10_dgs10__lag062,dgs10_dgs10,d,62,FRED_DGS10_DGS10.csv,257,0.805643
d__dgs10_dgs10__lag063,dgs10_dgs10,d,63,FRED_DGS10_DGS10.csv,257,0.805643
d__dgs10_dgs10__lag064,dgs10_dgs10,d,64,FRED_DGS10_DGS10.csv,257,0.805643
d__dgs10_dgs10__lag065,dgs10_dgs10,d,65,FRED_DGS10_DGS10.csv,257,0.805643
d__dgs10_dgs10__lag066,dgs10_dgs10,d,66,FRED_DGS10_DGS10.csv,257,0.805643
d__dgs10_dgs10__lag067,dgs10_dgs10,d,67,FRED_DGS10_DGS10.csv,257,0.805643
d__dgs10_dgs10__lag068,dgs10_dgs10,d,68,FRED_DGS10_DGS10.csv,257,0.805643
d__dgs10_dgs10__lag069,dgs10_dgs10,d,69,FRED_DGS10_DGS10.csv,257,0.805643
d__dgs10_dgs10__lag070,dgs10_dgs10,d,70,FRED_DGS10_DGS10.csv,257,0.805643
d__dgs10_dgs10__lag071,dgs10_dgs10,d,71,FRED_DGS10_DGS10.csv,257,0.805643
d__dgs10_dgs10__lag072,dgs10_dgs10,d,72,FRED_DGS10_DGS10.csv,257,0.805643
d__dgs10_dgs10__lag073,dgs10_dgs10,d,73,FRED_DGS10_DGS10.csv,257,0.805643
d__dgs10_dgs10__lag074,dgs10_dgs10,d,74,FRED_DGS10_DGS10.csv,257,0.805643
d__dgs10_dgs10__lag075,dgs10_dgs10,d,75,FRED_DGS10_DGS10.csv,257,0.805643
d__dgs10_dgs10__lag076,dgs10_dgs10,d,76,FRED_DGS10_DGS10.csv,257,0.805643
d__dgs10_dgs10__lag077,dgs10_dgs10,d,77,FRED_DGS10_DGS10.csv,257,0.805643
d__dgs10_dgs10__lag078,dgs10_dgs10,d,78,FRED_DGS10_DGS10.csv,257,0.805643
d__dgs10_dgs10__lag079,dgs10_dgs10,d,79,FRED_DGS10_DGS10.csv,257,0.805643
d__dgs10_dgs10__lag080,dgs10_dgs10,d,80,FRED_DGS10_DGS10.csv,257,0.805643
d__dgs10_dgs10__lag081,dgs10_dgs10,d,81,FRED_DGS10_DGS10.csv,257,0.805643
d__dgs10_dgs10__lag082,dgs10_dgs10,d,82,FRED_DGS10_DGS10.csv,257,0.805643
d__dgs10_dgs10__lag083,dgs10_dgs10,d,83,FRED_DGS10_DGS10.csv,257,0.805643
d__dgs10_dgs10__lag084,dgs10_dgs10,d,84,FRED_DGS10_DGS10.csv,257,0.805643
d__dgs10_dgs10__lag085,dgs10_dgs10,d,85,FRED_DGS10_DGS10.csv,257,0.805643
d__dgs10_dgs10__lag086,dgs10_dgs10,d,86,FRED_DGS10_DGS10.csv,257,0.805643
d__dgs10_dgs10__lag087,dgs10_dgs10,d,87,FRED_DGS10_DGS10.csv,257,0.805643
d__dgs10_dgs10__lag088,dgs10_dgs10,d,88,FRED_DGS10_DGS10.csv,257,0.805643
d__dgs10_dgs10__lag089,dgs10_dgs10,d,89,FRED_DGS10_DGS10.csv,257,0.805643
d__dgs10_dgs10__lag090,dgs10_dgs10,d,90,FRED_DGS10_DGS10.csv,256,0.802508
d__dgs1mo_dgs1mo__lag001,dgs1mo_dgs1mo,d,1,FRED_DGS1MO_DGS1MO.csv,99,0.310345
d__dgs1mo_dgs1mo__lag002,dgs1mo_dgs1mo,d,2,FRED_DGS1MO_DGS1MO.csv,99,0.310345
d__dgs1mo_dgs1mo__lag003,dgs1mo_dgs1mo,d,3,FRED_DGS1MO_DGS1MO.csv,99,0.310345
d__dgs1mo_dgs1mo__lag004,dgs1mo_dgs1mo,d,4,FRED_DGS1MO_DGS1MO.csv,99,0.310345
d__dgs1mo_dgs1mo__lag005,dgs1mo_dgs1mo,d,5,FRED_DGS1MO_DGS1MO.csv,99,0.310345
d__dgs1mo_dgs1mo__lag006,dgs1mo_dgs1mo,d,6,FRED_DGS1MO_DGS1MO.csv,99,0.310345
d__dgs1mo_dgs1mo__lag007,dgs1mo_dgs1mo,d,7,FRED_DGS1MO_DGS1MO.csv,99,0.310345
d__dgs1mo_dgs1mo__lag008,dgs1mo_dgs1mo,d,8,FRED_DGS1MO_DGS1MO.csv,99,0.310345
d__dgs1mo_dgs1mo__lag009,dgs1mo_dgs1mo,d,9,FRED_DGS1MO_DGS1MO.csv,99,0.310345
d__dgs1mo_dgs1mo__lag010,dgs1mo_dgs1mo,d,10,FRED_DGS1MO_DGS1MO.csv,99,0.310345
d__dgs1mo_dgs1mo__lag011,dgs1mo_dgs1mo,d,11,FRED_DGS1MO_DGS1MO.csv,99,0.310345
d__dgs1mo_dgs1mo__lag012,dgs1mo_dgs1mo,d,12,FRED_DGS1MO_DGS1MO.csv,99,0.310345
d__dgs1mo_dgs1mo__lag013,dgs1mo_dgs1mo,d,13,FRED_DGS1MO_DGS1MO.csv,99,0.310345
d__dgs1mo_dgs1mo__lag014,dgs1mo_dgs1mo,d,14,FRED_DGS1MO_DGS1MO.csv,99,0.310345
d__dgs1mo_dgs1mo__lag015,dgs1mo_dgs1mo,d,15,FRED_DGS1MO_DGS1MO.csv,99,0.310345
d__dgs1mo_dgs1mo__lag016,dgs1mo_dgs1mo,d,16,FRED_DGS1MO_DGS1MO.csv,99,0.310345
d__dgs1mo_dgs1mo__lag017,dgs1mo_dgs1mo,d,17,FRED_DGS1MO_DGS1MO.csv,99,0.310345
d__dgs1mo_dgs1mo__lag018,dgs1mo_dgs1mo,d,18,FRED_DGS1MO_DGS1MO.csv,99,0.310345
d__dgs1mo_dgs1mo__lag019,dgs1mo_dgs1mo,d,19,FRED_DGS1MO_DGS1MO.csv,99,0.310345
d__dgs1mo_dgs1mo__lag020,dgs1mo_dgs1mo,d,20,FRED_DGS1MO_DGS1MO.csv,99,0.310345
d__dgs1mo_dgs1mo__lag021,dgs1mo_dgs1mo,d,21,FRED_DGS1MO_DGS1MO.csv,99,0.310345
d__dgs1mo_dgs1mo__lag022,dgs1mo_dgs1mo,d,22,FRED_DGS1MO_DGS1MO.csv,99,0.310345
d__dgs1mo_dgs1mo__lag023,dgs1mo_dgs1mo,d,23,FRED_DGS1MO_DGS1MO.csv,99,0.310345
d__dgs1mo_dgs1mo__lag024,dgs1mo_dgs1mo,d,24,FRED_DGS1MO_DGS1MO.csv,99,0.310345
d__dgs1mo_dgs1mo__lag025,dgs1mo_dgs1mo,d,25,FRED_DGS1MO_DGS1MO.csv,99,0.310345
d__dgs1mo_dgs1mo__lag026,dgs1mo_dgs1mo,d,26,FRED_DGS1MO_DGS1MO.csv,99,0.310345
d__dgs1mo_dgs1mo__lag027,dgs1mo_dgs1mo,d,27,FRED_DGS1MO_DGS1MO.csv,99,0.310345
d__dgs1mo_dgs1mo__lag028,dgs1mo_dgs1mo,d,28,FRED_DGS1MO_DGS1MO.csv,99,0.310345
d__dgs1mo_dgs1mo__lag029,dgs1mo_dgs1mo,d,29,FRED_DGS1MO_DGS1MO.csv,99,0.310345
d__dgs1mo_dgs1mo__lag030,dgs1mo_dgs1mo,d,30,FRED_DGS1MO_DGS1MO.csv,99,0.310345
d__dgs1mo_dgs1mo__lag031,dgs1mo_dgs1mo,d,31,FRED_DGS1MO_DGS1MO.csv,99,0.310345
d__dgs1mo_dgs1mo__lag032,dgs1mo_dgs1mo,d,32,FRED_DGS1MO_DGS1MO.csv,99,0.310345
d__dgs1mo_dgs1mo__lag033,dgs1mo_dgs1mo,d,33,FRED_DGS1MO_DGS1MO.csv,99,0.310345
d__dgs1mo_dgs1mo__lag034,dgs1mo_dgs1mo,d,34,FRED_DGS1MO_DGS1MO.csv,99,0.310345
d__dgs1mo_dgs1mo__lag035,dgs1mo_dgs1mo,d,35,FRED_DGS1MO_DGS1MO.csv,99,0.310345
d__dgs1mo_dgs1mo__lag036,dgs1mo_dgs1mo,d,36,FRED_DGS1MO_DGS1MO.csv,99,0.310345
d__dgs1mo_dgs1mo__lag037,dgs1mo_dgs1mo,d,37,FRED_DGS1MO_DGS1MO.csv,99,0.310345
d__dgs1mo_dgs1mo__lag038,dgs1mo_dgs1mo,d,38,FRED_DGS1MO_DGS1MO.csv,99,0.310345
d__dgs1mo_dgs1mo__lag039,dgs1mo_dgs1mo,d,39,FRED_DGS1MO_DGS1MO.csv,99,0.310345
d__dgs1mo_dgs1mo__lag040,dgs1mo_dgs1mo,d,40,FRED_DGS1MO_DGS1MO.csv,99,0.310345
d__dgs1mo_dgs1mo__lag041,dgs1mo_dgs1mo,d,41,FRED_DGS1MO_DGS1MO.csv,99,0.310345
d__dgs1mo_dgs1mo__lag042,dgs1mo_dgs1mo,d,42,FRED_DGS1MO_DGS1MO.csv,99,0.310345
d__dgs1mo_dgs1mo__lag043,dgs1mo_dgs1mo,d,43,FRED_DGS1MO_DGS1MO.csv,99,0.310345
d__dgs1mo_dgs1mo__lag044,dgs1mo_dgs1mo,d,44,FRED_DGS1MO_DGS1MO.csv,99,0.310345
d__dgs1mo_dgs1mo__lag045,dgs1mo_dgs1mo,d,45,FRED_DGS1MO_DGS1MO.csv,99,0.310345
d__dgs1mo_dgs1mo__lag046,dgs1mo_dgs1mo,d,46,FRED_DGS1MO_DGS1MO.csv,99,0.310345
d__dgs1mo_dgs1mo__lag047,dgs1mo_dgs1mo,d,47,FRED_DGS1MO_DGS1MO.csv,99,0.310345
d__dgs1mo_dgs1mo__lag048,dgs1mo_dgs1mo,d,48,FRED_DGS1MO_DGS1MO.csv,99,0.310345
d__dgs1mo_dgs1mo__lag049,dgs1mo_dgs1mo,d,49,FRED_DGS1MO_DGS1MO.csv,99,0.310345
d__dgs1mo_dgs1mo__lag050,dgs1mo_dgs1mo,d,50,FRED_DGS1MO_DGS1MO.csv,99,0.310345
d__dgs1mo_dgs1mo__lag051,dgs1mo_dgs1mo,d,51,FRED_DGS1MO_DGS1MO.csv,99,0.310345
d__dgs1mo_dgs1mo__lag052,dgs1mo_dgs1mo,d,52,FRED_DGS1MO_DGS1MO.csv,99,0.310345
d__dgs1mo_dgs1mo__lag053,dgs1mo_dgs1mo,d,53,FRED_DGS1MO_DGS1MO.csv,99,0.310345
d__dgs1mo_dgs1mo__lag054,dgs1mo_dgs1mo,d,54,FRED_DGS1MO_DGS1MO.csv,99,0.310345
d__dgs1mo_dgs1mo__lag055,dgs1mo_dgs1mo,d,55,FRED_DGS1MO_DGS1MO.csv,99,0.310345
d__dgs1mo_dgs1mo__lag056,dgs1mo_dgs1mo,d,56,FRED_DGS1MO_DGS1MO.csv,99,0.310345
d__dgs1mo_dgs1mo__lag057,dgs1mo_dgs1mo,d,57,FRED_DGS1MO_DGS1MO.csv,99,0.310345
d__dgs1mo_dgs1mo__lag058,dgs1mo_dgs1mo,d,58,FRED_DGS1MO_DGS1MO.csv,99,0.310345
d__dgs1mo_dgs1mo__lag059,dgs1mo_dgs1mo,d,59,FRED_DGS1MO_DGS1MO.csv,99,0.310345
d__dgs1mo_dgs1mo__lag060,dgs1mo_dgs1mo,d,60,FRED_DGS1MO_DGS1MO.csv,99,0.310345
d__dgs1mo_dgs1mo__lag061,dgs1mo_dgs1mo,d,61,FRED_DGS1MO_DGS1MO.csv,99,0.310345
d__dgs1mo_dgs1mo__lag062,dgs1mo_dgs1mo,d,62,FRED_DGS1MO_DGS1MO.csv,99,0.310345
d__dgs1mo_dgs1mo__lag063,dgs1mo_dgs1mo,d,63,FRED_DGS1MO_DGS1MO.csv,98,0.30721
d__dgs1mo_dgs1mo__lag064,dgs1mo_dgs1mo,d,64,FRED_DGS1MO_DGS1MO.csv,98,0.30721
d__dgs1mo_dgs1mo__lag065,dgs1mo_dgs1mo,d,65,FRED_DGS1MO_DGS1MO.csv,98,0.30721
d__dgs1mo_dgs1mo__lag066,dgs1mo_dgs1mo,d,66,FRED_DGS1MO_DGS1MO.csv,98,0.30721
d__dgs1mo_dgs1mo__lag067,dgs1mo_dgs1mo,d,67,FRED_DGS1MO_DGS1MO.csv,98,0.30721
d__dgs1mo_dgs1mo__lag068,dgs1mo_dgs1mo,d,68,FRED_DGS1MO_DGS1MO.csv,98,0.30721
d__dgs1mo_dgs1mo__lag069,dgs1mo_dgs1mo,d,69,FRED_DGS1MO_DGS1MO.csv,98,0.30721
d__dgs1mo_dgs1mo__lag070,dgs1mo_dgs1mo,d,70,FRED_DGS1MO_DGS1MO.csv,98,0.30721
d__dgs1mo_dgs1mo__lag071,dgs1mo_dgs1mo,d,71,FRED_DGS1MO_DGS1MO.csv,98,0.30721
d__dgs1mo_dgs1mo__lag072,dgs1mo_dgs1mo,d,72,FRED_DGS1MO_DGS1MO.csv,98,0.30721
d__dgs1mo_dgs1mo__lag073,dgs1mo_dgs1mo,d,73,FRED_DGS1MO_DGS1MO.csv,98,0.30721
d__dgs1mo_dgs1mo__lag074,dgs1mo_dgs1mo,d,74,FRED_DGS1MO_DGS1MO.csv,98,0.30721
d__dgs1mo_dgs1mo__lag075,dgs1mo_dgs1mo,d,75,FRED_DGS1MO_DGS1MO.csv,98,0.30721
d__dgs1mo_dgs1mo__lag076,dgs1mo_dgs1mo,d,76,FRED_DGS1MO_DGS1MO.csv,98,0.30721
d__dgs1mo_dgs1mo__lag077,dgs1mo_dgs1mo,d,77,FRED_DGS1MO_DGS1MO.csv,98,0.30721
d__dgs1mo_dgs1mo__lag078,dgs1mo_dgs1mo,d,78,FRED_DGS1MO_DGS1MO.csv,98,0.30721
d__dgs1mo_dgs1mo__lag079,dgs1mo_dgs1mo,d,79,FRED_DGS1MO_DGS1MO.csv,98,0.30721
d__dgs1mo_dgs1mo__lag080,dgs1mo_dgs1mo,d,80,FRED_DGS1MO_DGS1MO.csv,98,0.30721
d__dgs1mo_dgs1mo__lag081,dgs1mo_dgs1mo,d,81,FRED_DGS1MO_DGS1MO.csv,98,0.30721
d__dgs1mo_dgs1mo__lag082,dgs1mo_dgs1mo,d,82,FRED_DGS1MO_DGS1MO.csv,98,0.30721
d__dgs1mo_dgs1mo__lag083,dgs1mo_dgs1mo,d,83,FRED_DGS1MO_DGS1MO.csv,98,0.30721
d__dgs1mo_dgs1mo__lag084,dgs1mo_dgs1mo,d,84,FRED_DGS1MO_DGS1MO.csv,98,0.30721
d__dgs1mo_dgs1mo__lag085,dgs1mo_dgs1mo,d,85,FRED_DGS1MO_DGS1MO.csv,98,0.30721
d__dgs1mo_dgs1mo__lag086,dgs1mo_dgs1mo,d,86,FRED_DGS1MO_DGS1MO.csv,98,0.30721
d__dgs1mo_dgs1mo__lag087,dgs1mo_dgs1mo,d,87,FRED_DGS1MO_DGS1MO.csv,98,0.30721
d__dgs1mo_dgs1mo__lag088,dgs1mo_dgs1mo,d,88,FRED_DGS1MO_DGS1MO.csv,98,0.30721
d__dgs1mo_dgs1mo__lag089,dgs1mo_dgs1mo,d,89,FRED_DGS1MO_DGS1MO.csv,98,0.30721
d__dgs1mo_dgs1mo__lag090,dgs1mo_dgs1mo,d,90,FRED_DGS1MO_DGS1MO.csv,98,0.30721
d__dgs1_dgs1__lag001,dgs1_dgs1,d,1,FRED_DGS1_DGS1.csv,257,0.805643
d__dgs1_dgs1__lag002,dgs1_dgs1,d,2,FRED_DGS1_DGS1.csv,257,0.805643
d__dgs1_dgs1__lag003,dgs1_dgs1,d,3,FRED_DGS1_DGS1.csv,257,0.805643
d__dgs1_dgs1__lag004,dgs1_dgs1,d,4,FRED_DGS1_DGS1.csv,257,0.805643
d__dgs1_dgs1__lag005,dgs1_dgs1,d,5,FRED_DGS1_DGS1.csv,257,0.805643
d__dgs1_dgs1__lag006,dgs1_dgs1,d,6,FRED_DGS1_DGS1.csv,257,0.805643
d__dgs1_dgs1__lag007,dgs1_dgs1,d,7,FRED_DGS1_DGS1.csv,257,0.805643
d__dgs1_dgs1__lag008,dgs1_dgs1,d,8,FRED_DGS1_DGS1.csv,257,0.805643
d__dgs1_dgs1__lag009,dgs1_dgs1,d,9,FRED_DGS1_DGS1.csv,257,0.805643
d__dgs1_dgs1__lag010,dgs1_dgs1,d,10,FRED_DGS1_DGS1.csv,257,0.805643
d__dgs1_dgs1__lag011,dgs1_dgs1,d,11,FRED_DGS1_DGS1.csv,257,0.805643
d__dgs1_dgs1__lag012,dgs1_dgs1,d,12,FRED_DGS1_DGS1.csv,257,0.805643
d__dgs1_dgs1__lag013,dgs1_dgs1,d,13,FRED_DGS1_DGS1.csv,257,0.805643
d__dgs1_dgs1__lag014,dgs1_dgs1,d,14,FRED_DGS1_DGS1.csv,257,0.805643
d__dgs1_dgs1__lag015,dgs1_dgs1,d,15,FRED_DGS1_DGS1.csv,257,0.805643
d__dgs1_dgs1__lag016,dgs1_dgs1,d,16,FRED_DGS1_DGS1.csv,257,0.805643
d__dgs1_dgs1__lag017,dgs1_dgs1,d,17,FRED_DGS1_DGS1.csv,257,0.805643
d__dgs1_dgs1__lag018,dgs1_dgs1,d,18,FRED_DGS1_DGS1.csv,257,0.805643
d__dgs1_dgs1__lag019,dgs1_dgs1,d,19,FRED_DGS1_DGS1.csv,257,0.805643
d__dgs1_dgs1__lag020,dgs1_dgs1,d,20,FRED_DGS1_DGS1.csv,257,0.805643
d__dgs1_dgs1__lag021,dgs1_dgs1,d,21,FRED_DGS1_DGS1.csv,257,0.805643
d__dgs1_dgs1__lag022,dgs1_dgs1,d,22,FRED_DGS1_DGS1.csv,257,0.805643
d__dgs1_dgs1__lag023,dgs1_dgs1,d,23,FRED_DGS1_DGS1.csv,257,0.805643
d__dgs1_dgs1__lag024,dgs1_dgs1,d,24,FRED_DGS1_DGS1.csv,257,0.805643
d__dgs1_dgs1__lag025,dgs1_dgs1,d,25,FRED_DGS1_DGS1.csv,257,0.805643
d__dgs1_dgs1__lag026,dgs1_dgs1,d,26,FRED_DGS1_DGS1.csv,257,0.805643
d__dgs1_dgs1__lag027,dgs1_dgs1,d,27,FRED_DGS1_DGS1.csv,257,0.805643
d__dgs1_dgs1__lag028,dgs1_dgs1,d,28,FRED_DGS1_DGS1.csv,257,0.805643
d__dgs1_dgs1__lag029,dgs1_dgs1,d,29,FRED_DGS1_DGS1.csv,257,0.805643
d__dgs1_dgs1__lag030,dgs1_dgs1,d,30,FRED_DGS1_DGS1.csv,257,0.805643
d__dgs1_dgs1__lag031,dgs1_dgs1,d,31,FRED_DGS1_DGS1.csv,257,0.805643
d__dgs1_dgs1__lag032,dgs1_dgs1,d,32,FRED_DGS1_DGS1.csv,257,0.805643
d__dgs1_dgs1__lag033,dgs1_dgs1,d,33,FRED_DGS1_DGS1.csv,257,0.805643
d__dgs1_dgs1__lag034,dgs1_dgs1,d,34,FRED_DGS1_DGS1.csv,257,0.805643
d__dgs1_dgs1__lag035,dgs1_dgs1,d,35,FRED_DGS1_DGS1.csv,257,0.805643
d__dgs1_dgs1__lag036,dgs1_dgs1,d,36,FRED_DGS1_DGS1.csv,257,0.805643
d__dgs1_dgs1__lag037,dgs1_dgs1,d,37,FRED_DGS1_DGS1.csv,257,0.805643
d__dgs1_dgs1__lag038,dgs1_dgs1,d,38,FRED_DGS1_DGS1.csv,257,0.805643
d__dgs1_dgs1__lag039,dgs1_dgs1,d,39,FRED_DGS1_DGS1.csv,257,0.805643
d__dgs1_dgs1__lag040,dgs1_dgs1,d,40,FRED_DGS1_DGS1.csv,257,0.805643
d__dgs1_dgs1__lag041,dgs1_dgs1,d,41,FRED_DGS1_DGS1.csv,257,0.805643
d__dgs1_dgs1__lag042,dgs1_dgs1,d,42,FRED_DGS1_DGS1.csv,257,0.805643
d__dgs1_dgs1__lag043,dgs1_dgs1,d,43,FRED_DGS1_DGS1.csv,257,0.805643
d__dgs1_dgs1__lag044,dgs1_dgs1,d,44,FRED_DGS1_DGS1.csv,257,0.805643
d__dgs1_dgs1__lag045,dgs1_dgs1,d,45,FRED_DGS1_DGS1.csv,257,0.805643
d__dgs1_dgs1__lag046,dgs1_dgs1,d,46,FRED_DGS1_DGS1.csv,257,0.805643
d__dgs1_dgs1__lag047,dgs1_dgs1,d,47,FRED_DGS1_DGS1.csv,257,0.805643
d__dgs1_dgs1__lag048,dgs1_dgs1,d,48,FRED_DGS1_DGS1.csv,257,0.805643
d__dgs1_dgs1__lag049,dgs1_dgs1,d,49,FRED_DGS1_DGS1.csv,257,0.805643
d__dgs1_dgs1__lag050,dgs1_dgs1,d,50,FRED_DGS1_DGS1.csv,257,0.805643
d__dgs1_dgs1__lag051,dgs1_dgs1,d,51,FRED_DGS1_DGS1.csv,257,0.805643
d__dgs1_dgs1__lag052,dgs1_dgs1,d,52,FRED_DGS1_DGS1.csv,257,0.805643
d__dgs1_dgs1__lag053,dgs1_dgs1,d,53,FRED_DGS1_DGS1.csv,257,0.805643
d__dgs1_dgs1__lag054,dgs1_dgs1,d,54,FRED_DGS1_DGS1.csv,257,0.805643
d__dgs1_dgs1__lag055,dgs1_dgs1,d,55,FRED_DGS1_DGS1.csv,257,0.805643
d__dgs1_dgs1__lag056,dgs1_dgs1,d,56,FRED_DGS1_DGS1.csv,257,0.805643
d__dgs1_dgs1__lag057,dgs1_dgs1,d,57,FRED_DGS1_DGS1.csv,257,0.805643
d__dgs1_dgs1__lag058,dgs1_dgs1,d,58,FRED_DGS1_DGS1.csv,257,0.805643
d__dgs1_dgs1__lag059,dgs1_dgs1,d,59,FRED_DGS1_DGS1.csv,257,0.805643
d__dgs1_dgs1__lag060,dgs1_dgs1,d,60,FRED_DGS1_DGS1.csv,257,0.805643
d__dgs1_dgs1__lag061,dgs1_dgs1,d,61,FRED_DGS1_DGS1.csv,257,0.805643
d__dgs1_dgs1__lag062,dgs1_dgs1,d,62,FRED_DGS1_DGS1.csv,257,0.805643
d__dgs1_dgs1__lag063,dgs1_dgs1,d,63,FRED_DGS1_DGS1.csv,257,0.805643
d__dgs1_dgs1__lag064,dgs1_dgs1,d,64,FRED_DGS1_DGS1.csv,257,0.805643
d__dgs1_dgs1__lag065,dgs1_dgs1,d,65,FRED_DGS1_DGS1.csv,257,0.805643
d__dgs1_dgs1__lag066,dgs1_dgs1,d,66,FRED_DGS1_DGS1.csv,257,0.805643
d__dgs1_dgs1__lag067,dgs1_dgs1,d,67,FRED_DGS1_DGS1.csv,257,0.805643
d__dgs1_dgs1__lag068,dgs1_dgs1,d,68,FRED_DGS1_DGS1.csv,257,0.805643
d__dgs1_dgs1__lag069,dgs1_dgs1,d,69,FRED_DGS1_DGS1.csv,257,0.805643
d__dgs1_dgs1__lag070,dgs1_dgs1,d,70,FRED_DGS1_DGS1.csv,257,0.805643
d__dgs1_dgs1__lag071,dgs1_dgs1,d,71,FRED_DGS1_DGS1.csv,257,0.805643
d__dgs1_dgs1__lag072,dgs1_dgs1,d,72,FRED_DGS1_DGS1.csv,257,0.805643
d__dgs1_dgs1__lag073,dgs1_dgs1,d,73,FRED_DGS1_DGS1.csv,257,0.805643
d__dgs1_dgs1__lag074,dgs1_dgs1,d,74,FRED_DGS1_DGS1.csv,257,0.805643
d__dgs1_dgs1__lag075,dgs1_dgs1,d,75,FRED_DGS1_DGS1.csv,257,0.805643
d__dgs1_dgs1__lag076,dgs1_dgs1,d,76,FRED_DGS1_DGS1.csv,257,0.805643
d__dgs1_dgs1__lag077,dgs1_dgs1,d,77,FRED_DGS1_DGS1.csv,257,0.805643
d__dgs1_dgs1__lag078,dgs1_dgs1,d,78,FRED_DGS1_DGS1.csv,257,0.805643
d__dgs1_dgs1__lag079,dgs1_dgs1,d,79,FRED_DGS1_DGS1.csv,257,0.805643
d__dgs1_dgs1__lag080,dgs1_dgs1,d,80,FRED_DGS1_DGS1.csv,257,0.805643
d__dgs1_dgs1__lag081,dgs1_dgs1,d,81,FRED_DGS1_DGS1.csv,257,0.805643
d__dgs1_dgs1__lag082,dgs1_dgs1,d,82,FRED_DGS1_DGS1.csv,257,0.805643
d__dgs1_dgs1__lag083,dgs1_dgs1,d,83,FRED_DGS1_DGS1.csv,257,0.805643
d__dgs1_dgs1__lag084,dgs1_dgs1,d,84,FRED_DGS1_DGS1.csv,257,0.805643
d__dgs1_dgs1__lag085,dgs1_dgs1,d,85,FRED_DGS1_DGS1.csv,257,0.805643
d__dgs1_dgs1__lag086,dgs1_dgs1,d,86,FRED_DGS1_DGS1.csv,257,0.805643
d__dgs1_dgs1__lag087,dgs1_dgs1,d,87,FRED_DGS1_DGS1.csv,257,0.805643
d__dgs1_dgs1__lag088,dgs1_dgs1,d,88,FRED_DGS1_DGS1.csv,257,0.805643
d__dgs1_dgs1__lag089,dgs1_dgs1,d,89,FRED_DGS1_DGS1.csv,257,0.805643
d__dgs1_dgs1__lag090,dgs1_dgs1,d,90,FRED_DGS1_DGS1.csv,256,0.802508
d__dgs20_dgs20__lag001,dgs20_dgs20,d,1,FRED_DGS20_DGS20.csv,257,0.805643
d__dgs20_dgs20__lag002,dgs20_dgs20,d,2,FRED_DGS20_DGS20.csv,257,0.805643
d__dgs20_dgs20__lag003,dgs20_dgs20,d,3,FRED_DGS20_DGS20.csv,257,0.805643
d__dgs20_dgs20__lag004,dgs20_dgs20,d,4,FRED_DGS20_DGS20.csv,257,0.805643
d__dgs20_dgs20__lag005,dgs20_dgs20,d,5,FRED_DGS20_DGS20.csv,257,0.805643
d__dgs20_dgs20__lag006,dgs20_dgs20,d,6,FRED_DGS20_DGS20.csv,257,0.805643
d__dgs20_dgs20__lag007,dgs20_dgs20,d,7,FRED_DGS20_DGS20.csv,257,0.805643
d__dgs20_dgs20__lag008,dgs20_dgs20,d,8,FRED_DGS20_DGS20.csv,257,0.805643
d__dgs20_dgs20__lag009,dgs20_dgs20,d,9,FRED_DGS20_DGS20.csv,257,0.805643
d__dgs20_dgs20__lag010,dgs20_dgs20,d,10,FRED_DGS20_DGS20.csv,257,0.805643
d__dgs20_dgs20__lag011,dgs20_dgs20,d,11,FRED_DGS20_DGS20.csv,257,0.805643
d__dgs20_dgs20__lag012,dgs20_dgs20,d,12,FRED_DGS20_DGS20.csv,257,0.805643
d__dgs20_dgs20__lag013,dgs20_dgs20,d,13,FRED_DGS20_DGS20.csv,257,0.805643
d__dgs20_dgs20__lag014,dgs20_dgs20,d,14,FRED_DGS20_DGS20.csv,257,0.805643
d__dgs20_dgs20__lag015,dgs20_dgs20,d,15,FRED_DGS20_DGS20.csv,257,0.805643
d__dgs20_dgs20__lag016,dgs20_dgs20,d,16,FRED_DGS20_DGS20.csv,257,0.805643
d__dgs20_dgs20__lag017,dgs20_dgs20,d,17,FRED_DGS20_DGS20.csv,257,0.805643
d__dgs20_dgs20__lag018,dgs20_dgs20,d,18,FRED_DGS20_DGS20.csv,257,0.805643
d__dgs20_dgs20__lag019,dgs20_dgs20,d,19,FRED_DGS20_DGS20.csv,257,0.805643
d__dgs20_dgs20__lag020,dgs20_dgs20,d,20,FRED_DGS20_DGS20.csv,257,0.805643
d__dgs20_dgs20__lag021,dgs20_dgs20,d,21,FRED_DGS20_DGS20.csv,257,0.805643
d__dgs20_dgs20__lag022,dgs20_dgs20,d,22,FRED_DGS20_DGS20.csv,257,0.805643
d__dgs20_dgs20__lag023,dgs20_dgs20,d,23,FRED_DGS20_DGS20.csv,257,0.805643
d__dgs20_dgs20__lag024,dgs20_dgs20,d,24,FRED_DGS20_DGS20.csv,257,0.805643
d__dgs20_dgs20__lag025,dgs20_dgs20,d,25,FRED_DGS20_DGS20.csv,257,0.805643
d__dgs20_dgs20__lag026,dgs20_dgs20,d,26,FRED_DGS20_DGS20.csv,257,0.805643
d__dgs20_dgs20__lag027,dgs20_dgs20,d,27,FRED_DGS20_DGS20.csv,257,0.805643
d__dgs20_dgs20__lag028,dgs20_dgs20,d,28,FRED_DGS20_DGS20.csv,257,0.805643
d__dgs20_dgs20__lag029,dgs20_dgs20,d,29,FRED_DGS20_DGS20.csv,257,0.805643
d__dgs20_dgs20__lag030,dgs20_dgs20,d,30,FRED_DGS20_DGS20.csv,257,0.805643
d__dgs20_dgs20__lag031,dgs20_dgs20,d,31,FRED_DGS20_DGS20.csv,257,0.805643
d__dgs20_dgs20__lag032,dgs20_dgs20,d,32,FRED_DGS20_DGS20.csv,257,0.805643
d__dgs20_dgs20__lag033,dgs20_dgs20,d,33,FRED_DGS20_DGS20.csv,257,0.805643
d__dgs20_dgs20__lag034,dgs20_dgs20,d,34,FRED_DGS20_DGS20.csv,257,0.805643
d__dgs20_dgs20__lag035,dgs20_dgs20,d,35,FRED_DGS20_DGS20.csv,257,0.805643
d__dgs20_dgs20__lag036,dgs20_dgs20,d,36,FRED_DGS20_DGS20.csv,257,0.805643
d__dgs20_dgs20__lag037,dgs20_dgs20,d,37,FRED_DGS20_DGS20.csv,257,0.805643
d__dgs20_dgs20__lag038,dgs20_dgs20,d,38,FRED_DGS20_DGS20.csv,257,0.805643
d__dgs20_dgs20__lag039,dgs20_dgs20,d,39,FRED_DGS20_DGS20.csv,257,0.805643
d__dgs20_dgs20__lag040,dgs20_dgs20,d,40,FRED_DGS20_DGS20.csv,257,0.805643
d__dgs20_dgs20__lag041,dgs20_dgs20,d,41,FRED_DGS20_DGS20.csv,257,0.805643
d__dgs20_dgs20__lag042,dgs20_dgs20,d,42,FRED_DGS20_DGS20.csv,257,0.805643
d__dgs20_dgs20__lag043,dgs20_dgs20,d,43,FRED_DGS20_DGS20.csv,257,0.805643
d__dgs20_dgs20__lag044,dgs20_dgs20,d,44,FRED_DGS20_DGS20.csv,257,0.805643
d__dgs20_dgs20__lag045,dgs20_dgs20,d,45,FRED_DGS20_DGS20.csv,257,0.805643
d__dgs20_dgs20__lag046,dgs20_dgs20,d,46,FRED_DGS20_DGS20.csv,257,0.805643
d__dgs20_dgs20__lag047,dgs20_dgs20,d,47,FRED_DGS20_DGS20.csv,257,0.805643
d__dgs20_dgs20__lag048,dgs20_dgs20,d,48,FRED_DGS20_DGS20.csv,257,0.805643
d__dgs20_dgs20__lag049,dgs20_dgs20,d,49,FRED_DGS20_DGS20.csv,257,0.805643
d__dgs20_dgs20__lag050,dgs20_dgs20,d,50,FRED_DGS20_DGS20.csv,257,0.805643
d__dgs20_dgs20__lag051,dgs20_dgs20,d,51,FRED_DGS20_DGS20.csv,257,0.805643
d__dgs20_dgs20__lag052,dgs20_dgs20,d,52,FRED_DGS20_DGS20.csv,257,0.805643
d__dgs20_dgs20__lag053,dgs20_dgs20,d,53,FRED_DGS20_DGS20.csv,257,0.805643
d__dgs20_dgs20__lag054,dgs20_dgs20,d,54,FRED_DGS20_DGS20.csv,257,0.805643
d__dgs20_dgs20__lag055,dgs20_dgs20,d,55,FRED_DGS20_DGS20.csv,257,0.805643
d__dgs20_dgs20__lag056,dgs20_dgs20,d,56,FRED_DGS20_DGS20.csv,257,0.805643
d__dgs20_dgs20__lag057,dgs20_dgs20,d,57,FRED_DGS20_DGS20.csv,257,0.805643
d__dgs20_dgs20__lag058,dgs20_dgs20,d,58,FRED_DGS20_DGS20.csv,257,0.805643
d__dgs20_dgs20__lag059,dgs20_dgs20,d,59,FRED_DGS20_DGS20.csv,257,0.805643
d__dgs20_dgs20__lag060,dgs20_dgs20,d,60,FRED_DGS20_DGS20.csv,257,0.805643
d__dgs20_dgs20__lag061,dgs20_dgs20,d,61,FRED_DGS20_DGS20.csv,257,0.805643
d__dgs20_dgs20__lag062,dgs20_dgs20,d,62,FRED_DGS20_DGS20.csv,257,0.805643
d__dgs20_dgs20__lag063,dgs20_dgs20,d,63,FRED_DGS20_DGS20.csv,257,0.805643
d__dgs20_dgs20__lag064,dgs20_dgs20,d,64,FRED_DGS20_DGS20.csv,257,0.805643
d__dgs20_dgs20__lag065,dgs20_dgs20,d,65,FRED_DGS20_DGS20.csv,257,0.805643
d__dgs20_dgs20__lag066,dgs20_dgs20,d,66,FRED_DGS20_DGS20.csv,257,0.805643
d__dgs20_dgs20__lag067,dgs20_dgs20,d,67,FRED_DGS20_DGS20.csv,257,0.805643
d__dgs20_dgs20__lag068,dgs20_dgs20,d,68,FRED_DGS20_DGS20.csv,257,0.805643
d__dgs20_dgs20__lag069,dgs20_dgs20,d,69,FRED_DGS20_DGS20.csv,257,0.805643
d__dgs20_dgs20__lag070,dgs20_dgs20,d,70,FRED_DGS20_DGS20.csv,257,0.805643
d__dgs20_dgs20__lag071,dgs20_dgs20,d,71,FRED_DGS20_DGS20.csv,257,0.805643
d__dgs20_dgs20__lag072,dgs20_dgs20,d,72,FRED_DGS20_DGS20.csv,257,0.805643
d__dgs20_dgs20__lag073,dgs20_dgs20,d,73,FRED_DGS20_DGS20.csv,257,0.805643
d__dgs20_dgs20__lag074,dgs20_dgs20,d,74,FRED_DGS20_DGS20.csv,257,0.805643
d__dgs20_dgs20__lag075,dgs20_dgs20,d,75,FRED_DGS20_DGS20.csv,257,0.805643
d__dgs20_dgs20__lag076,dgs20_dgs20,d,76,FRED_DGS20_DGS20.csv,257,0.805643
d__dgs20_dgs20__lag077,dgs20_dgs20,d,77,FRED_DGS20_DGS20.csv,257,0.805643
d__dgs20_dgs20__lag078,dgs20_dgs20,d,78,FRED_DGS20_DGS20.csv,257,0.805643
d__dgs20_dgs20__lag079,dgs20_dgs20,d,79,FRED_DGS20_DGS20.csv,257,0.805643
d__dgs20_dgs20__lag080,dgs20_dgs20,d,80,FRED_DGS20_DGS20.csv,257,0.805643
d__dgs20_dgs20__lag081,dgs20_dgs20,d,81,FRED_DGS20_DGS20.csv,257,0.805643
d__dgs20_dgs20__lag082,dgs20_dgs20,d,82,FRED_DGS20_DGS20.csv,257,0.805643
d__dgs20_dgs20__lag083,dgs20_dgs20,d,83,FRED_DGS20_DGS20.csv,257,0.805643
d__dgs20_dgs20__lag084,dgs20_dgs20,d,84,FRED_DGS20_DGS20.csv,257,0.805643
d__dgs20_dgs20__lag085,dgs20_dgs20,d,85,FRED_DGS20_DGS20.csv,257,0.805643
d__dgs20_dgs20__lag086,dgs20_dgs20,d,86,FRED_DGS20_DGS20.csv,257,0.805643
d__dgs20_dgs20__lag087,dgs20_dgs20,d,87,FRED_DGS20_DGS20.csv,257,0.805643
d__dgs20_dgs20__lag088,dgs20_dgs20,d,88,FRED_DGS20_DGS20.csv,257,0.805643
d__dgs20_dgs20__lag089,dgs20_dgs20,d,89,FRED_DGS20_DGS20.csv,257,0.805643
d__dgs20_dgs20__lag090,dgs20_dgs20,d,90,FRED_DGS20_DGS20.csv,256,0.802508
d__dgs2_dgs2__lag001,dgs2_dgs2,d,1,FRED_DGS2_DGS2.csv,200,0.626959
d__dgs2_dgs2__lag002,dgs2_dgs2,d,2,FRED_DGS2_DGS2.csv,200,0.626959
d__dgs2_dgs2__lag003,dgs2_dgs2,d,3,FRED_DGS2_DGS2.csv,200,0.626959
d__dgs2_dgs2__lag004,dgs2_dgs2,d,4,FRED_DGS2_DGS2.csv,200,0.626959
d__dgs2_dgs2__lag005,dgs2_dgs2,d,5,FRED_DGS2_DGS2.csv,200,0.626959
d__dgs2_dgs2__lag006,dgs2_dgs2,d,6,FRED_DGS2_DGS2.csv,200,0.626959
d__dgs2_dgs2__lag007,dgs2_dgs2,d,7,FRED_DGS2_DGS2.csv,200,0.626959
d__dgs2_dgs2__lag008,dgs2_dgs2,d,8,FRED_DGS2_DGS2.csv,200,0.626959
d__dgs2_dgs2__lag009,dgs2_dgs2,d,9,FRED_DGS2_DGS2.csv,200,0.626959
d__dgs2_dgs2__lag010,dgs2_dgs2,d,10,FRED_DGS2_DGS2.csv,200,0.626959
d__dgs2_dgs2__lag011,dgs2_dgs2,d,11,FRED_DGS2_DGS2.csv,200,0.626959
d__dgs2_dgs2__lag012,dgs2_dgs2,d,12,FRED_DGS2_DGS2.csv,200,0.626959
d__dgs2_dgs2__lag013,dgs2_dgs2,d,13,FRED_DGS2_DGS2.csv,200,0.626959
d__dgs2_dgs2__lag014,dgs2_dgs2,d,14,FRED_DGS2_DGS2.csv,200,0.626959
d__dgs2_dgs2__lag015,dgs2_dgs2,d,15,FRED_DGS2_DGS2.csv,200,0.626959
d__dgs2_dgs2__lag016,dgs2_dgs2,d,16,FRED_DGS2_DGS2.csv,200,0.626959
d__dgs2_dgs2__lag017,dgs2_dgs2,d,17,FRED_DGS2_DGS2.csv,200,0.626959
d__dgs2_dgs2__lag018,dgs2_dgs2,d,18,FRED_DGS2_DGS2.csv,200,0.626959
d__dgs2_dgs2__lag019,dgs2_dgs2,d,19,FRED_DGS2_DGS2.csv,200,0.626959
d__dgs2_dgs2__lag020,dgs2_dgs2,d,20,FRED_DGS2_DGS2.csv,200,0.626959
d__dgs2_dgs2__lag021,dgs2_dgs2,d,21,FRED_DGS2_DGS2.csv,200,0.626959
d__dgs2_dgs2__lag022,dgs2_dgs2,d,22,FRED_DGS2_DGS2.csv,200,0.626959
d__dgs2_dgs2__lag023,dgs2_dgs2,d,23,FRED_DGS2_DGS2.csv,200,0.626959
d__dgs2_dgs2__lag024,dgs2_dgs2,d,24,FRED_DGS2_DGS2.csv,200,0.626959
d__dgs2_dgs2__lag025,dgs2_dgs2,d,25,FRED_DGS2_DGS2.csv,200,0.626959
d__dgs2_dgs2__lag026,dgs2_dgs2,d,26,FRED_DGS2_DGS2.csv,200,0.626959
d__dgs2_dgs2__lag027,dgs2_dgs2,d,27,FRED_DGS2_DGS2.csv,200,0.626959
d__dgs2_dgs2__lag028,dgs2_dgs2,d,28,FRED_DGS2_DGS2.csv,200,0.626959
d__dgs2_dgs2__lag029,dgs2_dgs2,d,29,FRED_DGS2_DGS2.csv,200,0.626959
d__dgs2_dgs2__lag030,dgs2_dgs2,d,30,FRED_DGS2_DGS2.csv,200,0.626959
d__dgs2_dgs2__lag031,dgs2_dgs2,d,31,FRED_DGS2_DGS2.csv,199,0.623824
d__dgs2_dgs2__lag032,dgs2_dgs2,d,32,FRED_DGS2_DGS2.csv,199,0.623824
d__dgs2_dgs2__lag033,dgs2_dgs2,d,33,FRED_DGS2_DGS2.csv,199,0.623824
d__dgs2_dgs2__lag034,dgs2_dgs2,d,34,FRED_DGS2_DGS2.csv,199,0.623824
d__dgs2_dgs2__lag035,dgs2_dgs2,d,35,FRED_DGS2_DGS2.csv,199,0.623824
d__dgs2_dgs2__lag036,dgs2_dgs2,d,36,FRED_DGS2_DGS2.csv,199,0.623824
d__dgs2_dgs2__lag037,dgs2_dgs2,d,37,FRED_DGS2_DGS2.csv,199,0.623824
d__dgs2_dgs2__lag038,dgs2_dgs2,d,38,FRED_DGS2_DGS2.csv,199,0.623824
d__dgs2_dgs2__lag039,dgs2_dgs2,d,39,FRED_DGS2_DGS2.csv,199,0.623824
d__dgs2_dgs2__lag040,dgs2_dgs2,d,40,FRED_DGS2_DGS2.csv,199,0.623824
d__dgs2_dgs2__lag041,dgs2_dgs2,d,41,FRED_DGS2_DGS2.csv,199,0.623824
d__dgs2_dgs2__lag042,dgs2_dgs2,d,42,FRED_DGS2_DGS2.csv,199,0.623824
d__dgs2_dgs2__lag043,dgs2_dgs2,d,43,FRED_DGS2_DGS2.csv,199,0.623824
d__dgs2_dgs2__lag044,dgs2_dgs2,d,44,FRED_DGS2_DGS2.csv,199,0.623824
d__dgs2_dgs2__lag045,dgs2_dgs2,d,45,FRED_DGS2_DGS2.csv,199,0.623824
d__dgs2_dgs2__lag046,dgs2_dgs2,d,46,FRED_DGS2_DGS2.csv,199,0.623824
d__dgs2_dgs2__lag047,dgs2_dgs2,d,47,FRED_DGS2_DGS2.csv,199,0.623824
d__dgs2_dgs2__lag048,dgs2_dgs2,d,48,FRED_DGS2_DGS2.csv,199,0.623824
d__dgs2_dgs2__lag049,dgs2_dgs2,d,49,FRED_DGS2_DGS2.csv,199,0.623824
d__dgs2_dgs2__lag050,dgs2_dgs2,d,50,FRED_DGS2_DGS2.csv,199,0.623824
d__dgs2_dgs2__lag051,dgs2_dgs2,d,51,FRED_DGS2_DGS2.csv,199,0.623824
d__dgs2_dgs2__lag052,dgs2_dgs2,d,52,FRED_DGS2_DGS2.csv,199,0.623824
d__dgs2_dgs2__lag053,dgs2_dgs2,d,53,FRED_DGS2_DGS2.csv,199,0.623824
d__dgs2_dgs2__lag054,dgs2_dgs2,d,54,FRED_DGS2_DGS2.csv,199,0.623824
d__dgs2_dgs2__lag055,dgs2_dgs2,d,55,FRED_DGS2_DGS2.csv,199,0.623824
d__dgs2_dgs2__lag056,dgs2_dgs2,d,56,FRED_DGS2_DGS2.csv,199,0.623824
d__dgs2_dgs2__lag057,dgs2_dgs2,d,57,FRED_DGS2_DGS2.csv,199,0.623824
d__dgs2_dgs2__lag058,dgs2_dgs2,d,58,FRED_DGS2_DGS2.csv,199,0.623824
d__dgs2_dgs2__lag059,dgs2_dgs2,d,59,FRED_DGS2_DGS2.csv,199,0.623824
d__dgs2_dgs2__lag060,dgs2_dgs2,d,60,FRED_DGS2_DGS2.csv,199,0.623824
d__dgs2_dgs2__lag061,dgs2_dgs2,d,61,FRED_DGS2_DGS2.csv,199,0.623824
d__dgs2_dgs2__lag062,dgs2_dgs2,d,62,FRED_DGS2_DGS2.csv,199,0.623824
d__dgs2_dgs2__lag063,dgs2_dgs2,d,63,FRED_DGS2_DGS2.csv,199,0.623824
d__dgs2_dgs2__lag064,dgs2_dgs2,d,64,FRED_DGS2_DGS2.csv,199,0.623824
d__dgs2_dgs2__lag065,dgs2_dgs2,d,65,FRED_DGS2_DGS2.csv,199,0.623824
d__dgs2_dgs2__lag066,dgs2_dgs2,d,66,FRED_DGS2_DGS2.csv,199,0.623824
d__dgs2_dgs2__lag067,dgs2_dgs2,d,67,FRED_DGS2_DGS2.csv,199,0.623824
d__dgs2_dgs2__lag068,dgs2_dgs2,d,68,FRED_DGS2_DGS2.csv,199,0.623824
d__dgs2_dgs2__lag069,dgs2_dgs2,d,69,FRED_DGS2_DGS2.csv,199,0.623824
d__dgs2_dgs2__lag070,dgs2_dgs2,d,70,FRED_DGS2_DGS2.csv,199,0.623824
d__dgs2_dgs2__lag071,dgs2_dgs2,d,71,FRED_DGS2_DGS2.csv,199,0.623824
d__dgs2_dgs2__lag072,dgs2_dgs2,d,72,FRED_DGS2_DGS2.csv,199,0.623824
d__dgs2_dgs2__lag073,dgs2_dgs2,d,73,FRED_DGS2_DGS2.csv,199,0.623824
d__dgs2_dgs2__lag074,dgs2_dgs2,d,74,FRED_DGS2_DGS2.csv,199,0.623824
d__dgs2_dgs2__lag075,dgs2_dgs2,d,75,FRED_DGS2_DGS2.csv,199,0.623824
d__dgs2_dgs2__lag076,dgs2_dgs2,d,76,FRED_DGS2_DGS2.csv,199,0.623824
d__dgs2_dgs2__lag077,dgs2_dgs2,d,77,FRED_DGS2_DGS2.csv,199,0.623824
d__dgs2_dgs2__lag078,dgs2_dgs2,d,78,FRED_DGS2_DGS2.csv,199,0.623824
d__dgs2_dgs2__lag079,dgs2_dgs2,d,79,FRED_DGS2_DGS2.csv,199,0.623824
d__dgs2_dgs2__lag080,dgs2_dgs2,d,80,FRED_DGS2_DGS2.csv,199,0.623824
d__dgs2_dgs2__lag081,dgs2_dgs2,d,81,FRED_DGS2_DGS2.csv,199,0.623824
d__dgs2_dgs2__lag082,dgs2_dgs2,d,82,FRED_DGS2_DGS2.csv,199,0.623824
d__dgs2_dgs2__lag083,dgs2_dgs2,d,83,FRED_DGS2_DGS2.csv,199,0.623824
d__dgs2_dgs2__lag084,dgs2_dgs2,d,84,FRED_DGS2_DGS2.csv,199,0.623824
d__dgs2_dgs2__lag085,dgs2_dgs2,d,85,FRED_DGS2_DGS2.csv,199,0.623824
d__dgs2_dgs2__lag086,dgs2_dgs2,d,86,FRED_DGS2_DGS2.csv,199,0.623824
d__dgs2_dgs2__lag087,dgs2_dgs2,d,87,FRED_DGS2_DGS2.csv,199,0.623824
d__dgs2_dgs2__lag088,dgs2_dgs2,d,88,FRED_DGS2_DGS2.csv,199,0.623824
d__dgs2_dgs2__lag089,dgs2_dgs2,d,89,FRED_DGS2_DGS2.csv,199,0.623824
d__dgs2_dgs2__lag090,dgs2_dgs2,d,90,FRED_DGS2_DGS2.csv,199,0.623824
d__dgs30_dgs30__lag001,dgs30_dgs30,d,1,FRED_DGS30_DGS30.csv,197,0.617555
d__dgs30_dgs30__lag002,dgs30_dgs30,d,2,FRED_DGS30_DGS30.csv,197,0.617555
d__dgs30_dgs30__lag003,dgs30_dgs30,d,3,FRED_DGS30_DGS30.csv,197,0.617555
d__dgs30_dgs30__lag004,dgs30_dgs30,d,4,FRED_DGS30_DGS30.csv,197,0.617555
d__dgs30_dgs30__lag005,dgs30_dgs30,d,5,FRED_DGS30_DGS30.csv,197,0.617555
d__dgs30_dgs30__lag006,dgs30_dgs30,d,6,FRED_DGS30_DGS30.csv,197,0.617555
d__dgs30_dgs30__lag007,dgs30_dgs30,d,7,FRED_DGS30_DGS30.csv,197,0.617555
d__dgs30_dgs30__lag008,dgs30_dgs30,d,8,FRED_DGS30_DGS30.csv,197,0.617555
d__dgs30_dgs30__lag009,dgs30_dgs30,d,9,FRED_DGS30_DGS30.csv,197,0.617555
d__dgs30_dgs30__lag010,dgs30_dgs30,d,10,FRED_DGS30_DGS30.csv,197,0.617555
d__dgs30_dgs30__lag011,dgs30_dgs30,d,11,FRED_DGS30_DGS30.csv,197,0.617555
d__dgs30_dgs30__lag012,dgs30_dgs30,d,12,FRED_DGS30_DGS30.csv,197,0.617555
d__dgs30_dgs30__lag013,dgs30_dgs30,d,13,FRED_DGS30_DGS30.csv,197,0.617555
d__dgs30_dgs30__lag014,dgs30_dgs30,d,14,FRED_DGS30_DGS30.csv,197,0.617555
d__dgs30_dgs30__lag015,dgs30_dgs30,d,15,FRED_DGS30_DGS30.csv,197,0.617555
d__dgs30_dgs30__lag016,dgs30_dgs30,d,16,FRED_DGS30_DGS30.csv,197,0.617555
d__dgs30_dgs30__lag017,dgs30_dgs30,d,17,FRED_DGS30_DGS30.csv,197,0.617555
d__dgs30_dgs30__lag018,dgs30_dgs30,d,18,FRED_DGS30_DGS30.csv,197,0.617555
d__dgs30_dgs30__lag019,dgs30_dgs30,d,19,FRED_DGS30_DGS30.csv,197,0.617555
d__dgs30_dgs30__lag020,dgs30_dgs30,d,20,FRED_DGS30_DGS30.csv,197,0.617555
d__dgs30_dgs30__lag021,dgs30_dgs30,d,21,FRED_DGS30_DGS30.csv,197,0.617555
d__dgs30_dgs30__lag022,dgs30_dgs30,d,22,FRED_DGS30_DGS30.csv,197,0.617555
d__dgs30_dgs30__lag023,dgs30_dgs30,d,23,FRED_DGS30_DGS30.csv,197,0.617555
d__dgs30_dgs30__lag024,dgs30_dgs30,d,24,FRED_DGS30_DGS30.csv,197,0.617555
d__dgs30_dgs30__lag025,dgs30_dgs30,d,25,FRED_DGS30_DGS30.csv,197,0.617555
d__dgs30_dgs30__lag026,dgs30_dgs30,d,26,FRED_DGS30_DGS30.csv,197,0.617555
d__dgs30_dgs30__lag027,dgs30_dgs30,d,27,FRED_DGS30_DGS30.csv,197,0.617555
d__dgs30_dgs30__lag028,dgs30_dgs30,d,28,FRED_DGS30_DGS30.csv,197,0.617555
d__dgs30_dgs30__lag029,dgs30_dgs30,d,29,FRED_DGS30_DGS30.csv,197,0.617555
d__dgs30_dgs30__lag030,dgs30_dgs30,d,30,FRED_DGS30_DGS30.csv,197,0.617555
d__dgs30_dgs30__lag031,dgs30_dgs30,d,31,FRED_DGS30_DGS30.csv,197,0.617555
d__dgs30_dgs30__lag032,dgs30_dgs30,d,32,FRED_DGS30_DGS30.csv,197,0.617555
d__dgs30_dgs30__lag033,dgs30_dgs30,d,33,FRED_DGS30_DGS30.csv,197,0.617555
d__dgs30_dgs30__lag034,dgs30_dgs30,d,34,FRED_DGS30_DGS30.csv,197,0.617555
d__dgs30_dgs30__lag035,dgs30_dgs30,d,35,FRED_DGS30_DGS30.csv,197,0.617555
d__dgs30_dgs30__lag036,dgs30_dgs30,d,36,FRED_DGS30_DGS30.csv,197,0.617555
d__dgs30_dgs30__lag037,dgs30_dgs30,d,37,FRED_DGS30_DGS30.csv,197,0.617555
d__dgs30_dgs30__lag038,dgs30_dgs30,d,38,FRED_DGS30_DGS30.csv,197,0.617555
d__dgs30_dgs30__lag039,dgs30_dgs30,d,39,FRED_DGS30_DGS30.csv,197,0.617555
d__dgs30_dgs30__lag040,dgs30_dgs30,d,40,FRED_DGS30_DGS30.csv,197,0.617555
d__dgs30_dgs30__lag041,dgs30_dgs30,d,41,FRED_DGS30_DGS30.csv,197,0.617555
d__dgs30_dgs30__lag042,dgs30_dgs30,d,42,FRED_DGS30_DGS30.csv,197,0.617555
d__dgs30_dgs30__lag043,dgs30_dgs30,d,43,FRED_DGS30_DGS30.csv,197,0.617555
d__dgs30_dgs30__lag044,dgs30_dgs30,d,44,FRED_DGS30_DGS30.csv,197,0.617555
d__dgs30_dgs30__lag045,dgs30_dgs30,d,45,FRED_DGS30_DGS30.csv,197,0.617555
d__dgs30_dgs30__lag046,dgs30_dgs30,d,46,FRED_DGS30_DGS30.csv,196,0.61442
d__dgs30_dgs30__lag047,dgs30_dgs30,d,47,FRED_DGS30_DGS30.csv,196,0.61442
d__dgs30_dgs30__lag048,dgs30_dgs30,d,48,FRED_DGS30_DGS30.csv,196,0.61442
d__dgs30_dgs30__lag049,dgs30_dgs30,d,49,FRED_DGS30_DGS30.csv,196,0.61442
d__dgs30_dgs30__lag050,dgs30_dgs30,d,50,FRED_DGS30_DGS30.csv,196,0.61442
d__dgs30_dgs30__lag051,dgs30_dgs30,d,51,FRED_DGS30_DGS30.csv,196,0.61442
d__dgs30_dgs30__lag052,dgs30_dgs30,d,52,FRED_DGS30_DGS30.csv,196,0.61442
d__dgs30_dgs30__lag053,dgs30_dgs30,d,53,FRED_DGS30_DGS30.csv,196,0.61442
d__dgs30_dgs30__lag054,dgs30_dgs30,d,54,FRED_DGS30_DGS30.csv,196,0.61442
d__dgs30_dgs30__lag055,dgs30_dgs30,d,55,FRED_DGS30_DGS30.csv,196,0.61442
d__dgs30_dgs30__lag056,dgs30_dgs30,d,56,FRED_DGS30_DGS30.csv,196,0.61442
d__dgs30_dgs30__lag057,dgs30_dgs30,d,57,FRED_DGS30_DGS30.csv,196,0.61442
d__dgs30_dgs30__lag058,dgs30_dgs30,d,58,FRED_DGS30_DGS30.csv,196,0.61442
d__dgs30_dgs30__lag059,dgs30_dgs30,d,59,FRED_DGS30_DGS30.csv,196,0.61442
d__dgs30_dgs30__lag060,dgs30_dgs30,d,60,FRED_DGS30_DGS30.csv,196,0.61442
d__dgs30_dgs30__lag061,dgs30_dgs30,d,61,FRED_DGS30_DGS30.csv,196,0.61442
d__dgs30_dgs30__lag062,dgs30_dgs30,d,62,FRED_DGS30_DGS30.csv,196,0.61442
d__dgs30_dgs30__lag063,dgs30_dgs30,d,63,FRED_DGS30_DGS30.csv,196,0.61442
d__dgs30_dgs30__lag064,dgs30_dgs30,d,64,FRED_DGS30_DGS30.csv,196,0.61442
d__dgs30_dgs30__lag065,dgs30_dgs30,d,65,FRED_DGS30_DGS30.csv,196,0.61442
d__dgs30_dgs30__lag066,dgs30_dgs30,d,66,FRED_DGS30_DGS30.csv,196,0.61442
d__dgs30_dgs30__lag067,dgs30_dgs30,d,67,FRED_DGS30_DGS30.csv,196,0.61442
d__dgs30_dgs30__lag068,dgs30_dgs30,d,68,FRED_DGS30_DGS30.csv,196,0.61442
d__dgs30_dgs30__lag069,dgs30_dgs30,d,69,FRED_DGS30_DGS30.csv,196,0.61442
d__dgs30_dgs30__lag070,dgs30_dgs30,d,70,FRED_DGS30_DGS30.csv,196,0.61442
d__dgs30_dgs30__lag071,dgs30_dgs30,d,71,FRED_DGS30_DGS30.csv,196,0.61442
d__dgs30_dgs30__lag072,dgs30_dgs30,d,72,FRED_DGS30_DGS30.csv,196,0.61442
d__dgs30_dgs30__lag073,dgs30_dgs30,d,73,FRED_DGS30_DGS30.csv,196,0.61442
d__dgs30_dgs30__lag074,dgs30_dgs30,d,74,FRED_DGS30_DGS30.csv,196,0.61442
d__dgs30_dgs30__lag075,dgs30_dgs30,d,75,FRED_DGS30_DGS30.csv,196,0.61442
d__dgs30_dgs30__lag076,dgs30_dgs30,d,76,FRED_DGS30_DGS30.csv,196,0.61442
d__dgs30_dgs30__lag077,dgs30_dgs30,d,77,FRED_DGS30_DGS30.csv,196,0.61442
d__dgs30_dgs30__lag078,dgs30_dgs30,d,78,FRED_DGS30_DGS30.csv,196,0.61442
d__dgs30_dgs30__lag079,dgs30_dgs30,d,79,FRED_DGS30_DGS30.csv,196,0.61442
d__dgs30_dgs30__lag080,dgs30_dgs30,d,80,FRED_DGS30_DGS30.csv,196,0.61442
d__dgs30_dgs30__lag081,dgs30_dgs30,d,81,FRED_DGS30_DGS30.csv,196,0.61442
d__dgs30_dgs30__lag082,dgs30_dgs30,d,82,FRED_DGS30_DGS30.csv,196,0.61442
d__dgs30_dgs30__lag083,dgs30_dgs30,d,83,FRED_DGS30_DGS30.csv,196,0.61442
d__dgs30_dgs30__lag084,dgs30_dgs30,d,84,FRED_DGS30_DGS30.csv,196,0.61442
d__dgs30_dgs30__lag085,dgs30_dgs30,d,85,FRED_DGS30_DGS30.csv,196,0.61442
d__dgs30_dgs30__lag086,dgs30_dgs30,d,86,FRED_DGS30_DGS30.csv,196,0.61442
d__dgs30_dgs30__lag087,dgs30_dgs30,d,87,FRED_DGS30_DGS30.csv,196,0.61442
d__dgs30_dgs30__lag088,dgs30_dgs30,d,88,FRED_DGS30_DGS30.csv,196,0.61442
d__dgs30_dgs30__lag089,dgs30_dgs30,d,89,FRED_DGS30_DGS30.csv,196,0.61442
d__dgs30_dgs30__lag090,dgs30_dgs30,d,90,FRED_DGS30_DGS30.csv,196,0.61442
d__dgs3mo_dgs3mo__lag001,dgs3mo_dgs3mo,d,1,FRED_DGS3MO_DGS3MO.csv,179,0.561129
d__dgs3mo_dgs3mo__lag002,dgs3mo_dgs3mo,d,2,FRED_DGS3MO_DGS3MO.csv,179,0.561129
d__dgs3mo_dgs3mo__lag003,dgs3mo_dgs3mo,d,3,FRED_DGS3MO_DGS3MO.csv,179,0.561129
d__dgs3mo_dgs3mo__lag004,dgs3mo_dgs3mo,d,4,FRED_DGS3MO_DGS3MO.csv,179,0.561129
d__dgs3mo_dgs3mo__lag005,dgs3mo_dgs3mo,d,5,FRED_DGS3MO_DGS3MO.csv,179,0.561129
d__dgs3mo_dgs3mo__lag006,dgs3mo_dgs3mo,d,6,FRED_DGS3MO_DGS3MO.csv,179,0.561129
d__dgs3mo_dgs3mo__lag007,dgs3mo_dgs3mo,d,7,FRED_DGS3MO_DGS3MO.csv,179,0.561129
d__dgs3mo_dgs3mo__lag008,dgs3mo_dgs3mo,d,8,FRED_DGS3MO_DGS3MO.csv,179,0.561129
d__dgs3mo_dgs3mo__lag009,dgs3mo_dgs3mo,d,9,FRED_DGS3MO_DGS3MO.csv,179,0.561129
d__dgs3mo_dgs3mo__lag010,dgs3mo_dgs3mo,d,10,FRED_DGS3MO_DGS3MO.csv,179,0.561129
d__dgs3mo_dgs3mo__lag011,dgs3mo_dgs3mo,d,11,FRED_DGS3MO_DGS3MO.csv,179,0.561129
d__dgs3mo_dgs3mo__lag012,dgs3mo_dgs3mo,d,12,FRED_DGS3MO_DGS3MO.csv,179,0.561129
d__dgs3mo_dgs3mo__lag013,dgs3mo_dgs3mo,d,13,FRED_DGS3MO_DGS3MO.csv,179,0.561129
d__dgs3mo_dgs3mo__lag014,dgs3mo_dgs3mo,d,14,FRED_DGS3MO_DGS3MO.csv,179,0.561129
d__dgs3mo_dgs3mo__lag015,dgs3mo_dgs3mo,d,15,FRED_DGS3MO_DGS3MO.csv,179,0.561129
d__dgs3mo_dgs3mo__lag016,dgs3mo_dgs3mo,d,16,FRED_DGS3MO_DGS3MO.csv,179,0.561129
d__dgs3mo_dgs3mo__lag017,dgs3mo_dgs3mo,d,17,FRED_DGS3MO_DGS3MO.csv,179,0.561129
d__dgs3mo_dgs3mo__lag018,dgs3mo_dgs3mo,d,18,FRED_DGS3MO_DGS3MO.csv,179,0.561129
d__dgs3mo_dgs3mo__lag019,dgs3mo_dgs3mo,d,19,FRED_DGS3MO_DGS3MO.csv,179,0.561129
d__dgs3mo_dgs3mo__lag020,dgs3mo_dgs3mo,d,20,FRED_DGS3MO_DGS3MO.csv,179,0.561129
d__dgs3mo_dgs3mo__lag021,dgs3mo_dgs3mo,d,21,FRED_DGS3MO_DGS3MO.csv,179,0.561129
d__dgs3mo_dgs3mo__lag022,dgs3mo_dgs3mo,d,22,FRED_DGS3MO_DGS3MO.csv,179,0.561129
d__dgs3mo_dgs3mo__lag023,dgs3mo_dgs3mo,d,23,FRED_DGS3MO_DGS3MO.csv,179,0.561129
d__dgs3mo_dgs3mo__lag024,dgs3mo_dgs3mo,d,24,FRED_DGS3MO_DGS3MO.csv,179,0.561129
d__dgs3mo_dgs3mo__lag025,dgs3mo_dgs3mo,d,25,FRED_DGS3MO_DGS3MO.csv,179,0.561129
d__dgs3mo_dgs3mo__lag026,dgs3mo_dgs3mo,d,26,FRED_DGS3MO_DGS3MO.csv,179,0.561129
d__dgs3mo_dgs3mo__lag027,dgs3mo_dgs3mo,d,27,FRED_DGS3MO_DGS3MO.csv,179,0.561129
d__dgs3mo_dgs3mo__lag028,dgs3mo_dgs3mo,d,28,FRED_DGS3MO_DGS3MO.csv,179,0.561129
d__dgs3mo_dgs3mo__lag029,dgs3mo_dgs3mo,d,29,FRED_DGS3MO_DGS3MO.csv,179,0.561129
d__dgs3mo_dgs3mo__lag030,dgs3mo_dgs3mo,d,30,FRED_DGS3MO_DGS3MO.csv,179,0.561129
d__dgs3mo_dgs3mo__lag031,dgs3mo_dgs3mo,d,31,FRED_DGS3MO_DGS3MO.csv,178,0.557994
d__dgs3mo_dgs3mo__lag032,dgs3mo_dgs3mo,d,32,FRED_DGS3MO_DGS3MO.csv,178,0.557994
d__dgs3mo_dgs3mo__lag033,dgs3mo_dgs3mo,d,33,FRED_DGS3MO_DGS3MO.csv,178,0.557994
d__dgs3mo_dgs3mo__lag034,dgs3mo_dgs3mo,d,34,FRED_DGS3MO_DGS3MO.csv,178,0.557994
d__dgs3mo_dgs3mo__lag035,dgs3mo_dgs3mo,d,35,FRED_DGS3MO_DGS3MO.csv,178,0.557994
d__dgs3mo_dgs3mo__lag036,dgs3mo_dgs3mo,d,36,FRED_DGS3MO_DGS3MO.csv,178,0.557994
d__dgs3mo_dgs3mo__lag037,dgs3mo_dgs3mo,d,37,FRED_DGS3MO_DGS3MO.csv,178,0.557994
d__dgs3mo_dgs3mo__lag038,dgs3mo_dgs3mo,d,38,FRED_DGS3MO_DGS3MO.csv,178,0.557994
d__dgs3mo_dgs3mo__lag039,dgs3mo_dgs3mo,d,39,FRED_DGS3MO_DGS3MO.csv,178,0.557994
d__dgs3mo_dgs3mo__lag040,dgs3mo_dgs3mo,d,40,FRED_DGS3MO_DGS3MO.csv,178,0.557994
d__dgs3mo_dgs3mo__lag041,dgs3mo_dgs3mo,d,41,FRED_DGS3MO_DGS3MO.csv,178,0.557994
d__dgs3mo_dgs3mo__lag042,dgs3mo_dgs3mo,d,42,FRED_DGS3MO_DGS3MO.csv,178,0.557994
d__dgs3mo_dgs3mo__lag043,dgs3mo_dgs3mo,d,43,FRED_DGS3MO_DGS3MO.csv,178,0.557994
d__dgs3mo_dgs3mo__lag044,dgs3mo_dgs3mo,d,44,FRED_DGS3MO_DGS3MO.csv,178,0.557994
d__dgs3mo_dgs3mo__lag045,dgs3mo_dgs3mo,d,45,FRED_DGS3MO_DGS3MO.csv,178,0.557994
d__dgs3mo_dgs3mo__lag046,dgs3mo_dgs3mo,d,46,FRED_DGS3MO_DGS3MO.csv,178,0.557994
d__dgs3mo_dgs3mo__lag047,dgs3mo_dgs3mo,d,47,FRED_DGS3MO_DGS3MO.csv,178,0.557994
d__dgs3mo_dgs3mo__lag048,dgs3mo_dgs3mo,d,48,FRED_DGS3MO_DGS3MO.csv,178,0.557994
d__dgs3mo_dgs3mo__lag049,dgs3mo_dgs3mo,d,49,FRED_DGS3MO_DGS3MO.csv,178,0.557994
d__dgs3mo_dgs3mo__lag050,dgs3mo_dgs3mo,d,50,FRED_DGS3MO_DGS3MO.csv,178,0.557994
d__dgs3mo_dgs3mo__lag051,dgs3mo_dgs3mo,d,51,FRED_DGS3MO_DGS3MO.csv,178,0.557994
d__dgs3mo_dgs3mo__lag052,dgs3mo_dgs3mo,d,52,FRED_DGS3MO_DGS3MO.csv,178,0.557994
d__dgs3mo_dgs3mo__lag053,dgs3mo_dgs3mo,d,53,FRED_DGS3MO_DGS3MO.csv,178,0.557994
d__dgs3mo_dgs3mo__lag054,dgs3mo_dgs3mo,d,54,FRED_DGS3MO_DGS3MO.csv,178,0.557994
d__dgs3mo_dgs3mo__lag055,dgs3mo_dgs3mo,d,55,FRED_DGS3MO_DGS3MO.csv,178,0.557994
d__dgs3mo_dgs3mo__lag056,dgs3mo_dgs3mo,d,56,FRED_DGS3MO_DGS3MO.csv,178,0.557994
d__dgs3mo_dgs3mo__lag057,dgs3mo_dgs3mo,d,57,FRED_DGS3MO_DGS3MO.csv,178,0.557994
d__dgs3mo_dgs3mo__lag058,dgs3mo_dgs3mo,d,58,FRED_DGS3MO_DGS3MO.csv,178,0.557994
d__dgs3mo_dgs3mo__lag059,dgs3mo_dgs3mo,d,59,FRED_DGS3MO_DGS3MO.csv,178,0.557994
d__dgs3mo_dgs3mo__lag060,dgs3mo_dgs3mo,d,60,FRED_DGS3MO_DGS3MO.csv,178,0.557994
d__dgs3mo_dgs3mo__lag061,dgs3mo_dgs3mo,d,61,FRED_DGS3MO_DGS3MO.csv,178,0.557994
d__dgs3mo_dgs3mo__lag062,dgs3mo_dgs3mo,d,62,FRED_DGS3MO_DGS3MO.csv,178,0.557994
d__dgs3mo_dgs3mo__lag063,dgs3mo_dgs3mo,d,63,FRED_DGS3MO_DGS3MO.csv,178,0.557994
d__dgs3mo_dgs3mo__lag064,dgs3mo_dgs3mo,d,64,FRED_DGS3MO_DGS3MO.csv,178,0.557994
d__dgs3mo_dgs3mo__lag065,dgs3mo_dgs3mo,d,65,FRED_DGS3MO_DGS3MO.csv,178,0.557994
d__dgs3mo_dgs3mo__lag066,dgs3mo_dgs3mo,d,66,FRED_DGS3MO_DGS3MO.csv,178,0.557994
d__dgs3mo_dgs3mo__lag067,dgs3mo_dgs3mo,d,67,FRED_DGS3MO_DGS3MO.csv,178,0.557994
d__dgs3mo_dgs3mo__lag068,dgs3mo_dgs3mo,d,68,FRED_DGS3MO_DGS3MO.csv,178,0.557994
d__dgs3mo_dgs3mo__lag069,dgs3mo_dgs3mo,d,69,FRED_DGS3MO_DGS3MO.csv,178,0.557994
d__dgs3mo_dgs3mo__lag070,dgs3mo_dgs3mo,d,70,FRED_DGS3MO_DGS3MO.csv,178,0.557994
d__dgs3mo_dgs3mo__lag071,dgs3mo_dgs3mo,d,71,FRED_DGS3MO_DGS3MO.csv,178,0.557994
d__dgs3mo_dgs3mo__lag072,dgs3mo_dgs3mo,d,72,FRED_DGS3MO_DGS3MO.csv,178,0.557994
d__dgs3mo_dgs3mo__lag073,dgs3mo_dgs3mo,d,73,FRED_DGS3MO_DGS3MO.csv,178,0.557994
d__dgs3mo_dgs3mo__lag074,dgs3mo_dgs3mo,d,74,FRED_DGS3MO_DGS3MO.csv,178,0.557994
d__dgs3mo_dgs3mo__lag075,dgs3mo_dgs3mo,d,75,FRED_DGS3MO_DGS3MO.csv,178,0.557994
d__dgs3mo_dgs3mo__lag076,dgs3mo_dgs3mo,d,76,FRED_DGS3MO_DGS3MO.csv,178,0.557994
d__dgs3mo_dgs3mo__lag077,dgs3mo_dgs3mo,d,77,FRED_DGS3MO_DGS3MO.csv,178,0.557994
d__dgs3mo_dgs3mo__lag078,dgs3mo_dgs3mo,d,78,FRED_DGS3MO_DGS3MO.csv,178,0.557994
d__dgs3mo_dgs3mo__lag079,dgs3mo_dgs3mo,d,79,FRED_DGS3MO_DGS3MO.csv,178,0.557994
d__dgs3mo_dgs3mo__lag080,dgs3mo_dgs3mo,d,80,FRED_DGS3MO_DGS3MO.csv,178,0.557994
d__dgs3mo_dgs3mo__lag081,dgs3mo_dgs3mo,d,81,FRED_DGS3MO_DGS3MO.csv,178,0.557994
d__dgs3mo_dgs3mo__lag082,dgs3mo_dgs3mo,d,82,FRED_DGS3MO_DGS3MO.csv,178,0.557994
d__dgs3mo_dgs3mo__lag083,dgs3mo_dgs3mo,d,83,FRED_DGS3MO_DGS3MO.csv,178,0.557994
d__dgs3mo_dgs3mo__lag084,dgs3mo_dgs3mo,d,84,FRED_DGS3MO_DGS3MO.csv,178,0.557994
d__dgs3mo_dgs3mo__lag085,dgs3mo_dgs3mo,d,85,FRED_DGS3MO_DGS3MO.csv,178,0.557994
d__dgs3mo_dgs3mo__lag086,dgs3mo_dgs3mo,d,86,FRED_DGS3MO_DGS3MO.csv,178,0.557994
d__dgs3mo_dgs3mo__lag087,dgs3mo_dgs3mo,d,87,FRED_DGS3MO_DGS3MO.csv,178,0.557994
d__dgs3mo_dgs3mo__lag088,dgs3mo_dgs3mo,d,88,FRED_DGS3MO_DGS3MO.csv,178,0.557994
d__dgs3mo_dgs3mo__lag089,dgs3mo_dgs3mo,d,89,FRED_DGS3MO_DGS3MO.csv,178,0.557994
d__dgs3mo_dgs3mo__lag090,dgs3mo_dgs3mo,d,90,FRED_DGS3MO_DGS3MO.csv,178,0.557994
d__dgs3_dgs3__lag001,dgs3_dgs3,d,1,FRED_DGS3_DGS3.csv,257,0.805643
d__dgs3_dgs3__lag002,dgs3_dgs3,d,2,FRED_DGS3_DGS3.csv,257,0.805643
d__dgs3_dgs3__lag003,dgs3_dgs3,d,3,FRED_DGS3_DGS3.csv,257,0.805643
d__dgs3_dgs3__lag004,dgs3_dgs3,d,4,FRED_DGS3_DGS3.csv,257,0.805643
d__dgs3_dgs3__lag005,dgs3_dgs3,d,5,FRED_DGS3_DGS3.csv,257,0.805643
d__dgs3_dgs3__lag006,dgs3_dgs3,d,6,FRED_DGS3_DGS3.csv,257,0.805643
d__dgs3_dgs3__lag007,dgs3_dgs3,d,7,FRED_DGS3_DGS3.csv,257,0.805643
d__dgs3_dgs3__lag008,dgs3_dgs3,d,8,FRED_DGS3_DGS3.csv,257,0.805643
d__dgs3_dgs3__lag009,dgs3_dgs3,d,9,FRED_DGS3_DGS3.csv,257,0.805643
d__dgs3_dgs3__lag010,dgs3_dgs3,d,10,FRED_DGS3_DGS3.csv,257,0.805643
d__dgs3_dgs3__lag011,dgs3_dgs3,d,11,FRED_DGS3_DGS3.csv,257,0.805643
d__dgs3_dgs3__lag012,dgs3_dgs3,d,12,FRED_DGS3_DGS3.csv,257,0.805643
d__dgs3_dgs3__lag013,dgs3_dgs3,d,13,FRED_DGS3_DGS3.csv,257,0.805643
d__dgs3_dgs3__lag014,dgs3_dgs3,d,14,FRED_DGS3_DGS3.csv,257,0.805643
d__dgs3_dgs3__lag015,dgs3_dgs3,d,15,FRED_DGS3_DGS3.csv,257,0.805643
d__dgs3_dgs3__lag016,dgs3_dgs3,d,16,FRED_DGS3_DGS3.csv,257,0.805643
d__dgs3_dgs3__lag017,dgs3_dgs3,d,17,FRED_DGS3_DGS3.csv,257,0.805643
d__dgs3_dgs3__lag018,dgs3_dgs3,d,18,FRED_DGS3_DGS3.csv,257,0.805643
d__dgs3_dgs3__lag019,dgs3_dgs3,d,19,FRED_DGS3_DGS3.csv,257,0.805643
d__dgs3_dgs3__lag020,dgs3_dgs3,d,20,FRED_DGS3_DGS3.csv,257,0.805643
d__dgs3_dgs3__lag021,dgs3_dgs3,d,21,FRED_DGS3_DGS3.csv,257,0.805643
d__dgs3_dgs3__lag022,dgs3_dgs3,d,22,FRED_DGS3_DGS3.csv,257,0.805643
d__dgs3_dgs3__lag023,dgs3_dgs3,d,23,FRED_DGS3_DGS3.csv,257,0.805643
d__dgs3_dgs3__lag024,dgs3_dgs3,d,24,FRED_DGS3_DGS3.csv,257,0.805643
d__dgs3_dgs3__lag025,dgs3_dgs3,d,25,FRED_DGS3_DGS3.csv,257,0.805643
d__dgs3_dgs3__lag026,dgs3_dgs3,d,26,FRED_DGS3_DGS3.csv,257,0.805643
d__dgs3_dgs3__lag027,dgs3_dgs3,d,27,FRED_DGS3_DGS3.csv,257,0.805643
d__dgs3_dgs3__lag028,dgs3_dgs3,d,28,FRED_DGS3_DGS3.csv,257,0.805643
d__dgs3_dgs3__lag029,dgs3_dgs3,d,29,FRED_DGS3_DGS3.csv,257,0.805643
d__dgs3_dgs3__lag030,dgs3_dgs3,d,30,FRED_DGS3_DGS3.csv,257,0.805643
d__dgs3_dgs3__lag031,dgs3_dgs3,d,31,FRED_DGS3_DGS3.csv,257,0.805643
d__dgs3_dgs3__lag032,dgs3_dgs3,d,32,FRED_DGS3_DGS3.csv,257,0.805643
d__dgs3_dgs3__lag033,dgs3_dgs3,d,33,FRED_DGS3_DGS3.csv,257,0.805643
d__dgs3_dgs3__lag034,dgs3_dgs3,d,34,FRED_DGS3_DGS3.csv,257,0.805643
d__dgs3_dgs3__lag035,dgs3_dgs3,d,35,FRED_DGS3_DGS3.csv,257,0.805643
d__dgs3_dgs3__lag036,dgs3_dgs3,d,36,FRED_DGS3_DGS3.csv,257,0.805643
d__dgs3_dgs3__lag037,dgs3_dgs3,d,37,FRED_DGS3_DGS3.csv,257,0.805643
d__dgs3_dgs3__lag038,dgs3_dgs3,d,38,FRED_DGS3_DGS3.csv,257,0.805643
d__dgs3_dgs3__lag039,dgs3_dgs3,d,39,FRED_DGS3_DGS3.csv,257,0.805643
d__dgs3_dgs3__lag040,dgs3_dgs3,d,40,FRED_DGS3_DGS3.csv,257,0.805643
d__dgs3_dgs3__lag041,dgs3_dgs3,d,41,FRED_DGS3_DGS3.csv,257,0.805643
d__dgs3_dgs3__lag042,dgs3_dgs3,d,42,FRED_DGS3_DGS3.csv,257,0.805643
d__dgs3_dgs3__lag043,dgs3_dgs3,d,43,FRED_DGS3_DGS3.csv,257,0.805643
d__dgs3_dgs3__lag044,dgs3_dgs3,d,44,FRED_DGS3_DGS3.csv,257,0.805643
d__dgs3_dgs3__lag045,dgs3_dgs3,d,45,FRED_DGS3_DGS3.csv,257,0.805643
d__dgs3_dgs3__lag046,dgs3_dgs3,d,46,FRED_DGS3_DGS3.csv,257,0.805643
d__dgs3_dgs3__lag047,dgs3_dgs3,d,47,FRED_DGS3_DGS3.csv,257,0.805643
d__dgs3_dgs3__lag048,dgs3_dgs3,d,48,FRED_DGS3_DGS3.csv,257,0.805643
d__dgs3_dgs3__lag049,dgs3_dgs3,d,49,FRED_DGS3_DGS3.csv,257,0.805643
d__dgs3_dgs3__lag050,dgs3_dgs3,d,50,FRED_DGS3_DGS3.csv,257,0.805643
d__dgs3_dgs3__lag051,dgs3_dgs3,d,51,FRED_DGS3_DGS3.csv,257,0.805643
d__dgs3_dgs3__lag052,dgs3_dgs3,d,52,FRED_DGS3_DGS3.csv,257,0.805643
d__dgs3_dgs3__lag053,dgs3_dgs3,d,53,FRED_DGS3_DGS3.csv,257,0.805643
d__dgs3_dgs3__lag054,dgs3_dgs3,d,54,FRED_DGS3_DGS3.csv,257,0.805643
d__dgs3_dgs3__lag055,dgs3_dgs3,d,55,FRED_DGS3_DGS3.csv,257,0.805643
d__dgs3_dgs3__lag056,dgs3_dgs3,d,56,FRED_DGS3_DGS3.csv,257,0.805643
d__dgs3_dgs3__lag057,dgs3_dgs3,d,57,FRED_DGS3_DGS3.csv,257,0.805643
d__dgs3_dgs3__lag058,dgs3_dgs3,d,58,FRED_DGS3_DGS3.csv,257,0.805643
d__dgs3_dgs3__lag059,dgs3_dgs3,d,59,FRED_DGS3_DGS3.csv,257,0.805643
d__dgs3_dgs3__lag060,dgs3_dgs3,d,60,FRED_DGS3_DGS3.csv,257,0.805643
d__dgs3_dgs3__lag061,dgs3_dgs3,d,61,FRED_DGS3_DGS3.csv,257,0.805643
d__dgs3_dgs3__lag062,dgs3_dgs3,d,62,FRED_DGS3_DGS3.csv,257,0.805643
d__dgs3_dgs3__lag063,dgs3_dgs3,d,63,FRED_DGS3_DGS3.csv,257,0.805643
d__dgs3_dgs3__lag064,dgs3_dgs3,d,64,FRED_DGS3_DGS3.csv,257,0.805643
d__dgs3_dgs3__lag065,dgs3_dgs3,d,65,FRED_DGS3_DGS3.csv,257,0.805643
d__dgs3_dgs3__lag066,dgs3_dgs3,d,66,FRED_DGS3_DGS3.csv,257,0.805643
d__dgs3_dgs3__lag067,dgs3_dgs3,d,67,FRED_DGS3_DGS3.csv,257,0.805643
d__dgs3_dgs3__lag068,dgs3_dgs3,d,68,FRED_DGS3_DGS3.csv,257,0.805643
d__dgs3_dgs3__lag069,dgs3_dgs3,d,69,FRED_DGS3_DGS3.csv,257,0.805643
d__dgs3_dgs3__lag070,dgs3_dgs3,d,70,FRED_DGS3_DGS3.csv,257,0.805643
d__dgs3_dgs3__lag071,dgs3_dgs3,d,71,FRED_DGS3_DGS3.csv,257,0.805643
d__dgs3_dgs3__lag072,dgs3_dgs3,d,72,FRED_DGS3_DGS3.csv,257,0.805643
d__dgs3_dgs3__lag073,dgs3_dgs3,d,73,FRED_DGS3_DGS3.csv,257,0.805643
d__dgs3_dgs3__lag074,dgs3_dgs3,d,74,FRED_DGS3_DGS3.csv,257,0.805643
d__dgs3_dgs3__lag075,dgs3_dgs3,d,75,FRED_DGS3_DGS3.csv,257,0.805643
d__dgs3_dgs3__lag076,dgs3_dgs3,d,76,FRED_DGS3_DGS3.csv,257,0.805643
d__dgs3_dgs3__lag077,dgs3_dgs3,d,77,FRED_DGS3_DGS3.csv,257,0.805643
d__dgs3_dgs3__lag078,dgs3_dgs3,d,78,FRED_DGS3_DGS3.csv,257,0.805643
d__dgs3_dgs3__lag079,dgs3_dgs3,d,79,FRED_DGS3_DGS3.csv,257,0.805643
d__dgs3_dgs3__lag080,dgs3_dgs3,d,80,FRED_DGS3_DGS3.csv,257,0.805643
d__dgs3_dgs3__lag081,dgs3_dgs3,d,81,FRED_DGS3_DGS3.csv,257,0.805643
d__dgs3_dgs3__lag082,dgs3_dgs3,d,82,FRED_DGS3_DGS3.csv,257,0.805643
d__dgs3_dgs3__lag083,dgs3_dgs3,d,83,FRED_DGS3_DGS3.csv,257,0.805643
d__dgs3_dgs3__lag084,dgs3_dgs3,d,84,FRED_DGS3_DGS3.csv,257,0.805643
d__dgs3_dgs3__lag085,dgs3_dgs3,d,85,FRED_DGS3_DGS3.csv,257,0.805643
d__dgs3_dgs3__lag086,dgs3_dgs3,d,86,FRED_DGS3_DGS3.csv,257,0.805643
d__dgs3_dgs3__lag087,dgs3_dgs3,d,87,FRED_DGS3_DGS3.csv,257,0.805643
d__dgs3_dgs3__lag088,dgs3_dgs3,d,88,FRED_DGS3_DGS3.csv,257,0.805643
d__dgs3_dgs3__lag089,dgs3_dgs3,d,89,FRED_DGS3_DGS3.csv,257,0.805643
d__dgs3_dgs3__lag090,dgs3_dgs3,d,90,FRED_DGS3_DGS3.csv,256,0.802508
d__dgs5_dgs5__lag001,dgs5_dgs5,d,1,FRED_DGS5_DGS5.csv,257,0.805643
d__dgs5_dgs5__lag002,dgs5_dgs5,d,2,FRED_DGS5_DGS5.csv,257,0.805643
d__dgs5_dgs5__lag003,dgs5_dgs5,d,3,FRED_DGS5_DGS5.csv,257,0.805643
d__dgs5_dgs5__lag004,dgs5_dgs5,d,4,FRED_DGS5_DGS5.csv,257,0.805643
d__dgs5_dgs5__lag005,dgs5_dgs5,d,5,FRED_DGS5_DGS5.csv,257,0.805643
d__dgs5_dgs5__lag006,dgs5_dgs5,d,6,FRED_DGS5_DGS5.csv,257,0.805643
d__dgs5_dgs5__lag007,dgs5_dgs5,d,7,FRED_DGS5_DGS5.csv,257,0.805643
d__dgs5_dgs5__lag008,dgs5_dgs5,d,8,FRED_DGS5_DGS5.csv,257,0.805643
d__dgs5_dgs5__lag009,dgs5_dgs5,d,9,FRED_DGS5_DGS5.csv,257,0.805643
d__dgs5_dgs5__lag010,dgs5_dgs5,d,10,FRED_DGS5_DGS5.csv,257,0.805643
d__dgs5_dgs5__lag011,dgs5_dgs5,d,11,FRED_DGS5_DGS5.csv,257,0.805643
d__dgs5_dgs5__lag012,dgs5_dgs5,d,12,FRED_DGS5_DGS5.csv,257,0.805643
d__dgs5_dgs5__lag013,dgs5_dgs5,d,13,FRED_DGS5_DGS5.csv,257,0.805643
d__dgs5_dgs5__lag014,dgs5_dgs5,d,14,FRED_DGS5_DGS5.csv,257,0.805643
d__dgs5_dgs5__lag015,dgs5_dgs5,d,15,FRED_DGS5_DGS5.csv,257,0.805643
d__dgs5_dgs5__lag016,dgs5_dgs5,d,16,FRED_DGS5_DGS5.csv,257,0.805643
d__dgs5_dgs5__lag017,dgs5_dgs5,d,17,FRED_DGS5_DGS5.csv,257,0.805643
d__dgs5_dgs5__lag018,dgs5_dgs5,d,18,FRED_DGS5_DGS5.csv,257,0.805643
d__dgs5_dgs5__lag019,dgs5_dgs5,d,19,FRED_DGS5_DGS5.csv,257,0.805643
d__dgs5_dgs5__lag020,dgs5_dgs5,d,20,FRED_DGS5_DGS5.csv,257,0.805643
d__dgs5_dgs5__lag021,dgs5_dgs5,d,21,FRED_DGS5_DGS5.csv,257,0.805643
d__dgs5_dgs5__lag022,dgs5_dgs5,d,22,FRED_DGS5_DGS5.csv,257,0.805643
d__dgs5_dgs5__lag023,dgs5_dgs5,d,23,FRED_DGS5_DGS5.csv,257,0.805643
d__dgs5_dgs5__lag024,dgs5_dgs5,d,24,FRED_DGS5_DGS5.csv,257,0.805643
d__dgs5_dgs5__lag025,dgs5_dgs5,d,25,FRED_DGS5_DGS5.csv,257,0.805643
d__dgs5_dgs5__lag026,dgs5_dgs5,d,26,FRED_DGS5_DGS5.csv,257,0.805643
d__dgs5_dgs5__lag027,dgs5_dgs5,d,27,FRED_DGS5_DGS5.csv,257,0.805643
d__dgs5_dgs5__lag028,dgs5_dgs5,d,28,FRED_DGS5_DGS5.csv,257,0.805643
d__dgs5_dgs5__lag029,dgs5_dgs5,d,29,FRED_DGS5_DGS5.csv,257,0.805643
d__dgs5_dgs5__lag030,dgs5_dgs5,d,30,FRED_DGS5_DGS5.csv,257,0.805643
d__dgs5_dgs5__lag031,dgs5_dgs5,d,31,FRED_DGS5_DGS5.csv,257,0.805643
d__dgs5_dgs5__lag032,dgs5_dgs5,d,32,FRED_DGS5_DGS5.csv,257,0.805643
d__dgs5_dgs5__lag033,dgs5_dgs5,d,33,FRED_DGS5_DGS5.csv,257,0.805643
d__dgs5_dgs5__lag034,dgs5_dgs5,d,34,FRED_DGS5_DGS5.csv,257,0.805643
d__dgs5_dgs5__lag035,dgs5_dgs5,d,35,FRED_DGS5_DGS5.csv,257,0.805643
d__dgs5_dgs5__lag036,dgs5_dgs5,d,36,FRED_DGS5_DGS5.csv,257,0.805643
d__dgs5_dgs5__lag037,dgs5_dgs5,d,37,FRED_DGS5_DGS5.csv,257,0.805643
d__dgs5_dgs5__lag038,dgs5_dgs5,d,38,FRED_DGS5_DGS5.csv,257,0.805643
d__dgs5_dgs5__lag039,dgs5_dgs5,d,39,FRED_DGS5_DGS5.csv,257,0.805643
d__dgs5_dgs5__lag040,dgs5_dgs5,d,40,FRED_DGS5_DGS5.csv,257,0.805643
d__dgs5_dgs5__lag041,dgs5_dgs5,d,41,FRED_DGS5_DGS5.csv,257,0.805643
d__dgs5_dgs5__lag042,dgs5_dgs5,d,42,FRED_DGS5_DGS5.csv,257,0.805643
d__dgs5_dgs5__lag043,dgs5_dgs5,d,43,FRED_DGS5_DGS5.csv,257,0.805643
d__dgs5_dgs5__lag044,dgs5_dgs5,d,44,FRED_DGS5_DGS5.csv,257,0.805643
d__dgs5_dgs5__lag045,dgs5_dgs5,d,45,FRED_DGS5_DGS5.csv,257,0.805643
d__dgs5_dgs5__lag046,dgs5_dgs5,d,46,FRED_DGS5_DGS5.csv,257,0.805643
d__dgs5_dgs5__lag047,dgs5_dgs5,d,47,FRED_DGS5_DGS5.csv,257,0.805643
d__dgs5_dgs5__lag048,dgs5_dgs5,d,48,FRED_DGS5_DGS5.csv,257,0.805643
d__dgs5_dgs5__lag049,dgs5_dgs5,d,49,FRED_DGS5_DGS5.csv,257,0.805643
d__dgs5_dgs5__lag050,dgs5_dgs5,d,50,FRED_DGS5_DGS5.csv,257,0.805643
d__dgs5_dgs5__lag051,dgs5_dgs5,d,51,FRED_DGS5_DGS5.csv,257,0.805643
d__dgs5_dgs5__lag052,dgs5_dgs5,d,52,FRED_DGS5_DGS5.csv,257,0.805643
d__dgs5_dgs5__lag053,dgs5_dgs5,d,53,FRED_DGS5_DGS5.csv,257,0.805643
d__dgs5_dgs5__lag054,dgs5_dgs5,d,54,FRED_DGS5_DGS5.csv,257,0.805643
d__dgs5_dgs5__lag055,dgs5_dgs5,d,55,FRED_DGS5_DGS5.csv,257,0.805643
d__dgs5_dgs5__lag056,dgs5_dgs5,d,56,FRED_DGS5_DGS5.csv,257,0.805643
d__dgs5_dgs5__lag057,dgs5_dgs5,d,57,FRED_DGS5_DGS5.csv,257,0.805643
d__dgs5_dgs5__lag058,dgs5_dgs5,d,58,FRED_DGS5_DGS5.csv,257,0.805643
d__dgs5_dgs5__lag059,dgs5_dgs5,d,59,FRED_DGS5_DGS5.csv,257,0.805643
d__dgs5_dgs5__lag060,dgs5_dgs5,d,60,FRED_DGS5_DGS5.csv,257,0.805643
d__dgs5_dgs5__lag061,dgs5_dgs5,d,61,FRED_DGS5_DGS5.csv,257,0.805643
d__dgs5_dgs5__lag062,dgs5_dgs5,d,62,FRED_DGS5_DGS5.csv,257,0.805643
d__dgs5_dgs5__lag063,dgs5_dgs5,d,63,FRED_DGS5_DGS5.csv,257,0.805643
d__dgs5_dgs5__lag064,dgs5_dgs5,d,64,FRED_DGS5_DGS5.csv,257,0.805643
d__dgs5_dgs5__lag065,dgs5_dgs5,d,65,FRED_DGS5_DGS5.csv,257,0.805643
d__dgs5_dgs5__lag066,dgs5_dgs5,d,66,FRED_DGS5_DGS5.csv,257,0.805643
d__dgs5_dgs5__lag067,dgs5_dgs5,d,67,FRED_DGS5_DGS5.csv,257,0.805643
d__dgs5_dgs5__lag068,dgs5_dgs5,d,68,FRED_DGS5_DGS5.csv,257,0.805643
d__dgs5_dgs5__lag069,dgs5_dgs5,d,69,FRED_DGS5_DGS5.csv,257,0.805643
d__dgs5_dgs5__lag070,dgs5_dgs5,d,70,FRED_DGS5_DGS5.csv,257,0.805643
d__dgs5_dgs5__lag071,dgs5_dgs5,d,71,FRED_DGS5_DGS5.csv,257,0.805643
d__dgs5_dgs5__lag072,dgs5_dgs5,d,72,FRED_DGS5_DGS5.csv,257,0.805643
d__dgs5_dgs5__lag073,dgs5_dgs5,d,73,FRED_DGS5_DGS5.csv,257,0.805643
d__dgs5_dgs5__lag074,dgs5_dgs5,d,74,FRED_DGS5_DGS5.csv,257,0.805643
d__dgs5_dgs5__lag075,dgs5_dgs5,d,75,FRED_DGS5_DGS5.csv,257,0.805643
d__dgs5_dgs5__lag076,dgs5_dgs5,d,76,FRED_DGS5_DGS5.csv,257,0.805643
d__dgs5_dgs5__lag077,dgs5_dgs5,d,77,FRED_DGS5_DGS5.csv,257,0.805643
d__dgs5_dgs5__lag078,dgs5_dgs5,d,78,FRED_DGS5_DGS5.csv,257,0.805643
d__dgs5_dgs5__lag079,dgs5_dgs5,d,79,FRED_DGS5_DGS5.csv,257,0.805643
d__dgs5_dgs5__lag080,dgs5_dgs5,d,80,FRED_DGS5_DGS5.csv,257,0.805643
d__dgs5_dgs5__lag081,dgs5_dgs5,d,81,FRED_DGS5_DGS5.csv,257,0.805643
d__dgs5_dgs5__lag082,dgs5_dgs5,d,82,FRED_DGS5_DGS5.csv,257,0.805643
d__dgs5_dgs5__lag083,dgs5_dgs5,d,83,FRED_DGS5_DGS5.csv,257,0.805643
d__dgs5_dgs5__lag084,dgs5_dgs5,d,84,FRED_DGS5_DGS5.csv,257,0.805643
d__dgs5_dgs5__lag085,dgs5_dgs5,d,85,FRED_DGS5_DGS5.csv,257,0.805643
d__dgs5_dgs5__lag086,dgs5_dgs5,d,86,FRED_DGS5_DGS5.csv,257,0.805643
d__dgs5_dgs5__lag087,dgs5_dgs5,d,87,FRED_DGS5_DGS5.csv,257,0.805643
d__dgs5_dgs5__lag088,dgs5_dgs5,d,88,FRED_DGS5_DGS5.csv,257,0.805643
d__dgs5_dgs5__lag089,dgs5_dgs5,d,89,FRED_DGS5_DGS5.csv,257,0.805643
d__dgs5_dgs5__lag090,dgs5_dgs5,d,90,FRED_DGS5_DGS5.csv,256,0.802508
d__dgs6mo_dgs6mo__lag001,dgs6mo_dgs6mo,d,1,FRED_DGS6MO_DGS6MO.csv,179,0.561129
d__dgs6mo_dgs6mo__lag002,dgs6mo_dgs6mo,d,2,FRED_DGS6MO_DGS6MO.csv,179,0.561129
d__dgs6mo_dgs6mo__lag003,dgs6mo_dgs6mo,d,3,FRED_DGS6MO_DGS6MO.csv,179,0.561129
d__dgs6mo_dgs6mo__lag004,dgs6mo_dgs6mo,d,4,FRED_DGS6MO_DGS6MO.csv,179,0.561129
d__dgs6mo_dgs6mo__lag005,dgs6mo_dgs6mo,d,5,FRED_DGS6MO_DGS6MO.csv,179,0.561129
d__dgs6mo_dgs6mo__lag006,dgs6mo_dgs6mo,d,6,FRED_DGS6MO_DGS6MO.csv,179,0.561129
d__dgs6mo_dgs6mo__lag007,dgs6mo_dgs6mo,d,7,FRED_DGS6MO_DGS6MO.csv,179,0.561129
d__dgs6mo_dgs6mo__lag008,dgs6mo_dgs6mo,d,8,FRED_DGS6MO_DGS6MO.csv,179,0.561129
d__dgs6mo_dgs6mo__lag009,dgs6mo_dgs6mo,d,9,FRED_DGS6MO_DGS6MO.csv,179,0.561129
d__dgs6mo_dgs6mo__lag010,dgs6mo_dgs6mo,d,10,FRED_DGS6MO_DGS6MO.csv,179,0.561129
d__dgs6mo_dgs6mo__lag011,dgs6mo_dgs6mo,d,11,FRED_DGS6MO_DGS6MO.csv,179,0.561129
d__dgs6mo_dgs6mo__lag012,dgs6mo_dgs6mo,d,12,FRED_DGS6MO_DGS6MO.csv,179,0.561129
d__dgs6mo_dgs6mo__lag013,dgs6mo_dgs6mo,d,13,FRED_DGS6MO_DGS6MO.csv,179,0.561129
d__dgs6mo_dgs6mo__lag014,dgs6mo_dgs6mo,d,14,FRED_DGS6MO_DGS6MO.csv,179,0.561129
d__dgs6mo_dgs6mo__lag015,dgs6mo_dgs6mo,d,15,FRED_DGS6MO_DGS6MO.csv,179,0.561129
d__dgs6mo_dgs6mo__lag016,dgs6mo_dgs6mo,d,16,FRED_DGS6MO_DGS6MO.csv,179,0.561129
d__dgs6mo_dgs6mo__lag017,dgs6mo_dgs6mo,d,17,FRED_DGS6MO_DGS6MO.csv,179,0.561129
d__dgs6mo_dgs6mo__lag018,dgs6mo_dgs6mo,d,18,FRED_DGS6MO_DGS6MO.csv,179,0.561129
d__dgs6mo_dgs6mo__lag019,dgs6mo_dgs6mo,d,19,FRED_DGS6MO_DGS6MO.csv,179,0.561129
d__dgs6mo_dgs6mo__lag020,dgs6mo_dgs6mo,d,20,FRED_DGS6MO_DGS6MO.csv,179,0.561129
d__dgs6mo_dgs6mo__lag021,dgs6mo_dgs6mo,d,21,FRED_DGS6MO_DGS6MO.csv,179,0.561129
d__dgs6mo_dgs6mo__lag022,dgs6mo_dgs6mo,d,22,FRED_DGS6MO_DGS6MO.csv,179,0.561129
d__dgs6mo_dgs6mo__lag023,dgs6mo_dgs6mo,d,23,FRED_DGS6MO_DGS6MO.csv,179,0.561129
d__dgs6mo_dgs6mo__lag024,dgs6mo_dgs6mo,d,24,FRED_DGS6MO_DGS6MO.csv,179,0.561129
d__dgs6mo_dgs6mo__lag025,dgs6mo_dgs6mo,d,25,FRED_DGS6MO_DGS6MO.csv,179,0.561129
d__dgs6mo_dgs6mo__lag026,dgs6mo_dgs6mo,d,26,FRED_DGS6MO_DGS6MO.csv,179,0.561129
d__dgs6mo_dgs6mo__lag027,dgs6mo_dgs6mo,d,27,FRED_DGS6MO_DGS6MO.csv,179,0.561129
d__dgs6mo_dgs6mo__lag028,dgs6mo_dgs6mo,d,28,FRED_DGS6MO_DGS6MO.csv,179,0.561129
d__dgs6mo_dgs6mo__lag029,dgs6mo_dgs6mo,d,29,FRED_DGS6MO_DGS6MO.csv,179,0.561129
d__dgs6mo_dgs6mo__lag030,dgs6mo_dgs6mo,d,30,FRED_DGS6MO_DGS6MO.csv,179,0.561129
d__dgs6mo_dgs6mo__lag031,dgs6mo_dgs6mo,d,31,FRED_DGS6MO_DGS6MO.csv,178,0.557994
d__dgs6mo_dgs6mo__lag032,dgs6mo_dgs6mo,d,32,FRED_DGS6MO_DGS6MO.csv,178,0.557994
d__dgs6mo_dgs6mo__lag033,dgs6mo_dgs6mo,d,33,FRED_DGS6MO_DGS6MO.csv,178,0.557994
d__dgs6mo_dgs6mo__lag034,dgs6mo_dgs6mo,d,34,FRED_DGS6MO_DGS6MO.csv,178,0.557994
d__dgs6mo_dgs6mo__lag035,dgs6mo_dgs6mo,d,35,FRED_DGS6MO_DGS6MO.csv,178,0.557994
d__dgs6mo_dgs6mo__lag036,dgs6mo_dgs6mo,d,36,FRED_DGS6MO_DGS6MO.csv,178,0.557994
d__dgs6mo_dgs6mo__lag037,dgs6mo_dgs6mo,d,37,FRED_DGS6MO_DGS6MO.csv,178,0.557994
d__dgs6mo_dgs6mo__lag038,dgs6mo_dgs6mo,d,38,FRED_DGS6MO_DGS6MO.csv,178,0.557994
d__dgs6mo_dgs6mo__lag039,dgs6mo_dgs6mo,d,39,FRED_DGS6MO_DGS6MO.csv,178,0.557994
d__dgs6mo_dgs6mo__lag040,dgs6mo_dgs6mo,d,40,FRED_DGS6MO_DGS6MO.csv,178,0.557994
d__dgs6mo_dgs6mo__lag041,dgs6mo_dgs6mo,d,41,FRED_DGS6MO_DGS6MO.csv,178,0.557994
d__dgs6mo_dgs6mo__lag042,dgs6mo_dgs6mo,d,42,FRED_DGS6MO_DGS6MO.csv,178,0.557994
d__dgs6mo_dgs6mo__lag043,dgs6mo_dgs6mo,d,43,FRED_DGS6MO_DGS6MO.csv,178,0.557994
d__dgs6mo_dgs6mo__lag044,dgs6mo_dgs6mo,d,44,FRED_DGS6MO_DGS6MO.csv,178,0.557994
d__dgs6mo_dgs6mo__lag045,dgs6mo_dgs6mo,d,45,FRED_DGS6MO_DGS6MO.csv,178,0.557994
d__dgs6mo_dgs6mo__lag046,dgs6mo_dgs6mo,d,46,FRED_DGS6MO_DGS6MO.csv,178,0.557994
d__dgs6mo_dgs6mo__lag047,dgs6mo_dgs6mo,d,47,FRED_DGS6MO_DGS6MO.csv,178,0.557994
d__dgs6mo_dgs6mo__lag048,dgs6mo_dgs6mo,d,48,FRED_DGS6MO_DGS6MO.csv,178,0.557994
d__dgs6mo_dgs6mo__lag049,dgs6mo_dgs6mo,d,49,FRED_DGS6MO_DGS6MO.csv,178,0.557994
d__dgs6mo_dgs6mo__lag050,dgs6mo_dgs6mo,d,50,FRED_DGS6MO_DGS6MO.csv,178,0.557994
d__dgs6mo_dgs6mo__lag051,dgs6mo_dgs6mo,d,51,FRED_DGS6MO_DGS6MO.csv,178,0.557994
d__dgs6mo_dgs6mo__lag052,dgs6mo_dgs6mo,d,52,FRED_DGS6MO_DGS6MO.csv,178,0.557994
d__dgs6mo_dgs6mo__lag053,dgs6mo_dgs6mo,d,53,FRED_DGS6MO_DGS6MO.csv,178,0.557994
d__dgs6mo_dgs6mo__lag054,dgs6mo_dgs6mo,d,54,FRED_DGS6MO_DGS6MO.csv,178,0.557994
d__dgs6mo_dgs6mo__lag055,dgs6mo_dgs6mo,d,55,FRED_DGS6MO_DGS6MO.csv,178,0.557994
d__dgs6mo_dgs6mo__lag056,dgs6mo_dgs6mo,d,56,FRED_DGS6MO_DGS6MO.csv,178,0.557994
d__dgs6mo_dgs6mo__lag057,dgs6mo_dgs6mo,d,57,FRED_DGS6MO_DGS6MO.csv,178,0.557994
d__dgs6mo_dgs6mo__lag058,dgs6mo_dgs6mo,d,58,FRED_DGS6MO_DGS6MO.csv,178,0.557994
d__dgs6mo_dgs6mo__lag059,dgs6mo_dgs6mo,d,59,FRED_DGS6MO_DGS6MO.csv,178,0.557994
d__dgs6mo_dgs6mo__lag060,dgs6mo_dgs6mo,d,60,FRED_DGS6MO_DGS6MO.csv,178,0.557994
d__dgs6mo_dgs6mo__lag061,dgs6mo_dgs6mo,d,61,FRED_DGS6MO_DGS6MO.csv,178,0.557994
d__dgs6mo_dgs6mo__lag062,dgs6mo_dgs6mo,d,62,FRED_DGS6MO_DGS6MO.csv,178,0.557994
d__dgs6mo_dgs6mo__lag063,dgs6mo_dgs6mo,d,63,FRED_DGS6MO_DGS6MO.csv,178,0.557994
d__dgs6mo_dgs6mo__lag064,dgs6mo_dgs6mo,d,64,FRED_DGS6MO_DGS6MO.csv,178,0.557994
d__dgs6mo_dgs6mo__lag065,dgs6mo_dgs6mo,d,65,FRED_DGS6MO_DGS6MO.csv,178,0.557994
d__dgs6mo_dgs6mo__lag066,dgs6mo_dgs6mo,d,66,FRED_DGS6MO_DGS6MO.csv,178,0.557994
d__dgs6mo_dgs6mo__lag067,dgs6mo_dgs6mo,d,67,FRED_DGS6MO_DGS6MO.csv,178,0.557994
d__dgs6mo_dgs6mo__lag068,dgs6mo_dgs6mo,d,68,FRED_DGS6MO_DGS6MO.csv,178,0.557994
d__dgs6mo_dgs6mo__lag069,dgs6mo_dgs6mo,d,69,FRED_DGS6MO_DGS6MO.csv,178,0.557994
d__dgs6mo_dgs6mo__lag070,dgs6mo_dgs6mo,d,70,FRED_DGS6MO_DGS6MO.csv,178,0.557994
d__dgs6mo_dgs6mo__lag071,dgs6mo_dgs6mo,d,71,FRED_DGS6MO_DGS6MO.csv,178,0.557994
d__dgs6mo_dgs6mo__lag072,dgs6mo_dgs6mo,d,72,FRED_DGS6MO_DGS6MO.csv,178,0.557994
d__dgs6mo_dgs6mo__lag073,dgs6mo_dgs6mo,d,73,FRED_DGS6MO_DGS6MO.csv,178,0.557994
d__dgs6mo_dgs6mo__lag074,dgs6mo_dgs6mo,d,74,FRED_DGS6MO_DGS6MO.csv,178,0.557994
d__dgs6mo_dgs6mo__lag075,dgs6mo_dgs6mo,d,75,FRED_DGS6MO_DGS6MO.csv,178,0.557994
d__dgs6mo_dgs6mo__lag076,dgs6mo_dgs6mo,d,76,FRED_DGS6MO_DGS6MO.csv,178,0.557994
d__dgs6mo_dgs6mo__lag077,dgs6mo_dgs6mo,d,77,FRED_DGS6MO_DGS6MO.csv,178,0.557994
d__dgs6mo_dgs6mo__lag078,dgs6mo_dgs6mo,d,78,FRED_DGS6MO_DGS6MO.csv,178,0.557994
d__dgs6mo_dgs6mo__lag079,dgs6mo_dgs6mo,d,79,FRED_DGS6MO_DGS6MO.csv,178,0.557994
d__dgs6mo_dgs6mo__lag080,dgs6mo_dgs6mo,d,80,FRED_DGS6MO_DGS6MO.csv,178,0.557994
d__dgs6mo_dgs6mo__lag081,dgs6mo_dgs6mo,d,81,FRED_DGS6MO_DGS6MO.csv,178,0.557994
d__dgs6mo_dgs6mo__lag082,dgs6mo_dgs6mo,d,82,FRED_DGS6MO_DGS6MO.csv,178,0.557994
d__dgs6mo_dgs6mo__lag083,dgs6mo_dgs6mo,d,83,FRED_DGS6MO_DGS6MO.csv,178,0.557994
d__dgs6mo_dgs6mo__lag084,dgs6mo_dgs6mo,d,84,FRED_DGS6MO_DGS6MO.csv,178,0.557994
d__dgs6mo_dgs6mo__lag085,dgs6mo_dgs6mo,d,85,FRED_DGS6MO_DGS6MO.csv,178,0.557994
d__dgs6mo_dgs6mo__lag086,dgs6mo_dgs6mo,d,86,FRED_DGS6MO_DGS6MO.csv,178,0.557994
d__dgs6mo_dgs6mo__lag087,dgs6mo_dgs6mo,d,87,FRED_DGS6MO_DGS6MO.csv,178,0.557994
d__dgs6mo_dgs6mo__lag088,dgs6mo_dgs6mo,d,88,FRED_DGS6MO_DGS6MO.csv,178,0.557994
d__dgs6mo_dgs6mo__lag089,dgs6mo_dgs6mo,d,89,FRED_DGS6MO_DGS6MO.csv,178,0.557994
d__dgs6mo_dgs6mo__lag090,dgs6mo_dgs6mo,d,90,FRED_DGS6MO_DGS6MO.csv,178,0.557994
d__dgs7_dgs7__lag001,dgs7_dgs7,d,1,FRED_DGS7_DGS7.csv,227,0.711599
d__dgs7_dgs7__lag002,dgs7_dgs7,d,2,FRED_DGS7_DGS7.csv,227,0.711599
d__dgs7_dgs7__lag003,dgs7_dgs7,d,3,FRED_DGS7_DGS7.csv,227,0.711599
d__dgs7_dgs7__lag004,dgs7_dgs7,d,4,FRED_DGS7_DGS7.csv,227,0.711599
d__dgs7_dgs7__lag005,dgs7_dgs7,d,5,FRED_DGS7_DGS7.csv,227,0.711599
d__dgs7_dgs7__lag006,dgs7_dgs7,d,6,FRED_DGS7_DGS7.csv,227,0.711599
d__dgs7_dgs7__lag007,dgs7_dgs7,d,7,FRED_DGS7_DGS7.csv,227,0.711599
d__dgs7_dgs7__lag008,dgs7_dgs7,d,8,FRED_DGS7_DGS7.csv,227,0.711599
d__dgs7_dgs7__lag009,dgs7_dgs7,d,9,FRED_DGS7_DGS7.csv,227,0.711599
d__dgs7_dgs7__lag010,dgs7_dgs7,d,10,FRED_DGS7_DGS7.csv,227,0.711599
d__dgs7_dgs7__lag011,dgs7_dgs7,d,11,FRED_DGS7_DGS7.csv,227,0.711599
d__dgs7_dgs7__lag012,dgs7_dgs7,d,12,FRED_DGS7_DGS7.csv,227,0.711599
d__dgs7_dgs7__lag013,dgs7_dgs7,d,13,FRED_DGS7_DGS7.csv,227,0.711599
d__dgs7_dgs7__lag014,dgs7_dgs7,d,14,FRED_DGS7_DGS7.csv,227,0.711599
d__dgs7_dgs7__lag015,dgs7_dgs7,d,15,FRED_DGS7_DGS7.csv,227,0.711599
d__dgs7_dgs7__lag016,dgs7_dgs7,d,16,FRED_DGS7_DGS7.csv,227,0.711599
d__dgs7_dgs7__lag017,dgs7_dgs7,d,17,FRED_DGS7_DGS7.csv,227,0.711599
d__dgs7_dgs7__lag018,dgs7_dgs7,d,18,FRED_DGS7_DGS7.csv,227,0.711599
d__dgs7_dgs7__lag019,dgs7_dgs7,d,19,FRED_DGS7_DGS7.csv,227,0.711599
d__dgs7_dgs7__lag020,dgs7_dgs7,d,20,FRED_DGS7_DGS7.csv,227,0.711599
d__dgs7_dgs7__lag021,dgs7_dgs7,d,21,FRED_DGS7_DGS7.csv,227,0.711599
d__dgs7_dgs7__lag022,dgs7_dgs7,d,22,FRED_DGS7_DGS7.csv,227,0.711599
d__dgs7_dgs7__lag023,dgs7_dgs7,d,23,FRED_DGS7_DGS7.csv,227,0.711599
d__dgs7_dgs7__lag024,dgs7_dgs7,d,24,FRED_DGS7_DGS7.csv,227,0.711599
d__dgs7_dgs7__lag025,dgs7_dgs7,d,25,FRED_DGS7_DGS7.csv,227,0.711599
d__dgs7_dgs7__lag026,dgs7_dgs7,d,26,FRED_DGS7_DGS7.csv,227,0.711599
d__dgs7_dgs7__lag027,dgs7_dgs7,d,27,FRED_DGS7_DGS7.csv,227,0.711599
d__dgs7_dgs7__lag028,dgs7_dgs7,d,28,FRED_DGS7_DGS7.csv,227,0.711599
d__dgs7_dgs7__lag029,dgs7_dgs7,d,29,FRED_DGS7_DGS7.csv,227,0.711599
d__dgs7_dgs7__lag030,dgs7_dgs7,d,30,FRED_DGS7_DGS7.csv,227,0.711599
d__dgs7_dgs7__lag031,dgs7_dgs7,d,31,FRED_DGS7_DGS7.csv,227,0.711599
d__dgs7_dgs7__lag032,dgs7_dgs7,d,32,FRED_DGS7_DGS7.csv,227,0.711599
d__dgs7_dgs7__lag033,dgs7_dgs7,d,33,FRED_DGS7_DGS7.csv,227,0.711599
d__dgs7_dgs7__lag034,dgs7_dgs7,d,34,FRED_DGS7_DGS7.csv,227,0.711599
d__dgs7_dgs7__lag035,dgs7_dgs7,d,35,FRED_DGS7_DGS7.csv,227,0.711599
d__dgs7_dgs7__lag036,dgs7_dgs7,d,36,FRED_DGS7_DGS7.csv,227,0.711599
d__dgs7_dgs7__lag037,dgs7_dgs7,d,37,FRED_DGS7_DGS7.csv,227,0.711599
d__dgs7_dgs7__lag038,dgs7_dgs7,d,38,FRED_DGS7_DGS7.csv,227,0.711599
d__dgs7_dgs7__lag039,dgs7_dgs7,d,39,FRED_DGS7_DGS7.csv,227,0.711599
d__dgs7_dgs7__lag040,dgs7_dgs7,d,40,FRED_DGS7_DGS7.csv,227,0.711599
d__dgs7_dgs7__lag041,dgs7_dgs7,d,41,FRED_DGS7_DGS7.csv,227,0.711599
d__dgs7_dgs7__lag042,dgs7_dgs7,d,42,FRED_DGS7_DGS7.csv,227,0.711599
d__dgs7_dgs7__lag043,dgs7_dgs7,d,43,FRED_DGS7_DGS7.csv,227,0.711599
d__dgs7_dgs7__lag044,dgs7_dgs7,d,44,FRED_DGS7_DGS7.csv,227,0.711599
d__dgs7_dgs7__lag045,dgs7_dgs7,d,45,FRED_DGS7_DGS7.csv,227,0.711599
d__dgs7_dgs7__lag046,dgs7_dgs7,d,46,FRED_DGS7_DGS7.csv,227,0.711599
d__dgs7_dgs7__lag047,dgs7_dgs7,d,47,FRED_DGS7_DGS7.csv,227,0.711599
d__dgs7_dgs7__lag048,dgs7_dgs7,d,48,FRED_DGS7_DGS7.csv,227,0.711599
d__dgs7_dgs7__lag049,dgs7_dgs7,d,49,FRED_DGS7_DGS7.csv,227,0.711599
d__dgs7_dgs7__lag050,dgs7_dgs7,d,50,FRED_DGS7_DGS7.csv,227,0.711599
d__dgs7_dgs7__lag051,dgs7_dgs7,d,51,FRED_DGS7_DGS7.csv,227,0.711599
d__dgs7_dgs7__lag052,dgs7_dgs7,d,52,FRED_DGS7_DGS7.csv,227,0.711599
d__dgs7_dgs7__lag053,dgs7_dgs7,d,53,FRED_DGS7_DGS7.csv,227,0.711599
d__dgs7_dgs7__lag054,dgs7_dgs7,d,54,FRED_DGS7_DGS7.csv,227,0.711599
d__dgs7_dgs7__lag055,dgs7_dgs7,d,55,FRED_DGS7_DGS7.csv,227,0.711599
d__dgs7_dgs7__lag056,dgs7_dgs7,d,56,FRED_DGS7_DGS7.csv,227,0.711599
d__dgs7_dgs7__lag057,dgs7_dgs7,d,57,FRED_DGS7_DGS7.csv,227,0.711599
d__dgs7_dgs7__lag058,dgs7_dgs7,d,58,FRED_DGS7_DGS7.csv,227,0.711599
d__dgs7_dgs7__lag059,dgs7_dgs7,d,59,FRED_DGS7_DGS7.csv,227,0.711599
d__dgs7_dgs7__lag060,dgs7_dgs7,d,60,FRED_DGS7_DGS7.csv,227,0.711599
d__dgs7_dgs7__lag061,dgs7_dgs7,d,61,FRED_DGS7_DGS7.csv,227,0.711599
d__dgs7_dgs7__lag062,dgs7_dgs7,d,62,FRED_DGS7_DGS7.csv,227,0.711599
d__dgs7_dgs7__lag063,dgs7_dgs7,d,63,FRED_DGS7_DGS7.csv,227,0.711599
d__dgs7_dgs7__lag064,dgs7_dgs7,d,64,FRED_DGS7_DGS7.csv,227,0.711599
d__dgs7_dgs7__lag065,dgs7_dgs7,d,65,FRED_DGS7_DGS7.csv,227,0.711599
d__dgs7_dgs7__lag066,dgs7_dgs7,d,66,FRED_DGS7_DGS7.csv,227,0.711599
d__dgs7_dgs7__lag067,dgs7_dgs7,d,67,FRED_DGS7_DGS7.csv,227,0.711599
d__dgs7_dgs7__lag068,dgs7_dgs7,d,68,FRED_DGS7_DGS7.csv,227,0.711599
d__dgs7_dgs7__lag069,dgs7_dgs7,d,69,FRED_DGS7_DGS7.csv,227,0.711599
d__dgs7_dgs7__lag070,dgs7_dgs7,d,70,FRED_DGS7_DGS7.csv,227,0.711599
d__dgs7_dgs7__lag071,dgs7_dgs7,d,71,FRED_DGS7_DGS7.csv,227,0.711599
d__dgs7_dgs7__lag072,dgs7_dgs7,d,72,FRED_DGS7_DGS7.csv,227,0.711599
d__dgs7_dgs7__lag073,dgs7_dgs7,d,73,FRED_DGS7_DGS7.csv,227,0.711599
d__dgs7_dgs7__lag074,dgs7_dgs7,d,74,FRED_DGS7_DGS7.csv,227,0.711599
d__dgs7_dgs7__lag075,dgs7_dgs7,d,75,FRED_DGS7_DGS7.csv,227,0.711599
d__dgs7_dgs7__lag076,dgs7_dgs7,d,76,FRED_DGS7_DGS7.csv,227,0.711599
d__dgs7_dgs7__lag077,dgs7_dgs7,d,77,FRED_DGS7_DGS7.csv,227,0.711599
d__dgs7_dgs7__lag078,dgs7_dgs7,d,78,FRED_DGS7_DGS7.csv,227,0.711599
d__dgs7_dgs7__lag079,dgs7_dgs7,d,79,FRED_DGS7_DGS7.csv,227,0.711599
d__dgs7_dgs7__lag080,dgs7_dgs7,d,80,FRED_DGS7_DGS7.csv,227,0.711599
d__dgs7_dgs7__lag081,dgs7_dgs7,d,81,FRED_DGS7_DGS7.csv,227,0.711599
d__dgs7_dgs7__lag082,dgs7_dgs7,d,82,FRED_DGS7_DGS7.csv,227,0.711599
d__dgs7_dgs7__lag083,dgs7_dgs7,d,83,FRED_DGS7_DGS7.csv,227,0.711599
d__dgs7_dgs7__lag084,dgs7_dgs7,d,84,FRED_DGS7_DGS7.csv,227,0.711599
d__dgs7_dgs7__lag085,dgs7_dgs7,d,85,FRED_DGS7_DGS7.csv,227,0.711599
d__dgs7_dgs7__lag086,dgs7_dgs7,d,86,FRED_DGS7_DGS7.csv,227,0.711599
d__dgs7_dgs7__lag087,dgs7_dgs7,d,87,FRED_DGS7_DGS7.csv,227,0.711599
d__dgs7_dgs7__lag088,dgs7_dgs7,d,88,FRED_DGS7_DGS7.csv,227,0.711599
d__dgs7_dgs7__lag089,dgs7_dgs7,d,89,FRED_DGS7_DGS7.csv,227,0.711599
d__dgs7_dgs7__lag090,dgs7_dgs7,d,90,FRED_DGS7_DGS7.csv,227,0.711599
q__dividend_dividend__lag001,dividend_dividend,q,1,FRED_DIVIDEND_dividend.csv,316,0.990596
q__dividend_dividend__lag002,dividend_dividend,q,2,FRED_DIVIDEND_dividend.csv,315,0.987461
q__dividend_dividend__lag003,dividend_dividend,q,3,FRED_DIVIDEND_dividend.csv,314,0.984326
q__dividend_dividend__lag004,dividend_dividend,q,4,FRED_DIVIDEND_dividend.csv,313,0.981191
q__dividend_dividend__lag005,dividend_dividend,q,5,FRED_DIVIDEND_dividend.csv,312,0.978056
q__dividend_dividend__lag006,dividend_dividend,q,6,FRED_DIVIDEND_dividend.csv,311,0.974922
q__dividend_dividend__lag007,dividend_dividend,q,7,FRED_DIVIDEND_dividend.csv,310,0.971787
q__dividend_dividend__lag008,dividend_dividend,q,8,FRED_DIVIDEND_dividend.csv,309,0.968652
d__dpsacbw027sbog_deposits__lag001,dpsacbw027sbog_deposits,d,1,FRED_DPSACBW027SBOG_DEPOSITS.csv,213,0.667712
d__dpsacbw027sbog_deposits__lag002,dpsacbw027sbog_deposits,d,2,FRED_DPSACBW027SBOG_DEPOSITS.csv,213,0.667712
d__dpsacbw027sbog_deposits__lag003,dpsacbw027sbog_deposits,d,3,FRED_DPSACBW027SBOG_DEPOSITS.csv,213,0.667712
d__dpsacbw027sbog_deposits__lag004,dpsacbw027sbog_deposits,d,4,FRED_DPSACBW027SBOG_DEPOSITS.csv,213,0.667712
d__dpsacbw027sbog_deposits__lag005,dpsacbw027sbog_deposits,d,5,FRED_DPSACBW027SBOG_DEPOSITS.csv,213,0.667712
d__dpsacbw027sbog_deposits__lag006,dpsacbw027sbog_deposits,d,6,FRED_DPSACBW027SBOG_DEPOSITS.csv,213,0.667712
d__dpsacbw027sbog_deposits__lag007,dpsacbw027sbog_deposits,d,7,FRED_DPSACBW027SBOG_DEPOSITS.csv,213,0.667712
d__dpsacbw027sbog_deposits__lag008,dpsacbw027sbog_deposits,d,8,FRED_DPSACBW027SBOG_DEPOSITS.csv,213,0.667712
d__dpsacbw027sbog_deposits__lag009,dpsacbw027sbog_deposits,d,9,FRED_DPSACBW027SBOG_DEPOSITS.csv,213,0.667712
d__dpsacbw027sbog_deposits__lag010,dpsacbw027sbog_deposits,d,10,FRED_DPSACBW027SBOG_DEPOSITS.csv,213,0.667712
d__dpsacbw027sbog_deposits__lag011,dpsacbw027sbog_deposits,d,11,FRED_DPSACBW027SBOG_DEPOSITS.csv,213,0.667712
d__dpsacbw027sbog_deposits__lag012,dpsacbw027sbog_deposits,d,12,FRED_DPSACBW027SBOG_DEPOSITS.csv,213,0.667712
d__dpsacbw027sbog_deposits__lag013,dpsacbw027sbog_deposits,d,13,FRED_DPSACBW027SBOG_DEPOSITS.csv,213,0.667712
d__dpsacbw027sbog_deposits__lag014,dpsacbw027sbog_deposits,d,14,FRED_DPSACBW027SBOG_DEPOSITS.csv,213,0.667712
d__dpsacbw027sbog_deposits__lag015,dpsacbw027sbog_deposits,d,15,FRED_DPSACBW027SBOG_DEPOSITS.csv,213,0.667712
d__dpsacbw027sbog_deposits__lag016,dpsacbw027sbog_deposits,d,16,FRED_DPSACBW027SBOG_DEPOSITS.csv,213,0.667712
d__dpsacbw027sbog_deposits__lag017,dpsacbw027sbog_deposits,d,17,FRED_DPSACBW027SBOG_DEPOSITS.csv,213,0.667712
d__dpsacbw027sbog_deposits__lag018,dpsacbw027sbog_deposits,d,18,FRED_DPSACBW027SBOG_DEPOSITS.csv,213,0.667712
d__dpsacbw027sbog_deposits__lag019,dpsacbw027sbog_deposits,d,19,FRED_DPSACBW027SBOG_DEPOSITS.csv,213,0.667712
d__dpsacbw027sbog_deposits__lag020,dpsacbw027sbog_deposits,d,20,FRED_DPSACBW027SBOG_DEPOSITS.csv,213,0.667712
d__dpsacbw027sbog_deposits__lag021,dpsacbw027sbog_deposits,d,21,FRED_DPSACBW027SBOG_DEPOSITS.csv,213,0.667712
d__dpsacbw027sbog_deposits__lag022,dpsacbw027sbog_deposits,d,22,FRED_DPSACBW027SBOG_DEPOSITS.csv,213,0.667712
d__dpsacbw027sbog_deposits__lag023,dpsacbw027sbog_deposits,d,23,FRED_DPSACBW027SBOG_DEPOSITS.csv,213,0.667712
d__dpsacbw027sbog_deposits__lag024,dpsacbw027sbog_deposits,d,24,FRED_DPSACBW027SBOG_DEPOSITS.csv,213,0.667712
d__dpsacbw027sbog_deposits__lag025,dpsacbw027sbog_deposits,d,25,FRED_DPSACBW027SBOG_DEPOSITS.csv,213,0.667712
d__dpsacbw027sbog_deposits__lag026,dpsacbw027sbog_deposits,d,26,FRED_DPSACBW027SBOG_DEPOSITS.csv,213,0.667712
d__dpsacbw027sbog_deposits__lag027,dpsacbw027sbog_deposits,d,27,FRED_DPSACBW027SBOG_DEPOSITS.csv,213,0.667712
d__dpsacbw027sbog_deposits__lag028,dpsacbw027sbog_deposits,d,28,FRED_DPSACBW027SBOG_DEPOSITS.csv,213,0.667712
d__dpsacbw027sbog_deposits__lag029,dpsacbw027sbog_deposits,d,29,FRED_DPSACBW027SBOG_DEPOSITS.csv,213,0.667712
d__dpsacbw027sbog_deposits__lag030,dpsacbw027sbog_deposits,d,30,FRED_DPSACBW027SBOG_DEPOSITS.csv,213,0.667712
d__dpsacbw027sbog_deposits__lag031,dpsacbw027sbog_deposits,d,31,FRED_DPSACBW027SBOG_DEPOSITS.csv,213,0.667712
d__dpsacbw027sbog_deposits__lag032,dpsacbw027sbog_deposits,d,32,FRED_DPSACBW027SBOG_DEPOSITS.csv,213,0.667712
d__dpsacbw027sbog_deposits__lag033,dpsacbw027sbog_deposits,d,33,FRED_DPSACBW027SBOG_DEPOSITS.csv,213,0.667712
d__dpsacbw027sbog_deposits__lag034,dpsacbw027sbog_deposits,d,34,FRED_DPSACBW027SBOG_DEPOSITS.csv,213,0.667712
d__dpsacbw027sbog_deposits__lag035,dpsacbw027sbog_deposits,d,35,FRED_DPSACBW027SBOG_DEPOSITS.csv,213,0.667712
d__dpsacbw027sbog_deposits__lag036,dpsacbw027sbog_deposits,d,36,FRED_DPSACBW027SBOG_DEPOSITS.csv,213,0.667712
d__dpsacbw027sbog_deposits__lag037,dpsacbw027sbog_deposits,d,37,FRED_DPSACBW027SBOG_DEPOSITS.csv,213,0.667712
d__dpsacbw027sbog_deposits__lag038,dpsacbw027sbog_deposits,d,38,FRED_DPSACBW027SBOG_DEPOSITS.csv,213,0.667712
d__dpsacbw027sbog_deposits__lag039,dpsacbw027sbog_deposits,d,39,FRED_DPSACBW027SBOG_DEPOSITS.csv,213,0.667712
d__dpsacbw027sbog_deposits__lag040,dpsacbw027sbog_deposits,d,40,FRED_DPSACBW027SBOG_DEPOSITS.csv,213,0.667712
d__dpsacbw027sbog_deposits__lag041,dpsacbw027sbog_deposits,d,41,FRED_DPSACBW027SBOG_DEPOSITS.csv,213,0.667712
d__dpsacbw027sbog_deposits__lag042,dpsacbw027sbog_deposits,d,42,FRED_DPSACBW027SBOG_DEPOSITS.csv,213,0.667712
d__dpsacbw027sbog_deposits__lag043,dpsacbw027sbog_deposits,d,43,FRED_DPSACBW027SBOG_DEPOSITS.csv,213,0.667712
d__dpsacbw027sbog_deposits__lag044,dpsacbw027sbog_deposits,d,44,FRED_DPSACBW027SBOG_DEPOSITS.csv,213,0.667712
d__dpsacbw027sbog_deposits__lag045,dpsacbw027sbog_deposits,d,45,FRED_DPSACBW027SBOG_DEPOSITS.csv,213,0.667712
d__dpsacbw027sbog_deposits__lag046,dpsacbw027sbog_deposits,d,46,FRED_DPSACBW027SBOG_DEPOSITS.csv,213,0.667712
d__dpsacbw027sbog_deposits__lag047,dpsacbw027sbog_deposits,d,47,FRED_DPSACBW027SBOG_DEPOSITS.csv,213,0.667712
d__dpsacbw027sbog_deposits__lag048,dpsacbw027sbog_deposits,d,48,FRED_DPSACBW027SBOG_DEPOSITS.csv,213,0.667712
d__dpsacbw027sbog_deposits__lag049,dpsacbw027sbog_deposits,d,49,FRED_DPSACBW027SBOG_DEPOSITS.csv,213,0.667712
d__dpsacbw027sbog_deposits__lag050,dpsacbw027sbog_deposits,d,50,FRED_DPSACBW027SBOG_DEPOSITS.csv,213,0.667712
d__dpsacbw027sbog_deposits__lag051,dpsacbw027sbog_deposits,d,51,FRED_DPSACBW027SBOG_DEPOSITS.csv,213,0.667712
d__dpsacbw027sbog_deposits__lag052,dpsacbw027sbog_deposits,d,52,FRED_DPSACBW027SBOG_DEPOSITS.csv,213,0.667712
d__dpsacbw027sbog_deposits__lag053,dpsacbw027sbog_deposits,d,53,FRED_DPSACBW027SBOG_DEPOSITS.csv,213,0.667712
d__dpsacbw027sbog_deposits__lag054,dpsacbw027sbog_deposits,d,54,FRED_DPSACBW027SBOG_DEPOSITS.csv,213,0.667712
d__dpsacbw027sbog_deposits__lag055,dpsacbw027sbog_deposits,d,55,FRED_DPSACBW027SBOG_DEPOSITS.csv,213,0.667712
d__dpsacbw027sbog_deposits__lag056,dpsacbw027sbog_deposits,d,56,FRED_DPSACBW027SBOG_DEPOSITS.csv,213,0.667712
d__dpsacbw027sbog_deposits__lag057,dpsacbw027sbog_deposits,d,57,FRED_DPSACBW027SBOG_DEPOSITS.csv,213,0.667712
d__dpsacbw027sbog_deposits__lag058,dpsacbw027sbog_deposits,d,58,FRED_DPSACBW027SBOG_DEPOSITS.csv,213,0.667712
d__dpsacbw027sbog_deposits__lag059,dpsacbw027sbog_deposits,d,59,FRED_DPSACBW027SBOG_DEPOSITS.csv,213,0.667712
d__dpsacbw027sbog_deposits__lag060,dpsacbw027sbog_deposits,d,60,FRED_DPSACBW027SBOG_DEPOSITS.csv,213,0.667712
d__dpsacbw027sbog_deposits__lag061,dpsacbw027sbog_deposits,d,61,FRED_DPSACBW027SBOG_DEPOSITS.csv,213,0.667712
d__dpsacbw027sbog_deposits__lag062,dpsacbw027sbog_deposits,d,62,FRED_DPSACBW027SBOG_DEPOSITS.csv,213,0.667712
d__dpsacbw027sbog_deposits__lag063,dpsacbw027sbog_deposits,d,63,FRED_DPSACBW027SBOG_DEPOSITS.csv,213,0.667712
d__dpsacbw027sbog_deposits__lag064,dpsacbw027sbog_deposits,d,64,FRED_DPSACBW027SBOG_DEPOSITS.csv,213,0.667712
d__dpsacbw027sbog_deposits__lag065,dpsacbw027sbog_deposits,d,65,FRED_DPSACBW027SBOG_DEPOSITS.csv,213,0.667712
d__dpsacbw027sbog_deposits__lag066,dpsacbw027sbog_deposits,d,66,FRED_DPSACBW027SBOG_DEPOSITS.csv,213,0.667712
d__dpsacbw027sbog_deposits__lag067,dpsacbw027sbog_deposits,d,67,FRED_DPSACBW027SBOG_DEPOSITS.csv,213,0.667712
d__dpsacbw027sbog_deposits__lag068,dpsacbw027sbog_deposits,d,68,FRED_DPSACBW027SBOG_DEPOSITS.csv,213,0.667712
d__dpsacbw027sbog_deposits__lag069,dpsacbw027sbog_deposits,d,69,FRED_DPSACBW027SBOG_DEPOSITS.csv,213,0.667712
d__dpsacbw027sbog_deposits__lag070,dpsacbw027sbog_deposits,d,70,FRED_DPSACBW027SBOG_DEPOSITS.csv,213,0.667712
d__dpsacbw027sbog_deposits__lag071,dpsacbw027sbog_deposits,d,71,FRED_DPSACBW027SBOG_DEPOSITS.csv,213,0.667712
d__dpsacbw027sbog_deposits__lag072,dpsacbw027sbog_deposits,d,72,FRED_DPSACBW027SBOG_DEPOSITS.csv,213,0.667712
d__dpsacbw027sbog_deposits__lag073,dpsacbw027sbog_deposits,d,73,FRED_DPSACBW027SBOG_DEPOSITS.csv,213,0.667712
d__dpsacbw027sbog_deposits__lag074,dpsacbw027sbog_deposits,d,74,FRED_DPSACBW027SBOG_DEPOSITS.csv,213,0.667712
d__dpsacbw027sbog_deposits__lag075,dpsacbw027sbog_deposits,d,75,FRED_DPSACBW027SBOG_DEPOSITS.csv,213,0.667712
d__dpsacbw027sbog_deposits__lag076,dpsacbw027sbog_deposits,d,76,FRED_DPSACBW027SBOG_DEPOSITS.csv,213,0.667712
d__dpsacbw027sbog_deposits__lag077,dpsacbw027sbog_deposits,d,77,FRED_DPSACBW027SBOG_DEPOSITS.csv,213,0.667712
d__dpsacbw027sbog_deposits__lag078,dpsacbw027sbog_deposits,d,78,FRED_DPSACBW027SBOG_DEPOSITS.csv,213,0.667712
d__dpsacbw027sbog_deposits__lag079,dpsacbw027sbog_deposits,d,79,FRED_DPSACBW027SBOG_DEPOSITS.csv,213,0.667712
d__dpsacbw027sbog_deposits__lag080,dpsacbw027sbog_deposits,d,80,FRED_DPSACBW027SBOG_DEPOSITS.csv,213,0.667712
d__dpsacbw027sbog_deposits__lag081,dpsacbw027sbog_deposits,d,81,FRED_DPSACBW027SBOG_DEPOSITS.csv,213,0.667712
d__dpsacbw027sbog_deposits__lag082,dpsacbw027sbog_deposits,d,82,FRED_DPSACBW027SBOG_DEPOSITS.csv,213,0.667712
d__dpsacbw027sbog_deposits__lag083,dpsacbw027sbog_deposits,d,83,FRED_DPSACBW027SBOG_DEPOSITS.csv,213,0.667712
d__dpsacbw027sbog_deposits__lag084,dpsacbw027sbog_deposits,d,84,FRED_DPSACBW027SBOG_DEPOSITS.csv,213,0.667712
d__dpsacbw027sbog_deposits__lag085,dpsacbw027sbog_deposits,d,85,FRED_DPSACBW027SBOG_DEPOSITS.csv,213,0.667712
d__dpsacbw027sbog_deposits__lag086,dpsacbw027sbog_deposits,d,86,FRED_DPSACBW027SBOG_DEPOSITS.csv,213,0.667712
d__dpsacbw027sbog_deposits__lag087,dpsacbw027sbog_deposits,d,87,FRED_DPSACBW027SBOG_DEPOSITS.csv,213,0.667712
d__dpsacbw027sbog_deposits__lag088,dpsacbw027sbog_deposits,d,88,FRED_DPSACBW027SBOG_DEPOSITS.csv,213,0.667712
d__dpsacbw027sbog_deposits__lag089,dpsacbw027sbog_deposits,d,89,FRED_DPSACBW027SBOG_DEPOSITS.csv,212,0.664577
d__dpsacbw027sbog_deposits__lag090,dpsacbw027sbog_deposits,d,90,FRED_DPSACBW027SBOG_DEPOSITS.csv,212,0.664577
m__dpsfrim027sbog_row_deposits__lag001,dpsfrim027sbog_row_deposits,m,1,FRED_DPSFRIM027SBOG_row_deposits.csv,213,0.667712
m__dpsfrim027sbog_row_deposits__lag002,dpsfrim027sbog_row_deposits,m,2,FRED_DPSFRIM027SBOG_row_deposits.csv,213,0.667712
m__dpsfrim027sbog_row_deposits__lag003,dpsfrim027sbog_row_deposits,m,3,FRED_DPSFRIM027SBOG_row_deposits.csv,213,0.667712
m__dpsfrim027sbog_row_deposits__lag004,dpsfrim027sbog_row_deposits,m,4,FRED_DPSFRIM027SBOG_row_deposits.csv,212,0.664577
m__dpsfrim027sbog_row_deposits__lag005,dpsfrim027sbog_row_deposits,m,5,FRED_DPSFRIM027SBOG_row_deposits.csv,212,0.664577
m__dpsfrim027sbog_row_deposits__lag006,dpsfrim027sbog_row_deposits,m,6,FRED_DPSFRIM027SBOG_row_deposits.csv,212,0.664577
m__dpsfrim027sbog_row_deposits__lag007,dpsfrim027sbog_row_deposits,m,7,FRED_DPSFRIM027SBOG_row_deposits.csv,211,0.661442
m__dpsfrim027sbog_row_deposits__lag008,dpsfrim027sbog_row_deposits,m,8,FRED_DPSFRIM027SBOG_row_deposits.csv,211,0.661442
m__dpsfrim027sbog_row_deposits__lag009,dpsfrim027sbog_row_deposits,m,9,FRED_DPSFRIM027SBOG_row_deposits.csv,211,0.661442
m__dpsfrim027sbog_row_deposits__lag010,dpsfrim027sbog_row_deposits,m,10,FRED_DPSFRIM027SBOG_row_deposits.csv,210,0.658307
m__dpsfrim027sbog_row_deposits__lag011,dpsfrim027sbog_row_deposits,m,11,FRED_DPSFRIM027SBOG_row_deposits.csv,210,0.658307
m__dpsfrim027sbog_row_deposits__lag012,dpsfrim027sbog_row_deposits,m,12,FRED_DPSFRIM027SBOG_row_deposits.csv,210,0.658307
q__drtscilm_loan_tight__lag001,drtscilm_loan_tight,q,1,FRED_DRTSCILM_loan_tight.csv,143,0.448276
q__drtscilm_loan_tight__lag002,drtscilm_loan_tight,q,2,FRED_DRTSCILM_loan_tight.csv,142,0.445141
q__drtscilm_loan_tight__lag003,drtscilm_loan_tight,q,3,FRED_DRTSCILM_loan_tight.csv,141,0.442006
q__drtscilm_loan_tight__lag004,drtscilm_loan_tight,q,4,FRED_DRTSCILM_loan_tight.csv,140,0.438871
q__drtscilm_loan_tight__lag005,drtscilm_loan_tight,q,5,FRED_DRTSCILM_loan_tight.csv,139,0.435737
q__drtscilm_loan_tight__lag006,drtscilm_loan_tight,q,6,FRED_DRTSCILM_loan_tight.csv,138,0.432602
q__drtscilm_loan_tight__lag007,drtscilm_loan_tight,q,7,FRED_DRTSCILM_loan_tight.csv,137,0.429467
q__drtscilm_loan_tight__lag008,drtscilm_loan_tight,q,8,FRED_DRTSCILM_loan_tight.csv,136,0.426332
m__dspic96_real_dpi__lag001,dspic96_real_dpi,m,1,FRED_DSPIC96_real_dpi.csv,269,0.84326
m__dspic96_real_dpi__lag002,dspic96_real_dpi,m,2,FRED_DSPIC96_real_dpi.csv,269,0.84326
m__dspic96_real_dpi__lag003,dspic96_real_dpi,m,3,FRED_DSPIC96_real_dpi.csv,269,0.84326
m__dspic96_real_dpi__lag004,dspic96_real_dpi,m,4,FRED_DSPIC96_real_dpi.csv,268,0.840125
m__dspic96_real_dpi__lag005,dspic96_real_dpi,m,5,FRED_DSPIC96_real_dpi.csv,268,0.840125
m__dspic96_real_dpi__lag006,dspic96_real_dpi,m,6,FRED_DSPIC96_real_dpi.csv,268,0.840125
m__dspic96_real_dpi__lag007,dspic96_real_dpi,m,7,FRED_DSPIC96_real_dpi.csv,267,0.836991
m__dspic96_real_dpi__lag008,dspic96_real_dpi,m,8,FRED_DSPIC96_real_dpi.csv,267,0.836991
m__dspic96_real_dpi__lag009,dspic96_real_dpi,m,9,FRED_DSPIC96_real_dpi.csv,267,0.836991
m__dspic96_real_dpi__lag010,dspic96_real_dpi,m,10,FRED_DSPIC96_real_dpi.csv,266,0.833856
m__dspic96_real_dpi__lag011,dspic96_real_dpi,m,11,FRED_DSPIC96_real_dpi.csv,266,0.833856
m__dspic96_real_dpi__lag012,dspic96_real_dpi,m,12,FRED_DSPIC96_real_dpi.csv,266,0.833856
m__dspi_dspi__lag001,dspi_dspi,m,1,FRED_DSPI_DSPI.csv,269,0.84326
m__dspi_dspi__lag002,dspi_dspi,m,2,FRED_DSPI_DSPI.csv,269,0.84326
m__dspi_dspi__lag003,dspi_dspi,m,3,FRED_DSPI_DSPI.csv,269,0.84326
m__dspi_dspi__lag004,dspi_dspi,m,4,FRED_DSPI_DSPI.csv,268,0.840125
m__dspi_dspi__lag005,dspi_dspi,m,5,FRED_DSPI_DSPI.csv,268,0.840125
m__dspi_dspi__lag006,dspi_dspi,m,6,FRED_DSPI_DSPI.csv,268,0.840125
m__dspi_dspi__lag007,dspi_dspi,m,7,FRED_DSPI_DSPI.csv,267,0.836991
m__dspi_dspi__lag008,dspi_dspi,m,8,FRED_DSPI_DSPI.csv,267,0.836991
m__dspi_dspi__lag009,dspi_dspi,m,9,FRED_DSPI_DSPI.csv,267,0.836991
m__dspi_dspi__lag010,dspi_dspi,m,10,FRED_DSPI_DSPI.csv,266,0.833856
m__dspi_dspi__lag011,dspi_dspi,m,11,FRED_DSPI_DSPI.csv,266,0.833856
m__dspi_dspi__lag012,dspi_dspi,m,12,FRED_DSPI_DSPI.csv,266,0.833856
m__exgeus_demusd__lag001,exgeus_demusd,m,1,FRED_EXGEUS_DEMUSD.csv,221,0.69279
m__exgeus_demusd__lag002,exgeus_demusd,m,2,FRED_EXGEUS_DEMUSD.csv,221,0.69279
m__exgeus_demusd__lag003,exgeus_demusd,m,3,FRED_EXGEUS_DEMUSD.csv,221,0.69279
m__exgeus_demusd__lag004,exgeus_demusd,m,4,FRED_EXGEUS_DEMUSD.csv,220,0.689655
m__exgeus_demusd__lag005,exgeus_demusd,m,5,FRED_EXGEUS_DEMUSD.csv,220,0.689655
m__exgeus_demusd__lag006,exgeus_demusd,m,6,FRED_EXGEUS_DEMUSD.csv,220,0.689655
m__exgeus_demusd__lag007,exgeus_demusd,m,7,FRED_EXGEUS_DEMUSD.csv,219,0.68652
m__exgeus_demusd__lag008,exgeus_demusd,m,8,FRED_EXGEUS_DEMUSD.csv,219,0.68652
m__exgeus_demusd__lag009,exgeus_demusd,m,9,FRED_EXGEUS_DEMUSD.csv,219,0.68652
m__exgeus_demusd__lag010,exgeus_demusd,m,10,FRED_EXGEUS_DEMUSD.csv,218,0.683386
m__exgeus_demusd__lag011,exgeus_demusd,m,11,FRED_EXGEUS_DEMUSD.csv,218,0.683386
m__exgeus_demusd__lag012,exgeus_demusd,m,12,FRED_EXGEUS_DEMUSD.csv,218,0.683386
m__exgeus_exgeus__lag001,exgeus_exgeus,m,1,FRED_EXGEUS_EXGEUS.csv,221,0.69279
m__exgeus_exgeus__lag002,exgeus_exgeus,m,2,FRED_EXGEUS_EXGEUS.csv,221,0.69279
m__exgeus_exgeus__lag003,exgeus_exgeus,m,3,FRED_EXGEUS_EXGEUS.csv,221,0.69279
m__exgeus_exgeus__lag004,exgeus_exgeus,m,4,FRED_EXGEUS_EXGEUS.csv,220,0.689655
m__exgeus_exgeus__lag005,exgeus_exgeus,m,5,FRED_EXGEUS_EXGEUS.csv,220,0.689655
m__exgeus_exgeus__lag006,exgeus_exgeus,m,6,FRED_EXGEUS_EXGEUS.csv,220,0.689655
m__exgeus_exgeus__lag007,exgeus_exgeus,m,7,FRED_EXGEUS_EXGEUS.csv,219,0.68652
m__exgeus_exgeus__lag008,exgeus_exgeus,m,8,FRED_EXGEUS_EXGEUS.csv,219,0.68652
m__exgeus_exgeus__lag009,exgeus_exgeus,m,9,FRED_EXGEUS_EXGEUS.csv,219,0.68652
m__exgeus_exgeus__lag010,exgeus_exgeus,m,10,FRED_EXGEUS_EXGEUS.csv,218,0.683386
m__exgeus_exgeus__lag011,exgeus_exgeus,m,11,FRED_EXGEUS_EXGEUS.csv,218,0.683386
m__exgeus_exgeus__lag012,exgeus_exgeus,m,12,FRED_EXGEUS_EXGEUS.csv,218,0.683386
q__expgs_exports__lag001,expgs_exports,q,1,FRED_EXPGS_Exports.csv,316,0.990596
q__expgs_exports__lag002,expgs_exports,q,2,FRED_EXPGS_Exports.csv,315,0.987461
q__expgs_exports__lag003,expgs_exports,q,3,FRED_EXPGS_Exports.csv,314,0.984326
q__expgs_exports__lag004,expgs_exports,q,4,FRED_EXPGS_Exports.csv,313,0.981191
q__expgs_exports__lag005,expgs_exports,q,5,FRED_EXPGS_Exports.csv,312,0.978056
q__expgs_exports__lag006,expgs_exports,q,6,FRED_EXPGS_Exports.csv,311,0.974922
q__expgs_exports__lag007,expgs_exports,q,7,FRED_EXPGS_Exports.csv,310,0.971787
q__expgs_exports__lag008,expgs_exports,q,8,FRED_EXPGS_Exports.csv,309,0.968652
q__fbtsaaq027s_dom_fin_sector_tsy__lag001,fbtsaaq027s_dom_fin_sector_tsy,q,1,FRED_FBTSAAQ027S_dom_fin_sector_tsy.csv,319,1.0
q__fbtsaaq027s_dom_fin_sector_tsy__lag002,fbtsaaq027s_dom_fin_sector_tsy,q,2,FRED_FBTSAAQ027S_dom_fin_sector_tsy.csv,319,1.0
q__fbtsaaq027s_dom_fin_sector_tsy__lag003,fbtsaaq027s_dom_fin_sector_tsy,q,3,FRED_FBTSAAQ027S_dom_fin_sector_tsy.csv,319,1.0
q__fbtsaaq027s_dom_fin_sector_tsy__lag004,fbtsaaq027s_dom_fin_sector_tsy,q,4,FRED_FBTSAAQ027S_dom_fin_sector_tsy.csv,318,0.996865
q__fbtsaaq027s_dom_fin_sector_tsy__lag005,fbtsaaq027s_dom_fin_sector_tsy,q,5,FRED_FBTSAAQ027S_dom_fin_sector_tsy.csv,317,0.99373
q__fbtsaaq027s_dom_fin_sector_tsy__lag006,fbtsaaq027s_dom_fin_sector_tsy,q,6,FRED_FBTSAAQ027S_dom_fin_sector_tsy.csv,316,0.990596
q__fbtsaaq027s_dom_fin_sector_tsy__lag007,fbtsaaq027s_dom_fin_sector_tsy,q,7,FRED_FBTSAAQ027S_dom_fin_sector_tsy.csv,315,0.987461
q__fbtsaaq027s_dom_fin_sector_tsy__lag008,fbtsaaq027s_dom_fin_sector_tsy,q,8,FRED_FBTSAAQ027S_dom_fin_sector_tsy.csv,314,0.984326
q__fbtsatq027s_dom_fin_sector_tsy_tx__lag001,fbtsatq027s_dom_fin_sector_tsy_tx,q,1,FRED_FBTSATQ027S_dom_fin_sector_tsy_tx.csv,317,0.99373
q__fbtsatq027s_dom_fin_sector_tsy_tx__lag002,fbtsatq027s_dom_fin_sector_tsy_tx,q,2,FRED_FBTSATQ027S_dom_fin_sector_tsy_tx.csv,316,0.990596
q__fbtsatq027s_dom_fin_sector_tsy_tx__lag003,fbtsatq027s_dom_fin_sector_tsy_tx,q,3,FRED_FBTSATQ027S_dom_fin_sector_tsy_tx.csv,315,0.987461
q__fbtsatq027s_dom_fin_sector_tsy_tx__lag004,fbtsatq027s_dom_fin_sector_tsy_tx,q,4,FRED_FBTSATQ027S_dom_fin_sector_tsy_tx.csv,314,0.984326
q__fbtsatq027s_dom_fin_sector_tsy_tx__lag005,fbtsatq027s_dom_fin_sector_tsy_tx,q,5,FRED_FBTSATQ027S_dom_fin_sector_tsy_tx.csv,313,0.981191
q__fbtsatq027s_dom_fin_sector_tsy_tx__lag006,fbtsatq027s_dom_fin_sector_tsy_tx,q,6,FRED_FBTSATQ027S_dom_fin_sector_tsy_tx.csv,312,0.978056
q__fbtsatq027s_dom_fin_sector_tsy_tx__lag007,fbtsatq027s_dom_fin_sector_tsy_tx,q,7,FRED_FBTSATQ027S_dom_fin_sector_tsy_tx.csv,311,0.974922
q__fbtsatq027s_dom_fin_sector_tsy_tx__lag008,fbtsatq027s_dom_fin_sector_tsy_tx,q,8,FRED_FBTSATQ027S_dom_fin_sector_tsy_tx.csv,310,0.971787
m__fedfunds_fed_funds__lag001,fedfunds_fed_funds,m,1,FRED_FEDFUNDS_Fed_Funds.csv,287,0.899687
m__fedfunds_fed_funds__lag002,fedfunds_fed_funds,m,2,FRED_FEDFUNDS_Fed_Funds.csv,287,0.899687
m__fedfunds_fed_funds__lag003,fedfunds_fed_funds,m,3,FRED_FEDFUNDS_Fed_Funds.csv,287,0.899687
m__fedfunds_fed_funds__lag004,fedfunds_fed_funds,m,4,FRED_FEDFUNDS_Fed_Funds.csv,286,0.896552
m__fedfunds_fed_funds__lag005,fedfunds_fed_funds,m,5,FRED_FEDFUNDS_Fed_Funds.csv,286,0.896552
m__fedfunds_fed_funds__lag006,fedfunds_fed_funds,m,6,FRED_FEDFUNDS_Fed_Funds.csv,286,0.896552
m__fedfunds_fed_funds__lag007,fedfunds_fed_funds,m,7,FRED_FEDFUNDS_Fed_Funds.csv,285,0.893417
m__fedfunds_fed_funds__lag008,fedfunds_fed_funds,m,8,FRED_FEDFUNDS_Fed_Funds.csv,285,0.893417
m__fedfunds_fed_funds__lag009,fedfunds_fed_funds,m,9,FRED_FEDFUNDS_Fed_Funds.csv,285,0.893417
m__fedfunds_fed_funds__lag010,fedfunds_fed_funds,m,10,FRED_FEDFUNDS_Fed_Funds.csv,284,0.890282
m__fedfunds_fed_funds__lag011,fedfunds_fed_funds,m,11,FRED_FEDFUNDS_Fed_Funds.csv,284,0.890282
m__fedfunds_fed_funds__lag012,fedfunds_fed_funds,m,12,FRED_FEDFUNDS_Fed_Funds.csv,284,0.890282
q__fgdef_fgdef__lag001,fgdef_fgdef,q,1,FRED_FGDEF_FGDEF.csv,316,0.990596
q__fgdef_fgdef__lag002,fgdef_fgdef,q,2,FRED_FGDEF_FGDEF.csv,315,0.987461
q__fgdef_fgdef__lag003,fgdef_fgdef,q,3,FRED_FGDEF_FGDEF.csv,314,0.984326
q__fgdef_fgdef__lag004,fgdef_fgdef,q,4,FRED_FGDEF_FGDEF.csv,313,0.981191
q__fgdef_fgdef__lag005,fgdef_fgdef,q,5,FRED_FGDEF_FGDEF.csv,312,0.978056
q__fgdef_fgdef__lag006,fgdef_fgdef,q,6,FRED_FGDEF_FGDEF.csv,311,0.974922
q__fgdef_fgdef__lag007,fgdef_fgdef,q,7,FRED_FGDEF_FGDEF.csv,310,0.971787
q__fgdef_fgdef__lag008,fgdef_fgdef,q,8,FRED_FGDEF_FGDEF.csv,309,0.968652
q__fgexpnd_fgexpnd__lag001,fgexpnd_fgexpnd,q,1,FRED_FGEXPND_FGEXPND.csv,316,0.990596
q__fgexpnd_fgexpnd__lag002,fgexpnd_fgexpnd,q,2,FRED_FGEXPND_FGEXPND.csv,315,0.987461
q__fgexpnd_fgexpnd__lag003,fgexpnd_fgexpnd,q,3,FRED_FGEXPND_FGEXPND.csv,314,0.984326
q__fgexpnd_fgexpnd__lag004,fgexpnd_fgexpnd,q,4,FRED_FGEXPND_FGEXPND.csv,313,0.981191
q__fgexpnd_fgexpnd__lag005,fgexpnd_fgexpnd,q,5,FRED_FGEXPND_FGEXPND.csv,312,0.978056
q__fgexpnd_fgexpnd__lag006,fgexpnd_fgexpnd,q,6,FRED_FGEXPND_FGEXPND.csv,311,0.974922
q__fgexpnd_fgexpnd__lag007,fgexpnd_fgexpnd,q,7,FRED_FGEXPND_FGEXPND.csv,310,0.971787
q__fgexpnd_fgexpnd__lag008,fgexpnd_fgexpnd,q,8,FRED_FGEXPND_FGEXPND.csv,309,0.968652
q__fgla_fgla__lag001,fgla_fgla,q,1,FRED_FGLA_FGLA.csv,319,1.0
q__fgla_fgla__lag002,fgla_fgla,q,2,FRED_FGLA_FGLA.csv,319,1.0
q__fgla_fgla__lag003,fgla_fgla,q,3,FRED_FGLA_FGLA.csv,319,1.0
q__fgla_fgla__lag004,fgla_fgla,q,4,FRED_FGLA_FGLA.csv,318,0.996865
q__fgla_fgla__lag005,fgla_fgla,q,5,FRED_FGLA_FGLA.csv,317,0.99373
q__fgla_fgla__lag006,fgla_fgla,q,6,FRED_FGLA_FGLA.csv,316,0.990596
q__fgla_fgla__lag007,fgla_fgla,q,7,FRED_FGLA_FGLA.csv,315,0.987461
q__fgla_fgla__lag008,fgla_fgla,q,8,FRED_FGLA_FGLA.csv,314,0.984326
q__fgla_fedgov_loans__lag001,fgla_fedgov_loans,q,1,FRED_FGLA_fedgov_loans.csv,319,1.0
q__fgla_fedgov_loans__lag002,fgla_fedgov_loans,q,2,FRED_FGLA_fedgov_loans.csv,319,1.0
q__fgla_fedgov_loans__lag003,fgla_fedgov_loans,q,3,FRED_FGLA_fedgov_loans.csv,319,1.0
q__fgla_fedgov_loans__lag004,fgla_fedgov_loans,q,4,FRED_FGLA_fedgov_loans.csv,318,0.996865
q__fgla_fedgov_loans__lag005,fgla_fedgov_loans,q,5,FRED_FGLA_fedgov_loans.csv,317,0.99373
q__fgla_fedgov_loans__lag006,fgla_fedgov_loans,q,6,FRED_FGLA_fedgov_loans.csv,316,0.990596
q__fgla_fedgov_loans__lag007,fgla_fedgov_loans,q,7,FRED_FGLA_fedgov_loans.csv,315,0.987461
q__fgla_fedgov_loans__lag008,fgla_fedgov_loans,q,8,FRED_FGLA_fedgov_loans.csv,314,0.984326
q__fgrecpt_fgrecpt__lag001,fgrecpt_fgrecpt,q,1,FRED_FGRECPT_FGRECPT.csv,316,0.990596
q__fgrecpt_fgrecpt__lag002,fgrecpt_fgrecpt,q,2,FRED_FGRECPT_FGRECPT.csv,315,0.987461
q__fgrecpt_fgrecpt__lag003,fgrecpt_fgrecpt,q,3,FRED_FGRECPT_FGRECPT.csv,314,0.984326
q__fgrecpt_fgrecpt__lag004,fgrecpt_fgrecpt,q,4,FRED_FGRECPT_FGRECPT.csv,313,0.981191
q__fgrecpt_fgrecpt__lag005,fgrecpt_fgrecpt,q,5,FRED_FGRECPT_FGRECPT.csv,312,0.978056
q__fgrecpt_fgrecpt__lag006,fgrecpt_fgrecpt,q,6,FRED_FGRECPT_FGRECPT.csv,311,0.974922
q__fgrecpt_fgrecpt__lag007,fgrecpt_fgrecpt,q,7,FRED_FGRECPT_FGRECPT.csv,310,0.971787
q__fgrecpt_fgrecpt__lag008,fgrecpt_fgrecpt,q,8,FRED_FGRECPT_FGRECPT.csv,309,0.968652
q__fgtlasq027s_gov_loan_a__lag001,fgtlasq027s_gov_loan_a,q,1,FRED_FGTLASQ027S_gov_loan_a.csv,319,1.0
q__fgtlasq027s_gov_loan_a__lag002,fgtlasq027s_gov_loan_a,q,2,FRED_FGTLASQ027S_gov_loan_a.csv,319,1.0
q__fgtlasq027s_gov_loan_a__lag003,fgtlasq027s_gov_loan_a,q,3,FRED_FGTLASQ027S_gov_loan_a.csv,319,1.0
q__fgtlasq027s_gov_loan_a__lag004,fgtlasq027s_gov_loan_a,q,4,FRED_FGTLASQ027S_gov_loan_a.csv,318,0.996865
q__fgtlasq027s_gov_loan_a__lag005,fgtlasq027s_gov_loan_a,q,5,FRED_FGTLASQ027S_gov_loan_a.csv,317,0.99373
q__fgtlasq027s_gov_loan_a__lag006,fgtlasq027s_gov_loan_a,q,6,FRED_FGTLASQ027S_gov_loan_a.csv,316,0.990596
q__fgtlasq027s_gov_loan_a__lag007,fgtlasq027s_gov_loan_a,q,7,FRED_FGTLASQ027S_gov_loan_a.csv,315,0.987461
q__fgtlasq027s_gov_loan_a__lag008,fgtlasq027s_gov_loan_a,q,8,FRED_FGTLASQ027S_gov_loan_a.csv,314,0.984326
q__fgtsl_fgtsl__lag001,fgtsl_fgtsl,q,1,FRED_FGTSL_FGTSL.csv,319,1.0
q__fgtsl_fgtsl__lag002,fgtsl_fgtsl,q,2,FRED_FGTSL_FGTSL.csv,319,1.0
q__fgtsl_fgtsl__lag003,fgtsl_fgtsl,q,3,FRED_FGTSL_FGTSL.csv,319,1.0
q__fgtsl_fgtsl__lag004,fgtsl_fgtsl,q,4,FRED_FGTSL_FGTSL.csv,318,0.996865
q__fgtsl_fgtsl__lag005,fgtsl_fgtsl,q,5,FRED_FGTSL_FGTSL.csv,317,0.99373
q__fgtsl_fgtsl__lag006,fgtsl_fgtsl,q,6,FRED_FGTSL_FGTSL.csv,316,0.990596
q__fgtsl_fgtsl__lag007,fgtsl_fgtsl,q,7,FRED_FGTSL_FGTSL.csv,315,0.987461
q__fgtsl_fgtsl__lag008,fgtsl_fgtsl,q,8,FRED_FGTSL_FGTSL.csv,314,0.984326
d__fincp_fincp__lag001,fincp_fincp,d,1,FRED_FINCP_FINCP.csv,101,0.316614
d__fincp_fincp__lag002,fincp_fincp,d,2,FRED_FINCP_FINCP.csv,101,0.316614
d__fincp_fincp__lag003,fincp_fincp,d,3,FRED_FINCP_FINCP.csv,101,0.316614
d__fincp_fincp__lag004,fincp_fincp,d,4,FRED_FINCP_FINCP.csv,101,0.316614
d__fincp_fincp__lag005,fincp_fincp,d,5,FRED_FINCP_FINCP.csv,101,0.316614
d__fincp_fincp__lag006,fincp_fincp,d,6,FRED_FINCP_FINCP.csv,101,0.316614
d__fincp_fincp__lag007,fincp_fincp,d,7,FRED_FINCP_FINCP.csv,101,0.316614
d__fincp_fincp__lag008,fincp_fincp,d,8,FRED_FINCP_FINCP.csv,101,0.316614
d__fincp_fincp__lag009,fincp_fincp,d,9,FRED_FINCP_FINCP.csv,101,0.316614
d__fincp_fincp__lag010,fincp_fincp,d,10,FRED_FINCP_FINCP.csv,101,0.316614
d__fincp_fincp__lag011,fincp_fincp,d,11,FRED_FINCP_FINCP.csv,101,0.316614
d__fincp_fincp__lag012,fincp_fincp,d,12,FRED_FINCP_FINCP.csv,101,0.316614
d__fincp_fincp__lag013,fincp_fincp,d,13,FRED_FINCP_FINCP.csv,101,0.316614
d__fincp_fincp__lag014,fincp_fincp,d,14,FRED_FINCP_FINCP.csv,101,0.316614
d__fincp_fincp__lag015,fincp_fincp,d,15,FRED_FINCP_FINCP.csv,101,0.316614
d__fincp_fincp__lag016,fincp_fincp,d,16,FRED_FINCP_FINCP.csv,101,0.316614
d__fincp_fincp__lag017,fincp_fincp,d,17,FRED_FINCP_FINCP.csv,101,0.316614
d__fincp_fincp__lag018,fincp_fincp,d,18,FRED_FINCP_FINCP.csv,101,0.316614
d__fincp_fincp__lag019,fincp_fincp,d,19,FRED_FINCP_FINCP.csv,101,0.316614
d__fincp_fincp__lag020,fincp_fincp,d,20,FRED_FINCP_FINCP.csv,101,0.316614
d__fincp_fincp__lag021,fincp_fincp,d,21,FRED_FINCP_FINCP.csv,101,0.316614
d__fincp_fincp__lag022,fincp_fincp,d,22,FRED_FINCP_FINCP.csv,101,0.316614
d__fincp_fincp__lag023,fincp_fincp,d,23,FRED_FINCP_FINCP.csv,101,0.316614
d__fincp_fincp__lag024,fincp_fincp,d,24,FRED_FINCP_FINCP.csv,101,0.316614
d__fincp_fincp__lag025,fincp_fincp,d,25,FRED_FINCP_FINCP.csv,101,0.316614
d__fincp_fincp__lag026,fincp_fincp,d,26,FRED_FINCP_FINCP.csv,101,0.316614
d__fincp_fincp__lag027,fincp_fincp,d,27,FRED_FINCP_FINCP.csv,101,0.316614
d__fincp_fincp__lag028,fincp_fincp,d,28,FRED_FINCP_FINCP.csv,101,0.316614
d__fincp_fincp__lag029,fincp_fincp,d,29,FRED_FINCP_FINCP.csv,101,0.316614
d__fincp_fincp__lag030,fincp_fincp,d,30,FRED_FINCP_FINCP.csv,101,0.316614
d__fincp_fincp__lag031,fincp_fincp,d,31,FRED_FINCP_FINCP.csv,101,0.316614
d__fincp_fincp__lag032,fincp_fincp,d,32,FRED_FINCP_FINCP.csv,101,0.316614
d__fincp_fincp__lag033,fincp_fincp,d,33,FRED_FINCP_FINCP.csv,101,0.316614
d__fincp_fincp__lag034,fincp_fincp,d,34,FRED_FINCP_FINCP.csv,101,0.316614
d__fincp_fincp__lag035,fincp_fincp,d,35,FRED_FINCP_FINCP.csv,101,0.316614
d__fincp_fincp__lag036,fincp_fincp,d,36,FRED_FINCP_FINCP.csv,101,0.316614
d__fincp_fincp__lag037,fincp_fincp,d,37,FRED_FINCP_FINCP.csv,101,0.316614
d__fincp_fincp__lag038,fincp_fincp,d,38,FRED_FINCP_FINCP.csv,101,0.316614
d__fincp_fincp__lag039,fincp_fincp,d,39,FRED_FINCP_FINCP.csv,101,0.316614
d__fincp_fincp__lag040,fincp_fincp,d,40,FRED_FINCP_FINCP.csv,101,0.316614
d__fincp_fincp__lag041,fincp_fincp,d,41,FRED_FINCP_FINCP.csv,101,0.316614
d__fincp_fincp__lag042,fincp_fincp,d,42,FRED_FINCP_FINCP.csv,101,0.316614
d__fincp_fincp__lag043,fincp_fincp,d,43,FRED_FINCP_FINCP.csv,101,0.316614
d__fincp_fincp__lag044,fincp_fincp,d,44,FRED_FINCP_FINCP.csv,101,0.316614
d__fincp_fincp__lag045,fincp_fincp,d,45,FRED_FINCP_FINCP.csv,101,0.316614
d__fincp_fincp__lag046,fincp_fincp,d,46,FRED_FINCP_FINCP.csv,101,0.316614
d__fincp_fincp__lag047,fincp_fincp,d,47,FRED_FINCP_FINCP.csv,101,0.316614
d__fincp_fincp__lag048,fincp_fincp,d,48,FRED_FINCP_FINCP.csv,101,0.316614
d__fincp_fincp__lag049,fincp_fincp,d,49,FRED_FINCP_FINCP.csv,101,0.316614
d__fincp_fincp__lag050,fincp_fincp,d,50,FRED_FINCP_FINCP.csv,101,0.316614
d__fincp_fincp__lag051,fincp_fincp,d,51,FRED_FINCP_FINCP.csv,101,0.316614
d__fincp_fincp__lag052,fincp_fincp,d,52,FRED_FINCP_FINCP.csv,101,0.316614
d__fincp_fincp__lag053,fincp_fincp,d,53,FRED_FINCP_FINCP.csv,101,0.316614
d__fincp_fincp__lag054,fincp_fincp,d,54,FRED_FINCP_FINCP.csv,101,0.316614
d__fincp_fincp__lag055,fincp_fincp,d,55,FRED_FINCP_FINCP.csv,101,0.316614
d__fincp_fincp__lag056,fincp_fincp,d,56,FRED_FINCP_FINCP.csv,101,0.316614
d__fincp_fincp__lag057,fincp_fincp,d,57,FRED_FINCP_FINCP.csv,101,0.316614
d__fincp_fincp__lag058,fincp_fincp,d,58,FRED_FINCP_FINCP.csv,101,0.316614
d__fincp_fincp__lag059,fincp_fincp,d,59,FRED_FINCP_FINCP.csv,101,0.316614
d__fincp_fincp__lag060,fincp_fincp,d,60,FRED_FINCP_FINCP.csv,101,0.316614
d__fincp_fincp__lag061,fincp_fincp,d,61,FRED_FINCP_FINCP.csv,101,0.316614
d__fincp_fincp__lag062,fincp_fincp,d,62,FRED_FINCP_FINCP.csv,101,0.316614
d__fincp_fincp__lag063,fincp_fincp,d,63,FRED_FINCP_FINCP.csv,101,0.316614
d__fincp_fincp__lag064,fincp_fincp,d,64,FRED_FINCP_FINCP.csv,101,0.316614
d__fincp_fincp__lag065,fincp_fincp,d,65,FRED_FINCP_FINCP.csv,101,0.316614
d__fincp_fincp__lag066,fincp_fincp,d,66,FRED_FINCP_FINCP.csv,101,0.316614
d__fincp_fincp__lag067,fincp_fincp,d,67,FRED_FINCP_FINCP.csv,101,0.316614
d__fincp_fincp__lag068,fincp_fincp,d,68,FRED_FINCP_FINCP.csv,101,0.316614
d__fincp_fincp__lag069,fincp_fincp,d,69,FRED_FINCP_FINCP.csv,101,0.316614
d__fincp_fincp__lag070,fincp_fincp,d,70,FRED_FINCP_FINCP.csv,101,0.316614
d__fincp_fincp__lag071,fincp_fincp,d,71,FRED_FINCP_FINCP.csv,101,0.316614
d__fincp_fincp__lag072,fincp_fincp,d,72,FRED_FINCP_FINCP.csv,101,0.316614
d__fincp_fincp__lag073,fincp_fincp,d,73,FRED_FINCP_FINCP.csv,101,0.316614
d__fincp_fincp__lag074,fincp_fincp,d,74,FRED_FINCP_FINCP.csv,101,0.316614
d__fincp_fincp__lag075,fincp_fincp,d,75,FRED_FINCP_FINCP.csv,101,0.316614
d__fincp_fincp__lag076,fincp_fincp,d,76,FRED_FINCP_FINCP.csv,101,0.316614
d__fincp_fincp__lag077,fincp_fincp,d,77,FRED_FINCP_FINCP.csv,101,0.316614
d__fincp_fincp__lag078,fincp_fincp,d,78,FRED_FINCP_FINCP.csv,101,0.316614
d__fincp_fincp__lag079,fincp_fincp,d,79,FRED_FINCP_FINCP.csv,101,0.316614
d__fincp_fincp__lag080,fincp_fincp,d,80,FRED_FINCP_FINCP.csv,101,0.316614
d__fincp_fincp__lag081,fincp_fincp,d,81,FRED_FINCP_FINCP.csv,101,0.316614
d__fincp_fincp__lag082,fincp_fincp,d,82,FRED_FINCP_FINCP.csv,101,0.316614
d__fincp_fincp__lag083,fincp_fincp,d,83,FRED_FINCP_FINCP.csv,101,0.316614
d__fincp_fincp__lag084,fincp_fincp,d,84,FRED_FINCP_FINCP.csv,101,0.316614
d__fincp_fincp__lag085,fincp_fincp,d,85,FRED_FINCP_FINCP.csv,101,0.316614
d__fincp_fincp__lag086,fincp_fincp,d,86,FRED_FINCP_FINCP.csv,101,0.316614
d__fincp_fincp__lag087,fincp_fincp,d,87,FRED_FINCP_FINCP.csv,101,0.316614
d__fincp_fincp__lag088,fincp_fincp,d,88,FRED_FINCP_FINCP.csv,101,0.316614
d__fincp_fincp__lag089,fincp_fincp,d,89,FRED_FINCP_FINCP.csv,100,0.31348
d__fincp_fincp__lag090,fincp_fincp,d,90,FRED_FINCP_FINCP.csv,100,0.31348
q__fpi_fpi__lag001,fpi_fpi,q,1,FRED_FPI_FPI.csv,316,0.990596
q__fpi_fpi__lag002,fpi_fpi,q,2,FRED_FPI_FPI.csv,315,0.987461
q__fpi_fpi__lag003,fpi_fpi,q,3,FRED_FPI_FPI.csv,314,0.984326
q__fpi_fpi__lag004,fpi_fpi,q,4,FRED_FPI_FPI.csv,313,0.981191
q__fpi_fpi__lag005,fpi_fpi,q,5,FRED_FPI_FPI.csv,312,0.978056
q__fpi_fpi__lag006,fpi_fpi,q,6,FRED_FPI_FPI.csv,311,0.974922
q__fpi_fpi__lag007,fpi_fpi,q,7,FRED_FPI_FPI.csv,310,0.971787
q__fpi_fpi__lag008,fpi_fpi,q,8,FRED_FPI_FPI.csv,309,0.968652
q__fpi_invest_priv_fixed__lag001,fpi_invest_priv_fixed,q,1,FRED_FPI_invest_priv_fixed.csv,316,0.990596
q__fpi_invest_priv_fixed__lag002,fpi_invest_priv_fixed,q,2,FRED_FPI_invest_priv_fixed.csv,315,0.987461
q__fpi_invest_priv_fixed__lag003,fpi_invest_priv_fixed,q,3,FRED_FPI_invest_priv_fixed.csv,314,0.984326
q__fpi_invest_priv_fixed__lag004,fpi_invest_priv_fixed,q,4,FRED_FPI_invest_priv_fixed.csv,313,0.981191
q__fpi_invest_priv_fixed__lag005,fpi_invest_priv_fixed,q,5,FRED_FPI_invest_priv_fixed.csv,312,0.978056
q__fpi_invest_priv_fixed__lag006,fpi_invest_priv_fixed,q,6,FRED_FPI_invest_priv_fixed.csv,311,0.974922
q__fpi_invest_priv_fixed__lag007,fpi_invest_priv_fixed,q,7,FRED_FPI_invest_priv_fixed.csv,310,0.971787
q__fpi_invest_priv_fixed__lag008,fpi_invest_priv_fixed,q,8,FRED_FPI_invest_priv_fixed.csv,309,0.968652
q__gce_gce__lag001,gce_gce,q,1,FRED_GCE_GCE.csv,316,0.990596
q__gce_gce__lag002,gce_gce,q,2,FRED_GCE_GCE.csv,315,0.987461
q__gce_gce__lag003,gce_gce,q,3,FRED_GCE_GCE.csv,314,0.984326
q__gce_gce__lag004,gce_gce,q,4,FRED_GCE_GCE.csv,313,0.981191
q__gce_gce__lag005,gce_gce,q,5,FRED_GCE_GCE.csv,312,0.978056
q__gce_gce__lag006,gce_gce,q,6,FRED_GCE_GCE.csv,311,0.974922
q__gce_gce__lag007,gce_gce,q,7,FRED_GCE_GCE.csv,310,0.971787
q__gce_gce__lag008,gce_gce,q,8,FRED_GCE_GCE.csv,309,0.968652
q__gdpc1_real_gdp__lag001,gdpc1_real_gdp,q,1,FRED_GDPC1_Real_GDP.csv,316,0.990596
q__gdpc1_real_gdp__lag002,gdpc1_real_gdp,q,2,FRED_GDPC1_Real_GDP.csv,315,0.987461
q__gdpc1_real_gdp__lag003,gdpc1_real_gdp,q,3,FRED_GDPC1_Real_GDP.csv,314,0.984326
q__gdpc1_real_gdp__lag004,gdpc1_real_gdp,q,4,FRED_GDPC1_Real_GDP.csv,313,0.981191
q__gdpc1_real_gdp__lag005,gdpc1_real_gdp,q,5,FRED_GDPC1_Real_GDP.csv,312,0.978056
q__gdpc1_real_gdp__lag006,gdpc1_real_gdp,q,6,FRED_GDPC1_Real_GDP.csv,311,0.974922
q__gdpc1_real_gdp__lag007,gdpc1_real_gdp,q,7,FRED_GDPC1_Real_GDP.csv,310,0.971787
q__gdpc1_real_gdp__lag008,gdpc1_real_gdp,q,8,FRED_GDPC1_Real_GDP.csv,309,0.968652
q__gdp_gdp__lag001,gdp_gdp,q,1,FRED_GDP_GDP.csv,316,0.990596
q__gdp_gdp__lag002,gdp_gdp,q,2,FRED_GDP_GDP.csv,315,0.987461
q__gdp_gdp__lag003,gdp_gdp,q,3,FRED_GDP_GDP.csv,314,0.984326
q__gdp_gdp__lag004,gdp_gdp,q,4,FRED_GDP_GDP.csv,313,0.981191
q__gdp_gdp__lag005,gdp_gdp,q,5,FRED_GDP_GDP.csv,312,0.978056
q__gdp_gdp__lag006,gdp_gdp,q,6,FRED_GDP_GDP.csv,311,0.974922
q__gdp_gdp__lag007,gdp_gdp,q,7,FRED_GDP_GDP.csv,310,0.971787
q__gdp_gdp__lag008,gdp_gdp,q,8,FRED_GDP_GDP.csv,309,0.968652
q__gpdi_gpdi__lag001,gpdi_gpdi,q,1,FRED_GPDI_GPDI.csv,316,0.990596
q__gpdi_gpdi__lag002,gpdi_gpdi,q,2,FRED_GPDI_GPDI.csv,315,0.987461
q__gpdi_gpdi__lag003,gpdi_gpdi,q,3,FRED_GPDI_GPDI.csv,314,0.984326
q__gpdi_gpdi__lag004,gpdi_gpdi,q,4,FRED_GPDI_GPDI.csv,313,0.981191
q__gpdi_gpdi__lag005,gpdi_gpdi,q,5,FRED_GPDI_GPDI.csv,312,0.978056
q__gpdi_gpdi__lag006,gpdi_gpdi,q,6,FRED_GPDI_GPDI.csv,311,0.974922
q__gpdi_gpdi__lag007,gpdi_gpdi,q,7,FRED_GPDI_GPDI.csv,310,0.971787
q__gpdi_gpdi__lag008,gpdi_gpdi,q,8,FRED_GPDI_GPDI.csv,309,0.968652
q__gsave_gsave__lag001,gsave_gsave,q,1,FRED_GSAVE_GSAVE.csv,316,0.990596
q__gsave_gsave__lag002,gsave_gsave,q,2,FRED_GSAVE_GSAVE.csv,315,0.987461
q__gsave_gsave__lag003,gsave_gsave,q,3,FRED_GSAVE_GSAVE.csv,314,0.984326
q__gsave_gsave__lag004,gsave_gsave,q,4,FRED_GSAVE_GSAVE.csv,313,0.981191
q__gsave_gsave__lag005,gsave_gsave,q,5,FRED_GSAVE_GSAVE.csv,312,0.978056
q__gsave_gsave__lag006,gsave_gsave,q,6,FRED_GSAVE_GSAVE.csv,311,0.974922
q__gsave_gsave__lag007,gsave_gsave,q,7,FRED_GSAVE_GSAVE.csv,310,0.971787
q__gsave_gsave__lag008,gsave_gsave,q,8,FRED_GSAVE_GSAVE.csv,309,0.968652
q__hnotsbq027s_hhnp_tsy_tx__lag001,hnotsbq027s_hhnp_tsy_tx,q,1,FRED_HNOTSBQ027S_hhnp_tsy_tx.csv,317,0.99373
q__hnotsbq027s_hhnp_tsy_tx__lag002,hnotsbq027s_hhnp_tsy_tx,q,2,FRED_HNOTSBQ027S_hhnp_tsy_tx.csv,316,0.990596
q__hnotsbq027s_hhnp_tsy_tx__lag003,hnotsbq027s_hhnp_tsy_tx,q,3,FRED_HNOTSBQ027S_hhnp_tsy_tx.csv,315,0.987461
q__hnotsbq027s_hhnp_tsy_tx__lag004,hnotsbq027s_hhnp_tsy_tx,q,4,FRED_HNOTSBQ027S_hhnp_tsy_tx.csv,314,0.984326
q__hnotsbq027s_hhnp_tsy_tx__lag005,hnotsbq027s_hhnp_tsy_tx,q,5,FRED_HNOTSBQ027S_hhnp_tsy_tx.csv,313,0.981191
q__hnotsbq027s_hhnp_tsy_tx__lag006,hnotsbq027s_hhnp_tsy_tx,q,6,FRED_HNOTSBQ027S_hhnp_tsy_tx.csv,312,0.978056
q__hnotsbq027s_hhnp_tsy_tx__lag007,hnotsbq027s_hhnp_tsy_tx,q,7,FRED_HNOTSBQ027S_hhnp_tsy_tx.csv,311,0.974922
q__hnotsbq027s_hhnp_tsy_tx__lag008,hnotsbq027s_hhnp_tsy_tx,q,8,FRED_HNOTSBQ027S_hhnp_tsy_tx.csv,310,0.971787
m__houst_houst__lag001,houst_houst,m,1,FRED_HOUST_HOUST.csv,269,0.84326
m__houst_houst__lag002,houst_houst,m,2,FRED_HOUST_HOUST.csv,269,0.84326
m__houst_houst__lag003,houst_houst,m,3,FRED_HOUST_HOUST.csv,269,0.84326
m__houst_houst__lag004,houst_houst,m,4,FRED_HOUST_HOUST.csv,268,0.840125
m__houst_houst__lag005,houst_houst,m,5,FRED_HOUST_HOUST.csv,268,0.840125
m__houst_houst__lag006,houst_houst,m,6,FRED_HOUST_HOUST.csv,268,0.840125
m__houst_houst__lag007,houst_houst,m,7,FRED_HOUST_HOUST.csv,267,0.836991
m__houst_houst__lag008,houst_houst,m,8,FRED_HOUST_HOUST.csv,267,0.836991
m__houst_houst__lag009,houst_houst,m,9,FRED_HOUST_HOUST.csv,267,0.836991
m__houst_houst__lag010,houst_houst,m,10,FRED_HOUST_HOUST.csv,266,0.833856
m__houst_houst__lag011,houst_houst,m,11,FRED_HOUST_HOUST.csv,266,0.833856
m__houst_houst__lag012,houst_houst,m,12,FRED_HOUST_HOUST.csv,266,0.833856
m__hqmcb10yrp_hqm10y__lag001,hqmcb10yrp_hqm10y,m,1,FRED_HQMCB10YRP_hqm10y.csv,169,0.529781
m__hqmcb10yrp_hqm10y__lag002,hqmcb10yrp_hqm10y,m,2,FRED_HQMCB10YRP_hqm10y.csv,169,0.529781
m__hqmcb10yrp_hqm10y__lag003,hqmcb10yrp_hqm10y,m,3,FRED_HQMCB10YRP_hqm10y.csv,169,0.529781
m__hqmcb10yrp_hqm10y__lag004,hqmcb10yrp_hqm10y,m,4,FRED_HQMCB10YRP_hqm10y.csv,168,0.526646
m__hqmcb10yrp_hqm10y__lag005,hqmcb10yrp_hqm10y,m,5,FRED_HQMCB10YRP_hqm10y.csv,168,0.526646
m__hqmcb10yrp_hqm10y__lag006,hqmcb10yrp_hqm10y,m,6,FRED_HQMCB10YRP_hqm10y.csv,168,0.526646
m__hqmcb10yrp_hqm10y__lag007,hqmcb10yrp_hqm10y,m,7,FRED_HQMCB10YRP_hqm10y.csv,167,0.523511
m__hqmcb10yrp_hqm10y__lag008,hqmcb10yrp_hqm10y,m,8,FRED_HQMCB10YRP_hqm10y.csv,167,0.523511
m__hqmcb10yrp_hqm10y__lag009,hqmcb10yrp_hqm10y,m,9,FRED_HQMCB10YRP_hqm10y.csv,167,0.523511
m__hqmcb10yrp_hqm10y__lag010,hqmcb10yrp_hqm10y,m,10,FRED_HQMCB10YRP_hqm10y.csv,166,0.520376
m__hqmcb10yrp_hqm10y__lag011,hqmcb10yrp_hqm10y,m,11,FRED_HQMCB10YRP_hqm10y.csv,166,0.520376
m__hqmcb10yrp_hqm10y__lag012,hqmcb10yrp_hqm10y,m,12,FRED_HQMCB10YRP_hqm10y.csv,166,0.520376
q__iatashcbsnncb_nfcb_hc_inventories__lag001,iatashcbsnncb_nfcb_hc_inventories,q,1,FRED_IATASHCBSNNCB_nfcb_hc_inventories.csv,319,1.0
q__iatashcbsnncb_nfcb_hc_inventories__lag002,iatashcbsnncb_nfcb_hc_inventories,q,2,FRED_IATASHCBSNNCB_nfcb_hc_inventories.csv,319,1.0
q__iatashcbsnncb_nfcb_hc_inventories__lag003,iatashcbsnncb_nfcb_hc_inventories,q,3,FRED_IATASHCBSNNCB_nfcb_hc_inventories.csv,319,1.0
q__iatashcbsnncb_nfcb_hc_inventories__lag004,iatashcbsnncb_nfcb_hc_inventories,q,4,FRED_IATASHCBSNNCB_nfcb_hc_inventories.csv,318,0.996865
q__iatashcbsnncb_nfcb_hc_inventories__lag005,iatashcbsnncb_nfcb_hc_inventories,q,5,FRED_IATASHCBSNNCB_nfcb_hc_inventories.csv,317,0.99373
q__iatashcbsnncb_nfcb_hc_inventories__lag006,iatashcbsnncb_nfcb_hc_inventories,q,6,FRED_IATASHCBSNNCB_nfcb_hc_inventories.csv,316,0.990596
q__iatashcbsnncb_nfcb_hc_inventories__lag007,iatashcbsnncb_nfcb_hc_inventories,q,7,FRED_IATASHCBSNNCB_nfcb_hc_inventories.csv,315,0.987461
q__iatashcbsnncb_nfcb_hc_inventories__lag008,iatashcbsnncb_nfcb_hc_inventories,q,8,FRED_IATASHCBSNNCB_nfcb_hc_inventories.csv,314,0.984326
q__ib0000043q086sbea_imp_ind_pi__lag001,ib0000043q086sbea_imp_ind_pi,q,1,FRED_IB0000043Q086SBEA_IMP_IND_PI.csv,235,0.736677
q__ib0000043q086sbea_imp_ind_pi__lag002,ib0000043q086sbea_imp_ind_pi,q,2,FRED_IB0000043Q086SBEA_IMP_IND_PI.csv,234,0.733542
q__ib0000043q086sbea_imp_ind_pi__lag003,ib0000043q086sbea_imp_ind_pi,q,3,FRED_IB0000043Q086SBEA_IMP_IND_PI.csv,233,0.730408
q__ib0000043q086sbea_imp_ind_pi__lag004,ib0000043q086sbea_imp_ind_pi,q,4,FRED_IB0000043Q086SBEA_IMP_IND_PI.csv,232,0.727273
q__ib0000043q086sbea_imp_ind_pi__lag005,ib0000043q086sbea_imp_ind_pi,q,5,FRED_IB0000043Q086SBEA_IMP_IND_PI.csv,231,0.724138
q__ib0000043q086sbea_imp_ind_pi__lag006,ib0000043q086sbea_imp_ind_pi,q,6,FRED_IB0000043Q086SBEA_IMP_IND_PI.csv,230,0.721003
q__ib0000043q086sbea_imp_ind_pi__lag007,ib0000043q086sbea_imp_ind_pi,q,7,FRED_IB0000043Q086SBEA_IMP_IND_PI.csv,229,0.717868
q__ib0000043q086sbea_imp_ind_pi__lag008,ib0000043q086sbea_imp_ind_pi,q,8,FRED_IB0000043Q086SBEA_IMP_IND_PI.csv,228,0.714734
q__ieami_primaryincomepayments__lag001,ieami_primaryincomepayments,q,1,FRED_IEAMI_PrimaryIncomePayments.csv,108,0.338558
q__ieami_primaryincomepayments__lag002,ieami_primaryincomepayments,q,2,FRED_IEAMI_PrimaryIncomePayments.csv,107,0.335423
q__ieami_primaryincomepayments__lag003,ieami_primaryincomepayments,q,3,FRED_IEAMI_PrimaryIncomePayments.csv,106,0.332288
q__ieami_primaryincomepayments__lag004,ieami_primaryincomepayments,q,4,FRED_IEAMI_PrimaryIncomePayments.csv,105,0.329154
q__ieami_primaryincomepayments__lag005,ieami_primaryincomepayments,q,5,FRED_IEAMI_PrimaryIncomePayments.csv,104,0.326019
q__ieami_primaryincomepayments__lag006,ieami_primaryincomepayments,q,6,FRED_IEAMI_PrimaryIncomePayments.csv,103,0.322884
q__ieami_primaryincomepayments__lag007,ieami_primaryincomepayments,q,7,FRED_IEAMI_PrimaryIncomePayments.csv,102,0.319749
q__ieami_primaryincomepayments__lag008,ieami_primaryincomepayments,q,8,FRED_IEAMI_PrimaryIncomePayments.csv,101,0.316614
q__ieamsir_secondaryincomepayments__lag001,ieamsir_secondaryincomepayments,q,1,FRED_IEAMSIR_SecondaryIncomePayments.csv,108,0.338558
q__ieamsir_secondaryincomepayments__lag002,ieamsir_secondaryincomepayments,q,2,FRED_IEAMSIR_SecondaryIncomePayments.csv,107,0.335423
q__ieamsir_secondaryincomepayments__lag003,ieamsir_secondaryincomepayments,q,3,FRED_IEAMSIR_SecondaryIncomePayments.csv,106,0.332288
q__ieamsir_secondaryincomepayments__lag004,ieamsir_secondaryincomepayments,q,4,FRED_IEAMSIR_SecondaryIncomePayments.csv,105,0.329154
q__ieamsir_secondaryincomepayments__lag005,ieamsir_secondaryincomepayments,q,5,FRED_IEAMSIR_SecondaryIncomePayments.csv,104,0.326019
q__ieamsir_secondaryincomepayments__lag006,ieamsir_secondaryincomepayments,q,6,FRED_IEAMSIR_SecondaryIncomePayments.csv,103,0.322884
q__ieamsir_secondaryincomepayments__lag007,ieamsir_secondaryincomepayments,q,7,FRED_IEAMSIR_SecondaryIncomePayments.csv,102,0.319749
q__ieamsir_secondaryincomepayments__lag008,ieamsir_secondaryincomepayments,q,8,FRED_IEAMSIR_SecondaryIncomePayments.csv,101,0.316614
q__ieaxi_primaryincomereceipts__lag001,ieaxi_primaryincomereceipts,q,1,FRED_IEAXI_PrimaryIncomeReceipts.csv,108,0.338558
q__ieaxi_primaryincomereceipts__lag002,ieaxi_primaryincomereceipts,q,2,FRED_IEAXI_PrimaryIncomeReceipts.csv,107,0.335423
q__ieaxi_primaryincomereceipts__lag003,ieaxi_primaryincomereceipts,q,3,FRED_IEAXI_PrimaryIncomeReceipts.csv,106,0.332288
q__ieaxi_primaryincomereceipts__lag004,ieaxi_primaryincomereceipts,q,4,FRED_IEAXI_PrimaryIncomeReceipts.csv,105,0.329154
q__ieaxi_primaryincomereceipts__lag005,ieaxi_primaryincomereceipts,q,5,FRED_IEAXI_PrimaryIncomeReceipts.csv,104,0.326019
q__ieaxi_primaryincomereceipts__lag006,ieaxi_primaryincomereceipts,q,6,FRED_IEAXI_PrimaryIncomeReceipts.csv,103,0.322884
q__ieaxi_primaryincomereceipts__lag007,ieaxi_primaryincomereceipts,q,7,FRED_IEAXI_PrimaryIncomeReceipts.csv,102,0.319749
q__ieaxi_primaryincomereceipts__lag008,ieaxi_primaryincomereceipts,q,8,FRED_IEAXI_PrimaryIncomeReceipts.csv,101,0.316614
q__ieaxsir_secondaryincomereceipts__lag001,ieaxsir_secondaryincomereceipts,q,1,FRED_IEAXSIR_SecondaryIncomeReceipts.csv,108,0.338558
q__ieaxsir_secondaryincomereceipts__lag002,ieaxsir_secondaryincomereceipts,q,2,FRED_IEAXSIR_SecondaryIncomeReceipts.csv,107,0.335423
q__ieaxsir_secondaryincomereceipts__lag003,ieaxsir_secondaryincomereceipts,q,3,FRED_IEAXSIR_SecondaryIncomeReceipts.csv,106,0.332288
q__ieaxsir_secondaryincomereceipts__lag004,ieaxsir_secondaryincomereceipts,q,4,FRED_IEAXSIR_SecondaryIncomeReceipts.csv,105,0.329154
q__ieaxsir_secondaryincomereceipts__lag005,ieaxsir_secondaryincomereceipts,q,5,FRED_IEAXSIR_SecondaryIncomeReceipts.csv,104,0.326019
q__ieaxsir_secondaryincomereceipts__lag006,ieaxsir_secondaryincomereceipts,q,6,FRED_IEAXSIR_SecondaryIncomeReceipts.csv,103,0.322884
q__ieaxsir_secondaryincomereceipts__lag007,ieaxsir_secondaryincomereceipts,q,7,FRED_IEAXSIR_SecondaryIncomeReceipts.csv,102,0.319749
q__ieaxsir_secondaryincomereceipts__lag008,ieaxsir_secondaryincomereceipts,q,8,FRED_IEAXSIR_SecondaryIncomeReceipts.csv,101,0.316614
q__impgs_imports__lag001,impgs_imports,q,1,FRED_IMPGS_Imports.csv,316,0.990596
q__impgs_imports__lag002,impgs_imports,q,2,FRED_IMPGS_Imports.csv,315,0.987461
q__impgs_imports__lag003,impgs_imports,q,3,FRED_IMPGS_Imports.csv,314,0.984326
q__impgs_imports__lag004,impgs_imports,q,4,FRED_IMPGS_Imports.csv,313,0.981191
q__impgs_imports__lag005,impgs_imports,q,5,FRED_IMPGS_Imports.csv,312,0.978056
q__impgs_imports__lag006,impgs_imports,q,6,FRED_IMPGS_Imports.csv,311,0.974922
q__impgs_imports__lag007,impgs_imports,q,7,FRED_IMPGS_Imports.csv,310,0.971787
q__impgs_imports__lag008,impgs_imports,q,8,FRED_IMPGS_Imports.csv,309,0.968652
m__indpro_indpro__lag001,indpro_indpro,m,1,FRED_INDPRO_INDPRO.csv,319,1.0
m__indpro_indpro__lag002,indpro_indpro,m,2,FRED_INDPRO_INDPRO.csv,319,1.0
m__indpro_indpro__lag003,indpro_indpro,m,3,FRED_INDPRO_INDPRO.csv,319,1.0
m__indpro_indpro__lag004,indpro_indpro,m,4,FRED_INDPRO_INDPRO.csv,319,1.0
m__indpro_indpro__lag005,indpro_indpro,m,5,FRED_INDPRO_INDPRO.csv,319,1.0
m__indpro_indpro__lag006,indpro_indpro,m,6,FRED_INDPRO_INDPRO.csv,319,1.0
m__indpro_indpro__lag007,indpro_indpro,m,7,FRED_INDPRO_INDPRO.csv,319,1.0
m__indpro_indpro__lag008,indpro_indpro,m,8,FRED_INDPRO_INDPRO.csv,319,1.0
m__indpro_indpro__lag009,indpro_indpro,m,9,FRED_INDPRO_INDPRO.csv,319,1.0
m__indpro_indpro__lag010,indpro_indpro,m,10,FRED_INDPRO_INDPRO.csv,319,1.0
m__indpro_indpro__lag011,indpro_indpro,m,11,FRED_INDPRO_INDPRO.csv,319,1.0
m__indpro_indpro__lag012,indpro_indpro,m,12,FRED_INDPRO_INDPRO.csv,319,1.0
m__ipbuseq_ipbuseq__lag001,ipbuseq_ipbuseq,m,1,FRED_IPBUSEQ_IPBUSEQ.csv,317,0.99373
m__ipbuseq_ipbuseq__lag002,ipbuseq_ipbuseq,m,2,FRED_IPBUSEQ_IPBUSEQ.csv,317,0.99373
m__ipbuseq_ipbuseq__lag003,ipbuseq_ipbuseq,m,3,FRED_IPBUSEQ_IPBUSEQ.csv,317,0.99373
m__ipbuseq_ipbuseq__lag004,ipbuseq_ipbuseq,m,4,FRED_IPBUSEQ_IPBUSEQ.csv,316,0.990596
m__ipbuseq_ipbuseq__lag005,ipbuseq_ipbuseq,m,5,FRED_IPBUSEQ_IPBUSEQ.csv,316,0.990596
m__ipbuseq_ipbuseq__lag006,ipbuseq_ipbuseq,m,6,FRED_IPBUSEQ_IPBUSEQ.csv,316,0.990596
m__ipbuseq_ipbuseq__lag007,ipbuseq_ipbuseq,m,7,FRED_IPBUSEQ_IPBUSEQ.csv,315,0.987461
m__ipbuseq_ipbuseq__lag008,ipbuseq_ipbuseq,m,8,FRED_IPBUSEQ_IPBUSEQ.csv,315,0.987461
m__ipbuseq_ipbuseq__lag009,ipbuseq_ipbuseq,m,9,FRED_IPBUSEQ_IPBUSEQ.csv,315,0.987461
m__ipbuseq_ipbuseq__lag010,ipbuseq_ipbuseq,m,10,FRED_IPBUSEQ_IPBUSEQ.csv,314,0.984326
m__ipbuseq_ipbuseq__lag011,ipbuseq_ipbuseq,m,11,FRED_IPBUSEQ_IPBUSEQ.csv,314,0.984326
m__ipbuseq_ipbuseq__lag012,ipbuseq_ipbuseq,m,12,FRED_IPBUSEQ_IPBUSEQ.csv,314,0.984326
m__ipcongd_ipcongd__lag001,ipcongd_ipcongd,m,1,FRED_IPCONGD_IPCONGD.csv,319,1.0
m__ipcongd_ipcongd__lag002,ipcongd_ipcongd,m,2,FRED_IPCONGD_IPCONGD.csv,319,1.0
m__ipcongd_ipcongd__lag003,ipcongd_ipcongd,m,3,FRED_IPCONGD_IPCONGD.csv,319,1.0
m__ipcongd_ipcongd__lag004,ipcongd_ipcongd,m,4,FRED_IPCONGD_IPCONGD.csv,319,1.0
m__ipcongd_ipcongd__lag005,ipcongd_ipcongd,m,5,FRED_IPCONGD_IPCONGD.csv,319,1.0
m__ipcongd_ipcongd__lag006,ipcongd_ipcongd,m,6,FRED_IPCONGD_IPCONGD.csv,319,1.0
m__ipcongd_ipcongd__lag007,ipcongd_ipcongd,m,7,FRED_IPCONGD_IPCONGD.csv,319,1.0
m__ipcongd_ipcongd__lag008,ipcongd_ipcongd,m,8,FRED_IPCONGD_IPCONGD.csv,319,1.0
m__ipcongd_ipcongd__lag009,ipcongd_ipcongd,m,9,FRED_IPCONGD_IPCONGD.csv,319,1.0
m__ipcongd_ipcongd__lag010,ipcongd_ipcongd,m,10,FRED_IPCONGD_IPCONGD.csv,319,1.0
m__ipcongd_ipcongd__lag011,ipcongd_ipcongd,m,11,FRED_IPCONGD_IPCONGD.csv,319,1.0
m__ipcongd_ipcongd__lag012,ipcongd_ipcongd,m,12,FRED_IPCONGD_IPCONGD.csv,319,1.0
m__ipdcongd_ipdcongd__lag001,ipdcongd_ipdcongd,m,1,FRED_IPDCONGD_IPDCONGD.csv,317,0.99373
m__ipdcongd_ipdcongd__lag002,ipdcongd_ipdcongd,m,2,FRED_IPDCONGD_IPDCONGD.csv,317,0.99373
m__ipdcongd_ipdcongd__lag003,ipdcongd_ipdcongd,m,3,FRED_IPDCONGD_IPDCONGD.csv,317,0.99373
m__ipdcongd_ipdcongd__lag004,ipdcongd_ipdcongd,m,4,FRED_IPDCONGD_IPDCONGD.csv,316,0.990596
m__ipdcongd_ipdcongd__lag005,ipdcongd_ipdcongd,m,5,FRED_IPDCONGD_IPDCONGD.csv,316,0.990596
m__ipdcongd_ipdcongd__lag006,ipdcongd_ipdcongd,m,6,FRED_IPDCONGD_IPDCONGD.csv,316,0.990596
m__ipdcongd_ipdcongd__lag007,ipdcongd_ipdcongd,m,7,FRED_IPDCONGD_IPDCONGD.csv,315,0.987461
m__ipdcongd_ipdcongd__lag008,ipdcongd_ipdcongd,m,8,FRED_IPDCONGD_IPDCONGD.csv,315,0.987461
m__ipdcongd_ipdcongd__lag009,ipdcongd_ipdcongd,m,9,FRED_IPDCONGD_IPDCONGD.csv,315,0.987461
m__ipdcongd_ipdcongd__lag010,ipdcongd_ipdcongd,m,10,FRED_IPDCONGD_IPDCONGD.csv,314,0.984326
m__ipdcongd_ipdcongd__lag011,ipdcongd_ipdcongd,m,11,FRED_IPDCONGD_IPDCONGD.csv,314,0.984326
m__ipdcongd_ipdcongd__lag012,ipdcongd_ipdcongd,m,12,FRED_IPDCONGD_IPDCONGD.csv,314,0.984326
m__ipfinal_ipfinal__lag001,ipfinal_ipfinal,m,1,FRED_IPFINAL_IPFINAL.csv,319,1.0
m__ipfinal_ipfinal__lag002,ipfinal_ipfinal,m,2,FRED_IPFINAL_IPFINAL.csv,319,1.0
m__ipfinal_ipfinal__lag003,ipfinal_ipfinal,m,3,FRED_IPFINAL_IPFINAL.csv,319,1.0
m__ipfinal_ipfinal__lag004,ipfinal_ipfinal,m,4,FRED_IPFINAL_IPFINAL.csv,319,1.0
m__ipfinal_ipfinal__lag005,ipfinal_ipfinal,m,5,FRED_IPFINAL_IPFINAL.csv,319,1.0
m__ipfinal_ipfinal__lag006,ipfinal_ipfinal,m,6,FRED_IPFINAL_IPFINAL.csv,319,1.0
m__ipfinal_ipfinal__lag007,ipfinal_ipfinal,m,7,FRED_IPFINAL_IPFINAL.csv,319,1.0
m__ipfinal_ipfinal__lag008,ipfinal_ipfinal,m,8,FRED_IPFINAL_IPFINAL.csv,319,1.0
m__ipfinal_ipfinal__lag009,ipfinal_ipfinal,m,9,FRED_IPFINAL_IPFINAL.csv,319,1.0
m__ipfinal_ipfinal__lag010,ipfinal_ipfinal,m,10,FRED_IPFINAL_IPFINAL.csv,319,1.0
m__ipfinal_ipfinal__lag011,ipfinal_ipfinal,m,11,FRED_IPFINAL_IPFINAL.csv,319,1.0
m__ipfinal_ipfinal__lag012,ipfinal_ipfinal,m,12,FRED_IPFINAL_IPFINAL.csv,319,1.0
m__ipman_ipman__lag001,ipman_ipman,m,1,FRED_IPMAN_IPMAN.csv,217,0.680251
m__ipman_ipman__lag002,ipman_ipman,m,2,FRED_IPMAN_IPMAN.csv,217,0.680251
m__ipman_ipman__lag003,ipman_ipman,m,3,FRED_IPMAN_IPMAN.csv,217,0.680251
m__ipman_ipman__lag004,ipman_ipman,m,4,FRED_IPMAN_IPMAN.csv,216,0.677116
m__ipman_ipman__lag005,ipman_ipman,m,5,FRED_IPMAN_IPMAN.csv,216,0.677116
m__ipman_ipman__lag006,ipman_ipman,m,6,FRED_IPMAN_IPMAN.csv,216,0.677116
m__ipman_ipman__lag007,ipman_ipman,m,7,FRED_IPMAN_IPMAN.csv,215,0.673981
m__ipman_ipman__lag008,ipman_ipman,m,8,FRED_IPMAN_IPMAN.csv,215,0.673981
m__ipman_ipman__lag009,ipman_ipman,m,9,FRED_IPMAN_IPMAN.csv,215,0.673981
m__ipman_ipman__lag010,ipman_ipman,m,10,FRED_IPMAN_IPMAN.csv,214,0.670846
m__ipman_ipman__lag011,ipman_ipman,m,11,FRED_IPMAN_IPMAN.csv,214,0.670846
m__ipman_ipman__lag012,ipman_ipman,m,12,FRED_IPMAN_IPMAN.csv,214,0.670846
m__ipmat_ipmat__lag001,ipmat_ipmat,m,1,FRED_IPMAT_IPMAT.csv,319,1.0
m__ipmat_ipmat__lag002,ipmat_ipmat,m,2,FRED_IPMAT_IPMAT.csv,319,1.0
m__ipmat_ipmat__lag003,ipmat_ipmat,m,3,FRED_IPMAT_IPMAT.csv,319,1.0
m__ipmat_ipmat__lag004,ipmat_ipmat,m,4,FRED_IPMAT_IPMAT.csv,319,1.0
m__ipmat_ipmat__lag005,ipmat_ipmat,m,5,FRED_IPMAT_IPMAT.csv,319,1.0
m__ipmat_ipmat__lag006,ipmat_ipmat,m,6,FRED_IPMAT_IPMAT.csv,319,1.0
m__ipmat_ipmat__lag007,ipmat_ipmat,m,7,FRED_IPMAT_IPMAT.csv,319,1.0
m__ipmat_ipmat__lag008,ipmat_ipmat,m,8,FRED_IPMAT_IPMAT.csv,319,1.0
m__ipmat_ipmat__lag009,ipmat_ipmat,m,9,FRED_IPMAT_IPMAT.csv,319,1.0
m__ipmat_ipmat__lag010,ipmat_ipmat,m,10,FRED_IPMAT_IPMAT.csv,319,1.0
m__ipmat_ipmat__lag011,ipmat_ipmat,m,11,FRED_IPMAT_IPMAT.csv,319,1.0
m__ipmat_ipmat__lag012,ipmat_ipmat,m,12,FRED_IPMAT_IPMAT.csv,319,1.0
m__ipmine_ipmine__lag001,ipmine_ipmine,m,1,FRED_IPMINE_IPMINE.csv,319,1.0
m__ipmine_ipmine__lag002,ipmine_ipmine,m,2,FRED_IPMINE_IPMINE.csv,319,1.0
m__ipmine_ipmine__lag003,ipmine_ipmine,m,3,FRED_IPMINE_IPMINE.csv,319,1.0
m__ipmine_ipmine__lag004,ipmine_ipmine,m,4,FRED_IPMINE_IPMINE.csv,319,1.0
m__ipmine_ipmine__lag005,ipmine_ipmine,m,5,FRED_IPMINE_IPMINE.csv,319,1.0
m__ipmine_ipmine__lag006,ipmine_ipmine,m,6,FRED_IPMINE_IPMINE.csv,319,1.0
m__ipmine_ipmine__lag007,ipmine_ipmine,m,7,FRED_IPMINE_IPMINE.csv,319,1.0
m__ipmine_ipmine__lag008,ipmine_ipmine,m,8,FRED_IPMINE_IPMINE.csv,319,1.0
m__ipmine_ipmine__lag009,ipmine_ipmine,m,9,FRED_IPMINE_IPMINE.csv,319,1.0
m__ipmine_ipmine__lag010,ipmine_ipmine,m,10,FRED_IPMINE_IPMINE.csv,319,1.0
m__ipmine_ipmine__lag011,ipmine_ipmine,m,11,FRED_IPMINE_IPMINE.csv,319,1.0
m__ipmine_ipmine__lag012,ipmine_ipmine,m,12,FRED_IPMINE_IPMINE.csv,319,1.0
m__ipncongd_ipncongd__lag001,ipncongd_ipncongd,m,1,FRED_IPNCONGD_IPNCONGD.csv,317,0.99373
m__ipncongd_ipncongd__lag002,ipncongd_ipncongd,m,2,FRED_IPNCONGD_IPNCONGD.csv,317,0.99373
m__ipncongd_ipncongd__lag003,ipncongd_ipncongd,m,3,FRED_IPNCONGD_IPNCONGD.csv,317,0.99373
m__ipncongd_ipncongd__lag004,ipncongd_ipncongd,m,4,FRED_IPNCONGD_IPNCONGD.csv,316,0.990596
m__ipncongd_ipncongd__lag005,ipncongd_ipncongd,m,5,FRED_IPNCONGD_IPNCONGD.csv,316,0.990596
m__ipncongd_ipncongd__lag006,ipncongd_ipncongd,m,6,FRED_IPNCONGD_IPNCONGD.csv,316,0.990596
m__ipncongd_ipncongd__lag007,ipncongd_ipncongd,m,7,FRED_IPNCONGD_IPNCONGD.csv,315,0.987461
m__ipncongd_ipncongd__lag008,ipncongd_ipncongd,m,8,FRED_IPNCONGD_IPNCONGD.csv,315,0.987461
m__ipncongd_ipncongd__lag009,ipncongd_ipncongd,m,9,FRED_IPNCONGD_IPNCONGD.csv,315,0.987461
m__ipncongd_ipncongd__lag010,ipncongd_ipncongd,m,10,FRED_IPNCONGD_IPNCONGD.csv,314,0.984326
m__ipncongd_ipncongd__lag011,ipncongd_ipncongd,m,11,FRED_IPNCONGD_IPNCONGD.csv,314,0.984326
m__ipncongd_ipncongd__lag012,ipncongd_ipncongd,m,12,FRED_IPNCONGD_IPNCONGD.csv,314,0.984326
m__iputil_iputil__lag001,iputil_iputil,m,1,FRED_IPUTIL_IPUTIL.csv,319,1.0
m__iputil_iputil__lag002,iputil_iputil,m,2,FRED_IPUTIL_IPUTIL.csv,319,1.0
m__iputil_iputil__lag003,iputil_iputil,m,3,FRED_IPUTIL_IPUTIL.csv,319,1.0
m__iputil_iputil__lag004,iputil_iputil,m,4,FRED_IPUTIL_IPUTIL.csv,319,1.0
m__iputil_iputil__lag005,iputil_iputil,m,5,FRED_IPUTIL_IPUTIL.csv,319,1.0
m__iputil_iputil__lag006,iputil_iputil,m,6,FRED_IPUTIL_IPUTIL.csv,319,1.0
m__iputil_iputil__lag007,iputil_iputil,m,7,FRED_IPUTIL_IPUTIL.csv,319,1.0
m__iputil_iputil__lag008,iputil_iputil,m,8,FRED_IPUTIL_IPUTIL.csv,319,1.0
m__iputil_iputil__lag009,iputil_iputil,m,9,FRED_IPUTIL_IPUTIL.csv,319,1.0
m__iputil_iputil__lag010,iputil_iputil,m,10,FRED_IPUTIL_IPUTIL.csv,319,1.0
m__iputil_iputil__lag011,iputil_iputil,m,11,FRED_IPUTIL_IPUTIL.csv,319,1.0
m__iputil_iputil__lag012,iputil_iputil,m,12,FRED_IPUTIL_IPUTIL.csv,319,1.0
d__ldgust_tga_fed_alt__lag001,ldgust_tga_fed_alt,d,1,FRED_LDGUST_tga_fed_alt.csv,319,1.0
d__ldgust_tga_fed_alt__lag002,ldgust_tga_fed_alt,d,2,FRED_LDGUST_tga_fed_alt.csv,319,1.0
d__ldgust_tga_fed_alt__lag003,ldgust_tga_fed_alt,d,3,FRED_LDGUST_tga_fed_alt.csv,319,1.0
d__ldgust_tga_fed_alt__lag004,ldgust_tga_fed_alt,d,4,FRED_LDGUST_tga_fed_alt.csv,319,1.0
d__ldgust_tga_fed_alt__lag005,ldgust_tga_fed_alt,d,5,FRED_LDGUST_tga_fed_alt.csv,319,1.0
d__ldgust_tga_fed_alt__lag006,ldgust_tga_fed_alt,d,6,FRED_LDGUST_tga_fed_alt.csv,319,1.0
d__ldgust_tga_fed_alt__lag007,ldgust_tga_fed_alt,d,7,FRED_LDGUST_tga_fed_alt.csv,319,1.0
d__ldgust_tga_fed_alt__lag008,ldgust_tga_fed_alt,d,8,FRED_LDGUST_tga_fed_alt.csv,319,1.0
d__ldgust_tga_fed_alt__lag009,ldgust_tga_fed_alt,d,9,FRED_LDGUST_tga_fed_alt.csv,319,1.0
d__ldgust_tga_fed_alt__lag010,ldgust_tga_fed_alt,d,10,FRED_LDGUST_tga_fed_alt.csv,319,1.0
d__ldgust_tga_fed_alt__lag011,ldgust_tga_fed_alt,d,11,FRED_LDGUST_tga_fed_alt.csv,319,1.0
d__ldgust_tga_fed_alt__lag012,ldgust_tga_fed_alt,d,12,FRED_LDGUST_tga_fed_alt.csv,319,1.0
d__ldgust_tga_fed_alt__lag013,ldgust_tga_fed_alt,d,13,FRED_LDGUST_tga_fed_alt.csv,319,1.0
d__ldgust_tga_fed_alt__lag014,ldgust_tga_fed_alt,d,14,FRED_LDGUST_tga_fed_alt.csv,319,1.0
d__ldgust_tga_fed_alt__lag015,ldgust_tga_fed_alt,d,15,FRED_LDGUST_tga_fed_alt.csv,319,1.0
d__ldgust_tga_fed_alt__lag016,ldgust_tga_fed_alt,d,16,FRED_LDGUST_tga_fed_alt.csv,319,1.0
d__ldgust_tga_fed_alt__lag017,ldgust_tga_fed_alt,d,17,FRED_LDGUST_tga_fed_alt.csv,319,1.0
d__ldgust_tga_fed_alt__lag018,ldgust_tga_fed_alt,d,18,FRED_LDGUST_tga_fed_alt.csv,319,1.0
d__ldgust_tga_fed_alt__lag019,ldgust_tga_fed_alt,d,19,FRED_LDGUST_tga_fed_alt.csv,319,1.0
d__ldgust_tga_fed_alt__lag020,ldgust_tga_fed_alt,d,20,FRED_LDGUST_tga_fed_alt.csv,319,1.0
d__ldgust_tga_fed_alt__lag021,ldgust_tga_fed_alt,d,21,FRED_LDGUST_tga_fed_alt.csv,319,1.0
d__ldgust_tga_fed_alt__lag022,ldgust_tga_fed_alt,d,22,FRED_LDGUST_tga_fed_alt.csv,319,1.0
d__ldgust_tga_fed_alt__lag023,ldgust_tga_fed_alt,d,23,FRED_LDGUST_tga_fed_alt.csv,319,1.0
d__ldgust_tga_fed_alt__lag024,ldgust_tga_fed_alt,d,24,FRED_LDGUST_tga_fed_alt.csv,319,1.0
d__ldgust_tga_fed_alt__lag025,ldgust_tga_fed_alt,d,25,FRED_LDGUST_tga_fed_alt.csv,319,1.0
d__ldgust_tga_fed_alt__lag026,ldgust_tga_fed_alt,d,26,FRED_LDGUST_tga_fed_alt.csv,319,1.0
d__ldgust_tga_fed_alt__lag027,ldgust_tga_fed_alt,d,27,FRED_LDGUST_tga_fed_alt.csv,319,1.0
d__ldgust_tga_fed_alt__lag028,ldgust_tga_fed_alt,d,28,FRED_LDGUST_tga_fed_alt.csv,319,1.0
d__ldgust_tga_fed_alt__lag029,ldgust_tga_fed_alt,d,29,FRED_LDGUST_tga_fed_alt.csv,319,1.0
d__ldgust_tga_fed_alt__lag030,ldgust_tga_fed_alt,d,30,FRED_LDGUST_tga_fed_alt.csv,319,1.0
d__ldgust_tga_fed_alt__lag031,ldgust_tga_fed_alt,d,31,FRED_LDGUST_tga_fed_alt.csv,319,1.0
d__ldgust_tga_fed_alt__lag032,ldgust_tga_fed_alt,d,32,FRED_LDGUST_tga_fed_alt.csv,319,1.0
d__ldgust_tga_fed_alt__lag033,ldgust_tga_fed_alt,d,33,FRED_LDGUST_tga_fed_alt.csv,319,1.0
d__ldgust_tga_fed_alt__lag034,ldgust_tga_fed_alt,d,34,FRED_LDGUST_tga_fed_alt.csv,319,1.0
d__ldgust_tga_fed_alt__lag035,ldgust_tga_fed_alt,d,35,FRED_LDGUST_tga_fed_alt.csv,319,1.0
d__ldgust_tga_fed_alt__lag036,ldgust_tga_fed_alt,d,36,FRED_LDGUST_tga_fed_alt.csv,319,1.0
d__ldgust_tga_fed_alt__lag037,ldgust_tga_fed_alt,d,37,FRED_LDGUST_tga_fed_alt.csv,319,1.0
d__ldgust_tga_fed_alt__lag038,ldgust_tga_fed_alt,d,38,FRED_LDGUST_tga_fed_alt.csv,319,1.0
d__ldgust_tga_fed_alt__lag039,ldgust_tga_fed_alt,d,39,FRED_LDGUST_tga_fed_alt.csv,319,1.0
d__ldgust_tga_fed_alt__lag040,ldgust_tga_fed_alt,d,40,FRED_LDGUST_tga_fed_alt.csv,319,1.0
d__ldgust_tga_fed_alt__lag041,ldgust_tga_fed_alt,d,41,FRED_LDGUST_tga_fed_alt.csv,319,1.0
d__ldgust_tga_fed_alt__lag042,ldgust_tga_fed_alt,d,42,FRED_LDGUST_tga_fed_alt.csv,319,1.0
d__ldgust_tga_fed_alt__lag043,ldgust_tga_fed_alt,d,43,FRED_LDGUST_tga_fed_alt.csv,319,1.0
d__ldgust_tga_fed_alt__lag044,ldgust_tga_fed_alt,d,44,FRED_LDGUST_tga_fed_alt.csv,319,1.0
d__ldgust_tga_fed_alt__lag045,ldgust_tga_fed_alt,d,45,FRED_LDGUST_tga_fed_alt.csv,319,1.0
d__ldgust_tga_fed_alt__lag046,ldgust_tga_fed_alt,d,46,FRED_LDGUST_tga_fed_alt.csv,319,1.0
d__ldgust_tga_fed_alt__lag047,ldgust_tga_fed_alt,d,47,FRED_LDGUST_tga_fed_alt.csv,319,1.0
d__ldgust_tga_fed_alt__lag048,ldgust_tga_fed_alt,d,48,FRED_LDGUST_tga_fed_alt.csv,319,1.0
d__ldgust_tga_fed_alt__lag049,ldgust_tga_fed_alt,d,49,FRED_LDGUST_tga_fed_alt.csv,319,1.0
d__ldgust_tga_fed_alt__lag050,ldgust_tga_fed_alt,d,50,FRED_LDGUST_tga_fed_alt.csv,319,1.0
d__ldgust_tga_fed_alt__lag051,ldgust_tga_fed_alt,d,51,FRED_LDGUST_tga_fed_alt.csv,319,1.0
d__ldgust_tga_fed_alt__lag052,ldgust_tga_fed_alt,d,52,FRED_LDGUST_tga_fed_alt.csv,319,1.0
d__ldgust_tga_fed_alt__lag053,ldgust_tga_fed_alt,d,53,FRED_LDGUST_tga_fed_alt.csv,319,1.0
d__ldgust_tga_fed_alt__lag054,ldgust_tga_fed_alt,d,54,FRED_LDGUST_tga_fed_alt.csv,319,1.0
d__ldgust_tga_fed_alt__lag055,ldgust_tga_fed_alt,d,55,FRED_LDGUST_tga_fed_alt.csv,319,1.0
d__ldgust_tga_fed_alt__lag056,ldgust_tga_fed_alt,d,56,FRED_LDGUST_tga_fed_alt.csv,319,1.0
d__ldgust_tga_fed_alt__lag057,ldgust_tga_fed_alt,d,57,FRED_LDGUST_tga_fed_alt.csv,319,1.0
d__ldgust_tga_fed_alt__lag058,ldgust_tga_fed_alt,d,58,FRED_LDGUST_tga_fed_alt.csv,319,1.0
d__ldgust_tga_fed_alt__lag059,ldgust_tga_fed_alt,d,59,FRED_LDGUST_tga_fed_alt.csv,319,1.0
d__ldgust_tga_fed_alt__lag060,ldgust_tga_fed_alt,d,60,FRED_LDGUST_tga_fed_alt.csv,319,1.0
d__ldgust_tga_fed_alt__lag061,ldgust_tga_fed_alt,d,61,FRED_LDGUST_tga_fed_alt.csv,319,1.0
d__ldgust_tga_fed_alt__lag062,ldgust_tga_fed_alt,d,62,FRED_LDGUST_tga_fed_alt.csv,319,1.0
d__ldgust_tga_fed_alt__lag063,ldgust_tga_fed_alt,d,63,FRED_LDGUST_tga_fed_alt.csv,319,1.0
d__ldgust_tga_fed_alt__lag064,ldgust_tga_fed_alt,d,64,FRED_LDGUST_tga_fed_alt.csv,319,1.0
d__ldgust_tga_fed_alt__lag065,ldgust_tga_fed_alt,d,65,FRED_LDGUST_tga_fed_alt.csv,319,1.0
d__ldgust_tga_fed_alt__lag066,ldgust_tga_fed_alt,d,66,FRED_LDGUST_tga_fed_alt.csv,319,1.0
d__ldgust_tga_fed_alt__lag067,ldgust_tga_fed_alt,d,67,FRED_LDGUST_tga_fed_alt.csv,319,1.0
d__ldgust_tga_fed_alt__lag068,ldgust_tga_fed_alt,d,68,FRED_LDGUST_tga_fed_alt.csv,319,1.0
d__ldgust_tga_fed_alt__lag069,ldgust_tga_fed_alt,d,69,FRED_LDGUST_tga_fed_alt.csv,319,1.0
d__ldgust_tga_fed_alt__lag070,ldgust_tga_fed_alt,d,70,FRED_LDGUST_tga_fed_alt.csv,319,1.0
d__ldgust_tga_fed_alt__lag071,ldgust_tga_fed_alt,d,71,FRED_LDGUST_tga_fed_alt.csv,319,1.0
d__ldgust_tga_fed_alt__lag072,ldgust_tga_fed_alt,d,72,FRED_LDGUST_tga_fed_alt.csv,319,1.0
d__ldgust_tga_fed_alt__lag073,ldgust_tga_fed_alt,d,73,FRED_LDGUST_tga_fed_alt.csv,319,1.0
d__ldgust_tga_fed_alt__lag074,ldgust_tga_fed_alt,d,74,FRED_LDGUST_tga_fed_alt.csv,319,1.0
d__ldgust_tga_fed_alt__lag075,ldgust_tga_fed_alt,d,75,FRED_LDGUST_tga_fed_alt.csv,319,1.0
d__ldgust_tga_fed_alt__lag076,ldgust_tga_fed_alt,d,76,FRED_LDGUST_tga_fed_alt.csv,319,1.0
d__ldgust_tga_fed_alt__lag077,ldgust_tga_fed_alt,d,77,FRED_LDGUST_tga_fed_alt.csv,319,1.0
d__ldgust_tga_fed_alt__lag078,ldgust_tga_fed_alt,d,78,FRED_LDGUST_tga_fed_alt.csv,319,1.0
d__ldgust_tga_fed_alt__lag079,ldgust_tga_fed_alt,d,79,FRED_LDGUST_tga_fed_alt.csv,319,1.0
d__ldgust_tga_fed_alt__lag080,ldgust_tga_fed_alt,d,80,FRED_LDGUST_tga_fed_alt.csv,319,1.0
d__ldgust_tga_fed_alt__lag081,ldgust_tga_fed_alt,d,81,FRED_LDGUST_tga_fed_alt.csv,319,1.0
d__ldgust_tga_fed_alt__lag082,ldgust_tga_fed_alt,d,82,FRED_LDGUST_tga_fed_alt.csv,319,1.0
d__ldgust_tga_fed_alt__lag083,ldgust_tga_fed_alt,d,83,FRED_LDGUST_tga_fed_alt.csv,319,1.0
d__ldgust_tga_fed_alt__lag084,ldgust_tga_fed_alt,d,84,FRED_LDGUST_tga_fed_alt.csv,319,1.0
d__ldgust_tga_fed_alt__lag085,ldgust_tga_fed_alt,d,85,FRED_LDGUST_tga_fed_alt.csv,319,1.0
d__ldgust_tga_fed_alt__lag086,ldgust_tga_fed_alt,d,86,FRED_LDGUST_tga_fed_alt.csv,319,1.0
d__ldgust_tga_fed_alt__lag087,ldgust_tga_fed_alt,d,87,FRED_LDGUST_tga_fed_alt.csv,319,1.0
d__ldgust_tga_fed_alt__lag088,ldgust_tga_fed_alt,d,88,FRED_LDGUST_tga_fed_alt.csv,319,1.0
d__ldgust_tga_fed_alt__lag089,ldgust_tga_fed_alt,d,89,FRED_LDGUST_tga_fed_alt.csv,319,1.0
d__ldgust_tga_fed_alt__lag090,ldgust_tga_fed_alt,d,90,FRED_LDGUST_tga_fed_alt.csv,319,1.0
m__ltdacbm027nbog_ltd__lag001,ltdacbm027nbog_ltd,m,1,FRED_LTDACBM027NBOG_LTD.csv,213,0.667712
m__ltdacbm027nbog_ltd__lag002,ltdacbm027nbog_ltd,m,2,FRED_LTDACBM027NBOG_LTD.csv,213,0.667712
m__ltdacbm027nbog_ltd__lag003,ltdacbm027nbog_ltd,m,3,FRED_LTDACBM027NBOG_LTD.csv,213,0.667712
m__ltdacbm027nbog_ltd__lag004,ltdacbm027nbog_ltd,m,4,FRED_LTDACBM027NBOG_LTD.csv,212,0.664577
m__ltdacbm027nbog_ltd__lag005,ltdacbm027nbog_ltd,m,5,FRED_LTDACBM027NBOG_LTD.csv,212,0.664577
m__ltdacbm027nbog_ltd__lag006,ltdacbm027nbog_ltd,m,6,FRED_LTDACBM027NBOG_LTD.csv,212,0.664577
m__ltdacbm027nbog_ltd__lag007,ltdacbm027nbog_ltd,m,7,FRED_LTDACBM027NBOG_LTD.csv,211,0.661442
m__ltdacbm027nbog_ltd__lag008,ltdacbm027nbog_ltd,m,8,FRED_LTDACBM027NBOG_LTD.csv,211,0.661442
m__ltdacbm027nbog_ltd__lag009,ltdacbm027nbog_ltd,m,9,FRED_LTDACBM027NBOG_LTD.csv,211,0.661442
m__ltdacbm027nbog_ltd__lag010,ltdacbm027nbog_ltd,m,10,FRED_LTDACBM027NBOG_LTD.csv,210,0.658307
m__ltdacbm027nbog_ltd__lag011,ltdacbm027nbog_ltd,m,11,FRED_LTDACBM027NBOG_LTD.csv,210,0.658307
m__ltdacbm027nbog_ltd__lag012,ltdacbm027nbog_ltd,m,12,FRED_LTDACBM027NBOG_LTD.csv,210,0.658307
m__m2sl_m2__lag001,m2sl_m2,m,1,FRED_M2SL_M2.csv,269,0.84326
m__m2sl_m2__lag002,m2sl_m2,m,2,FRED_M2SL_M2.csv,269,0.84326
m__m2sl_m2__lag003,m2sl_m2,m,3,FRED_M2SL_M2.csv,269,0.84326
m__m2sl_m2__lag004,m2sl_m2,m,4,FRED_M2SL_M2.csv,268,0.840125
m__m2sl_m2__lag005,m2sl_m2,m,5,FRED_M2SL_M2.csv,268,0.840125
m__m2sl_m2__lag006,m2sl_m2,m,6,FRED_M2SL_M2.csv,268,0.840125
m__m2sl_m2__lag007,m2sl_m2,m,7,FRED_M2SL_M2.csv,267,0.836991
m__m2sl_m2__lag008,m2sl_m2,m,8,FRED_M2SL_M2.csv,267,0.836991
m__m2sl_m2__lag009,m2sl_m2,m,9,FRED_M2SL_M2.csv,267,0.836991
m__m2sl_m2__lag010,m2sl_m2,m,10,FRED_M2SL_M2.csv,266,0.833856
m__m2sl_m2__lag011,m2sl_m2,m,11,FRED_M2SL_M2.csv,266,0.833856
m__m2sl_m2__lag012,m2sl_m2,m,12,FRED_M2SL_M2.csv,266,0.833856
m__manemp_manemp__lag001,manemp_manemp,m,1,FRED_MANEMP_MANEMP.csv,319,1.0
m__manemp_manemp__lag002,manemp_manemp,m,2,FRED_MANEMP_MANEMP.csv,319,1.0
m__manemp_manemp__lag003,manemp_manemp,m,3,FRED_MANEMP_MANEMP.csv,319,1.0
m__manemp_manemp__lag004,manemp_manemp,m,4,FRED_MANEMP_MANEMP.csv,319,1.0
m__manemp_manemp__lag005,manemp_manemp,m,5,FRED_MANEMP_MANEMP.csv,319,1.0
m__manemp_manemp__lag006,manemp_manemp,m,6,FRED_MANEMP_MANEMP.csv,319,1.0
m__manemp_manemp__lag007,manemp_manemp,m,7,FRED_MANEMP_MANEMP.csv,319,1.0
m__manemp_manemp__lag008,manemp_manemp,m,8,FRED_MANEMP_MANEMP.csv,319,1.0
m__manemp_manemp__lag009,manemp_manemp,m,9,FRED_MANEMP_MANEMP.csv,319,1.0
m__manemp_manemp__lag010,manemp_manemp,m,10,FRED_MANEMP_MANEMP.csv,319,1.0
m__manemp_manemp__lag011,manemp_manemp,m,11,FRED_MANEMP_MANEMP.csv,319,1.0
m__manemp_manemp__lag012,manemp_manemp,m,12,FRED_MANEMP_MANEMP.csv,319,1.0
m__mcumfn_caputil_man__lag001,mcumfn_caputil_man,m,1,FRED_MCUMFN_caputil_man.csv,217,0.680251
m__mcumfn_caputil_man__lag002,mcumfn_caputil_man,m,2,FRED_MCUMFN_caputil_man.csv,217,0.680251
m__mcumfn_caputil_man__lag003,mcumfn_caputil_man,m,3,FRED_MCUMFN_caputil_man.csv,217,0.680251
m__mcumfn_caputil_man__lag004,mcumfn_caputil_man,m,4,FRED_MCUMFN_caputil_man.csv,216,0.677116
m__mcumfn_caputil_man__lag005,mcumfn_caputil_man,m,5,FRED_MCUMFN_caputil_man.csv,216,0.677116
m__mcumfn_caputil_man__lag006,mcumfn_caputil_man,m,6,FRED_MCUMFN_caputil_man.csv,216,0.677116
m__mcumfn_caputil_man__lag007,mcumfn_caputil_man,m,7,FRED_MCUMFN_caputil_man.csv,215,0.673981
m__mcumfn_caputil_man__lag008,mcumfn_caputil_man,m,8,FRED_MCUMFN_caputil_man.csv,215,0.673981
m__mcumfn_caputil_man__lag009,mcumfn_caputil_man,m,9,FRED_MCUMFN_caputil_man.csv,215,0.673981
m__mcumfn_caputil_man__lag010,mcumfn_caputil_man,m,10,FRED_MCUMFN_caputil_man.csv,214,0.670846
m__mcumfn_caputil_man__lag011,mcumfn_caputil_man,m,11,FRED_MCUMFN_caputil_man.csv,214,0.670846
m__mcumfn_caputil_man__lag012,mcumfn_caputil_man,m,12,FRED_MCUMFN_caputil_man.csv,214,0.670846
m__mich_mich__lag001,mich_mich,m,1,FRED_MICH_MICH.csv,193,0.605016
m__mich_mich__lag002,mich_mich,m,2,FRED_MICH_MICH.csv,193,0.605016
m__mich_mich__lag003,mich_mich,m,3,FRED_MICH_MICH.csv,193,0.605016
m__mich_mich__lag004,mich_mich,m,4,FRED_MICH_MICH.csv,192,0.601881
m__mich_mich__lag005,mich_mich,m,5,FRED_MICH_MICH.csv,192,0.601881
m__mich_mich__lag006,mich_mich,m,6,FRED_MICH_MICH.csv,192,0.601881
m__mich_mich__lag007,mich_mich,m,7,FRED_MICH_MICH.csv,191,0.598746
m__mich_mich__lag008,mich_mich,m,8,FRED_MICH_MICH.csv,191,0.598746
m__mich_mich__lag009,mich_mich,m,9,FRED_MICH_MICH.csv,191,0.598746
m__mich_mich__lag010,mich_mich,m,10,FRED_MICH_MICH.csv,190,0.595611
m__mich_mich__lag011,mich_mich,m,11,FRED_MICH_MICH.csv,190,0.595611
m__mich_mich__lag012,mich_mich,m,12,FRED_MICH_MICH.csv,190,0.595611
q__mmmffaq027s_mmf_tfa__lag001,mmmffaq027s_mmf_tfa,q,1,FRED_MMMFFAQ027S_mmf_tfa.csv,319,1.0
q__mmmffaq027s_mmf_tfa__lag002,mmmffaq027s_mmf_tfa,q,2,FRED_MMMFFAQ027S_mmf_tfa.csv,319,1.0
q__mmmffaq027s_mmf_tfa__lag003,mmmffaq027s_mmf_tfa,q,3,FRED_MMMFFAQ027S_mmf_tfa.csv,319,1.0
q__mmmffaq027s_mmf_tfa__lag004,mmmffaq027s_mmf_tfa,q,4,FRED_MMMFFAQ027S_mmf_tfa.csv,318,0.996865
q__mmmffaq027s_mmf_tfa__lag005,mmmffaq027s_mmf_tfa,q,5,FRED_MMMFFAQ027S_mmf_tfa.csv,317,0.99373
q__mmmffaq027s_mmf_tfa__lag006,mmmffaq027s_mmf_tfa,q,6,FRED_MMMFFAQ027S_mmf_tfa.csv,316,0.990596
q__mmmffaq027s_mmf_tfa__lag007,mmmffaq027s_mmf_tfa,q,7,FRED_MMMFFAQ027S_mmf_tfa.csv,315,0.987461
q__mmmffaq027s_mmf_tfa__lag008,mmmffaq027s_mmf_tfa,q,8,FRED_MMMFFAQ027S_mmf_tfa.csv,314,0.984326
d__mortgage30us_mortgage30us__lag001,mortgage30us_mortgage30us,d,1,FRED_MORTGAGE30US_MORTGAGE30US.csv,220,0.689655
d__mortgage30us_mortgage30us__lag002,mortgage30us_mortgage30us,d,2,FRED_MORTGAGE30US_MORTGAGE30US.csv,220,0.689655
d__mortgage30us_mortgage30us__lag003,mortgage30us_mortgage30us,d,3,FRED_MORTGAGE30US_MORTGAGE30US.csv,220,0.689655
d__mortgage30us_mortgage30us__lag004,mortgage30us_mortgage30us,d,4,FRED_MORTGAGE30US_MORTGAGE30US.csv,220,0.689655
d__mortgage30us_mortgage30us__lag005,mortgage30us_mortgage30us,d,5,FRED_MORTGAGE30US_MORTGAGE30US.csv,220,0.689655
d__mortgage30us_mortgage30us__lag006,mortgage30us_mortgage30us,d,6,FRED_MORTGAGE30US_MORTGAGE30US.csv,220,0.689655
d__mortgage30us_mortgage30us__lag007,mortgage30us_mortgage30us,d,7,FRED_MORTGAGE30US_MORTGAGE30US.csv,220,0.689655
d__mortgage30us_mortgage30us__lag008,mortgage30us_mortgage30us,d,8,FRED_MORTGAGE30US_MORTGAGE30US.csv,220,0.689655
d__mortgage30us_mortgage30us__lag009,mortgage30us_mortgage30us,d,9,FRED_MORTGAGE30US_MORTGAGE30US.csv,220,0.689655
d__mortgage30us_mortgage30us__lag010,mortgage30us_mortgage30us,d,10,FRED_MORTGAGE30US_MORTGAGE30US.csv,220,0.689655
d__mortgage30us_mortgage30us__lag011,mortgage30us_mortgage30us,d,11,FRED_MORTGAGE30US_MORTGAGE30US.csv,220,0.689655
d__mortgage30us_mortgage30us__lag012,mortgage30us_mortgage30us,d,12,FRED_MORTGAGE30US_MORTGAGE30US.csv,220,0.689655
d__mortgage30us_mortgage30us__lag013,mortgage30us_mortgage30us,d,13,FRED_MORTGAGE30US_MORTGAGE30US.csv,220,0.689655
d__mortgage30us_mortgage30us__lag014,mortgage30us_mortgage30us,d,14,FRED_MORTGAGE30US_MORTGAGE30US.csv,220,0.689655
d__mortgage30us_mortgage30us__lag015,mortgage30us_mortgage30us,d,15,FRED_MORTGAGE30US_MORTGAGE30US.csv,220,0.689655
d__mortgage30us_mortgage30us__lag016,mortgage30us_mortgage30us,d,16,FRED_MORTGAGE30US_MORTGAGE30US.csv,220,0.689655
d__mortgage30us_mortgage30us__lag017,mortgage30us_mortgage30us,d,17,FRED_MORTGAGE30US_MORTGAGE30US.csv,220,0.689655
d__mortgage30us_mortgage30us__lag018,mortgage30us_mortgage30us,d,18,FRED_MORTGAGE30US_MORTGAGE30US.csv,220,0.689655
d__mortgage30us_mortgage30us__lag019,mortgage30us_mortgage30us,d,19,FRED_MORTGAGE30US_MORTGAGE30US.csv,220,0.689655
d__mortgage30us_mortgage30us__lag020,mortgage30us_mortgage30us,d,20,FRED_MORTGAGE30US_MORTGAGE30US.csv,220,0.689655
d__mortgage30us_mortgage30us__lag021,mortgage30us_mortgage30us,d,21,FRED_MORTGAGE30US_MORTGAGE30US.csv,220,0.689655
d__mortgage30us_mortgage30us__lag022,mortgage30us_mortgage30us,d,22,FRED_MORTGAGE30US_MORTGAGE30US.csv,220,0.689655
d__mortgage30us_mortgage30us__lag023,mortgage30us_mortgage30us,d,23,FRED_MORTGAGE30US_MORTGAGE30US.csv,220,0.689655
d__mortgage30us_mortgage30us__lag024,mortgage30us_mortgage30us,d,24,FRED_MORTGAGE30US_MORTGAGE30US.csv,220,0.689655
d__mortgage30us_mortgage30us__lag025,mortgage30us_mortgage30us,d,25,FRED_MORTGAGE30US_MORTGAGE30US.csv,220,0.689655
d__mortgage30us_mortgage30us__lag026,mortgage30us_mortgage30us,d,26,FRED_MORTGAGE30US_MORTGAGE30US.csv,220,0.689655
d__mortgage30us_mortgage30us__lag027,mortgage30us_mortgage30us,d,27,FRED_MORTGAGE30US_MORTGAGE30US.csv,220,0.689655
d__mortgage30us_mortgage30us__lag028,mortgage30us_mortgage30us,d,28,FRED_MORTGAGE30US_MORTGAGE30US.csv,220,0.689655
d__mortgage30us_mortgage30us__lag029,mortgage30us_mortgage30us,d,29,FRED_MORTGAGE30US_MORTGAGE30US.csv,220,0.689655
d__mortgage30us_mortgage30us__lag030,mortgage30us_mortgage30us,d,30,FRED_MORTGAGE30US_MORTGAGE30US.csv,220,0.689655
d__mortgage30us_mortgage30us__lag031,mortgage30us_mortgage30us,d,31,FRED_MORTGAGE30US_MORTGAGE30US.csv,220,0.689655
d__mortgage30us_mortgage30us__lag032,mortgage30us_mortgage30us,d,32,FRED_MORTGAGE30US_MORTGAGE30US.csv,220,0.689655
d__mortgage30us_mortgage30us__lag033,mortgage30us_mortgage30us,d,33,FRED_MORTGAGE30US_MORTGAGE30US.csv,220,0.689655
d__mortgage30us_mortgage30us__lag034,mortgage30us_mortgage30us,d,34,FRED_MORTGAGE30US_MORTGAGE30US.csv,220,0.689655
d__mortgage30us_mortgage30us__lag035,mortgage30us_mortgage30us,d,35,FRED_MORTGAGE30US_MORTGAGE30US.csv,220,0.689655
d__mortgage30us_mortgage30us__lag036,mortgage30us_mortgage30us,d,36,FRED_MORTGAGE30US_MORTGAGE30US.csv,220,0.689655
d__mortgage30us_mortgage30us__lag037,mortgage30us_mortgage30us,d,37,FRED_MORTGAGE30US_MORTGAGE30US.csv,220,0.689655
d__mortgage30us_mortgage30us__lag038,mortgage30us_mortgage30us,d,38,FRED_MORTGAGE30US_MORTGAGE30US.csv,220,0.689655
d__mortgage30us_mortgage30us__lag039,mortgage30us_mortgage30us,d,39,FRED_MORTGAGE30US_MORTGAGE30US.csv,220,0.689655
d__mortgage30us_mortgage30us__lag040,mortgage30us_mortgage30us,d,40,FRED_MORTGAGE30US_MORTGAGE30US.csv,220,0.689655
d__mortgage30us_mortgage30us__lag041,mortgage30us_mortgage30us,d,41,FRED_MORTGAGE30US_MORTGAGE30US.csv,220,0.689655
d__mortgage30us_mortgage30us__lag042,mortgage30us_mortgage30us,d,42,FRED_MORTGAGE30US_MORTGAGE30US.csv,220,0.689655
d__mortgage30us_mortgage30us__lag043,mortgage30us_mortgage30us,d,43,FRED_MORTGAGE30US_MORTGAGE30US.csv,220,0.689655
d__mortgage30us_mortgage30us__lag044,mortgage30us_mortgage30us,d,44,FRED_MORTGAGE30US_MORTGAGE30US.csv,220,0.689655
d__mortgage30us_mortgage30us__lag045,mortgage30us_mortgage30us,d,45,FRED_MORTGAGE30US_MORTGAGE30US.csv,220,0.689655
d__mortgage30us_mortgage30us__lag046,mortgage30us_mortgage30us,d,46,FRED_MORTGAGE30US_MORTGAGE30US.csv,220,0.689655
d__mortgage30us_mortgage30us__lag047,mortgage30us_mortgage30us,d,47,FRED_MORTGAGE30US_MORTGAGE30US.csv,220,0.689655
d__mortgage30us_mortgage30us__lag048,mortgage30us_mortgage30us,d,48,FRED_MORTGAGE30US_MORTGAGE30US.csv,220,0.689655
d__mortgage30us_mortgage30us__lag049,mortgage30us_mortgage30us,d,49,FRED_MORTGAGE30US_MORTGAGE30US.csv,220,0.689655
d__mortgage30us_mortgage30us__lag050,mortgage30us_mortgage30us,d,50,FRED_MORTGAGE30US_MORTGAGE30US.csv,220,0.689655
d__mortgage30us_mortgage30us__lag051,mortgage30us_mortgage30us,d,51,FRED_MORTGAGE30US_MORTGAGE30US.csv,220,0.689655
d__mortgage30us_mortgage30us__lag052,mortgage30us_mortgage30us,d,52,FRED_MORTGAGE30US_MORTGAGE30US.csv,220,0.689655
d__mortgage30us_mortgage30us__lag053,mortgage30us_mortgage30us,d,53,FRED_MORTGAGE30US_MORTGAGE30US.csv,220,0.689655
d__mortgage30us_mortgage30us__lag054,mortgage30us_mortgage30us,d,54,FRED_MORTGAGE30US_MORTGAGE30US.csv,220,0.689655
d__mortgage30us_mortgage30us__lag055,mortgage30us_mortgage30us,d,55,FRED_MORTGAGE30US_MORTGAGE30US.csv,220,0.689655
d__mortgage30us_mortgage30us__lag056,mortgage30us_mortgage30us,d,56,FRED_MORTGAGE30US_MORTGAGE30US.csv,220,0.689655
d__mortgage30us_mortgage30us__lag057,mortgage30us_mortgage30us,d,57,FRED_MORTGAGE30US_MORTGAGE30US.csv,220,0.689655
d__mortgage30us_mortgage30us__lag058,mortgage30us_mortgage30us,d,58,FRED_MORTGAGE30US_MORTGAGE30US.csv,220,0.689655
d__mortgage30us_mortgage30us__lag059,mortgage30us_mortgage30us,d,59,FRED_MORTGAGE30US_MORTGAGE30US.csv,220,0.689655
d__mortgage30us_mortgage30us__lag060,mortgage30us_mortgage30us,d,60,FRED_MORTGAGE30US_MORTGAGE30US.csv,220,0.689655
d__mortgage30us_mortgage30us__lag061,mortgage30us_mortgage30us,d,61,FRED_MORTGAGE30US_MORTGAGE30US.csv,220,0.689655
d__mortgage30us_mortgage30us__lag062,mortgage30us_mortgage30us,d,62,FRED_MORTGAGE30US_MORTGAGE30US.csv,220,0.689655
d__mortgage30us_mortgage30us__lag063,mortgage30us_mortgage30us,d,63,FRED_MORTGAGE30US_MORTGAGE30US.csv,220,0.689655
d__mortgage30us_mortgage30us__lag064,mortgage30us_mortgage30us,d,64,FRED_MORTGAGE30US_MORTGAGE30US.csv,220,0.689655
d__mortgage30us_mortgage30us__lag065,mortgage30us_mortgage30us,d,65,FRED_MORTGAGE30US_MORTGAGE30US.csv,220,0.689655
d__mortgage30us_mortgage30us__lag066,mortgage30us_mortgage30us,d,66,FRED_MORTGAGE30US_MORTGAGE30US.csv,220,0.689655
d__mortgage30us_mortgage30us__lag067,mortgage30us_mortgage30us,d,67,FRED_MORTGAGE30US_MORTGAGE30US.csv,220,0.689655
d__mortgage30us_mortgage30us__lag068,mortgage30us_mortgage30us,d,68,FRED_MORTGAGE30US_MORTGAGE30US.csv,220,0.689655
d__mortgage30us_mortgage30us__lag069,mortgage30us_mortgage30us,d,69,FRED_MORTGAGE30US_MORTGAGE30US.csv,220,0.689655
d__mortgage30us_mortgage30us__lag070,mortgage30us_mortgage30us,d,70,FRED_MORTGAGE30US_MORTGAGE30US.csv,220,0.689655
d__mortgage30us_mortgage30us__lag071,mortgage30us_mortgage30us,d,71,FRED_MORTGAGE30US_MORTGAGE30US.csv,220,0.689655
d__mortgage30us_mortgage30us__lag072,mortgage30us_mortgage30us,d,72,FRED_MORTGAGE30US_MORTGAGE30US.csv,220,0.689655
d__mortgage30us_mortgage30us__lag073,mortgage30us_mortgage30us,d,73,FRED_MORTGAGE30US_MORTGAGE30US.csv,220,0.689655
d__mortgage30us_mortgage30us__lag074,mortgage30us_mortgage30us,d,74,FRED_MORTGAGE30US_MORTGAGE30US.csv,220,0.689655
d__mortgage30us_mortgage30us__lag075,mortgage30us_mortgage30us,d,75,FRED_MORTGAGE30US_MORTGAGE30US.csv,220,0.689655
d__mortgage30us_mortgage30us__lag076,mortgage30us_mortgage30us,d,76,FRED_MORTGAGE30US_MORTGAGE30US.csv,220,0.689655
d__mortgage30us_mortgage30us__lag077,mortgage30us_mortgage30us,d,77,FRED_MORTGAGE30US_MORTGAGE30US.csv,220,0.689655
d__mortgage30us_mortgage30us__lag078,mortgage30us_mortgage30us,d,78,FRED_MORTGAGE30US_MORTGAGE30US.csv,220,0.689655
d__mortgage30us_mortgage30us__lag079,mortgage30us_mortgage30us,d,79,FRED_MORTGAGE30US_MORTGAGE30US.csv,220,0.689655
d__mortgage30us_mortgage30us__lag080,mortgage30us_mortgage30us,d,80,FRED_MORTGAGE30US_MORTGAGE30US.csv,220,0.689655
d__mortgage30us_mortgage30us__lag081,mortgage30us_mortgage30us,d,81,FRED_MORTGAGE30US_MORTGAGE30US.csv,220,0.689655
d__mortgage30us_mortgage30us__lag082,mortgage30us_mortgage30us,d,82,FRED_MORTGAGE30US_MORTGAGE30US.csv,220,0.689655
d__mortgage30us_mortgage30us__lag083,mortgage30us_mortgage30us,d,83,FRED_MORTGAGE30US_MORTGAGE30US.csv,220,0.689655
d__mortgage30us_mortgage30us__lag084,mortgage30us_mortgage30us,d,84,FRED_MORTGAGE30US_MORTGAGE30US.csv,220,0.689655
d__mortgage30us_mortgage30us__lag085,mortgage30us_mortgage30us,d,85,FRED_MORTGAGE30US_MORTGAGE30US.csv,220,0.689655
d__mortgage30us_mortgage30us__lag086,mortgage30us_mortgage30us,d,86,FRED_MORTGAGE30US_MORTGAGE30US.csv,220,0.689655
d__mortgage30us_mortgage30us__lag087,mortgage30us_mortgage30us,d,87,FRED_MORTGAGE30US_MORTGAGE30US.csv,220,0.689655
d__mortgage30us_mortgage30us__lag088,mortgage30us_mortgage30us,d,88,FRED_MORTGAGE30US_MORTGAGE30US.csv,220,0.689655
d__mortgage30us_mortgage30us__lag089,mortgage30us_mortgage30us,d,89,FRED_MORTGAGE30US_MORTGAGE30US.csv,220,0.689655
d__mortgage30us_mortgage30us__lag090,mortgage30us_mortgage30us,d,90,FRED_MORTGAGE30US_MORTGAGE30US.csv,220,0.689655
m__mtsds133fms_fed_surplus_deficit__lag001,mtsds133fms_fed_surplus_deficit,m,1,FRED_MTSDS133FMS_Fed_Surplus_Deficit.csv,182,0.570533
m__mtsds133fms_fed_surplus_deficit__lag002,mtsds133fms_fed_surplus_deficit,m,2,FRED_MTSDS133FMS_Fed_Surplus_Deficit.csv,182,0.570533
m__mtsds133fms_fed_surplus_deficit__lag003,mtsds133fms_fed_surplus_deficit,m,3,FRED_MTSDS133FMS_Fed_Surplus_Deficit.csv,182,0.570533
m__mtsds133fms_fed_surplus_deficit__lag004,mtsds133fms_fed_surplus_deficit,m,4,FRED_MTSDS133FMS_Fed_Surplus_Deficit.csv,181,0.567398
m__mtsds133fms_fed_surplus_deficit__lag005,mtsds133fms_fed_surplus_deficit,m,5,FRED_MTSDS133FMS_Fed_Surplus_Deficit.csv,181,0.567398
m__mtsds133fms_fed_surplus_deficit__lag006,mtsds133fms_fed_surplus_deficit,m,6,FRED_MTSDS133FMS_Fed_Surplus_Deficit.csv,181,0.567398
m__mtsds133fms_fed_surplus_deficit__lag007,mtsds133fms_fed_surplus_deficit,m,7,FRED_MTSDS133FMS_Fed_Surplus_Deficit.csv,180,0.564263
m__mtsds133fms_fed_surplus_deficit__lag008,mtsds133fms_fed_surplus_deficit,m,8,FRED_MTSDS133FMS_Fed_Surplus_Deficit.csv,180,0.564263
m__mtsds133fms_fed_surplus_deficit__lag009,mtsds133fms_fed_surplus_deficit,m,9,FRED_MTSDS133FMS_Fed_Surplus_Deficit.csv,180,0.564263
m__mtsds133fms_fed_surplus_deficit__lag010,mtsds133fms_fed_surplus_deficit,m,10,FRED_MTSDS133FMS_Fed_Surplus_Deficit.csv,179,0.561129
m__mtsds133fms_fed_surplus_deficit__lag011,mtsds133fms_fed_surplus_deficit,m,11,FRED_MTSDS133FMS_Fed_Surplus_Deficit.csv,179,0.561129
m__mtsds133fms_fed_surplus_deficit__lag012,mtsds133fms_fed_surplus_deficit,m,12,FRED_MTSDS133FMS_Fed_Surplus_Deficit.csv,179,0.561129
m__mtso133fms_fedgov_out__lag001,mtso133fms_fedgov_out,m,1,FRED_MTSO133FMS_fedgov_out.csv,182,0.570533
m__mtso133fms_fedgov_out__lag002,mtso133fms_fedgov_out,m,2,FRED_MTSO133FMS_fedgov_out.csv,182,0.570533
m__mtso133fms_fedgov_out__lag003,mtso133fms_fedgov_out,m,3,FRED_MTSO133FMS_fedgov_out.csv,182,0.570533
m__mtso133fms_fedgov_out__lag004,mtso133fms_fedgov_out,m,4,FRED_MTSO133FMS_fedgov_out.csv,181,0.567398
m__mtso133fms_fedgov_out__lag005,mtso133fms_fedgov_out,m,5,FRED_MTSO133FMS_fedgov_out.csv,181,0.567398
m__mtso133fms_fedgov_out__lag006,mtso133fms_fedgov_out,m,6,FRED_MTSO133FMS_fedgov_out.csv,181,0.567398
m__mtso133fms_fedgov_out__lag007,mtso133fms_fedgov_out,m,7,FRED_MTSO133FMS_fedgov_out.csv,180,0.564263
m__mtso133fms_fedgov_out__lag008,mtso133fms_fedgov_out,m,8,FRED_MTSO133FMS_fedgov_out.csv,180,0.564263
m__mtso133fms_fedgov_out__lag009,mtso133fms_fedgov_out,m,9,FRED_MTSO133FMS_fedgov_out.csv,180,0.564263
m__mtso133fms_fedgov_out__lag010,mtso133fms_fedgov_out,m,10,FRED_MTSO133FMS_fedgov_out.csv,179,0.561129
m__mtso133fms_fedgov_out__lag011,mtso133fms_fedgov_out,m,11,FRED_MTSO133FMS_fedgov_out.csv,179,0.561129
m__mtso133fms_fedgov_out__lag012,mtso133fms_fedgov_out,m,12,FRED_MTSO133FMS_fedgov_out.csv,179,0.561129
m__mtsr133fms_fedgov_rcpt__lag001,mtsr133fms_fedgov_rcpt,m,1,FRED_MTSR133FMS_fedgov_rcpt.csv,182,0.570533
m__mtsr133fms_fedgov_rcpt__lag002,mtsr133fms_fedgov_rcpt,m,2,FRED_MTSR133FMS_fedgov_rcpt.csv,182,0.570533
m__mtsr133fms_fedgov_rcpt__lag003,mtsr133fms_fedgov_rcpt,m,3,FRED_MTSR133FMS_fedgov_rcpt.csv,182,0.570533
m__mtsr133fms_fedgov_rcpt__lag004,mtsr133fms_fedgov_rcpt,m,4,FRED_MTSR133FMS_fedgov_rcpt.csv,181,0.567398
m__mtsr133fms_fedgov_rcpt__lag005,mtsr133fms_fedgov_rcpt,m,5,FRED_MTSR133FMS_fedgov_rcpt.csv,181,0.567398
m__mtsr133fms_fedgov_rcpt__lag006,mtsr133fms_fedgov_rcpt,m,6,FRED_MTSR133FMS_fedgov_rcpt.csv,181,0.567398
m__mtsr133fms_fedgov_rcpt__lag007,mtsr133fms_fedgov_rcpt,m,7,FRED_MTSR133FMS_fedgov_rcpt.csv,180,0.564263
m__mtsr133fms_fedgov_rcpt__lag008,mtsr133fms_fedgov_rcpt,m,8,FRED_MTSR133FMS_fedgov_rcpt.csv,180,0.564263
m__mtsr133fms_fedgov_rcpt__lag009,mtsr133fms_fedgov_rcpt,m,9,FRED_MTSR133FMS_fedgov_rcpt.csv,180,0.564263
m__mtsr133fms_fedgov_rcpt__lag010,mtsr133fms_fedgov_rcpt,m,10,FRED_MTSR133FMS_fedgov_rcpt.csv,179,0.561129
m__mtsr133fms_fedgov_rcpt__lag011,mtsr133fms_fedgov_rcpt,m,11,FRED_MTSR133FMS_fedgov_rcpt.csv,179,0.561129
m__mtsr133fms_fedgov_rcpt__lag012,mtsr133fms_fedgov_rcpt,m,12,FRED_MTSR133FMS_fedgov_rcpt.csv,179,0.561129
m__mvmtd027mnfrbdal_mv_mkt_debt__lag001,mvmtd027mnfrbdal_mv_mkt_debt,m,1,FRED_MVMTD027MNFRBDAL_mv_mkt_debt.csv,319,1.0
m__mvmtd027mnfrbdal_mv_mkt_debt__lag002,mvmtd027mnfrbdal_mv_mkt_debt,m,2,FRED_MVMTD027MNFRBDAL_mv_mkt_debt.csv,319,1.0
m__mvmtd027mnfrbdal_mv_mkt_debt__lag003,mvmtd027mnfrbdal_mv_mkt_debt,m,3,FRED_MVMTD027MNFRBDAL_mv_mkt_debt.csv,319,1.0
m__mvmtd027mnfrbdal_mv_mkt_debt__lag004,mvmtd027mnfrbdal_mv_mkt_debt,m,4,FRED_MVMTD027MNFRBDAL_mv_mkt_debt.csv,319,1.0
m__mvmtd027mnfrbdal_mv_mkt_debt__lag005,mvmtd027mnfrbdal_mv_mkt_debt,m,5,FRED_MVMTD027MNFRBDAL_mv_mkt_debt.csv,319,1.0
m__mvmtd027mnfrbdal_mv_mkt_debt__lag006,mvmtd027mnfrbdal_mv_mkt_debt,m,6,FRED_MVMTD027MNFRBDAL_mv_mkt_debt.csv,319,1.0
m__mvmtd027mnfrbdal_mv_mkt_debt__lag007,mvmtd027mnfrbdal_mv_mkt_debt,m,7,FRED_MVMTD027MNFRBDAL_mv_mkt_debt.csv,319,1.0
m__mvmtd027mnfrbdal_mv_mkt_debt__lag008,mvmtd027mnfrbdal_mv_mkt_debt,m,8,FRED_MVMTD027MNFRBDAL_mv_mkt_debt.csv,319,1.0
m__mvmtd027mnfrbdal_mv_mkt_debt__lag009,mvmtd027mnfrbdal_mv_mkt_debt,m,9,FRED_MVMTD027MNFRBDAL_mv_mkt_debt.csv,319,1.0
m__mvmtd027mnfrbdal_mv_mkt_debt__lag010,mvmtd027mnfrbdal_mv_mkt_debt,m,10,FRED_MVMTD027MNFRBDAL_mv_mkt_debt.csv,319,1.0
m__mvmtd027mnfrbdal_mv_mkt_debt__lag011,mvmtd027mnfrbdal_mv_mkt_debt,m,11,FRED_MVMTD027MNFRBDAL_mv_mkt_debt.csv,319,1.0
m__mvmtd027mnfrbdal_mv_mkt_debt__lag012,mvmtd027mnfrbdal_mv_mkt_debt,m,12,FRED_MVMTD027MNFRBDAL_mv_mkt_debt.csv,319,1.0
m__mvphgfd027mnfrbdal_mvphgfd027mnfrbdal__lag001,mvphgfd027mnfrbdal_mvphgfd027mnfrbdal,m,1,FRED_MVPHGFD027MNFRBDAL_MVPHGFD027MNFRBDAL.csv,319,1.0
m__mvphgfd027mnfrbdal_mvphgfd027mnfrbdal__lag002,mvphgfd027mnfrbdal_mvphgfd027mnfrbdal,m,2,FRED_MVPHGFD027MNFRBDAL_MVPHGFD027MNFRBDAL.csv,319,1.0
m__mvphgfd027mnfrbdal_mvphgfd027mnfrbdal__lag003,mvphgfd027mnfrbdal_mvphgfd027mnfrbdal,m,3,FRED_MVPHGFD027MNFRBDAL_MVPHGFD027MNFRBDAL.csv,319,1.0
m__mvphgfd027mnfrbdal_mvphgfd027mnfrbdal__lag004,mvphgfd027mnfrbdal_mvphgfd027mnfrbdal,m,4,FRED_MVPHGFD027MNFRBDAL_MVPHGFD027MNFRBDAL.csv,319,1.0
m__mvphgfd027mnfrbdal_mvphgfd027mnfrbdal__lag005,mvphgfd027mnfrbdal_mvphgfd027mnfrbdal,m,5,FRED_MVPHGFD027MNFRBDAL_MVPHGFD027MNFRBDAL.csv,319,1.0
m__mvphgfd027mnfrbdal_mvphgfd027mnfrbdal__lag006,mvphgfd027mnfrbdal_mvphgfd027mnfrbdal,m,6,FRED_MVPHGFD027MNFRBDAL_MVPHGFD027MNFRBDAL.csv,319,1.0
m__mvphgfd027mnfrbdal_mvphgfd027mnfrbdal__lag007,mvphgfd027mnfrbdal_mvphgfd027mnfrbdal,m,7,FRED_MVPHGFD027MNFRBDAL_MVPHGFD027MNFRBDAL.csv,319,1.0
m__mvphgfd027mnfrbdal_mvphgfd027mnfrbdal__lag008,mvphgfd027mnfrbdal_mvphgfd027mnfrbdal,m,8,FRED_MVPHGFD027MNFRBDAL_MVPHGFD027MNFRBDAL.csv,319,1.0
m__mvphgfd027mnfrbdal_mvphgfd027mnfrbdal__lag009,mvphgfd027mnfrbdal_mvphgfd027mnfrbdal,m,9,FRED_MVPHGFD027MNFRBDAL_MVPHGFD027MNFRBDAL.csv,319,1.0
m__mvphgfd027mnfrbdal_mvphgfd027mnfrbdal__lag010,mvphgfd027mnfrbdal_mvphgfd027mnfrbdal,m,10,FRED_MVPHGFD027MNFRBDAL_MVPHGFD027MNFRBDAL.csv,319,1.0
m__mvphgfd027mnfrbdal_mvphgfd027mnfrbdal__lag011,mvphgfd027mnfrbdal_mvphgfd027mnfrbdal,m,11,FRED_MVPHGFD027MNFRBDAL_MVPHGFD027MNFRBDAL.csv,319,1.0
m__mvphgfd027mnfrbdal_mvphgfd027mnfrbdal__lag012,mvphgfd027mnfrbdal_mvphgfd027mnfrbdal,m,12,FRED_MVPHGFD027MNFRBDAL_MVPHGFD027MNFRBDAL.csv,319,1.0
m__mvphgfd027mnfrbdal_mv_priv_debt__lag001,mvphgfd027mnfrbdal_mv_priv_debt,m,1,FRED_MVPHGFD027MNFRBDAL_mv_priv_debt.csv,319,1.0
m__mvphgfd027mnfrbdal_mv_priv_debt__lag002,mvphgfd027mnfrbdal_mv_priv_debt,m,2,FRED_MVPHGFD027MNFRBDAL_mv_priv_debt.csv,319,1.0
m__mvphgfd027mnfrbdal_mv_priv_debt__lag003,mvphgfd027mnfrbdal_mv_priv_debt,m,3,FRED_MVPHGFD027MNFRBDAL_mv_priv_debt.csv,319,1.0
m__mvphgfd027mnfrbdal_mv_priv_debt__lag004,mvphgfd027mnfrbdal_mv_priv_debt,m,4,FRED_MVPHGFD027MNFRBDAL_mv_priv_debt.csv,319,1.0
m__mvphgfd027mnfrbdal_mv_priv_debt__lag005,mvphgfd027mnfrbdal_mv_priv_debt,m,5,FRED_MVPHGFD027MNFRBDAL_mv_priv_debt.csv,319,1.0
m__mvphgfd027mnfrbdal_mv_priv_debt__lag006,mvphgfd027mnfrbdal_mv_priv_debt,m,6,FRED_MVPHGFD027MNFRBDAL_mv_priv_debt.csv,319,1.0
m__mvphgfd027mnfrbdal_mv_priv_debt__lag007,mvphgfd027mnfrbdal_mv_priv_debt,m,7,FRED_MVPHGFD027MNFRBDAL_mv_priv_debt.csv,319,1.0
m__mvphgfd027mnfrbdal_mv_priv_debt__lag008,mvphgfd027mnfrbdal_mv_priv_debt,m,8,FRED_MVPHGFD027MNFRBDAL_mv_priv_debt.csv,319,1.0
m__mvphgfd027mnfrbdal_mv_priv_debt__lag009,mvphgfd027mnfrbdal_mv_priv_debt,m,9,FRED_MVPHGFD027MNFRBDAL_mv_priv_debt.csv,319,1.0
m__mvphgfd027mnfrbdal_mv_priv_debt__lag010,mvphgfd027mnfrbdal_mv_priv_debt,m,10,FRED_MVPHGFD027MNFRBDAL_mv_priv_debt.csv,319,1.0
m__mvphgfd027mnfrbdal_mv_priv_debt__lag011,mvphgfd027mnfrbdal_mv_priv_debt,m,11,FRED_MVPHGFD027MNFRBDAL_mv_priv_debt.csv,319,1.0
m__mvphgfd027mnfrbdal_mv_priv_debt__lag012,mvphgfd027mnfrbdal_mv_priv_debt,m,12,FRED_MVPHGFD027MNFRBDAL_mv_priv_debt.csv,319,1.0
q__na000283q_gov_current_exp__lag001,na000283q_gov_current_exp,q,1,FRED_NA000283Q_Gov_Current_Exp.csv,316,0.990596
q__na000283q_gov_current_exp__lag002,na000283q_gov_current_exp,q,2,FRED_NA000283Q_Gov_Current_Exp.csv,315,0.987461
q__na000283q_gov_current_exp__lag003,na000283q_gov_current_exp,q,3,FRED_NA000283Q_Gov_Current_Exp.csv,314,0.984326
q__na000283q_gov_current_exp__lag004,na000283q_gov_current_exp,q,4,FRED_NA000283Q_Gov_Current_Exp.csv,313,0.981191
q__na000283q_gov_current_exp__lag005,na000283q_gov_current_exp,q,5,FRED_NA000283Q_Gov_Current_Exp.csv,312,0.978056
q__na000283q_gov_current_exp__lag006,na000283q_gov_current_exp,q,6,FRED_NA000283Q_Gov_Current_Exp.csv,311,0.974922
q__na000283q_gov_current_exp__lag007,na000283q_gov_current_exp,q,7,FRED_NA000283Q_Gov_Current_Exp.csv,310,0.971787
q__na000283q_gov_current_exp__lag008,na000283q_gov_current_exp,q,8,FRED_NA000283Q_Gov_Current_Exp.csv,309,0.968652
d__nasdaqcom_nasdaqcom__lag001,nasdaqcom_nasdaqcom,d,1,FRED_NASDAQCOM_NASDAQCOM.csv,221,0.69279
d__nasdaqcom_nasdaqcom__lag002,nasdaqcom_nasdaqcom,d,2,FRED_NASDAQCOM_NASDAQCOM.csv,221,0.69279
d__nasdaqcom_nasdaqcom__lag003,nasdaqcom_nasdaqcom,d,3,FRED_NASDAQCOM_NASDAQCOM.csv,221,0.69279
d__nasdaqcom_nasdaqcom__lag004,nasdaqcom_nasdaqcom,d,4,FRED_NASDAQCOM_NASDAQCOM.csv,221,0.69279
d__nasdaqcom_nasdaqcom__lag005,nasdaqcom_nasdaqcom,d,5,FRED_NASDAQCOM_NASDAQCOM.csv,221,0.69279
d__nasdaqcom_nasdaqcom__lag006,nasdaqcom_nasdaqcom,d,6,FRED_NASDAQCOM_NASDAQCOM.csv,221,0.69279
d__nasdaqcom_nasdaqcom__lag007,nasdaqcom_nasdaqcom,d,7,FRED_NASDAQCOM_NASDAQCOM.csv,221,0.69279
d__nasdaqcom_nasdaqcom__lag008,nasdaqcom_nasdaqcom,d,8,FRED_NASDAQCOM_NASDAQCOM.csv,221,0.69279
d__nasdaqcom_nasdaqcom__lag009,nasdaqcom_nasdaqcom,d,9,FRED_NASDAQCOM_NASDAQCOM.csv,221,0.69279
d__nasdaqcom_nasdaqcom__lag010,nasdaqcom_nasdaqcom,d,10,FRED_NASDAQCOM_NASDAQCOM.csv,221,0.69279
d__nasdaqcom_nasdaqcom__lag011,nasdaqcom_nasdaqcom,d,11,FRED_NASDAQCOM_NASDAQCOM.csv,221,0.69279
d__nasdaqcom_nasdaqcom__lag012,nasdaqcom_nasdaqcom,d,12,FRED_NASDAQCOM_NASDAQCOM.csv,221,0.69279
d__nasdaqcom_nasdaqcom__lag013,nasdaqcom_nasdaqcom,d,13,FRED_NASDAQCOM_NASDAQCOM.csv,221,0.69279
d__nasdaqcom_nasdaqcom__lag014,nasdaqcom_nasdaqcom,d,14,FRED_NASDAQCOM_NASDAQCOM.csv,221,0.69279
d__nasdaqcom_nasdaqcom__lag015,nasdaqcom_nasdaqcom,d,15,FRED_NASDAQCOM_NASDAQCOM.csv,221,0.69279
d__nasdaqcom_nasdaqcom__lag016,nasdaqcom_nasdaqcom,d,16,FRED_NASDAQCOM_NASDAQCOM.csv,221,0.69279
d__nasdaqcom_nasdaqcom__lag017,nasdaqcom_nasdaqcom,d,17,FRED_NASDAQCOM_NASDAQCOM.csv,221,0.69279
d__nasdaqcom_nasdaqcom__lag018,nasdaqcom_nasdaqcom,d,18,FRED_NASDAQCOM_NASDAQCOM.csv,221,0.69279
d__nasdaqcom_nasdaqcom__lag019,nasdaqcom_nasdaqcom,d,19,FRED_NASDAQCOM_NASDAQCOM.csv,221,0.69279
d__nasdaqcom_nasdaqcom__lag020,nasdaqcom_nasdaqcom,d,20,FRED_NASDAQCOM_NASDAQCOM.csv,221,0.69279
d__nasdaqcom_nasdaqcom__lag021,nasdaqcom_nasdaqcom,d,21,FRED_NASDAQCOM_NASDAQCOM.csv,221,0.69279
d__nasdaqcom_nasdaqcom__lag022,nasdaqcom_nasdaqcom,d,22,FRED_NASDAQCOM_NASDAQCOM.csv,221,0.69279
d__nasdaqcom_nasdaqcom__lag023,nasdaqcom_nasdaqcom,d,23,FRED_NASDAQCOM_NASDAQCOM.csv,221,0.69279
d__nasdaqcom_nasdaqcom__lag024,nasdaqcom_nasdaqcom,d,24,FRED_NASDAQCOM_NASDAQCOM.csv,221,0.69279
d__nasdaqcom_nasdaqcom__lag025,nasdaqcom_nasdaqcom,d,25,FRED_NASDAQCOM_NASDAQCOM.csv,221,0.69279
d__nasdaqcom_nasdaqcom__lag026,nasdaqcom_nasdaqcom,d,26,FRED_NASDAQCOM_NASDAQCOM.csv,221,0.69279
d__nasdaqcom_nasdaqcom__lag027,nasdaqcom_nasdaqcom,d,27,FRED_NASDAQCOM_NASDAQCOM.csv,221,0.69279
d__nasdaqcom_nasdaqcom__lag028,nasdaqcom_nasdaqcom,d,28,FRED_NASDAQCOM_NASDAQCOM.csv,221,0.69279
d__nasdaqcom_nasdaqcom__lag029,nasdaqcom_nasdaqcom,d,29,FRED_NASDAQCOM_NASDAQCOM.csv,221,0.69279
d__nasdaqcom_nasdaqcom__lag030,nasdaqcom_nasdaqcom,d,30,FRED_NASDAQCOM_NASDAQCOM.csv,221,0.69279
d__nasdaqcom_nasdaqcom__lag031,nasdaqcom_nasdaqcom,d,31,FRED_NASDAQCOM_NASDAQCOM.csv,221,0.69279
d__nasdaqcom_nasdaqcom__lag032,nasdaqcom_nasdaqcom,d,32,FRED_NASDAQCOM_NASDAQCOM.csv,221,0.69279
d__nasdaqcom_nasdaqcom__lag033,nasdaqcom_nasdaqcom,d,33,FRED_NASDAQCOM_NASDAQCOM.csv,221,0.69279
d__nasdaqcom_nasdaqcom__lag034,nasdaqcom_nasdaqcom,d,34,FRED_NASDAQCOM_NASDAQCOM.csv,221,0.69279
d__nasdaqcom_nasdaqcom__lag035,nasdaqcom_nasdaqcom,d,35,FRED_NASDAQCOM_NASDAQCOM.csv,221,0.69279
d__nasdaqcom_nasdaqcom__lag036,nasdaqcom_nasdaqcom,d,36,FRED_NASDAQCOM_NASDAQCOM.csv,221,0.69279
d__nasdaqcom_nasdaqcom__lag037,nasdaqcom_nasdaqcom,d,37,FRED_NASDAQCOM_NASDAQCOM.csv,221,0.69279
d__nasdaqcom_nasdaqcom__lag038,nasdaqcom_nasdaqcom,d,38,FRED_NASDAQCOM_NASDAQCOM.csv,221,0.69279
d__nasdaqcom_nasdaqcom__lag039,nasdaqcom_nasdaqcom,d,39,FRED_NASDAQCOM_NASDAQCOM.csv,221,0.69279
d__nasdaqcom_nasdaqcom__lag040,nasdaqcom_nasdaqcom,d,40,FRED_NASDAQCOM_NASDAQCOM.csv,221,0.69279
d__nasdaqcom_nasdaqcom__lag041,nasdaqcom_nasdaqcom,d,41,FRED_NASDAQCOM_NASDAQCOM.csv,221,0.69279
d__nasdaqcom_nasdaqcom__lag042,nasdaqcom_nasdaqcom,d,42,FRED_NASDAQCOM_NASDAQCOM.csv,221,0.69279
d__nasdaqcom_nasdaqcom__lag043,nasdaqcom_nasdaqcom,d,43,FRED_NASDAQCOM_NASDAQCOM.csv,221,0.69279
d__nasdaqcom_nasdaqcom__lag044,nasdaqcom_nasdaqcom,d,44,FRED_NASDAQCOM_NASDAQCOM.csv,221,0.69279
d__nasdaqcom_nasdaqcom__lag045,nasdaqcom_nasdaqcom,d,45,FRED_NASDAQCOM_NASDAQCOM.csv,221,0.69279
d__nasdaqcom_nasdaqcom__lag046,nasdaqcom_nasdaqcom,d,46,FRED_NASDAQCOM_NASDAQCOM.csv,221,0.69279
d__nasdaqcom_nasdaqcom__lag047,nasdaqcom_nasdaqcom,d,47,FRED_NASDAQCOM_NASDAQCOM.csv,221,0.69279
d__nasdaqcom_nasdaqcom__lag048,nasdaqcom_nasdaqcom,d,48,FRED_NASDAQCOM_NASDAQCOM.csv,221,0.69279
d__nasdaqcom_nasdaqcom__lag049,nasdaqcom_nasdaqcom,d,49,FRED_NASDAQCOM_NASDAQCOM.csv,221,0.69279
d__nasdaqcom_nasdaqcom__lag050,nasdaqcom_nasdaqcom,d,50,FRED_NASDAQCOM_NASDAQCOM.csv,221,0.69279
d__nasdaqcom_nasdaqcom__lag051,nasdaqcom_nasdaqcom,d,51,FRED_NASDAQCOM_NASDAQCOM.csv,221,0.69279
d__nasdaqcom_nasdaqcom__lag052,nasdaqcom_nasdaqcom,d,52,FRED_NASDAQCOM_NASDAQCOM.csv,221,0.69279
d__nasdaqcom_nasdaqcom__lag053,nasdaqcom_nasdaqcom,d,53,FRED_NASDAQCOM_NASDAQCOM.csv,221,0.69279
d__nasdaqcom_nasdaqcom__lag054,nasdaqcom_nasdaqcom,d,54,FRED_NASDAQCOM_NASDAQCOM.csv,221,0.69279
d__nasdaqcom_nasdaqcom__lag055,nasdaqcom_nasdaqcom,d,55,FRED_NASDAQCOM_NASDAQCOM.csv,221,0.69279
d__nasdaqcom_nasdaqcom__lag056,nasdaqcom_nasdaqcom,d,56,FRED_NASDAQCOM_NASDAQCOM.csv,220,0.689655
d__nasdaqcom_nasdaqcom__lag057,nasdaqcom_nasdaqcom,d,57,FRED_NASDAQCOM_NASDAQCOM.csv,220,0.689655
d__nasdaqcom_nasdaqcom__lag058,nasdaqcom_nasdaqcom,d,58,FRED_NASDAQCOM_NASDAQCOM.csv,220,0.689655
d__nasdaqcom_nasdaqcom__lag059,nasdaqcom_nasdaqcom,d,59,FRED_NASDAQCOM_NASDAQCOM.csv,220,0.689655
d__nasdaqcom_nasdaqcom__lag060,nasdaqcom_nasdaqcom,d,60,FRED_NASDAQCOM_NASDAQCOM.csv,220,0.689655
d__nasdaqcom_nasdaqcom__lag061,nasdaqcom_nasdaqcom,d,61,FRED_NASDAQCOM_NASDAQCOM.csv,220,0.689655
d__nasdaqcom_nasdaqcom__lag062,nasdaqcom_nasdaqcom,d,62,FRED_NASDAQCOM_NASDAQCOM.csv,220,0.689655
d__nasdaqcom_nasdaqcom__lag063,nasdaqcom_nasdaqcom,d,63,FRED_NASDAQCOM_NASDAQCOM.csv,220,0.689655
d__nasdaqcom_nasdaqcom__lag064,nasdaqcom_nasdaqcom,d,64,FRED_NASDAQCOM_NASDAQCOM.csv,220,0.689655
d__nasdaqcom_nasdaqcom__lag065,nasdaqcom_nasdaqcom,d,65,FRED_NASDAQCOM_NASDAQCOM.csv,220,0.689655
d__nasdaqcom_nasdaqcom__lag066,nasdaqcom_nasdaqcom,d,66,FRED_NASDAQCOM_NASDAQCOM.csv,220,0.689655
d__nasdaqcom_nasdaqcom__lag067,nasdaqcom_nasdaqcom,d,67,FRED_NASDAQCOM_NASDAQCOM.csv,220,0.689655
d__nasdaqcom_nasdaqcom__lag068,nasdaqcom_nasdaqcom,d,68,FRED_NASDAQCOM_NASDAQCOM.csv,220,0.689655
d__nasdaqcom_nasdaqcom__lag069,nasdaqcom_nasdaqcom,d,69,FRED_NASDAQCOM_NASDAQCOM.csv,220,0.689655
d__nasdaqcom_nasdaqcom__lag070,nasdaqcom_nasdaqcom,d,70,FRED_NASDAQCOM_NASDAQCOM.csv,220,0.689655
d__nasdaqcom_nasdaqcom__lag071,nasdaqcom_nasdaqcom,d,71,FRED_NASDAQCOM_NASDAQCOM.csv,220,0.689655
d__nasdaqcom_nasdaqcom__lag072,nasdaqcom_nasdaqcom,d,72,FRED_NASDAQCOM_NASDAQCOM.csv,220,0.689655
d__nasdaqcom_nasdaqcom__lag073,nasdaqcom_nasdaqcom,d,73,FRED_NASDAQCOM_NASDAQCOM.csv,220,0.689655
d__nasdaqcom_nasdaqcom__lag074,nasdaqcom_nasdaqcom,d,74,FRED_NASDAQCOM_NASDAQCOM.csv,220,0.689655
d__nasdaqcom_nasdaqcom__lag075,nasdaqcom_nasdaqcom,d,75,FRED_NASDAQCOM_NASDAQCOM.csv,220,0.689655
d__nasdaqcom_nasdaqcom__lag076,nasdaqcom_nasdaqcom,d,76,FRED_NASDAQCOM_NASDAQCOM.csv,220,0.689655
d__nasdaqcom_nasdaqcom__lag077,nasdaqcom_nasdaqcom,d,77,FRED_NASDAQCOM_NASDAQCOM.csv,220,0.689655
d__nasdaqcom_nasdaqcom__lag078,nasdaqcom_nasdaqcom,d,78,FRED_NASDAQCOM_NASDAQCOM.csv,220,0.689655
d__nasdaqcom_nasdaqcom__lag079,nasdaqcom_nasdaqcom,d,79,FRED_NASDAQCOM_NASDAQCOM.csv,220,0.689655
d__nasdaqcom_nasdaqcom__lag080,nasdaqcom_nasdaqcom,d,80,FRED_NASDAQCOM_NASDAQCOM.csv,220,0.689655
d__nasdaqcom_nasdaqcom__lag081,nasdaqcom_nasdaqcom,d,81,FRED_NASDAQCOM_NASDAQCOM.csv,220,0.689655
d__nasdaqcom_nasdaqcom__lag082,nasdaqcom_nasdaqcom,d,82,FRED_NASDAQCOM_NASDAQCOM.csv,220,0.689655
d__nasdaqcom_nasdaqcom__lag083,nasdaqcom_nasdaqcom,d,83,FRED_NASDAQCOM_NASDAQCOM.csv,220,0.689655
d__nasdaqcom_nasdaqcom__lag084,nasdaqcom_nasdaqcom,d,84,FRED_NASDAQCOM_NASDAQCOM.csv,220,0.689655
d__nasdaqcom_nasdaqcom__lag085,nasdaqcom_nasdaqcom,d,85,FRED_NASDAQCOM_NASDAQCOM.csv,220,0.689655
d__nasdaqcom_nasdaqcom__lag086,nasdaqcom_nasdaqcom,d,86,FRED_NASDAQCOM_NASDAQCOM.csv,220,0.689655
d__nasdaqcom_nasdaqcom__lag087,nasdaqcom_nasdaqcom,d,87,FRED_NASDAQCOM_NASDAQCOM.csv,220,0.689655
d__nasdaqcom_nasdaqcom__lag088,nasdaqcom_nasdaqcom,d,88,FRED_NASDAQCOM_NASDAQCOM.csv,220,0.689655
d__nasdaqcom_nasdaqcom__lag089,nasdaqcom_nasdaqcom,d,89,FRED_NASDAQCOM_NASDAQCOM.csv,220,0.689655
d__nasdaqcom_nasdaqcom__lag090,nasdaqcom_nasdaqcom,d,90,FRED_NASDAQCOM_NASDAQCOM.csv,220,0.689655
q__ncbtsaq027s_nfcb_tsy_tx__lag001,ncbtsaq027s_nfcb_tsy_tx,q,1,FRED_NCBTSAQ027S_nfcb_tsy_tx.csv,317,0.99373
q__ncbtsaq027s_nfcb_tsy_tx__lag002,ncbtsaq027s_nfcb_tsy_tx,q,2,FRED_NCBTSAQ027S_nfcb_tsy_tx.csv,316,0.990596
q__ncbtsaq027s_nfcb_tsy_tx__lag003,ncbtsaq027s_nfcb_tsy_tx,q,3,FRED_NCBTSAQ027S_nfcb_tsy_tx.csv,315,0.987461
q__ncbtsaq027s_nfcb_tsy_tx__lag004,ncbtsaq027s_nfcb_tsy_tx,q,4,FRED_NCBTSAQ027S_nfcb_tsy_tx.csv,314,0.984326
q__ncbtsaq027s_nfcb_tsy_tx__lag005,ncbtsaq027s_nfcb_tsy_tx,q,5,FRED_NCBTSAQ027S_nfcb_tsy_tx.csv,313,0.981191
q__ncbtsaq027s_nfcb_tsy_tx__lag006,ncbtsaq027s_nfcb_tsy_tx,q,6,FRED_NCBTSAQ027S_nfcb_tsy_tx.csv,312,0.978056
q__ncbtsaq027s_nfcb_tsy_tx__lag007,ncbtsaq027s_nfcb_tsy_tx,q,7,FRED_NCBTSAQ027S_nfcb_tsy_tx.csv,311,0.974922
q__ncbtsaq027s_nfcb_tsy_tx__lag008,ncbtsaq027s_nfcb_tsy_tx,q,8,FRED_NCBTSAQ027S_nfcb_tsy_tx.csv,310,0.971787
q__netfi_netfi__lag001,netfi_netfi,q,1,FRED_NETFI_netfi.csv,316,0.990596
q__netfi_netfi__lag002,netfi_netfi,q,2,FRED_NETFI_netfi.csv,315,0.987461
q__netfi_netfi__lag003,netfi_netfi,q,3,FRED_NETFI_netfi.csv,314,0.984326
q__netfi_netfi__lag004,netfi_netfi,q,4,FRED_NETFI_netfi.csv,313,0.981191
q__netfi_netfi__lag005,netfi_netfi,q,5,FRED_NETFI_netfi.csv,312,0.978056
q__netfi_netfi__lag006,netfi_netfi,q,6,FRED_NETFI_netfi.csv,311,0.974922
q__netfi_netfi__lag007,netfi_netfi,q,7,FRED_NETFI_netfi.csv,310,0.971787
q__netfi_netfi__lag008,netfi_netfi,q,8,FRED_NETFI_netfi.csv,309,0.968652
m__neworder_neworder__lag001,neworder_neworder,m,1,FRED_NEWORDER_NEWORDER.csv,137,0.429467
m__neworder_neworder__lag002,neworder_neworder,m,2,FRED_NEWORDER_NEWORDER.csv,137,0.429467
m__neworder_neworder__lag003,neworder_neworder,m,3,FRED_NEWORDER_NEWORDER.csv,136,0.426332
m__neworder_neworder__lag004,neworder_neworder,m,4,FRED_NEWORDER_NEWORDER.csv,136,0.426332
m__neworder_neworder__lag005,neworder_neworder,m,5,FRED_NEWORDER_NEWORDER.csv,136,0.426332
m__neworder_neworder__lag006,neworder_neworder,m,6,FRED_NEWORDER_NEWORDER.csv,135,0.423197
m__neworder_neworder__lag007,neworder_neworder,m,7,FRED_NEWORDER_NEWORDER.csv,135,0.423197
m__neworder_neworder__lag008,neworder_neworder,m,8,FRED_NEWORDER_NEWORDER.csv,135,0.423197
m__neworder_neworder__lag009,neworder_neworder,m,9,FRED_NEWORDER_NEWORDER.csv,134,0.420063
m__neworder_neworder__lag010,neworder_neworder,m,10,FRED_NEWORDER_NEWORDER.csv,134,0.420063
m__neworder_neworder__lag011,neworder_neworder,m,11,FRED_NEWORDER_NEWORDER.csv,134,0.420063
m__neworder_neworder__lag012,neworder_neworder,m,12,FRED_NEWORDER_NEWORDER.csv,133,0.416928
m__nonrevsl_nonrevsl__lag001,nonrevsl_nonrevsl,m,1,FRED_NONREVSL_NONREVSL.csv,319,1.0
m__nonrevsl_nonrevsl__lag002,nonrevsl_nonrevsl,m,2,FRED_NONREVSL_NONREVSL.csv,319,1.0
m__nonrevsl_nonrevsl__lag003,nonrevsl_nonrevsl,m,3,FRED_NONREVSL_NONREVSL.csv,319,1.0
m__nonrevsl_nonrevsl__lag004,nonrevsl_nonrevsl,m,4,FRED_NONREVSL_NONREVSL.csv,319,1.0
m__nonrevsl_nonrevsl__lag005,nonrevsl_nonrevsl,m,5,FRED_NONREVSL_NONREVSL.csv,319,1.0
m__nonrevsl_nonrevsl__lag006,nonrevsl_nonrevsl,m,6,FRED_NONREVSL_NONREVSL.csv,319,1.0
m__nonrevsl_nonrevsl__lag007,nonrevsl_nonrevsl,m,7,FRED_NONREVSL_NONREVSL.csv,319,1.0
m__nonrevsl_nonrevsl__lag008,nonrevsl_nonrevsl,m,8,FRED_NONREVSL_NONREVSL.csv,319,1.0
m__nonrevsl_nonrevsl__lag009,nonrevsl_nonrevsl,m,9,FRED_NONREVSL_NONREVSL.csv,319,1.0
m__nonrevsl_nonrevsl__lag010,nonrevsl_nonrevsl,m,10,FRED_NONREVSL_NONREVSL.csv,319,1.0
m__nonrevsl_nonrevsl__lag011,nonrevsl_nonrevsl,m,11,FRED_NONREVSL_NONREVSL.csv,319,1.0
m__nonrevsl_nonrevsl__lag012,nonrevsl_nonrevsl,m,12,FRED_NONREVSL_NONREVSL.csv,319,1.0
q__ophnfb_nflabor_productivity__lag001,ophnfb_nflabor_productivity,q,1,FRED_OPHNFB_nflabor_productivity.csv,316,0.990596
q__ophnfb_nflabor_productivity__lag002,ophnfb_nflabor_productivity,q,2,FRED_OPHNFB_nflabor_productivity.csv,315,0.987461
q__ophnfb_nflabor_productivity__lag003,ophnfb_nflabor_productivity,q,3,FRED_OPHNFB_nflabor_productivity.csv,314,0.984326
q__ophnfb_nflabor_productivity__lag004,ophnfb_nflabor_productivity,q,4,FRED_OPHNFB_nflabor_productivity.csv,313,0.981191
q__ophnfb_nflabor_productivity__lag005,ophnfb_nflabor_productivity,q,5,FRED_OPHNFB_nflabor_productivity.csv,312,0.978056
q__ophnfb_nflabor_productivity__lag006,ophnfb_nflabor_productivity,q,6,FRED_OPHNFB_nflabor_productivity.csv,311,0.974922
q__ophnfb_nflabor_productivity__lag007,ophnfb_nflabor_productivity,q,7,FRED_OPHNFB_nflabor_productivity.csv,310,0.971787
q__ophnfb_nflabor_productivity__lag008,ophnfb_nflabor_productivity,q,8,FRED_OPHNFB_nflabor_productivity.csv,309,0.968652
m__payems_nonfarm_payrolls__lag001,payems_nonfarm_payrolls,m,1,FRED_PAYEMS_Nonfarm_Payrolls.csv,319,1.0
m__payems_nonfarm_payrolls__lag002,payems_nonfarm_payrolls,m,2,FRED_PAYEMS_Nonfarm_Payrolls.csv,319,1.0
m__payems_nonfarm_payrolls__lag003,payems_nonfarm_payrolls,m,3,FRED_PAYEMS_Nonfarm_Payrolls.csv,319,1.0
m__payems_nonfarm_payrolls__lag004,payems_nonfarm_payrolls,m,4,FRED_PAYEMS_Nonfarm_Payrolls.csv,319,1.0
m__payems_nonfarm_payrolls__lag005,payems_nonfarm_payrolls,m,5,FRED_PAYEMS_Nonfarm_Payrolls.csv,319,1.0
m__payems_nonfarm_payrolls__lag006,payems_nonfarm_payrolls,m,6,FRED_PAYEMS_Nonfarm_Payrolls.csv,319,1.0
m__payems_nonfarm_payrolls__lag007,payems_nonfarm_payrolls,m,7,FRED_PAYEMS_Nonfarm_Payrolls.csv,319,1.0
m__payems_nonfarm_payrolls__lag008,payems_nonfarm_payrolls,m,8,FRED_PAYEMS_Nonfarm_Payrolls.csv,319,1.0
m__payems_nonfarm_payrolls__lag009,payems_nonfarm_payrolls,m,9,FRED_PAYEMS_Nonfarm_Payrolls.csv,319,1.0
m__payems_nonfarm_payrolls__lag010,payems_nonfarm_payrolls,m,10,FRED_PAYEMS_Nonfarm_Payrolls.csv,319,1.0
m__payems_nonfarm_payrolls__lag011,payems_nonfarm_payrolls,m,11,FRED_PAYEMS_Nonfarm_Payrolls.csv,319,1.0
m__payems_nonfarm_payrolls__lag012,payems_nonfarm_payrolls,m,12,FRED_PAYEMS_Nonfarm_Payrolls.csv,319,1.0
m__pcedg_pcedg__lag001,pcedg_pcedg,m,1,FRED_PCEDG_PCEDG.csv,269,0.84326
m__pcedg_pcedg__lag002,pcedg_pcedg,m,2,FRED_PCEDG_PCEDG.csv,269,0.84326
m__pcedg_pcedg__lag003,pcedg_pcedg,m,3,FRED_PCEDG_PCEDG.csv,269,0.84326
m__pcedg_pcedg__lag004,pcedg_pcedg,m,4,FRED_PCEDG_PCEDG.csv,268,0.840125
m__pcedg_pcedg__lag005,pcedg_pcedg,m,5,FRED_PCEDG_PCEDG.csv,268,0.840125
m__pcedg_pcedg__lag006,pcedg_pcedg,m,6,FRED_PCEDG_PCEDG.csv,268,0.840125
m__pcedg_pcedg__lag007,pcedg_pcedg,m,7,FRED_PCEDG_PCEDG.csv,267,0.836991
m__pcedg_pcedg__lag008,pcedg_pcedg,m,8,FRED_PCEDG_PCEDG.csv,267,0.836991
m__pcedg_pcedg__lag009,pcedg_pcedg,m,9,FRED_PCEDG_PCEDG.csv,267,0.836991
m__pcedg_pcedg__lag010,pcedg_pcedg,m,10,FRED_PCEDG_PCEDG.csv,266,0.833856
m__pcedg_pcedg__lag011,pcedg_pcedg,m,11,FRED_PCEDG_PCEDG.csv,266,0.833856
m__pcedg_pcedg__lag012,pcedg_pcedg,m,12,FRED_PCEDG_PCEDG.csv,266,0.833856
m__pcend_pcend__lag001,pcend_pcend,m,1,FRED_PCEND_PCEND.csv,269,0.84326
m__pcend_pcend__lag002,pcend_pcend,m,2,FRED_PCEND_PCEND.csv,269,0.84326
m__pcend_pcend__lag003,pcend_pcend,m,3,FRED_PCEND_PCEND.csv,269,0.84326
m__pcend_pcend__lag004,pcend_pcend,m,4,FRED_PCEND_PCEND.csv,268,0.840125
m__pcend_pcend__lag005,pcend_pcend,m,5,FRED_PCEND_PCEND.csv,268,0.840125
m__pcend_pcend__lag006,pcend_pcend,m,6,FRED_PCEND_PCEND.csv,268,0.840125
m__pcend_pcend__lag007,pcend_pcend,m,7,FRED_PCEND_PCEND.csv,267,0.836991
m__pcend_pcend__lag008,pcend_pcend,m,8,FRED_PCEND_PCEND.csv,267,0.836991
m__pcend_pcend__lag009,pcend_pcend,m,9,FRED_PCEND_PCEND.csv,267,0.836991
m__pcend_pcend__lag010,pcend_pcend,m,10,FRED_PCEND_PCEND.csv,266,0.833856
m__pcend_pcend__lag011,pcend_pcend,m,11,FRED_PCEND_PCEND.csv,266,0.833856
m__pcend_pcend__lag012,pcend_pcend,m,12,FRED_PCEND_PCEND.csv,266,0.833856
m__pcepilfe_pcepilfe__lag001,pcepilfe_pcepilfe,m,1,FRED_PCEPILFE_PCEPILFE.csv,269,0.84326
m__pcepilfe_pcepilfe__lag002,pcepilfe_pcepilfe,m,2,FRED_PCEPILFE_PCEPILFE.csv,269,0.84326
m__pcepilfe_pcepilfe__lag003,pcepilfe_pcepilfe,m,3,FRED_PCEPILFE_PCEPILFE.csv,269,0.84326
m__pcepilfe_pcepilfe__lag004,pcepilfe_pcepilfe,m,4,FRED_PCEPILFE_PCEPILFE.csv,268,0.840125
m__pcepilfe_pcepilfe__lag005,pcepilfe_pcepilfe,m,5,FRED_PCEPILFE_PCEPILFE.csv,268,0.840125
m__pcepilfe_pcepilfe__lag006,pcepilfe_pcepilfe,m,6,FRED_PCEPILFE_PCEPILFE.csv,268,0.840125
m__pcepilfe_pcepilfe__lag007,pcepilfe_pcepilfe,m,7,FRED_PCEPILFE_PCEPILFE.csv,267,0.836991
m__pcepilfe_pcepilfe__lag008,pcepilfe_pcepilfe,m,8,FRED_PCEPILFE_PCEPILFE.csv,267,0.836991
m__pcepilfe_pcepilfe__lag009,pcepilfe_pcepilfe,m,9,FRED_PCEPILFE_PCEPILFE.csv,267,0.836991
m__pcepilfe_pcepilfe__lag010,pcepilfe_pcepilfe,m,10,FRED_PCEPILFE_PCEPILFE.csv,266,0.833856
m__pcepilfe_pcepilfe__lag011,pcepilfe_pcepilfe,m,11,FRED_PCEPILFE_PCEPILFE.csv,266,0.833856
m__pcepilfe_pcepilfe__lag012,pcepilfe_pcepilfe,m,12,FRED_PCEPILFE_PCEPILFE.csv,266,0.833856
m__pcepi_pcepi__lag001,pcepi_pcepi,m,1,FRED_PCEPI_PCEPI.csv,269,0.84326
m__pcepi_pcepi__lag002,pcepi_pcepi,m,2,FRED_PCEPI_PCEPI.csv,269,0.84326
m__pcepi_pcepi__lag003,pcepi_pcepi,m,3,FRED_PCEPI_PCEPI.csv,269,0.84326
m__pcepi_pcepi__lag004,pcepi_pcepi,m,4,FRED_PCEPI_PCEPI.csv,268,0.840125
m__pcepi_pcepi__lag005,pcepi_pcepi,m,5,FRED_PCEPI_PCEPI.csv,268,0.840125
m__pcepi_pcepi__lag006,pcepi_pcepi,m,6,FRED_PCEPI_PCEPI.csv,268,0.840125
m__pcepi_pcepi__lag007,pcepi_pcepi,m,7,FRED_PCEPI_PCEPI.csv,267,0.836991
m__pcepi_pcepi__lag008,pcepi_pcepi,m,8,FRED_PCEPI_PCEPI.csv,267,0.836991
m__pcepi_pcepi__lag009,pcepi_pcepi,m,9,FRED_PCEPI_PCEPI.csv,267,0.836991
m__pcepi_pcepi__lag010,pcepi_pcepi,m,10,FRED_PCEPI_PCEPI.csv,266,0.833856
m__pcepi_pcepi__lag011,pcepi_pcepi,m,11,FRED_PCEPI_PCEPI.csv,266,0.833856
m__pcepi_pcepi__lag012,pcepi_pcepi,m,12,FRED_PCEPI_PCEPI.csv,266,0.833856
m__pcepi_pce_price_index__lag001,pcepi_pce_price_index,m,1,FRED_PCEPI_PCE_Price_Index.csv,269,0.84326
m__pcepi_pce_price_index__lag002,pcepi_pce_price_index,m,2,FRED_PCEPI_PCE_Price_Index.csv,269,0.84326
m__pcepi_pce_price_index__lag003,pcepi_pce_price_index,m,3,FRED_PCEPI_PCE_Price_Index.csv,269,0.84326
m__pcepi_pce_price_index__lag004,pcepi_pce_price_index,m,4,FRED_PCEPI_PCE_Price_Index.csv,268,0.840125
m__pcepi_pce_price_index__lag005,pcepi_pce_price_index,m,5,FRED_PCEPI_PCE_Price_Index.csv,268,0.840125
m__pcepi_pce_price_index__lag006,pcepi_pce_price_index,m,6,FRED_PCEPI_PCE_Price_Index.csv,268,0.840125
m__pcepi_pce_price_index__lag007,pcepi_pce_price_index,m,7,FRED_PCEPI_PCE_Price_Index.csv,267,0.836991
m__pcepi_pce_price_index__lag008,pcepi_pce_price_index,m,8,FRED_PCEPI_PCE_Price_Index.csv,267,0.836991
m__pcepi_pce_price_index__lag009,pcepi_pce_price_index,m,9,FRED_PCEPI_PCE_Price_Index.csv,267,0.836991
m__pcepi_pce_price_index__lag010,pcepi_pce_price_index,m,10,FRED_PCEPI_PCE_Price_Index.csv,266,0.833856
m__pcepi_pce_price_index__lag011,pcepi_pce_price_index,m,11,FRED_PCEPI_PCE_Price_Index.csv,266,0.833856
m__pcepi_pce_price_index__lag012,pcepi_pce_price_index,m,12,FRED_PCEPI_PCE_Price_Index.csv,266,0.833856
q__pcesv_pcesv__lag001,pcesv_pcesv,q,1,FRED_PCESV_PCESV.csv,316,0.990596
q__pcesv_pcesv__lag002,pcesv_pcesv,q,2,FRED_PCESV_PCESV.csv,315,0.987461
q__pcesv_pcesv__lag003,pcesv_pcesv,q,3,FRED_PCESV_PCESV.csv,314,0.984326
q__pcesv_pcesv__lag004,pcesv_pcesv,q,4,FRED_PCESV_PCESV.csv,313,0.981191
q__pcesv_pcesv__lag005,pcesv_pcesv,q,5,FRED_PCESV_PCESV.csv,312,0.978056
q__pcesv_pcesv__lag006,pcesv_pcesv,q,6,FRED_PCESV_PCESV.csv,311,0.974922
q__pcesv_pcesv__lag007,pcesv_pcesv,q,7,FRED_PCESV_PCESV.csv,310,0.971787
q__pcesv_pcesv__lag008,pcesv_pcesv,q,8,FRED_PCESV_PCESV.csv,309,0.968652
m__pce_pce__lag001,pce_pce,m,1,FRED_PCE_PCE.csv,269,0.84326
m__pce_pce__lag002,pce_pce,m,2,FRED_PCE_PCE.csv,269,0.84326
m__pce_pce__lag003,pce_pce,m,3,FRED_PCE_PCE.csv,269,0.84326
m__pce_pce__lag004,pce_pce,m,4,FRED_PCE_PCE.csv,268,0.840125
m__pce_pce__lag005,pce_pce,m,5,FRED_PCE_PCE.csv,268,0.840125
m__pce_pce__lag006,pce_pce,m,6,FRED_PCE_PCE.csv,268,0.840125
m__pce_pce__lag007,pce_pce,m,7,FRED_PCE_PCE.csv,267,0.836991
m__pce_pce__lag008,pce_pce,m,8,FRED_PCE_PCE.csv,267,0.836991
m__pce_pce__lag009,pce_pce,m,9,FRED_PCE_PCE.csv,267,0.836991
m__pce_pce__lag010,pce_pce,m,10,FRED_PCE_PCE.csv,266,0.833856
m__pce_pce__lag011,pce_pce,m,11,FRED_PCE_PCE.csv,266,0.833856
m__pce_pce__lag012,pce_pce,m,12,FRED_PCE_PCE.csv,266,0.833856
m__pcuomfgomfg_ppi_man__lag001,pcuomfgomfg_ppi_man,m,1,FRED_PCUOMFGOMFG_PPI_man.csv,166,0.520376
m__pcuomfgomfg_ppi_man__lag002,pcuomfgomfg_ppi_man,m,2,FRED_PCUOMFGOMFG_PPI_man.csv,165,0.517241
m__pcuomfgomfg_ppi_man__lag003,pcuomfgomfg_ppi_man,m,3,FRED_PCUOMFGOMFG_PPI_man.csv,165,0.517241
m__pcuomfgomfg_ppi_man__lag004,pcuomfgomfg_ppi_man,m,4,FRED_PCUOMFGOMFG_PPI_man.csv,165,0.517241
m__pcuomfgomfg_ppi_man__lag005,pcuomfgomfg_ppi_man,m,5,FRED_PCUOMFGOMFG_PPI_man.csv,164,0.514107
m__pcuomfgomfg_ppi_man__lag006,pcuomfgomfg_ppi_man,m,6,FRED_PCUOMFGOMFG_PPI_man.csv,164,0.514107
m__pcuomfgomfg_ppi_man__lag007,pcuomfgomfg_ppi_man,m,7,FRED_PCUOMFGOMFG_PPI_man.csv,164,0.514107
m__pcuomfgomfg_ppi_man__lag008,pcuomfgomfg_ppi_man,m,8,FRED_PCUOMFGOMFG_PPI_man.csv,163,0.510972
m__pcuomfgomfg_ppi_man__lag009,pcuomfgomfg_ppi_man,m,9,FRED_PCUOMFGOMFG_PPI_man.csv,163,0.510972
m__pcuomfgomfg_ppi_man__lag010,pcuomfgomfg_ppi_man,m,10,FRED_PCUOMFGOMFG_PPI_man.csv,163,0.510972
m__pcuomfgomfg_ppi_man__lag011,pcuomfgomfg_ppi_man,m,11,FRED_PCUOMFGOMFG_PPI_man.csv,162,0.507837
m__pcuomfgomfg_ppi_man__lag012,pcuomfgomfg_ppi_man,m,12,FRED_PCUOMFGOMFG_PPI_man.csv,162,0.507837
m__permit_permit__lag001,permit_permit,m,1,FRED_PERMIT_PERMIT.csv,265,0.830721
m__permit_permit__lag002,permit_permit,m,2,FRED_PERMIT_PERMIT.csv,265,0.830721
m__permit_permit__lag003,permit_permit,m,3,FRED_PERMIT_PERMIT.csv,265,0.830721
m__permit_permit__lag004,permit_permit,m,4,FRED_PERMIT_PERMIT.csv,264,0.827586
m__permit_permit__lag005,permit_permit,m,5,FRED_PERMIT_PERMIT.csv,264,0.827586
m__permit_permit__lag006,permit_permit,m,6,FRED_PERMIT_PERMIT.csv,264,0.827586
m__permit_permit__lag007,permit_permit,m,7,FRED_PERMIT_PERMIT.csv,263,0.824451
m__permit_permit__lag008,permit_permit,m,8,FRED_PERMIT_PERMIT.csv,263,0.824451
m__permit_permit__lag009,permit_permit,m,9,FRED_PERMIT_PERMIT.csv,263,0.824451
m__permit_permit__lag010,permit_permit,m,10,FRED_PERMIT_PERMIT.csv,262,0.821317
m__permit_permit__lag011,permit_permit,m,11,FRED_PERMIT_PERMIT.csv,262,0.821317
m__permit_permit__lag012,permit_permit,m,12,FRED_PERMIT_PERMIT.csv,262,0.821317
q__pnfi_priv_nonres_fi__lag001,pnfi_priv_nonres_fi,q,1,FRED_PNFI_priv_nonres_fi.csv,316,0.990596
q__pnfi_priv_nonres_fi__lag002,pnfi_priv_nonres_fi,q,2,FRED_PNFI_priv_nonres_fi.csv,315,0.987461
q__pnfi_priv_nonres_fi__lag003,pnfi_priv_nonres_fi,q,3,FRED_PNFI_priv_nonres_fi.csv,314,0.984326
q__pnfi_priv_nonres_fi__lag004,pnfi_priv_nonres_fi,q,4,FRED_PNFI_priv_nonres_fi.csv,313,0.981191
q__pnfi_priv_nonres_fi__lag005,pnfi_priv_nonres_fi,q,5,FRED_PNFI_priv_nonres_fi.csv,312,0.978056
q__pnfi_priv_nonres_fi__lag006,pnfi_priv_nonres_fi,q,6,FRED_PNFI_priv_nonres_fi.csv,311,0.974922
q__pnfi_priv_nonres_fi__lag007,pnfi_priv_nonres_fi,q,7,FRED_PNFI_priv_nonres_fi.csv,310,0.971787
q__pnfi_priv_nonres_fi__lag008,pnfi_priv_nonres_fi,q,8,FRED_PNFI_priv_nonres_fi.csv,309,0.968652
m__popthm_popthm__lag001,popthm_popthm,m,1,FRED_POPTHM_POPTHM.csv,269,0.84326
m__popthm_popthm__lag002,popthm_popthm,m,2,FRED_POPTHM_POPTHM.csv,269,0.84326
m__popthm_popthm__lag003,popthm_popthm,m,3,FRED_POPTHM_POPTHM.csv,269,0.84326
m__popthm_popthm__lag004,popthm_popthm,m,4,FRED_POPTHM_POPTHM.csv,268,0.840125
m__popthm_popthm__lag005,popthm_popthm,m,5,FRED_POPTHM_POPTHM.csv,268,0.840125
m__popthm_popthm__lag006,popthm_popthm,m,6,FRED_POPTHM_POPTHM.csv,268,0.840125
m__popthm_popthm__lag007,popthm_popthm,m,7,FRED_POPTHM_POPTHM.csv,267,0.836991
m__popthm_popthm__lag008,popthm_popthm,m,8,FRED_POPTHM_POPTHM.csv,267,0.836991
m__popthm_popthm__lag009,popthm_popthm,m,9,FRED_POPTHM_POPTHM.csv,267,0.836991
m__popthm_popthm__lag010,popthm_popthm,m,10,FRED_POPTHM_POPTHM.csv,266,0.833856
m__popthm_popthm__lag011,popthm_popthm,m,11,FRED_POPTHM_POPTHM.csv,266,0.833856
m__popthm_popthm__lag012,popthm_popthm,m,12,FRED_POPTHM_POPTHM.csv,266,0.833856
m__ppiaco_ppiaco__lag001,ppiaco_ppiaco,m,1,FRED_PPIACO_PPIACO.csv,319,1.0
m__ppiaco_ppiaco__lag002,ppiaco_ppiaco,m,2,FRED_PPIACO_PPIACO.csv,319,1.0
m__ppiaco_ppiaco__lag003,ppiaco_ppiaco,m,3,FRED_PPIACO_PPIACO.csv,319,1.0
m__ppiaco_ppiaco__lag004,ppiaco_ppiaco,m,4,FRED_PPIACO_PPIACO.csv,319,1.0
m__ppiaco_ppiaco__lag005,ppiaco_ppiaco,m,5,FRED_PPIACO_PPIACO.csv,319,1.0
m__ppiaco_ppiaco__lag006,ppiaco_ppiaco,m,6,FRED_PPIACO_PPIACO.csv,319,1.0
m__ppiaco_ppiaco__lag007,ppiaco_ppiaco,m,7,FRED_PPIACO_PPIACO.csv,319,1.0
m__ppiaco_ppiaco__lag008,ppiaco_ppiaco,m,8,FRED_PPIACO_PPIACO.csv,319,1.0
m__ppiaco_ppiaco__lag009,ppiaco_ppiaco,m,9,FRED_PPIACO_PPIACO.csv,319,1.0
m__ppiaco_ppiaco__lag010,ppiaco_ppiaco,m,10,FRED_PPIACO_PPIACO.csv,319,1.0
m__ppiaco_ppiaco__lag011,ppiaco_ppiaco,m,11,FRED_PPIACO_PPIACO.csv,319,1.0
m__ppiaco_ppiaco__lag012,ppiaco_ppiaco,m,12,FRED_PPIACO_PPIACO.csv,319,1.0
m__psavert_psavert__lag001,psavert_psavert,m,1,FRED_PSAVERT_PSAVERT.csv,269,0.84326
m__psavert_psavert__lag002,psavert_psavert,m,2,FRED_PSAVERT_PSAVERT.csv,269,0.84326
m__psavert_psavert__lag003,psavert_psavert,m,3,FRED_PSAVERT_PSAVERT.csv,269,0.84326
m__psavert_psavert__lag004,psavert_psavert,m,4,FRED_PSAVERT_PSAVERT.csv,268,0.840125
m__psavert_psavert__lag005,psavert_psavert,m,5,FRED_PSAVERT_PSAVERT.csv,268,0.840125
m__psavert_psavert__lag006,psavert_psavert,m,6,FRED_PSAVERT_PSAVERT.csv,268,0.840125
m__psavert_psavert__lag007,psavert_psavert,m,7,FRED_PSAVERT_PSAVERT.csv,267,0.836991
m__psavert_psavert__lag008,psavert_psavert,m,8,FRED_PSAVERT_PSAVERT.csv,267,0.836991
m__psavert_psavert__lag009,psavert_psavert,m,9,FRED_PSAVERT_PSAVERT.csv,267,0.836991
m__psavert_psavert__lag010,psavert_psavert,m,10,FRED_PSAVERT_PSAVERT.csv,266,0.833856
m__psavert_psavert__lag011,psavert_psavert,m,11,FRED_PSAVERT_PSAVERT.csv,266,0.833856
m__psavert_psavert__lag012,psavert_psavert,m,12,FRED_PSAVERT_PSAVERT.csv,266,0.833856
q__psave_psave__lag001,psave_psave,q,1,FRED_PSAVE_PSAVE.csv,316,0.990596
q__psave_psave__lag002,psave_psave,q,2,FRED_PSAVE_PSAVE.csv,315,0.987461
q__psave_psave__lag003,psave_psave,q,3,FRED_PSAVE_PSAVE.csv,314,0.984326
q__psave_psave__lag004,psave_psave,q,4,FRED_PSAVE_PSAVE.csv,313,0.981191
q__psave_psave__lag005,psave_psave,q,5,FRED_PSAVE_PSAVE.csv,312,0.978056
q__psave_psave__lag006,psave_psave,q,6,FRED_PSAVE_PSAVE.csv,311,0.974922
q__psave_psave__lag007,psave_psave,q,7,FRED_PSAVE_PSAVE.csv,310,0.971787
q__psave_psave__lag008,psave_psave,q,8,FRED_PSAVE_PSAVE.csv,309,0.968652
q__qbpbslevk_tier1lc__lag001,qbpbslevk_tier1lc,q,1,FRED_QBPBSLEVK_tier1lc.csv,168,0.526646
q__qbpbslevk_tier1lc__lag002,qbpbslevk_tier1lc,q,2,FRED_QBPBSLEVK_tier1lc.csv,167,0.523511
q__qbpbslevk_tier1lc__lag003,qbpbslevk_tier1lc,q,3,FRED_QBPBSLEVK_tier1lc.csv,166,0.520376
q__qbpbslevk_tier1lc__lag004,qbpbslevk_tier1lc,q,4,FRED_QBPBSLEVK_tier1lc.csv,165,0.517241
q__qbpbslevk_tier1lc__lag005,qbpbslevk_tier1lc,q,5,FRED_QBPBSLEVK_tier1lc.csv,164,0.514107
q__qbpbslevk_tier1lc__lag006,qbpbslevk_tier1lc,q,6,FRED_QBPBSLEVK_tier1lc.csv,163,0.510972
q__qbpbslevk_tier1lc__lag007,qbpbslevk_tier1lc,q,7,FRED_QBPBSLEVK_tier1lc.csv,162,0.507837
q__qbpbslevk_tier1lc__lag008,qbpbslevk_tier1lc,q,8,FRED_QBPBSLEVK_tier1lc.csv,161,0.504702
q__qbpbsrskk_tier1rbc__lag001,qbpbsrskk_tier1rbc,q,1,FRED_QBPBSRSKK_tier1rbc.csv,168,0.526646
q__qbpbsrskk_tier1rbc__lag002,qbpbsrskk_tier1rbc,q,2,FRED_QBPBSRSKK_tier1rbc.csv,167,0.523511
q__qbpbsrskk_tier1rbc__lag003,qbpbsrskk_tier1rbc,q,3,FRED_QBPBSRSKK_tier1rbc.csv,166,0.520376
q__qbpbsrskk_tier1rbc__lag004,qbpbsrskk_tier1rbc,q,4,FRED_QBPBSRSKK_tier1rbc.csv,165,0.517241
q__qbpbsrskk_tier1rbc__lag005,qbpbsrskk_tier1rbc,q,5,FRED_QBPBSRSKK_tier1rbc.csv,164,0.514107
q__qbpbsrskk_tier1rbc__lag006,qbpbsrskk_tier1rbc,q,6,FRED_QBPBSRSKK_tier1rbc.csv,163,0.510972
q__qbpbsrskk_tier1rbc__lag007,qbpbsrskk_tier1rbc,q,7,FRED_QBPBSRSKK_tier1rbc.csv,162,0.507837
q__qbpbsrskk_tier1rbc__lag008,qbpbsrskk_tier1rbc,q,8,FRED_QBPBSRSKK_tier1rbc.csv,161,0.504702
m__recprousm156n_recprob__lag001,recprousm156n_recprob,m,1,FRED_RECPROUSM156N_RECPROB.csv,236,0.739812
m__recprousm156n_recprob__lag002,recprousm156n_recprob,m,2,FRED_RECPROUSM156N_RECPROB.csv,235,0.736677
m__recprousm156n_recprob__lag003,recprousm156n_recprob,m,3,FRED_RECPROUSM156N_RECPROB.csv,235,0.736677
m__recprousm156n_recprob__lag004,recprousm156n_recprob,m,4,FRED_RECPROUSM156N_RECPROB.csv,235,0.736677
m__recprousm156n_recprob__lag005,recprousm156n_recprob,m,5,FRED_RECPROUSM156N_RECPROB.csv,234,0.733542
m__recprousm156n_recprob__lag006,recprousm156n_recprob,m,6,FRED_RECPROUSM156N_RECPROB.csv,234,0.733542
m__recprousm156n_recprob__lag007,recprousm156n_recprob,m,7,FRED_RECPROUSM156N_RECPROB.csv,234,0.733542
m__recprousm156n_recprob__lag008,recprousm156n_recprob,m,8,FRED_RECPROUSM156N_RECPROB.csv,233,0.730408
m__recprousm156n_recprob__lag009,recprousm156n_recprob,m,9,FRED_RECPROUSM156N_RECPROB.csv,233,0.730408
m__recprousm156n_recprob__lag010,recprousm156n_recprob,m,10,FRED_RECPROUSM156N_RECPROB.csv,233,0.730408
m__recprousm156n_recprob__lag011,recprousm156n_recprob,m,11,FRED_RECPROUSM156N_RECPROB.csv,232,0.727273
m__recprousm156n_recprob__lag012,recprousm156n_recprob,m,12,FRED_RECPROUSM156N_RECPROB.csv,232,0.727273
d__relacbw027sbog_relacbw027sbog__lag001,relacbw027sbog_relacbw027sbog,d,1,FRED_RELACBW027SBOG_RELACBW027SBOG.csv,213,0.667712
d__relacbw027sbog_relacbw027sbog__lag002,relacbw027sbog_relacbw027sbog,d,2,FRED_RELACBW027SBOG_RELACBW027SBOG.csv,213,0.667712
d__relacbw027sbog_relacbw027sbog__lag003,relacbw027sbog_relacbw027sbog,d,3,FRED_RELACBW027SBOG_RELACBW027SBOG.csv,213,0.667712
d__relacbw027sbog_relacbw027sbog__lag004,relacbw027sbog_relacbw027sbog,d,4,FRED_RELACBW027SBOG_RELACBW027SBOG.csv,213,0.667712
d__relacbw027sbog_relacbw027sbog__lag005,relacbw027sbog_relacbw027sbog,d,5,FRED_RELACBW027SBOG_RELACBW027SBOG.csv,213,0.667712
d__relacbw027sbog_relacbw027sbog__lag006,relacbw027sbog_relacbw027sbog,d,6,FRED_RELACBW027SBOG_RELACBW027SBOG.csv,213,0.667712
d__relacbw027sbog_relacbw027sbog__lag007,relacbw027sbog_relacbw027sbog,d,7,FRED_RELACBW027SBOG_RELACBW027SBOG.csv,213,0.667712
d__relacbw027sbog_relacbw027sbog__lag008,relacbw027sbog_relacbw027sbog,d,8,FRED_RELACBW027SBOG_RELACBW027SBOG.csv,213,0.667712
d__relacbw027sbog_relacbw027sbog__lag009,relacbw027sbog_relacbw027sbog,d,9,FRED_RELACBW027SBOG_RELACBW027SBOG.csv,213,0.667712
d__relacbw027sbog_relacbw027sbog__lag010,relacbw027sbog_relacbw027sbog,d,10,FRED_RELACBW027SBOG_RELACBW027SBOG.csv,213,0.667712
d__relacbw027sbog_relacbw027sbog__lag011,relacbw027sbog_relacbw027sbog,d,11,FRED_RELACBW027SBOG_RELACBW027SBOG.csv,213,0.667712
d__relacbw027sbog_relacbw027sbog__lag012,relacbw027sbog_relacbw027sbog,d,12,FRED_RELACBW027SBOG_RELACBW027SBOG.csv,213,0.667712
d__relacbw027sbog_relacbw027sbog__lag013,relacbw027sbog_relacbw027sbog,d,13,FRED_RELACBW027SBOG_RELACBW027SBOG.csv,213,0.667712
d__relacbw027sbog_relacbw027sbog__lag014,relacbw027sbog_relacbw027sbog,d,14,FRED_RELACBW027SBOG_RELACBW027SBOG.csv,213,0.667712
d__relacbw027sbog_relacbw027sbog__lag015,relacbw027sbog_relacbw027sbog,d,15,FRED_RELACBW027SBOG_RELACBW027SBOG.csv,213,0.667712
d__relacbw027sbog_relacbw027sbog__lag016,relacbw027sbog_relacbw027sbog,d,16,FRED_RELACBW027SBOG_RELACBW027SBOG.csv,213,0.667712
d__relacbw027sbog_relacbw027sbog__lag017,relacbw027sbog_relacbw027sbog,d,17,FRED_RELACBW027SBOG_RELACBW027SBOG.csv,213,0.667712
d__relacbw027sbog_relacbw027sbog__lag018,relacbw027sbog_relacbw027sbog,d,18,FRED_RELACBW027SBOG_RELACBW027SBOG.csv,213,0.667712
d__relacbw027sbog_relacbw027sbog__lag019,relacbw027sbog_relacbw027sbog,d,19,FRED_RELACBW027SBOG_RELACBW027SBOG.csv,213,0.667712
d__relacbw027sbog_relacbw027sbog__lag020,relacbw027sbog_relacbw027sbog,d,20,FRED_RELACBW027SBOG_RELACBW027SBOG.csv,213,0.667712
d__relacbw027sbog_relacbw027sbog__lag021,relacbw027sbog_relacbw027sbog,d,21,FRED_RELACBW027SBOG_RELACBW027SBOG.csv,213,0.667712
d__relacbw027sbog_relacbw027sbog__lag022,relacbw027sbog_relacbw027sbog,d,22,FRED_RELACBW027SBOG_RELACBW027SBOG.csv,213,0.667712
d__relacbw027sbog_relacbw027sbog__lag023,relacbw027sbog_relacbw027sbog,d,23,FRED_RELACBW027SBOG_RELACBW027SBOG.csv,213,0.667712
d__relacbw027sbog_relacbw027sbog__lag024,relacbw027sbog_relacbw027sbog,d,24,FRED_RELACBW027SBOG_RELACBW027SBOG.csv,213,0.667712
d__relacbw027sbog_relacbw027sbog__lag025,relacbw027sbog_relacbw027sbog,d,25,FRED_RELACBW027SBOG_RELACBW027SBOG.csv,213,0.667712
d__relacbw027sbog_relacbw027sbog__lag026,relacbw027sbog_relacbw027sbog,d,26,FRED_RELACBW027SBOG_RELACBW027SBOG.csv,213,0.667712
d__relacbw027sbog_relacbw027sbog__lag027,relacbw027sbog_relacbw027sbog,d,27,FRED_RELACBW027SBOG_RELACBW027SBOG.csv,213,0.667712
d__relacbw027sbog_relacbw027sbog__lag028,relacbw027sbog_relacbw027sbog,d,28,FRED_RELACBW027SBOG_RELACBW027SBOG.csv,213,0.667712
d__relacbw027sbog_relacbw027sbog__lag029,relacbw027sbog_relacbw027sbog,d,29,FRED_RELACBW027SBOG_RELACBW027SBOG.csv,213,0.667712
d__relacbw027sbog_relacbw027sbog__lag030,relacbw027sbog_relacbw027sbog,d,30,FRED_RELACBW027SBOG_RELACBW027SBOG.csv,213,0.667712
d__relacbw027sbog_relacbw027sbog__lag031,relacbw027sbog_relacbw027sbog,d,31,FRED_RELACBW027SBOG_RELACBW027SBOG.csv,213,0.667712
d__relacbw027sbog_relacbw027sbog__lag032,relacbw027sbog_relacbw027sbog,d,32,FRED_RELACBW027SBOG_RELACBW027SBOG.csv,213,0.667712
d__relacbw027sbog_relacbw027sbog__lag033,relacbw027sbog_relacbw027sbog,d,33,FRED_RELACBW027SBOG_RELACBW027SBOG.csv,213,0.667712
d__relacbw027sbog_relacbw027sbog__lag034,relacbw027sbog_relacbw027sbog,d,34,FRED_RELACBW027SBOG_RELACBW027SBOG.csv,213,0.667712
d__relacbw027sbog_relacbw027sbog__lag035,relacbw027sbog_relacbw027sbog,d,35,FRED_RELACBW027SBOG_RELACBW027SBOG.csv,213,0.667712
d__relacbw027sbog_relacbw027sbog__lag036,relacbw027sbog_relacbw027sbog,d,36,FRED_RELACBW027SBOG_RELACBW027SBOG.csv,213,0.667712
d__relacbw027sbog_relacbw027sbog__lag037,relacbw027sbog_relacbw027sbog,d,37,FRED_RELACBW027SBOG_RELACBW027SBOG.csv,213,0.667712
d__relacbw027sbog_relacbw027sbog__lag038,relacbw027sbog_relacbw027sbog,d,38,FRED_RELACBW027SBOG_RELACBW027SBOG.csv,213,0.667712
d__relacbw027sbog_relacbw027sbog__lag039,relacbw027sbog_relacbw027sbog,d,39,FRED_RELACBW027SBOG_RELACBW027SBOG.csv,213,0.667712
d__relacbw027sbog_relacbw027sbog__lag040,relacbw027sbog_relacbw027sbog,d,40,FRED_RELACBW027SBOG_RELACBW027SBOG.csv,213,0.667712
d__relacbw027sbog_relacbw027sbog__lag041,relacbw027sbog_relacbw027sbog,d,41,FRED_RELACBW027SBOG_RELACBW027SBOG.csv,213,0.667712
d__relacbw027sbog_relacbw027sbog__lag042,relacbw027sbog_relacbw027sbog,d,42,FRED_RELACBW027SBOG_RELACBW027SBOG.csv,213,0.667712
d__relacbw027sbog_relacbw027sbog__lag043,relacbw027sbog_relacbw027sbog,d,43,FRED_RELACBW027SBOG_RELACBW027SBOG.csv,213,0.667712
d__relacbw027sbog_relacbw027sbog__lag044,relacbw027sbog_relacbw027sbog,d,44,FRED_RELACBW027SBOG_RELACBW027SBOG.csv,213,0.667712
d__relacbw027sbog_relacbw027sbog__lag045,relacbw027sbog_relacbw027sbog,d,45,FRED_RELACBW027SBOG_RELACBW027SBOG.csv,213,0.667712
d__relacbw027sbog_relacbw027sbog__lag046,relacbw027sbog_relacbw027sbog,d,46,FRED_RELACBW027SBOG_RELACBW027SBOG.csv,213,0.667712
d__relacbw027sbog_relacbw027sbog__lag047,relacbw027sbog_relacbw027sbog,d,47,FRED_RELACBW027SBOG_RELACBW027SBOG.csv,213,0.667712
d__relacbw027sbog_relacbw027sbog__lag048,relacbw027sbog_relacbw027sbog,d,48,FRED_RELACBW027SBOG_RELACBW027SBOG.csv,213,0.667712
d__relacbw027sbog_relacbw027sbog__lag049,relacbw027sbog_relacbw027sbog,d,49,FRED_RELACBW027SBOG_RELACBW027SBOG.csv,213,0.667712
d__relacbw027sbog_relacbw027sbog__lag050,relacbw027sbog_relacbw027sbog,d,50,FRED_RELACBW027SBOG_RELACBW027SBOG.csv,213,0.667712
d__relacbw027sbog_relacbw027sbog__lag051,relacbw027sbog_relacbw027sbog,d,51,FRED_RELACBW027SBOG_RELACBW027SBOG.csv,213,0.667712
d__relacbw027sbog_relacbw027sbog__lag052,relacbw027sbog_relacbw027sbog,d,52,FRED_RELACBW027SBOG_RELACBW027SBOG.csv,213,0.667712
d__relacbw027sbog_relacbw027sbog__lag053,relacbw027sbog_relacbw027sbog,d,53,FRED_RELACBW027SBOG_RELACBW027SBOG.csv,213,0.667712
d__relacbw027sbog_relacbw027sbog__lag054,relacbw027sbog_relacbw027sbog,d,54,FRED_RELACBW027SBOG_RELACBW027SBOG.csv,213,0.667712
d__relacbw027sbog_relacbw027sbog__lag055,relacbw027sbog_relacbw027sbog,d,55,FRED_RELACBW027SBOG_RELACBW027SBOG.csv,213,0.667712
d__relacbw027sbog_relacbw027sbog__lag056,relacbw027sbog_relacbw027sbog,d,56,FRED_RELACBW027SBOG_RELACBW027SBOG.csv,213,0.667712
d__relacbw027sbog_relacbw027sbog__lag057,relacbw027sbog_relacbw027sbog,d,57,FRED_RELACBW027SBOG_RELACBW027SBOG.csv,213,0.667712
d__relacbw027sbog_relacbw027sbog__lag058,relacbw027sbog_relacbw027sbog,d,58,FRED_RELACBW027SBOG_RELACBW027SBOG.csv,213,0.667712
d__relacbw027sbog_relacbw027sbog__lag059,relacbw027sbog_relacbw027sbog,d,59,FRED_RELACBW027SBOG_RELACBW027SBOG.csv,213,0.667712
d__relacbw027sbog_relacbw027sbog__lag060,relacbw027sbog_relacbw027sbog,d,60,FRED_RELACBW027SBOG_RELACBW027SBOG.csv,213,0.667712
d__relacbw027sbog_relacbw027sbog__lag061,relacbw027sbog_relacbw027sbog,d,61,FRED_RELACBW027SBOG_RELACBW027SBOG.csv,213,0.667712
d__relacbw027sbog_relacbw027sbog__lag062,relacbw027sbog_relacbw027sbog,d,62,FRED_RELACBW027SBOG_RELACBW027SBOG.csv,213,0.667712
d__relacbw027sbog_relacbw027sbog__lag063,relacbw027sbog_relacbw027sbog,d,63,FRED_RELACBW027SBOG_RELACBW027SBOG.csv,213,0.667712
d__relacbw027sbog_relacbw027sbog__lag064,relacbw027sbog_relacbw027sbog,d,64,FRED_RELACBW027SBOG_RELACBW027SBOG.csv,213,0.667712
d__relacbw027sbog_relacbw027sbog__lag065,relacbw027sbog_relacbw027sbog,d,65,FRED_RELACBW027SBOG_RELACBW027SBOG.csv,213,0.667712
d__relacbw027sbog_relacbw027sbog__lag066,relacbw027sbog_relacbw027sbog,d,66,FRED_RELACBW027SBOG_RELACBW027SBOG.csv,213,0.667712
d__relacbw027sbog_relacbw027sbog__lag067,relacbw027sbog_relacbw027sbog,d,67,FRED_RELACBW027SBOG_RELACBW027SBOG.csv,213,0.667712
d__relacbw027sbog_relacbw027sbog__lag068,relacbw027sbog_relacbw027sbog,d,68,FRED_RELACBW027SBOG_RELACBW027SBOG.csv,213,0.667712
d__relacbw027sbog_relacbw027sbog__lag069,relacbw027sbog_relacbw027sbog,d,69,FRED_RELACBW027SBOG_RELACBW027SBOG.csv,213,0.667712
d__relacbw027sbog_relacbw027sbog__lag070,relacbw027sbog_relacbw027sbog,d,70,FRED_RELACBW027SBOG_RELACBW027SBOG.csv,213,0.667712
d__relacbw027sbog_relacbw027sbog__lag071,relacbw027sbog_relacbw027sbog,d,71,FRED_RELACBW027SBOG_RELACBW027SBOG.csv,213,0.667712
d__relacbw027sbog_relacbw027sbog__lag072,relacbw027sbog_relacbw027sbog,d,72,FRED_RELACBW027SBOG_RELACBW027SBOG.csv,213,0.667712
d__relacbw027sbog_relacbw027sbog__lag073,relacbw027sbog_relacbw027sbog,d,73,FRED_RELACBW027SBOG_RELACBW027SBOG.csv,213,0.667712
d__relacbw027sbog_relacbw027sbog__lag074,relacbw027sbog_relacbw027sbog,d,74,FRED_RELACBW027SBOG_RELACBW027SBOG.csv,213,0.667712
d__relacbw027sbog_relacbw027sbog__lag075,relacbw027sbog_relacbw027sbog,d,75,FRED_RELACBW027SBOG_RELACBW027SBOG.csv,213,0.667712
d__relacbw027sbog_relacbw027sbog__lag076,relacbw027sbog_relacbw027sbog,d,76,FRED_RELACBW027SBOG_RELACBW027SBOG.csv,213,0.667712
d__relacbw027sbog_relacbw027sbog__lag077,relacbw027sbog_relacbw027sbog,d,77,FRED_RELACBW027SBOG_RELACBW027SBOG.csv,213,0.667712
d__relacbw027sbog_relacbw027sbog__lag078,relacbw027sbog_relacbw027sbog,d,78,FRED_RELACBW027SBOG_RELACBW027SBOG.csv,213,0.667712
d__relacbw027sbog_relacbw027sbog__lag079,relacbw027sbog_relacbw027sbog,d,79,FRED_RELACBW027SBOG_RELACBW027SBOG.csv,213,0.667712
d__relacbw027sbog_relacbw027sbog__lag080,relacbw027sbog_relacbw027sbog,d,80,FRED_RELACBW027SBOG_RELACBW027SBOG.csv,213,0.667712
d__relacbw027sbog_relacbw027sbog__lag081,relacbw027sbog_relacbw027sbog,d,81,FRED_RELACBW027SBOG_RELACBW027SBOG.csv,213,0.667712
d__relacbw027sbog_relacbw027sbog__lag082,relacbw027sbog_relacbw027sbog,d,82,FRED_RELACBW027SBOG_RELACBW027SBOG.csv,213,0.667712
d__relacbw027sbog_relacbw027sbog__lag083,relacbw027sbog_relacbw027sbog,d,83,FRED_RELACBW027SBOG_RELACBW027SBOG.csv,213,0.667712
d__relacbw027sbog_relacbw027sbog__lag084,relacbw027sbog_relacbw027sbog,d,84,FRED_RELACBW027SBOG_RELACBW027SBOG.csv,213,0.667712
d__relacbw027sbog_relacbw027sbog__lag085,relacbw027sbog_relacbw027sbog,d,85,FRED_RELACBW027SBOG_RELACBW027SBOG.csv,213,0.667712
d__relacbw027sbog_relacbw027sbog__lag086,relacbw027sbog_relacbw027sbog,d,86,FRED_RELACBW027SBOG_RELACBW027SBOG.csv,213,0.667712
d__relacbw027sbog_relacbw027sbog__lag087,relacbw027sbog_relacbw027sbog,d,87,FRED_RELACBW027SBOG_RELACBW027SBOG.csv,213,0.667712
d__relacbw027sbog_relacbw027sbog__lag088,relacbw027sbog_relacbw027sbog,d,88,FRED_RELACBW027SBOG_RELACBW027SBOG.csv,213,0.667712
d__relacbw027sbog_relacbw027sbog__lag089,relacbw027sbog_relacbw027sbog,d,89,FRED_RELACBW027SBOG_RELACBW027SBOG.csv,212,0.664577
d__relacbw027sbog_relacbw027sbog__lag090,relacbw027sbog_relacbw027sbog,d,90,FRED_RELACBW027SBOG_RELACBW027SBOG.csv,212,0.664577
d__relacbw027sbog_re_loans__lag001,relacbw027sbog_re_loans,d,1,FRED_RELACBW027SBOG_re_loans.csv,213,0.667712
d__relacbw027sbog_re_loans__lag002,relacbw027sbog_re_loans,d,2,FRED_RELACBW027SBOG_re_loans.csv,213,0.667712
d__relacbw027sbog_re_loans__lag003,relacbw027sbog_re_loans,d,3,FRED_RELACBW027SBOG_re_loans.csv,213,0.667712
d__relacbw027sbog_re_loans__lag004,relacbw027sbog_re_loans,d,4,FRED_RELACBW027SBOG_re_loans.csv,213,0.667712
d__relacbw027sbog_re_loans__lag005,relacbw027sbog_re_loans,d,5,FRED_RELACBW027SBOG_re_loans.csv,213,0.667712
d__relacbw027sbog_re_loans__lag006,relacbw027sbog_re_loans,d,6,FRED_RELACBW027SBOG_re_loans.csv,213,0.667712
d__relacbw027sbog_re_loans__lag007,relacbw027sbog_re_loans,d,7,FRED_RELACBW027SBOG_re_loans.csv,213,0.667712
d__relacbw027sbog_re_loans__lag008,relacbw027sbog_re_loans,d,8,FRED_RELACBW027SBOG_re_loans.csv,213,0.667712
d__relacbw027sbog_re_loans__lag009,relacbw027sbog_re_loans,d,9,FRED_RELACBW027SBOG_re_loans.csv,213,0.667712
d__relacbw027sbog_re_loans__lag010,relacbw027sbog_re_loans,d,10,FRED_RELACBW027SBOG_re_loans.csv,213,0.667712
d__relacbw027sbog_re_loans__lag011,relacbw027sbog_re_loans,d,11,FRED_RELACBW027SBOG_re_loans.csv,213,0.667712
d__relacbw027sbog_re_loans__lag012,relacbw027sbog_re_loans,d,12,FRED_RELACBW027SBOG_re_loans.csv,213,0.667712
d__relacbw027sbog_re_loans__lag013,relacbw027sbog_re_loans,d,13,FRED_RELACBW027SBOG_re_loans.csv,213,0.667712
d__relacbw027sbog_re_loans__lag014,relacbw027sbog_re_loans,d,14,FRED_RELACBW027SBOG_re_loans.csv,213,0.667712
d__relacbw027sbog_re_loans__lag015,relacbw027sbog_re_loans,d,15,FRED_RELACBW027SBOG_re_loans.csv,213,0.667712
d__relacbw027sbog_re_loans__lag016,relacbw027sbog_re_loans,d,16,FRED_RELACBW027SBOG_re_loans.csv,213,0.667712
d__relacbw027sbog_re_loans__lag017,relacbw027sbog_re_loans,d,17,FRED_RELACBW027SBOG_re_loans.csv,213,0.667712
d__relacbw027sbog_re_loans__lag018,relacbw027sbog_re_loans,d,18,FRED_RELACBW027SBOG_re_loans.csv,213,0.667712
d__relacbw027sbog_re_loans__lag019,relacbw027sbog_re_loans,d,19,FRED_RELACBW027SBOG_re_loans.csv,213,0.667712
d__relacbw027sbog_re_loans__lag020,relacbw027sbog_re_loans,d,20,FRED_RELACBW027SBOG_re_loans.csv,213,0.667712
d__relacbw027sbog_re_loans__lag021,relacbw027sbog_re_loans,d,21,FRED_RELACBW027SBOG_re_loans.csv,213,0.667712
d__relacbw027sbog_re_loans__lag022,relacbw027sbog_re_loans,d,22,FRED_RELACBW027SBOG_re_loans.csv,213,0.667712
d__relacbw027sbog_re_loans__lag023,relacbw027sbog_re_loans,d,23,FRED_RELACBW027SBOG_re_loans.csv,213,0.667712
d__relacbw027sbog_re_loans__lag024,relacbw027sbog_re_loans,d,24,FRED_RELACBW027SBOG_re_loans.csv,213,0.667712
d__relacbw027sbog_re_loans__lag025,relacbw027sbog_re_loans,d,25,FRED_RELACBW027SBOG_re_loans.csv,213,0.667712
d__relacbw027sbog_re_loans__lag026,relacbw027sbog_re_loans,d,26,FRED_RELACBW027SBOG_re_loans.csv,213,0.667712
d__relacbw027sbog_re_loans__lag027,relacbw027sbog_re_loans,d,27,FRED_RELACBW027SBOG_re_loans.csv,213,0.667712
d__relacbw027sbog_re_loans__lag028,relacbw027sbog_re_loans,d,28,FRED_RELACBW027SBOG_re_loans.csv,213,0.667712
d__relacbw027sbog_re_loans__lag029,relacbw027sbog_re_loans,d,29,FRED_RELACBW027SBOG_re_loans.csv,213,0.667712
d__relacbw027sbog_re_loans__lag030,relacbw027sbog_re_loans,d,30,FRED_RELACBW027SBOG_re_loans.csv,213,0.667712
d__relacbw027sbog_re_loans__lag031,relacbw027sbog_re_loans,d,31,FRED_RELACBW027SBOG_re_loans.csv,213,0.667712
d__relacbw027sbog_re_loans__lag032,relacbw027sbog_re_loans,d,32,FRED_RELACBW027SBOG_re_loans.csv,213,0.667712
d__relacbw027sbog_re_loans__lag033,relacbw027sbog_re_loans,d,33,FRED_RELACBW027SBOG_re_loans.csv,213,0.667712
d__relacbw027sbog_re_loans__lag034,relacbw027sbog_re_loans,d,34,FRED_RELACBW027SBOG_re_loans.csv,213,0.667712
d__relacbw027sbog_re_loans__lag035,relacbw027sbog_re_loans,d,35,FRED_RELACBW027SBOG_re_loans.csv,213,0.667712
d__relacbw027sbog_re_loans__lag036,relacbw027sbog_re_loans,d,36,FRED_RELACBW027SBOG_re_loans.csv,213,0.667712
d__relacbw027sbog_re_loans__lag037,relacbw027sbog_re_loans,d,37,FRED_RELACBW027SBOG_re_loans.csv,213,0.667712
d__relacbw027sbog_re_loans__lag038,relacbw027sbog_re_loans,d,38,FRED_RELACBW027SBOG_re_loans.csv,213,0.667712
d__relacbw027sbog_re_loans__lag039,relacbw027sbog_re_loans,d,39,FRED_RELACBW027SBOG_re_loans.csv,213,0.667712
d__relacbw027sbog_re_loans__lag040,relacbw027sbog_re_loans,d,40,FRED_RELACBW027SBOG_re_loans.csv,213,0.667712
d__relacbw027sbog_re_loans__lag041,relacbw027sbog_re_loans,d,41,FRED_RELACBW027SBOG_re_loans.csv,213,0.667712
d__relacbw027sbog_re_loans__lag042,relacbw027sbog_re_loans,d,42,FRED_RELACBW027SBOG_re_loans.csv,213,0.667712
d__relacbw027sbog_re_loans__lag043,relacbw027sbog_re_loans,d,43,FRED_RELACBW027SBOG_re_loans.csv,213,0.667712
d__relacbw027sbog_re_loans__lag044,relacbw027sbog_re_loans,d,44,FRED_RELACBW027SBOG_re_loans.csv,213,0.667712
d__relacbw027sbog_re_loans__lag045,relacbw027sbog_re_loans,d,45,FRED_RELACBW027SBOG_re_loans.csv,213,0.667712
d__relacbw027sbog_re_loans__lag046,relacbw027sbog_re_loans,d,46,FRED_RELACBW027SBOG_re_loans.csv,213,0.667712
d__relacbw027sbog_re_loans__lag047,relacbw027sbog_re_loans,d,47,FRED_RELACBW027SBOG_re_loans.csv,213,0.667712
d__relacbw027sbog_re_loans__lag048,relacbw027sbog_re_loans,d,48,FRED_RELACBW027SBOG_re_loans.csv,213,0.667712
d__relacbw027sbog_re_loans__lag049,relacbw027sbog_re_loans,d,49,FRED_RELACBW027SBOG_re_loans.csv,213,0.667712
d__relacbw027sbog_re_loans__lag050,relacbw027sbog_re_loans,d,50,FRED_RELACBW027SBOG_re_loans.csv,213,0.667712
d__relacbw027sbog_re_loans__lag051,relacbw027sbog_re_loans,d,51,FRED_RELACBW027SBOG_re_loans.csv,213,0.667712
d__relacbw027sbog_re_loans__lag052,relacbw027sbog_re_loans,d,52,FRED_RELACBW027SBOG_re_loans.csv,213,0.667712
d__relacbw027sbog_re_loans__lag053,relacbw027sbog_re_loans,d,53,FRED_RELACBW027SBOG_re_loans.csv,213,0.667712
d__relacbw027sbog_re_loans__lag054,relacbw027sbog_re_loans,d,54,FRED_RELACBW027SBOG_re_loans.csv,213,0.667712
d__relacbw027sbog_re_loans__lag055,relacbw027sbog_re_loans,d,55,FRED_RELACBW027SBOG_re_loans.csv,213,0.667712
d__relacbw027sbog_re_loans__lag056,relacbw027sbog_re_loans,d,56,FRED_RELACBW027SBOG_re_loans.csv,213,0.667712
d__relacbw027sbog_re_loans__lag057,relacbw027sbog_re_loans,d,57,FRED_RELACBW027SBOG_re_loans.csv,213,0.667712
d__relacbw027sbog_re_loans__lag058,relacbw027sbog_re_loans,d,58,FRED_RELACBW027SBOG_re_loans.csv,213,0.667712
d__relacbw027sbog_re_loans__lag059,relacbw027sbog_re_loans,d,59,FRED_RELACBW027SBOG_re_loans.csv,213,0.667712
d__relacbw027sbog_re_loans__lag060,relacbw027sbog_re_loans,d,60,FRED_RELACBW027SBOG_re_loans.csv,213,0.667712
d__relacbw027sbog_re_loans__lag061,relacbw027sbog_re_loans,d,61,FRED_RELACBW027SBOG_re_loans.csv,213,0.667712
d__relacbw027sbog_re_loans__lag062,relacbw027sbog_re_loans,d,62,FRED_RELACBW027SBOG_re_loans.csv,213,0.667712
d__relacbw027sbog_re_loans__lag063,relacbw027sbog_re_loans,d,63,FRED_RELACBW027SBOG_re_loans.csv,213,0.667712
d__relacbw027sbog_re_loans__lag064,relacbw027sbog_re_loans,d,64,FRED_RELACBW027SBOG_re_loans.csv,213,0.667712
d__relacbw027sbog_re_loans__lag065,relacbw027sbog_re_loans,d,65,FRED_RELACBW027SBOG_re_loans.csv,213,0.667712
d__relacbw027sbog_re_loans__lag066,relacbw027sbog_re_loans,d,66,FRED_RELACBW027SBOG_re_loans.csv,213,0.667712
d__relacbw027sbog_re_loans__lag067,relacbw027sbog_re_loans,d,67,FRED_RELACBW027SBOG_re_loans.csv,213,0.667712
d__relacbw027sbog_re_loans__lag068,relacbw027sbog_re_loans,d,68,FRED_RELACBW027SBOG_re_loans.csv,213,0.667712
d__relacbw027sbog_re_loans__lag069,relacbw027sbog_re_loans,d,69,FRED_RELACBW027SBOG_re_loans.csv,213,0.667712
d__relacbw027sbog_re_loans__lag070,relacbw027sbog_re_loans,d,70,FRED_RELACBW027SBOG_re_loans.csv,213,0.667712
d__relacbw027sbog_re_loans__lag071,relacbw027sbog_re_loans,d,71,FRED_RELACBW027SBOG_re_loans.csv,213,0.667712
d__relacbw027sbog_re_loans__lag072,relacbw027sbog_re_loans,d,72,FRED_RELACBW027SBOG_re_loans.csv,213,0.667712
d__relacbw027sbog_re_loans__lag073,relacbw027sbog_re_loans,d,73,FRED_RELACBW027SBOG_re_loans.csv,213,0.667712
d__relacbw027sbog_re_loans__lag074,relacbw027sbog_re_loans,d,74,FRED_RELACBW027SBOG_re_loans.csv,213,0.667712
d__relacbw027sbog_re_loans__lag075,relacbw027sbog_re_loans,d,75,FRED_RELACBW027SBOG_re_loans.csv,213,0.667712
d__relacbw027sbog_re_loans__lag076,relacbw027sbog_re_loans,d,76,FRED_RELACBW027SBOG_re_loans.csv,213,0.667712
d__relacbw027sbog_re_loans__lag077,relacbw027sbog_re_loans,d,77,FRED_RELACBW027SBOG_re_loans.csv,213,0.667712
d__relacbw027sbog_re_loans__lag078,relacbw027sbog_re_loans,d,78,FRED_RELACBW027SBOG_re_loans.csv,213,0.667712
d__relacbw027sbog_re_loans__lag079,relacbw027sbog_re_loans,d,79,FRED_RELACBW027SBOG_re_loans.csv,213,0.667712
d__relacbw027sbog_re_loans__lag080,relacbw027sbog_re_loans,d,80,FRED_RELACBW027SBOG_re_loans.csv,213,0.667712
d__relacbw027sbog_re_loans__lag081,relacbw027sbog_re_loans,d,81,FRED_RELACBW027SBOG_re_loans.csv,213,0.667712
d__relacbw027sbog_re_loans__lag082,relacbw027sbog_re_loans,d,82,FRED_RELACBW027SBOG_re_loans.csv,213,0.667712
d__relacbw027sbog_re_loans__lag083,relacbw027sbog_re_loans,d,83,FRED_RELACBW027SBOG_re_loans.csv,213,0.667712
d__relacbw027sbog_re_loans__lag084,relacbw027sbog_re_loans,d,84,FRED_RELACBW027SBOG_re_loans.csv,213,0.667712
d__relacbw027sbog_re_loans__lag085,relacbw027sbog_re_loans,d,85,FRED_RELACBW027SBOG_re_loans.csv,213,0.667712
d__relacbw027sbog_re_loans__lag086,relacbw027sbog_re_loans,d,86,FRED_RELACBW027SBOG_re_loans.csv,213,0.667712
d__relacbw027sbog_re_loans__lag087,relacbw027sbog_re_loans,d,87,FRED_RELACBW027SBOG_re_loans.csv,213,0.667712
d__relacbw027sbog_re_loans__lag088,relacbw027sbog_re_loans,d,88,FRED_RELACBW027SBOG_re_loans.csv,213,0.667712
d__relacbw027sbog_re_loans__lag089,relacbw027sbog_re_loans,d,89,FRED_RELACBW027SBOG_re_loans.csv,212,0.664577
d__relacbw027sbog_re_loans__lag090,relacbw027sbog_re_loans,d,90,FRED_RELACBW027SBOG_re_loans.csv,212,0.664577
d__relacbw027sbog_real_estate_loan__lag001,relacbw027sbog_real_estate_loan,d,1,FRED_RELACBW027SBOG_real_estate_loan.csv,213,0.667712
d__relacbw027sbog_real_estate_loan__lag002,relacbw027sbog_real_estate_loan,d,2,FRED_RELACBW027SBOG_real_estate_loan.csv,213,0.667712
d__relacbw027sbog_real_estate_loan__lag003,relacbw027sbog_real_estate_loan,d,3,FRED_RELACBW027SBOG_real_estate_loan.csv,213,0.667712
d__relacbw027sbog_real_estate_loan__lag004,relacbw027sbog_real_estate_loan,d,4,FRED_RELACBW027SBOG_real_estate_loan.csv,213,0.667712
d__relacbw027sbog_real_estate_loan__lag005,relacbw027sbog_real_estate_loan,d,5,FRED_RELACBW027SBOG_real_estate_loan.csv,213,0.667712
d__relacbw027sbog_real_estate_loan__lag006,relacbw027sbog_real_estate_loan,d,6,FRED_RELACBW027SBOG_real_estate_loan.csv,213,0.667712
d__relacbw027sbog_real_estate_loan__lag007,relacbw027sbog_real_estate_loan,d,7,FRED_RELACBW027SBOG_real_estate_loan.csv,213,0.667712
d__relacbw027sbog_real_estate_loan__lag008,relacbw027sbog_real_estate_loan,d,8,FRED_RELACBW027SBOG_real_estate_loan.csv,213,0.667712
d__relacbw027sbog_real_estate_loan__lag009,relacbw027sbog_real_estate_loan,d,9,FRED_RELACBW027SBOG_real_estate_loan.csv,213,0.667712
d__relacbw027sbog_real_estate_loan__lag010,relacbw027sbog_real_estate_loan,d,10,FRED_RELACBW027SBOG_real_estate_loan.csv,213,0.667712
d__relacbw027sbog_real_estate_loan__lag011,relacbw027sbog_real_estate_loan,d,11,FRED_RELACBW027SBOG_real_estate_loan.csv,213,0.667712
d__relacbw027sbog_real_estate_loan__lag012,relacbw027sbog_real_estate_loan,d,12,FRED_RELACBW027SBOG_real_estate_loan.csv,213,0.667712
d__relacbw027sbog_real_estate_loan__lag013,relacbw027sbog_real_estate_loan,d,13,FRED_RELACBW027SBOG_real_estate_loan.csv,213,0.667712
d__relacbw027sbog_real_estate_loan__lag014,relacbw027sbog_real_estate_loan,d,14,FRED_RELACBW027SBOG_real_estate_loan.csv,213,0.667712
d__relacbw027sbog_real_estate_loan__lag015,relacbw027sbog_real_estate_loan,d,15,FRED_RELACBW027SBOG_real_estate_loan.csv,213,0.667712
d__relacbw027sbog_real_estate_loan__lag016,relacbw027sbog_real_estate_loan,d,16,FRED_RELACBW027SBOG_real_estate_loan.csv,213,0.667712
d__relacbw027sbog_real_estate_loan__lag017,relacbw027sbog_real_estate_loan,d,17,FRED_RELACBW027SBOG_real_estate_loan.csv,213,0.667712
d__relacbw027sbog_real_estate_loan__lag018,relacbw027sbog_real_estate_loan,d,18,FRED_RELACBW027SBOG_real_estate_loan.csv,213,0.667712
d__relacbw027sbog_real_estate_loan__lag019,relacbw027sbog_real_estate_loan,d,19,FRED_RELACBW027SBOG_real_estate_loan.csv,213,0.667712
d__relacbw027sbog_real_estate_loan__lag020,relacbw027sbog_real_estate_loan,d,20,FRED_RELACBW027SBOG_real_estate_loan.csv,213,0.667712
d__relacbw027sbog_real_estate_loan__lag021,relacbw027sbog_real_estate_loan,d,21,FRED_RELACBW027SBOG_real_estate_loan.csv,213,0.667712
d__relacbw027sbog_real_estate_loan__lag022,relacbw027sbog_real_estate_loan,d,22,FRED_RELACBW027SBOG_real_estate_loan.csv,213,0.667712
d__relacbw027sbog_real_estate_loan__lag023,relacbw027sbog_real_estate_loan,d,23,FRED_RELACBW027SBOG_real_estate_loan.csv,213,0.667712
d__relacbw027sbog_real_estate_loan__lag024,relacbw027sbog_real_estate_loan,d,24,FRED_RELACBW027SBOG_real_estate_loan.csv,213,0.667712
d__relacbw027sbog_real_estate_loan__lag025,relacbw027sbog_real_estate_loan,d,25,FRED_RELACBW027SBOG_real_estate_loan.csv,213,0.667712
d__relacbw027sbog_real_estate_loan__lag026,relacbw027sbog_real_estate_loan,d,26,FRED_RELACBW027SBOG_real_estate_loan.csv,213,0.667712
d__relacbw027sbog_real_estate_loan__lag027,relacbw027sbog_real_estate_loan,d,27,FRED_RELACBW027SBOG_real_estate_loan.csv,213,0.667712
d__relacbw027sbog_real_estate_loan__lag028,relacbw027sbog_real_estate_loan,d,28,FRED_RELACBW027SBOG_real_estate_loan.csv,213,0.667712
d__relacbw027sbog_real_estate_loan__lag029,relacbw027sbog_real_estate_loan,d,29,FRED_RELACBW027SBOG_real_estate_loan.csv,213,0.667712
d__relacbw027sbog_real_estate_loan__lag030,relacbw027sbog_real_estate_loan,d,30,FRED_RELACBW027SBOG_real_estate_loan.csv,213,0.667712
d__relacbw027sbog_real_estate_loan__lag031,relacbw027sbog_real_estate_loan,d,31,FRED_RELACBW027SBOG_real_estate_loan.csv,213,0.667712
d__relacbw027sbog_real_estate_loan__lag032,relacbw027sbog_real_estate_loan,d,32,FRED_RELACBW027SBOG_real_estate_loan.csv,213,0.667712
d__relacbw027sbog_real_estate_loan__lag033,relacbw027sbog_real_estate_loan,d,33,FRED_RELACBW027SBOG_real_estate_loan.csv,213,0.667712
d__relacbw027sbog_real_estate_loan__lag034,relacbw027sbog_real_estate_loan,d,34,FRED_RELACBW027SBOG_real_estate_loan.csv,213,0.667712
d__relacbw027sbog_real_estate_loan__lag035,relacbw027sbog_real_estate_loan,d,35,FRED_RELACBW027SBOG_real_estate_loan.csv,213,0.667712
d__relacbw027sbog_real_estate_loan__lag036,relacbw027sbog_real_estate_loan,d,36,FRED_RELACBW027SBOG_real_estate_loan.csv,213,0.667712
d__relacbw027sbog_real_estate_loan__lag037,relacbw027sbog_real_estate_loan,d,37,FRED_RELACBW027SBOG_real_estate_loan.csv,213,0.667712
d__relacbw027sbog_real_estate_loan__lag038,relacbw027sbog_real_estate_loan,d,38,FRED_RELACBW027SBOG_real_estate_loan.csv,213,0.667712
d__relacbw027sbog_real_estate_loan__lag039,relacbw027sbog_real_estate_loan,d,39,FRED_RELACBW027SBOG_real_estate_loan.csv,213,0.667712
d__relacbw027sbog_real_estate_loan__lag040,relacbw027sbog_real_estate_loan,d,40,FRED_RELACBW027SBOG_real_estate_loan.csv,213,0.667712
d__relacbw027sbog_real_estate_loan__lag041,relacbw027sbog_real_estate_loan,d,41,FRED_RELACBW027SBOG_real_estate_loan.csv,213,0.667712
d__relacbw027sbog_real_estate_loan__lag042,relacbw027sbog_real_estate_loan,d,42,FRED_RELACBW027SBOG_real_estate_loan.csv,213,0.667712
d__relacbw027sbog_real_estate_loan__lag043,relacbw027sbog_real_estate_loan,d,43,FRED_RELACBW027SBOG_real_estate_loan.csv,213,0.667712
d__relacbw027sbog_real_estate_loan__lag044,relacbw027sbog_real_estate_loan,d,44,FRED_RELACBW027SBOG_real_estate_loan.csv,213,0.667712
d__relacbw027sbog_real_estate_loan__lag045,relacbw027sbog_real_estate_loan,d,45,FRED_RELACBW027SBOG_real_estate_loan.csv,213,0.667712
d__relacbw027sbog_real_estate_loan__lag046,relacbw027sbog_real_estate_loan,d,46,FRED_RELACBW027SBOG_real_estate_loan.csv,213,0.667712
d__relacbw027sbog_real_estate_loan__lag047,relacbw027sbog_real_estate_loan,d,47,FRED_RELACBW027SBOG_real_estate_loan.csv,213,0.667712
d__relacbw027sbog_real_estate_loan__lag048,relacbw027sbog_real_estate_loan,d,48,FRED_RELACBW027SBOG_real_estate_loan.csv,213,0.667712
d__relacbw027sbog_real_estate_loan__lag049,relacbw027sbog_real_estate_loan,d,49,FRED_RELACBW027SBOG_real_estate_loan.csv,213,0.667712
d__relacbw027sbog_real_estate_loan__lag050,relacbw027sbog_real_estate_loan,d,50,FRED_RELACBW027SBOG_real_estate_loan.csv,213,0.667712
d__relacbw027sbog_real_estate_loan__lag051,relacbw027sbog_real_estate_loan,d,51,FRED_RELACBW027SBOG_real_estate_loan.csv,213,0.667712
d__relacbw027sbog_real_estate_loan__lag052,relacbw027sbog_real_estate_loan,d,52,FRED_RELACBW027SBOG_real_estate_loan.csv,213,0.667712
d__relacbw027sbog_real_estate_loan__lag053,relacbw027sbog_real_estate_loan,d,53,FRED_RELACBW027SBOG_real_estate_loan.csv,213,0.667712
d__relacbw027sbog_real_estate_loan__lag054,relacbw027sbog_real_estate_loan,d,54,FRED_RELACBW027SBOG_real_estate_loan.csv,213,0.667712
d__relacbw027sbog_real_estate_loan__lag055,relacbw027sbog_real_estate_loan,d,55,FRED_RELACBW027SBOG_real_estate_loan.csv,213,0.667712
d__relacbw027sbog_real_estate_loan__lag056,relacbw027sbog_real_estate_loan,d,56,FRED_RELACBW027SBOG_real_estate_loan.csv,213,0.667712
d__relacbw027sbog_real_estate_loan__lag057,relacbw027sbog_real_estate_loan,d,57,FRED_RELACBW027SBOG_real_estate_loan.csv,213,0.667712
d__relacbw027sbog_real_estate_loan__lag058,relacbw027sbog_real_estate_loan,d,58,FRED_RELACBW027SBOG_real_estate_loan.csv,213,0.667712
d__relacbw027sbog_real_estate_loan__lag059,relacbw027sbog_real_estate_loan,d,59,FRED_RELACBW027SBOG_real_estate_loan.csv,213,0.667712
d__relacbw027sbog_real_estate_loan__lag060,relacbw027sbog_real_estate_loan,d,60,FRED_RELACBW027SBOG_real_estate_loan.csv,213,0.667712
d__relacbw027sbog_real_estate_loan__lag061,relacbw027sbog_real_estate_loan,d,61,FRED_RELACBW027SBOG_real_estate_loan.csv,213,0.667712
d__relacbw027sbog_real_estate_loan__lag062,relacbw027sbog_real_estate_loan,d,62,FRED_RELACBW027SBOG_real_estate_loan.csv,213,0.667712
d__relacbw027sbog_real_estate_loan__lag063,relacbw027sbog_real_estate_loan,d,63,FRED_RELACBW027SBOG_real_estate_loan.csv,213,0.667712
d__relacbw027sbog_real_estate_loan__lag064,relacbw027sbog_real_estate_loan,d,64,FRED_RELACBW027SBOG_real_estate_loan.csv,213,0.667712
d__relacbw027sbog_real_estate_loan__lag065,relacbw027sbog_real_estate_loan,d,65,FRED_RELACBW027SBOG_real_estate_loan.csv,213,0.667712
d__relacbw027sbog_real_estate_loan__lag066,relacbw027sbog_real_estate_loan,d,66,FRED_RELACBW027SBOG_real_estate_loan.csv,213,0.667712
d__relacbw027sbog_real_estate_loan__lag067,relacbw027sbog_real_estate_loan,d,67,FRED_RELACBW027SBOG_real_estate_loan.csv,213,0.667712
d__relacbw027sbog_real_estate_loan__lag068,relacbw027sbog_real_estate_loan,d,68,FRED_RELACBW027SBOG_real_estate_loan.csv,213,0.667712
d__relacbw027sbog_real_estate_loan__lag069,relacbw027sbog_real_estate_loan,d,69,FRED_RELACBW027SBOG_real_estate_loan.csv,213,0.667712
d__relacbw027sbog_real_estate_loan__lag070,relacbw027sbog_real_estate_loan,d,70,FRED_RELACBW027SBOG_real_estate_loan.csv,213,0.667712
d__relacbw027sbog_real_estate_loan__lag071,relacbw027sbog_real_estate_loan,d,71,FRED_RELACBW027SBOG_real_estate_loan.csv,213,0.667712
d__relacbw027sbog_real_estate_loan__lag072,relacbw027sbog_real_estate_loan,d,72,FRED_RELACBW027SBOG_real_estate_loan.csv,213,0.667712
d__relacbw027sbog_real_estate_loan__lag073,relacbw027sbog_real_estate_loan,d,73,FRED_RELACBW027SBOG_real_estate_loan.csv,213,0.667712
d__relacbw027sbog_real_estate_loan__lag074,relacbw027sbog_real_estate_loan,d,74,FRED_RELACBW027SBOG_real_estate_loan.csv,213,0.667712
d__relacbw027sbog_real_estate_loan__lag075,relacbw027sbog_real_estate_loan,d,75,FRED_RELACBW027SBOG_real_estate_loan.csv,213,0.667712
d__relacbw027sbog_real_estate_loan__lag076,relacbw027sbog_real_estate_loan,d,76,FRED_RELACBW027SBOG_real_estate_loan.csv,213,0.667712
d__relacbw027sbog_real_estate_loan__lag077,relacbw027sbog_real_estate_loan,d,77,FRED_RELACBW027SBOG_real_estate_loan.csv,213,0.667712
d__relacbw027sbog_real_estate_loan__lag078,relacbw027sbog_real_estate_loan,d,78,FRED_RELACBW027SBOG_real_estate_loan.csv,213,0.667712
d__relacbw027sbog_real_estate_loan__lag079,relacbw027sbog_real_estate_loan,d,79,FRED_RELACBW027SBOG_real_estate_loan.csv,213,0.667712
d__relacbw027sbog_real_estate_loan__lag080,relacbw027sbog_real_estate_loan,d,80,FRED_RELACBW027SBOG_real_estate_loan.csv,213,0.667712
d__relacbw027sbog_real_estate_loan__lag081,relacbw027sbog_real_estate_loan,d,81,FRED_RELACBW027SBOG_real_estate_loan.csv,213,0.667712
d__relacbw027sbog_real_estate_loan__lag082,relacbw027sbog_real_estate_loan,d,82,FRED_RELACBW027SBOG_real_estate_loan.csv,213,0.667712
d__relacbw027sbog_real_estate_loan__lag083,relacbw027sbog_real_estate_loan,d,83,FRED_RELACBW027SBOG_real_estate_loan.csv,213,0.667712
d__relacbw027sbog_real_estate_loan__lag084,relacbw027sbog_real_estate_loan,d,84,FRED_RELACBW027SBOG_real_estate_loan.csv,213,0.667712
d__relacbw027sbog_real_estate_loan__lag085,relacbw027sbog_real_estate_loan,d,85,FRED_RELACBW027SBOG_real_estate_loan.csv,213,0.667712
d__relacbw027sbog_real_estate_loan__lag086,relacbw027sbog_real_estate_loan,d,86,FRED_RELACBW027SBOG_real_estate_loan.csv,213,0.667712
d__relacbw027sbog_real_estate_loan__lag087,relacbw027sbog_real_estate_loan,d,87,FRED_RELACBW027SBOG_real_estate_loan.csv,213,0.667712
d__relacbw027sbog_real_estate_loan__lag088,relacbw027sbog_real_estate_loan,d,88,FRED_RELACBW027SBOG_real_estate_loan.csv,213,0.667712
d__relacbw027sbog_real_estate_loan__lag089,relacbw027sbog_real_estate_loan,d,89,FRED_RELACBW027SBOG_real_estate_loan.csv,212,0.664577
d__relacbw027sbog_real_estate_loan__lag090,relacbw027sbog_real_estate_loan,d,90,FRED_RELACBW027SBOG_real_estate_loan.csv,212,0.664577
d__resppalguonnww_cb_tsy_notes_bonds__lag001,resppalguonnww_cb_tsy_notes_bonds,d,1,FRED_RESPPALGUONNWW_cb_tsy_notes_bonds.csv,94,0.294671
d__resppalguonnww_cb_tsy_notes_bonds__lag002,resppalguonnww_cb_tsy_notes_bonds,d,2,FRED_RESPPALGUONNWW_cb_tsy_notes_bonds.csv,94,0.294671
d__resppalguonnww_cb_tsy_notes_bonds__lag003,resppalguonnww_cb_tsy_notes_bonds,d,3,FRED_RESPPALGUONNWW_cb_tsy_notes_bonds.csv,94,0.294671
d__resppalguonnww_cb_tsy_notes_bonds__lag004,resppalguonnww_cb_tsy_notes_bonds,d,4,FRED_RESPPALGUONNWW_cb_tsy_notes_bonds.csv,94,0.294671
d__resppalguonnww_cb_tsy_notes_bonds__lag005,resppalguonnww_cb_tsy_notes_bonds,d,5,FRED_RESPPALGUONNWW_cb_tsy_notes_bonds.csv,94,0.294671
d__resppalguonnww_cb_tsy_notes_bonds__lag006,resppalguonnww_cb_tsy_notes_bonds,d,6,FRED_RESPPALGUONNWW_cb_tsy_notes_bonds.csv,94,0.294671
d__resppalguonnww_cb_tsy_notes_bonds__lag007,resppalguonnww_cb_tsy_notes_bonds,d,7,FRED_RESPPALGUONNWW_cb_tsy_notes_bonds.csv,94,0.294671
d__resppalguonnww_cb_tsy_notes_bonds__lag008,resppalguonnww_cb_tsy_notes_bonds,d,8,FRED_RESPPALGUONNWW_cb_tsy_notes_bonds.csv,94,0.294671
d__resppalguonnww_cb_tsy_notes_bonds__lag009,resppalguonnww_cb_tsy_notes_bonds,d,9,FRED_RESPPALGUONNWW_cb_tsy_notes_bonds.csv,94,0.294671
d__resppalguonnww_cb_tsy_notes_bonds__lag010,resppalguonnww_cb_tsy_notes_bonds,d,10,FRED_RESPPALGUONNWW_cb_tsy_notes_bonds.csv,94,0.294671
d__resppalguonnww_cb_tsy_notes_bonds__lag011,resppalguonnww_cb_tsy_notes_bonds,d,11,FRED_RESPPALGUONNWW_cb_tsy_notes_bonds.csv,94,0.294671
d__resppalguonnww_cb_tsy_notes_bonds__lag012,resppalguonnww_cb_tsy_notes_bonds,d,12,FRED_RESPPALGUONNWW_cb_tsy_notes_bonds.csv,94,0.294671
d__resppalguonnww_cb_tsy_notes_bonds__lag013,resppalguonnww_cb_tsy_notes_bonds,d,13,FRED_RESPPALGUONNWW_cb_tsy_notes_bonds.csv,94,0.294671
d__resppalguonnww_cb_tsy_notes_bonds__lag014,resppalguonnww_cb_tsy_notes_bonds,d,14,FRED_RESPPALGUONNWW_cb_tsy_notes_bonds.csv,94,0.294671
d__resppalguonnww_cb_tsy_notes_bonds__lag015,resppalguonnww_cb_tsy_notes_bonds,d,15,FRED_RESPPALGUONNWW_cb_tsy_notes_bonds.csv,93,0.291536
d__resppalguonnww_cb_tsy_notes_bonds__lag016,resppalguonnww_cb_tsy_notes_bonds,d,16,FRED_RESPPALGUONNWW_cb_tsy_notes_bonds.csv,93,0.291536
d__resppalguonnww_cb_tsy_notes_bonds__lag017,resppalguonnww_cb_tsy_notes_bonds,d,17,FRED_RESPPALGUONNWW_cb_tsy_notes_bonds.csv,93,0.291536
d__resppalguonnww_cb_tsy_notes_bonds__lag018,resppalguonnww_cb_tsy_notes_bonds,d,18,FRED_RESPPALGUONNWW_cb_tsy_notes_bonds.csv,93,0.291536
d__resppalguonnww_cb_tsy_notes_bonds__lag019,resppalguonnww_cb_tsy_notes_bonds,d,19,FRED_RESPPALGUONNWW_cb_tsy_notes_bonds.csv,93,0.291536
d__resppalguonnww_cb_tsy_notes_bonds__lag020,resppalguonnww_cb_tsy_notes_bonds,d,20,FRED_RESPPALGUONNWW_cb_tsy_notes_bonds.csv,93,0.291536
d__resppalguonnww_cb_tsy_notes_bonds__lag021,resppalguonnww_cb_tsy_notes_bonds,d,21,FRED_RESPPALGUONNWW_cb_tsy_notes_bonds.csv,93,0.291536
d__resppalguonnww_cb_tsy_notes_bonds__lag022,resppalguonnww_cb_tsy_notes_bonds,d,22,FRED_RESPPALGUONNWW_cb_tsy_notes_bonds.csv,93,0.291536
d__resppalguonnww_cb_tsy_notes_bonds__lag023,resppalguonnww_cb_tsy_notes_bonds,d,23,FRED_RESPPALGUONNWW_cb_tsy_notes_bonds.csv,93,0.291536
d__resppalguonnww_cb_tsy_notes_bonds__lag024,resppalguonnww_cb_tsy_notes_bonds,d,24,FRED_RESPPALGUONNWW_cb_tsy_notes_bonds.csv,93,0.291536
d__resppalguonnww_cb_tsy_notes_bonds__lag025,resppalguonnww_cb_tsy_notes_bonds,d,25,FRED_RESPPALGUONNWW_cb_tsy_notes_bonds.csv,93,0.291536
d__resppalguonnww_cb_tsy_notes_bonds__lag026,resppalguonnww_cb_tsy_notes_bonds,d,26,FRED_RESPPALGUONNWW_cb_tsy_notes_bonds.csv,93,0.291536
d__resppalguonnww_cb_tsy_notes_bonds__lag027,resppalguonnww_cb_tsy_notes_bonds,d,27,FRED_RESPPALGUONNWW_cb_tsy_notes_bonds.csv,93,0.291536
d__resppalguonnww_cb_tsy_notes_bonds__lag028,resppalguonnww_cb_tsy_notes_bonds,d,28,FRED_RESPPALGUONNWW_cb_tsy_notes_bonds.csv,93,0.291536
d__resppalguonnww_cb_tsy_notes_bonds__lag029,resppalguonnww_cb_tsy_notes_bonds,d,29,FRED_RESPPALGUONNWW_cb_tsy_notes_bonds.csv,93,0.291536
d__resppalguonnww_cb_tsy_notes_bonds__lag030,resppalguonnww_cb_tsy_notes_bonds,d,30,FRED_RESPPALGUONNWW_cb_tsy_notes_bonds.csv,93,0.291536
d__resppalguonnww_cb_tsy_notes_bonds__lag031,resppalguonnww_cb_tsy_notes_bonds,d,31,FRED_RESPPALGUONNWW_cb_tsy_notes_bonds.csv,93,0.291536
d__resppalguonnww_cb_tsy_notes_bonds__lag032,resppalguonnww_cb_tsy_notes_bonds,d,32,FRED_RESPPALGUONNWW_cb_tsy_notes_bonds.csv,93,0.291536
d__resppalguonnww_cb_tsy_notes_bonds__lag033,resppalguonnww_cb_tsy_notes_bonds,d,33,FRED_RESPPALGUONNWW_cb_tsy_notes_bonds.csv,93,0.291536
d__resppalguonnww_cb_tsy_notes_bonds__lag034,resppalguonnww_cb_tsy_notes_bonds,d,34,FRED_RESPPALGUONNWW_cb_tsy_notes_bonds.csv,93,0.291536
d__resppalguonnww_cb_tsy_notes_bonds__lag035,resppalguonnww_cb_tsy_notes_bonds,d,35,FRED_RESPPALGUONNWW_cb_tsy_notes_bonds.csv,93,0.291536
d__resppalguonnww_cb_tsy_notes_bonds__lag036,resppalguonnww_cb_tsy_notes_bonds,d,36,FRED_RESPPALGUONNWW_cb_tsy_notes_bonds.csv,93,0.291536
d__resppalguonnww_cb_tsy_notes_bonds__lag037,resppalguonnww_cb_tsy_notes_bonds,d,37,FRED_RESPPALGUONNWW_cb_tsy_notes_bonds.csv,93,0.291536
d__resppalguonnww_cb_tsy_notes_bonds__lag038,resppalguonnww_cb_tsy_notes_bonds,d,38,FRED_RESPPALGUONNWW_cb_tsy_notes_bonds.csv,93,0.291536
d__resppalguonnww_cb_tsy_notes_bonds__lag039,resppalguonnww_cb_tsy_notes_bonds,d,39,FRED_RESPPALGUONNWW_cb_tsy_notes_bonds.csv,93,0.291536
d__resppalguonnww_cb_tsy_notes_bonds__lag040,resppalguonnww_cb_tsy_notes_bonds,d,40,FRED_RESPPALGUONNWW_cb_tsy_notes_bonds.csv,93,0.291536
d__resppalguonnww_cb_tsy_notes_bonds__lag041,resppalguonnww_cb_tsy_notes_bonds,d,41,FRED_RESPPALGUONNWW_cb_tsy_notes_bonds.csv,93,0.291536
d__resppalguonnww_cb_tsy_notes_bonds__lag042,resppalguonnww_cb_tsy_notes_bonds,d,42,FRED_RESPPALGUONNWW_cb_tsy_notes_bonds.csv,93,0.291536
d__resppalguonnww_cb_tsy_notes_bonds__lag043,resppalguonnww_cb_tsy_notes_bonds,d,43,FRED_RESPPALGUONNWW_cb_tsy_notes_bonds.csv,93,0.291536
d__resppalguonnww_cb_tsy_notes_bonds__lag044,resppalguonnww_cb_tsy_notes_bonds,d,44,FRED_RESPPALGUONNWW_cb_tsy_notes_bonds.csv,93,0.291536
d__resppalguonnww_cb_tsy_notes_bonds__lag045,resppalguonnww_cb_tsy_notes_bonds,d,45,FRED_RESPPALGUONNWW_cb_tsy_notes_bonds.csv,93,0.291536
d__resppalguonnww_cb_tsy_notes_bonds__lag046,resppalguonnww_cb_tsy_notes_bonds,d,46,FRED_RESPPALGUONNWW_cb_tsy_notes_bonds.csv,93,0.291536
d__resppalguonnww_cb_tsy_notes_bonds__lag047,resppalguonnww_cb_tsy_notes_bonds,d,47,FRED_RESPPALGUONNWW_cb_tsy_notes_bonds.csv,93,0.291536
d__resppalguonnww_cb_tsy_notes_bonds__lag048,resppalguonnww_cb_tsy_notes_bonds,d,48,FRED_RESPPALGUONNWW_cb_tsy_notes_bonds.csv,93,0.291536
d__resppalguonnww_cb_tsy_notes_bonds__lag049,resppalguonnww_cb_tsy_notes_bonds,d,49,FRED_RESPPALGUONNWW_cb_tsy_notes_bonds.csv,93,0.291536
d__resppalguonnww_cb_tsy_notes_bonds__lag050,resppalguonnww_cb_tsy_notes_bonds,d,50,FRED_RESPPALGUONNWW_cb_tsy_notes_bonds.csv,93,0.291536
d__resppalguonnww_cb_tsy_notes_bonds__lag051,resppalguonnww_cb_tsy_notes_bonds,d,51,FRED_RESPPALGUONNWW_cb_tsy_notes_bonds.csv,93,0.291536
d__resppalguonnww_cb_tsy_notes_bonds__lag052,resppalguonnww_cb_tsy_notes_bonds,d,52,FRED_RESPPALGUONNWW_cb_tsy_notes_bonds.csv,93,0.291536
d__resppalguonnww_cb_tsy_notes_bonds__lag053,resppalguonnww_cb_tsy_notes_bonds,d,53,FRED_RESPPALGUONNWW_cb_tsy_notes_bonds.csv,93,0.291536
d__resppalguonnww_cb_tsy_notes_bonds__lag054,resppalguonnww_cb_tsy_notes_bonds,d,54,FRED_RESPPALGUONNWW_cb_tsy_notes_bonds.csv,93,0.291536
d__resppalguonnww_cb_tsy_notes_bonds__lag055,resppalguonnww_cb_tsy_notes_bonds,d,55,FRED_RESPPALGUONNWW_cb_tsy_notes_bonds.csv,93,0.291536
d__resppalguonnww_cb_tsy_notes_bonds__lag056,resppalguonnww_cb_tsy_notes_bonds,d,56,FRED_RESPPALGUONNWW_cb_tsy_notes_bonds.csv,93,0.291536
d__resppalguonnww_cb_tsy_notes_bonds__lag057,resppalguonnww_cb_tsy_notes_bonds,d,57,FRED_RESPPALGUONNWW_cb_tsy_notes_bonds.csv,93,0.291536
d__resppalguonnww_cb_tsy_notes_bonds__lag058,resppalguonnww_cb_tsy_notes_bonds,d,58,FRED_RESPPALGUONNWW_cb_tsy_notes_bonds.csv,93,0.291536
d__resppalguonnww_cb_tsy_notes_bonds__lag059,resppalguonnww_cb_tsy_notes_bonds,d,59,FRED_RESPPALGUONNWW_cb_tsy_notes_bonds.csv,93,0.291536
d__resppalguonnww_cb_tsy_notes_bonds__lag060,resppalguonnww_cb_tsy_notes_bonds,d,60,FRED_RESPPALGUONNWW_cb_tsy_notes_bonds.csv,93,0.291536
d__resppalguonnww_cb_tsy_notes_bonds__lag061,resppalguonnww_cb_tsy_notes_bonds,d,61,FRED_RESPPALGUONNWW_cb_tsy_notes_bonds.csv,93,0.291536
d__resppalguonnww_cb_tsy_notes_bonds__lag062,resppalguonnww_cb_tsy_notes_bonds,d,62,FRED_RESPPALGUONNWW_cb_tsy_notes_bonds.csv,93,0.291536
d__resppalguonnww_cb_tsy_notes_bonds__lag063,resppalguonnww_cb_tsy_notes_bonds,d,63,FRED_RESPPALGUONNWW_cb_tsy_notes_bonds.csv,93,0.291536
d__resppalguonnww_cb_tsy_notes_bonds__lag064,resppalguonnww_cb_tsy_notes_bonds,d,64,FRED_RESPPALGUONNWW_cb_tsy_notes_bonds.csv,93,0.291536
d__resppalguonnww_cb_tsy_notes_bonds__lag065,resppalguonnww_cb_tsy_notes_bonds,d,65,FRED_RESPPALGUONNWW_cb_tsy_notes_bonds.csv,93,0.291536
d__resppalguonnww_cb_tsy_notes_bonds__lag066,resppalguonnww_cb_tsy_notes_bonds,d,66,FRED_RESPPALGUONNWW_cb_tsy_notes_bonds.csv,93,0.291536
d__resppalguonnww_cb_tsy_notes_bonds__lag067,resppalguonnww_cb_tsy_notes_bonds,d,67,FRED_RESPPALGUONNWW_cb_tsy_notes_bonds.csv,93,0.291536
d__resppalguonnww_cb_tsy_notes_bonds__lag068,resppalguonnww_cb_tsy_notes_bonds,d,68,FRED_RESPPALGUONNWW_cb_tsy_notes_bonds.csv,93,0.291536
d__resppalguonnww_cb_tsy_notes_bonds__lag069,resppalguonnww_cb_tsy_notes_bonds,d,69,FRED_RESPPALGUONNWW_cb_tsy_notes_bonds.csv,93,0.291536
d__resppalguonnww_cb_tsy_notes_bonds__lag070,resppalguonnww_cb_tsy_notes_bonds,d,70,FRED_RESPPALGUONNWW_cb_tsy_notes_bonds.csv,93,0.291536
d__resppalguonnww_cb_tsy_notes_bonds__lag071,resppalguonnww_cb_tsy_notes_bonds,d,71,FRED_RESPPALGUONNWW_cb_tsy_notes_bonds.csv,93,0.291536
d__resppalguonnww_cb_tsy_notes_bonds__lag072,resppalguonnww_cb_tsy_notes_bonds,d,72,FRED_RESPPALGUONNWW_cb_tsy_notes_bonds.csv,93,0.291536
d__resppalguonnww_cb_tsy_notes_bonds__lag073,resppalguonnww_cb_tsy_notes_bonds,d,73,FRED_RESPPALGUONNWW_cb_tsy_notes_bonds.csv,93,0.291536
d__resppalguonnww_cb_tsy_notes_bonds__lag074,resppalguonnww_cb_tsy_notes_bonds,d,74,FRED_RESPPALGUONNWW_cb_tsy_notes_bonds.csv,93,0.291536
d__resppalguonnww_cb_tsy_notes_bonds__lag075,resppalguonnww_cb_tsy_notes_bonds,d,75,FRED_RESPPALGUONNWW_cb_tsy_notes_bonds.csv,93,0.291536
d__resppalguonnww_cb_tsy_notes_bonds__lag076,resppalguonnww_cb_tsy_notes_bonds,d,76,FRED_RESPPALGUONNWW_cb_tsy_notes_bonds.csv,93,0.291536
d__resppalguonnww_cb_tsy_notes_bonds__lag077,resppalguonnww_cb_tsy_notes_bonds,d,77,FRED_RESPPALGUONNWW_cb_tsy_notes_bonds.csv,93,0.291536
d__resppalguonnww_cb_tsy_notes_bonds__lag078,resppalguonnww_cb_tsy_notes_bonds,d,78,FRED_RESPPALGUONNWW_cb_tsy_notes_bonds.csv,93,0.291536
d__resppalguonnww_cb_tsy_notes_bonds__lag079,resppalguonnww_cb_tsy_notes_bonds,d,79,FRED_RESPPALGUONNWW_cb_tsy_notes_bonds.csv,93,0.291536
d__resppalguonnww_cb_tsy_notes_bonds__lag080,resppalguonnww_cb_tsy_notes_bonds,d,80,FRED_RESPPALGUONNWW_cb_tsy_notes_bonds.csv,93,0.291536
d__resppalguonnww_cb_tsy_notes_bonds__lag081,resppalguonnww_cb_tsy_notes_bonds,d,81,FRED_RESPPALGUONNWW_cb_tsy_notes_bonds.csv,93,0.291536
d__resppalguonnww_cb_tsy_notes_bonds__lag082,resppalguonnww_cb_tsy_notes_bonds,d,82,FRED_RESPPALGUONNWW_cb_tsy_notes_bonds.csv,93,0.291536
d__resppalguonnww_cb_tsy_notes_bonds__lag083,resppalguonnww_cb_tsy_notes_bonds,d,83,FRED_RESPPALGUONNWW_cb_tsy_notes_bonds.csv,93,0.291536
d__resppalguonnww_cb_tsy_notes_bonds__lag084,resppalguonnww_cb_tsy_notes_bonds,d,84,FRED_RESPPALGUONNWW_cb_tsy_notes_bonds.csv,93,0.291536
d__resppalguonnww_cb_tsy_notes_bonds__lag085,resppalguonnww_cb_tsy_notes_bonds,d,85,FRED_RESPPALGUONNWW_cb_tsy_notes_bonds.csv,93,0.291536
d__resppalguonnww_cb_tsy_notes_bonds__lag086,resppalguonnww_cb_tsy_notes_bonds,d,86,FRED_RESPPALGUONNWW_cb_tsy_notes_bonds.csv,93,0.291536
d__resppalguonnww_cb_tsy_notes_bonds__lag087,resppalguonnww_cb_tsy_notes_bonds,d,87,FRED_RESPPALGUONNWW_cb_tsy_notes_bonds.csv,93,0.291536
d__resppalguonnww_cb_tsy_notes_bonds__lag088,resppalguonnww_cb_tsy_notes_bonds,d,88,FRED_RESPPALGUONNWW_cb_tsy_notes_bonds.csv,93,0.291536
d__resppalguonnww_cb_tsy_notes_bonds__lag089,resppalguonnww_cb_tsy_notes_bonds,d,89,FRED_RESPPALGUONNWW_cb_tsy_notes_bonds.csv,93,0.291536
d__resppalguonnww_cb_tsy_notes_bonds__lag090,resppalguonnww_cb_tsy_notes_bonds,d,90,FRED_RESPPALGUONNWW_cb_tsy_notes_bonds.csv,93,0.291536
q__rhvrusq156n_owner_vacancy__lag001,rhvrusq156n_owner_vacancy,q,1,FRED_RHVRUSQ156N_owner_vacancy.csv,280,0.877743
q__rhvrusq156n_owner_vacancy__lag002,rhvrusq156n_owner_vacancy,q,2,FRED_RHVRUSQ156N_owner_vacancy.csv,279,0.874608
q__rhvrusq156n_owner_vacancy__lag003,rhvrusq156n_owner_vacancy,q,3,FRED_RHVRUSQ156N_owner_vacancy.csv,278,0.871473
q__rhvrusq156n_owner_vacancy__lag004,rhvrusq156n_owner_vacancy,q,4,FRED_RHVRUSQ156N_owner_vacancy.csv,277,0.868339
q__rhvrusq156n_owner_vacancy__lag005,rhvrusq156n_owner_vacancy,q,5,FRED_RHVRUSQ156N_owner_vacancy.csv,276,0.865204
q__rhvrusq156n_owner_vacancy__lag006,rhvrusq156n_owner_vacancy,q,6,FRED_RHVRUSQ156N_owner_vacancy.csv,275,0.862069
q__rhvrusq156n_owner_vacancy__lag007,rhvrusq156n_owner_vacancy,q,7,FRED_RHVRUSQ156N_owner_vacancy.csv,274,0.858934
q__rhvrusq156n_owner_vacancy__lag008,rhvrusq156n_owner_vacancy,q,8,FRED_RHVRUSQ156N_owner_vacancy.csv,273,0.855799
d__rifsppaaad30nb_30d_aa_abcp__lag001,rifsppaaad30nb_30d_aa_abcp,d,1,FRED_RIFSPPAAAD30NB_30d_aa_abcp.csv,101,0.316614
d__rifsppaaad30nb_30d_aa_abcp__lag002,rifsppaaad30nb_30d_aa_abcp,d,2,FRED_RIFSPPAAAD30NB_30d_aa_abcp.csv,101,0.316614
d__rifsppaaad30nb_30d_aa_abcp__lag003,rifsppaaad30nb_30d_aa_abcp,d,3,FRED_RIFSPPAAAD30NB_30d_aa_abcp.csv,101,0.316614
d__rifsppaaad30nb_30d_aa_abcp__lag004,rifsppaaad30nb_30d_aa_abcp,d,4,FRED_RIFSPPAAAD30NB_30d_aa_abcp.csv,101,0.316614
d__rifsppaaad30nb_30d_aa_abcp__lag005,rifsppaaad30nb_30d_aa_abcp,d,5,FRED_RIFSPPAAAD30NB_30d_aa_abcp.csv,101,0.316614
d__rifsppaaad30nb_30d_aa_abcp__lag006,rifsppaaad30nb_30d_aa_abcp,d,6,FRED_RIFSPPAAAD30NB_30d_aa_abcp.csv,101,0.316614
d__rifsppaaad30nb_30d_aa_abcp__lag007,rifsppaaad30nb_30d_aa_abcp,d,7,FRED_RIFSPPAAAD30NB_30d_aa_abcp.csv,101,0.316614
d__rifsppaaad30nb_30d_aa_abcp__lag008,rifsppaaad30nb_30d_aa_abcp,d,8,FRED_RIFSPPAAAD30NB_30d_aa_abcp.csv,101,0.316614
d__rifsppaaad30nb_30d_aa_abcp__lag009,rifsppaaad30nb_30d_aa_abcp,d,9,FRED_RIFSPPAAAD30NB_30d_aa_abcp.csv,101,0.316614
d__rifsppaaad30nb_30d_aa_abcp__lag010,rifsppaaad30nb_30d_aa_abcp,d,10,FRED_RIFSPPAAAD30NB_30d_aa_abcp.csv,101,0.316614
d__rifsppaaad30nb_30d_aa_abcp__lag011,rifsppaaad30nb_30d_aa_abcp,d,11,FRED_RIFSPPAAAD30NB_30d_aa_abcp.csv,101,0.316614
d__rifsppaaad30nb_30d_aa_abcp__lag012,rifsppaaad30nb_30d_aa_abcp,d,12,FRED_RIFSPPAAAD30NB_30d_aa_abcp.csv,101,0.316614
d__rifsppaaad30nb_30d_aa_abcp__lag013,rifsppaaad30nb_30d_aa_abcp,d,13,FRED_RIFSPPAAAD30NB_30d_aa_abcp.csv,101,0.316614
d__rifsppaaad30nb_30d_aa_abcp__lag014,rifsppaaad30nb_30d_aa_abcp,d,14,FRED_RIFSPPAAAD30NB_30d_aa_abcp.csv,101,0.316614
d__rifsppaaad30nb_30d_aa_abcp__lag015,rifsppaaad30nb_30d_aa_abcp,d,15,FRED_RIFSPPAAAD30NB_30d_aa_abcp.csv,101,0.316614
d__rifsppaaad30nb_30d_aa_abcp__lag016,rifsppaaad30nb_30d_aa_abcp,d,16,FRED_RIFSPPAAAD30NB_30d_aa_abcp.csv,101,0.316614
d__rifsppaaad30nb_30d_aa_abcp__lag017,rifsppaaad30nb_30d_aa_abcp,d,17,FRED_RIFSPPAAAD30NB_30d_aa_abcp.csv,101,0.316614
d__rifsppaaad30nb_30d_aa_abcp__lag018,rifsppaaad30nb_30d_aa_abcp,d,18,FRED_RIFSPPAAAD30NB_30d_aa_abcp.csv,101,0.316614
d__rifsppaaad30nb_30d_aa_abcp__lag019,rifsppaaad30nb_30d_aa_abcp,d,19,FRED_RIFSPPAAAD30NB_30d_aa_abcp.csv,101,0.316614
d__rifsppaaad30nb_30d_aa_abcp__lag020,rifsppaaad30nb_30d_aa_abcp,d,20,FRED_RIFSPPAAAD30NB_30d_aa_abcp.csv,101,0.316614
d__rifsppaaad30nb_30d_aa_abcp__lag021,rifsppaaad30nb_30d_aa_abcp,d,21,FRED_RIFSPPAAAD30NB_30d_aa_abcp.csv,101,0.316614
d__rifsppaaad30nb_30d_aa_abcp__lag022,rifsppaaad30nb_30d_aa_abcp,d,22,FRED_RIFSPPAAAD30NB_30d_aa_abcp.csv,101,0.316614
d__rifsppaaad30nb_30d_aa_abcp__lag023,rifsppaaad30nb_30d_aa_abcp,d,23,FRED_RIFSPPAAAD30NB_30d_aa_abcp.csv,101,0.316614
d__rifsppaaad30nb_30d_aa_abcp__lag024,rifsppaaad30nb_30d_aa_abcp,d,24,FRED_RIFSPPAAAD30NB_30d_aa_abcp.csv,101,0.316614
d__rifsppaaad30nb_30d_aa_abcp__lag025,rifsppaaad30nb_30d_aa_abcp,d,25,FRED_RIFSPPAAAD30NB_30d_aa_abcp.csv,101,0.316614
d__rifsppaaad30nb_30d_aa_abcp__lag026,rifsppaaad30nb_30d_aa_abcp,d,26,FRED_RIFSPPAAAD30NB_30d_aa_abcp.csv,101,0.316614
d__rifsppaaad30nb_30d_aa_abcp__lag027,rifsppaaad30nb_30d_aa_abcp,d,27,FRED_RIFSPPAAAD30NB_30d_aa_abcp.csv,101,0.316614
d__rifsppaaad30nb_30d_aa_abcp__lag028,rifsppaaad30nb_30d_aa_abcp,d,28,FRED_RIFSPPAAAD30NB_30d_aa_abcp.csv,101,0.316614
d__rifsppaaad30nb_30d_aa_abcp__lag029,rifsppaaad30nb_30d_aa_abcp,d,29,FRED_RIFSPPAAAD30NB_30d_aa_abcp.csv,101,0.316614
d__rifsppaaad30nb_30d_aa_abcp__lag030,rifsppaaad30nb_30d_aa_abcp,d,30,FRED_RIFSPPAAAD30NB_30d_aa_abcp.csv,101,0.316614
d__rifsppaaad30nb_30d_aa_abcp__lag031,rifsppaaad30nb_30d_aa_abcp,d,31,FRED_RIFSPPAAAD30NB_30d_aa_abcp.csv,101,0.316614
d__rifsppaaad30nb_30d_aa_abcp__lag032,rifsppaaad30nb_30d_aa_abcp,d,32,FRED_RIFSPPAAAD30NB_30d_aa_abcp.csv,101,0.316614
d__rifsppaaad30nb_30d_aa_abcp__lag033,rifsppaaad30nb_30d_aa_abcp,d,33,FRED_RIFSPPAAAD30NB_30d_aa_abcp.csv,101,0.316614
d__rifsppaaad30nb_30d_aa_abcp__lag034,rifsppaaad30nb_30d_aa_abcp,d,34,FRED_RIFSPPAAAD30NB_30d_aa_abcp.csv,101,0.316614
d__rifsppaaad30nb_30d_aa_abcp__lag035,rifsppaaad30nb_30d_aa_abcp,d,35,FRED_RIFSPPAAAD30NB_30d_aa_abcp.csv,101,0.316614
d__rifsppaaad30nb_30d_aa_abcp__lag036,rifsppaaad30nb_30d_aa_abcp,d,36,FRED_RIFSPPAAAD30NB_30d_aa_abcp.csv,101,0.316614
d__rifsppaaad30nb_30d_aa_abcp__lag037,rifsppaaad30nb_30d_aa_abcp,d,37,FRED_RIFSPPAAAD30NB_30d_aa_abcp.csv,101,0.316614
d__rifsppaaad30nb_30d_aa_abcp__lag038,rifsppaaad30nb_30d_aa_abcp,d,38,FRED_RIFSPPAAAD30NB_30d_aa_abcp.csv,101,0.316614
d__rifsppaaad30nb_30d_aa_abcp__lag039,rifsppaaad30nb_30d_aa_abcp,d,39,FRED_RIFSPPAAAD30NB_30d_aa_abcp.csv,101,0.316614
d__rifsppaaad30nb_30d_aa_abcp__lag040,rifsppaaad30nb_30d_aa_abcp,d,40,FRED_RIFSPPAAAD30NB_30d_aa_abcp.csv,101,0.316614
d__rifsppaaad30nb_30d_aa_abcp__lag041,rifsppaaad30nb_30d_aa_abcp,d,41,FRED_RIFSPPAAAD30NB_30d_aa_abcp.csv,101,0.316614
d__rifsppaaad30nb_30d_aa_abcp__lag042,rifsppaaad30nb_30d_aa_abcp,d,42,FRED_RIFSPPAAAD30NB_30d_aa_abcp.csv,101,0.316614
d__rifsppaaad30nb_30d_aa_abcp__lag043,rifsppaaad30nb_30d_aa_abcp,d,43,FRED_RIFSPPAAAD30NB_30d_aa_abcp.csv,101,0.316614
d__rifsppaaad30nb_30d_aa_abcp__lag044,rifsppaaad30nb_30d_aa_abcp,d,44,FRED_RIFSPPAAAD30NB_30d_aa_abcp.csv,101,0.316614
d__rifsppaaad30nb_30d_aa_abcp__lag045,rifsppaaad30nb_30d_aa_abcp,d,45,FRED_RIFSPPAAAD30NB_30d_aa_abcp.csv,101,0.316614
d__rifsppaaad30nb_30d_aa_abcp__lag046,rifsppaaad30nb_30d_aa_abcp,d,46,FRED_RIFSPPAAAD30NB_30d_aa_abcp.csv,101,0.316614
d__rifsppaaad30nb_30d_aa_abcp__lag047,rifsppaaad30nb_30d_aa_abcp,d,47,FRED_RIFSPPAAAD30NB_30d_aa_abcp.csv,101,0.316614
d__rifsppaaad30nb_30d_aa_abcp__lag048,rifsppaaad30nb_30d_aa_abcp,d,48,FRED_RIFSPPAAAD30NB_30d_aa_abcp.csv,101,0.316614
d__rifsppaaad30nb_30d_aa_abcp__lag049,rifsppaaad30nb_30d_aa_abcp,d,49,FRED_RIFSPPAAAD30NB_30d_aa_abcp.csv,101,0.316614
d__rifsppaaad30nb_30d_aa_abcp__lag050,rifsppaaad30nb_30d_aa_abcp,d,50,FRED_RIFSPPAAAD30NB_30d_aa_abcp.csv,101,0.316614
d__rifsppaaad30nb_30d_aa_abcp__lag051,rifsppaaad30nb_30d_aa_abcp,d,51,FRED_RIFSPPAAAD30NB_30d_aa_abcp.csv,101,0.316614
d__rifsppaaad30nb_30d_aa_abcp__lag052,rifsppaaad30nb_30d_aa_abcp,d,52,FRED_RIFSPPAAAD30NB_30d_aa_abcp.csv,101,0.316614
d__rifsppaaad30nb_30d_aa_abcp__lag053,rifsppaaad30nb_30d_aa_abcp,d,53,FRED_RIFSPPAAAD30NB_30d_aa_abcp.csv,101,0.316614
d__rifsppaaad30nb_30d_aa_abcp__lag054,rifsppaaad30nb_30d_aa_abcp,d,54,FRED_RIFSPPAAAD30NB_30d_aa_abcp.csv,101,0.316614
d__rifsppaaad30nb_30d_aa_abcp__lag055,rifsppaaad30nb_30d_aa_abcp,d,55,FRED_RIFSPPAAAD30NB_30d_aa_abcp.csv,101,0.316614
d__rifsppaaad30nb_30d_aa_abcp__lag056,rifsppaaad30nb_30d_aa_abcp,d,56,FRED_RIFSPPAAAD30NB_30d_aa_abcp.csv,101,0.316614
d__rifsppaaad30nb_30d_aa_abcp__lag057,rifsppaaad30nb_30d_aa_abcp,d,57,FRED_RIFSPPAAAD30NB_30d_aa_abcp.csv,101,0.316614
d__rifsppaaad30nb_30d_aa_abcp__lag058,rifsppaaad30nb_30d_aa_abcp,d,58,FRED_RIFSPPAAAD30NB_30d_aa_abcp.csv,101,0.316614
d__rifsppaaad30nb_30d_aa_abcp__lag059,rifsppaaad30nb_30d_aa_abcp,d,59,FRED_RIFSPPAAAD30NB_30d_aa_abcp.csv,101,0.316614
d__rifsppaaad30nb_30d_aa_abcp__lag060,rifsppaaad30nb_30d_aa_abcp,d,60,FRED_RIFSPPAAAD30NB_30d_aa_abcp.csv,101,0.316614
d__rifsppaaad30nb_30d_aa_abcp__lag061,rifsppaaad30nb_30d_aa_abcp,d,61,FRED_RIFSPPAAAD30NB_30d_aa_abcp.csv,101,0.316614
d__rifsppaaad30nb_30d_aa_abcp__lag062,rifsppaaad30nb_30d_aa_abcp,d,62,FRED_RIFSPPAAAD30NB_30d_aa_abcp.csv,101,0.316614
d__rifsppaaad30nb_30d_aa_abcp__lag063,rifsppaaad30nb_30d_aa_abcp,d,63,FRED_RIFSPPAAAD30NB_30d_aa_abcp.csv,101,0.316614
d__rifsppaaad30nb_30d_aa_abcp__lag064,rifsppaaad30nb_30d_aa_abcp,d,64,FRED_RIFSPPAAAD30NB_30d_aa_abcp.csv,101,0.316614
d__rifsppaaad30nb_30d_aa_abcp__lag065,rifsppaaad30nb_30d_aa_abcp,d,65,FRED_RIFSPPAAAD30NB_30d_aa_abcp.csv,101,0.316614
d__rifsppaaad30nb_30d_aa_abcp__lag066,rifsppaaad30nb_30d_aa_abcp,d,66,FRED_RIFSPPAAAD30NB_30d_aa_abcp.csv,101,0.316614
d__rifsppaaad30nb_30d_aa_abcp__lag067,rifsppaaad30nb_30d_aa_abcp,d,67,FRED_RIFSPPAAAD30NB_30d_aa_abcp.csv,101,0.316614
d__rifsppaaad30nb_30d_aa_abcp__lag068,rifsppaaad30nb_30d_aa_abcp,d,68,FRED_RIFSPPAAAD30NB_30d_aa_abcp.csv,101,0.316614
d__rifsppaaad30nb_30d_aa_abcp__lag069,rifsppaaad30nb_30d_aa_abcp,d,69,FRED_RIFSPPAAAD30NB_30d_aa_abcp.csv,101,0.316614
d__rifsppaaad30nb_30d_aa_abcp__lag070,rifsppaaad30nb_30d_aa_abcp,d,70,FRED_RIFSPPAAAD30NB_30d_aa_abcp.csv,101,0.316614
d__rifsppaaad30nb_30d_aa_abcp__lag071,rifsppaaad30nb_30d_aa_abcp,d,71,FRED_RIFSPPAAAD30NB_30d_aa_abcp.csv,101,0.316614
d__rifsppaaad30nb_30d_aa_abcp__lag072,rifsppaaad30nb_30d_aa_abcp,d,72,FRED_RIFSPPAAAD30NB_30d_aa_abcp.csv,101,0.316614
d__rifsppaaad30nb_30d_aa_abcp__lag073,rifsppaaad30nb_30d_aa_abcp,d,73,FRED_RIFSPPAAAD30NB_30d_aa_abcp.csv,101,0.316614
d__rifsppaaad30nb_30d_aa_abcp__lag074,rifsppaaad30nb_30d_aa_abcp,d,74,FRED_RIFSPPAAAD30NB_30d_aa_abcp.csv,101,0.316614
d__rifsppaaad30nb_30d_aa_abcp__lag075,rifsppaaad30nb_30d_aa_abcp,d,75,FRED_RIFSPPAAAD30NB_30d_aa_abcp.csv,101,0.316614
d__rifsppaaad30nb_30d_aa_abcp__lag076,rifsppaaad30nb_30d_aa_abcp,d,76,FRED_RIFSPPAAAD30NB_30d_aa_abcp.csv,101,0.316614
d__rifsppaaad30nb_30d_aa_abcp__lag077,rifsppaaad30nb_30d_aa_abcp,d,77,FRED_RIFSPPAAAD30NB_30d_aa_abcp.csv,101,0.316614
d__rifsppaaad30nb_30d_aa_abcp__lag078,rifsppaaad30nb_30d_aa_abcp,d,78,FRED_RIFSPPAAAD30NB_30d_aa_abcp.csv,101,0.316614
d__rifsppaaad30nb_30d_aa_abcp__lag079,rifsppaaad30nb_30d_aa_abcp,d,79,FRED_RIFSPPAAAD30NB_30d_aa_abcp.csv,101,0.316614
d__rifsppaaad30nb_30d_aa_abcp__lag080,rifsppaaad30nb_30d_aa_abcp,d,80,FRED_RIFSPPAAAD30NB_30d_aa_abcp.csv,101,0.316614
d__rifsppaaad30nb_30d_aa_abcp__lag081,rifsppaaad30nb_30d_aa_abcp,d,81,FRED_RIFSPPAAAD30NB_30d_aa_abcp.csv,101,0.316614
d__rifsppaaad30nb_30d_aa_abcp__lag082,rifsppaaad30nb_30d_aa_abcp,d,82,FRED_RIFSPPAAAD30NB_30d_aa_abcp.csv,101,0.316614
d__rifsppaaad30nb_30d_aa_abcp__lag083,rifsppaaad30nb_30d_aa_abcp,d,83,FRED_RIFSPPAAAD30NB_30d_aa_abcp.csv,101,0.316614
d__rifsppaaad30nb_30d_aa_abcp__lag084,rifsppaaad30nb_30d_aa_abcp,d,84,FRED_RIFSPPAAAD30NB_30d_aa_abcp.csv,101,0.316614
d__rifsppaaad30nb_30d_aa_abcp__lag085,rifsppaaad30nb_30d_aa_abcp,d,85,FRED_RIFSPPAAAD30NB_30d_aa_abcp.csv,101,0.316614
d__rifsppaaad30nb_30d_aa_abcp__lag086,rifsppaaad30nb_30d_aa_abcp,d,86,FRED_RIFSPPAAAD30NB_30d_aa_abcp.csv,101,0.316614
d__rifsppaaad30nb_30d_aa_abcp__lag087,rifsppaaad30nb_30d_aa_abcp,d,87,FRED_RIFSPPAAAD30NB_30d_aa_abcp.csv,101,0.316614
d__rifsppaaad30nb_30d_aa_abcp__lag088,rifsppaaad30nb_30d_aa_abcp,d,88,FRED_RIFSPPAAAD30NB_30d_aa_abcp.csv,101,0.316614
d__rifsppaaad30nb_30d_aa_abcp__lag089,rifsppaaad30nb_30d_aa_abcp,d,89,FRED_RIFSPPAAAD30NB_30d_aa_abcp.csv,101,0.316614
d__rifsppaaad30nb_30d_aa_abcp__lag090,rifsppaaad30nb_30d_aa_abcp,d,90,FRED_RIFSPPAAAD30NB_30d_aa_abcp.csv,100,0.31348
d__rifsppna2p2d30nb_30d_a2p2_cp__lag001,rifsppna2p2d30nb_30d_a2p2_cp,d,1,FRED_RIFSPPNA2P2D30NB_30d_a2p2_cp.csv,117,0.366771
d__rifsppna2p2d30nb_30d_a2p2_cp__lag002,rifsppna2p2d30nb_30d_a2p2_cp,d,2,FRED_RIFSPPNA2P2D30NB_30d_a2p2_cp.csv,117,0.366771
d__rifsppna2p2d30nb_30d_a2p2_cp__lag003,rifsppna2p2d30nb_30d_a2p2_cp,d,3,FRED_RIFSPPNA2P2D30NB_30d_a2p2_cp.csv,117,0.366771
d__rifsppna2p2d30nb_30d_a2p2_cp__lag004,rifsppna2p2d30nb_30d_a2p2_cp,d,4,FRED_RIFSPPNA2P2D30NB_30d_a2p2_cp.csv,117,0.366771
d__rifsppna2p2d30nb_30d_a2p2_cp__lag005,rifsppna2p2d30nb_30d_a2p2_cp,d,5,FRED_RIFSPPNA2P2D30NB_30d_a2p2_cp.csv,117,0.366771
d__rifsppna2p2d30nb_30d_a2p2_cp__lag006,rifsppna2p2d30nb_30d_a2p2_cp,d,6,FRED_RIFSPPNA2P2D30NB_30d_a2p2_cp.csv,117,0.366771
d__rifsppna2p2d30nb_30d_a2p2_cp__lag007,rifsppna2p2d30nb_30d_a2p2_cp,d,7,FRED_RIFSPPNA2P2D30NB_30d_a2p2_cp.csv,117,0.366771
d__rifsppna2p2d30nb_30d_a2p2_cp__lag008,rifsppna2p2d30nb_30d_a2p2_cp,d,8,FRED_RIFSPPNA2P2D30NB_30d_a2p2_cp.csv,117,0.366771
d__rifsppna2p2d30nb_30d_a2p2_cp__lag009,rifsppna2p2d30nb_30d_a2p2_cp,d,9,FRED_RIFSPPNA2P2D30NB_30d_a2p2_cp.csv,117,0.366771
d__rifsppna2p2d30nb_30d_a2p2_cp__lag010,rifsppna2p2d30nb_30d_a2p2_cp,d,10,FRED_RIFSPPNA2P2D30NB_30d_a2p2_cp.csv,117,0.366771
d__rifsppna2p2d30nb_30d_a2p2_cp__lag011,rifsppna2p2d30nb_30d_a2p2_cp,d,11,FRED_RIFSPPNA2P2D30NB_30d_a2p2_cp.csv,117,0.366771
d__rifsppna2p2d30nb_30d_a2p2_cp__lag012,rifsppna2p2d30nb_30d_a2p2_cp,d,12,FRED_RIFSPPNA2P2D30NB_30d_a2p2_cp.csv,117,0.366771
d__rifsppna2p2d30nb_30d_a2p2_cp__lag013,rifsppna2p2d30nb_30d_a2p2_cp,d,13,FRED_RIFSPPNA2P2D30NB_30d_a2p2_cp.csv,117,0.366771
d__rifsppna2p2d30nb_30d_a2p2_cp__lag014,rifsppna2p2d30nb_30d_a2p2_cp,d,14,FRED_RIFSPPNA2P2D30NB_30d_a2p2_cp.csv,117,0.366771
d__rifsppna2p2d30nb_30d_a2p2_cp__lag015,rifsppna2p2d30nb_30d_a2p2_cp,d,15,FRED_RIFSPPNA2P2D30NB_30d_a2p2_cp.csv,117,0.366771
d__rifsppna2p2d30nb_30d_a2p2_cp__lag016,rifsppna2p2d30nb_30d_a2p2_cp,d,16,FRED_RIFSPPNA2P2D30NB_30d_a2p2_cp.csv,117,0.366771
d__rifsppna2p2d30nb_30d_a2p2_cp__lag017,rifsppna2p2d30nb_30d_a2p2_cp,d,17,FRED_RIFSPPNA2P2D30NB_30d_a2p2_cp.csv,117,0.366771
d__rifsppna2p2d30nb_30d_a2p2_cp__lag018,rifsppna2p2d30nb_30d_a2p2_cp,d,18,FRED_RIFSPPNA2P2D30NB_30d_a2p2_cp.csv,117,0.366771
d__rifsppna2p2d30nb_30d_a2p2_cp__lag019,rifsppna2p2d30nb_30d_a2p2_cp,d,19,FRED_RIFSPPNA2P2D30NB_30d_a2p2_cp.csv,117,0.366771
d__rifsppna2p2d30nb_30d_a2p2_cp__lag020,rifsppna2p2d30nb_30d_a2p2_cp,d,20,FRED_RIFSPPNA2P2D30NB_30d_a2p2_cp.csv,117,0.366771
d__rifsppna2p2d30nb_30d_a2p2_cp__lag021,rifsppna2p2d30nb_30d_a2p2_cp,d,21,FRED_RIFSPPNA2P2D30NB_30d_a2p2_cp.csv,117,0.366771
d__rifsppna2p2d30nb_30d_a2p2_cp__lag022,rifsppna2p2d30nb_30d_a2p2_cp,d,22,FRED_RIFSPPNA2P2D30NB_30d_a2p2_cp.csv,117,0.366771
d__rifsppna2p2d30nb_30d_a2p2_cp__lag023,rifsppna2p2d30nb_30d_a2p2_cp,d,23,FRED_RIFSPPNA2P2D30NB_30d_a2p2_cp.csv,117,0.366771
d__rifsppna2p2d30nb_30d_a2p2_cp__lag024,rifsppna2p2d30nb_30d_a2p2_cp,d,24,FRED_RIFSPPNA2P2D30NB_30d_a2p2_cp.csv,117,0.366771
d__rifsppna2p2d30nb_30d_a2p2_cp__lag025,rifsppna2p2d30nb_30d_a2p2_cp,d,25,FRED_RIFSPPNA2P2D30NB_30d_a2p2_cp.csv,117,0.366771
d__rifsppna2p2d30nb_30d_a2p2_cp__lag026,rifsppna2p2d30nb_30d_a2p2_cp,d,26,FRED_RIFSPPNA2P2D30NB_30d_a2p2_cp.csv,117,0.366771
d__rifsppna2p2d30nb_30d_a2p2_cp__lag027,rifsppna2p2d30nb_30d_a2p2_cp,d,27,FRED_RIFSPPNA2P2D30NB_30d_a2p2_cp.csv,117,0.366771
d__rifsppna2p2d30nb_30d_a2p2_cp__lag028,rifsppna2p2d30nb_30d_a2p2_cp,d,28,FRED_RIFSPPNA2P2D30NB_30d_a2p2_cp.csv,117,0.366771
d__rifsppna2p2d30nb_30d_a2p2_cp__lag029,rifsppna2p2d30nb_30d_a2p2_cp,d,29,FRED_RIFSPPNA2P2D30NB_30d_a2p2_cp.csv,117,0.366771
d__rifsppna2p2d30nb_30d_a2p2_cp__lag030,rifsppna2p2d30nb_30d_a2p2_cp,d,30,FRED_RIFSPPNA2P2D30NB_30d_a2p2_cp.csv,117,0.366771
d__rifsppna2p2d30nb_30d_a2p2_cp__lag031,rifsppna2p2d30nb_30d_a2p2_cp,d,31,FRED_RIFSPPNA2P2D30NB_30d_a2p2_cp.csv,117,0.366771
d__rifsppna2p2d30nb_30d_a2p2_cp__lag032,rifsppna2p2d30nb_30d_a2p2_cp,d,32,FRED_RIFSPPNA2P2D30NB_30d_a2p2_cp.csv,117,0.366771
d__rifsppna2p2d30nb_30d_a2p2_cp__lag033,rifsppna2p2d30nb_30d_a2p2_cp,d,33,FRED_RIFSPPNA2P2D30NB_30d_a2p2_cp.csv,117,0.366771
d__rifsppna2p2d30nb_30d_a2p2_cp__lag034,rifsppna2p2d30nb_30d_a2p2_cp,d,34,FRED_RIFSPPNA2P2D30NB_30d_a2p2_cp.csv,117,0.366771
d__rifsppna2p2d30nb_30d_a2p2_cp__lag035,rifsppna2p2d30nb_30d_a2p2_cp,d,35,FRED_RIFSPPNA2P2D30NB_30d_a2p2_cp.csv,117,0.366771
d__rifsppna2p2d30nb_30d_a2p2_cp__lag036,rifsppna2p2d30nb_30d_a2p2_cp,d,36,FRED_RIFSPPNA2P2D30NB_30d_a2p2_cp.csv,117,0.366771
d__rifsppna2p2d30nb_30d_a2p2_cp__lag037,rifsppna2p2d30nb_30d_a2p2_cp,d,37,FRED_RIFSPPNA2P2D30NB_30d_a2p2_cp.csv,117,0.366771
d__rifsppna2p2d30nb_30d_a2p2_cp__lag038,rifsppna2p2d30nb_30d_a2p2_cp,d,38,FRED_RIFSPPNA2P2D30NB_30d_a2p2_cp.csv,117,0.366771
d__rifsppna2p2d30nb_30d_a2p2_cp__lag039,rifsppna2p2d30nb_30d_a2p2_cp,d,39,FRED_RIFSPPNA2P2D30NB_30d_a2p2_cp.csv,117,0.366771
d__rifsppna2p2d30nb_30d_a2p2_cp__lag040,rifsppna2p2d30nb_30d_a2p2_cp,d,40,FRED_RIFSPPNA2P2D30NB_30d_a2p2_cp.csv,117,0.366771
d__rifsppna2p2d30nb_30d_a2p2_cp__lag041,rifsppna2p2d30nb_30d_a2p2_cp,d,41,FRED_RIFSPPNA2P2D30NB_30d_a2p2_cp.csv,117,0.366771
d__rifsppna2p2d30nb_30d_a2p2_cp__lag042,rifsppna2p2d30nb_30d_a2p2_cp,d,42,FRED_RIFSPPNA2P2D30NB_30d_a2p2_cp.csv,117,0.366771
d__rifsppna2p2d30nb_30d_a2p2_cp__lag043,rifsppna2p2d30nb_30d_a2p2_cp,d,43,FRED_RIFSPPNA2P2D30NB_30d_a2p2_cp.csv,117,0.366771
d__rifsppna2p2d30nb_30d_a2p2_cp__lag044,rifsppna2p2d30nb_30d_a2p2_cp,d,44,FRED_RIFSPPNA2P2D30NB_30d_a2p2_cp.csv,117,0.366771
d__rifsppna2p2d30nb_30d_a2p2_cp__lag045,rifsppna2p2d30nb_30d_a2p2_cp,d,45,FRED_RIFSPPNA2P2D30NB_30d_a2p2_cp.csv,117,0.366771
d__rifsppna2p2d30nb_30d_a2p2_cp__lag046,rifsppna2p2d30nb_30d_a2p2_cp,d,46,FRED_RIFSPPNA2P2D30NB_30d_a2p2_cp.csv,117,0.366771
d__rifsppna2p2d30nb_30d_a2p2_cp__lag047,rifsppna2p2d30nb_30d_a2p2_cp,d,47,FRED_RIFSPPNA2P2D30NB_30d_a2p2_cp.csv,117,0.366771
d__rifsppna2p2d30nb_30d_a2p2_cp__lag048,rifsppna2p2d30nb_30d_a2p2_cp,d,48,FRED_RIFSPPNA2P2D30NB_30d_a2p2_cp.csv,117,0.366771
d__rifsppna2p2d30nb_30d_a2p2_cp__lag049,rifsppna2p2d30nb_30d_a2p2_cp,d,49,FRED_RIFSPPNA2P2D30NB_30d_a2p2_cp.csv,117,0.366771
d__rifsppna2p2d30nb_30d_a2p2_cp__lag050,rifsppna2p2d30nb_30d_a2p2_cp,d,50,FRED_RIFSPPNA2P2D30NB_30d_a2p2_cp.csv,117,0.366771
d__rifsppna2p2d30nb_30d_a2p2_cp__lag051,rifsppna2p2d30nb_30d_a2p2_cp,d,51,FRED_RIFSPPNA2P2D30NB_30d_a2p2_cp.csv,117,0.366771
d__rifsppna2p2d30nb_30d_a2p2_cp__lag052,rifsppna2p2d30nb_30d_a2p2_cp,d,52,FRED_RIFSPPNA2P2D30NB_30d_a2p2_cp.csv,117,0.366771
d__rifsppna2p2d30nb_30d_a2p2_cp__lag053,rifsppna2p2d30nb_30d_a2p2_cp,d,53,FRED_RIFSPPNA2P2D30NB_30d_a2p2_cp.csv,117,0.366771
d__rifsppna2p2d30nb_30d_a2p2_cp__lag054,rifsppna2p2d30nb_30d_a2p2_cp,d,54,FRED_RIFSPPNA2P2D30NB_30d_a2p2_cp.csv,117,0.366771
d__rifsppna2p2d30nb_30d_a2p2_cp__lag055,rifsppna2p2d30nb_30d_a2p2_cp,d,55,FRED_RIFSPPNA2P2D30NB_30d_a2p2_cp.csv,117,0.366771
d__rifsppna2p2d30nb_30d_a2p2_cp__lag056,rifsppna2p2d30nb_30d_a2p2_cp,d,56,FRED_RIFSPPNA2P2D30NB_30d_a2p2_cp.csv,117,0.366771
d__rifsppna2p2d30nb_30d_a2p2_cp__lag057,rifsppna2p2d30nb_30d_a2p2_cp,d,57,FRED_RIFSPPNA2P2D30NB_30d_a2p2_cp.csv,117,0.366771
d__rifsppna2p2d30nb_30d_a2p2_cp__lag058,rifsppna2p2d30nb_30d_a2p2_cp,d,58,FRED_RIFSPPNA2P2D30NB_30d_a2p2_cp.csv,117,0.366771
d__rifsppna2p2d30nb_30d_a2p2_cp__lag059,rifsppna2p2d30nb_30d_a2p2_cp,d,59,FRED_RIFSPPNA2P2D30NB_30d_a2p2_cp.csv,117,0.366771
d__rifsppna2p2d30nb_30d_a2p2_cp__lag060,rifsppna2p2d30nb_30d_a2p2_cp,d,60,FRED_RIFSPPNA2P2D30NB_30d_a2p2_cp.csv,117,0.366771
d__rifsppna2p2d30nb_30d_a2p2_cp__lag061,rifsppna2p2d30nb_30d_a2p2_cp,d,61,FRED_RIFSPPNA2P2D30NB_30d_a2p2_cp.csv,117,0.366771
d__rifsppna2p2d30nb_30d_a2p2_cp__lag062,rifsppna2p2d30nb_30d_a2p2_cp,d,62,FRED_RIFSPPNA2P2D30NB_30d_a2p2_cp.csv,117,0.366771
d__rifsppna2p2d30nb_30d_a2p2_cp__lag063,rifsppna2p2d30nb_30d_a2p2_cp,d,63,FRED_RIFSPPNA2P2D30NB_30d_a2p2_cp.csv,117,0.366771
d__rifsppna2p2d30nb_30d_a2p2_cp__lag064,rifsppna2p2d30nb_30d_a2p2_cp,d,64,FRED_RIFSPPNA2P2D30NB_30d_a2p2_cp.csv,117,0.366771
d__rifsppna2p2d30nb_30d_a2p2_cp__lag065,rifsppna2p2d30nb_30d_a2p2_cp,d,65,FRED_RIFSPPNA2P2D30NB_30d_a2p2_cp.csv,117,0.366771
d__rifsppna2p2d30nb_30d_a2p2_cp__lag066,rifsppna2p2d30nb_30d_a2p2_cp,d,66,FRED_RIFSPPNA2P2D30NB_30d_a2p2_cp.csv,117,0.366771
d__rifsppna2p2d30nb_30d_a2p2_cp__lag067,rifsppna2p2d30nb_30d_a2p2_cp,d,67,FRED_RIFSPPNA2P2D30NB_30d_a2p2_cp.csv,117,0.366771
d__rifsppna2p2d30nb_30d_a2p2_cp__lag068,rifsppna2p2d30nb_30d_a2p2_cp,d,68,FRED_RIFSPPNA2P2D30NB_30d_a2p2_cp.csv,117,0.366771
d__rifsppna2p2d30nb_30d_a2p2_cp__lag069,rifsppna2p2d30nb_30d_a2p2_cp,d,69,FRED_RIFSPPNA2P2D30NB_30d_a2p2_cp.csv,117,0.366771
d__rifsppna2p2d30nb_30d_a2p2_cp__lag070,rifsppna2p2d30nb_30d_a2p2_cp,d,70,FRED_RIFSPPNA2P2D30NB_30d_a2p2_cp.csv,117,0.366771
d__rifsppna2p2d30nb_30d_a2p2_cp__lag071,rifsppna2p2d30nb_30d_a2p2_cp,d,71,FRED_RIFSPPNA2P2D30NB_30d_a2p2_cp.csv,117,0.366771
d__rifsppna2p2d30nb_30d_a2p2_cp__lag072,rifsppna2p2d30nb_30d_a2p2_cp,d,72,FRED_RIFSPPNA2P2D30NB_30d_a2p2_cp.csv,117,0.366771
d__rifsppna2p2d30nb_30d_a2p2_cp__lag073,rifsppna2p2d30nb_30d_a2p2_cp,d,73,FRED_RIFSPPNA2P2D30NB_30d_a2p2_cp.csv,117,0.366771
d__rifsppna2p2d30nb_30d_a2p2_cp__lag074,rifsppna2p2d30nb_30d_a2p2_cp,d,74,FRED_RIFSPPNA2P2D30NB_30d_a2p2_cp.csv,117,0.366771
d__rifsppna2p2d30nb_30d_a2p2_cp__lag075,rifsppna2p2d30nb_30d_a2p2_cp,d,75,FRED_RIFSPPNA2P2D30NB_30d_a2p2_cp.csv,117,0.366771
d__rifsppna2p2d30nb_30d_a2p2_cp__lag076,rifsppna2p2d30nb_30d_a2p2_cp,d,76,FRED_RIFSPPNA2P2D30NB_30d_a2p2_cp.csv,117,0.366771
d__rifsppna2p2d30nb_30d_a2p2_cp__lag077,rifsppna2p2d30nb_30d_a2p2_cp,d,77,FRED_RIFSPPNA2P2D30NB_30d_a2p2_cp.csv,117,0.366771
d__rifsppna2p2d30nb_30d_a2p2_cp__lag078,rifsppna2p2d30nb_30d_a2p2_cp,d,78,FRED_RIFSPPNA2P2D30NB_30d_a2p2_cp.csv,117,0.366771
d__rifsppna2p2d30nb_30d_a2p2_cp__lag079,rifsppna2p2d30nb_30d_a2p2_cp,d,79,FRED_RIFSPPNA2P2D30NB_30d_a2p2_cp.csv,117,0.366771
d__rifsppna2p2d30nb_30d_a2p2_cp__lag080,rifsppna2p2d30nb_30d_a2p2_cp,d,80,FRED_RIFSPPNA2P2D30NB_30d_a2p2_cp.csv,117,0.366771
d__rifsppna2p2d30nb_30d_a2p2_cp__lag081,rifsppna2p2d30nb_30d_a2p2_cp,d,81,FRED_RIFSPPNA2P2D30NB_30d_a2p2_cp.csv,117,0.366771
d__rifsppna2p2d30nb_30d_a2p2_cp__lag082,rifsppna2p2d30nb_30d_a2p2_cp,d,82,FRED_RIFSPPNA2P2D30NB_30d_a2p2_cp.csv,117,0.366771
d__rifsppna2p2d30nb_30d_a2p2_cp__lag083,rifsppna2p2d30nb_30d_a2p2_cp,d,83,FRED_RIFSPPNA2P2D30NB_30d_a2p2_cp.csv,117,0.366771
d__rifsppna2p2d30nb_30d_a2p2_cp__lag084,rifsppna2p2d30nb_30d_a2p2_cp,d,84,FRED_RIFSPPNA2P2D30NB_30d_a2p2_cp.csv,117,0.366771
d__rifsppna2p2d30nb_30d_a2p2_cp__lag085,rifsppna2p2d30nb_30d_a2p2_cp,d,85,FRED_RIFSPPNA2P2D30NB_30d_a2p2_cp.csv,117,0.366771
d__rifsppna2p2d30nb_30d_a2p2_cp__lag086,rifsppna2p2d30nb_30d_a2p2_cp,d,86,FRED_RIFSPPNA2P2D30NB_30d_a2p2_cp.csv,117,0.366771
d__rifsppna2p2d30nb_30d_a2p2_cp__lag087,rifsppna2p2d30nb_30d_a2p2_cp,d,87,FRED_RIFSPPNA2P2D30NB_30d_a2p2_cp.csv,117,0.366771
d__rifsppna2p2d30nb_30d_a2p2_cp__lag088,rifsppna2p2d30nb_30d_a2p2_cp,d,88,FRED_RIFSPPNA2P2D30NB_30d_a2p2_cp.csv,117,0.366771
d__rifsppna2p2d30nb_30d_a2p2_cp__lag089,rifsppna2p2d30nb_30d_a2p2_cp,d,89,FRED_RIFSPPNA2P2D30NB_30d_a2p2_cp.csv,117,0.366771
d__rifsppna2p2d30nb_30d_a2p2_cp__lag090,rifsppna2p2d30nb_30d_a2p2_cp,d,90,FRED_RIFSPPNA2P2D30NB_30d_a2p2_cp.csv,116,0.363636
m__rmfsl_mmf__lag001,rmfsl_mmf,m,1,FRED_RMFSL_MMF.csv,213,0.667712
m__rmfsl_mmf__lag002,rmfsl_mmf,m,2,FRED_RMFSL_MMF.csv,213,0.667712
m__rmfsl_mmf__lag003,rmfsl_mmf,m,3,FRED_RMFSL_MMF.csv,213,0.667712
m__rmfsl_mmf__lag004,rmfsl_mmf,m,4,FRED_RMFSL_MMF.csv,212,0.664577
m__rmfsl_mmf__lag005,rmfsl_mmf,m,5,FRED_RMFSL_MMF.csv,212,0.664577
m__rmfsl_mmf__lag006,rmfsl_mmf,m,6,FRED_RMFSL_MMF.csv,212,0.664577
m__rmfsl_mmf__lag007,rmfsl_mmf,m,7,FRED_RMFSL_MMF.csv,211,0.661442
m__rmfsl_mmf__lag008,rmfsl_mmf,m,8,FRED_RMFSL_MMF.csv,211,0.661442
m__rmfsl_mmf__lag009,rmfsl_mmf,m,9,FRED_RMFSL_MMF.csv,211,0.661442
m__rmfsl_mmf__lag010,rmfsl_mmf,m,10,FRED_RMFSL_MMF.csv,210,0.658307
m__rmfsl_mmf__lag011,rmfsl_mmf,m,11,FRED_RMFSL_MMF.csv,210,0.658307
m__rmfsl_mmf__lag012,rmfsl_mmf,m,12,FRED_RMFSL_MMF.csv,210,0.658307
q__rowcbaq027s_row_corpbonds_flow__lag001,rowcbaq027s_row_corpbonds_flow,q,1,FRED_ROWCBAQ027S_ROW_CorpBonds_Flow.csv,317,0.99373
q__rowcbaq027s_row_corpbonds_flow__lag002,rowcbaq027s_row_corpbonds_flow,q,2,FRED_ROWCBAQ027S_ROW_CorpBonds_Flow.csv,316,0.990596
q__rowcbaq027s_row_corpbonds_flow__lag003,rowcbaq027s_row_corpbonds_flow,q,3,FRED_ROWCBAQ027S_ROW_CorpBonds_Flow.csv,315,0.987461
q__rowcbaq027s_row_corpbonds_flow__lag004,rowcbaq027s_row_corpbonds_flow,q,4,FRED_ROWCBAQ027S_ROW_CorpBonds_Flow.csv,314,0.984326
q__rowcbaq027s_row_corpbonds_flow__lag005,rowcbaq027s_row_corpbonds_flow,q,5,FRED_ROWCBAQ027S_ROW_CorpBonds_Flow.csv,313,0.981191
q__rowcbaq027s_row_corpbonds_flow__lag006,rowcbaq027s_row_corpbonds_flow,q,6,FRED_ROWCBAQ027S_ROW_CorpBonds_Flow.csv,312,0.978056
q__rowcbaq027s_row_corpbonds_flow__lag007,rowcbaq027s_row_corpbonds_flow,q,7,FRED_ROWCBAQ027S_ROW_CorpBonds_Flow.csv,311,0.974922
q__rowcbaq027s_row_corpbonds_flow__lag008,rowcbaq027s_row_corpbonds_flow,q,8,FRED_ROWCBAQ027S_ROW_CorpBonds_Flow.csv,310,0.971787
q__rowceaq027s_row_corpequities_flow__lag001,rowceaq027s_row_corpequities_flow,q,1,FRED_ROWCEAQ027S_ROW_CorpEquities_Flow.csv,317,0.99373
q__rowceaq027s_row_corpequities_flow__lag002,rowceaq027s_row_corpequities_flow,q,2,FRED_ROWCEAQ027S_ROW_CorpEquities_Flow.csv,316,0.990596
q__rowceaq027s_row_corpequities_flow__lag003,rowceaq027s_row_corpequities_flow,q,3,FRED_ROWCEAQ027S_ROW_CorpEquities_Flow.csv,315,0.987461
q__rowceaq027s_row_corpequities_flow__lag004,rowceaq027s_row_corpequities_flow,q,4,FRED_ROWCEAQ027S_ROW_CorpEquities_Flow.csv,314,0.984326
q__rowceaq027s_row_corpequities_flow__lag005,rowceaq027s_row_corpequities_flow,q,5,FRED_ROWCEAQ027S_ROW_CorpEquities_Flow.csv,313,0.981191
q__rowceaq027s_row_corpequities_flow__lag006,rowceaq027s_row_corpequities_flow,q,6,FRED_ROWCEAQ027S_ROW_CorpEquities_Flow.csv,312,0.978056
q__rowceaq027s_row_corpequities_flow__lag007,rowceaq027s_row_corpequities_flow,q,7,FRED_ROWCEAQ027S_ROW_CorpEquities_Flow.csv,311,0.974922
q__rowceaq027s_row_corpequities_flow__lag008,rowceaq027s_row_corpequities_flow,q,8,FRED_ROWCEAQ027S_ROW_CorpEquities_Flow.csv,310,0.971787
q__rowcpaq027s_row_commercialpaper_flow__lag001,rowcpaq027s_row_commercialpaper_flow,q,1,FRED_ROWCPAQ027S_ROW_CommercialPaper_Flow.csv,317,0.99373
q__rowcpaq027s_row_commercialpaper_flow__lag002,rowcpaq027s_row_commercialpaper_flow,q,2,FRED_ROWCPAQ027S_ROW_CommercialPaper_Flow.csv,316,0.990596
q__rowcpaq027s_row_commercialpaper_flow__lag003,rowcpaq027s_row_commercialpaper_flow,q,3,FRED_ROWCPAQ027S_ROW_CommercialPaper_Flow.csv,315,0.987461
q__rowcpaq027s_row_commercialpaper_flow__lag004,rowcpaq027s_row_commercialpaper_flow,q,4,FRED_ROWCPAQ027S_ROW_CommercialPaper_Flow.csv,314,0.984326
q__rowcpaq027s_row_commercialpaper_flow__lag005,rowcpaq027s_row_commercialpaper_flow,q,5,FRED_ROWCPAQ027S_ROW_CommercialPaper_Flow.csv,313,0.981191
q__rowcpaq027s_row_commercialpaper_flow__lag006,rowcpaq027s_row_commercialpaper_flow,q,6,FRED_ROWCPAQ027S_ROW_CommercialPaper_Flow.csv,312,0.978056
q__rowcpaq027s_row_commercialpaper_flow__lag007,rowcpaq027s_row_commercialpaper_flow,q,7,FRED_ROWCPAQ027S_ROW_CommercialPaper_Flow.csv,311,0.974922
q__rowcpaq027s_row_commercialpaper_flow__lag008,rowcpaq027s_row_commercialpaper_flow,q,8,FRED_ROWCPAQ027S_ROW_CommercialPaper_Flow.csv,310,0.971787
q__rowgseq027s_row_agency_flow__lag001,rowgseq027s_row_agency_flow,q,1,FRED_ROWGSEQ027S_ROW_Agency_Flow.csv,317,0.99373
q__rowgseq027s_row_agency_flow__lag002,rowgseq027s_row_agency_flow,q,2,FRED_ROWGSEQ027S_ROW_Agency_Flow.csv,316,0.990596
q__rowgseq027s_row_agency_flow__lag003,rowgseq027s_row_agency_flow,q,3,FRED_ROWGSEQ027S_ROW_Agency_Flow.csv,315,0.987461
q__rowgseq027s_row_agency_flow__lag004,rowgseq027s_row_agency_flow,q,4,FRED_ROWGSEQ027S_ROW_Agency_Flow.csv,314,0.984326
q__rowgseq027s_row_agency_flow__lag005,rowgseq027s_row_agency_flow,q,5,FRED_ROWGSEQ027S_ROW_Agency_Flow.csv,313,0.981191
q__rowgseq027s_row_agency_flow__lag006,rowgseq027s_row_agency_flow,q,6,FRED_ROWGSEQ027S_ROW_Agency_Flow.csv,312,0.978056
q__rowgseq027s_row_agency_flow__lag007,rowgseq027s_row_agency_flow,q,7,FRED_ROWGSEQ027S_ROW_Agency_Flow.csv,311,0.974922
q__rowgseq027s_row_agency_flow__lag008,rowgseq027s_row_agency_flow,q,8,FRED_ROWGSEQ027S_ROW_Agency_Flow.csv,310,0.971787
q__rowmfsq027s_row_mutualfundshares_flow__lag001,rowmfsq027s_row_mutualfundshares_flow,q,1,FRED_ROWMFSQ027S_ROW_MutualFundShares_Flow.csv,317,0.99373
q__rowmfsq027s_row_mutualfundshares_flow__lag002,rowmfsq027s_row_mutualfundshares_flow,q,2,FRED_ROWMFSQ027S_ROW_MutualFundShares_Flow.csv,316,0.990596
q__rowmfsq027s_row_mutualfundshares_flow__lag003,rowmfsq027s_row_mutualfundshares_flow,q,3,FRED_ROWMFSQ027S_ROW_MutualFundShares_Flow.csv,315,0.987461
q__rowmfsq027s_row_mutualfundshares_flow__lag004,rowmfsq027s_row_mutualfundshares_flow,q,4,FRED_ROWMFSQ027S_ROW_MutualFundShares_Flow.csv,314,0.984326
q__rowmfsq027s_row_mutualfundshares_flow__lag005,rowmfsq027s_row_mutualfundshares_flow,q,5,FRED_ROWMFSQ027S_ROW_MutualFundShares_Flow.csv,313,0.981191
q__rowmfsq027s_row_mutualfundshares_flow__lag006,rowmfsq027s_row_mutualfundshares_flow,q,6,FRED_ROWMFSQ027S_ROW_MutualFundShares_Flow.csv,312,0.978056
q__rowmfsq027s_row_mutualfundshares_flow__lag007,rowmfsq027s_row_mutualfundshares_flow,q,7,FRED_ROWMFSQ027S_ROW_MutualFundShares_Flow.csv,311,0.974922
q__rowmfsq027s_row_mutualfundshares_flow__lag008,rowmfsq027s_row_mutualfundshares_flow,q,8,FRED_ROWMFSQ027S_ROW_MutualFundShares_Flow.csv,310,0.971787
q__rowmmfq027s_row_moneymarketfundshares_flow__lag001,rowmmfq027s_row_moneymarketfundshares_flow,q,1,FRED_ROWMMFQ027S_ROW_MoneyMarketFundShares_Flow.csv,317,0.99373
q__rowmmfq027s_row_moneymarketfundshares_flow__lag002,rowmmfq027s_row_moneymarketfundshares_flow,q,2,FRED_ROWMMFQ027S_ROW_MoneyMarketFundShares_Flow.csv,316,0.990596
q__rowmmfq027s_row_moneymarketfundshares_flow__lag003,rowmmfq027s_row_moneymarketfundshares_flow,q,3,FRED_ROWMMFQ027S_ROW_MoneyMarketFundShares_Flow.csv,315,0.987461
q__rowmmfq027s_row_moneymarketfundshares_flow__lag004,rowmmfq027s_row_moneymarketfundshares_flow,q,4,FRED_ROWMMFQ027S_ROW_MoneyMarketFundShares_Flow.csv,314,0.984326
q__rowmmfq027s_row_moneymarketfundshares_flow__lag005,rowmmfq027s_row_moneymarketfundshares_flow,q,5,FRED_ROWMMFQ027S_ROW_MoneyMarketFundShares_Flow.csv,313,0.981191
q__rowmmfq027s_row_moneymarketfundshares_flow__lag006,rowmmfq027s_row_moneymarketfundshares_flow,q,6,FRED_ROWMMFQ027S_ROW_MoneyMarketFundShares_Flow.csv,312,0.978056
q__rowmmfq027s_row_moneymarketfundshares_flow__lag007,rowmmfq027s_row_moneymarketfundshares_flow,q,7,FRED_ROWMMFQ027S_ROW_MoneyMarketFundShares_Flow.csv,311,0.974922
q__rowmmfq027s_row_moneymarketfundshares_flow__lag008,rowmmfq027s_row_moneymarketfundshares_flow,q,8,FRED_ROWMMFQ027S_ROW_MoneyMarketFundShares_Flow.csv,310,0.971787
q__rowmslq027s_row_muni_flow__lag001,rowmslq027s_row_muni_flow,q,1,FRED_ROWMSLQ027S_ROW_Muni_Flow.csv,317,0.99373
q__rowmslq027s_row_muni_flow__lag002,rowmslq027s_row_muni_flow,q,2,FRED_ROWMSLQ027S_ROW_Muni_Flow.csv,316,0.990596
q__rowmslq027s_row_muni_flow__lag003,rowmslq027s_row_muni_flow,q,3,FRED_ROWMSLQ027S_ROW_Muni_Flow.csv,315,0.987461
q__rowmslq027s_row_muni_flow__lag004,rowmslq027s_row_muni_flow,q,4,FRED_ROWMSLQ027S_ROW_Muni_Flow.csv,314,0.984326
q__rowmslq027s_row_muni_flow__lag005,rowmslq027s_row_muni_flow,q,5,FRED_ROWMSLQ027S_ROW_Muni_Flow.csv,313,0.981191
q__rowmslq027s_row_muni_flow__lag006,rowmslq027s_row_muni_flow,q,6,FRED_ROWMSLQ027S_ROW_Muni_Flow.csv,312,0.978056
q__rowmslq027s_row_muni_flow__lag007,rowmslq027s_row_muni_flow,q,7,FRED_ROWMSLQ027S_ROW_Muni_Flow.csv,311,0.974922
q__rowmslq027s_row_muni_flow__lag008,rowmslq027s_row_muni_flow,q,8,FRED_ROWMSLQ027S_ROW_Muni_Flow.csv,310,0.971787
q__rownblq027s_row_nonfinbusinessloans_flow__lag001,rownblq027s_row_nonfinbusinessloans_flow,q,1,FRED_ROWNBLQ027S_ROW_NonfinBusinessLoans_Flow.csv,317,0.99373
q__rownblq027s_row_nonfinbusinessloans_flow__lag002,rownblq027s_row_nonfinbusinessloans_flow,q,2,FRED_ROWNBLQ027S_ROW_NonfinBusinessLoans_Flow.csv,316,0.990596
q__rownblq027s_row_nonfinbusinessloans_flow__lag003,rownblq027s_row_nonfinbusinessloans_flow,q,3,FRED_ROWNBLQ027S_ROW_NonfinBusinessLoans_Flow.csv,315,0.987461
q__rownblq027s_row_nonfinbusinessloans_flow__lag004,rownblq027s_row_nonfinbusinessloans_flow,q,4,FRED_ROWNBLQ027S_ROW_NonfinBusinessLoans_Flow.csv,314,0.984326
q__rownblq027s_row_nonfinbusinessloans_flow__lag005,rownblq027s_row_nonfinbusinessloans_flow,q,5,FRED_ROWNBLQ027S_ROW_NonfinBusinessLoans_Flow.csv,313,0.981191
q__rownblq027s_row_nonfinbusinessloans_flow__lag006,rownblq027s_row_nonfinbusinessloans_flow,q,6,FRED_ROWNBLQ027S_ROW_NonfinBusinessLoans_Flow.csv,312,0.978056
q__rownblq027s_row_nonfinbusinessloans_flow__lag007,rownblq027s_row_nonfinbusinessloans_flow,q,7,FRED_ROWNBLQ027S_ROW_NonfinBusinessLoans_Flow.csv,311,0.974922
q__rownblq027s_row_nonfinbusinessloans_flow__lag008,rownblq027s_row_nonfinbusinessloans_flow,q,8,FRED_ROWNBLQ027S_ROW_NonfinBusinessLoans_Flow.csv,310,0.971787
q__rowsllq027s_row_stloan_l__lag001,rowsllq027s_row_stloan_l,q,1,FRED_ROWSLLQ027S_row_stloan_l.csv,319,1.0
q__rowsllq027s_row_stloan_l__lag002,rowsllq027s_row_stloan_l,q,2,FRED_ROWSLLQ027S_row_stloan_l.csv,319,1.0
q__rowsllq027s_row_stloan_l__lag003,rowsllq027s_row_stloan_l,q,3,FRED_ROWSLLQ027S_row_stloan_l.csv,319,1.0
q__rowsllq027s_row_stloan_l__lag004,rowsllq027s_row_stloan_l,q,4,FRED_ROWSLLQ027S_row_stloan_l.csv,318,0.996865
q__rowsllq027s_row_stloan_l__lag005,rowsllq027s_row_stloan_l,q,5,FRED_ROWSLLQ027S_row_stloan_l.csv,317,0.99373
q__rowsllq027s_row_stloan_l__lag006,rowsllq027s_row_stloan_l,q,6,FRED_ROWSLLQ027S_row_stloan_l.csv,316,0.990596
q__rowsllq027s_row_stloan_l__lag007,rowsllq027s_row_stloan_l,q,7,FRED_ROWSLLQ027S_row_stloan_l.csv,315,0.987461
q__rowsllq027s_row_stloan_l__lag008,rowsllq027s_row_stloan_l,q,8,FRED_ROWSLLQ027S_row_stloan_l.csv,314,0.984326
q__rowstaq027s_row_stloan_a__lag001,rowstaq027s_row_stloan_a,q,1,FRED_ROWSTAQ027S_row_stloan_a.csv,319,1.0
q__rowstaq027s_row_stloan_a__lag002,rowstaq027s_row_stloan_a,q,2,FRED_ROWSTAQ027S_row_stloan_a.csv,319,1.0
q__rowstaq027s_row_stloan_a__lag003,rowstaq027s_row_stloan_a,q,3,FRED_ROWSTAQ027S_row_stloan_a.csv,319,1.0
q__rowstaq027s_row_stloan_a__lag004,rowstaq027s_row_stloan_a,q,4,FRED_ROWSTAQ027S_row_stloan_a.csv,318,0.996865
q__rowstaq027s_row_stloan_a__lag005,rowstaq027s_row_stloan_a,q,5,FRED_ROWSTAQ027S_row_stloan_a.csv,317,0.99373
q__rowstaq027s_row_stloan_a__lag006,rowstaq027s_row_stloan_a,q,6,FRED_ROWSTAQ027S_row_stloan_a.csv,316,0.990596
q__rowstaq027s_row_stloan_a__lag007,rowstaq027s_row_stloan_a,q,7,FRED_ROWSTAQ027S_row_stloan_a.csv,315,0.987461
q__rowstaq027s_row_stloan_a__lag008,rowstaq027s_row_stloan_a,q,8,FRED_ROWSTAQ027S_row_stloan_a.csv,314,0.984326
q__rowtsaq027s_row_tsy_tx__lag001,rowtsaq027s_row_tsy_tx,q,1,FRED_ROWTSAQ027S_row_tsy_tx.csv,317,0.99373
q__rowtsaq027s_row_tsy_tx__lag002,rowtsaq027s_row_tsy_tx,q,2,FRED_ROWTSAQ027S_row_tsy_tx.csv,316,0.990596
q__rowtsaq027s_row_tsy_tx__lag003,rowtsaq027s_row_tsy_tx,q,3,FRED_ROWTSAQ027S_row_tsy_tx.csv,315,0.987461
q__rowtsaq027s_row_tsy_tx__lag004,rowtsaq027s_row_tsy_tx,q,4,FRED_ROWTSAQ027S_row_tsy_tx.csv,314,0.984326
q__rowtsaq027s_row_tsy_tx__lag005,rowtsaq027s_row_tsy_tx,q,5,FRED_ROWTSAQ027S_row_tsy_tx.csv,313,0.981191
q__rowtsaq027s_row_tsy_tx__lag006,rowtsaq027s_row_tsy_tx,q,6,FRED_ROWTSAQ027S_row_tsy_tx.csv,312,0.978056
q__rowtsaq027s_row_tsy_tx__lag007,rowtsaq027s_row_tsy_tx,q,7,FRED_ROWTSAQ027S_row_tsy_tx.csv,311,0.974922
q__rowtsaq027s_row_tsy_tx__lag008,rowtsaq027s_row_tsy_tx,q,8,FRED_ROWTSAQ027S_row_tsy_tx.csv,310,0.971787
q__rrvrusq156n_rental_vacancy__lag001,rrvrusq156n_rental_vacancy,q,1,FRED_RRVRUSQ156N_rental_vacancy.csv,280,0.877743
q__rrvrusq156n_rental_vacancy__lag002,rrvrusq156n_rental_vacancy,q,2,FRED_RRVRUSQ156N_rental_vacancy.csv,279,0.874608
q__rrvrusq156n_rental_vacancy__lag003,rrvrusq156n_rental_vacancy,q,3,FRED_RRVRUSQ156N_rental_vacancy.csv,278,0.871473
q__rrvrusq156n_rental_vacancy__lag004,rrvrusq156n_rental_vacancy,q,4,FRED_RRVRUSQ156N_rental_vacancy.csv,277,0.868339
q__rrvrusq156n_rental_vacancy__lag005,rrvrusq156n_rental_vacancy,q,5,FRED_RRVRUSQ156N_rental_vacancy.csv,276,0.865204
q__rrvrusq156n_rental_vacancy__lag006,rrvrusq156n_rental_vacancy,q,6,FRED_RRVRUSQ156N_rental_vacancy.csv,275,0.862069
q__rrvrusq156n_rental_vacancy__lag007,rrvrusq156n_rental_vacancy,q,7,FRED_RRVRUSQ156N_rental_vacancy.csv,274,0.858934
q__rrvrusq156n_rental_vacancy__lag008,rrvrusq156n_rental_vacancy,q,8,FRED_RRVRUSQ156N_rental_vacancy.csv,273,0.855799
m__srvprd_srvprd__lag001,srvprd_srvprd,m,1,FRED_SRVPRD_SRVPRD.csv,319,1.0
m__srvprd_srvprd__lag002,srvprd_srvprd,m,2,FRED_SRVPRD_SRVPRD.csv,319,1.0
m__srvprd_srvprd__lag003,srvprd_srvprd,m,3,FRED_SRVPRD_SRVPRD.csv,319,1.0
m__srvprd_srvprd__lag004,srvprd_srvprd,m,4,FRED_SRVPRD_SRVPRD.csv,319,1.0
m__srvprd_srvprd__lag005,srvprd_srvprd,m,5,FRED_SRVPRD_SRVPRD.csv,319,1.0
m__srvprd_srvprd__lag006,srvprd_srvprd,m,6,FRED_SRVPRD_SRVPRD.csv,319,1.0
m__srvprd_srvprd__lag007,srvprd_srvprd,m,7,FRED_SRVPRD_SRVPRD.csv,319,1.0
m__srvprd_srvprd__lag008,srvprd_srvprd,m,8,FRED_SRVPRD_SRVPRD.csv,319,1.0
m__srvprd_srvprd__lag009,srvprd_srvprd,m,9,FRED_SRVPRD_SRVPRD.csv,319,1.0
m__srvprd_srvprd__lag010,srvprd_srvprd,m,10,FRED_SRVPRD_SRVPRD.csv,319,1.0
m__srvprd_srvprd__lag011,srvprd_srvprd,m,11,FRED_SRVPRD_SRVPRD.csv,319,1.0
m__srvprd_srvprd__lag012,srvprd_srvprd,m,12,FRED_SRVPRD_SRVPRD.csv,319,1.0
d__stlfsi4_stlfed_fin_stress_idx__lag001,stlfsi4_stlfed_fin_stress_idx,d,1,FRED_STLFSI4_stlfed_fin_stress_idx.csv,130,0.407524
d__stlfsi4_stlfed_fin_stress_idx__lag002,stlfsi4_stlfed_fin_stress_idx,d,2,FRED_STLFSI4_stlfed_fin_stress_idx.csv,129,0.404389
d__stlfsi4_stlfed_fin_stress_idx__lag003,stlfsi4_stlfed_fin_stress_idx,d,3,FRED_STLFSI4_stlfed_fin_stress_idx.csv,129,0.404389
d__stlfsi4_stlfed_fin_stress_idx__lag004,stlfsi4_stlfed_fin_stress_idx,d,4,FRED_STLFSI4_stlfed_fin_stress_idx.csv,129,0.404389
d__stlfsi4_stlfed_fin_stress_idx__lag005,stlfsi4_stlfed_fin_stress_idx,d,5,FRED_STLFSI4_stlfed_fin_stress_idx.csv,129,0.404389
d__stlfsi4_stlfed_fin_stress_idx__lag006,stlfsi4_stlfed_fin_stress_idx,d,6,FRED_STLFSI4_stlfed_fin_stress_idx.csv,129,0.404389
d__stlfsi4_stlfed_fin_stress_idx__lag007,stlfsi4_stlfed_fin_stress_idx,d,7,FRED_STLFSI4_stlfed_fin_stress_idx.csv,129,0.404389
d__stlfsi4_stlfed_fin_stress_idx__lag008,stlfsi4_stlfed_fin_stress_idx,d,8,FRED_STLFSI4_stlfed_fin_stress_idx.csv,129,0.404389
d__stlfsi4_stlfed_fin_stress_idx__lag009,stlfsi4_stlfed_fin_stress_idx,d,9,FRED_STLFSI4_stlfed_fin_stress_idx.csv,129,0.404389
d__stlfsi4_stlfed_fin_stress_idx__lag010,stlfsi4_stlfed_fin_stress_idx,d,10,FRED_STLFSI4_stlfed_fin_stress_idx.csv,129,0.404389
d__stlfsi4_stlfed_fin_stress_idx__lag011,stlfsi4_stlfed_fin_stress_idx,d,11,FRED_STLFSI4_stlfed_fin_stress_idx.csv,129,0.404389
d__stlfsi4_stlfed_fin_stress_idx__lag012,stlfsi4_stlfed_fin_stress_idx,d,12,FRED_STLFSI4_stlfed_fin_stress_idx.csv,129,0.404389
d__stlfsi4_stlfed_fin_stress_idx__lag013,stlfsi4_stlfed_fin_stress_idx,d,13,FRED_STLFSI4_stlfed_fin_stress_idx.csv,129,0.404389
d__stlfsi4_stlfed_fin_stress_idx__lag014,stlfsi4_stlfed_fin_stress_idx,d,14,FRED_STLFSI4_stlfed_fin_stress_idx.csv,129,0.404389
d__stlfsi4_stlfed_fin_stress_idx__lag015,stlfsi4_stlfed_fin_stress_idx,d,15,FRED_STLFSI4_stlfed_fin_stress_idx.csv,129,0.404389
d__stlfsi4_stlfed_fin_stress_idx__lag016,stlfsi4_stlfed_fin_stress_idx,d,16,FRED_STLFSI4_stlfed_fin_stress_idx.csv,129,0.404389
d__stlfsi4_stlfed_fin_stress_idx__lag017,stlfsi4_stlfed_fin_stress_idx,d,17,FRED_STLFSI4_stlfed_fin_stress_idx.csv,129,0.404389
d__stlfsi4_stlfed_fin_stress_idx__lag018,stlfsi4_stlfed_fin_stress_idx,d,18,FRED_STLFSI4_stlfed_fin_stress_idx.csv,129,0.404389
d__stlfsi4_stlfed_fin_stress_idx__lag019,stlfsi4_stlfed_fin_stress_idx,d,19,FRED_STLFSI4_stlfed_fin_stress_idx.csv,129,0.404389
d__stlfsi4_stlfed_fin_stress_idx__lag020,stlfsi4_stlfed_fin_stress_idx,d,20,FRED_STLFSI4_stlfed_fin_stress_idx.csv,129,0.404389
d__stlfsi4_stlfed_fin_stress_idx__lag021,stlfsi4_stlfed_fin_stress_idx,d,21,FRED_STLFSI4_stlfed_fin_stress_idx.csv,129,0.404389
d__stlfsi4_stlfed_fin_stress_idx__lag022,stlfsi4_stlfed_fin_stress_idx,d,22,FRED_STLFSI4_stlfed_fin_stress_idx.csv,129,0.404389
d__stlfsi4_stlfed_fin_stress_idx__lag023,stlfsi4_stlfed_fin_stress_idx,d,23,FRED_STLFSI4_stlfed_fin_stress_idx.csv,129,0.404389
d__stlfsi4_stlfed_fin_stress_idx__lag024,stlfsi4_stlfed_fin_stress_idx,d,24,FRED_STLFSI4_stlfed_fin_stress_idx.csv,129,0.404389
d__stlfsi4_stlfed_fin_stress_idx__lag025,stlfsi4_stlfed_fin_stress_idx,d,25,FRED_STLFSI4_stlfed_fin_stress_idx.csv,129,0.404389
d__stlfsi4_stlfed_fin_stress_idx__lag026,stlfsi4_stlfed_fin_stress_idx,d,26,FRED_STLFSI4_stlfed_fin_stress_idx.csv,129,0.404389
d__stlfsi4_stlfed_fin_stress_idx__lag027,stlfsi4_stlfed_fin_stress_idx,d,27,FRED_STLFSI4_stlfed_fin_stress_idx.csv,129,0.404389
d__stlfsi4_stlfed_fin_stress_idx__lag028,stlfsi4_stlfed_fin_stress_idx,d,28,FRED_STLFSI4_stlfed_fin_stress_idx.csv,129,0.404389
d__stlfsi4_stlfed_fin_stress_idx__lag029,stlfsi4_stlfed_fin_stress_idx,d,29,FRED_STLFSI4_stlfed_fin_stress_idx.csv,129,0.404389
d__stlfsi4_stlfed_fin_stress_idx__lag030,stlfsi4_stlfed_fin_stress_idx,d,30,FRED_STLFSI4_stlfed_fin_stress_idx.csv,129,0.404389
d__stlfsi4_stlfed_fin_stress_idx__lag031,stlfsi4_stlfed_fin_stress_idx,d,31,FRED_STLFSI4_stlfed_fin_stress_idx.csv,129,0.404389
d__stlfsi4_stlfed_fin_stress_idx__lag032,stlfsi4_stlfed_fin_stress_idx,d,32,FRED_STLFSI4_stlfed_fin_stress_idx.csv,129,0.404389
d__stlfsi4_stlfed_fin_stress_idx__lag033,stlfsi4_stlfed_fin_stress_idx,d,33,FRED_STLFSI4_stlfed_fin_stress_idx.csv,129,0.404389
d__stlfsi4_stlfed_fin_stress_idx__lag034,stlfsi4_stlfed_fin_stress_idx,d,34,FRED_STLFSI4_stlfed_fin_stress_idx.csv,129,0.404389
d__stlfsi4_stlfed_fin_stress_idx__lag035,stlfsi4_stlfed_fin_stress_idx,d,35,FRED_STLFSI4_stlfed_fin_stress_idx.csv,129,0.404389
d__stlfsi4_stlfed_fin_stress_idx__lag036,stlfsi4_stlfed_fin_stress_idx,d,36,FRED_STLFSI4_stlfed_fin_stress_idx.csv,129,0.404389
d__stlfsi4_stlfed_fin_stress_idx__lag037,stlfsi4_stlfed_fin_stress_idx,d,37,FRED_STLFSI4_stlfed_fin_stress_idx.csv,129,0.404389
d__stlfsi4_stlfed_fin_stress_idx__lag038,stlfsi4_stlfed_fin_stress_idx,d,38,FRED_STLFSI4_stlfed_fin_stress_idx.csv,129,0.404389
d__stlfsi4_stlfed_fin_stress_idx__lag039,stlfsi4_stlfed_fin_stress_idx,d,39,FRED_STLFSI4_stlfed_fin_stress_idx.csv,129,0.404389
d__stlfsi4_stlfed_fin_stress_idx__lag040,stlfsi4_stlfed_fin_stress_idx,d,40,FRED_STLFSI4_stlfed_fin_stress_idx.csv,129,0.404389
d__stlfsi4_stlfed_fin_stress_idx__lag041,stlfsi4_stlfed_fin_stress_idx,d,41,FRED_STLFSI4_stlfed_fin_stress_idx.csv,129,0.404389
d__stlfsi4_stlfed_fin_stress_idx__lag042,stlfsi4_stlfed_fin_stress_idx,d,42,FRED_STLFSI4_stlfed_fin_stress_idx.csv,129,0.404389
d__stlfsi4_stlfed_fin_stress_idx__lag043,stlfsi4_stlfed_fin_stress_idx,d,43,FRED_STLFSI4_stlfed_fin_stress_idx.csv,129,0.404389
d__stlfsi4_stlfed_fin_stress_idx__lag044,stlfsi4_stlfed_fin_stress_idx,d,44,FRED_STLFSI4_stlfed_fin_stress_idx.csv,129,0.404389
d__stlfsi4_stlfed_fin_stress_idx__lag045,stlfsi4_stlfed_fin_stress_idx,d,45,FRED_STLFSI4_stlfed_fin_stress_idx.csv,129,0.404389
d__stlfsi4_stlfed_fin_stress_idx__lag046,stlfsi4_stlfed_fin_stress_idx,d,46,FRED_STLFSI4_stlfed_fin_stress_idx.csv,129,0.404389
d__stlfsi4_stlfed_fin_stress_idx__lag047,stlfsi4_stlfed_fin_stress_idx,d,47,FRED_STLFSI4_stlfed_fin_stress_idx.csv,129,0.404389
d__stlfsi4_stlfed_fin_stress_idx__lag048,stlfsi4_stlfed_fin_stress_idx,d,48,FRED_STLFSI4_stlfed_fin_stress_idx.csv,129,0.404389
d__stlfsi4_stlfed_fin_stress_idx__lag049,stlfsi4_stlfed_fin_stress_idx,d,49,FRED_STLFSI4_stlfed_fin_stress_idx.csv,129,0.404389
d__stlfsi4_stlfed_fin_stress_idx__lag050,stlfsi4_stlfed_fin_stress_idx,d,50,FRED_STLFSI4_stlfed_fin_stress_idx.csv,129,0.404389
d__stlfsi4_stlfed_fin_stress_idx__lag051,stlfsi4_stlfed_fin_stress_idx,d,51,FRED_STLFSI4_stlfed_fin_stress_idx.csv,129,0.404389
d__stlfsi4_stlfed_fin_stress_idx__lag052,stlfsi4_stlfed_fin_stress_idx,d,52,FRED_STLFSI4_stlfed_fin_stress_idx.csv,129,0.404389
d__stlfsi4_stlfed_fin_stress_idx__lag053,stlfsi4_stlfed_fin_stress_idx,d,53,FRED_STLFSI4_stlfed_fin_stress_idx.csv,129,0.404389
d__stlfsi4_stlfed_fin_stress_idx__lag054,stlfsi4_stlfed_fin_stress_idx,d,54,FRED_STLFSI4_stlfed_fin_stress_idx.csv,129,0.404389
d__stlfsi4_stlfed_fin_stress_idx__lag055,stlfsi4_stlfed_fin_stress_idx,d,55,FRED_STLFSI4_stlfed_fin_stress_idx.csv,129,0.404389
d__stlfsi4_stlfed_fin_stress_idx__lag056,stlfsi4_stlfed_fin_stress_idx,d,56,FRED_STLFSI4_stlfed_fin_stress_idx.csv,129,0.404389
d__stlfsi4_stlfed_fin_stress_idx__lag057,stlfsi4_stlfed_fin_stress_idx,d,57,FRED_STLFSI4_stlfed_fin_stress_idx.csv,129,0.404389
d__stlfsi4_stlfed_fin_stress_idx__lag058,stlfsi4_stlfed_fin_stress_idx,d,58,FRED_STLFSI4_stlfed_fin_stress_idx.csv,129,0.404389
d__stlfsi4_stlfed_fin_stress_idx__lag059,stlfsi4_stlfed_fin_stress_idx,d,59,FRED_STLFSI4_stlfed_fin_stress_idx.csv,129,0.404389
d__stlfsi4_stlfed_fin_stress_idx__lag060,stlfsi4_stlfed_fin_stress_idx,d,60,FRED_STLFSI4_stlfed_fin_stress_idx.csv,129,0.404389
d__stlfsi4_stlfed_fin_stress_idx__lag061,stlfsi4_stlfed_fin_stress_idx,d,61,FRED_STLFSI4_stlfed_fin_stress_idx.csv,129,0.404389
d__stlfsi4_stlfed_fin_stress_idx__lag062,stlfsi4_stlfed_fin_stress_idx,d,62,FRED_STLFSI4_stlfed_fin_stress_idx.csv,129,0.404389
d__stlfsi4_stlfed_fin_stress_idx__lag063,stlfsi4_stlfed_fin_stress_idx,d,63,FRED_STLFSI4_stlfed_fin_stress_idx.csv,129,0.404389
d__stlfsi4_stlfed_fin_stress_idx__lag064,stlfsi4_stlfed_fin_stress_idx,d,64,FRED_STLFSI4_stlfed_fin_stress_idx.csv,129,0.404389
d__stlfsi4_stlfed_fin_stress_idx__lag065,stlfsi4_stlfed_fin_stress_idx,d,65,FRED_STLFSI4_stlfed_fin_stress_idx.csv,129,0.404389
d__stlfsi4_stlfed_fin_stress_idx__lag066,stlfsi4_stlfed_fin_stress_idx,d,66,FRED_STLFSI4_stlfed_fin_stress_idx.csv,129,0.404389
d__stlfsi4_stlfed_fin_stress_idx__lag067,stlfsi4_stlfed_fin_stress_idx,d,67,FRED_STLFSI4_stlfed_fin_stress_idx.csv,129,0.404389
d__stlfsi4_stlfed_fin_stress_idx__lag068,stlfsi4_stlfed_fin_stress_idx,d,68,FRED_STLFSI4_stlfed_fin_stress_idx.csv,129,0.404389
d__stlfsi4_stlfed_fin_stress_idx__lag069,stlfsi4_stlfed_fin_stress_idx,d,69,FRED_STLFSI4_stlfed_fin_stress_idx.csv,129,0.404389
d__stlfsi4_stlfed_fin_stress_idx__lag070,stlfsi4_stlfed_fin_stress_idx,d,70,FRED_STLFSI4_stlfed_fin_stress_idx.csv,129,0.404389
d__stlfsi4_stlfed_fin_stress_idx__lag071,stlfsi4_stlfed_fin_stress_idx,d,71,FRED_STLFSI4_stlfed_fin_stress_idx.csv,129,0.404389
d__stlfsi4_stlfed_fin_stress_idx__lag072,stlfsi4_stlfed_fin_stress_idx,d,72,FRED_STLFSI4_stlfed_fin_stress_idx.csv,129,0.404389
d__stlfsi4_stlfed_fin_stress_idx__lag073,stlfsi4_stlfed_fin_stress_idx,d,73,FRED_STLFSI4_stlfed_fin_stress_idx.csv,129,0.404389
d__stlfsi4_stlfed_fin_stress_idx__lag074,stlfsi4_stlfed_fin_stress_idx,d,74,FRED_STLFSI4_stlfed_fin_stress_idx.csv,129,0.404389
d__stlfsi4_stlfed_fin_stress_idx__lag075,stlfsi4_stlfed_fin_stress_idx,d,75,FRED_STLFSI4_stlfed_fin_stress_idx.csv,129,0.404389
d__stlfsi4_stlfed_fin_stress_idx__lag076,stlfsi4_stlfed_fin_stress_idx,d,76,FRED_STLFSI4_stlfed_fin_stress_idx.csv,129,0.404389
d__stlfsi4_stlfed_fin_stress_idx__lag077,stlfsi4_stlfed_fin_stress_idx,d,77,FRED_STLFSI4_stlfed_fin_stress_idx.csv,129,0.404389
d__stlfsi4_stlfed_fin_stress_idx__lag078,stlfsi4_stlfed_fin_stress_idx,d,78,FRED_STLFSI4_stlfed_fin_stress_idx.csv,129,0.404389
d__stlfsi4_stlfed_fin_stress_idx__lag079,stlfsi4_stlfed_fin_stress_idx,d,79,FRED_STLFSI4_stlfed_fin_stress_idx.csv,129,0.404389
d__stlfsi4_stlfed_fin_stress_idx__lag080,stlfsi4_stlfed_fin_stress_idx,d,80,FRED_STLFSI4_stlfed_fin_stress_idx.csv,129,0.404389
d__stlfsi4_stlfed_fin_stress_idx__lag081,stlfsi4_stlfed_fin_stress_idx,d,81,FRED_STLFSI4_stlfed_fin_stress_idx.csv,129,0.404389
d__stlfsi4_stlfed_fin_stress_idx__lag082,stlfsi4_stlfed_fin_stress_idx,d,82,FRED_STLFSI4_stlfed_fin_stress_idx.csv,129,0.404389
d__stlfsi4_stlfed_fin_stress_idx__lag083,stlfsi4_stlfed_fin_stress_idx,d,83,FRED_STLFSI4_stlfed_fin_stress_idx.csv,129,0.404389
d__stlfsi4_stlfed_fin_stress_idx__lag084,stlfsi4_stlfed_fin_stress_idx,d,84,FRED_STLFSI4_stlfed_fin_stress_idx.csv,129,0.404389
d__stlfsi4_stlfed_fin_stress_idx__lag085,stlfsi4_stlfed_fin_stress_idx,d,85,FRED_STLFSI4_stlfed_fin_stress_idx.csv,129,0.404389
d__stlfsi4_stlfed_fin_stress_idx__lag086,stlfsi4_stlfed_fin_stress_idx,d,86,FRED_STLFSI4_stlfed_fin_stress_idx.csv,129,0.404389
d__stlfsi4_stlfed_fin_stress_idx__lag087,stlfsi4_stlfed_fin_stress_idx,d,87,FRED_STLFSI4_stlfed_fin_stress_idx.csv,129,0.404389
d__stlfsi4_stlfed_fin_stress_idx__lag088,stlfsi4_stlfed_fin_stress_idx,d,88,FRED_STLFSI4_stlfed_fin_stress_idx.csv,129,0.404389
d__stlfsi4_stlfed_fin_stress_idx__lag089,stlfsi4_stlfed_fin_stress_idx,d,89,FRED_STLFSI4_stlfed_fin_stress_idx.csv,129,0.404389
d__stlfsi4_stlfed_fin_stress_idx__lag090,stlfsi4_stlfed_fin_stress_idx,d,90,FRED_STLFSI4_stlfed_fin_stress_idx.csv,129,0.404389
d__t10y2y_t10y2y__lag001,t10y2y_t10y2y,d,1,FRED_T10Y2Y_T10Y2Y.csv,200,0.626959
d__t10y2y_t10y2y__lag002,t10y2y_t10y2y,d,2,FRED_T10Y2Y_T10Y2Y.csv,200,0.626959
d__t10y2y_t10y2y__lag003,t10y2y_t10y2y,d,3,FRED_T10Y2Y_T10Y2Y.csv,200,0.626959
d__t10y2y_t10y2y__lag004,t10y2y_t10y2y,d,4,FRED_T10Y2Y_T10Y2Y.csv,200,0.626959
d__t10y2y_t10y2y__lag005,t10y2y_t10y2y,d,5,FRED_T10Y2Y_T10Y2Y.csv,200,0.626959
d__t10y2y_t10y2y__lag006,t10y2y_t10y2y,d,6,FRED_T10Y2Y_T10Y2Y.csv,200,0.626959
d__t10y2y_t10y2y__lag007,t10y2y_t10y2y,d,7,FRED_T10Y2Y_T10Y2Y.csv,200,0.626959
d__t10y2y_t10y2y__lag008,t10y2y_t10y2y,d,8,FRED_T10Y2Y_T10Y2Y.csv,200,0.626959
d__t10y2y_t10y2y__lag009,t10y2y_t10y2y,d,9,FRED_T10Y2Y_T10Y2Y.csv,200,0.626959
d__t10y2y_t10y2y__lag010,t10y2y_t10y2y,d,10,FRED_T10Y2Y_T10Y2Y.csv,200,0.626959
d__t10y2y_t10y2y__lag011,t10y2y_t10y2y,d,11,FRED_T10Y2Y_T10Y2Y.csv,200,0.626959
d__t10y2y_t10y2y__lag012,t10y2y_t10y2y,d,12,FRED_T10Y2Y_T10Y2Y.csv,200,0.626959
d__t10y2y_t10y2y__lag013,t10y2y_t10y2y,d,13,FRED_T10Y2Y_T10Y2Y.csv,200,0.626959
d__t10y2y_t10y2y__lag014,t10y2y_t10y2y,d,14,FRED_T10Y2Y_T10Y2Y.csv,200,0.626959
d__t10y2y_t10y2y__lag015,t10y2y_t10y2y,d,15,FRED_T10Y2Y_T10Y2Y.csv,200,0.626959
d__t10y2y_t10y2y__lag016,t10y2y_t10y2y,d,16,FRED_T10Y2Y_T10Y2Y.csv,200,0.626959
d__t10y2y_t10y2y__lag017,t10y2y_t10y2y,d,17,FRED_T10Y2Y_T10Y2Y.csv,200,0.626959
d__t10y2y_t10y2y__lag018,t10y2y_t10y2y,d,18,FRED_T10Y2Y_T10Y2Y.csv,200,0.626959
d__t10y2y_t10y2y__lag019,t10y2y_t10y2y,d,19,FRED_T10Y2Y_T10Y2Y.csv,200,0.626959
d__t10y2y_t10y2y__lag020,t10y2y_t10y2y,d,20,FRED_T10Y2Y_T10Y2Y.csv,200,0.626959
d__t10y2y_t10y2y__lag021,t10y2y_t10y2y,d,21,FRED_T10Y2Y_T10Y2Y.csv,200,0.626959
d__t10y2y_t10y2y__lag022,t10y2y_t10y2y,d,22,FRED_T10Y2Y_T10Y2Y.csv,200,0.626959
d__t10y2y_t10y2y__lag023,t10y2y_t10y2y,d,23,FRED_T10Y2Y_T10Y2Y.csv,200,0.626959
d__t10y2y_t10y2y__lag024,t10y2y_t10y2y,d,24,FRED_T10Y2Y_T10Y2Y.csv,200,0.626959
d__t10y2y_t10y2y__lag025,t10y2y_t10y2y,d,25,FRED_T10Y2Y_T10Y2Y.csv,200,0.626959
d__t10y2y_t10y2y__lag026,t10y2y_t10y2y,d,26,FRED_T10Y2Y_T10Y2Y.csv,200,0.626959
d__t10y2y_t10y2y__lag027,t10y2y_t10y2y,d,27,FRED_T10Y2Y_T10Y2Y.csv,200,0.626959
d__t10y2y_t10y2y__lag028,t10y2y_t10y2y,d,28,FRED_T10Y2Y_T10Y2Y.csv,200,0.626959
d__t10y2y_t10y2y__lag029,t10y2y_t10y2y,d,29,FRED_T10Y2Y_T10Y2Y.csv,200,0.626959
d__t10y2y_t10y2y__lag030,t10y2y_t10y2y,d,30,FRED_T10Y2Y_T10Y2Y.csv,200,0.626959
d__t10y2y_t10y2y__lag031,t10y2y_t10y2y,d,31,FRED_T10Y2Y_T10Y2Y.csv,199,0.623824
d__t10y2y_t10y2y__lag032,t10y2y_t10y2y,d,32,FRED_T10Y2Y_T10Y2Y.csv,199,0.623824
d__t10y2y_t10y2y__lag033,t10y2y_t10y2y,d,33,FRED_T10Y2Y_T10Y2Y.csv,199,0.623824
d__t10y2y_t10y2y__lag034,t10y2y_t10y2y,d,34,FRED_T10Y2Y_T10Y2Y.csv,199,0.623824
d__t10y2y_t10y2y__lag035,t10y2y_t10y2y,d,35,FRED_T10Y2Y_T10Y2Y.csv,199,0.623824
d__t10y2y_t10y2y__lag036,t10y2y_t10y2y,d,36,FRED_T10Y2Y_T10Y2Y.csv,199,0.623824
d__t10y2y_t10y2y__lag037,t10y2y_t10y2y,d,37,FRED_T10Y2Y_T10Y2Y.csv,199,0.623824
d__t10y2y_t10y2y__lag038,t10y2y_t10y2y,d,38,FRED_T10Y2Y_T10Y2Y.csv,199,0.623824
d__t10y2y_t10y2y__lag039,t10y2y_t10y2y,d,39,FRED_T10Y2Y_T10Y2Y.csv,199,0.623824
d__t10y2y_t10y2y__lag040,t10y2y_t10y2y,d,40,FRED_T10Y2Y_T10Y2Y.csv,199,0.623824
d__t10y2y_t10y2y__lag041,t10y2y_t10y2y,d,41,FRED_T10Y2Y_T10Y2Y.csv,199,0.623824
d__t10y2y_t10y2y__lag042,t10y2y_t10y2y,d,42,FRED_T10Y2Y_T10Y2Y.csv,199,0.623824
d__t10y2y_t10y2y__lag043,t10y2y_t10y2y,d,43,FRED_T10Y2Y_T10Y2Y.csv,199,0.623824
d__t10y2y_t10y2y__lag044,t10y2y_t10y2y,d,44,FRED_T10Y2Y_T10Y2Y.csv,199,0.623824
d__t10y2y_t10y2y__lag045,t10y2y_t10y2y,d,45,FRED_T10Y2Y_T10Y2Y.csv,199,0.623824
d__t10y2y_t10y2y__lag046,t10y2y_t10y2y,d,46,FRED_T10Y2Y_T10Y2Y.csv,199,0.623824
d__t10y2y_t10y2y__lag047,t10y2y_t10y2y,d,47,FRED_T10Y2Y_T10Y2Y.csv,199,0.623824
d__t10y2y_t10y2y__lag048,t10y2y_t10y2y,d,48,FRED_T10Y2Y_T10Y2Y.csv,199,0.623824
d__t10y2y_t10y2y__lag049,t10y2y_t10y2y,d,49,FRED_T10Y2Y_T10Y2Y.csv,199,0.623824
d__t10y2y_t10y2y__lag050,t10y2y_t10y2y,d,50,FRED_T10Y2Y_T10Y2Y.csv,199,0.623824
d__t10y2y_t10y2y__lag051,t10y2y_t10y2y,d,51,FRED_T10Y2Y_T10Y2Y.csv,199,0.623824
d__t10y2y_t10y2y__lag052,t10y2y_t10y2y,d,52,FRED_T10Y2Y_T10Y2Y.csv,199,0.623824
d__t10y2y_t10y2y__lag053,t10y2y_t10y2y,d,53,FRED_T10Y2Y_T10Y2Y.csv,199,0.623824
d__t10y2y_t10y2y__lag054,t10y2y_t10y2y,d,54,FRED_T10Y2Y_T10Y2Y.csv,199,0.623824
d__t10y2y_t10y2y__lag055,t10y2y_t10y2y,d,55,FRED_T10Y2Y_T10Y2Y.csv,199,0.623824
d__t10y2y_t10y2y__lag056,t10y2y_t10y2y,d,56,FRED_T10Y2Y_T10Y2Y.csv,199,0.623824
d__t10y2y_t10y2y__lag057,t10y2y_t10y2y,d,57,FRED_T10Y2Y_T10Y2Y.csv,199,0.623824
d__t10y2y_t10y2y__lag058,t10y2y_t10y2y,d,58,FRED_T10Y2Y_T10Y2Y.csv,199,0.623824
d__t10y2y_t10y2y__lag059,t10y2y_t10y2y,d,59,FRED_T10Y2Y_T10Y2Y.csv,199,0.623824
d__t10y2y_t10y2y__lag060,t10y2y_t10y2y,d,60,FRED_T10Y2Y_T10Y2Y.csv,199,0.623824
d__t10y2y_t10y2y__lag061,t10y2y_t10y2y,d,61,FRED_T10Y2Y_T10Y2Y.csv,199,0.623824
d__t10y2y_t10y2y__lag062,t10y2y_t10y2y,d,62,FRED_T10Y2Y_T10Y2Y.csv,199,0.623824
d__t10y2y_t10y2y__lag063,t10y2y_t10y2y,d,63,FRED_T10Y2Y_T10Y2Y.csv,199,0.623824
d__t10y2y_t10y2y__lag064,t10y2y_t10y2y,d,64,FRED_T10Y2Y_T10Y2Y.csv,199,0.623824
d__t10y2y_t10y2y__lag065,t10y2y_t10y2y,d,65,FRED_T10Y2Y_T10Y2Y.csv,199,0.623824
d__t10y2y_t10y2y__lag066,t10y2y_t10y2y,d,66,FRED_T10Y2Y_T10Y2Y.csv,199,0.623824
d__t10y2y_t10y2y__lag067,t10y2y_t10y2y,d,67,FRED_T10Y2Y_T10Y2Y.csv,199,0.623824
d__t10y2y_t10y2y__lag068,t10y2y_t10y2y,d,68,FRED_T10Y2Y_T10Y2Y.csv,199,0.623824
d__t10y2y_t10y2y__lag069,t10y2y_t10y2y,d,69,FRED_T10Y2Y_T10Y2Y.csv,199,0.623824
d__t10y2y_t10y2y__lag070,t10y2y_t10y2y,d,70,FRED_T10Y2Y_T10Y2Y.csv,199,0.623824
d__t10y2y_t10y2y__lag071,t10y2y_t10y2y,d,71,FRED_T10Y2Y_T10Y2Y.csv,199,0.623824
d__t10y2y_t10y2y__lag072,t10y2y_t10y2y,d,72,FRED_T10Y2Y_T10Y2Y.csv,199,0.623824
d__t10y2y_t10y2y__lag073,t10y2y_t10y2y,d,73,FRED_T10Y2Y_T10Y2Y.csv,199,0.623824
d__t10y2y_t10y2y__lag074,t10y2y_t10y2y,d,74,FRED_T10Y2Y_T10Y2Y.csv,199,0.623824
d__t10y2y_t10y2y__lag075,t10y2y_t10y2y,d,75,FRED_T10Y2Y_T10Y2Y.csv,199,0.623824
d__t10y2y_t10y2y__lag076,t10y2y_t10y2y,d,76,FRED_T10Y2Y_T10Y2Y.csv,199,0.623824
d__t10y2y_t10y2y__lag077,t10y2y_t10y2y,d,77,FRED_T10Y2Y_T10Y2Y.csv,199,0.623824
d__t10y2y_t10y2y__lag078,t10y2y_t10y2y,d,78,FRED_T10Y2Y_T10Y2Y.csv,199,0.623824
d__t10y2y_t10y2y__lag079,t10y2y_t10y2y,d,79,FRED_T10Y2Y_T10Y2Y.csv,199,0.623824
d__t10y2y_t10y2y__lag080,t10y2y_t10y2y,d,80,FRED_T10Y2Y_T10Y2Y.csv,199,0.623824
d__t10y2y_t10y2y__lag081,t10y2y_t10y2y,d,81,FRED_T10Y2Y_T10Y2Y.csv,199,0.623824
d__t10y2y_t10y2y__lag082,t10y2y_t10y2y,d,82,FRED_T10Y2Y_T10Y2Y.csv,199,0.623824
d__t10y2y_t10y2y__lag083,t10y2y_t10y2y,d,83,FRED_T10Y2Y_T10Y2Y.csv,199,0.623824
d__t10y2y_t10y2y__lag084,t10y2y_t10y2y,d,84,FRED_T10Y2Y_T10Y2Y.csv,199,0.623824
d__t10y2y_t10y2y__lag085,t10y2y_t10y2y,d,85,FRED_T10Y2Y_T10Y2Y.csv,199,0.623824
d__t10y2y_t10y2y__lag086,t10y2y_t10y2y,d,86,FRED_T10Y2Y_T10Y2Y.csv,199,0.623824
d__t10y2y_t10y2y__lag087,t10y2y_t10y2y,d,87,FRED_T10Y2Y_T10Y2Y.csv,199,0.623824
d__t10y2y_t10y2y__lag088,t10y2y_t10y2y,d,88,FRED_T10Y2Y_T10Y2Y.csv,199,0.623824
d__t10y2y_t10y2y__lag089,t10y2y_t10y2y,d,89,FRED_T10Y2Y_T10Y2Y.csv,199,0.623824
d__t10y2y_t10y2y__lag090,t10y2y_t10y2y,d,90,FRED_T10Y2Y_T10Y2Y.csv,199,0.623824
d__t5yifr_t5yifr__lag001,t5yifr_t5yifr,d,1,FRED_T5YIFR_T5YIFR.csv,93,0.291536
d__t5yifr_t5yifr__lag002,t5yifr_t5yifr,d,2,FRED_T5YIFR_T5YIFR.csv,93,0.291536
d__t5yifr_t5yifr__lag003,t5yifr_t5yifr,d,3,FRED_T5YIFR_T5YIFR.csv,93,0.291536
d__t5yifr_t5yifr__lag004,t5yifr_t5yifr,d,4,FRED_T5YIFR_T5YIFR.csv,93,0.291536
d__t5yifr_t5yifr__lag005,t5yifr_t5yifr,d,5,FRED_T5YIFR_T5YIFR.csv,93,0.291536
d__t5yifr_t5yifr__lag006,t5yifr_t5yifr,d,6,FRED_T5YIFR_T5YIFR.csv,93,0.291536
d__t5yifr_t5yifr__lag007,t5yifr_t5yifr,d,7,FRED_T5YIFR_T5YIFR.csv,93,0.291536
d__t5yifr_t5yifr__lag008,t5yifr_t5yifr,d,8,FRED_T5YIFR_T5YIFR.csv,93,0.291536
d__t5yifr_t5yifr__lag009,t5yifr_t5yifr,d,9,FRED_T5YIFR_T5YIFR.csv,93,0.291536
d__t5yifr_t5yifr__lag010,t5yifr_t5yifr,d,10,FRED_T5YIFR_T5YIFR.csv,93,0.291536
d__t5yifr_t5yifr__lag011,t5yifr_t5yifr,d,11,FRED_T5YIFR_T5YIFR.csv,93,0.291536
d__t5yifr_t5yifr__lag012,t5yifr_t5yifr,d,12,FRED_T5YIFR_T5YIFR.csv,93,0.291536
d__t5yifr_t5yifr__lag013,t5yifr_t5yifr,d,13,FRED_T5YIFR_T5YIFR.csv,93,0.291536
d__t5yifr_t5yifr__lag014,t5yifr_t5yifr,d,14,FRED_T5YIFR_T5YIFR.csv,93,0.291536
d__t5yifr_t5yifr__lag015,t5yifr_t5yifr,d,15,FRED_T5YIFR_T5YIFR.csv,93,0.291536
d__t5yifr_t5yifr__lag016,t5yifr_t5yifr,d,16,FRED_T5YIFR_T5YIFR.csv,93,0.291536
d__t5yifr_t5yifr__lag017,t5yifr_t5yifr,d,17,FRED_T5YIFR_T5YIFR.csv,93,0.291536
d__t5yifr_t5yifr__lag018,t5yifr_t5yifr,d,18,FRED_T5YIFR_T5YIFR.csv,93,0.291536
d__t5yifr_t5yifr__lag019,t5yifr_t5yifr,d,19,FRED_T5YIFR_T5YIFR.csv,93,0.291536
d__t5yifr_t5yifr__lag020,t5yifr_t5yifr,d,20,FRED_T5YIFR_T5YIFR.csv,93,0.291536
d__t5yifr_t5yifr__lag021,t5yifr_t5yifr,d,21,FRED_T5YIFR_T5YIFR.csv,93,0.291536
d__t5yifr_t5yifr__lag022,t5yifr_t5yifr,d,22,FRED_T5YIFR_T5YIFR.csv,93,0.291536
d__t5yifr_t5yifr__lag023,t5yifr_t5yifr,d,23,FRED_T5YIFR_T5YIFR.csv,93,0.291536
d__t5yifr_t5yifr__lag024,t5yifr_t5yifr,d,24,FRED_T5YIFR_T5YIFR.csv,93,0.291536
d__t5yifr_t5yifr__lag025,t5yifr_t5yifr,d,25,FRED_T5YIFR_T5YIFR.csv,93,0.291536
d__t5yifr_t5yifr__lag026,t5yifr_t5yifr,d,26,FRED_T5YIFR_T5YIFR.csv,93,0.291536
d__t5yifr_t5yifr__lag027,t5yifr_t5yifr,d,27,FRED_T5YIFR_T5YIFR.csv,93,0.291536
d__t5yifr_t5yifr__lag028,t5yifr_t5yifr,d,28,FRED_T5YIFR_T5YIFR.csv,93,0.291536
d__t5yifr_t5yifr__lag029,t5yifr_t5yifr,d,29,FRED_T5YIFR_T5YIFR.csv,93,0.291536
d__t5yifr_t5yifr__lag030,t5yifr_t5yifr,d,30,FRED_T5YIFR_T5YIFR.csv,93,0.291536
d__t5yifr_t5yifr__lag031,t5yifr_t5yifr,d,31,FRED_T5YIFR_T5YIFR.csv,93,0.291536
d__t5yifr_t5yifr__lag032,t5yifr_t5yifr,d,32,FRED_T5YIFR_T5YIFR.csv,93,0.291536
d__t5yifr_t5yifr__lag033,t5yifr_t5yifr,d,33,FRED_T5YIFR_T5YIFR.csv,93,0.291536
d__t5yifr_t5yifr__lag034,t5yifr_t5yifr,d,34,FRED_T5YIFR_T5YIFR.csv,93,0.291536
d__t5yifr_t5yifr__lag035,t5yifr_t5yifr,d,35,FRED_T5YIFR_T5YIFR.csv,93,0.291536
d__t5yifr_t5yifr__lag036,t5yifr_t5yifr,d,36,FRED_T5YIFR_T5YIFR.csv,93,0.291536
d__t5yifr_t5yifr__lag037,t5yifr_t5yifr,d,37,FRED_T5YIFR_T5YIFR.csv,93,0.291536
d__t5yifr_t5yifr__lag038,t5yifr_t5yifr,d,38,FRED_T5YIFR_T5YIFR.csv,93,0.291536
d__t5yifr_t5yifr__lag039,t5yifr_t5yifr,d,39,FRED_T5YIFR_T5YIFR.csv,93,0.291536
d__t5yifr_t5yifr__lag040,t5yifr_t5yifr,d,40,FRED_T5YIFR_T5YIFR.csv,93,0.291536
d__t5yifr_t5yifr__lag041,t5yifr_t5yifr,d,41,FRED_T5YIFR_T5YIFR.csv,93,0.291536
d__t5yifr_t5yifr__lag042,t5yifr_t5yifr,d,42,FRED_T5YIFR_T5YIFR.csv,93,0.291536
d__t5yifr_t5yifr__lag043,t5yifr_t5yifr,d,43,FRED_T5YIFR_T5YIFR.csv,93,0.291536
d__t5yifr_t5yifr__lag044,t5yifr_t5yifr,d,44,FRED_T5YIFR_T5YIFR.csv,93,0.291536
d__t5yifr_t5yifr__lag045,t5yifr_t5yifr,d,45,FRED_T5YIFR_T5YIFR.csv,93,0.291536
d__t5yifr_t5yifr__lag046,t5yifr_t5yifr,d,46,FRED_T5YIFR_T5YIFR.csv,93,0.291536
d__t5yifr_t5yifr__lag047,t5yifr_t5yifr,d,47,FRED_T5YIFR_T5YIFR.csv,93,0.291536
d__t5yifr_t5yifr__lag048,t5yifr_t5yifr,d,48,FRED_T5YIFR_T5YIFR.csv,93,0.291536
d__t5yifr_t5yifr__lag049,t5yifr_t5yifr,d,49,FRED_T5YIFR_T5YIFR.csv,93,0.291536
d__t5yifr_t5yifr__lag050,t5yifr_t5yifr,d,50,FRED_T5YIFR_T5YIFR.csv,93,0.291536
d__t5yifr_t5yifr__lag051,t5yifr_t5yifr,d,51,FRED_T5YIFR_T5YIFR.csv,93,0.291536
d__t5yifr_t5yifr__lag052,t5yifr_t5yifr,d,52,FRED_T5YIFR_T5YIFR.csv,93,0.291536
d__t5yifr_t5yifr__lag053,t5yifr_t5yifr,d,53,FRED_T5YIFR_T5YIFR.csv,93,0.291536
d__t5yifr_t5yifr__lag054,t5yifr_t5yifr,d,54,FRED_T5YIFR_T5YIFR.csv,93,0.291536
d__t5yifr_t5yifr__lag055,t5yifr_t5yifr,d,55,FRED_T5YIFR_T5YIFR.csv,93,0.291536
d__t5yifr_t5yifr__lag056,t5yifr_t5yifr,d,56,FRED_T5YIFR_T5YIFR.csv,93,0.291536
d__t5yifr_t5yifr__lag057,t5yifr_t5yifr,d,57,FRED_T5YIFR_T5YIFR.csv,93,0.291536
d__t5yifr_t5yifr__lag058,t5yifr_t5yifr,d,58,FRED_T5YIFR_T5YIFR.csv,93,0.291536
d__t5yifr_t5yifr__lag059,t5yifr_t5yifr,d,59,FRED_T5YIFR_T5YIFR.csv,93,0.291536
d__t5yifr_t5yifr__lag060,t5yifr_t5yifr,d,60,FRED_T5YIFR_T5YIFR.csv,93,0.291536
d__t5yifr_t5yifr__lag061,t5yifr_t5yifr,d,61,FRED_T5YIFR_T5YIFR.csv,93,0.291536
d__t5yifr_t5yifr__lag062,t5yifr_t5yifr,d,62,FRED_T5YIFR_T5YIFR.csv,93,0.291536
d__t5yifr_t5yifr__lag063,t5yifr_t5yifr,d,63,FRED_T5YIFR_T5YIFR.csv,93,0.291536
d__t5yifr_t5yifr__lag064,t5yifr_t5yifr,d,64,FRED_T5YIFR_T5YIFR.csv,93,0.291536
d__t5yifr_t5yifr__lag065,t5yifr_t5yifr,d,65,FRED_T5YIFR_T5YIFR.csv,93,0.291536
d__t5yifr_t5yifr__lag066,t5yifr_t5yifr,d,66,FRED_T5YIFR_T5YIFR.csv,93,0.291536
d__t5yifr_t5yifr__lag067,t5yifr_t5yifr,d,67,FRED_T5YIFR_T5YIFR.csv,93,0.291536
d__t5yifr_t5yifr__lag068,t5yifr_t5yifr,d,68,FRED_T5YIFR_T5YIFR.csv,93,0.291536
d__t5yifr_t5yifr__lag069,t5yifr_t5yifr,d,69,FRED_T5YIFR_T5YIFR.csv,93,0.291536
d__t5yifr_t5yifr__lag070,t5yifr_t5yifr,d,70,FRED_T5YIFR_T5YIFR.csv,93,0.291536
d__t5yifr_t5yifr__lag071,t5yifr_t5yifr,d,71,FRED_T5YIFR_T5YIFR.csv,93,0.291536
d__t5yifr_t5yifr__lag072,t5yifr_t5yifr,d,72,FRED_T5YIFR_T5YIFR.csv,93,0.291536
d__t5yifr_t5yifr__lag073,t5yifr_t5yifr,d,73,FRED_T5YIFR_T5YIFR.csv,93,0.291536
d__t5yifr_t5yifr__lag074,t5yifr_t5yifr,d,74,FRED_T5YIFR_T5YIFR.csv,93,0.291536
d__t5yifr_t5yifr__lag075,t5yifr_t5yifr,d,75,FRED_T5YIFR_T5YIFR.csv,93,0.291536
d__t5yifr_t5yifr__lag076,t5yifr_t5yifr,d,76,FRED_T5YIFR_T5YIFR.csv,93,0.291536
d__t5yifr_t5yifr__lag077,t5yifr_t5yifr,d,77,FRED_T5YIFR_T5YIFR.csv,93,0.291536
d__t5yifr_t5yifr__lag078,t5yifr_t5yifr,d,78,FRED_T5YIFR_T5YIFR.csv,93,0.291536
d__t5yifr_t5yifr__lag079,t5yifr_t5yifr,d,79,FRED_T5YIFR_T5YIFR.csv,93,0.291536
d__t5yifr_t5yifr__lag080,t5yifr_t5yifr,d,80,FRED_T5YIFR_T5YIFR.csv,93,0.291536
d__t5yifr_t5yifr__lag081,t5yifr_t5yifr,d,81,FRED_T5YIFR_T5YIFR.csv,93,0.291536
d__t5yifr_t5yifr__lag082,t5yifr_t5yifr,d,82,FRED_T5YIFR_T5YIFR.csv,93,0.291536
d__t5yifr_t5yifr__lag083,t5yifr_t5yifr,d,83,FRED_T5YIFR_T5YIFR.csv,93,0.291536
d__t5yifr_t5yifr__lag084,t5yifr_t5yifr,d,84,FRED_T5YIFR_T5YIFR.csv,93,0.291536
d__t5yifr_t5yifr__lag085,t5yifr_t5yifr,d,85,FRED_T5YIFR_T5YIFR.csv,93,0.291536
d__t5yifr_t5yifr__lag086,t5yifr_t5yifr,d,86,FRED_T5YIFR_T5YIFR.csv,93,0.291536
d__t5yifr_t5yifr__lag087,t5yifr_t5yifr,d,87,FRED_T5YIFR_T5YIFR.csv,93,0.291536
d__t5yifr_t5yifr__lag088,t5yifr_t5yifr,d,88,FRED_T5YIFR_T5YIFR.csv,93,0.291536
d__t5yifr_t5yifr__lag089,t5yifr_t5yifr,d,89,FRED_T5YIFR_T5YIFR.csv,93,0.291536
d__t5yifr_t5yifr__lag090,t5yifr_t5yifr,d,90,FRED_T5YIFR_T5YIFR.csv,92,0.288401
d__tasacbw027sbog_bank_ts_agency__lag001,tasacbw027sbog_bank_ts_agency,d,1,FRED_TASACBW027SBOG_bank_ts_agency.csv,213,0.667712
d__tasacbw027sbog_bank_ts_agency__lag002,tasacbw027sbog_bank_ts_agency,d,2,FRED_TASACBW027SBOG_bank_ts_agency.csv,213,0.667712
d__tasacbw027sbog_bank_ts_agency__lag003,tasacbw027sbog_bank_ts_agency,d,3,FRED_TASACBW027SBOG_bank_ts_agency.csv,213,0.667712
d__tasacbw027sbog_bank_ts_agency__lag004,tasacbw027sbog_bank_ts_agency,d,4,FRED_TASACBW027SBOG_bank_ts_agency.csv,213,0.667712
d__tasacbw027sbog_bank_ts_agency__lag005,tasacbw027sbog_bank_ts_agency,d,5,FRED_TASACBW027SBOG_bank_ts_agency.csv,213,0.667712
d__tasacbw027sbog_bank_ts_agency__lag006,tasacbw027sbog_bank_ts_agency,d,6,FRED_TASACBW027SBOG_bank_ts_agency.csv,213,0.667712
d__tasacbw027sbog_bank_ts_agency__lag007,tasacbw027sbog_bank_ts_agency,d,7,FRED_TASACBW027SBOG_bank_ts_agency.csv,213,0.667712
d__tasacbw027sbog_bank_ts_agency__lag008,tasacbw027sbog_bank_ts_agency,d,8,FRED_TASACBW027SBOG_bank_ts_agency.csv,213,0.667712
d__tasacbw027sbog_bank_ts_agency__lag009,tasacbw027sbog_bank_ts_agency,d,9,FRED_TASACBW027SBOG_bank_ts_agency.csv,213,0.667712
d__tasacbw027sbog_bank_ts_agency__lag010,tasacbw027sbog_bank_ts_agency,d,10,FRED_TASACBW027SBOG_bank_ts_agency.csv,213,0.667712
d__tasacbw027sbog_bank_ts_agency__lag011,tasacbw027sbog_bank_ts_agency,d,11,FRED_TASACBW027SBOG_bank_ts_agency.csv,213,0.667712
d__tasacbw027sbog_bank_ts_agency__lag012,tasacbw027sbog_bank_ts_agency,d,12,FRED_TASACBW027SBOG_bank_ts_agency.csv,213,0.667712
d__tasacbw027sbog_bank_ts_agency__lag013,tasacbw027sbog_bank_ts_agency,d,13,FRED_TASACBW027SBOG_bank_ts_agency.csv,213,0.667712
d__tasacbw027sbog_bank_ts_agency__lag014,tasacbw027sbog_bank_ts_agency,d,14,FRED_TASACBW027SBOG_bank_ts_agency.csv,213,0.667712
d__tasacbw027sbog_bank_ts_agency__lag015,tasacbw027sbog_bank_ts_agency,d,15,FRED_TASACBW027SBOG_bank_ts_agency.csv,213,0.667712
d__tasacbw027sbog_bank_ts_agency__lag016,tasacbw027sbog_bank_ts_agency,d,16,FRED_TASACBW027SBOG_bank_ts_agency.csv,213,0.667712
d__tasacbw027sbog_bank_ts_agency__lag017,tasacbw027sbog_bank_ts_agency,d,17,FRED_TASACBW027SBOG_bank_ts_agency.csv,213,0.667712
d__tasacbw027sbog_bank_ts_agency__lag018,tasacbw027sbog_bank_ts_agency,d,18,FRED_TASACBW027SBOG_bank_ts_agency.csv,213,0.667712
d__tasacbw027sbog_bank_ts_agency__lag019,tasacbw027sbog_bank_ts_agency,d,19,FRED_TASACBW027SBOG_bank_ts_agency.csv,213,0.667712
d__tasacbw027sbog_bank_ts_agency__lag020,tasacbw027sbog_bank_ts_agency,d,20,FRED_TASACBW027SBOG_bank_ts_agency.csv,213,0.667712
d__tasacbw027sbog_bank_ts_agency__lag021,tasacbw027sbog_bank_ts_agency,d,21,FRED_TASACBW027SBOG_bank_ts_agency.csv,213,0.667712
d__tasacbw027sbog_bank_ts_agency__lag022,tasacbw027sbog_bank_ts_agency,d,22,FRED_TASACBW027SBOG_bank_ts_agency.csv,213,0.667712
d__tasacbw027sbog_bank_ts_agency__lag023,tasacbw027sbog_bank_ts_agency,d,23,FRED_TASACBW027SBOG_bank_ts_agency.csv,213,0.667712
d__tasacbw027sbog_bank_ts_agency__lag024,tasacbw027sbog_bank_ts_agency,d,24,FRED_TASACBW027SBOG_bank_ts_agency.csv,213,0.667712
d__tasacbw027sbog_bank_ts_agency__lag025,tasacbw027sbog_bank_ts_agency,d,25,FRED_TASACBW027SBOG_bank_ts_agency.csv,213,0.667712
d__tasacbw027sbog_bank_ts_agency__lag026,tasacbw027sbog_bank_ts_agency,d,26,FRED_TASACBW027SBOG_bank_ts_agency.csv,213,0.667712
d__tasacbw027sbog_bank_ts_agency__lag027,tasacbw027sbog_bank_ts_agency,d,27,FRED_TASACBW027SBOG_bank_ts_agency.csv,213,0.667712
d__tasacbw027sbog_bank_ts_agency__lag028,tasacbw027sbog_bank_ts_agency,d,28,FRED_TASACBW027SBOG_bank_ts_agency.csv,213,0.667712
d__tasacbw027sbog_bank_ts_agency__lag029,tasacbw027sbog_bank_ts_agency,d,29,FRED_TASACBW027SBOG_bank_ts_agency.csv,213,0.667712
d__tasacbw027sbog_bank_ts_agency__lag030,tasacbw027sbog_bank_ts_agency,d,30,FRED_TASACBW027SBOG_bank_ts_agency.csv,213,0.667712
d__tasacbw027sbog_bank_ts_agency__lag031,tasacbw027sbog_bank_ts_agency,d,31,FRED_TASACBW027SBOG_bank_ts_agency.csv,213,0.667712
d__tasacbw027sbog_bank_ts_agency__lag032,tasacbw027sbog_bank_ts_agency,d,32,FRED_TASACBW027SBOG_bank_ts_agency.csv,213,0.667712
d__tasacbw027sbog_bank_ts_agency__lag033,tasacbw027sbog_bank_ts_agency,d,33,FRED_TASACBW027SBOG_bank_ts_agency.csv,213,0.667712
d__tasacbw027sbog_bank_ts_agency__lag034,tasacbw027sbog_bank_ts_agency,d,34,FRED_TASACBW027SBOG_bank_ts_agency.csv,213,0.667712
d__tasacbw027sbog_bank_ts_agency__lag035,tasacbw027sbog_bank_ts_agency,d,35,FRED_TASACBW027SBOG_bank_ts_agency.csv,213,0.667712
d__tasacbw027sbog_bank_ts_agency__lag036,tasacbw027sbog_bank_ts_agency,d,36,FRED_TASACBW027SBOG_bank_ts_agency.csv,213,0.667712
d__tasacbw027sbog_bank_ts_agency__lag037,tasacbw027sbog_bank_ts_agency,d,37,FRED_TASACBW027SBOG_bank_ts_agency.csv,213,0.667712
d__tasacbw027sbog_bank_ts_agency__lag038,tasacbw027sbog_bank_ts_agency,d,38,FRED_TASACBW027SBOG_bank_ts_agency.csv,213,0.667712
d__tasacbw027sbog_bank_ts_agency__lag039,tasacbw027sbog_bank_ts_agency,d,39,FRED_TASACBW027SBOG_bank_ts_agency.csv,213,0.667712
d__tasacbw027sbog_bank_ts_agency__lag040,tasacbw027sbog_bank_ts_agency,d,40,FRED_TASACBW027SBOG_bank_ts_agency.csv,213,0.667712
d__tasacbw027sbog_bank_ts_agency__lag041,tasacbw027sbog_bank_ts_agency,d,41,FRED_TASACBW027SBOG_bank_ts_agency.csv,213,0.667712
d__tasacbw027sbog_bank_ts_agency__lag042,tasacbw027sbog_bank_ts_agency,d,42,FRED_TASACBW027SBOG_bank_ts_agency.csv,213,0.667712
d__tasacbw027sbog_bank_ts_agency__lag043,tasacbw027sbog_bank_ts_agency,d,43,FRED_TASACBW027SBOG_bank_ts_agency.csv,213,0.667712
d__tasacbw027sbog_bank_ts_agency__lag044,tasacbw027sbog_bank_ts_agency,d,44,FRED_TASACBW027SBOG_bank_ts_agency.csv,213,0.667712
d__tasacbw027sbog_bank_ts_agency__lag045,tasacbw027sbog_bank_ts_agency,d,45,FRED_TASACBW027SBOG_bank_ts_agency.csv,213,0.667712
d__tasacbw027sbog_bank_ts_agency__lag046,tasacbw027sbog_bank_ts_agency,d,46,FRED_TASACBW027SBOG_bank_ts_agency.csv,213,0.667712
d__tasacbw027sbog_bank_ts_agency__lag047,tasacbw027sbog_bank_ts_agency,d,47,FRED_TASACBW027SBOG_bank_ts_agency.csv,213,0.667712
d__tasacbw027sbog_bank_ts_agency__lag048,tasacbw027sbog_bank_ts_agency,d,48,FRED_TASACBW027SBOG_bank_ts_agency.csv,213,0.667712
d__tasacbw027sbog_bank_ts_agency__lag049,tasacbw027sbog_bank_ts_agency,d,49,FRED_TASACBW027SBOG_bank_ts_agency.csv,213,0.667712
d__tasacbw027sbog_bank_ts_agency__lag050,tasacbw027sbog_bank_ts_agency,d,50,FRED_TASACBW027SBOG_bank_ts_agency.csv,213,0.667712
d__tasacbw027sbog_bank_ts_agency__lag051,tasacbw027sbog_bank_ts_agency,d,51,FRED_TASACBW027SBOG_bank_ts_agency.csv,213,0.667712
d__tasacbw027sbog_bank_ts_agency__lag052,tasacbw027sbog_bank_ts_agency,d,52,FRED_TASACBW027SBOG_bank_ts_agency.csv,213,0.667712
d__tasacbw027sbog_bank_ts_agency__lag053,tasacbw027sbog_bank_ts_agency,d,53,FRED_TASACBW027SBOG_bank_ts_agency.csv,213,0.667712
d__tasacbw027sbog_bank_ts_agency__lag054,tasacbw027sbog_bank_ts_agency,d,54,FRED_TASACBW027SBOG_bank_ts_agency.csv,213,0.667712
d__tasacbw027sbog_bank_ts_agency__lag055,tasacbw027sbog_bank_ts_agency,d,55,FRED_TASACBW027SBOG_bank_ts_agency.csv,213,0.667712
d__tasacbw027sbog_bank_ts_agency__lag056,tasacbw027sbog_bank_ts_agency,d,56,FRED_TASACBW027SBOG_bank_ts_agency.csv,213,0.667712
d__tasacbw027sbog_bank_ts_agency__lag057,tasacbw027sbog_bank_ts_agency,d,57,FRED_TASACBW027SBOG_bank_ts_agency.csv,213,0.667712
d__tasacbw027sbog_bank_ts_agency__lag058,tasacbw027sbog_bank_ts_agency,d,58,FRED_TASACBW027SBOG_bank_ts_agency.csv,213,0.667712
d__tasacbw027sbog_bank_ts_agency__lag059,tasacbw027sbog_bank_ts_agency,d,59,FRED_TASACBW027SBOG_bank_ts_agency.csv,213,0.667712
d__tasacbw027sbog_bank_ts_agency__lag060,tasacbw027sbog_bank_ts_agency,d,60,FRED_TASACBW027SBOG_bank_ts_agency.csv,213,0.667712
d__tasacbw027sbog_bank_ts_agency__lag061,tasacbw027sbog_bank_ts_agency,d,61,FRED_TASACBW027SBOG_bank_ts_agency.csv,213,0.667712
d__tasacbw027sbog_bank_ts_agency__lag062,tasacbw027sbog_bank_ts_agency,d,62,FRED_TASACBW027SBOG_bank_ts_agency.csv,213,0.667712
d__tasacbw027sbog_bank_ts_agency__lag063,tasacbw027sbog_bank_ts_agency,d,63,FRED_TASACBW027SBOG_bank_ts_agency.csv,213,0.667712
d__tasacbw027sbog_bank_ts_agency__lag064,tasacbw027sbog_bank_ts_agency,d,64,FRED_TASACBW027SBOG_bank_ts_agency.csv,213,0.667712
d__tasacbw027sbog_bank_ts_agency__lag065,tasacbw027sbog_bank_ts_agency,d,65,FRED_TASACBW027SBOG_bank_ts_agency.csv,213,0.667712
d__tasacbw027sbog_bank_ts_agency__lag066,tasacbw027sbog_bank_ts_agency,d,66,FRED_TASACBW027SBOG_bank_ts_agency.csv,213,0.667712
d__tasacbw027sbog_bank_ts_agency__lag067,tasacbw027sbog_bank_ts_agency,d,67,FRED_TASACBW027SBOG_bank_ts_agency.csv,213,0.667712
d__tasacbw027sbog_bank_ts_agency__lag068,tasacbw027sbog_bank_ts_agency,d,68,FRED_TASACBW027SBOG_bank_ts_agency.csv,213,0.667712
d__tasacbw027sbog_bank_ts_agency__lag069,tasacbw027sbog_bank_ts_agency,d,69,FRED_TASACBW027SBOG_bank_ts_agency.csv,213,0.667712
d__tasacbw027sbog_bank_ts_agency__lag070,tasacbw027sbog_bank_ts_agency,d,70,FRED_TASACBW027SBOG_bank_ts_agency.csv,213,0.667712
d__tasacbw027sbog_bank_ts_agency__lag071,tasacbw027sbog_bank_ts_agency,d,71,FRED_TASACBW027SBOG_bank_ts_agency.csv,213,0.667712
d__tasacbw027sbog_bank_ts_agency__lag072,tasacbw027sbog_bank_ts_agency,d,72,FRED_TASACBW027SBOG_bank_ts_agency.csv,213,0.667712
d__tasacbw027sbog_bank_ts_agency__lag073,tasacbw027sbog_bank_ts_agency,d,73,FRED_TASACBW027SBOG_bank_ts_agency.csv,213,0.667712
d__tasacbw027sbog_bank_ts_agency__lag074,tasacbw027sbog_bank_ts_agency,d,74,FRED_TASACBW027SBOG_bank_ts_agency.csv,213,0.667712
d__tasacbw027sbog_bank_ts_agency__lag075,tasacbw027sbog_bank_ts_agency,d,75,FRED_TASACBW027SBOG_bank_ts_agency.csv,213,0.667712
d__tasacbw027sbog_bank_ts_agency__lag076,tasacbw027sbog_bank_ts_agency,d,76,FRED_TASACBW027SBOG_bank_ts_agency.csv,213,0.667712
d__tasacbw027sbog_bank_ts_agency__lag077,tasacbw027sbog_bank_ts_agency,d,77,FRED_TASACBW027SBOG_bank_ts_agency.csv,213,0.667712
d__tasacbw027sbog_bank_ts_agency__lag078,tasacbw027sbog_bank_ts_agency,d,78,FRED_TASACBW027SBOG_bank_ts_agency.csv,213,0.667712
d__tasacbw027sbog_bank_ts_agency__lag079,tasacbw027sbog_bank_ts_agency,d,79,FRED_TASACBW027SBOG_bank_ts_agency.csv,213,0.667712
d__tasacbw027sbog_bank_ts_agency__lag080,tasacbw027sbog_bank_ts_agency,d,80,FRED_TASACBW027SBOG_bank_ts_agency.csv,213,0.667712
d__tasacbw027sbog_bank_ts_agency__lag081,tasacbw027sbog_bank_ts_agency,d,81,FRED_TASACBW027SBOG_bank_ts_agency.csv,213,0.667712
d__tasacbw027sbog_bank_ts_agency__lag082,tasacbw027sbog_bank_ts_agency,d,82,FRED_TASACBW027SBOG_bank_ts_agency.csv,213,0.667712
d__tasacbw027sbog_bank_ts_agency__lag083,tasacbw027sbog_bank_ts_agency,d,83,FRED_TASACBW027SBOG_bank_ts_agency.csv,213,0.667712
d__tasacbw027sbog_bank_ts_agency__lag084,tasacbw027sbog_bank_ts_agency,d,84,FRED_TASACBW027SBOG_bank_ts_agency.csv,213,0.667712
d__tasacbw027sbog_bank_ts_agency__lag085,tasacbw027sbog_bank_ts_agency,d,85,FRED_TASACBW027SBOG_bank_ts_agency.csv,213,0.667712
d__tasacbw027sbog_bank_ts_agency__lag086,tasacbw027sbog_bank_ts_agency,d,86,FRED_TASACBW027SBOG_bank_ts_agency.csv,213,0.667712
d__tasacbw027sbog_bank_ts_agency__lag087,tasacbw027sbog_bank_ts_agency,d,87,FRED_TASACBW027SBOG_bank_ts_agency.csv,213,0.667712
d__tasacbw027sbog_bank_ts_agency__lag088,tasacbw027sbog_bank_ts_agency,d,88,FRED_TASACBW027SBOG_bank_ts_agency.csv,213,0.667712
d__tasacbw027sbog_bank_ts_agency__lag089,tasacbw027sbog_bank_ts_agency,d,89,FRED_TASACBW027SBOG_bank_ts_agency.csv,212,0.664577
d__tasacbw027sbog_bank_ts_agency__lag090,tasacbw027sbog_bank_ts_agency,d,90,FRED_TASACBW027SBOG_bank_ts_agency.csv,212,0.664577
m__tcu_tcu__lag001,tcu_tcu,m,1,FRED_TCU_TCU.csv,237,0.742947
m__tcu_tcu__lag002,tcu_tcu,m,2,FRED_TCU_TCU.csv,237,0.742947
m__tcu_tcu__lag003,tcu_tcu,m,3,FRED_TCU_TCU.csv,237,0.742947
m__tcu_tcu__lag004,tcu_tcu,m,4,FRED_TCU_TCU.csv,236,0.739812
m__tcu_tcu__lag005,tcu_tcu,m,5,FRED_TCU_TCU.csv,236,0.739812
m__tcu_tcu__lag006,tcu_tcu,m,6,FRED_TCU_TCU.csv,236,0.739812
m__tcu_tcu__lag007,tcu_tcu,m,7,FRED_TCU_TCU.csv,235,0.736677
m__tcu_tcu__lag008,tcu_tcu,m,8,FRED_TCU_TCU.csv,235,0.736677
m__tcu_tcu__lag009,tcu_tcu,m,9,FRED_TCU_TCU.csv,235,0.736677
m__tcu_tcu__lag010,tcu_tcu,m,10,FRED_TCU_TCU.csv,234,0.733542
m__tcu_tcu__lag011,tcu_tcu,m,11,FRED_TCU_TCU.csv,234,0.733542
m__tcu_tcu__lag012,tcu_tcu,m,12,FRED_TCU_TCU.csv,234,0.733542
q__tfaabshno_hhnp_tfa__lag001,tfaabshno_hhnp_tfa,q,1,FRED_TFAABSHNO_hhnp_tfa.csv,319,1.0
q__tfaabshno_hhnp_tfa__lag002,tfaabshno_hhnp_tfa,q,2,FRED_TFAABSHNO_hhnp_tfa.csv,319,1.0
q__tfaabshno_hhnp_tfa__lag003,tfaabshno_hhnp_tfa,q,3,FRED_TFAABSHNO_hhnp_tfa.csv,319,1.0
q__tfaabshno_hhnp_tfa__lag004,tfaabshno_hhnp_tfa,q,4,FRED_TFAABSHNO_hhnp_tfa.csv,318,0.996865
q__tfaabshno_hhnp_tfa__lag005,tfaabshno_hhnp_tfa,q,5,FRED_TFAABSHNO_hhnp_tfa.csv,317,0.99373
q__tfaabshno_hhnp_tfa__lag006,tfaabshno_hhnp_tfa,q,6,FRED_TFAABSHNO_hhnp_tfa.csv,316,0.990596
q__tfaabshno_hhnp_tfa__lag007,tfaabshno_hhnp_tfa,q,7,FRED_TFAABSHNO_hhnp_tfa.csv,315,0.987461
q__tfaabshno_hhnp_tfa__lag008,tfaabshno_hhnp_tfa,q,8,FRED_TFAABSHNO_hhnp_tfa.csv,314,0.984326
q__tfaabsnncb_nfcb_tfa__lag001,tfaabsnncb_nfcb_tfa,q,1,FRED_TFAABSNNCB_nfcb_tfa.csv,319,1.0
q__tfaabsnncb_nfcb_tfa__lag002,tfaabsnncb_nfcb_tfa,q,2,FRED_TFAABSNNCB_nfcb_tfa.csv,319,1.0
q__tfaabsnncb_nfcb_tfa__lag003,tfaabsnncb_nfcb_tfa,q,3,FRED_TFAABSNNCB_nfcb_tfa.csv,319,1.0
q__tfaabsnncb_nfcb_tfa__lag004,tfaabsnncb_nfcb_tfa,q,4,FRED_TFAABSNNCB_nfcb_tfa.csv,318,0.996865
q__tfaabsnncb_nfcb_tfa__lag005,tfaabsnncb_nfcb_tfa,q,5,FRED_TFAABSNNCB_nfcb_tfa.csv,317,0.99373
q__tfaabsnncb_nfcb_tfa__lag006,tfaabsnncb_nfcb_tfa,q,6,FRED_TFAABSNNCB_nfcb_tfa.csv,316,0.990596
q__tfaabsnncb_nfcb_tfa__lag007,tfaabsnncb_nfcb_tfa,q,7,FRED_TFAABSNNCB_nfcb_tfa.csv,315,0.987461
q__tfaabsnncb_nfcb_tfa__lag008,tfaabsnncb_nfcb_tfa,q,8,FRED_TFAABSNNCB_nfcb_tfa.csv,314,0.984326
q__tgdef_net_gov_sav__lag001,tgdef_net_gov_sav,q,1,FRED_TGDEF_net_gov_sav.csv,316,0.990596
q__tgdef_net_gov_sav__lag002,tgdef_net_gov_sav,q,2,FRED_TGDEF_net_gov_sav.csv,315,0.987461
q__tgdef_net_gov_sav__lag003,tgdef_net_gov_sav,q,3,FRED_TGDEF_net_gov_sav.csv,314,0.984326
q__tgdef_net_gov_sav__lag004,tgdef_net_gov_sav,q,4,FRED_TGDEF_net_gov_sav.csv,313,0.981191
q__tgdef_net_gov_sav__lag005,tgdef_net_gov_sav,q,5,FRED_TGDEF_net_gov_sav.csv,312,0.978056
q__tgdef_net_gov_sav__lag006,tgdef_net_gov_sav,q,6,FRED_TGDEF_net_gov_sav.csv,311,0.974922
q__tgdef_net_gov_sav__lag007,tgdef_net_gov_sav,q,7,FRED_TGDEF_net_gov_sav.csv,310,0.971787
q__tgdef_net_gov_sav__lag008,tgdef_net_gov_sav,q,8,FRED_TGDEF_net_gov_sav.csv,309,0.968652
d__tlaacbw027sbog_bank_ta__lag001,tlaacbw027sbog_bank_ta,d,1,FRED_TLAACBW027SBOG_bank_ta.csv,213,0.667712
d__tlaacbw027sbog_bank_ta__lag002,tlaacbw027sbog_bank_ta,d,2,FRED_TLAACBW027SBOG_bank_ta.csv,213,0.667712
d__tlaacbw027sbog_bank_ta__lag003,tlaacbw027sbog_bank_ta,d,3,FRED_TLAACBW027SBOG_bank_ta.csv,213,0.667712
d__tlaacbw027sbog_bank_ta__lag004,tlaacbw027sbog_bank_ta,d,4,FRED_TLAACBW027SBOG_bank_ta.csv,213,0.667712
d__tlaacbw027sbog_bank_ta__lag005,tlaacbw027sbog_bank_ta,d,5,FRED_TLAACBW027SBOG_bank_ta.csv,213,0.667712
d__tlaacbw027sbog_bank_ta__lag006,tlaacbw027sbog_bank_ta,d,6,FRED_TLAACBW027SBOG_bank_ta.csv,213,0.667712
d__tlaacbw027sbog_bank_ta__lag007,tlaacbw027sbog_bank_ta,d,7,FRED_TLAACBW027SBOG_bank_ta.csv,213,0.667712
d__tlaacbw027sbog_bank_ta__lag008,tlaacbw027sbog_bank_ta,d,8,FRED_TLAACBW027SBOG_bank_ta.csv,213,0.667712
d__tlaacbw027sbog_bank_ta__lag009,tlaacbw027sbog_bank_ta,d,9,FRED_TLAACBW027SBOG_bank_ta.csv,213,0.667712
d__tlaacbw027sbog_bank_ta__lag010,tlaacbw027sbog_bank_ta,d,10,FRED_TLAACBW027SBOG_bank_ta.csv,213,0.667712
d__tlaacbw027sbog_bank_ta__lag011,tlaacbw027sbog_bank_ta,d,11,FRED_TLAACBW027SBOG_bank_ta.csv,213,0.667712
d__tlaacbw027sbog_bank_ta__lag012,tlaacbw027sbog_bank_ta,d,12,FRED_TLAACBW027SBOG_bank_ta.csv,213,0.667712
d__tlaacbw027sbog_bank_ta__lag013,tlaacbw027sbog_bank_ta,d,13,FRED_TLAACBW027SBOG_bank_ta.csv,213,0.667712
d__tlaacbw027sbog_bank_ta__lag014,tlaacbw027sbog_bank_ta,d,14,FRED_TLAACBW027SBOG_bank_ta.csv,213,0.667712
d__tlaacbw027sbog_bank_ta__lag015,tlaacbw027sbog_bank_ta,d,15,FRED_TLAACBW027SBOG_bank_ta.csv,213,0.667712
d__tlaacbw027sbog_bank_ta__lag016,tlaacbw027sbog_bank_ta,d,16,FRED_TLAACBW027SBOG_bank_ta.csv,213,0.667712
d__tlaacbw027sbog_bank_ta__lag017,tlaacbw027sbog_bank_ta,d,17,FRED_TLAACBW027SBOG_bank_ta.csv,213,0.667712
d__tlaacbw027sbog_bank_ta__lag018,tlaacbw027sbog_bank_ta,d,18,FRED_TLAACBW027SBOG_bank_ta.csv,213,0.667712
d__tlaacbw027sbog_bank_ta__lag019,tlaacbw027sbog_bank_ta,d,19,FRED_TLAACBW027SBOG_bank_ta.csv,213,0.667712
d__tlaacbw027sbog_bank_ta__lag020,tlaacbw027sbog_bank_ta,d,20,FRED_TLAACBW027SBOG_bank_ta.csv,213,0.667712
d__tlaacbw027sbog_bank_ta__lag021,tlaacbw027sbog_bank_ta,d,21,FRED_TLAACBW027SBOG_bank_ta.csv,213,0.667712
d__tlaacbw027sbog_bank_ta__lag022,tlaacbw027sbog_bank_ta,d,22,FRED_TLAACBW027SBOG_bank_ta.csv,213,0.667712
d__tlaacbw027sbog_bank_ta__lag023,tlaacbw027sbog_bank_ta,d,23,FRED_TLAACBW027SBOG_bank_ta.csv,213,0.667712
d__tlaacbw027sbog_bank_ta__lag024,tlaacbw027sbog_bank_ta,d,24,FRED_TLAACBW027SBOG_bank_ta.csv,213,0.667712
d__tlaacbw027sbog_bank_ta__lag025,tlaacbw027sbog_bank_ta,d,25,FRED_TLAACBW027SBOG_bank_ta.csv,213,0.667712
d__tlaacbw027sbog_bank_ta__lag026,tlaacbw027sbog_bank_ta,d,26,FRED_TLAACBW027SBOG_bank_ta.csv,213,0.667712
d__tlaacbw027sbog_bank_ta__lag027,tlaacbw027sbog_bank_ta,d,27,FRED_TLAACBW027SBOG_bank_ta.csv,213,0.667712
d__tlaacbw027sbog_bank_ta__lag028,tlaacbw027sbog_bank_ta,d,28,FRED_TLAACBW027SBOG_bank_ta.csv,213,0.667712
d__tlaacbw027sbog_bank_ta__lag029,tlaacbw027sbog_bank_ta,d,29,FRED_TLAACBW027SBOG_bank_ta.csv,213,0.667712
d__tlaacbw027sbog_bank_ta__lag030,tlaacbw027sbog_bank_ta,d,30,FRED_TLAACBW027SBOG_bank_ta.csv,213,0.667712
d__tlaacbw027sbog_bank_ta__lag031,tlaacbw027sbog_bank_ta,d,31,FRED_TLAACBW027SBOG_bank_ta.csv,213,0.667712
d__tlaacbw027sbog_bank_ta__lag032,tlaacbw027sbog_bank_ta,d,32,FRED_TLAACBW027SBOG_bank_ta.csv,213,0.667712
d__tlaacbw027sbog_bank_ta__lag033,tlaacbw027sbog_bank_ta,d,33,FRED_TLAACBW027SBOG_bank_ta.csv,213,0.667712
d__tlaacbw027sbog_bank_ta__lag034,tlaacbw027sbog_bank_ta,d,34,FRED_TLAACBW027SBOG_bank_ta.csv,213,0.667712
d__tlaacbw027sbog_bank_ta__lag035,tlaacbw027sbog_bank_ta,d,35,FRED_TLAACBW027SBOG_bank_ta.csv,213,0.667712
d__tlaacbw027sbog_bank_ta__lag036,tlaacbw027sbog_bank_ta,d,36,FRED_TLAACBW027SBOG_bank_ta.csv,213,0.667712
d__tlaacbw027sbog_bank_ta__lag037,tlaacbw027sbog_bank_ta,d,37,FRED_TLAACBW027SBOG_bank_ta.csv,213,0.667712
d__tlaacbw027sbog_bank_ta__lag038,tlaacbw027sbog_bank_ta,d,38,FRED_TLAACBW027SBOG_bank_ta.csv,213,0.667712
d__tlaacbw027sbog_bank_ta__lag039,tlaacbw027sbog_bank_ta,d,39,FRED_TLAACBW027SBOG_bank_ta.csv,213,0.667712
d__tlaacbw027sbog_bank_ta__lag040,tlaacbw027sbog_bank_ta,d,40,FRED_TLAACBW027SBOG_bank_ta.csv,213,0.667712
d__tlaacbw027sbog_bank_ta__lag041,tlaacbw027sbog_bank_ta,d,41,FRED_TLAACBW027SBOG_bank_ta.csv,213,0.667712
d__tlaacbw027sbog_bank_ta__lag042,tlaacbw027sbog_bank_ta,d,42,FRED_TLAACBW027SBOG_bank_ta.csv,213,0.667712
d__tlaacbw027sbog_bank_ta__lag043,tlaacbw027sbog_bank_ta,d,43,FRED_TLAACBW027SBOG_bank_ta.csv,213,0.667712
d__tlaacbw027sbog_bank_ta__lag044,tlaacbw027sbog_bank_ta,d,44,FRED_TLAACBW027SBOG_bank_ta.csv,213,0.667712
d__tlaacbw027sbog_bank_ta__lag045,tlaacbw027sbog_bank_ta,d,45,FRED_TLAACBW027SBOG_bank_ta.csv,213,0.667712
d__tlaacbw027sbog_bank_ta__lag046,tlaacbw027sbog_bank_ta,d,46,FRED_TLAACBW027SBOG_bank_ta.csv,213,0.667712
d__tlaacbw027sbog_bank_ta__lag047,tlaacbw027sbog_bank_ta,d,47,FRED_TLAACBW027SBOG_bank_ta.csv,213,0.667712
d__tlaacbw027sbog_bank_ta__lag048,tlaacbw027sbog_bank_ta,d,48,FRED_TLAACBW027SBOG_bank_ta.csv,213,0.667712
d__tlaacbw027sbog_bank_ta__lag049,tlaacbw027sbog_bank_ta,d,49,FRED_TLAACBW027SBOG_bank_ta.csv,213,0.667712
d__tlaacbw027sbog_bank_ta__lag050,tlaacbw027sbog_bank_ta,d,50,FRED_TLAACBW027SBOG_bank_ta.csv,213,0.667712
d__tlaacbw027sbog_bank_ta__lag051,tlaacbw027sbog_bank_ta,d,51,FRED_TLAACBW027SBOG_bank_ta.csv,213,0.667712
d__tlaacbw027sbog_bank_ta__lag052,tlaacbw027sbog_bank_ta,d,52,FRED_TLAACBW027SBOG_bank_ta.csv,213,0.667712
d__tlaacbw027sbog_bank_ta__lag053,tlaacbw027sbog_bank_ta,d,53,FRED_TLAACBW027SBOG_bank_ta.csv,213,0.667712
d__tlaacbw027sbog_bank_ta__lag054,tlaacbw027sbog_bank_ta,d,54,FRED_TLAACBW027SBOG_bank_ta.csv,213,0.667712
d__tlaacbw027sbog_bank_ta__lag055,tlaacbw027sbog_bank_ta,d,55,FRED_TLAACBW027SBOG_bank_ta.csv,213,0.667712
d__tlaacbw027sbog_bank_ta__lag056,tlaacbw027sbog_bank_ta,d,56,FRED_TLAACBW027SBOG_bank_ta.csv,213,0.667712
d__tlaacbw027sbog_bank_ta__lag057,tlaacbw027sbog_bank_ta,d,57,FRED_TLAACBW027SBOG_bank_ta.csv,213,0.667712
d__tlaacbw027sbog_bank_ta__lag058,tlaacbw027sbog_bank_ta,d,58,FRED_TLAACBW027SBOG_bank_ta.csv,213,0.667712
d__tlaacbw027sbog_bank_ta__lag059,tlaacbw027sbog_bank_ta,d,59,FRED_TLAACBW027SBOG_bank_ta.csv,213,0.667712
d__tlaacbw027sbog_bank_ta__lag060,tlaacbw027sbog_bank_ta,d,60,FRED_TLAACBW027SBOG_bank_ta.csv,213,0.667712
d__tlaacbw027sbog_bank_ta__lag061,tlaacbw027sbog_bank_ta,d,61,FRED_TLAACBW027SBOG_bank_ta.csv,213,0.667712
d__tlaacbw027sbog_bank_ta__lag062,tlaacbw027sbog_bank_ta,d,62,FRED_TLAACBW027SBOG_bank_ta.csv,213,0.667712
d__tlaacbw027sbog_bank_ta__lag063,tlaacbw027sbog_bank_ta,d,63,FRED_TLAACBW027SBOG_bank_ta.csv,213,0.667712
d__tlaacbw027sbog_bank_ta__lag064,tlaacbw027sbog_bank_ta,d,64,FRED_TLAACBW027SBOG_bank_ta.csv,213,0.667712
d__tlaacbw027sbog_bank_ta__lag065,tlaacbw027sbog_bank_ta,d,65,FRED_TLAACBW027SBOG_bank_ta.csv,213,0.667712
d__tlaacbw027sbog_bank_ta__lag066,tlaacbw027sbog_bank_ta,d,66,FRED_TLAACBW027SBOG_bank_ta.csv,213,0.667712
d__tlaacbw027sbog_bank_ta__lag067,tlaacbw027sbog_bank_ta,d,67,FRED_TLAACBW027SBOG_bank_ta.csv,213,0.667712
d__tlaacbw027sbog_bank_ta__lag068,tlaacbw027sbog_bank_ta,d,68,FRED_TLAACBW027SBOG_bank_ta.csv,213,0.667712
d__tlaacbw027sbog_bank_ta__lag069,tlaacbw027sbog_bank_ta,d,69,FRED_TLAACBW027SBOG_bank_ta.csv,213,0.667712
d__tlaacbw027sbog_bank_ta__lag070,tlaacbw027sbog_bank_ta,d,70,FRED_TLAACBW027SBOG_bank_ta.csv,213,0.667712
d__tlaacbw027sbog_bank_ta__lag071,tlaacbw027sbog_bank_ta,d,71,FRED_TLAACBW027SBOG_bank_ta.csv,213,0.667712
d__tlaacbw027sbog_bank_ta__lag072,tlaacbw027sbog_bank_ta,d,72,FRED_TLAACBW027SBOG_bank_ta.csv,213,0.667712
d__tlaacbw027sbog_bank_ta__lag073,tlaacbw027sbog_bank_ta,d,73,FRED_TLAACBW027SBOG_bank_ta.csv,213,0.667712
d__tlaacbw027sbog_bank_ta__lag074,tlaacbw027sbog_bank_ta,d,74,FRED_TLAACBW027SBOG_bank_ta.csv,213,0.667712
d__tlaacbw027sbog_bank_ta__lag075,tlaacbw027sbog_bank_ta,d,75,FRED_TLAACBW027SBOG_bank_ta.csv,213,0.667712
d__tlaacbw027sbog_bank_ta__lag076,tlaacbw027sbog_bank_ta,d,76,FRED_TLAACBW027SBOG_bank_ta.csv,213,0.667712
d__tlaacbw027sbog_bank_ta__lag077,tlaacbw027sbog_bank_ta,d,77,FRED_TLAACBW027SBOG_bank_ta.csv,213,0.667712
d__tlaacbw027sbog_bank_ta__lag078,tlaacbw027sbog_bank_ta,d,78,FRED_TLAACBW027SBOG_bank_ta.csv,213,0.667712
d__tlaacbw027sbog_bank_ta__lag079,tlaacbw027sbog_bank_ta,d,79,FRED_TLAACBW027SBOG_bank_ta.csv,213,0.667712
d__tlaacbw027sbog_bank_ta__lag080,tlaacbw027sbog_bank_ta,d,80,FRED_TLAACBW027SBOG_bank_ta.csv,213,0.667712
d__tlaacbw027sbog_bank_ta__lag081,tlaacbw027sbog_bank_ta,d,81,FRED_TLAACBW027SBOG_bank_ta.csv,213,0.667712
d__tlaacbw027sbog_bank_ta__lag082,tlaacbw027sbog_bank_ta,d,82,FRED_TLAACBW027SBOG_bank_ta.csv,213,0.667712
d__tlaacbw027sbog_bank_ta__lag083,tlaacbw027sbog_bank_ta,d,83,FRED_TLAACBW027SBOG_bank_ta.csv,213,0.667712
d__tlaacbw027sbog_bank_ta__lag084,tlaacbw027sbog_bank_ta,d,84,FRED_TLAACBW027SBOG_bank_ta.csv,213,0.667712
d__tlaacbw027sbog_bank_ta__lag085,tlaacbw027sbog_bank_ta,d,85,FRED_TLAACBW027SBOG_bank_ta.csv,213,0.667712
d__tlaacbw027sbog_bank_ta__lag086,tlaacbw027sbog_bank_ta,d,86,FRED_TLAACBW027SBOG_bank_ta.csv,213,0.667712
d__tlaacbw027sbog_bank_ta__lag087,tlaacbw027sbog_bank_ta,d,87,FRED_TLAACBW027SBOG_bank_ta.csv,213,0.667712
d__tlaacbw027sbog_bank_ta__lag088,tlaacbw027sbog_bank_ta,d,88,FRED_TLAACBW027SBOG_bank_ta.csv,213,0.667712
d__tlaacbw027sbog_bank_ta__lag089,tlaacbw027sbog_bank_ta,d,89,FRED_TLAACBW027SBOG_bank_ta.csv,212,0.664577
d__tlaacbw027sbog_bank_ta__lag090,tlaacbw027sbog_bank_ta,d,90,FRED_TLAACBW027SBOG_bank_ta.csv,212,0.664577
q__tnwhcbsnncb_nfcb_hc_nw__lag001,tnwhcbsnncb_nfcb_hc_nw,q,1,FRED_TNWHCBSNNCB_nfcb_hc_nw.csv,319,1.0
q__tnwhcbsnncb_nfcb_hc_nw__lag002,tnwhcbsnncb_nfcb_hc_nw,q,2,FRED_TNWHCBSNNCB_nfcb_hc_nw.csv,319,1.0
q__tnwhcbsnncb_nfcb_hc_nw__lag003,tnwhcbsnncb_nfcb_hc_nw,q,3,FRED_TNWHCBSNNCB_nfcb_hc_nw.csv,319,1.0
q__tnwhcbsnncb_nfcb_hc_nw__lag004,tnwhcbsnncb_nfcb_hc_nw,q,4,FRED_TNWHCBSNNCB_nfcb_hc_nw.csv,318,0.996865
q__tnwhcbsnncb_nfcb_hc_nw__lag005,tnwhcbsnncb_nfcb_hc_nw,q,5,FRED_TNWHCBSNNCB_nfcb_hc_nw.csv,317,0.99373
q__tnwhcbsnncb_nfcb_hc_nw__lag006,tnwhcbsnncb_nfcb_hc_nw,q,6,FRED_TNWHCBSNNCB_nfcb_hc_nw.csv,316,0.990596
q__tnwhcbsnncb_nfcb_hc_nw__lag007,tnwhcbsnncb_nfcb_hc_nw,q,7,FRED_TNWHCBSNNCB_nfcb_hc_nw.csv,315,0.987461
q__tnwhcbsnncb_nfcb_hc_nw__lag008,tnwhcbsnncb_nfcb_hc_nw,q,8,FRED_TNWHCBSNNCB_nfcb_hc_nw.csv,314,0.984326
q__tnwmvbsnncb_nfcb_nw__lag001,tnwmvbsnncb_nfcb_nw,q,1,FRED_TNWMVBSNNCB_nfcb_nw.csv,319,1.0
q__tnwmvbsnncb_nfcb_nw__lag002,tnwmvbsnncb_nfcb_nw,q,2,FRED_TNWMVBSNNCB_nfcb_nw.csv,319,1.0
q__tnwmvbsnncb_nfcb_nw__lag003,tnwmvbsnncb_nfcb_nw,q,3,FRED_TNWMVBSNNCB_nfcb_nw.csv,319,1.0
q__tnwmvbsnncb_nfcb_nw__lag004,tnwmvbsnncb_nfcb_nw,q,4,FRED_TNWMVBSNNCB_nfcb_nw.csv,318,0.996865
q__tnwmvbsnncb_nfcb_nw__lag005,tnwmvbsnncb_nfcb_nw,q,5,FRED_TNWMVBSNNCB_nfcb_nw.csv,317,0.99373
q__tnwmvbsnncb_nfcb_nw__lag006,tnwmvbsnncb_nfcb_nw,q,6,FRED_TNWMVBSNNCB_nfcb_nw.csv,316,0.990596
q__tnwmvbsnncb_nfcb_nw__lag007,tnwmvbsnncb_nfcb_nw,q,7,FRED_TNWMVBSNNCB_nfcb_nw.csv,315,0.987461
q__tnwmvbsnncb_nfcb_nw__lag008,tnwmvbsnncb_nfcb_nw,q,8,FRED_TNWMVBSNNCB_nfcb_nw.csv,314,0.984326
m__totalsl_totalsl__lag001,totalsl_totalsl,m,1,FRED_TOTALSL_TOTALSL.csv,319,1.0
m__totalsl_totalsl__lag002,totalsl_totalsl,m,2,FRED_TOTALSL_TOTALSL.csv,319,1.0
m__totalsl_totalsl__lag003,totalsl_totalsl,m,3,FRED_TOTALSL_TOTALSL.csv,319,1.0
m__totalsl_totalsl__lag004,totalsl_totalsl,m,4,FRED_TOTALSL_TOTALSL.csv,319,1.0
m__totalsl_totalsl__lag005,totalsl_totalsl,m,5,FRED_TOTALSL_TOTALSL.csv,319,1.0
m__totalsl_totalsl__lag006,totalsl_totalsl,m,6,FRED_TOTALSL_TOTALSL.csv,319,1.0
m__totalsl_totalsl__lag007,totalsl_totalsl,m,7,FRED_TOTALSL_TOTALSL.csv,319,1.0
m__totalsl_totalsl__lag008,totalsl_totalsl,m,8,FRED_TOTALSL_TOTALSL.csv,319,1.0
m__totalsl_totalsl__lag009,totalsl_totalsl,m,9,FRED_TOTALSL_TOTALSL.csv,319,1.0
m__totalsl_totalsl__lag010,totalsl_totalsl,m,10,FRED_TOTALSL_TOTALSL.csv,319,1.0
m__totalsl_totalsl__lag011,totalsl_totalsl,m,11,FRED_TOTALSL_TOTALSL.csv,319,1.0
m__totalsl_totalsl__lag012,totalsl_totalsl,m,12,FRED_TOTALSL_TOTALSL.csv,319,1.0
d__totbkcr_totbkcr__lag001,totbkcr_totbkcr,d,1,FRED_TOTBKCR_TOTBKCR.csv,213,0.667712
d__totbkcr_totbkcr__lag002,totbkcr_totbkcr,d,2,FRED_TOTBKCR_TOTBKCR.csv,213,0.667712
d__totbkcr_totbkcr__lag003,totbkcr_totbkcr,d,3,FRED_TOTBKCR_TOTBKCR.csv,213,0.667712
d__totbkcr_totbkcr__lag004,totbkcr_totbkcr,d,4,FRED_TOTBKCR_TOTBKCR.csv,213,0.667712
d__totbkcr_totbkcr__lag005,totbkcr_totbkcr,d,5,FRED_TOTBKCR_TOTBKCR.csv,213,0.667712
d__totbkcr_totbkcr__lag006,totbkcr_totbkcr,d,6,FRED_TOTBKCR_TOTBKCR.csv,213,0.667712
d__totbkcr_totbkcr__lag007,totbkcr_totbkcr,d,7,FRED_TOTBKCR_TOTBKCR.csv,213,0.667712
d__totbkcr_totbkcr__lag008,totbkcr_totbkcr,d,8,FRED_TOTBKCR_TOTBKCR.csv,213,0.667712
d__totbkcr_totbkcr__lag009,totbkcr_totbkcr,d,9,FRED_TOTBKCR_TOTBKCR.csv,213,0.667712
d__totbkcr_totbkcr__lag010,totbkcr_totbkcr,d,10,FRED_TOTBKCR_TOTBKCR.csv,213,0.667712
d__totbkcr_totbkcr__lag011,totbkcr_totbkcr,d,11,FRED_TOTBKCR_TOTBKCR.csv,213,0.667712
d__totbkcr_totbkcr__lag012,totbkcr_totbkcr,d,12,FRED_TOTBKCR_TOTBKCR.csv,213,0.667712
d__totbkcr_totbkcr__lag013,totbkcr_totbkcr,d,13,FRED_TOTBKCR_TOTBKCR.csv,213,0.667712
d__totbkcr_totbkcr__lag014,totbkcr_totbkcr,d,14,FRED_TOTBKCR_TOTBKCR.csv,213,0.667712
d__totbkcr_totbkcr__lag015,totbkcr_totbkcr,d,15,FRED_TOTBKCR_TOTBKCR.csv,213,0.667712
d__totbkcr_totbkcr__lag016,totbkcr_totbkcr,d,16,FRED_TOTBKCR_TOTBKCR.csv,213,0.667712
d__totbkcr_totbkcr__lag017,totbkcr_totbkcr,d,17,FRED_TOTBKCR_TOTBKCR.csv,213,0.667712
d__totbkcr_totbkcr__lag018,totbkcr_totbkcr,d,18,FRED_TOTBKCR_TOTBKCR.csv,213,0.667712
d__totbkcr_totbkcr__lag019,totbkcr_totbkcr,d,19,FRED_TOTBKCR_TOTBKCR.csv,213,0.667712
d__totbkcr_totbkcr__lag020,totbkcr_totbkcr,d,20,FRED_TOTBKCR_TOTBKCR.csv,213,0.667712
d__totbkcr_totbkcr__lag021,totbkcr_totbkcr,d,21,FRED_TOTBKCR_TOTBKCR.csv,213,0.667712
d__totbkcr_totbkcr__lag022,totbkcr_totbkcr,d,22,FRED_TOTBKCR_TOTBKCR.csv,213,0.667712
d__totbkcr_totbkcr__lag023,totbkcr_totbkcr,d,23,FRED_TOTBKCR_TOTBKCR.csv,213,0.667712
d__totbkcr_totbkcr__lag024,totbkcr_totbkcr,d,24,FRED_TOTBKCR_TOTBKCR.csv,213,0.667712
d__totbkcr_totbkcr__lag025,totbkcr_totbkcr,d,25,FRED_TOTBKCR_TOTBKCR.csv,213,0.667712
d__totbkcr_totbkcr__lag026,totbkcr_totbkcr,d,26,FRED_TOTBKCR_TOTBKCR.csv,213,0.667712
d__totbkcr_totbkcr__lag027,totbkcr_totbkcr,d,27,FRED_TOTBKCR_TOTBKCR.csv,213,0.667712
d__totbkcr_totbkcr__lag028,totbkcr_totbkcr,d,28,FRED_TOTBKCR_TOTBKCR.csv,213,0.667712
d__totbkcr_totbkcr__lag029,totbkcr_totbkcr,d,29,FRED_TOTBKCR_TOTBKCR.csv,213,0.667712
d__totbkcr_totbkcr__lag030,totbkcr_totbkcr,d,30,FRED_TOTBKCR_TOTBKCR.csv,213,0.667712
d__totbkcr_totbkcr__lag031,totbkcr_totbkcr,d,31,FRED_TOTBKCR_TOTBKCR.csv,213,0.667712
d__totbkcr_totbkcr__lag032,totbkcr_totbkcr,d,32,FRED_TOTBKCR_TOTBKCR.csv,213,0.667712
d__totbkcr_totbkcr__lag033,totbkcr_totbkcr,d,33,FRED_TOTBKCR_TOTBKCR.csv,213,0.667712
d__totbkcr_totbkcr__lag034,totbkcr_totbkcr,d,34,FRED_TOTBKCR_TOTBKCR.csv,213,0.667712
d__totbkcr_totbkcr__lag035,totbkcr_totbkcr,d,35,FRED_TOTBKCR_TOTBKCR.csv,213,0.667712
d__totbkcr_totbkcr__lag036,totbkcr_totbkcr,d,36,FRED_TOTBKCR_TOTBKCR.csv,213,0.667712
d__totbkcr_totbkcr__lag037,totbkcr_totbkcr,d,37,FRED_TOTBKCR_TOTBKCR.csv,213,0.667712
d__totbkcr_totbkcr__lag038,totbkcr_totbkcr,d,38,FRED_TOTBKCR_TOTBKCR.csv,213,0.667712
d__totbkcr_totbkcr__lag039,totbkcr_totbkcr,d,39,FRED_TOTBKCR_TOTBKCR.csv,213,0.667712
d__totbkcr_totbkcr__lag040,totbkcr_totbkcr,d,40,FRED_TOTBKCR_TOTBKCR.csv,213,0.667712
d__totbkcr_totbkcr__lag041,totbkcr_totbkcr,d,41,FRED_TOTBKCR_TOTBKCR.csv,213,0.667712
d__totbkcr_totbkcr__lag042,totbkcr_totbkcr,d,42,FRED_TOTBKCR_TOTBKCR.csv,213,0.667712
d__totbkcr_totbkcr__lag043,totbkcr_totbkcr,d,43,FRED_TOTBKCR_TOTBKCR.csv,213,0.667712
d__totbkcr_totbkcr__lag044,totbkcr_totbkcr,d,44,FRED_TOTBKCR_TOTBKCR.csv,213,0.667712
d__totbkcr_totbkcr__lag045,totbkcr_totbkcr,d,45,FRED_TOTBKCR_TOTBKCR.csv,213,0.667712
d__totbkcr_totbkcr__lag046,totbkcr_totbkcr,d,46,FRED_TOTBKCR_TOTBKCR.csv,213,0.667712
d__totbkcr_totbkcr__lag047,totbkcr_totbkcr,d,47,FRED_TOTBKCR_TOTBKCR.csv,213,0.667712
d__totbkcr_totbkcr__lag048,totbkcr_totbkcr,d,48,FRED_TOTBKCR_TOTBKCR.csv,213,0.667712
d__totbkcr_totbkcr__lag049,totbkcr_totbkcr,d,49,FRED_TOTBKCR_TOTBKCR.csv,213,0.667712
d__totbkcr_totbkcr__lag050,totbkcr_totbkcr,d,50,FRED_TOTBKCR_TOTBKCR.csv,213,0.667712
d__totbkcr_totbkcr__lag051,totbkcr_totbkcr,d,51,FRED_TOTBKCR_TOTBKCR.csv,213,0.667712
d__totbkcr_totbkcr__lag052,totbkcr_totbkcr,d,52,FRED_TOTBKCR_TOTBKCR.csv,213,0.667712
d__totbkcr_totbkcr__lag053,totbkcr_totbkcr,d,53,FRED_TOTBKCR_TOTBKCR.csv,213,0.667712
d__totbkcr_totbkcr__lag054,totbkcr_totbkcr,d,54,FRED_TOTBKCR_TOTBKCR.csv,213,0.667712
d__totbkcr_totbkcr__lag055,totbkcr_totbkcr,d,55,FRED_TOTBKCR_TOTBKCR.csv,213,0.667712
d__totbkcr_totbkcr__lag056,totbkcr_totbkcr,d,56,FRED_TOTBKCR_TOTBKCR.csv,213,0.667712
d__totbkcr_totbkcr__lag057,totbkcr_totbkcr,d,57,FRED_TOTBKCR_TOTBKCR.csv,213,0.667712
d__totbkcr_totbkcr__lag058,totbkcr_totbkcr,d,58,FRED_TOTBKCR_TOTBKCR.csv,213,0.667712
d__totbkcr_totbkcr__lag059,totbkcr_totbkcr,d,59,FRED_TOTBKCR_TOTBKCR.csv,213,0.667712
d__totbkcr_totbkcr__lag060,totbkcr_totbkcr,d,60,FRED_TOTBKCR_TOTBKCR.csv,213,0.667712
d__totbkcr_totbkcr__lag061,totbkcr_totbkcr,d,61,FRED_TOTBKCR_TOTBKCR.csv,213,0.667712
d__totbkcr_totbkcr__lag062,totbkcr_totbkcr,d,62,FRED_TOTBKCR_TOTBKCR.csv,213,0.667712
d__totbkcr_totbkcr__lag063,totbkcr_totbkcr,d,63,FRED_TOTBKCR_TOTBKCR.csv,213,0.667712
d__totbkcr_totbkcr__lag064,totbkcr_totbkcr,d,64,FRED_TOTBKCR_TOTBKCR.csv,213,0.667712
d__totbkcr_totbkcr__lag065,totbkcr_totbkcr,d,65,FRED_TOTBKCR_TOTBKCR.csv,213,0.667712
d__totbkcr_totbkcr__lag066,totbkcr_totbkcr,d,66,FRED_TOTBKCR_TOTBKCR.csv,213,0.667712
d__totbkcr_totbkcr__lag067,totbkcr_totbkcr,d,67,FRED_TOTBKCR_TOTBKCR.csv,213,0.667712
d__totbkcr_totbkcr__lag068,totbkcr_totbkcr,d,68,FRED_TOTBKCR_TOTBKCR.csv,213,0.667712
d__totbkcr_totbkcr__lag069,totbkcr_totbkcr,d,69,FRED_TOTBKCR_TOTBKCR.csv,213,0.667712
d__totbkcr_totbkcr__lag070,totbkcr_totbkcr,d,70,FRED_TOTBKCR_TOTBKCR.csv,213,0.667712
d__totbkcr_totbkcr__lag071,totbkcr_totbkcr,d,71,FRED_TOTBKCR_TOTBKCR.csv,213,0.667712
d__totbkcr_totbkcr__lag072,totbkcr_totbkcr,d,72,FRED_TOTBKCR_TOTBKCR.csv,213,0.667712
d__totbkcr_totbkcr__lag073,totbkcr_totbkcr,d,73,FRED_TOTBKCR_TOTBKCR.csv,213,0.667712
d__totbkcr_totbkcr__lag074,totbkcr_totbkcr,d,74,FRED_TOTBKCR_TOTBKCR.csv,213,0.667712
d__totbkcr_totbkcr__lag075,totbkcr_totbkcr,d,75,FRED_TOTBKCR_TOTBKCR.csv,213,0.667712
d__totbkcr_totbkcr__lag076,totbkcr_totbkcr,d,76,FRED_TOTBKCR_TOTBKCR.csv,213,0.667712
d__totbkcr_totbkcr__lag077,totbkcr_totbkcr,d,77,FRED_TOTBKCR_TOTBKCR.csv,213,0.667712
d__totbkcr_totbkcr__lag078,totbkcr_totbkcr,d,78,FRED_TOTBKCR_TOTBKCR.csv,213,0.667712
d__totbkcr_totbkcr__lag079,totbkcr_totbkcr,d,79,FRED_TOTBKCR_TOTBKCR.csv,213,0.667712
d__totbkcr_totbkcr__lag080,totbkcr_totbkcr,d,80,FRED_TOTBKCR_TOTBKCR.csv,213,0.667712
d__totbkcr_totbkcr__lag081,totbkcr_totbkcr,d,81,FRED_TOTBKCR_TOTBKCR.csv,213,0.667712
d__totbkcr_totbkcr__lag082,totbkcr_totbkcr,d,82,FRED_TOTBKCR_TOTBKCR.csv,213,0.667712
d__totbkcr_totbkcr__lag083,totbkcr_totbkcr,d,83,FRED_TOTBKCR_TOTBKCR.csv,213,0.667712
d__totbkcr_totbkcr__lag084,totbkcr_totbkcr,d,84,FRED_TOTBKCR_TOTBKCR.csv,213,0.667712
d__totbkcr_totbkcr__lag085,totbkcr_totbkcr,d,85,FRED_TOTBKCR_TOTBKCR.csv,213,0.667712
d__totbkcr_totbkcr__lag086,totbkcr_totbkcr,d,86,FRED_TOTBKCR_TOTBKCR.csv,213,0.667712
d__totbkcr_totbkcr__lag087,totbkcr_totbkcr,d,87,FRED_TOTBKCR_TOTBKCR.csv,213,0.667712
d__totbkcr_totbkcr__lag088,totbkcr_totbkcr,d,88,FRED_TOTBKCR_TOTBKCR.csv,213,0.667712
d__totbkcr_totbkcr__lag089,totbkcr_totbkcr,d,89,FRED_TOTBKCR_TOTBKCR.csv,212,0.664577
d__totbkcr_totbkcr__lag090,totbkcr_totbkcr,d,90,FRED_TOTBKCR_TOTBKCR.csv,212,0.664577
d__totci_totci__lag001,totci_totci,d,1,FRED_TOTCI_TOTCI.csv,213,0.667712
d__totci_totci__lag002,totci_totci,d,2,FRED_TOTCI_TOTCI.csv,213,0.667712
d__totci_totci__lag003,totci_totci,d,3,FRED_TOTCI_TOTCI.csv,213,0.667712
d__totci_totci__lag004,totci_totci,d,4,FRED_TOTCI_TOTCI.csv,213,0.667712
d__totci_totci__lag005,totci_totci,d,5,FRED_TOTCI_TOTCI.csv,213,0.667712
d__totci_totci__lag006,totci_totci,d,6,FRED_TOTCI_TOTCI.csv,213,0.667712
d__totci_totci__lag007,totci_totci,d,7,FRED_TOTCI_TOTCI.csv,213,0.667712
d__totci_totci__lag008,totci_totci,d,8,FRED_TOTCI_TOTCI.csv,213,0.667712
d__totci_totci__lag009,totci_totci,d,9,FRED_TOTCI_TOTCI.csv,213,0.667712
d__totci_totci__lag010,totci_totci,d,10,FRED_TOTCI_TOTCI.csv,213,0.667712
d__totci_totci__lag011,totci_totci,d,11,FRED_TOTCI_TOTCI.csv,213,0.667712
d__totci_totci__lag012,totci_totci,d,12,FRED_TOTCI_TOTCI.csv,213,0.667712
d__totci_totci__lag013,totci_totci,d,13,FRED_TOTCI_TOTCI.csv,213,0.667712
d__totci_totci__lag014,totci_totci,d,14,FRED_TOTCI_TOTCI.csv,213,0.667712
d__totci_totci__lag015,totci_totci,d,15,FRED_TOTCI_TOTCI.csv,213,0.667712
d__totci_totci__lag016,totci_totci,d,16,FRED_TOTCI_TOTCI.csv,213,0.667712
d__totci_totci__lag017,totci_totci,d,17,FRED_TOTCI_TOTCI.csv,213,0.667712
d__totci_totci__lag018,totci_totci,d,18,FRED_TOTCI_TOTCI.csv,213,0.667712
d__totci_totci__lag019,totci_totci,d,19,FRED_TOTCI_TOTCI.csv,213,0.667712
d__totci_totci__lag020,totci_totci,d,20,FRED_TOTCI_TOTCI.csv,213,0.667712
d__totci_totci__lag021,totci_totci,d,21,FRED_TOTCI_TOTCI.csv,213,0.667712
d__totci_totci__lag022,totci_totci,d,22,FRED_TOTCI_TOTCI.csv,213,0.667712
d__totci_totci__lag023,totci_totci,d,23,FRED_TOTCI_TOTCI.csv,213,0.667712
d__totci_totci__lag024,totci_totci,d,24,FRED_TOTCI_TOTCI.csv,213,0.667712
d__totci_totci__lag025,totci_totci,d,25,FRED_TOTCI_TOTCI.csv,213,0.667712
d__totci_totci__lag026,totci_totci,d,26,FRED_TOTCI_TOTCI.csv,213,0.667712
d__totci_totci__lag027,totci_totci,d,27,FRED_TOTCI_TOTCI.csv,213,0.667712
d__totci_totci__lag028,totci_totci,d,28,FRED_TOTCI_TOTCI.csv,213,0.667712
d__totci_totci__lag029,totci_totci,d,29,FRED_TOTCI_TOTCI.csv,213,0.667712
d__totci_totci__lag030,totci_totci,d,30,FRED_TOTCI_TOTCI.csv,213,0.667712
d__totci_totci__lag031,totci_totci,d,31,FRED_TOTCI_TOTCI.csv,213,0.667712
d__totci_totci__lag032,totci_totci,d,32,FRED_TOTCI_TOTCI.csv,213,0.667712
d__totci_totci__lag033,totci_totci,d,33,FRED_TOTCI_TOTCI.csv,213,0.667712
d__totci_totci__lag034,totci_totci,d,34,FRED_TOTCI_TOTCI.csv,213,0.667712
d__totci_totci__lag035,totci_totci,d,35,FRED_TOTCI_TOTCI.csv,213,0.667712
d__totci_totci__lag036,totci_totci,d,36,FRED_TOTCI_TOTCI.csv,213,0.667712
d__totci_totci__lag037,totci_totci,d,37,FRED_TOTCI_TOTCI.csv,213,0.667712
d__totci_totci__lag038,totci_totci,d,38,FRED_TOTCI_TOTCI.csv,213,0.667712
d__totci_totci__lag039,totci_totci,d,39,FRED_TOTCI_TOTCI.csv,213,0.667712
d__totci_totci__lag040,totci_totci,d,40,FRED_TOTCI_TOTCI.csv,213,0.667712
d__totci_totci__lag041,totci_totci,d,41,FRED_TOTCI_TOTCI.csv,213,0.667712
d__totci_totci__lag042,totci_totci,d,42,FRED_TOTCI_TOTCI.csv,213,0.667712
d__totci_totci__lag043,totci_totci,d,43,FRED_TOTCI_TOTCI.csv,213,0.667712
d__totci_totci__lag044,totci_totci,d,44,FRED_TOTCI_TOTCI.csv,213,0.667712
d__totci_totci__lag045,totci_totci,d,45,FRED_TOTCI_TOTCI.csv,213,0.667712
d__totci_totci__lag046,totci_totci,d,46,FRED_TOTCI_TOTCI.csv,213,0.667712
d__totci_totci__lag047,totci_totci,d,47,FRED_TOTCI_TOTCI.csv,213,0.667712
d__totci_totci__lag048,totci_totci,d,48,FRED_TOTCI_TOTCI.csv,213,0.667712
d__totci_totci__lag049,totci_totci,d,49,FRED_TOTCI_TOTCI.csv,213,0.667712
d__totci_totci__lag050,totci_totci,d,50,FRED_TOTCI_TOTCI.csv,213,0.667712
d__totci_totci__lag051,totci_totci,d,51,FRED_TOTCI_TOTCI.csv,213,0.667712
d__totci_totci__lag052,totci_totci,d,52,FRED_TOTCI_TOTCI.csv,213,0.667712
d__totci_totci__lag053,totci_totci,d,53,FRED_TOTCI_TOTCI.csv,213,0.667712
d__totci_totci__lag054,totci_totci,d,54,FRED_TOTCI_TOTCI.csv,213,0.667712
d__totci_totci__lag055,totci_totci,d,55,FRED_TOTCI_TOTCI.csv,213,0.667712
d__totci_totci__lag056,totci_totci,d,56,FRED_TOTCI_TOTCI.csv,213,0.667712
d__totci_totci__lag057,totci_totci,d,57,FRED_TOTCI_TOTCI.csv,213,0.667712
d__totci_totci__lag058,totci_totci,d,58,FRED_TOTCI_TOTCI.csv,213,0.667712
d__totci_totci__lag059,totci_totci,d,59,FRED_TOTCI_TOTCI.csv,213,0.667712
d__totci_totci__lag060,totci_totci,d,60,FRED_TOTCI_TOTCI.csv,213,0.667712
d__totci_totci__lag061,totci_totci,d,61,FRED_TOTCI_TOTCI.csv,213,0.667712
d__totci_totci__lag062,totci_totci,d,62,FRED_TOTCI_TOTCI.csv,213,0.667712
d__totci_totci__lag063,totci_totci,d,63,FRED_TOTCI_TOTCI.csv,213,0.667712
d__totci_totci__lag064,totci_totci,d,64,FRED_TOTCI_TOTCI.csv,213,0.667712
d__totci_totci__lag065,totci_totci,d,65,FRED_TOTCI_TOTCI.csv,213,0.667712
d__totci_totci__lag066,totci_totci,d,66,FRED_TOTCI_TOTCI.csv,213,0.667712
d__totci_totci__lag067,totci_totci,d,67,FRED_TOTCI_TOTCI.csv,213,0.667712
d__totci_totci__lag068,totci_totci,d,68,FRED_TOTCI_TOTCI.csv,213,0.667712
d__totci_totci__lag069,totci_totci,d,69,FRED_TOTCI_TOTCI.csv,213,0.667712
d__totci_totci__lag070,totci_totci,d,70,FRED_TOTCI_TOTCI.csv,213,0.667712
d__totci_totci__lag071,totci_totci,d,71,FRED_TOTCI_TOTCI.csv,213,0.667712
d__totci_totci__lag072,totci_totci,d,72,FRED_TOTCI_TOTCI.csv,213,0.667712
d__totci_totci__lag073,totci_totci,d,73,FRED_TOTCI_TOTCI.csv,213,0.667712
d__totci_totci__lag074,totci_totci,d,74,FRED_TOTCI_TOTCI.csv,213,0.667712
d__totci_totci__lag075,totci_totci,d,75,FRED_TOTCI_TOTCI.csv,213,0.667712
d__totci_totci__lag076,totci_totci,d,76,FRED_TOTCI_TOTCI.csv,213,0.667712
d__totci_totci__lag077,totci_totci,d,77,FRED_TOTCI_TOTCI.csv,213,0.667712
d__totci_totci__lag078,totci_totci,d,78,FRED_TOTCI_TOTCI.csv,213,0.667712
d__totci_totci__lag079,totci_totci,d,79,FRED_TOTCI_TOTCI.csv,213,0.667712
d__totci_totci__lag080,totci_totci,d,80,FRED_TOTCI_TOTCI.csv,213,0.667712
d__totci_totci__lag081,totci_totci,d,81,FRED_TOTCI_TOTCI.csv,213,0.667712
d__totci_totci__lag082,totci_totci,d,82,FRED_TOTCI_TOTCI.csv,213,0.667712
d__totci_totci__lag083,totci_totci,d,83,FRED_TOTCI_TOTCI.csv,213,0.667712
d__totci_totci__lag084,totci_totci,d,84,FRED_TOTCI_TOTCI.csv,213,0.667712
d__totci_totci__lag085,totci_totci,d,85,FRED_TOTCI_TOTCI.csv,213,0.667712
d__totci_totci__lag086,totci_totci,d,86,FRED_TOTCI_TOTCI.csv,213,0.667712
d__totci_totci__lag087,totci_totci,d,87,FRED_TOTCI_TOTCI.csv,213,0.667712
d__totci_totci__lag088,totci_totci,d,88,FRED_TOTCI_TOTCI.csv,213,0.667712
d__totci_totci__lag089,totci_totci,d,89,FRED_TOTCI_TOTCI.csv,212,0.664577
d__totci_totci__lag090,totci_totci,d,90,FRED_TOTCI_TOTCI.csv,212,0.664577
d__totll_totll__lag001,totll_totll,d,1,FRED_TOTLL_TOTLL.csv,213,0.667712
d__totll_totll__lag002,totll_totll,d,2,FRED_TOTLL_TOTLL.csv,213,0.667712
d__totll_totll__lag003,totll_totll,d,3,FRED_TOTLL_TOTLL.csv,213,0.667712
d__totll_totll__lag004,totll_totll,d,4,FRED_TOTLL_TOTLL.csv,213,0.667712
d__totll_totll__lag005,totll_totll,d,5,FRED_TOTLL_TOTLL.csv,213,0.667712
d__totll_totll__lag006,totll_totll,d,6,FRED_TOTLL_TOTLL.csv,213,0.667712
d__totll_totll__lag007,totll_totll,d,7,FRED_TOTLL_TOTLL.csv,213,0.667712
d__totll_totll__lag008,totll_totll,d,8,FRED_TOTLL_TOTLL.csv,213,0.667712
d__totll_totll__lag009,totll_totll,d,9,FRED_TOTLL_TOTLL.csv,213,0.667712
d__totll_totll__lag010,totll_totll,d,10,FRED_TOTLL_TOTLL.csv,213,0.667712
d__totll_totll__lag011,totll_totll,d,11,FRED_TOTLL_TOTLL.csv,213,0.667712
d__totll_totll__lag012,totll_totll,d,12,FRED_TOTLL_TOTLL.csv,213,0.667712
d__totll_totll__lag013,totll_totll,d,13,FRED_TOTLL_TOTLL.csv,213,0.667712
d__totll_totll__lag014,totll_totll,d,14,FRED_TOTLL_TOTLL.csv,213,0.667712
d__totll_totll__lag015,totll_totll,d,15,FRED_TOTLL_TOTLL.csv,213,0.667712
d__totll_totll__lag016,totll_totll,d,16,FRED_TOTLL_TOTLL.csv,213,0.667712
d__totll_totll__lag017,totll_totll,d,17,FRED_TOTLL_TOTLL.csv,213,0.667712
d__totll_totll__lag018,totll_totll,d,18,FRED_TOTLL_TOTLL.csv,213,0.667712
d__totll_totll__lag019,totll_totll,d,19,FRED_TOTLL_TOTLL.csv,213,0.667712
d__totll_totll__lag020,totll_totll,d,20,FRED_TOTLL_TOTLL.csv,213,0.667712
d__totll_totll__lag021,totll_totll,d,21,FRED_TOTLL_TOTLL.csv,213,0.667712
d__totll_totll__lag022,totll_totll,d,22,FRED_TOTLL_TOTLL.csv,213,0.667712
d__totll_totll__lag023,totll_totll,d,23,FRED_TOTLL_TOTLL.csv,213,0.667712
d__totll_totll__lag024,totll_totll,d,24,FRED_TOTLL_TOTLL.csv,213,0.667712
d__totll_totll__lag025,totll_totll,d,25,FRED_TOTLL_TOTLL.csv,213,0.667712
d__totll_totll__lag026,totll_totll,d,26,FRED_TOTLL_TOTLL.csv,213,0.667712
d__totll_totll__lag027,totll_totll,d,27,FRED_TOTLL_TOTLL.csv,213,0.667712
d__totll_totll__lag028,totll_totll,d,28,FRED_TOTLL_TOTLL.csv,213,0.667712
d__totll_totll__lag029,totll_totll,d,29,FRED_TOTLL_TOTLL.csv,213,0.667712
d__totll_totll__lag030,totll_totll,d,30,FRED_TOTLL_TOTLL.csv,213,0.667712
d__totll_totll__lag031,totll_totll,d,31,FRED_TOTLL_TOTLL.csv,213,0.667712
d__totll_totll__lag032,totll_totll,d,32,FRED_TOTLL_TOTLL.csv,213,0.667712
d__totll_totll__lag033,totll_totll,d,33,FRED_TOTLL_TOTLL.csv,213,0.667712
d__totll_totll__lag034,totll_totll,d,34,FRED_TOTLL_TOTLL.csv,213,0.667712
d__totll_totll__lag035,totll_totll,d,35,FRED_TOTLL_TOTLL.csv,213,0.667712
d__totll_totll__lag036,totll_totll,d,36,FRED_TOTLL_TOTLL.csv,213,0.667712
d__totll_totll__lag037,totll_totll,d,37,FRED_TOTLL_TOTLL.csv,213,0.667712
d__totll_totll__lag038,totll_totll,d,38,FRED_TOTLL_TOTLL.csv,213,0.667712
d__totll_totll__lag039,totll_totll,d,39,FRED_TOTLL_TOTLL.csv,213,0.667712
d__totll_totll__lag040,totll_totll,d,40,FRED_TOTLL_TOTLL.csv,213,0.667712
d__totll_totll__lag041,totll_totll,d,41,FRED_TOTLL_TOTLL.csv,213,0.667712
d__totll_totll__lag042,totll_totll,d,42,FRED_TOTLL_TOTLL.csv,213,0.667712
d__totll_totll__lag043,totll_totll,d,43,FRED_TOTLL_TOTLL.csv,213,0.667712
d__totll_totll__lag044,totll_totll,d,44,FRED_TOTLL_TOTLL.csv,213,0.667712
d__totll_totll__lag045,totll_totll,d,45,FRED_TOTLL_TOTLL.csv,213,0.667712
d__totll_totll__lag046,totll_totll,d,46,FRED_TOTLL_TOTLL.csv,213,0.667712
d__totll_totll__lag047,totll_totll,d,47,FRED_TOTLL_TOTLL.csv,213,0.667712
d__totll_totll__lag048,totll_totll,d,48,FRED_TOTLL_TOTLL.csv,213,0.667712
d__totll_totll__lag049,totll_totll,d,49,FRED_TOTLL_TOTLL.csv,213,0.667712
d__totll_totll__lag050,totll_totll,d,50,FRED_TOTLL_TOTLL.csv,213,0.667712
d__totll_totll__lag051,totll_totll,d,51,FRED_TOTLL_TOTLL.csv,213,0.667712
d__totll_totll__lag052,totll_totll,d,52,FRED_TOTLL_TOTLL.csv,213,0.667712
d__totll_totll__lag053,totll_totll,d,53,FRED_TOTLL_TOTLL.csv,213,0.667712
d__totll_totll__lag054,totll_totll,d,54,FRED_TOTLL_TOTLL.csv,213,0.667712
d__totll_totll__lag055,totll_totll,d,55,FRED_TOTLL_TOTLL.csv,213,0.667712
d__totll_totll__lag056,totll_totll,d,56,FRED_TOTLL_TOTLL.csv,213,0.667712
d__totll_totll__lag057,totll_totll,d,57,FRED_TOTLL_TOTLL.csv,213,0.667712
d__totll_totll__lag058,totll_totll,d,58,FRED_TOTLL_TOTLL.csv,213,0.667712
d__totll_totll__lag059,totll_totll,d,59,FRED_TOTLL_TOTLL.csv,213,0.667712
d__totll_totll__lag060,totll_totll,d,60,FRED_TOTLL_TOTLL.csv,213,0.667712
d__totll_totll__lag061,totll_totll,d,61,FRED_TOTLL_TOTLL.csv,213,0.667712
d__totll_totll__lag062,totll_totll,d,62,FRED_TOTLL_TOTLL.csv,213,0.667712
d__totll_totll__lag063,totll_totll,d,63,FRED_TOTLL_TOTLL.csv,213,0.667712
d__totll_totll__lag064,totll_totll,d,64,FRED_TOTLL_TOTLL.csv,213,0.667712
d__totll_totll__lag065,totll_totll,d,65,FRED_TOTLL_TOTLL.csv,213,0.667712
d__totll_totll__lag066,totll_totll,d,66,FRED_TOTLL_TOTLL.csv,213,0.667712
d__totll_totll__lag067,totll_totll,d,67,FRED_TOTLL_TOTLL.csv,213,0.667712
d__totll_totll__lag068,totll_totll,d,68,FRED_TOTLL_TOTLL.csv,213,0.667712
d__totll_totll__lag069,totll_totll,d,69,FRED_TOTLL_TOTLL.csv,213,0.667712
d__totll_totll__lag070,totll_totll,d,70,FRED_TOTLL_TOTLL.csv,213,0.667712
d__totll_totll__lag071,totll_totll,d,71,FRED_TOTLL_TOTLL.csv,213,0.667712
d__totll_totll__lag072,totll_totll,d,72,FRED_TOTLL_TOTLL.csv,213,0.667712
d__totll_totll__lag073,totll_totll,d,73,FRED_TOTLL_TOTLL.csv,213,0.667712
d__totll_totll__lag074,totll_totll,d,74,FRED_TOTLL_TOTLL.csv,213,0.667712
d__totll_totll__lag075,totll_totll,d,75,FRED_TOTLL_TOTLL.csv,213,0.667712
d__totll_totll__lag076,totll_totll,d,76,FRED_TOTLL_TOTLL.csv,213,0.667712
d__totll_totll__lag077,totll_totll,d,77,FRED_TOTLL_TOTLL.csv,213,0.667712
d__totll_totll__lag078,totll_totll,d,78,FRED_TOTLL_TOTLL.csv,213,0.667712
d__totll_totll__lag079,totll_totll,d,79,FRED_TOTLL_TOTLL.csv,213,0.667712
d__totll_totll__lag080,totll_totll,d,80,FRED_TOTLL_TOTLL.csv,213,0.667712
d__totll_totll__lag081,totll_totll,d,81,FRED_TOTLL_TOTLL.csv,213,0.667712
d__totll_totll__lag082,totll_totll,d,82,FRED_TOTLL_TOTLL.csv,213,0.667712
d__totll_totll__lag083,totll_totll,d,83,FRED_TOTLL_TOTLL.csv,213,0.667712
d__totll_totll__lag084,totll_totll,d,84,FRED_TOTLL_TOTLL.csv,213,0.667712
d__totll_totll__lag085,totll_totll,d,85,FRED_TOTLL_TOTLL.csv,213,0.667712
d__totll_totll__lag086,totll_totll,d,86,FRED_TOTLL_TOTLL.csv,213,0.667712
d__totll_totll__lag087,totll_totll,d,87,FRED_TOTLL_TOTLL.csv,213,0.667712
d__totll_totll__lag088,totll_totll,d,88,FRED_TOTLL_TOTLL.csv,213,0.667712
d__totll_totll__lag089,totll_totll,d,89,FRED_TOTLL_TOTLL.csv,212,0.664577
d__totll_totll__lag090,totll_totll,d,90,FRED_TOTLL_TOTLL.csv,212,0.664577
m__totresns_res__lag001,totresns_res,m,1,FRED_TOTRESNS_RES.csv,269,0.84326
m__totresns_res__lag002,totresns_res,m,2,FRED_TOTRESNS_RES.csv,269,0.84326
m__totresns_res__lag003,totresns_res,m,3,FRED_TOTRESNS_RES.csv,269,0.84326
m__totresns_res__lag004,totresns_res,m,4,FRED_TOTRESNS_RES.csv,268,0.840125
m__totresns_res__lag005,totresns_res,m,5,FRED_TOTRESNS_RES.csv,268,0.840125
m__totresns_res__lag006,totresns_res,m,6,FRED_TOTRESNS_RES.csv,268,0.840125
m__totresns_res__lag007,totresns_res,m,7,FRED_TOTRESNS_RES.csv,267,0.836991
m__totresns_res__lag008,totresns_res,m,8,FRED_TOTRESNS_RES.csv,267,0.836991
m__totresns_res__lag009,totresns_res,m,9,FRED_TOTRESNS_RES.csv,267,0.836991
m__totresns_res__lag010,totresns_res,m,10,FRED_TOTRESNS_RES.csv,266,0.833856
m__totresns_res__lag011,totresns_res,m,11,FRED_TOTRESNS_RES.csv,266,0.833856
m__totresns_res__lag012,totresns_res,m,12,FRED_TOTRESNS_RES.csv,266,0.833856
d__treas10y_treas10y__lag001,treas10y_treas10y,d,1,FRED_TREAS10Y_TREAS10Y.csv,94,0.294671
d__treas10y_treas10y__lag002,treas10y_treas10y,d,2,FRED_TREAS10Y_TREAS10Y.csv,94,0.294671
d__treas10y_treas10y__lag003,treas10y_treas10y,d,3,FRED_TREAS10Y_TREAS10Y.csv,94,0.294671
d__treas10y_treas10y__lag004,treas10y_treas10y,d,4,FRED_TREAS10Y_TREAS10Y.csv,94,0.294671
d__treas10y_treas10y__lag005,treas10y_treas10y,d,5,FRED_TREAS10Y_TREAS10Y.csv,94,0.294671
d__treas10y_treas10y__lag006,treas10y_treas10y,d,6,FRED_TREAS10Y_TREAS10Y.csv,94,0.294671
d__treas10y_treas10y__lag007,treas10y_treas10y,d,7,FRED_TREAS10Y_TREAS10Y.csv,94,0.294671
d__treas10y_treas10y__lag008,treas10y_treas10y,d,8,FRED_TREAS10Y_TREAS10Y.csv,94,0.294671
d__treas10y_treas10y__lag009,treas10y_treas10y,d,9,FRED_TREAS10Y_TREAS10Y.csv,94,0.294671
d__treas10y_treas10y__lag010,treas10y_treas10y,d,10,FRED_TREAS10Y_TREAS10Y.csv,94,0.294671
d__treas10y_treas10y__lag011,treas10y_treas10y,d,11,FRED_TREAS10Y_TREAS10Y.csv,94,0.294671
d__treas10y_treas10y__lag012,treas10y_treas10y,d,12,FRED_TREAS10Y_TREAS10Y.csv,94,0.294671
d__treas10y_treas10y__lag013,treas10y_treas10y,d,13,FRED_TREAS10Y_TREAS10Y.csv,94,0.294671
d__treas10y_treas10y__lag014,treas10y_treas10y,d,14,FRED_TREAS10Y_TREAS10Y.csv,94,0.294671
d__treas10y_treas10y__lag015,treas10y_treas10y,d,15,FRED_TREAS10Y_TREAS10Y.csv,93,0.291536
d__treas10y_treas10y__lag016,treas10y_treas10y,d,16,FRED_TREAS10Y_TREAS10Y.csv,93,0.291536
d__treas10y_treas10y__lag017,treas10y_treas10y,d,17,FRED_TREAS10Y_TREAS10Y.csv,93,0.291536
d__treas10y_treas10y__lag018,treas10y_treas10y,d,18,FRED_TREAS10Y_TREAS10Y.csv,93,0.291536
d__treas10y_treas10y__lag019,treas10y_treas10y,d,19,FRED_TREAS10Y_TREAS10Y.csv,93,0.291536
d__treas10y_treas10y__lag020,treas10y_treas10y,d,20,FRED_TREAS10Y_TREAS10Y.csv,93,0.291536
d__treas10y_treas10y__lag021,treas10y_treas10y,d,21,FRED_TREAS10Y_TREAS10Y.csv,93,0.291536
d__treas10y_treas10y__lag022,treas10y_treas10y,d,22,FRED_TREAS10Y_TREAS10Y.csv,93,0.291536
d__treas10y_treas10y__lag023,treas10y_treas10y,d,23,FRED_TREAS10Y_TREAS10Y.csv,93,0.291536
d__treas10y_treas10y__lag024,treas10y_treas10y,d,24,FRED_TREAS10Y_TREAS10Y.csv,93,0.291536
d__treas10y_treas10y__lag025,treas10y_treas10y,d,25,FRED_TREAS10Y_TREAS10Y.csv,93,0.291536
d__treas10y_treas10y__lag026,treas10y_treas10y,d,26,FRED_TREAS10Y_TREAS10Y.csv,93,0.291536
d__treas10y_treas10y__lag027,treas10y_treas10y,d,27,FRED_TREAS10Y_TREAS10Y.csv,93,0.291536
d__treas10y_treas10y__lag028,treas10y_treas10y,d,28,FRED_TREAS10Y_TREAS10Y.csv,93,0.291536
d__treas10y_treas10y__lag029,treas10y_treas10y,d,29,FRED_TREAS10Y_TREAS10Y.csv,93,0.291536
d__treas10y_treas10y__lag030,treas10y_treas10y,d,30,FRED_TREAS10Y_TREAS10Y.csv,93,0.291536
d__treas10y_treas10y__lag031,treas10y_treas10y,d,31,FRED_TREAS10Y_TREAS10Y.csv,93,0.291536
d__treas10y_treas10y__lag032,treas10y_treas10y,d,32,FRED_TREAS10Y_TREAS10Y.csv,93,0.291536
d__treas10y_treas10y__lag033,treas10y_treas10y,d,33,FRED_TREAS10Y_TREAS10Y.csv,93,0.291536
d__treas10y_treas10y__lag034,treas10y_treas10y,d,34,FRED_TREAS10Y_TREAS10Y.csv,93,0.291536
d__treas10y_treas10y__lag035,treas10y_treas10y,d,35,FRED_TREAS10Y_TREAS10Y.csv,93,0.291536
d__treas10y_treas10y__lag036,treas10y_treas10y,d,36,FRED_TREAS10Y_TREAS10Y.csv,93,0.291536
d__treas10y_treas10y__lag037,treas10y_treas10y,d,37,FRED_TREAS10Y_TREAS10Y.csv,93,0.291536
d__treas10y_treas10y__lag038,treas10y_treas10y,d,38,FRED_TREAS10Y_TREAS10Y.csv,93,0.291536
d__treas10y_treas10y__lag039,treas10y_treas10y,d,39,FRED_TREAS10Y_TREAS10Y.csv,93,0.291536
d__treas10y_treas10y__lag040,treas10y_treas10y,d,40,FRED_TREAS10Y_TREAS10Y.csv,93,0.291536
d__treas10y_treas10y__lag041,treas10y_treas10y,d,41,FRED_TREAS10Y_TREAS10Y.csv,93,0.291536
d__treas10y_treas10y__lag042,treas10y_treas10y,d,42,FRED_TREAS10Y_TREAS10Y.csv,93,0.291536
d__treas10y_treas10y__lag043,treas10y_treas10y,d,43,FRED_TREAS10Y_TREAS10Y.csv,93,0.291536
d__treas10y_treas10y__lag044,treas10y_treas10y,d,44,FRED_TREAS10Y_TREAS10Y.csv,93,0.291536
d__treas10y_treas10y__lag045,treas10y_treas10y,d,45,FRED_TREAS10Y_TREAS10Y.csv,93,0.291536
d__treas10y_treas10y__lag046,treas10y_treas10y,d,46,FRED_TREAS10Y_TREAS10Y.csv,93,0.291536
d__treas10y_treas10y__lag047,treas10y_treas10y,d,47,FRED_TREAS10Y_TREAS10Y.csv,93,0.291536
d__treas10y_treas10y__lag048,treas10y_treas10y,d,48,FRED_TREAS10Y_TREAS10Y.csv,93,0.291536
d__treas10y_treas10y__lag049,treas10y_treas10y,d,49,FRED_TREAS10Y_TREAS10Y.csv,93,0.291536
d__treas10y_treas10y__lag050,treas10y_treas10y,d,50,FRED_TREAS10Y_TREAS10Y.csv,93,0.291536
d__treas10y_treas10y__lag051,treas10y_treas10y,d,51,FRED_TREAS10Y_TREAS10Y.csv,93,0.291536
d__treas10y_treas10y__lag052,treas10y_treas10y,d,52,FRED_TREAS10Y_TREAS10Y.csv,93,0.291536
d__treas10y_treas10y__lag053,treas10y_treas10y,d,53,FRED_TREAS10Y_TREAS10Y.csv,93,0.291536
d__treas10y_treas10y__lag054,treas10y_treas10y,d,54,FRED_TREAS10Y_TREAS10Y.csv,93,0.291536
d__treas10y_treas10y__lag055,treas10y_treas10y,d,55,FRED_TREAS10Y_TREAS10Y.csv,93,0.291536
d__treas10y_treas10y__lag056,treas10y_treas10y,d,56,FRED_TREAS10Y_TREAS10Y.csv,93,0.291536
d__treas10y_treas10y__lag057,treas10y_treas10y,d,57,FRED_TREAS10Y_TREAS10Y.csv,93,0.291536
d__treas10y_treas10y__lag058,treas10y_treas10y,d,58,FRED_TREAS10Y_TREAS10Y.csv,93,0.291536
d__treas10y_treas10y__lag059,treas10y_treas10y,d,59,FRED_TREAS10Y_TREAS10Y.csv,93,0.291536
d__treas10y_treas10y__lag060,treas10y_treas10y,d,60,FRED_TREAS10Y_TREAS10Y.csv,93,0.291536
d__treas10y_treas10y__lag061,treas10y_treas10y,d,61,FRED_TREAS10Y_TREAS10Y.csv,93,0.291536
d__treas10y_treas10y__lag062,treas10y_treas10y,d,62,FRED_TREAS10Y_TREAS10Y.csv,93,0.291536
d__treas10y_treas10y__lag063,treas10y_treas10y,d,63,FRED_TREAS10Y_TREAS10Y.csv,93,0.291536
d__treas10y_treas10y__lag064,treas10y_treas10y,d,64,FRED_TREAS10Y_TREAS10Y.csv,93,0.291536
d__treas10y_treas10y__lag065,treas10y_treas10y,d,65,FRED_TREAS10Y_TREAS10Y.csv,93,0.291536
d__treas10y_treas10y__lag066,treas10y_treas10y,d,66,FRED_TREAS10Y_TREAS10Y.csv,93,0.291536
d__treas10y_treas10y__lag067,treas10y_treas10y,d,67,FRED_TREAS10Y_TREAS10Y.csv,93,0.291536
d__treas10y_treas10y__lag068,treas10y_treas10y,d,68,FRED_TREAS10Y_TREAS10Y.csv,93,0.291536
d__treas10y_treas10y__lag069,treas10y_treas10y,d,69,FRED_TREAS10Y_TREAS10Y.csv,93,0.291536
d__treas10y_treas10y__lag070,treas10y_treas10y,d,70,FRED_TREAS10Y_TREAS10Y.csv,93,0.291536
d__treas10y_treas10y__lag071,treas10y_treas10y,d,71,FRED_TREAS10Y_TREAS10Y.csv,93,0.291536
d__treas10y_treas10y__lag072,treas10y_treas10y,d,72,FRED_TREAS10Y_TREAS10Y.csv,93,0.291536
d__treas10y_treas10y__lag073,treas10y_treas10y,d,73,FRED_TREAS10Y_TREAS10Y.csv,93,0.291536
d__treas10y_treas10y__lag074,treas10y_treas10y,d,74,FRED_TREAS10Y_TREAS10Y.csv,93,0.291536
d__treas10y_treas10y__lag075,treas10y_treas10y,d,75,FRED_TREAS10Y_TREAS10Y.csv,93,0.291536
d__treas10y_treas10y__lag076,treas10y_treas10y,d,76,FRED_TREAS10Y_TREAS10Y.csv,93,0.291536
d__treas10y_treas10y__lag077,treas10y_treas10y,d,77,FRED_TREAS10Y_TREAS10Y.csv,93,0.291536
d__treas10y_treas10y__lag078,treas10y_treas10y,d,78,FRED_TREAS10Y_TREAS10Y.csv,93,0.291536
d__treas10y_treas10y__lag079,treas10y_treas10y,d,79,FRED_TREAS10Y_TREAS10Y.csv,93,0.291536
d__treas10y_treas10y__lag080,treas10y_treas10y,d,80,FRED_TREAS10Y_TREAS10Y.csv,93,0.291536
d__treas10y_treas10y__lag081,treas10y_treas10y,d,81,FRED_TREAS10Y_TREAS10Y.csv,93,0.291536
d__treas10y_treas10y__lag082,treas10y_treas10y,d,82,FRED_TREAS10Y_TREAS10Y.csv,93,0.291536
d__treas10y_treas10y__lag083,treas10y_treas10y,d,83,FRED_TREAS10Y_TREAS10Y.csv,93,0.291536
d__treas10y_treas10y__lag084,treas10y_treas10y,d,84,FRED_TREAS10Y_TREAS10Y.csv,93,0.291536
d__treas10y_treas10y__lag085,treas10y_treas10y,d,85,FRED_TREAS10Y_TREAS10Y.csv,93,0.291536
d__treas10y_treas10y__lag086,treas10y_treas10y,d,86,FRED_TREAS10Y_TREAS10Y.csv,93,0.291536
d__treas10y_treas10y__lag087,treas10y_treas10y,d,87,FRED_TREAS10Y_TREAS10Y.csv,93,0.291536
d__treas10y_treas10y__lag088,treas10y_treas10y,d,88,FRED_TREAS10Y_TREAS10Y.csv,93,0.291536
d__treas10y_treas10y__lag089,treas10y_treas10y,d,89,FRED_TREAS10Y_TREAS10Y.csv,93,0.291536
d__treas10y_treas10y__lag090,treas10y_treas10y,d,90,FRED_TREAS10Y_TREAS10Y.csv,93,0.291536
d__treas1590_treas1590__lag001,treas1590_treas1590,d,1,FRED_TREAS1590_TREAS1590.csv,94,0.294671
d__treas1590_treas1590__lag002,treas1590_treas1590,d,2,FRED_TREAS1590_TREAS1590.csv,94,0.294671
d__treas1590_treas1590__lag003,treas1590_treas1590,d,3,FRED_TREAS1590_TREAS1590.csv,94,0.294671
d__treas1590_treas1590__lag004,treas1590_treas1590,d,4,FRED_TREAS1590_TREAS1590.csv,94,0.294671
d__treas1590_treas1590__lag005,treas1590_treas1590,d,5,FRED_TREAS1590_TREAS1590.csv,94,0.294671
d__treas1590_treas1590__lag006,treas1590_treas1590,d,6,FRED_TREAS1590_TREAS1590.csv,94,0.294671
d__treas1590_treas1590__lag007,treas1590_treas1590,d,7,FRED_TREAS1590_TREAS1590.csv,94,0.294671
d__treas1590_treas1590__lag008,treas1590_treas1590,d,8,FRED_TREAS1590_TREAS1590.csv,94,0.294671
d__treas1590_treas1590__lag009,treas1590_treas1590,d,9,FRED_TREAS1590_TREAS1590.csv,94,0.294671
d__treas1590_treas1590__lag010,treas1590_treas1590,d,10,FRED_TREAS1590_TREAS1590.csv,94,0.294671
d__treas1590_treas1590__lag011,treas1590_treas1590,d,11,FRED_TREAS1590_TREAS1590.csv,94,0.294671
d__treas1590_treas1590__lag012,treas1590_treas1590,d,12,FRED_TREAS1590_TREAS1590.csv,94,0.294671
d__treas1590_treas1590__lag013,treas1590_treas1590,d,13,FRED_TREAS1590_TREAS1590.csv,94,0.294671
d__treas1590_treas1590__lag014,treas1590_treas1590,d,14,FRED_TREAS1590_TREAS1590.csv,94,0.294671
d__treas1590_treas1590__lag015,treas1590_treas1590,d,15,FRED_TREAS1590_TREAS1590.csv,93,0.291536
d__treas1590_treas1590__lag016,treas1590_treas1590,d,16,FRED_TREAS1590_TREAS1590.csv,93,0.291536
d__treas1590_treas1590__lag017,treas1590_treas1590,d,17,FRED_TREAS1590_TREAS1590.csv,93,0.291536
d__treas1590_treas1590__lag018,treas1590_treas1590,d,18,FRED_TREAS1590_TREAS1590.csv,93,0.291536
d__treas1590_treas1590__lag019,treas1590_treas1590,d,19,FRED_TREAS1590_TREAS1590.csv,93,0.291536
d__treas1590_treas1590__lag020,treas1590_treas1590,d,20,FRED_TREAS1590_TREAS1590.csv,93,0.291536
d__treas1590_treas1590__lag021,treas1590_treas1590,d,21,FRED_TREAS1590_TREAS1590.csv,93,0.291536
d__treas1590_treas1590__lag022,treas1590_treas1590,d,22,FRED_TREAS1590_TREAS1590.csv,93,0.291536
d__treas1590_treas1590__lag023,treas1590_treas1590,d,23,FRED_TREAS1590_TREAS1590.csv,93,0.291536
d__treas1590_treas1590__lag024,treas1590_treas1590,d,24,FRED_TREAS1590_TREAS1590.csv,93,0.291536
d__treas1590_treas1590__lag025,treas1590_treas1590,d,25,FRED_TREAS1590_TREAS1590.csv,93,0.291536
d__treas1590_treas1590__lag026,treas1590_treas1590,d,26,FRED_TREAS1590_TREAS1590.csv,93,0.291536
d__treas1590_treas1590__lag027,treas1590_treas1590,d,27,FRED_TREAS1590_TREAS1590.csv,93,0.291536
d__treas1590_treas1590__lag028,treas1590_treas1590,d,28,FRED_TREAS1590_TREAS1590.csv,93,0.291536
d__treas1590_treas1590__lag029,treas1590_treas1590,d,29,FRED_TREAS1590_TREAS1590.csv,93,0.291536
d__treas1590_treas1590__lag030,treas1590_treas1590,d,30,FRED_TREAS1590_TREAS1590.csv,93,0.291536
d__treas1590_treas1590__lag031,treas1590_treas1590,d,31,FRED_TREAS1590_TREAS1590.csv,93,0.291536
d__treas1590_treas1590__lag032,treas1590_treas1590,d,32,FRED_TREAS1590_TREAS1590.csv,93,0.291536
d__treas1590_treas1590__lag033,treas1590_treas1590,d,33,FRED_TREAS1590_TREAS1590.csv,93,0.291536
d__treas1590_treas1590__lag034,treas1590_treas1590,d,34,FRED_TREAS1590_TREAS1590.csv,93,0.291536
d__treas1590_treas1590__lag035,treas1590_treas1590,d,35,FRED_TREAS1590_TREAS1590.csv,93,0.291536
d__treas1590_treas1590__lag036,treas1590_treas1590,d,36,FRED_TREAS1590_TREAS1590.csv,93,0.291536
d__treas1590_treas1590__lag037,treas1590_treas1590,d,37,FRED_TREAS1590_TREAS1590.csv,93,0.291536
d__treas1590_treas1590__lag038,treas1590_treas1590,d,38,FRED_TREAS1590_TREAS1590.csv,93,0.291536
d__treas1590_treas1590__lag039,treas1590_treas1590,d,39,FRED_TREAS1590_TREAS1590.csv,93,0.291536
d__treas1590_treas1590__lag040,treas1590_treas1590,d,40,FRED_TREAS1590_TREAS1590.csv,93,0.291536
d__treas1590_treas1590__lag041,treas1590_treas1590,d,41,FRED_TREAS1590_TREAS1590.csv,93,0.291536
d__treas1590_treas1590__lag042,treas1590_treas1590,d,42,FRED_TREAS1590_TREAS1590.csv,93,0.291536
d__treas1590_treas1590__lag043,treas1590_treas1590,d,43,FRED_TREAS1590_TREAS1590.csv,93,0.291536
d__treas1590_treas1590__lag044,treas1590_treas1590,d,44,FRED_TREAS1590_TREAS1590.csv,93,0.291536
d__treas1590_treas1590__lag045,treas1590_treas1590,d,45,FRED_TREAS1590_TREAS1590.csv,93,0.291536
d__treas1590_treas1590__lag046,treas1590_treas1590,d,46,FRED_TREAS1590_TREAS1590.csv,93,0.291536
d__treas1590_treas1590__lag047,treas1590_treas1590,d,47,FRED_TREAS1590_TREAS1590.csv,93,0.291536
d__treas1590_treas1590__lag048,treas1590_treas1590,d,48,FRED_TREAS1590_TREAS1590.csv,93,0.291536
d__treas1590_treas1590__lag049,treas1590_treas1590,d,49,FRED_TREAS1590_TREAS1590.csv,93,0.291536
d__treas1590_treas1590__lag050,treas1590_treas1590,d,50,FRED_TREAS1590_TREAS1590.csv,93,0.291536
d__treas1590_treas1590__lag051,treas1590_treas1590,d,51,FRED_TREAS1590_TREAS1590.csv,93,0.291536
d__treas1590_treas1590__lag052,treas1590_treas1590,d,52,FRED_TREAS1590_TREAS1590.csv,93,0.291536
d__treas1590_treas1590__lag053,treas1590_treas1590,d,53,FRED_TREAS1590_TREAS1590.csv,93,0.291536
d__treas1590_treas1590__lag054,treas1590_treas1590,d,54,FRED_TREAS1590_TREAS1590.csv,93,0.291536
d__treas1590_treas1590__lag055,treas1590_treas1590,d,55,FRED_TREAS1590_TREAS1590.csv,93,0.291536
d__treas1590_treas1590__lag056,treas1590_treas1590,d,56,FRED_TREAS1590_TREAS1590.csv,93,0.291536
d__treas1590_treas1590__lag057,treas1590_treas1590,d,57,FRED_TREAS1590_TREAS1590.csv,93,0.291536
d__treas1590_treas1590__lag058,treas1590_treas1590,d,58,FRED_TREAS1590_TREAS1590.csv,93,0.291536
d__treas1590_treas1590__lag059,treas1590_treas1590,d,59,FRED_TREAS1590_TREAS1590.csv,93,0.291536
d__treas1590_treas1590__lag060,treas1590_treas1590,d,60,FRED_TREAS1590_TREAS1590.csv,93,0.291536
d__treas1590_treas1590__lag061,treas1590_treas1590,d,61,FRED_TREAS1590_TREAS1590.csv,93,0.291536
d__treas1590_treas1590__lag062,treas1590_treas1590,d,62,FRED_TREAS1590_TREAS1590.csv,93,0.291536
d__treas1590_treas1590__lag063,treas1590_treas1590,d,63,FRED_TREAS1590_TREAS1590.csv,93,0.291536
d__treas1590_treas1590__lag064,treas1590_treas1590,d,64,FRED_TREAS1590_TREAS1590.csv,93,0.291536
d__treas1590_treas1590__lag065,treas1590_treas1590,d,65,FRED_TREAS1590_TREAS1590.csv,93,0.291536
d__treas1590_treas1590__lag066,treas1590_treas1590,d,66,FRED_TREAS1590_TREAS1590.csv,93,0.291536
d__treas1590_treas1590__lag067,treas1590_treas1590,d,67,FRED_TREAS1590_TREAS1590.csv,93,0.291536
d__treas1590_treas1590__lag068,treas1590_treas1590,d,68,FRED_TREAS1590_TREAS1590.csv,93,0.291536
d__treas1590_treas1590__lag069,treas1590_treas1590,d,69,FRED_TREAS1590_TREAS1590.csv,93,0.291536
d__treas1590_treas1590__lag070,treas1590_treas1590,d,70,FRED_TREAS1590_TREAS1590.csv,93,0.291536
d__treas1590_treas1590__lag071,treas1590_treas1590,d,71,FRED_TREAS1590_TREAS1590.csv,93,0.291536
d__treas1590_treas1590__lag072,treas1590_treas1590,d,72,FRED_TREAS1590_TREAS1590.csv,93,0.291536
d__treas1590_treas1590__lag073,treas1590_treas1590,d,73,FRED_TREAS1590_TREAS1590.csv,93,0.291536
d__treas1590_treas1590__lag074,treas1590_treas1590,d,74,FRED_TREAS1590_TREAS1590.csv,93,0.291536
d__treas1590_treas1590__lag075,treas1590_treas1590,d,75,FRED_TREAS1590_TREAS1590.csv,93,0.291536
d__treas1590_treas1590__lag076,treas1590_treas1590,d,76,FRED_TREAS1590_TREAS1590.csv,93,0.291536
d__treas1590_treas1590__lag077,treas1590_treas1590,d,77,FRED_TREAS1590_TREAS1590.csv,93,0.291536
d__treas1590_treas1590__lag078,treas1590_treas1590,d,78,FRED_TREAS1590_TREAS1590.csv,93,0.291536
d__treas1590_treas1590__lag079,treas1590_treas1590,d,79,FRED_TREAS1590_TREAS1590.csv,93,0.291536
d__treas1590_treas1590__lag080,treas1590_treas1590,d,80,FRED_TREAS1590_TREAS1590.csv,93,0.291536
d__treas1590_treas1590__lag081,treas1590_treas1590,d,81,FRED_TREAS1590_TREAS1590.csv,93,0.291536
d__treas1590_treas1590__lag082,treas1590_treas1590,d,82,FRED_TREAS1590_TREAS1590.csv,93,0.291536
d__treas1590_treas1590__lag083,treas1590_treas1590,d,83,FRED_TREAS1590_TREAS1590.csv,93,0.291536
d__treas1590_treas1590__lag084,treas1590_treas1590,d,84,FRED_TREAS1590_TREAS1590.csv,93,0.291536
d__treas1590_treas1590__lag085,treas1590_treas1590,d,85,FRED_TREAS1590_TREAS1590.csv,93,0.291536
d__treas1590_treas1590__lag086,treas1590_treas1590,d,86,FRED_TREAS1590_TREAS1590.csv,93,0.291536
d__treas1590_treas1590__lag087,treas1590_treas1590,d,87,FRED_TREAS1590_TREAS1590.csv,93,0.291536
d__treas1590_treas1590__lag088,treas1590_treas1590,d,88,FRED_TREAS1590_TREAS1590.csv,93,0.291536
d__treas1590_treas1590__lag089,treas1590_treas1590,d,89,FRED_TREAS1590_TREAS1590.csv,93,0.291536
d__treas1590_treas1590__lag090,treas1590_treas1590,d,90,FRED_TREAS1590_TREAS1590.csv,93,0.291536
d__treas15_treas15__lag001,treas15_treas15,d,1,FRED_TREAS15_TREAS15.csv,94,0.294671
d__treas15_treas15__lag002,treas15_treas15,d,2,FRED_TREAS15_TREAS15.csv,94,0.294671
d__treas15_treas15__lag003,treas15_treas15,d,3,FRED_TREAS15_TREAS15.csv,94,0.294671
d__treas15_treas15__lag004,treas15_treas15,d,4,FRED_TREAS15_TREAS15.csv,94,0.294671
d__treas15_treas15__lag005,treas15_treas15,d,5,FRED_TREAS15_TREAS15.csv,94,0.294671
d__treas15_treas15__lag006,treas15_treas15,d,6,FRED_TREAS15_TREAS15.csv,94,0.294671
d__treas15_treas15__lag007,treas15_treas15,d,7,FRED_TREAS15_TREAS15.csv,94,0.294671
d__treas15_treas15__lag008,treas15_treas15,d,8,FRED_TREAS15_TREAS15.csv,94,0.294671
d__treas15_treas15__lag009,treas15_treas15,d,9,FRED_TREAS15_TREAS15.csv,94,0.294671
d__treas15_treas15__lag010,treas15_treas15,d,10,FRED_TREAS15_TREAS15.csv,94,0.294671
d__treas15_treas15__lag011,treas15_treas15,d,11,FRED_TREAS15_TREAS15.csv,94,0.294671
d__treas15_treas15__lag012,treas15_treas15,d,12,FRED_TREAS15_TREAS15.csv,94,0.294671
d__treas15_treas15__lag013,treas15_treas15,d,13,FRED_TREAS15_TREAS15.csv,94,0.294671
d__treas15_treas15__lag014,treas15_treas15,d,14,FRED_TREAS15_TREAS15.csv,94,0.294671
d__treas15_treas15__lag015,treas15_treas15,d,15,FRED_TREAS15_TREAS15.csv,93,0.291536
d__treas15_treas15__lag016,treas15_treas15,d,16,FRED_TREAS15_TREAS15.csv,93,0.291536
d__treas15_treas15__lag017,treas15_treas15,d,17,FRED_TREAS15_TREAS15.csv,93,0.291536
d__treas15_treas15__lag018,treas15_treas15,d,18,FRED_TREAS15_TREAS15.csv,93,0.291536
d__treas15_treas15__lag019,treas15_treas15,d,19,FRED_TREAS15_TREAS15.csv,93,0.291536
d__treas15_treas15__lag020,treas15_treas15,d,20,FRED_TREAS15_TREAS15.csv,93,0.291536
d__treas15_treas15__lag021,treas15_treas15,d,21,FRED_TREAS15_TREAS15.csv,93,0.291536
d__treas15_treas15__lag022,treas15_treas15,d,22,FRED_TREAS15_TREAS15.csv,93,0.291536
d__treas15_treas15__lag023,treas15_treas15,d,23,FRED_TREAS15_TREAS15.csv,93,0.291536
d__treas15_treas15__lag024,treas15_treas15,d,24,FRED_TREAS15_TREAS15.csv,93,0.291536
d__treas15_treas15__lag025,treas15_treas15,d,25,FRED_TREAS15_TREAS15.csv,93,0.291536
d__treas15_treas15__lag026,treas15_treas15,d,26,FRED_TREAS15_TREAS15.csv,93,0.291536
d__treas15_treas15__lag027,treas15_treas15,d,27,FRED_TREAS15_TREAS15.csv,93,0.291536
d__treas15_treas15__lag028,treas15_treas15,d,28,FRED_TREAS15_TREAS15.csv,93,0.291536
d__treas15_treas15__lag029,treas15_treas15,d,29,FRED_TREAS15_TREAS15.csv,93,0.291536
d__treas15_treas15__lag030,treas15_treas15,d,30,FRED_TREAS15_TREAS15.csv,93,0.291536
d__treas15_treas15__lag031,treas15_treas15,d,31,FRED_TREAS15_TREAS15.csv,93,0.291536
d__treas15_treas15__lag032,treas15_treas15,d,32,FRED_TREAS15_TREAS15.csv,93,0.291536
d__treas15_treas15__lag033,treas15_treas15,d,33,FRED_TREAS15_TREAS15.csv,93,0.291536
d__treas15_treas15__lag034,treas15_treas15,d,34,FRED_TREAS15_TREAS15.csv,93,0.291536
d__treas15_treas15__lag035,treas15_treas15,d,35,FRED_TREAS15_TREAS15.csv,93,0.291536
d__treas15_treas15__lag036,treas15_treas15,d,36,FRED_TREAS15_TREAS15.csv,93,0.291536
d__treas15_treas15__lag037,treas15_treas15,d,37,FRED_TREAS15_TREAS15.csv,93,0.291536
d__treas15_treas15__lag038,treas15_treas15,d,38,FRED_TREAS15_TREAS15.csv,93,0.291536
d__treas15_treas15__lag039,treas15_treas15,d,39,FRED_TREAS15_TREAS15.csv,93,0.291536
d__treas15_treas15__lag040,treas15_treas15,d,40,FRED_TREAS15_TREAS15.csv,93,0.291536
d__treas15_treas15__lag041,treas15_treas15,d,41,FRED_TREAS15_TREAS15.csv,93,0.291536
d__treas15_treas15__lag042,treas15_treas15,d,42,FRED_TREAS15_TREAS15.csv,93,0.291536
d__treas15_treas15__lag043,treas15_treas15,d,43,FRED_TREAS15_TREAS15.csv,93,0.291536
d__treas15_treas15__lag044,treas15_treas15,d,44,FRED_TREAS15_TREAS15.csv,93,0.291536
d__treas15_treas15__lag045,treas15_treas15,d,45,FRED_TREAS15_TREAS15.csv,93,0.291536
d__treas15_treas15__lag046,treas15_treas15,d,46,FRED_TREAS15_TREAS15.csv,93,0.291536
d__treas15_treas15__lag047,treas15_treas15,d,47,FRED_TREAS15_TREAS15.csv,93,0.291536
d__treas15_treas15__lag048,treas15_treas15,d,48,FRED_TREAS15_TREAS15.csv,93,0.291536
d__treas15_treas15__lag049,treas15_treas15,d,49,FRED_TREAS15_TREAS15.csv,93,0.291536
d__treas15_treas15__lag050,treas15_treas15,d,50,FRED_TREAS15_TREAS15.csv,93,0.291536
d__treas15_treas15__lag051,treas15_treas15,d,51,FRED_TREAS15_TREAS15.csv,93,0.291536
d__treas15_treas15__lag052,treas15_treas15,d,52,FRED_TREAS15_TREAS15.csv,93,0.291536
d__treas15_treas15__lag053,treas15_treas15,d,53,FRED_TREAS15_TREAS15.csv,93,0.291536
d__treas15_treas15__lag054,treas15_treas15,d,54,FRED_TREAS15_TREAS15.csv,93,0.291536
d__treas15_treas15__lag055,treas15_treas15,d,55,FRED_TREAS15_TREAS15.csv,93,0.291536
d__treas15_treas15__lag056,treas15_treas15,d,56,FRED_TREAS15_TREAS15.csv,93,0.291536
d__treas15_treas15__lag057,treas15_treas15,d,57,FRED_TREAS15_TREAS15.csv,93,0.291536
d__treas15_treas15__lag058,treas15_treas15,d,58,FRED_TREAS15_TREAS15.csv,93,0.291536
d__treas15_treas15__lag059,treas15_treas15,d,59,FRED_TREAS15_TREAS15.csv,93,0.291536
d__treas15_treas15__lag060,treas15_treas15,d,60,FRED_TREAS15_TREAS15.csv,93,0.291536
d__treas15_treas15__lag061,treas15_treas15,d,61,FRED_TREAS15_TREAS15.csv,93,0.291536
d__treas15_treas15__lag062,treas15_treas15,d,62,FRED_TREAS15_TREAS15.csv,93,0.291536
d__treas15_treas15__lag063,treas15_treas15,d,63,FRED_TREAS15_TREAS15.csv,93,0.291536
d__treas15_treas15__lag064,treas15_treas15,d,64,FRED_TREAS15_TREAS15.csv,93,0.291536
d__treas15_treas15__lag065,treas15_treas15,d,65,FRED_TREAS15_TREAS15.csv,93,0.291536
d__treas15_treas15__lag066,treas15_treas15,d,66,FRED_TREAS15_TREAS15.csv,93,0.291536
d__treas15_treas15__lag067,treas15_treas15,d,67,FRED_TREAS15_TREAS15.csv,93,0.291536
d__treas15_treas15__lag068,treas15_treas15,d,68,FRED_TREAS15_TREAS15.csv,93,0.291536
d__treas15_treas15__lag069,treas15_treas15,d,69,FRED_TREAS15_TREAS15.csv,93,0.291536
d__treas15_treas15__lag070,treas15_treas15,d,70,FRED_TREAS15_TREAS15.csv,93,0.291536
d__treas15_treas15__lag071,treas15_treas15,d,71,FRED_TREAS15_TREAS15.csv,93,0.291536
d__treas15_treas15__lag072,treas15_treas15,d,72,FRED_TREAS15_TREAS15.csv,93,0.291536
d__treas15_treas15__lag073,treas15_treas15,d,73,FRED_TREAS15_TREAS15.csv,93,0.291536
d__treas15_treas15__lag074,treas15_treas15,d,74,FRED_TREAS15_TREAS15.csv,93,0.291536
d__treas15_treas15__lag075,treas15_treas15,d,75,FRED_TREAS15_TREAS15.csv,93,0.291536
d__treas15_treas15__lag076,treas15_treas15,d,76,FRED_TREAS15_TREAS15.csv,93,0.291536
d__treas15_treas15__lag077,treas15_treas15,d,77,FRED_TREAS15_TREAS15.csv,93,0.291536
d__treas15_treas15__lag078,treas15_treas15,d,78,FRED_TREAS15_TREAS15.csv,93,0.291536
d__treas15_treas15__lag079,treas15_treas15,d,79,FRED_TREAS15_TREAS15.csv,93,0.291536
d__treas15_treas15__lag080,treas15_treas15,d,80,FRED_TREAS15_TREAS15.csv,93,0.291536
d__treas15_treas15__lag081,treas15_treas15,d,81,FRED_TREAS15_TREAS15.csv,93,0.291536
d__treas15_treas15__lag082,treas15_treas15,d,82,FRED_TREAS15_TREAS15.csv,93,0.291536
d__treas15_treas15__lag083,treas15_treas15,d,83,FRED_TREAS15_TREAS15.csv,93,0.291536
d__treas15_treas15__lag084,treas15_treas15,d,84,FRED_TREAS15_TREAS15.csv,93,0.291536
d__treas15_treas15__lag085,treas15_treas15,d,85,FRED_TREAS15_TREAS15.csv,93,0.291536
d__treas15_treas15__lag086,treas15_treas15,d,86,FRED_TREAS15_TREAS15.csv,93,0.291536
d__treas15_treas15__lag087,treas15_treas15,d,87,FRED_TREAS15_TREAS15.csv,93,0.291536
d__treas15_treas15__lag088,treas15_treas15,d,88,FRED_TREAS15_TREAS15.csv,93,0.291536
d__treas15_treas15__lag089,treas15_treas15,d,89,FRED_TREAS15_TREAS15.csv,93,0.291536
d__treas15_treas15__lag090,treas15_treas15,d,90,FRED_TREAS15_TREAS15.csv,93,0.291536
d__treas1t5_treas1t5__lag001,treas1t5_treas1t5,d,1,FRED_TREAS1T5_TREAS1T5.csv,94,0.294671
d__treas1t5_treas1t5__lag002,treas1t5_treas1t5,d,2,FRED_TREAS1T5_TREAS1T5.csv,94,0.294671
d__treas1t5_treas1t5__lag003,treas1t5_treas1t5,d,3,FRED_TREAS1T5_TREAS1T5.csv,94,0.294671
d__treas1t5_treas1t5__lag004,treas1t5_treas1t5,d,4,FRED_TREAS1T5_TREAS1T5.csv,94,0.294671
d__treas1t5_treas1t5__lag005,treas1t5_treas1t5,d,5,FRED_TREAS1T5_TREAS1T5.csv,94,0.294671
d__treas1t5_treas1t5__lag006,treas1t5_treas1t5,d,6,FRED_TREAS1T5_TREAS1T5.csv,94,0.294671
d__treas1t5_treas1t5__lag007,treas1t5_treas1t5,d,7,FRED_TREAS1T5_TREAS1T5.csv,94,0.294671
d__treas1t5_treas1t5__lag008,treas1t5_treas1t5,d,8,FRED_TREAS1T5_TREAS1T5.csv,94,0.294671
d__treas1t5_treas1t5__lag009,treas1t5_treas1t5,d,9,FRED_TREAS1T5_TREAS1T5.csv,94,0.294671
d__treas1t5_treas1t5__lag010,treas1t5_treas1t5,d,10,FRED_TREAS1T5_TREAS1T5.csv,94,0.294671
d__treas1t5_treas1t5__lag011,treas1t5_treas1t5,d,11,FRED_TREAS1T5_TREAS1T5.csv,94,0.294671
d__treas1t5_treas1t5__lag012,treas1t5_treas1t5,d,12,FRED_TREAS1T5_TREAS1T5.csv,94,0.294671
d__treas1t5_treas1t5__lag013,treas1t5_treas1t5,d,13,FRED_TREAS1T5_TREAS1T5.csv,94,0.294671
d__treas1t5_treas1t5__lag014,treas1t5_treas1t5,d,14,FRED_TREAS1T5_TREAS1T5.csv,94,0.294671
d__treas1t5_treas1t5__lag015,treas1t5_treas1t5,d,15,FRED_TREAS1T5_TREAS1T5.csv,93,0.291536
d__treas1t5_treas1t5__lag016,treas1t5_treas1t5,d,16,FRED_TREAS1T5_TREAS1T5.csv,93,0.291536
d__treas1t5_treas1t5__lag017,treas1t5_treas1t5,d,17,FRED_TREAS1T5_TREAS1T5.csv,93,0.291536
d__treas1t5_treas1t5__lag018,treas1t5_treas1t5,d,18,FRED_TREAS1T5_TREAS1T5.csv,93,0.291536
d__treas1t5_treas1t5__lag019,treas1t5_treas1t5,d,19,FRED_TREAS1T5_TREAS1T5.csv,93,0.291536
d__treas1t5_treas1t5__lag020,treas1t5_treas1t5,d,20,FRED_TREAS1T5_TREAS1T5.csv,93,0.291536
d__treas1t5_treas1t5__lag021,treas1t5_treas1t5,d,21,FRED_TREAS1T5_TREAS1T5.csv,93,0.291536
d__treas1t5_treas1t5__lag022,treas1t5_treas1t5,d,22,FRED_TREAS1T5_TREAS1T5.csv,93,0.291536
d__treas1t5_treas1t5__lag023,treas1t5_treas1t5,d,23,FRED_TREAS1T5_TREAS1T5.csv,93,0.291536
d__treas1t5_treas1t5__lag024,treas1t5_treas1t5,d,24,FRED_TREAS1T5_TREAS1T5.csv,93,0.291536
d__treas1t5_treas1t5__lag025,treas1t5_treas1t5,d,25,FRED_TREAS1T5_TREAS1T5.csv,93,0.291536
d__treas1t5_treas1t5__lag026,treas1t5_treas1t5,d,26,FRED_TREAS1T5_TREAS1T5.csv,93,0.291536
d__treas1t5_treas1t5__lag027,treas1t5_treas1t5,d,27,FRED_TREAS1T5_TREAS1T5.csv,93,0.291536
d__treas1t5_treas1t5__lag028,treas1t5_treas1t5,d,28,FRED_TREAS1T5_TREAS1T5.csv,93,0.291536
d__treas1t5_treas1t5__lag029,treas1t5_treas1t5,d,29,FRED_TREAS1T5_TREAS1T5.csv,93,0.291536
d__treas1t5_treas1t5__lag030,treas1t5_treas1t5,d,30,FRED_TREAS1T5_TREAS1T5.csv,93,0.291536
d__treas1t5_treas1t5__lag031,treas1t5_treas1t5,d,31,FRED_TREAS1T5_TREAS1T5.csv,93,0.291536
d__treas1t5_treas1t5__lag032,treas1t5_treas1t5,d,32,FRED_TREAS1T5_TREAS1T5.csv,93,0.291536
d__treas1t5_treas1t5__lag033,treas1t5_treas1t5,d,33,FRED_TREAS1T5_TREAS1T5.csv,93,0.291536
d__treas1t5_treas1t5__lag034,treas1t5_treas1t5,d,34,FRED_TREAS1T5_TREAS1T5.csv,93,0.291536
d__treas1t5_treas1t5__lag035,treas1t5_treas1t5,d,35,FRED_TREAS1T5_TREAS1T5.csv,93,0.291536
d__treas1t5_treas1t5__lag036,treas1t5_treas1t5,d,36,FRED_TREAS1T5_TREAS1T5.csv,93,0.291536
d__treas1t5_treas1t5__lag037,treas1t5_treas1t5,d,37,FRED_TREAS1T5_TREAS1T5.csv,93,0.291536
d__treas1t5_treas1t5__lag038,treas1t5_treas1t5,d,38,FRED_TREAS1T5_TREAS1T5.csv,93,0.291536
d__treas1t5_treas1t5__lag039,treas1t5_treas1t5,d,39,FRED_TREAS1T5_TREAS1T5.csv,93,0.291536
d__treas1t5_treas1t5__lag040,treas1t5_treas1t5,d,40,FRED_TREAS1T5_TREAS1T5.csv,93,0.291536
d__treas1t5_treas1t5__lag041,treas1t5_treas1t5,d,41,FRED_TREAS1T5_TREAS1T5.csv,93,0.291536
d__treas1t5_treas1t5__lag042,treas1t5_treas1t5,d,42,FRED_TREAS1T5_TREAS1T5.csv,93,0.291536
d__treas1t5_treas1t5__lag043,treas1t5_treas1t5,d,43,FRED_TREAS1T5_TREAS1T5.csv,93,0.291536
d__treas1t5_treas1t5__lag044,treas1t5_treas1t5,d,44,FRED_TREAS1T5_TREAS1T5.csv,93,0.291536
d__treas1t5_treas1t5__lag045,treas1t5_treas1t5,d,45,FRED_TREAS1T5_TREAS1T5.csv,93,0.291536
d__treas1t5_treas1t5__lag046,treas1t5_treas1t5,d,46,FRED_TREAS1T5_TREAS1T5.csv,93,0.291536
d__treas1t5_treas1t5__lag047,treas1t5_treas1t5,d,47,FRED_TREAS1T5_TREAS1T5.csv,93,0.291536
d__treas1t5_treas1t5__lag048,treas1t5_treas1t5,d,48,FRED_TREAS1T5_TREAS1T5.csv,93,0.291536
d__treas1t5_treas1t5__lag049,treas1t5_treas1t5,d,49,FRED_TREAS1T5_TREAS1T5.csv,93,0.291536
d__treas1t5_treas1t5__lag050,treas1t5_treas1t5,d,50,FRED_TREAS1T5_TREAS1T5.csv,93,0.291536
d__treas1t5_treas1t5__lag051,treas1t5_treas1t5,d,51,FRED_TREAS1T5_TREAS1T5.csv,93,0.291536
d__treas1t5_treas1t5__lag052,treas1t5_treas1t5,d,52,FRED_TREAS1T5_TREAS1T5.csv,93,0.291536
d__treas1t5_treas1t5__lag053,treas1t5_treas1t5,d,53,FRED_TREAS1T5_TREAS1T5.csv,93,0.291536
d__treas1t5_treas1t5__lag054,treas1t5_treas1t5,d,54,FRED_TREAS1T5_TREAS1T5.csv,93,0.291536
d__treas1t5_treas1t5__lag055,treas1t5_treas1t5,d,55,FRED_TREAS1T5_TREAS1T5.csv,93,0.291536
d__treas1t5_treas1t5__lag056,treas1t5_treas1t5,d,56,FRED_TREAS1T5_TREAS1T5.csv,93,0.291536
d__treas1t5_treas1t5__lag057,treas1t5_treas1t5,d,57,FRED_TREAS1T5_TREAS1T5.csv,93,0.291536
d__treas1t5_treas1t5__lag058,treas1t5_treas1t5,d,58,FRED_TREAS1T5_TREAS1T5.csv,93,0.291536
d__treas1t5_treas1t5__lag059,treas1t5_treas1t5,d,59,FRED_TREAS1T5_TREAS1T5.csv,93,0.291536
d__treas1t5_treas1t5__lag060,treas1t5_treas1t5,d,60,FRED_TREAS1T5_TREAS1T5.csv,93,0.291536
d__treas1t5_treas1t5__lag061,treas1t5_treas1t5,d,61,FRED_TREAS1T5_TREAS1T5.csv,93,0.291536
d__treas1t5_treas1t5__lag062,treas1t5_treas1t5,d,62,FRED_TREAS1T5_TREAS1T5.csv,93,0.291536
d__treas1t5_treas1t5__lag063,treas1t5_treas1t5,d,63,FRED_TREAS1T5_TREAS1T5.csv,93,0.291536
d__treas1t5_treas1t5__lag064,treas1t5_treas1t5,d,64,FRED_TREAS1T5_TREAS1T5.csv,93,0.291536
d__treas1t5_treas1t5__lag065,treas1t5_treas1t5,d,65,FRED_TREAS1T5_TREAS1T5.csv,93,0.291536
d__treas1t5_treas1t5__lag066,treas1t5_treas1t5,d,66,FRED_TREAS1T5_TREAS1T5.csv,93,0.291536
d__treas1t5_treas1t5__lag067,treas1t5_treas1t5,d,67,FRED_TREAS1T5_TREAS1T5.csv,93,0.291536
d__treas1t5_treas1t5__lag068,treas1t5_treas1t5,d,68,FRED_TREAS1T5_TREAS1T5.csv,93,0.291536
d__treas1t5_treas1t5__lag069,treas1t5_treas1t5,d,69,FRED_TREAS1T5_TREAS1T5.csv,93,0.291536
d__treas1t5_treas1t5__lag070,treas1t5_treas1t5,d,70,FRED_TREAS1T5_TREAS1T5.csv,93,0.291536
d__treas1t5_treas1t5__lag071,treas1t5_treas1t5,d,71,FRED_TREAS1T5_TREAS1T5.csv,93,0.291536
d__treas1t5_treas1t5__lag072,treas1t5_treas1t5,d,72,FRED_TREAS1T5_TREAS1T5.csv,93,0.291536
d__treas1t5_treas1t5__lag073,treas1t5_treas1t5,d,73,FRED_TREAS1T5_TREAS1T5.csv,93,0.291536
d__treas1t5_treas1t5__lag074,treas1t5_treas1t5,d,74,FRED_TREAS1T5_TREAS1T5.csv,93,0.291536
d__treas1t5_treas1t5__lag075,treas1t5_treas1t5,d,75,FRED_TREAS1T5_TREAS1T5.csv,93,0.291536
d__treas1t5_treas1t5__lag076,treas1t5_treas1t5,d,76,FRED_TREAS1T5_TREAS1T5.csv,93,0.291536
d__treas1t5_treas1t5__lag077,treas1t5_treas1t5,d,77,FRED_TREAS1T5_TREAS1T5.csv,93,0.291536
d__treas1t5_treas1t5__lag078,treas1t5_treas1t5,d,78,FRED_TREAS1T5_TREAS1T5.csv,93,0.291536
d__treas1t5_treas1t5__lag079,treas1t5_treas1t5,d,79,FRED_TREAS1T5_TREAS1T5.csv,93,0.291536
d__treas1t5_treas1t5__lag080,treas1t5_treas1t5,d,80,FRED_TREAS1T5_TREAS1T5.csv,93,0.291536
d__treas1t5_treas1t5__lag081,treas1t5_treas1t5,d,81,FRED_TREAS1T5_TREAS1T5.csv,93,0.291536
d__treas1t5_treas1t5__lag082,treas1t5_treas1t5,d,82,FRED_TREAS1T5_TREAS1T5.csv,93,0.291536
d__treas1t5_treas1t5__lag083,treas1t5_treas1t5,d,83,FRED_TREAS1T5_TREAS1T5.csv,93,0.291536
d__treas1t5_treas1t5__lag084,treas1t5_treas1t5,d,84,FRED_TREAS1T5_TREAS1T5.csv,93,0.291536
d__treas1t5_treas1t5__lag085,treas1t5_treas1t5,d,85,FRED_TREAS1T5_TREAS1T5.csv,93,0.291536
d__treas1t5_treas1t5__lag086,treas1t5_treas1t5,d,86,FRED_TREAS1T5_TREAS1T5.csv,93,0.291536
d__treas1t5_treas1t5__lag087,treas1t5_treas1t5,d,87,FRED_TREAS1T5_TREAS1T5.csv,93,0.291536
d__treas1t5_treas1t5__lag088,treas1t5_treas1t5,d,88,FRED_TREAS1T5_TREAS1T5.csv,93,0.291536
d__treas1t5_treas1t5__lag089,treas1t5_treas1t5,d,89,FRED_TREAS1T5_TREAS1T5.csv,93,0.291536
d__treas1t5_treas1t5__lag090,treas1t5_treas1t5,d,90,FRED_TREAS1T5_TREAS1T5.csv,93,0.291536
d__treas5t10_treas5t10__lag001,treas5t10_treas5t10,d,1,FRED_TREAS5T10_TREAS5T10.csv,94,0.294671
d__treas5t10_treas5t10__lag002,treas5t10_treas5t10,d,2,FRED_TREAS5T10_TREAS5T10.csv,94,0.294671
d__treas5t10_treas5t10__lag003,treas5t10_treas5t10,d,3,FRED_TREAS5T10_TREAS5T10.csv,94,0.294671
d__treas5t10_treas5t10__lag004,treas5t10_treas5t10,d,4,FRED_TREAS5T10_TREAS5T10.csv,94,0.294671
d__treas5t10_treas5t10__lag005,treas5t10_treas5t10,d,5,FRED_TREAS5T10_TREAS5T10.csv,94,0.294671
d__treas5t10_treas5t10__lag006,treas5t10_treas5t10,d,6,FRED_TREAS5T10_TREAS5T10.csv,94,0.294671
d__treas5t10_treas5t10__lag007,treas5t10_treas5t10,d,7,FRED_TREAS5T10_TREAS5T10.csv,94,0.294671
d__treas5t10_treas5t10__lag008,treas5t10_treas5t10,d,8,FRED_TREAS5T10_TREAS5T10.csv,94,0.294671
d__treas5t10_treas5t10__lag009,treas5t10_treas5t10,d,9,FRED_TREAS5T10_TREAS5T10.csv,94,0.294671
d__treas5t10_treas5t10__lag010,treas5t10_treas5t10,d,10,FRED_TREAS5T10_TREAS5T10.csv,94,0.294671
d__treas5t10_treas5t10__lag011,treas5t10_treas5t10,d,11,FRED_TREAS5T10_TREAS5T10.csv,94,0.294671
d__treas5t10_treas5t10__lag012,treas5t10_treas5t10,d,12,FRED_TREAS5T10_TREAS5T10.csv,94,0.294671
d__treas5t10_treas5t10__lag013,treas5t10_treas5t10,d,13,FRED_TREAS5T10_TREAS5T10.csv,94,0.294671
d__treas5t10_treas5t10__lag014,treas5t10_treas5t10,d,14,FRED_TREAS5T10_TREAS5T10.csv,94,0.294671
d__treas5t10_treas5t10__lag015,treas5t10_treas5t10,d,15,FRED_TREAS5T10_TREAS5T10.csv,93,0.291536
d__treas5t10_treas5t10__lag016,treas5t10_treas5t10,d,16,FRED_TREAS5T10_TREAS5T10.csv,93,0.291536
d__treas5t10_treas5t10__lag017,treas5t10_treas5t10,d,17,FRED_TREAS5T10_TREAS5T10.csv,93,0.291536
d__treas5t10_treas5t10__lag018,treas5t10_treas5t10,d,18,FRED_TREAS5T10_TREAS5T10.csv,93,0.291536
d__treas5t10_treas5t10__lag019,treas5t10_treas5t10,d,19,FRED_TREAS5T10_TREAS5T10.csv,93,0.291536
d__treas5t10_treas5t10__lag020,treas5t10_treas5t10,d,20,FRED_TREAS5T10_TREAS5T10.csv,93,0.291536
d__treas5t10_treas5t10__lag021,treas5t10_treas5t10,d,21,FRED_TREAS5T10_TREAS5T10.csv,93,0.291536
d__treas5t10_treas5t10__lag022,treas5t10_treas5t10,d,22,FRED_TREAS5T10_TREAS5T10.csv,93,0.291536
d__treas5t10_treas5t10__lag023,treas5t10_treas5t10,d,23,FRED_TREAS5T10_TREAS5T10.csv,93,0.291536
d__treas5t10_treas5t10__lag024,treas5t10_treas5t10,d,24,FRED_TREAS5T10_TREAS5T10.csv,93,0.291536
d__treas5t10_treas5t10__lag025,treas5t10_treas5t10,d,25,FRED_TREAS5T10_TREAS5T10.csv,93,0.291536
d__treas5t10_treas5t10__lag026,treas5t10_treas5t10,d,26,FRED_TREAS5T10_TREAS5T10.csv,93,0.291536
d__treas5t10_treas5t10__lag027,treas5t10_treas5t10,d,27,FRED_TREAS5T10_TREAS5T10.csv,93,0.291536
d__treas5t10_treas5t10__lag028,treas5t10_treas5t10,d,28,FRED_TREAS5T10_TREAS5T10.csv,93,0.291536
d__treas5t10_treas5t10__lag029,treas5t10_treas5t10,d,29,FRED_TREAS5T10_TREAS5T10.csv,93,0.291536
d__treas5t10_treas5t10__lag030,treas5t10_treas5t10,d,30,FRED_TREAS5T10_TREAS5T10.csv,93,0.291536
d__treas5t10_treas5t10__lag031,treas5t10_treas5t10,d,31,FRED_TREAS5T10_TREAS5T10.csv,93,0.291536
d__treas5t10_treas5t10__lag032,treas5t10_treas5t10,d,32,FRED_TREAS5T10_TREAS5T10.csv,93,0.291536
d__treas5t10_treas5t10__lag033,treas5t10_treas5t10,d,33,FRED_TREAS5T10_TREAS5T10.csv,93,0.291536
d__treas5t10_treas5t10__lag034,treas5t10_treas5t10,d,34,FRED_TREAS5T10_TREAS5T10.csv,93,0.291536
d__treas5t10_treas5t10__lag035,treas5t10_treas5t10,d,35,FRED_TREAS5T10_TREAS5T10.csv,93,0.291536
d__treas5t10_treas5t10__lag036,treas5t10_treas5t10,d,36,FRED_TREAS5T10_TREAS5T10.csv,93,0.291536
d__treas5t10_treas5t10__lag037,treas5t10_treas5t10,d,37,FRED_TREAS5T10_TREAS5T10.csv,93,0.291536
d__treas5t10_treas5t10__lag038,treas5t10_treas5t10,d,38,FRED_TREAS5T10_TREAS5T10.csv,93,0.291536
d__treas5t10_treas5t10__lag039,treas5t10_treas5t10,d,39,FRED_TREAS5T10_TREAS5T10.csv,93,0.291536
d__treas5t10_treas5t10__lag040,treas5t10_treas5t10,d,40,FRED_TREAS5T10_TREAS5T10.csv,93,0.291536
d__treas5t10_treas5t10__lag041,treas5t10_treas5t10,d,41,FRED_TREAS5T10_TREAS5T10.csv,93,0.291536
d__treas5t10_treas5t10__lag042,treas5t10_treas5t10,d,42,FRED_TREAS5T10_TREAS5T10.csv,93,0.291536
d__treas5t10_treas5t10__lag043,treas5t10_treas5t10,d,43,FRED_TREAS5T10_TREAS5T10.csv,93,0.291536
d__treas5t10_treas5t10__lag044,treas5t10_treas5t10,d,44,FRED_TREAS5T10_TREAS5T10.csv,93,0.291536
d__treas5t10_treas5t10__lag045,treas5t10_treas5t10,d,45,FRED_TREAS5T10_TREAS5T10.csv,93,0.291536
d__treas5t10_treas5t10__lag046,treas5t10_treas5t10,d,46,FRED_TREAS5T10_TREAS5T10.csv,93,0.291536
d__treas5t10_treas5t10__lag047,treas5t10_treas5t10,d,47,FRED_TREAS5T10_TREAS5T10.csv,93,0.291536
d__treas5t10_treas5t10__lag048,treas5t10_treas5t10,d,48,FRED_TREAS5T10_TREAS5T10.csv,93,0.291536
d__treas5t10_treas5t10__lag049,treas5t10_treas5t10,d,49,FRED_TREAS5T10_TREAS5T10.csv,93,0.291536
d__treas5t10_treas5t10__lag050,treas5t10_treas5t10,d,50,FRED_TREAS5T10_TREAS5T10.csv,93,0.291536
d__treas5t10_treas5t10__lag051,treas5t10_treas5t10,d,51,FRED_TREAS5T10_TREAS5T10.csv,93,0.291536
d__treas5t10_treas5t10__lag052,treas5t10_treas5t10,d,52,FRED_TREAS5T10_TREAS5T10.csv,93,0.291536
d__treas5t10_treas5t10__lag053,treas5t10_treas5t10,d,53,FRED_TREAS5T10_TREAS5T10.csv,93,0.291536
d__treas5t10_treas5t10__lag054,treas5t10_treas5t10,d,54,FRED_TREAS5T10_TREAS5T10.csv,93,0.291536
d__treas5t10_treas5t10__lag055,treas5t10_treas5t10,d,55,FRED_TREAS5T10_TREAS5T10.csv,93,0.291536
d__treas5t10_treas5t10__lag056,treas5t10_treas5t10,d,56,FRED_TREAS5T10_TREAS5T10.csv,93,0.291536
d__treas5t10_treas5t10__lag057,treas5t10_treas5t10,d,57,FRED_TREAS5T10_TREAS5T10.csv,93,0.291536
d__treas5t10_treas5t10__lag058,treas5t10_treas5t10,d,58,FRED_TREAS5T10_TREAS5T10.csv,93,0.291536
d__treas5t10_treas5t10__lag059,treas5t10_treas5t10,d,59,FRED_TREAS5T10_TREAS5T10.csv,93,0.291536
d__treas5t10_treas5t10__lag060,treas5t10_treas5t10,d,60,FRED_TREAS5T10_TREAS5T10.csv,93,0.291536
d__treas5t10_treas5t10__lag061,treas5t10_treas5t10,d,61,FRED_TREAS5T10_TREAS5T10.csv,93,0.291536
d__treas5t10_treas5t10__lag062,treas5t10_treas5t10,d,62,FRED_TREAS5T10_TREAS5T10.csv,93,0.291536
d__treas5t10_treas5t10__lag063,treas5t10_treas5t10,d,63,FRED_TREAS5T10_TREAS5T10.csv,93,0.291536
d__treas5t10_treas5t10__lag064,treas5t10_treas5t10,d,64,FRED_TREAS5T10_TREAS5T10.csv,93,0.291536
d__treas5t10_treas5t10__lag065,treas5t10_treas5t10,d,65,FRED_TREAS5T10_TREAS5T10.csv,93,0.291536
d__treas5t10_treas5t10__lag066,treas5t10_treas5t10,d,66,FRED_TREAS5T10_TREAS5T10.csv,93,0.291536
d__treas5t10_treas5t10__lag067,treas5t10_treas5t10,d,67,FRED_TREAS5T10_TREAS5T10.csv,93,0.291536
d__treas5t10_treas5t10__lag068,treas5t10_treas5t10,d,68,FRED_TREAS5T10_TREAS5T10.csv,93,0.291536
d__treas5t10_treas5t10__lag069,treas5t10_treas5t10,d,69,FRED_TREAS5T10_TREAS5T10.csv,93,0.291536
d__treas5t10_treas5t10__lag070,treas5t10_treas5t10,d,70,FRED_TREAS5T10_TREAS5T10.csv,93,0.291536
d__treas5t10_treas5t10__lag071,treas5t10_treas5t10,d,71,FRED_TREAS5T10_TREAS5T10.csv,93,0.291536
d__treas5t10_treas5t10__lag072,treas5t10_treas5t10,d,72,FRED_TREAS5T10_TREAS5T10.csv,93,0.291536
d__treas5t10_treas5t10__lag073,treas5t10_treas5t10,d,73,FRED_TREAS5T10_TREAS5T10.csv,93,0.291536
d__treas5t10_treas5t10__lag074,treas5t10_treas5t10,d,74,FRED_TREAS5T10_TREAS5T10.csv,93,0.291536
d__treas5t10_treas5t10__lag075,treas5t10_treas5t10,d,75,FRED_TREAS5T10_TREAS5T10.csv,93,0.291536
d__treas5t10_treas5t10__lag076,treas5t10_treas5t10,d,76,FRED_TREAS5T10_TREAS5T10.csv,93,0.291536
d__treas5t10_treas5t10__lag077,treas5t10_treas5t10,d,77,FRED_TREAS5T10_TREAS5T10.csv,93,0.291536
d__treas5t10_treas5t10__lag078,treas5t10_treas5t10,d,78,FRED_TREAS5T10_TREAS5T10.csv,93,0.291536
d__treas5t10_treas5t10__lag079,treas5t10_treas5t10,d,79,FRED_TREAS5T10_TREAS5T10.csv,93,0.291536
d__treas5t10_treas5t10__lag080,treas5t10_treas5t10,d,80,FRED_TREAS5T10_TREAS5T10.csv,93,0.291536
d__treas5t10_treas5t10__lag081,treas5t10_treas5t10,d,81,FRED_TREAS5T10_TREAS5T10.csv,93,0.291536
d__treas5t10_treas5t10__lag082,treas5t10_treas5t10,d,82,FRED_TREAS5T10_TREAS5T10.csv,93,0.291536
d__treas5t10_treas5t10__lag083,treas5t10_treas5t10,d,83,FRED_TREAS5T10_TREAS5T10.csv,93,0.291536
d__treas5t10_treas5t10__lag084,treas5t10_treas5t10,d,84,FRED_TREAS5T10_TREAS5T10.csv,93,0.291536
d__treas5t10_treas5t10__lag085,treas5t10_treas5t10,d,85,FRED_TREAS5T10_TREAS5T10.csv,93,0.291536
d__treas5t10_treas5t10__lag086,treas5t10_treas5t10,d,86,FRED_TREAS5T10_TREAS5T10.csv,93,0.291536
d__treas5t10_treas5t10__lag087,treas5t10_treas5t10,d,87,FRED_TREAS5T10_TREAS5T10.csv,93,0.291536
d__treas5t10_treas5t10__lag088,treas5t10_treas5t10,d,88,FRED_TREAS5T10_TREAS5T10.csv,93,0.291536
d__treas5t10_treas5t10__lag089,treas5t10_treas5t10,d,89,FRED_TREAS5T10_TREAS5T10.csv,93,0.291536
d__treas5t10_treas5t10__lag090,treas5t10_treas5t10,d,90,FRED_TREAS5T10_TREAS5T10.csv,93,0.291536
d__treas911y_treas911y__lag001,treas911y_treas911y,d,1,FRED_TREAS911Y_TREAS911Y.csv,94,0.294671
d__treas911y_treas911y__lag002,treas911y_treas911y,d,2,FRED_TREAS911Y_TREAS911Y.csv,94,0.294671
d__treas911y_treas911y__lag003,treas911y_treas911y,d,3,FRED_TREAS911Y_TREAS911Y.csv,94,0.294671
d__treas911y_treas911y__lag004,treas911y_treas911y,d,4,FRED_TREAS911Y_TREAS911Y.csv,94,0.294671
d__treas911y_treas911y__lag005,treas911y_treas911y,d,5,FRED_TREAS911Y_TREAS911Y.csv,94,0.294671
d__treas911y_treas911y__lag006,treas911y_treas911y,d,6,FRED_TREAS911Y_TREAS911Y.csv,94,0.294671
d__treas911y_treas911y__lag007,treas911y_treas911y,d,7,FRED_TREAS911Y_TREAS911Y.csv,94,0.294671
d__treas911y_treas911y__lag008,treas911y_treas911y,d,8,FRED_TREAS911Y_TREAS911Y.csv,94,0.294671
d__treas911y_treas911y__lag009,treas911y_treas911y,d,9,FRED_TREAS911Y_TREAS911Y.csv,94,0.294671
d__treas911y_treas911y__lag010,treas911y_treas911y,d,10,FRED_TREAS911Y_TREAS911Y.csv,94,0.294671
d__treas911y_treas911y__lag011,treas911y_treas911y,d,11,FRED_TREAS911Y_TREAS911Y.csv,94,0.294671
d__treas911y_treas911y__lag012,treas911y_treas911y,d,12,FRED_TREAS911Y_TREAS911Y.csv,94,0.294671
d__treas911y_treas911y__lag013,treas911y_treas911y,d,13,FRED_TREAS911Y_TREAS911Y.csv,94,0.294671
d__treas911y_treas911y__lag014,treas911y_treas911y,d,14,FRED_TREAS911Y_TREAS911Y.csv,94,0.294671
d__treas911y_treas911y__lag015,treas911y_treas911y,d,15,FRED_TREAS911Y_TREAS911Y.csv,93,0.291536
d__treas911y_treas911y__lag016,treas911y_treas911y,d,16,FRED_TREAS911Y_TREAS911Y.csv,93,0.291536
d__treas911y_treas911y__lag017,treas911y_treas911y,d,17,FRED_TREAS911Y_TREAS911Y.csv,93,0.291536
d__treas911y_treas911y__lag018,treas911y_treas911y,d,18,FRED_TREAS911Y_TREAS911Y.csv,93,0.291536
d__treas911y_treas911y__lag019,treas911y_treas911y,d,19,FRED_TREAS911Y_TREAS911Y.csv,93,0.291536
d__treas911y_treas911y__lag020,treas911y_treas911y,d,20,FRED_TREAS911Y_TREAS911Y.csv,93,0.291536
d__treas911y_treas911y__lag021,treas911y_treas911y,d,21,FRED_TREAS911Y_TREAS911Y.csv,93,0.291536
d__treas911y_treas911y__lag022,treas911y_treas911y,d,22,FRED_TREAS911Y_TREAS911Y.csv,93,0.291536
d__treas911y_treas911y__lag023,treas911y_treas911y,d,23,FRED_TREAS911Y_TREAS911Y.csv,93,0.291536
d__treas911y_treas911y__lag024,treas911y_treas911y,d,24,FRED_TREAS911Y_TREAS911Y.csv,93,0.291536
d__treas911y_treas911y__lag025,treas911y_treas911y,d,25,FRED_TREAS911Y_TREAS911Y.csv,93,0.291536
d__treas911y_treas911y__lag026,treas911y_treas911y,d,26,FRED_TREAS911Y_TREAS911Y.csv,93,0.291536
d__treas911y_treas911y__lag027,treas911y_treas911y,d,27,FRED_TREAS911Y_TREAS911Y.csv,93,0.291536
d__treas911y_treas911y__lag028,treas911y_treas911y,d,28,FRED_TREAS911Y_TREAS911Y.csv,93,0.291536
d__treas911y_treas911y__lag029,treas911y_treas911y,d,29,FRED_TREAS911Y_TREAS911Y.csv,93,0.291536
d__treas911y_treas911y__lag030,treas911y_treas911y,d,30,FRED_TREAS911Y_TREAS911Y.csv,93,0.291536
d__treas911y_treas911y__lag031,treas911y_treas911y,d,31,FRED_TREAS911Y_TREAS911Y.csv,93,0.291536
d__treas911y_treas911y__lag032,treas911y_treas911y,d,32,FRED_TREAS911Y_TREAS911Y.csv,93,0.291536
d__treas911y_treas911y__lag033,treas911y_treas911y,d,33,FRED_TREAS911Y_TREAS911Y.csv,93,0.291536
d__treas911y_treas911y__lag034,treas911y_treas911y,d,34,FRED_TREAS911Y_TREAS911Y.csv,93,0.291536
d__treas911y_treas911y__lag035,treas911y_treas911y,d,35,FRED_TREAS911Y_TREAS911Y.csv,93,0.291536
d__treas911y_treas911y__lag036,treas911y_treas911y,d,36,FRED_TREAS911Y_TREAS911Y.csv,93,0.291536
d__treas911y_treas911y__lag037,treas911y_treas911y,d,37,FRED_TREAS911Y_TREAS911Y.csv,93,0.291536
d__treas911y_treas911y__lag038,treas911y_treas911y,d,38,FRED_TREAS911Y_TREAS911Y.csv,93,0.291536
d__treas911y_treas911y__lag039,treas911y_treas911y,d,39,FRED_TREAS911Y_TREAS911Y.csv,93,0.291536
d__treas911y_treas911y__lag040,treas911y_treas911y,d,40,FRED_TREAS911Y_TREAS911Y.csv,93,0.291536
d__treas911y_treas911y__lag041,treas911y_treas911y,d,41,FRED_TREAS911Y_TREAS911Y.csv,93,0.291536
d__treas911y_treas911y__lag042,treas911y_treas911y,d,42,FRED_TREAS911Y_TREAS911Y.csv,93,0.291536
d__treas911y_treas911y__lag043,treas911y_treas911y,d,43,FRED_TREAS911Y_TREAS911Y.csv,93,0.291536
d__treas911y_treas911y__lag044,treas911y_treas911y,d,44,FRED_TREAS911Y_TREAS911Y.csv,93,0.291536
d__treas911y_treas911y__lag045,treas911y_treas911y,d,45,FRED_TREAS911Y_TREAS911Y.csv,93,0.291536
d__treas911y_treas911y__lag046,treas911y_treas911y,d,46,FRED_TREAS911Y_TREAS911Y.csv,93,0.291536
d__treas911y_treas911y__lag047,treas911y_treas911y,d,47,FRED_TREAS911Y_TREAS911Y.csv,93,0.291536
d__treas911y_treas911y__lag048,treas911y_treas911y,d,48,FRED_TREAS911Y_TREAS911Y.csv,93,0.291536
d__treas911y_treas911y__lag049,treas911y_treas911y,d,49,FRED_TREAS911Y_TREAS911Y.csv,93,0.291536
d__treas911y_treas911y__lag050,treas911y_treas911y,d,50,FRED_TREAS911Y_TREAS911Y.csv,93,0.291536
d__treas911y_treas911y__lag051,treas911y_treas911y,d,51,FRED_TREAS911Y_TREAS911Y.csv,93,0.291536
d__treas911y_treas911y__lag052,treas911y_treas911y,d,52,FRED_TREAS911Y_TREAS911Y.csv,93,0.291536
d__treas911y_treas911y__lag053,treas911y_treas911y,d,53,FRED_TREAS911Y_TREAS911Y.csv,93,0.291536
d__treas911y_treas911y__lag054,treas911y_treas911y,d,54,FRED_TREAS911Y_TREAS911Y.csv,93,0.291536
d__treas911y_treas911y__lag055,treas911y_treas911y,d,55,FRED_TREAS911Y_TREAS911Y.csv,93,0.291536
d__treas911y_treas911y__lag056,treas911y_treas911y,d,56,FRED_TREAS911Y_TREAS911Y.csv,93,0.291536
d__treas911y_treas911y__lag057,treas911y_treas911y,d,57,FRED_TREAS911Y_TREAS911Y.csv,93,0.291536
d__treas911y_treas911y__lag058,treas911y_treas911y,d,58,FRED_TREAS911Y_TREAS911Y.csv,93,0.291536
d__treas911y_treas911y__lag059,treas911y_treas911y,d,59,FRED_TREAS911Y_TREAS911Y.csv,93,0.291536
d__treas911y_treas911y__lag060,treas911y_treas911y,d,60,FRED_TREAS911Y_TREAS911Y.csv,93,0.291536
d__treas911y_treas911y__lag061,treas911y_treas911y,d,61,FRED_TREAS911Y_TREAS911Y.csv,93,0.291536
d__treas911y_treas911y__lag062,treas911y_treas911y,d,62,FRED_TREAS911Y_TREAS911Y.csv,93,0.291536
d__treas911y_treas911y__lag063,treas911y_treas911y,d,63,FRED_TREAS911Y_TREAS911Y.csv,93,0.291536
d__treas911y_treas911y__lag064,treas911y_treas911y,d,64,FRED_TREAS911Y_TREAS911Y.csv,93,0.291536
d__treas911y_treas911y__lag065,treas911y_treas911y,d,65,FRED_TREAS911Y_TREAS911Y.csv,93,0.291536
d__treas911y_treas911y__lag066,treas911y_treas911y,d,66,FRED_TREAS911Y_TREAS911Y.csv,93,0.291536
d__treas911y_treas911y__lag067,treas911y_treas911y,d,67,FRED_TREAS911Y_TREAS911Y.csv,93,0.291536
d__treas911y_treas911y__lag068,treas911y_treas911y,d,68,FRED_TREAS911Y_TREAS911Y.csv,93,0.291536
d__treas911y_treas911y__lag069,treas911y_treas911y,d,69,FRED_TREAS911Y_TREAS911Y.csv,93,0.291536
d__treas911y_treas911y__lag070,treas911y_treas911y,d,70,FRED_TREAS911Y_TREAS911Y.csv,93,0.291536
d__treas911y_treas911y__lag071,treas911y_treas911y,d,71,FRED_TREAS911Y_TREAS911Y.csv,93,0.291536
d__treas911y_treas911y__lag072,treas911y_treas911y,d,72,FRED_TREAS911Y_TREAS911Y.csv,93,0.291536
d__treas911y_treas911y__lag073,treas911y_treas911y,d,73,FRED_TREAS911Y_TREAS911Y.csv,93,0.291536
d__treas911y_treas911y__lag074,treas911y_treas911y,d,74,FRED_TREAS911Y_TREAS911Y.csv,93,0.291536
d__treas911y_treas911y__lag075,treas911y_treas911y,d,75,FRED_TREAS911Y_TREAS911Y.csv,93,0.291536
d__treas911y_treas911y__lag076,treas911y_treas911y,d,76,FRED_TREAS911Y_TREAS911Y.csv,93,0.291536
d__treas911y_treas911y__lag077,treas911y_treas911y,d,77,FRED_TREAS911Y_TREAS911Y.csv,93,0.291536
d__treas911y_treas911y__lag078,treas911y_treas911y,d,78,FRED_TREAS911Y_TREAS911Y.csv,93,0.291536
d__treas911y_treas911y__lag079,treas911y_treas911y,d,79,FRED_TREAS911Y_TREAS911Y.csv,93,0.291536
d__treas911y_treas911y__lag080,treas911y_treas911y,d,80,FRED_TREAS911Y_TREAS911Y.csv,93,0.291536
d__treas911y_treas911y__lag081,treas911y_treas911y,d,81,FRED_TREAS911Y_TREAS911Y.csv,93,0.291536
d__treas911y_treas911y__lag082,treas911y_treas911y,d,82,FRED_TREAS911Y_TREAS911Y.csv,93,0.291536
d__treas911y_treas911y__lag083,treas911y_treas911y,d,83,FRED_TREAS911Y_TREAS911Y.csv,93,0.291536
d__treas911y_treas911y__lag084,treas911y_treas911y,d,84,FRED_TREAS911Y_TREAS911Y.csv,93,0.291536
d__treas911y_treas911y__lag085,treas911y_treas911y,d,85,FRED_TREAS911Y_TREAS911Y.csv,93,0.291536
d__treas911y_treas911y__lag086,treas911y_treas911y,d,86,FRED_TREAS911Y_TREAS911Y.csv,93,0.291536
d__treas911y_treas911y__lag087,treas911y_treas911y,d,87,FRED_TREAS911Y_TREAS911Y.csv,93,0.291536
d__treas911y_treas911y__lag088,treas911y_treas911y,d,88,FRED_TREAS911Y_TREAS911Y.csv,93,0.291536
d__treas911y_treas911y__lag089,treas911y_treas911y,d,89,FRED_TREAS911Y_TREAS911Y.csv,93,0.291536
d__treas911y_treas911y__lag090,treas911y_treas911y,d,90,FRED_TREAS911Y_TREAS911Y.csv,93,0.291536
d__treast_treast__lag001,treast_treast,d,1,FRED_TREAST_TREAST.csv,94,0.294671
d__treast_treast__lag002,treast_treast,d,2,FRED_TREAST_TREAST.csv,94,0.294671
d__treast_treast__lag003,treast_treast,d,3,FRED_TREAST_TREAST.csv,94,0.294671
d__treast_treast__lag004,treast_treast,d,4,FRED_TREAST_TREAST.csv,94,0.294671
d__treast_treast__lag005,treast_treast,d,5,FRED_TREAST_TREAST.csv,94,0.294671
d__treast_treast__lag006,treast_treast,d,6,FRED_TREAST_TREAST.csv,94,0.294671
d__treast_treast__lag007,treast_treast,d,7,FRED_TREAST_TREAST.csv,94,0.294671
d__treast_treast__lag008,treast_treast,d,8,FRED_TREAST_TREAST.csv,94,0.294671
d__treast_treast__lag009,treast_treast,d,9,FRED_TREAST_TREAST.csv,94,0.294671
d__treast_treast__lag010,treast_treast,d,10,FRED_TREAST_TREAST.csv,94,0.294671
d__treast_treast__lag011,treast_treast,d,11,FRED_TREAST_TREAST.csv,94,0.294671
d__treast_treast__lag012,treast_treast,d,12,FRED_TREAST_TREAST.csv,94,0.294671
d__treast_treast__lag013,treast_treast,d,13,FRED_TREAST_TREAST.csv,94,0.294671
d__treast_treast__lag014,treast_treast,d,14,FRED_TREAST_TREAST.csv,94,0.294671
d__treast_treast__lag015,treast_treast,d,15,FRED_TREAST_TREAST.csv,93,0.291536
d__treast_treast__lag016,treast_treast,d,16,FRED_TREAST_TREAST.csv,93,0.291536
d__treast_treast__lag017,treast_treast,d,17,FRED_TREAST_TREAST.csv,93,0.291536
d__treast_treast__lag018,treast_treast,d,18,FRED_TREAST_TREAST.csv,93,0.291536
d__treast_treast__lag019,treast_treast,d,19,FRED_TREAST_TREAST.csv,93,0.291536
d__treast_treast__lag020,treast_treast,d,20,FRED_TREAST_TREAST.csv,93,0.291536
d__treast_treast__lag021,treast_treast,d,21,FRED_TREAST_TREAST.csv,93,0.291536
d__treast_treast__lag022,treast_treast,d,22,FRED_TREAST_TREAST.csv,93,0.291536
d__treast_treast__lag023,treast_treast,d,23,FRED_TREAST_TREAST.csv,93,0.291536
d__treast_treast__lag024,treast_treast,d,24,FRED_TREAST_TREAST.csv,93,0.291536
d__treast_treast__lag025,treast_treast,d,25,FRED_TREAST_TREAST.csv,93,0.291536
d__treast_treast__lag026,treast_treast,d,26,FRED_TREAST_TREAST.csv,93,0.291536
d__treast_treast__lag027,treast_treast,d,27,FRED_TREAST_TREAST.csv,93,0.291536
d__treast_treast__lag028,treast_treast,d,28,FRED_TREAST_TREAST.csv,93,0.291536
d__treast_treast__lag029,treast_treast,d,29,FRED_TREAST_TREAST.csv,93,0.291536
d__treast_treast__lag030,treast_treast,d,30,FRED_TREAST_TREAST.csv,93,0.291536
d__treast_treast__lag031,treast_treast,d,31,FRED_TREAST_TREAST.csv,93,0.291536
d__treast_treast__lag032,treast_treast,d,32,FRED_TREAST_TREAST.csv,93,0.291536
d__treast_treast__lag033,treast_treast,d,33,FRED_TREAST_TREAST.csv,93,0.291536
d__treast_treast__lag034,treast_treast,d,34,FRED_TREAST_TREAST.csv,93,0.291536
d__treast_treast__lag035,treast_treast,d,35,FRED_TREAST_TREAST.csv,93,0.291536
d__treast_treast__lag036,treast_treast,d,36,FRED_TREAST_TREAST.csv,93,0.291536
d__treast_treast__lag037,treast_treast,d,37,FRED_TREAST_TREAST.csv,93,0.291536
d__treast_treast__lag038,treast_treast,d,38,FRED_TREAST_TREAST.csv,93,0.291536
d__treast_treast__lag039,treast_treast,d,39,FRED_TREAST_TREAST.csv,93,0.291536
d__treast_treast__lag040,treast_treast,d,40,FRED_TREAST_TREAST.csv,93,0.291536
d__treast_treast__lag041,treast_treast,d,41,FRED_TREAST_TREAST.csv,93,0.291536
d__treast_treast__lag042,treast_treast,d,42,FRED_TREAST_TREAST.csv,93,0.291536
d__treast_treast__lag043,treast_treast,d,43,FRED_TREAST_TREAST.csv,93,0.291536
d__treast_treast__lag044,treast_treast,d,44,FRED_TREAST_TREAST.csv,93,0.291536
d__treast_treast__lag045,treast_treast,d,45,FRED_TREAST_TREAST.csv,93,0.291536
d__treast_treast__lag046,treast_treast,d,46,FRED_TREAST_TREAST.csv,93,0.291536
d__treast_treast__lag047,treast_treast,d,47,FRED_TREAST_TREAST.csv,93,0.291536
d__treast_treast__lag048,treast_treast,d,48,FRED_TREAST_TREAST.csv,93,0.291536
d__treast_treast__lag049,treast_treast,d,49,FRED_TREAST_TREAST.csv,93,0.291536
d__treast_treast__lag050,treast_treast,d,50,FRED_TREAST_TREAST.csv,93,0.291536
d__treast_treast__lag051,treast_treast,d,51,FRED_TREAST_TREAST.csv,93,0.291536
d__treast_treast__lag052,treast_treast,d,52,FRED_TREAST_TREAST.csv,93,0.291536
d__treast_treast__lag053,treast_treast,d,53,FRED_TREAST_TREAST.csv,93,0.291536
d__treast_treast__lag054,treast_treast,d,54,FRED_TREAST_TREAST.csv,93,0.291536
d__treast_treast__lag055,treast_treast,d,55,FRED_TREAST_TREAST.csv,93,0.291536
d__treast_treast__lag056,treast_treast,d,56,FRED_TREAST_TREAST.csv,93,0.291536
d__treast_treast__lag057,treast_treast,d,57,FRED_TREAST_TREAST.csv,93,0.291536
d__treast_treast__lag058,treast_treast,d,58,FRED_TREAST_TREAST.csv,93,0.291536
d__treast_treast__lag059,treast_treast,d,59,FRED_TREAST_TREAST.csv,93,0.291536
d__treast_treast__lag060,treast_treast,d,60,FRED_TREAST_TREAST.csv,93,0.291536
d__treast_treast__lag061,treast_treast,d,61,FRED_TREAST_TREAST.csv,93,0.291536
d__treast_treast__lag062,treast_treast,d,62,FRED_TREAST_TREAST.csv,93,0.291536
d__treast_treast__lag063,treast_treast,d,63,FRED_TREAST_TREAST.csv,93,0.291536
d__treast_treast__lag064,treast_treast,d,64,FRED_TREAST_TREAST.csv,93,0.291536
d__treast_treast__lag065,treast_treast,d,65,FRED_TREAST_TREAST.csv,93,0.291536
d__treast_treast__lag066,treast_treast,d,66,FRED_TREAST_TREAST.csv,93,0.291536
d__treast_treast__lag067,treast_treast,d,67,FRED_TREAST_TREAST.csv,93,0.291536
d__treast_treast__lag068,treast_treast,d,68,FRED_TREAST_TREAST.csv,93,0.291536
d__treast_treast__lag069,treast_treast,d,69,FRED_TREAST_TREAST.csv,93,0.291536
d__treast_treast__lag070,treast_treast,d,70,FRED_TREAST_TREAST.csv,93,0.291536
d__treast_treast__lag071,treast_treast,d,71,FRED_TREAST_TREAST.csv,93,0.291536
d__treast_treast__lag072,treast_treast,d,72,FRED_TREAST_TREAST.csv,93,0.291536
d__treast_treast__lag073,treast_treast,d,73,FRED_TREAST_TREAST.csv,93,0.291536
d__treast_treast__lag074,treast_treast,d,74,FRED_TREAST_TREAST.csv,93,0.291536
d__treast_treast__lag075,treast_treast,d,75,FRED_TREAST_TREAST.csv,93,0.291536
d__treast_treast__lag076,treast_treast,d,76,FRED_TREAST_TREAST.csv,93,0.291536
d__treast_treast__lag077,treast_treast,d,77,FRED_TREAST_TREAST.csv,93,0.291536
d__treast_treast__lag078,treast_treast,d,78,FRED_TREAST_TREAST.csv,93,0.291536
d__treast_treast__lag079,treast_treast,d,79,FRED_TREAST_TREAST.csv,93,0.291536
d__treast_treast__lag080,treast_treast,d,80,FRED_TREAST_TREAST.csv,93,0.291536
d__treast_treast__lag081,treast_treast,d,81,FRED_TREAST_TREAST.csv,93,0.291536
d__treast_treast__lag082,treast_treast,d,82,FRED_TREAST_TREAST.csv,93,0.291536
d__treast_treast__lag083,treast_treast,d,83,FRED_TREAST_TREAST.csv,93,0.291536
d__treast_treast__lag084,treast_treast,d,84,FRED_TREAST_TREAST.csv,93,0.291536
d__treast_treast__lag085,treast_treast,d,85,FRED_TREAST_TREAST.csv,93,0.291536
d__treast_treast__lag086,treast_treast,d,86,FRED_TREAST_TREAST.csv,93,0.291536
d__treast_treast__lag087,treast_treast,d,87,FRED_TREAST_TREAST.csv,93,0.291536
d__treast_treast__lag088,treast_treast,d,88,FRED_TREAST_TREAST.csv,93,0.291536
d__treast_treast__lag089,treast_treast,d,89,FRED_TREAST_TREAST.csv,93,0.291536
d__treast_treast__lag090,treast_treast,d,90,FRED_TREAST_TREAST.csv,93,0.291536
q__ttaatashcbshnncb_nfcb_hc_assets__lag001,ttaatashcbshnncb_nfcb_hc_assets,q,1,FRED_TTAATASHCBSHNNCB_nfcb_hc_assets.csv,319,1.0
q__ttaatashcbshnncb_nfcb_hc_assets__lag002,ttaatashcbshnncb_nfcb_hc_assets,q,2,FRED_TTAATASHCBSHNNCB_nfcb_hc_assets.csv,319,1.0
q__ttaatashcbshnncb_nfcb_hc_assets__lag003,ttaatashcbshnncb_nfcb_hc_assets,q,3,FRED_TTAATASHCBSHNNCB_nfcb_hc_assets.csv,319,1.0
q__ttaatashcbshnncb_nfcb_hc_assets__lag004,ttaatashcbshnncb_nfcb_hc_assets,q,4,FRED_TTAATASHCBSHNNCB_nfcb_hc_assets.csv,318,0.996865
q__ttaatashcbshnncb_nfcb_hc_assets__lag005,ttaatashcbshnncb_nfcb_hc_assets,q,5,FRED_TTAATASHCBSHNNCB_nfcb_hc_assets.csv,317,0.99373
q__ttaatashcbshnncb_nfcb_hc_assets__lag006,ttaatashcbshnncb_nfcb_hc_assets,q,6,FRED_TTAATASHCBSHNNCB_nfcb_hc_assets.csv,316,0.990596
q__ttaatashcbshnncb_nfcb_hc_assets__lag007,ttaatashcbshnncb_nfcb_hc_assets,q,7,FRED_TTAATASHCBSHNNCB_nfcb_hc_assets.csv,315,0.987461
q__ttaatashcbshnncb_nfcb_hc_assets__lag008,ttaatashcbshnncb_nfcb_hc_assets,q,8,FRED_TTAATASHCBSHNNCB_nfcb_hc_assets.csv,314,0.984326
m__ttlcons_ttlcons__lag001,ttlcons_ttlcons,m,1,FRED_TTLCONS_TTLCONS.csv,133,0.416928
m__ttlcons_ttlcons__lag002,ttlcons_ttlcons,m,2,FRED_TTLCONS_TTLCONS.csv,133,0.416928
m__ttlcons_ttlcons__lag003,ttlcons_ttlcons,m,3,FRED_TTLCONS_TTLCONS.csv,133,0.416928
m__ttlcons_ttlcons__lag004,ttlcons_ttlcons,m,4,FRED_TTLCONS_TTLCONS.csv,132,0.413793
m__ttlcons_ttlcons__lag005,ttlcons_ttlcons,m,5,FRED_TTLCONS_TTLCONS.csv,132,0.413793
m__ttlcons_ttlcons__lag006,ttlcons_ttlcons,m,6,FRED_TTLCONS_TTLCONS.csv,132,0.413793
m__ttlcons_ttlcons__lag007,ttlcons_ttlcons,m,7,FRED_TTLCONS_TTLCONS.csv,131,0.410658
m__ttlcons_ttlcons__lag008,ttlcons_ttlcons,m,8,FRED_TTLCONS_TTLCONS.csv,131,0.410658
m__ttlcons_ttlcons__lag009,ttlcons_ttlcons,m,9,FRED_TTLCONS_TTLCONS.csv,131,0.410658
m__ttlcons_ttlcons__lag010,ttlcons_ttlcons,m,10,FRED_TTLCONS_TTLCONS.csv,130,0.407524
m__ttlcons_ttlcons__lag011,ttlcons_ttlcons,m,11,FRED_TTLCONS_TTLCONS.csv,130,0.407524
m__ttlcons_ttlcons__lag012,ttlcons_ttlcons,m,12,FRED_TTLCONS_TTLCONS.csv,130,0.407524
m__uempmean_uempmean__lag001,uempmean_uempmean,m,1,FRED_UEMPMEAN_UEMPMEAN.csv,313,0.981191
m__uempmean_uempmean__lag002,uempmean_uempmean,m,2,FRED_UEMPMEAN_UEMPMEAN.csv,313,0.981191
m__uempmean_uempmean__lag003,uempmean_uempmean,m,3,FRED_UEMPMEAN_UEMPMEAN.csv,313,0.981191
m__uempmean_uempmean__lag004,uempmean_uempmean,m,4,FRED_UEMPMEAN_UEMPMEAN.csv,312,0.978056
m__uempmean_uempmean__lag005,uempmean_uempmean,m,5,FRED_UEMPMEAN_UEMPMEAN.csv,312,0.978056
m__uempmean_uempmean__lag006,uempmean_uempmean,m,6,FRED_UEMPMEAN_UEMPMEAN.csv,312,0.978056
m__uempmean_uempmean__lag007,uempmean_uempmean,m,7,FRED_UEMPMEAN_UEMPMEAN.csv,311,0.974922
m__uempmean_uempmean__lag008,uempmean_uempmean,m,8,FRED_UEMPMEAN_UEMPMEAN.csv,311,0.974922
m__uempmean_uempmean__lag009,uempmean_uempmean,m,9,FRED_UEMPMEAN_UEMPMEAN.csv,311,0.974922
m__uempmean_uempmean__lag010,uempmean_uempmean,m,10,FRED_UEMPMEAN_UEMPMEAN.csv,310,0.971787
m__uempmean_uempmean__lag011,uempmean_uempmean,m,11,FRED_UEMPMEAN_UEMPMEAN.csv,310,0.971787
m__uempmean_uempmean__lag012,uempmean_uempmean,m,12,FRED_UEMPMEAN_UEMPMEAN.csv,310,0.971787
m__umcsent_umcsent__lag001,umcsent_umcsent,m,1,FRED_UMCSENT_UMCSENT.csv,294,0.92163
m__umcsent_umcsent__lag002,umcsent_umcsent,m,2,FRED_UMCSENT_UMCSENT.csv,294,0.92163
m__umcsent_umcsent__lag003,umcsent_umcsent,m,3,FRED_UMCSENT_UMCSENT.csv,293,0.918495
m__umcsent_umcsent__lag004,umcsent_umcsent,m,4,FRED_UMCSENT_UMCSENT.csv,293,0.918495
m__umcsent_umcsent__lag005,umcsent_umcsent,m,5,FRED_UMCSENT_UMCSENT.csv,293,0.918495
m__umcsent_umcsent__lag006,umcsent_umcsent,m,6,FRED_UMCSENT_UMCSENT.csv,292,0.915361
m__umcsent_umcsent__lag007,umcsent_umcsent,m,7,FRED_UMCSENT_UMCSENT.csv,292,0.915361
m__umcsent_umcsent__lag008,umcsent_umcsent,m,8,FRED_UMCSENT_UMCSENT.csv,292,0.915361
m__umcsent_umcsent__lag009,umcsent_umcsent,m,9,FRED_UMCSENT_UMCSENT.csv,291,0.912226
m__umcsent_umcsent__lag010,umcsent_umcsent,m,10,FRED_UMCSENT_UMCSENT.csv,291,0.912226
m__umcsent_umcsent__lag011,umcsent_umcsent,m,11,FRED_UMCSENT_UMCSENT.csv,291,0.912226
m__umcsent_umcsent__lag012,umcsent_umcsent,m,12,FRED_UMCSENT_UMCSENT.csv,290,0.909091
m__unrate_unrate__lag001,unrate_unrate,m,1,FRED_UNRATE_UNRATE.csv,313,0.981191
m__unrate_unrate__lag002,unrate_unrate,m,2,FRED_UNRATE_UNRATE.csv,313,0.981191
m__unrate_unrate__lag003,unrate_unrate,m,3,FRED_UNRATE_UNRATE.csv,313,0.981191
m__unrate_unrate__lag004,unrate_unrate,m,4,FRED_UNRATE_UNRATE.csv,312,0.978056
m__unrate_unrate__lag005,unrate_unrate,m,5,FRED_UNRATE_UNRATE.csv,312,0.978056
m__unrate_unrate__lag006,unrate_unrate,m,6,FRED_UNRATE_UNRATE.csv,312,0.978056
m__unrate_unrate__lag007,unrate_unrate,m,7,FRED_UNRATE_UNRATE.csv,311,0.974922
m__unrate_unrate__lag008,unrate_unrate,m,8,FRED_UNRATE_UNRATE.csv,311,0.974922
m__unrate_unrate__lag009,unrate_unrate,m,9,FRED_UNRATE_UNRATE.csv,311,0.974922
m__unrate_unrate__lag010,unrate_unrate,m,10,FRED_UNRATE_UNRATE.csv,310,0.971787
m__unrate_unrate__lag011,unrate_unrate,m,11,FRED_UNRATE_UNRATE.csv,310,0.971787
m__unrate_unrate__lag012,unrate_unrate,m,12,FRED_UNRATE_UNRATE.csv,310,0.971787
m__usalolitoaastsam_oecd_leading_indicator_us__lag001,usalolitoaastsam_oecd_leading_indicator_us,m,1,FRED_USALOLITOAASTSAM_OECD_Leading_Indicator_US.csv,285,0.893417
m__usalolitoaastsam_oecd_leading_indicator_us__lag002,usalolitoaastsam_oecd_leading_indicator_us,m,2,FRED_USALOLITOAASTSAM_OECD_Leading_Indicator_US.csv,285,0.893417
m__usalolitoaastsam_oecd_leading_indicator_us__lag003,usalolitoaastsam_oecd_leading_indicator_us,m,3,FRED_USALOLITOAASTSAM_OECD_Leading_Indicator_US.csv,285,0.893417
m__usalolitoaastsam_oecd_leading_indicator_us__lag004,usalolitoaastsam_oecd_leading_indicator_us,m,4,FRED_USALOLITOAASTSAM_OECD_Leading_Indicator_US.csv,284,0.890282
m__usalolitoaastsam_oecd_leading_indicator_us__lag005,usalolitoaastsam_oecd_leading_indicator_us,m,5,FRED_USALOLITOAASTSAM_OECD_Leading_Indicator_US.csv,284,0.890282
m__usalolitoaastsam_oecd_leading_indicator_us__lag006,usalolitoaastsam_oecd_leading_indicator_us,m,6,FRED_USALOLITOAASTSAM_OECD_Leading_Indicator_US.csv,284,0.890282
m__usalolitoaastsam_oecd_leading_indicator_us__lag007,usalolitoaastsam_oecd_leading_indicator_us,m,7,FRED_USALOLITOAASTSAM_OECD_Leading_Indicator_US.csv,283,0.887147
m__usalolitoaastsam_oecd_leading_indicator_us__lag008,usalolitoaastsam_oecd_leading_indicator_us,m,8,FRED_USALOLITOAASTSAM_OECD_Leading_Indicator_US.csv,283,0.887147
m__usalolitoaastsam_oecd_leading_indicator_us__lag009,usalolitoaastsam_oecd_leading_indicator_us,m,9,FRED_USALOLITOAASTSAM_OECD_Leading_Indicator_US.csv,283,0.887147
m__usalolitoaastsam_oecd_leading_indicator_us__lag010,usalolitoaastsam_oecd_leading_indicator_us,m,10,FRED_USALOLITOAASTSAM_OECD_Leading_Indicator_US.csv,282,0.884013
m__usalolitoaastsam_oecd_leading_indicator_us__lag011,usalolitoaastsam_oecd_leading_indicator_us,m,11,FRED_USALOLITOAASTSAM_OECD_Leading_Indicator_US.csv,282,0.884013
m__usalolitoaastsam_oecd_leading_indicator_us__lag012,usalolitoaastsam_oecd_leading_indicator_us,m,12,FRED_USALOLITOAASTSAM_OECD_Leading_Indicator_US.csv,282,0.884013
d__usepuindxd_policy_uncertainty__lag001,usepuindxd_policy_uncertainty,d,1,FRED_USEPUINDXD_policy_uncertainty.csv,165,0.517241
d__usepuindxd_policy_uncertainty__lag002,usepuindxd_policy_uncertainty,d,2,FRED_USEPUINDXD_policy_uncertainty.csv,165,0.517241
d__usepuindxd_policy_uncertainty__lag003,usepuindxd_policy_uncertainty,d,3,FRED_USEPUINDXD_policy_uncertainty.csv,165,0.517241
d__usepuindxd_policy_uncertainty__lag004,usepuindxd_policy_uncertainty,d,4,FRED_USEPUINDXD_policy_uncertainty.csv,165,0.517241
d__usepuindxd_policy_uncertainty__lag005,usepuindxd_policy_uncertainty,d,5,FRED_USEPUINDXD_policy_uncertainty.csv,165,0.517241
d__usepuindxd_policy_uncertainty__lag006,usepuindxd_policy_uncertainty,d,6,FRED_USEPUINDXD_policy_uncertainty.csv,165,0.517241
d__usepuindxd_policy_uncertainty__lag007,usepuindxd_policy_uncertainty,d,7,FRED_USEPUINDXD_policy_uncertainty.csv,165,0.517241
d__usepuindxd_policy_uncertainty__lag008,usepuindxd_policy_uncertainty,d,8,FRED_USEPUINDXD_policy_uncertainty.csv,165,0.517241
d__usepuindxd_policy_uncertainty__lag009,usepuindxd_policy_uncertainty,d,9,FRED_USEPUINDXD_policy_uncertainty.csv,165,0.517241
d__usepuindxd_policy_uncertainty__lag010,usepuindxd_policy_uncertainty,d,10,FRED_USEPUINDXD_policy_uncertainty.csv,165,0.517241
d__usepuindxd_policy_uncertainty__lag011,usepuindxd_policy_uncertainty,d,11,FRED_USEPUINDXD_policy_uncertainty.csv,165,0.517241
d__usepuindxd_policy_uncertainty__lag012,usepuindxd_policy_uncertainty,d,12,FRED_USEPUINDXD_policy_uncertainty.csv,165,0.517241
d__usepuindxd_policy_uncertainty__lag013,usepuindxd_policy_uncertainty,d,13,FRED_USEPUINDXD_policy_uncertainty.csv,165,0.517241
d__usepuindxd_policy_uncertainty__lag014,usepuindxd_policy_uncertainty,d,14,FRED_USEPUINDXD_policy_uncertainty.csv,165,0.517241
d__usepuindxd_policy_uncertainty__lag015,usepuindxd_policy_uncertainty,d,15,FRED_USEPUINDXD_policy_uncertainty.csv,165,0.517241
d__usepuindxd_policy_uncertainty__lag016,usepuindxd_policy_uncertainty,d,16,FRED_USEPUINDXD_policy_uncertainty.csv,165,0.517241
d__usepuindxd_policy_uncertainty__lag017,usepuindxd_policy_uncertainty,d,17,FRED_USEPUINDXD_policy_uncertainty.csv,165,0.517241
d__usepuindxd_policy_uncertainty__lag018,usepuindxd_policy_uncertainty,d,18,FRED_USEPUINDXD_policy_uncertainty.csv,165,0.517241
d__usepuindxd_policy_uncertainty__lag019,usepuindxd_policy_uncertainty,d,19,FRED_USEPUINDXD_policy_uncertainty.csv,165,0.517241
d__usepuindxd_policy_uncertainty__lag020,usepuindxd_policy_uncertainty,d,20,FRED_USEPUINDXD_policy_uncertainty.csv,165,0.517241
d__usepuindxd_policy_uncertainty__lag021,usepuindxd_policy_uncertainty,d,21,FRED_USEPUINDXD_policy_uncertainty.csv,165,0.517241
d__usepuindxd_policy_uncertainty__lag022,usepuindxd_policy_uncertainty,d,22,FRED_USEPUINDXD_policy_uncertainty.csv,165,0.517241
d__usepuindxd_policy_uncertainty__lag023,usepuindxd_policy_uncertainty,d,23,FRED_USEPUINDXD_policy_uncertainty.csv,165,0.517241
d__usepuindxd_policy_uncertainty__lag024,usepuindxd_policy_uncertainty,d,24,FRED_USEPUINDXD_policy_uncertainty.csv,165,0.517241
d__usepuindxd_policy_uncertainty__lag025,usepuindxd_policy_uncertainty,d,25,FRED_USEPUINDXD_policy_uncertainty.csv,165,0.517241
d__usepuindxd_policy_uncertainty__lag026,usepuindxd_policy_uncertainty,d,26,FRED_USEPUINDXD_policy_uncertainty.csv,165,0.517241
d__usepuindxd_policy_uncertainty__lag027,usepuindxd_policy_uncertainty,d,27,FRED_USEPUINDXD_policy_uncertainty.csv,165,0.517241
d__usepuindxd_policy_uncertainty__lag028,usepuindxd_policy_uncertainty,d,28,FRED_USEPUINDXD_policy_uncertainty.csv,165,0.517241
d__usepuindxd_policy_uncertainty__lag029,usepuindxd_policy_uncertainty,d,29,FRED_USEPUINDXD_policy_uncertainty.csv,165,0.517241
d__usepuindxd_policy_uncertainty__lag030,usepuindxd_policy_uncertainty,d,30,FRED_USEPUINDXD_policy_uncertainty.csv,165,0.517241
d__usepuindxd_policy_uncertainty__lag031,usepuindxd_policy_uncertainty,d,31,FRED_USEPUINDXD_policy_uncertainty.csv,165,0.517241
d__usepuindxd_policy_uncertainty__lag032,usepuindxd_policy_uncertainty,d,32,FRED_USEPUINDXD_policy_uncertainty.csv,165,0.517241
d__usepuindxd_policy_uncertainty__lag033,usepuindxd_policy_uncertainty,d,33,FRED_USEPUINDXD_policy_uncertainty.csv,165,0.517241
d__usepuindxd_policy_uncertainty__lag034,usepuindxd_policy_uncertainty,d,34,FRED_USEPUINDXD_policy_uncertainty.csv,165,0.517241
d__usepuindxd_policy_uncertainty__lag035,usepuindxd_policy_uncertainty,d,35,FRED_USEPUINDXD_policy_uncertainty.csv,165,0.517241
d__usepuindxd_policy_uncertainty__lag036,usepuindxd_policy_uncertainty,d,36,FRED_USEPUINDXD_policy_uncertainty.csv,165,0.517241
d__usepuindxd_policy_uncertainty__lag037,usepuindxd_policy_uncertainty,d,37,FRED_USEPUINDXD_policy_uncertainty.csv,165,0.517241
d__usepuindxd_policy_uncertainty__lag038,usepuindxd_policy_uncertainty,d,38,FRED_USEPUINDXD_policy_uncertainty.csv,165,0.517241
d__usepuindxd_policy_uncertainty__lag039,usepuindxd_policy_uncertainty,d,39,FRED_USEPUINDXD_policy_uncertainty.csv,165,0.517241
d__usepuindxd_policy_uncertainty__lag040,usepuindxd_policy_uncertainty,d,40,FRED_USEPUINDXD_policy_uncertainty.csv,165,0.517241
d__usepuindxd_policy_uncertainty__lag041,usepuindxd_policy_uncertainty,d,41,FRED_USEPUINDXD_policy_uncertainty.csv,165,0.517241
d__usepuindxd_policy_uncertainty__lag042,usepuindxd_policy_uncertainty,d,42,FRED_USEPUINDXD_policy_uncertainty.csv,165,0.517241
d__usepuindxd_policy_uncertainty__lag043,usepuindxd_policy_uncertainty,d,43,FRED_USEPUINDXD_policy_uncertainty.csv,165,0.517241
d__usepuindxd_policy_uncertainty__lag044,usepuindxd_policy_uncertainty,d,44,FRED_USEPUINDXD_policy_uncertainty.csv,165,0.517241
d__usepuindxd_policy_uncertainty__lag045,usepuindxd_policy_uncertainty,d,45,FRED_USEPUINDXD_policy_uncertainty.csv,165,0.517241
d__usepuindxd_policy_uncertainty__lag046,usepuindxd_policy_uncertainty,d,46,FRED_USEPUINDXD_policy_uncertainty.csv,165,0.517241
d__usepuindxd_policy_uncertainty__lag047,usepuindxd_policy_uncertainty,d,47,FRED_USEPUINDXD_policy_uncertainty.csv,165,0.517241
d__usepuindxd_policy_uncertainty__lag048,usepuindxd_policy_uncertainty,d,48,FRED_USEPUINDXD_policy_uncertainty.csv,165,0.517241
d__usepuindxd_policy_uncertainty__lag049,usepuindxd_policy_uncertainty,d,49,FRED_USEPUINDXD_policy_uncertainty.csv,165,0.517241
d__usepuindxd_policy_uncertainty__lag050,usepuindxd_policy_uncertainty,d,50,FRED_USEPUINDXD_policy_uncertainty.csv,165,0.517241
d__usepuindxd_policy_uncertainty__lag051,usepuindxd_policy_uncertainty,d,51,FRED_USEPUINDXD_policy_uncertainty.csv,165,0.517241
d__usepuindxd_policy_uncertainty__lag052,usepuindxd_policy_uncertainty,d,52,FRED_USEPUINDXD_policy_uncertainty.csv,165,0.517241
d__usepuindxd_policy_uncertainty__lag053,usepuindxd_policy_uncertainty,d,53,FRED_USEPUINDXD_policy_uncertainty.csv,165,0.517241
d__usepuindxd_policy_uncertainty__lag054,usepuindxd_policy_uncertainty,d,54,FRED_USEPUINDXD_policy_uncertainty.csv,165,0.517241
d__usepuindxd_policy_uncertainty__lag055,usepuindxd_policy_uncertainty,d,55,FRED_USEPUINDXD_policy_uncertainty.csv,165,0.517241
d__usepuindxd_policy_uncertainty__lag056,usepuindxd_policy_uncertainty,d,56,FRED_USEPUINDXD_policy_uncertainty.csv,165,0.517241
d__usepuindxd_policy_uncertainty__lag057,usepuindxd_policy_uncertainty,d,57,FRED_USEPUINDXD_policy_uncertainty.csv,165,0.517241
d__usepuindxd_policy_uncertainty__lag058,usepuindxd_policy_uncertainty,d,58,FRED_USEPUINDXD_policy_uncertainty.csv,165,0.517241
d__usepuindxd_policy_uncertainty__lag059,usepuindxd_policy_uncertainty,d,59,FRED_USEPUINDXD_policy_uncertainty.csv,165,0.517241
d__usepuindxd_policy_uncertainty__lag060,usepuindxd_policy_uncertainty,d,60,FRED_USEPUINDXD_policy_uncertainty.csv,165,0.517241
d__usepuindxd_policy_uncertainty__lag061,usepuindxd_policy_uncertainty,d,61,FRED_USEPUINDXD_policy_uncertainty.csv,165,0.517241
d__usepuindxd_policy_uncertainty__lag062,usepuindxd_policy_uncertainty,d,62,FRED_USEPUINDXD_policy_uncertainty.csv,165,0.517241
d__usepuindxd_policy_uncertainty__lag063,usepuindxd_policy_uncertainty,d,63,FRED_USEPUINDXD_policy_uncertainty.csv,165,0.517241
d__usepuindxd_policy_uncertainty__lag064,usepuindxd_policy_uncertainty,d,64,FRED_USEPUINDXD_policy_uncertainty.csv,165,0.517241
d__usepuindxd_policy_uncertainty__lag065,usepuindxd_policy_uncertainty,d,65,FRED_USEPUINDXD_policy_uncertainty.csv,165,0.517241
d__usepuindxd_policy_uncertainty__lag066,usepuindxd_policy_uncertainty,d,66,FRED_USEPUINDXD_policy_uncertainty.csv,165,0.517241
d__usepuindxd_policy_uncertainty__lag067,usepuindxd_policy_uncertainty,d,67,FRED_USEPUINDXD_policy_uncertainty.csv,165,0.517241
d__usepuindxd_policy_uncertainty__lag068,usepuindxd_policy_uncertainty,d,68,FRED_USEPUINDXD_policy_uncertainty.csv,165,0.517241
d__usepuindxd_policy_uncertainty__lag069,usepuindxd_policy_uncertainty,d,69,FRED_USEPUINDXD_policy_uncertainty.csv,165,0.517241
d__usepuindxd_policy_uncertainty__lag070,usepuindxd_policy_uncertainty,d,70,FRED_USEPUINDXD_policy_uncertainty.csv,165,0.517241
d__usepuindxd_policy_uncertainty__lag071,usepuindxd_policy_uncertainty,d,71,FRED_USEPUINDXD_policy_uncertainty.csv,165,0.517241
d__usepuindxd_policy_uncertainty__lag072,usepuindxd_policy_uncertainty,d,72,FRED_USEPUINDXD_policy_uncertainty.csv,165,0.517241
d__usepuindxd_policy_uncertainty__lag073,usepuindxd_policy_uncertainty,d,73,FRED_USEPUINDXD_policy_uncertainty.csv,165,0.517241
d__usepuindxd_policy_uncertainty__lag074,usepuindxd_policy_uncertainty,d,74,FRED_USEPUINDXD_policy_uncertainty.csv,165,0.517241
d__usepuindxd_policy_uncertainty__lag075,usepuindxd_policy_uncertainty,d,75,FRED_USEPUINDXD_policy_uncertainty.csv,165,0.517241
d__usepuindxd_policy_uncertainty__lag076,usepuindxd_policy_uncertainty,d,76,FRED_USEPUINDXD_policy_uncertainty.csv,165,0.517241
d__usepuindxd_policy_uncertainty__lag077,usepuindxd_policy_uncertainty,d,77,FRED_USEPUINDXD_policy_uncertainty.csv,165,0.517241
d__usepuindxd_policy_uncertainty__lag078,usepuindxd_policy_uncertainty,d,78,FRED_USEPUINDXD_policy_uncertainty.csv,165,0.517241
d__usepuindxd_policy_uncertainty__lag079,usepuindxd_policy_uncertainty,d,79,FRED_USEPUINDXD_policy_uncertainty.csv,165,0.517241
d__usepuindxd_policy_uncertainty__lag080,usepuindxd_policy_uncertainty,d,80,FRED_USEPUINDXD_policy_uncertainty.csv,165,0.517241
d__usepuindxd_policy_uncertainty__lag081,usepuindxd_policy_uncertainty,d,81,FRED_USEPUINDXD_policy_uncertainty.csv,165,0.517241
d__usepuindxd_policy_uncertainty__lag082,usepuindxd_policy_uncertainty,d,82,FRED_USEPUINDXD_policy_uncertainty.csv,165,0.517241
d__usepuindxd_policy_uncertainty__lag083,usepuindxd_policy_uncertainty,d,83,FRED_USEPUINDXD_policy_uncertainty.csv,165,0.517241
d__usepuindxd_policy_uncertainty__lag084,usepuindxd_policy_uncertainty,d,84,FRED_USEPUINDXD_policy_uncertainty.csv,165,0.517241
d__usepuindxd_policy_uncertainty__lag085,usepuindxd_policy_uncertainty,d,85,FRED_USEPUINDXD_policy_uncertainty.csv,165,0.517241
d__usepuindxd_policy_uncertainty__lag086,usepuindxd_policy_uncertainty,d,86,FRED_USEPUINDXD_policy_uncertainty.csv,165,0.517241
d__usepuindxd_policy_uncertainty__lag087,usepuindxd_policy_uncertainty,d,87,FRED_USEPUINDXD_policy_uncertainty.csv,165,0.517241
d__usepuindxd_policy_uncertainty__lag088,usepuindxd_policy_uncertainty,d,88,FRED_USEPUINDXD_policy_uncertainty.csv,165,0.517241
d__usepuindxd_policy_uncertainty__lag089,usepuindxd_policy_uncertainty,d,89,FRED_USEPUINDXD_policy_uncertainty.csv,165,0.517241
d__usepuindxd_policy_uncertainty__lag090,usepuindxd_policy_uncertainty,d,90,FRED_USEPUINDXD_policy_uncertainty.csv,165,0.517241
m__usgood_usgood__lag001,usgood_usgood,m,1,FRED_USGOOD_USGOOD.csv,319,1.0
m__usgood_usgood__lag002,usgood_usgood,m,2,FRED_USGOOD_USGOOD.csv,319,1.0
m__usgood_usgood__lag003,usgood_usgood,m,3,FRED_USGOOD_USGOOD.csv,319,1.0
m__usgood_usgood__lag004,usgood_usgood,m,4,FRED_USGOOD_USGOOD.csv,319,1.0
m__usgood_usgood__lag005,usgood_usgood,m,5,FRED_USGOOD_USGOOD.csv,319,1.0
m__usgood_usgood__lag006,usgood_usgood,m,6,FRED_USGOOD_USGOOD.csv,319,1.0
m__usgood_usgood__lag007,usgood_usgood,m,7,FRED_USGOOD_USGOOD.csv,319,1.0
m__usgood_usgood__lag008,usgood_usgood,m,8,FRED_USGOOD_USGOOD.csv,319,1.0
m__usgood_usgood__lag009,usgood_usgood,m,9,FRED_USGOOD_USGOOD.csv,319,1.0
m__usgood_usgood__lag010,usgood_usgood,m,10,FRED_USGOOD_USGOOD.csv,319,1.0
m__usgood_usgood__lag011,usgood_usgood,m,11,FRED_USGOOD_USGOOD.csv,319,1.0
m__usgood_usgood__lag012,usgood_usgood,m,12,FRED_USGOOD_USGOOD.csv,319,1.0
m__usphci_usphci__lag001,usphci_usphci,m,1,FRED_USPHCI_USPHCI.csv,189,0.592476
m__usphci_usphci__lag002,usphci_usphci,m,2,FRED_USPHCI_USPHCI.csv,189,0.592476
m__usphci_usphci__lag003,usphci_usphci,m,3,FRED_USPHCI_USPHCI.csv,189,0.592476
m__usphci_usphci__lag004,usphci_usphci,m,4,FRED_USPHCI_USPHCI.csv,188,0.589342
m__usphci_usphci__lag005,usphci_usphci,m,5,FRED_USPHCI_USPHCI.csv,188,0.589342
m__usphci_usphci__lag006,usphci_usphci,m,6,FRED_USPHCI_USPHCI.csv,188,0.589342
m__usphci_usphci__lag007,usphci_usphci,m,7,FRED_USPHCI_USPHCI.csv,187,0.586207
m__usphci_usphci__lag008,usphci_usphci,m,8,FRED_USPHCI_USPHCI.csv,187,0.586207
m__usphci_usphci__lag009,usphci_usphci,m,9,FRED_USPHCI_USPHCI.csv,187,0.586207
m__usphci_usphci__lag010,usphci_usphci,m,10,FRED_USPHCI_USPHCI.csv,186,0.583072
m__usphci_usphci__lag011,usphci_usphci,m,11,FRED_USPHCI_USPHCI.csv,186,0.583072
m__usphci_usphci__lag012,usphci_usphci,m,12,FRED_USPHCI_USPHCI.csv,186,0.583072
m__uspriv_uspriv__lag001,uspriv_uspriv,m,1,FRED_USPRIV_USPRIV.csv,319,1.0
m__uspriv_uspriv__lag002,uspriv_uspriv,m,2,FRED_USPRIV_USPRIV.csv,319,1.0
m__uspriv_uspriv__lag003,uspriv_uspriv,m,3,FRED_USPRIV_USPRIV.csv,319,1.0
m__uspriv_uspriv__lag004,uspriv_uspriv,m,4,FRED_USPRIV_USPRIV.csv,319,1.0
m__uspriv_uspriv__lag005,uspriv_uspriv,m,5,FRED_USPRIV_USPRIV.csv,319,1.0
m__uspriv_uspriv__lag006,uspriv_uspriv,m,6,FRED_USPRIV_USPRIV.csv,319,1.0
m__uspriv_uspriv__lag007,uspriv_uspriv,m,7,FRED_USPRIV_USPRIV.csv,319,1.0
m__uspriv_uspriv__lag008,uspriv_uspriv,m,8,FRED_USPRIV_USPRIV.csv,319,1.0
m__uspriv_uspriv__lag009,uspriv_uspriv,m,9,FRED_USPRIV_USPRIV.csv,319,1.0
m__uspriv_uspriv__lag010,uspriv_uspriv,m,10,FRED_USPRIV_USPRIV.csv,319,1.0
m__uspriv_uspriv__lag011,uspriv_uspriv,m,11,FRED_USPRIV_USPRIV.csv,319,1.0
m__uspriv_uspriv__lag012,uspriv_uspriv,m,12,FRED_USPRIV_USPRIV.csv,319,1.0
d__vixcls_vixcls__lag001,vixcls_vixcls,d,1,FRED_VIXCLS_VIXCLS.csv,145,0.454545
d__vixcls_vixcls__lag002,vixcls_vixcls,d,2,FRED_VIXCLS_VIXCLS.csv,145,0.454545
d__vixcls_vixcls__lag003,vixcls_vixcls,d,3,FRED_VIXCLS_VIXCLS.csv,145,0.454545
d__vixcls_vixcls__lag004,vixcls_vixcls,d,4,FRED_VIXCLS_VIXCLS.csv,145,0.454545
d__vixcls_vixcls__lag005,vixcls_vixcls,d,5,FRED_VIXCLS_VIXCLS.csv,145,0.454545
d__vixcls_vixcls__lag006,vixcls_vixcls,d,6,FRED_VIXCLS_VIXCLS.csv,145,0.454545
d__vixcls_vixcls__lag007,vixcls_vixcls,d,7,FRED_VIXCLS_VIXCLS.csv,145,0.454545
d__vixcls_vixcls__lag008,vixcls_vixcls,d,8,FRED_VIXCLS_VIXCLS.csv,145,0.454545
d__vixcls_vixcls__lag009,vixcls_vixcls,d,9,FRED_VIXCLS_VIXCLS.csv,145,0.454545
d__vixcls_vixcls__lag010,vixcls_vixcls,d,10,FRED_VIXCLS_VIXCLS.csv,145,0.454545
d__vixcls_vixcls__lag011,vixcls_vixcls,d,11,FRED_VIXCLS_VIXCLS.csv,145,0.454545
d__vixcls_vixcls__lag012,vixcls_vixcls,d,12,FRED_VIXCLS_VIXCLS.csv,145,0.454545
d__vixcls_vixcls__lag013,vixcls_vixcls,d,13,FRED_VIXCLS_VIXCLS.csv,145,0.454545
d__vixcls_vixcls__lag014,vixcls_vixcls,d,14,FRED_VIXCLS_VIXCLS.csv,145,0.454545
d__vixcls_vixcls__lag015,vixcls_vixcls,d,15,FRED_VIXCLS_VIXCLS.csv,145,0.454545
d__vixcls_vixcls__lag016,vixcls_vixcls,d,16,FRED_VIXCLS_VIXCLS.csv,145,0.454545
d__vixcls_vixcls__lag017,vixcls_vixcls,d,17,FRED_VIXCLS_VIXCLS.csv,145,0.454545
d__vixcls_vixcls__lag018,vixcls_vixcls,d,18,FRED_VIXCLS_VIXCLS.csv,145,0.454545
d__vixcls_vixcls__lag019,vixcls_vixcls,d,19,FRED_VIXCLS_VIXCLS.csv,145,0.454545
d__vixcls_vixcls__lag020,vixcls_vixcls,d,20,FRED_VIXCLS_VIXCLS.csv,145,0.454545
d__vixcls_vixcls__lag021,vixcls_vixcls,d,21,FRED_VIXCLS_VIXCLS.csv,145,0.454545
d__vixcls_vixcls__lag022,vixcls_vixcls,d,22,FRED_VIXCLS_VIXCLS.csv,145,0.454545
d__vixcls_vixcls__lag023,vixcls_vixcls,d,23,FRED_VIXCLS_VIXCLS.csv,145,0.454545
d__vixcls_vixcls__lag024,vixcls_vixcls,d,24,FRED_VIXCLS_VIXCLS.csv,145,0.454545
d__vixcls_vixcls__lag025,vixcls_vixcls,d,25,FRED_VIXCLS_VIXCLS.csv,145,0.454545
d__vixcls_vixcls__lag026,vixcls_vixcls,d,26,FRED_VIXCLS_VIXCLS.csv,145,0.454545
d__vixcls_vixcls__lag027,vixcls_vixcls,d,27,FRED_VIXCLS_VIXCLS.csv,145,0.454545
d__vixcls_vixcls__lag028,vixcls_vixcls,d,28,FRED_VIXCLS_VIXCLS.csv,145,0.454545
d__vixcls_vixcls__lag029,vixcls_vixcls,d,29,FRED_VIXCLS_VIXCLS.csv,145,0.454545
d__vixcls_vixcls__lag030,vixcls_vixcls,d,30,FRED_VIXCLS_VIXCLS.csv,145,0.454545
d__vixcls_vixcls__lag031,vixcls_vixcls,d,31,FRED_VIXCLS_VIXCLS.csv,145,0.454545
d__vixcls_vixcls__lag032,vixcls_vixcls,d,32,FRED_VIXCLS_VIXCLS.csv,145,0.454545
d__vixcls_vixcls__lag033,vixcls_vixcls,d,33,FRED_VIXCLS_VIXCLS.csv,145,0.454545
d__vixcls_vixcls__lag034,vixcls_vixcls,d,34,FRED_VIXCLS_VIXCLS.csv,145,0.454545
d__vixcls_vixcls__lag035,vixcls_vixcls,d,35,FRED_VIXCLS_VIXCLS.csv,145,0.454545
d__vixcls_vixcls__lag036,vixcls_vixcls,d,36,FRED_VIXCLS_VIXCLS.csv,145,0.454545
d__vixcls_vixcls__lag037,vixcls_vixcls,d,37,FRED_VIXCLS_VIXCLS.csv,145,0.454545
d__vixcls_vixcls__lag038,vixcls_vixcls,d,38,FRED_VIXCLS_VIXCLS.csv,145,0.454545
d__vixcls_vixcls__lag039,vixcls_vixcls,d,39,FRED_VIXCLS_VIXCLS.csv,145,0.454545
d__vixcls_vixcls__lag040,vixcls_vixcls,d,40,FRED_VIXCLS_VIXCLS.csv,145,0.454545
d__vixcls_vixcls__lag041,vixcls_vixcls,d,41,FRED_VIXCLS_VIXCLS.csv,145,0.454545
d__vixcls_vixcls__lag042,vixcls_vixcls,d,42,FRED_VIXCLS_VIXCLS.csv,145,0.454545
d__vixcls_vixcls__lag043,vixcls_vixcls,d,43,FRED_VIXCLS_VIXCLS.csv,145,0.454545
d__vixcls_vixcls__lag044,vixcls_vixcls,d,44,FRED_VIXCLS_VIXCLS.csv,145,0.454545
d__vixcls_vixcls__lag045,vixcls_vixcls,d,45,FRED_VIXCLS_VIXCLS.csv,145,0.454545
d__vixcls_vixcls__lag046,vixcls_vixcls,d,46,FRED_VIXCLS_VIXCLS.csv,145,0.454545
d__vixcls_vixcls__lag047,vixcls_vixcls,d,47,FRED_VIXCLS_VIXCLS.csv,145,0.454545
d__vixcls_vixcls__lag048,vixcls_vixcls,d,48,FRED_VIXCLS_VIXCLS.csv,145,0.454545
d__vixcls_vixcls__lag049,vixcls_vixcls,d,49,FRED_VIXCLS_VIXCLS.csv,145,0.454545
d__vixcls_vixcls__lag050,vixcls_vixcls,d,50,FRED_VIXCLS_VIXCLS.csv,145,0.454545
d__vixcls_vixcls__lag051,vixcls_vixcls,d,51,FRED_VIXCLS_VIXCLS.csv,145,0.454545
d__vixcls_vixcls__lag052,vixcls_vixcls,d,52,FRED_VIXCLS_VIXCLS.csv,145,0.454545
d__vixcls_vixcls__lag053,vixcls_vixcls,d,53,FRED_VIXCLS_VIXCLS.csv,145,0.454545
d__vixcls_vixcls__lag054,vixcls_vixcls,d,54,FRED_VIXCLS_VIXCLS.csv,145,0.454545
d__vixcls_vixcls__lag055,vixcls_vixcls,d,55,FRED_VIXCLS_VIXCLS.csv,145,0.454545
d__vixcls_vixcls__lag056,vixcls_vixcls,d,56,FRED_VIXCLS_VIXCLS.csv,145,0.454545
d__vixcls_vixcls__lag057,vixcls_vixcls,d,57,FRED_VIXCLS_VIXCLS.csv,145,0.454545
d__vixcls_vixcls__lag058,vixcls_vixcls,d,58,FRED_VIXCLS_VIXCLS.csv,145,0.454545
d__vixcls_vixcls__lag059,vixcls_vixcls,d,59,FRED_VIXCLS_VIXCLS.csv,145,0.454545
d__vixcls_vixcls__lag060,vixcls_vixcls,d,60,FRED_VIXCLS_VIXCLS.csv,145,0.454545
d__vixcls_vixcls__lag061,vixcls_vixcls,d,61,FRED_VIXCLS_VIXCLS.csv,145,0.454545
d__vixcls_vixcls__lag062,vixcls_vixcls,d,62,FRED_VIXCLS_VIXCLS.csv,145,0.454545
d__vixcls_vixcls__lag063,vixcls_vixcls,d,63,FRED_VIXCLS_VIXCLS.csv,145,0.454545
d__vixcls_vixcls__lag064,vixcls_vixcls,d,64,FRED_VIXCLS_VIXCLS.csv,145,0.454545
d__vixcls_vixcls__lag065,vixcls_vixcls,d,65,FRED_VIXCLS_VIXCLS.csv,145,0.454545
d__vixcls_vixcls__lag066,vixcls_vixcls,d,66,FRED_VIXCLS_VIXCLS.csv,145,0.454545
d__vixcls_vixcls__lag067,vixcls_vixcls,d,67,FRED_VIXCLS_VIXCLS.csv,145,0.454545
d__vixcls_vixcls__lag068,vixcls_vixcls,d,68,FRED_VIXCLS_VIXCLS.csv,145,0.454545
d__vixcls_vixcls__lag069,vixcls_vixcls,d,69,FRED_VIXCLS_VIXCLS.csv,145,0.454545
d__vixcls_vixcls__lag070,vixcls_vixcls,d,70,FRED_VIXCLS_VIXCLS.csv,145,0.454545
d__vixcls_vixcls__lag071,vixcls_vixcls,d,71,FRED_VIXCLS_VIXCLS.csv,145,0.454545
d__vixcls_vixcls__lag072,vixcls_vixcls,d,72,FRED_VIXCLS_VIXCLS.csv,145,0.454545
d__vixcls_vixcls__lag073,vixcls_vixcls,d,73,FRED_VIXCLS_VIXCLS.csv,145,0.454545
d__vixcls_vixcls__lag074,vixcls_vixcls,d,74,FRED_VIXCLS_VIXCLS.csv,145,0.454545
d__vixcls_vixcls__lag075,vixcls_vixcls,d,75,FRED_VIXCLS_VIXCLS.csv,145,0.454545
d__vixcls_vixcls__lag076,vixcls_vixcls,d,76,FRED_VIXCLS_VIXCLS.csv,145,0.454545
d__vixcls_vixcls__lag077,vixcls_vixcls,d,77,FRED_VIXCLS_VIXCLS.csv,145,0.454545
d__vixcls_vixcls__lag078,vixcls_vixcls,d,78,FRED_VIXCLS_VIXCLS.csv,145,0.454545
d__vixcls_vixcls__lag079,vixcls_vixcls,d,79,FRED_VIXCLS_VIXCLS.csv,145,0.454545
d__vixcls_vixcls__lag080,vixcls_vixcls,d,80,FRED_VIXCLS_VIXCLS.csv,145,0.454545
d__vixcls_vixcls__lag081,vixcls_vixcls,d,81,FRED_VIXCLS_VIXCLS.csv,145,0.454545
d__vixcls_vixcls__lag082,vixcls_vixcls,d,82,FRED_VIXCLS_VIXCLS.csv,145,0.454545
d__vixcls_vixcls__lag083,vixcls_vixcls,d,83,FRED_VIXCLS_VIXCLS.csv,145,0.454545
d__vixcls_vixcls__lag084,vixcls_vixcls,d,84,FRED_VIXCLS_VIXCLS.csv,145,0.454545
d__vixcls_vixcls__lag085,vixcls_vixcls,d,85,FRED_VIXCLS_VIXCLS.csv,145,0.454545
d__vixcls_vixcls__lag086,vixcls_vixcls,d,86,FRED_VIXCLS_VIXCLS.csv,145,0.454545
d__vixcls_vixcls__lag087,vixcls_vixcls,d,87,FRED_VIXCLS_VIXCLS.csv,145,0.454545
d__vixcls_vixcls__lag088,vixcls_vixcls,d,88,FRED_VIXCLS_VIXCLS.csv,145,0.454545
d__vixcls_vixcls__lag089,vixcls_vixcls,d,89,FRED_VIXCLS_VIXCLS.csv,145,0.454545
d__vixcls_vixcls__lag090,vixcls_vixcls,d,90,FRED_VIXCLS_VIXCLS.csv,144,0.451411
q__w006rc1q027sbea_gov_tax_receipts__lag001,w006rc1q027sbea_gov_tax_receipts,q,1,FRED_W006RC1Q027SBEA_Gov_Tax_Receipts.csv,316,0.990596
q__w006rc1q027sbea_gov_tax_receipts__lag002,w006rc1q027sbea_gov_tax_receipts,q,2,FRED_W006RC1Q027SBEA_Gov_Tax_Receipts.csv,315,0.987461
q__w006rc1q027sbea_gov_tax_receipts__lag003,w006rc1q027sbea_gov_tax_receipts,q,3,FRED_W006RC1Q027SBEA_Gov_Tax_Receipts.csv,314,0.984326
q__w006rc1q027sbea_gov_tax_receipts__lag004,w006rc1q027sbea_gov_tax_receipts,q,4,FRED_W006RC1Q027SBEA_Gov_Tax_Receipts.csv,313,0.981191
q__w006rc1q027sbea_gov_tax_receipts__lag005,w006rc1q027sbea_gov_tax_receipts,q,5,FRED_W006RC1Q027SBEA_Gov_Tax_Receipts.csv,312,0.978056
q__w006rc1q027sbea_gov_tax_receipts__lag006,w006rc1q027sbea_gov_tax_receipts,q,6,FRED_W006RC1Q027SBEA_Gov_Tax_Receipts.csv,311,0.974922
q__w006rc1q027sbea_gov_tax_receipts__lag007,w006rc1q027sbea_gov_tax_receipts,q,7,FRED_W006RC1Q027SBEA_Gov_Tax_Receipts.csv,310,0.971787
q__w006rc1q027sbea_gov_tax_receipts__lag008,w006rc1q027sbea_gov_tax_receipts,q,8,FRED_W006RC1Q027SBEA_Gov_Tax_Receipts.csv,309,0.968652
q__w260rc1q027sbea_gdi_netopsurp_privent__lag001,w260rc1q027sbea_gdi_netopsurp_privent,q,1,FRED_W260RC1Q027SBEA_gdi_netopsurp_privent.csv,316,0.990596
q__w260rc1q027sbea_gdi_netopsurp_privent__lag002,w260rc1q027sbea_gdi_netopsurp_privent,q,2,FRED_W260RC1Q027SBEA_gdi_netopsurp_privent.csv,315,0.987461
q__w260rc1q027sbea_gdi_netopsurp_privent__lag003,w260rc1q027sbea_gdi_netopsurp_privent,q,3,FRED_W260RC1Q027SBEA_gdi_netopsurp_privent.csv,314,0.984326
q__w260rc1q027sbea_gdi_netopsurp_privent__lag004,w260rc1q027sbea_gdi_netopsurp_privent,q,4,FRED_W260RC1Q027SBEA_gdi_netopsurp_privent.csv,313,0.981191
q__w260rc1q027sbea_gdi_netopsurp_privent__lag005,w260rc1q027sbea_gdi_netopsurp_privent,q,5,FRED_W260RC1Q027SBEA_gdi_netopsurp_privent.csv,312,0.978056
q__w260rc1q027sbea_gdi_netopsurp_privent__lag006,w260rc1q027sbea_gdi_netopsurp_privent,q,6,FRED_W260RC1Q027SBEA_gdi_netopsurp_privent.csv,311,0.974922
q__w260rc1q027sbea_gdi_netopsurp_privent__lag007,w260rc1q027sbea_gdi_netopsurp_privent,q,7,FRED_W260RC1Q027SBEA_gdi_netopsurp_privent.csv,310,0.971787
q__w260rc1q027sbea_gdi_netopsurp_privent__lag008,w260rc1q027sbea_gdi_netopsurp_privent,q,8,FRED_W260RC1Q027SBEA_gdi_netopsurp_privent.csv,309,0.968652
q__w326rc1q027sbea_net_op_surplus__lag001,w326rc1q027sbea_net_op_surplus,q,1,FRED_W326RC1Q027SBEA_net_op_surplus.csv,316,0.990596
q__w326rc1q027sbea_net_op_surplus__lag002,w326rc1q027sbea_net_op_surplus,q,2,FRED_W326RC1Q027SBEA_net_op_surplus.csv,315,0.987461
q__w326rc1q027sbea_net_op_surplus__lag003,w326rc1q027sbea_net_op_surplus,q,3,FRED_W326RC1Q027SBEA_net_op_surplus.csv,314,0.984326
q__w326rc1q027sbea_net_op_surplus__lag004,w326rc1q027sbea_net_op_surplus,q,4,FRED_W326RC1Q027SBEA_net_op_surplus.csv,313,0.981191
q__w326rc1q027sbea_net_op_surplus__lag005,w326rc1q027sbea_net_op_surplus,q,5,FRED_W326RC1Q027SBEA_net_op_surplus.csv,312,0.978056
q__w326rc1q027sbea_net_op_surplus__lag006,w326rc1q027sbea_net_op_surplus,q,6,FRED_W326RC1Q027SBEA_net_op_surplus.csv,311,0.974922
q__w326rc1q027sbea_net_op_surplus__lag007,w326rc1q027sbea_net_op_surplus,q,7,FRED_W326RC1Q027SBEA_net_op_surplus.csv,310,0.971787
q__w326rc1q027sbea_net_op_surplus__lag008,w326rc1q027sbea_net_op_surplus,q,8,FRED_W326RC1Q027SBEA_net_op_surplus.csv,309,0.968652
q__w328rc1q027sbea_nfcb_pat__lag001,w328rc1q027sbea_nfcb_pat,q,1,FRED_W328RC1Q027SBEA_nfcb_pat.csv,316,0.990596
q__w328rc1q027sbea_nfcb_pat__lag002,w328rc1q027sbea_nfcb_pat,q,2,FRED_W328RC1Q027SBEA_nfcb_pat.csv,315,0.987461
q__w328rc1q027sbea_nfcb_pat__lag003,w328rc1q027sbea_nfcb_pat,q,3,FRED_W328RC1Q027SBEA_nfcb_pat.csv,314,0.984326
q__w328rc1q027sbea_nfcb_pat__lag004,w328rc1q027sbea_nfcb_pat,q,4,FRED_W328RC1Q027SBEA_nfcb_pat.csv,313,0.981191
q__w328rc1q027sbea_nfcb_pat__lag005,w328rc1q027sbea_nfcb_pat,q,5,FRED_W328RC1Q027SBEA_nfcb_pat.csv,312,0.978056
q__w328rc1q027sbea_nfcb_pat__lag006,w328rc1q027sbea_nfcb_pat,q,6,FRED_W328RC1Q027SBEA_nfcb_pat.csv,311,0.974922
q__w328rc1q027sbea_nfcb_pat__lag007,w328rc1q027sbea_nfcb_pat,q,7,FRED_W328RC1Q027SBEA_nfcb_pat.csv,310,0.971787
q__w328rc1q027sbea_nfcb_pat__lag008,w328rc1q027sbea_nfcb_pat,q,8,FRED_W328RC1Q027SBEA_nfcb_pat.csv,309,0.968652
m__w875rx1_real_dpi_xtx__lag001,w875rx1_real_dpi_xtx,m,1,FRED_W875RX1_real_dpi_xtx.csv,269,0.84326
m__w875rx1_real_dpi_xtx__lag002,w875rx1_real_dpi_xtx,m,2,FRED_W875RX1_real_dpi_xtx.csv,269,0.84326
m__w875rx1_real_dpi_xtx__lag003,w875rx1_real_dpi_xtx,m,3,FRED_W875RX1_real_dpi_xtx.csv,269,0.84326
m__w875rx1_real_dpi_xtx__lag004,w875rx1_real_dpi_xtx,m,4,FRED_W875RX1_real_dpi_xtx.csv,268,0.840125
m__w875rx1_real_dpi_xtx__lag005,w875rx1_real_dpi_xtx,m,5,FRED_W875RX1_real_dpi_xtx.csv,268,0.840125
m__w875rx1_real_dpi_xtx__lag006,w875rx1_real_dpi_xtx,m,6,FRED_W875RX1_real_dpi_xtx.csv,268,0.840125
m__w875rx1_real_dpi_xtx__lag007,w875rx1_real_dpi_xtx,m,7,FRED_W875RX1_real_dpi_xtx.csv,267,0.836991
m__w875rx1_real_dpi_xtx__lag008,w875rx1_real_dpi_xtx,m,8,FRED_W875RX1_real_dpi_xtx.csv,267,0.836991
m__w875rx1_real_dpi_xtx__lag009,w875rx1_real_dpi_xtx,m,9,FRED_W875RX1_real_dpi_xtx.csv,267,0.836991
m__w875rx1_real_dpi_xtx__lag010,w875rx1_real_dpi_xtx,m,10,FRED_W875RX1_real_dpi_xtx.csv,266,0.833856
m__w875rx1_real_dpi_xtx__lag011,w875rx1_real_dpi_xtx,m,11,FRED_W875RX1_real_dpi_xtx.csv,266,0.833856
m__w875rx1_real_dpi_xtx__lag012,w875rx1_real_dpi_xtx,m,12,FRED_W875RX1_real_dpi_xtx.csv,266,0.833856
d__wdtgal_tga_fed__lag001,wdtgal_tga_fed,d,1,FRED_WDTGAL_tga_fed.csv,94,0.294671
d__wdtgal_tga_fed__lag002,wdtgal_tga_fed,d,2,FRED_WDTGAL_tga_fed.csv,94,0.294671
d__wdtgal_tga_fed__lag003,wdtgal_tga_fed,d,3,FRED_WDTGAL_tga_fed.csv,94,0.294671
d__wdtgal_tga_fed__lag004,wdtgal_tga_fed,d,4,FRED_WDTGAL_tga_fed.csv,94,0.294671
d__wdtgal_tga_fed__lag005,wdtgal_tga_fed,d,5,FRED_WDTGAL_tga_fed.csv,94,0.294671
d__wdtgal_tga_fed__lag006,wdtgal_tga_fed,d,6,FRED_WDTGAL_tga_fed.csv,94,0.294671
d__wdtgal_tga_fed__lag007,wdtgal_tga_fed,d,7,FRED_WDTGAL_tga_fed.csv,94,0.294671
d__wdtgal_tga_fed__lag008,wdtgal_tga_fed,d,8,FRED_WDTGAL_tga_fed.csv,94,0.294671
d__wdtgal_tga_fed__lag009,wdtgal_tga_fed,d,9,FRED_WDTGAL_tga_fed.csv,94,0.294671
d__wdtgal_tga_fed__lag010,wdtgal_tga_fed,d,10,FRED_WDTGAL_tga_fed.csv,94,0.294671
d__wdtgal_tga_fed__lag011,wdtgal_tga_fed,d,11,FRED_WDTGAL_tga_fed.csv,94,0.294671
d__wdtgal_tga_fed__lag012,wdtgal_tga_fed,d,12,FRED_WDTGAL_tga_fed.csv,94,0.294671
d__wdtgal_tga_fed__lag013,wdtgal_tga_fed,d,13,FRED_WDTGAL_tga_fed.csv,94,0.294671
d__wdtgal_tga_fed__lag014,wdtgal_tga_fed,d,14,FRED_WDTGAL_tga_fed.csv,94,0.294671
d__wdtgal_tga_fed__lag015,wdtgal_tga_fed,d,15,FRED_WDTGAL_tga_fed.csv,93,0.291536
d__wdtgal_tga_fed__lag016,wdtgal_tga_fed,d,16,FRED_WDTGAL_tga_fed.csv,93,0.291536
d__wdtgal_tga_fed__lag017,wdtgal_tga_fed,d,17,FRED_WDTGAL_tga_fed.csv,93,0.291536
d__wdtgal_tga_fed__lag018,wdtgal_tga_fed,d,18,FRED_WDTGAL_tga_fed.csv,93,0.291536
d__wdtgal_tga_fed__lag019,wdtgal_tga_fed,d,19,FRED_WDTGAL_tga_fed.csv,93,0.291536
d__wdtgal_tga_fed__lag020,wdtgal_tga_fed,d,20,FRED_WDTGAL_tga_fed.csv,93,0.291536
d__wdtgal_tga_fed__lag021,wdtgal_tga_fed,d,21,FRED_WDTGAL_tga_fed.csv,93,0.291536
d__wdtgal_tga_fed__lag022,wdtgal_tga_fed,d,22,FRED_WDTGAL_tga_fed.csv,93,0.291536
d__wdtgal_tga_fed__lag023,wdtgal_tga_fed,d,23,FRED_WDTGAL_tga_fed.csv,93,0.291536
d__wdtgal_tga_fed__lag024,wdtgal_tga_fed,d,24,FRED_WDTGAL_tga_fed.csv,93,0.291536
d__wdtgal_tga_fed__lag025,wdtgal_tga_fed,d,25,FRED_WDTGAL_tga_fed.csv,93,0.291536
d__wdtgal_tga_fed__lag026,wdtgal_tga_fed,d,26,FRED_WDTGAL_tga_fed.csv,93,0.291536
d__wdtgal_tga_fed__lag027,wdtgal_tga_fed,d,27,FRED_WDTGAL_tga_fed.csv,93,0.291536
d__wdtgal_tga_fed__lag028,wdtgal_tga_fed,d,28,FRED_WDTGAL_tga_fed.csv,93,0.291536
d__wdtgal_tga_fed__lag029,wdtgal_tga_fed,d,29,FRED_WDTGAL_tga_fed.csv,93,0.291536
d__wdtgal_tga_fed__lag030,wdtgal_tga_fed,d,30,FRED_WDTGAL_tga_fed.csv,93,0.291536
d__wdtgal_tga_fed__lag031,wdtgal_tga_fed,d,31,FRED_WDTGAL_tga_fed.csv,93,0.291536
d__wdtgal_tga_fed__lag032,wdtgal_tga_fed,d,32,FRED_WDTGAL_tga_fed.csv,93,0.291536
d__wdtgal_tga_fed__lag033,wdtgal_tga_fed,d,33,FRED_WDTGAL_tga_fed.csv,93,0.291536
d__wdtgal_tga_fed__lag034,wdtgal_tga_fed,d,34,FRED_WDTGAL_tga_fed.csv,93,0.291536
d__wdtgal_tga_fed__lag035,wdtgal_tga_fed,d,35,FRED_WDTGAL_tga_fed.csv,93,0.291536
d__wdtgal_tga_fed__lag036,wdtgal_tga_fed,d,36,FRED_WDTGAL_tga_fed.csv,93,0.291536
d__wdtgal_tga_fed__lag037,wdtgal_tga_fed,d,37,FRED_WDTGAL_tga_fed.csv,93,0.291536
d__wdtgal_tga_fed__lag038,wdtgal_tga_fed,d,38,FRED_WDTGAL_tga_fed.csv,93,0.291536
d__wdtgal_tga_fed__lag039,wdtgal_tga_fed,d,39,FRED_WDTGAL_tga_fed.csv,93,0.291536
d__wdtgal_tga_fed__lag040,wdtgal_tga_fed,d,40,FRED_WDTGAL_tga_fed.csv,93,0.291536
d__wdtgal_tga_fed__lag041,wdtgal_tga_fed,d,41,FRED_WDTGAL_tga_fed.csv,93,0.291536
d__wdtgal_tga_fed__lag042,wdtgal_tga_fed,d,42,FRED_WDTGAL_tga_fed.csv,93,0.291536
d__wdtgal_tga_fed__lag043,wdtgal_tga_fed,d,43,FRED_WDTGAL_tga_fed.csv,93,0.291536
d__wdtgal_tga_fed__lag044,wdtgal_tga_fed,d,44,FRED_WDTGAL_tga_fed.csv,93,0.291536
d__wdtgal_tga_fed__lag045,wdtgal_tga_fed,d,45,FRED_WDTGAL_tga_fed.csv,93,0.291536
d__wdtgal_tga_fed__lag046,wdtgal_tga_fed,d,46,FRED_WDTGAL_tga_fed.csv,93,0.291536
d__wdtgal_tga_fed__lag047,wdtgal_tga_fed,d,47,FRED_WDTGAL_tga_fed.csv,93,0.291536
d__wdtgal_tga_fed__lag048,wdtgal_tga_fed,d,48,FRED_WDTGAL_tga_fed.csv,93,0.291536
d__wdtgal_tga_fed__lag049,wdtgal_tga_fed,d,49,FRED_WDTGAL_tga_fed.csv,93,0.291536
d__wdtgal_tga_fed__lag050,wdtgal_tga_fed,d,50,FRED_WDTGAL_tga_fed.csv,93,0.291536
d__wdtgal_tga_fed__lag051,wdtgal_tga_fed,d,51,FRED_WDTGAL_tga_fed.csv,93,0.291536
d__wdtgal_tga_fed__lag052,wdtgal_tga_fed,d,52,FRED_WDTGAL_tga_fed.csv,93,0.291536
d__wdtgal_tga_fed__lag053,wdtgal_tga_fed,d,53,FRED_WDTGAL_tga_fed.csv,93,0.291536
d__wdtgal_tga_fed__lag054,wdtgal_tga_fed,d,54,FRED_WDTGAL_tga_fed.csv,93,0.291536
d__wdtgal_tga_fed__lag055,wdtgal_tga_fed,d,55,FRED_WDTGAL_tga_fed.csv,93,0.291536
d__wdtgal_tga_fed__lag056,wdtgal_tga_fed,d,56,FRED_WDTGAL_tga_fed.csv,93,0.291536
d__wdtgal_tga_fed__lag057,wdtgal_tga_fed,d,57,FRED_WDTGAL_tga_fed.csv,93,0.291536
d__wdtgal_tga_fed__lag058,wdtgal_tga_fed,d,58,FRED_WDTGAL_tga_fed.csv,93,0.291536
d__wdtgal_tga_fed__lag059,wdtgal_tga_fed,d,59,FRED_WDTGAL_tga_fed.csv,93,0.291536
d__wdtgal_tga_fed__lag060,wdtgal_tga_fed,d,60,FRED_WDTGAL_tga_fed.csv,93,0.291536
d__wdtgal_tga_fed__lag061,wdtgal_tga_fed,d,61,FRED_WDTGAL_tga_fed.csv,93,0.291536
d__wdtgal_tga_fed__lag062,wdtgal_tga_fed,d,62,FRED_WDTGAL_tga_fed.csv,93,0.291536
d__wdtgal_tga_fed__lag063,wdtgal_tga_fed,d,63,FRED_WDTGAL_tga_fed.csv,93,0.291536
d__wdtgal_tga_fed__lag064,wdtgal_tga_fed,d,64,FRED_WDTGAL_tga_fed.csv,93,0.291536
d__wdtgal_tga_fed__lag065,wdtgal_tga_fed,d,65,FRED_WDTGAL_tga_fed.csv,93,0.291536
d__wdtgal_tga_fed__lag066,wdtgal_tga_fed,d,66,FRED_WDTGAL_tga_fed.csv,93,0.291536
d__wdtgal_tga_fed__lag067,wdtgal_tga_fed,d,67,FRED_WDTGAL_tga_fed.csv,93,0.291536
d__wdtgal_tga_fed__lag068,wdtgal_tga_fed,d,68,FRED_WDTGAL_tga_fed.csv,93,0.291536
d__wdtgal_tga_fed__lag069,wdtgal_tga_fed,d,69,FRED_WDTGAL_tga_fed.csv,93,0.291536
d__wdtgal_tga_fed__lag070,wdtgal_tga_fed,d,70,FRED_WDTGAL_tga_fed.csv,93,0.291536
d__wdtgal_tga_fed__lag071,wdtgal_tga_fed,d,71,FRED_WDTGAL_tga_fed.csv,93,0.291536
d__wdtgal_tga_fed__lag072,wdtgal_tga_fed,d,72,FRED_WDTGAL_tga_fed.csv,93,0.291536
d__wdtgal_tga_fed__lag073,wdtgal_tga_fed,d,73,FRED_WDTGAL_tga_fed.csv,93,0.291536
d__wdtgal_tga_fed__lag074,wdtgal_tga_fed,d,74,FRED_WDTGAL_tga_fed.csv,93,0.291536
d__wdtgal_tga_fed__lag075,wdtgal_tga_fed,d,75,FRED_WDTGAL_tga_fed.csv,93,0.291536
d__wdtgal_tga_fed__lag076,wdtgal_tga_fed,d,76,FRED_WDTGAL_tga_fed.csv,93,0.291536
d__wdtgal_tga_fed__lag077,wdtgal_tga_fed,d,77,FRED_WDTGAL_tga_fed.csv,93,0.291536
d__wdtgal_tga_fed__lag078,wdtgal_tga_fed,d,78,FRED_WDTGAL_tga_fed.csv,93,0.291536
d__wdtgal_tga_fed__lag079,wdtgal_tga_fed,d,79,FRED_WDTGAL_tga_fed.csv,93,0.291536
d__wdtgal_tga_fed__lag080,wdtgal_tga_fed,d,80,FRED_WDTGAL_tga_fed.csv,93,0.291536
d__wdtgal_tga_fed__lag081,wdtgal_tga_fed,d,81,FRED_WDTGAL_tga_fed.csv,93,0.291536
d__wdtgal_tga_fed__lag082,wdtgal_tga_fed,d,82,FRED_WDTGAL_tga_fed.csv,93,0.291536
d__wdtgal_tga_fed__lag083,wdtgal_tga_fed,d,83,FRED_WDTGAL_tga_fed.csv,93,0.291536
d__wdtgal_tga_fed__lag084,wdtgal_tga_fed,d,84,FRED_WDTGAL_tga_fed.csv,93,0.291536
d__wdtgal_tga_fed__lag085,wdtgal_tga_fed,d,85,FRED_WDTGAL_tga_fed.csv,93,0.291536
d__wdtgal_tga_fed__lag086,wdtgal_tga_fed,d,86,FRED_WDTGAL_tga_fed.csv,93,0.291536
d__wdtgal_tga_fed__lag087,wdtgal_tga_fed,d,87,FRED_WDTGAL_tga_fed.csv,93,0.291536
d__wdtgal_tga_fed__lag088,wdtgal_tga_fed,d,88,FRED_WDTGAL_tga_fed.csv,93,0.291536
d__wdtgal_tga_fed__lag089,wdtgal_tga_fed,d,89,FRED_WDTGAL_tga_fed.csv,93,0.291536
d__wdtgal_tga_fed__lag090,wdtgal_tga_fed,d,90,FRED_WDTGAL_tga_fed.csv,93,0.291536
d__wimfsl_immf__lag001,wimfsl_immf,d,1,FRED_WIMFSL_IMMF.csv,185,0.579937
d__wimfsl_immf__lag002,wimfsl_immf,d,2,FRED_WIMFSL_IMMF.csv,185,0.579937
d__wimfsl_immf__lag003,wimfsl_immf,d,3,FRED_WIMFSL_IMMF.csv,185,0.579937
d__wimfsl_immf__lag004,wimfsl_immf,d,4,FRED_WIMFSL_IMMF.csv,185,0.579937
d__wimfsl_immf__lag005,wimfsl_immf,d,5,FRED_WIMFSL_IMMF.csv,185,0.579937
d__wimfsl_immf__lag006,wimfsl_immf,d,6,FRED_WIMFSL_IMMF.csv,185,0.579937
d__wimfsl_immf__lag007,wimfsl_immf,d,7,FRED_WIMFSL_IMMF.csv,185,0.579937
d__wimfsl_immf__lag008,wimfsl_immf,d,8,FRED_WIMFSL_IMMF.csv,185,0.579937
d__wimfsl_immf__lag009,wimfsl_immf,d,9,FRED_WIMFSL_IMMF.csv,185,0.579937
d__wimfsl_immf__lag010,wimfsl_immf,d,10,FRED_WIMFSL_IMMF.csv,185,0.579937
d__wimfsl_immf__lag011,wimfsl_immf,d,11,FRED_WIMFSL_IMMF.csv,185,0.579937
d__wimfsl_immf__lag012,wimfsl_immf,d,12,FRED_WIMFSL_IMMF.csv,185,0.579937
d__wimfsl_immf__lag013,wimfsl_immf,d,13,FRED_WIMFSL_IMMF.csv,185,0.579937
d__wimfsl_immf__lag014,wimfsl_immf,d,14,FRED_WIMFSL_IMMF.csv,185,0.579937
d__wimfsl_immf__lag015,wimfsl_immf,d,15,FRED_WIMFSL_IMMF.csv,185,0.579937
d__wimfsl_immf__lag016,wimfsl_immf,d,16,FRED_WIMFSL_IMMF.csv,185,0.579937
d__wimfsl_immf__lag017,wimfsl_immf,d,17,FRED_WIMFSL_IMMF.csv,185,0.579937
d__wimfsl_immf__lag018,wimfsl_immf,d,18,FRED_WIMFSL_IMMF.csv,185,0.579937
d__wimfsl_immf__lag019,wimfsl_immf,d,19,FRED_WIMFSL_IMMF.csv,185,0.579937
d__wimfsl_immf__lag020,wimfsl_immf,d,20,FRED_WIMFSL_IMMF.csv,185,0.579937
d__wimfsl_immf__lag021,wimfsl_immf,d,21,FRED_WIMFSL_IMMF.csv,185,0.579937
d__wimfsl_immf__lag022,wimfsl_immf,d,22,FRED_WIMFSL_IMMF.csv,185,0.579937
d__wimfsl_immf__lag023,wimfsl_immf,d,23,FRED_WIMFSL_IMMF.csv,185,0.579937
d__wimfsl_immf__lag024,wimfsl_immf,d,24,FRED_WIMFSL_IMMF.csv,185,0.579937
d__wimfsl_immf__lag025,wimfsl_immf,d,25,FRED_WIMFSL_IMMF.csv,185,0.579937
d__wimfsl_immf__lag026,wimfsl_immf,d,26,FRED_WIMFSL_IMMF.csv,185,0.579937
d__wimfsl_immf__lag027,wimfsl_immf,d,27,FRED_WIMFSL_IMMF.csv,185,0.579937
d__wimfsl_immf__lag028,wimfsl_immf,d,28,FRED_WIMFSL_IMMF.csv,185,0.579937
d__wimfsl_immf__lag029,wimfsl_immf,d,29,FRED_WIMFSL_IMMF.csv,185,0.579937
d__wimfsl_immf__lag030,wimfsl_immf,d,30,FRED_WIMFSL_IMMF.csv,185,0.579937
d__wimfsl_immf__lag031,wimfsl_immf,d,31,FRED_WIMFSL_IMMF.csv,185,0.579937
d__wimfsl_immf__lag032,wimfsl_immf,d,32,FRED_WIMFSL_IMMF.csv,185,0.579937
d__wimfsl_immf__lag033,wimfsl_immf,d,33,FRED_WIMFSL_IMMF.csv,185,0.579937
d__wimfsl_immf__lag034,wimfsl_immf,d,34,FRED_WIMFSL_IMMF.csv,185,0.579937
d__wimfsl_immf__lag035,wimfsl_immf,d,35,FRED_WIMFSL_IMMF.csv,185,0.579937
d__wimfsl_immf__lag036,wimfsl_immf,d,36,FRED_WIMFSL_IMMF.csv,185,0.579937
d__wimfsl_immf__lag037,wimfsl_immf,d,37,FRED_WIMFSL_IMMF.csv,185,0.579937
d__wimfsl_immf__lag038,wimfsl_immf,d,38,FRED_WIMFSL_IMMF.csv,185,0.579937
d__wimfsl_immf__lag039,wimfsl_immf,d,39,FRED_WIMFSL_IMMF.csv,185,0.579937
d__wimfsl_immf__lag040,wimfsl_immf,d,40,FRED_WIMFSL_IMMF.csv,185,0.579937
d__wimfsl_immf__lag041,wimfsl_immf,d,41,FRED_WIMFSL_IMMF.csv,185,0.579937
d__wimfsl_immf__lag042,wimfsl_immf,d,42,FRED_WIMFSL_IMMF.csv,185,0.579937
d__wimfsl_immf__lag043,wimfsl_immf,d,43,FRED_WIMFSL_IMMF.csv,185,0.579937
d__wimfsl_immf__lag044,wimfsl_immf,d,44,FRED_WIMFSL_IMMF.csv,185,0.579937
d__wimfsl_immf__lag045,wimfsl_immf,d,45,FRED_WIMFSL_IMMF.csv,185,0.579937
d__wimfsl_immf__lag046,wimfsl_immf,d,46,FRED_WIMFSL_IMMF.csv,185,0.579937
d__wimfsl_immf__lag047,wimfsl_immf,d,47,FRED_WIMFSL_IMMF.csv,185,0.579937
d__wimfsl_immf__lag048,wimfsl_immf,d,48,FRED_WIMFSL_IMMF.csv,185,0.579937
d__wimfsl_immf__lag049,wimfsl_immf,d,49,FRED_WIMFSL_IMMF.csv,185,0.579937
d__wimfsl_immf__lag050,wimfsl_immf,d,50,FRED_WIMFSL_IMMF.csv,185,0.579937
d__wimfsl_immf__lag051,wimfsl_immf,d,51,FRED_WIMFSL_IMMF.csv,185,0.579937
d__wimfsl_immf__lag052,wimfsl_immf,d,52,FRED_WIMFSL_IMMF.csv,185,0.579937
d__wimfsl_immf__lag053,wimfsl_immf,d,53,FRED_WIMFSL_IMMF.csv,185,0.579937
d__wimfsl_immf__lag054,wimfsl_immf,d,54,FRED_WIMFSL_IMMF.csv,185,0.579937
d__wimfsl_immf__lag055,wimfsl_immf,d,55,FRED_WIMFSL_IMMF.csv,185,0.579937
d__wimfsl_immf__lag056,wimfsl_immf,d,56,FRED_WIMFSL_IMMF.csv,185,0.579937
d__wimfsl_immf__lag057,wimfsl_immf,d,57,FRED_WIMFSL_IMMF.csv,185,0.579937
d__wimfsl_immf__lag058,wimfsl_immf,d,58,FRED_WIMFSL_IMMF.csv,184,0.576803
d__wimfsl_immf__lag059,wimfsl_immf,d,59,FRED_WIMFSL_IMMF.csv,184,0.576803
d__wimfsl_immf__lag060,wimfsl_immf,d,60,FRED_WIMFSL_IMMF.csv,184,0.576803
d__wimfsl_immf__lag061,wimfsl_immf,d,61,FRED_WIMFSL_IMMF.csv,184,0.576803
d__wimfsl_immf__lag062,wimfsl_immf,d,62,FRED_WIMFSL_IMMF.csv,184,0.576803
d__wimfsl_immf__lag063,wimfsl_immf,d,63,FRED_WIMFSL_IMMF.csv,184,0.576803
d__wimfsl_immf__lag064,wimfsl_immf,d,64,FRED_WIMFSL_IMMF.csv,184,0.576803
d__wimfsl_immf__lag065,wimfsl_immf,d,65,FRED_WIMFSL_IMMF.csv,184,0.576803
d__wimfsl_immf__lag066,wimfsl_immf,d,66,FRED_WIMFSL_IMMF.csv,184,0.576803
d__wimfsl_immf__lag067,wimfsl_immf,d,67,FRED_WIMFSL_IMMF.csv,184,0.576803
d__wimfsl_immf__lag068,wimfsl_immf,d,68,FRED_WIMFSL_IMMF.csv,184,0.576803
d__wimfsl_immf__lag069,wimfsl_immf,d,69,FRED_WIMFSL_IMMF.csv,184,0.576803
d__wimfsl_immf__lag070,wimfsl_immf,d,70,FRED_WIMFSL_IMMF.csv,184,0.576803
d__wimfsl_immf__lag071,wimfsl_immf,d,71,FRED_WIMFSL_IMMF.csv,184,0.576803
d__wimfsl_immf__lag072,wimfsl_immf,d,72,FRED_WIMFSL_IMMF.csv,184,0.576803
d__wimfsl_immf__lag073,wimfsl_immf,d,73,FRED_WIMFSL_IMMF.csv,184,0.576803
d__wimfsl_immf__lag074,wimfsl_immf,d,74,FRED_WIMFSL_IMMF.csv,184,0.576803
d__wimfsl_immf__lag075,wimfsl_immf,d,75,FRED_WIMFSL_IMMF.csv,184,0.576803
d__wimfsl_immf__lag076,wimfsl_immf,d,76,FRED_WIMFSL_IMMF.csv,184,0.576803
d__wimfsl_immf__lag077,wimfsl_immf,d,77,FRED_WIMFSL_IMMF.csv,184,0.576803
d__wimfsl_immf__lag078,wimfsl_immf,d,78,FRED_WIMFSL_IMMF.csv,184,0.576803
d__wimfsl_immf__lag079,wimfsl_immf,d,79,FRED_WIMFSL_IMMF.csv,184,0.576803
d__wimfsl_immf__lag080,wimfsl_immf,d,80,FRED_WIMFSL_IMMF.csv,184,0.576803
d__wimfsl_immf__lag081,wimfsl_immf,d,81,FRED_WIMFSL_IMMF.csv,184,0.576803
d__wimfsl_immf__lag082,wimfsl_immf,d,82,FRED_WIMFSL_IMMF.csv,184,0.576803
d__wimfsl_immf__lag083,wimfsl_immf,d,83,FRED_WIMFSL_IMMF.csv,184,0.576803
d__wimfsl_immf__lag084,wimfsl_immf,d,84,FRED_WIMFSL_IMMF.csv,184,0.576803
d__wimfsl_immf__lag085,wimfsl_immf,d,85,FRED_WIMFSL_IMMF.csv,184,0.576803
d__wimfsl_immf__lag086,wimfsl_immf,d,86,FRED_WIMFSL_IMMF.csv,184,0.576803
d__wimfsl_immf__lag087,wimfsl_immf,d,87,FRED_WIMFSL_IMMF.csv,184,0.576803
d__wimfsl_immf__lag088,wimfsl_immf,d,88,FRED_WIMFSL_IMMF.csv,184,0.576803
d__wimfsl_immf__lag089,wimfsl_immf,d,89,FRED_WIMFSL_IMMF.csv,184,0.576803
d__wimfsl_immf__lag090,wimfsl_immf,d,90,FRED_WIMFSL_IMMF.csv,184,0.576803
d__wltlecl_wltlecl__lag001,wltlecl_wltlecl,d,1,FRED_WLTLECL_WLTLECL.csv,94,0.294671
d__wltlecl_wltlecl__lag002,wltlecl_wltlecl,d,2,FRED_WLTLECL_WLTLECL.csv,94,0.294671
d__wltlecl_wltlecl__lag003,wltlecl_wltlecl,d,3,FRED_WLTLECL_WLTLECL.csv,94,0.294671
d__wltlecl_wltlecl__lag004,wltlecl_wltlecl,d,4,FRED_WLTLECL_WLTLECL.csv,94,0.294671
d__wltlecl_wltlecl__lag005,wltlecl_wltlecl,d,5,FRED_WLTLECL_WLTLECL.csv,94,0.294671
d__wltlecl_wltlecl__lag006,wltlecl_wltlecl,d,6,FRED_WLTLECL_WLTLECL.csv,94,0.294671
d__wltlecl_wltlecl__lag007,wltlecl_wltlecl,d,7,FRED_WLTLECL_WLTLECL.csv,94,0.294671
d__wltlecl_wltlecl__lag008,wltlecl_wltlecl,d,8,FRED_WLTLECL_WLTLECL.csv,94,0.294671
d__wltlecl_wltlecl__lag009,wltlecl_wltlecl,d,9,FRED_WLTLECL_WLTLECL.csv,94,0.294671
d__wltlecl_wltlecl__lag010,wltlecl_wltlecl,d,10,FRED_WLTLECL_WLTLECL.csv,94,0.294671
d__wltlecl_wltlecl__lag011,wltlecl_wltlecl,d,11,FRED_WLTLECL_WLTLECL.csv,94,0.294671
d__wltlecl_wltlecl__lag012,wltlecl_wltlecl,d,12,FRED_WLTLECL_WLTLECL.csv,94,0.294671
d__wltlecl_wltlecl__lag013,wltlecl_wltlecl,d,13,FRED_WLTLECL_WLTLECL.csv,94,0.294671
d__wltlecl_wltlecl__lag014,wltlecl_wltlecl,d,14,FRED_WLTLECL_WLTLECL.csv,94,0.294671
d__wltlecl_wltlecl__lag015,wltlecl_wltlecl,d,15,FRED_WLTLECL_WLTLECL.csv,93,0.291536
d__wltlecl_wltlecl__lag016,wltlecl_wltlecl,d,16,FRED_WLTLECL_WLTLECL.csv,93,0.291536
d__wltlecl_wltlecl__lag017,wltlecl_wltlecl,d,17,FRED_WLTLECL_WLTLECL.csv,93,0.291536
d__wltlecl_wltlecl__lag018,wltlecl_wltlecl,d,18,FRED_WLTLECL_WLTLECL.csv,93,0.291536
d__wltlecl_wltlecl__lag019,wltlecl_wltlecl,d,19,FRED_WLTLECL_WLTLECL.csv,93,0.291536
d__wltlecl_wltlecl__lag020,wltlecl_wltlecl,d,20,FRED_WLTLECL_WLTLECL.csv,93,0.291536
d__wltlecl_wltlecl__lag021,wltlecl_wltlecl,d,21,FRED_WLTLECL_WLTLECL.csv,93,0.291536
d__wltlecl_wltlecl__lag022,wltlecl_wltlecl,d,22,FRED_WLTLECL_WLTLECL.csv,93,0.291536
d__wltlecl_wltlecl__lag023,wltlecl_wltlecl,d,23,FRED_WLTLECL_WLTLECL.csv,93,0.291536
d__wltlecl_wltlecl__lag024,wltlecl_wltlecl,d,24,FRED_WLTLECL_WLTLECL.csv,93,0.291536
d__wltlecl_wltlecl__lag025,wltlecl_wltlecl,d,25,FRED_WLTLECL_WLTLECL.csv,93,0.291536
d__wltlecl_wltlecl__lag026,wltlecl_wltlecl,d,26,FRED_WLTLECL_WLTLECL.csv,93,0.291536
d__wltlecl_wltlecl__lag027,wltlecl_wltlecl,d,27,FRED_WLTLECL_WLTLECL.csv,93,0.291536
d__wltlecl_wltlecl__lag028,wltlecl_wltlecl,d,28,FRED_WLTLECL_WLTLECL.csv,93,0.291536
d__wltlecl_wltlecl__lag029,wltlecl_wltlecl,d,29,FRED_WLTLECL_WLTLECL.csv,93,0.291536
d__wltlecl_wltlecl__lag030,wltlecl_wltlecl,d,30,FRED_WLTLECL_WLTLECL.csv,93,0.291536
d__wltlecl_wltlecl__lag031,wltlecl_wltlecl,d,31,FRED_WLTLECL_WLTLECL.csv,93,0.291536
d__wltlecl_wltlecl__lag032,wltlecl_wltlecl,d,32,FRED_WLTLECL_WLTLECL.csv,93,0.291536
d__wltlecl_wltlecl__lag033,wltlecl_wltlecl,d,33,FRED_WLTLECL_WLTLECL.csv,93,0.291536
d__wltlecl_wltlecl__lag034,wltlecl_wltlecl,d,34,FRED_WLTLECL_WLTLECL.csv,93,0.291536
d__wltlecl_wltlecl__lag035,wltlecl_wltlecl,d,35,FRED_WLTLECL_WLTLECL.csv,93,0.291536
d__wltlecl_wltlecl__lag036,wltlecl_wltlecl,d,36,FRED_WLTLECL_WLTLECL.csv,93,0.291536
d__wltlecl_wltlecl__lag037,wltlecl_wltlecl,d,37,FRED_WLTLECL_WLTLECL.csv,93,0.291536
d__wltlecl_wltlecl__lag038,wltlecl_wltlecl,d,38,FRED_WLTLECL_WLTLECL.csv,93,0.291536
d__wltlecl_wltlecl__lag039,wltlecl_wltlecl,d,39,FRED_WLTLECL_WLTLECL.csv,93,0.291536
d__wltlecl_wltlecl__lag040,wltlecl_wltlecl,d,40,FRED_WLTLECL_WLTLECL.csv,93,0.291536
d__wltlecl_wltlecl__lag041,wltlecl_wltlecl,d,41,FRED_WLTLECL_WLTLECL.csv,93,0.291536
d__wltlecl_wltlecl__lag042,wltlecl_wltlecl,d,42,FRED_WLTLECL_WLTLECL.csv,93,0.291536
d__wltlecl_wltlecl__lag043,wltlecl_wltlecl,d,43,FRED_WLTLECL_WLTLECL.csv,93,0.291536
d__wltlecl_wltlecl__lag044,wltlecl_wltlecl,d,44,FRED_WLTLECL_WLTLECL.csv,93,0.291536
d__wltlecl_wltlecl__lag045,wltlecl_wltlecl,d,45,FRED_WLTLECL_WLTLECL.csv,93,0.291536
d__wltlecl_wltlecl__lag046,wltlecl_wltlecl,d,46,FRED_WLTLECL_WLTLECL.csv,93,0.291536
d__wltlecl_wltlecl__lag047,wltlecl_wltlecl,d,47,FRED_WLTLECL_WLTLECL.csv,93,0.291536
d__wltlecl_wltlecl__lag048,wltlecl_wltlecl,d,48,FRED_WLTLECL_WLTLECL.csv,93,0.291536
d__wltlecl_wltlecl__lag049,wltlecl_wltlecl,d,49,FRED_WLTLECL_WLTLECL.csv,93,0.291536
d__wltlecl_wltlecl__lag050,wltlecl_wltlecl,d,50,FRED_WLTLECL_WLTLECL.csv,93,0.291536
d__wltlecl_wltlecl__lag051,wltlecl_wltlecl,d,51,FRED_WLTLECL_WLTLECL.csv,93,0.291536
d__wltlecl_wltlecl__lag052,wltlecl_wltlecl,d,52,FRED_WLTLECL_WLTLECL.csv,93,0.291536
d__wltlecl_wltlecl__lag053,wltlecl_wltlecl,d,53,FRED_WLTLECL_WLTLECL.csv,93,0.291536
d__wltlecl_wltlecl__lag054,wltlecl_wltlecl,d,54,FRED_WLTLECL_WLTLECL.csv,93,0.291536
d__wltlecl_wltlecl__lag055,wltlecl_wltlecl,d,55,FRED_WLTLECL_WLTLECL.csv,93,0.291536
d__wltlecl_wltlecl__lag056,wltlecl_wltlecl,d,56,FRED_WLTLECL_WLTLECL.csv,93,0.291536
d__wltlecl_wltlecl__lag057,wltlecl_wltlecl,d,57,FRED_WLTLECL_WLTLECL.csv,93,0.291536
d__wltlecl_wltlecl__lag058,wltlecl_wltlecl,d,58,FRED_WLTLECL_WLTLECL.csv,93,0.291536
d__wltlecl_wltlecl__lag059,wltlecl_wltlecl,d,59,FRED_WLTLECL_WLTLECL.csv,93,0.291536
d__wltlecl_wltlecl__lag060,wltlecl_wltlecl,d,60,FRED_WLTLECL_WLTLECL.csv,93,0.291536
d__wltlecl_wltlecl__lag061,wltlecl_wltlecl,d,61,FRED_WLTLECL_WLTLECL.csv,93,0.291536
d__wltlecl_wltlecl__lag062,wltlecl_wltlecl,d,62,FRED_WLTLECL_WLTLECL.csv,93,0.291536
d__wltlecl_wltlecl__lag063,wltlecl_wltlecl,d,63,FRED_WLTLECL_WLTLECL.csv,93,0.291536
d__wltlecl_wltlecl__lag064,wltlecl_wltlecl,d,64,FRED_WLTLECL_WLTLECL.csv,93,0.291536
d__wltlecl_wltlecl__lag065,wltlecl_wltlecl,d,65,FRED_WLTLECL_WLTLECL.csv,93,0.291536
d__wltlecl_wltlecl__lag066,wltlecl_wltlecl,d,66,FRED_WLTLECL_WLTLECL.csv,93,0.291536
d__wltlecl_wltlecl__lag067,wltlecl_wltlecl,d,67,FRED_WLTLECL_WLTLECL.csv,93,0.291536
d__wltlecl_wltlecl__lag068,wltlecl_wltlecl,d,68,FRED_WLTLECL_WLTLECL.csv,93,0.291536
d__wltlecl_wltlecl__lag069,wltlecl_wltlecl,d,69,FRED_WLTLECL_WLTLECL.csv,93,0.291536
d__wltlecl_wltlecl__lag070,wltlecl_wltlecl,d,70,FRED_WLTLECL_WLTLECL.csv,93,0.291536
d__wltlecl_wltlecl__lag071,wltlecl_wltlecl,d,71,FRED_WLTLECL_WLTLECL.csv,93,0.291536
d__wltlecl_wltlecl__lag072,wltlecl_wltlecl,d,72,FRED_WLTLECL_WLTLECL.csv,93,0.291536
d__wltlecl_wltlecl__lag073,wltlecl_wltlecl,d,73,FRED_WLTLECL_WLTLECL.csv,93,0.291536
d__wltlecl_wltlecl__lag074,wltlecl_wltlecl,d,74,FRED_WLTLECL_WLTLECL.csv,93,0.291536
d__wltlecl_wltlecl__lag075,wltlecl_wltlecl,d,75,FRED_WLTLECL_WLTLECL.csv,93,0.291536
d__wltlecl_wltlecl__lag076,wltlecl_wltlecl,d,76,FRED_WLTLECL_WLTLECL.csv,93,0.291536
d__wltlecl_wltlecl__lag077,wltlecl_wltlecl,d,77,FRED_WLTLECL_WLTLECL.csv,93,0.291536
d__wltlecl_wltlecl__lag078,wltlecl_wltlecl,d,78,FRED_WLTLECL_WLTLECL.csv,93,0.291536
d__wltlecl_wltlecl__lag079,wltlecl_wltlecl,d,79,FRED_WLTLECL_WLTLECL.csv,93,0.291536
d__wltlecl_wltlecl__lag080,wltlecl_wltlecl,d,80,FRED_WLTLECL_WLTLECL.csv,93,0.291536
d__wltlecl_wltlecl__lag081,wltlecl_wltlecl,d,81,FRED_WLTLECL_WLTLECL.csv,93,0.291536
d__wltlecl_wltlecl__lag082,wltlecl_wltlecl,d,82,FRED_WLTLECL_WLTLECL.csv,93,0.291536
d__wltlecl_wltlecl__lag083,wltlecl_wltlecl,d,83,FRED_WLTLECL_WLTLECL.csv,93,0.291536
d__wltlecl_wltlecl__lag084,wltlecl_wltlecl,d,84,FRED_WLTLECL_WLTLECL.csv,93,0.291536
d__wltlecl_wltlecl__lag085,wltlecl_wltlecl,d,85,FRED_WLTLECL_WLTLECL.csv,93,0.291536
d__wltlecl_wltlecl__lag086,wltlecl_wltlecl,d,86,FRED_WLTLECL_WLTLECL.csv,93,0.291536
d__wltlecl_wltlecl__lag087,wltlecl_wltlecl,d,87,FRED_WLTLECL_WLTLECL.csv,93,0.291536
d__wltlecl_wltlecl__lag088,wltlecl_wltlecl,d,88,FRED_WLTLECL_WLTLECL.csv,93,0.291536
d__wltlecl_wltlecl__lag089,wltlecl_wltlecl,d,89,FRED_WLTLECL_WLTLECL.csv,93,0.291536
d__wltlecl_wltlecl__lag090,wltlecl_wltlecl,d,90,FRED_WLTLECL_WLTLECL.csv,93,0.291536
d__wltlecl_fed_tot_liab__lag001,wltlecl_fed_tot_liab,d,1,FRED_WLTLECL_fed_tot_liab.csv,94,0.294671
d__wltlecl_fed_tot_liab__lag002,wltlecl_fed_tot_liab,d,2,FRED_WLTLECL_fed_tot_liab.csv,94,0.294671
d__wltlecl_fed_tot_liab__lag003,wltlecl_fed_tot_liab,d,3,FRED_WLTLECL_fed_tot_liab.csv,94,0.294671
d__wltlecl_fed_tot_liab__lag004,wltlecl_fed_tot_liab,d,4,FRED_WLTLECL_fed_tot_liab.csv,94,0.294671
d__wltlecl_fed_tot_liab__lag005,wltlecl_fed_tot_liab,d,5,FRED_WLTLECL_fed_tot_liab.csv,94,0.294671
d__wltlecl_fed_tot_liab__lag006,wltlecl_fed_tot_liab,d,6,FRED_WLTLECL_fed_tot_liab.csv,94,0.294671
d__wltlecl_fed_tot_liab__lag007,wltlecl_fed_tot_liab,d,7,FRED_WLTLECL_fed_tot_liab.csv,94,0.294671
d__wltlecl_fed_tot_liab__lag008,wltlecl_fed_tot_liab,d,8,FRED_WLTLECL_fed_tot_liab.csv,94,0.294671
d__wltlecl_fed_tot_liab__lag009,wltlecl_fed_tot_liab,d,9,FRED_WLTLECL_fed_tot_liab.csv,94,0.294671
d__wltlecl_fed_tot_liab__lag010,wltlecl_fed_tot_liab,d,10,FRED_WLTLECL_fed_tot_liab.csv,94,0.294671
d__wltlecl_fed_tot_liab__lag011,wltlecl_fed_tot_liab,d,11,FRED_WLTLECL_fed_tot_liab.csv,94,0.294671
d__wltlecl_fed_tot_liab__lag012,wltlecl_fed_tot_liab,d,12,FRED_WLTLECL_fed_tot_liab.csv,94,0.294671
d__wltlecl_fed_tot_liab__lag013,wltlecl_fed_tot_liab,d,13,FRED_WLTLECL_fed_tot_liab.csv,94,0.294671
d__wltlecl_fed_tot_liab__lag014,wltlecl_fed_tot_liab,d,14,FRED_WLTLECL_fed_tot_liab.csv,94,0.294671
d__wltlecl_fed_tot_liab__lag015,wltlecl_fed_tot_liab,d,15,FRED_WLTLECL_fed_tot_liab.csv,93,0.291536
d__wltlecl_fed_tot_liab__lag016,wltlecl_fed_tot_liab,d,16,FRED_WLTLECL_fed_tot_liab.csv,93,0.291536
d__wltlecl_fed_tot_liab__lag017,wltlecl_fed_tot_liab,d,17,FRED_WLTLECL_fed_tot_liab.csv,93,0.291536
d__wltlecl_fed_tot_liab__lag018,wltlecl_fed_tot_liab,d,18,FRED_WLTLECL_fed_tot_liab.csv,93,0.291536
d__wltlecl_fed_tot_liab__lag019,wltlecl_fed_tot_liab,d,19,FRED_WLTLECL_fed_tot_liab.csv,93,0.291536
d__wltlecl_fed_tot_liab__lag020,wltlecl_fed_tot_liab,d,20,FRED_WLTLECL_fed_tot_liab.csv,93,0.291536
d__wltlecl_fed_tot_liab__lag021,wltlecl_fed_tot_liab,d,21,FRED_WLTLECL_fed_tot_liab.csv,93,0.291536
d__wltlecl_fed_tot_liab__lag022,wltlecl_fed_tot_liab,d,22,FRED_WLTLECL_fed_tot_liab.csv,93,0.291536
d__wltlecl_fed_tot_liab__lag023,wltlecl_fed_tot_liab,d,23,FRED_WLTLECL_fed_tot_liab.csv,93,0.291536
d__wltlecl_fed_tot_liab__lag024,wltlecl_fed_tot_liab,d,24,FRED_WLTLECL_fed_tot_liab.csv,93,0.291536
d__wltlecl_fed_tot_liab__lag025,wltlecl_fed_tot_liab,d,25,FRED_WLTLECL_fed_tot_liab.csv,93,0.291536
d__wltlecl_fed_tot_liab__lag026,wltlecl_fed_tot_liab,d,26,FRED_WLTLECL_fed_tot_liab.csv,93,0.291536
d__wltlecl_fed_tot_liab__lag027,wltlecl_fed_tot_liab,d,27,FRED_WLTLECL_fed_tot_liab.csv,93,0.291536
d__wltlecl_fed_tot_liab__lag028,wltlecl_fed_tot_liab,d,28,FRED_WLTLECL_fed_tot_liab.csv,93,0.291536
d__wltlecl_fed_tot_liab__lag029,wltlecl_fed_tot_liab,d,29,FRED_WLTLECL_fed_tot_liab.csv,93,0.291536
d__wltlecl_fed_tot_liab__lag030,wltlecl_fed_tot_liab,d,30,FRED_WLTLECL_fed_tot_liab.csv,93,0.291536
d__wltlecl_fed_tot_liab__lag031,wltlecl_fed_tot_liab,d,31,FRED_WLTLECL_fed_tot_liab.csv,93,0.291536
d__wltlecl_fed_tot_liab__lag032,wltlecl_fed_tot_liab,d,32,FRED_WLTLECL_fed_tot_liab.csv,93,0.291536
d__wltlecl_fed_tot_liab__lag033,wltlecl_fed_tot_liab,d,33,FRED_WLTLECL_fed_tot_liab.csv,93,0.291536
d__wltlecl_fed_tot_liab__lag034,wltlecl_fed_tot_liab,d,34,FRED_WLTLECL_fed_tot_liab.csv,93,0.291536
d__wltlecl_fed_tot_liab__lag035,wltlecl_fed_tot_liab,d,35,FRED_WLTLECL_fed_tot_liab.csv,93,0.291536
d__wltlecl_fed_tot_liab__lag036,wltlecl_fed_tot_liab,d,36,FRED_WLTLECL_fed_tot_liab.csv,93,0.291536
d__wltlecl_fed_tot_liab__lag037,wltlecl_fed_tot_liab,d,37,FRED_WLTLECL_fed_tot_liab.csv,93,0.291536
d__wltlecl_fed_tot_liab__lag038,wltlecl_fed_tot_liab,d,38,FRED_WLTLECL_fed_tot_liab.csv,93,0.291536
d__wltlecl_fed_tot_liab__lag039,wltlecl_fed_tot_liab,d,39,FRED_WLTLECL_fed_tot_liab.csv,93,0.291536
d__wltlecl_fed_tot_liab__lag040,wltlecl_fed_tot_liab,d,40,FRED_WLTLECL_fed_tot_liab.csv,93,0.291536
d__wltlecl_fed_tot_liab__lag041,wltlecl_fed_tot_liab,d,41,FRED_WLTLECL_fed_tot_liab.csv,93,0.291536
d__wltlecl_fed_tot_liab__lag042,wltlecl_fed_tot_liab,d,42,FRED_WLTLECL_fed_tot_liab.csv,93,0.291536
d__wltlecl_fed_tot_liab__lag043,wltlecl_fed_tot_liab,d,43,FRED_WLTLECL_fed_tot_liab.csv,93,0.291536
d__wltlecl_fed_tot_liab__lag044,wltlecl_fed_tot_liab,d,44,FRED_WLTLECL_fed_tot_liab.csv,93,0.291536
d__wltlecl_fed_tot_liab__lag045,wltlecl_fed_tot_liab,d,45,FRED_WLTLECL_fed_tot_liab.csv,93,0.291536
d__wltlecl_fed_tot_liab__lag046,wltlecl_fed_tot_liab,d,46,FRED_WLTLECL_fed_tot_liab.csv,93,0.291536
d__wltlecl_fed_tot_liab__lag047,wltlecl_fed_tot_liab,d,47,FRED_WLTLECL_fed_tot_liab.csv,93,0.291536
d__wltlecl_fed_tot_liab__lag048,wltlecl_fed_tot_liab,d,48,FRED_WLTLECL_fed_tot_liab.csv,93,0.291536
d__wltlecl_fed_tot_liab__lag049,wltlecl_fed_tot_liab,d,49,FRED_WLTLECL_fed_tot_liab.csv,93,0.291536
d__wltlecl_fed_tot_liab__lag050,wltlecl_fed_tot_liab,d,50,FRED_WLTLECL_fed_tot_liab.csv,93,0.291536
d__wltlecl_fed_tot_liab__lag051,wltlecl_fed_tot_liab,d,51,FRED_WLTLECL_fed_tot_liab.csv,93,0.291536
d__wltlecl_fed_tot_liab__lag052,wltlecl_fed_tot_liab,d,52,FRED_WLTLECL_fed_tot_liab.csv,93,0.291536
d__wltlecl_fed_tot_liab__lag053,wltlecl_fed_tot_liab,d,53,FRED_WLTLECL_fed_tot_liab.csv,93,0.291536
d__wltlecl_fed_tot_liab__lag054,wltlecl_fed_tot_liab,d,54,FRED_WLTLECL_fed_tot_liab.csv,93,0.291536
d__wltlecl_fed_tot_liab__lag055,wltlecl_fed_tot_liab,d,55,FRED_WLTLECL_fed_tot_liab.csv,93,0.291536
d__wltlecl_fed_tot_liab__lag056,wltlecl_fed_tot_liab,d,56,FRED_WLTLECL_fed_tot_liab.csv,93,0.291536
d__wltlecl_fed_tot_liab__lag057,wltlecl_fed_tot_liab,d,57,FRED_WLTLECL_fed_tot_liab.csv,93,0.291536
d__wltlecl_fed_tot_liab__lag058,wltlecl_fed_tot_liab,d,58,FRED_WLTLECL_fed_tot_liab.csv,93,0.291536
d__wltlecl_fed_tot_liab__lag059,wltlecl_fed_tot_liab,d,59,FRED_WLTLECL_fed_tot_liab.csv,93,0.291536
d__wltlecl_fed_tot_liab__lag060,wltlecl_fed_tot_liab,d,60,FRED_WLTLECL_fed_tot_liab.csv,93,0.291536
d__wltlecl_fed_tot_liab__lag061,wltlecl_fed_tot_liab,d,61,FRED_WLTLECL_fed_tot_liab.csv,93,0.291536
d__wltlecl_fed_tot_liab__lag062,wltlecl_fed_tot_liab,d,62,FRED_WLTLECL_fed_tot_liab.csv,93,0.291536
d__wltlecl_fed_tot_liab__lag063,wltlecl_fed_tot_liab,d,63,FRED_WLTLECL_fed_tot_liab.csv,93,0.291536
d__wltlecl_fed_tot_liab__lag064,wltlecl_fed_tot_liab,d,64,FRED_WLTLECL_fed_tot_liab.csv,93,0.291536
d__wltlecl_fed_tot_liab__lag065,wltlecl_fed_tot_liab,d,65,FRED_WLTLECL_fed_tot_liab.csv,93,0.291536
d__wltlecl_fed_tot_liab__lag066,wltlecl_fed_tot_liab,d,66,FRED_WLTLECL_fed_tot_liab.csv,93,0.291536
d__wltlecl_fed_tot_liab__lag067,wltlecl_fed_tot_liab,d,67,FRED_WLTLECL_fed_tot_liab.csv,93,0.291536
d__wltlecl_fed_tot_liab__lag068,wltlecl_fed_tot_liab,d,68,FRED_WLTLECL_fed_tot_liab.csv,93,0.291536
d__wltlecl_fed_tot_liab__lag069,wltlecl_fed_tot_liab,d,69,FRED_WLTLECL_fed_tot_liab.csv,93,0.291536
d__wltlecl_fed_tot_liab__lag070,wltlecl_fed_tot_liab,d,70,FRED_WLTLECL_fed_tot_liab.csv,93,0.291536
d__wltlecl_fed_tot_liab__lag071,wltlecl_fed_tot_liab,d,71,FRED_WLTLECL_fed_tot_liab.csv,93,0.291536
d__wltlecl_fed_tot_liab__lag072,wltlecl_fed_tot_liab,d,72,FRED_WLTLECL_fed_tot_liab.csv,93,0.291536
d__wltlecl_fed_tot_liab__lag073,wltlecl_fed_tot_liab,d,73,FRED_WLTLECL_fed_tot_liab.csv,93,0.291536
d__wltlecl_fed_tot_liab__lag074,wltlecl_fed_tot_liab,d,74,FRED_WLTLECL_fed_tot_liab.csv,93,0.291536
d__wltlecl_fed_tot_liab__lag075,wltlecl_fed_tot_liab,d,75,FRED_WLTLECL_fed_tot_liab.csv,93,0.291536
d__wltlecl_fed_tot_liab__lag076,wltlecl_fed_tot_liab,d,76,FRED_WLTLECL_fed_tot_liab.csv,93,0.291536
d__wltlecl_fed_tot_liab__lag077,wltlecl_fed_tot_liab,d,77,FRED_WLTLECL_fed_tot_liab.csv,93,0.291536
d__wltlecl_fed_tot_liab__lag078,wltlecl_fed_tot_liab,d,78,FRED_WLTLECL_fed_tot_liab.csv,93,0.291536
d__wltlecl_fed_tot_liab__lag079,wltlecl_fed_tot_liab,d,79,FRED_WLTLECL_fed_tot_liab.csv,93,0.291536
d__wltlecl_fed_tot_liab__lag080,wltlecl_fed_tot_liab,d,80,FRED_WLTLECL_fed_tot_liab.csv,93,0.291536
d__wltlecl_fed_tot_liab__lag081,wltlecl_fed_tot_liab,d,81,FRED_WLTLECL_fed_tot_liab.csv,93,0.291536
d__wltlecl_fed_tot_liab__lag082,wltlecl_fed_tot_liab,d,82,FRED_WLTLECL_fed_tot_liab.csv,93,0.291536
d__wltlecl_fed_tot_liab__lag083,wltlecl_fed_tot_liab,d,83,FRED_WLTLECL_fed_tot_liab.csv,93,0.291536
d__wltlecl_fed_tot_liab__lag084,wltlecl_fed_tot_liab,d,84,FRED_WLTLECL_fed_tot_liab.csv,93,0.291536
d__wltlecl_fed_tot_liab__lag085,wltlecl_fed_tot_liab,d,85,FRED_WLTLECL_fed_tot_liab.csv,93,0.291536
d__wltlecl_fed_tot_liab__lag086,wltlecl_fed_tot_liab,d,86,FRED_WLTLECL_fed_tot_liab.csv,93,0.291536
d__wltlecl_fed_tot_liab__lag087,wltlecl_fed_tot_liab,d,87,FRED_WLTLECL_fed_tot_liab.csv,93,0.291536
d__wltlecl_fed_tot_liab__lag088,wltlecl_fed_tot_liab,d,88,FRED_WLTLECL_fed_tot_liab.csv,93,0.291536
d__wltlecl_fed_tot_liab__lag089,wltlecl_fed_tot_liab,d,89,FRED_WLTLECL_fed_tot_liab.csv,93,0.291536
d__wltlecl_fed_tot_liab__lag090,wltlecl_fed_tot_liab,d,90,FRED_WLTLECL_fed_tot_liab.csv,93,0.291536
m__wpu0561_ppi_crude__lag001,wpu0561_ppi_crude,m,1,FRED_WPU0561_ppi_crude.csv,317,0.99373
m__wpu0561_ppi_crude__lag002,wpu0561_ppi_crude,m,2,FRED_WPU0561_ppi_crude.csv,317,0.99373
m__wpu0561_ppi_crude__lag003,wpu0561_ppi_crude,m,3,FRED_WPU0561_ppi_crude.csv,317,0.99373
m__wpu0561_ppi_crude__lag004,wpu0561_ppi_crude,m,4,FRED_WPU0561_ppi_crude.csv,316,0.990596
m__wpu0561_ppi_crude__lag005,wpu0561_ppi_crude,m,5,FRED_WPU0561_ppi_crude.csv,316,0.990596
m__wpu0561_ppi_crude__lag006,wpu0561_ppi_crude,m,6,FRED_WPU0561_ppi_crude.csv,316,0.990596
m__wpu0561_ppi_crude__lag007,wpu0561_ppi_crude,m,7,FRED_WPU0561_ppi_crude.csv,315,0.987461
m__wpu0561_ppi_crude__lag008,wpu0561_ppi_crude,m,8,FRED_WPU0561_ppi_crude.csv,315,0.987461
m__wpu0561_ppi_crude__lag009,wpu0561_ppi_crude,m,9,FRED_WPU0561_ppi_crude.csv,315,0.987461
m__wpu0561_ppi_crude__lag010,wpu0561_ppi_crude,m,10,FRED_WPU0561_ppi_crude.csv,314,0.984326
m__wpu0561_ppi_crude__lag011,wpu0561_ppi_crude,m,11,FRED_WPU0561_ppi_crude.csv,314,0.984326
m__wpu0561_ppi_crude__lag012,wpu0561_ppi_crude,m,12,FRED_WPU0561_ppi_crude.csv,314,0.984326
d__wshomcb_fed_mbs__lag001,wshomcb_fed_mbs,d,1,FRED_WSHOMCB_fed_mbs.csv,94,0.294671
d__wshomcb_fed_mbs__lag002,wshomcb_fed_mbs,d,2,FRED_WSHOMCB_fed_mbs.csv,94,0.294671
d__wshomcb_fed_mbs__lag003,wshomcb_fed_mbs,d,3,FRED_WSHOMCB_fed_mbs.csv,94,0.294671
d__wshomcb_fed_mbs__lag004,wshomcb_fed_mbs,d,4,FRED_WSHOMCB_fed_mbs.csv,94,0.294671
d__wshomcb_fed_mbs__lag005,wshomcb_fed_mbs,d,5,FRED_WSHOMCB_fed_mbs.csv,94,0.294671
d__wshomcb_fed_mbs__lag006,wshomcb_fed_mbs,d,6,FRED_WSHOMCB_fed_mbs.csv,94,0.294671
d__wshomcb_fed_mbs__lag007,wshomcb_fed_mbs,d,7,FRED_WSHOMCB_fed_mbs.csv,94,0.294671
d__wshomcb_fed_mbs__lag008,wshomcb_fed_mbs,d,8,FRED_WSHOMCB_fed_mbs.csv,94,0.294671
d__wshomcb_fed_mbs__lag009,wshomcb_fed_mbs,d,9,FRED_WSHOMCB_fed_mbs.csv,94,0.294671
d__wshomcb_fed_mbs__lag010,wshomcb_fed_mbs,d,10,FRED_WSHOMCB_fed_mbs.csv,94,0.294671
d__wshomcb_fed_mbs__lag011,wshomcb_fed_mbs,d,11,FRED_WSHOMCB_fed_mbs.csv,94,0.294671
d__wshomcb_fed_mbs__lag012,wshomcb_fed_mbs,d,12,FRED_WSHOMCB_fed_mbs.csv,94,0.294671
d__wshomcb_fed_mbs__lag013,wshomcb_fed_mbs,d,13,FRED_WSHOMCB_fed_mbs.csv,94,0.294671
d__wshomcb_fed_mbs__lag014,wshomcb_fed_mbs,d,14,FRED_WSHOMCB_fed_mbs.csv,94,0.294671
d__wshomcb_fed_mbs__lag015,wshomcb_fed_mbs,d,15,FRED_WSHOMCB_fed_mbs.csv,93,0.291536
d__wshomcb_fed_mbs__lag016,wshomcb_fed_mbs,d,16,FRED_WSHOMCB_fed_mbs.csv,93,0.291536
d__wshomcb_fed_mbs__lag017,wshomcb_fed_mbs,d,17,FRED_WSHOMCB_fed_mbs.csv,93,0.291536
d__wshomcb_fed_mbs__lag018,wshomcb_fed_mbs,d,18,FRED_WSHOMCB_fed_mbs.csv,93,0.291536
d__wshomcb_fed_mbs__lag019,wshomcb_fed_mbs,d,19,FRED_WSHOMCB_fed_mbs.csv,93,0.291536
d__wshomcb_fed_mbs__lag020,wshomcb_fed_mbs,d,20,FRED_WSHOMCB_fed_mbs.csv,93,0.291536
d__wshomcb_fed_mbs__lag021,wshomcb_fed_mbs,d,21,FRED_WSHOMCB_fed_mbs.csv,93,0.291536
d__wshomcb_fed_mbs__lag022,wshomcb_fed_mbs,d,22,FRED_WSHOMCB_fed_mbs.csv,93,0.291536
d__wshomcb_fed_mbs__lag023,wshomcb_fed_mbs,d,23,FRED_WSHOMCB_fed_mbs.csv,93,0.291536
d__wshomcb_fed_mbs__lag024,wshomcb_fed_mbs,d,24,FRED_WSHOMCB_fed_mbs.csv,93,0.291536
d__wshomcb_fed_mbs__lag025,wshomcb_fed_mbs,d,25,FRED_WSHOMCB_fed_mbs.csv,93,0.291536
d__wshomcb_fed_mbs__lag026,wshomcb_fed_mbs,d,26,FRED_WSHOMCB_fed_mbs.csv,93,0.291536
d__wshomcb_fed_mbs__lag027,wshomcb_fed_mbs,d,27,FRED_WSHOMCB_fed_mbs.csv,93,0.291536
d__wshomcb_fed_mbs__lag028,wshomcb_fed_mbs,d,28,FRED_WSHOMCB_fed_mbs.csv,93,0.291536
d__wshomcb_fed_mbs__lag029,wshomcb_fed_mbs,d,29,FRED_WSHOMCB_fed_mbs.csv,93,0.291536
d__wshomcb_fed_mbs__lag030,wshomcb_fed_mbs,d,30,FRED_WSHOMCB_fed_mbs.csv,93,0.291536
d__wshomcb_fed_mbs__lag031,wshomcb_fed_mbs,d,31,FRED_WSHOMCB_fed_mbs.csv,93,0.291536
d__wshomcb_fed_mbs__lag032,wshomcb_fed_mbs,d,32,FRED_WSHOMCB_fed_mbs.csv,93,0.291536
d__wshomcb_fed_mbs__lag033,wshomcb_fed_mbs,d,33,FRED_WSHOMCB_fed_mbs.csv,93,0.291536
d__wshomcb_fed_mbs__lag034,wshomcb_fed_mbs,d,34,FRED_WSHOMCB_fed_mbs.csv,93,0.291536
d__wshomcb_fed_mbs__lag035,wshomcb_fed_mbs,d,35,FRED_WSHOMCB_fed_mbs.csv,93,0.291536
d__wshomcb_fed_mbs__lag036,wshomcb_fed_mbs,d,36,FRED_WSHOMCB_fed_mbs.csv,93,0.291536
d__wshomcb_fed_mbs__lag037,wshomcb_fed_mbs,d,37,FRED_WSHOMCB_fed_mbs.csv,93,0.291536
d__wshomcb_fed_mbs__lag038,wshomcb_fed_mbs,d,38,FRED_WSHOMCB_fed_mbs.csv,93,0.291536
d__wshomcb_fed_mbs__lag039,wshomcb_fed_mbs,d,39,FRED_WSHOMCB_fed_mbs.csv,93,0.291536
d__wshomcb_fed_mbs__lag040,wshomcb_fed_mbs,d,40,FRED_WSHOMCB_fed_mbs.csv,93,0.291536
d__wshomcb_fed_mbs__lag041,wshomcb_fed_mbs,d,41,FRED_WSHOMCB_fed_mbs.csv,93,0.291536
d__wshomcb_fed_mbs__lag042,wshomcb_fed_mbs,d,42,FRED_WSHOMCB_fed_mbs.csv,93,0.291536
d__wshomcb_fed_mbs__lag043,wshomcb_fed_mbs,d,43,FRED_WSHOMCB_fed_mbs.csv,93,0.291536
d__wshomcb_fed_mbs__lag044,wshomcb_fed_mbs,d,44,FRED_WSHOMCB_fed_mbs.csv,93,0.291536
d__wshomcb_fed_mbs__lag045,wshomcb_fed_mbs,d,45,FRED_WSHOMCB_fed_mbs.csv,93,0.291536
d__wshomcb_fed_mbs__lag046,wshomcb_fed_mbs,d,46,FRED_WSHOMCB_fed_mbs.csv,93,0.291536
d__wshomcb_fed_mbs__lag047,wshomcb_fed_mbs,d,47,FRED_WSHOMCB_fed_mbs.csv,93,0.291536
d__wshomcb_fed_mbs__lag048,wshomcb_fed_mbs,d,48,FRED_WSHOMCB_fed_mbs.csv,93,0.291536
d__wshomcb_fed_mbs__lag049,wshomcb_fed_mbs,d,49,FRED_WSHOMCB_fed_mbs.csv,93,0.291536
d__wshomcb_fed_mbs__lag050,wshomcb_fed_mbs,d,50,FRED_WSHOMCB_fed_mbs.csv,93,0.291536
d__wshomcb_fed_mbs__lag051,wshomcb_fed_mbs,d,51,FRED_WSHOMCB_fed_mbs.csv,93,0.291536
d__wshomcb_fed_mbs__lag052,wshomcb_fed_mbs,d,52,FRED_WSHOMCB_fed_mbs.csv,93,0.291536
d__wshomcb_fed_mbs__lag053,wshomcb_fed_mbs,d,53,FRED_WSHOMCB_fed_mbs.csv,93,0.291536
d__wshomcb_fed_mbs__lag054,wshomcb_fed_mbs,d,54,FRED_WSHOMCB_fed_mbs.csv,93,0.291536
d__wshomcb_fed_mbs__lag055,wshomcb_fed_mbs,d,55,FRED_WSHOMCB_fed_mbs.csv,93,0.291536
d__wshomcb_fed_mbs__lag056,wshomcb_fed_mbs,d,56,FRED_WSHOMCB_fed_mbs.csv,93,0.291536
d__wshomcb_fed_mbs__lag057,wshomcb_fed_mbs,d,57,FRED_WSHOMCB_fed_mbs.csv,93,0.291536
d__wshomcb_fed_mbs__lag058,wshomcb_fed_mbs,d,58,FRED_WSHOMCB_fed_mbs.csv,93,0.291536
d__wshomcb_fed_mbs__lag059,wshomcb_fed_mbs,d,59,FRED_WSHOMCB_fed_mbs.csv,93,0.291536
d__wshomcb_fed_mbs__lag060,wshomcb_fed_mbs,d,60,FRED_WSHOMCB_fed_mbs.csv,93,0.291536
d__wshomcb_fed_mbs__lag061,wshomcb_fed_mbs,d,61,FRED_WSHOMCB_fed_mbs.csv,93,0.291536
d__wshomcb_fed_mbs__lag062,wshomcb_fed_mbs,d,62,FRED_WSHOMCB_fed_mbs.csv,93,0.291536
d__wshomcb_fed_mbs__lag063,wshomcb_fed_mbs,d,63,FRED_WSHOMCB_fed_mbs.csv,93,0.291536
d__wshomcb_fed_mbs__lag064,wshomcb_fed_mbs,d,64,FRED_WSHOMCB_fed_mbs.csv,93,0.291536
d__wshomcb_fed_mbs__lag065,wshomcb_fed_mbs,d,65,FRED_WSHOMCB_fed_mbs.csv,93,0.291536
d__wshomcb_fed_mbs__lag066,wshomcb_fed_mbs,d,66,FRED_WSHOMCB_fed_mbs.csv,93,0.291536
d__wshomcb_fed_mbs__lag067,wshomcb_fed_mbs,d,67,FRED_WSHOMCB_fed_mbs.csv,93,0.291536
d__wshomcb_fed_mbs__lag068,wshomcb_fed_mbs,d,68,FRED_WSHOMCB_fed_mbs.csv,93,0.291536
d__wshomcb_fed_mbs__lag069,wshomcb_fed_mbs,d,69,FRED_WSHOMCB_fed_mbs.csv,93,0.291536
d__wshomcb_fed_mbs__lag070,wshomcb_fed_mbs,d,70,FRED_WSHOMCB_fed_mbs.csv,93,0.291536
d__wshomcb_fed_mbs__lag071,wshomcb_fed_mbs,d,71,FRED_WSHOMCB_fed_mbs.csv,93,0.291536
d__wshomcb_fed_mbs__lag072,wshomcb_fed_mbs,d,72,FRED_WSHOMCB_fed_mbs.csv,93,0.291536
d__wshomcb_fed_mbs__lag073,wshomcb_fed_mbs,d,73,FRED_WSHOMCB_fed_mbs.csv,93,0.291536
d__wshomcb_fed_mbs__lag074,wshomcb_fed_mbs,d,74,FRED_WSHOMCB_fed_mbs.csv,93,0.291536
d__wshomcb_fed_mbs__lag075,wshomcb_fed_mbs,d,75,FRED_WSHOMCB_fed_mbs.csv,93,0.291536
d__wshomcb_fed_mbs__lag076,wshomcb_fed_mbs,d,76,FRED_WSHOMCB_fed_mbs.csv,93,0.291536
d__wshomcb_fed_mbs__lag077,wshomcb_fed_mbs,d,77,FRED_WSHOMCB_fed_mbs.csv,93,0.291536
d__wshomcb_fed_mbs__lag078,wshomcb_fed_mbs,d,78,FRED_WSHOMCB_fed_mbs.csv,93,0.291536
d__wshomcb_fed_mbs__lag079,wshomcb_fed_mbs,d,79,FRED_WSHOMCB_fed_mbs.csv,93,0.291536
d__wshomcb_fed_mbs__lag080,wshomcb_fed_mbs,d,80,FRED_WSHOMCB_fed_mbs.csv,93,0.291536
d__wshomcb_fed_mbs__lag081,wshomcb_fed_mbs,d,81,FRED_WSHOMCB_fed_mbs.csv,93,0.291536
d__wshomcb_fed_mbs__lag082,wshomcb_fed_mbs,d,82,FRED_WSHOMCB_fed_mbs.csv,93,0.291536
d__wshomcb_fed_mbs__lag083,wshomcb_fed_mbs,d,83,FRED_WSHOMCB_fed_mbs.csv,93,0.291536
d__wshomcb_fed_mbs__lag084,wshomcb_fed_mbs,d,84,FRED_WSHOMCB_fed_mbs.csv,93,0.291536
d__wshomcb_fed_mbs__lag085,wshomcb_fed_mbs,d,85,FRED_WSHOMCB_fed_mbs.csv,93,0.291536
d__wshomcb_fed_mbs__lag086,wshomcb_fed_mbs,d,86,FRED_WSHOMCB_fed_mbs.csv,93,0.291536
d__wshomcb_fed_mbs__lag087,wshomcb_fed_mbs,d,87,FRED_WSHOMCB_fed_mbs.csv,93,0.291536
d__wshomcb_fed_mbs__lag088,wshomcb_fed_mbs,d,88,FRED_WSHOMCB_fed_mbs.csv,93,0.291536
d__wshomcb_fed_mbs__lag089,wshomcb_fed_mbs,d,89,FRED_WSHOMCB_fed_mbs.csv,93,0.291536
d__wshomcb_fed_mbs__lag090,wshomcb_fed_mbs,d,90,FRED_WSHOMCB_fed_mbs.csv,93,0.291536
m__wtisplc_wtisplc__lag001,wtisplc_wtisplc,m,1,FRED_WTISPLC_WTISPLC.csv,319,1.0
m__wtisplc_wtisplc__lag002,wtisplc_wtisplc,m,2,FRED_WTISPLC_WTISPLC.csv,319,1.0
m__wtisplc_wtisplc__lag003,wtisplc_wtisplc,m,3,FRED_WTISPLC_WTISPLC.csv,319,1.0
m__wtisplc_wtisplc__lag004,wtisplc_wtisplc,m,4,FRED_WTISPLC_WTISPLC.csv,319,1.0
m__wtisplc_wtisplc__lag005,wtisplc_wtisplc,m,5,FRED_WTISPLC_WTISPLC.csv,319,1.0
m__wtisplc_wtisplc__lag006,wtisplc_wtisplc,m,6,FRED_WTISPLC_WTISPLC.csv,319,1.0
m__wtisplc_wtisplc__lag007,wtisplc_wtisplc,m,7,FRED_WTISPLC_WTISPLC.csv,319,1.0
m__wtisplc_wtisplc__lag008,wtisplc_wtisplc,m,8,FRED_WTISPLC_WTISPLC.csv,319,1.0
m__wtisplc_wtisplc__lag009,wtisplc_wtisplc,m,9,FRED_WTISPLC_WTISPLC.csv,319,1.0
m__wtisplc_wtisplc__lag010,wtisplc_wtisplc,m,10,FRED_WTISPLC_WTISPLC.csv,318,0.996865
m__wtisplc_wtisplc__lag011,wtisplc_wtisplc,m,11,FRED_WTISPLC_WTISPLC.csv,318,0.996865
m__wtisplc_wtisplc__lag012,wtisplc_wtisplc,m,12,FRED_WTISPLC_WTISPLC.csv,318,0.996865
d__wtregen_tga__lag001,wtregen_tga,d,1,FRED_WTREGEN_TGA.csv,161,0.504702
d__wtregen_tga__lag002,wtregen_tga,d,2,FRED_WTREGEN_TGA.csv,161,0.504702
d__wtregen_tga__lag003,wtregen_tga,d,3,FRED_WTREGEN_TGA.csv,161,0.504702
d__wtregen_tga__lag004,wtregen_tga,d,4,FRED_WTREGEN_TGA.csv,161,0.504702
d__wtregen_tga__lag005,wtregen_tga,d,5,FRED_WTREGEN_TGA.csv,161,0.504702
d__wtregen_tga__lag006,wtregen_tga,d,6,FRED_WTREGEN_TGA.csv,161,0.504702
d__wtregen_tga__lag007,wtregen_tga,d,7,FRED_WTREGEN_TGA.csv,161,0.504702
d__wtregen_tga__lag008,wtregen_tga,d,8,FRED_WTREGEN_TGA.csv,161,0.504702
d__wtregen_tga__lag009,wtregen_tga,d,9,FRED_WTREGEN_TGA.csv,161,0.504702
d__wtregen_tga__lag010,wtregen_tga,d,10,FRED_WTREGEN_TGA.csv,161,0.504702
d__wtregen_tga__lag011,wtregen_tga,d,11,FRED_WTREGEN_TGA.csv,161,0.504702
d__wtregen_tga__lag012,wtregen_tga,d,12,FRED_WTREGEN_TGA.csv,161,0.504702
d__wtregen_tga__lag013,wtregen_tga,d,13,FRED_WTREGEN_TGA.csv,161,0.504702
d__wtregen_tga__lag014,wtregen_tga,d,14,FRED_WTREGEN_TGA.csv,161,0.504702
d__wtregen_tga__lag015,wtregen_tga,d,15,FRED_WTREGEN_TGA.csv,161,0.504702
d__wtregen_tga__lag016,wtregen_tga,d,16,FRED_WTREGEN_TGA.csv,161,0.504702
d__wtregen_tga__lag017,wtregen_tga,d,17,FRED_WTREGEN_TGA.csv,161,0.504702
d__wtregen_tga__lag018,wtregen_tga,d,18,FRED_WTREGEN_TGA.csv,161,0.504702
d__wtregen_tga__lag019,wtregen_tga,d,19,FRED_WTREGEN_TGA.csv,161,0.504702
d__wtregen_tga__lag020,wtregen_tga,d,20,FRED_WTREGEN_TGA.csv,161,0.504702
d__wtregen_tga__lag021,wtregen_tga,d,21,FRED_WTREGEN_TGA.csv,161,0.504702
d__wtregen_tga__lag022,wtregen_tga,d,22,FRED_WTREGEN_TGA.csv,161,0.504702
d__wtregen_tga__lag023,wtregen_tga,d,23,FRED_WTREGEN_TGA.csv,161,0.504702
d__wtregen_tga__lag024,wtregen_tga,d,24,FRED_WTREGEN_TGA.csv,161,0.504702
d__wtregen_tga__lag025,wtregen_tga,d,25,FRED_WTREGEN_TGA.csv,161,0.504702
d__wtregen_tga__lag026,wtregen_tga,d,26,FRED_WTREGEN_TGA.csv,161,0.504702
d__wtregen_tga__lag027,wtregen_tga,d,27,FRED_WTREGEN_TGA.csv,161,0.504702
d__wtregen_tga__lag028,wtregen_tga,d,28,FRED_WTREGEN_TGA.csv,161,0.504702
d__wtregen_tga__lag029,wtregen_tga,d,29,FRED_WTREGEN_TGA.csv,161,0.504702
d__wtregen_tga__lag030,wtregen_tga,d,30,FRED_WTREGEN_TGA.csv,161,0.504702
d__wtregen_tga__lag031,wtregen_tga,d,31,FRED_WTREGEN_TGA.csv,161,0.504702
d__wtregen_tga__lag032,wtregen_tga,d,32,FRED_WTREGEN_TGA.csv,161,0.504702
d__wtregen_tga__lag033,wtregen_tga,d,33,FRED_WTREGEN_TGA.csv,161,0.504702
d__wtregen_tga__lag034,wtregen_tga,d,34,FRED_WTREGEN_TGA.csv,161,0.504702
d__wtregen_tga__lag035,wtregen_tga,d,35,FRED_WTREGEN_TGA.csv,161,0.504702
d__wtregen_tga__lag036,wtregen_tga,d,36,FRED_WTREGEN_TGA.csv,161,0.504702
d__wtregen_tga__lag037,wtregen_tga,d,37,FRED_WTREGEN_TGA.csv,161,0.504702
d__wtregen_tga__lag038,wtregen_tga,d,38,FRED_WTREGEN_TGA.csv,161,0.504702
d__wtregen_tga__lag039,wtregen_tga,d,39,FRED_WTREGEN_TGA.csv,161,0.504702
d__wtregen_tga__lag040,wtregen_tga,d,40,FRED_WTREGEN_TGA.csv,161,0.504702
d__wtregen_tga__lag041,wtregen_tga,d,41,FRED_WTREGEN_TGA.csv,161,0.504702
d__wtregen_tga__lag042,wtregen_tga,d,42,FRED_WTREGEN_TGA.csv,161,0.504702
d__wtregen_tga__lag043,wtregen_tga,d,43,FRED_WTREGEN_TGA.csv,161,0.504702
d__wtregen_tga__lag044,wtregen_tga,d,44,FRED_WTREGEN_TGA.csv,161,0.504702
d__wtregen_tga__lag045,wtregen_tga,d,45,FRED_WTREGEN_TGA.csv,161,0.504702
d__wtregen_tga__lag046,wtregen_tga,d,46,FRED_WTREGEN_TGA.csv,161,0.504702
d__wtregen_tga__lag047,wtregen_tga,d,47,FRED_WTREGEN_TGA.csv,161,0.504702
d__wtregen_tga__lag048,wtregen_tga,d,48,FRED_WTREGEN_TGA.csv,161,0.504702
d__wtregen_tga__lag049,wtregen_tga,d,49,FRED_WTREGEN_TGA.csv,161,0.504702
d__wtregen_tga__lag050,wtregen_tga,d,50,FRED_WTREGEN_TGA.csv,161,0.504702
d__wtregen_tga__lag051,wtregen_tga,d,51,FRED_WTREGEN_TGA.csv,161,0.504702
d__wtregen_tga__lag052,wtregen_tga,d,52,FRED_WTREGEN_TGA.csv,161,0.504702
d__wtregen_tga__lag053,wtregen_tga,d,53,FRED_WTREGEN_TGA.csv,161,0.504702
d__wtregen_tga__lag054,wtregen_tga,d,54,FRED_WTREGEN_TGA.csv,161,0.504702
d__wtregen_tga__lag055,wtregen_tga,d,55,FRED_WTREGEN_TGA.csv,161,0.504702
d__wtregen_tga__lag056,wtregen_tga,d,56,FRED_WTREGEN_TGA.csv,161,0.504702
d__wtregen_tga__lag057,wtregen_tga,d,57,FRED_WTREGEN_TGA.csv,161,0.504702
d__wtregen_tga__lag058,wtregen_tga,d,58,FRED_WTREGEN_TGA.csv,161,0.504702
d__wtregen_tga__lag059,wtregen_tga,d,59,FRED_WTREGEN_TGA.csv,161,0.504702
d__wtregen_tga__lag060,wtregen_tga,d,60,FRED_WTREGEN_TGA.csv,161,0.504702
d__wtregen_tga__lag061,wtregen_tga,d,61,FRED_WTREGEN_TGA.csv,161,0.504702
d__wtregen_tga__lag062,wtregen_tga,d,62,FRED_WTREGEN_TGA.csv,161,0.504702
d__wtregen_tga__lag063,wtregen_tga,d,63,FRED_WTREGEN_TGA.csv,161,0.504702
d__wtregen_tga__lag064,wtregen_tga,d,64,FRED_WTREGEN_TGA.csv,161,0.504702
d__wtregen_tga__lag065,wtregen_tga,d,65,FRED_WTREGEN_TGA.csv,161,0.504702
d__wtregen_tga__lag066,wtregen_tga,d,66,FRED_WTREGEN_TGA.csv,161,0.504702
d__wtregen_tga__lag067,wtregen_tga,d,67,FRED_WTREGEN_TGA.csv,161,0.504702
d__wtregen_tga__lag068,wtregen_tga,d,68,FRED_WTREGEN_TGA.csv,161,0.504702
d__wtregen_tga__lag069,wtregen_tga,d,69,FRED_WTREGEN_TGA.csv,161,0.504702
d__wtregen_tga__lag070,wtregen_tga,d,70,FRED_WTREGEN_TGA.csv,161,0.504702
d__wtregen_tga__lag071,wtregen_tga,d,71,FRED_WTREGEN_TGA.csv,161,0.504702
d__wtregen_tga__lag072,wtregen_tga,d,72,FRED_WTREGEN_TGA.csv,161,0.504702
d__wtregen_tga__lag073,wtregen_tga,d,73,FRED_WTREGEN_TGA.csv,161,0.504702
d__wtregen_tga__lag074,wtregen_tga,d,74,FRED_WTREGEN_TGA.csv,161,0.504702
d__wtregen_tga__lag075,wtregen_tga,d,75,FRED_WTREGEN_TGA.csv,161,0.504702
d__wtregen_tga__lag076,wtregen_tga,d,76,FRED_WTREGEN_TGA.csv,161,0.504702
d__wtregen_tga__lag077,wtregen_tga,d,77,FRED_WTREGEN_TGA.csv,161,0.504702
d__wtregen_tga__lag078,wtregen_tga,d,78,FRED_WTREGEN_TGA.csv,161,0.504702
d__wtregen_tga__lag079,wtregen_tga,d,79,FRED_WTREGEN_TGA.csv,161,0.504702
d__wtregen_tga__lag080,wtregen_tga,d,80,FRED_WTREGEN_TGA.csv,161,0.504702
d__wtregen_tga__lag081,wtregen_tga,d,81,FRED_WTREGEN_TGA.csv,161,0.504702
d__wtregen_tga__lag082,wtregen_tga,d,82,FRED_WTREGEN_TGA.csv,161,0.504702
d__wtregen_tga__lag083,wtregen_tga,d,83,FRED_WTREGEN_TGA.csv,161,0.504702
d__wtregen_tga__lag084,wtregen_tga,d,84,FRED_WTREGEN_TGA.csv,160,0.501567
d__wtregen_tga__lag085,wtregen_tga,d,85,FRED_WTREGEN_TGA.csv,160,0.501567
d__wtregen_tga__lag086,wtregen_tga,d,86,FRED_WTREGEN_TGA.csv,160,0.501567
d__wtregen_tga__lag087,wtregen_tga,d,87,FRED_WTREGEN_TGA.csv,160,0.501567
d__wtregen_tga__lag088,wtregen_tga,d,88,FRED_WTREGEN_TGA.csv,160,0.501567
d__wtregen_tga__lag089,wtregen_tga,d,89,FRED_WTREGEN_TGA.csv,160,0.501567
d__wtregen_tga__lag090,wtregen_tga,d,90,FRED_WTREGEN_TGA.csv,160,0.501567
d__wtregen_tga_fed__lag001,wtregen_tga_fed,d,1,FRED_WTREGEN_tga_fed.csv,161,0.504702
d__wtregen_tga_fed__lag002,wtregen_tga_fed,d,2,FRED_WTREGEN_tga_fed.csv,161,0.504702
d__wtregen_tga_fed__lag003,wtregen_tga_fed,d,3,FRED_WTREGEN_tga_fed.csv,161,0.504702
d__wtregen_tga_fed__lag004,wtregen_tga_fed,d,4,FRED_WTREGEN_tga_fed.csv,161,0.504702
d__wtregen_tga_fed__lag005,wtregen_tga_fed,d,5,FRED_WTREGEN_tga_fed.csv,161,0.504702
d__wtregen_tga_fed__lag006,wtregen_tga_fed,d,6,FRED_WTREGEN_tga_fed.csv,161,0.504702
d__wtregen_tga_fed__lag007,wtregen_tga_fed,d,7,FRED_WTREGEN_tga_fed.csv,161,0.504702
d__wtregen_tga_fed__lag008,wtregen_tga_fed,d,8,FRED_WTREGEN_tga_fed.csv,161,0.504702
d__wtregen_tga_fed__lag009,wtregen_tga_fed,d,9,FRED_WTREGEN_tga_fed.csv,161,0.504702
d__wtregen_tga_fed__lag010,wtregen_tga_fed,d,10,FRED_WTREGEN_tga_fed.csv,161,0.504702
d__wtregen_tga_fed__lag011,wtregen_tga_fed,d,11,FRED_WTREGEN_tga_fed.csv,161,0.504702
d__wtregen_tga_fed__lag012,wtregen_tga_fed,d,12,FRED_WTREGEN_tga_fed.csv,161,0.504702
d__wtregen_tga_fed__lag013,wtregen_tga_fed,d,13,FRED_WTREGEN_tga_fed.csv,161,0.504702
d__wtregen_tga_fed__lag014,wtregen_tga_fed,d,14,FRED_WTREGEN_tga_fed.csv,161,0.504702
d__wtregen_tga_fed__lag015,wtregen_tga_fed,d,15,FRED_WTREGEN_tga_fed.csv,161,0.504702
d__wtregen_tga_fed__lag016,wtregen_tga_fed,d,16,FRED_WTREGEN_tga_fed.csv,161,0.504702
d__wtregen_tga_fed__lag017,wtregen_tga_fed,d,17,FRED_WTREGEN_tga_fed.csv,161,0.504702
d__wtregen_tga_fed__lag018,wtregen_tga_fed,d,18,FRED_WTREGEN_tga_fed.csv,161,0.504702
d__wtregen_tga_fed__lag019,wtregen_tga_fed,d,19,FRED_WTREGEN_tga_fed.csv,161,0.504702
d__wtregen_tga_fed__lag020,wtregen_tga_fed,d,20,FRED_WTREGEN_tga_fed.csv,161,0.504702
d__wtregen_tga_fed__lag021,wtregen_tga_fed,d,21,FRED_WTREGEN_tga_fed.csv,161,0.504702
d__wtregen_tga_fed__lag022,wtregen_tga_fed,d,22,FRED_WTREGEN_tga_fed.csv,161,0.504702
d__wtregen_tga_fed__lag023,wtregen_tga_fed,d,23,FRED_WTREGEN_tga_fed.csv,161,0.504702
d__wtregen_tga_fed__lag024,wtregen_tga_fed,d,24,FRED_WTREGEN_tga_fed.csv,161,0.504702
d__wtregen_tga_fed__lag025,wtregen_tga_fed,d,25,FRED_WTREGEN_tga_fed.csv,161,0.504702
d__wtregen_tga_fed__lag026,wtregen_tga_fed,d,26,FRED_WTREGEN_tga_fed.csv,161,0.504702
d__wtregen_tga_fed__lag027,wtregen_tga_fed,d,27,FRED_WTREGEN_tga_fed.csv,161,0.504702
d__wtregen_tga_fed__lag028,wtregen_tga_fed,d,28,FRED_WTREGEN_tga_fed.csv,161,0.504702
d__wtregen_tga_fed__lag029,wtregen_tga_fed,d,29,FRED_WTREGEN_tga_fed.csv,161,0.504702
d__wtregen_tga_fed__lag030,wtregen_tga_fed,d,30,FRED_WTREGEN_tga_fed.csv,161,0.504702
d__wtregen_tga_fed__lag031,wtregen_tga_fed,d,31,FRED_WTREGEN_tga_fed.csv,161,0.504702
d__wtregen_tga_fed__lag032,wtregen_tga_fed,d,32,FRED_WTREGEN_tga_fed.csv,161,0.504702
d__wtregen_tga_fed__lag033,wtregen_tga_fed,d,33,FRED_WTREGEN_tga_fed.csv,161,0.504702
d__wtregen_tga_fed__lag034,wtregen_tga_fed,d,34,FRED_WTREGEN_tga_fed.csv,161,0.504702
d__wtregen_tga_fed__lag035,wtregen_tga_fed,d,35,FRED_WTREGEN_tga_fed.csv,161,0.504702
d__wtregen_tga_fed__lag036,wtregen_tga_fed,d,36,FRED_WTREGEN_tga_fed.csv,161,0.504702
d__wtregen_tga_fed__lag037,wtregen_tga_fed,d,37,FRED_WTREGEN_tga_fed.csv,161,0.504702
d__wtregen_tga_fed__lag038,wtregen_tga_fed,d,38,FRED_WTREGEN_tga_fed.csv,161,0.504702
d__wtregen_tga_fed__lag039,wtregen_tga_fed,d,39,FRED_WTREGEN_tga_fed.csv,161,0.504702
d__wtregen_tga_fed__lag040,wtregen_tga_fed,d,40,FRED_WTREGEN_tga_fed.csv,161,0.504702
d__wtregen_tga_fed__lag041,wtregen_tga_fed,d,41,FRED_WTREGEN_tga_fed.csv,161,0.504702
d__wtregen_tga_fed__lag042,wtregen_tga_fed,d,42,FRED_WTREGEN_tga_fed.csv,161,0.504702
d__wtregen_tga_fed__lag043,wtregen_tga_fed,d,43,FRED_WTREGEN_tga_fed.csv,161,0.504702
d__wtregen_tga_fed__lag044,wtregen_tga_fed,d,44,FRED_WTREGEN_tga_fed.csv,161,0.504702
d__wtregen_tga_fed__lag045,wtregen_tga_fed,d,45,FRED_WTREGEN_tga_fed.csv,161,0.504702
d__wtregen_tga_fed__lag046,wtregen_tga_fed,d,46,FRED_WTREGEN_tga_fed.csv,161,0.504702
d__wtregen_tga_fed__lag047,wtregen_tga_fed,d,47,FRED_WTREGEN_tga_fed.csv,161,0.504702
d__wtregen_tga_fed__lag048,wtregen_tga_fed,d,48,FRED_WTREGEN_tga_fed.csv,161,0.504702
d__wtregen_tga_fed__lag049,wtregen_tga_fed,d,49,FRED_WTREGEN_tga_fed.csv,161,0.504702
d__wtregen_tga_fed__lag050,wtregen_tga_fed,d,50,FRED_WTREGEN_tga_fed.csv,161,0.504702
d__wtregen_tga_fed__lag051,wtregen_tga_fed,d,51,FRED_WTREGEN_tga_fed.csv,161,0.504702
d__wtregen_tga_fed__lag052,wtregen_tga_fed,d,52,FRED_WTREGEN_tga_fed.csv,161,0.504702
d__wtregen_tga_fed__lag053,wtregen_tga_fed,d,53,FRED_WTREGEN_tga_fed.csv,161,0.504702
d__wtregen_tga_fed__lag054,wtregen_tga_fed,d,54,FRED_WTREGEN_tga_fed.csv,161,0.504702
d__wtregen_tga_fed__lag055,wtregen_tga_fed,d,55,FRED_WTREGEN_tga_fed.csv,161,0.504702
d__wtregen_tga_fed__lag056,wtregen_tga_fed,d,56,FRED_WTREGEN_tga_fed.csv,161,0.504702
d__wtregen_tga_fed__lag057,wtregen_tga_fed,d,57,FRED_WTREGEN_tga_fed.csv,161,0.504702
d__wtregen_tga_fed__lag058,wtregen_tga_fed,d,58,FRED_WTREGEN_tga_fed.csv,161,0.504702
d__wtregen_tga_fed__lag059,wtregen_tga_fed,d,59,FRED_WTREGEN_tga_fed.csv,161,0.504702
d__wtregen_tga_fed__lag060,wtregen_tga_fed,d,60,FRED_WTREGEN_tga_fed.csv,161,0.504702
d__wtregen_tga_fed__lag061,wtregen_tga_fed,d,61,FRED_WTREGEN_tga_fed.csv,161,0.504702
d__wtregen_tga_fed__lag062,wtregen_tga_fed,d,62,FRED_WTREGEN_tga_fed.csv,161,0.504702
d__wtregen_tga_fed__lag063,wtregen_tga_fed,d,63,FRED_WTREGEN_tga_fed.csv,161,0.504702
d__wtregen_tga_fed__lag064,wtregen_tga_fed,d,64,FRED_WTREGEN_tga_fed.csv,161,0.504702
d__wtregen_tga_fed__lag065,wtregen_tga_fed,d,65,FRED_WTREGEN_tga_fed.csv,161,0.504702
d__wtregen_tga_fed__lag066,wtregen_tga_fed,d,66,FRED_WTREGEN_tga_fed.csv,161,0.504702
d__wtregen_tga_fed__lag067,wtregen_tga_fed,d,67,FRED_WTREGEN_tga_fed.csv,161,0.504702
d__wtregen_tga_fed__lag068,wtregen_tga_fed,d,68,FRED_WTREGEN_tga_fed.csv,161,0.504702
d__wtregen_tga_fed__lag069,wtregen_tga_fed,d,69,FRED_WTREGEN_tga_fed.csv,161,0.504702
d__wtregen_tga_fed__lag070,wtregen_tga_fed,d,70,FRED_WTREGEN_tga_fed.csv,161,0.504702
d__wtregen_tga_fed__lag071,wtregen_tga_fed,d,71,FRED_WTREGEN_tga_fed.csv,161,0.504702
d__wtregen_tga_fed__lag072,wtregen_tga_fed,d,72,FRED_WTREGEN_tga_fed.csv,161,0.504702
d__wtregen_tga_fed__lag073,wtregen_tga_fed,d,73,FRED_WTREGEN_tga_fed.csv,161,0.504702
d__wtregen_tga_fed__lag074,wtregen_tga_fed,d,74,FRED_WTREGEN_tga_fed.csv,161,0.504702
d__wtregen_tga_fed__lag075,wtregen_tga_fed,d,75,FRED_WTREGEN_tga_fed.csv,161,0.504702
d__wtregen_tga_fed__lag076,wtregen_tga_fed,d,76,FRED_WTREGEN_tga_fed.csv,161,0.504702
d__wtregen_tga_fed__lag077,wtregen_tga_fed,d,77,FRED_WTREGEN_tga_fed.csv,161,0.504702
d__wtregen_tga_fed__lag078,wtregen_tga_fed,d,78,FRED_WTREGEN_tga_fed.csv,161,0.504702
d__wtregen_tga_fed__lag079,wtregen_tga_fed,d,79,FRED_WTREGEN_tga_fed.csv,161,0.504702
d__wtregen_tga_fed__lag080,wtregen_tga_fed,d,80,FRED_WTREGEN_tga_fed.csv,161,0.504702
d__wtregen_tga_fed__lag081,wtregen_tga_fed,d,81,FRED_WTREGEN_tga_fed.csv,161,0.504702
d__wtregen_tga_fed__lag082,wtregen_tga_fed,d,82,FRED_WTREGEN_tga_fed.csv,161,0.504702
d__wtregen_tga_fed__lag083,wtregen_tga_fed,d,83,FRED_WTREGEN_tga_fed.csv,161,0.504702
d__wtregen_tga_fed__lag084,wtregen_tga_fed,d,84,FRED_WTREGEN_tga_fed.csv,160,0.501567
d__wtregen_tga_fed__lag085,wtregen_tga_fed,d,85,FRED_WTREGEN_tga_fed.csv,160,0.501567
d__wtregen_tga_fed__lag086,wtregen_tga_fed,d,86,FRED_WTREGEN_tga_fed.csv,160,0.501567
d__wtregen_tga_fed__lag087,wtregen_tga_fed,d,87,FRED_WTREGEN_tga_fed.csv,160,0.501567
d__wtregen_tga_fed__lag088,wtregen_tga_fed,d,88,FRED_WTREGEN_tga_fed.csv,160,0.501567
d__wtregen_tga_fed__lag089,wtregen_tga_fed,d,89,FRED_WTREGEN_tga_fed.csv,160,0.501567
d__wtregen_tga_fed__lag090,wtregen_tga_fed,d,90,FRED_WTREGEN_tga_fed.csv,160,0.501567
