feature_id,coverage_share,abs_corr_treatment,abs_corr_outcome_max,screen_score
q__bogz1fl702050005q_usb_ffrrp__lag008,0.984326,0.295204,0.74054,1.01950961
q__psave_psave__lag002,0.987461,0.593486,0.438141,1.01869151
q__psave_psave__lag001,0.990596,0.563715,0.451923,1.00608653
q__bogz1fl573061143q_private_db_pension_ts__lag005,0.99373,0.181437,0.821314,0.99646434
q__bogz1fl573061143q_private_db_pension_ts__lag007,0.987461,0.131678,0.873266,0.99234311
q__bogz1fl573061143q_private_db_pension_ts__lag006,0.990596,0.152798,0.847491,0.99088195
q__bogz1fl702050005q_usb_ffrrp__lag007,0.987461,0.3015,0.701645,0.9905669
q__bogz1fl573061143q_private_db_pension_ts__lag008,0.984326,0.106863,0.88487,0.97618896
q__bogz1fl713061103q_fed_tsy__lag001,1.0,0.144331,0.829585,0.97391684
q__bogz1fl713061103q_fed_tsy_raw__lag001,1.0,0.144331,0.829585,0.97391684
q__bogz1fl713061103q_cb_tsy__lag001,1.0,0.144331,0.829585,0.97391684
q__bogz1fl573061143q_private_db_pension_ts__lag004,0.996865,0.203749,0.76754,0.96824421
q__tgdef_net_gov_sav__lag001,0.990596,0.579238,0.397405,0.96745762
q__bogz1fl673061103q_abs_issuers_ts__lag004,0.996865,0.178355,0.792019,0.9673322
q__bogz1fl673061103q_abs_issuers_ts__lag003,1.0,0.139586,0.816285,0.95587054
q__bogz1fl673061103q_abs_issuers_ts__lag002,1.0,0.099147,0.847463,0.9466096
q__bogz1fl313024000q_tres_oper_cash__lag002,1.0,0.55783,0.379862,0.9376919
q__bogz1fl713061103q_fed_tsy__lag002,1.0,0.103004,0.829809,0.93281313
q__bogz1fl713061103q_fed_tsy_raw__lag002,1.0,0.103004,0.829809,0.93281313
q__bogz1fl713061103q_cb_tsy__lag002,1.0,0.103004,0.829809,0.93281313
q__bogz1fl573061143q_private_db_pension_ts__lag003,1.0,0.225883,0.704191,0.93007448
q__bogz1fl673061103q_abs_issuers_ts__lag005,0.99373,0.198905,0.735602,0.92864767
q__bogz1fl712151003q_fed_repo__lag001,1.0,0.239237,0.68465,0.92388705
q__bogz1fl713061113q_cb_bills_raw__lag006,0.990596,0.252674,0.677445,0.92137208
q__bogz1fl713061113q_cb_bills__lag006,0.990596,0.252674,0.677445,0.92137208
q__bogz1fl713123030q_tga__lag002,1.0,0.516068,0.402113,0.91818043
q__bogz1fl713123030q_tga_z1__lag002,1.0,0.516068,0.402113,0.91818043
q__bogz1fl713061113q_cb_bills_raw__lag007,0.987461,0.316858,0.605938,0.91122525
q__bogz1fl713061113q_cb_bills__lag007,0.987461,0.316858,0.605938,0.91122525
q__bogz1fl713061113q_cb_bills_raw__lag005,0.99373,0.177146,0.739138,0.91053932
q__bogz1fl713061113q_cb_bills__lag005,0.99373,0.177146,0.739138,0.91053932
q__fgdef_fgdef__lag001,0.990596,0.527931,0.385727,0.90506547
q__bogz1fl673061103q_abs_issuers_ts__lag001,1.0,0.058235,0.844174,0.90240857
q__bogz1lm573061105q_private_pension_ts__lag003,1.0,0.174051,0.722857,0.89690759
q__tgdef_net_gov_sav__lag002,0.987461,0.557179,0.35062,0.89641594
q__bogz1fl712151003q_fed_repo__lag002,1.0,0.266798,0.62669,0.8934881
q__bogz1fl313024000q_tres_oper_cash__lag001,1.0,0.557432,0.331068,0.8885007
q__bogz1fl702050005q_usb_ffrrp__lag006,0.990596,0.285228,0.608816,0.88563569
q__bogz1fl713061113q_cb_bills_raw__lag004,0.996865,0.099521,0.785833,0.88257923
q__bogz1fl713061113q_cb_bills__lag004,0.996865,0.099521,0.785833,0.88257923
q__bogz1lm573061105q_private_pension_ts__lag004,0.996865,0.152293,0.728674,0.87820539
q__fbtsatq027s_dom_fin_sector_tsy_tx__lag002,0.990596,0.545253,0.332091,0.86909283
q__bogz1lm573061105q_private_pension_ts__lag005,0.99373,0.128886,0.744567,0.86797695
q__bogz1lm573061105q_private_pension_ts__lag002,1.0,0.183056,0.671016,0.85407162
q__bogz1fl713123030q_tga__lag001,1.0,0.505979,0.346704,0.85268305
q__bogz1fl713123030q_tga_z1__lag001,1.0,0.505979,0.346704,0.85268305
q__bogz1fl673061103q_abs_issuers_ts__lag006,0.990596,0.208049,0.65209,0.85204967
q__bogz1fl713061113q_cb_bills_raw__lag008,0.984326,0.332961,0.530663,0.85008762
q__bogz1fl713061113q_cb_bills__lag008,0.984326,0.332961,0.530663,0.85008762
q__bogz1fl713061103q_fed_tsy__lag003,1.0,0.043358,0.80303,0.84638731
q__bogz1fl713061103q_fed_tsy_raw__lag003,1.0,0.043358,0.80303,0.84638731
q__bogz1fl713061103q_cb_tsy__lag003,1.0,0.043358,0.80303,0.84638731
q__bogz1fl713061113q_cb_bills_raw__lag003,1.0,0.038131,0.806222,0.84435328
q__bogz1fl713061113q_cb_bills__lag003,1.0,0.038131,0.806222,0.84435328
q__fgdef_fgdef__lag002,0.987461,0.514819,0.337497,0.84162857
q__bogz1fl343061123q_fed_gov_dcg_retirement_ts__lag001,1.0,0.296644,0.543733,0.84037783
q__bogz1fl713061113q_cb_bills_raw__lag001,1.0,0.024035,0.816039,0.84007353
q__bogz1fl713061113q_cb_bills__lag001,1.0,0.024035,0.816039,0.84007353
q__bogz1lm573061105q_private_pension_ts__lag006,0.990596,0.100752,0.737402,0.8302715
q__bogz1lm403061105q_gses_ts__lag003,1.0,0.310289,0.517515,0.82780398
q__bogz1lm403061105q_gse_tsy__lag003,1.0,0.310289,0.517515,0.82780398
q__bogz1lm403061105q_gses_ts__lag004,0.996865,0.224193,0.604354,0.82594987
q__bogz1lm403061105q_gse_tsy__lag004,0.996865,0.224193,0.604354,0.82594987
q__bogz1lm403061105q_gses_ts__lag006,0.990596,0.075329,0.754563,0.82208714
q__bogz1lm403061105q_gse_tsy__lag006,0.990596,0.075329,0.754563,0.82208714
q__bogz1lm403061105q_gses_ts__lag005,0.99373,0.136328,0.689149,0.82030196
q__bogz1lm403061105q_gse_tsy__lag005,0.99373,0.136328,0.689149,0.82030196
q__bogz1lm573061105q_private_pension_ts__lag007,0.987461,0.083118,0.744372,0.81711359
q__bogz1fl573061143q_private_db_pension_ts__lag002,1.0,0.231306,0.583888,0.81519367
q__bogz1fl713061113q_cb_bills_raw__lag002,1.0,0.008365,0.805594,0.81395865
q__bogz1fl713061113q_cb_bills__lag002,1.0,0.008365,0.805594,0.81395865
q__bogz1lm343061165q_fed_gov_db_retirement_ts__lag001,1.0,0.16496,0.642261,0.80722088
q__bogz1lm343061165q_fed_ret_tsy_db__lag001,1.0,0.16496,0.642261,0.80722088
m__ipbuseq_ipbuseq__lag007,0.987461,0.191314,0.622835,0.80394059
q__bogz1fl712151003q_fed_repo__lag003,1.0,0.253626,0.54987,0.8034956
q__bogz1fa713061103q_cb_tsy_tx__lag004,0.984326,0.45367,0.361661,0.80255118
m__permit_permit__lag005,0.827586,0.163176,0.805985,0.8020644
q__bogz1lm403061105q_gses_ts__lag007,0.987461,0.041106,0.769512,0.80045348
q__bogz1lm403061105q_gse_tsy__lag007,0.987461,0.041106,0.769512,0.80045348
q__bogz1fl712051000q_fed_rrp__lag005,0.99373,0.566164,0.237728,0.79885193
m__permit_permit__lag008,0.824451,0.204954,0.763961,0.79882346
q__bogz1fl753061103q_usb_tsy_for__lag001,1.0,0.187754,0.609452,0.79720575
q__bogz1lm403061105q_gses_ts__lag002,1.0,0.352258,0.443221,0.79547948
q__bogz1lm403061105q_gse_tsy__lag002,1.0,0.352258,0.443221,0.79547948
q__bogz1lm343061113q_fed_gov_dcf_retirement_ts__lag003,1.0,0.184768,0.605308,0.79007638
q__bogz1lm343061113q_fed_gov_dc_retirement_ts__lag003,1.0,0.184768,0.605308,0.79007638
q__bogz1lm343061113q_fed_ret_tsy_dc__lag003,1.0,0.184768,0.605308,0.79007638
q__bogz1fa313161105q_tsy_net_tx__lag002,0.990596,0.533072,0.263996,0.78957153
q__rhvrusq156n_owner_vacancy__lag001,0.877743,0.062759,0.835166,0.78814756
m__permit_permit__lag011,0.821317,0.220944,0.738462,0.78797586
q__bogz1fl593061105q_pension_ts__lag008,0.984326,0.102744,0.697342,0.78754477
q__bogz1fa713061103q_cb_tsy_tx__lag003,0.987461,0.509629,0.285588,0.78524534
q__bogz1lm573061105q_private_pension_ts__lag008,0.984326,0.060177,0.737194,0.78487308
m__ipbuseq_ipbuseq__lag008,0.987461,0.228867,0.564092,0.78301584
q__bogz1lm573061105q_private_pension_ts__lag001,1.0,0.185158,0.593586,0.77874394
q__bogz1lm343061113q_fed_gov_dcf_retirement_ts__lag002,1.0,0.212484,0.565194,0.77767796
q__bogz1lm343061113q_fed_gov_dc_retirement_ts__lag002,1.0,0.212484,0.565194,0.77767796
q__bogz1lm343061113q_fed_ret_tsy_dc__lag002,1.0,0.212484,0.565194,0.77767796
q__fbtsaaq027s_dom_fin_sector_tsy__lag001,1.0,0.164378,0.608727,0.77310559
q__fgdef_fgdef__lag004,0.981191,0.344919,0.442736,0.77284014
m__ipbuseq_ipbuseq__lag010,0.984326,0.140022,0.643594,0.77133324
q__bogz1lm343061165q_fed_gov_db_retirement_ts__lag002,1.0,0.155919,0.615181,0.77110005
q__bogz1lm343061165q_fed_ret_tsy_db__lag002,1.0,0.155919,0.615181,0.77110005
q__bogz1lm343061113q_fed_gov_dcf_retirement_ts__lag004,0.996865,0.155871,0.617443,0.77089031
q__bogz1lm343061113q_fed_gov_dc_retirement_ts__lag004,0.996865,0.155871,0.617443,0.77089031
q__bogz1lm343061113q_fed_ret_tsy_dc__lag004,0.996865,0.155871,0.617443,0.77089031
m__houst_houst__lag007,0.836991,0.195525,0.725122,0.77057359
q__bogz1fl702050005q_usb_ffrrp__lag005,0.99373,0.253289,0.519963,0.76840364
m__ipbuseq_ipbuseq__lag004,0.990596,0.23395,0.540381,0.7670496
m__ipbuseq_ipbuseq__lag009,0.987461,0.254194,0.52203,0.76649034
q__bogz1fl713061103q_fed_tsy__lag004,0.996865,0.02582,0.742771,0.7661817
q__bogz1fl713061103q_fed_tsy_raw__lag004,0.996865,0.02582,0.742771,0.7661817
q__bogz1fl713061103q_cb_tsy__lag004,0.996865,0.02582,0.742771,0.7661817
m__permit_permit__lag007,0.824451,0.188573,0.735258,0.76165357
q__rhvrusq156n_owner_vacancy__lag002,0.874608,0.048402,0.821967,0.76123148
q__fgdef_fgdef__lag003,0.984326,0.372856,0.39993,0.76067337
q__bogz1fl593061105q_pension_ts__lag007,0.987461,0.109455,0.659884,0.7596921
m__permit_permit__lag009,0.824451,0.227787,0.69267,0.75887217
q__bogz1fl713061103q_fed_tsy__lag005,0.99373,0.089674,0.671599,0.75650008
q__bogz1fl713061103q_fed_tsy_raw__lag005,0.99373,0.089674,0.671599,0.75650008
q__bogz1fl713061103q_cb_tsy__lag005,0.99373,0.089674,0.671599,0.75650008
q__fbtsaaq027s_dom_fin_sector_tsy__lag002,1.0,0.141142,0.614797,0.75593891
m__houst_houst__lag004,0.840125,0.148718,0.749579,0.75468193
q__ad02rc1q027sbea_gov_netlending__lag001,0.833856,0.521734,0.377635,0.74994385
q__bogz1fl313024000q_tres_oper_cash__lag003,1.0,0.361962,0.387679,0.74964017
m__houst_houst__lag005,0.840125,0.201129,0.689263,0.74804141
q__tgdef_net_gov_sav__lag003,0.984326,0.437201,0.321824,0.7471272
q__bogz1lm343061113q_fed_gov_dcf_retirement_ts__lag005,0.99373,0.103086,0.648505,0.74687809
q__bogz1lm343061113q_fed_gov_dc_retirement_ts__lag005,0.99373,0.103086,0.648505,0.74687809
q__bogz1lm343061113q_fed_ret_tsy_dc__lag005,0.99373,0.103086,0.648505,0.74687809
m__permit_permit__lag010,0.821317,0.225831,0.683193,0.74659607
m__ipfinal_ipfinal__lag009,1.0,0.475268,0.264689,0.73995768
q__tgdef_net_gov_sav__lag004,0.981191,0.387042,0.365925,0.73880457
m__permit_permit__lag006,0.827586,0.155469,0.73708,0.73866145
q__psave_psave__lag004,0.981191,0.379903,0.372165,0.73792252
q__bogz1lm223061143q_state_local_db_retirement_ts__lag008,0.984326,0.162508,0.586916,0.73767755
m__permit_permit__lag002,0.830721,0.138027,0.746422,0.73473041
m__permit_permit__lag004,0.827586,0.140395,0.745664,0.7332908
q__psave_psave__lag003,0.984326,0.447706,0.296531,0.73257124
q__ad02rc1q027sbea_gov_netlending__lag002,0.830721,0.508543,0.373041,0.73235035
q__bogz1lm403061105q_gses_ts__lag008,0.984326,0.001927,0.740151,0.73044721
q__bogz1lm403061105q_gse_tsy__lag008,0.984326,0.001927,0.740151,0.73044721
m__permit_permit__lag012,0.821317,0.243064,0.642951,0.72769863
q__bogz1fa713061103q_cb_tsy_tx__lag002,0.990596,0.500689,0.233145,0.72693232
m__ipfinal_ipfinal__lag010,1.0,0.342297,0.382262,0.72455872
q__bogz1fl713123030q_tga__lag003,1.0,0.335015,0.389027,0.72404208
q__bogz1fl713123030q_tga_z1__lag003,1.0,0.335015,0.389027,0.72404208
m__houst_houst__lag008,0.836991,0.229647,0.634847,0.72357336
m__civpart_civpart__lag007,0.974922,0.178876,0.563064,0.72333299
q__na000283q_gov_current_exp__lag002,0.987461,0.249462,0.482878,0.72315664
m__houst_houst__lag010,0.833856,0.232797,0.634395,0.72311338
q__fgexpnd_fgexpnd__lag002,0.987461,0.24787,0.482083,0.72079928
q__rrvrusq156n_rental_vacancy__lag003,0.871473,0.011078,0.812423,0.71765927
q__bogz1fl673061103q_abs_issuers_ts__lag007,0.987461,0.208339,0.517868,0.7171014
q__bogz1fl702050005q_usb_ffrrp__lag004,0.996865,0.316894,0.400293,0.71493884
q__bogz1lm343061113q_fed_gov_dcf_retirement_ts__lag006,0.990596,0.081805,0.639409,0.7144318
q__bogz1lm343061113q_fed_gov_dc_retirement_ts__lag006,0.990596,0.081805,0.639409,0.7144318
q__bogz1lm343061113q_fed_ret_tsy_dc__lag006,0.990596,0.081805,0.639409,0.7144318
q__rrvrusq156n_rental_vacancy__lag002,0.874608,0.044834,0.770753,0.71331864
q__bogz1fl713061103q_fed_tsy__lag006,0.990596,0.134935,0.585058,0.71322244
q__bogz1fl713061103q_fed_tsy_raw__lag006,0.990596,0.134935,0.585058,0.71322244
q__bogz1fl713061103q_cb_tsy__lag006,0.990596,0.134935,0.585058,0.71322244
q__bogz1fa713061103q_cb_tsy_tx__lag008,0.971787,0.221073,0.510486,0.71091894
q__bogz1lm343061113q_fed_gov_dcf_retirement_ts__lag001,1.0,0.209165,0.501639,0.71080389
q__bogz1lm343061113q_fed_gov_dc_retirement_ts__lag001,1.0,0.209165,0.501639,0.71080389
q__bogz1lm343061113q_fed_ret_tsy_dc__lag001,1.0,0.209165,0.501639,0.71080389
m__ipbuseq_ipbuseq__lag001,0.99373,0.244703,0.470421,0.7106403
m__ipfinal_ipfinal__lag008,1.0,0.44091,0.268834,0.70974434
q__fbtsaaq027s_dom_fin_sector_tsy__lag003,1.0,0.09981,0.609732,0.70954278
q__bogz1lm343061113q_fed_gov_dcf_retirement_ts__lag007,0.987461,0.062877,0.655301,0.70917284
q__bogz1lm343061113q_fed_gov_dc_retirement_ts__lag007,0.987461,0.062877,0.655301,0.70917284
q__bogz1lm343061113q_fed_ret_tsy_dc__lag007,0.987461,0.062877,0.655301,0.70917284
m__ipbuseq_ipbuseq__lag005,0.990596,0.222162,0.493547,0.70897849
m__ipfinal_ipfinal__lag007,1.0,0.37527,0.333577,0.70884642
q__bogz1lm403061105q_gses_ts__lag001,1.0,0.365542,0.342391,0.70793302
q__bogz1lm403061105q_gse_tsy__lag001,1.0,0.365542,0.342391,0.70793302
q__rhvrusq156n_owner_vacancy__lag003,0.871473,0.014772,0.796931,0.70737722
q__bogz1fl702050005q_usb_ffrrp__lag002,1.0,0.286103,0.420061,0.70616422
q__bogz1fl702050005q_usb_ffrrp__lag003,1.0,0.286715,0.418745,0.70546056
m__houst_houst__lag002,0.84326,0.178462,0.657247,0.70472047
m__currcir_currcir__lag001,1.0,0.104632,0.598781,0.7034133
q__bogz1fl543061165q_life_insurance_ts__lag001,1.0,0.15583,0.546901,0.70273071
m__ipbuseq_ipbuseq__lag011,0.984326,0.128098,0.584664,0.70159059
q__bogz1fa343061113q_fed_gov_dcf_retirement_ts_tx__lag004,0.984326,0.431948,0.280234,0.70101922
m__civpart_civpart__lag010,0.971787,0.129022,0.592019,0.70069827
m__permit_permit__lag003,0.830721,0.13317,0.709662,0.7001587
q__bogz1fl593061105q_pension_ts__lag006,0.990596,0.11937,0.586497,0.69922847
q__na000283q_gov_current_exp__lag001,0.990596,0.267332,0.437336,0.69804157
m__totresns_res__lag001,0.84326,0.165041,0.662594,0.69791173
q__fgexpnd_fgexpnd__lag001,0.990596,0.266681,0.436895,0.69695911
q__rrvrusq156n_rental_vacancy__lag004,0.868339,0.030527,0.770275,0.69536737
q__fbtsatq027s_dom_fin_sector_tsy_tx__lag004,0.984326,0.515762,0.190558,0.69524853
m__houst_houst__lag011,0.833856,0.223947,0.609171,0.69469993
m__unrate_unrate__lag009,0.974922,0.518114,0.193096,0.69337401
q__bogz1fa313161105q_tsy_net_tx__lag004,0.984326,0.459146,0.245058,0.69316545
m__bogmbase_mb__lag001,0.84326,0.150273,0.671445,0.69292193
m__currcir_currcir__lag002,1.0,0.103331,0.58889,0.69222091
q__bogz1fa713061103q_cb_tsy_tx__lag005,0.981191,0.298392,0.406844,0.69197102
q__bogz1fl712051000q_fed_rrp__lag004,0.996865,0.492892,0.197455,0.68818263
q__bogz1lm343061113q_fed_gov_dcf_retirement_ts__lag008,0.984326,0.039866,0.657485,0.68642061
q__bogz1lm343061113q_fed_gov_dc_retirement_ts__lag008,0.984326,0.039866,0.657485,0.68642061
q__bogz1lm343061113q_fed_ret_tsy_dc__lag008,0.984326,0.039866,0.657485,0.68642061
m__currcir_currcir__lag003,1.0,0.098242,0.585328,0.68356999
q__bogz1lm343061165q_fed_gov_db_retirement_ts__lag003,1.0,0.095998,0.587478,0.68347588
q__bogz1lm343061165q_fed_ret_tsy_db__lag003,1.0,0.095998,0.587478,0.68347588
m__houst_houst__lag012,0.833856,0.214361,0.604137,0.68250875
m__ipbuseq_ipbuseq__lag006,0.990596,0.222265,0.466675,0.68246135
m__houst_houst__lag009,0.836991,0.226229,0.585351,0.67928444
q__bogz1fa713061103q_cb_tsy_tx__lag001,0.99373,0.413798,0.268873,0.67839147
m__ipcongd_ipcongd__lag009,1.0,0.453125,0.222936,0.6760611
m__ipfinal_ipfinal__lag002,1.0,0.399875,0.274469,0.67434355
m__ipbuseq_ipbuseq__lag012,0.984326,0.149665,0.534613,0.67355354
q__na000283q_gov_current_exp__lag004,0.981191,0.15634,0.529113,0.67256007
m__psavert_psavert__lag009,0.836991,0.648989,0.154324,0.67236559
q__fgexpnd_fgexpnd__lag004,0.981191,0.156806,0.527997,0.67192222
m__psavert_psavert__lag008,0.836991,0.687234,0.114956,0.67142548
q__fgexpnd_fgexpnd__lag003,0.984326,0.172283,0.50977,0.6713622
q__na000283q_gov_current_exp__lag003,0.984326,0.170711,0.511341,0.67136155
q__bogz1lm473061105q_credit_unions_ts__lag001,1.0,0.005065,0.665956,0.67102103
q__bogz1lm473061105q_credit_unions_ts_tx__lag001,1.0,0.005065,0.665956,0.67102103
q__bogz1fl704135005q_usb_loan_l__lag007,0.987461,0.192313,0.487206,0.67099904
m__civpart_civpart__lag009,0.974922,0.184894,0.503014,0.67065642
q__fbtsatq027s_dom_fin_sector_tsy_tx__lag001,0.99373,0.351159,0.323568,0.67049676
m__bogmbase_mb__lag002,0.84326,0.142302,0.651276,0.66919233
m__currcir_currcir__lag004,1.0,0.092285,0.576627,0.6689116
m__ipfinal_ipfinal__lag003,1.0,0.398654,0.269927,0.66858103
m__totresns_res__lag002,0.84326,0.153897,0.638172,0.66791996
q__ad02rc1q027sbea_gov_netlending__lag003,0.827586,0.366518,0.439445,0.66700413
q__bogz1lm653061105q_mf_tsy_raw__lag007,0.987461,0.094026,0.579927,0.66550283
q__bogz1lm653061105q_mutual_funds_ts__lag007,0.987461,0.094026,0.579927,0.66550283
q__bogz1fl712151003q_fed_repo__lag004,0.996865,0.21504,0.452017,0.66496577
m__permit_permit__lag001,0.830721,0.1244,0.673933,0.66319223
m__houst_houst__lag006,0.840125,0.177087,0.611679,0.66266267
q__bogz1fl263061130q_row_gov_tsy__lag008,0.984326,0.112106,0.560896,0.66245331
q__bogz1fl704135005q_usb_loan_l__lag006,0.990596,0.167618,0.500707,0.66204003
q__bogz1lm653061105q_mf_tsy_raw__lag006,0.990596,0.091691,0.576613,0.66201893
q__bogz1lm653061105q_mutual_funds_ts__lag006,0.990596,0.091691,0.576613,0.66201893
q__rrvrusq156n_rental_vacancy__lag001,0.877743,0.028391,0.725241,0.66149518
q__rowmmfq027s_row_moneymarketfundshares_flow__lag008,0.971787,0.112641,0.566937,0.66040518
m__ipbuseq_ipbuseq__lag002,0.99373,0.255745,0.408248,0.65982973
m__ipfinal_ipfinal__lag004,1.0,0.388292,0.271518,0.65981089
m__currcir_currcir__lag005,1.0,0.090089,0.569305,0.65939373
q__ad02rc1q027sbea_gov_netlending__lag004,0.824451,0.336467,0.462124,0.65840017
q__bogz1fl313024000q_tres_oper_cash__lag004,0.996865,0.260942,0.398808,0.65768225
m__civpart_civpart__lag008,0.974922,0.177788,0.494525,0.65545252
q__bogz1fl712051000q_fed_rrp__lag006,0.990596,0.39086,0.270704,0.65534176
m__civpart_civpart__lag012,0.971787,0.120118,0.554195,0.65528775
q__bogz1fl573061143q_private_db_pension_ts__lag001,1.0,0.228747,0.425793,0.65453975
m__m2sl_m2__lag001,0.84326,0.127422,0.648666,0.65444404
q__bogz1fa673061103q_abs_issuers_ts_tx__lag008,0.971787,0.09137,0.579333,0.65178051
q__bogz1fl704141005q_usb_stloan_l__lag007,0.987461,0.189317,0.470416,0.65146129
q__rhvrusq156n_owner_vacancy__lag004,0.868339,0.037244,0.712262,0.65082515
q__bogz1lm653061105q_mf_tsy_raw__lag005,0.99373,0.08347,0.571448,0.6508114
q__bogz1lm653061105q_mutual_funds_ts__lag005,0.99373,0.08347,0.571448,0.6508114
m__currcir_currcir__lag006,1.0,0.086778,0.563658,0.65043667
q__bogz1fa633061105q_money_market_funds_ts_tx__lag002,0.990596,0.357364,0.299074,0.6502643
q__bogz1lm653061113q_mf_bills_raw__lag008,0.984326,0.225112,0.435043,0.64980778
q__bogz1lm653061113q_mutf_bills__lag008,0.984326,0.225112,0.435043,0.64980778
m__busloans_busloans__lag009,0.987461,0.160782,0.496435,0.64897596
m__bogmbase_mb__lag003,0.84326,0.125655,0.64393,0.64895988
m__m2sl_m2__lag002,0.84326,0.122271,0.646314,0.64811709
q__bogz1fa573061133q_private_dc_pension_ts_tx__lag002,0.990596,0.284192,0.36821,0.64626621
m__ipcongd_ipcongd__lag008,1.0,0.418043,0.228085,0.64612821
q__bogz1lm343061165q_fed_gov_db_retirement_ts__lag004,0.996865,0.095745,0.552143,0.64585634
q__bogz1lm343061165q_fed_ret_tsy_db__lag004,0.996865,0.095745,0.552143,0.64585634
m__ipfinal_ipfinal__lag005,1.0,0.37838,0.267183,0.64556307
m__civpart_civpart__lag004,0.978056,0.197857,0.460889,0.64429054
m__totresns_res__lag003,0.84326,0.132194,0.631288,0.64381408
m__busloans_busloans__lag010,0.984326,0.146591,0.507375,0.64371637
m__ipdcongd_ipdcongd__lag009,0.987461,0.394443,0.257104,0.64337682
q__bogz1fl593061105q_pension_ts__lag005,0.99373,0.117586,0.529567,0.64309535
q__bogz1fl704141005q_usb_stloan_l__lag006,0.990596,0.165643,0.482128,0.64167939
q__bogz1fl633061110q_mmf_bills_raw__lag001,1.0,0.344006,0.297616,0.6416214
q__bogz1fl633061110q_mmf_bills__lag001,1.0,0.344006,0.297616,0.6416214
q__fgtlasq027s_gov_loan_a__lag001,1.0,0.087947,0.553511,0.64145772
q__fgla_fgla__lag001,1.0,0.087757,0.553621,0.64137809
q__fgla_fedgov_loans__lag001,1.0,0.087757,0.553621,0.64137809
q__bogz1fl753061103q_usb_tsy_for__lag002,1.0,0.230008,0.411083,0.64109053
m__ipbuseq_ipbuseq__lag003,0.99373,0.264442,0.380361,0.64075954
q__fbtsaaq027s_dom_fin_sector_tsy__lag004,0.996865,0.05048,0.591834,0.64030061
m__busloans_busloans__lag008,0.987461,0.159193,0.4892,0.64026239
m__busloans_busloans__lag012,0.984326,0.14977,0.499704,0.63929432
q__bogz1lm653061105q_mf_tsy_raw__lag008,0.984326,0.084239,0.56474,0.63880722
q__bogz1lm653061105q_mutual_funds_ts__lag008,0.984326,0.084239,0.56474,0.63880722
m__m2sl_m2__lag003,0.84326,0.11607,0.640834,0.6382668
m__houst_houst__lag003,0.84326,0.163285,0.59351,0.63817507
m__manemp_manemp__lag003,1.0,0.331604,0.306093,0.63769686
q__bogz1fl713123030q_tga__lag004,0.996865,0.240477,0.398808,0.63728123
q__bogz1fl713123030q_tga_z1__lag004,0.996865,0.240477,0.398808,0.63728123
q__ophnfb_nflabor_productivity__lag001,0.990596,0.181718,0.460644,0.63632026
m__currcir_currcir__lag007,1.0,0.081246,0.554577,0.63582257
q__bogz1fl763061100q_usb_tsy_oth__lag001,1.0,0.063131,0.572217,0.63534768
q__bogz1fl713061103q_fed_tsy__lag007,0.987461,0.144299,0.499099,0.63533025
q__bogz1fl713061103q_fed_tsy_raw__lag007,0.987461,0.144299,0.499099,0.63533025
q__bogz1fl713061103q_cb_tsy__lag007,0.987461,0.144299,0.499099,0.63533025
q__bogz1fa573061133q_private_dc_pension_ts_tx__lag001,0.99373,0.362404,0.276366,0.63476536
q__bogz1fa633061105q_money_market_funds_ts_tx__lag004,0.984326,0.436182,0.208356,0.63443539
q__bogz1lm223061143q_state_local_db_retirement_ts__lag007,0.987461,0.141862,0.500372,0.6341809
m__manemp_manemp__lag002,1.0,0.329712,0.30442,0.63413197
q__bogz1fr403061105q_gses_ts_reval__lag001,0.99373,0.220524,0.417001,0.63352787
m__manemp_manemp__lag001,1.0,0.328043,0.304612,0.63265548
q__rrvrusq156n_rental_vacancy__lag005,0.865204,0.017002,0.713553,0.63207848
m__ipfinal_ipfinal__lag006,1.0,0.36763,0.264303,0.63193239
m__ipfinal_ipfinal__lag001,1.0,0.370011,0.261459,0.63147067
m__busloans_busloans__lag011,0.984326,0.145,0.496184,0.63113395
q__bogz1lm903061103q_instrument_discrepancies_ts__lag002,1.0,0.436532,0.194589,0.63112135
q__bogz1fl712051000q_fed_rrp__lag003,1.0,0.389429,0.241409,0.63083741
m__unrate_unrate__lag008,0.974922,0.471015,0.175997,0.63078612
q__ophnfb_nflabor_productivity__lag002,0.987461,0.167351,0.471191,0.6305352
m__busloans_busloans__lag007,0.987461,0.145629,0.491965,0.6295993
d__dgs5_dgs5__lag016,0.805643,0.465738,0.312816,0.62723594
d__dgs5_dgs5__lag025,0.805643,0.469591,0.308816,0.62711751
d__dgs5_dgs5__lag018,0.805643,0.467351,0.310687,0.62682068
d__dgs5_dgs5__lag021,0.805643,0.467565,0.310346,0.62671811
m__currcir_currcir__lag008,1.0,0.078525,0.54795,0.62647436
q__bogz1fa403061105q_gses_ts_tx__lag004,0.984326,0.405737,0.230571,0.62633405
q__bogz1fl712051000q_fed_rrp__lag001,1.0,0.112825,0.512853,0.62567854
m__manemp_manemp__lag006,1.0,0.314556,0.310642,0.62519863
d__dgs5_dgs5__lag026,0.805643,0.467648,0.308263,0.62510688
d__dgs5_dgs5__lag024,0.805643,0.465713,0.30956,0.62459306
m__bogmbase_mb__lag004,0.840125,0.108934,0.634455,0.62453944
m__manemp_manemp__lag005,1.0,0.315386,0.308505,0.62389007
d__dgs5_dgs5__lag023,0.805643,0.463243,0.310799,0.62360126
d__dgs5_dgs5__lag027,0.805643,0.465868,0.307897,0.62337818
d__dgs5_dgs5__lag022,0.805643,0.464738,0.309011,0.62336465
d__dgs5_dgs5__lag017,0.805643,0.463009,0.310043,0.62280375
m__m2sl_m2__lag004,0.840125,0.108677,0.632503,0.62268427
m__civpart_civpart__lag001,0.981191,0.221159,0.41337,0.62259429
d__dgs5_dgs5__lag019,0.805643,0.464883,0.307659,0.62239278
d__dgs5_dgs5__lag029,0.805643,0.466585,0.305824,0.62228517
d__dgs5_dgs5__lag037,0.805643,0.468957,0.303401,0.62224476
d__dgs5_dgs5__lag015,0.805643,0.46225,0.310076,0.62221898
d__dgs5_dgs5__lag020,0.805643,0.462715,0.30934,0.62199982
m__awhman_awhman__lag008,1.0,0.137005,0.484775,0.62178017
d__dgs5_dgs5__lag036,0.805643,0.466634,0.305095,0.62173744
d__dgs5_dgs5__lag034,0.805643,0.467787,0.303804,0.62162615
d__dgs5_dgs5__lag039,0.805643,0.467462,0.303909,0.6214495
d__dgs5_dgs5__lag033,0.805643,0.466297,0.304795,0.62122426
q__bogz1fl704135005q_usb_loan_l__lag005,0.99373,0.142706,0.481944,0.62073341
d__dgs5_dgs5__lag040,0.805643,0.467142,0.303265,0.62067259
d__dgs5_dgs5__lag028,0.805643,0.463893,0.306406,0.62058643
q__bogz1lm653061113q_mf_bills_raw__lag007,0.987461,0.194141,0.433544,0.61981446
q__bogz1lm653061113q_mutf_bills__lag007,0.987461,0.194141,0.433544,0.61981446
d__dgs5_dgs5__lag041,0.805643,0.465748,0.303292,0.61957106
d__dgs5_dgs5__lag042,0.805643,0.466712,0.302292,0.61954235
d__dgs5_dgs5__lag035,0.805643,0.464674,0.303981,0.619261
q__bogz1lm473061105q_credit_unions_ts__lag002,1.0,0.00925,0.609661,0.61891131
q__bogz1lm473061105q_credit_unions_ts_tx__lag002,1.0,0.00925,0.609661,0.61891131
d__dgs3_dgs3__lag016,0.805643,0.46515,0.302904,0.61877716
d__dgs5_dgs5__lag038,0.805643,0.464451,0.303154,0.61841512
m__manemp_manemp__lag004,1.0,0.312211,0.306166,0.6183774
m__manemp_manemp__lag009,1.0,0.310078,0.308183,0.61826087
m__nonrevsl_nonrevsl__lag001,1.0,0.074891,0.543226,0.61811649
d__dgs3_dgs3__lag021,0.805643,0.466933,0.300298,0.61811422
d__dgs3_dgs3__lag018,0.805643,0.466278,0.30085,0.61803114
d__dgs5_dgs5__lag002,0.805643,0.45351,0.313604,0.61802022
q__bogz1fl263061130q_row_gov_tsy__lag007,0.987461,0.130053,0.495767,0.61797256
d__dgs5_dgs5__lag032,0.805643,0.463827,0.302825,0.61764734
q__bogz1fa213061103q_state_local_gov_ts_tx__lag007,0.974922,0.269407,0.364019,0.61754138
d__dgs5_dgs5__lag030,0.805643,0.463112,0.303256,0.61741852
m__totresns_res__lag004,0.840125,0.111903,0.622397,0.61690364
d__dgs5_dgs5__lag011,0.805643,0.454988,0.310529,0.61673338
m__ipdcongd_ipdcongd__lag008,0.987461,0.349504,0.274794,0.61647013
q__bogz1fl753061103q_usb_tsy_for__lag005,0.99373,0.259162,0.361118,0.61639098
m__umcsent_umcsent__lag005,0.918495,0.134117,0.536916,0.61634056
d__dgs5_dgs5__lag010,0.805643,0.454409,0.310569,0.61629898
d__dgs5_dgs5__lag014,0.805643,0.456892,0.308039,0.61626124
d__dgs3_dgs3__lag025,0.805643,0.466033,0.298802,0.61618377
d__dgs3_dgs3__lag002,0.805643,0.458418,0.306188,0.6159993
q__bogz1fa223061143q_state_local_db_retirement_ts_tx__lag005,0.981191,0.355908,0.271839,0.61593988
q__bogz1fa573061133q_private_dc_pension_ts_tx__lag003,0.987461,0.200305,0.423317,0.61580182
q__bogz1fl743061103q_usb_tsy_dom__lag004,0.996865,0.067863,0.54966,0.61558712
m__m2sl_m2__lag005,0.840125,0.101102,0.631589,0.61555294
q__bogz1lm653061105q_mf_tsy_raw__lag004,0.996865,0.084169,0.533314,0.61554743
q__bogz1lm653061105q_mutual_funds_ts__lag004,0.996865,0.084169,0.533314,0.61554743
d__dgs5_dgs5__lag013,0.805643,0.45432,0.309716,0.61554002
d__dgs5_dgs5__lag043,0.805643,0.46296,0.300724,0.61525616
d__dgs3_dgs3__lag017,0.805643,0.463242,0.300421,0.61523948
d__dgs5_dgs5__lag044,0.805643,0.462273,0.301324,0.61518619
d__dgs5_dgs5__lag007,0.805643,0.452253,0.311292,0.61514418
d__dgs5_dgs5__lag031,0.805643,0.461201,0.301991,0.61485956
d__dgs3_dgs3__lag024,0.805643,0.463381,0.299804,0.61485438
d__dgs5_dgs5__lag005,0.805643,0.450746,0.312397,0.61482036
d__dgs3_dgs3__lag020,0.805643,0.463677,0.299362,0.61473676
d__dgs5_dgs5__lag008,0.805643,0.45346,0.309531,0.61469875
d__dgs5_dgs5__lag004,0.805643,0.449147,0.313685,0.61457042
d__dgs3_dgs3__lag015,0.805643,0.46203,0.300782,0.61455351
q__bogz1fa213061103q_state_local_gov_ts_tx__lag002,0.990596,0.183431,0.436927,0.61452448
m__ipcongd_ipcongd__lag010,1.0,0.371556,0.242933,0.61448927
d__dgs3_dgs3__lag026,0.805643,0.463832,0.298609,0.61425513
d__dgs3_dgs3__lag023,0.805643,0.461158,0.301073,0.61408618
q__fbtsatq027s_dom_fin_sector_tsy_tx__lag003,0.987461,0.466492,0.155192,0.61388877
m__umcsent_umcsent__lag008,0.915361,0.103056,0.56758,0.6138737
d__dgs5_dgs5__lag003,0.805643,0.449795,0.312045,0.6137703
d__dgs5_dgs5__lag012,0.805643,0.452082,0.309486,0.61355199
d__dgs3_dgs3__lag022,0.805643,0.462909,0.298644,0.61354006
d__dgs3_dgs3__lag019,0.805643,0.463562,0.297897,0.61346354
d__dgs5_dgs5__lag006,0.805643,0.451437,0.309979,0.61342965
m__psavert_psavert__lag006,0.840125,0.569451,0.160541,0.61328525
d__dgs5_dgs5__lag045,0.805643,0.460074,0.301105,0.61323888
d__dgs3_dgs3__lag027,0.805643,0.462914,0.298201,0.6131868
d__dgs3_dgs3__lag011,0.805643,0.458801,0.30186,0.61282083
q__fgdef_fgdef__lag005,0.978056,0.159883,0.466678,0.61281259
d__dgs5_dgs5__lag009,0.805643,0.449685,0.310777,0.61266073
d__dgs3_dgs3__lag029,0.805643,0.464884,0.295442,0.61255125
m__currcir_currcir__lag009,1.0,0.07237,0.540041,0.61241089
d__dgs3_dgs3__lag010,0.805643,0.458095,0.301989,0.61235645
q__bogz1fl743061103q_usb_tsy_dom__lag001,1.0,0.03643,0.5758,0.61223029
d__dgs3_dgs3__lag004,0.805643,0.454349,0.305434,0.61211281
d__dgs5_dgs5__lag001,0.805643,0.447549,0.31214,0.61203783
d__dgs3_dgs3__lag028,0.805643,0.462724,0.296855,0.61194972
q__bogz1lm903061103q_instrument_discrepancies_ts__lag001,1.0,0.403847,0.207839,0.61168683
d__dgs3_dgs3__lag003,0.805643,0.455011,0.304215,0.6116647
d__dgs3_dgs3__lag008,0.805643,0.45818,0.301046,0.61166431
d__dgs3_dgs3__lag007,0.805643,0.456001,0.303063,0.61153401
q__bogz1fl743061103q_usb_tsy_dom__lag002,1.0,0.051945,0.559448,0.61139212
d__dgs3_dgs3__lag014,0.805643,0.458542,0.300039,0.61114569
d__dgs3_dgs3__lag013,0.805643,0.45689,0.301526,0.61101168
d__dgs3_dgs3__lag005,0.805643,0.454333,0.304057,0.61099154
q__bogz1fa213061103q_state_local_gov_ts_tx__lag001,0.99373,0.214348,0.400375,0.61086907
m__manemp_manemp__lag008,1.0,0.304652,0.306158,0.61081062
d__dgs5_dgs5__lag046,0.805643,0.458435,0.299649,0.61074419
m__houst_houst__lag001,0.84326,0.098145,0.626046,0.61068145
m__indpro_indpro__lag009,1.0,0.309566,0.301052,0.61061819
q__tgdef_net_gov_sav__lag005,0.978056,0.219837,0.404401,0.61053968
d__dgs3_dgs3__lag006,0.805643,0.455931,0.301846,0.61049746
d__dgs3_dgs3__lag009,0.805643,0.455783,0.301922,0.61043961
d__dgs3_dgs3__lag001,0.805643,0.45336,0.304044,0.61019755
q__bogz1fa633061110q_mmf_bills_tx__lag004,0.984326,0.413861,0.205867,0.61001431
d__dgs3_dgs3__lag012,0.805643,0.455283,0.30083,0.60915689
d__dgs3_dgs3__lag034,0.805643,0.462465,0.293288,0.60886702
d__dgs3_dgs3__lag033,0.805643,0.461083,0.294367,0.60862312
d__dgs5_dgs5__lag057,0.805643,0.458119,0.296826,0.60821583
q__bogz1fl753061103q_usb_tsy_for__lag004,0.996865,0.252467,0.357525,0.60807927
q__bogz1fl633061110q_mmf_bills_raw__lag002,1.0,0.33121,0.276614,0.60782372
q__bogz1fl633061110q_mmf_bills__lag002,1.0,0.33121,0.276614,0.60782372
q__bogz1fr543061175q_life_insurance_ts_reval__lag002,0.990596,0.191697,0.421861,0.60778701
m__civpart_civpart__lag011,0.971787,0.109298,0.516132,0.60778415
d__dgs3_dgs3__lag030,0.805643,0.461426,0.29262,0.60749164
d__dgs5_dgs5__lag048,0.805643,0.456184,0.29744,0.60715154
m__ipfinal_ipfinal__lag012,1.0,0.329112,0.277868,0.60697912
d__dgs3_dgs3__lag037,0.805643,0.460806,0.292344,0.60677022
q__psave_psave__lag005,0.978056,0.196784,0.423572,0.60674291
q__bogz1lm343061165q_fed_gov_db_retirement_ts__lag005,0.99373,0.087478,0.522907,0.60655809
q__bogz1lm343061165q_fed_ret_tsy_db__lag005,0.99373,0.087478,0.522907,0.60655809
m__awhman_awhman__lag007,1.0,0.087586,0.518841,0.60642699
d__dgs5_dgs5__lag054,0.805643,0.454332,0.298343,0.60638739
d__dgs3_dgs3__lag035,0.805643,0.459547,0.293128,0.60638723
d__dgs5_dgs5__lag090,0.802508,0.466701,0.288629,0.60615796
d__dgs5_dgs5__lag056,0.805643,0.455008,0.297089,0.6059216
d__dgs3_dgs3__lag036,0.805643,0.458202,0.293846,0.60588151
d__dgs5_dgs5__lag047,0.805643,0.453016,0.298966,0.60582939
q__bogz1fa713061103q_cb_tsy_tx__lag007,0.974922,0.161777,0.459608,0.60580212
d__dgs3_dgs3__lag032,0.805643,0.459422,0.292511,0.60578874
m__m2sl_m2__lag006,0.840125,0.095488,0.625448,0.60567613
q__netfi_netfi__lag005,0.978056,0.282871,0.336181,0.60546742
q__bogz1fa403061105q_gses_ts_tx__lag003,0.987461,0.422412,0.19026,0.60499049
d__dgs3_dgs3__lag031,0.805643,0.45888,0.291872,0.60483821
d__dgs5_dgs5__lag089,0.805643,0.461361,0.289082,0.60458861
q__bogz1fl704135005q_usb_loan_l__lag008,0.984326,0.20153,0.412536,0.60444183
d__dgs5_dgs5__lag060,0.805643,0.451068,0.298758,0.604092
d__dgs3_dgs3__lag039,0.805643,0.457852,0.291883,0.60401831
m__umcsent_umcsent__lag002,0.92163,0.072905,0.582423,0.60397026
d__dgs5_dgs5__lag055,0.805643,0.45243,0.297068,0.60382703
m__bogmbase_mb__lag005,0.840125,0.100181,0.618489,0.60377352
d__dgs5_dgs5__lag073,0.805643,0.454764,0.294595,0.60371484
d__dgs5_dgs5__lag058,0.805643,0.452232,0.296977,0.60359419
q__bogz1fl633061105q_mmf_tsy_raw__lag001,1.0,0.304627,0.298836,0.60346321
q__bogz1fl633061105q_money_market_funds_ts__lag001,1.0,0.304627,0.298836,0.60346321
d__dgs5_dgs5__lag069,0.805643,0.454814,0.294082,0.60334322
d__dgs5_dgs5__lag071,0.805643,0.455454,0.29343,0.60333336
d__dgs5_dgs5__lag061,0.805643,0.450705,0.297824,0.60304693
d__dgs3_dgs3__lag041,0.805643,0.456648,0.291774,0.60296091
d__dgs3_dgs3__lag040,0.805643,0.457172,0.291204,0.60292326
m__civpart_civpart__lag006,0.978056,0.19482,0.421525,0.60281931
d__dgs3_dgs3__lag038,0.805643,0.456809,0.291359,0.60275614
d__dgs5_dgs5__lag059,0.805643,0.449591,0.298479,0.60267715
d__dgs5_dgs5__lag072,0.805643,0.455207,0.292808,0.60263302
d__dgs5_dgs5__lag083,0.805643,0.4547,0.293289,0.60261189
q__bogz1fr543061175q_life_insurance_ts_reval__lag004,0.984326,0.368679,0.24329,0.60237724
d__dgs5_dgs5__lag084,0.805643,0.454342,0.293336,0.60236142
m__unrate_unrate__lag012,0.971787,0.373439,0.246399,0.60235037
d__dgs5_dgs5__lag085,0.805643,0.454991,0.292305,0.60205374
m__psavert_psavert__lag011,0.833856,0.512308,0.209683,0.60203584
d__dgs5_dgs5__lag065,0.805643,0.453513,0.293653,0.60194855
d__dgs3_dgs3__lag042,0.805643,0.456414,0.290702,0.60190808
d__dgs5_dgs5__lag049,0.805643,0.451264,0.295746,0.60182299
d__dgs5_dgs5__lag070,0.805643,0.453622,0.293262,0.60172177
q__fgla_fgla__lag002,1.0,0.073064,0.528591,0.60165552
q__fgla_fedgov_loans__lag002,1.0,0.073064,0.528591,0.60165552
q__fgtlasq027s_gov_loan_a__lag002,1.0,0.073108,0.528491,0.60159916
q__bogz1fl753061103q_usb_tsy_for__lag008,0.984326,0.188341,0.422567,0.60133278
d__dgs5_dgs5__lag062,0.805643,0.449121,0.297152,0.60122917
d__dgs5_dgs5__lag087,0.805643,0.455278,0.290761,0.60104103
d__dgs5_dgs5__lag068,0.805643,0.452103,0.293656,0.60081554
m__ipcongd_ipcongd__lag012,1.0,0.36493,0.235793,0.60072322
d__dgs5_dgs5__lag086,0.805643,0.454528,0.290848,0.60050605
m__awotman_awotman__lag009,0.874608,0.339835,0.346682,0.600433
d__dgs5_dgs5__lag088,0.805643,0.454818,0.289908,0.59998312
q__bogz1fl543061165q_life_insurance_ts__lag003,1.0,0.139903,0.460052,0.59995569
q__bogz1fl743061103q_usb_tsy_dom__lag003,1.0,0.044737,0.555206,0.59994297
q__bogz1fa763061100q_usb_tsy_oth_tx__lag001,0.99373,0.352436,0.251265,0.59991606
d__dgs5_dgs5__lag074,0.805643,0.451168,0.293377,0.59983719
q__bogz1fl704141005q_usb_stloan_l__lag005,0.99373,0.141105,0.462363,0.59968443
d__dgs5_dgs5__lag050,0.805643,0.447038,0.296687,0.59917644
d__dgs5_dgs5__lag082,0.805643,0.452482,0.291099,0.59906061
d__dgs3_dgs3__lag044,0.805643,0.453382,0.290013,0.59891068
d__dgs3_dgs3__lag043,0.805643,0.453828,0.289525,0.59887645
d__dgs5_dgs5__lag075,0.805643,0.451469,0.291835,0.59883742
d__dgs5_dgs5__lag053,0.805643,0.444694,0.298287,0.59857757
d__dgs5_dgs5__lag081,0.805643,0.451454,0.291512,0.59856517
d__dgs5_dgs5__lag051,0.805643,0.4459,0.296756,0.59831546
d__dgs5_dgs5__lag064,0.805643,0.449251,0.293365,0.59828337
m__mvmtd027mnfrbdal_mv_mkt_debt__lag001,1.0,0.153582,0.444498,0.59808018
m__unrate_unrate__lag007,0.974922,0.446532,0.166881,0.59802954
d__dgs5_dgs5__lag067,0.805643,0.449495,0.292766,0.59799702
d__dgs5_dgs5__lag077,0.805643,0.450598,0.291646,0.59798334
m__mvmtd027mnfrbdal_mv_mkt_debt__lag005,1.0,0.141101,0.456746,0.5978477
d__dgs5_dgs5__lag063,0.805643,0.447274,0.294773,0.59782511
d__dgs5_dgs5__lag066,0.805643,0.449642,0.292234,0.59768683
m__indpro_indpro__lag008,1.0,0.294885,0.302402,0.59728664
m__mvmtd027mnfrbdal_mv_mkt_debt__lag002,1.0,0.150136,0.44713,0.5972661
d__dgs3_dgs3__lag045,0.805643,0.451027,0.289987,0.59699227
m__manemp_manemp__lag007,1.0,0.293458,0.303333,0.59679106
q__netfi_netfi__lag004,0.981191,0.273147,0.334814,0.59652581
m__psavert_psavert__lag004,0.840125,0.618626,0.091335,0.59645603
m__psavert_psavert__lag012,0.833856,0.471926,0.243335,0.59642485
d__dgs5_dgs5__lag052,0.805643,0.442919,0.296899,0.59602892
d__dgs5_dgs5__lag078,0.805643,0.448176,0.291217,0.59568648
d__dgs5_dgs5__lag080,0.805643,0.449522,0.289828,0.59565139
d__dgs5_dgs5__lag076,0.805643,0.448231,0.290742,0.59534836
d__dgs3_dgs3__lag046,0.805643,0.449908,0.288732,0.59507956
q__bogz1fl753061103q_usb_tsy_for__lag003,1.0,0.251852,0.342902,0.59475414
q__bogz1fa763061100q_usb_tsy_oth_tx__lag004,0.984326,0.292899,0.310866,0.59430207
q__bogz1fa313161110q_totalbills_z1_tx__lag004,0.984326,0.407101,0.196209,0.59385466
d__dgs5_dgs5__lag079,0.805643,0.446347,0.290363,0.59352501
q__rowcbaq027s_row_corpbonds_flow__lag008,0.971787,0.259436,0.351269,0.59347545
q__bogz1fa633061110q_mmf_bills_tx__lag002,0.990596,0.341745,0.257192,0.59330374
m__currcir_currcir__lag010,1.0,0.065188,0.52795,0.5931381
q__ophnfb_nflabor_productivity__lag003,0.984326,0.144617,0.457917,0.59309
d__dgs10_dgs10__lag037,0.805643,0.422796,0.313037,0.59281839
m__busloans_busloans__lag006,0.990596,0.137667,0.460038,0.59208393
d__dgs10_dgs10__lag036,0.805643,0.420322,0.313928,0.59154272
m__m2sl_m2__lag007,0.836991,0.088729,0.617769,0.59133194
m__nonrevsl_nonrevsl__lag002,1.0,0.066535,0.524696,0.59123145
d__dgs10_dgs10__lag039,0.805643,0.419539,0.31426,0.59117971
m__mvmtd027mnfrbdal_mv_mkt_debt__lag004,1.0,0.147099,0.444044,0.59114289
d__dgs10_dgs10__lag042,0.805643,0.421153,0.312257,0.59086611
m__mvmtd027mnfrbdal_mv_mkt_debt__lag007,1.0,0.137137,0.453484,0.59062051
d__dgs10_dgs10__lag040,0.805643,0.419384,0.313588,0.59051342
d__dgs10_dgs10__lag033,0.805643,0.419482,0.313447,0.59047864
m__psavert_psavert__lag007,0.836991,0.572411,0.132946,0.59037723
m__awotman_awotman__lag012,0.871473,0.332613,0.344763,0.59031545
d__dgs3_dgs3__lag047,0.805643,0.44514,0.287378,0.59014804
d__dgs10_dgs10__lag034,0.805643,0.41934,0.312799,0.58984231
d__dgs3_dgs3__lag048,0.805643,0.446193,0.285891,0.58979747
m__totresns_res__lag005,0.840125,0.100516,0.601159,0.58949519
d__dgs3_dgs3__lag057,0.805643,0.446125,0.285559,0.58947593
d__dgs10_dgs10__lag018,0.805643,0.412691,0.31884,0.58935328
d__dgs10_dgs10__lag021,0.805643,0.412087,0.319382,0.58930233
d__dgs10_dgs10__lag041,0.805643,0.417491,0.313445,0.58887263
d__dgs10_dgs10__lag023,0.805643,0.410064,0.320818,0.58883034
q__bogz1fl343061123q_fed_gov_dcg_retirement_ts__lag002,1.0,0.178253,0.410492,0.58874508
q__bogz1fa763061100q_usb_tsy_oth_tx__lag003,0.987461,0.319505,0.276622,0.58865154
q__bogz1fa763061100q_usb_tsy_oth_tx__lag002,0.990596,0.364408,0.229774,0.58859435
d__dgs10_dgs10__lag016,0.805643,0.409696,0.320325,0.58813668
d__dgs3_dgs3__lag060,0.805643,0.442942,0.287043,0.58810717
q__bogz1lm653061105q_mf_tsy_raw__lag003,1.0,0.082442,0.505598,0.58804037
q__bogz1lm653061105q_mutual_funds_ts__lag003,1.0,0.082442,0.505598,0.58804037
d__dgs10_dgs10__lag038,0.805643,0.416563,0.313297,0.58800692
q__rhvrusq156n_owner_vacancy__lag005,0.865204,0.061298,0.618126,0.58784025
d__dgs3_dgs3__lag056,0.805643,0.443562,0.285781,0.58759037
d__dgs3_dgs3__lag061,0.805643,0.443001,0.286224,0.58749411
d__dgs3_dgs3__lag054,0.805643,0.442572,0.286268,0.58718493
d__dgs10_dgs10__lag025,0.805643,0.411499,0.317158,0.58703743
d__dgs10_dgs10__lag022,0.805643,0.409895,0.318721,0.5870037
q__bogz1fa573061133q_private_dc_pension_ts_tx__lag004,0.984326,0.151562,0.444631,0.58684759
d__dgs3_dgs3__lag059,0.805643,0.441569,0.286807,0.58681034
d__dgs3_dgs3__lag049,0.805643,0.443422,0.28484,0.58671853
d__dgs10_dgs10__lag026,0.805643,0.411392,0.316781,0.58664668
m__mvmtd027mnfrbdal_mv_mkt_debt__lag006,1.0,0.141228,0.445212,0.58644041
d__dgs10_dgs10__lag035,0.805643,0.414951,0.312882,0.58637302
q__bogz1fl704141005q_usb_stloan_l__lag008,0.984326,0.197853,0.397794,0.58631073
d__dgs3_dgs3__lag058,0.805643,0.44259,0.285149,0.58629741
d__dgs3_dgs3__lag055,0.805643,0.442034,0.285671,0.58627018
m__mvmtd027mnfrbdal_mv_mkt_debt__lag003,1.0,0.147548,0.438715,0.58626388
d__dgs10_dgs10__lag024,0.805643,0.409826,0.317744,0.58616107
q__bogz1fl543061165q_life_insurance_ts__lag006,0.990596,0.11958,0.471492,0.58551401
d__dgs10_dgs10__lag015,0.805643,0.410003,0.316175,0.58503927
m__awhman_awhman__lag009,1.0,0.213718,0.371314,0.58503177
d__dgs10_dgs10__lag032,0.805643,0.414244,0.311661,0.58481989
d__dgs10_dgs10__lag043,0.805643,0.414879,0.31099,0.584791
m__ipdcongd_ipdcongd__lag004,0.990596,0.216403,0.373836,0.58468896
d__dgs10_dgs10__lag029,0.805643,0.410654,0.31478,0.58443997
d__dgs3_dgs3__lag062,0.805643,0.440359,0.285069,0.5844351
d__dgs10_dgs10__lag017,0.805643,0.407201,0.318004,0.58425622
m__civpart_civpart__lag005,0.978056,0.183789,0.413457,0.5841401
d__dgs3_dgs3__lag050,0.805643,0.439393,0.285518,0.58401887
q__bogz1fl543061175q_life_insurance_ts__lag001,1.0,0.278889,0.305046,0.58393462
d__dgs10_dgs10__lag019,0.805643,0.408784,0.315904,0.58383911
q__hnotsbq027s_hhnp_tsy_tx__lag001,0.99373,0.326698,0.260772,0.58378667
d__dgs3_dgs3__lag090,0.802508,0.448806,0.278397,0.58358634
m__mvmtd027mnfrbdal_mv_mkt_debt__lag008,1.0,0.124928,0.458417,0.58334506
d__dgs10_dgs10__lag020,0.805643,0.406889,0.317157,0.5833222
d__dgs10_dgs10__lag027,0.805643,0.408158,0.315749,0.58321028
m__nonrevsl_nonrevsl__lag003,1.0,0.065,0.517894,0.58289433
d__dgs3_dgs3__lag053,0.805643,0.436622,0.286123,0.58227458
d__dgs3_dgs3__lag051,0.805643,0.437152,0.285546,0.58223623
d__dgs3_dgs3__lag065,0.805643,0.441134,0.281559,0.58223264
d__dgs10_dgs10__lag044,0.805643,0.411422,0.310857,0.58189885
d__dgs3_dgs3__lag073,0.805643,0.439781,0.282465,0.58187252
m__bogmbase_mb__lag006,0.840125,0.084737,0.607747,0.58177376
m__currcir_currcir__lag011,1.0,0.060418,0.521237,0.58165518
d__dgs3_dgs3__lag064,0.805643,0.440123,0.281834,0.58163964
d__dgs3_dgs3__lag063,0.805643,0.438723,0.283224,0.5816315
q__bogz1lm653061113q_mf_bills_raw__lag001,1.0,0.127054,0.454538,0.58159207
q__bogz1lm653061113q_mutf_bills__lag001,1.0,0.127054,0.454538,0.58159207
m__m2sl_m2__lag008,0.836991,0.08055,0.614305,0.58158671
m__ipcongd_ipcongd__lag007,1.0,0.346819,0.234748,0.58156671
d__dgs10_dgs10__lag030,0.805643,0.409655,0.312091,0.58146897
d__dgs3_dgs3__lag072,0.805643,0.440497,0.281053,0.58131166
d__dgs3_dgs3__lag089,0.805643,0.443295,0.278141,0.58121958
d__dgs3_dgs3__lag085,0.805643,0.440368,0.280825,0.58102345
d__dgs3_dgs3__lag069,0.805643,0.439655,0.28125,0.58079187
q__netfi_netfi__lag001,0.990596,0.121597,0.464696,0.58077916
d__dgs3_dgs3__lag071,0.805643,0.439844,0.281031,0.5807683
d__dgs10_dgs10__lag011,0.805643,0.405015,0.315811,0.58072818
d__dgs10_dgs10__lag014,0.805643,0.407792,0.312789,0.58053061
d__dgs10_dgs10__lag031,0.805643,0.409539,0.310964,0.58046777
d__dgs10_dgs10__lag028,0.805643,0.405535,0.314483,0.58007714
d__dgs3_dgs3__lag083,0.805643,0.438812,0.281161,0.58004021
q__bogz1fl763061100q_usb_tsy_oth__lag002,1.0,0.031064,0.54892,0.57998386
d__dgs3_dgs3__lag052,0.805643,0.434741,0.285069,0.57990988
q__bogz1lm653061105q_mf_tsy_raw__lag002,1.0,0.091035,0.488862,0.57989748
q__bogz1lm653061105q_mutual_funds_ts__lag002,1.0,0.091035,0.488862,0.57989748
d__dgs3_dgs3__lag084,0.805643,0.438395,0.281368,0.57987219
d__dgs10_dgs10__lag045,0.805643,0.409384,0.310345,0.5798446
m__busloans_busloans__lag004,0.990596,0.121549,0.463366,0.57941452
q__bogz1fl753061103q_usb_tsy_for__lag006,0.990596,0.240941,0.343971,0.57941106
d__dgs3_dgs3__lag087,0.805643,0.439583,0.279383,0.57922891
q__bogz1fl702050005q_usb_ffrrp__lag001,1.0,0.171448,0.407757,0.579205
d__dgs10_dgs10__lag013,0.805643,0.405203,0.313682,0.57916419
d__dgs3_dgs3__lag070,0.805643,0.438087,0.28047,0.57889991
d__dgs3_dgs3__lag068,0.805643,0.437493,0.281,0.57884858
d__dgs3_dgs3__lag074,0.805643,0.437135,0.281222,0.57873903
m__awotman_awotman__lag008,0.874608,0.282476,0.379192,0.57870014
d__dgs3_dgs3__lag075,0.805643,0.438272,0.279932,0.5786157
d__dgs10_dgs10__lag010,0.805643,0.402416,0.315482,0.57836883
d__dgs10_dgs10__lag002,0.805643,0.400364,0.317277,0.57816142
m__busloans_busloans__lag005,0.990596,0.13193,0.451678,0.57812022
d__dgs3_dgs3__lag088,0.805643,0.438694,0.278889,0.57811513
d__dgs10_dgs10__lag057,0.805643,0.410236,0.307273,0.57805558
d__dgs10_dgs10__lag090,0.802508,0.426163,0.294099,0.57801593
d__dgs3_dgs3__lag086,0.805643,0.438263,0.279105,0.57794218
q__na000283q_gov_current_exp__lag005,0.978056,0.065564,0.52529,0.57788856
d__dgs10_dgs10__lag089,0.805643,0.421979,0.295233,0.57781705
m__nonrevsl_nonrevsl__lag004,1.0,0.064475,0.51313,0.57760514
m__umcsent_umcsent__lag009,0.912226,0.125444,0.507724,0.57759168
q__bogz1lm343061105q_fed_gov_retirement_ts__lag001,1.0,0.109074,0.468465,0.57753842
q__bogz1lm343061105q_fed_ret_tsy_total__lag001,1.0,0.109074,0.468465,0.57753842
d__dgs3_dgs3__lag077,0.805643,0.436863,0.27991,0.57746266
d__dgs3_dgs3__lag066,0.805643,0.436675,0.279834,0.57725096
q__fgexpnd_fgexpnd__lag005,0.978056,0.065248,0.524942,0.57723905
d__dgs3_dgs3__lag067,0.805643,0.435953,0.280424,0.57714388
d__dgs10_dgs10__lag012,0.805643,0.401463,0.314683,0.57695787
q__fbtsaaq027s_dom_fin_sector_tsy__lag005,0.99373,0.008547,0.571925,0.57683322
d__dgs10_dgs10__lag005,0.805643,0.398373,0.317528,0.5767605
d__dgs3_dgs3__lag082,0.805643,0.436687,0.279105,0.57667261
m__ipdcongd_ipdcongd__lag012,0.984326,0.303915,0.281781,0.57651539
d__dgs10_dgs10__lag056,0.805643,0.407736,0.307771,0.57644272
d__dgs10_dgs10__lag046,0.805643,0.406651,0.308767,0.57637143
d__dgs10_dgs10__lag008,0.805643,0.400442,0.314877,0.57629141
d__dgs10_dgs10__lag004,0.805643,0.396403,0.318558,0.57600321
d__dgs1_dgs1__lag002,0.805643,0.430108,0.284722,0.57589775
q__bogz1fl593061105q_pension_ts__lag004,0.996865,0.126434,0.451258,0.57588081
d__dgs3_dgs3__lag078,0.805643,0.435704,0.279054,0.57583971
d__dgs1_dgs1__lag003,0.805643,0.430276,0.284339,0.57572396
q__bogz1fr543061175q_life_insurance_ts_reval__lag003,0.987461,0.317137,0.265864,0.57569015
d__dgs10_dgs10__lag007,0.805643,0.398088,0.316271,0.57551752
d__dgs1_dgs1__lag004,0.805643,0.429427,0.284713,0.57534148
d__dgs3_dgs3__lag081,0.805643,0.435081,0.279031,0.57531886
d__dgs10_dgs10__lag084,0.805643,0.412988,0.300913,0.57514952
d__dgs3_dgs3__lag076,0.805643,0.434731,0.279099,0.57509235
d__dgs10_dgs10__lag048,0.805643,0.406302,0.307334,0.57493592
q__netfi_netfi__lag003,0.984326,0.223468,0.360539,0.57485341
d__dgs10_dgs10__lag054,0.805643,0.404297,0.309186,0.5748125
d__dgs10_dgs10__lag083,0.805643,0.41207,0.301387,0.57479115
d__dgs10_dgs10__lag003,0.805643,0.396621,0.316753,0.57472462
d__dgs10_dgs10__lag006,0.805643,0.398402,0.314958,0.57471374
m__mvmtd027mnfrbdal_mv_mkt_debt__lag009,1.0,0.12136,0.453306,0.57466618
d__dgs10_dgs10__lag073,0.805643,0.410163,0.30292,0.57448939
d__dgs10_dgs10__lag009,0.805643,0.396988,0.316051,0.57445509
d__dgs10_dgs10__lag087,0.805643,0.415351,0.297672,0.57444171
m__psavert_psavert__lag010,0.833856,0.477169,0.211708,0.57442442
d__dgs1_dgs1__lag005,0.805643,0.428113,0.284189,0.57386149
d__dgs10_dgs10__lag069,0.805643,0.408492,0.3038,0.57385222
d__dgs1_dgs1__lag001,0.805643,0.428524,0.283736,0.57382671
q__fbtsaaq027s_dom_fin_sector_tsy__lag006,0.990596,0.040994,0.538245,0.57379196
m__ipcongd_ipcongd__lag002,1.0,0.335747,0.237981,0.57372821
d__dgs10_dgs10__lag058,0.805643,0.404338,0.307603,0.57356976
d__dgs10_dgs10__lag071,0.805643,0.409863,0.302031,0.57353222
q__bogz1fl743061103q_usb_tsy_dom__lag005,0.99373,0.063224,0.513849,0.57345498
q__ophnfb_nflabor_productivity__lag004,0.981191,0.130441,0.453986,0.57343533
d__dgs10_dgs10__lag085,0.805643,0.412107,0.299617,0.57339464
d__dgs3_dgs3__lag080,0.805643,0.433987,0.277729,0.57338879
m__fedfunds_fed_funds__lag001,0.899687,0.386471,0.250691,0.57324569
q__bogz1fl543061165q_life_insurance_ts__lag008,0.984326,0.120862,0.461494,0.57322821
d__dgs10_dgs10__lag070,0.805643,0.408641,0.302376,0.57282536
d__dgs10_dgs10__lag055,0.805643,0.402848,0.307898,0.57260751
d__dgs10_dgs10__lag081,0.805643,0.410414,0.30033,0.57260535
q__bogz1lm653061105q_mf_tsy_raw__lag001,1.0,0.110309,0.462219,0.57252866
q__bogz1lm653061105q_mutual_funds_ts__lag001,1.0,0.110309,0.462219,0.57252866
d__dgs10_dgs10__lag086,0.805643,0.412254,0.298065,0.57226297
d__dgs10_dgs10__lag001,0.805643,0.394433,0.315883,0.57226034
d__dgs10_dgs10__lag082,0.805643,0.410659,0.299506,0.572139
d__dgs3_dgs3__lag079,0.805643,0.431987,0.278152,0.57211832
d__dgs1_dgs1__lag007,0.805643,0.427644,0.282472,0.57210003
d__dgs10_dgs10__lag072,0.805643,0.408739,0.301303,0.57204039
d__dgs1_dgs1__lag010,0.805643,0.426823,0.283211,0.57203356
d__dgs10_dgs10__lag047,0.805643,0.401276,0.308653,0.57194866
d__dgs1_dgs1__lag006,0.805643,0.427814,0.282009,0.57186415
d__dgs10_dgs10__lag088,0.805643,0.41333,0.296304,0.57171127
d__dgs10_dgs10__lag065,0.805643,0.405882,0.303405,0.57143151
d__dgs10_dgs10__lag068,0.805643,0.405688,0.303319,0.57120642
d__dgs1_dgs1__lag008,0.805643,0.427833,0.28107,0.57112179
d__dgs10_dgs10__lag074,0.805643,0.406464,0.302115,0.57086095
m__ipfinal_ipfinal__lag011,1.0,0.290155,0.280647,0.57080152
q__bogz1fl543061165q_life_insurance_ts__lag005,0.99373,0.125709,0.448578,0.57068642
m__umcsent_umcsent__lag004,0.918495,0.066201,0.55509,0.57065275
m__ipcongd_ipcongd__lag003,1.0,0.338594,0.23191,0.57050447
m__umcsent_umcsent__lag001,0.92163,0.020127,0.598853,0.57047105
d__dgs10_dgs10__lag060,0.805643,0.399598,0.308422,0.57041132
q__bogz1lm653061113q_mf_bills_raw__lag006,0.990596,0.149376,0.426403,0.57036448
q__bogz1lm653061113q_mutf_bills__lag006,0.990596,0.149376,0.426403,0.57036448
d__dgs1_dgs1__lag016,0.805643,0.426274,0.281601,0.57029408
d__dgs1_dgs1__lag011,0.805643,0.425717,0.281784,0.56999358
m__indpro_indpro__lag002,1.0,0.264497,0.305468,0.56996548
q__bogz1fl633061105q_mmf_tsy_raw__lag002,1.0,0.291375,0.278552,0.56992715
q__bogz1fl633061105q_money_market_funds_ts__lag002,1.0,0.291375,0.278552,0.56992715
m__bogmbase_mb__lag007,0.836991,0.078654,0.602166,0.56983952
m__mvmtd027mnfrbdal_mv_mkt_debt__lag010,1.0,0.113852,0.455845,0.56969744
d__dgs1_dgs1__lag009,0.805643,0.425423,0.281435,0.56947503
d__dgs10_dgs10__lag066,0.805643,0.404297,0.302445,0.56938175
m__currcir_currcir__lag012,1.0,0.057107,0.512244,0.5693509
d__dgs10_dgs10__lag077,0.805643,0.406352,0.300313,0.56931956
d__dgs1_dgs1__lag013,0.805643,0.423711,0.282831,0.56922089
d__dgs10_dgs10__lag075,0.805643,0.406188,0.300291,0.56916989
d__dgs1_dgs1__lag014,0.805643,0.423959,0.282462,0.56912272
q__bogz1fr753061103q_usb_tsy_for_reval__lag005,0.981191,0.358265,0.221727,0.56908263
d__dgs10_dgs10__lag061,0.805643,0.398912,0.307257,0.56891921
d__dgs10_dgs10__lag080,0.805643,0.407272,0.298896,0.56891902
q__bogz1lm102010005q_nfcb_nfassets__lag001,1.0,0.02638,0.542505,0.56888518
d__dgs1_dgs1__lag015,0.805643,0.425387,0.280624,0.56879193
q__rhvrusq156n_owner_vacancy__lag007,0.858934,0.134375,0.527704,0.56868215
q__bogz1fa573061133q_private_dc_pension_ts_tx__lag005,0.981191,0.159447,0.420095,0.56864111
q__bogz1fl543061165q_life_insurance_ts__lag004,0.996865,0.130228,0.440191,0.56863029
d__dgs10_dgs10__lag067,0.805643,0.402968,0.30249,0.56834674
d__dgs10_dgs10__lag062,0.805643,0.398724,0.306628,0.56826215
q__bogz1lm343061165q_fed_gov_db_retirement_ts__lag006,0.990596,0.065912,0.507544,0.56806288
q__bogz1lm343061165q_fed_ret_tsy_db__lag006,0.990596,0.065912,0.507544,0.56806288
m__ipcongd_ipcongd__lag011,1.0,0.327196,0.240559,0.56775515
m__umcsent_umcsent__lag006,0.915361,0.147532,0.472698,0.56773405
d__dgs10_dgs10__lag078,0.805643,0.404503,0.300074,0.56763695
d__dgs10_dgs10__lag049,0.805643,0.398678,0.305666,0.5674497
d__dgs1_dgs1__lag018,0.805643,0.425113,0.279062,0.56731316
m__indpro_indpro__lag005,1.0,0.268617,0.298526,0.56714294
d__dgs10_dgs10__lag076,0.805643,0.404237,0.299622,0.56705937
d__dgs10_dgs10__lag059,0.805643,0.395468,0.308334,0.56701259
q__fgdef_fgdef__lag008,0.968652,0.06928,0.51606,0.5669908
d__dgs1_dgs1__lag012,0.805643,0.422521,0.281084,0.56685447
d__dgs1_dgs1__lag021,0.805643,0.425378,0.278034,0.56669813
d__dgs1_dgs1__lag020,0.805643,0.424784,0.278502,0.56659698
q__dividend_dividend__lag001,0.990596,0.02757,0.544252,0.56644461
d__dgs1_dgs1__lag017,0.805643,0.423615,0.279039,0.56608809
d__dgs10_dgs10__lag064,0.805643,0.399389,0.30293,0.56581863
d__dgs10_dgs10__lag079,0.805643,0.403045,0.299273,0.56581738
q__bogz1fa313161105q_tsy_net_tx__lag003,0.987461,0.337544,0.235412,0.56577187
m__m2sl_m2__lag009,0.836991,0.070659,0.605151,0.56564666
m__awotman_awotman__lag007,0.874608,0.229729,0.416682,0.5653563
d__dgs1_dgs1__lag024,0.805643,0.423616,0.277929,0.56519413
d__dgs1_dgs1__lag023,0.805643,0.423023,0.278269,0.56499049
m__ipcongd_ipcongd__lag005,1.0,0.337486,0.22747,0.5649558
q__bogz1lm473061105q_credit_unions_ts__lag003,1.0,0.022776,0.542151,0.56492627
q__bogz1lm473061105q_credit_unions_ts_tx__lag003,1.0,0.022776,0.542151,0.56492627
d__dgs1_dgs1__lag025,0.805643,0.42431,0.276883,0.5649109
d__dgs10_dgs10__lag053,0.805643,0.392335,0.308757,0.56482972
q__bogz1fa653061105q_mutual_funds_ts_tx__lag001,0.99373,0.31273,0.255571,0.56473747
d__dgs1_dgs1__lag019,0.805643,0.42347,0.277233,0.56451576
d__dgs10_dgs10__lag050,0.805643,0.394426,0.30626,0.56450255
d__dgs10_dgs10__lag063,0.805643,0.396162,0.304338,0.56435311
d__dgs1_dgs1__lag022,0.805643,0.423099,0.277348,0.56430968
q__bogz1fa213061103q_state_local_gov_ts_tx__lag008,0.971787,0.248039,0.332627,0.56428347
q__bogz1fl263061130q_row_gov_tsy__lag006,0.990596,0.139615,0.429768,0.5640287
m__ipdcongd_ipdcongd__lag010,0.984326,0.28334,0.289613,0.56397246
q__fgla_fgla__lag003,1.0,0.061973,0.501837,0.56381092
q__fgla_fedgov_loans__lag003,1.0,0.061973,0.501837,0.56381092
m__indpro_indpro__lag003,1.0,0.258463,0.305149,0.56361238
q__fgtlasq027s_gov_loan_a__lag003,1.0,0.061843,0.501638,0.56348106
d__dgs10_dgs10__lag051,0.805643,0.39266,0.306698,0.5634322
m__totresns_res__lag006,0.840125,0.079805,0.590265,0.56294329
m__busloans_busloans__lag001,0.99373,0.091236,0.474713,0.56240058
d__dgs1_dgs1__lag026,0.805643,0.421474,0.276512,0.56232669
d__dgs1_dgs1__lag027,0.805643,0.421863,0.275983,0.56221487
d__dgs1_dgs1__lag028,0.805643,0.421921,0.27497,0.56144503
m__nonrevsl_nonrevsl__lag005,1.0,0.061545,0.499019,0.56056404
d__dgs10_dgs10__lag052,0.805643,0.388529,0.307059,0.56039496
d__dgs1_dgs1__lag029,0.805643,0.421536,0.272957,0.55951315
m__ipcongd_ipcongd__lag004,1.0,0.32603,0.233123,0.55915365
q__bogz1fl713123030q_tga__lag007,0.987461,0.082588,0.483641,0.55912847
q__bogz1fl713123030q_tga_z1__lag007,0.987461,0.082588,0.483641,0.55912847
q__rhvrusq156n_owner_vacancy__lag006,0.862069,0.086018,0.56201,0.55864453
d__wimfsl_immf__lag089,0.576803,0.267627,0.699905,0.55807529
d__wimfsl_immf__lag090,0.576803,0.267605,0.699905,0.55806246
q__bogz1fr543061175q_life_insurance_ts_reval__lag005,0.981191,0.359275,0.209159,0.55774206
d__wimfsl_immf__lag088,0.576803,0.266446,0.700097,0.55750425
d__wimfsl_immf__lag087,0.576803,0.263586,0.70238,0.55717147
m__ipcongd_ipcongd__lag006,1.0,0.331577,0.225346,0.55692317
q__bogz1fl673061103q_abs_issuers_ts__lag008,0.984326,0.196699,0.369004,0.55683551
d__wimfsl_immf__lag073,0.576803,0.263924,0.70135,0.55677236
d__wimfsl_immf__lag001,0.579937,0.249282,0.710386,0.55654689
d__wimfsl_immf__lag080,0.576803,0.265435,0.699115,0.55635482
d__wimfsl_immf__lag085,0.576803,0.266161,0.698212,0.5562531
d__wimfsl_immf__lag084,0.576803,0.266262,0.697905,0.55613403
d__wimfsl_immf__lag002,0.579937,0.248806,0.710059,0.55608183
d__dgs1_dgs1__lag030,0.805643,0.419303,0.270734,0.55592361
d__wimfsl_immf__lag086,0.576803,0.266408,0.697091,0.55574859
d__wimfsl_immf__lag083,0.576803,0.265247,0.69801,0.55560903
d__wimfsl_immf__lag081,0.576803,0.264983,0.698203,0.55556855
d__wimfsl_immf__lag082,0.576803,0.265114,0.69801,0.55553274
m__busloans_busloans__lag003,0.99373,0.113634,0.445396,0.55552448
m__fedfunds_fed_funds__lag002,0.899687,0.377927,0.23948,0.55547243
d__wimfsl_immf__lag069,0.576803,0.264808,0.697154,0.55486243
d__wimfsl_immf__lag070,0.576803,0.264803,0.697112,0.55483452
d__wimfsl_immf__lag068,0.576803,0.26463,0.697154,0.5547598
d__wimfsl_immf__lag079,0.576803,0.265898,0.695845,0.55473585
m__nonrevsl_nonrevsl__lag006,1.0,0.061538,0.493007,0.55454489
d__wimfsl_immf__lag078,0.576803,0.265417,0.695854,0.55446375
d__wimfsl_immf__lag071,0.576803,0.264864,0.696377,0.55444615
d__wimfsl_immf__lag075,0.576803,0.265179,0.69555,0.55415085
d__wimfsl_immf__lag077,0.576803,0.265069,0.695638,0.55413811
m__manemp_manemp__lag012,1.0,0.252368,0.30176,0.55412824
d__wimfsl_immf__lag072,0.576803,0.264533,0.696143,0.55411983
d__wimfsl_immf__lag076,0.576803,0.265001,0.69555,0.5540483
m__bogmbase_mb__lag008,0.836991,0.071947,0.589976,0.55402327
m__psavert_psavert__lag005,0.840125,0.557437,0.101905,0.55392977
d__wimfsl_immf__lag067,0.576803,0.263035,0.697222,0.55387838
d__wimfsl_immf__lag008,0.579937,0.246899,0.708096,0.55383756
d__dgs1_dgs1__lag033,0.805643,0.416335,0.271101,0.55382808
d__wimfsl_immf__lag003,0.579937,0.249363,0.705565,0.5537981
d__wimfsl_immf__lag074,0.576803,0.264157,0.69559,0.55358454
m__totresns_res__lag007,0.836991,0.074418,0.586922,0.55353551
q__psave_psave__lag008,0.968652,0.029027,0.542418,0.55353138
d__wimfsl_immf__lag009,0.579937,0.246915,0.707504,0.55350302
d__dgs1_dgs1__lag031,0.805643,0.417302,0.269695,0.55347458
d__wimfsl_immf__lag066,0.576803,0.26383,0.695669,0.55344116
d__wimfsl_immf__lag004,0.579937,0.249216,0.704985,0.55337715
q__bogz1fa673061103q_abs_issuers_ts_tx__lag007,0.974922,0.062932,0.504515,0.55321652
d__dgs1_dgs1__lag032,0.805643,0.416567,0.269896,0.55304404
m__awhman_awhman__lag001,1.0,0.002404,0.550205,0.5526087
d__dgs1_dgs1__lag034,0.805643,0.417101,0.268722,0.55252845
q__hnotsbq027s_hhnp_tsy_tx__lag008,0.971787,0.341498,0.226776,0.55224197
d__wimfsl_immf__lag007,0.579937,0.246756,0.705361,0.55216824
m__indpro_indpro__lag007,1.0,0.242496,0.309617,0.55211295
d__wimfsl_immf__lag015,0.579937,0.252453,0.699223,0.55191204
d__wimfsl_immf__lag006,0.579937,0.24698,0.704596,0.55185474
m__manemp_manemp__lag011,1.0,0.250515,0.30132,0.551835
m__mvmtd027mnfrbdal_mv_mkt_debt__lag011,1.0,0.100359,0.451337,0.55169562
d__wimfsl_immf__lag005,0.579937,0.246438,0.704596,0.55154026
m__unrate_unrate__lag010,0.971787,0.334277,0.233079,0.55134967
q__bogz1fl743061103q_usb_tsy_dom__lag006,0.990596,0.064801,0.491781,0.55134756
m__indpro_indpro__lag006,1.0,0.252847,0.298475,0.55132244
q__netfi_netfi__lag006,0.974922,0.246879,0.318566,0.55126388
d__wimfsl_immf__lag016,0.579937,0.252126,0.698422,0.55125807
d__dgs1_dgs1__lag035,0.805643,0.41599,0.268004,0.55105484
d__wimfsl_immf__lag013,0.579937,0.251884,0.698247,0.55101625
q__fbtsaaq027s_dom_fin_sector_tsy__lag007,0.987461,0.046959,0.510969,0.5509321
d__wimfsl_immf__lag014,0.579937,0.25202,0.697916,0.55090357
q__bogz1fl543061175q_life_insurance_ts__lag002,1.0,0.260167,0.290715,0.55088202
q__bogz1fr543061175q_life_insurance_ts_reval__lag001,0.99373,0.027592,0.526618,0.55073584
d__dgs1_dgs1__lag037,0.805643,0.415807,0.267745,0.55069792
m__nonrevsl_nonrevsl__lag007,1.0,0.061321,0.489353,0.55067403
m__awotman_awotman__lag011,0.871473,0.276104,0.35565,0.55055683
q__rowcbaq027s_row_corpbonds_flow__lag007,0.974922,0.234385,0.330213,0.55043887
d__wimfsl_immf__lag012,0.579937,0.250795,0.698247,0.55038493
q__bogz1fr263061105q_row_bills_reval__lag003,0.987461,0.300517,0.256805,0.5503337
q__bogz1fr263061105q_row_tsy_reval__lag003,0.987461,0.300517,0.256805,0.5503337
d__dgs1_dgs1__lag036,0.805643,0.414546,0.268362,0.55017958
d__dgs1_dgs1__lag038,0.805643,0.41504,0.266846,0.54935671
m__manemp_manemp__lag010,1.0,0.248521,0.300822,0.54934318
d__wimfsl_immf__lag057,0.579937,0.26597,0.681214,0.54930761
d__wimfsl_immf__lag010,0.579937,0.248017,0.699067,0.54924941
d__wimfsl_immf__lag059,0.576803,0.264579,0.687266,0.54902688
d__dgs1_dgs1__lag039,0.805643,0.414649,0.266705,0.54892827
q__bogz1lm653061113q_mf_bills_raw__lag002,1.0,0.107102,0.441603,0.54870479
q__bogz1lm653061113q_mutf_bills__lag002,1.0,0.107102,0.441603,0.54870479
d__wimfsl_immf__lag054,0.579937,0.266204,0.679717,0.54857458
q__bogz1fl633061105q_mmf_tsy_raw__lag008,0.984326,0.055636,0.501656,0.54855657
q__bogz1fl633061105q_money_market_funds_ts__lag008,0.984326,0.055636,0.501656,0.54855657
d__wimfsl_immf__lag061,0.576803,0.265059,0.685916,0.54852484
d__dgs1_dgs1__lag041,0.805643,0.414091,0.266741,0.54850692
d__wimfsl_immf__lag065,0.576803,0.265424,0.685519,0.54850647
d__wimfsl_immf__lag011,0.579937,0.247824,0.697865,0.54844075
d__wimfsl_immf__lag055,0.579937,0.265862,0.679717,0.54837619
d__wimfsl_immf__lag056,0.579937,0.265695,0.679451,0.54812548
d__wimfsl_immf__lag063,0.576803,0.264185,0.685929,0.54802801
d__wimfsl_immf__lag064,0.576803,0.264026,0.685917,0.54792902
d__dgs1_dgs1__lag040,0.805643,0.413183,0.266888,0.54789416
d__wimfsl_immf__lag062,0.576803,0.263864,0.685916,0.54783523
d__dgs1_dgs1__lag042,0.805643,0.413623,0.266325,0.54779505
d__wimfsl_immf__lag060,0.576803,0.263615,0.685963,0.5477186
d__wimfsl_immf__lag052,0.579937,0.263885,0.680514,0.54769216
d__wimfsl_immf__lag023,0.579937,0.255255,0.689032,0.54762752
d__wimfsl_immf__lag053,0.579937,0.264233,0.679674,0.54740655
d__wimfsl_immf__lag022,0.579937,0.254531,0.689179,0.54729288
m__usalolitoaastsam_oecd_leading_indicator_us__lag009,0.887147,0.418523,0.198189,0.54711402
d__wimfsl_immf__lag017,0.579937,0.25265,0.690302,0.54685317
d__wimfsl_immf__lag051,0.579937,0.264851,0.678006,0.54679756
d__wimfsl_immf__lag049,0.579937,0.263461,0.679216,0.54669355
d__wimfsl_immf__lag058,0.576803,0.266202,0.681328,0.54653761
d__wimfsl_immf__lag021,0.579937,0.253966,0.688359,0.5464892
d__dgs1_dgs1__lag043,0.805643,0.412927,0.265392,0.54648302
d__wimfsl_immf__lag050,0.579937,0.263334,0.678652,0.54629282
d__wimfsl_immf__lag048,0.579937,0.262774,0.678996,0.54616708
d__dgs1_dgs1__lag044,0.805643,0.412535,0.265242,0.5460456
d__wimfsl_immf__lag047,0.579937,0.262417,0.678996,0.54596008
d__wimfsl_immf__lag045,0.579937,0.260553,0.680836,0.54594652
d__wimfsl_immf__lag020,0.579937,0.253003,0.688289,0.54589026
d__wimfsl_immf__lag018,0.579937,0.252973,0.688284,0.54587015
d__wimfsl_immf__lag037,0.579937,0.25842,0.682794,0.54584463
d__wimfsl_immf__lag019,0.579937,0.252906,0.688289,0.54583373
d__wimfsl_immf__lag036,0.579937,0.258089,0.682933,0.54573416
d__wimfsl_immf__lag038,0.579937,0.260113,0.680874,0.54571367
d__wimfsl_immf__lag044,0.579937,0.260776,0.68014,0.54567271
d__wimfsl_immf__lag035,0.579937,0.25819,0.682205,0.54536996
d__dgs1_dgs1__lag045,0.805643,0.411678,0.265138,0.54527165
d__wimfsl_immf__lag043,0.579937,0.259657,0.68052,0.545244
m__indpro_indpro__lag004,1.0,0.239963,0.305256,0.545219
d__wimfsl_immf__lag039,0.579937,0.2602,0.679875,0.54518477
q__bogz1fa543061175q_life_insurance_ts_tx__lag008,0.971787,0.314745,0.246255,0.54517294
d__wimfsl_immf__lag046,0.579937,0.260759,0.678873,0.54492798
d__wimfsl_immf__lag034,0.579937,0.257738,0.681847,0.5449004
d__wimfsl_immf__lag033,0.579937,0.257688,0.681847,0.54487152
d__wimfsl_immf__lag030,0.579937,0.256452,0.682971,0.54480603
d__wimfsl_immf__lag042,0.579937,0.259531,0.679778,0.54474041
d__dgs1_dgs1__lag046,0.805643,0.411321,0.264816,0.54472515
m__umcsent_umcsent__lag007,0.915361,0.061763,0.533248,0.54465017
d__wimfsl_immf__lag041,0.579937,0.259126,0.679776,0.54450426
q__ib0000043q086sbea_imp_ind_pi__lag004,0.727273,0.313253,0.435348,0.54443735
d__wimfsl_immf__lag040,0.579937,0.258868,0.679776,0.54435447
d__dgs7_dgs7__lag037,0.711599,0.455166,0.309693,0.54427253
d__wimfsl_immf__lag029,0.579937,0.255637,0.68269,0.54417108
d__wimfsl_immf__lag024,0.579937,0.254995,0.683167,0.54407531
d__dgs7_dgs7__lag018,0.711599,0.447957,0.316448,0.54394927
m__busloans_busloans__lag002,0.99373,0.106396,0.440786,0.54375179
m__m2sl_m2__lag010,0.833856,0.059382,0.592687,0.54373126
d__wimfsl_immf__lag031,0.579937,0.255479,0.682066,0.54371717
d__wimfsl_immf__lag027,0.579937,0.255682,0.681769,0.5436626
d__dgs7_dgs7__lag021,0.711599,0.447303,0.31669,0.54365605
d__wimfsl_immf__lag032,0.579937,0.255639,0.681725,0.54361212
d__wimfsl_immf__lag026,0.579937,0.255418,0.681769,0.54350981
d__wimfsl_immf__lag028,0.579937,0.255369,0.681704,0.54344363
m__mvmtd027mnfrbdal_mv_mkt_debt__lag012,1.0,0.095115,0.448237,0.54335142
d__wimfsl_immf__lag025,0.579937,0.255109,0.681779,0.54333645
d__dgs7_dgs7__lag016,0.711599,0.444965,0.318353,0.54317595
m__ipdcongd_ipdcongd__lag011,0.984326,0.256999,0.294339,0.54269659
d__dgs7_dgs7__lag036,0.711599,0.451228,0.311032,0.54242293
d__dgs7_dgs7__lag042,0.711599,0.452873,0.309022,0.54216349
d__dgs7_dgs7__lag034,0.711599,0.451329,0.310542,0.54214623
d__dgs7_dgs7__lag039,0.711599,0.45121,0.310555,0.54207121
m__usgood_usgood__lag003,1.0,0.328598,0.213447,0.54204565
d__dgs7_dgs7__lag025,0.711599,0.446555,0.315065,0.54196806
d__dgs7_dgs7__lag040,0.711599,0.451292,0.309992,0.54172881
d__dgs20_dgs20__lag033,0.805643,0.356838,0.315529,0.54168771
d__dgs7_dgs7__lag033,0.711599,0.450059,0.311141,0.54166882
d__dgs20_dgs20__lag039,0.805643,0.355839,0.316479,0.54164787
d__dgs20_dgs20__lag036,0.805643,0.356392,0.315907,0.54163251
m__umcsent_umcsent__lag003,0.918495,0.090084,0.499506,0.54153606
q__bogz1fl593061105q_pension_ts__lag003,1.0,0.134498,0.407033,0.54153137
m__awhman_awhman__lag011,1.0,0.095229,0.446296,0.54152498
d__dgs7_dgs7__lag022,0.711599,0.445084,0.315822,0.54145996
q__ad02rc1q027sbea_gov_netlending__lag005,0.821317,0.176768,0.482419,0.54140125
q__bogz1fr763061100q_usb_tsy_oth_reval__lag004,0.984326,0.27807,0.271944,0.54139337
d__dgs7_dgs7__lag023,0.711599,0.443359,0.31739,0.54134824
d__dgs7_dgs7__lag041,0.711599,0.450334,0.310283,0.54125369
d__dgs20_dgs20__lag037,0.805643,0.357014,0.314726,0.54118252
q__bogz1lm573061133q_private_dc_pension_ts__lag003,1.0,0.108387,0.43268,0.54106651
d__dgs7_dgs7__lag026,0.711599,0.445916,0.314429,0.54106103
d__dgs20_dgs20__lag042,0.805643,0.357129,0.314342,0.54096631
q__bogz1fl543061165q_life_insurance_ts__lag002,1.0,0.147963,0.392967,0.54092943
d__dgs20_dgs20__lag023,0.805643,0.347908,0.323303,0.54075605
d__dgs20_dgs20__lag040,0.805643,0.355308,0.315872,0.54073121
d__dgs7_dgs7__lag024,0.711599,0.444027,0.315616,0.5405609
q__bogz1fr403061105q_gses_ts_reval__lag005,0.981191,0.33567,0.215156,0.54046524
d__dgs1_dgs1__lag047,0.805643,0.407193,0.263325,0.54019779
q__rhvrusq156n_owner_vacancy__lag008,0.855799,0.165272,0.465832,0.54009829
m__civpart_civpart__lag002,0.981191,0.210948,0.339457,0.54005276
d__dgs20_dgs20__lag034,0.805643,0.355693,0.314629,0.54004015
m__usgood_usgood__lag006,1.0,0.313231,0.226748,0.53997828
d__dgs20_dgs20__lag021,0.805643,0.348156,0.322011,0.53991462
d__dgs7_dgs7__lag038,0.711599,0.449108,0.309611,0.53990365
d__dgs20_dgs20__lag022,0.805643,0.34838,0.321381,0.53958786
m__usgood_usgood__lag002,1.0,0.328623,0.210869,0.53949166
d__dgs7_dgs7__lag019,0.711599,0.444649,0.313438,0.53945398
d__dgs20_dgs20__lag018,0.805643,0.34881,0.32072,0.53940171
d__dgs1_dgs1__lag048,0.805643,0.407087,0.2624,0.53936746
d__dgs7_dgs7__lag035,0.711599,0.447381,0.310249,0.5391286
d__dgs7_dgs7__lag015,0.711599,0.442692,0.314932,0.53912439
d__dgs7_dgs7__lag017,0.711599,0.442035,0.315555,0.53909958
m__nonrevsl_nonrevsl__lag008,1.0,0.058313,0.480773,0.53908622
d__dgs7_dgs7__lag020,0.711599,0.442491,0.315004,0.53903205
d__dgs7_dgs7__lag027,0.711599,0.443359,0.314108,0.5390121
d__dgs20_dgs20__lag041,0.805643,0.35305,0.315676,0.5387547
q__ophnfb_nflabor_productivity__lag005,0.978056,0.101109,0.449643,0.53866638
q__bogz1fl713061103q_fed_tsy__lag008,0.984326,0.13765,0.409336,0.53841236
q__bogz1fl713061103q_fed_tsy_raw__lag008,0.984326,0.13765,0.409336,0.53841236
q__bogz1fl713061103q_cb_tsy__lag008,0.984326,0.13765,0.409336,0.53841236
d__dgs7_dgs7__lag029,0.711599,0.444284,0.31225,0.53834807
d__dgs1_dgs1__lag049,0.805643,0.406491,0.261432,0.53810716
q__bogz1fl753061103q_usb_tsy_for__lag007,0.987461,0.219275,0.325659,0.53810062
d__dgs7_dgs7__lag043,0.711599,0.448401,0.307671,0.53801988
d__dgs20_dgs20__lag016,0.805643,0.345165,0.32254,0.53793168
d__dgs20_dgs20__lag038,0.805643,0.352189,0.315259,0.53772452
q__bogz1fa713061113q_cb_bills_tx__lag004,0.984326,0.344674,0.201274,0.53739047
q__bogz1fl263061130q_row_gov_tsy__lag001,1.0,0.205444,0.331892,0.53733598
d__dgs1_dgs1__lag050,0.805643,0.40494,0.261826,0.53717491
m__unrate_unrate__lag011,0.971787,0.327336,0.225363,0.53710538
d__dgs7_dgs7__lag044,0.711599,0.446714,0.307725,0.53685793
m__usgood_usgood__lag001,1.0,0.325369,0.211268,0.53663769
d__dgs20_dgs20__lag025,0.805643,0.346617,0.319454,0.53661501
d__dgs20_dgs20__lag024,0.805643,0.346259,0.319804,0.53660847
d__dgs7_dgs7__lag032,0.711599,0.445029,0.308999,0.53656529
d__dgs20_dgs20__lag032,0.805643,0.351888,0.314057,0.53651411
d__dgs20_dgs20__lag026,0.805643,0.347055,0.318872,0.53649952
m__usgood_usgood__lag009,1.0,0.313113,0.223256,0.53636916
d__dgs20_dgs20__lag015,0.805643,0.347323,0.318076,0.53607414
d__dgs7_dgs7__lag028,0.711599,0.440658,0.312565,0.53599254
q__rowcbaq027s_row_corpbonds_flow__lag006,0.978056,0.237986,0.309951,0.53591355
m__usgood_usgood__lag005,1.0,0.314657,0.220804,0.53546055
d__dgs7_dgs7__lag045,0.711599,0.445003,0.307464,0.53545427
d__dgs7_dgs7__lag030,0.711599,0.442865,0.309438,0.53533747
d__dgs20_dgs20__lag035,0.805643,0.349955,0.314507,0.53531907
m__fedfunds_fed_funds__lag003,0.899687,0.366826,0.228137,0.53528028
d__dgs1_dgs1__lag052,0.805643,0.402393,0.261561,0.53490931
d__dgs1_dgs1__lag054,0.805643,0.402526,0.261415,0.5348985
d__dgs1_dgs1__lag053,0.805643,0.402043,0.261888,0.53489149
d__dgs20_dgs20__lag017,0.805643,0.343854,0.319856,0.53471367
d__dgs1_dgs1__lag051,0.805643,0.402125,0.261369,0.53453867
d__dgs20_dgs20__lag011,0.805643,0.34598,0.317506,0.53453251
d__dgs1_dgs1__lag055,0.805643,0.402238,0.261222,0.53451153
d__dgs20_dgs20__lag019,0.805643,0.34523,0.318039,0.53435823
d__dgs7_dgs7__lag011,0.711599,0.43644,0.314405,0.53430039
d__dgs20_dgs20__lag014,0.805643,0.348006,0.314816,0.53399756
d__dgs7_dgs7__lag031,0.711599,0.44194,0.308329,0.53389013
q__bogz1fl693061105q_nonmmf_ts__lag007,0.987461,0.082229,0.458429,0.53387781
q__bogz1fl693061105q_nonmmmf_ts__lag007,0.987461,0.082229,0.458429,0.53387781
d__dgs20_dgs20__lag013,0.805643,0.347272,0.315325,0.53381624
q__netfi_netfi__lag002,0.987461,0.155659,0.384921,0.5338009
d__dgs1_dgs1__lag056,0.805643,0.401848,0.260688,0.53376695
d__dgs7_dgs7__lag014,0.711599,0.438444,0.311639,0.53375809
d__dgs1_dgs1__lag057,0.805643,0.402648,0.259833,0.53372288
d__dgs20_dgs20__lag020,0.805643,0.343612,0.318857,0.53371334
d__dgs1_dgs1__lag060,0.805643,0.400271,0.262195,0.53371088
d__dgs20_dgs20__lag029,0.805643,0.346034,0.316409,0.53369229
d__dgs1_dgs1__lag059,0.805643,0.400906,0.261414,0.53359292
q__bogz1fa213061103q_state_local_gov_ts_tx__lag005,0.981191,0.150564,0.393018,0.53335814
d__dgs20_dgs20__lag002,0.805643,0.342757,0.319253,0.53334283
d__dgs7_dgs7__lag090,0.711599,0.45583,0.293579,0.53327849
m__nonrevsl_nonrevsl__lag009,1.0,0.058718,0.474241,0.53295908
d__dgs7_dgs7__lag057,0.711599,0.445433,0.303508,0.5329456
m__bogmbase_mb__lag009,0.836991,0.059297,0.577442,0.53294501
q__bogz1lm573061133q_private_dc_pension_ts__lag002,1.0,0.121529,0.411388,0.53291782
d__dgs7_dgs7__lag013,0.711599,0.43604,0.312765,0.53284919
d__dgs7_dgs7__lag002,0.711599,0.431279,0.31751,0.53283752
d__dgs7_dgs7__lag010,0.711599,0.434569,0.314155,0.53279145
q__bogz1fa693061105q_nonmmf_ts_tx__lag001,0.99373,0.276739,0.259348,0.53272524
q__bogz1fa693061105q_nonmmmf_ts_tx__lag001,0.99373,0.276739,0.259348,0.53272524
d__dgs20_dgs20__lag043,0.805643,0.348608,0.312565,0.53266867
d__dgs7_dgs7__lag046,0.711599,0.442696,0.305804,0.53263162
m__totresns_res__lag008,0.836991,0.066235,0.570091,0.53259918
d__dgs20_dgs20__lag027,0.805643,0.343462,0.317031,0.53212159
d__dgs20_dgs20__lag030,0.805643,0.346273,0.314043,0.53197828
d__dgs1_dgs1__lag058,0.805643,0.399951,0.260237,0.53187583
d__dgs20_dgs20__lag031,0.805643,0.346514,0.313624,0.53183519
d__dgs20_dgs20__lag012,0.805643,0.343443,0.316633,0.5317855
q__rowcbaq027s_row_corpbonds_flow__lag005,0.981191,0.300209,0.241619,0.53163688
d__dgs20_dgs20__lag010,0.805643,0.342714,0.317106,0.53157885
d__dgs20_dgs20__lag005,0.805643,0.340256,0.319458,0.53149377
m__nonrevsl_nonrevsl__lag010,1.0,0.060544,0.470941,0.53148512
d__dgs1_dgs1__lag061,0.805643,0.398665,0.261006,0.53145867
q__bogz1fl713123030q_tga__lag008,0.984326,0.050532,0.489248,0.53131999
q__bogz1fl713123030q_tga_z1__lag008,0.984326,0.050532,0.489248,0.53131999
d__dgs7_dgs7__lag012,0.711599,0.433327,0.313236,0.53125354
d__dgs7_dgs7__lag008,0.711599,0.432836,0.313665,0.53120912
d__dgs20_dgs20__lag089,0.805643,0.36372,0.295553,0.53113802
d__dgs7_dgs7__lag048,0.711599,0.442299,0.304029,0.53108619
d__dgs7_dgs7__lag004,0.711599,0.428053,0.318243,0.53106324
d__dgs7_dgs7__lag056,0.711599,0.442225,0.303939,0.53096956
d__dgs20_dgs20__lag008,0.805643,0.341864,0.317105,0.53089349
d__dgs7_dgs7__lag005,0.711599,0.429026,0.317011,0.53087895
d__dgs7_dgs7__lag054,0.711599,0.440815,0.305039,0.53074901
d__dgs20_dgs20__lag004,0.805643,0.338196,0.320488,0.53066362
d__dgs7_dgs7__lag007,0.711599,0.429952,0.31559,0.53052711
d__dgs20_dgs20__lag090,0.802508,0.367026,0.294038,0.53050894
m__ipdcongd_ipdcongd__lag007,0.987461,0.247752,0.289322,0.53033986
q__bogz1lm102010005q_nfcb_nfassets__lag002,1.0,0.024042,0.506252,0.53029333
d__dgs7_dgs7__lag089,0.711599,0.450497,0.294563,0.53018367
d__dgs20_dgs20__lag003,0.805643,0.338843,0.31912,0.53008311
q__bogz1fl693061105q_nonmmf_ts__lag006,0.990596,0.081541,0.453556,0.53006539
q__bogz1fl693061105q_nonmmmf_ts__lag006,0.990596,0.081541,0.453556,0.53006539
q__bogz1fa573061133q_private_dc_pension_ts_tx__lag006,0.978056,0.134485,0.407258,0.52985462
d__dgs7_dgs7__lag006,0.711599,0.4302,0.314197,0.52971191
m__civpart_civpart__lag003,0.981191,0.205881,0.333784,0.52951448
d__dgs20_dgs20__lag028,0.805643,0.340952,0.316213,0.52943967
q__bogz1lm653061113q_mf_bills_raw__lag005,0.99373,0.123067,0.409436,0.52916465
q__bogz1lm653061113q_mutf_bills__lag005,0.99373,0.123067,0.409436,0.52916465
d__dgs7_dgs7__lag073,0.711599,0.442878,0.300715,0.52913964
d__dgs20_dgs20__lag009,0.805643,0.338335,0.318431,0.52911853
d__dgs7_dgs7__lag083,0.711599,0.443821,0.299705,0.52909182
d__dgs20_dgs20__lag007,0.805643,0.338403,0.318276,0.52904856
m__m2sl_m2__lag011,0.833856,0.050362,0.584054,0.52901104
q__bogz1fl704135005q_usb_loan_l__lag001,1.0,0.264636,0.264314,0.52895051
d__dgs7_dgs7__lag047,0.711599,0.437855,0.305419,0.52891291
d__dgs7_dgs7__lag009,0.711599,0.428432,0.314826,0.52890162
d__dgs7_dgs7__lag003,0.711599,0.427035,0.316215,0.5288957
q__bogz1fl313024000q_tres_oper_cash__lag007,0.987461,0.051896,0.483641,0.52882151
d__dgs20_dgs20__lag044,0.805643,0.344204,0.312156,0.52879162
d__dgs20_dgs20__lag006,0.805643,0.339304,0.317022,0.52876397
d__dgs7_dgs7__lag058,0.711599,0.438895,0.304063,0.52868773
d__dgs1_dgs1__lag062,0.805643,0.396311,0.25982,0.52860702
d__dgs7_dgs7__lag084,0.711599,0.443268,0.29956,0.52859547
d__dgs7_dgs7__lag055,0.711599,0.438674,0.303883,0.52840234
d__dgs20_dgs20__lag087,0.805643,0.357404,0.298186,0.52817136
d__dgs7_dgs7__lag069,0.711599,0.441131,0.300948,0.52806291
d__dgs1_dgs1__lag063,0.805643,0.396913,0.258534,0.5280555
d__dgs7_dgs7__lag085,0.711599,0.443216,0.298591,0.52786895
d__dgs7_dgs7__lag071,0.711599,0.441971,0.299711,0.52777936
q__bogz1fl263061130q_row_gov_tsy__lag002,1.0,0.194654,0.332928,0.5275826
d__dgs7_dgs7__lag087,0.711599,0.444428,0.296784,0.52744526
d__dgs7_dgs7__lag001,0.711599,0.425127,0.316012,0.52739339
d__dgs7_dgs7__lag072,0.711599,0.442086,0.298965,0.52733135
d__dpsacbw027sbog_deposits__lag007,0.667712,0.133276,0.656454,0.52731184
d__dgs1_dgs1__lag064,0.805643,0.39641,0.2579,0.52713954
d__dgs7_dgs7__lag060,0.711599,0.435566,0.305211,0.52713601
d__dgs20_dgs20__lag045,0.805643,0.342882,0.311413,0.52712798
d__dgs20_dgs20__lag001,0.805643,0.336969,0.317177,0.52700831
d__dgs7_dgs7__lag086,0.711599,0.443228,0.297158,0.52685768
d__dgs7_dgs7__lag070,0.711599,0.440646,0.299602,0.52675989
q__bogz1fr653061105q_mutual_funds_ts_reval__lag001,0.99373,0.123715,0.406166,0.52655945
d__dgs20_dgs20__lag057,0.805643,0.34533,0.308209,0.52651856
d__dgs7_dgs7__lag065,0.711599,0.439617,0.300136,0.52640744
d__dgs20_dgs20__lag084,0.805643,0.351672,0.301615,0.52631639
d__dgs1_dgs1__lag065,0.805643,0.395744,0.257529,0.52630473
d__dgs20_dgs20__lag083,0.805643,0.350966,0.302104,0.52614064
m__indpro_indpro__lag010,1.0,0.197901,0.328225,0.52612561
d__dpsacbw027sbog_deposits__lag006,0.667712,0.132962,0.654832,0.52601927
d__dgs7_dgs7__lag074,0.711599,0.439367,0.299742,0.52594878
q__psave_psave__lag006,0.974922,0.086339,0.453109,0.52591971
d__dgs1_dgs1__lag073,0.805643,0.394136,0.258521,0.52580812
d__dgs7_dgs7__lag082,0.711599,0.441345,0.297524,0.52577795
d__dgs7_dgs7__lag068,0.711599,0.438399,0.300433,0.52575197
d__dgs7_dgs7__lag061,0.711599,0.434756,0.304038,0.52572531
d__dgs20_dgs20__lag088,0.805643,0.355655,0.296792,0.52563886
q__bogz1fr653061105q_mutual_funds_ts_reval__lag004,0.984326,0.276833,0.257157,0.52561954
d__dgs1_dgs1__lag074,0.805643,0.394846,0.257489,0.52554871
d__dgs7_dgs7__lag088,0.711599,0.442768,0.295731,0.52551508
d__dgs7_dgs7__lag081,0.711599,0.440544,0.297888,0.52546747
d__dgs20_dgs20__lag046,0.805643,0.341972,0.310137,0.52536671
d__dgs7_dgs7__lag049,0.711599,0.436011,0.302192,0.52530383
d__dgs7_dgs7__lag059,0.711599,0.433064,0.305086,0.52526672
q__bogz1fl633061110q_mmf_bills_raw__lag008,0.984326,0.061429,0.472195,0.52526067
q__bogz1fl633061110q_mmf_bills__lag008,0.984326,0.061429,0.472195,0.52526067
d__dgs1_dgs1__lag075,0.805643,0.395037,0.256812,0.52515726
d__dpsacbw027sbog_deposits__lag005,0.667712,0.13259,0.653817,0.52509261
d__dgs1_dgs1__lag071,0.805643,0.393991,0.257628,0.52497179
d__dgs7_dgs7__lag062,0.711599,0.434138,0.303347,0.52479292
q__bogz1fl693061105q_nonmmf_ts__lag005,0.99373,0.077143,0.450923,0.52475563
q__bogz1fl693061105q_nonmmmf_ts__lag005,0.99373,0.077143,0.450923,0.52475563
q__dividend_dividend__lag002,0.987461,0.024853,0.506551,0.52474032
d__dpsacbw027sbog_deposits__lag013,0.667712,0.133134,0.652704,0.5247134
m__awhman_awhman__lag005,1.0,0.065509,0.459049,0.52455787
d__dpsacbw027sbog_deposits__lag004,0.667712,0.132398,0.653157,0.52452421
d__dpsacbw027sbog_deposits__lag011,0.667712,0.132649,0.652905,0.52452339
q__bogz1fl262151003q_row_repo__lag002,1.0,0.158819,0.365678,0.52449736
d__dgs7_dgs7__lag075,0.711599,0.438928,0.29813,0.52448964
d__dgs1_dgs1__lag077,0.805643,0.394639,0.256376,0.52448549
d__dgs20_dgs20__lag056,0.805643,0.342825,0.308144,0.52444864
q__bogz1fl262151003q_row_repo__lag003,1.0,0.177976,0.34647,0.52444611
d__dpsacbw027sbog_deposits__lag002,0.667712,0.133258,0.651948,0.52429119
d__dpsacbw027sbog_deposits__lag012,0.667712,0.132804,0.652383,0.52427801
d__dpsacbw027sbog_deposits__lag014,0.667712,0.132818,0.652279,0.52421879
d__dgs1_dgs1__lag072,0.805643,0.393384,0.257295,0.52421468
d__dpsacbw027sbog_deposits__lag008,0.667712,0.132811,0.652131,0.52411493
d__dpsacbw027sbog_deposits__lag010,0.667712,0.133055,0.651842,0.52408449
d__dpsacbw027sbog_deposits__lag009,0.667712,0.132772,0.652117,0.52407958
d__dgs20_dgs20__lag082,0.805643,0.350108,0.300365,0.52404907
d__dgs20_dgs20__lag085,0.805643,0.35026,0.300192,0.5240314
q__bogz1fr263061130q_row_gov_tsy_reval__lag003,0.987461,0.269876,0.260743,0.52396487
q__bogz1fr793061105q_dom_fin_sector_tsy_reval__lag004,0.984326,0.301144,0.231154,0.52395522
d__dpsacbw027sbog_deposits__lag003,0.667712,0.132666,0.651854,0.52383327
q__ophnfb_nflabor_productivity__lag006,0.974922,0.082253,0.455002,0.52378161
d__dgs1_dgs1__lag078,0.805643,0.394478,0.255646,0.5237676
d__dgs7_dgs7__lag077,0.711599,0.437995,0.298021,0.52374784
d__dgs7_dgs7__lag066,0.711599,0.436879,0.299134,0.52374604
d__dgs20_dgs20__lag081,0.805643,0.348856,0.301228,0.5237358
d__dpsacbw027sbog_deposits__lag001,0.667712,0.132677,0.651606,0.52367427
m__usgood_usgood__lag004,1.0,0.308177,0.215337,0.52351358
d__dgs20_dgs20__lag058,0.805643,0.340964,0.308763,0.52344706
q__bogz1fl264035005q_row_loans_a__lag007,0.987461,0.132307,0.397776,0.52343666
d__dgs1_dgs1__lag069,0.805643,0.392325,0.257357,0.52341139
d__dgs20_dgs20__lag086,0.805643,0.351182,0.298471,0.52338787
m__ipdcongd_ipdcongd__lag002,0.99373,0.223624,0.303043,0.52336474
d__dgs1_dgs1__lag066,0.805643,0.393253,0.25635,0.52334765
m__dspic96_real_dpi__lag012,0.833856,0.162447,0.465171,0.52334275
d__dgs1_dgs1__lag076,0.805643,0.393197,0.256251,0.52322275
d__dgs7_dgs7__lag067,0.711599,0.435597,0.299368,0.52300047
d__dgs7_dgs7__lag064,0.711599,0.43504,0.299907,0.52298784
d__dgs1_dgs1__lag070,0.805643,0.392145,0.257009,0.52298639
m__awhman_awhman__lag010,1.0,0.067197,0.455649,0.52284648
d__dgs1_dgs1__lag068,0.805643,0.391703,0.257183,0.52277033
d__dgs7_dgs7__lag080,0.711599,0.438074,0.296469,0.52269965
d__dgs1_dgs1__lag083,0.805643,0.393656,0.255072,0.52264292
q__bogz1fa473061105q_credit_unions_ts_tx__lag007,0.974922,0.122735,0.413319,0.52261078
d__dgs20_dgs20__lag048,0.805643,0.339965,0.30859,0.52250391
q__bogz1fl704141005q_usb_stloan_l__lag001,1.0,0.260891,0.261584,0.52247489
d__dgs20_dgs20__lag070,0.805643,0.345304,0.303123,0.52240001
d__dgs20_dgs20__lag069,0.805643,0.343964,0.30442,0.52236547
d__dgs7_dgs7__lag050,0.711599,0.431053,0.302993,0.52234591
d__dgs7_dgs7__lag051,0.711599,0.430874,0.303077,0.5222787
d__dgs7_dgs7__lag078,0.711599,0.436184,0.297738,0.52225798
d__dgs7_dgs7__lag053,0.711599,0.429123,0.304788,0.52224964
d__dgs1_dgs1__lag081,0.805643,0.393463,0.254771,0.52224465
d__dgs1_dgs1__lag085,0.805643,0.393271,0.254917,0.52220766
d__dgs1_dgs1__lag090,0.802508,0.397195,0.253418,0.52212212
q__bogz1fl264035005q_row_loans_a__lag008,0.984326,0.140765,0.389631,0.52208183
d__dgs20_dgs20__lag054,0.805643,0.338737,0.309241,0.52203897
d__dgs7_dgs7__lag076,0.711599,0.436184,0.297255,0.52191465
d__dgs1_dgs1__lag067,0.805643,0.391446,0.256283,0.52183802
q__bogz1fl763061100q_usb_tsy_oth__lag003,1.0,0.002599,0.51916,0.52175914
q__bogz1fa573061133q_private_dc_pension_ts_tx__lag007,0.974922,0.096602,0.438564,0.52174495
m__indpro_indpro__lag001,1.0,0.226215,0.295496,0.52171051
d__dgs20_dgs20__lag073,0.805643,0.344787,0.302688,0.52163339
d__dgs1_dgs1__lag080,0.805643,0.392862,0.254568,0.52159728
d__dgs7_dgs7__lag063,0.711599,0.431842,0.30113,0.52158141
q__bogz1lm573061133q_private_dc_pension_ts__lag001,1.0,0.129151,0.392273,0.52142406
d__dgs20_dgs20__lag071,0.805643,0.344866,0.302229,0.52132717
d__dgs20_dgs20__lag080,0.805643,0.346663,0.300421,0.52131831
d__dpsacbw027sbog_deposits__lag015,0.667712,0.132456,0.648186,0.52124401
d__dgs1_dgs1__lag082,0.805643,0.392773,0.254153,0.52119131
d__mortgage30us_mortgage30us__lag008,0.689655,0.451875,0.303839,0.52118255
d__dgs20_dgs20__lag060,0.805643,0.33822,0.308676,0.52116691
m__tcu_tcu__lag009,0.736677,0.491678,0.215771,0.52116137
d__dgs1_dgs1__lag084,0.805643,0.391706,0.255129,0.52111852
q__fbtsaaq027s_dom_fin_sector_tsy__lag008,0.984326,0.051655,0.47776,0.52111632
d__dpsacbw027sbog_deposits__lag021,0.667712,0.131387,0.648848,0.52097193
d__dgs20_dgs20__lag074,0.805643,0.343602,0.303025,0.52095029
q__bogz1lm343061105q_fed_gov_retirement_ts__lag002,1.0,0.127741,0.393188,0.52092885
q__bogz1lm343061105q_fed_ret_tsy_total__lag002,1.0,0.127741,0.393188,0.52092885
d__dgs1_dgs1__lag089,0.805643,0.393677,0.252865,0.52088197
q__rowstaq027s_row_stloan_a__lag005,0.99373,0.080625,0.443533,0.52087183
q__bogz1lm573061133q_private_dc_pension_ts__lag004,0.996865,0.087309,0.435188,0.52085944
d__dgs20_dgs20__lag068,0.805643,0.342355,0.304148,0.52085033
q__bogz1fa753061103q_usb_tsy_for_tx__lag001,0.99373,0.208204,0.315923,0.5208409
d__dgs1_dgs1__lag079,0.805643,0.391544,0.254653,0.52060371
d__dgs20_dgs20__lag066,0.805643,0.34278,0.303389,0.5205814
d__dgs7_dgs7__lag079,0.711599,0.434739,0.296816,0.52057382
d__mortgage30us_mortgage30us__lag014,0.689655,0.448901,0.305891,0.52054592
d__dgs20_dgs20__lag065,0.805643,0.341995,0.304008,0.52044771
m__awotman_awotman__lag010,0.871473,0.227181,0.369932,0.52036803
d__mortgage30us_mortgage30us__lag010,0.689655,0.452044,0.302484,0.52036406
d__dgs20_dgs20__lag055,0.805643,0.337605,0.308191,0.5202808
d__dpsacbw027sbog_deposits__lag022,0.667712,0.131023,0.648111,0.52023704
d__dgs7_dgs7__lag052,0.711599,0.427732,0.303316,0.52021275
d__dgs20_dgs20__lag077,0.805643,0.344213,0.301449,0.52017292
d__dgs20_dgs20__lag047,0.805643,0.335419,0.310233,0.52016474
q__bogz1lm733061103q_holding_companies_ts__lag001,1.0,0.02502,0.495141,0.52016057
d__dpsacbw027sbog_deposits__lag020,0.667712,0.131097,0.647917,0.52015698
m__ipdcongd_ipdcongd__lag003,0.99373,0.233749,0.289669,0.52013656
d__dpsacbw027sbog_deposits__lag016,0.667712,0.131731,0.647106,0.52003861
d__dpsacbw027sbog_deposits__lag019,0.667712,0.131005,0.647778,0.52000261
d__mortgage30us_mortgage30us__lag011,0.689655,0.45163,0.302269,0.51993046
d__dpsacbw027sbog_deposits__lag018,0.667712,0.131096,0.647489,0.51987014
d__dgs1_dgs1__lag087,0.805643,0.392104,0.253135,0.51983234
d__dgs1_dgs1__lag088,0.805643,0.391655,0.25345,0.51972379
d__dpsacbw027sbog_deposits__lag025,0.667712,0.128454,0.649641,0.5195431
d__dpsacbw027sbog_deposits__lag028,0.667712,0.128791,0.649298,0.5195389
d__dpsacbw027sbog_deposits__lag017,0.667712,0.131262,0.646702,0.51945524
d__dpsacbw027sbog_deposits__lag027,0.667712,0.128724,0.649023,0.51931051
d__dgs1_dgs1__lag086,0.805643,0.39111,0.253453,0.51928691
d__dpsacbw027sbog_deposits__lag037,0.667712,0.127831,0.649804,0.51923609
d__dgs20_dgs20__lag078,0.805643,0.342789,0.301645,0.519183
d__dgs20_dgs20__lag061,0.805643,0.337141,0.307286,0.51917762
d__mortgage30us_mortgage30us__lag015,0.689655,0.447089,0.30569,0.51915788
d__dgs20_dgs20__lag072,0.805643,0.34322,0.300915,0.51894279
d__dpsacbw027sbog_deposits__lag034,0.667712,0.128491,0.648682,0.51892768
d__dpsacbw027sbog_deposits__lag033,0.667712,0.128569,0.648452,0.51882576
d__dpsacbw027sbog_deposits__lag036,0.667712,0.127605,0.649409,0.51882144
d__dpsacbw027sbog_deposits__lag026,0.667712,0.128404,0.648535,0.51877087
d__dpsacbw027sbog_deposits__lag024,0.667712,0.129287,0.647562,0.51871084
d__dpsacbw027sbog_deposits__lag035,0.667712,0.12828,0.648532,0.51868603
d__mortgage30us_mortgage30us__lag013,0.689655,0.449217,0.302837,0.51865756
d__dpsacbw027sbog_deposits__lag029,0.667712,0.128885,0.647658,0.51850668
q__bogz1fr263061145q_row_priv_tsy_reval__lag004,0.984326,0.350604,0.17613,0.51847853
d__mortgage30us_mortgage30us__lag007,0.689655,0.447943,0.303842,0.51847294
d__dgs20_dgs20__lag062,0.805643,0.336758,0.306756,0.5184423
q__fgla_fgla__lag004,0.996865,0.046612,0.473455,0.51843692
q__fgla_fedgov_loans__lag004,0.996865,0.046612,0.473455,0.51843692
d__mortgage30us_mortgage30us__lag012,0.689655,0.449749,0.301937,0.51840436
d__mortgage30us_mortgage30us__lag009,0.689655,0.449301,0.302364,0.51838932
d__dpsacbw027sbog_deposits__lag023,0.667712,0.129402,0.646858,0.51831831
q__rrvrusq156n_rental_vacancy__lag006,0.862069,0.00016,0.601035,0.51827109
d__dgs20_dgs20__lag075,0.805643,0.342087,0.301101,0.51817948
d__dgs20_dgs20__lag079,0.805643,0.342472,0.30055,0.51804639
d__dpsacbw027sbog_deposits__lag032,0.667712,0.128553,0.647117,0.51792379
d__dgs20_dgs20__lag076,0.805643,0.342011,0.300856,0.51792061
m__unrate_unrate__lag006,0.978056,0.443067,0.086449,0.51789647
d__dgs20_dgs20__lag067,0.805643,0.339721,0.303074,0.51786333
q__fgtlasq027s_gov_loan_a__lag004,0.996865,0.046408,0.473009,0.51778812
d__dpsacbw027sbog_deposits__lag031,0.667712,0.128182,0.647125,0.51768127
d__dpsacbw027sbog_deposits__lag030,0.667712,0.12822,0.647021,0.51763692
q__psave_psave__lag007,0.971787,0.031907,0.500586,0.51746962
d__dpsacbw027sbog_deposits__lag038,0.667712,0.126925,0.648016,0.51743665
q__bogz1fl313161110q_totalbills_z1__lag002,1.0,0.227364,0.289901,0.51726492
q__bogz1fr473061105q_credit_unions_ts_reval__lag004,0.984326,0.287725,0.237688,0.51717765
q__bogz1lm153061105q_hhnp_tsy__lag005,0.99373,0.234627,0.285811,0.51717582
d__dpsacbw027sbog_deposits__lag042,0.667712,0.127423,0.647015,0.51710138
d__dpsacbw027sbog_deposits__lag039,0.667712,0.127095,0.647306,0.51707668
d__dpsacbw027sbog_deposits__lag040,0.667712,0.127348,0.646914,0.51698418
q__bogz1fr713061103q_cb_tsy_reval__lag004,0.984326,0.299349,0.225407,0.5165316
d__dpsacbw027sbog_deposits__lag041,0.667712,0.127178,0.646281,0.51644711
d__dpsacbw027sbog_deposits__lag043,0.667712,0.127455,0.645904,0.51638059
d__dpsacbw027sbog_deposits__lag049,0.667712,0.127479,0.645773,0.51630959
m__ipcongd_ipcongd__lag001,1.0,0.292344,0.223964,0.51630786
q__rrvrusq156n_rental_vacancy__lag007,0.858934,0.027127,0.573831,0.51618374
d__dpsacbw027sbog_deposits__lag048,0.667712,0.127377,0.645544,0.51608804
q__bogz1fr693061105q_nonmmf_ts_reval__lag004,0.984326,0.282655,0.241622,0.51605922
q__bogz1fr693061105q_nonmmmf_ts_reval__lag004,0.984326,0.282655,0.241622,0.51605922
m__usgood_usgood__lag008,1.0,0.299095,0.216955,0.51604973
q__ophnfb_nflabor_productivity__lag007,0.971787,0.073409,0.457603,0.51603081
d__dpsacbw027sbog_deposits__lag044,0.667712,0.127419,0.645261,0.51592734
q__bogz1fa383061105q_dom_nonfin_sector_tsy_tx__lag001,0.99373,0.272631,0.246518,0.51589423
q__bogz1fa473061105q_credit_unions_ts_tx__lag008,0.971787,0.128676,0.402185,0.51588389
m__m2sl_m2__lag012,0.833856,0.045032,0.573638,0.51588155
d__mortgage30us_mortgage30us__lag017,0.689655,0.446081,0.301861,0.51582147
d__dpsacbw027sbog_deposits__lag050,0.667712,0.12719,0.645312,0.51580883
q__bogz1fa313161105q_tsy_net_tx__lag001,0.99373,0.268574,0.25015,0.51547211
d__dpsacbw027sbog_deposits__lag045,0.667712,0.127137,0.644803,0.51543332
d__dgs20_dgs20__lag059,0.805643,0.331357,0.30838,0.51539935
d__dpsacbw027sbog_deposits__lag047,0.667712,0.127184,0.644683,0.5153845
d__dpsacbw027sbog_deposits__lag046,0.667712,0.127251,0.644445,0.5152702
d__dgs20_dgs20__lag049,0.805643,0.332573,0.306959,0.51523476
q__bogz1fl693061105q_nonmmf_ts__lag008,0.984326,0.071456,0.451953,0.51520562
q__bogz1fl693061105q_nonmmmf_ts__lag008,0.984326,0.071456,0.451953,0.51520562
d__dgs20_dgs20__lag064,0.805643,0.335987,0.303416,0.51513023
m__fedfunds_fed_funds__lag004,0.896552,0.348347,0.226179,0.51509215
q__bogz1fr743061103q_usb_tsy_dom_reval__lag004,0.984326,0.298628,0.224355,0.51478593
d__dpsacbw027sbog_deposits__lag051,0.667712,0.126386,0.644467,0.51470754
d__mortgage30us_mortgage30us__lag018,0.689655,0.444714,0.30152,0.51464405
q__w006rc1q027sbea_gov_tax_receipts__lag001,0.990596,0.052864,0.466639,0.51461689
d__dpsacbw027sbog_deposits__lag052,0.667712,0.126288,0.644425,0.51461378
m__awhman_awhman__lag004,1.0,0.012305,0.502112,0.51441682
d__mortgage30us_mortgage30us__lag019,0.689655,0.443661,0.302226,0.51440424
d__dgs20_dgs20__lag063,0.805643,0.333469,0.304998,0.51437605
d__dpsacbw027sbog_deposits__lag053,0.667712,0.126003,0.644311,0.51434751
d__dpsacbw027sbog_deposits__lag056,0.667712,0.125839,0.644064,0.51407348
d__dpsacbw027sbog_deposits__lag054,0.667712,0.125846,0.643819,0.51391405
d__mortgage30us_mortgage30us__lag005,0.689655,0.442226,0.302861,0.51385303
q__bogz1lm573061133q_private_dc_pension_ts__lag005,0.99373,0.062721,0.454332,0.5138107
d__dpsacbw027sbog_deposits__lag055,0.667712,0.125687,0.643791,0.51378978
d__mortgage30us_mortgage30us__lag006,0.689655,0.4415,0.303011,0.51345603
d__mortgage30us_mortgage30us__lag016,0.689655,0.442009,0.302133,0.51320116
m__dspic96_real_dpi__lag009,0.836991,0.18726,0.425333,0.51273472
d__dgs20_dgs20__lag050,0.805643,0.32896,0.307436,0.51270729
d__tasacbw027sbog_bank_ts_agency__lag001,0.667712,0.130668,0.637153,0.5126829
d__dpsacbw027sbog_deposits__lag057,0.667712,0.125158,0.642606,0.51264461
q__ib0000043q086sbea_imp_ind_pi__lag003,0.730408,0.328732,0.372946,0.51251066
d__dgs20_dgs20__lag053,0.805643,0.32723,0.308908,0.51250014
d__tasacbw027sbog_bank_ts_agency__lag005,0.667712,0.127126,0.640232,0.51237362
d__tasacbw027sbog_bank_ts_agency__lag007,0.667712,0.127351,0.639946,0.51233346
d__tasacbw027sbog_bank_ts_agency__lag006,0.667712,0.127374,0.639907,0.5123222
d__tasacbw027sbog_bank_ts_agency__lag002,0.667712,0.130352,0.636852,0.51227128
m__ppiaco_ppiaco__lag001,1.0,0.009738,0.502514,0.51225205
d__tasacbw027sbog_bank_ts_agency__lag004,0.667712,0.127252,0.639843,0.51219794
d__mortgage30us_mortgage30us__lag004,0.689655,0.44048,0.302202,0.51219445
d__mortgage30us_mortgage30us__lag020,0.689655,0.439953,0.302725,0.51219173
m__awotman_awotman__lag001,0.880878,0.135037,0.446408,0.51218253
d__dpsacbw027sbog_deposits__lag062,0.667712,0.123984,0.642995,0.5121209
d__dpsacbw027sbog_deposits__lag064,0.667712,0.123674,0.643281,0.51210452
m__umcsent_umcsent__lag011,0.912226,0.024077,0.537293,0.512096
d__dpsacbw027sbog_deposits__lag061,0.667712,0.1237,0.642656,0.51170499
q__bogz1fl884135005q_dom_loan_l__lag001,1.0,0.030906,0.480791,0.51169673
d__dpsacbw027sbog_deposits__lag063,0.667712,0.12369,0.642624,0.51167649
m__usalolitoaastsam_oecd_leading_indicator_us__lag008,0.887147,0.366146,0.210451,0.51152647
d__tasacbw027sbog_bank_ts_agency__lag008,0.667712,0.127283,0.638767,0.5115004
d__tasacbw027sbog_bank_ts_agency__lag014,0.667712,0.125475,0.640562,0.51149173
m__awhman_awhman__lag012,1.0,0.157798,0.353624,0.51142193
d__mortgage30us_mortgage30us__lag003,0.689655,0.439144,0.302344,0.51137111
q__bogz1fr573061143q_private_db_pension_ts_reval__lag003,0.987461,0.273497,0.244271,0.51127558
d__dpsacbw027sbog_deposits__lag058,0.667712,0.123994,0.641593,0.51119107
d__dpsacbw027sbog_deposits__lag060,0.667712,0.123599,0.641808,0.51107125
m__indpro_indpro__lag012,1.0,0.198909,0.312126,0.51103445
d__tasacbw027sbog_bank_ts_agency__lag013,0.667712,0.125419,0.639903,0.51101467
d__tasacbw027sbog_bank_ts_agency__lag003,0.667712,0.129206,0.635973,0.51091889
q__bogz1fl763061100q_usb_tsy_oth__lag004,0.996865,0.028906,0.48356,0.51085944
d__dpsacbw027sbog_deposits__lag073,0.667712,0.12245,0.642538,0.51079088
d__dpsacbw027sbog_deposits__lag070,0.667712,0.122652,0.642326,0.51078447
d__tasacbw027sbog_bank_ts_agency__lag015,0.667712,0.125304,0.639645,0.51076541
d__tasacbw027sbog_bank_ts_agency__lag012,0.667712,0.125098,0.639808,0.5107368
d__tasacbw027sbog_bank_ts_agency__lag021,0.667712,0.125104,0.639758,0.5107074
d__dpsacbw027sbog_deposits__lag077,0.667712,0.123122,0.641706,0.51068412
d__dgs20_dgs20__lag051,0.805643,0.32657,0.30724,0.51062398
m__usalolitoaastsam_oecd_leading_indicator_us__lag010,0.884013,0.33431,0.243295,0.51061004
d__dpsacbw027sbog_deposits__lag075,0.667712,0.123145,0.641507,0.51056683
d__dpsacbw027sbog_deposits__lag065,0.667712,0.122635,0.641996,0.51055287
d__dpsacbw027sbog_deposits__lag072,0.667712,0.122397,0.64223,0.51055042
d__mortgage30us_mortgage30us__lag001,0.689655,0.436764,0.303508,0.51053211
d__tasacbw027sbog_bank_ts_agency__lag011,0.667712,0.124987,0.639512,0.51046487
d__dpsacbw027sbog_deposits__lag076,0.667712,0.12294,0.64155,0.51045906
d__dpsacbw027sbog_deposits__lag059,0.667712,0.123443,0.641037,0.51045219
d__dpsacbw027sbog_deposits__lag071,0.667712,0.122167,0.642254,0.51041229
d__dpsacbw027sbog_deposits__lag069,0.667712,0.122427,0.641892,0.51034472
d__dpsacbw027sbog_deposits__lag074,0.667712,0.122843,0.641465,0.51033766
m__nonrevsl_nonrevsl__lag011,1.0,0.062368,0.447868,0.51023616
q__bogz1fl543061175q_life_insurance_ts__lag003,1.0,0.233908,0.276234,0.51014114
d__dpsacbw027sbog_deposits__lag066,0.667712,0.122212,0.641712,0.51008128
q__bogz1fl763061100q_usb_tsy_oth__lag005,0.99373,0.065184,0.448071,0.51003709
d__tasacbw027sbog_bank_ts_agency__lag019,0.667712,0.124029,0.639735,0.50997461
d__tasacbw027sbog_bank_ts_agency__lag020,0.667712,0.124936,0.638762,0.50992992
d__tasacbw027sbog_bank_ts_agency__lag009,0.667712,0.12593,0.637767,0.50992905
d__dpsacbw027sbog_deposits__lag067,0.667712,0.122113,0.641363,0.50978213
d__tasacbw027sbog_bank_ts_agency__lag018,0.667712,0.123917,0.639547,0.50977358
d__tasacbw027sbog_bank_ts_agency__lag010,0.667712,0.126233,0.637078,0.50967176
q__bogz1fr793061105q_dom_fin_sector_tsy_reval__lag001,0.99373,0.115581,0.397302,0.50966754
d__dpsacbw027sbog_deposits__lag068,0.667712,0.122063,0.641196,0.50963701
q__fgdef_fgdef__lag007,0.971787,0.024064,0.500335,0.5096039
d__tasacbw027sbog_bank_ts_agency__lag016,0.667712,0.124488,0.638699,0.50958905
m__totresns_res__lag009,0.836991,0.050716,0.558098,0.50957206
d__dpsacbw027sbog_deposits__lag078,0.667712,0.121696,0.641253,0.50942967
d__mortgage30us_mortgage30us__lag002,0.689655,0.435628,0.303029,0.50941833
d__tasacbw027sbog_bank_ts_agency__lag028,0.667712,0.125344,0.63755,0.50939319
q__bogz1fl712051000q_fed_rrp__lag007,0.987461,0.233999,0.281793,0.50932405
d__tasacbw027sbog_bank_ts_agency__lag025,0.667712,0.124331,0.638362,0.50925876
d__tasacbw027sbog_bank_ts_agency__lag022,0.667712,0.124644,0.638025,0.50924325
q__na000283q_gov_current_exp__lag006,0.974922,0.017676,0.504549,0.50912875
d__tasacbw027sbog_bank_ts_agency__lag026,0.667712,0.124338,0.638046,0.50905262
d__tasacbw027sbog_bank_ts_agency__lag017,0.667712,0.123381,0.638982,0.50903859
d__tasacbw027sbog_bank_ts_agency__lag024,0.667712,0.124441,0.637855,0.50899371
q__rowmmfq027s_row_moneymarketfundshares_flow__lag007,0.974922,0.091011,0.430995,0.50891432
d__tasacbw027sbog_bank_ts_agency__lag023,0.667712,0.124435,0.637702,0.50888821
q__rowstaq027s_row_stloan_a__lag007,0.987461,0.093367,0.421971,0.50887603
q__bogz1fr693061105q_nonmmf_ts_reval__lag001,0.99373,0.106996,0.405049,0.50883512
q__bogz1fr693061105q_nonmmmf_ts_reval__lag001,0.99373,0.106996,0.405049,0.50883512
d__tasacbw027sbog_bank_ts_agency__lag027,0.667712,0.125046,0.636947,0.50879166
q__bogz1lm153061105q_hhnp_tsy__lag006,0.990596,0.236974,0.276239,0.50838662
d__dgs20_dgs20__lag052,0.805643,0.323126,0.307695,0.50821557
d__dpsacbw027sbog_deposits__lag079,0.667712,0.120422,0.640139,0.50783569
d__mortgage30us_mortgage30us__lag027,0.689655,0.433913,0.302095,0.50759193
d__mortgage30us_mortgage30us__lag028,0.689655,0.436168,0.299823,0.5075802
d__mortgage30us_mortgage30us__lag021,0.689655,0.433515,0.301885,0.50717257
q__fgexpnd_fgexpnd__lag006,0.974922,0.015853,0.504334,0.50714159
d__tasacbw027sbog_bank_ts_agency__lag029,0.667712,0.124837,0.634287,0.50687574
q__bogz1lm223061143q_state_local_db_retirement_ts__lag006,0.990596,0.140645,0.370769,0.50660395
d__mortgage30us_mortgage30us__lag030,0.689655,0.433819,0.300659,0.50653654
q__fgdef_fgdef__lag006,0.974922,0.045333,0.474198,0.50650268
q__tgdef_net_gov_sav__lag006,0.974922,0.092415,0.427022,0.50641086
d__mortgage30us_mortgage30us__lag025,0.689655,0.432838,0.301358,0.50634227
d__mortgage30us_mortgage30us__lag029,0.689655,0.434284,0.299896,0.50633046
q__bogz1fl263061130q_row_gov_tsy__lag003,1.0,0.179118,0.32717,0.50628818
d__dpsacbw027sbog_deposits__lag084,0.667712,0.118283,0.639726,0.50613138
m__awotman_awotman__lag004,0.877743,0.160632,0.415923,0.50606711
d__mortgage30us_mortgage30us__lag024,0.689655,0.432698,0.301074,0.50604975
d__mortgage30us_mortgage30us__lag026,0.689655,0.432085,0.301651,0.50602523
d__mortgage30us_mortgage30us__lag022,0.689655,0.431519,0.302148,0.50597701
m__awotman_awotman__lag006,0.877743,0.23403,0.342387,0.50594585
d__dpsacbw027sbog_deposits__lag082,0.667712,0.118425,0.639264,0.50591737
q__bogz1fr343061113q_fed_gov_dcf_retirement_ts_reval__lag001,0.99373,0.131188,0.377908,0.50590458
m__nonrevsl_nonrevsl__lag012,1.0,0.063996,0.441856,0.50585227
d__dpsacbw027sbog_deposits__lag080,0.667712,0.119155,0.638324,0.50577721
d__dpsacbw027sbog_deposits__lag081,0.667712,0.118551,0.638823,0.50570753
d__dpsacbw027sbog_deposits__lag083,0.667712,0.1183,0.639011,0.50566565
d__mortgage30us_mortgage30us__lag033,0.689655,0.432935,0.299479,0.50511351
d__mortgage30us_mortgage30us__lag032,0.689655,0.432262,0.300032,0.50503075
d__mortgage30us_mortgage30us__lag023,0.689655,0.430575,0.301427,0.5048292
q__bogz1fl743061103q_usb_tsy_dom__lag007,0.987461,0.046866,0.464115,0.50457311
q__fgtsl_fgtsl__lag001,1.0,0.096132,0.408408,0.50454024
q__bogz1fr713061103q_cb_tsy_reval__lag001,0.99373,0.118573,0.388896,0.50428733
q__b093rc1q027sbea_gov_int_row__lag008,0.968652,0.19777,0.322791,0.50424313
q__rowstaq027s_row_stloan_a__lag003,1.0,0.056135,0.448097,0.50423143
d__mortgage30us_mortgage30us__lag031,0.689655,0.431252,0.299866,0.50421943
q__bogz1fl712051000q_fed_rrp__lag002,1.0,0.163406,0.340798,0.50420354
d__dpsacbw027sbog_deposits__lag085,0.667712,0.118494,0.636492,0.50411267
d__tasacbw027sbog_bank_ts_agency__lag030,0.667712,0.122552,0.632311,0.50403077
q__bogz1fl262151003q_row_repo__lag004,0.996865,0.165806,0.339688,0.50390922
q__bogz1fl264035005q_row_loans_a__lag005,0.99373,0.110951,0.395854,0.50362797
d__tasacbw027sbog_bank_ts_agency__lag035,0.667712,0.121314,0.632886,0.50358785
q__ophnfb_nflabor_productivity__lag008,0.968652,0.067827,0.451886,0.50342125
d__mortgage30us_mortgage30us__lag034,0.689655,0.430376,0.29946,0.50333459
q__bogz1fr103061103q_nfcb_tsy_reval__lag001,0.99373,0.148723,0.357679,0.50322713
d__tasacbw027sbog_bank_ts_agency__lag033,0.667712,0.120708,0.632932,0.50321416
d__tasacbw027sbog_bank_ts_agency__lag034,0.667712,0.121084,0.63252,0.50318999
d__tasacbw027sbog_bank_ts_agency__lag032,0.667712,0.12048,0.633029,0.50312691
q__bogz1fa713061113q_cb_bills_tx__lag003,0.987461,0.272451,0.237023,0.50308529
m__ipncongd_ipncongd__lag009,0.987461,0.327007,0.182435,0.5030545
d__dpsacbw027sbog_deposits__lag086,0.667712,0.117874,0.635526,0.50305352
d__tasacbw027sbog_bank_ts_agency__lag031,0.667712,0.121088,0.631851,0.50274618
d__tasacbw027sbog_bank_ts_agency__lag036,0.667712,0.12098,0.63195,0.50274031
q__bogz1lm903061103q_instrument_discrepancies_ts__lag003,1.0,0.405534,0.097091,0.50262494
q__bogz1fl313161110q_totalbills_z1__lag001,1.0,0.21927,0.283219,0.5024886
d__dpsacbw027sbog_deposits__lag087,0.667712,0.118085,0.634255,0.50234603
d__dpsacbw027sbog_deposits__lag088,0.667712,0.118337,0.633964,0.50231986
d__mortgage30us_mortgage30us__lag035,0.689655,0.429664,0.298622,0.50226609
q__bogz1fl712151003q_fed_repo__lag005,0.99373,0.174158,0.330949,0.50194009
d__mortgage30us_mortgage30us__lag036,0.689655,0.43016,0.29736,0.50173821
q__bogz1fr213061103q_state_local_gov_ts_reval__lag004,0.984326,0.263263,0.246243,0.50152036
d__tasacbw027sbog_bank_ts_agency__lag037,0.667712,0.12,0.631069,0.50149758
d__tasacbw027sbog_bank_ts_agency__lag040,0.667712,0.119664,0.63108,0.50128048
d__tasacbw027sbog_bank_ts_agency__lag042,0.667712,0.119415,0.631271,0.50124194
m__bogmbase_mb__lag010,0.833856,0.036108,0.564995,0.50123343
d__tasacbw027sbog_bank_ts_agency__lag041,0.667712,0.119465,0.631172,0.5012089
d__tasacbw027sbog_bank_ts_agency__lag039,0.667712,0.119499,0.631132,0.50120476
q__na000283q_gov_current_exp__lag007,0.971787,0.013931,0.501811,0.50119128
d__mortgage30us_mortgage30us__lag037,0.689655,0.428903,0.297756,0.50114374
d__dpsacbw027sbog_deposits__lag090,0.664577,0.118757,0.635267,0.50110653
d__tasacbw027sbog_bank_ts_agency__lag038,0.667712,0.119689,0.630334,0.50079919
q__bogz1fl313024000q_tres_oper_cash__lag008,0.984326,0.019451,0.489248,0.50072594
d__dpsacbw027sbog_deposits__lag089,0.664577,0.118611,0.634697,0.50063084
d__tasacbw027sbog_bank_ts_agency__lag043,0.667712,0.119125,0.63004,0.50022598
q__bogz1fl543061165q_life_insurance_ts__lag007,0.987461,0.120396,0.386145,0.50018924
q__fgexpnd_fgexpnd__lag007,0.971787,0.013062,0.501406,0.49995319
q__bogz1fl704041005q_usb_stloan_a__lag008,0.984326,0.125089,0.382746,0.4998754
d__tasacbw027sbog_bank_ts_agency__lag056,0.667712,0.116282,0.631183,0.49909073
m__awotman_awotman__lag005,0.877743,0.216733,0.351662,0.49890445
d__tasacbw027sbog_bank_ts_agency__lag057,0.667712,0.116556,0.630614,0.49889412
m__usalolitoaastsam_oecd_leading_indicator_us__lag012,0.884013,0.3587,0.205477,0.49873975
d__tasacbw027sbog_bank_ts_agency__lag044,0.667712,0.117991,0.628812,0.49864917
m__fedfunds_fed_funds__lag005,0.896552,0.330344,0.225657,0.49848345
q__bogz1fl704135005q_usb_loan_l__lag002,1.0,0.158232,0.34019,0.49842161
q__bogz1fa593061105q_pension_ts_tx__lag005,0.981191,0.248261,0.259694,0.49840019
m__usgood_usgood__lag007,1.0,0.287991,0.210405,0.49839547
d__tasacbw027sbog_bank_ts_agency__lag055,0.667712,0.115999,0.630394,0.49837484
d__tasacbw027sbog_bank_ts_agency__lag050,0.667712,0.115985,0.629983,0.49809129
d__tasacbw027sbog_bank_ts_agency__lag048,0.667712,0.116456,0.629441,0.4980443
d__tasacbw027sbog_bank_ts_agency__lag051,0.667712,0.115658,0.629966,0.49786145
d__tasacbw027sbog_bank_ts_agency__lag049,0.667712,0.116284,0.629253,0.4978036
d__tasacbw027sbog_bank_ts_agency__lag053,0.667712,0.11586,0.629673,0.49780152
d__tasacbw027sbog_bank_ts_agency__lag054,0.667712,0.115883,0.62964,0.49779381
d__tasacbw027sbog_bank_ts_agency__lag052,0.667712,0.115792,0.62965,0.49773991
d__tasacbw027sbog_bank_ts_agency__lag047,0.667712,0.116001,0.628984,0.4974347
m__ipdcongd_ipdcongd__lag005,0.990596,0.227064,0.275062,0.49740357
q__bogz1fl704041005q_usb_stloan_a__lag004,0.996865,0.124852,0.373984,0.49727224
q__na000283q_gov_current_exp__lag008,0.968652,0.02405,0.489231,0.49719142
q__bogz1fl693061105q_nonmmf_ts__lag004,0.996865,0.077838,0.420907,0.49718127
q__bogz1fl693061105q_nonmmmf_ts__lag004,0.996865,0.077838,0.420907,0.49718127
d__tasacbw027sbog_bank_ts_agency__lag046,0.667712,0.115973,0.628617,0.49717164
q__w006rc1q027sbea_gov_tax_receipts__lag002,0.987461,0.087376,0.415927,0.49699178
q__rowstaq027s_row_stloan_a__lag006,0.990596,0.078971,0.422716,0.4969686
d__tasacbw027sbog_bank_ts_agency__lag045,0.667712,0.116473,0.627573,0.49680778
d__tasacbw027sbog_bank_ts_agency__lag058,0.667712,0.114476,0.62879,0.49628684
q__fgexpnd_fgexpnd__lag008,0.968652,0.022696,0.489466,0.49610709
d__mortgage30us_mortgage30us__lag038,0.689655,0.423164,0.295979,0.49596077
q__bogz1fl262151003q_row_repo__lag005,0.99373,0.185098,0.313688,0.49565868
q__bogz1lm263061110q_row_bills_raw__lag002,1.0,0.227372,0.268267,0.49563898
q__bogz1lm263061110q_row_bills__lag002,1.0,0.227372,0.268267,0.49563898
m__tcu_tcu__lag008,0.736677,0.467931,0.204495,0.49536082
m__umcsent_umcsent__lag010,0.912226,0.020267,0.522729,0.49533513
q__bogz1fr343061105q_fed_gov_retirement_ts_reval__lag001,0.99373,0.121469,0.37699,0.49533379
q__ib0000043q086sbea_imp_ind_pi__lag005,0.724138,0.222078,0.461935,0.49531944
d__tasacbw027sbog_bank_ts_agency__lag063,0.667712,0.112695,0.628936,0.4951959
q__bogz1fr573061105q_private_pension_ts_reval__lag001,0.99373,0.119908,0.378403,0.49518687
d__tasacbw027sbog_bank_ts_agency__lag061,0.667712,0.112545,0.628983,0.49512661
q__tgdef_net_gov_sav__lag008,0.968652,0.027894,0.483224,0.49509504
d__tasacbw027sbog_bank_ts_agency__lag064,0.667712,0.113008,0.628451,0.49508095
q__bogz1lm153061105q_hhnp_tsy__lag004,0.996865,0.202487,0.294052,0.49498162
d__mortgage30us_mortgage30us__lag039,0.689655,0.42205,0.295604,0.49493385
d__tasacbw027sbog_bank_ts_agency__lag059,0.667712,0.113279,0.627771,0.49480771
q__bogz1fa713061113q_cb_bills_tx__lag006,0.978056,0.28404,0.221566,0.49451123
d__tasacbw027sbog_bank_ts_agency__lag060,0.667712,0.112924,0.627655,0.49449356
d__tasacbw027sbog_bank_ts_agency__lag062,0.667712,0.112209,0.628348,0.49447823
d__mortgage30us_mortgage30us__lag040,0.689655,0.421879,0.294768,0.49423897
q__bogz1fl704041005q_usb_stloan_a__lag005,0.99373,0.115651,0.381662,0.49419416
m__ppiaco_ppiaco__lag002,1.0,0.004479,0.489339,0.49381777
d__tasacbw027sbog_bank_ts_agency__lag065,0.667712,0.11174,0.626992,0.49325981
q__bogz1fa573061105q_private_pension_ts_tx__lag001,0.99373,0.257145,0.239213,0.4932459
q__bogz1lm153061105q_hhnp_tsy__lag007,0.987461,0.232004,0.26725,0.49299337
q__bogz1fr573061133q_private_dc_pension_ts_reval__lag001,0.99373,0.116291,0.37976,0.49294092
d__mortgage30us_mortgage30us__lag041,0.689655,0.41998,0.294748,0.49291578
d__tasacbw027sbog_bank_ts_agency__lag071,0.667712,0.110657,0.627224,0.49269175
m__indpro_indpro__lag011,1.0,0.179451,0.313181,0.49263201
d__tasacbw027sbog_bank_ts_agency__lag077,0.667712,0.108085,0.629384,0.49241689
q__bogz1fr753061103q_usb_tsy_for_reval__lag003,0.987461,0.27525,0.2234,0.49239668
q__bogz1fr573061143q_private_db_pension_ts_reval__lag001,0.99373,0.121159,0.374321,0.49237442
d__tasacbw027sbog_bank_ts_agency__lag069,0.667712,0.110821,0.626433,0.49227273
d__tasacbw027sbog_bank_ts_agency__lag070,0.667712,0.110825,0.626292,0.4921819
q__bogz1fl704041005q_usb_stloan_a__lag007,0.987461,0.118706,0.37965,0.49210641
m__ipncongd_ipncongd__lag012,0.984326,0.270533,0.229367,0.49206469
d__tasacbw027sbog_bank_ts_agency__lag085,0.667712,0.10567,0.631123,0.49196533
d__tasacbw027sbog_bank_ts_agency__lag078,0.667712,0.108119,0.628671,0.49196318
q__bogz1fr263061105q_row_bills_reval__lag004,0.984326,0.303494,0.196302,0.49196311
q__bogz1fr263061105q_row_tsy_reval__lag004,0.984326,0.303494,0.196302,0.49196311
d__tasacbw027sbog_bank_ts_agency__lag068,0.667712,0.110674,0.626005,0.49188912
d__tasacbw027sbog_bank_ts_agency__lag066,0.667712,0.110705,0.625925,0.49185646
d__tasacbw027sbog_bank_ts_agency__lag067,0.667712,0.110892,0.625669,0.49181006
d__tasacbw027sbog_bank_ts_agency__lag076,0.667712,0.107986,0.628202,0.49156115
d__mortgage30us_mortgage30us__lag043,0.689655,0.417948,0.294724,0.49149829
q__bogz1lm343061105q_fed_gov_retirement_ts__lag003,1.0,0.163131,0.328137,0.49126867
q__bogz1lm343061105q_fed_ret_tsy_total__lag003,1.0,0.163131,0.328137,0.49126867
q__rowstaq027s_row_stloan_a__lag004,0.996865,0.053743,0.438988,0.4911864
d__tasacbw027sbog_bank_ts_agency__lag074,0.667712,0.108268,0.626916,0.49089053
d__tasacbw027sbog_bank_ts_agency__lag086,0.667712,0.104825,0.630209,0.49079076
d__tasacbw027sbog_bank_ts_agency__lag075,0.667712,0.108046,0.626969,0.49077817
d__tasacbw027sbog_bank_ts_agency__lag073,0.667712,0.108246,0.626655,0.49070237
d__tasacbw027sbog_bank_ts_agency__lag072,0.667712,0.108669,0.626181,0.49066782
q__bogz1fl704041005q_usb_stloan_a__lag006,0.990596,0.114861,0.380408,0.49061126
d__tasacbw027sbog_bank_ts_agency__lag084,0.667712,0.10536,0.629183,0.49046315
d__mortgage30us_mortgage30us__lag042,0.689655,0.416726,0.294409,0.49043727
q__bogz1fa713061113q_cb_bills_tx__lag005,0.981191,0.333752,0.166062,0.49041336
m__awhman_awhman__lag002,1.0,0.022784,0.467429,0.49021276
q__bogz1fl264035005q_row_loans_a__lag006,0.990596,0.112213,0.382565,0.49012537
m__psavert_psavert__lag002,0.84326,0.48192,0.099283,0.49010546
q__rowstaq027s_row_stloan_a__lag008,0.984326,0.097749,0.400026,0.48997274
d__tasacbw027sbog_bank_ts_agency__lag087,0.667712,0.104775,0.628825,0.48983275
q__bogz1fr593061105q_pension_ts_reval__lag001,0.99373,0.109493,0.383282,0.48968543
d__tasacbw027sbog_bank_ts_agency__lag079,0.667712,0.10612,0.627203,0.48964811
d__tasacbw027sbog_bank_ts_agency__lag083,0.667712,0.104931,0.628339,0.48961288
q__bogz1fr343061113q_fed_gov_dcf_retirement_ts_reval__lag004,0.984326,0.279819,0.217533,0.48955645
d__tasacbw027sbog_bank_ts_agency__lag088,0.667712,0.104612,0.628492,0.48950177
q__bogz1fa343061113q_fed_gov_dcf_retirement_ts_tx__lag002,0.990596,0.300153,0.193989,0.4894944
d__tasacbw027sbog_bank_ts_agency__lag082,0.667712,0.104948,0.62697,0.48870998
d__tasacbw027sbog_bank_ts_agency__lag090,0.664577,0.10374,0.63148,0.48861034
d__tasacbw027sbog_bank_ts_agency__lag081,0.667712,0.104969,0.62669,0.48853731
d__tasacbw027sbog_bank_ts_agency__lag080,0.667712,0.105146,0.626461,0.48850236
q__bogz1fa313161110q_totalbills_z1_tx__lag002,0.990596,0.315027,0.1781,0.48848928
q__bogz1fr733061103q_holding_companies_ts_reval__lag004,0.984326,0.272164,0.224055,0.48844061
d__tasacbw027sbog_bank_ts_agency__lag089,0.664577,0.104188,0.630298,0.48812199
q__bogz1fl313161305q_gov_nonmarketable_ts__lag001,1.0,0.089565,0.39847,0.48803473
q__dividend_dividend__lag003,0.984326,0.016276,0.479227,0.48773684
q__tfaabshno_hhnp_tfa__lag001,1.0,0.075133,0.412358,0.48749134
d__mortgage30us_mortgage30us__lag045,0.689655,0.413546,0.293293,0.48747545
q__bogz1fl704041005q_usb_stloan_a__lag003,1.0,0.118639,0.368832,0.48747049
q__bogz1fr403061105q_gses_ts_reval__lag004,0.984326,0.301174,0.193814,0.48722926
d__mortgage30us_mortgage30us__lag090,0.689655,0.419406,0.287017,0.48718809
d__mortgage30us_mortgage30us__lag051,0.689655,0.411459,0.294862,0.48711807
q__bogz1lm653061113q_mf_bills_raw__lag003,1.0,0.100671,0.386404,0.4870756
q__bogz1lm653061113q_mutf_bills__lag003,1.0,0.100671,0.386404,0.4870756
q__bogz1fr573061133q_private_dc_pension_ts_reval__lag004,0.984326,0.273468,0.221186,0.48690103
d__mortgage30us_mortgage30us__lag046,0.689655,0.411525,0.294392,0.48683903
d__mortgage30us_mortgage30us__lag084,0.689655,0.419485,0.286366,0.48679337
d__mortgage30us_mortgage30us__lag089,0.689655,0.419009,0.28677,0.48674457
d__mortgage30us_mortgage30us__lag078,0.689655,0.4164,0.289278,0.48667476
q__bogz1fa733061103q_holding_companies_ts_tx__lag001,0.99373,0.306901,0.182687,0.48651776
q__bogz1fl633061110q_mmf_bills_raw__lag003,1.0,0.261024,0.225388,0.48641178
q__bogz1fl633061110q_mmf_bills__lag003,1.0,0.261024,0.225388,0.48641178
d__mortgage30us_mortgage30us__lag049,0.689655,0.410052,0.295121,0.48632648
q__bogz1fa473061105q_credit_unions_ts_tx__lag005,0.981191,0.158039,0.337512,0.48622944
d__mortgage30us_mortgage30us__lag070,0.689655,0.414063,0.29082,0.48612615
d__mortgage30us_mortgage30us__lag047,0.689655,0.410887,0.293961,0.48610191
m__psavert_psavert__lag001,0.84326,0.497023,0.079356,0.48603733
d__mortgage30us_mortgage30us__lag053,0.689655,0.410829,0.293789,0.48594379
m__unrate_unrate__lag005,0.978056,0.409397,0.08735,0.48584674
d__mortgage30us_mortgage30us__lag044,0.689655,0.410877,0.293589,0.48583902
d__mortgage30us_mortgage30us__lag048,0.689655,0.410078,0.294292,0.4857724
q__bogz1fr343061113q_fed_gov_dcf_retirement_ts_reval__lag005,0.981191,0.318333,0.176738,0.48575977
d__mortgage30us_mortgage30us__lag052,0.689655,0.410128,0.294219,0.48575689
q__bogz1lm102010005q_nfcb_nfassets__lag003,1.0,0.027259,0.458291,0.48555001
d__mortgage30us_mortgage30us__lag088,0.689655,0.417439,0.286446,0.4854381
d__mortgage30us_mortgage30us__lag087,0.689655,0.417934,0.285609,0.48520186
d__mortgage30us_mortgage30us__lag050,0.689655,0.408865,0.294511,0.48508652
q__expgs_exports__lag008,0.968652,0.154485,0.346259,0.48504714
d__mortgage30us_mortgage30us__lag077,0.689655,0.412753,0.290418,0.4849458
m__ipdcongd_ipdcongd__lag001,0.99373,0.211641,0.276192,0.48477455
q__bogz1lm553061103q_closed_end_funds_ts__lag008,0.984326,0.177087,0.315357,0.48472538
d__mortgage30us_mortgage30us__lag085,0.689655,0.416816,0.285815,0.48457301
d__mortgage30us_mortgage30us__lag054,0.689655,0.409208,0.293402,0.48455887
q__bogz1lm573061133q_private_dc_pension_ts__lag006,0.990596,0.035392,0.45343,0.48422525
q__bogz1fr593061105q_pension_ts_reval__lag004,0.984326,0.279752,0.211917,0.48396211
d__mortgage30us_mortgage30us__lag055,0.689655,0.408024,0.293492,0.48380427
q__fbtsatq027s_dom_fin_sector_tsy_tx__lag005,0.981191,0.249375,0.243571,0.48367464
d__mortgage30us_mortgage30us__lag086,0.689655,0.41635,0.284705,0.48348627
q__bogz1fl693061105q_nonmmf_ts__lag003,1.0,0.076083,0.407367,0.48345066
q__bogz1fl693061105q_nonmmmf_ts__lag003,1.0,0.076083,0.407367,0.48345066
q__tgdef_net_gov_sav__lag007,0.971787,0.035677,0.461534,0.48318333
d__mortgage30us_mortgage30us__lag083,0.689655,0.413942,0.286591,0.48312609
q__bogz1fr263061105q_row_bills_reval__lag005,0.981191,0.332955,0.159328,0.48302334
q__bogz1fr263061105q_row_tsy_reval__lag005,0.981191,0.332955,0.159328,0.48302334
d__mortgage30us_mortgage30us__lag065,0.689655,0.410645,0.289584,0.48291669
q__bogz1fr223061143q_state_local_db_retirement_ts_reval__lag004,0.984326,0.279582,0.211018,0.48291049
d__mortgage30us_mortgage30us__lag056,0.689655,0.408806,0.291383,0.4828892
m__pcedg_pcedg__lag001,0.84326,0.05235,0.52027,0.48286802
d__mortgage30us_mortgage30us__lag075,0.689655,0.410892,0.288947,0.48264795
q__bogz1fl633061105q_mmf_tsy_raw__lag003,1.0,0.236159,0.246403,0.48256197
q__bogz1fl633061105q_money_market_funds_ts__lag003,1.0,0.236159,0.246403,0.48256197
q__bogz1lm473061105q_credit_unions_ts__lag004,0.996865,0.018568,0.465459,0.48250983
q__bogz1lm473061105q_credit_unions_ts_tx__lag004,0.996865,0.018568,0.465459,0.48250983
d__mortgage30us_mortgage30us__lag064,0.689655,0.410012,0.289559,0.48246271
d__mortgage30us_mortgage30us__lag080,0.689655,0.412218,0.287134,0.48231138
q__b093rc1q027sbea_gov_int_row__lag007,0.971787,0.174975,0.32122,0.48219627
q__fgla_fgla__lag005,0.99373,0.04018,0.444994,0.48213283
q__fgla_fedgov_loans__lag005,0.99373,0.04018,0.444994,0.48213283
d__mortgage30us_mortgage30us__lag066,0.689655,0.409579,0.289511,0.48213106
d__mortgage30us_mortgage30us__lag081,0.689655,0.412476,0.286323,0.48193023
d__mortgage30us_mortgage30us__lag071,0.689655,0.408354,0.290377,0.48188297
d__mortgage30us_mortgage30us__lag079,0.689655,0.411604,0.287064,0.48183969
q__fgtlasq027s_gov_loan_a__lag005,0.99373,0.040045,0.444693,0.48169926
q__bogz1fl263061130q_row_gov_tsy__lag004,0.996865,0.160416,0.322703,0.48160465
d__mortgage30us_mortgage30us__lag074,0.689655,0.409571,0.28869,0.4815595
d__mortgage30us_mortgage30us__lag082,0.689655,0.412369,0.285885,0.48155451
d__mortgage30us_mortgage30us__lag059,0.689655,0.407387,0.290482,0.48128871
d__mortgage30us_mortgage30us__lag076,0.689655,0.408838,0.288992,0.48126246
q__bogz1fr573061105q_private_pension_ts_reval__lag004,0.984326,0.276577,0.212229,0.48114408
q__bogz1lm663061105q_brokers_dealers_ts__lag003,1.0,0.190111,0.290977,0.48108736
d__mortgage30us_mortgage30us__lag073,0.689655,0.408656,0.28877,0.48098311
m__totalsl_totalsl__lag001,1.0,0.045415,0.435469,0.48088313
d__mortgage30us_mortgage30us__lag072,0.689655,0.40814,0.288921,0.48073216
q__bogz1fa213061103q_state_local_gov_ts_tx__lag004,0.984326,0.045558,0.442824,0.48072702
d__mortgage30us_mortgage30us__lag060,0.689655,0.406073,0.290872,0.4806517
q__bogz1lm263061110q_row_bills_raw__lag001,1.0,0.220135,0.260497,0.48063148
q__bogz1lm263061110q_row_bills__lag001,1.0,0.220135,0.260497,0.48063148
d__mortgage30us_mortgage30us__lag069,0.689655,0.407773,0.288976,0.48051621
d__mortgage30us_mortgage30us__lag067,0.689655,0.407786,0.288817,0.48041638
m__ipncongd_ipncongd__lag008,0.987461,0.305691,0.180747,0.48033867
q__bogz1fr213061103q_state_local_gov_ts_reval__lag001,0.99373,0.103556,0.37972,0.48024636
q__bogz1fl693061105q_nonmmf_ts__lag001,1.0,0.093617,0.386615,0.48023205
q__bogz1fl693061105q_nonmmmf_ts__lag001,1.0,0.093617,0.386615,0.48023205
d__mortgage30us_mortgage30us__lag068,0.689655,0.407465,0.28862,0.48005854
q__bogz1fr593061105q_pension_ts_reval__lag003,0.987461,0.25463,0.231501,0.48003483
d__mortgage30us_mortgage30us__lag061,0.689655,0.405015,0.290965,0.47998674
q__bogz1fr223061143q_state_local_db_retirement_ts_reval__lag001,0.99373,0.095006,0.387979,0.47995647
d__mortgage30us_mortgage30us__lag063,0.689655,0.405861,0.290002,0.47990542
q__bogz1fl884135005q_dom_loan_l__lag002,1.0,0.039992,0.43984,0.47983146
m__unrate_unrate__lag002,0.981191,0.375237,0.113625,0.47966795
m__usalolitoaastsam_oecd_leading_indicator_us__lag011,0.884013,0.323027,0.219447,0.47955402
d__mortgage30us_mortgage30us__lag062,0.689655,0.404518,0.290724,0.47947752
m__ipncongd_ipncongd__lag010,0.984326,0.288834,0.198266,0.47946524
d__mortgage30us_mortgage30us__lag057,0.689655,0.404482,0.290538,0.47932417
q__bogz1fr573061105q_private_pension_ts_reval__lag003,0.987461,0.25957,0.225833,0.47931655
q__bogz1lm573061133q_private_dc_pension_ts__lag007,0.987461,0.021569,0.463788,0.47927146
q__bogz1fl264135005q_row_loans_l__lag003,1.0,0.134559,0.344709,0.4792681
q__bogz1fa473061105q_credit_unions_ts_tx__lag003,0.987461,0.103711,0.381455,0.47908209
m__umcsent_umcsent__lag012,0.909091,0.041957,0.48502,0.47907038
q__bogz1fa633061105q_money_market_funds_ts_tx__lag005,0.981191,0.215961,0.271764,0.47855148
d__mortgage30us_mortgage30us__lag058,0.689655,0.403659,0.289532,0.47806257
q__bogz1fr573061143q_private_db_pension_ts_reval__lag005,0.981191,0.325352,0.16187,0.47805763
q__bogz1fa473061105q_credit_unions_ts_tx__lag004,0.984326,0.025995,0.45932,0.47770743
q__bogz1fl713123030q_tga__lag006,0.990596,0.023129,0.458846,0.47744287
q__bogz1fl713123030q_tga_z1__lag006,0.990596,0.023129,0.458846,0.47744287
q__ad02rc1q027sbea_gov_netlending__lag006,0.818182,0.070062,0.513236,0.4772439
q__netfi_netfi__lag007,0.971787,0.194598,0.296397,0.47714246
q__bogz1fl264135005q_row_loans_l__lag005,0.99373,0.149577,0.330432,0.47699875
q__bogz1fr473061105q_credit_unions_ts_reval__lag001,0.99373,0.110593,0.369309,0.47689362
q__cbi_cbi__lag004,0.981191,0.346254,0.139687,0.47680127
q__bogz1fl704141005q_usb_stloan_l__lag002,1.0,0.155811,0.320958,0.47676882
m__fedfunds_fed_funds__lag006,0.896552,0.319426,0.212311,0.47672922
q__bogz1fl693061105q_nonmmf_ts__lag002,1.0,0.081713,0.394908,0.47662089
q__bogz1fl693061105q_nonmmmf_ts__lag002,1.0,0.081713,0.394908,0.47662089
m__totresns_res__lag010,0.833856,0.023088,0.547673,0.47593234
q__bogz1lm733061103q_holding_companies_ts__lag002,1.0,0.019734,0.456178,0.47591274
q__bogz1fr753061103q_usb_tsy_for_reval__lag004,0.984326,0.287524,0.195293,0.47524992
q__bogz1fl262151003q_row_repo__lag001,1.0,0.116854,0.357874,0.47472777
q__bogz1lm663061105q_brokers_dealers_ts__lag004,0.996865,0.188806,0.287383,0.47469598
d__ldgust_tga_fed_alt__lag012,1.0,0.168367,0.3063,0.47466702
m__ipman_ipman__lag007,0.673981,0.315825,0.38837,0.47461408
m__unrate_unrate__lag004,0.978056,0.400449,0.084574,0.47438061
q__bogz1fr223061143q_state_local_db_retirement_ts_reval__lag003,0.987461,0.244721,0.235428,0.47412836
m__ipman_ipman__lag010,0.670846,0.266234,0.440358,0.47401487
q__bogz1fl264135005a_row_loans_l__lag006,1.0,0.135517,0.338362,0.47387967
q__bogz1fl264135005q_row_loans_l__lag004,0.996865,0.135035,0.340078,0.47362412
m__unrate_unrate__lag001,0.981191,0.372287,0.10987,0.47308874
q__bogz1fl264035005q_row_loans_a__lag003,1.0,0.07748,0.395541,0.4730217
m__wtisplc_wtisplc__lag002,1.0,0.016655,0.456315,0.47297006
d__ldgust_tga_fed_alt__lag011,1.0,0.170701,0.30157,0.47227157
q__bogz1fr573061143q_private_db_pension_ts_reval__lag004,0.984326,0.275998,0.203715,0.4721943
d__ldgust_tga_fed_alt__lag013,1.0,0.169614,0.302318,0.47193244
q__bogz1fr573061105q_private_pension_ts_reval__lag005,0.981191,0.316386,0.164388,0.47173123
q__bogz1lm153061105q_hhnp_tsy__lag003,1.0,0.17943,0.292095,0.47152531
q__bogz1fl763061100q_usb_tsy_oth__lag006,0.990596,0.075879,0.399821,0.47122552
q__fgtsl_fgtsl__lag002,1.0,0.0853,0.38592,0.47122054
q__ad02rc1q027sbea_gov_netlending__lag008,0.811912,0.084139,0.49597,0.47099757
q__bogz1fr663061165q_brokers_dealers_long_ts_reval__lag001,0.99373,0.103587,0.370253,0.47086976
q__bogz1fl263061130q_row_gov_tsy__lag005,0.99373,0.151686,0.321676,0.47039376
q__bogz1fr343061105q_fed_gov_retirement_ts_reval__lag005,0.981191,0.310728,0.168595,0.47030785
q__rowstaq027s_row_stloan_a__lag002,1.0,0.034451,0.435855,0.47030564
q__bogz1fr593061105q_pension_ts_reval__lag005,0.981191,0.316808,0.162488,0.47028113
m__dspic96_real_dpi__lag006,0.840125,0.189659,0.369431,0.46970577
q__bogz1lm343061165q_fed_gov_db_retirement_ts__lag007,0.987461,0.00011,0.475509,0.46965465
q__bogz1lm343061165q_fed_ret_tsy_db__lag007,0.987461,0.00011,0.475509,0.46965465
q__bogz1fl264135005q_row_loans_l__lag002,1.0,0.112718,0.356872,0.46959026
m__usalolitoaastsam_oecd_leading_indicator_us__lag007,0.887147,0.313806,0.215384,0.46947017
m__bogmbase_mb__lag011,0.833856,0.019072,0.543844,0.4693908
q__bogz1fl743061103q_usb_tsy_dom__lag008,0.984326,0.042948,0.433869,0.46934353
q__ib0000043q086sbea_imp_ind_pi__lag006,0.721003,0.154336,0.496098,0.46896487
m__ipdcongd_ipdcongd__lag006,0.990596,0.212056,0.261082,0.46868799
m__ppiaco_ppiaco__lag003,1.0,0.005427,0.463209,0.46863671
d__dgs2_dgs2__lag002,0.626959,0.448682,0.298699,0.46857715
q__rowmslq027s_row_muni_flow__lag008,0.971787,0.186249,0.295749,0.46839922
q__bogz1fa213061103q_state_local_gov_ts_tx__lag003,0.987461,0.068563,0.405705,0.46832115
q__bogz1fl313161110q_totalbills_z1__lag003,1.0,0.182634,0.285645,0.46827919
m__ipncongd_ipncongd__lag006,0.990596,0.289167,0.183458,0.46818031
m__unrate_unrate__lag003,0.981191,0.391979,0.085165,0.46816904
q__bogz1fa673061103q_abs_issuers_ts_tx__lag006,0.978056,0.016943,0.461498,0.46794164
d__ldgust_tga_fed_alt__lag015,1.0,0.155309,0.312526,0.46783548
d__dgs2_dgs2__lag016,0.626959,0.450653,0.294872,0.46741355
q__bogz1fl763123005q_tga_usb__lag006,0.990596,0.151908,0.319891,0.46736206
q__bogz1fr343061105q_fed_gov_retirement_ts_reval__lag004,0.984326,0.265947,0.208474,0.46698466
q__bogz1lm263061110q_row_bills_raw__lag003,1.0,0.20249,0.264408,0.46689821
q__bogz1lm263061110q_row_bills__lag003,1.0,0.20249,0.264408,0.46689821
q__bogz1lm553061103q_closed_end_funds_ts__lag001,1.0,0.148823,0.317904,0.46672636
q__bogz1fl264035005q_row_loans_a__lag004,0.996865,0.080743,0.387442,0.46671797
d__dgs2_dgs2__lag021,0.626959,0.452,0.292385,0.46669913
d__dgs2_dgs2__lag018,0.626959,0.451205,0.292938,0.46654728
q__bogz1fl313024000q_tres_oper_cash__lag005,0.99373,0.057764,0.411612,0.46643297
q__expgs_exports__lag007,0.971787,0.133581,0.346054,0.46610327
d__dgs2_dgs2__lag010,0.626959,0.448316,0.295088,0.46608387
q__tnwmvbsnncb_nfcb_nw__lag001,1.0,0.002838,0.463138,0.4659763
d__dgs2_dgs2__lag003,0.626959,0.446754,0.296454,0.46596164
d__dgs2_dgs2__lag011,0.626959,0.448973,0.294186,0.4659303
d__dgs2_dgs2__lag008,0.626959,0.449131,0.293881,0.46583862
d__dgs2_dgs2__lag007,0.626959,0.447312,0.295298,0.46558622
q__bogz1fl264135005a_row_loans_l__lag003,1.0,0.119765,0.345791,0.46555515
q__tnwmvbsnncb_nfcb_nw__lag002,1.0,0.009337,0.456145,0.46548222
m__ppiaco_ppiaco__lag004,1.0,0.007938,0.457539,0.46547627
d__dgs2_dgs2__lag004,0.626959,0.445102,0.297244,0.46542054
d__dgs2_dgs2__lag025,0.626959,0.451426,0.29079,0.46533951
q__bogz1fl543061175q_life_insurance_ts__lag004,0.996865,0.192817,0.273965,0.46531818
d__dgs2_dgs2__lag001,0.626959,0.4449,0.297228,0.46528452
d__dgs2_dgs2__lag009,0.626959,0.44734,0.294726,0.46524513
d__dgs2_dgs2__lag017,0.626959,0.449473,0.292417,0.46513497
q__bogz1fl343061123q_fed_gov_dcg_retirement_ts__lag003,1.0,0.129598,0.335379,0.46497747
d__dgs2_dgs2__lag015,0.626959,0.448323,0.292991,0.46477421
d__dgs2_dgs2__lag020,0.626959,0.449355,0.29194,0.46476163
d__dgs2_dgs2__lag005,0.626959,0.444795,0.296101,0.46451152
d__dgs2_dgs2__lag006,0.626959,0.446336,0.294369,0.4643917
q__bogz1fl633061105q_mmf_tsy_raw__lag007,0.987461,0.033705,0.436427,0.46423693
q__bogz1fl633061105q_money_market_funds_ts__lag007,0.987461,0.033705,0.436427,0.46423693
d__dgs2_dgs2__lag013,0.626959,0.445982,0.294363,0.46416673
d__dgs2_dgs2__lag014,0.626959,0.446677,0.293646,0.46415256
d__dgs2_dgs2__lag024,0.626959,0.448336,0.291911,0.46410425
d__dgs2_dgs2__lag026,0.626959,0.449307,0.290347,0.46373295
d__ldgust_tga_fed_alt__lag014,1.0,0.1615,0.302061,0.4635604
d__dgs2_dgs2__lag019,0.626959,0.448898,0.290379,0.46349666
d__dgs2_dgs2__lag027,0.626959,0.449181,0.289793,0.46330667
d__dgs2_dgs2__lag012,0.626959,0.445701,0.293189,0.46325407
q__bogz1fa383061105q_dom_nonfin_sector_tsy_tx__lag008,0.971787,0.26581,0.210857,0.4632182
d__dgs2_dgs2__lag023,0.626959,0.446363,0.292288,0.4631041
d__dgs2_dgs2__lag022,0.626959,0.447498,0.290439,0.46265611
d__dgs2_dgs2__lag029,0.626959,0.44989,0.287387,0.46224251
m__ppiaco_ppiaco__lag005,1.0,0.017449,0.444753,0.46220201
d__dgs2_dgs2__lag028,0.626959,0.448556,0.288085,0.46184398
q__tfaabshno_hhnp_tfa__lag002,1.0,0.058246,0.403448,0.46169327
q__bogz1fl704135005q_usb_loan_l__lag004,0.996865,0.035072,0.427908,0.46152872
q__bogz1lm903061103q_instrument_discrepancies_ts__lag004,0.996865,0.309102,0.153768,0.46141851
m__dspic96_real_dpi__lag011,0.833856,0.142891,0.410437,0.46139571
q__bogz1fl264135005a_row_loans_l__lag005,1.0,0.118062,0.343255,0.46131738
q__bogz1fr103061103q_nfcb_tsy_reval__lag004,0.984326,0.270074,0.198459,0.46118907
q__bogz1fa403061105q_gses_ts_tx__lag005,0.981191,0.243506,0.226432,0.46109977
m__pcedg_pcedg__lag002,0.84326,0.026114,0.520688,0.46109647
m__ipman_ipman__lag009,0.673981,0.39508,0.288738,0.46088056
m__awhman_awhman__lag006,1.0,0.085544,0.375323,0.46086725
q__w328rc1q027sbea_nfcb_pat__lag001,0.990596,0.039084,0.426145,0.46085356
q__bogz1lm263061105q_row_tsy_raw__lag001,1.0,0.143762,0.31689,0.46065205
q__bogz1lm263061105q_row_tsy__lag001,1.0,0.143762,0.31689,0.46065205
q__bogz1fr223061143q_state_local_db_retirement_ts_reval__lag005,0.981191,0.312195,0.157153,0.46052003
q__bogz1fl704041005q_usb_stloan_a__lag002,1.0,0.107789,0.352547,0.46033583
d__ldgust_tga_fed_alt__lag016,1.0,0.150481,0.309266,0.45974701
m__fedfunds_fed_funds__lag007,0.893417,0.303886,0.210401,0.45947327
m__psavert_psavert__lag003,0.84326,0.47886,0.06588,0.45935813
q__bogz1fl884135005q_dom_loan_l__lag003,1.0,0.055254,0.404092,0.45934624
q__bogz1fr743061103q_usb_tsy_dom_reval__lag001,0.99373,0.092123,0.369647,0.45887546
q__w006rc1q027sbea_gov_tax_receipts__lag003,0.984326,0.093765,0.372311,0.45877022
q__bogz1fa673061103q_abs_issuers_ts_tx__lag003,0.987461,0.255297,0.209247,0.45871831
m__dspic96_real_dpi__lag004,0.840125,0.201597,0.344011,0.45837878
d__dgs2_dgs2__lag030,0.626959,0.445937,0.284762,0.45811824
q__bogz1lm573061133q_private_dc_pension_ts__lag008,0.984326,0.000775,0.464579,0.45805978
d__ldgust_tga_fed_alt__lag010,1.0,0.15987,0.297964,0.45783403
q__bogz1fl313024000q_tres_oper_cash__lag006,0.990596,0.00324,0.458846,0.45774045
d__ldgust_tga_fed_alt__lag017,1.0,0.148838,0.308624,0.45746198
m__ipncongd_ipncongd__lag002,0.99373,0.279728,0.180083,0.45692769
m__ipncongd_ipncongd__lag003,0.99373,0.282743,0.176995,0.45685517
q__bogz1fr573061133q_private_dc_pension_ts_reval__lag005,0.981191,0.299679,0.165865,0.45678816
q__bogz1fl264135005a_row_loans_l__lag007,0.996865,0.136101,0.321441,0.45610771
d__dgs2_dgs2__lag033,0.623824,0.444976,0.285821,0.45588958
m__usgood_usgood__lag012,1.0,0.244243,0.211533,0.45577602
q__bogz1lm102010005q_nfcb_nfassets__lag004,0.996865,0.037079,0.419915,0.455561
q__bogz1fr343061105q_fed_gov_retirement_ts_reval__lag003,0.987461,0.252527,0.208421,0.45516772
d__dgs2_dgs2__lag034,0.623824,0.445671,0.283848,0.455092
m__ipncongd_ipncongd__lag005,0.990596,0.279978,0.179211,0.454871
q__dividend_dividend__lag004,0.981191,0.018205,0.445305,0.45479204
q__bogz1fa653061113q_mutf_bills_tx__lag006,0.978056,0.185848,0.279096,0.45474142
d__dgs2_dgs2__lag032,0.623824,0.444197,0.284244,0.45441956
m__ipncongd_ipncongd__lag007,0.987461,0.276478,0.18361,0.4543187
q__bogz1fr763061100q_usb_tsy_oth_reval__lag001,0.99373,0.100733,0.356447,0.45431344
m__pcedg_pcedg__lag003,0.84326,0.023312,0.515378,0.45425572
d__dgs2_dgs2__lag031,0.623824,0.444416,0.283616,0.45416428
q__bogz1fr543061175q_life_insurance_ts_reval__lag006,0.978056,0.260173,0.204121,0.45410646
q__bogz1lm263061110q_row_bills_raw__lag007,0.987461,0.102637,0.357117,0.45398878
q__bogz1lm263061110q_row_bills__lag007,0.987461,0.102637,0.357117,0.45398878
q__bogz1lm653061113q_mf_bills_raw__lag004,0.996865,0.118393,0.336696,0.45366221
q__bogz1lm653061113q_mutf_bills__lag004,0.996865,0.118393,0.336696,0.45366221
d__dgs2_dgs2__lag035,0.623824,0.443431,0.283631,0.45355883
q__bogz1fl633061105q_mmf_tsy_raw__lag004,0.996865,0.161509,0.29331,0.45339409
q__bogz1fl633061105q_money_market_funds_ts__lag004,0.996865,0.161509,0.29331,0.45339409
d__dgs2_dgs2__lag036,0.623824,0.442204,0.284544,0.45336336
q__bogz1fa713061103q_cb_tsy_tx__lag006,0.978056,0.034246,0.428952,0.45303431
q__bogz1lm263061105q_row_tsy_raw__lag002,1.0,0.137022,0.315935,0.4529575
q__bogz1lm263061105q_row_tsy__lag002,1.0,0.137022,0.315935,0.4529575
q__bogz1lm263061105q_row_tsy_raw__lag007,0.987461,0.083633,0.375023,0.45290403
q__bogz1lm263061105q_row_tsy__lag007,0.987461,0.083633,0.375023,0.45290403
m__uspriv_uspriv__lag009,1.0,0.159745,0.292887,0.45263197
d__dgs2_dgs2__lag037,0.623824,0.442561,0.282861,0.45253605
m__awotman_awotman__lag003,0.880878,0.177218,0.336425,0.4524567
q__bogz1fr543061175q_life_insurance_ts_reval__lag007,0.974922,0.322385,0.141629,0.45237778
q__bogz1fl593061105q_pension_ts__lag002,1.0,0.143831,0.308032,0.45186303
q__impgs_imports__lag008,0.968652,0.131209,0.335069,0.45166059
q__bogz1fr733061103q_holding_companies_ts_reval__lag001,0.99373,0.101071,0.353416,0.45163781
d__ldgust_tga_fed_alt__lag009,1.0,0.153037,0.298505,0.45154183
d__ldgust_tga_fed_alt__lag007,1.0,0.145877,0.30548,0.45135679
m__wtisplc_wtisplc__lag005,1.0,0.018639,0.432648,0.45128676
q__bogz1lm903061103q_instrument_discrepancies_ts__lag008,0.984326,0.089415,0.369041,0.45126955
q__bogz1fl884035005q_dom_loan_a__lag001,1.0,0.040686,0.410271,0.45095743
q__bogz1lm343061165q_fed_gov_db_retirement_ts__lag008,0.984326,0.001388,0.456368,0.45058156
q__bogz1lm343061165q_fed_ret_tsy_db__lag008,0.984326,0.001388,0.456368,0.45058156
m__totalsl_totalsl__lag002,1.0,0.039446,0.41106,0.45050521
m__tcu_tcu__lag005,0.739812,0.403955,0.204969,0.45048928
d__ldgust_tga_fed_alt__lag008,1.0,0.150729,0.299356,0.45008502
d__ldgust_tga_fed_alt__lag019,1.0,0.139336,0.310637,0.44997292
d__ldgust_tga_fed_alt__lag024,1.0,0.13997,0.309715,0.44968502
q__bogz1fa573061143q_private_db_pension_ts_tx__lag001,0.99373,0.127352,0.325163,0.44967797
d__dgs2_dgs2__lag039,0.623824,0.438512,0.282052,0.44950528
q__bogz1lm543061115q_li_bills__lag003,1.0,0.212377,0.237055,0.44943232
d__dgs2_dgs2__lag041,0.623824,0.438041,0.282287,0.44935797
d__dgs2_dgs2__lag040,0.623824,0.437955,0.281708,0.44894315
d__dgs2_dgs2__lag038,0.623824,0.437803,0.281817,0.44891636
q__bogz1lm263061105q_row_tsy_raw__lag005,0.99373,0.10196,0.349782,0.44890957
q__bogz1lm263061105q_row_tsy__lag005,0.99373,0.10196,0.349782,0.44890957
d__dgs2_dgs2__lag042,0.623824,0.43783,0.281745,0.4488884
d__tlaacbw027sbog_bank_ta__lag007,0.667712,0.110114,0.561436,0.44840169
m__usgood_usgood__lag011,1.0,0.238133,0.210212,0.44834497
m__ipncongd_ipncongd__lag004,0.990596,0.269748,0.182578,0.44807198
q__bogz1fr663061165q_brokers_dealers_long_ts_reval__lag004,0.984326,0.238516,0.216651,0.4480326
q__bogz1fl713123030q_tga__lag005,0.99373,0.039246,0.411612,0.44803071
q__bogz1fl713123030q_tga_z1__lag005,0.99373,0.039246,0.411612,0.44803071
d__ldgust_tga_fed_alt__lag006,1.0,0.142702,0.305311,0.4480131
m__ipmat_ipmat__lag008,1.0,0.118416,0.329436,0.44785177
q__rowmmfq027s_row_moneymarketfundshares_flow__lag006,0.978056,0.098011,0.359874,0.44783693
q__ib0000043q086sbea_imp_ind_pi__lag002,0.733542,0.354093,0.256382,0.44780914
q__bogz1fa403061105q_gses_ts_tx__lag002,0.990596,0.255112,0.196833,0.4476949
m__payems_nonfarm_payrolls__lag009,1.0,0.153871,0.293614,0.44748489
q__bogz1fa763061100q_usb_tsy_oth_tx__lag008,0.971787,0.040879,0.419526,0.44741535
m__pcedg_pcedg__lag004,0.840125,0.030084,0.502431,0.4473794
m__tcu_tcu__lag006,0.739812,0.393034,0.211575,0.44729722
q__bogz1fr263061145q_row_priv_tsy_reval__lag003,0.987461,0.266824,0.185939,0.44708559
m__ipman_ipman__lag008,0.673981,0.371529,0.291697,0.44700195
q__tfaabsnncb_nfcb_tfa__lag001,1.0,0.049657,0.397164,0.44682102
m__dspic96_real_dpi__lag008,0.836991,0.152795,0.380988,0.44677158
q__bogz1fr753061103q_usb_tsy_for_reval__lag001,0.99373,0.095214,0.35424,0.44663581
d__dgs2_dgs2__lag044,0.623824,0.435287,0.280676,0.44663487
d__ldgust_tga_fed_alt__lag023,1.0,0.140255,0.306322,0.44657636
d__dgs2_dgs2__lag043,0.623824,0.43545,0.280138,0.44640148
q__bogz1fr403061105q_gses_ts_reval__lag003,0.987461,0.210292,0.241734,0.44635828
d__ldgust_tga_fed_alt__lag003,1.0,0.140147,0.306209,0.44635566
d__tlaacbw027sbog_bank_ta__lag002,0.667712,0.109287,0.559167,0.44633465
m__pcend_pcend__lag001,0.84326,0.050072,0.479141,0.44626413
m__bogmbase_mb__lag012,0.833856,0.003756,0.531325,0.44618009
d__ldgust_tga_fed_alt__lag005,1.0,0.14111,0.30507,0.44617989
q__fgla_fgla__lag006,0.990596,0.036842,0.413252,0.44586168
q__fgla_fedgov_loans__lag006,0.990596,0.036842,0.413252,0.44586168
d__ldgust_tga_fed_alt__lag021,1.0,0.135458,0.310371,0.4458295
d__ldgust_tga_fed_alt__lag020,1.0,0.135995,0.309829,0.44582469
q__bogz1fl704035005q_usb_loan_a__lag008,0.984326,0.148563,0.304307,0.44577191
d__tlaacbw027sbog_bank_ta__lag006,0.667712,0.109431,0.558178,0.44576995
q__bogz1lm263061110q_row_bills_raw__lag005,0.99373,0.112315,0.336074,0.44557769
q__bogz1lm263061110q_row_bills__lag005,0.99373,0.112315,0.336074,0.44557769
q__fgtlasq027s_gov_loan_a__lag006,0.990596,0.036703,0.413043,0.44551627
m__usgood_usgood__lag010,1.0,0.237117,0.208137,0.44525391
d__dgs2_dgs2__lag045,0.623824,0.433269,0.280404,0.44520687
q__bogz1lm733061103q_holding_companies_ts__lag003,1.0,0.03042,0.414675,0.44509418
q__rowceaq027s_row_corpequities_flow__lag002,0.990596,0.217368,0.231817,0.44496061
d__tlaacbw027sbog_bank_ta__lag005,0.667712,0.108953,0.557409,0.44493752
d__tlaacbw027sbog_bank_ta__lag003,0.667712,0.108486,0.557527,0.44470516
d__ldgust_tga_fed_alt__lag026,1.0,0.142367,0.302328,0.44469518
d__tlaacbw027sbog_bank_ta__lag008,0.667712,0.109891,0.555982,0.44461102
q__bogz1fr513061105q_pc_insurance_ts_reval__lag001,0.99373,0.147182,0.30015,0.44452699
d__tlaacbw027sbog_bank_ta__lag004,0.667712,0.10875,0.55697,0.44450927
d__ldgust_tga_fed_alt__lag004,1.0,0.138626,0.305868,0.44449426
q__bogz1lm263061105q_row_tsy_raw__lag006,0.990596,0.090253,0.358375,0.4444092
q__bogz1lm263061105q_row_tsy__lag006,0.990596,0.090253,0.358375,0.4444092
d__dgs2_dgs2__lag046,0.623824,0.432891,0.279317,0.4442933
q__bogz1fa343061113q_fed_gov_dcf_retirement_ts_tx__lag003,0.987461,0.168266,0.281585,0.44420949
d__tlaacbw027sbog_bank_ta__lag009,0.667712,0.10933,0.555293,0.44377641
q__bogz1fl264135005a_row_loans_l__lag002,1.0,0.100275,0.343484,0.44375867
q__bogz1lm553061103q_closed_end_funds_ts__lag004,0.996865,0.198656,0.246496,0.44375633
q__bogz1fr343061113q_fed_gov_dcf_retirement_ts_reval__lag003,0.987461,0.247088,0.202294,0.44374708
m__ipmat_ipmat__lag009,1.0,0.113378,0.330277,0.44365533
d__ldgust_tga_fed_alt__lag029,1.0,0.13669,0.306704,0.44339354
q__mmmffaq027s_mmf_tfa__lag003,1.0,0.140835,0.302552,0.44338709
m__dspic96_real_dpi__lag003,0.84326,0.17141,0.354318,0.44332586
q__bogz1fl262151003q_row_repo__lag006,0.990596,0.153143,0.294214,0.4431503
d__tlaacbw027sbog_bank_ta__lag001,0.667712,0.106811,0.556763,0.44307583
q__bogz1lm263061105q_row_tsy_raw__lag008,0.984326,0.06753,0.382564,0.44303997
q__bogz1lm263061105q_row_tsy__lag008,0.984326,0.06753,0.382564,0.44303997
q__mmmffaq027s_mmf_tfa__lag004,0.996865,0.134436,0.309972,0.44301472
d__tlaacbw027sbog_bank_ta__lag014,0.667712,0.10839,0.554863,0.44286166
d__tlaacbw027sbog_bank_ta__lag012,0.667712,0.108223,0.554664,0.44261691
q__rowsllq027s_row_stloan_l__lag003,1.0,0.122272,0.320282,0.44255357
d__tlaacbw027sbog_bank_ta__lag013,0.667712,0.1083,0.55445,0.44252594
d__tlaacbw027sbog_bank_ta__lag011,0.667712,0.108013,0.554711,0.44250839
m__ppiaco_ppiaco__lag006,1.0,0.024983,0.417448,0.44243046
d__tlaacbw027sbog_bank_ta__lag010,0.667712,0.108764,0.553777,0.44238616
m__totalsl_totalsl__lag003,1.0,0.040929,0.401245,0.44217412
d__ldgust_tga_fed_alt__lag025,1.0,0.135868,0.306084,0.44195254
d__ldgust_tga_fed_alt__lag022,1.0,0.136541,0.305053,0.44159366
q__bogz1fl704035005q_usb_loan_a__lag004,0.996865,0.124294,0.318644,0.44154998
m__totalsl_totalsl__lag004,1.0,0.043517,0.398031,0.44154838
q__bogz1fl704141005q_usb_stloan_l__lag004,0.996865,0.03473,0.40803,0.44137157
q__bogz1lm663061105q_brokers_dealers_ts__lag002,1.0,0.165739,0.2756,0.44133835
d__ldgust_tga_fed_alt__lag027,1.0,0.138979,0.302269,0.44124873
d__dgs2_dgs2__lag048,0.623824,0.429865,0.276609,0.44071614
m__fedfunds_fed_funds__lag008,0.893417,0.286638,0.206598,0.44066546
d__dgs2_dgs2__lag047,0.623824,0.428365,0.277985,0.4406382
m__wtisplc_wtisplc__lag001,1.0,0.000269,0.44025,0.44051953
m__mvphgfd027mnfrbdal_mvphgfd027mnfrbdal__lag007,1.0,0.147171,0.293337,0.44050855
m__mvphgfd027mnfrbdal_mv_priv_debt__lag007,1.0,0.147171,0.293337,0.44050855
q__rowgseq027s_row_agency_flow__lag001,0.99373,0.307791,0.13539,0.44040198
d__tlaacbw027sbog_bank_ta__lag015,0.667712,0.108128,0.550906,0.44004464
m__mvphgfd027mnfrbdal_mvphgfd027mnfrbdal__lag003,1.0,0.146717,0.293306,0.44002279
m__mvphgfd027mnfrbdal_mv_priv_debt__lag003,1.0,0.146717,0.293306,0.44002279
q__bogz1lm553061103q_closed_end_funds_ts__lag002,1.0,0.165531,0.274049,0.43958028
q__b093rc1q027sbea_gov_int_row__lag006,0.974922,0.138529,0.312107,0.43933467
m__mvphgfd027mnfrbdal_mvphgfd027mnfrbdal__lag006,1.0,0.14782,0.291497,0.43931707
m__mvphgfd027mnfrbdal_mv_priv_debt__lag006,1.0,0.14782,0.291497,0.43931707
q__bogz1fl264135005q_row_loans_l__lag006,0.990596,0.128159,0.315288,0.43927668
d__ldgust_tga_fed_alt__lag018,1.0,0.131695,0.307571,0.43926584
d__dgs2_dgs2__lag049,0.623824,0.428576,0.275539,0.43924409
d__tlaacbw027sbog_bank_ta__lag021,0.667712,0.108773,0.548934,0.43915877
q__bogz1fa513061113q_pci_bills_tx__lag006,0.978056,0.128198,0.32076,0.43910629
d__dgs2_dgs2__lag060,0.623824,0.426246,0.277363,0.43892877
d__ldgust_tga_fed_alt__lag028,1.0,0.137499,0.301411,0.43890986
q__bogz1fl704035005q_usb_loan_a__lag007,0.987461,0.137999,0.306434,0.43885979
d__tlaacbw027sbog_bank_ta__lag016,0.667712,0.107348,0.549655,0.43868852
q__bogz1fl704041005q_usb_stloan_a__lag001,1.0,0.083518,0.355157,0.43867529
q__bogz1fl543061175q_life_insurance_ts__lag005,0.99373,0.159442,0.281993,0.43866741
q__fgrecpt_fgrecpt__lag001,0.990596,0.014706,0.428102,0.43864361
q__bogz1lm553061103q_closed_end_funds_ts__lag003,1.0,0.178334,0.260188,0.4385225
d__ldgust_tga_fed_alt__lag030,1.0,0.129481,0.308937,0.438418
d__dgs2_dgs2__lag057,0.623824,0.427074,0.2756,0.43834526
d__dgs2_dgs2__lag061,0.623824,0.425944,0.276618,0.43827496
m__mvphgfd027mnfrbdal_mvphgfd027mnfrbdal__lag005,1.0,0.147529,0.290695,0.43822357
m__mvphgfd027mnfrbdal_mv_priv_debt__lag005,1.0,0.147529,0.290695,0.43822357
m__mvphgfd027mnfrbdal_mvphgfd027mnfrbdal__lag004,1.0,0.146877,0.291344,0.4382205
m__mvphgfd027mnfrbdal_mv_priv_debt__lag004,1.0,0.146877,0.291344,0.4382205
d__tlaacbw027sbog_bank_ta__lag017,0.667712,0.106605,0.549587,0.43814727
q__bogz1fr563061103q_etfs_ts_reval__lag004,0.984326,0.284293,0.160742,0.43805975
d__tlaacbw027sbog_bank_ta__lag020,0.667712,0.10843,0.547571,0.43801973
d__ldgust_tga_fed_alt__lag042,1.0,0.129305,0.308694,0.43799887
d__tlaacbw027sbog_bank_ta__lag022,0.667712,0.108107,0.547839,0.43798261
d__dgs2_dgs2__lag059,0.623824,0.425026,0.277046,0.43796993
q__bogz1fa573061143q_private_db_pension_ts_tx__lag007,0.974922,0.24329,0.205942,0.43796674
d__tlaacbw027sbog_bank_ta__lag018,0.667712,0.108669,0.546996,0.43779571
d__ldgust_tga_fed_alt__lag031,1.0,0.127068,0.310683,0.43775159
d__dgs2_dgs2__lag050,0.623824,0.425136,0.276448,0.437665
q__bogz1fr763061100q_usb_tsy_oth_reval__lag005,0.981191,0.262259,0.183756,0.43762597
d__dgs2_dgs2__lag054,0.623824,0.425099,0.276343,0.43757665
d__tlaacbw027sbog_bank_ta__lag028,0.667712,0.105648,0.549552,0.43748464
d__tlaacbw027sbog_bank_ta__lag019,0.667712,0.108467,0.546644,0.4374252
m__mtsds133fms_fed_surplus_deficit__lag003,0.570533,0.509557,0.257096,0.43740101
q__tnwmvbsnncb_nfcb_nw__lag003,1.0,0.020808,0.416494,0.43730246
m__pcedg_pcedg__lag009,0.836991,0.080945,0.441506,0.43728664
m__totresns_res__lag012,0.833856,0.018118,0.506294,0.43728353
m__uspriv_uspriv__lag008,1.0,0.14157,0.295711,0.43728191
q__bogz1fr263061145q_row_priv_tsy_reval__lag005,0.981191,0.305204,0.140308,0.43713322
q__bogz1fl704035005q_usb_loan_a__lag005,0.99373,0.125358,0.314399,0.43700003
d__dgs2_dgs2__lag056,0.623824,0.42472,0.275773,0.43698505
q__bogz1fr653061105q_mutual_funds_ts_reval__lag005,0.981191,0.279371,0.1659,0.43689658
q__bogz1fl264135005a_row_loans_l__lag004,1.0,0.096552,0.340254,0.43680612
m__dspic96_real_dpi__lag007,0.836991,0.161817,0.360033,0.43678406
d__tlaacbw027sbog_bank_ta__lag025,0.667712,0.10542,0.548693,0.43675906
d__dgs2_dgs2__lag055,0.623824,0.424015,0.276069,0.43672905
d__tlaacbw027sbog_bank_ta__lag027,0.667712,0.105288,0.548684,0.4366646
q__bogz1fl593061105q_pension_ts__lag001,1.0,0.143961,0.292514,0.4364747
d__dgs2_dgs2__lag058,0.623824,0.424418,0.275223,0.4364528
q__bogz1fl262151003q_row_repo__lag007,0.987461,0.156804,0.284955,0.43621905
m__uempmean_uempmean__lag001,0.981191,0.269224,0.175293,0.43615672
d__tlaacbw027sbog_bank_ta__lag024,0.667712,0.10627,0.546898,0.43612807
m__mvphgfd027mnfrbdal_mvphgfd027mnfrbdal__lag002,1.0,0.144427,0.29165,0.43607744
m__mvphgfd027mnfrbdal_mv_priv_debt__lag002,1.0,0.144427,0.29165,0.43607744
d__dgs2_dgs2__lag062,0.623824,0.423516,0.275458,0.4360369
q__rowsllq027s_row_stloan_l__lag002,1.0,0.103696,0.332329,0.43602554
d__tlaacbw027sbog_bank_ta__lag023,0.667712,0.106557,0.546409,0.43599306
q__bogz1lm263061110q_row_bills_raw__lag006,0.990596,0.098588,0.341528,0.43597727
q__bogz1lm263061110q_row_bills__lag006,0.990596,0.098588,0.341528,0.43597727
d__ldgust_tga_fed_alt__lag041,1.0,0.127105,0.308836,0.4359401
d__tlaacbw027sbog_bank_ta__lag037,0.667712,0.105778,0.546922,0.43581555
m__ipman_ipman__lag002,0.680251,0.343079,0.297565,0.43579853
d__tlaacbw027sbog_bank_ta__lag036,0.667712,0.105708,0.546958,0.43579312
d__tlaacbw027sbog_bank_ta__lag026,0.667712,0.105054,0.547517,0.4357295
d__tlaacbw027sbog_bank_ta__lag035,0.667712,0.105896,0.54662,0.43569262
d__tlaacbw027sbog_bank_ta__lag029,0.667712,0.105678,0.546819,0.43567987
d__tlaacbw027sbog_bank_ta__lag033,0.667712,0.106067,0.54642,0.43567377
d__tlaacbw027sbog_bank_ta__lag034,0.667712,0.106126,0.546193,0.43556039
d__dgs2_dgs2__lag053,0.623824,0.42151,0.276676,0.43554561
m__ppiaco_ppiaco__lag007,1.0,0.031204,0.404227,0.4354304
d__dgs2_dgs2__lag051,0.623824,0.422028,0.275887,0.4353762
q__bogz1fr263061130q_row_gov_tsy_reval__lag001,0.99373,0.063009,0.374853,0.43511654
d__dgs2_dgs2__lag090,0.623824,0.427724,0.269506,0.43494947
d__tlaacbw027sbog_bank_ta__lag030,0.667712,0.105146,0.546248,0.43494373
q__bogz1fl704035005q_usb_loan_a__lag006,0.990596,0.130708,0.308342,0.43492125
d__tlaacbw027sbog_bank_ta__lag032,0.667712,0.105762,0.545389,0.43478086
d__dgs2_dgs2__lag064,0.623824,0.42348,0.273173,0.43458938
m__totresns_res__lag011,0.833856,0.002169,0.518978,0.43456114
d__dgs2_dgs2__lag052,0.623824,0.420884,0.275675,0.43453031
d__dgs2_dgs2__lag063,0.623824,0.422734,0.273759,0.43448929
q__bogz1lm263061105q_row_tsy_raw__lag003,1.0,0.126361,0.308002,0.43436364
q__bogz1lm263061105q_row_tsy__lag003,1.0,0.126361,0.308002,0.43436364
d__tlaacbw027sbog_bank_ta__lag031,0.667712,0.105939,0.544425,0.43425532
d__ldgust_tga_fed_alt__lag001,1.0,0.132473,0.301732,0.43420561
m__payems_nonfarm_payrolls__lag003,1.0,0.140167,0.293986,0.43415274
d__tlaacbw027sbog_bank_ta__lag050,0.667712,0.106281,0.543924,0.43414974
d__tlaacbw027sbog_bank_ta__lag038,0.667712,0.104706,0.545367,0.43406135
d__dgs2_dgs2__lag065,0.623824,0.423107,0.272566,0.43397824
d__dgs2_dgs2__lag073,0.623824,0.422539,0.273031,0.43391387
d__ldgust_tga_fed_alt__lag002,1.0,0.132236,0.301645,0.43388098
m__uspriv_uspriv__lag003,1.0,0.139497,0.294376,0.43387351
d__tlaacbw027sbog_bank_ta__lag039,0.667712,0.104638,0.545081,0.43382492
d__tlaacbw027sbog_bank_ta__lag056,0.667712,0.105617,0.54397,0.43373632
m__dspic96_real_dpi__lag010,0.833856,0.134078,0.385985,0.43365774
d__tlaacbw027sbog_bank_ta__lag055,0.667712,0.105581,0.543693,0.43352808
d__tlaacbw027sbog_bank_ta__lag042,0.667712,0.105187,0.544005,0.43347288
d__tlaacbw027sbog_bank_ta__lag040,0.667712,0.104755,0.544326,0.43339877
d__dgs2_dgs2__lag071,0.623824,0.422614,0.272129,0.43339776
m__payems_nonfarm_payrolls__lag008,1.0,0.137688,0.295699,0.43338611
m__ipmat_ipmat__lag005,1.0,0.109407,0.323887,0.43329364
d__tlaacbw027sbog_bank_ta__lag053,0.667712,0.105625,0.543278,0.43327981
d__tlaacbw027sbog_bank_ta__lag052,0.667712,0.105533,0.543237,0.4331906
d__tlaacbw027sbog_bank_ta__lag054,0.667712,0.105449,0.543211,0.43311772
d__tlaacbw027sbog_bank_ta__lag049,0.667712,0.106307,0.542351,0.43311641
q__w326rc1q027sbea_net_op_surplus__lag001,0.990596,0.017497,0.419687,0.43307234
d__tlaacbw027sbog_bank_ta__lag051,0.667712,0.1055,0.543001,0.43301169
d__dgs2_dgs2__lag072,0.623824,0.422271,0.271806,0.4329822
m__dpsfrim027sbog_row_deposits__lag001,0.667712,0.116648,0.531662,0.43288382
q__bogz1fl264035005q_row_loans_a__lag002,1.0,0.050697,0.382057,0.43275391
q__bogz1fa313161305q_gov_nonmarketable_ts_tx__lag001,0.99373,0.110334,0.32513,0.43273432
d__tlaacbw027sbog_bank_ta__lag043,0.667712,0.105457,0.542598,0.43271401
q__bogz1lm543061115q_li_bills__lag002,1.0,0.200805,0.231893,0.43269792
d__tlaacbw027sbog_bank_ta__lag044,0.667712,0.105615,0.542347,0.43265185
d__dgs2_dgs2__lag069,0.623824,0.421012,0.272494,0.43262632
d__tlaacbw027sbog_bank_ta__lag041,0.667712,0.104632,0.54303,0.43245115
d__tlaacbw027sbog_bank_ta__lag048,0.667712,0.106204,0.541362,0.43238724
q__bogz1lm263061110q_row_bills_raw__lag004,0.996865,0.165177,0.268567,0.43238482
q__bogz1lm263061110q_row_bills__lag004,0.996865,0.165177,0.268567,0.43238482
m__wpu0561_ppi_crude__lag002,0.99373,0.013443,0.421624,0.43233975
q__w006rc1q027sbea_gov_tax_receipts__lag004,0.981191,0.100174,0.340355,0.43224327
q__bogz1lm102010005q_nfcb_nfassets__lag005,0.99373,0.059865,0.374952,0.43209108
m__mvphgfd027mnfrbdal_mvphgfd027mnfrbdal__lag001,1.0,0.140786,0.291073,0.43185935
m__mvphgfd027mnfrbdal_mv_priv_debt__lag001,1.0,0.140786,0.291073,0.43185935
q__bogz1fl633061110q_mmf_bills_raw__lag007,0.987461,0.038619,0.39871,0.43184513
q__bogz1fl633061110q_mmf_bills__lag007,0.987461,0.038619,0.39871,0.43184513
d__tlaacbw027sbog_bank_ta__lag057,0.667712,0.105591,0.541093,0.43179828
d__dgs2_dgs2__lag085,0.623824,0.420624,0.271353,0.43167225
q__bogz1fr743061103q_usb_tsy_dom_reval__lag005,0.981191,0.287662,0.152259,0.43164668
d__dgs2_dgs2__lag089,0.623824,0.422757,0.26915,0.43162857
d__tlaacbw027sbog_bank_ta__lag046,0.667712,0.105501,0.540913,0.43161871
d__tlaacbw027sbog_bank_ta__lag045,0.667712,0.105175,0.541238,0.43161744
d__ldgust_tga_fed_alt__lag038,1.0,0.124582,0.307033,0.4316149
d__dgs2_dgs2__lag074,0.623824,0.419928,0.271737,0.43147763
d__ldgust_tga_fed_alt__lag040,1.0,0.124704,0.30668,0.43138414
d__tlaacbw027sbog_bank_ta__lag047,0.667712,0.105913,0.540081,0.43133764
d__dgs2_dgs2__lag068,0.623824,0.419542,0.271864,0.43131611
q__bogz1lm903061103q_instrument_discrepancies_ts__lag005,0.99373,0.196368,0.237658,0.43130414
q__bogz1fa343061123q_fed_gov_dcg_retirement_ts_tx__lag001,0.99373,0.149413,0.284566,0.43125803
d__dgs2_dgs2__lag075,0.623824,0.420744,0.270551,0.43124711
q__bogz1fl704035005q_usb_loan_a__lag003,1.0,0.110585,0.320625,0.43120995
m__awotman_awotman__lag002,0.880878,0.132662,0.356779,0.43113796
d__tlaacbw027sbog_bank_ta__lag058,0.667712,0.105188,0.540488,0.43112543
m__ipncongd_ipncongd__lag011,0.984326,0.24783,0.19015,0.43111543
q__tfaabsnncb_nfcb_tfa__lag002,1.0,0.049505,0.381569,0.43107394
d__dgs2_dgs2__lag070,0.623824,0.419333,0.27148,0.4309459
d__dgs2_dgs2__lag084,0.623824,0.418581,0.271719,0.43062599
d__tlaacbw027sbog_bank_ta__lag059,0.667712,0.104984,0.539835,0.43055311
q__bogz1fl884135005q_dom_loan_l__lag004,0.996865,0.069191,0.362711,0.43054788
d__dgs2_dgs2__lag083,0.623824,0.418379,0.271717,0.4304985
d__dgs2_dgs2__lag087,0.623824,0.41977,0.27022,0.43043265
m__ipman_ipman__lag005,0.677116,0.345091,0.290312,0.43024156
d__tlaacbw027sbog_bank_ta__lag062,0.667712,0.105743,0.538477,0.43015322
d__tlaacbw027sbog_bank_ta__lag061,0.667712,0.105815,0.53837,0.43012939
d__dgs2_dgs2__lag077,0.623824,0.418883,0.27062,0.43012889
d__dgs2_dgs2__lag066,0.623824,0.418935,0.270503,0.43008821
q__rowstaq027s_row_stloan_a__lag001,1.0,0.013755,0.416235,0.42999003
q__bogz1fa633061110q_mmf_bills_tx__lag005,0.981191,0.178354,0.259857,0.42996833
d__dgs2_dgs2__lag088,0.623824,0.419093,0.26976,0.42972356
d__tlaacbw027sbog_bank_ta__lag060,0.667712,0.105698,0.537847,0.42970261
d__dgs2_dgs2__lag078,0.623824,0.418918,0.269885,0.42969232
d__dgs2_dgs2__lag067,0.623824,0.417798,0.270798,0.42956253
d__dgs2_dgs2__lag086,0.623824,0.41839,0.270129,0.42951517
q__fgtsl_fgtsl__lag003,1.0,0.066963,0.362471,0.429434
q__bogz1fl763123005q_tga_usb__lag001,1.0,0.180525,0.248509,0.42903436
d__dgs2_dgs2__lag076,0.623824,0.417759,0.269765,0.42889445
m__tcu_tcu__lag007,0.736677,0.408412,0.173632,0.42877844
d__ldgust_tga_fed_alt__lag043,1.0,0.122792,0.30598,0.42877209
m__mcumfn_caputil_man__lag009,0.673981,0.448019,0.187963,0.42864
q__bogz1fr573061133q_private_dc_pension_ts_reval__lag003,0.987461,0.236677,0.197353,0.42858801
m__payems_nonfarm_payrolls__lag002,1.0,0.133484,0.29508,0.42856337
d__ldgust_tga_fed_alt__lag039,1.0,0.123826,0.304724,0.42854989
q__mmmffaq027s_mmf_tfa__lag002,1.0,0.129117,0.299342,0.42845852
d__dgs2_dgs2__lag081,0.623824,0.41661,0.269788,0.42819179
q__rowsllq027s_row_stloan_l__lag004,0.996865,0.117494,0.311951,0.42809813
d__dgs2_dgs2__lag082,0.623824,0.416575,0.269672,0.42809753
d__tlaacbw027sbog_bank_ta__lag063,0.667712,0.104866,0.536084,0.42796973
q__bogz1fl264135005q_row_loans_l__lag007,0.987461,0.12679,0.30658,0.4279356
d__ldgust_tga_fed_alt__lag037,1.0,0.119669,0.308063,0.427732
d__tlaacbw027sbog_bank_ta__lag073,0.667712,0.103228,0.537321,0.42770217
m__ipmat_ipmat__lag002,1.0,0.098811,0.328848,0.42765997
d__tlaacbw027sbog_bank_ta__lag077,0.667712,0.104617,0.535849,0.42764656
d__tlaacbw027sbog_bank_ta__lag078,0.667712,0.103328,0.537128,0.42764014
d__tlaacbw027sbog_bank_ta__lag075,0.667712,0.104509,0.535942,0.42763628
q__a464rc1q027sbea_nfcb_pbt__lag002,0.987461,0.070671,0.362323,0.42756527
q__bogz1fr103061103q_nfcb_tsy_reval__lag005,0.981191,0.277194,0.158562,0.42755967
m__ipman_ipman__lag003,0.680251,0.331696,0.296751,0.4275011
d__tlaacbw027sbog_bank_ta__lag064,0.667712,0.104856,0.535311,0.42744654
d__ldgust_tga_fed_alt__lag032,1.0,0.119778,0.307653,0.42743053
m__mvphgfd027mnfrbdal_mvphgfd027mnfrbdal__lag008,1.0,0.137983,0.28944,0.42742227
m__mvphgfd027mnfrbdal_mv_priv_debt__lag008,1.0,0.137983,0.28944,0.42742227
d__tlaacbw027sbog_bank_ta__lag076,0.667712,0.104671,0.535453,0.42741839
d__tlaacbw027sbog_bank_ta__lag071,0.667712,0.103972,0.53611,0.42739015
q__bogz1lm543061115q_li_bills__lag001,1.0,0.206452,0.220929,0.42738097
m__uspriv_uspriv__lag006,1.0,0.143566,0.283811,0.42737757
d__tlaacbw027sbog_bank_ta__lag074,0.667712,0.104015,0.535985,0.42733566
d__ldgust_tga_fed_alt__lag035,1.0,0.116819,0.310458,0.42727727
q__bogz1fl763123005q_tga_usb__lag002,1.0,0.187045,0.240212,0.42725718
m__uspriv_uspriv__lag002,1.0,0.131855,0.295362,0.42721699
m__payems_nonfarm_payrolls__lag006,1.0,0.142492,0.284656,0.42714762
q__expgs_exports__lag006,0.974922,0.107521,0.330591,0.42712538
d__tlaacbw027sbog_bank_ta__lag079,0.667712,0.102864,0.536607,0.42698224
d__tlaacbw027sbog_bank_ta__lag084,0.667712,0.101357,0.537968,0.42688516
d__tlaacbw027sbog_bank_ta__lag072,0.667712,0.103474,0.535615,0.42672723
d__tlaacbw027sbog_bank_ta__lag085,0.667712,0.102252,0.536711,0.42664265
q__pnfi_priv_nonres_fi__lag008,0.968652,0.113077,0.327273,0.42654659
d__tlaacbw027sbog_bank_ta__lag070,0.667712,0.104452,0.534129,0.42638743
q__gdpc1_real_gdp__lag007,0.971787,0.109378,0.329371,0.42637099
d__dgs2_dgs2__lag079,0.623824,0.414534,0.268927,0.42635966
d__dgs2_dgs2__lag080,0.623824,0.414872,0.268312,0.4261871
m__ppiaco_ppiaco__lag008,1.0,0.040599,0.385566,0.42616548
q__bogz1fa105019005q_nfcb_gfi__lag008,0.971787,0.109567,0.328846,0.42604325
q__bogz1fl892050005q_all_ffrepo__lag001,1.0,0.073803,0.35208,0.42588292
q__bogz1fl884035005q_dom_loan_a__lag002,1.0,0.051159,0.374708,0.42586761
q__bogz1fl503061123q_ccps_ts__lag004,0.996865,0.137487,0.289712,0.42585965
d__tlaacbw027sbog_bank_ta__lag080,0.667712,0.101846,0.535876,0.42581439
q__bogz1fl343061123q_fed_gov_dcg_retirement_ts__lag004,0.996865,0.154387,0.272753,0.42580096
d__tlaacbw027sbog_bank_ta__lag081,0.667712,0.101182,0.536193,0.42558288
d__tlaacbw027sbog_bank_ta__lag065,0.667712,0.103516,0.533781,0.42553091
d__tlaacbw027sbog_bank_ta__lag082,0.667712,0.100805,0.536401,0.42547034
d__wtregen_tga__lag081,0.504702,0.487245,0.355482,0.42532621
q__rowsllq027s_row_stloan_l__lag005,0.99373,0.132713,0.295159,0.42518905
d__ldgust_tga_fed_alt__lag044,1.0,0.116221,0.308862,0.42508335
d__tlaacbw027sbog_bank_ta__lag069,0.667712,0.103614,0.532999,0.42507405
d__tlaacbw027sbog_bank_ta__lag067,0.667712,0.103415,0.533068,0.42498657
m__dspic96_real_dpi__lag001,0.84326,0.171768,0.332106,0.42489675
d__tlaacbw027sbog_bank_ta__lag066,0.667712,0.103423,0.532851,0.42484729
d__ldgust_tga_fed_alt__lag033,1.0,0.114469,0.310335,0.42480394
d__tlaacbw027sbog_bank_ta__lag068,0.667712,0.103437,0.532739,0.42478201
d__ldgust_tga_fed_alt__lag036,1.0,0.116062,0.308708,0.42476919
d__ldgust_tga_fed_alt__lag034,1.0,0.115439,0.309283,0.42472186
q__bogz1fr743061103q_usb_tsy_dom_reval__lag003,0.987461,0.238715,0.191398,0.4247202
m__wtisplc_wtisplc__lag004,1.0,0.000341,0.424337,0.4246777
d__tlaacbw027sbog_bank_ta__lag086,0.667712,0.100612,0.535116,0.42448306
d__tlaacbw027sbog_bank_ta__lag083,0.667712,0.10056,0.535095,0.42443406
m__dpsfrim027sbog_row_deposits__lag002,0.667712,0.115718,0.519914,0.42441873
m__wpu0561_ppi_crude__lag001,0.99373,0.003092,0.423898,0.42431276
q__bogz1fr793061105q_dom_fin_sector_tsy_reval__lag003,0.987461,0.239433,0.190192,0.42423808
d__wtregen_tga__lag082,0.504702,0.490625,0.349881,0.42420539
q__bogz1lm102010005q_nfcb_nfassets__lag006,0.990596,0.07562,0.352161,0.42375815
q__gdpc1_real_gdp__lag008,0.968652,0.110864,0.326523,0.42367595
q__rrvrusq156n_rental_vacancy__lag008,0.855799,0.011658,0.483374,0.42364826
q__bogz1fr713061103q_cb_tsy_reval__lag003,0.987461,0.236973,0.192023,0.42361717
q__bogz1fr563061103q_etfs_ts_reval__lag002,0.990596,0.152327,0.27516,0.42346659
q__bogz1fr263061130q_row_gov_tsy_reval__lag005,0.981191,0.289311,0.141944,0.42314287
q__bogz1lm663061105q_brokers_dealers_ts__lag006,0.990596,0.167585,0.259409,0.42297789
q__rowcpaq027s_row_commercialpaper_flow__lag003,0.987461,0.299846,0.127981,0.42246204
m__ipmat_ipmat__lag007,1.0,0.084695,0.337603,0.42229817
q__pnfi_priv_nonres_fi__lag007,0.971787,0.10552,0.328812,0.4220775
d__tlaacbw027sbog_bank_ta__lag087,0.667712,0.100416,0.53141,0.42187753
d__wtregen_tga_fed__lag081,0.504702,0.487245,0.347451,0.4212729
q__bogz1fl264135005q_row_loans_l__lag001,1.0,0.076238,0.344814,0.42105172
d__tlaacbw027sbog_bank_ta__lag088,0.667712,0.10034,0.529628,0.4206366
m__uspriv_uspriv__lag005,1.0,0.133132,0.287438,0.42057052
q__bogz1fl503061123q_ccps_ts__lag003,1.0,0.119705,0.300857,0.4205621
q__pcesv_pcesv__lag008,0.968652,0.108052,0.325827,0.42027705
q__bogz1lm105020015q_nfcb_inventories__lag001,1.0,0.001757,0.418507,0.4202647
d__wtregen_tga_fed__lag082,0.504702,0.490625,0.341818,0.42013621
m__mvphgfd027mnfrbdal_mvphgfd027mnfrbdal__lag010,1.0,0.135256,0.28487,0.42012618
m__mvphgfd027mnfrbdal_mv_priv_debt__lag010,1.0,0.135256,0.28487,0.42012618
q__bogz1fl763061100q_usb_tsy_oth__lag007,0.987461,0.064908,0.360448,0.42002212
d__tlaacbw027sbog_bank_ta__lag090,0.664577,0.100411,0.531095,0.41968437
q__bogz1fa573061133q_private_dc_pension_ts_tx__lag008,0.971787,0.068603,0.363174,0.41959532
q__bogz1fr793061105q_dom_fin_sector_tsy_reval__lag005,0.981191,0.273877,0.153669,0.419504
m__payems_nonfarm_payrolls__lag005,1.0,0.131601,0.287883,0.41948405
q__bogz1fl503061123q_ccps_ts__lag002,1.0,0.119336,0.300126,0.41946226
m__ipman_ipman__lag004,0.677116,0.32294,0.296513,0.41944151
d__tlaacbw027sbog_bank_ta__lag089,0.664577,0.100371,0.530675,0.41937883
m__mvphgfd027mnfrbdal_mvphgfd027mnfrbdal__lag009,1.0,0.134822,0.284337,0.4191589
m__mvphgfd027mnfrbdal_mv_priv_debt__lag009,1.0,0.134822,0.284337,0.4191589
m__payems_nonfarm_payrolls__lag001,1.0,0.12553,0.293393,0.41892322
m__uspriv_uspriv__lag007,1.0,0.119714,0.299086,0.41879929
q__rowgseq027s_row_agency_flow__lag002,0.990596,0.310813,0.111718,0.41855737
m__pcedg_pcedg__lag005,0.840125,0.000852,0.497134,0.4183705
d__ldgust_tga_fed_alt__lag045,1.0,0.111166,0.307192,0.41835765
d__wtregen_tga__lag083,0.504702,0.488455,0.340368,0.41830889
m__totalsl_totalsl__lag005,1.0,0.042408,0.375829,0.41823734
q__ttaatashcbshnncb_nfcb_hc_assets__lag007,0.987461,0.105474,0.318061,0.41822456
q__ttaatashcbshnncb_nfcb_hc_assets__lag006,0.990596,0.103134,0.318867,0.41803297
m__ipmat_ipmat__lag003,1.0,0.08674,0.331252,0.41799213
d__wtregen_tga__lag080,0.504702,0.492759,0.334755,0.41764807
q__bogz1fa213061103q_state_local_gov_ts_tx__lag006,0.978056,0.095958,0.330986,0.41757577
q__bogz1fl884035005q_dom_loan_a__lag003,1.0,0.066941,0.350446,0.41738718
d__anfci_anfci__lag033,0.69279,0.014174,0.588268,0.41736536
m__ipmat_ipmat__lag006,1.0,0.090792,0.326223,0.4170156
q__pcesv_pcesv__lag007,0.971787,0.10266,0.326285,0.41684403
q__bogz1lm263061105q_row_tsy_raw__lag004,0.996865,0.111878,0.306168,0.416736
q__bogz1lm263061105q_row_tsy__lag004,0.996865,0.111878,0.306168,0.416736
m__uspriv_uspriv__lag001,1.0,0.123071,0.293616,0.41668729
q__fgla_fgla__lag007,0.987461,0.040786,0.381161,0.41665676
q__fgla_fedgov_loans__lag007,0.987461,0.040786,0.381161,0.41665676
m__payems_nonfarm_payrolls__lag007,1.0,0.117805,0.298827,0.41663154
q__bogz1fr263061105q_row_bills_reval__lag001,0.99373,0.053079,0.366166,0.41661635
q__bogz1fr263061105q_row_tsy_reval__lag001,0.99373,0.053079,0.366166,0.41661635
q__bogz1fa573061105q_private_pension_ts_tx__lag007,0.974922,0.223614,0.203677,0.41657481
q__fgtlasq027s_gov_loan_a__lag007,0.987461,0.040573,0.381161,0.41644608
q__bogz1fr263061105q_row_bills_reval__lag002,0.990596,0.115966,0.304357,0.41637018
q__bogz1fr263061105q_row_tsy_reval__lag002,0.990596,0.115966,0.304357,0.41637018
q__fgrecpt_fgrecpt__lag002,0.987461,0.03903,0.382588,0.41633151
q__ad02rc1q027sbea_gov_netlending__lag007,0.815047,0.01717,0.493531,0.41624557
d__wtregen_tga__lag079,0.504702,0.488727,0.335867,0.41617428
q__bogz1fa473061105q_credit_unions_ts_tx__lag002,0.990596,0.065828,0.354292,0.41616932
q__bogz1fa313161105q_tsy_net_tx__lag005,0.981191,0.177575,0.246535,0.41613296
d__wtregen_tga__lag087,0.501567,0.489801,0.339536,0.41596855
d__wtregen_tga_fed__lag087,0.501567,0.489801,0.339536,0.41596855
q__bogz1fa763061100q_usb_tsy_oth_tx__lag007,0.974922,0.105837,0.320688,0.41582894
q__bogz1fr343061165q_fed_gov_db_retirement_ts_reval__lag003,0.987461,0.225522,0.195204,0.41545098
m__pcedg_pcedg__lag006,0.840125,0.009152,0.485342,0.4154369
q__bogz1fr553061103q_closed_end_funds_ts_reval__lag001,0.99373,0.053405,0.364645,0.41542918
q__dividend_dividend__lag005,0.978056,0.016967,0.407628,0.41527774
q__ttaatashcbshnncb_nfcb_hc_assets__lag008,0.984326,0.104044,0.317782,0.41521422
q__bogz1fa105019005q_nfcb_gfi__lag007,0.974922,0.096455,0.329416,0.41519132
q__bogz1fl704035005q_usb_loan_a__lag002,1.0,0.095511,0.319492,0.41500252
q__ttaatashcbshnncb_nfcb_hc_assets__lag005,0.99373,0.099203,0.31819,0.41477611
q__mmmffaq027s_mmf_tfa__lag005,0.99373,0.102273,0.315049,0.41470541
d__wtregen_tga__lag070,0.504702,0.483687,0.337657,0.41453423
m__uspriv_uspriv__lag004,1.0,0.122029,0.292426,0.41445494
m__pcedg_pcedg__lag008,0.836991,0.036413,0.45857,0.41429652
m__payems_nonfarm_payrolls__lag004,1.0,0.121903,0.29239,0.41429297
d__wtregen_tga_fed__lag080,0.504702,0.492759,0.328103,0.41429118
d__wtregen_tga_fed__lag083,0.504702,0.488455,0.332284,0.41422898
d__wtregen_tga__lag071,0.504702,0.480786,0.339946,0.41422562
m__totalsl_totalsl__lag007,1.0,0.047913,0.366223,0.41413578
m__wtisplc_wtisplc__lag007,1.0,0.0378,0.376334,0.41413456
d__wtregen_tga__lag072,0.504702,0.472426,0.347834,0.4139872
m__mvphgfd027mnfrbdal_mvphgfd027mnfrbdal__lag011,1.0,0.128282,0.285562,0.41384423
m__mvphgfd027mnfrbdal_mv_priv_debt__lag011,1.0,0.128282,0.285562,0.41384423
q__gsave_gsave__lag007,0.971787,0.079381,0.346373,0.41374154
m__wtisplc_wtisplc__lag006,1.0,0.040463,0.373147,0.41360946
d__wtregen_tga__lag084,0.501567,0.487988,0.336447,0.41350965
m__wtisplc_wtisplc__lag003,1.0,0.020239,0.393238,0.41347638
q__gsave_gsave__lag008,0.968652,0.091851,0.334938,0.41341054
q__bogz1fr383061105q_dom_nonfin_sector_tsy_reval__lag001,0.99373,0.093599,0.322375,0.41336579
m__tcu_tcu__lag012,0.733542,0.38456,0.178773,0.41322813
q__bogz1fr763061100q_usb_tsy_oth_reval__lag003,0.987461,0.185979,0.232489,0.41322144
d__dgs30_dgs30__lag033,0.617555,0.353789,0.315315,0.41320835
q__w326rc1q027sbea_net_op_surplus__lag002,0.987461,0.043079,0.375353,0.41318559
q__bogz1fr263061145q_row_priv_tsy_reval__lag002,0.990596,0.145513,0.271582,0.41317311
d__dgs30_dgs30__lag039,0.617555,0.352022,0.317009,0.41316339
q__bogz1fl704135005q_usb_loan_l__lag003,1.0,0.031206,0.381912,0.41311792
q__bogz1fr693061105q_nonmmf_ts_reval__lag005,0.981191,0.269288,0.151744,0.41311367
q__bogz1fr693061105q_nonmmmf_ts_reval__lag005,0.981191,0.269288,0.151744,0.41311367
m__totalsl_totalsl__lag006,1.0,0.045081,0.367997,0.41307805
m__ipman_ipman__lag001,0.680251,0.318743,0.288332,0.41296313
q__mmmffaq027s_mmf_tfa__lag001,1.0,0.110399,0.302552,0.4129507
d__wtregen_tga__lag088,0.501567,0.485823,0.337186,0.41279472
d__wtregen_tga_fed__lag088,0.501567,0.485823,0.337186,0.41279472
m__fedfunds_fed_funds__lag009,0.893417,0.26424,0.1978,0.41279407
q__bogz1lm213061103q_state_local_gov_ts__lag001,1.0,0.007606,0.405185,0.41279099
m__ipman_ipman__lag006,0.677116,0.321681,0.287922,0.41277203
d__wtregen_tga__lag090,0.501567,0.484982,0.337708,0.41263433
d__wtregen_tga_fed__lag090,0.501567,0.484982,0.337708,0.41263433
q__bopbca_bopbca__lag001,0.827586,0.201313,0.297256,0.41260902
d__dgs30_dgs30__lag040,0.617555,0.351277,0.316481,0.41237747
q__bogz1fr153061105q_hhnp_tsy_reval__lag005,0.981191,0.239465,0.180657,0.41221954
q__bogz1fa513061113q_pci_bills_tx__lag007,0.974922,0.218312,0.204501,0.41220937
d__dgs30_dgs30__lag042,0.617555,0.352601,0.314843,0.41218272
d__wtregen_tga__lag089,0.501567,0.48614,0.335515,0.41211538
d__wtregen_tga_fed__lag089,0.501567,0.48614,0.335515,0.41211538
q__bogz1fr383061105q_dom_nonfin_sector_tsy_reval__lag004,0.984326,0.237798,0.180848,0.41208363
d__wtregen_tga_fed__lag079,0.504702,0.488727,0.327713,0.41205877
d__wtregen_tga__lag086,0.501567,0.485952,0.335404,0.41196561
d__dgs30_dgs30__lag034,0.617555,0.352077,0.314973,0.41193986
q__ib0000043q086sbea_imp_ind_pi__lag001,0.736677,0.32662,0.232544,0.4119238
d__dgs30_dgs30__lag037,0.617555,0.351812,0.315109,0.41186012
m__mvphgfd027mnfrbdal_mvphgfd027mnfrbdal__lag012,1.0,0.120809,0.291032,0.41184122
m__mvphgfd027mnfrbdal_mv_priv_debt__lag012,1.0,0.120809,0.291032,0.41184122
d__dgs30_dgs30__lag023,0.617555,0.343952,0.322919,0.41182949
q__bogz1fr653061105q_mutual_funds_ts_reval__lag003,0.987461,0.213761,0.203199,0.41173172
q__impgs_imports__lag007,0.971787,0.094093,0.329558,0.4116976
m__wpu0561_ppi_crude__lag005,0.990596,0.026208,0.389364,0.41166362
d__dgs30_dgs30__lag022,0.617555,0.345295,0.32122,0.4116096
q__a464rc1q027sbea_nfcb_pbt__lag001,0.990596,0.000814,0.414449,0.41135726
d__dgs30_dgs30__lag018,0.617555,0.346333,0.319207,0.41100762
d__dgs30_dgs30__lag036,0.617555,0.349899,0.315629,0.41099999
d__wtregen_tga__lag085,0.501567,0.484838,0.334128,0.41076678
d__dgs30_dgs30__lag041,0.617555,0.348915,0.316141,0.41070868
d__wtregen_tga_fed__lag070,0.504702,0.483687,0.329992,0.41066573
q__bogz1fl262051003q_row_rrp__lag001,1.0,0.115428,0.29513,0.4105572
q__w328rc1q027sbea_nfcb_pat__lag002,0.987461,0.03105,0.384582,0.4104198
d__wtregen_tga_fed__lag071,0.504702,0.480786,0.332263,0.41034774
d__wtregen_tga__lag078,0.504702,0.479262,0.333666,0.41028634
q__bogz1lm473061105q_credit_unions_ts__lag005,0.99373,0.029651,0.383181,0.41024395
q__bogz1lm473061105q_credit_unions_ts_tx__lag005,0.99373,0.029651,0.383181,0.41024395
d__wtregen_tga__lag077,0.504702,0.481184,0.331588,0.41020745
d__dgs30_dgs30__lag021,0.617555,0.342977,0.320959,0.41001706
d__wtregen_tga_fed__lag072,0.504702,0.472426,0.339819,0.40994216
q__bogz1lm553061103q_closed_end_funds_ts__lag006,0.990596,0.18663,0.226743,0.40948588
d__wtregen_tga_fed__lag084,0.501567,0.487988,0.328383,0.40946508
d__dgs30_dgs30__lag038,0.617555,0.34739,0.315578,0.40941885
d__anfci_anfci__lag032,0.69279,0.009942,0.580925,0.40934664
d__dgs30_dgs30__lag032,0.617555,0.348964,0.313826,0.40930876
d__wtregen_tga_fed__lag086,0.501567,0.485952,0.330009,0.40925965
m__ipmat_ipmat__lag004,1.0,0.077934,0.331266,0.40919926
d__anfci_anfci__lag028,0.69279,0.006791,0.583626,0.40903491
d__ldgust_tga_fed_alt__lag046,1.0,0.103377,0.305557,0.40893381
q__bogz1fr693061105q_nonmmf_ts_reval__lag003,0.987461,0.218147,0.195949,0.40890393
q__bogz1fr693061105q_nonmmmf_ts_reval__lag003,0.987461,0.218147,0.195949,0.40890393
q__bogz1fl503061123q_ccps_ts__lag005,0.99373,0.118338,0.293127,0.40888561
q__tnwmvbsnncb_nfcb_nw__lag004,0.996865,0.016175,0.3939,0.40878876
d__anfci_anfci__lag031,0.69279,0.009879,0.580148,0.40876457
m__mtso133fms_fedgov_out__lag007,0.564263,0.22261,0.501792,0.40875348
d__dgs30_dgs30__lag016,0.617555,0.340842,0.320988,0.4087163
q__bogz1fl313161110q_totalbills_z1__lag004,0.996865,0.121473,0.288374,0.40856205
q__bogz1fa573061143q_private_db_pension_ts_tx__lag008,0.971787,0.169569,0.25074,0.40845044
d__ldgust_tga_fed_alt__lag049,1.0,0.100138,0.30826,0.40839865
q__a464rc1q027sbea_nfcb_pbt__lag003,0.984326,0.096623,0.318224,0.40834529
q__bogz1fa673061103q_abs_issuers_ts_tx__lag004,0.984326,0.144932,0.269836,0.40826715
q__bogz1fl884135005q_dom_loan_l__lag008,0.984326,0.119003,0.295746,0.40824852
q__bogz1fl633061110q_mmf_bills_raw__lag004,0.996865,0.176464,0.232929,0.40811043
q__bogz1fl633061110q_mmf_bills__lag004,0.996865,0.176464,0.232929,0.40811043
d__dgs30_dgs30__lag011,0.617555,0.343852,0.316852,0.40802099
d__dgs30_dgs30__lag015,0.617555,0.343282,0.317286,0.40793668
q__gdpc1_real_gdp__lag006,0.974922,0.096334,0.322065,0.40790603
d__dgs30_dgs30__lag035,0.617555,0.345573,0.314805,0.40781988
q__bogz1fr693061105q_nonmmf_ts_reval__lag002,0.990596,0.075338,0.33617,0.40763816
q__bogz1fr693061105q_nonmmmf_ts_reval__lag002,0.990596,0.075338,0.33617,0.40763816
d__dgs30_dgs30__lag025,0.617555,0.341212,0.318429,0.40736472
m__wtisplc_wtisplc__lag008,1.0,0.061156,0.346207,0.40736273
q__gce_gce__lag001,0.990596,0.099527,0.311591,0.4072521
q__bogz1fl884035005q_dom_loan_a__lag008,0.984326,0.117089,0.29663,0.40723421
d__dgs30_dgs30__lag026,0.617555,0.341041,0.318221,0.40713053
d__dgs30_dgs30__lag043,0.617555,0.345938,0.313297,0.40711379
d__anfci_anfci__lag029,0.69279,0.007293,0.580329,0.4070985
d__wtregen_tga__lag065,0.504702,0.427359,0.379041,0.40699157
d__ldgust_tga_fed_alt__lag048,1.0,0.099139,0.307742,0.40688083
d__dgs30_dgs30__lag024,0.617555,0.340246,0.318531,0.40683105
d__dgs30_dgs30__lag017,0.617555,0.340421,0.318339,0.40682034
d__dgs30_dgs30__lag019,0.617555,0.341896,0.316806,0.40678464
d__wtregen_tga_fed__lag085,0.501567,0.484838,0.326161,0.40677085
q__bogz1lm663061105q_brokers_dealers_ts__lag005,0.99373,0.133792,0.275219,0.40644677
q__bogz1fr473061105q_credit_unions_ts_reval__lag007,0.974922,0.212822,0.203934,0.40630509
d__dgs30_dgs30__lag013,0.617555,0.34363,0.314136,0.40620626
m__pcend_pcend__lag004,0.840125,0.042962,0.440401,0.40608564
d__wtregen_tga_fed__lag078,0.504702,0.479262,0.325299,0.40606382
q__bogz1fr213061103q_state_local_gov_ts_reval__lag007,0.974922,0.210559,0.205937,0.40605133
d__wtregen_tga_fed__lag077,0.504702,0.481184,0.323324,0.4060367
d__dgs30_dgs30__lag014,0.617555,0.34339,0.314076,0.4060217
d__dgs30_dgs30__lag020,0.617555,0.339921,0.317542,0.40601934
m__mtso133fms_fedgov_out__lag009,0.564263,0.378134,0.341409,0.40601153
q__bogz1lm153061105q_hhnp_tsy__lag008,0.984326,0.175101,0.237334,0.40597055
q__bogz1lm553061103q_closed_end_funds_ts__lag005,0.99373,0.185245,0.223261,0.40594529
d__dgs30_dgs30__lag029,0.617555,0.34153,0.315803,0.40593913
d__dgs30_dgs30__lag010,0.617555,0.34007,0.316847,0.40568252
d__dgs30_dgs30__lag002,0.617555,0.338774,0.31804,0.40561884
q__ttaatashcbshnncb_nfcb_hc_assets__lag004,0.996865,0.090038,0.316702,0.40546499
m__ppiaco_ppiaco__lag009,1.0,0.047236,0.35816,0.40539549
d__dgs30_dgs30__lag030,0.617555,0.342853,0.313525,0.40534941
d__dgs30_dgs30__lag031,0.617555,0.343031,0.313183,0.4052483
d__wtregen_tga__lag073,0.504702,0.471723,0.331064,0.40516833
d__dgs30_dgs30__lag012,0.617555,0.340315,0.315682,0.4051142
q__bogz1fr543061175q_life_insurance_ts_reval__lag008,0.971787,0.320603,0.096256,0.40509817
q__bogz1fl884135005q_dom_loan_l__lag005,0.99373,0.084099,0.323434,0.40497741
q__iatashcbsnncb_nfcb_hc_inventories__lag007,0.987461,0.10206,0.308047,0.40496511
d__wtregen_tga__lag076,0.504702,0.473284,0.329009,0.40491937
d__wtregen_tga__lag069,0.504702,0.471728,0.33038,0.40482573
d__dgs30_dgs30__lag005,0.617555,0.336703,0.318652,0.40471788
d__wtregen_tga__lag074,0.504702,0.469953,0.331731,0.40461201
d__wtregen_tga__lag064,0.504702,0.425526,0.376134,0.40459966
d__dgs30_dgs30__lag027,0.617555,0.339062,0.315951,0.40450628
q__bogz1lm153061105q_hhnp_tsy__lag002,1.0,0.138332,0.266065,0.40439683
m__tcu_tcu__lag004,0.739812,0.370954,0.175578,0.40433038
d__anfci_anfci__lag030,0.69279,0.009165,0.574357,0.40425804
d__dgs30_dgs30__lag008,0.617555,0.338026,0.316491,0.40420068
d__wtregen_tga__lag075,0.504702,0.469197,0.331528,0.40412769
q__bogz1fl633061105q_mmf_tsy_raw__lag006,0.990596,0.028046,0.379919,0.40412762
q__bogz1fl633061105q_money_market_funds_ts__lag006,0.990596,0.028046,0.379919,0.40412762
q__bogz1fl704035005q_usb_loan_a__lag001,1.0,0.070882,0.3332,0.4040823
q__bogz1fa673061103q_abs_issuers_ts_tx__lag001,0.99373,0.251307,0.155298,0.40405592
q__bogz1fa573061105q_private_pension_ts_tx__lag008,0.971787,0.156744,0.259003,0.40401754
d__ldgust_tga_fed_alt__lag052,1.0,0.102951,0.300999,0.40395078
q__bogz1fr263061130q_row_gov_tsy_reval__lag004,0.984326,0.214968,0.195375,0.40391133
q__bogz1lm343061105q_fed_gov_retirement_ts__lag004,0.996865,0.119172,0.285949,0.40385092
q__bogz1lm343061105q_fed_ret_tsy_total__lag004,0.996865,0.119172,0.285949,0.40385092
d__dgs30_dgs30__lag004,0.617555,0.334217,0.319639,0.40379194
m__dspic96_real_dpi__lag005,0.840125,0.137599,0.342656,0.40347451
d__wtregen_tga_fed__lag065,0.504702,0.427359,0.371852,0.40336327
d__dgs30_dgs30__lag044,0.617555,0.340082,0.312874,0.4032359
q__bogz1fa633061105q_money_market_funds_ts_tx__lag003,0.987461,0.28528,0.12302,0.40318016
d__dgs30_dgs30__lag003,0.617555,0.334841,0.317959,0.40314006
q__rowcpaq027s_row_commercialpaper_flow__lag008,0.971787,0.222261,0.192533,0.4030918
q__bogz1fl543461113q_li_bills__lag006,0.990596,0.148336,0.258515,0.40302557
d__dgs30_dgs30__lag007,0.617555,0.335101,0.317395,0.40295237
m__wpu0561_ppi_crude__lag004,0.990596,0.005868,0.400799,0.40284303
d__dgs30_dgs30__lag009,0.617555,0.334301,0.318003,0.40283381
m__pcend_pcend__lag002,0.84326,0.034345,0.443361,0.40283093
q__bogz1fr693061105q_nonmmf_ts_reval__lag007,0.974922,0.239374,0.173771,0.40278409
q__bogz1fr693061105q_nonmmmf_ts_reval__lag007,0.974922,0.239374,0.173771,0.40278409
m__tcu_tcu__lag010,0.733542,0.384041,0.164938,0.40269974
q__pnfi_priv_nonres_fi__lag006,0.974922,0.090119,0.322773,0.40253777
d__ldgust_tga_fed_alt__lag047,1.0,0.09705,0.305462,0.40251199
d__dgs30_dgs30__lag006,0.617555,0.335449,0.316275,0.40247581
q__bogz1fl543461113q_li_bills__lag003,1.0,0.129861,0.272478,0.40233856
d__dgs30_dgs30__lag028,0.617555,0.336243,0.315061,0.4022156
d__ldgust_tga_fed_alt__lag053,1.0,0.103386,0.298771,0.40215634
d__anfci_anfci__lag027,0.69279,0.006363,0.573673,0.40184276
d__dgs30_dgs30__lag045,0.617555,0.338495,0.312164,0.40181793
d__dgs30_dgs30__lag090,0.61442,0.359688,0.294236,0.40178402
d__ldgust_tga_fed_alt__lag050,1.0,0.098043,0.303696,0.40173944
d__wtregen_tga_fed__lag069,0.504702,0.471728,0.324122,0.40166735
q__tfaabshno_hhnp_tfa__lag003,1.0,0.036694,0.364842,0.40153568
q__tfaabsnncb_nfcb_tfa__lag003,1.0,0.048027,0.353456,0.40148292
q__bogz1fr653061105q_mutual_funds_ts_reval__lag007,0.974922,0.233396,0.178338,0.4014081
d__ldgust_tga_fed_alt__lag056,1.0,0.107107,0.294256,0.40136313
d__wtregen_tga__lag066,0.504702,0.444513,0.35072,0.40135579
m__ipncongd_ipncongd__lag001,0.99373,0.227344,0.176508,0.40131968
q__bogz1fr793061105q_dom_fin_sector_tsy_reval__lag002,0.990596,0.073733,0.331308,0.40123204
q__bogz1fl543061175q_life_insurance_ts__lag006,0.990596,0.116223,0.288795,0.40120883
d__dgs30_dgs30__lag001,0.617555,0.333363,0.316259,0.40117702
q__gce_gce__lag004,0.981191,0.111671,0.297166,0.4011472
q__bogz1fl884035005q_dom_loan_a__lag004,0.996865,0.080287,0.322009,0.40103434
d__wtregen_tga_fed__lag073,0.504702,0.471723,0.322848,0.4010215
d__wtregen_tga_fed__lag064,0.504702,0.425526,0.36892,0.40095864
q__fbtsatq027s_dom_fin_sector_tsy_tx__lag008,0.971787,0.120677,0.291877,0.40091497
d__ldgust_tga_fed_alt__lag051,1.0,0.098719,0.30218,0.40089819
d__wtregen_tga__lag063,0.504702,0.42481,0.369428,0.40085352
q__gce_gce__lag005,0.978056,0.111831,0.297981,0.40081869
m__ppiaco_ppiaco__lag010,1.0,0.045551,0.355228,0.40077888
d__wtregen_tga_fed__lag076,0.504702,0.473284,0.320743,0.40074757
q__a464rc1q027sbea_nfcb_pbt__lag004,0.981191,0.136241,0.27218,0.40073987
m__pcedg_pcedg__lag012,0.833856,0.080337,0.40024,0.40073144
d__dgs30_dgs30__lag089,0.61442,0.356813,0.295295,0.40066843
q__bogz1lm263061110q_row_bills_raw__lag008,0.984326,0.080016,0.32691,0.40054814
q__bogz1lm263061110q_row_bills__lag008,0.984326,0.080016,0.32691,0.40054814
m__srvprd_srvprd__lag009,1.0,0.102019,0.298507,0.40052612
d__wtregen_tga_fed__lag074,0.504702,0.469953,0.32355,0.40048304
m__mich_mich__lag012,0.595611,0.202508,0.469828,0.40045035
q__bogz1lm733061103q_holding_companies_ts__lag004,0.996865,0.013889,0.387623,0.40025321
d__wtregen_tga__lag053,0.504702,0.420139,0.372814,0.40020493
d__wtregen_tga_fed__lag075,0.504702,0.469197,0.323345,0.39999766
m__mich_mich__lag011,0.595611,0.165588,0.505879,0.39993333
d__anfci_anfci__lag035,0.69279,0.01332,0.563914,0.39990187
m__totalsl_totalsl__lag010,1.0,0.057984,0.341772,0.39975658
d__wtregen_tga__lag062,0.504702,0.422449,0.369554,0.39972573
q__iatashcbsnncb_nfcb_hc_inventories__lag008,0.984326,0.095097,0.310939,0.399672
m__pcedg_pcedg__lag007,0.836991,0.012007,0.465198,0.39941648
q__bogz1fl543461113q_li_bills__lag005,0.99373,0.136854,0.264968,0.39930243
d__dexjpus_dexjpus__lag002,0.69279,0.302191,0.273745,0.39900318
d__wtregen_tga__lag054,0.504702,0.415321,0.37508,0.39891718
m__dspic96_real_dpi__lag002,0.84326,0.131558,0.341432,0.39885393
q__bogz1lm102010005q_nfcb_nfassets__lag008,0.984326,0.09813,0.306996,0.39877573
q__bogz1fl313161305q_gov_nonmarketable_ts__lag002,1.0,0.075673,0.32304,0.39871262
q__bogz1lm102010005q_nfcb_nfassets__lag007,0.987461,0.08665,0.317077,0.39866474
d__anfci_anfci__lag040,0.69279,0.019241,0.556156,0.39862943
q__b639rg3q086sbea_exp_ind_pi__lag001,0.739812,0.064357,0.474363,0.39855122
q__gce_gce__lag003,0.984326,0.106729,0.29813,0.39851315
d__dgs30_dgs30__lag057,0.61442,0.33981,0.308768,0.39849919
m__dpsfrim027sbog_row_deposits__lag003,0.667712,0.111686,0.485057,0.3984524
q__ttaatashcbshnncb_nfcb_hc_assets__lag003,1.0,0.083447,0.314971,0.39841793
d__dexjpus_dexjpus__lag003,0.69279,0.301407,0.27345,0.39825502
d__dgs30_dgs30__lag087,0.61442,0.350356,0.29778,0.39822764
m__pcend_pcend__lag003,0.84326,0.038576,0.433537,0.39811376
q__bogz1lm543061115q_li_bills__lag007,0.987461,0.145382,0.257743,0.39807013
q__bogz1fl543461113q_li_bills__lag004,0.996865,0.127186,0.271884,0.39781971
q__bogz1fr473061105q_credit_unions_ts_reval__lag003,0.987461,0.215515,0.187288,0.39775227
q__gce_gce__lag002,0.987461,0.103717,0.299047,0.39771411
q__bogz1fr733061103q_holding_companies_ts_reval__lag007,0.974922,0.183069,0.224872,0.39771065
q__bogz1fl884035005q_dom_loan_a__lag007,0.987461,0.106903,0.295834,0.39768665
q__pcesv_pcesv__lag006,0.974922,0.089572,0.318292,0.39763484
q__bogz1fr403061105q_gses_ts_reval__lag002,0.990596,0.009669,0.391724,0.39761893
d__wtregen_tga_fed__lag066,0.504702,0.444513,0.343298,0.39761019
d__dgs30_dgs30__lag046,0.61442,0.336264,0.310795,0.3975661
d__wtregen_tga__lag059,0.504702,0.421064,0.366619,0.39754512
q__bogz1fl264135005a_row_loans_l__lag001,1.0,0.06946,0.328017,0.39747632
d__wtregen_tga__lag061,0.504702,0.421658,0.365813,0.39743821
m__mcumfn_caputil_man__lag008,0.673981,0.416504,0.173102,0.39738311
d__wtregen_tga_fed__lag063,0.504702,0.42481,0.362242,0.39722673
q__rowsllq027s_row_stloan_l__lag001,1.0,0.076151,0.320943,0.39709355
d__dgs30_dgs30__lag056,0.61442,0.337351,0.30874,0.39697148
m__uempmean_uempmean__lag002,0.981191,0.226575,0.177715,0.3966858
d__dgs30_dgs30__lag084,0.61442,0.344573,0.300979,0.39664004
m__tcu_tcu__lag003,0.742947,0.366316,0.167546,0.39663064
m__awhman_awhman__lag003,1.0,0.031783,0.364804,0.396587
d__wtregen_tga_fed__lag053,0.504702,0.420139,0.36548,0.39650359
q__bogz1fr383061105q_dom_nonfin_sector_tsy_reval__lag005,0.981191,0.246579,0.157361,0.39634237
d__dgs30_dgs30__lag058,0.61442,0.335766,0.309148,0.39624758
d__dexjpus_dexjpus__lag001,0.69279,0.29847,0.273477,0.39623931
q__bogz1lm213061103q_state_local_gov_ts__lag002,1.0,0.025519,0.370712,0.39623135
d__wtregen_tga_fed__lag062,0.504702,0.422449,0.362419,0.39612427
q__bogz1fl543461113q_li_bills__lag007,0.987461,0.1499,0.251078,0.39594992
q__bogz1fr653061105q_mutual_funds_ts_reval__lag002,0.990596,0.054473,0.345179,0.39589395
d__dgs30_dgs30__lag083,0.61442,0.343402,0.300821,0.39582356
d__dgs30_dgs30__lag088,0.61442,0.347765,0.296245,0.39569274
d__totbkcr_totbkcr__lag001,0.667712,0.086649,0.505961,0.39569228
d__wtregen_tga__lag052,0.504702,0.430229,0.353764,0.39568313
d__dgs30_dgs30__lag069,0.61442,0.338458,0.305417,0.39560971
q__iatashcbsnncb_nfcb_hc_inventories__lag001,1.0,0.037014,0.358543,0.39555628
q__bogz1fl503061123q_ccps_ts__lag001,1.0,0.103057,0.292495,0.39555167
d__dexjpus_dexjpus__lag007,0.69279,0.297598,0.273307,0.39551723
d__totbkcr_totbkcr__lag007,0.667712,0.086128,0.506112,0.39544538
d__wtregen_tga__lag057,0.504702,0.410049,0.37342,0.39541853
d__dgs30_dgs30__lag070,0.61442,0.33974,0.303735,0.39536413
d__anfci_anfci__lag026,0.69279,0.007643,0.562925,0.39528378
q__bogz1fr563061103q_etfs_ts_reval__lag001,0.99373,0.028186,0.369588,0.39527958
d__wtregen_tga_fed__lag054,0.504702,0.415321,0.367795,0.39524044
d__dgs30_dgs30__lag054,0.61442,0.332862,0.310378,0.39521987
d__totbkcr_totbkcr__lag002,0.667712,0.086749,0.505123,0.39519947
q__bogz1fr263061130q_row_gov_tsy_reval__lag002,0.990596,0.073849,0.325083,0.39518041
q__gce_gce__lag006,0.974922,0.108293,0.297041,0.39516965
d__dgs30_dgs30__lag081,0.61442,0.341886,0.301268,0.3951663
d__dexjpus_dexjpus__lag008,0.69279,0.30195,0.268434,0.39515668
d__dgs30_dgs30__lag082,0.61442,0.342555,0.300575,0.39515174
d__anfci_anfci__lag034,0.69279,0.014524,0.555628,0.39499561
d__dgs30_dgs30__lag060,0.61442,0.334137,0.308719,0.39498352
d__dgs30_dgs30__lag085,0.61442,0.343137,0.299702,0.39497333
d__totbkcr_totbkcr__lag006,0.667712,0.086113,0.505419,0.39497272
q__bogz1fr213061103q_state_local_gov_ts_reval__lag002,0.990596,0.07471,0.323948,0.39490899
d__dgs30_dgs30__lag073,0.61442,0.339972,0.302732,0.39489058
m__totalsl_totalsl__lag008,1.0,0.047031,0.347844,0.39487535
d__dgs30_dgs30__lag048,0.61442,0.333474,0.309107,0.39481447
d__dexjpus_dexjpus__lag004,0.69279,0.296313,0.273524,0.39477768
d__dgs30_dgs30__lag071,0.61442,0.339417,0.302973,0.39469776
d__dgs30_dgs30__lag068,0.61442,0.337125,0.30525,0.39468793
d__totbkcr_totbkcr__lag005,0.667712,0.085892,0.504949,0.39451113
d__wtregen_tga__lag068,0.504702,0.4611,0.320569,0.39450979
d__wtregen_tga_fed__lag068,0.504702,0.4611,0.320569,0.39450979
d__anfci_anfci__lag036,0.69279,0.013419,0.555988,0.39447945
d__dgs30_dgs30__lag086,0.61442,0.34376,0.298119,0.39438322
d__dgs30_dgs30__lag066,0.61442,0.33718,0.304631,0.39434189
q__bogz1fa573061143q_private_db_pension_ts_tx__lag006,0.978056,0.232707,0.170424,0.39428486
d__totbkcr_totbkcr__lag004,0.667712,0.085829,0.504603,0.39423817
d__ldgust_tga_fed_alt__lag057,1.0,0.102106,0.292094,0.39420048
d__dgs30_dgs30__lag065,0.61442,0.336198,0.305341,0.39417449
m__pcedg_pcedg__lag010,0.833856,0.056778,0.415878,0.39412748
d__dexjpus_dexjpus__lag024,0.69279,0.30889,0.259984,0.39410992
d__dgs30_dgs30__lag080,0.61442,0.340856,0.300406,0.39400439
d__dgs30_dgs30__lag077,0.61442,0.339849,0.301395,0.39399321
d__wtregen_tga_fed__lag059,0.504702,0.421064,0.359464,0.39393415
d__totbkcr_totbkcr__lag014,0.667712,0.08653,0.503444,0.39393208
d__wtregen_tga_fed__lag061,0.504702,0.421658,0.358656,0.39382615
d__totbkcr_totbkcr__lag003,0.667712,0.086468,0.503342,0.39382269
d__dgs30_dgs30__lag074,0.61442,0.338005,0.302798,0.3937223
q__bogz1fl543461113q_li_bills__lag002,1.0,0.127398,0.266279,0.39367711
q__bogz1fr763061100q_usb_tsy_oth_reval__lag002,0.990596,0.06235,0.335043,0.39365624
d__wtregen_tga__lag058,0.504702,0.412014,0.367834,0.39359094
d__wtregen_tga__lag060,0.504702,0.422162,0.357623,0.39355958
d__dgs30_dgs30__lag055,0.61442,0.331403,0.308827,0.39337025
d__anfci_anfci__lag039,0.69279,0.016014,0.551776,0.3933589
q__bogz1fl884135005q_dom_loan_l__lag007,0.987461,0.104287,0.294021,0.39331364
m__ipman_ipman__lag011,0.670846,0.250235,0.336019,0.39328669
m__ipman_ipman__lag012,0.670846,0.279927,0.306297,0.39326635
d__totbkcr_totbkcr__lag008,0.667712,0.085912,0.503062,0.39326433
d__dexjpus_dexjpus__lag005,0.69279,0.294984,0.272624,0.39323339
d__totbkcr_totbkcr__lag013,0.667712,0.086367,0.502531,0.39321399
q__bogz1fl262051003q_row_rrp__lag002,1.0,0.098128,0.294904,0.39303222
d__dexjpus_dexjpus__lag010,0.69279,0.299076,0.26823,0.39302411
d__dgs30_dgs30__lag061,0.61442,0.332204,0.30746,0.39302224
d__wtregen_tga__lag051,0.504702,0.427597,0.351054,0.39298685
d__dgs30_dgs30__lag047,0.61442,0.328718,0.310843,0.39295888
d__ldgust_tga_fed_alt__lag058,1.0,0.100336,0.292513,0.39284909
q__bogz1fl704141005q_usb_stloan_l__lag003,1.0,0.03054,0.362298,0.39283794
d__totbkcr_totbkcr__lag009,0.667712,0.085717,0.502551,0.39279348
q__bogz1lm543061115q_li_bills__lag008,0.984326,0.123876,0.275054,0.39267704
d__dgs30_dgs30__lag067,0.61442,0.334593,0.304492,0.39266662
d__dgs30_dgs30__lag078,0.61442,0.337646,0.301301,0.39258192
d__dgs30_dgs30__lag072,0.61442,0.337276,0.301615,0.3925473
d__totbkcr_totbkcr__lag012,0.667712,0.086165,0.501706,0.39252838
d__totbkcr_totbkcr__lag021,0.667712,0.088091,0.499767,0.39251983
d__anfci_anfci__lag038,0.69279,0.015233,0.551198,0.39241779
d__dexjpus_dexjpus__lag006,0.69279,0.294451,0.271969,0.39240985
d__ldgust_tga_fed_alt__lag055,1.0,0.098141,0.294256,0.39239714
d__totbkcr_totbkcr__lag016,0.667712,0.086984,0.500684,0.39239314
q__bogz1lm543061115q_li_bills__lag005,0.99373,0.157302,0.237532,0.3923594
d__wtregen_tga__lag067,0.504702,0.458958,0.318362,0.39231539
d__wtregen_tga_fed__lag067,0.504702,0.458958,0.318362,0.39231539
d__dgs30_dgs30__lag075,0.61442,0.337447,0.301063,0.3923137
m__ipmat_ipmat__lag001,1.0,0.072041,0.32024,0.39228106
d__dgs30_dgs30__lag062,0.61442,0.330986,0.307207,0.39211883
m__totalsl_totalsl__lag009,1.0,0.051274,0.340829,0.39210295
m__mich_mich__lag010,0.595611,0.213181,0.445105,0.39208246
d__totbkcr_totbkcr__lag015,0.667712,0.086719,0.500473,0.39207513
d__wtregen_tga__lag050,0.504702,0.422258,0.354572,0.39206763
q__iatashcbsnncb_nfcb_hc_inventories__lag006,0.990596,0.08374,0.312049,0.39206635
q__rowcpaq027s_row_commercialpaper_flow__lag002,0.990596,0.229992,0.1657,0.39197019
d__totbkcr_totbkcr__lag010,0.667712,0.086108,0.500876,0.39193624
d__totbkcr_totbkcr__lag011,0.667712,0.085756,0.501199,0.39191651
d__wtregen_tga_fed__lag052,0.504702,0.430229,0.3463,0.39191612
d__dgs30_dgs30__lag076,0.61442,0.337032,0.300745,0.39186343
d__totbkcr_totbkcr__lag022,0.667712,0.087753,0.499083,0.39183737
d__dexjpus_dexjpus__lag009,0.69279,0.29876,0.266766,0.39179096
d__totbkcr_totbkcr__lag017,0.667712,0.08683,0.49988,0.39175346
d__wtregen_tga_fed__lag057,0.504702,0.410049,0.366114,0.39173151
d__totbkcr_totbkcr__lag020,0.667712,0.087896,0.498743,0.3917062
d__dgs30_dgs30__lag079,0.61442,0.336784,0.30069,0.39167693
m__iputil_iputil__lag001,1.0,0.113957,0.277668,0.39162477
d__dexjpus_dexjpus__lag025,0.69279,0.312693,0.252526,0.39157835
q__bogz1fl543061175q_life_insurance_ts__lag008,0.984326,0.080734,0.316734,0.39123785
d__wtregen_tga__lag055,0.504702,0.408827,0.366326,0.39122124
d__totbkcr_totbkcr__lag019,0.667712,0.087582,0.498263,0.39117526
d__totbkcr_totbkcr__lag023,0.667712,0.087381,0.498429,0.39115182
q__b456rc1q027sbea_nfcb_cfc__lag008,0.968652,0.093497,0.310292,0.39113147
d__wtregen_tga__lag049,0.504702,0.422549,0.352397,0.39111733
d__totbkcr_totbkcr__lag018,0.667712,0.087622,0.498104,0.39109575
d__totbkcr_totbkcr__lag025,0.667712,0.087414,0.497855,0.3907911
q__ttaatashcbshnncb_nfcb_hc_assets__lag002,1.0,0.076036,0.314724,0.39076007
d__totbkcr_totbkcr__lag024,0.667712,0.087784,0.497416,0.39074442
q__bogz1fr103061103q_nfcb_tsy_reval__lag007,0.974922,0.204204,0.196581,0.39073405
q__bogz1fa105019005q_nfcb_gfi__lag006,0.978056,0.077478,0.321971,0.39068304
d__totbkcr_totbkcr__lag028,0.667712,0.087657,0.497395,0.39064628
q__bogz1fl264135005q_row_loans_l__lag008,0.984326,0.100512,0.296179,0.39047333
q__bogz1fl264135005a_row_loans_l__lag008,0.99373,0.089117,0.303742,0.39039587
q__fgtsl_fgtsl__lag004,0.996865,0.04926,0.342359,0.39039198
d__totbkcr_totbkcr__lag027,0.667712,0.08764,0.496819,0.39024977
d__ldgust_tga_fed_alt__lag054,1.0,0.097371,0.292836,0.39020721
d__wtregen_tga__lag048,0.504702,0.422035,0.351087,0.39019632
q__gdp_gdp__lag008,0.968652,0.087206,0.315572,0.39015244
d__dgs30_dgs30__lag059,0.61442,0.326372,0.308457,0.39005173
d__ldgust_tga_fed_alt__lag087,1.0,0.098767,0.291278,0.39004528
q__bogz1fr713061103q_cb_tsy_reval__lag002,0.990596,0.072689,0.321023,0.39000919
d__wtregen_tga_fed__lag058,0.504702,0.412014,0.360613,0.38994656
d__totbkcr_totbkcr__lag026,0.667712,0.087405,0.496581,0.38993393
d__wtregen_tga_fed__lag060,0.504702,0.422162,0.3504,0.38991407
q__bogz1fr743061103q_usb_tsy_dom_reval__lag002,0.990596,0.077143,0.316463,0.38990425
d__totbkcr_totbkcr__lag029,0.667712,0.087699,0.496171,0.3898571
d__ldgust_tga_fed_alt__lag086,1.0,0.096855,0.292962,0.38981694
d__wtregen_tga__lag046,0.504702,0.423396,0.348945,0.38980247
q__ib0000043q086sbea_imp_ind_pi__lag007,0.717868,0.047798,0.495046,0.38969061
d__wtregen_tga__lag047,0.504702,0.421755,0.350155,0.38958456
d__wtregen_tga__lag056,0.504702,0.409623,0.362277,0.38957939
d__dgs30_dgs30__lag064,0.61442,0.329473,0.304498,0.38952446
d__dgs30_dgs30__lag063,0.61442,0.327833,0.305935,0.38939973
m__tcu_tcu__lag002,0.742947,0.365203,0.15892,0.38939571
q__bogz1lm553061103q_closed_end_funds_ts__lag007,0.987461,0.180378,0.213922,0.38935593
d__dexjpus_dexjpus__lag023,0.69279,0.306154,0.255851,0.38935148
m__pcedg_pcedg__lag011,0.833856,0.043414,0.423406,0.38926064
m__dpsfrim027sbog_row_deposits__lag004,0.664577,0.106489,0.479185,0.38922522
d__wtregen_tga_fed__lag051,0.504702,0.427597,0.343543,0.38919609
q__bogz1fa263061145q_row_priv_tsy_tx__lag005,0.981191,0.100267,0.296203,0.38901283
q__bogz1fl264035005q_row_loans_a__lag001,1.0,0.028367,0.360576,0.38894316
d__dgs30_dgs30__lag049,0.61442,0.325508,0.307373,0.38885516
d__totbkcr_totbkcr__lag030,0.667712,0.087158,0.495154,0.38881659
q__gce_gce__lag007,0.971787,0.105489,0.294593,0.38879451
q__bogz1fr663061165q_brokers_dealers_long_ts_reval__lag003,0.987461,0.205852,0.187849,0.38876452
m__srvprd_srvprd__lag008,1.0,0.088844,0.299892,0.38873575
q__bogz1fr743061103q_usb_tsy_dom_reval__lag007,0.974922,0.207133,0.19147,0.38860752
d__dexjpus_dexjpus__lag021,0.69279,0.308789,0.251946,0.38847133
d__anfci_anfci__lag037,0.69279,0.014791,0.545879,0.38842634
d__dexjpus_dexjpus__lag020,0.69279,0.307758,0.252892,0.38841284
d__ldgust_tga_fed_alt__lag071,1.0,0.098546,0.289852,0.38839812
q__bogz1fl884035005q_dom_loan_a__lag006,0.990596,0.097539,0.294353,0.3882062
d__wtregen_tga_fed__lag050,0.504702,0.422258,0.34691,0.38820066
q__bogz1fa653061113q_mutf_bills_tx__lag007,0.974922,0.127329,0.270835,0.38817843
q__tfaabsnncb_nfcb_tfa__lag004,0.996865,0.051227,0.337938,0.38794451
m__srvprd_srvprd__lag003,1.0,0.089371,0.298448,0.38781976
d__ldgust_tga_fed_alt__lag084,1.0,0.092411,0.295383,0.38779412
d__dgs6mo_dgs6mo__lag004,0.561129,0.40899,0.282025,0.3877486
d__totbkcr_totbkcr__lag033,0.667712,0.08721,0.493434,0.38770268
d__totbkcr_totbkcr__lag035,0.667712,0.087426,0.493169,0.38766985
d__totbkcr_totbkcr__lag031,0.667712,0.087174,0.493335,0.38761285
q__b456rc1q027sbea_nfcb_cfc__lag007,0.971787,0.089486,0.309363,0.38759675
d__totbkcr_totbkcr__lag034,0.667712,0.087401,0.493041,0.38756754
d__wtregen_tga_fed__lag055,0.504702,0.408827,0.359076,0.38756218
d__totbkcr_totbkcr__lag032,0.667712,0.087135,0.493243,0.38752574
d__totbkcr_totbkcr__lag036,0.667712,0.087235,0.493121,0.3875107
m__ipmat_ipmat__lag010,1.0,0.045912,0.341545,0.3874563
d__dgs30_dgs30__lag050,0.61442,0.322664,0.307873,0.38741429
d__dgs6mo_dgs6mo__lag001,0.561129,0.409854,0.280518,0.38738751
d__dgs6mo_dgs6mo__lag002,0.561129,0.409632,0.280735,0.38738443
q__gce_gce__lag008,0.968652,0.105769,0.294147,0.38737904
d__dgs6mo_dgs6mo__lag003,0.561129,0.408752,0.281464,0.38729996
d__dgs30_dgs30__lag053,0.61442,0.320487,0.309781,0.38724952
d__dexjpus_dexjpus__lag014,0.69279,0.301807,0.257129,0.38722567
m__tcu_tcu__lag011,0.733542,0.356478,0.17137,0.38719898
q__tfaabshno_hhnp_tfa__lag007,0.987461,0.038583,0.353438,0.38710565
d__dexjpus_dexjpus__lag018,0.69279,0.307779,0.250918,0.38706009
d__dgs6mo_dgs6mo__lag005,0.561129,0.408088,0.281593,0.38699954
d__totbkcr_totbkcr__lag037,0.667712,0.086965,0.492585,0.38697189
d__totbkcr_totbkcr__lag042,0.667712,0.087998,0.49151,0.38694385
q__bogz1fl884035005q_dom_loan_a__lag005,0.99373,0.091968,0.297355,0.38688205
m__ipmat_ipmat__lag012,1.0,0.046316,0.340417,0.38673295
d__dgs6mo_dgs6mo__lag007,0.561129,0.408757,0.280387,0.38669832
q__bogz1lm543061115q_li_bills__lag004,0.996865,0.151515,0.236325,0.38662438
q__bogz1fr343061165q_fed_gov_db_retirement_ts_reval__lag001,0.99373,0.038217,0.350796,0.38657463
d__totbkcr_totbkcr__lag043,0.667712,0.088106,0.490831,0.38656273
q__rowceaq027s_row_corpequities_flow__lag001,0.99373,0.280529,0.108418,0.38650809
d__totbkcr_totbkcr__lag050,0.667712,0.088559,0.490242,0.38647241
q__gdpc1_real_gdp__lag005,0.978056,0.07995,0.315188,0.38646762
q__bogz1fr473061105q_credit_unions_ts_reval__lag002,0.990596,0.072522,0.317576,0.38643004
d__dgs6mo_dgs6mo__lag013,0.561129,0.406518,0.282145,0.38642892
d__anfci_anfci__lag024,0.69279,0.003436,0.554346,0.38642553
d__dexjpus_dexjpus__lag013,0.69279,0.298718,0.258945,0.3863431
d__totbkcr_totbkcr__lag041,0.667712,0.087748,0.490764,0.3862791
d__dexjpus_dexjpus__lag011,0.69279,0.300585,0.256949,0.386254
d__totbkcr_totbkcr__lag049,0.667712,0.088603,0.489845,0.38623648
m__totalsl_totalsl__lag012,1.0,0.066407,0.31978,0.38618708
q__bogz1fr223061143q_state_local_db_retirement_ts_reval__lag002,0.990596,0.075232,0.314554,0.38612048
d__totbkcr_totbkcr__lag038,0.667712,0.087302,0.490817,0.38601721
q__rowmslq027s_row_muni_flow__lag007,0.974922,0.112192,0.283753,0.38601537
d__dgs6mo_dgs6mo__lag008,0.561129,0.408702,0.279212,0.38600839
d__totbkcr_totbkcr__lag040,0.667712,0.087657,0.490397,0.38597332
d__dgs6mo_dgs6mo__lag010,0.561129,0.407151,0.280646,0.38594253
d__wtregen_tga_fed__lag056,0.504702,0.409623,0.354998,0.38590588
d__totbkcr_totbkcr__lag044,0.667712,0.087929,0.49001,0.38589719
d__ldgust_tga_fed_alt__lag088,1.0,0.095429,0.290464,0.3858923
d__dgs6mo_dgs6mo__lag006,0.561129,0.40788,0.279802,0.38587808
d__totbkcr_totbkcr__lag039,0.667712,0.087369,0.490522,0.38586425
d__anfci_anfci__lag025,0.69279,0.002907,0.554009,0.38582584
d__totbkcr_totbkcr__lag051,0.667712,0.088169,0.489618,0.38579481
d__totbkcr_totbkcr__lag048,0.667712,0.088511,0.489172,0.38572572
q__gdp_gdp__lag007,0.971787,0.081299,0.315618,0.38571845
d__dgs6mo_dgs6mo__lag014,0.561129,0.406329,0.280907,0.38562777
d__ldgust_tga_fed_alt__lag059,1.0,0.090491,0.295133,0.38562348
d__dexjpus_dexjpus__lag022,0.69279,0.305232,0.251234,0.38551412
d__dgs6mo_dgs6mo__lag011,0.561129,0.407641,0.279187,0.38539838
m__ipmat_ipmat__lag011,1.0,0.044904,0.340459,0.38536275
d__totbkcr_totbkcr__lag045,0.667712,0.088094,0.488936,0.38528962
q__w260rc1q027sbea_gdi_netopsurp_privent__lag001,0.990596,0.029671,0.359184,0.38519812
d__totbkcr_totbkcr__lag056,0.667712,0.088432,0.488275,0.38507366
d__totbkcr_totbkcr__lag046,0.667712,0.088085,0.488581,0.38504676
d__totbkcr_totbkcr__lag055,0.667712,0.088452,0.488165,0.38501367
d__totbkcr_totbkcr__lag047,0.667712,0.088229,0.488376,0.385006
q__dividend_dividend__lag006,0.974922,0.031928,0.362936,0.38496184
d__dexjpus_dexjpus__lag017,0.69279,0.302792,0.252756,0.38487847
d__totbkcr_totbkcr__lag052,0.667712,0.088177,0.48821,0.38486034
d__wtregen_tga__lag045,0.504702,0.427949,0.33457,0.38484486
d__ldgust_tga_fed_alt__lag090,1.0,0.093999,0.290829,0.38482823
q__bogz1fa223061143q_state_local_db_retirement_ts_tx__lag007,0.974922,0.159656,0.234936,0.38469597
d__dgs30_dgs30__lag051,0.61442,0.318181,0.307917,0.38468734
d__totbkcr_totbkcr__lag057,0.667712,0.08846,0.487643,0.38467062
q__a4102c1q027sbea_gdi_wages__lag008,0.968652,0.086969,0.310101,0.38462308
d__totbkcr_totbkcr__lag053,0.667712,0.088396,0.48763,0.38461913
q__ttaatashcbshnncb_nfcb_hc_assets__lag001,1.0,0.070791,0.313825,0.38461592
d__totbkcr_totbkcr__lag054,0.667712,0.088369,0.487467,0.38449219
d__ldgust_tga_fed_alt__lag072,1.0,0.094548,0.289908,0.38445565
d__dexjpus_dexjpus__lag016,0.69279,0.304154,0.250776,0.3844495
m__tcu_tcu__lag001,0.742947,0.318601,0.198687,0.38431779
q__bogz1lm663061105q_brokers_dealers_ts__lag007,0.987461,0.156344,0.23266,0.38412667
m__ppiaco_ppiaco__lag011,1.0,0.045258,0.338789,0.38404713
d__ldgust_tga_fed_alt__lag082,1.0,0.089027,0.294965,0.38399269
q__bogz1fl892050005q_all_ffrepo__lag002,1.0,0.050937,0.333013,0.38394962
q__gsave_gsave__lag006,0.974922,0.051398,0.342377,0.38389997
d__dgs6mo_dgs6mo__lag016,0.561129,0.406576,0.277485,0.38384622
q__rowsllq027s_row_stloan_l__lag006,0.990596,0.108688,0.278731,0.3837753
q__bogz1fl543461113q_li_bills__lag008,0.984326,0.141209,0.248463,0.3835645
d__dgs6mo_dgs6mo__lag012,0.561129,0.404724,0.278701,0.38348969
d__anfci_anfci__lag021,0.69279,0.00132,0.552146,0.38343519
d__ldgust_tga_fed_alt__lag083,1.0,0.088597,0.294679,0.38327566
d__totbkcr_totbkcr__lag058,0.667712,0.087753,0.486206,0.38323897
q__bogz1fa763061100q_usb_tsy_oth_tx__lag006,0.978056,0.098704,0.293048,0.38315562
d__dgs6mo_dgs6mo__lag009,0.561129,0.404998,0.277815,0.38314592
m__srvprd_srvprd__lag006,1.0,0.09253,0.290605,0.38313523
q__bogz1lm213061103q_state_local_gov_ts__lag003,1.0,0.051575,0.331506,0.38308068
d__ldgust_tga_fed_alt__lag077,1.0,0.087205,0.29581,0.38301483
d__dgs6mo_dgs6mo__lag015,0.561129,0.405907,0.276672,0.38301411
d__ldgust_tga_fed_alt__lag073,1.0,0.093115,0.289852,0.38296755
d__dexjpus_dexjpus__lag012,0.69279,0.299632,0.253124,0.38294372
d__dgs30_dgs30__lag052,0.61442,0.314997,0.308223,0.38291891
m__uspriv_uspriv__lag012,1.0,0.073813,0.30907,0.382883
q__bogz1fl663061165q_brokers_dealers_long_ts__lag002,1.0,0.088295,0.294468,0.3827624
d__dgs6mo_dgs6mo__lag018,0.561129,0.407126,0.274795,0.38264545
d__dexjpus_dexjpus__lag026,0.69279,0.307663,0.244543,0.38256296
q__a091rc1q027sbea_gov_interest_payments__lag008,0.968652,0.124364,0.270539,0.38252335
q__a091rc1q027sbea_fedgov_int__lag008,0.968652,0.124364,0.270539,0.38252335
d__ldgust_tga_fed_alt__lag089,1.0,0.093142,0.289311,0.38245321
m__srvprd_srvprd__lag002,1.0,0.083181,0.299239,0.38241918
d__dexjpus_dexjpus__lag019,0.69279,0.303778,0.248013,0.38227486
d__totbkcr_totbkcr__lag059,0.667712,0.087541,0.484973,0.38227401
d__totbkcr_totbkcr__lag078,0.667712,0.088015,0.484428,0.38222693
d__ldgust_tga_fed_alt__lag075,1.0,0.088089,0.294126,0.38221461
d__totbkcr_totbkcr__lag085,0.667712,0.088372,0.483989,0.38217221
d__totbkcr_totbkcr__lag077,0.667712,0.088242,0.484109,0.38216506
d__totbkcr_totbkcr__lag064,0.667712,0.087427,0.484914,0.38215906
d__totbkcr_totbkcr__lag063,0.667712,0.087679,0.484635,0.38214044
q__tfaabshno_hhnp_tfa__lag004,0.996865,0.02985,0.35347,0.38211845
d__ldgust_tga_fed_alt__lag076,1.0,0.088371,0.293729,0.38210022
d__ldgust_tga_fed_alt__lag085,1.0,0.091681,0.290322,0.3820037
d__dgs6mo_dgs6mo__lag020,0.561129,0.406497,0.274138,0.38192349
q__bogz1fl884135005q_dom_loan_l__lag006,0.990596,0.092351,0.293154,0.38187975
d__totbkcr_totbkcr__lag086,0.667712,0.088206,0.483706,0.38187186
d__dgs6mo_dgs6mo__lag017,0.561129,0.405464,0.275011,0.38183434
d__anfci_anfci__lag022,0.69279,0.000266,0.550873,0.38182407
d__totbkcr_totbkcr__lag084,0.667712,0.088225,0.483543,0.38177624
d__dgs6mo_dgs6mo__lag021,0.561129,0.407284,0.273082,0.38177285
d__totbkcr_totbkcr__lag061,0.667712,0.087556,0.484164,0.38174411
d__anfci_anfci__lag023,0.69279,0.002523,0.548494,0.38173937
d__ldgust_tga_fed_alt__lag078,1.0,0.086622,0.295079,0.38170112
d__dexjpus_dexjpus__lag015,0.69279,0.305058,0.245862,0.38167185
d__totbkcr_totbkcr__lag062,0.667712,0.08752,0.484091,0.38167161
d__wtregen_tga_fed__lag049,0.504702,0.421122,0.335074,0.3816536
d__dexjpus_dexjpus__lag027,0.69279,0.307243,0.243618,0.38163143
d__totbkcr_totbkcr__lag060,0.667712,0.087567,0.483897,0.38157263
d__totbkcr_totbkcr__lag079,0.667712,0.087406,0.48396,0.38150768
d__totbkcr_totbkcr__lag071,0.667712,0.087442,0.483902,0.38149306
q__bogz1fr733061103q_holding_companies_ts_reval__lag002,0.990596,0.080752,0.304346,0.38147598
q__fgrecpt_fgrecpt__lag003,0.984326,0.043808,0.343664,0.38139891
d__totbkcr_totbkcr__lag087,0.667712,0.088674,0.482494,0.38137555
m__totalsl_totalsl__lag011,1.0,0.062146,0.319221,0.38136757
q__bogz1lm105020015q_nfcb_inventories__lag002,1.0,0.010136,0.37117,0.38130613
d__ldgust_tga_fed_alt__lag081,1.0,0.086992,0.294218,0.38120988
q__cbi_cbi__lag003,0.984326,0.236172,0.151107,0.38120926
d__totbkcr_totbkcr__lag065,0.667712,0.086847,0.483931,0.38111489
d__totbkcr_totbkcr__lag070,0.667712,0.087615,0.483136,0.38109739
d__totbkcr_totbkcr__lag072,0.667712,0.087155,0.48354,0.38105972
q__b456rc1q027sbea_nfcb_cfc__lag006,0.974922,0.082237,0.308617,0.3810513
d__totbkcr_totbkcr__lag076,0.667712,0.087781,0.482853,0.38101946
d__ldgust_tga_fed_alt__lag074,1.0,0.09109,0.289852,0.38094268
d__wtregen_tga__lag040,0.504702,0.425371,0.329399,0.38093439
d__dgs6mo_dgs6mo__lag019,0.561129,0.405874,0.272844,0.38084755
d__totbkcr_totbkcr__lag083,0.667712,0.087836,0.482536,0.38084401
q__a024rc1q027sbea_cfc__lag008,0.968652,0.087551,0.305576,0.38080293
d__totbkcr_totbkcr__lag073,0.667712,0.087189,0.483102,0.38079042
d__totbkcr_totbkcr__lag080,0.667712,0.087465,0.482797,0.3807705
d__anfci_anfci__lag020,0.69279,0.003562,0.54605,0.38076604
d__wtregen_tga_fed__lag048,0.504702,0.420614,0.333786,0.38074745
q__bogz1fr513061105q_pc_insurance_ts_reval__lag004,0.984326,0.235126,0.151665,0.38072817
d__totbkcr_totbkcr__lag088,0.667712,0.088862,0.481314,0.38071299
d__totbkcr_totbkcr__lag066,0.667712,0.086914,0.483071,0.38058592
d__totbkcr_totbkcr__lag069,0.667712,0.087408,0.48257,0.38058102
q__b093rc1q027sbea_gov_int_row__lag005,0.978056,0.091637,0.297404,0.38050407
d__ldgust_tga_fed_alt__lag068,1.0,0.090614,0.289852,0.38046631
d__dgs6mo_dgs6mo__lag023,0.561129,0.404317,0.273715,0.38046312
d__ldgust_tga_fed_alt__lag070,1.0,0.090554,0.289852,0.38040644
d__totbkcr_totbkcr__lag082,0.667712,0.087694,0.481959,0.38036349
d__totbkcr_totbkcr__lag081,0.667712,0.087586,0.482058,0.3803575
d__wtregen_tga_fed__lag046,0.504702,0.421964,0.331577,0.38031359
d__totbkcr_totbkcr__lag075,0.667712,0.087702,0.481862,0.38030414
d__totbkcr_totbkcr__lag074,0.667712,0.087597,0.481802,0.38019421
d__dgs6mo_dgs6mo__lag024,0.561129,0.404695,0.272844,0.38018678
q__a4102c1q027sbea_gdi_wages__lag007,0.971787,0.079778,0.311425,0.38016628
d__totbkcr_totbkcr__lag067,0.667712,0.087209,0.482121,0.38014807
d__dexjpus_dexjpus__lag029,0.69279,0.308312,0.240343,0.38010259
d__wtregen_tga_fed__lag047,0.504702,0.420327,0.33279,0.38009971
d__totbkcr_totbkcr__lag068,0.667712,0.087232,0.482002,0.38008353
q__bogz1fl383061105q_dom_nonfin_sector_tsy__lag005,0.99373,0.135607,0.246678,0.3798881
d__dgs6mo_dgs6mo__lag022,0.561129,0.404708,0.272138,0.37979739
d__dexjpus_dexjpus__lag030,0.69279,0.308487,0.239516,0.37965136
q__bogz1fa473061105q_credit_unions_ts_tx__lag006,0.978056,0.02351,0.364615,0.37960805
d__dgs6mo_dgs6mo__lag025,0.561129,0.404392,0.272101,0.37959949
d__wtregen_tga__lag039,0.504702,0.427282,0.324622,0.37948806
m__fedfunds_fed_funds__lag010,0.890282,0.22958,0.196672,0.37948455
d__totbkcr_totbkcr__lag090,0.664577,0.08884,0.48213,0.37945352
d__dexjpus_dexjpus__lag028,0.69279,0.304043,0.243647,0.37943396
d__totbkcr_totbkcr__lag089,0.664577,0.088855,0.48176,0.37921705
q__bogz1fa513061105q_pc_insurance_ts_tx__lag007,0.974922,0.210868,0.177689,0.37881179
d__ldgust_tga_fed_alt__lag067,1.0,0.088907,0.289852,0.37875924
m__mtsds133fms_fed_surplus_deficit__lag007,0.564263,0.333286,0.337772,0.37865367
q__ib0000043q086sbea_imp_ind_pi__lag008,0.714734,0.041779,0.487963,0.37862413
d__ldgust_tga_fed_alt__lag069,1.0,0.088686,0.289852,0.37853783
d__dgs6mo_dgs6mo__lag026,0.561129,0.402425,0.271854,0.37835679
d__dgs6mo_dgs6mo__lag027,0.561129,0.402693,0.271023,0.37804149
q__bogz1fa563061103q_etfs_ts_tx__lag003,0.987461,0.112107,0.270691,0.37799842
q__bogz1fa343061113q_fed_gov_dcf_retirement_ts_tx__lag008,0.971787,0.26757,0.1214,0.37799548
d__wtregen_tga__lag041,0.504702,0.4209,0.327863,0.37790233
q__bogz1fa753061103q_usb_tsy_for_tx__lag002,0.990596,0.144613,0.236666,0.37769359
q__bogz1fr563061103q_etfs_ts_reval__lag007,0.974922,0.24622,0.140798,0.37731202
d__dgs3mo_dgs3mo__lag005,0.561129,0.393679,0.278642,0.37725831
d__dgs6mo_dgs6mo__lag028,0.561129,0.402524,0.269567,0.37712969
d__ldgust_tga_fed_alt__lag079,1.0,0.083937,0.293137,0.37707393
m__wpu0561_ppi_crude__lag007,0.987461,0.033505,0.348212,0.37693022
q__tfaabshno_hhnp_tfa__lag008,0.984326,0.03619,0.346733,0.37692073
q__bogz1lm105020015q_nfcb_inventories__lag008,0.984326,0.079886,0.302993,0.37687791
d__wtregen_tga__lag044,0.504702,0.422904,0.323689,0.37680739
q__tfaabshno_hhnp_tfa__lag006,0.990596,0.03407,0.346256,0.37674883
d__wtregen_tga__lag031,0.504702,0.433757,0.312711,0.37674397
d__wtregen_tga__lag026,0.504702,0.440169,0.305862,0.37652375
q__bogz1fr713061103q_cb_tsy_reval__lag005,0.981191,0.245228,0.138449,0.37646053
m__dspi_dspi__lag001,0.84326,0.096752,0.349546,0.37634509
q__bogz1fa753061103q_usb_tsy_for_tx__lag006,0.978056,0.002303,0.382468,0.37632699
d__dgs3mo_dgs3mo__lag004,0.561129,0.391816,0.278583,0.37618013
d__wtregen_tga__lag038,0.504702,0.433007,0.312298,0.37615697
d__dgs3mo_dgs3mo__lag007,0.561129,0.391445,0.278891,0.37614473
q__bogz1fl383061105q_dom_nonfin_sector_tsy__lag006,0.990596,0.136834,0.242678,0.3759424
d__dgs3mo_dgs3mo__lag003,0.561129,0.392135,0.277764,0.37589915
d__dgs3mo_dgs3mo__lag006,0.561129,0.392415,0.277371,0.37583574
d__ldgust_tga_fed_alt__lag066,1.0,0.085958,0.289852,0.37581037
q__rowsllq027s_row_stloan_l__lag007,0.987461,0.11044,0.270131,0.37579846
d__dgs3mo_dgs3mo__lag002,0.561129,0.392921,0.276763,0.37577919
m__popthm_popthm__lag012,0.833856,0.127176,0.323445,0.37575281
d__dgs6mo_dgs6mo__lag029,0.561129,0.402167,0.267259,0.37563401
q__gpdi_gpdi__lag008,0.968652,0.066132,0.321561,0.37553943
m__mtso133fms_fedgov_out__lag012,0.561129,0.236954,0.432149,0.37545279
d__wtregen_tga_fed__lag045,0.504702,0.426507,0.317179,0.37533985
d__dexjpus_dexjpus__lag035,0.69279,0.30524,0.236464,0.37528686
q__bopbca_bopbca__lag002,0.824451,0.170618,0.284552,0.37526551
d__wtregen_tga__lag032,0.504702,0.427636,0.315831,0.37522943
d__ldgust_tga_fed_alt__lag080,1.0,0.082155,0.293067,0.37522198
d__dgs3mo_dgs3mo__lag001,0.561129,0.392344,0.276246,0.37516487
m__srvprd_srvprd__lag005,1.0,0.081874,0.293095,0.37496932
m__mtso133fms_fedgov_out__lag004,0.567398,0.190457,0.470365,0.37494941
m__ces2000000008_wage_const__lag012,0.984326,0.079249,0.301603,0.37488227
d__wtregen_tga__lag043,0.504702,0.418429,0.324257,0.37483539
q__bogz1fr593061105q_pension_ts_reval__lag002,0.990596,0.062596,0.315701,0.37473867
d__dgs3mo_dgs3mo__lag014,0.561129,0.388448,0.279123,0.37459324
m__dpsfrim027sbog_row_deposits__lag005,0.664577,0.09737,0.466225,0.37455239
q__bogz1fa223061143q_state_local_db_retirement_ts_tx__lag004,0.984326,0.215258,0.165237,0.3745315
d__dgs3mo_dgs3mo__lag008,0.561129,0.39015,0.277159,0.37444571
q__bogz1lm543061115q_li_bills__lag006,0.990596,0.132972,0.24501,0.3744275
q__rowmmfq027s_row_moneymarketfundshares_flow__lag001,0.99373,0.188377,0.188353,0.37436795
m__popthm_popthm__lag011,0.833856,0.125828,0.323122,0.37435946
d__wtregen_tga__lag030,0.504702,0.43529,0.306305,0.37428479
d__wtregen_tga__lag025,0.504702,0.440032,0.301561,0.37428375
m__cpiaucsl_cpiaucsl__lag001,0.99373,0.032134,0.344453,0.37422659
q__a024rc1q027sbea_cfc__lag007,0.971787,0.080574,0.304445,0.37415705
d__wtregen_tga__lag042,0.504702,0.415997,0.325222,0.37409483
m__mtsds133fms_fed_surplus_deficit__lag008,0.564263,0.257609,0.405314,0.37406351
m__mtso133fms_fedgov_out__lag001,0.570533,0.188257,0.467378,0.37406133
m__payems_nonfarm_payrolls__lag012,1.0,0.06515,0.308877,0.37402717
m__hqmcb10yrp_hqm10y__lag001,0.529781,0.350159,0.35581,0.37400888
q__bogz1fl262151003q_row_repo__lag008,0.984326,0.108007,0.271956,0.37400792
d__dgs6mo_dgs6mo__lag030,0.561129,0.401067,0.265393,0.37396958
m__srvprd_srvprd__lag001,1.0,0.075999,0.297711,0.37370962
q__bogz1fa403061105q_gses_ts_tx__lag001,0.99373,0.163233,0.212811,0.37368622
q__bogz1fl663061165q_brokers_dealers_long_ts__lag003,1.0,0.087828,0.285845,0.37367344
d__dgs6mo_dgs6mo__lag032,0.557994,0.39985,0.269552,0.37352166
d__dexjpus_dexjpus__lag033,0.69279,0.305087,0.234046,0.37350584
d__dgs6mo_dgs6mo__lag031,0.557994,0.399953,0.269414,0.37350208
q__bogz1fr573061133q_private_dc_pension_ts_reval__lag002,0.990596,0.058898,0.317982,0.3733358
q__bogz1lm733061103q_holding_companies_ts__lag005,0.99373,0.005046,0.370641,0.37333244
m__srvprd_srvprd__lag007,1.0,0.071026,0.302279,0.37330572
q__rowcpaq027s_row_commercialpaper_flow__lag004,0.984326,0.264407,0.114764,0.37322805
q__bogz1fl383061105q_dom_nonfin_sector_tsy__lag004,0.996865,0.123412,0.250963,0.37320141
d__dgs6mo_dgs6mo__lag033,0.557994,0.398486,0.270322,0.37319041
q__bogz1fl543061175q_life_insurance_ts__lag007,0.987461,0.096304,0.281552,0.3731179
d__dexjpus_dexjpus__lag034,0.69279,0.305676,0.232849,0.37308512
m__popthm_popthm__lag010,0.833856,0.124655,0.32275,0.37307137
m__popthm_popthm__lag009,0.836991,0.123303,0.322251,0.37292451
m__mtso133fms_fedgov_out__lag006,0.567398,0.300213,0.356867,0.37282596
d__anfci_anfci__lag042,0.69279,0.018787,0.519357,0.37282061
d__dgs3mo_dgs3mo__lag016,0.561129,0.389726,0.274385,0.3726512
d__dgs3mo_dgs3mo__lag013,0.561129,0.3864,0.277577,0.37257666
d__dexjpus_dexjpus__lag036,0.69279,0.301734,0.236031,0.3725581
q__tfaabsnncb_nfcb_tfa__lag005,0.99373,0.047058,0.327649,0.37235777
q__a457rc1q027sbea_netva_nfcb__lag008,0.968652,0.07173,0.312655,0.37233522
m__ces2000000008_wage_const__lag011,0.984326,0.077878,0.300291,0.37224153
q__expgs_exports__lag005,0.978056,0.070762,0.309676,0.37209004
d__wtregen_tga_fed__lag016,0.504702,0.446299,0.290753,0.37199153
d__dgs3mo_dgs3mo__lag010,0.561129,0.387032,0.275893,0.37198639
d__dgs3mo_dgs3mo__lag011,0.561129,0.387815,0.275015,0.3719326
d__wtregen_tga__lag033,0.504702,0.429403,0.307448,0.37189021
d__wtregen_tga__lag016,0.504702,0.44804,0.288781,0.37187508
q__bogz1fl343061123q_fed_gov_dcg_retirement_ts__lag005,0.99373,0.066084,0.308096,0.37183402
q__b456rc1q027sbea_nfcb_cfc__lag005,0.978056,0.073448,0.306722,0.3718276
d__dgs3mo_dgs3mo__lag015,0.561129,0.388492,0.273862,0.37166573
m__ltdacbm027nbog_ltd__lag012,0.658307,0.227406,0.337104,0.37162084
d__dgs6mo_dgs6mo__lag034,0.557994,0.398017,0.267792,0.37151698
q__bogz1fa263061145q_row_priv_tsy_tx__lag003,0.987461,0.093774,0.282449,0.37150547
q__w006rc1q027sbea_gov_tax_receipts__lag005,0.978056,0.083405,0.296316,0.3713884
d__dgs3mo_dgs3mo__lag017,0.561129,0.389897,0.271958,0.37138568
d__dgs6mo_dgs6mo__lag037,0.557994,0.39759,0.267906,0.3713426
d__dexjpus_dexjpus__lag032,0.69279,0.302866,0.232944,0.37120375
d__wtregen_tga__lag024,0.504702,0.444953,0.29035,0.37110898
d__dgs6mo_dgs6mo__lag038,0.557994,0.397843,0.267177,0.37107702
d__dgs3mo_dgs3mo__lag018,0.561129,0.389672,0.271587,0.37105139
m__popthm_popthm__lag008,0.836991,0.121611,0.32169,0.37103842
d__dgs3mo_dgs3mo__lag012,0.561129,0.386627,0.274605,0.37103646
d__wtregen_tga_fed__lag040,0.504702,0.423839,0.311245,0.37099821
m__uspriv_uspriv__lag011,1.0,0.061338,0.309634,0.37097236
m__dspi_dspi__lag004,0.840125,0.114223,0.327276,0.37091403
d__dexjpus_dexjpus__lag031,0.69279,0.304717,0.230505,0.37079697
d__dgs6mo_dgs6mo__lag036,0.557994,0.396529,0.267835,0.37071109
d__wtregen_tga__lag037,0.504702,0.429898,0.304602,0.37070385
d__ldgust_tga_fed_alt__lag065,1.0,0.08082,0.289852,0.37067239
q__bogz1fa313161110q_totalbills_z1_tx__lag005,0.981191,0.150979,0.226756,0.37062995
d__ldgust_tga_fed_alt__lag061,1.0,0.080689,0.289852,0.37054109
d__dexjpus_dexjpus__lag037,0.69279,0.300017,0.234798,0.37051475
q__bogz1fl383061105q_dom_nonfin_sector_tsy__lag007,0.987461,0.134869,0.240334,0.370498
q__pnfi_priv_nonres_fi__lag005,0.978056,0.0631,0.315703,0.37049062
q__fgla_fgla__lag008,0.984326,0.036418,0.339966,0.3704844
q__fgla_fedgov_loans__lag008,0.984326,0.036418,0.339966,0.3704844
d__anfci_anfci__lag041,0.69279,0.021447,0.513283,0.37045541
m__srvprd_srvprd__lag004,1.0,0.073538,0.296891,0.37042961
d__dgs6mo_dgs6mo__lag035,0.557994,0.396488,0.267372,0.37042928
q__bogz1fl313161305q_gov_nonmarketable_ts__lag004,0.996865,0.085692,0.285691,0.3702193
q__bogz1fl763061100q_usb_tsy_oth__lag008,0.984326,0.058388,0.317693,0.3701863
q__bogz1fr663061165q_brokers_dealers_long_ts_reval__lag005,0.981191,0.246918,0.130364,0.37018557
d__dgs6mo_dgs6mo__lag039,0.557994,0.397557,0.265858,0.37018101
m__dpsfrim027sbog_row_deposits__lag007,0.661442,0.107033,0.45262,0.37017816
q__fgtlasq027s_gov_loan_a__lag008,0.984326,0.036088,0.339966,0.37015963
m__cpiulfsl_cpiulfsl__lag001,0.99373,0.032518,0.33995,0.37013311
d__dgs3mo_dgs3mo__lag019,0.561129,0.389658,0.269882,0.3700865
q__bogz1fl313161110q_totalbills_z1__lag008,0.984326,0.031167,0.344769,0.37004313
q__b461rc1q027sbea_netva_wages__lag008,0.968652,0.074036,0.307959,0.37002041
q__bogz1lm103061103q_nfcb_tsy__lag003,1.0,0.176847,0.193081,0.369928
d__wtregen_tga__lag029,0.504702,0.429238,0.303703,0.3699168
m__ces2000000008_wage_const__lag010,0.984326,0.075872,0.299905,0.36988663
q__pcesv_pcesv__lag005,0.978056,0.070032,0.308036,0.36977161
d__dgs3mo_dgs3mo__lag020,0.561129,0.389856,0.269055,0.36973385
q__iatashcbsnncb_nfcb_hc_inventories__lag005,0.99373,0.066081,0.305973,0.36972147
d__wtregen_tga_fed__lag023,0.504702,0.446368,0.286049,0.36965256
d__dgs3mo_dgs3mo__lag009,0.561129,0.385224,0.273443,0.36959668
q__bogz1fa573061105q_private_pension_ts_tx__lag006,0.978056,0.234027,0.143843,0.36957849
d__dgs6mo_dgs6mo__lag040,0.557994,0.396086,0.266238,0.36957227
d__wtregen_tga_fed__lag039,0.504702,0.425743,0.306423,0.36952593
d__wtregen_tga__lag023,0.504702,0.448052,0.284085,0.36951113
q__w326rc1q027sbea_net_op_surplus__lag003,0.984326,0.047729,0.327664,0.36950966
d__wtregen_tga__lag027,0.504702,0.435327,0.29675,0.36948105
m__popthm_popthm__lag007,0.836991,0.120073,0.321205,0.36934526
d__dgs6mo_dgs6mo__lag041,0.557994,0.395728,0.266066,0.36927705
d__ldgust_tga_fed_alt__lag062,1.0,0.079319,0.289852,0.36917118
q__a4102c1q027sbea_gdi_wages__lag006,0.974922,0.070297,0.308324,0.36912575
m__popthm_popthm__lag006,0.840125,0.118583,0.320742,0.36908804
d__dexjpus_dexjpus__lag040,0.69279,0.302849,0.229807,0.36901928
d__dgs3mo_dgs3mo__lag021,0.561129,0.389916,0.267701,0.36900751
m__hqmcb10yrp_hqm10y__lag005,0.526646,0.346001,0.354515,0.36892413
q__bogz1fr263061145q_row_priv_tsy_reval__lag001,0.99373,0.026007,0.345125,0.36880575
d__dexusuk_dexusuk__lag066,0.69279,0.163377,0.368801,0.36868769
d__ldgust_tga_fed_alt__lag060,1.0,0.078835,0.289852,0.36868698
m__dpsfrim027sbog_row_deposits__lag006,0.664577,0.105023,0.449585,0.36857971
d__dgs6mo_dgs6mo__lag042,0.557994,0.395413,0.265031,0.36852407
q__rowgseq027s_row_agency_flow__lag003,0.987461,0.272582,0.100553,0.368456
d__ldgust_tga_fed_alt__lag064,1.0,0.078602,0.289852,0.36845434
q__mmmffaq027s_mmf_tfa__lag006,0.990596,0.063799,0.307976,0.36827841
q__b639rg3q086sbea_exp_ind_pi__lag002,0.736677,0.109324,0.390486,0.36819865
d__wtregen_tga_fed__lag041,0.504702,0.419395,0.309811,0.36803198
q__gdp_gdp__lag006,0.974922,0.069063,0.308347,0.3679449
m__hqmcb10yrp_hqm10y__lag002,0.529781,0.333314,0.361149,0.36791312
d__dexjpus_dexjpus__lag038,0.69279,0.299551,0.231498,0.36790498
d__totci_totci__lag087,0.667712,0.11782,0.433162,0.36789666
d__totci_totci__lag086,0.667712,0.116707,0.434228,0.36786571
d__dgs3mo_dgs3mo__lag023,0.561129,0.387972,0.267554,0.36783441
d__totci_totci__lag084,0.667712,0.115677,0.435096,0.36775723
d__dgs3mo_dgs3mo__lag025,0.561129,0.388803,0.266562,0.36774353
q__bogz1fr473061105q_credit_unions_ts_reval__lag005,0.981191,0.23411,0.140572,0.36763521
d__dexjpus_dexjpus__lag039,0.69279,0.30113,0.229475,0.3675981
d__dgs3mo_dgs3mo__lag024,0.561129,0.388172,0.26682,0.36753508
q__tnwmvbsnncb_nfcb_nw__lag005,0.99373,0.004956,0.364887,0.36752488
m__popthm_popthm__lag005,0.840125,0.117145,0.320295,0.36750453
d__wtregen_tga__lag034,0.504702,0.429336,0.298761,0.36747172
d__wtregen_tga__lag036,0.504702,0.42459,0.303501,0.36746891
d__wtregen_tga_fed__lag017,0.504702,0.442399,0.285423,0.36733304
d__wtregen_tga__lag017,0.504702,0.444111,0.283448,0.36720075
d__totci_totci__lag081,0.667712,0.115113,0.434761,0.36715695
d__wtregen_tga_fed__lag044,0.504702,0.421444,0.306021,0.36715318
d__totci_totci__lag088,0.667712,0.118273,0.431528,0.36710858
d__totci_totci__lag080,0.667712,0.115056,0.434595,0.36700864
d__dgs3mo_dgs3mo__lag022,0.561129,0.387553,0.266477,0.36699499
q__bogz1lm103061103q_nfcb_tsy__lag004,0.996865,0.180772,0.187358,0.36697633
d__anfci_anfci__lag047,0.69279,0.023395,0.506195,0.36689477
q__fpi_fpi__lag008,0.968652,0.061052,0.317666,0.36684614
q__fpi_invest_priv_fixed__lag008,0.968652,0.061052,0.317666,0.36684614
d__totci_totci__lag085,0.667712,0.115906,0.433495,0.36684176
q__rowcbaq027s_row_corpbonds_flow__lag001,0.99373,0.1568,0.212339,0.36682402
d__totci_totci__lag082,0.667712,0.115013,0.434318,0.3667943
d__wtregen_tga_fed__lag024,0.504702,0.443291,0.283348,0.36673626
d__wtregen_tga_fed__lag031,0.504702,0.432174,0.294382,0.36669433
d__totci_totci__lag083,0.667712,0.115196,0.433934,0.36666077
q__bogz1fa513061105q_pc_insurance_ts_tx__lag006,0.978056,0.106707,0.26814,0.36662222
q__bogz1fl543461113q_li_bills__lag001,1.0,0.111514,0.255095,0.3666089
d__wtregen_tga_fed__lag013,0.504702,0.437878,0.28836,0.36653387
d__totci_totci__lag079,0.667712,0.11414,0.43477,0.36651358
d__wtregen_tga_fed__lag026,0.504702,0.438537,0.287544,0.36645465
d__wtregen_tga__lag013,0.504702,0.439623,0.286368,0.36640922
d__dgs6mo_dgs6mo__lag043,0.557994,0.393878,0.262762,0.36640124
q__bogz1fr793061105q_dom_fin_sector_tsy_reval__lag007,0.974922,0.216627,0.159111,0.36631573
d__anfci_anfci__lag043,0.69279,0.019036,0.509716,0.36631453
d__wtregen_tga_fed__lag015,0.504702,0.435225,0.290553,0.36630134
d__totci_totci__lag089,0.664577,0.118837,0.432252,0.36624118
d__wtregen_tga_fed__lag038,0.504702,0.431454,0.294111,0.36619397
d__wtregen_tga__lag015,0.504702,0.43698,0.288565,0.36618416
m__popthm_popthm__lag003,0.84326,0.114708,0.319522,0.36616884
m__popthm_popthm__lag004,0.840125,0.11589,0.319893,0.36611216
d__dgs6mo_dgs6mo__lag044,0.557994,0.393762,0.262328,0.36609358
d__dexusuk_dexusuk__lag056,0.69279,0.147876,0.380553,0.36609078
d__dgs6mo_dgs6mo__lag045,0.557994,0.393256,0.262819,0.36608522
q__bogz1fa383061105q_dom_nonfin_sector_tsy_tx__lag003,0.987461,0.224087,0.14663,0.36606806
q__tnwmvbsnncb_nfcb_nw__lag006,0.990596,0.020228,0.349306,0.36605888
d__dgs3mo_dgs3mo__lag026,0.561129,0.386302,0.266012,0.36603192
d__wtregen_tga_fed__lag019,0.504702,0.443197,0.281973,0.36599495
d__totci_totci__lag090,0.664577,0.11902,0.43161,0.3659363
d__totci_totci__lag007,0.667712,0.089382,0.458584,0.36588294
d__wtregen_tga__lag019,0.504702,0.444907,0.279992,0.36585809
d__dexjpus_dexjpus__lag041,0.69279,0.301341,0.226651,0.36578735
q__bogz1fl763123005q_tga_usb__lag007,0.987461,0.145586,0.22466,0.36560345
q__bogz1fr343061105q_fed_gov_retirement_ts_reval__lag002,0.990596,0.055734,0.313273,0.36553705
q__a024rc1q027sbea_cfc__lag006,0.974922,0.07177,0.303137,0.36550514
d__dexusuk_dexusuk__lag011,0.69279,0.15093,0.37652,0.36541251
d__dgs6mo_dgs6mo__lag046,0.557994,0.392376,0.262474,0.36540205
d__dexjpus_dexjpus__lag042,0.69279,0.302555,0.224821,0.36536119
q__tfaabsnncb_nfcb_tfa__lag006,0.990596,0.053779,0.31494,0.36525157
q__bogz1fa263061110q_row_bills_tx__lag004,0.984326,0.250065,0.120996,0.36524517
d__wtregen_tga_fed__lag032,0.504702,0.426063,0.297458,0.36516264
d__wtregen_tga_fed__lag043,0.504702,0.416952,0.30632,0.36503725
d__totci_totci__lag014,0.667712,0.091194,0.455471,0.36501466
d__wtregen_tga__lag035,0.504702,0.424716,0.298232,0.36487328
q__tnwmvbsnncb_nfcb_nw__lag007,0.987461,0.031836,0.337667,0.36487041
d__anfci_anfci__lag046,0.69279,0.021664,0.504838,0.36475537
d__dgs3mo_dgs3mo__lag027,0.561129,0.386117,0.263908,0.36474729
d__wtregen_tga_fed__lag018,0.504702,0.439079,0.283517,0.36469598
m__popthm_popthm__lag002,0.84326,0.113309,0.319174,0.36469551
m__mtsds133fms_fed_surplus_deficit__lag011,0.561129,0.336269,0.313643,0.36468392
d__wtregen_tga_fed__lag022,0.504702,0.438726,0.283732,0.36462604
q__bogz1fa763061100q_usb_tsy_oth_tx__lag005,0.981191,0.005794,0.365789,0.36459353
d__dexjpus_dexjpus__lag043,0.69279,0.301704,0.224519,0.36456228
d__wtregen_tga__lag018,0.504702,0.440783,0.281538,0.36455715
d__dgs3mo_dgs3mo__lag028,0.561129,0.386248,0.263363,0.36451515
d__wtregen_tga__lag028,0.504702,0.427367,0.29484,0.36449946
d__wtregen_tga__lag022,0.504702,0.440434,0.281749,0.36448771
q__bogz1fr573061133q_private_dc_pension_ts_reval__lag007,0.974922,0.217091,0.156738,0.36445379
d__wtregen_tga_fed__lag020,0.504702,0.439838,0.282084,0.36435606
q__bogz1fr763061100q_usb_tsy_oth_reval__lag007,0.974922,0.157165,0.216529,0.36432268
q__tfaabshno_hhnp_tfa__lag005,0.99373,0.019985,0.34661,0.36429653
d__totci_totci__lag078,0.667712,0.113113,0.432451,0.36427959
d__wtregen_tga_fed__lag042,0.504702,0.414517,0.307251,0.36427787
q__b461rc1q027sbea_netva_wages__lag007,0.971787,0.066214,0.308633,0.36427145
d__wtregen_tga_fed__lag014,0.504702,0.435025,0.28668,0.36424597
d__wtregen_tga_fed__lag030,0.504702,0.433702,0.287948,0.36421793
d__wtregen_tga__lag020,0.504702,0.441533,0.280106,0.36421263
d__wtregen_tga_fed__lag025,0.504702,0.438388,0.283232,0.36420321
d__totci_totci__lag013,0.667712,0.09096,0.454431,0.36416408
d__dgs6mo_dgs6mo__lag047,0.557994,0.391585,0.26104,0.36416053
d__wtregen_tga__lag014,0.504702,0.436763,0.284688,0.36411774
d__anfci_anfci__lag045,0.69279,0.020509,0.505055,0.36410572
q__bogz1fa653061113q_mutf_bills_tx__lag005,0.981191,0.089998,0.281037,0.36405545
d__dexjpus_dexjpus__lag045,0.69279,0.299924,0.225562,0.36405093
q__w328rc1q027sbea_nfcb_pat__lag003,0.984326,0.034823,0.334976,0.36400213
m__ces2000000008_wage_const__lag008,0.987461,0.07115,0.297473,0.36400037
m__ces3000000008_wage_man__lag011,1.0,0.066642,0.297323,0.36396464
m__mtso133fms_fedgov_out__lag003,0.570533,0.308859,0.328895,0.36385945
d__dexusuk_dexusuk__lag006,0.69279,0.143074,0.382063,0.36381004
d__totci_totci__lag077,0.667712,0.11404,0.430708,0.36373501
d__totci_totci__lag002,0.667712,0.08779,0.456949,0.36372825
q__bogz1fr573061105q_private_pension_ts_reval__lag002,0.990596,0.051313,0.315859,0.36371888
m__wpu0561_ppi_crude__lag008,0.987461,0.06395,0.304292,0.36362382
q__bogz1fl633061110q_mmf_bills_raw__lag006,0.990596,0.038205,0.32883,0.36358265
q__bogz1fl633061110q_mmf_bills__lag006,0.990596,0.038205,0.32883,0.36358265
m__ces2000000008_wage_const__lag007,0.987461,0.071093,0.296915,0.36339335
m__ces3000000008_wage_man__lag012,1.0,0.066253,0.297093,0.36334615
q__bogz1fr213061103q_state_local_gov_ts_reval__lag003,0.987461,0.186753,0.181113,0.36325392
d__totci_totci__lag072,0.667712,0.113386,0.430603,0.36322751
m__uspriv_uspriv__lag010,1.0,0.053852,0.309272,0.36312347
m__ces2000000008_wage_const__lag009,0.987461,0.069467,0.298158,0.36301459
m__popthm_popthm__lag001,0.84326,0.111681,0.318807,0.36301351
d__dgs3mo_dgs3mo__lag029,0.561129,0.385957,0.260946,0.36299538
d__totci_totci__lag006,0.667712,0.088705,0.454924,0.36298764
d__totci_totci__lag073,0.667712,0.113674,0.429934,0.36297318
q__bogz1fl633061105q_mmf_tsy_raw__lag005,0.99373,0.034767,0.330474,0.36295039
q__bogz1fl633061105q_money_market_funds_ts__lag005,0.99373,0.034767,0.330474,0.36295039
q__bogz1fr663061165q_brokers_dealers_long_ts_reval__lag007,0.974922,0.211641,0.160586,0.36289244
d__dexjpus_dexjpus__lag044,0.69279,0.300547,0.223256,0.36288598
d__dexjpus_dexjpus__lag054,0.69279,0.306657,0.217046,0.36281675
d__dgs6mo_dgs6mo__lag048,0.557994,0.390451,0.259721,0.36279189
d__ldgust_tga_fed_alt__lag063,1.0,0.07285,0.289852,0.36270271
m__mtsds133fms_fed_surplus_deficit__lag010,0.561129,0.263015,0.383343,0.3626898
q__bogz1fl763123005q_tga_usb__lag003,1.0,0.170292,0.192309,0.36260117
m__iputil_iputil__lag012,1.0,0.070622,0.291913,0.36253482
d__totci_totci__lag001,0.667712,0.086224,0.456641,0.36247688
q__bogz1fr343061113q_fed_gov_dcf_retirement_ts_reval__lag002,0.990596,0.049498,0.316413,0.3624702
d__totci_totci__lag005,0.667712,0.088402,0.454314,0.36237809
q__a457rc1q027sbea_netva_nfcb__lag007,0.971787,0.059926,0.312964,0.36237037
d__totci_totci__lag076,0.667712,0.113579,0.429055,0.36232298
d__wtregen_tga_fed__lag012,0.504702,0.430543,0.286922,0.36210598
d__totci_totci__lag075,0.667712,0.113827,0.4284,0.36205108
d__totci_totci__lag071,0.667712,0.11263,0.429485,0.36197606
d__dgs6mo_dgs6mo__lag049,0.557994,0.389809,0.258881,0.36196479
d__wtregen_tga__lag012,0.504702,0.432244,0.284933,0.36196083
d__totci_totci__lag004,0.667712,0.088096,0.453953,0.36193258
d__wtregen_tga_fed__lag033,0.504702,0.42782,0.289007,0.36178423
d__dexusuk_dexusuk__lag057,0.69279,0.14519,0.376897,0.36169667
d__dgs6mo_dgs6mo__lag050,0.557994,0.389385,0.258757,0.36165908
d__wtregen_tga_fed__lag021,0.504702,0.435732,0.280664,0.36156664
d__totci_totci__lag074,0.667712,0.113774,0.427709,0.36155438
d__totci_totci__lag003,0.667712,0.088178,0.453243,0.36151287
d__totci_totci__lag012,0.667712,0.090668,0.450695,0.3614743
q__bogz1fr383061105q_dom_nonfin_sector_tsy_reval__lag007,0.974922,0.222929,0.147823,0.36145457
q__b456rc1q027sbea_nfcb_cfc__lag004,0.981191,0.064466,0.303899,0.36143701
d__dgs3mo_dgs3mo__lag032,0.557994,0.384396,0.263343,0.36143456
d__wtregen_tga__lag021,0.504702,0.437416,0.278684,0.36141739
q__bogz1fr713061113q_cb_bills_reval__lag005,0.981191,0.327505,0.040784,0.36136212
d__dgs3mo_dgs3mo__lag031,0.557994,0.384318,0.263278,0.36135451
d__dgs3mo_dgs3mo__lag030,0.561129,0.385716,0.258046,0.36123344
q__bogz1fr223061143q_state_local_db_retirement_ts_reval__lag007,0.974922,0.225823,0.1447,0.36123102
m__payems_nonfarm_payrolls__lag011,1.0,0.051769,0.309353,0.3611218
d__wtregen_tga_fed__lag037,0.504702,0.428326,0.287143,0.36109876
d__dexusuk_dexusuk__lag067,0.69279,0.161832,0.35928,0.3610212
q__bogz1fa653061105q_mutual_funds_ts_tx__lag005,0.981191,0.238231,0.129567,0.36087993
d__dgs6mo_dgs6mo__lag053,0.557994,0.388121,0.258532,0.36082793
d__wtregen_tga_fed__lag029,0.504702,0.427632,0.287198,0.36077633
d__totci_totci__lag009,0.667712,0.090249,0.450049,0.36076348
d__dexjpus_dexjpus__lag053,0.69279,0.298905,0.221686,0.36066002
d__totci_totci__lag010,0.667712,0.091267,0.448849,0.36064135
m__ces3000000008_wage_man__lag010,1.0,0.063982,0.29664,0.36062234
d__dexjpus_dexjpus__lag055,0.69279,0.304481,0.215847,0.36047814
d__dgs6mo_dgs6mo__lag052,0.557994,0.387546,0.258234,0.3603414
d__anfci_anfci__lag044,0.69279,0.020114,0.499887,0.36025168
d__totci_totci__lag016,0.667712,0.095642,0.443719,0.36013734
q__bogz1fr153061105q_hhnp_tsy_reval__lag004,0.984326,0.199152,0.166682,0.36009956
d__dgs3mo_dgs3mo__lag033,0.557994,0.381964,0.26328,0.36004189
d__wtregen_tga_fed__lag034,0.504702,0.427754,0.285515,0.35998831
m__dpsfrim027sbog_row_deposits__lag008,0.661442,0.101469,0.442765,0.35997913
m__pcend_pcend__lag005,0.840125,0.020475,0.408002,0.35997465
d__totci_totci__lag008,0.667712,0.089325,0.449564,0.35982251
d__totci_totci__lag011,0.667712,0.090098,0.448707,0.35976607
d__dgs6mo_dgs6mo__lag051,0.557994,0.387271,0.257456,0.35975369
q__cbi_cbi__lag001,0.990596,0.216929,0.146172,0.35968612
m__ces2000000008_wage_const__lag006,0.990596,0.067638,0.295369,0.35959256
q__bogz1fr663061165q_brokers_dealers_long_ts_reval__lag002,0.990596,0.060045,0.302951,0.35958263
d__dgs6mo_dgs6mo__lag054,0.557994,0.387377,0.257018,0.35956879
d__dexusuk_dexusuk__lag007,0.69279,0.143105,0.375898,0.35955997
d__dexusuk_dexusuk__lag060,0.69279,0.155142,0.363804,0.35952125
m__dspi_dspi__lag003,0.84326,0.095636,0.330676,0.35949184
m__ces3000000008_wage_man__lag008,1.0,0.063563,0.295915,0.35947867
m__uempmean_uempmean__lag003,0.981191,0.185783,0.18058,0.35947148
d__totci_totci__lag017,0.667712,0.096856,0.441421,0.35941375
d__wtregen_tga_fed__lag027,0.504702,0.433718,0.27836,0.35938754
d__dexusuk_dexusuk__lag064,0.69279,0.161714,0.356944,0.35932096
q__gdpc1_real_gdp__lag004,0.981191,0.050121,0.31608,0.35931371
m__mich_mich__lag009,0.598746,0.199599,0.400464,0.35928533
d__dgs6mo_dgs6mo__lag060,0.557994,0.385989,0.25778,0.35921899
d__dgs6mo_dgs6mo__lag055,0.557994,0.38682,0.25686,0.35916973
q__a464rc1q027sbea_nfcb_pbt__lag005,0.978056,0.131468,0.235721,0.35913197
d__dexjpus_dexjpus__lag057,0.69279,0.307928,0.210301,0.35902394
m__ces3000000008_wage_man__lag009,1.0,0.063356,0.29556,0.35891559
d__dgs6mo_dgs6mo__lag056,0.557994,0.38655,0.25657,0.35885667
q__impgs_imports__lag006,0.974922,0.052055,0.316029,0.35885293
d__dgs6mo_dgs6mo__lag057,0.557994,0.387222,0.25575,0.35877456
m__ces2000000008_wage_const__lag005,0.990596,0.067833,0.294312,0.35873946
d__dgs3mo_dgs3mo__lag036,0.557994,0.380704,0.261555,0.35837638
q__bogz1fa653061113q_mutf_bills_tx__lag004,0.984326,0.048959,0.315071,0.35832456
m__wpu0561_ppi_crude__lag003,0.99373,0.010175,0.350372,0.35828608
m__pcend_pcend__lag007,0.836991,0.025736,0.402274,0.35824048
d__dexusuk_dexusuk__lag080,0.69279,0.156132,0.360662,0.35802974
d__dgs3mo_dgs3mo__lag034,0.557994,0.380912,0.260721,0.35802705
d__dgs3mo_dgs3mo__lag037,0.557994,0.380786,0.260793,0.3579973
d__dexusuk_dexusuk__lag058,0.69279,0.14978,0.366953,0.35798722
d__dexusuk_dexusuk__lag082,0.69279,0.149878,0.366696,0.35787712
d__dgs3mo_dgs3mo__lag038,0.557994,0.38081,0.260509,0.35785221
d__totci_totci__lag021,0.667712,0.098195,0.437671,0.35780371
m__hqmcb10yrp_hqm10y__lag004,0.526646,0.330815,0.348485,0.35775009
d__dgs3mo_dgs3mo__lag040,0.557994,0.380672,0.260447,0.35774031
q__bogz1fa633061110q_mmf_bills_tx__lag003,0.987461,0.259184,0.103086,0.35772742
d__dgs6mo_dgs6mo__lag059,0.557994,0.384922,0.255992,0.35762625
d__totci_totci__lag066,0.667712,0.113546,0.422015,0.35760057
d__dgs3mo_dgs3mo__lag035,0.557994,0.380782,0.259989,0.35754631
d__dgs3mo_dgs3mo__lag039,0.557994,0.381005,0.259669,0.35749177
d__dgs6mo_dgs6mo__lag058,0.557994,0.384606,0.255945,0.35742391
q__fgrecpt_fgrecpt__lag004,0.981191,0.047768,0.316504,0.35742078
d__dexjpus_dexjpus__lag046,0.69279,0.297881,0.217979,0.35738247
d__dgs6mo_dgs6mo__lag061,0.557994,0.38429,0.256095,0.35733108
d__totci_totci__lag023,0.667712,0.099017,0.436086,0.35729456
d__dgs3mo_dgs3mo__lag042,0.557994,0.38059,0.259645,0.35724729
d__dexusuk_dexusuk__lag069,0.69279,0.159399,0.356238,0.35722813
d__totci_totci__lag064,0.667712,0.111864,0.423132,0.35722291
d__wtregen_tga_fed__lag036,0.504702,0.423001,0.284773,0.35721511
d__totci_totci__lag020,0.667712,0.098073,0.436884,0.35719659
m__dpsfrim027sbog_row_deposits__lag010,0.658307,0.10907,0.433444,0.35714034
m__ipmine_ipmine__lag012,1.0,0.054912,0.30216,0.357072
d__dgs3mo_dgs3mo__lag041,0.557994,0.379784,0.260109,0.35705662
d__wtregen_tga_fed__lag006,0.504702,0.420944,0.286495,0.35704615
m__ces2000000008_wage_const__lag002,0.99373,0.065111,0.294127,0.35698533
d__wtregen_tga__lag006,0.504702,0.422511,0.284515,0.35683768
d__wtregen_tga_fed__lag035,0.504702,0.423156,0.283868,0.35683688
d__totci_totci__lag067,0.667712,0.113804,0.420521,0.35677498
q__rowcbaq027s_row_corpbonds_flow__lag004,0.984326,0.262588,0.099817,0.35672487
d__totci_totci__lag065,0.667712,0.112335,0.421908,0.35672039
d__wtregen_tga_fed__lag007,0.504702,0.421102,0.285671,0.35671006
d__wtregen_tga_fed__lag005,0.504702,0.418469,0.288285,0.35670045
q__bogz1fa563061103q_etfs_ts_tx__lag006,0.978056,0.084192,0.280495,0.35668466
q__dividend_dividend__lag007,0.971787,0.039524,0.327481,0.35665036
d__wtregen_tga_fed__lag011,0.504702,0.425201,0.281347,0.35659626
d__wtregen_tga__lag007,0.504702,0.422675,0.283689,0.3565033
d__wtregen_tga__lag005,0.504702,0.420024,0.28631,0.35648823
d__dexjpus_dexjpus__lag056,0.69279,0.302418,0.212143,0.35648275
q__bogz1fl383061105q_dom_nonfin_sector_tsy__lag003,1.0,0.108995,0.247483,0.35647844
q__bopbca_bopbca__lag004,0.818182,0.166427,0.269269,0.35647831
q__iatashcbsnncb_nfcb_hc_inventories__lag002,1.0,0.029117,0.327329,0.35644589
d__wtregen_tga__lag011,0.504702,0.426861,0.279348,0.35642552
q__gpdi_gpdi__lag007,0.971787,0.044692,0.322071,0.35641578
d__totci_totci__lag022,0.667712,0.098344,0.435432,0.35640807
m__ces2000000008_wage_const__lag004,0.990596,0.065235,0.294502,0.35635351
m__ces2000000008_wage_const__lag003,0.99373,0.064978,0.2936,0.35633048
q__tfaabsnncb_nfcb_tfa__lag007,0.987461,0.049523,0.311254,0.35625317
d__totci_totci__lag068,0.667712,0.113852,0.419611,0.35619961
d__totci_totci__lag024,0.667712,0.100363,0.433016,0.35614334
d__totci_totci__lag030,0.667712,0.102238,0.431139,0.3561417
m__ppiaco_ppiaco__lag012,1.0,0.043744,0.312386,0.35612909
d__totci_totci__lag028,0.667712,0.09976,0.43351,0.35607002
d__totci_totci__lag070,0.667712,0.113614,0.419611,0.35604048
d__wtregen_tga__lag009,0.504702,0.419713,0.285659,0.35600279
d__dexusuk_dexusuk__lag081,0.69279,0.153342,0.36049,0.35597775
d__totci_totci__lag069,0.667712,0.113864,0.419106,0.35587066
d__dexusuk_dexusuk__lag061,0.69279,0.155045,0.358566,0.35582392
d__totci_totci__lag019,0.667712,0.098056,0.434832,0.35581506
d__dgs6mo_dgs6mo__lag062,0.557994,0.382469,0.255143,0.35578339
q__a024rc1q027sbea_cfc__lag005,0.978056,0.062768,0.30098,0.35576618
d__dexusuk_dexusuk__lag070,0.69279,0.158855,0.354644,0.35574664
d__wtregen_tga_fed__lag004,0.504702,0.415257,0.289604,0.35574505
d__totci_totci__lag018,0.667712,0.097988,0.434688,0.35567414
d__dexusuk_dexusuk__lag059,0.69279,0.151282,0.362043,0.3556259
d__wtregen_tga__lag004,0.504702,0.416803,0.287633,0.3555304
d__totci_totci__lag027,0.667712,0.099936,0.432432,0.35546845
d__totci_totci__lag059,0.667712,0.112506,0.419793,0.35542238
d__dgs6mo_dgs6mo__lag063,0.557994,0.382526,0.254245,0.35531392
d__totci_totci__lag057,0.667712,0.110148,0.42195,0.35528768
q__fpi_fpi__lag007,0.971787,0.047495,0.318021,0.35520407
q__fpi_invest_priv_fixed__lag007,0.971787,0.047495,0.318021,0.35520407
q__bogz1fl712151003q_fed_repo__lag006,0.990596,0.152976,0.205528,0.35513322
m__pcend_pcend__lag006,0.840125,0.022912,0.399802,0.35513255
q__bopbca_bopbca__lag005,0.815047,0.156992,0.278708,0.35511623
d__dgs3mo_dgs3mo__lag043,0.557994,0.379642,0.256714,0.3550825
d__totci_totci__lag025,0.667712,0.099951,0.431771,0.35503712
m__dpsfrim027sbog_row_deposits__lag012,0.658307,0.114027,0.425196,0.35497459
q__bogz1lm105020015q_nfcb_inventories__lag007,0.987461,0.061964,0.297461,0.35491768
q__gdpc1_real_gdp__lag003,0.984326,0.043059,0.317496,0.3549033
q__bogz1fa753061103q_usb_tsy_for_tx__lag008,0.971787,0.041948,0.323225,0.35487045
m__ces3000000008_wage_man__lag005,1.0,0.060182,0.294667,0.35484953
d__dexusuk_dexusuk__lag065,0.69279,0.159781,0.352417,0.35484537
m__dspi_dspi__lag009,0.836991,0.107927,0.316022,0.35484193
m__wpu0561_ppi_crude__lag006,0.990596,0.033626,0.324483,0.3547418
d__dexusuk_dexusuk__lag005,0.69279,0.143856,0.368093,0.35467333
q__bogz1fl262051003q_row_rrp__lag004,0.996865,0.086113,0.269653,0.35465026
m__payems_nonfarm_payrolls__lag010,1.0,0.045649,0.308927,0.35457597
m__cpiaucsl_cpiaucsl__lag002,0.99373,0.029924,0.326845,0.35453213
q__bogz1fa105019005q_nfcb_gfi__lag005,0.981191,0.0492,0.312121,0.35452503
d__totci_totci__lag026,0.667712,0.100049,0.430865,0.35449724
d__dexjpus_dexjpus__lag051,0.69279,0.296969,0.21468,0.35446551
d__wtregen_tga_fed__lag028,0.504702,0.425793,0.276504,0.35445064
q__bopbca_bopbca__lag003,0.821317,0.159866,0.271579,0.35435293
d__wtregen_tga_fed__lag003,0.504702,0.412094,0.289979,0.3543375
d__dgs6mo_dgs6mo__lag064,0.557994,0.381815,0.253193,0.35433023
d__dexjpus_dexjpus__lag061,0.69279,0.302186,0.209249,0.35431691
q__bogz1fr593061105q_pension_ts_reval__lag007,0.974922,0.221865,0.141563,0.35431418
d__totci_totci__lag058,0.667712,0.110091,0.420522,0.35429642
d__dexjpus_dexjpus__lag049,0.69279,0.29817,0.213149,0.35423632
d__totci_totci__lag029,0.667712,0.100735,0.429778,0.3542295
d__dgs3mo_dgs3mo__lag044,0.557994,0.378848,0.255904,0.35418749
d__dgs3mo_dgs3mo__lag045,0.557994,0.378818,0.255826,0.35412734
d__wtregen_tga__lag003,0.504702,0.413631,0.288007,0.35411819
d__wtregen_tga__lag008,0.504702,0.419984,0.281606,0.35409376
q__bogz1lm733061103q_holding_companies_ts__lag006,0.990596,0.02027,0.337178,0.35408631
d__dgs3mo_dgs3mo__lag046,0.557994,0.378793,0.255739,0.35406438
m__ces3000000008_wage_man__lag006,1.0,0.059598,0.294451,0.35404846
d__dexjpus_dexjpus__lag047,0.69279,0.297876,0.213126,0.35401698
m__dspi_dspi__lag006,0.840125,0.10651,0.314842,0.35398926
d__dexjpus_dexjpus__lag059,0.69279,0.302535,0.20834,0.35392918
m__ltdacbm027nbog_ltd__lag011,0.658307,0.200104,0.337496,0.35390606
m__ces2000000008_wage_const__lag001,0.99373,0.063635,0.29249,0.35389205
q__bogz1fr403061105q_gses_ts_reval__lag007,0.974922,0.181794,0.181155,0.35384743
m__ces3000000008_wage_man__lag007,1.0,0.059012,0.294828,0.3538396
m__fedfunds_fed_funds__lag012,0.890282,0.163382,0.23404,0.35381779
d__totci_totci__lag062,0.667712,0.112845,0.417034,0.35380626
d__totci_totci__lag060,0.667712,0.112502,0.417283,0.35374395
d__dexjpus_dexjpus__lag052,0.69279,0.296549,0.214023,0.35371899
d__totci_totci__lag015,0.667712,0.091863,0.437743,0.35362424
d__totci_totci__lag063,0.667712,0.112655,0.416863,0.35356541
d__dexusuk_dexusuk__lag068,0.69279,0.163568,0.346726,0.35352619
d__totci_totci__lag061,0.667712,0.112698,0.416694,0.35348143
q__bogz1fa573061143q_private_db_pension_ts_tx__lag005,0.981191,0.180134,0.180114,0.35347208
q__bogz1fr573061143q_private_db_pension_ts_reval__lag002,0.990596,0.045083,0.311743,0.3534703
m__usalolitoaastsam_oecd_leading_indicator_us__lag006,0.890282,0.263672,0.133337,0.35345084
m__mcumfn_caputil_man__lag005,0.677116,0.356888,0.164963,0.35335323
m__ces3000000008_wage_man__lag002,1.0,0.060526,0.292766,0.35329169
d__dgs6mo_dgs6mo__lag065,0.557994,0.380025,0.253038,0.35324539
d__totci_totci__lag050,0.667712,0.110323,0.418701,0.35323523
q__gdpc1_real_gdp__lag001,0.990596,0.040989,0.315596,0.35323164
q__bogz1lm223061143q_state_local_db_retirement_ts__lag005,0.99373,0.094299,0.261153,0.3532233
d__dexusuk_dexusuk__lag055,0.69279,0.145054,0.36464,0.35311098
d__dexusuk_dexusuk__lag010,0.69279,0.149899,0.359663,0.3530199
q__bogz1fr213061103q_state_local_gov_ts_reval__lag005,0.981191,0.222136,0.137608,0.35297763
d__totci_totci__lag031,0.667712,0.103534,0.425056,0.3529459
d__dexjpus_dexjpus__lag064,0.69279,0.297345,0.211927,0.35281857
m__w875rx1_real_dpi_xtx__lag001,0.84326,0.073414,0.344971,0.35280717
q__bogz1fl713068703q_fed_dw_a__lag008,0.984326,0.229296,0.129119,0.3527968
d__wtregen_tga_fed__lag008,0.504702,0.418392,0.280617,0.35279149
d__dexjpus_dexjpus__lag060,0.69279,0.303204,0.206017,0.35278364
q__a091rc1q027sbea_gov_interest_payments__lag007,0.971787,0.093966,0.269028,0.3527523
q__a091rc1q027sbea_fedgov_int__lag007,0.971787,0.093966,0.269028,0.3527523
d__totci_totci__lag052,0.667712,0.110657,0.417587,0.35271447
d__dexjpus_dexjpus__lag069,0.69279,0.30192,0.207075,0.35262682
d__dexusuk_dexusuk__lag002,0.69279,0.145194,0.363742,0.35258579
m__hqmcb10yrp_hqm10y__lag006,0.526646,0.317324,0.352151,0.35257631
d__dgs6mo_dgs6mo__lag073,0.557994,0.377359,0.25445,0.35254589
d__totci_totci__lag033,0.667712,0.10395,0.424036,0.3525424
d__dgs6mo_dgs6mo__lag071,0.557994,0.378189,0.253591,0.35252926
d__dgs3mo_dgs3mo__lag047,0.557994,0.377694,0.254027,0.35249682
m__dpsfrim027sbog_row_deposits__lag011,0.658307,0.107817,0.427455,0.35237405
d__totci_totci__lag053,0.667712,0.110613,0.417035,0.35231627
d__dexusuk_dexusuk__lag077,0.69279,0.151197,0.357279,0.35226724
d__dgs6mo_dgs6mo__lag074,0.557994,0.378565,0.252732,0.35225934
d__totci_totci__lag049,0.667712,0.110171,0.417374,0.35224784
q__b456rc1q027sbea_nfcb_cfc__lag003,0.984326,0.056589,0.301148,0.35213036
d__totci_totci__lag051,0.667712,0.10999,0.41734,0.35210456
d__dexusuk_dexusuk__lag073,0.69279,0.152547,0.355666,0.35208496
d__totci_totci__lag055,0.667712,0.11079,0.41641,0.3520175
m__uempmean_uempmean__lag004,0.978056,0.189466,0.170436,0.35200418
d__dgs6mo_dgs6mo__lag066,0.557994,0.37858,0.252222,0.35198347
d__dexjpus_dexjpus__lag068,0.69279,0.3016,0.206418,0.35194987
d__anfci_anfci__lag013,0.69279,0.013393,0.494614,0.35194174
q__bogz1fl262051003q_row_rrp__lag003,1.0,0.073624,0.278274,0.35189824
d__dexusuk_dexusuk__lag008,0.69279,0.142338,0.365564,0.35186954
d__totci_totci__lag032,0.667712,0.103632,0.423252,0.35180692
q__rowcbaq027s_row_corpbonds_flow__lag003,0.987461,0.223804,0.132446,0.35178321
d__totci_totci__lag054,0.667712,0.110698,0.416142,0.35177726
d__dgs6mo_dgs6mo__lag072,0.557994,0.377068,0.253339,0.35176292
d__dexjpus_dexjpus__lag071,0.69279,0.298708,0.209034,0.35175837
d__totci_totci__lag056,0.667712,0.110532,0.416238,0.35173051
d__dexjpus_dexjpus__lag070,0.69279,0.297911,0.20978,0.35172333
d__dgs6mo_dgs6mo__lag067,0.557994,0.377491,0.252832,0.3517164
m__dpsfrim027sbog_row_deposits__lag009,0.661442,0.108327,0.423377,0.35169078
d__dgs6mo_dgs6mo__lag068,0.557994,0.376719,0.253554,0.35168865
m__mcumfn_caputil_man__lag006,0.677116,0.34174,0.177441,0.35154573
q__cbi_cbi__lag005,0.978056,0.305542,0.053873,0.35152796
d__dgs3mo_dgs3mo__lag048,0.557994,0.377433,0.252485,0.35149022
q__bogz1fa543061175q_life_insurance_ts_tx__lag001,0.99373,0.105499,0.248207,0.35148836
d__dexjpus_dexjpus__lag050,0.69279,0.295003,0.212183,0.35137379
d__dgs6mo_dgs6mo__lag070,0.557994,0.376496,0.253178,0.35135425
m__w875rx1_real_dpi_xtx__lag002,0.84326,0.068516,0.348121,0.35133321
d__dgs6mo_dgs6mo__lag075,0.557994,0.377706,0.25185,0.35128791
d__dexjpus_dexjpus__lag073,0.69279,0.296675,0.210319,0.35124044
q__bogz1fa673061103q_abs_issuers_ts_tx__lag005,0.981191,0.073903,0.284029,0.35119896
d__dgs6mo_dgs6mo__lag069,0.557994,0.376262,0.253048,0.35115108
d__dexjpus_dexjpus__lag066,0.69279,0.303264,0.203579,0.35113558
d__dexjpus_dexjpus__lag048,0.69279,0.297894,0.208839,0.35105949
q__bogz1fr753061103q_usb_tsy_for_reval__lag006,0.978056,0.178197,0.180707,0.35102799
d__dgs3mo_dgs3mo__lag049,0.557994,0.377317,0.251755,0.35101778
q__bogz1fl313161305q_gov_nonmarketable_ts__lag003,1.0,0.075843,0.275116,0.35095915
d__totci_totci__lag034,0.667712,0.104017,0.421451,0.35086088
q__a4102c1q027sbea_gdi_wages__lag005,0.978056,0.057207,0.301332,0.35067087
d__dgs6mo_dgs6mo__lag078,0.557994,0.378364,0.250042,0.35064663
m__hqmcb10yrp_hqm10y__lag003,0.529781,0.312455,0.349391,0.35063327
d__dgs3mo_dgs3mo__lag050,0.557994,0.375758,0.25247,0.35054743
d__totci_totci__lag048,0.667712,0.109758,0.415167,0.35049875
m__ces3000000008_wage_man__lag001,1.0,0.058036,0.292451,0.35048671
q__bogz1fa543061175q_life_insurance_ts_tx__lag005,0.981191,0.106016,0.251185,0.3504825
d__dgs6mo_dgs6mo__lag077,0.557994,0.3776,0.250451,0.35044834
d__anfci_anfci__lag014,0.69279,0.00958,0.496245,0.3504308
d__totci_totci__lag035,0.667712,0.104126,0.420654,0.35040141
d__dexjpus_dexjpus__lag067,0.69279,0.301888,0.203892,0.35039881
d__dexusuk_dexusuk__lag083,0.69279,0.152648,0.353102,0.35037862
d__totci_totci__lag042,0.667712,0.105985,0.418572,0.35025263
d__dexjpus_dexjpus__lag062,0.69279,0.300406,0.205034,0.35016373
d__dgs6mo_dgs6mo__lag076,0.557994,0.376515,0.250948,0.35012055
m__ces3000000008_wage_man__lag003,1.0,0.05748,0.292502,0.34998159
d__totci_totci__lag037,0.667712,0.10448,0.419617,0.34994561
d__dgs6mo_dgs6mo__lag081,0.557994,0.377652,0.249351,0.34986408
m__cpiulfsl_cpiulfsl__lag002,0.99373,0.03032,0.321725,0.34983768
d__dexusuk_dexusuk__lag062,0.69279,0.158254,0.346691,0.3498208
q__bogz1fr563061103q_etfs_ts_reval__lag003,0.987461,0.20974,0.144393,0.34969225
d__wtregen_tga_fed__lag009,0.504702,0.418136,0.274703,0.34967725
d__dgs3mo_dgs3mo__lag053,0.557994,0.374133,0.2525,0.34965717
m__ces3000000008_wage_man__lag004,1.0,0.056438,0.293191,0.3496293
d__dgs6mo_dgs6mo__lag082,0.557994,0.377359,0.249034,0.34952319
d__dgs6mo_dgs6mo__lag080,0.557994,0.377105,0.249253,0.3495037
q__b461rc1q027sbea_netva_wages__lag006,0.974922,0.054371,0.304112,0.34949299
d__anfci_anfci__lag019,0.69279,0.001171,0.503248,0.34945616
d__totci_totci__lag036,0.667712,0.103997,0.419305,0.34941467
q__bogz1fa563061103q_etfs_ts_tx__lag007,0.974922,0.106529,0.251869,0.34940946
d__wtregen_tga_fed__lag002,0.504702,0.407098,0.285101,0.34935454
d__dexjpus_dexjpus__lag065,0.69279,0.300713,0.203535,0.34933789
d__dexjpus_dexjpus__lag072,0.69279,0.298971,0.205264,0.3493293
d__dexjpus_dexjpus__lag063,0.69279,0.297461,0.206687,0.34926851
d__dgs3mo_dgs3mo__lag052,0.557994,0.373884,0.252048,0.34926643
d__totci_totci__lag040,0.667712,0.105556,0.417407,0.3491886
d__wtregen_tga_fed__lag001,0.504702,0.406017,0.285821,0.34917224
d__wtregen_tga__lag002,0.504702,0.408636,0.283119,0.34913061
d__totci_totci__lag039,0.667712,0.105494,0.417333,0.34909773
d__dgs6mo_dgs6mo__lag079,0.557994,0.375889,0.249604,0.34902124
d__dgs6mo_dgs6mo__lag083,0.557994,0.377191,0.248259,0.34899683
d__totci_totci__lag038,0.667712,0.105636,0.417027,0.34898817
d__wtregen_tga__lag001,0.504702,0.407559,0.283839,0.34894993
d__totci_totci__lag041,0.667712,0.105569,0.416982,0.3489135
d__dexusuk_dexusuk__lag089,0.689655,0.160029,0.345887,0.34890786
q__bogz1fl343061123q_fed_gov_dcg_retirement_ts__lag007,0.987461,0.08456,0.268765,0.34889512
q__bogz1fl513061115q_pci_bills_raw__lag008,0.984326,0.0351,0.319325,0.34886995
q__bogz1fl513061115q_pci_bills__lag008,0.984326,0.0351,0.319325,0.34886995
q__tnwmvbsnncb_nfcb_nw__lag008,0.984326,0.042251,0.312147,0.34884379
d__dgs3mo_dgs3mo__lag051,0.557994,0.373685,0.251412,0.34880019
m__iputil_iputil__lag010,1.0,0.05465,0.293931,0.34858137
d__dgs3mo_dgs3mo__lag060,0.557994,0.372363,0.2523,0.34855857
d__dexusuk_dexusuk__lag001,0.69279,0.142504,0.360449,0.34844093
m__dspi_dspi__lag012,0.833856,0.098202,0.319558,0.34835166
d__totci_totci__lag046,0.667712,0.10943,0.412065,0.34820868
d__anfci_anfci__lag015,0.69279,0.008095,0.494493,0.34818754
d__dexusuk_dexusuk__lag079,0.69279,0.153616,0.348937,0.34816324
d__anfci_anfci__lag049,0.69279,0.024939,0.477591,0.34814764
d__totci_totci__lag047,0.667712,0.10963,0.411731,0.34811874
d__totci_totci__lag043,0.667712,0.107373,0.413775,0.34797614
d__dgs6mo_dgs6mo__lag084,0.557994,0.375376,0.248233,0.34797008
d__dgs3mo_dgs3mo__lag054,0.557994,0.372619,0.250968,0.34795784
d__totci_totci__lag045,0.667712,0.109493,0.411513,0.34788158
m__iputil_iputil__lag009,1.0,0.005316,0.342497,0.3478128
d__dexusuk_dexusuk__lag090,0.689655,0.155908,0.348363,0.34777291
d__anfci_anfci__lag018,0.69279,0.004844,0.49709,0.34773474
d__anfci_anfci__lag017,0.69279,0.003899,0.497928,0.34766085
d__dgs6mo_dgs6mo__lag085,0.557994,0.376075,0.246919,0.3476266
d__dgs6mo_dgs6mo__lag090,0.557994,0.377033,0.245797,0.34753559
d__totci_totci__lag044,0.667712,0.107859,0.412399,0.34738231
q__fgtsl_fgtsl__lag005,0.99373,0.027675,0.321824,0.34730712
d__dgs3mo_dgs3mo__lag056,0.557994,0.37172,0.250485,0.34718668
d__dgs6mo_dgs6mo__lag087,0.557994,0.375173,0.24696,0.34714616
q__bogz1fr733061103q_holding_companies_ts_reval__lag005,0.981191,0.204166,0.149576,0.34708822
q__bogz1fl713068703q_fed_dw_a__lag006,0.990596,0.219079,0.131252,0.34703643
q__bogz1fr343061113q_fed_gov_dcf_retirement_ts_reval__lag007,0.974922,0.209288,0.146666,0.34702691
d__anfci_anfci__lag048,0.69279,0.027044,0.473783,0.34696798
d__dgs3mo_dgs3mo__lag055,0.557994,0.371394,0.25038,0.34694596
q__gdp_gdp__lag005,0.978056,0.054067,0.300624,0.34690758
d__dgs6mo_dgs6mo__lag088,0.557994,0.3748,0.246903,0.34690662
d__dgs3mo_dgs3mo__lag061,0.557994,0.370922,0.250643,0.34682973
d__dgs6mo_dgs6mo__lag089,0.557994,0.375861,0.245651,0.34680003
q__bogz1fa563061103q_etfs_ts_tx__lag005,0.981191,0.088746,0.264684,0.34678153
d__dexjpus_dexjpus__lag081,0.69279,0.296508,0.204002,0.34674842
q__bogz1fl663061165q_brokers_dealers_long_ts__lag004,0.996865,0.058976,0.288777,0.3466627
q__gpdi_gpdi__lag004,0.981191,0.049543,0.303614,0.34651401
d__dgs3mo_dgs3mo__lag057,0.557994,0.370854,0.250131,0.34650579
d__dexjpus_dexjpus__lag058,0.69279,0.301905,0.198032,0.34635158
q__bogz1fr573061105q_private_pension_ts_reval__lag007,0.974922,0.216013,0.139202,0.34630722
d__dgs6mo_dgs6mo__lag086,0.557994,0.374231,0.246305,0.34625519
q__gpdi_gpdi__lag003,0.984326,0.047977,0.303767,0.34623007
d__dgs3mo_dgs3mo__lag059,0.557994,0.37044,0.25004,0.34622383
q__tfaabsnncb_nfcb_tfa__lag008,0.984326,0.039597,0.311874,0.34596205
q__a024rc1q027sbea_cfc__lag001,0.990596,0.0371,0.312021,0.34583834
d__dgs3mo_dgs3mo__lag058,0.557994,0.369887,0.249854,0.34581133
q__bogz1fl503061123q_ccps_ts__lag006,0.990596,0.076698,0.272371,0.34578682
d__dexjpus_dexjpus__lag080,0.69279,0.297058,0.201955,0.34571092
d__dexusuk_dexusuk__lag078,0.69279,0.151374,0.347611,0.34569188
d__wtregen_tga_fed__lag010,0.504702,0.412681,0.272233,0.34567768
d__dexusuk_dexusuk__lag087,0.69279,0.156025,0.342819,0.34559403
d__dgs3mo_dgs3mo__lag062,0.557994,0.369904,0.249316,0.34552065
d__wtregen_tga__lag010,0.504702,0.414299,0.270216,0.34547614
d__dexusuk_dexusuk__lag074,0.69279,0.154978,0.34323,0.34515332
q__bogz1fr153061105q_hhnp_tsy_reval__lag001,0.99373,0.077719,0.26956,0.34510202
d__dexjpus_dexjpus__lag082,0.69279,0.299953,0.198173,0.34509678
q__a024rc1q027sbea_cfc__lag004,0.981191,0.053456,0.298176,0.34501816
q__bogz1fa713061113q_cb_bills_tx__lag008,0.971787,0.062732,0.292215,0.34493288
q__bogz1fa573061143q_private_db_pension_ts_tx__lag004,0.984326,0.118104,0.232267,0.3448785
d__dexusuk_dexusuk__lag009,0.69279,0.147187,0.350534,0.34481598
d__dgs3mo_dgs3mo__lag063,0.557994,0.369233,0.248405,0.34463812
q__w326rc1q027sbea_net_op_surplus__lag004,0.981191,0.056503,0.294563,0.34446295
d__dexusuk_dexusuk__lag086,0.69279,0.155106,0.342082,0.34444665
q__b456rc1q027sbea_nfcb_cfc__lag002,0.987461,0.050719,0.298055,0.34440066
d__dexusuk_dexusuk__lag004,0.69279,0.143164,0.353852,0.34432769
q__bogz1fa313161105q_tsy_net_tx__lag006,0.978056,0.102343,0.24965,0.34426985
q__hnotsbq027s_hhnp_tsy_tx__lag007,0.974922,0.173158,0.179944,0.3442469
d__dexusuk_dexusuk__lag075,0.69279,0.152538,0.34414,0.34409374
q__bogz1lm903061103q_instrument_discrepancies_ts__lag006,0.990596,0.073511,0.273802,0.34404735
d__anfci_anfci__lag016,0.69279,0.004971,0.491504,0.34395286
d__dexusuk_dexusuk__lag003,0.69279,0.140736,0.35567,0.34390508
q__rowcbaq027s_row_corpbonds_flow__lag002,0.990596,0.119695,0.227382,0.34381271
q__gpdi_gpdi__lag002,0.987461,0.055086,0.293051,0.34377164
d__dgs3mo_dgs3mo__lag071,0.557994,0.366182,0.249749,0.34368578
q__bogz1fr103061103q_nfcb_tsy_reval__lag003,0.987461,0.191083,0.156813,0.34353374
d__anfci_anfci__lag052,0.69279,0.027202,0.468504,0.3434198
d__dexjpus_dexjpus__lag075,0.69279,0.293562,0.202007,0.34332553
d__dgs3mo_dgs3mo__lag064,0.557994,0.367646,0.247572,0.34328775
m__fedfunds_fed_funds__lag011,0.890282,0.190599,0.194849,0.34315784
d__dgs3mo_dgs3mo__lag074,0.557994,0.365668,0.249045,0.34300642
q__bogz1fr383061105q_dom_nonfin_sector_tsy_reval__lag003,0.987461,0.190597,0.156747,0.34298807
d__dgs3mo_dgs3mo__lag072,0.557994,0.365061,0.249609,0.34298201
d__dgs3mo_dgs3mo__lag073,0.557994,0.364577,0.250067,0.3429678
q__bogz1fa713061113q_cb_bills_tx__lag001,0.99373,0.144838,0.200235,0.34290922
q__bogz1lm213061103q_state_local_gov_ts__lag004,0.996865,0.056533,0.287419,0.34287394
q__rowgseq027s_row_agency_flow__lag004,0.984326,0.19315,0.154996,0.34268865
d__dexjpus_dexjpus__lag074,0.69279,0.293514,0.200944,0.34255548
d__anfci_anfci__lag050,0.69279,0.025649,0.468583,0.34239906
d__dgs3mo_dgs3mo__lag075,0.557994,0.364743,0.248778,0.34234084
d__anfci_anfci__lag054,0.69279,0.02908,0.465008,0.34229907
d__dexjpus_dexjpus__lag087,0.69279,0.300908,0.193149,0.34227805
q__bogz1fr713061103q_cb_tsy_reval__lag007,0.974922,0.196934,0.154141,0.34227016
d__dgs3mo_dgs3mo__lag065,0.557994,0.36577,0.247464,0.34218086
q__gsave_gsave__lag005,0.978056,0.023702,0.326112,0.34213798
d__dexusuk_dexusuk__lag085,0.69279,0.15484,0.338954,0.34209567
d__anfci_anfci__lag053,0.69279,0.028281,0.465481,0.3420733
d__dexusuk_dexusuk__lag088,0.689655,0.155296,0.340593,0.34199241
q__bogz1fl713068703q_fed_dw_a__lag007,0.987461,0.250745,0.09551,0.34191363
d__dgs3mo_dgs3mo__lag077,0.557994,0.366134,0.246527,0.34186101
d__dgs3mo_dgs3mo__lag068,0.557994,0.364336,0.248138,0.34175675
d__dexjpus_dexjpus__lag086,0.69279,0.300193,0.192967,0.3416564
d__dgs3mo_dgs3mo__lag078,0.557994,0.365712,0.246542,0.3416339
q__bogz1fa263061130q_row_gov_tsy_tx__lag005,0.981191,0.098838,0.249296,0.34158556
d__dgs3mo_dgs3mo__lag070,0.557994,0.363702,0.248412,0.34155627
m__cpiaucsl_cpiaucsl__lag003,0.99373,0.030476,0.313022,0.3413446
d__dgs3mo_dgs3mo__lag076,0.557994,0.36383,0.247893,0.34133756
d__dgs3mo_dgs3mo__lag067,0.557994,0.36391,0.247684,0.3412659
q__bogz1fr513061105q_pc_insurance_ts_reval__lag003,0.987461,0.140096,0.205444,0.34120708
q__bogz1fr343061165q_fed_gov_db_retirement_ts_reval__lag002,0.990596,0.078579,0.265803,0.34114342
d__dexusuk_dexusuk__lag084,0.69279,0.153785,0.338621,0.34113431
d__dexjpus_dexjpus__lag079,0.69279,0.293636,0.198747,0.34111773
d__dgs3mo_dgs3mo__lag069,0.557994,0.363621,0.247701,0.34111385
q__bogz1fa733061103q_holding_companies_ts_tx__lag007,0.974922,0.002331,0.347551,0.341108
q__netfi_netfi__lag008,0.968652,0.126187,0.225832,0.34098397
d__dgs3mo_dgs3mo__lag066,0.557994,0.364432,0.246643,0.34097625
m__mcumfn_caputil_man__lag012,0.670846,0.353141,0.155072,0.34093299
m__dspi_dspi__lag007,0.836991,0.091847,0.314984,0.34051342
d__dexjpus_dexjpus__lag083,0.69279,0.298354,0.192865,0.34031115
q__bogz1fr753061103q_usb_tsy_for_reval__lag007,0.974922,0.255851,0.093136,0.3402353
q__bogz1fr753061103q_usb_tsy_for_reval__lag002,0.990596,0.065079,0.278379,0.34022738
q__impgs_imports__lag002,0.987461,0.060546,0.28397,0.34019636
d__dexusuk_dexusuk__lag072,0.69279,0.149793,0.341249,0.34018882
m__iputil_iputil__lag011,1.0,0.041169,0.298898,0.34006675
q__gpdi_gpdi__lag001,0.990596,0.044032,0.299134,0.33993908
q__bogz1lm105020015q_nfcb_inventories__lag003,1.0,0.008151,0.331687,0.33983811
d__dexusuk_dexusuk__lag012,0.69279,0.1466,0.343927,0.33983234
d__dgs3mo_dgs3mo__lag082,0.557994,0.364554,0.244397,0.33979112
d__dgs3mo_dgs3mo__lag081,0.557994,0.363976,0.244974,0.33979034
d__dgs3mo_dgs3mo__lag079,0.557994,0.363674,0.245272,0.33978801
q__w328rc1q027sbea_nfcb_pat__lag004,0.981191,0.04763,0.298661,0.33977766
d__dexusuk_dexusuk__lag071,0.69279,0.154727,0.335614,0.3397034
d__dgs3mo_dgs3mo__lag080,0.557994,0.363998,0.244666,0.33963045
d__dexjpus_dexjpus__lag076,0.69279,0.292752,0.197468,0.33961958
d__dexjpus_dexjpus__lag084,0.69279,0.300544,0.189496,0.33949469
q__bogz1fl892050005q_all_ffrepo__lag003,1.0,0.010611,0.328855,0.33946561
m__w875rx1_real_dpi_xtx__lag003,0.84326,0.064055,0.338237,0.33923639
d__dexjpus_dexjpus__lag090,0.689655,0.30586,0.186019,0.33922697
d__dexusuk_dexusuk__lag076,0.69279,0.15086,0.338704,0.33916477
d__dexusuk_dexusuk__lag013,0.69279,0.147067,0.34245,0.33913236
q__dividend_dividend__lag008,0.968652,0.055314,0.29476,0.33910057
d__anfci_anfci__lag051,0.69279,0.026741,0.462436,0.33889645
d__dexjpus_dexjpus__lag085,0.69279,0.301976,0.186935,0.33871269
d__dexjpus_dexjpus__lag078,0.69279,0.29393,0.194869,0.33863492
m__w875rx1_real_dpi_xtx__lag010,0.833856,0.070146,0.335887,0.33857291
q__bogz1fl702150005q_usb_ffrepo__lag001,1.0,0.080559,0.257986,0.33854483
d__dexusuk_dexusuk__lag063,0.69279,0.15831,0.330134,0.33838899
d__dgs3mo_dgs3mo__lag083,0.557994,0.363508,0.24285,0.33834444
q__bogz1fr733061103q_holding_companies_ts_reval__lag003,0.987461,0.179838,0.162779,0.33832085
d__dexjpus_dexjpus__lag089,0.689655,0.299731,0.190808,0.3383025
q__gsave_gsave__lag003,0.984326,0.012624,0.330549,0.33779456
d__dexjpus_dexjpus__lag077,0.69279,0.291112,0.196226,0.33762316
d__dexjpus_dexjpus__lag088,0.689655,0.295681,0.193756,0.33754255
d__dgs3mo_dgs3mo__lag084,0.557994,0.362053,0.24233,0.33724193
m__cpiulfsl_cpiulfsl__lag003,0.99373,0.030794,0.308102,0.33677194
q__bogz1fl263061145q_row_priv_tsy__lag001,1.0,0.065371,0.271354,0.33672509
m__wtisplc_wtisplc__lag010,0.996865,0.071276,0.266457,0.33667444
m__mtso133fms_fedgov_out__lag010,0.561129,0.084113,0.515439,0.33642575
d__dgs3mo_dgs3mo__lag085,0.557994,0.361534,0.241183,0.33631222
m__iputil_iputil__lag006,1.0,0.043048,0.29321,0.33625749
m__w875rx1_real_dpi_xtx__lag011,0.833856,0.071507,0.331728,0.3362404
q__rowmslq027s_row_muni_flow__lag002,0.990596,0.108803,0.230626,0.33623694
q__gsave_gsave__lag002,0.987461,0.02682,0.313609,0.33615972
d__dexusuk_dexusuk__lag054,0.69279,0.144159,0.340771,0.33595459
q__pcesv_pcesv__lag004,0.981191,0.039488,0.302602,0.33565515
q__a024rc1q027sbea_cfc__lag003,0.984326,0.045686,0.295295,0.33563668
q__mmmffaq027s_mmf_tfa__lag007,0.987461,0.040732,0.299107,0.33557677
m__hqmcb10yrp_hqm10y__lag007,0.523511,0.297081,0.343842,0.33553031
q__b456rc1q027sbea_nfcb_cfc__lag001,0.990596,0.043914,0.294635,0.3353652
q__bogz1fr553061103q_closed_end_funds_ts_reval__lag003,0.987461,0.196224,0.143335,0.33530179
d__dgs3mo_dgs3mo__lag088,0.557994,0.36023,0.240283,0.33508267
q__bogz1fl513061115q_pci_bills_raw__lag006,0.990596,0.064617,0.27342,0.33485777
q__bogz1fl513061115q_pci_bills__lag006,0.990596,0.064617,0.27342,0.33485777
q__rownblq027s_row_nonfinbusinessloans_flow__lag004,0.984326,0.050715,0.289395,0.33477941
d__dgs3mo_dgs3mo__lag087,0.557994,0.359427,0.240375,0.33468561
q__a457rc1q027sbea_netva_nfcb__lag006,0.974922,0.04098,0.302262,0.33463406
q__pnfi_priv_nonres_fi__lag004,0.981191,0.02977,0.311099,0.33445782
d__dgs3mo_dgs3mo__lag086,0.557994,0.358943,0.240269,0.33435643
q__fpi_fpi__lag006,0.974922,0.030656,0.312177,0.33423528
q__fpi_invest_priv_fixed__lag006,0.974922,0.030656,0.312177,0.33423528
q__bogz1fr103061103q_nfcb_tsy_reval__lag002,0.990596,0.037527,0.299363,0.33372136
d__dexusuk_dexusuk__lag017,0.69279,0.132474,0.34916,0.33367121
q__bogz1fa223061143q_state_local_db_retirement_ts_tx__lag006,0.978056,0.052184,0.288872,0.33357176
d__dexusuk_dexusuk__lag053,0.69279,0.144512,0.336867,0.33349431
q__impgs_imports__lag003,0.984326,0.048705,0.289869,0.33326768
d__dgs3mo_dgs3mo__lag090,0.557994,0.358903,0.238338,0.33325684
d__dgs3mo_dgs3mo__lag089,0.557994,0.358908,0.238213,0.33318926
d__dexusuk_dexusuk__lag019,0.69279,0.140787,0.340103,0.33315584
m__srvprd_srvprd__lag012,1.0,0.021516,0.311576,0.33309189
q__tnwhcbsnncb_nfcb_hc_nw__lag001,1.0,0.029943,0.3031,0.33304286
q__b639rg3q086sbea_exp_ind_pi__lag003,0.733542,0.115316,0.338597,0.33296499
q__rowsllq027s_row_stloan_l__lag008,0.984326,0.078882,0.259275,0.33285667
d__dexusuk_dexusuk__lag014,0.69279,0.143867,0.336527,0.33281219
q__a4102c1q027sbea_gdi_wages__lag004,0.981191,0.040314,0.298814,0.3327497
m__ipmine_ipmine__lag010,1.0,0.032339,0.30036,0.33269808
q__bogz1fl513061115q_pci_bills_raw__lag004,0.996865,0.068686,0.26477,0.33241007
q__bogz1fl513061115q_pci_bills__lag004,0.996865,0.068686,0.26477,0.33241007
q__gdpc1_real_gdp__lag002,0.987461,0.023223,0.313264,0.3322672
m__ltdacbm027nbog_ltd__lag010,0.658307,0.168649,0.335987,0.33220589
q__a4102c1q027sbea_gdi_wages__lag003,0.984326,0.037127,0.300316,0.33215427
q__gsave_gsave__lag004,0.981191,0.013464,0.325043,0.33213946
d__dexusuk_dexusuk__lag018,0.69279,0.135893,0.343401,0.33205007
m__cpiaucsl_cpiaucsl__lag004,0.990596,0.03058,0.304569,0.33199681
q__bogz1lm103061103q_nfcb_tsy__lag008,0.984326,0.037414,0.299741,0.33187141
q__bogz1fr343061105q_fed_gov_retirement_ts_reval__lag007,0.974922,0.207689,0.132682,0.33183493
q__bogz1lm105020015q_nfcb_inventories__lag006,0.990596,0.042991,0.291323,0.33116982
q__bogz1fl343061123q_fed_gov_dcg_retirement_ts__lag006,0.990596,0.002972,0.331154,0.33098399
d__dexusuk_dexusuk__lag020,0.69279,0.1418,0.335889,0.33093846
q__a464rc1q027sbea_nfcb_pbt__lag007,0.971787,0.131955,0.208291,0.33064615
m__mcumfn_caputil_man__lag007,0.673981,0.34968,0.140858,0.33061346
m__usalolitoaastsam_oecd_leading_indicator_us__lag005,0.890282,0.222952,0.148357,0.33056937
q__bogz1fr573061143q_private_db_pension_ts_reval__lag007,0.974922,0.213332,0.125618,0.33044969
m__w875rx1_real_dpi_xtx__lag004,0.840125,0.05895,0.334118,0.3302268
q__bogz1lm473061105q_credit_unions_ts__lag006,0.990596,0.017317,0.315798,0.32998159
q__bogz1lm473061105q_credit_unions_ts_tx__lag006,0.990596,0.017317,0.315798,0.32998159
q__rowtsaq027s_row_tsy_tx__lag001,0.99373,0.183562,0.148501,0.32998071
m__iputil_iputil__lag005,1.0,0.041709,0.288223,0.32993212
q__bogz1fa563061103q_etfs_ts_tx__lag008,0.971787,0.151655,0.187824,0.32990175
m__cpiulfsl_cpiulfsl__lag012,0.984326,0.045758,0.289287,0.32979386
m__w875rx1_real_dpi_xtx__lag005,0.840125,0.057763,0.334462,0.32951848
m__wtisplc_wtisplc__lag009,1.0,0.082165,0.247319,0.32948372
q__bogz1fl263061145q_row_priv_tsy__lag002,1.0,0.06136,0.268109,0.32946846
m__cpiulfsl_cpiulfsl__lag004,0.990596,0.030872,0.301536,0.32928226
q__bogz1fl313161110q_totalbills_z1__lag007,0.987461,0.010512,0.322806,0.32913807
q__a024rc1q027sbea_cfc__lag002,0.987461,0.040634,0.292455,0.32891189
m__iputil_iputil__lag004,1.0,0.036949,0.291929,0.32887808
q__bogz1fa473061105q_credit_unions_ts_tx__lag001,0.99373,0.0626,0.268342,0.3288668
q__fpi_fpi__lag002,0.987461,0.03426,0.298646,0.32873152
q__fpi_invest_priv_fixed__lag002,0.987461,0.03426,0.298646,0.32873152
q__bogz1fr383061105q_dom_nonfin_sector_tsy_reval__lag002,0.990596,0.072433,0.259151,0.32846556
m__cpiaucsl_cpiaucsl__lag012,0.984326,0.045077,0.288433,0.32828292
q__bogz1fl383061105q_dom_nonfin_sector_tsy__lag008,0.984326,0.103437,0.230026,0.32823693
m__dspi_dspi__lag002,0.84326,0.071104,0.317944,0.32806882
q__bogz1fr153061105q_hhnp_tsy_reval__lag007,0.974922,0.214366,0.122055,0.32798329
q__w260rc1q027sbea_gdi_netopsurp_privent__lag002,0.987461,0.006874,0.325223,0.32793313
q__bogz1fl713068703q_fed_dw_a__lag005,0.99373,0.159858,0.169932,0.32772226
q__bogz1fl513061115q_pci_bills_raw__lag005,0.99373,0.05922,0.270372,0.3275258
q__bogz1fl513061115q_pci_bills__lag005,0.99373,0.05922,0.270372,0.3275258
d__anfci_anfci__lag056,0.69279,0.032906,0.439713,0.32742628
q__bogz1fl712051000q_fed_rrp__lag008,0.984326,0.013486,0.319078,0.32735175
q__bogz1fa653061113q_mutf_bills_tx__lag008,0.971787,0.126762,0.209812,0.32707815
q__bogz1fr553061103q_closed_end_funds_ts_reval__lag002,0.990596,0.037166,0.293002,0.32706264
m__hqmcb10yrp_hqm10y__lag008,0.523511,0.279766,0.344904,0.32702164
q__tnwhcbsnncb_nfcb_hc_nw__lag008,0.984326,0.014614,0.317545,0.32695194
q__bogz1fa573061105q_private_pension_ts_tx__lag002,0.990596,0.148914,0.181018,0.32682862
q__impgs_imports__lag004,0.981191,0.04071,0.292208,0.32665659
q__rownblq027s_row_nonfinbusinessloans_flow__lag007,0.974922,0.031488,0.303467,0.32655509
q__bogz1fl892050005q_all_ffrepo__lag005,0.99373,0.05812,0.270483,0.32654327
m__cpiulfsl_cpiulfsl__lag011,0.984326,0.043568,0.288134,0.32650245
m__dspi_dspi__lag008,0.836991,0.084512,0.305356,0.32631538
q__bogz1lm903061103q_instrument_discrepancies_ts__lag007,0.987461,0.01811,0.31226,0.32622805
q__b461rc1q027sbea_netva_wages__lag005,0.978056,0.037682,0.29586,0.32622267
d__anfci_anfci__lag055,0.69279,0.033707,0.43681,0.32596965
q__bogz1fr403061105q_gses_ts_reval__lag006,0.978056,0.178834,0.154357,0.32588018
d__t10y2y_t10y2y__lag011,0.626959,0.271908,0.247861,0.32587387
m__ipmine_ipmine__lag011,1.0,0.030181,0.295678,0.32585864
d__dexusuk_dexusuk__lag016,0.69279,0.135015,0.334957,0.32559153
q__bogz1fl663061165q_brokers_dealers_long_ts__lag005,0.99373,0.036377,0.291107,0.32543131
d__anfci_anfci__lag006,0.69279,0.020239,0.449416,0.32537231
d__anfci_anfci__lag059,0.69279,0.034842,0.434701,0.32529472
d__t10y2y_t10y2y__lag021,0.626959,0.264166,0.254379,0.32510636
m__w875rx1_real_dpi_xtx__lag008,0.836991,0.055746,0.332652,0.32508524
d__vixcls_vixcls__lag060,0.454545,0.323035,0.392107,0.32506458
m__cpiaucsl_cpiaucsl__lag011,0.984326,0.042879,0.287244,0.32494827
d__t10y2y_t10y2y__lag008,0.626959,0.273923,0.244099,0.32477888
q__a464rc1q027sbea_nfcb_pbt__lag006,0.974922,0.138651,0.194348,0.32464786
q__bogz1lm343061105q_fed_gov_retirement_ts__lag007,0.987461,0.093864,0.234866,0.3246085
q__bogz1lm343061105q_fed_ret_tsy_total__lag007,0.987461,0.093864,0.234866,0.3246085
m__ltdacbm027nbog_ltd__lag009,0.661442,0.150317,0.340154,0.32441806
q__bogz1fa553061103q_closed_end_funds_ts_tx__lag008,0.971787,0.134365,0.199462,0.32440867
q__bogz1fr553061103q_closed_end_funds_ts_reval__lag004,0.984326,0.153999,0.175472,0.32430686
m__wtisplc_wtisplc__lag011,0.996865,0.064467,0.260743,0.3241904
q__fpi_fpi__lag003,0.984326,0.02894,0.300344,0.32412324
q__fpi_invest_priv_fixed__lag003,0.984326,0.02894,0.300344,0.32412324
d__t10y2y_t10y2y__lag020,0.626959,0.26828,0.248322,0.323889
m__w875rx1_real_dpi_xtx__lag007,0.836991,0.05973,0.326933,0.32363319
q__bogz1lm213061103q_state_local_gov_ts__lag005,0.99373,0.080063,0.245467,0.32348874
m__w875rx1_real_dpi_xtx__lag012,0.833856,0.063513,0.324352,0.32342365
q__bopbca_bopbca__lag006,0.811912,0.129003,0.269292,0.32338058
q__gdp_gdp__lag004,0.981191,0.03111,0.297838,0.32276103
d__t10y2y_t10y2y__lag010,0.626959,0.2719,0.242411,0.32245182
m__pcend_pcend__lag010,0.833856,0.025449,0.361148,0.32236631
m__dspi_dspi__lag010,0.833856,0.079229,0.307184,0.32221316
m__dspi_dspi__lag011,0.833856,0.084384,0.30189,0.32209658
d__t10y2y_t10y2y__lag007,0.626959,0.273276,0.240164,0.3219063
d__anfci_anfci__lag007,0.69279,0.016364,0.448205,0.32184881
q__w260rc1q027sbea_gdi_netopsurp_privent__lag008,0.968652,0.026555,0.305708,0.32184771
d__t10y2y_t10y2y__lag009,0.626959,0.273369,0.239941,0.3218243
m__srvprd_srvprd__lag011,1.0,0.009848,0.311912,0.32175988
d__anfci_anfci__lag058,0.69279,0.03447,0.429623,0.32151908
m__dspi_dspi__lag005,0.840125,0.074125,0.308343,0.32132125
d__anfci_anfci__lag057,0.69279,0.033486,0.429969,0.32107696
q__tnwhcbsnncb_nfcb_hc_nw__lag007,0.987461,0.01784,0.307291,0.32105418
d__anfci_anfci__lag060,0.69279,0.035454,0.427905,0.32101023
d__anfci_anfci__lag061,0.69279,0.035128,0.427979,0.32083561
d__anfci_anfci__lag012,0.69279,0.010247,0.452654,0.32069263
d__t10y2y_t10y2y__lag022,0.626959,0.258809,0.252497,0.3205678
q__a464rc1q027sbea_nfcb_pbt__lag008,0.968652,0.110247,0.220484,0.32036263
d__anfci_anfci__lag011,0.69279,0.012208,0.450194,0.32034743
d__t10y2y_t10y2y__lag012,0.626959,0.27214,0.238782,0.3203275
q__bogz1fl663061165q_brokers_dealers_long_ts__lag006,0.990596,0.051711,0.271547,0.32021859
d__anfci_anfci__lag008,0.69279,0.014798,0.447372,0.32018669
q__fpi_invest_priv_fixed__lag001,0.990596,0.027109,0.296099,0.32016823
d__t10y2y_t10y2y__lag016,0.626959,0.269143,0.241454,0.32012326
q__bogz1fl383061105q_dom_nonfin_sector_tsy__lag002,1.0,0.088203,0.231911,0.32011357
m__cpiulfsl_cpiulfsl__lag010,0.984326,0.039196,0.285933,0.32003291
q__fpi_fpi__lag001,0.990596,0.027021,0.296006,0.31998862
d__anfci_anfci__lag010,0.69279,0.011156,0.45058,0.31988592
q__rowgseq027s_row_agency_flow__lag008,0.971787,0.105789,0.223122,0.31963158
m__w875rx1_real_dpi_xtx__lag006,0.840125,0.054096,0.326325,0.31960122
q__pcesv_pcesv__lag003,0.984326,0.026158,0.298458,0.31952813
q__bogz1fa553061103q_closed_end_funds_ts_tx__lag007,0.974922,0.053102,0.274478,0.31936444
q__gsave_gsave__lag001,0.990596,0.028593,0.293665,0.31922742
d__t10y2y_t10y2y__lag018,0.626959,0.266239,0.242646,0.3190505
m__cpiaucsl_cpiaucsl__lag010,0.984326,0.038823,0.28513,0.31887584
q__bogz1fl892050005q_all_ffrepo__lag007,0.987461,0.066758,0.255979,0.31868956
m__mtsr133fms_fedgov_rcpt__lag001,0.570533,0.081015,0.477417,0.31860365
d__dexusuk_dexusuk__lag025,0.69279,0.134462,0.325234,0.31847309
q__bogz1fa313161110q_totalbills_z1_tx__lag003,0.987461,0.253921,0.068548,0.31842528
m__mich_mich__lag007,0.598746,0.195429,0.336288,0.31836318
d__vixcls_vixcls__lag062,0.454545,0.330907,0.369012,0.31814522
q__fgtsl_fgtsl__lag006,0.990596,0.019232,0.301792,0.31800439
d__dexusuk_dexusuk__lag050,0.69279,0.146022,0.312958,0.31797645
q__rownblq027s_row_nonfinbusinessloans_flow__lag005,0.981191,0.124705,0.199333,0.31794294
q__bogz1fl713068703q_fed_dw_a__lag003,1.0,0.114075,0.203777,0.31785206
q__bogz1fa673061103q_abs_issuers_ts_tx__lag002,0.990596,0.258558,0.062097,0.31763984
q__bogz1lm223061143q_state_local_db_retirement_ts__lag004,0.996865,0.080795,0.237651,0.31744764
q__a4102c1q027sbea_gdi_wages__lag002,0.987461,0.025302,0.296005,0.31727812
q__impgs_imports__lag001,0.990596,0.040468,0.279684,0.31714096
q__bogz1fa383061105q_dom_nonfin_sector_tsy_tx__lag002,0.990596,0.097553,0.222343,0.31688732
d__t10y2y_t10y2y__lag017,0.626959,0.268887,0.236445,0.3168224
d__dexusuk_dexusuk__lag049,0.69279,0.14957,0.307656,0.31676167
m__usalolitoaastsam_oecd_leading_indicator_us__lag004,0.890282,0.193408,0.162302,0.31668263
q__a4102c1q027sbea_gdi_wages__lag001,0.990596,0.02582,0.293809,0.3166227
d__anfci_anfci__lag009,0.69279,0.012216,0.444529,0.31642844
m__cpiulfsl_cpiulfsl__lag009,0.987461,0.034971,0.285419,0.3163726
d__t10y2y_t10y2y__lag001,0.626959,0.275771,0.228366,0.3160733
q__bogz1fa105019005q_nfcb_gfi__lag004,0.984326,0.016064,0.304809,0.3158431
m__mich_mich__lag003,0.605016,0.182439,0.339504,0.31578378
m__srvprd_srvprd__lag010,1.0,0.004349,0.311354,0.31570311
m__cpiaucsl_cpiaucsl__lag009,0.987461,0.035245,0.284467,0.31570282
m__mtsds133fms_fed_surplus_deficit__lag004,0.567398,0.221884,0.334242,0.31554444
d__dexusuk_dexusuk__lag024,0.69279,0.133647,0.321582,0.31537799
q__fpi_fpi__lag004,0.981191,0.020536,0.300868,0.31535813
q__fpi_invest_priv_fixed__lag004,0.981191,0.020536,0.300868,0.31535813
d__t10y2y_t10y2y__lag006,0.626959,0.271803,0.230987,0.31522912
q__bogz1fl313161305q_gov_nonmarketable_ts__lag007,0.987461,0.027737,0.291406,0.31514165
q__bogz1fa733061103q_holding_companies_ts_tx__lag006,0.978056,0.007602,0.314421,0.31495595
m__mcumfn_caputil_man__lag010,0.670846,0.328221,0.140963,0.31475017
d__t10y2y_t10y2y__lag014,0.626959,0.27136,0.23064,0.31473397
q__b093rc1q027sbea_gov_int_row__lag004,0.981191,0.038597,0.282169,0.31473286
q__a091rc1q027sbea_gov_interest_payments__lag006,0.974922,0.062679,0.260075,0.31465996
q__a091rc1q027sbea_fedgov_int__lag006,0.974922,0.062679,0.260075,0.31465996
q__gpdi_gpdi__lag005,0.978056,0.019814,0.30174,0.31449808
d__bamlcc0a1aaatriv_aaa_index__lag023,0.467085,0.270678,0.402638,0.31449561
d__bamlcc0a1aaatriv_aaa_index__lag002,0.470219,0.273252,0.395452,0.31443747
m__mtsds133fms_fed_surplus_deficit__lag001,0.570533,0.182112,0.368927,0.31438566
q__bogz1fa733061103q_holding_companies_ts_tx__lag003,0.987461,0.156989,0.161352,0.31434956
d__vixcls_vixcls__lag063,0.454545,0.299766,0.391581,0.31424859
d__t10y2y_t10y2y__lag025,0.626959,0.261756,0.239467,0.31424627
d__bamlcc0a1aaatriv_aaa_index__lag016,0.470219,0.271531,0.396763,0.31424486
d__bamlcc0a1aaatriv_aaa_index__lag021,0.467085,0.273812,0.398881,0.3142044
m__pcepi_pcepi__lag001,0.84326,0.033388,0.339049,0.31406186
m__pcepi_pce_price_index__lag001,0.84326,0.033388,0.339049,0.31406186
q__bogz1lm223061143q_state_local_db_retirement_ts__lag002,1.0,0.081841,0.232164,0.31400497
d__bamlcc0a1aaatriv_aaa_index__lag022,0.467085,0.272951,0.399289,0.31399297
d__bamlcc0a1aaatriv_aaa_index__lag004,0.470219,0.271565,0.396091,0.31394503
m__cpiaucsl_cpiaucsl__lag005,0.990596,0.029051,0.287759,0.31383079
q__gdp_gdp__lag003,0.984326,0.022874,0.295617,0.31349901
d__bamlcc0a1aaatriv_aaa_index__lag039,0.467085,0.278437,0.392548,0.31340706
d__bamlcc0a1aaatriv_aaa_index__lag024,0.467085,0.270182,0.400638,0.31332982
d__bamlcc0a1aaatriv_aaa_index__lag040,0.467085,0.278641,0.39215,0.31331619
d__bamlcc0a1aaatriv_aaa_index__lag042,0.467085,0.278975,0.391806,0.31331147
d__bamlcc0a1aaatriv_aaa_index__lag033,0.467085,0.27729,0.393251,0.31319912
d__bamlcc0a1aaatriv_aaa_index__lag003,0.470219,0.271695,0.394315,0.31317083
q__bogz1fl263061145q_row_priv_tsy__lag003,1.0,0.055022,0.258142,0.31316388
d__bamlcc0a1aaatriv_aaa_index__lag005,0.470219,0.270804,0.395167,0.31315277
m__ipmine_ipmine__lag007,1.0,0.030145,0.283001,0.31314631
d__bamlcc0a1aaatriv_aaa_index__lag041,0.467085,0.278169,0.391981,0.31301655
d__bamlcc0a1aaatriv_aaa_index__lag036,0.467085,0.277221,0.392865,0.31298683
d__t10y2y_t10y2y__lag002,0.626959,0.273474,0.225629,0.31291772
q__iatashcbsnncb_nfcb_hc_inventories__lag004,0.996865,0.017998,0.295888,0.31290271
q__bogz1fl713068703q_fed_dw_a__lag004,0.996865,0.103931,0.209953,0.31290055
d__bamlcc0a1aaatriv_aaa_index__lag025,0.467085,0.269699,0.400096,0.31285082
d__bamlcc0a1aaatriv_aaa_index__lag029,0.467085,0.273729,0.39573,0.31269403
q__pnfi_priv_nonres_fi__lag003,0.984326,0.009186,0.30847,0.31267689
d__bamlcc0a1aaatriv_aaa_index__lag037,0.467085,0.277803,0.391532,0.31263631
d__bamlcc0a1aaatriv_aaa_index__lag034,0.467085,0.27719,0.392134,0.31263113
q__bogz1fl313161110q_totalbills_z1__lag005,0.99373,0.027359,0.28723,0.3126167
q__bogz1fa573061105q_private_pension_ts_tx__lag005,0.981191,0.206483,0.112104,0.31259533
d__bamlcc0a1aaatriv_aaa_index__lag038,0.467085,0.277387,0.391844,0.31258732
d__bamlcc0a1aaatriv_aaa_index__lag018,0.467085,0.274701,0.394464,0.31255673
d__t10y2y_t10y2y__lag026,0.626959,0.257828,0.240502,0.31243286
q__expgs_exports__lag004,0.981191,0.018426,0.29996,0.31239726
m__cpiulfsl_cpiulfsl__lag008,0.987461,0.031654,0.284688,0.31237539
m__mcumfn_caputil_man__lag011,0.670846,0.317485,0.148133,0.31235762
d__dexusuk_dexusuk__lag023,0.69279,0.137377,0.313315,0.31223464
d__bamlcc0a1aaatriv_aaa_index__lag001,0.470219,0.270761,0.393196,0.31220542
q__bogz1fl313161305q_gov_nonmarketable_ts__lag005,0.99373,0.037361,0.276637,0.31203023
q__gpdi_gpdi__lag006,0.974922,0.009541,0.310485,0.31200007
d__t10y2y_t10y2y__lag013,0.626959,0.269035,0.228509,0.31193958
d__t10y2y_t10y2y__lag015,0.626959,0.268983,0.228555,0.31193613
m__mcumfn_caputil_man__lag004,0.677116,0.323631,0.136918,0.31184499
q__bogz1fl313161305q_gov_nonmarketable_ts__lag008,0.984326,0.042868,0.273919,0.31182193
d__bamlcc0a1aaatriv_aaa_index__lag006,0.470219,0.27035,0.392728,0.3117925
m__cpiaucsl_cpiaucsl__lag008,0.987461,0.03211,0.283616,0.3117667
q__fgrecpt_fgrecpt__lag005,0.978056,0.036076,0.282636,0.31171821
d__bamlcc0a1aaatriv_aaa_index__lag007,0.470219,0.270869,0.392013,0.31170029
d__bamlcc0a1aaatriv_aaa_index__lag035,0.467085,0.274663,0.392386,0.31156867
d__bamlcc0a1aaatriv_aaa_index__lag043,0.467085,0.275836,0.391155,0.31154115
d__dexusuk_dexusuk__lag021,0.69279,0.137435,0.312233,0.3115251
q__ncbtsaq027s_nfcb_tsy_tx__lag002,0.990596,0.171961,0.142289,0.31129508
d__t10y2y_t10y2y__lag024,0.626959,0.259702,0.236492,0.31109323
d__bamlcc0a1aaatriv_aaa_index__lag026,0.467085,0.267354,0.398663,0.31108609
m__ipmine_ipmine__lag008,1.0,0.048651,0.262419,0.31107084
d__bamlcc0a1aaatriv_aaa_index__lag017,0.467085,0.271791,0.394014,0.31098759
d__bamlcc0a1aaatriv_aaa_index__lag020,0.467085,0.271965,0.393515,0.31083509
m__pcend_pcend__lag008,0.836991,0.008832,0.362497,0.31079923
d__bamlcc0a1aaatriv_aaa_index__lag032,0.467085,0.273916,0.391425,0.31077033
d__usepuindxd_policy_uncertainty__lag010,0.517241,0.237655,0.363144,0.31075817
q__bogz1fa543061175q_life_insurance_ts_tx__lag004,0.984326,0.021098,0.294518,0.31066959
d__dexusuk_dexusuk__lag015,0.69279,0.13635,0.311967,0.31058978
q__bogz1fl763123005q_tga_usb__lag005,0.99373,0.071916,0.240594,0.31055071
d__bamlcc0a1aaatriv_aaa_index__lag044,0.467085,0.274431,0.39036,0.31051339
d__t10y2y_t10y2y__lag023,0.626959,0.254419,0.240711,0.31042664
d__bamlcc0a1aaatriv_aaa_index__lag030,0.467085,0.271996,0.392474,0.31036372
q__expgs_exports__lag002,0.987461,0.033414,0.280856,0.31032956
q__bogz1fl892050005q_all_ffrepo__lag006,0.990596,0.05747,0.255685,0.31020983
m__iputil_iputil__lag007,1.0,0.02926,0.280853,0.31011296
d__bamlcc0a1aaatriv_aaa_index__lag015,0.470219,0.269897,0.389589,0.31010288
d__bamlcc0a1aaatriv_aaa_index__lag008,0.470219,0.271637,0.387695,0.31003094
d__bamlcc0a1aaatriv_aaa_index__lag028,0.467085,0.267804,0.395931,0.31002084
q__bogz1fr403061105q_gses_ts_reval__lag008,0.971787,0.196382,0.122547,0.30993077
m__cpiulfsl_cpiulfsl__lag005,0.990596,0.0291,0.283756,0.30991364
d__bamlcc0a1aaatriv_aaa_index__lag027,0.467085,0.267063,0.396298,0.30984593
m__cpiulfsl_cpiulfsl__lag007,0.987461,0.03089,0.282883,0.30983839
d__bamlcc0a1aaatriv_aaa_index__lag019,0.467085,0.27145,0.39161,0.30970491
d__bamlcc0a1aaatriv_aaa_index__lag045,0.467085,0.273362,0.389653,0.30968429
m__mich_mich__lag008,0.598746,0.113872,0.402975,0.30946015
m__cpiaucsl_cpiaucsl__lag007,0.987461,0.031337,0.281829,0.30923942
d__t10y2y_t10y2y__lag027,0.626959,0.26039,0.232738,0.30917084
m__w875rx1_real_dpi_xtx__lag009,0.836991,0.047108,0.322252,0.30915035
q__bogz1fl892050005q_all_ffrepo__lag004,0.996865,0.013136,0.296925,0.30908863
q__bogz1fl892050005q_all_ffrepo__lag008,0.984326,0.056289,0.257714,0.30908176
m__cpiulfsl_cpiulfsl__lag006,0.990596,0.029378,0.28257,0.30901429
d__t10y2y_t10y2y__lag019,0.626959,0.263367,0.229508,0.30901269
q__fgrecpt_fgrecpt__lag008,0.968652,0.027807,0.291091,0.30890101
q__bogz1fl513061115q_pci_bills_raw__lag007,0.987461,0.029693,0.283066,0.30883723
q__bogz1fl513061115q_pci_bills__lag007,0.987461,0.029693,0.283066,0.30883723
m__iputil_iputil__lag008,1.0,0.016723,0.292021,0.30874364
d__bamlcc0a1aaatriv_aaa_index__lag031,0.467085,0.270428,0.390522,0.30871968
d__bamlcc0a1aaatriv_aaa_index__lag009,0.470219,0.27077,0.385674,0.3086727
q__bogz1lm733061103q_holding_companies_ts__lag007,0.987461,0.022827,0.289628,0.30853766
d__vixcls_vixcls__lag064,0.454545,0.297537,0.381176,0.30850559
q__w006rc1q027sbea_gov_tax_receipts__lag006,0.974922,0.055836,0.260604,0.30850342
q__bogz1fl503061123q_ccps_ts__lag007,0.987461,0.057447,0.254871,0.30840167
q__tnwhcbsnncb_nfcb_hc_nw__lag002,1.0,0.019605,0.288628,0.30823345
q__bogz1fa105019005q_nfcb_gfi__lag002,0.990596,0.016484,0.294642,0.30820022
d__bamlcc0a1aaatriv_aaa_index__lag056,0.467085,0.272046,0.387623,0.30812112
q__b461rc1q027sbea_netva_wages__lag001,0.990596,0.008165,0.302858,0.30809787
d__vixcls_vixcls__lag065,0.454545,0.275113,0.402493,0.3080028
m__cpiaucsl_cpiaucsl__lag006,0.990596,0.02958,0.281344,0.30799949
q__bogz1fa543461113q_li_bills_tx__lag008,0.971787,0.234632,0.082213,0.30790513
d__bamlcc0a1aaatriv_aaa_index__lag054,0.467085,0.270696,0.388195,0.30775769
m__hqmcb10yrp_hqm10y__lag009,0.523511,0.25242,0.335344,0.3077007
d__t10y2y_t10y2y__lag005,0.626959,0.267422,0.22331,0.30766895
d__bamlcc0a1aaatriv_aaa_index__lag057,0.467085,0.271983,0.386501,0.3075677
d__anfci_anfci__lag004,0.69279,0.017779,0.426165,0.30756025
d__bamlcc0a1aaatriv_aaa_index__lag046,0.467085,0.270483,0.387983,0.30755923
d__bamlcc0a1aaatriv_aaa_index__lag011,0.470219,0.272757,0.380913,0.30736852
d__anfci_anfci__lag005,0.69279,0.018046,0.425494,0.3072797
d__bamlcc0a1aaatriv_aaa_index__lag048,0.467085,0.270344,0.387294,0.30717266
q__w260rc1q027sbea_gdi_netopsurp_privent__lag007,0.971787,0.01576,0.300289,0.30713212
d__anfci_anfci__lag003,0.69279,0.017017,0.426242,0.3070856
d__dexusuk_dexusuk__lag026,0.69279,0.136166,0.30706,0.30706258
q__rowmslq027s_row_muni_flow__lag006,0.978056,0.052213,0.261674,0.30699952
d__bamlcc0a1aaatriv_aaa_index__lag013,0.470219,0.271075,0.381647,0.30692284
q__pnfi_priv_nonres_fi__lag002,0.987461,0.005979,0.304709,0.3067919
q__bogz1lm223061143q_state_local_db_retirement_ts__lag003,1.0,0.069816,0.236971,0.30678671
d__bamlcc0a1aaatriv_aaa_index__lag014,0.470219,0.270218,0.382205,0.30678201
d__anfci_anfci__lag001,0.69279,0.019073,0.423533,0.30663345
d__vixcls_vixcls__lag061,0.454545,0.318365,0.35606,0.30655678
q__bogz1fl663061165q_brokers_dealers_long_ts__lag001,1.0,0.04405,0.262422,0.3064725
q__bogz1fa105019005q_nfcb_gfi__lag001,0.99373,0.019834,0.288492,0.30639307
q__bogz1lm103061103q_nfcb_tsy__lag007,0.987461,0.015442,0.294838,0.30638884
d__bamlcc0a1aaatriv_aaa_index__lag047,0.467085,0.268285,0.387673,0.30638808
d__bamlcc0a1aaatriv_aaa_index__lag010,0.470219,0.271406,0.380143,0.30637111
d__bamlcc0a1aaatriv_aaa_index__lag055,0.467085,0.269304,0.386531,0.3063303
d__anfci_anfci__lag063,0.69279,0.039956,0.402038,0.30620919
d__bamlcc0a1aaatriv_aaa_index__lag012,0.470219,0.271059,0.379567,0.30593707
q__bogz1fl763123005q_tga_usb__lag008,0.984326,0.089588,0.22122,0.30593594
q__w328rc1q027sbea_nfcb_pat__lag005,0.978056,0.038519,0.274204,0.30586041
q__bogz1lm663061105q_brokers_dealers_ts__lag008,0.984326,0.115571,0.195157,0.30585712
q__bogz1fl313161305q_gov_nonmarketable_ts__lag006,0.990596,0.027936,0.280707,0.30574034
q__pnfi_priv_nonres_fi__lag001,0.990596,0.010048,0.298562,0.30570792
q__bogz1fl313161110q_totalbills_z1__lag006,0.990596,0.009834,0.298743,0.30567492
d__bamlcc0a1aaatriv_aaa_index__lag058,0.467085,0.26876,0.385468,0.3055797
d__bamlcc0a1aaatriv_aaa_index__lag049,0.467085,0.268091,0.386033,0.30553112
q__b461rc1q027sbea_netva_wages__lag003,0.984326,0.017048,0.293221,0.30540584
d__anfci_anfci__lag062,0.69279,0.039886,0.400887,0.30536258
d__bamlcc0a1aaatriv_aaa_index__lag053,0.467085,0.266033,0.387673,0.30533591
q__b461rc1q027sbea_netva_wages__lag004,0.981191,0.018693,0.292409,0.30525019
d__anfci_anfci__lag066,0.69279,0.040457,0.400069,0.30519184
d__t10y2y_t10y2y__lag004,0.626959,0.270589,0.216115,0.30514362
q__fpi_fpi__lag005,0.978056,0.007064,0.304912,0.30513017
q__fpi_invest_priv_fixed__lag005,0.978056,0.007064,0.304912,0.30513017
m__mcumfn_caputil_man__lag003,0.680251,0.320697,0.127709,0.30502874
d__t10y2y_t10y2y__lag028,0.626959,0.261408,0.225094,0.30501683
q__bogz1fl702150005q_usb_ffrepo__lag002,1.0,0.050058,0.25493,0.30498737
q__gdp_gdp__lag001,0.990596,0.018789,0.289093,0.30498688
d__bamlcc0a1aaatriv_aaa_index__lag069,0.467085,0.269321,0.383459,0.30490353
d__bamlcc0a1aaatriv_aaa_index__lag050,0.467085,0.266286,0.386402,0.30486075
d__anfci_anfci__lag002,0.69279,0.01784,0.422034,0.3047403
d__dexusuk_dexusuk__lag052,0.69279,0.14089,0.298822,0.30462818
d__bamlcc0a1aaatriv_aaa_index__lag070,0.467085,0.269629,0.382521,0.30460882
d__bamlcc0a1aaatriv_aaa_index__lag071,0.467085,0.269933,0.38213,0.30456865
q__rowmmfq027s_row_moneymarketfundshares_flow__lag005,0.981191,0.097035,0.213067,0.30427031
d__bamlcc0a1aaatriv_aaa_index__lag068,0.467085,0.268108,0.383276,0.30425138
q__a457rc1q027sbea_netva_nfcb__lag002,0.987461,0.033478,0.274429,0.30404623
d__bamlcc0a1aaatriv_aaa_index__lag066,0.467085,0.268054,0.382556,0.30389016
d__bamlcc0a1aaatriv_aaa_index__lag060,0.467085,0.265202,0.385321,0.3038492
q__bogz1fa713061113q_cb_bills_tx__lag007,0.974922,0.069348,0.242271,0.30380403
d__bamlcc0a1aaatriv_aaa_index__lag074,0.467085,0.269847,0.380561,0.3037956
d__bamlcc0a1aaatriv_aaa_index__lag052,0.467085,0.264238,0.386046,0.30373794
d__bamlcc0a1aaatriv_aaa_index__lag061,0.467085,0.265359,0.384749,0.30365557
d__bamlcc0a1aaatriv_aaa_index__lag073,0.467085,0.269077,0.381017,0.30364896
d__bamlcc0a1aaatriv_aaa_index__lag065,0.467085,0.266956,0.38298,0.30357506
q__bogz1fl262051003q_row_rrp__lag005,0.99373,0.044225,0.261209,0.30351895
q__w326rc1q027sbea_net_op_surplus__lag005,0.978056,0.047224,0.26305,0.30346495
q__bogz1fa743061103q_usb_tsy_dom_tx__lag008,0.971787,0.090948,0.221315,0.30345359
d__dexusuk_dexusuk__lag048,0.69279,0.148621,0.289322,0.30340265
d__bamlcc0a1aaatriv_aaa_index__lag077,0.467085,0.26996,0.379546,0.30337393
d__t10y2y_t10y2y__lag029,0.626959,0.255331,0.228518,0.30335375
d__bamlcc0a1aaatriv_aaa_index__lag059,0.467085,0.263742,0.385398,0.30320317
d__bamlcc0a1aaatriv_aaa_index__lag067,0.467085,0.266494,0.382612,0.30318738
d__bamlcc0a1aaatriv_aaa_index__lag051,0.467085,0.263445,0.385618,0.30316744
d__t10y2y_t10y2y__lag003,0.626959,0.272909,0.210613,0.30314831
q__bogz1fr153061105q_hhnp_tsy_reval__lag003,0.987461,0.179198,0.127748,0.30309695
d__bamlcc0a1aaatriv_aaa_index__lag062,0.467085,0.264171,0.384492,0.30298053
d__bamlcc0a1aaatriv_aaa_index__lag072,0.467085,0.268794,0.379829,0.30296202
d__anfci_anfci__lag065,0.69279,0.040337,0.396716,0.30278661
d__bamlcc0a1aaatriv_aaa_index__lag075,0.467085,0.269196,0.378988,0.30275693
d__bamlcc0a1aaatriv_aaa_index__lag087,0.467085,0.269611,0.37798,0.30247976
d__bamlcc0a1aaatriv_aaa_index__lag076,0.467085,0.268384,0.379,0.30238306
q__mmmffaq027s_mmf_tfa__lag008,0.984326,0.016606,0.290503,0.30229537
q__bogz1fa753061103q_usb_tsy_for_tx__lag003,0.987461,0.076197,0.229911,0.30226874
q__bogz1fa593061105q_pension_ts_tx__lag004,0.984326,0.133108,0.173943,0.30223916
q__bogz1lm105020015q_nfcb_inventories__lag005,0.99373,0.021482,0.282513,0.30208913
q__impgs_imports__lag005,0.978056,0.00765,0.301206,0.3020782
d__bamlcc0a1aaatriv_aaa_index__lag084,0.467085,0.268297,0.37832,0.30202515
d__vixcls_vixcls__lag059,0.454545,0.311044,0.353055,0.30186328
q__bogz1lm223061143q_state_local_db_retirement_ts__lag001,1.0,0.081549,0.2203,0.30184872
d__bamlcc0a1aaatriv_aaa_index__lag085,0.467085,0.267673,0.378472,0.30180426
m__wpu0561_ppi_crude__lag010,0.984326,0.060756,0.24581,0.30176114
d__bamlcc0a1aaatriv_aaa_index__lag063,0.467085,0.262713,0.382929,0.30156921
q__bogz1fl263061145q_row_priv_tsy__lag004,0.996865,0.045231,0.257285,0.30156755
q__a457rc1q027sbea_netva_nfcb__lag005,0.978056,0.018512,0.289821,0.30156727
d__dexusuk_dexusuk__lag022,0.69279,0.137228,0.297992,0.30151622
d__bamlcc0a1aaatriv_aaa_index__lag064,0.467085,0.263455,0.381602,0.30129595
d__bamlcc0a1aaatriv_aaa_index__lag086,0.467085,0.267331,0.377681,0.30127523
d__bamlcc0a1aaatriv_aaa_index__lag081,0.467085,0.26663,0.378248,0.30121285
d__bamlcc0a1aaatriv_aaa_index__lag078,0.467085,0.266853,0.377988,0.30119531
q__rowtsaq027s_row_tsy_tx__lag002,0.990596,0.169823,0.134206,0.30116968
d__bamlcc0a1aaatriv_aaa_index__lag089,0.467085,0.269766,0.374861,0.30109535
d__t10y2y_t10y2y__lag030,0.626959,0.254586,0.225626,0.3010733
d__bamlcc0a1aaatriv_aaa_index__lag082,0.467085,0.26672,0.377788,0.30103999
d__bamlcc0a1aaatriv_aaa_index__lag090,0.467085,0.271075,0.373321,0.30098717
d__bamlcc0a1aaatriv_aaa_index__lag083,0.467085,0.266237,0.378033,0.30092844
d__t10y2y_t10y2y__lag046,0.623824,0.235908,0.246381,0.30086367
q__bogz1lm563061103q_etfs_ts__lag003,1.0,0.049866,0.25091,0.30077567
q__a457rc1q027sbea_netva_nfcb__lag001,0.990596,0.014871,0.288667,0.30068361
q__iatashcbsnncb_nfcb_hc_inventories__lag003,1.0,0.003405,0.297158,0.30056367
q__bogz1fl633061110q_mmf_bills_raw__lag005,0.99373,0.030668,0.271769,0.30054038
q__bogz1fl633061110q_mmf_bills__lag005,0.99373,0.030668,0.271769,0.30054038
q__bogz1lm563061103q_etfs_ts__lag001,1.0,0.035499,0.264966,0.30046537
d__bamlcc0a1aaatriv_aaa_index__lag088,0.467085,0.267497,0.375767,0.30045853
m__mcumfn_caputil_man__lag002,0.680251,0.321773,0.119673,0.300294
d__bamlcc0a1aaatriv_aaa_index__lag079,0.467085,0.265414,0.377161,0.30013701
q__bogz1fa753061103q_usb_tsy_for_tx__lag004,0.984326,0.129333,0.175395,0.29995143
d__bamlcc0a1aaatriv_aaa_index__lag080,0.467085,0.264902,0.376962,0.29980495
q__tnwhcbsnncb_nfcb_hc_nw__lag006,0.990596,0.01445,0.288017,0.29962206
m__hqmcb10yrp_hqm10y__lag010,0.520376,0.244247,0.331523,0.29961676
d__t10y2y_t10y2y__lag032,0.623824,0.250671,0.229459,0.29951661
m__pcepi_pcepi__lag002,0.84326,0.032121,0.322891,0.29936754
m__pcepi_pce_price_index__lag002,0.84326,0.032121,0.322891,0.29936754
m__ltdacbm027nbog_ltd__lag008,0.661442,0.115776,0.336736,0.29931066
q__bogz1fa105019005q_nfcb_gfi__lag003,0.987461,0.003178,0.299926,0.29930342
m__mcumfn_caputil_man__lag001,0.680251,0.286432,0.153284,0.29911715
q__bogz1fr763061100q_usb_tsy_oth_reval__lag006,0.978056,0.12177,0.184002,0.29906154
q__w260rc1q027sbea_gdi_netopsurp_privent__lag003,0.984326,0.008859,0.29477,0.29887026
d__t10y2y_t10y2y__lag045,0.623824,0.235125,0.243965,0.29886811
q__ncbtsaq027s_nfcb_tsy_tx__lag004,0.984326,0.215302,0.088217,0.29876169
d__anfci_anfci__lag068,0.69279,0.039582,0.391641,0.29874685
d__anfci_anfci__lag067,0.69279,0.040565,0.390446,0.29860008
d__anfci_anfci__lag064,0.69279,0.04003,0.390847,0.29850683
q__cbi_cbi__lag002,0.987461,0.263526,0.038643,0.29837992
m__pce_pce__lag001,0.84326,0.028449,0.324931,0.29799107
m__iputil_iputil__lag002,1.0,0.014873,0.283077,0.29795019
q__a457rc1q027sbea_netva_nfcb__lag003,0.984326,0.020045,0.282608,0.29790933
d__dexusuk_dexusuk__lag051,0.69279,0.139687,0.29019,0.29781423
q__w260rc1q027sbea_gdi_netopsurp_privent__lag004,0.981191,0.016019,0.287245,0.29756051
q__expgs_exports__lag003,0.984326,0.007288,0.294888,0.29743941
q__fgtsl_fgtsl__lag007,0.987461,0.018968,0.281937,0.29713135
q__bogz1fa693061105q_nonmmf_ts_tx__lag005,0.981191,0.21877,0.084005,0.2970796
q__bogz1fa693061105q_nonmmmf_ts_tx__lag005,0.981191,0.21877,0.084005,0.2970796
m__mtsds133fms_fed_surplus_deficit__lag006,0.567398,0.309229,0.214105,0.29693859
d__t10y2y_t10y2y__lag031,0.623824,0.254329,0.221586,0.29688749
q__bogz1lm563061103q_etfs_ts__lag002,1.0,0.046215,0.250572,0.29678677
d__usepuindxd_policy_uncertainty__lag004,0.517241,0.254987,0.318657,0.296712
m__mich_mich__lag004,0.601881,0.191071,0.301798,0.29664882
q__bogz1fa313161105q_tsy_net_tx__lag008,0.971787,0.009808,0.295403,0.29659998
q__bogz1fa653061113q_mutf_bills_tx__lag003,0.987461,0.037612,0.262479,0.29632804
d__vixcls_vixcls__lag066,0.454545,0.217455,0.434337,0.29626921
q__bogz1lm105020015q_nfcb_inventories__lag004,0.996865,0.00111,0.29556,0.29573978
q__gdp_gdp__lag002,0.987461,0.009702,0.289789,0.29573568
d__usepuindxd_policy_uncertainty__lag006,0.517241,0.213976,0.356674,0.29516343
q__bogz1fa543061175q_life_insurance_ts_tx__lag002,0.990596,0.035039,0.262918,0.29515493
q__pcesv_pcesv__lag001,0.990596,0.009325,0.288452,0.29497652
q__bogz1fr263061145q_row_priv_tsy_reval__lag006,0.978056,0.139827,0.161671,0.29488186
q__bogz1fa343061165q_fed_gov_db_retirement_ts_tx__lag006,0.978056,0.187607,0.113728,0.29472291
d__t10y2y_t10y2y__lag049,0.623824,0.236062,0.236183,0.2945977
m__pcend_pcend__lag009,0.836991,0.000224,0.35172,0.29457383
d__t10y2y_t10y2y__lag044,0.623824,0.239871,0.232286,0.29454312
q__w006rc1q027sbea_gov_tax_receipts__lag007,0.971787,0.03406,0.268947,0.29445777
q__bogz1fa663061165q_brokers_dealers_long_ts_tx__lag001,0.99373,0.139677,0.15644,0.29426099
d__t10y2y_t10y2y__lag050,0.623824,0.236299,0.235362,0.29423363
d__dexusuk_dexusuk__lag040,0.69279,0.147465,0.276987,0.2940556
d__t10y2y_t10y2y__lag034,0.623824,0.248652,0.22268,0.29402805
d__t10y2y_t10y2y__lag048,0.623824,0.233629,0.237413,0.29384776
d__t10y2y_t10y2y__lag036,0.623824,0.244393,0.226616,0.29382711
q__bogz1fr713061113q_cb_bills_reval__lag002,0.990596,0.243826,0.052598,0.29363635
q__bogz1fl513061115q_pci_bills_raw__lag003,1.0,0.068506,0.22475,0.29325565
q__bogz1fl513061115q_pci_bills__lag003,1.0,0.068506,0.22475,0.29325565
d__t10y2y_t10y2y__lag043,0.623824,0.236426,0.23332,0.29303903
q__bogz1fa573061143q_private_db_pension_ts_tx__lag002,0.990596,0.031822,0.263977,0.29301721
d__dexusuk_dexusuk__lag033,0.69279,0.1396,0.283259,0.29295229
d__t10y2y_t10y2y__lag042,0.623824,0.232641,0.236814,0.29285779
m__mtsr133fms_fedgov_rcpt__lag002,0.570533,0.138483,0.374653,0.29276069
q__a457rc1q027sbea_netva_nfcb__lag004,0.981191,0.013592,0.284456,0.29244248
m__mtsds133fms_fed_surplus_deficit__lag005,0.567398,0.207214,0.308004,0.29233343
d__t10y2y_t10y2y__lag047,0.623824,0.234791,0.233513,0.29214009
q__fbtsatq027s_dom_fin_sector_tsy_tx__lag007,0.974922,0.071689,0.22777,0.29194937
q__bogz1fa403061105q_gses_ts_tx__lag006,0.978056,0.138386,0.160005,0.29184312
q__fgrecpt_fgrecpt__lag006,0.974922,0.015182,0.28392,0.29160054
q__bogz1fa733061103q_holding_companies_ts_tx__lag002,0.990596,0.037468,0.256729,0.29143064
q__pcesv_pcesv__lag002,0.987461,0.004293,0.290649,0.29124346
q__bogz1fa593061105q_pension_ts_tx__lag006,0.978056,0.020107,0.277554,0.29112918
q__expgs_exports__lag001,0.990596,0.016775,0.276988,0.29100027
d__vixcls_vixcls__lag035,0.454545,0.183892,0.455388,0.29058143
d__usepuindxd_policy_uncertainty__lag025,0.517241,0.293942,0.267753,0.29053224
m__mich_mich__lag006,0.601881,0.173254,0.309416,0.29050997
d__usepuindxd_policy_uncertainty__lag003,0.517241,0.207549,0.354038,0.29047629
d__vixcls_vixcls__lag036,0.454545,0.158216,0.480604,0.29037298
q__bogz1fr513061105q_pc_insurance_ts_reval__lag008,0.971787,0.259377,0.039426,0.29037282
d__t10y2y_t10y2y__lag035,0.623824,0.249774,0.215536,0.29027216
d__t10y2y_t10y2y__lag033,0.623824,0.247492,0.217818,0.29027147
q__b461rc1q027sbea_netva_wages__lag002,0.987461,0.00597,0.287976,0.29026018
m__pcepilfe_pcepilfe__lag001,0.84326,0.037354,0.306758,0.29017551
q__bogz1fl263061145q_row_priv_tsy__lag005,0.99373,0.033361,0.258615,0.29014532
q__tnwhcbsnncb_nfcb_hc_nw__lag005,0.99373,0.005156,0.286665,0.28999131
d__dexusuk_dexusuk__lag027,0.69279,0.134039,0.284297,0.28981889
d__t10y2y_t10y2y__lag037,0.623824,0.240567,0.223947,0.28977542
q__bogz1fa573061143q_private_db_pension_ts_tx__lag003,0.987461,0.032976,0.260433,0.28972915
m__pcend_pcend__lag011,0.833856,0.014681,0.332762,0.28971744
q__b093rc1q027sbea_gov_int_row__lag001,0.990596,0.05763,0.234755,0.2896353
q__bogz1lm563061103q_etfs_ts__lag005,0.99373,0.049725,0.24135,0.2892501
m__wpu0561_ppi_crude__lag011,0.984326,0.069862,0.223941,0.28919801
m__iputil_iputil__lag003,1.0,0.010753,0.278397,0.28915021
m__ipmine_ipmine__lag009,1.0,0.009479,0.279529,0.28900862
q__bogz1fa543061175q_life_insurance_ts_tx__lag007,0.974922,0.124185,0.171879,0.28863923
d__t10y2y_t10y2y__lag041,0.623824,0.233903,0.22864,0.28854544
q__bogz1fl262051003q_row_rrp__lag006,0.990596,0.036997,0.254155,0.28841375
m__ipmine_ipmine__lag002,1.0,0.03739,0.251013,0.28840236
q__w328rc1q027sbea_nfcb_pat__lag006,0.974922,0.049017,0.246775,0.28837398
q__bogz1fr763061100q_usb_tsy_oth_reval__lag008,0.971787,0.15557,0.141148,0.28834684
m__pcepi_pcepi__lag003,0.84326,0.032909,0.308862,0.28820173
m__pcepi_pce_price_index__lag003,0.84326,0.032909,0.308862,0.28820173
m__hqmcb10yrp_hqm10y__lag011,0.520376,0.233782,0.319767,0.28805359
q__bogz1lm103061103q_nfcb_tsy__lag005,0.99373,0.093029,0.196277,0.28749275
d__vixcls_vixcls__lag058,0.454545,0.25733,0.375004,0.28742448
d__dexszus_dexszus__lag003,0.69279,0.181472,0.233386,0.28740927
q__w260rc1q027sbea_gdi_netopsurp_privent__lag005,0.978056,0.006008,0.287739,0.28730123
q__bopbca_bopbca__lag007,0.808777,0.092397,0.262791,0.28726871
d__t10y2y_t10y2y__lag038,0.623824,0.237666,0.222778,0.2872363
d__t10y2y_t10y2y__lag051,0.623824,0.233881,0.226532,0.28721646
q__b093rc1q027sbea_gov_int_row__lag002,0.987461,0.03987,0.250984,0.287207
d__t10y2y_t10y2y__lag040,0.623824,0.232728,0.227618,0.28717538
q__bogz1lm563061103q_etfs_ts__lag004,0.996865,0.05115,0.236906,0.28715272
m__ipmine_ipmine__lag005,1.0,0.050844,0.236078,0.28692152
d__t10y2y_t10y2y__lag039,0.623824,0.234218,0.22552,0.28679563
q__bogz1lm663061105q_brokers_dealers_ts__lag001,1.0,0.077228,0.209546,0.28677416
q__bogz1fr653061105q_mutual_funds_ts_reval__lag008,0.971787,0.23041,0.064546,0.28663379
d__dexusuk_dexusuk__lag032,0.69279,0.140583,0.272998,0.28652478
m__mtsr133fms_fedgov_rcpt__lag011,0.561129,0.192892,0.317177,0.28621467
q__tnwhcbsnncb_nfcb_hc_nw__lag003,1.0,0.00394,0.282249,0.28618955
d__dexusuk_dexusuk__lag041,0.69279,0.145595,0.267471,0.2861677
d__vixcls_vixcls__lag040,0.454545,0.165999,0.463002,0.28590981
q__bogz1fl663061165q_brokers_dealers_long_ts__lag007,0.987461,0.044208,0.245299,0.28587652
d__dexszus_dexszus__lag002,0.69279,0.178683,0.233864,0.28580835
d__anfci_anfci__lag070,0.69279,0.044757,0.367194,0.28539589
q__rownblq027s_row_nonfinbusinessloans_flow__lag008,0.971787,0.024269,0.269319,0.28530573
d__dexusuk_dexusuk__lag034,0.69279,0.139872,0.271941,0.28529983
d__dexszus_dexszus__lag008,0.69279,0.180252,0.231421,0.28520311
q__bogz1fa263061145q_row_priv_tsy_tx__lag002,0.990596,0.063251,0.224186,0.28473416
d__anfci_anfci__lag073,0.69279,0.04309,0.367779,0.28464536
d__anfci_anfci__lag069,0.69279,0.044038,0.366741,0.28458317
q__w326rc1q027sbea_net_op_surplus__lag006,0.974922,0.042214,0.24965,0.28454478
m__uempmean_uempmean__lag005,0.978056,0.146193,0.144383,0.28419984
d__dexusuk_dexusuk__lag046,0.69279,0.151609,0.258608,0.28419443
d__dexusuk_dexusuk__lag045,0.69279,0.15029,0.25986,0.2841478
d__anfci_anfci__lag072,0.69279,0.043406,0.366635,0.28407285
d__t10y2y_t10y2y__lag059,0.623824,0.223771,0.2315,0.2840096
d__dexusuk_dexusuk__lag036,0.69279,0.142421,0.267416,0.28393064
q__tnwhcbsnncb_nfcb_hc_nw__lag004,0.996865,0.002846,0.281734,0.28368788
d__dexszus_dexszus__lag004,0.69279,0.175429,0.233581,0.28335764
q__bogz1lm153061105q_hhnp_tsy__lag001,1.0,0.074312,0.208983,0.28329547
m__ipmine_ipmine__lag006,1.0,0.02696,0.256246,0.28320684
q__qbpbsrskk_tier1rbc__lag001,0.526646,0.089438,0.447928,0.28300157
d__dexszus_dexszus__lag001,0.69279,0.176856,0.231604,0.2829774
d__dexszus_dexszus__lag005,0.69279,0.173943,0.234494,0.28296056
q__qbpbslevk_tier1lc__lag001,0.526646,0.089182,0.447928,0.282867
d__dexszus_dexszus__lag006,0.69279,0.176318,0.231654,0.28263886
d__dexszus_dexszus__lag016,0.69279,0.174383,0.233496,0.28257422
q__w260rc1q027sbea_gdi_netopsurp_privent__lag006,0.974922,0.000895,0.288904,0.28253087
d__dexusuk_dexusuk__lag043,0.69279,0.14706,0.260037,0.28203234
m__pcepilfe_pcepilfe__lag012,0.833856,0.051841,0.286212,0.28188733
d__dexusuk_dexusuk__lag028,0.69279,0.133407,0.273283,0.28175087
d__dexszus_dexszus__lag007,0.69279,0.175594,0.230946,0.28164652
d__totll_totll__lag007,0.667712,0.066842,0.354959,0.28164178
d__dexszus_dexszus__lag017,0.69279,0.173992,0.232307,0.28147944
d__totll_totll__lag001,0.667712,0.065594,0.355878,0.28142165
d__dexusuk_dexusuk__lag030,0.69279,0.134931,0.271226,0.28138152
d__totll_totll__lag002,0.667712,0.066221,0.355065,0.28129781
d__dexszus_dexszus__lag009,0.69279,0.175502,0.230447,0.28123714
q__bogz1fa753061103q_usb_tsy_for_tx__lag005,0.981191,0.065315,0.221202,0.28112871
d__t10y2y_t10y2y__lag052,0.623824,0.235271,0.215303,0.28107874
d__dexszus_dexszus__lag015,0.69279,0.175295,0.230409,0.28106769
q__bogz1fr343061165q_fed_gov_db_retirement_ts_reval__lag005,0.981191,0.200066,0.086359,0.28103775
d__dexszus_dexszus__lag010,0.69279,0.17621,0.229301,0.28093416
d__totll_totll__lag006,0.667712,0.066789,0.353799,0.28083158
d__dexusuk_dexusuk__lag047,0.69279,0.151321,0.253781,0.28065042
d__totll_totll__lag014,0.667712,0.068492,0.351744,0.2805967
d__dexszus_dexszus__lag082,0.69279,0.172627,0.232183,0.28044826
d__dexszus_dexszus__lag083,0.69279,0.173993,0.230787,0.28042721
d__totll_totll__lag016,0.667712,0.069863,0.350031,0.2803684
d__dexszus_dexszus__lag084,0.69279,0.175206,0.229298,0.28023683
d__totll_totll__lag005,0.667712,0.06655,0.352923,0.28008693
q__w326rc1q027sbea_net_op_surplus__lag007,0.971787,0.017569,0.270636,0.28007399
d__totll_totll__lag003,0.667712,0.066329,0.352997,0.27998871
d__totll_totll__lag013,0.667712,0.068276,0.351034,0.27997772
q__bogz1fr653061105q_mutual_funds_ts_reval__lag006,0.978056,0.128178,0.157918,0.27981776
d__totll_totll__lag009,0.667712,0.066939,0.352016,0.27974099
q__fgrecpt_fgrecpt__lag007,0.971787,0.000689,0.287173,0.27974053
d__totll_totll__lag008,0.667712,0.066752,0.352127,0.27969001
m__pcepilfe_pcepilfe__lag011,0.833856,0.050368,0.285008,0.27965493
d__dexszus_dexszus__lag021,0.69279,0.171471,0.232073,0.27957083
q__bogz1fa313161105q_tsy_net_tx__lag007,0.974922,0.01596,0.270773,0.27954225
d__totll_totll__lag004,0.667712,0.066377,0.352181,0.27947612
d__totll_totll__lag017,0.667712,0.070171,0.348283,0.27940692
d__dexszus_dexszus__lag011,0.69279,0.173457,0.229622,0.27924922
d__vixcls_vixcls__lag044,0.454545,0.191344,0.422766,0.27914079
m__ipmine_ipmine__lag003,1.0,0.019658,0.259468,0.27912654
d__dexszus_dexszus__lag081,0.69279,0.170887,0.231989,0.27910817
q__w328rc1q027sbea_nfcb_pat__lag007,0.971787,0.025671,0.261448,0.27901906
d__dexszus_dexszus__lag085,0.69279,0.17376,0.228919,0.27897179
d__totll_totll__lag012,0.667712,0.068061,0.34973,0.27896376
d__totll_totll__lag021,0.667712,0.071205,0.346441,0.27886698
m__pcepilfe_pcepilfe__lag002,0.84326,0.036828,0.293844,0.27884188
d__dexszus_dexszus__lag012,0.69279,0.173372,0.228976,0.27874282
d__totll_totll__lag010,0.667712,0.067454,0.349938,0.27869728
m__pcepi_pcepi__lag004,0.840125,0.033036,0.298613,0.27862624
m__pcepi_pce_price_index__lag004,0.840125,0.033036,0.298613,0.27862624
m__recprousm156n_recprob__lag009,0.730408,0.308988,0.072472,0.27862155
d__totll_totll__lag015,0.667712,0.068815,0.348363,0.27855436
d__t10y2y_t10y2y__lag061,0.623824,0.222575,0.223942,0.27854843
d__dexszus_dexszus__lag018,0.69279,0.170504,0.231481,0.27849094
d__totll_totll__lag022,0.667712,0.070854,0.346185,0.2784616
q__b639rg3q086sbea_exp_ind_pi__lag004,0.730408,0.097728,0.283435,0.27840405
q__hnotsbq027s_hhnp_tsy_tx__lag002,0.990596,0.138877,0.142,0.27823544
d__totll_totll__lag020,0.667712,0.071009,0.345654,0.27821077
d__totll_totll__lag011,0.667712,0.067513,0.348909,0.27804994
d__anfci_anfci__lag071,0.69279,0.044012,0.357188,0.27794756
d__totll_totll__lag023,0.667712,0.070542,0.34568,0.2779163
d__dexszus_dexszus__lag022,0.69279,0.168171,0.232834,0.27781201
m__ltdacbm027nbog_ltd__lag007,0.661442,0.089053,0.330945,0.27780391
d__totll_totll__lag018,0.667712,0.071023,0.344976,0.27776771
m__pce_pce__lag002,0.84326,0.018862,0.310503,0.27773973
d__totll_totll__lag019,0.667712,0.070935,0.344721,0.27753856
q__bogz1fr743061103q_usb_tsy_dom_reval__lag006,0.978056,0.116786,0.166888,0.27744869
m__mich_mich__lag002,0.605016,0.109713,0.348574,0.27727135
q__rowmmfq027s_row_moneymarketfundshares_flow__lag003,0.987461,0.124722,0.156063,0.27726465
q__w326rc1q027sbea_net_op_surplus__lag008,0.968652,0.006153,0.279989,0.27717239
d__dexszus_dexszus__lag025,0.69279,0.166337,0.233667,0.27711905
q__bogz1fr713061113q_cb_bills_reval__lag007,0.974922,0.095579,0.188555,0.27700891
q__bogz1lm343061105q_fed_gov_retirement_ts__lag005,0.99373,0.049112,0.22963,0.27699465
q__bogz1lm343061105q_fed_ret_tsy_total__lag005,0.99373,0.049112,0.22963,0.27699465
q__bogz1fl713068703q_fed_dw_a__lag001,1.0,0.083151,0.193805,0.27695569
d__dexszus_dexszus__lag014,0.69279,0.17083,0.228914,0.2769391
d__anfci_anfci__lag074,0.69279,0.042787,0.356832,0.27685201
d__totll_totll__lag024,0.667712,0.071045,0.343453,0.27676541
d__dexszus_dexszus__lag013,0.69279,0.170414,0.229052,0.27674574
d__anfci_anfci__lag075,0.69279,0.040673,0.358729,0.27670142
q__bogz1fa753061103q_usb_tsy_for_tx__lag007,0.974922,0.048747,0.235071,0.27670027
d__dexszus_dexszus__lag077,0.69279,0.167521,0.231851,0.27668089
d__dexszus_dexszus__lag080,0.69279,0.168169,0.231028,0.27655959
d__totll_totll__lag030,0.667712,0.071386,0.342772,0.27653775
d__dexusuk_dexusuk__lag029,0.69279,0.133976,0.265156,0.27651478
d__dexszus_dexszus__lag023,0.69279,0.165231,0.233813,0.27645357
d__dexszus_dexszus__lag024,0.69279,0.165241,0.233783,0.27644004
d__totll_totll__lag025,0.667712,0.070667,0.343307,0.27641466
d__t10y2y_t10y2y__lag053,0.623824,0.233275,0.209735,0.27636078
m__pcepilfe_pcepilfe__lag010,0.833856,0.047416,0.283869,0.27624378
d__totll_totll__lag028,0.667712,0.0707,0.342927,0.27618349
d__totll_totll__lag029,0.667712,0.071025,0.342559,0.27615512
d__dexusuk_dexusuk__lag042,0.69279,0.145392,0.253097,0.27606916
d__t10y2y_t10y2y__lag060,0.623824,0.221619,0.220699,0.2759287
m__pcepi_pcepi__lag012,0.833856,0.046052,0.284812,0.27589277
m__pcepi_pce_price_index__lag012,0.833856,0.046052,0.284812,0.27589277
q__bogz1fa633061105q_money_market_funds_ts_tx__lag001,0.99373,0.086607,0.190994,0.27586059
d__totll_totll__lag027,0.667712,0.070765,0.342313,0.2758169
d__dexusuk_dexusuk__lag037,0.69279,0.143251,0.25486,0.27580766
d__dexszus_dexszus__lag078,0.69279,0.167687,0.230389,0.27578321
d__dexszus_dexszus__lag079,0.69279,0.167671,0.230359,0.27575141
d__dexszus_dexszus__lag020,0.69279,0.167243,0.230674,0.27567299
m__wtisplc_wtisplc__lag012,0.996865,0.07205,0.204471,0.27565364
d__dexszus_dexszus__lag019,0.69279,0.166768,0.231059,0.27561045
d__totll_totll__lag050,0.667712,0.076669,0.335888,0.27546906
d__dexusuk_dexusuk__lag038,0.69279,0.146168,0.251156,0.27526205
d__totll_totll__lag031,0.667712,0.072054,0.340192,0.27526187
d__totll_totll__lag049,0.667712,0.076554,0.335599,0.27519942
d__t10y2y_t10y2y__lag057,0.623824,0.211224,0.229864,0.27516166
m__mtso133fms_fedgov_out__lag008,0.564263,0.151904,0.335736,0.27515699
d__totll_totll__lag026,0.667712,0.070721,0.341361,0.2751518
q__bogz1lm213061103q_state_local_gov_ts__lag006,0.990596,0.076946,0.200764,0.27509865
d__dexszus_dexszus__lag086,0.69279,0.169361,0.227566,0.27498685
d__totll_totll__lag045,0.667712,0.075693,0.336128,0.27497752
d__vixcls_vixcls__lag043,0.454545,0.179606,0.425287,0.27495135
d__totll_totll__lag042,0.667712,0.074246,0.337392,0.2748556
d__dexusuk_dexusuk__lag044,0.69279,0.143962,0.252654,0.2747713
d__totll_totll__lag043,0.667712,0.074459,0.337008,0.27474098
d__totll_totll__lag044,0.667712,0.074666,0.33676,0.27471372
d__totll_totll__lag033,0.667712,0.072382,0.339015,0.27469457
d__totll_totll__lag051,0.667712,0.076273,0.335112,0.27468657
d__dexszus_dexszus__lag057,0.69279,0.165143,0.231336,0.27467719
d__totll_totll__lag034,0.667712,0.072531,0.338745,0.2746143
q__bogz1fa563061103q_etfs_ts_tx__lag001,0.99373,0.143747,0.13258,0.27459447
d__totll_totll__lag037,0.667712,0.072432,0.338732,0.27453919
d__dexszus_dexszus__lag055,0.69279,0.16628,0.229944,0.27449946
q__bogz1fa743061103q_usb_tsy_dom_tx__lag005,0.981191,0.073005,0.206744,0.27448783
d__totll_totll__lag048,0.667712,0.076335,0.334746,0.27448352
d__dexszus_dexszus__lag030,0.69279,0.164954,0.231223,0.27446767
d__totll_totll__lag036,0.667712,0.072339,0.338677,0.27444061
d__dexszus_dexszus__lag061,0.69279,0.163729,0.232393,0.27442902
d__totll_totll__lag032,0.667712,0.072314,0.338659,0.27441132
d__totll_totll__lag035,0.667712,0.072478,0.338457,0.27438599
d__dexszus_dexszus__lag087,0.69279,0.169965,0.225986,0.27431058
m__mtso133fms_fedgov_out__lag005,0.567398,0.161728,0.321687,0.27428902
d__usepuindxd_policy_uncertainty__lag022,0.517241,0.205839,0.324412,0.27426787
d__dexszus_dexszus__lag062,0.69279,0.163689,0.232105,0.27420187
q__bogz1fl503061123q_ccps_ts__lag008,0.984326,0.039914,0.238579,0.27412739
d__totll_totll__lag046,0.667712,0.07594,0.334491,0.27404913
q__a091rc1q027sbea_gov_interest_payments__lag005,0.978056,0.032057,0.248072,0.27398198
q__a091rc1q027sbea_fedgov_int__lag005,0.978056,0.032057,0.248072,0.27398198
q__bogz1fl702150005q_usb_ffrepo__lag005,0.99373,0.038367,0.237316,0.27395444
m__pcepilfe_pcepilfe__lag009,0.836991,0.043951,0.283202,0.27382411
d__dexszus_dexszus__lag027,0.69279,0.162047,0.23308,0.27373965
q__b639rg3q086sbea_exp_ind_pi__lag008,0.717868,0.102818,0.278485,0.27372528
d__totll_totll__lag041,0.667712,0.073833,0.336099,0.2737159
d__totll_totll__lag047,0.667712,0.076125,0.333706,0.27364866
m__pcepi_pcepi__lag011,0.833856,0.044539,0.283575,0.27359967
m__pcepi_pce_price_index__lag011,0.833856,0.044539,0.283575,0.27359967
d__totll_totll__lag038,0.667712,0.073137,0.336546,0.27355022
d__dexszus_dexszus__lag060,0.69279,0.162564,0.232242,0.27351786
q__bogz1lm343061105q_fed_gov_retirement_ts__lag008,0.984326,0.060267,0.217566,0.27347822
q__bogz1lm343061105q_fed_ret_tsy_total__lag008,0.984326,0.060267,0.217566,0.27347822
d__t10y2y_t10y2y__lag054,0.623824,0.222859,0.215314,0.27334326
d__dexszus_dexszus__lag065,0.69279,0.163429,0.230991,0.27324995
d__dexszus_dexszus__lag054,0.69279,0.165448,0.228966,0.27324609
d__dexusuk_dexusuk__lag031,0.69279,0.137505,0.25688,0.27322571
d__totll_totll__lag079,0.667712,0.080052,0.329088,0.27318713
d__dexszus_dexszus__lag028,0.69279,0.160966,0.233329,0.27316309
d__dexszus_dexszus__lag056,0.69279,0.163318,0.230902,0.27311118
d__totll_totll__lag052,0.667712,0.076189,0.332809,0.27309261
d__totll_totll__lag087,0.667712,0.082648,0.32625,0.27302551
d__totll_totll__lag039,0.667712,0.07333,0.335516,0.27299128
d__totll_totll__lag040,0.667712,0.073645,0.335193,0.27298598
d__dexszus_dexszus__lag029,0.69279,0.162276,0.231745,0.27297363
d__totll_totll__lag086,0.667712,0.081917,0.326816,0.27291581
d__dexszus_dexszus__lag058,0.69279,0.162035,0.231667,0.27275315
d__totll_totll__lag084,0.667712,0.081594,0.32684,0.27271613
q__bogz1fl263061145q_row_priv_tsy__lag006,0.990596,0.021774,0.253517,0.27270227
d__dexszus_dexszus__lag090,0.689655,0.170421,0.224926,0.27265301
d__totll_totll__lag078,0.667712,0.079856,0.328441,0.27262448
d__totll_totll__lag080,0.667712,0.080617,0.327621,0.27258508
d__totll_totll__lag085,0.667712,0.081692,0.326506,0.27255857
d__totll_totll__lag055,0.667712,0.076593,0.331596,0.27255238
d__dexszus_dexszus__lag059,0.69279,0.160609,0.232785,0.27253913
d__dexszus_dexszus__lag063,0.69279,0.162938,0.230444,0.27253063
d__totll_totll__lag088,0.667712,0.082841,0.325312,0.27252826
d__dexszus_dexszus__lag069,0.69279,0.161894,0.231444,0.27250081
d__totll_totll__lag072,0.667712,0.078601,0.329489,0.27248639
d__totll_totll__lag053,0.667712,0.076571,0.331479,0.27246018
d__dexszus_dexszus__lag088,0.689655,0.170103,0.224882,0.27240354
d__totll_totll__lag077,0.667712,0.080331,0.327481,0.27230088
d__totll_totll__lag054,0.667712,0.076553,0.331243,0.27228999
d__totll_totll__lag056,0.667712,0.076389,0.331307,0.27222291
d__dexszus_dexszus__lag067,0.69279,0.161899,0.230978,0.27218115
d__totll_totll__lag057,0.667712,0.076333,0.331022,0.27199572
d__t10y2y_t10y2y__lag058,0.623824,0.211663,0.224239,0.27192656
d__dexszus_dexszus__lag072,0.69279,0.160674,0.23182,0.27191584
d__totll_totll__lag083,0.667712,0.081251,0.325925,0.27187595
d__totll_totll__lag081,0.667712,0.080928,0.326246,0.27187457
d__totll_totll__lag071,0.667712,0.078075,0.329055,0.27184578
m__pcepilfe_pcepilfe__lag008,0.836991,0.042175,0.282549,0.27179126
d__totll_totll__lag082,0.667712,0.081073,0.325943,0.27176898
d__dexusuk_dexusuk__lag035,0.69279,0.138524,0.253744,0.27175931
d__totll_totll__lag090,0.664577,0.083117,0.325706,0.27169389
d__totll_totll__lag058,0.667712,0.076239,0.330446,0.27154788
q__bogz1lm473061105q_credit_unions_ts__lag007,0.987461,0.025981,0.249012,0.27154463
q__bogz1lm473061105q_credit_unions_ts_tx__lag007,0.987461,0.025981,0.249012,0.27154463
d__totll_totll__lag073,0.667712,0.078849,0.327804,0.27152696
d__totll_totll__lag089,0.664577,0.08298,0.325542,0.27149447
d__totll_totll__lag070,0.667712,0.078284,0.328286,0.2714717
d__totll_totll__lag064,0.667712,0.076691,0.329851,0.27145275
d__dexszus_dexszus__lag026,0.69279,0.1589,0.232917,0.27144696
m__mich_mich__lag005,0.601881,0.125226,0.325729,0.27142149
d__dexszus_dexszus__lag076,0.69279,0.160887,0.230889,0.27141866
d__dexszus_dexszus__lag068,0.69279,0.161486,0.230113,0.27129596
d__dexszus_dexszus__lag066,0.69279,0.160971,0.23051,0.27121375
q__fgtsl_fgtsl__lag008,0.984326,0.016798,0.25873,0.27120964
d__dexszus_dexszus__lag071,0.69279,0.158508,0.232879,0.27114897
d__totll_totll__lag065,0.667712,0.076552,0.329527,0.27114363
d__totll_totll__lag076,0.667712,0.079682,0.326362,0.27111973
d__totll_totll__lag066,0.667712,0.077179,0.328802,0.27107765
d__totll_totll__lag059,0.667712,0.076586,0.329343,0.27104326
d__totll_totll__lag063,0.667712,0.077128,0.328786,0.27103328
q__bogz1lm343061105q_fed_gov_retirement_ts__lag006,0.990596,0.044644,0.228726,0.27079866
q__bogz1lm343061105q_fed_ret_tsy_total__lag006,0.990596,0.044644,0.228726,0.27079866
d__totll_totll__lag069,0.667712,0.078022,0.327466,0.27074859
q__bogz1fa573061105q_private_pension_ts_tx__lag003,0.987461,0.114292,0.159881,0.27073539
d__dexszus_dexszus__lag064,0.69279,0.160477,0.230134,0.27061158
d__totll_totll__lag062,0.667712,0.077077,0.328116,0.27055236
d__totll_totll__lag075,0.667712,0.079533,0.325633,0.27053429
d__totll_totll__lag074,0.667712,0.079311,0.325701,0.27043081
d__totll_totll__lag067,0.667712,0.077599,0.327343,0.2703846
d__totll_totll__lag068,0.667712,0.077823,0.326887,0.27022939
m__pcend_pcend__lag012,0.833856,0.008257,0.315799,0.27021597
d__t10y2y_t10y2y__lag056,0.623824,0.215088,0.218034,0.270192
d__totll_totll__lag060,0.667712,0.076718,0.327931,0.27018903
m__pcepilfe_pcepilfe__lag007,0.836991,0.040919,0.281787,0.27010163
q__cbi_cbi__lag006,0.974922,0.226442,0.050578,0.27007352
d__dexszus_dexszus__lag073,0.69279,0.158448,0.231341,0.2700419
q__bogz1lm103061103q_nfcb_tsy__lag002,1.0,0.118266,0.151735,0.27000126
d__totll_totll__lag061,0.667712,0.076907,0.327436,0.26998485
d__dexszus_dexszus__lag070,0.69279,0.15704,0.23254,0.26989652
q__b092rc1q027sbea_gov_int_priv__lag008,0.805643,0.093335,0.241513,0.26976814
d__relacbw027sbog_relacbw027sbog__lag001,0.667712,0.067314,0.33668,0.26975184
d__relacbw027sbog_re_loans__lag001,0.667712,0.067314,0.33668,0.26975184
d__relacbw027sbog_real_estate_loan__lag001,0.667712,0.067314,0.33668,0.26975184
d__dexszus_dexszus__lag031,0.69279,0.160372,0.228975,0.26973549
q__rowcpaq027s_row_commercialpaper_flow__lag005,0.981191,0.190206,0.084563,0.26960134
q__bogz1fr153061105q_hhnp_tsy_reval__lag002,0.990596,0.069076,0.20307,0.2695866
d__dexszus_dexszus__lag089,0.689655,0.166257,0.224616,0.26956778
q__bogz1lm563061103q_etfs_ts__lag006,0.990596,0.039405,0.232671,0.26951714
d__relacbw027sbog_relacbw027sbog__lag002,0.667712,0.067331,0.33627,0.26948903
d__relacbw027sbog_re_loans__lag002,0.667712,0.067331,0.33627,0.26948903
d__relacbw027sbog_real_estate_loan__lag002,0.667712,0.067331,0.33627,0.26948903
q__rowmfsq027s_row_mutualfundshares_flow__lag008,0.971787,0.195373,0.081834,0.2693859
m__pcepi_pcepi__lag010,0.833856,0.041122,0.281937,0.26938448
m__pcepi_pce_price_index__lag010,0.833856,0.041122,0.281937,0.26938448
d__vixcls_vixcls__lag041,0.454545,0.173328,0.418842,0.26916854
d__vixcls_vixcls__lag067,0.454545,0.210728,0.381144,0.26903267
m__pcepilfe_pcepilfe__lag006,0.840125,0.038871,0.281141,0.26885004
q__bogz1fa563061103q_etfs_ts_tx__lag004,0.984326,0.08562,0.187388,0.26872953
d__dexszus_dexszus__lag044,0.69279,0.156361,0.231481,0.26869325
m__pce_pce__lag003,0.84326,0.017822,0.300663,0.26856611
d__dexszus_dexszus__lag048,0.69279,0.158253,0.229388,0.26855406
m__recprousm156n_recprob__lag005,0.733542,0.100436,0.265571,0.26848163
d__dexusuk_dexusuk__lag039,0.69279,0.148276,0.239221,0.26845418
d__relacbw027sbog_relacbw027sbog__lag003,0.667712,0.067759,0.334118,0.26833821
d__relacbw027sbog_re_loans__lag003,0.667712,0.067759,0.334118,0.26833821
d__relacbw027sbog_real_estate_loan__lag003,0.667712,0.067759,0.334118,0.26833821
q__bogz1fl263061145q_row_priv_tsy__lag007,0.987461,0.017689,0.253995,0.26827801
d__dexszus_dexszus__lag035,0.69279,0.158372,0.228669,0.26813791
q__bogz1fa573061105q_private_pension_ts_tx__lag004,0.984326,0.156922,0.115454,0.26810659
q__w328rc1q027sbea_nfcb_pat__lag008,0.968652,0.006591,0.270107,0.26802333
d__dexszus_dexszus__lag075,0.69279,0.156684,0.230192,0.26802324
d__dexszus_dexszus__lag049,0.69279,0.156803,0.230026,0.26799172
d__relacbw027sbog_relacbw027sbog__lag005,0.667712,0.06813,0.333106,0.26791039
d__relacbw027sbog_re_loans__lag005,0.667712,0.06813,0.333106,0.26791039
d__relacbw027sbog_real_estate_loan__lag005,0.667712,0.06813,0.333106,0.26791039
d__usepuindxd_policy_uncertainty__lag024,0.517241,0.235181,0.282665,0.26785117
d__dexszus_dexszus__lag053,0.69279,0.157244,0.229274,0.26777545
q__bogz1fr223061143q_state_local_db_retirement_ts_reval__lag006,0.978056,0.142625,0.131156,0.26777287
m__pcepilfe_pcepilfe__lag003,0.84326,0.036931,0.280602,0.26776285
d__nasdaqcom_nasdaqcom__lag071,0.689655,0.114479,0.273745,0.26774051
d__dexszus_dexszus__lag074,0.69279,0.156341,0.230063,0.26769649
q__b093rc1q027sbea_gov_int_row__lag003,0.984326,0.003778,0.268124,0.26763948
d__dexszus_dexszus__lag050,0.69279,0.15697,0.229326,0.2676224
d__dexszus_dexszus__lag045,0.69279,0.15413,0.232127,0.26759485
m__pcepilfe_pcepilfe__lag005,0.840125,0.037877,0.280592,0.26755376
d__relacbw027sbog_relacbw027sbog__lag004,0.667712,0.068129,0.332518,0.26751684
d__relacbw027sbog_re_loans__lag004,0.667712,0.068129,0.332518,0.26751684
d__relacbw027sbog_real_estate_loan__lag004,0.667712,0.068129,0.332518,0.26751684
m__mtsr133fms_fedgov_rcpt__lag010,0.561129,0.246622,0.230081,0.26749149
d__dexszus_dexszus__lag046,0.69279,0.155216,0.230873,0.26747865
m__ltdacbm027nbog_ltd__lag001,0.667712,0.087547,0.31297,0.26742974
d__relacbw027sbog_relacbw027sbog__lag016,0.667712,0.070786,0.32966,0.26738191
d__relacbw027sbog_re_loans__lag016,0.667712,0.070786,0.32966,0.26738191
d__relacbw027sbog_real_estate_loan__lag016,0.667712,0.070786,0.32966,0.26738191
d__clsacbw027sbog_cons_loans__lag002,0.667712,0.074239,0.326148,0.2673429
m__pcepi_pcepi__lag009,0.836991,0.037889,0.281476,0.26730546
m__pcepi_pce_price_index__lag009,0.836991,0.037889,0.281476,0.26730546
d__relacbw027sbog_relacbw027sbog__lag006,0.667712,0.068226,0.331971,0.26721625
d__relacbw027sbog_re_loans__lag006,0.667712,0.068226,0.331971,0.26721625
d__relacbw027sbog_real_estate_loan__lag006,0.667712,0.068226,0.331971,0.26721625
d__relacbw027sbog_relacbw027sbog__lag017,0.667712,0.07133,0.32878,0.26715828
d__relacbw027sbog_re_loans__lag017,0.667712,0.07133,0.32878,0.26715828
d__relacbw027sbog_real_estate_loan__lag017,0.667712,0.07133,0.32878,0.26715828
d__nasdaqcom_nasdaqcom__lag070,0.689655,0.111932,0.275238,0.26701336
d__nasdaqcom_nasdaqcom__lag053,0.69279,0.109518,0.275896,0.26701096
d__relacbw027sbog_relacbw027sbog__lag015,0.667712,0.070569,0.329307,0.26700183
d__relacbw027sbog_re_loans__lag015,0.667712,0.070569,0.329307,0.26700183
d__relacbw027sbog_real_estate_loan__lag015,0.667712,0.070569,0.329307,0.26700183
d__relacbw027sbog_relacbw027sbog__lag021,0.667712,0.071731,0.328133,0.2669937
d__relacbw027sbog_re_loans__lag021,0.667712,0.071731,0.328133,0.2669937
d__relacbw027sbog_real_estate_loan__lag021,0.667712,0.071731,0.328133,0.2669937
q__bogz1fl713068703q_fed_dw_a__lag002,1.0,0.101501,0.165424,0.26692477
m__pcepilfe_pcepilfe__lag004,0.840125,0.037434,0.28018,0.26683516
d__vixcls_vixcls__lag042,0.454545,0.184668,0.402344,0.26682369
d__dexszus_dexszus__lag034,0.69279,0.156334,0.228669,0.26672597
d__relacbw027sbog_relacbw027sbog__lag014,0.667712,0.06999,0.329452,0.26671233
d__relacbw027sbog_re_loans__lag014,0.667712,0.06999,0.329452,0.26671233
d__relacbw027sbog_real_estate_loan__lag014,0.667712,0.06999,0.329452,0.26671233
d__dexszus_dexszus__lag033,0.69279,0.155848,0.229126,0.26670592
d__relacbw027sbog_relacbw027sbog__lag022,0.667712,0.071227,0.328167,0.26667974
d__relacbw027sbog_re_loans__lag022,0.667712,0.071227,0.328167,0.26667974
d__relacbw027sbog_real_estate_loan__lag022,0.667712,0.071227,0.328167,0.26667974
d__relacbw027sbog_relacbw027sbog__lag007,0.667712,0.067887,0.331488,0.26666687
d__relacbw027sbog_re_loans__lag007,0.667712,0.067887,0.331488,0.26666687
d__relacbw027sbog_real_estate_loan__lag007,0.667712,0.067887,0.331488,0.26666687
d__clsacbw027sbog_cons_loans__lag001,0.667712,0.071064,0.328176,0.26657727
q__w006rc1q027sbea_gov_tax_receipts__lag008,0.968652,0.000293,0.274851,0.26651876
d__relacbw027sbog_relacbw027sbog__lag013,0.667712,0.069884,0.329258,0.26651177
d__relacbw027sbog_re_loans__lag013,0.667712,0.069884,0.329258,0.26651177
d__relacbw027sbog_real_estate_loan__lag013,0.667712,0.069884,0.329258,0.26651177
q__bogz1fr693061105q_nonmmf_ts_reval__lag006,0.978056,0.121187,0.151297,0.2665047
q__bogz1fr693061105q_nonmmmf_ts_reval__lag006,0.978056,0.121187,0.151297,0.2665047
d__nasdaqcom_nasdaqcom__lag038,0.69279,0.106124,0.278478,0.26644868
d__relacbw027sbog_relacbw027sbog__lag018,0.667712,0.072094,0.326933,0.26643521
d__relacbw027sbog_re_loans__lag018,0.667712,0.072094,0.326933,0.26643521
d__relacbw027sbog_real_estate_loan__lag018,0.667712,0.072094,0.326933,0.26643521
d__nasdaqcom_nasdaqcom__lag055,0.69279,0.110099,0.274446,0.26640856
d__relacbw027sbog_relacbw027sbog__lag008,0.667712,0.067897,0.330974,0.26633052
d__relacbw027sbog_re_loans__lag008,0.667712,0.067897,0.330974,0.26633052
d__relacbw027sbog_real_estate_loan__lag008,0.667712,0.067897,0.330974,0.26633052
d__relacbw027sbog_relacbw027sbog__lag020,0.667712,0.071644,0.327182,0.26630069
d__relacbw027sbog_re_loans__lag020,0.667712,0.071644,0.327182,0.26630069
d__relacbw027sbog_real_estate_loan__lag020,0.667712,0.071644,0.327182,0.26630069
d__nasdaqcom_nasdaqcom__lag069,0.689655,0.111388,0.274657,0.26623801
d__nasdaqcom_nasdaqcom__lag054,0.69279,0.110096,0.274039,0.26612437
d__nasdaqcom_nasdaqcom__lag066,0.689655,0.110746,0.275087,0.26609176
d__relacbw027sbog_relacbw027sbog__lag009,0.667712,0.067921,0.330549,0.26606298
d__relacbw027sbog_re_loans__lag009,0.667712,0.067921,0.330549,0.26606298
d__relacbw027sbog_real_estate_loan__lag009,0.667712,0.067921,0.330549,0.26606298
d__dexszus_dexszus__lag051,0.69279,0.155751,0.228059,0.26589961
m__hqmcb10yrp_hqm10y__lag012,0.520376,0.203533,0.307348,0.26585029
q__bogz1lm733061103q_holding_companies_ts__lag008,0.984326,0.032784,0.237222,0.26577387
d__t10y2y_t10y2y__lag055,0.623824,0.220905,0.205074,0.26573591
d__vixcls_vixcls__lag034,0.454545,0.177134,0.407465,0.26572686
d__relacbw027sbog_relacbw027sbog__lag023,0.667712,0.07066,0.327276,0.26570673
d__relacbw027sbog_re_loans__lag023,0.667712,0.07066,0.327276,0.26570673
d__relacbw027sbog_real_estate_loan__lag023,0.667712,0.07066,0.327276,0.26570673
d__relacbw027sbog_relacbw027sbog__lag012,0.667712,0.069571,0.328355,0.26569955
d__relacbw027sbog_re_loans__lag012,0.667712,0.069571,0.328355,0.26569955
d__relacbw027sbog_real_estate_loan__lag012,0.667712,0.069571,0.328355,0.26569955
d__dexszus_dexszus__lag042,0.69279,0.15259,0.230874,0.26565957
m__ipmine_ipmine__lag004,1.0,0.019273,0.246349,0.26562151
d__dexszus_dexszus__lag037,0.69279,0.153968,0.229436,0.26561877
d__dexszus_dexszus__lag032,0.69279,0.155064,0.228272,0.26557154
d__dexszus_dexszus__lag047,0.69279,0.15379,0.229499,0.26553856
d__relacbw027sbog_relacbw027sbog__lag019,0.667712,0.071539,0.326089,0.26550065
d__relacbw027sbog_re_loans__lag019,0.667712,0.071539,0.326089,0.26550065
d__relacbw027sbog_real_estate_loan__lag019,0.667712,0.071539,0.326089,0.26550065
d__anfci_anfci__lag077,0.69279,0.044531,0.338617,0.26544063
d__anfci_anfci__lag079,0.69279,0.041747,0.341315,0.26538163
q__rowceaq027s_row_corpequities_flow__lag005,0.981191,0.143372,0.127061,0.26534658
d__anfci_anfci__lag076,0.69279,0.044683,0.338294,0.26532266
d__dexszus_dexszus__lag043,0.69279,0.152203,0.230602,0.26520354
d__dexszus_dexszus__lag036,0.69279,0.153802,0.228943,0.2651618
d__clsacbw027sbog_cons_loans__lag009,0.667712,0.074317,0.322663,0.26506813
d__clsacbw027sbog_cons_loans__lag008,0.667712,0.074312,0.322582,0.26501077
d__relacbw027sbog_relacbw027sbog__lag011,0.667712,0.068715,0.328169,0.26500393
d__relacbw027sbog_re_loans__lag011,0.667712,0.068715,0.328169,0.26500393
d__relacbw027sbog_real_estate_loan__lag011,0.667712,0.068715,0.328169,0.26500393
d__nasdaqcom_nasdaqcom__lag037,0.69279,0.105493,0.276867,0.26489538
d__relacbw027sbog_relacbw027sbog__lag010,0.667712,0.068365,0.328149,0.26475686
d__relacbw027sbog_re_loans__lag010,0.667712,0.068365,0.328149,0.26475686
d__relacbw027sbog_real_estate_loan__lag010,0.667712,0.068365,0.328149,0.26475686
d__relacbw027sbog_relacbw027sbog__lag084,0.667712,0.085729,0.310765,0.26474347
d__relacbw027sbog_re_loans__lag084,0.667712,0.085729,0.310765,0.26474347
d__relacbw027sbog_real_estate_loan__lag084,0.667712,0.085729,0.310765,0.26474347
m__pcepi_pcepi__lag008,0.836991,0.035353,0.280925,0.26472201
m__pcepi_pce_price_index__lag008,0.836991,0.035353,0.280925,0.26472201
d__dexszus_dexszus__lag041,0.69279,0.150365,0.231741,0.2647196
d__dexszus_dexszus__lag038,0.69279,0.151599,0.23036,0.26461762
d__nasdaqcom_nasdaqcom__lag081,0.689655,0.112514,0.271154,0.26459849
d__relacbw027sbog_relacbw027sbog__lag083,0.667712,0.085531,0.310744,0.26459713
d__relacbw027sbog_re_loans__lag083,0.667712,0.085531,0.310744,0.26459713
d__relacbw027sbog_real_estate_loan__lag083,0.667712,0.085531,0.310744,0.26459713
d__relacbw027sbog_relacbw027sbog__lag082,0.667712,0.085478,0.310754,0.26456897
d__relacbw027sbog_re_loans__lag082,0.667712,0.085478,0.310754,0.26456897
d__relacbw027sbog_real_estate_loan__lag082,0.667712,0.085478,0.310754,0.26456897
m__pcepi_pcepi__lag005,0.840125,0.032118,0.282769,0.26454456
m__pcepi_pce_price_index__lag005,0.840125,0.032118,0.282769,0.26454456
d__nasdaqcom_nasdaqcom__lag017,0.69279,0.110766,0.271072,0.26453319
d__clsacbw027sbog_cons_loans__lag003,0.667712,0.07455,0.321597,0.26451207
d__relacbw027sbog_relacbw027sbog__lag085,0.667712,0.08553,0.310615,0.26451074
d__relacbw027sbog_re_loans__lag085,0.667712,0.08553,0.310615,0.26451074
d__relacbw027sbog_real_estate_loan__lag085,0.667712,0.08553,0.310615,0.26451074
d__nasdaqcom_nasdaqcom__lag075,0.689655,0.111521,0.271952,0.26446403
d__anfci_anfci__lag080,0.69279,0.041228,0.340458,0.26442848
d__relacbw027sbog_relacbw027sbog__lag024,0.667712,0.070993,0.324963,0.26438432
d__relacbw027sbog_re_loans__lag024,0.667712,0.070993,0.324963,0.26438432
d__relacbw027sbog_real_estate_loan__lag024,0.667712,0.070993,0.324963,0.26438432
d__nasdaqcom_nasdaqcom__lag036,0.69279,0.106919,0.274628,0.26433195
d__relacbw027sbog_relacbw027sbog__lag081,0.667712,0.085221,0.310627,0.26431209
d__relacbw027sbog_re_loans__lag081,0.667712,0.085221,0.310627,0.26431209
d__relacbw027sbog_real_estate_loan__lag081,0.667712,0.085221,0.310627,0.26431209
d__clsacbw027sbog_cons_loans__lag007,0.667712,0.074784,0.321057,0.2643078
q__rowceaq027s_row_corpequities_flow__lag008,0.971787,0.056692,0.215286,0.2643039
q__bogz1fl262051003q_row_rrp__lag008,0.984326,0.022833,0.245661,0.26428586
q__bogz1fa733061103q_holding_companies_ts_tx__lag004,0.984326,0.115262,0.153142,0.26419754
q__bogz1fa513061113q_pci_bills_tx__lag008,0.971787,0.022232,0.24963,0.26419195
d__relacbw027sbog_relacbw027sbog__lag045,0.667712,0.077355,0.318253,0.26415194
d__relacbw027sbog_re_loans__lag045,0.667712,0.077355,0.318253,0.26415194
d__relacbw027sbog_real_estate_loan__lag045,0.667712,0.077355,0.318253,0.26415194
d__nasdaqcom_nasdaqcom__lag024,0.69279,0.107575,0.273687,0.26413497
q__bogz1fr213061103q_state_local_gov_ts_reval__lag008,0.971787,0.209012,0.062763,0.26410717
d__clsacbw027sbog_cons_loans__lag006,0.667712,0.074807,0.320732,0.2641061
d__relacbw027sbog_relacbw027sbog__lag025,0.667712,0.070489,0.325029,0.26409204
d__relacbw027sbog_re_loans__lag025,0.667712,0.070489,0.325029,0.26409204
d__relacbw027sbog_real_estate_loan__lag025,0.667712,0.070489,0.325029,0.26409204
d__relacbw027sbog_relacbw027sbog__lag088,0.667712,0.084918,0.31056,0.26406545
d__relacbw027sbog_re_loans__lag088,0.667712,0.084918,0.31056,0.26406545
d__relacbw027sbog_real_estate_loan__lag088,0.667712,0.084918,0.31056,0.26406545
d__relacbw027sbog_relacbw027sbog__lag087,0.667712,0.084914,0.310518,0.26403455
d__relacbw027sbog_re_loans__lag087,0.667712,0.084914,0.310518,0.26403455
d__relacbw027sbog_real_estate_loan__lag087,0.667712,0.084914,0.310518,0.26403455
d__clsacbw027sbog_cons_loans__lag005,0.667712,0.074833,0.320566,0.26401225
q__bogz1fa593061105q_pension_ts_tx__lag008,0.971787,0.084076,0.187556,0.26396811
d__relacbw027sbog_relacbw027sbog__lag086,0.667712,0.084814,0.310461,0.2639293
d__relacbw027sbog_re_loans__lag086,0.667712,0.084814,0.310461,0.2639293
d__relacbw027sbog_real_estate_loan__lag086,0.667712,0.084814,0.310461,0.2639293
d__nasdaqcom_nasdaqcom__lag076,0.689655,0.110603,0.271894,0.26379084
d__clsacbw027sbog_cons_loans__lag004,0.667712,0.074823,0.320232,0.26378264
d__nasdaqcom_nasdaqcom__lag072,0.689655,0.110511,0.271911,0.26373904
d__dexszus_dexszus__lag039,0.69279,0.149874,0.230791,0.26372074
d__nasdaqcom_nasdaqcom__lag025,0.69279,0.106907,0.273743,0.26371099
d__dexszus_dexszus__lag040,0.69279,0.150185,0.230457,0.2637056
d__nasdaqcom_nasdaqcom__lag056,0.689655,0.107908,0.274406,0.26366532
d__relacbw027sbog_relacbw027sbog__lag080,0.667712,0.084338,0.310504,0.26364048
d__relacbw027sbog_re_loans__lag080,0.667712,0.084338,0.310504,0.26364048
d__relacbw027sbog_real_estate_loan__lag080,0.667712,0.084338,0.310504,0.26364048
d__nasdaqcom_nasdaqcom__lag068,0.689655,0.10919,0.272976,0.26356316
d__t10y2y_t10y2y__lag062,0.623824,0.219304,0.203146,0.26353471
m__mtsr133fms_fedgov_rcpt__lag009,0.564263,0.180634,0.286374,0.26351531
d__nasdaqcom_nasdaqcom__lag084,0.689655,0.11404,0.268026,0.26349419
d__relacbw027sbog_relacbw027sbog__lag044,0.667712,0.075961,0.318633,0.26347515
d__relacbw027sbog_re_loans__lag044,0.667712,0.075961,0.318633,0.26347515
d__relacbw027sbog_real_estate_loan__lag044,0.667712,0.075961,0.318633,0.26347515
d__nasdaqcom_nasdaqcom__lag031,0.69279,0.10717,0.272889,0.26330055
d__nasdaqcom_nasdaqcom__lag067,0.689655,0.108596,0.273172,0.26328852
d__dexszus_dexszus__lag052,0.69279,0.151643,0.228374,0.26327185
q__bogz1fl702150005q_usb_ffrepo__lag004,0.996865,0.033784,0.230265,0.26322111
d__nasdaqcom_nasdaqcom__lag021,0.69279,0.110873,0.269004,0.26317472
d__relacbw027sbog_relacbw027sbog__lag090,0.664577,0.08507,0.310793,0.26308188
d__relacbw027sbog_re_loans__lag090,0.664577,0.08507,0.310793,0.26308188
d__relacbw027sbog_real_estate_loan__lag090,0.664577,0.08507,0.310793,0.26308188
d__relacbw027sbog_relacbw027sbog__lag077,0.667712,0.083574,0.310392,0.26305563
d__relacbw027sbog_re_loans__lag077,0.667712,0.083574,0.310392,0.26305563
d__relacbw027sbog_real_estate_loan__lag077,0.667712,0.083574,0.310392,0.26305563
d__clsacbw027sbog_cons_loans__lag015,0.667712,0.075851,0.318104,0.26304854
m__pcepi_pcepi__lag007,0.836991,0.034629,0.279641,0.26304131
m__pcepi_pce_price_index__lag007,0.836991,0.034629,0.279641,0.26304131
d__nasdaqcom_nasdaqcom__lag018,0.69279,0.10898,0.270654,0.26300695
d__clsacbw027sbog_cons_loans__lag014,0.667712,0.075566,0.318214,0.26293179
q__bogz1fr713061113q_cb_bills_reval__lag006,0.978056,0.09174,0.177087,0.26292793
d__nasdaqcom_nasdaqcom__lag039,0.69279,0.103315,0.276184,0.26291296
q__bogz1fr263061105q_row_bills_reval__lag007,0.974922,0.184807,0.084849,0.26289358
q__bogz1fr263061105q_row_tsy_reval__lag007,0.974922,0.184807,0.084849,0.26289358
q__drtscilm_loan_tight__lag002,0.445141,0.250687,0.33989,0.2628898
q__bogz1fa513061105q_pc_insurance_ts_tx__lag008,0.971787,0.026207,0.244287,0.26286242
d__relacbw027sbog_relacbw027sbog__lag079,0.667712,0.083382,0.310265,0.26284244
d__relacbw027sbog_re_loans__lag079,0.667712,0.083382,0.310265,0.26284244
d__relacbw027sbog_real_estate_loan__lag079,0.667712,0.083382,0.310265,0.26284244
d__relacbw027sbog_relacbw027sbog__lag078,0.667712,0.08338,0.310217,0.26280909
d__relacbw027sbog_re_loans__lag078,0.667712,0.08338,0.310217,0.26280909
d__relacbw027sbog_real_estate_loan__lag078,0.667712,0.08338,0.310217,0.26280909
d__relacbw027sbog_relacbw027sbog__lag089,0.664577,0.08481,0.310613,0.26278909
d__relacbw027sbog_re_loans__lag089,0.664577,0.08481,0.310613,0.26278909
d__relacbw027sbog_real_estate_loan__lag089,0.664577,0.08481,0.310613,0.26278909
m__recprousm156n_recprob__lag010,0.730408,0.278277,0.08148,0.26276915
d__clsacbw027sbog_cons_loans__lag013,0.667712,0.075308,0.318229,0.26276912
d__nasdaqcom_nasdaqcom__lag030,0.69279,0.105304,0.273954,0.26274639
d__relacbw027sbog_relacbw027sbog__lag076,0.667712,0.082872,0.3105,0.26265908
d__relacbw027sbog_re_loans__lag076,0.667712,0.082872,0.3105,0.26265908
d__relacbw027sbog_real_estate_loan__lag076,0.667712,0.082872,0.3105,0.26265908
d__nasdaqcom_nasdaqcom__lag022,0.69279,0.108261,0.270801,0.26261067
d__clsacbw027sbog_cons_loans__lag010,0.667712,0.074783,0.318493,0.26259545
d__nasdaqcom_nasdaqcom__lag082,0.689655,0.111333,0.2694,0.26257453
d__clsacbw027sbog_cons_loans__lag016,0.667712,0.075466,0.317755,0.26255794
d__nasdaqcom_nasdaqcom__lag026,0.69279,0.106244,0.27273,0.26254973
d__nasdaqcom_nasdaqcom__lag073,0.689655,0.10972,0.27086,0.26246907
d__t10y2y_t10y2y__lag063,0.623824,0.219679,0.201014,0.26243804
d__relacbw027sbog_relacbw027sbog__lag030,0.667712,0.070814,0.322173,0.26240218
d__relacbw027sbog_re_loans__lag030,0.667712,0.070814,0.322173,0.26240218
d__relacbw027sbog_real_estate_loan__lag030,0.667712,0.070814,0.322173,0.26240218
d__relacbw027sbog_relacbw027sbog__lag046,0.667712,0.077902,0.314997,0.26234284
d__relacbw027sbog_re_loans__lag046,0.667712,0.077902,0.314997,0.26234284
d__relacbw027sbog_real_estate_loan__lag046,0.667712,0.077902,0.314997,0.26234284
d__relacbw027sbog_relacbw027sbog__lag042,0.667712,0.075128,0.317754,0.26233137
d__relacbw027sbog_re_loans__lag042,0.667712,0.075128,0.317754,0.26233137
d__relacbw027sbog_real_estate_loan__lag042,0.667712,0.075128,0.317754,0.26233137
d__relacbw027sbog_relacbw027sbog__lag028,0.667712,0.070569,0.322297,0.26232108
d__relacbw027sbog_re_loans__lag028,0.667712,0.070569,0.322297,0.26232108
d__relacbw027sbog_real_estate_loan__lag028,0.667712,0.070569,0.322297,0.26232108
d__relacbw027sbog_relacbw027sbog__lag075,0.667712,0.082438,0.310379,0.262288
d__relacbw027sbog_re_loans__lag075,0.667712,0.082438,0.310379,0.262288
d__relacbw027sbog_real_estate_loan__lag075,0.667712,0.082438,0.310379,0.262288
d__relacbw027sbog_relacbw027sbog__lag029,0.667712,0.070585,0.322175,0.26225067
d__relacbw027sbog_re_loans__lag029,0.667712,0.070585,0.322175,0.26225067
d__relacbw027sbog_real_estate_loan__lag029,0.667712,0.070585,0.322175,0.26225067
d__nasdaqcom_nasdaqcom__lag077,0.689655,0.109675,0.270563,0.26223342
m__pce_pce__lag004,0.840125,0.020422,0.29171,0.26223052
m__pcepi_pcepi__lag006,0.840125,0.032835,0.279251,0.26219203
m__pcepi_pce_price_index__lag006,0.840125,0.032835,0.279251,0.26219203
d__relacbw027sbog_relacbw027sbog__lag027,0.667712,0.070454,0.32216,0.26215287
d__relacbw027sbog_re_loans__lag027,0.667712,0.070454,0.32216,0.26215287
d__relacbw027sbog_real_estate_loan__lag027,0.667712,0.070454,0.32216,0.26215287
d__clsacbw027sbog_cons_loans__lag022,0.667712,0.076262,0.316267,0.2620963
m__wpu0561_ppi_crude__lag009,0.987461,0.065384,0.200013,0.26206975
d__relacbw027sbog_relacbw027sbog__lag074,0.667712,0.082091,0.310335,0.26202755
d__relacbw027sbog_re_loans__lag074,0.667712,0.082091,0.310335,0.26202755
d__relacbw027sbog_real_estate_loan__lag074,0.667712,0.082091,0.310335,0.26202755
d__clsacbw027sbog_cons_loans__lag021,0.667712,0.076604,0.315814,0.262022
d__relacbw027sbog_relacbw027sbog__lag050,0.667712,0.078548,0.313859,0.26201516
d__relacbw027sbog_re_loans__lag050,0.667712,0.078548,0.313859,0.26201516
d__relacbw027sbog_real_estate_loan__lag050,0.667712,0.078548,0.313859,0.26201516
d__relacbw027sbog_relacbw027sbog__lag043,0.667712,0.07494,0.317382,0.26195819
d__relacbw027sbog_re_loans__lag043,0.667712,0.07494,0.317382,0.26195819
d__relacbw027sbog_real_estate_loan__lag043,0.667712,0.07494,0.317382,0.26195819
d__nasdaqcom_nasdaqcom__lag051,0.69279,0.1065,0.271618,0.2619561
d__nasdaqcom_nasdaqcom__lag040,0.69279,0.101867,0.276194,0.26191674
d__clsacbw027sbog_cons_loans__lag017,0.667712,0.075636,0.316534,0.26185626
d__nasdaqcom_nasdaqcom__lag041,0.69279,0.101588,0.276363,0.26184109
d__relacbw027sbog_relacbw027sbog__lag041,0.667712,0.074718,0.317416,0.26183238
d__relacbw027sbog_re_loans__lag041,0.667712,0.074718,0.317416,0.26183238
d__relacbw027sbog_real_estate_loan__lag041,0.667712,0.074718,0.317416,0.26183238
d__nasdaqcom_nasdaqcom__lag078,0.689655,0.108588,0.271014,0.2617945
d__nasdaqcom_nasdaqcom__lag057,0.689655,0.105222,0.274228,0.2616901
d__relacbw027sbog_relacbw027sbog__lag031,0.667712,0.071385,0.320514,0.26167546
d__relacbw027sbog_re_loans__lag031,0.667712,0.071385,0.320514,0.26167546
d__relacbw027sbog_real_estate_loan__lag031,0.667712,0.071385,0.320514,0.26167546
d__vixcls_vixcls__lag038,0.454545,0.142884,0.432796,0.26167273
d__relacbw027sbog_relacbw027sbog__lag049,0.667712,0.078393,0.313472,0.26165282
d__relacbw027sbog_re_loans__lag049,0.667712,0.078393,0.313472,0.26165282
d__relacbw027sbog_real_estate_loan__lag049,0.667712,0.078393,0.313472,0.26165282
d__relacbw027sbog_relacbw027sbog__lag026,0.667712,0.0704,0.321464,0.26165203
d__relacbw027sbog_re_loans__lag026,0.667712,0.0704,0.321464,0.26165203
d__relacbw027sbog_real_estate_loan__lag026,0.667712,0.0704,0.321464,0.26165203
d__clsacbw027sbog_cons_loans__lag012,0.667712,0.075238,0.316565,0.26161122
q__bogz1fr693061105q_nonmmf_ts_reval__lag008,0.971787,0.22194,0.047177,0.26152481
q__bogz1fr693061105q_nonmmmf_ts_reval__lag008,0.971787,0.22194,0.047177,0.26152481
d__clsacbw027sbog_cons_loans__lag011,0.667712,0.074968,0.3166,0.2614544
d__nasdaqcom_nasdaqcom__lag035,0.69279,0.103145,0.274232,0.2614426
d__clsacbw027sbog_cons_loans__lag020,0.667712,0.076324,0.315217,0.26143689
d__nasdaqcom_nasdaqcom__lag042,0.69279,0.101063,0.276256,0.26140287
d__relacbw027sbog_relacbw027sbog__lag073,0.667712,0.081326,0.310065,0.26133639
d__relacbw027sbog_re_loans__lag073,0.667712,0.081326,0.310065,0.26133639
d__relacbw027sbog_real_estate_loan__lag073,0.667712,0.081326,0.310065,0.26133639
d__relacbw027sbog_relacbw027sbog__lag037,0.667712,0.072123,0.319167,0.2612691
d__relacbw027sbog_re_loans__lag037,0.667712,0.072123,0.319167,0.2612691
d__relacbw027sbog_real_estate_loan__lag037,0.667712,0.072123,0.319167,0.2612691
d__relacbw027sbog_relacbw027sbog__lag047,0.667712,0.078082,0.313146,0.26122738
d__relacbw027sbog_re_loans__lag047,0.667712,0.078082,0.313146,0.26122738
d__relacbw027sbog_real_estate_loan__lag047,0.667712,0.078082,0.313146,0.26122738
d__relacbw027sbog_relacbw027sbog__lag048,0.667712,0.078257,0.312955,0.26121676
d__relacbw027sbog_re_loans__lag048,0.667712,0.078257,0.312955,0.26121676
d__relacbw027sbog_real_estate_loan__lag048,0.667712,0.078257,0.312955,0.26121676
d__clsacbw027sbog_cons_loans__lag023,0.667712,0.075775,0.315383,0.26118092
d__vixcls_vixcls__lag039,0.454545,0.165531,0.40903,0.26116403
d__nasdaqcom_nasdaqcom__lag080,0.689655,0.109685,0.268999,0.2611613
d__relacbw027sbog_relacbw027sbog__lag072,0.667712,0.080929,0.310187,0.26115272
d__relacbw027sbog_re_loans__lag072,0.667712,0.080929,0.310187,0.26115272
d__relacbw027sbog_real_estate_loan__lag072,0.667712,0.080929,0.310187,0.26115272
d__nasdaqcom_nasdaqcom__lag079,0.689655,0.109604,0.269045,0.26113741
d__nasdaqcom_nasdaqcom__lag006,0.69279,0.111483,0.26544,0.26112869
d__clsacbw027sbog_cons_loans__lag018,0.667712,0.075995,0.314941,0.26103262
q__bogz1fr753061103q_usb_tsy_for_reval__lag008,0.971787,0.215365,0.053206,0.26099392
q__bogz1fa593061105q_pension_ts_tx__lag007,0.974922,0.062946,0.204752,0.26098472
d__relacbw027sbog_relacbw027sbog__lag034,0.667712,0.071983,0.318879,0.26098291
d__relacbw027sbog_re_loans__lag034,0.667712,0.071983,0.318879,0.26098291
d__relacbw027sbog_real_estate_loan__lag034,0.667712,0.071983,0.318879,0.26098291
d__relacbw027sbog_relacbw027sbog__lag035,0.667712,0.071985,0.318854,0.26096776
d__relacbw027sbog_re_loans__lag035,0.667712,0.071985,0.318854,0.26096776
d__relacbw027sbog_real_estate_loan__lag035,0.667712,0.071985,0.318854,0.26096776
q__qbpbsrskk_tier1rbc__lag002,0.523511,0.079535,0.418949,0.26096191
d__relacbw027sbog_relacbw027sbog__lag051,0.667712,0.077893,0.312937,0.26096172
d__relacbw027sbog_re_loans__lag051,0.667712,0.077893,0.312937,0.26096172
d__relacbw027sbog_real_estate_loan__lag051,0.667712,0.077893,0.312937,0.26096172
d__relacbw027sbog_relacbw027sbog__lag036,0.667712,0.071924,0.318902,0.26095917
d__relacbw027sbog_re_loans__lag036,0.667712,0.071924,0.318902,0.26095917
d__relacbw027sbog_real_estate_loan__lag036,0.667712,0.071924,0.318902,0.26095917
d__nasdaqcom_nasdaqcom__lag027,0.69279,0.103973,0.272648,0.26091915
q__rowmslq027s_row_muni_flow__lag001,0.99373,0.027055,0.235485,0.260894
q__qbpbslevk_tier1lc__lag002,0.523511,0.079326,0.418949,0.2608525
d__relacbw027sbog_relacbw027sbog__lag038,0.667712,0.072995,0.317668,0.26085016
d__relacbw027sbog_re_loans__lag038,0.667712,0.072995,0.317668,0.26085016
d__relacbw027sbog_real_estate_loan__lag038,0.667712,0.072995,0.317668,0.26085016
d__clsacbw027sbog_cons_loans__lag019,0.667712,0.076167,0.314477,0.26083715
q__bogz1fa223061143q_state_local_db_retirement_ts_tx__lag008,0.971787,0.041181,0.22722,0.26082907
d__relacbw027sbog_relacbw027sbog__lag070,0.667712,0.080139,0.310427,0.26078538
d__relacbw027sbog_re_loans__lag070,0.667712,0.080139,0.310427,0.26078538
d__relacbw027sbog_real_estate_loan__lag070,0.667712,0.080139,0.310427,0.26078538
d__relacbw027sbog_relacbw027sbog__lag032,0.667712,0.07174,0.31876,0.26074164
d__relacbw027sbog_re_loans__lag032,0.667712,0.07174,0.31876,0.26074164
d__relacbw027sbog_real_estate_loan__lag032,0.667712,0.07174,0.31876,0.26074164
d__nasdaqcom_nasdaqcom__lag052,0.69279,0.105126,0.271236,0.26074017
d__nasdaqcom_nasdaqcom__lag028,0.69279,0.102205,0.274104,0.26070269
d__nasdaqcom_nasdaqcom__lag015,0.69279,0.110192,0.266085,0.26068112
d__nasdaqcom_nasdaqcom__lag033,0.69279,0.103773,0.272474,0.26065997
d__relacbw027sbog_relacbw027sbog__lag033,0.667712,0.071744,0.318576,0.2606207
d__relacbw027sbog_re_loans__lag033,0.667712,0.071744,0.318576,0.2606207
d__relacbw027sbog_real_estate_loan__lag033,0.667712,0.071744,0.318576,0.2606207
d__relacbw027sbog_relacbw027sbog__lag069,0.667712,0.079807,0.310353,0.26051396
d__relacbw027sbog_re_loans__lag069,0.667712,0.079807,0.310353,0.26051396
d__relacbw027sbog_real_estate_loan__lag069,0.667712,0.079807,0.310353,0.26051396
d__relacbw027sbog_relacbw027sbog__lag071,0.667712,0.079962,0.310129,0.2604681
d__relacbw027sbog_re_loans__lag071,0.667712,0.079962,0.310129,0.2604681
d__relacbw027sbog_real_estate_loan__lag071,0.667712,0.079962,0.310129,0.2604681
d__nasdaqcom_nasdaqcom__lag048,0.69279,0.102151,0.273732,0.26040741
d__relacbw027sbog_relacbw027sbog__lag068,0.667712,0.079542,0.310337,0.26032679
d__relacbw027sbog_re_loans__lag068,0.667712,0.079542,0.310337,0.26032679
d__relacbw027sbog_real_estate_loan__lag068,0.667712,0.079542,0.310337,0.26032679
d__nasdaqcom_nasdaqcom__lag029,0.69279,0.103876,0.271815,0.26027451
d__vixcls_vixcls__lag073,0.454545,0.21676,0.355751,0.26023197
d__relacbw027sbog_relacbw027sbog__lag040,0.667712,0.074346,0.315361,0.26021183
d__relacbw027sbog_re_loans__lag040,0.667712,0.074346,0.315361,0.26021183
d__relacbw027sbog_real_estate_loan__lag040,0.667712,0.074346,0.315361,0.26021183
d__vixcls_vixcls__lag037,0.454545,0.147728,0.42441,0.26006249
m__ltdacbm027nbog_ltd__lag002,0.667712,0.071679,0.317786,0.2600501
d__vixcls_vixcls__lag074,0.454545,0.220022,0.351985,0.26000278
d__relacbw027sbog_relacbw027sbog__lag067,0.667712,0.079146,0.310241,0.25999837
d__relacbw027sbog_re_loans__lag067,0.667712,0.079146,0.310241,0.25999837
d__relacbw027sbog_real_estate_loan__lag067,0.667712,0.079146,0.310241,0.25999837
d__relacbw027sbog_relacbw027sbog__lag039,0.667712,0.073614,0.31576,0.25998968
d__relacbw027sbog_re_loans__lag039,0.667712,0.073614,0.31576,0.25998968
d__relacbw027sbog_real_estate_loan__lag039,0.667712,0.073614,0.31576,0.25998968
q__bogz1fr263061130q_row_gov_tsy_reval__lag007,0.974922,0.174514,0.092157,0.25998301
m__pce_pce__lag011,0.833856,0.020364,0.291419,0.25998207
d__t10y2y_t10y2y__lag064,0.623824,0.215842,0.200904,0.25997612
d__nasdaqcom_nasdaqcom__lag074,0.689655,0.10758,0.269265,0.25989292
d__nasdaqcom_nasdaqcom__lag034,0.69279,0.103257,0.271616,0.25970798
d__nasdaqcom_nasdaqcom__lag032,0.69279,0.103551,0.271319,0.25970602
d__relacbw027sbog_relacbw027sbog__lag066,0.667712,0.078791,0.310108,0.25967263
d__relacbw027sbog_re_loans__lag066,0.667712,0.078791,0.310108,0.25967263
d__relacbw027sbog_real_estate_loan__lag066,0.667712,0.078791,0.310108,0.25967263
d__anfci_anfci__lag078,0.69279,0.042917,0.331899,0.25966898
d__nasdaqcom_nasdaqcom__lag019,0.69279,0.107654,0.267068,0.25960388
d__nasdaqcom_nasdaqcom__lag005,0.69279,0.110946,0.263739,0.25957793
d__relacbw027sbog_relacbw027sbog__lag063,0.667712,0.078717,0.309914,0.25949335
d__relacbw027sbog_re_loans__lag063,0.667712,0.078717,0.309914,0.25949335
d__relacbw027sbog_real_estate_loan__lag063,0.667712,0.078717,0.309914,0.25949335
d__relacbw027sbog_relacbw027sbog__lag062,0.667712,0.078635,0.309881,0.25941609
d__relacbw027sbog_re_loans__lag062,0.667712,0.078635,0.309881,0.25941609
d__relacbw027sbog_real_estate_loan__lag062,0.667712,0.078635,0.309881,0.25941609
d__relacbw027sbog_relacbw027sbog__lag061,0.667712,0.078613,0.309846,0.25937825
d__relacbw027sbog_re_loans__lag061,0.667712,0.078613,0.309846,0.25937825
d__relacbw027sbog_real_estate_loan__lag061,0.667712,0.078613,0.309846,0.25937825
d__nasdaqcom_nasdaqcom__lag049,0.69279,0.101456,0.272867,0.25932671
d__relacbw027sbog_relacbw027sbog__lag052,0.667712,0.077929,0.310338,0.25925084
d__relacbw027sbog_re_loans__lag052,0.667712,0.077929,0.310338,0.25925084
d__relacbw027sbog_real_estate_loan__lag052,0.667712,0.077929,0.310338,0.25925084
d__relacbw027sbog_relacbw027sbog__lag065,0.667712,0.078134,0.310013,0.2591702
d__relacbw027sbog_re_loans__lag065,0.667712,0.078134,0.310013,0.2591702
d__relacbw027sbog_real_estate_loan__lag065,0.667712,0.078134,0.310013,0.2591702
d__relacbw027sbog_relacbw027sbog__lag064,0.667712,0.078056,0.310058,0.2591484
d__relacbw027sbog_re_loans__lag064,0.667712,0.078056,0.310058,0.2591484
d__relacbw027sbog_real_estate_loan__lag064,0.667712,0.078056,0.310058,0.2591484
q__bogz1fr563061103q_etfs_ts_reval__lag005,0.981191,0.193084,0.071013,0.25913012
d__nasdaqcom_nasdaqcom__lag004,0.69279,0.110273,0.263688,0.25907659
d__relacbw027sbog_relacbw027sbog__lag060,0.667712,0.078318,0.309645,0.25904737
d__relacbw027sbog_re_loans__lag060,0.667712,0.078318,0.309645,0.25904737
d__relacbw027sbog_real_estate_loan__lag060,0.667712,0.078318,0.309645,0.25904737
q__bogz1fa403061105q_gses_ts_tx__lag007,0.974922,0.168461,0.097213,0.25901206
d__clsacbw027sbog_cons_loans__lag024,0.667712,0.075607,0.312269,0.25898866
d__nasdaqcom_nasdaqcom__lag083,0.689655,0.108205,0.267313,0.2589782
d__relacbw027sbog_relacbw027sbog__lag053,0.667712,0.078777,0.309051,0.25895713
d__relacbw027sbog_re_loans__lag053,0.667712,0.078777,0.309051,0.25895713
d__relacbw027sbog_real_estate_loan__lag053,0.667712,0.078777,0.309051,0.25895713
d__relacbw027sbog_relacbw027sbog__lag054,0.667712,0.078646,0.309119,0.25891494
d__relacbw027sbog_re_loans__lag054,0.667712,0.078646,0.309119,0.25891494
d__relacbw027sbog_real_estate_loan__lag054,0.667712,0.078646,0.309119,0.25891494
d__relacbw027sbog_relacbw027sbog__lag055,0.667712,0.078634,0.309105,0.25889815
d__relacbw027sbog_re_loans__lag055,0.667712,0.078634,0.309105,0.25889815
d__relacbw027sbog_real_estate_loan__lag055,0.667712,0.078634,0.309105,0.25889815
d__relacbw027sbog_relacbw027sbog__lag059,0.667712,0.07816,0.309482,0.25883295
d__relacbw027sbog_re_loans__lag059,0.667712,0.07816,0.309482,0.25883295
d__relacbw027sbog_real_estate_loan__lag059,0.667712,0.07816,0.309482,0.25883295
d__clsacbw027sbog_cons_loans__lag027,0.667712,0.075616,0.312023,0.25883091
d__nasdaqcom_nasdaqcom__lag064,0.689655,0.103921,0.271362,0.25881574
d__nasdaqcom_nasdaqcom__lag043,0.69279,0.099227,0.274253,0.25874292
d__relacbw027sbog_relacbw027sbog__lag056,0.667712,0.078279,0.309182,0.25871252
d__relacbw027sbog_re_loans__lag056,0.667712,0.078279,0.309182,0.25871252
d__relacbw027sbog_real_estate_loan__lag056,0.667712,0.078279,0.309182,0.25871252
d__relacbw027sbog_relacbw027sbog__lag058,0.667712,0.078321,0.308969,0.25859759
d__relacbw027sbog_re_loans__lag058,0.667712,0.078321,0.308969,0.25859759
d__relacbw027sbog_real_estate_loan__lag058,0.667712,0.078321,0.308969,0.25859759
q__rowmmfq027s_row_moneymarketfundshares_flow__lag002,0.990596,0.140428,0.120562,0.25853519
d__relacbw027sbog_relacbw027sbog__lag057,0.667712,0.078186,0.308995,0.2585252
d__relacbw027sbog_re_loans__lag057,0.667712,0.078186,0.308995,0.2585252
d__relacbw027sbog_real_estate_loan__lag057,0.667712,0.078186,0.308995,0.2585252
m__mtsr133fms_fedgov_rcpt__lag007,0.564263,0.100114,0.357873,0.25842528
d__nasdaqcom_nasdaqcom__lag065,0.689655,0.103889,0.27061,0.25827526
d__nasdaqcom_nasdaqcom__lag086,0.689655,0.108061,0.266382,0.258237
d__clsacbw027sbog_cons_loans__lag028,0.667712,0.075333,0.311306,0.25816387
d__clsacbw027sbog_cons_loans__lag026,0.667712,0.075726,0.310856,0.2581254
q__bogz1fr343061165q_fed_gov_db_retirement_ts_reval__lag004,0.984326,0.126984,0.13521,0.25808463
d__nasdaqcom_nasdaqcom__lag046,0.69279,0.099535,0.272926,0.25803686
q__bogz1fr513061105q_pc_insurance_ts_reval__lag002,0.990596,0.019538,0.240897,0.25798584
d__clsacbw027sbog_cons_loans__lag025,0.667712,0.075683,0.310595,0.25792239
m__ltdacbm027nbog_ltd__lag006,0.664577,0.057498,0.330588,0.2579134
d__clsacbw027sbog_cons_loans__lag029,0.667712,0.075075,0.311185,0.25790974
d__nasdaqcom_nasdaqcom__lag008,0.69279,0.109612,0.2626,0.25786521
d__nasdaqcom_nasdaqcom__lag047,0.69279,0.099884,0.272287,0.25783648
d__anfci_anfci__lag081,0.69279,0.040799,0.331271,0.25776603
d__nasdaqcom_nasdaqcom__lag001,0.69279,0.107728,0.264322,0.25775281
q__bogz1fa543061175q_life_insurance_ts_tx__lag003,0.987461,0.078878,0.182079,0.25768488
d__nasdaqcom_nasdaqcom__lag016,0.69279,0.109802,0.262057,0.25761994
d__clsacbw027sbog_cons_loans__lag030,0.667712,0.074965,0.310579,0.25743173
d__nasdaqcom_nasdaqcom__lag009,0.69279,0.111042,0.260433,0.25735447
d__nasdaqcom_nasdaqcom__lag050,0.69279,0.099959,0.271481,0.25732983
d__nasdaqcom_nasdaqcom__lag023,0.69279,0.10547,0.265864,0.25725622
d__anfci_anfci__lag082,0.69279,0.03747,0.333683,0.25713122
d__nasdaqcom_nasdaqcom__lag002,0.69279,0.107642,0.263491,0.25711741
d__nasdaqcom_nasdaqcom__lag007,0.69279,0.109597,0.261438,0.25704901
d__clsacbw027sbog_cons_loans__lag035,0.667712,0.076381,0.308357,0.25689414
d__clsacbw027sbog_cons_loans__lag036,0.667712,0.076885,0.307852,0.25689291
d__nasdaqcom_nasdaqcom__lag020,0.69279,0.108085,0.262648,0.25684032
d__clsacbw027sbog_cons_loans__lag034,0.667712,0.076462,0.308162,0.2568184
d__clsacbw027sbog_cons_loans__lag031,0.667712,0.075458,0.309033,0.25672916
d__nasdaqcom_nasdaqcom__lag085,0.689655,0.107481,0.264723,0.25669217
q__bogz1lm563061103q_etfs_ts__lag007,0.987461,0.032696,0.227184,0.25662137
q__bogz1fa343061113q_fed_gov_dcf_retirement_ts_tx__lag001,0.99373,0.054312,0.203645,0.25633944
d__clsacbw027sbog_cons_loans__lag037,0.667712,0.076513,0.307139,0.25616917
d__nasdaqcom_nasdaqcom__lag003,0.69279,0.108221,0.261463,0.25611339
q__a091rc1q027sbea_gov_interest_payments__lag002,0.987461,0.06194,0.197139,0.25582959
q__a091rc1q027sbea_fedgov_int__lag002,0.987461,0.06194,0.197139,0.25582959
d__vixcls_vixcls__lag068,0.454545,0.191811,0.370948,0.25579966
d__clsacbw027sbog_cons_loans__lag032,0.667712,0.075967,0.307116,0.25578916
d__clsacbw027sbog_cons_loans__lag033,0.667712,0.076008,0.307042,0.25576673
q__bogz1fa263061145q_row_priv_tsy_tx__lag001,0.99373,0.040916,0.216459,0.25576176
d__nasdaqcom_nasdaqcom__lag010,0.69279,0.109479,0.259606,0.255699
d__nasdaqcom_nasdaqcom__lag061,0.689655,0.099034,0.271623,0.25562571
d__nasdaqcom_nasdaqcom__lag063,0.689655,0.100702,0.26958,0.25536672
d__nasdaqcom_nasdaqcom__lag044,0.69279,0.096644,0.271862,0.25529698
d__nasdaqcom_nasdaqcom__lag045,0.69279,0.097529,0.270945,0.25527502
d__nasdaqcom_nasdaqcom__lag013,0.69279,0.105504,0.262858,0.25519735
q__bogz1fr593061105q_pension_ts_reval__lag006,0.978056,0.132143,0.128633,0.2550538
d__t10y2y_t10y2y__lag070,0.623824,0.206651,0.202086,0.25498
d__clsacbw027sbog_cons_loans__lag088,0.667712,0.081371,0.300499,0.25497944
d__clsacbw027sbog_cons_loans__lag038,0.667712,0.076733,0.30472,0.25470098
d__clsacbw027sbog_cons_loans__lag084,0.667712,0.080583,0.300756,0.25462483
d__clsacbw027sbog_cons_loans__lag087,0.667712,0.080967,0.300271,0.25455686
d__nasdaqcom_nasdaqcom__lag014,0.69279,0.106259,0.261109,0.25450904
d__clsacbw027sbog_cons_loans__lag083,0.667712,0.080387,0.300778,0.25450836
d__clsacbw027sbog_cons_loans__lag082,0.667712,0.080293,0.300684,0.25438254
d__clsacbw027sbog_cons_loans__lag043,0.667712,0.077256,0.303672,0.25434999
d__clsacbw027sbog_cons_loans__lag042,0.667712,0.077296,0.303609,0.25433438
d__clsacbw027sbog_cons_loans__lag085,0.667712,0.080513,0.30031,0.25427983
d__clsacbw027sbog_cons_loans__lag090,0.664577,0.081768,0.300836,0.25426955
d__nasdaqcom_nasdaqcom__lag062,0.689655,0.097821,0.27086,0.25426246
d__clsacbw027sbog_cons_loans__lag081,0.667712,0.080197,0.300572,0.25424387
d__clsacbw027sbog_cons_loans__lag077,0.667712,0.079908,0.300738,0.25416219
d__clsacbw027sbog_cons_loans__lag089,0.664577,0.081525,0.300852,0.25411902
q__bogz1fr513061105q_pc_insurance_ts_reval__lag007,0.974922,0.139308,0.121315,0.25408673
d__clsacbw027sbog_cons_loans__lag080,0.667712,0.080055,0.30046,0.25407451
d__clsacbw027sbog_cons_loans__lag076,0.667712,0.079596,0.300894,0.25405717
d__clsacbw027sbog_cons_loans__lag086,0.667712,0.080183,0.300184,0.25397565
d__clsacbw027sbog_cons_loans__lag079,0.667712,0.080049,0.300279,0.25394931
d__nasdaqcom_nasdaqcom__lag012,0.69279,0.105888,0.260531,0.25385185
d__clsacbw027sbog_cons_loans__lag075,0.667712,0.079239,0.300909,0.2538298
d__clsacbw027sbog_cons_loans__lag041,0.667712,0.077089,0.303029,0.25380894
d__clsacbw027sbog_cons_loans__lag039,0.667712,0.076952,0.302956,0.25366892
d__clsacbw027sbog_cons_loans__lag078,0.667712,0.079709,0.300192,0.25366437
q__bogz1fr153061105q_hhnp_tsy_reval__lag008,0.971787,0.195784,0.065242,0.25366165
d__nasdaqcom_nasdaqcom__lag058,0.689655,0.09976,0.268034,0.25365078
d__clsacbw027sbog_cons_loans__lag074,0.667712,0.078985,0.300868,0.25363208
d__clsacbw027sbog_cons_loans__lag057,0.667712,0.078405,0.301136,0.25342416
q__bogz1fr343061113q_fed_gov_dcf_retirement_ts_reval__lag006,0.978056,0.128894,0.130211,0.25341941
d__clsacbw027sbog_cons_loans__lag056,0.667712,0.078043,0.30117,0.253205
m__pce_pce__lag012,0.833856,0.012412,0.291208,0.25317579
d__clsacbw027sbog_cons_loans__lag049,0.667712,0.077708,0.301351,0.25310184
d__clsacbw027sbog_cons_loans__lag050,0.667712,0.07793,0.301114,0.25309171
d__clsacbw027sbog_cons_loans__lag048,0.667712,0.077621,0.301417,0.25308793
d__clsacbw027sbog_cons_loans__lag040,0.667712,0.076947,0.30209,0.25308793
d__clsacbw027sbog_cons_loans__lag070,0.667712,0.078207,0.300765,0.25304382
d__clsacbw027sbog_cons_loans__lag071,0.667712,0.078447,0.30052,0.25304053
d__clsacbw027sbog_cons_loans__lag055,0.667712,0.077699,0.301199,0.25299462
d__clsacbw027sbog_cons_loans__lag047,0.667712,0.077499,0.301386,0.25298619
q__fbtsatq027s_dom_fin_sector_tsy_tx__lag006,0.978056,0.064773,0.193875,0.2529724
d__clsacbw027sbog_cons_loans__lag073,0.667712,0.07822,0.30064,0.25296901
d__clsacbw027sbog_cons_loans__lag058,0.667712,0.07793,0.300927,0.25296721
d__clsacbw027sbog_cons_loans__lag062,0.667712,0.077722,0.301134,0.25296626
d__clsacbw027sbog_cons_loans__lag069,0.667712,0.078082,0.300757,0.25295534
d__clsacbw027sbog_cons_loans__lag063,0.667712,0.077635,0.301144,0.25291535
d__vixcls_vixcls__lag045,0.454545,0.187406,0.369003,0.25291291
d__clsacbw027sbog_cons_loans__lag068,0.667712,0.078018,0.300737,0.25289935
d__clsacbw027sbog_cons_loans__lag067,0.667712,0.077965,0.300746,0.25286988
d__clsacbw027sbog_cons_loans__lag059,0.667712,0.077781,0.300923,0.25286483
d__clsacbw027sbog_cons_loans__lag072,0.667712,0.07821,0.300492,0.25286422
d__clsacbw027sbog_cons_loans__lag054,0.667712,0.077472,0.301224,0.25286008
d__anfci_anfci__lag083,0.69279,0.040626,0.324358,0.25285735
d__clsacbw027sbog_cons_loans__lag046,0.667712,0.077288,0.301387,0.25284579
d__clsacbw027sbog_cons_loans__lag060,0.667712,0.077656,0.300994,0.25282905
d__clsacbw027sbog_cons_loans__lag044,0.667712,0.076373,0.302223,0.25279326
d__clsacbw027sbog_cons_loans__lag053,0.667712,0.077366,0.301217,0.25278422
d__clsacbw027sbog_cons_loans__lag061,0.667712,0.077551,0.30103,0.25278273
q__bogz1fa263061110q_row_bills_tx__lag002,0.990596,0.178747,0.076413,0.25276026
d__nasdaqcom_nasdaqcom__lag059,0.689655,0.098306,0.26817,0.25274221
d__clsacbw027sbog_cons_loans__lag064,0.667712,0.077819,0.300602,0.25267603
d__nasdaqcom_nasdaqcom__lag087,0.689655,0.104083,0.262261,0.25265092
d__clsacbw027sbog_cons_loans__lag052,0.667712,0.077161,0.301128,0.25258851
d__nasdaqcom_nasdaqcom__lag011,0.69279,0.105287,0.259226,0.25253109
d__nasdaqcom_nasdaqcom__lag060,0.689655,0.096777,0.269334,0.2524908
d__clsacbw027sbog_cons_loans__lag051,0.667712,0.077098,0.300982,0.25244844
d__clsacbw027sbog_cons_loans__lag066,0.667712,0.077459,0.300616,0.25244466
d__clsacbw027sbog_cons_loans__lag045,0.667712,0.07678,0.301198,0.25238059
d__clsacbw027sbog_cons_loans__lag065,0.667712,0.077314,0.300499,0.2522705
d__usepuindxd_policy_uncertainty__lag039,0.517241,0.297052,0.190119,0.25198504
d__t10y2y_t10y2y__lag065,0.623824,0.210501,0.192965,0.25169178
m__pcuomfgomfg_ppi_man__lag001,0.520376,0.011113,0.472384,0.25159991
d__anfci_anfci__lag086,0.689655,0.035781,0.328742,0.2513952
d__nasdaqcom_nasdaqcom__lag088,0.689655,0.104096,0.260367,0.25135371
q__bogz1fl262051003q_row_rrp__lag007,0.987461,0.008651,0.245759,0.25122071
d__vixcls_vixcls__lag057,0.454545,0.21895,0.333289,0.25101777
m__mtsds133fms_fed_surplus_deficit__lag012,0.561129,0.249727,0.197482,0.25094205
q__a091rc1q027sbea_gov_interest_payments__lag001,0.990596,0.077431,0.175817,0.25086712
q__a091rc1q027sbea_fedgov_int__lag001,0.990596,0.077431,0.175817,0.25086712
q__bogz1fl263061145q_row_priv_tsy__lag008,0.984326,0.003964,0.25088,0.25084998
d__anfci_anfci__lag084,0.689655,0.038678,0.324844,0.25070486
m__pce_pce__lag010,0.833856,0.011714,0.288706,0.25050751
m__ipmine_ipmine__lag001,1.0,0.015179,0.235116,0.25029558
q__a091rc1q027sbea_gov_interest_payments__lag003,0.984326,0.033981,0.220254,0.25025083
q__a091rc1q027sbea_fedgov_int__lag003,0.984326,0.033981,0.220254,0.25025083
q__bogz1fr793061105q_dom_fin_sector_tsy_reval__lag006,0.978056,0.112204,0.143651,0.25024054
q__bogz1fa343061113q_fed_gov_dcf_retirement_ts_tx__lag007,0.974922,0.129328,0.127054,0.24995194
q__bogz1fr223061143q_state_local_db_retirement_ts_reval__lag008,0.971787,0.228238,0.028781,0.2497681
q__rowceaq027s_row_corpequities_flow__lag003,0.987461,0.138699,0.114177,0.24970542
m__mich_mich__lag001,0.605016,0.126021,0.286471,0.24956385
q__bogz1fa263061145q_row_priv_tsy_tx__lag006,0.978056,0.021908,0.233225,0.24953457
d__anfci_anfci__lag090,0.689655,0.032898,0.328873,0.24949732
d__t10y2y_t10y2y__lag071,0.623824,0.209898,0.18999,0.24946
q__bogz1fr473061105q_credit_unions_ts_reval__lag006,0.978056,0.091549,0.163445,0.24939868
q__bogz1fl702150005q_usb_ffrepo__lag006,0.990596,0.024605,0.227128,0.24936561
d__anfci_anfci__lag087,0.689655,0.035257,0.326177,0.249265
q__rowmfsq027s_row_mutualfundshares_flow__lag004,0.984326,0.206599,0.046497,0.24912893
m__pce_pce__lag005,0.840125,0.010424,0.285476,0.24859275
m__pce_pce__lag007,0.836991,0.010139,0.286673,0.24842932
q__bogz1fl383061105q_dom_nonfin_sector_tsy__lag001,1.0,0.048822,0.199481,0.24830339
d__t10y2y_t10y2y__lag069,0.623824,0.207364,0.190532,0.2482173
d__t10y2y_t10y2y__lag066,0.623824,0.204175,0.193576,0.24812624
d__anfci_anfci__lag085,0.689655,0.036581,0.322503,0.24764395
q__rownblq027s_row_nonfinbusinessloans_flow__lag006,0.978056,0.040943,0.212172,0.24756087
q__bogz1fr593061105q_pension_ts_reval__lag008,0.971787,0.219388,0.0351,0.24730754
d__t10y2y_t10y2y__lag068,0.623824,0.207849,0.188486,0.24724343
q__bogz1fr713061113q_cb_bills_reval__lag003,0.987461,0.105031,0.145211,0.24710394
d__nasdaqcom_nasdaqcom__lag089,0.689655,0.097704,0.26005,0.24672743
m__pce_pce__lag009,0.836991,0.009883,0.284403,0.24631483
q__rownblq027s_row_nonfinbusinessloans_flow__lag003,0.987461,0.018203,0.231185,0.2462602
m__csushpinsa_cs_hpi__lag001,0.492163,0.039362,0.460577,0.24605155
q__bogz1fl343061123q_fed_gov_dcg_retirement_ts__lag008,0.984326,0.054448,0.195517,0.24604635
q__bogz1fr103061103q_nfcb_tsy_reval__lag008,0.971787,0.196354,0.056644,0.24586069
d__vixcls_vixcls__lag075,0.454545,0.199965,0.340823,0.24581249
d__vixcls_vixcls__lag070,0.454545,0.187178,0.35328,0.24566249
d__anfci_anfci__lag088,0.689655,0.034916,0.320851,0.245357
q__b092rc1q027sbea_gov_int_priv__lag007,0.808777,0.062281,0.240869,0.24518024
q__bogz1fl702150005q_usb_ffrepo__lag003,1.0,0.009226,0.235887,0.2451132
q__bogz1fa663061165q_brokers_dealers_long_ts_tx__lag008,0.971787,0.196968,0.055213,0.24506576
m__recprousm156n_recprob__lag002,0.736677,0.05115,0.281281,0.24489466
d__usepuindxd_policy_uncertainty__lag057,0.517241,0.299349,0.174092,0.24488339
d__usepuindxd_policy_uncertainty__lag001,0.517241,0.159821,0.313569,0.24485668
d__t10y2y_t10y2y__lag075,0.623824,0.209643,0.182643,0.24471807
d__t10y2y_t10y2y__lag067,0.623824,0.205374,0.186669,0.24456641
q__bogz1fa313161305q_gov_nonmarketable_ts_tx__lag002,0.990596,0.06731,0.17951,0.24449814
m__pce_pce__lag006,0.840125,0.00802,0.282712,0.24425158
q__drtscilm_loan_tight__lag003,0.442006,0.244533,0.307686,0.24408418
d__t10y2y_t10y2y__lag073,0.623824,0.210377,0.18082,0.24403837
d__usepuindxd_policy_uncertainty__lag085,0.517241,0.25973,0.211898,0.24394546
q__bogz1lm513061105q_pci_tsy_raw__lag008,0.984326,0.046693,0.201097,0.24390586
q__bogz1lm513061105q_pc_insurance_ts__lag008,0.984326,0.046693,0.201097,0.24390586
q__bogz1lm513061105q_p_c_insurance_ts__lag008,0.984326,0.046693,0.201097,0.24390586
d__t10y2y_t10y2y__lag077,0.623824,0.204802,0.186,0.24379178
q__bogz1fl763123005q_tga_usb__lag004,0.996865,0.086994,0.157511,0.24373839
d__anfci_anfci__lag089,0.689655,0.031005,0.322161,0.24356283
d__usepuindxd_policy_uncertainty__lag008,0.517241,0.124996,0.34584,0.24353584
d__t10y2y_t10y2y__lag072,0.623824,0.210315,0.179951,0.24345765
d__vixcls_vixcls__lag046,0.454545,0.175642,0.359934,0.24344367
q__bogz1fr573061105q_private_pension_ts_reval__lag006,0.978056,0.121962,0.126705,0.24321032
q__bogz1fl702150005q_usb_ffrepo__lag007,0.987461,0.017171,0.229047,0.24313017
q__bogz1fr573061133q_private_dc_pension_ts_reval__lag006,0.978056,0.111795,0.136714,0.24305589
q__rowmslq027s_row_muni_flow__lag005,0.981191,0.04259,0.205094,0.24302574
d__dexcaus_dexcaus__lag026,0.69279,0.120685,0.229668,0.24272046
d__nasdaqcom_nasdaqcom__lag090,0.689655,0.092479,0.259299,0.24260543
q__bogz1fr573061105q_private_pension_ts_reval__lag008,0.971787,0.209261,0.039935,0.24216569
q__bogz1fr343061113q_fed_gov_dcf_retirement_ts_reval__lag008,0.971787,0.204213,0.044966,0.24214963
d__usepuindxd_policy_uncertainty__lag011,0.517241,0.165328,0.302668,0.242067
m__ltdacbm027nbog_ltd__lag003,0.667712,0.041984,0.320417,0.24197969
d__t10y2y_t10y2y__lag078,0.623824,0.2073,0.180193,0.2417276
d__t10y2y_t10y2y__lag076,0.623824,0.205853,0.181596,0.24170018
q__bogz1fr573061133q_private_dc_pension_ts_reval__lag008,0.971787,0.204886,0.043788,0.24165761
q__bogz1fa733061103q_holding_companies_ts_tx__lag005,0.981191,0.031197,0.215069,0.24163347
q__bogz1fr573061143q_private_db_pension_ts_reval__lag006,0.978056,0.128051,0.118396,0.24103866
q__bogz1fr573061143q_private_db_pension_ts_reval__lag008,0.971787,0.210665,0.036917,0.24059661
q__bogz1fa743061103q_usb_tsy_dom_tx__lag006,0.978056,0.084663,0.161306,0.24057174
m__pce_pce__lag008,0.836991,0.001371,0.286032,0.24055375
m__csushpinsa_cs_hpi__lag002,0.492163,0.041388,0.447013,0.24037276
q__qbpbsrskk_tier1rbc__lag003,0.520376,0.073216,0.387976,0.23999344
q__qbpbslevk_tier1lc__lag003,0.520376,0.073042,0.387976,0.23990277
d__vixcls_vixcls__lag032,0.454545,0.168245,0.358758,0.23954644
q__bogz1fr343061105q_fed_gov_retirement_ts_reval__lag008,0.971787,0.207352,0.039022,0.23942249
q__bogz1fa663061165q_brokers_dealers_long_ts_tx__lag005,0.981191,0.103055,0.139746,0.23823431
m__pcuomfgomfg_ppi_man__lag002,0.517241,0.007817,0.452587,0.23813977
d__vixcls_vixcls__lag033,0.454545,0.169084,0.354681,0.23807461
q__bogz1fr343061105q_fed_gov_retirement_ts_reval__lag006,0.978056,0.125218,0.118175,0.23805181
m__usalolitoaastsam_oecd_leading_indicator_us__lag003,0.893417,0.165583,0.100667,0.23787206
q__bogz1fl073164013q_dj_index__lag001,0.69279,0.051077,0.292069,0.23772772
q__bogz1fr213061103q_state_local_gov_ts_reval__lag006,0.978056,0.078811,0.16418,0.23765956
d__vixcls_vixcls__lag076,0.454545,0.203743,0.318478,0.23737325
d__vixcls_vixcls__lag030,0.454545,0.185685,0.336304,0.23726767
q__bogz1fl702150005q_usb_ffrepo__lag008,0.984326,0.004774,0.236202,0.23719814
d__t10y2y_t10y2y__lag074,0.623824,0.207923,0.172292,0.23718716
q__bogz1fl663061165q_brokers_dealers_long_ts__lag008,0.984326,0.000415,0.240209,0.23685183
q__bogz1lm213061103q_state_local_gov_ts__lag007,0.987461,0.072071,0.167677,0.2367426
q__bogz1fr383061105q_dom_nonfin_sector_tsy_reval__lag008,0.971787,0.213435,0.030037,0.23660285
m__mtso133fms_fedgov_out__lag002,0.570533,0.140838,0.273732,0.23652595
m__csushpinsa_cs_hpi__lag003,0.492163,0.044698,0.435538,0.23635442
d__vixcls_vixcls__lag072,0.454545,0.210122,0.309324,0.23611157
d__t10y2y_t10y2y__lag090,0.623824,0.196074,0.182309,0.23604403
q__bogz1lm563061103q_etfs_ts__lag008,0.984326,0.017548,0.222122,0.23591359
d__t10y2y_t10y2y__lag089,0.623824,0.191861,0.186301,0.23590728
q__bogz1fa503061123q_ccps_ts_tx__lag005,0.981191,0.11966,0.120566,0.23570733
q__rowgseq027s_row_agency_flow__lag005,0.981191,0.069204,0.170868,0.23555659
m__mtsr133fms_fedgov_rcpt__lag005,0.567398,0.044641,0.370249,0.23540787
d__vixcls_vixcls__lag056,0.454545,0.18126,0.336193,0.23520556
d__dexcaus_dexcaus__lag029,0.69279,0.120501,0.218787,0.23505499
q__bopbca_bopbca__lag008,0.805643,0.022531,0.268981,0.23485487
q__rowgseq027s_row_agency_flow__lag007,0.974922,0.114495,0.126369,0.23482402
d__vixcls_vixcls__lag029,0.454545,0.188906,0.327119,0.23455681
d__usepuindxd_policy_uncertainty__lag058,0.517241,0.265132,0.187681,0.23421375
d__usepuindxd_policy_uncertainty__lag059,0.517241,0.234548,0.218141,0.23414957
q__bogz1fa503061123q_ccps_ts_tx__lag003,0.987461,0.035637,0.201178,0.23384559
d__usepuindxd_policy_uncertainty__lag026,0.517241,0.195018,0.256302,0.23344126
q__rowcpaq027s_row_commercialpaper_flow__lag006,0.978056,0.144625,0.093908,0.23329898
q__bogz1fa713068703q_fed_dw_tx__lag004,0.984326,0.104051,0.132678,0.23301915
m__ltdacbm027nbog_ltd__lag005,0.664577,0.020476,0.329718,0.23273025
d__t10y2y_t10y2y__lag079,0.623824,0.20464,0.1684,0.23271171
q__bogz1fr733061103q_holding_companies_ts_reval__lag006,0.978056,0.064928,0.172297,0.23201913
q__hnotsbq027s_hhnp_tsy_tx__lag003,0.987461,0.202102,0.032693,0.23185101
d__aaa10y_aaa10y__lag012,0.54232,0.17056,0.256497,0.23160187
q__a091rc1q027sbea_gov_interest_payments__lag004,0.981191,0.000176,0.235605,0.23134631
q__a091rc1q027sbea_fedgov_int__lag004,0.981191,0.000176,0.235605,0.23134631
q__bogz1fr103061103q_nfcb_tsy_reval__lag006,0.978056,0.09162,0.144779,0.23121158
d__vixcls_vixcls__lag027,0.454545,0.173058,0.335089,0.23097591
m__csushpinsa_cs_hpi__lag004,0.489028,0.048818,0.4231,0.23078085
d__vixcls_vixcls__lag078,0.454545,0.208602,0.298592,0.23054266
q__bogz1lm103061103q_nfcb_tsy__lag006,0.990596,0.027681,0.204963,0.23045603
d__dexcaus_dexcaus__lag030,0.69279,0.119841,0.212649,0.23034597
m__baaffm_baaff__lag001,0.899687,0.201347,0.054674,0.23033797
m__baaffm_baaff__lag002,0.899687,0.200864,0.054918,0.23012373
d__vixcls_vixcls__lag028,0.454545,0.196149,0.31008,0.23010427
d__t10y2y_t10y2y__lag082,0.623824,0.202501,0.166021,0.22989338
d__vixcls_vixcls__lag069,0.454545,0.18526,0.320338,0.2298171
q__bogz1fa633061105q_money_market_funds_ts_tx__lag006,0.978056,0.103445,0.13148,0.22976997
q__bogz1fr793061105q_dom_fin_sector_tsy_reval__lag008,0.971787,0.188008,0.047896,0.2292484
d__vixcls_vixcls__lag077,0.454545,0.205274,0.298987,0.22920957
d__t10y2y_t10y2y__lag080,0.623824,0.201821,0.165354,0.22905249
d__aaa10y_aaa10y__lag011,0.54232,0.167488,0.254808,0.22901937
d__dexcaus_dexcaus__lag027,0.69279,0.122259,0.208237,0.2289641
m__mtsr133fms_fedgov_rcpt__lag004,0.567398,0.009634,0.393571,0.22877827
q__bogz1fl073164013q_dj_index__lag008,0.670846,0.016904,0.323962,0.2286692
q__bogz1fl513061115q_pci_bills_raw__lag002,1.0,0.020426,0.207995,0.22842047
q__bogz1fl513061115q_pci_bills__lag002,1.0,0.020426,0.207995,0.22842047
d__dexcaus_dexcaus__lag025,0.69279,0.123486,0.206058,0.22830455
d__dexcaus_dexcaus__lag028,0.69279,0.123566,0.20579,0.22817456
d__usepuindxd_policy_uncertainty__lag033,0.517241,0.242126,0.198655,0.22799008
q__bogz1fa313161305q_gov_nonmarketable_ts_tx__lag004,0.984326,0.156738,0.074867,0.22797434
d__t10y2y_t10y2y__lag085,0.623824,0.203734,0.161024,0.22754512
d__aaa10y_aaa10y__lag010,0.54232,0.165242,0.254303,0.22752743
d__usepuindxd_policy_uncertainty__lag037,0.517241,0.172988,0.266895,0.22752575
q__bogz1fr263061145q_row_priv_tsy_reval__lag008,0.971787,0.194347,0.039626,0.22737204
q__bogz1fa693061105q_nonmmf_ts_tx__lag008,0.971787,0.043469,0.190453,0.22732229
q__bogz1fa693061105q_nonmmmf_ts_tx__lag008,0.971787,0.043469,0.190453,0.22732229
q__bogz1fa263061145q_row_priv_tsy_tx__lag007,0.974922,0.011606,0.221524,0.22728347
q__ncbtsaq027s_nfcb_tsy_tx__lag001,0.99373,0.18293,0.045777,0.2272728
d__t10y2y_t10y2y__lag086,0.623824,0.197857,0.165937,0.22694343
d__t10y2y_t10y2y__lag088,0.623824,0.196226,0.16751,0.22690713
m__pcuomfgomfg_ppi_man__lag003,0.517241,0.005099,0.432768,0.22648275
q__cbi_cbi__lag008,0.968652,0.07223,0.161542,0.22644306
q__bogz1fr713061103q_cb_tsy_reval__lag006,0.978056,0.088694,0.142345,0.22596948
m__csushpinsa_cs_hpi__lag005,0.489028,0.052247,0.409269,0.22569429
q__bogz1fr713061113q_cb_bills_reval__lag001,0.99373,0.08944,0.137674,0.22569042
q__bogz1fa263061110q_row_bills_tx__lag008,0.971787,0.177001,0.055041,0.22549547
q__bogz1fa513061105q_pc_insurance_ts_tx__lag003,0.987461,0.107667,0.12064,0.22544376
q__bogz1fa733061103q_holding_companies_ts_tx__lag008,0.971787,0.03485,0.197049,0.22535689
q__bogz1fr263061105q_row_bills_reval__lag008,0.971787,0.204795,0.027004,0.22525858
q__bogz1fr263061105q_row_tsy_reval__lag008,0.971787,0.204795,0.027004,0.22525858
d__t10y2y_t10y2y__lag087,0.623824,0.195205,0.165491,0.2250109
d__dexcaus_dexcaus__lag031,0.69279,0.11674,0.207162,0.224396
q__bogz1fr473061105q_credit_unions_ts_reval__lag008,0.971787,0.174013,0.056507,0.2240161
m__rmfsl_mmf__lag012,0.658307,0.089141,0.250744,0.22374853
q__qbpbsrskk_tier1rbc__lag004,0.517241,0.073126,0.359431,0.223736
q__qbpbslevk_tier1lc__lag004,0.517241,0.07301,0.359431,0.22367612
m__wpu0561_ppi_crude__lag012,0.984326,0.061089,0.166096,0.22362386
m__mtsds133fms_fed_surplus_deficit__lag009,0.564263,0.201707,0.194211,0.2234024
d__vixcls_vixcls__lag080,0.454545,0.20226,0.288924,0.22326534
q__bogz1fa653061105q_mutual_funds_ts_tx__lag008,0.971787,0.075854,0.153591,0.22297159
m__pcuomfgomfg_ppi_man__lag004,0.517241,0.003505,0.426737,0.22253901
d__t10y2y_t10y2y__lag083,0.623824,0.204105,0.152437,0.22241963
d__t10y2y_t10y2y__lag081,0.623824,0.203858,0.152533,0.22232571
m__ltdacbm027nbog_ltd__lag004,0.664577,0.008496,0.326013,0.22230748
q__rowmfsq027s_row_mutualfundshares_flow__lag003,0.987461,0.082199,0.142598,0.221978
d__aaa10y_aaa10y__lag014,0.54232,0.18362,0.225379,0.22180818
d__t10y2y_t10y2y__lag084,0.623824,0.200177,0.155079,0.22161743
m__uempmean_uempmean__lag007,0.974922,0.076422,0.150808,0.22153181
d__vixcls_vixcls__lag026,0.454545,0.157689,0.329631,0.22150913
m__csushpinsa_cs_hpi__lag006,0.489028,0.05529,0.397574,0.22146304
q__bogz1fr553061103q_closed_end_funds_ts_reval__lag005,0.981191,0.19316,0.03247,0.22138642
q__bogz1fa343061123q_fed_gov_dcg_retirement_ts_tx__lag006,0.978056,0.110722,0.115519,0.22127705
d__usepuindxd_policy_uncertainty__lag021,0.517241,0.134089,0.292054,0.22041903
q__bogz1fa563061103q_etfs_ts_tx__lag002,0.990596,0.109822,0.112223,0.21995697
m__mtsr133fms_fedgov_rcpt__lag008,0.564263,0.039455,0.349475,0.21945944
m__rmfsl_mmf__lag011,0.658307,0.082027,0.251281,0.21941908
q__bogz1fr263061145q_row_priv_tsy_reval__lag007,0.974922,0.149966,0.074756,0.2190868
m__ttlcons_ttlcons__lag001,0.416928,0.060673,0.464665,0.219028
q__bogz1fa513061113q_pci_bills_tx__lag005,0.981191,0.016702,0.206228,0.21873679
m__mtso133fms_fedgov_out__lag011,0.561129,0.121473,0.267834,0.21845129
d__aaa10y_aaa10y__lag013,0.54232,0.172358,0.230152,0.21828882
q__bogz1fa713061113q_cb_bills_tx__lag002,0.990596,0.133756,0.086598,0.2182817
q__bogz1fl712151003q_fed_repo__lag007,0.987461,0.138474,0.082012,0.21772054
q__b092rc1q027sbea_gov_int_priv__lag006,0.811912,0.03484,0.232969,0.21743699
m__usalolitoaastsam_oecd_leading_indicator_us__lag002,0.893417,0.126953,0.116401,0.21741652
m__recprousm156n_recprob__lag012,0.727273,0.174065,0.124638,0.21723877
d__usepuindxd_policy_uncertainty__lag077,0.517241,0.15649,0.263202,0.21708168
d__vixcls_vixcls__lag025,0.454545,0.148737,0.328539,0.21694351
m__rmfsl_mmf__lag009,0.661442,0.073606,0.253089,0.21608975
m__csushpinsa_cs_hpi__lag007,0.485893,0.059801,0.384804,0.21603076
q__rownblq027s_row_nonfinbusinessloans_flow__lag001,0.99373,0.030418,0.186861,0.2159164
m__rmfsl_mmf__lag008,0.661442,0.069771,0.256317,0.215688
q__bogz1fr663061165q_brokers_dealers_long_ts_reval__lag008,0.971787,0.197288,0.024262,0.21529968
q__bogz1fl073164013q_dj_index__lag002,0.689655,0.027542,0.284062,0.21489928
q__bogz1fa343061123q_fed_gov_dcg_retirement_ts_tx__lag003,0.987461,0.031086,0.186512,0.21486978
m__rmfsl_mmf__lag010,0.658307,0.074747,0.251619,0.2148489
q__qbpbsrskk_tier1rbc__lag005,0.514107,0.079709,0.337694,0.21458956
q__qbpbslevk_tier1lc__lag005,0.514107,0.079663,0.337694,0.2145659
d__vixcls_vixcls__lag031,0.454545,0.156179,0.315788,0.21453077
q__bogz1fa263061130q_row_gov_tsy_tx__lag001,0.99373,0.188206,0.027499,0.21435228
d__dexcaus_dexcaus__lag051,0.69279,0.117336,0.191784,0.21415538
q__drtscilm_loan_tight__lag001,0.448276,0.168699,0.308584,0.21395483
d__aaa10y_aaa10y__lag020,0.54232,0.209718,0.184585,0.21383838
d__aaa10y_aaa10y__lag009,0.54232,0.168515,0.225619,0.21374622
q__bogz1lm513061105q_pci_tsy_raw__lag004,0.996865,0.017804,0.196597,0.21372882
q__bogz1lm513061105q_pc_insurance_ts__lag004,0.996865,0.017804,0.196597,0.21372882
q__bogz1lm513061105q_p_c_insurance_ts__lag004,0.996865,0.017804,0.196597,0.21372882
q__bogz1fa513061105q_pc_insurance_ts_tx__lag005,0.981191,0.053213,0.164577,0.21369338
d__dexcaus_dexcaus__lag047,0.69279,0.106363,0.201864,0.21353698
d__aaa10y_aaa10y__lag016,0.54232,0.204776,0.188555,0.21331156
m__uempmean_uempmean__lag006,0.978056,0.089335,0.128709,0.21325901
q__bogz1fr563061103q_etfs_ts_reval__lag008,0.971787,0.153837,0.065612,0.2132584
q__bogz1lm213061103q_state_local_gov_ts__lag008,0.984326,0.051502,0.164948,0.21305709
m__pcuomfgomfg_ppi_man__lag005,0.514107,0.00734,0.40668,0.21285037
d__aaa10y_aaa10y__lag008,0.54232,0.17429,0.217943,0.21271569
d__vixcls_vixcls__lag071,0.454545,0.175797,0.291596,0.21245154
m__csushpinsa_cs_hpi__lag008,0.485893,0.065467,0.371651,0.21239288
q__bogz1fa263061110q_row_bills_tx__lag001,0.99373,0.035908,0.177408,0.21197836
q__rowceaq027s_row_corpequities_flow__lag007,0.974922,0.057691,0.159548,0.21179091
m__ttlcons_ttlcons__lag002,0.416928,0.063291,0.444389,0.21166563
d__dexcaus_dexcaus__lag024,0.69279,0.126547,0.178858,0.21158143
d__usepuindxd_policy_uncertainty__lag020,0.517241,0.11389,0.294952,0.21147012
d__usepuindxd_policy_uncertainty__lag015,0.517241,0.123094,0.285024,0.21109576
d__vixcls_vixcls__lag024,0.454545,0.156424,0.307847,0.21103224
d__dexcaus_dexcaus__lag052,0.69279,0.116481,0.188031,0.21096289
q__b639rg3q086sbea_exp_ind_pi__lag007,0.721003,0.034368,0.258182,0.21092887
d__aaa10y_aaa10y__lag007,0.54232,0.175157,0.213409,0.21072703
q__bogz1fa383061105q_dom_nonfin_sector_tsy_tx__lag007,0.974922,0.087174,0.128895,0.21065054
q__bogz1lm513061105q_pci_tsy_raw__lag007,0.987461,0.016639,0.196635,0.21059924
q__bogz1lm513061105q_pc_insurance_ts__lag007,0.987461,0.016639,0.196635,0.21059924
q__bogz1lm513061105q_p_c_insurance_ts__lag007,0.987461,0.016639,0.196635,0.21059924
d__aaa10y_aaa10y__lag019,0.54232,0.205488,0.182569,0.21045065
m__usphci_usphci__lag011,0.583072,0.03835,0.322374,0.21032787
q__bogz1fa503061123q_ccps_ts_tx__lag008,0.971787,0.09728,0.119082,0.21025806
d__vixcls_vixcls__lag022,0.454545,0.152107,0.30995,0.21002611
q__bogz1fl513061115q_pci_bills_raw__lag001,1.0,0.003219,0.206793,0.21001254
q__bogz1fl513061115q_pci_bills__lag001,1.0,0.003219,0.206793,0.21001254
d__usepuindxd_policy_uncertainty__lag038,0.517241,0.243494,0.162327,0.2099073
m__csushpinsa_cs_hpi__lag009,0.485893,0.071868,0.359908,0.20979744
q__bogz1lm513061105q_pci_tsy_raw__lag003,1.0,0.033291,0.176487,0.20977802
q__bogz1lm513061105q_pc_insurance_ts__lag003,1.0,0.033291,0.176487,0.20977802
q__bogz1lm513061105q_p_c_insurance_ts__lag003,1.0,0.033291,0.176487,0.20977802
m__baaffm_baaff__lag003,0.899687,0.197206,0.035655,0.20950181
d__aaa10y_aaa10y__lag017,0.54232,0.205333,0.180724,0.20936614
m__usphci_usphci__lag010,0.583072,0.037356,0.321695,0.20935271
d__usepuindxd_policy_uncertainty__lag012,0.517241,0.115973,0.288603,0.20926336
d__dexcaus_dexcaus__lag016,0.69279,0.122968,0.178696,0.20899044
d__aaa10y_aaa10y__lag015,0.54232,0.18826,0.19692,0.2088906
d__usepuindxd_policy_uncertainty__lag018,0.517241,0.174456,0.228755,0.20855725
d__aaa10y_aaa10y__lag018,0.54232,0.202349,0.182115,0.20850226
q__bogz1fr263061130q_row_gov_tsy_reval__lag008,0.971787,0.171962,0.041715,0.20764908
d__aaa10y_aaa10y__lag021,0.54232,0.210216,0.172652,0.20763683
d__vixcls_vixcls__lag021,0.454545,0.140197,0.316251,0.2074763
q__bogz1fa713068703q_fed_dw_tx__lag008,0.971787,0.180235,0.033203,0.20741596
q__bogz1fa263061110q_row_bills_tx__lag003,0.987461,0.152231,0.057809,0.20740646
q__bogz1fl073164013q_dj_index__lag007,0.673981,0.009486,0.29814,0.20733455
q__bogz1fr663061165q_brokers_dealers_long_ts_reval__lag006,0.978056,0.087177,0.124786,0.20731103
q__qbpbslevk_tier1lc__lag006,0.510972,0.082647,0.322752,0.20714783
q__qbpbsrskk_tier1rbc__lag006,0.510972,0.082617,0.322752,0.20713232
d__dexcaus_dexcaus__lag048,0.69279,0.104479,0.194414,0.2070706
d__dexmxus_dexmxus__lag002,0.407524,0.193661,0.314068,0.20691129
m__rmfsl_mmf__lag007,0.661442,0.055033,0.257783,0.20690926
q__bogz1fa513061105q_pc_insurance_ts_tx__lag002,0.990596,0.055064,0.153694,0.20679404
m__usphci_usphci__lag012,0.583072,0.032355,0.321918,0.20656657
d__dexmxus_dexmxus__lag008,0.407524,0.188414,0.317411,0.20613572
m__pcuomfgomfg_ppi_man__lag006,0.514107,0.012242,0.388336,0.20593992
d__dexmxus_dexmxus__lag009,0.407524,0.18926,0.315731,0.20579571
d__dexcaus_dexcaus__lag049,0.69279,0.107173,0.189847,0.20577232
m__ttlcons_ttlcons__lag003,0.416928,0.05949,0.433496,0.20553937
q__bogz1fl712151003q_fed_repo__lag008,0.984326,0.088798,0.119925,0.20545193
q__bogz1fr263061105q_row_bills_reval__lag006,0.978056,0.118797,0.091044,0.20523672
q__bogz1fr263061105q_row_tsy_reval__lag006,0.978056,0.118797,0.091044,0.20523672
m__csushpinsa_cs_hpi__lag010,0.482759,0.078045,0.346501,0.2049534
d__dexmxus_dexmxus__lag007,0.407524,0.188656,0.314194,0.20492317
d__vixcls_vixcls__lag089,0.454545,0.233692,0.216942,0.20483368
q__bogz1fa633061110q_mmf_bills_tx__lag001,0.99373,0.064529,0.141298,0.20453746
d__dexmxus_dexmxus__lag001,0.407524,0.194409,0.307409,0.20450273
q__bogz1fa343061165q_fed_gov_db_retirement_ts_tx__lag002,0.990596,0.186367,0.019858,0.20428638
d__vixcls_vixcls__lag011,0.454545,0.198151,0.251134,0.20422062
d__vixcls_vixcls__lag090,0.451411,0.251033,0.200633,0.20388684
d__dexcaus_dexcaus__lag015,0.69279,0.120822,0.173413,0.20384303
d__dexcaus_dexcaus__lag046,0.69279,0.104989,0.189147,0.20377493
m__usalolitoaastsam_oecd_leading_indicator_us__lag001,0.893417,0.087077,0.140988,0.20375754
d__dexcaus_dexcaus__lag022,0.69279,0.127203,0.166707,0.20361816
d__aaa10y_aaa10y__lag004,0.54232,0.170544,0.204707,0.2035058
q__bogz1fa313161305q_gov_nonmarketable_ts_tx__lag006,0.978056,0.063809,0.143765,0.20301917
d__usepuindxd_policy_uncertainty__lag074,0.517241,0.245668,0.146665,0.20293122
d__aaa10y_aaa10y__lag005,0.54232,0.171133,0.203016,0.20290828
q__bogz1fa263061145q_row_priv_tsy_tx__lag004,0.984326,0.057668,0.148241,0.20268169
q__rowcpaq027s_row_commercialpaper_flow__lag001,0.99373,0.082497,0.121376,0.2025947
d__vixcls_vixcls__lag087,0.454545,0.214682,0.231001,0.20258332
q__rowceaq027s_row_corpequities_flow__lag006,0.978056,0.101483,0.105602,0.20254116
d__aaa10y_aaa10y__lag006,0.54232,0.175463,0.197585,0.20231128
d__vixcls_vixcls__lag023,0.454545,0.162486,0.282132,0.20209899
d__dexcaus_dexcaus__lag038,0.69279,0.113354,0.178359,0.20209565
q__rowtsaq027s_row_tsy_tx__lag005,0.981191,0.150131,0.055828,0.20208449
d__usepuindxd_policy_uncertainty__lag005,0.517241,0.146606,0.243537,0.20179833
q__bogz1lm513061105q_pci_tsy_raw__lag005,0.99373,0.005768,0.197156,0.20165172
q__bogz1lm513061105q_pc_insurance_ts__lag005,0.99373,0.005768,0.197156,0.20165172
q__bogz1lm513061105q_p_c_insurance_ts__lag005,0.99373,0.005768,0.197156,0.20165172
d__vixcls_vixcls__lag017,0.454545,0.124317,0.318952,0.20148576
d__vixcls_vixcls__lag079,0.454545,0.194524,0.248347,0.20130509
d__dexmxus_dexmxus__lag003,0.407524,0.187048,0.305957,0.20091108
m__rmfsl_mmf__lag006,0.664577,0.040878,0.26122,0.20076758
d__aaa10y_aaa10y__lag023,0.54232,0.195547,0.174651,0.20076583
d__dexmxus_dexmxus__lag010,0.407524,0.187532,0.304856,0.20065974
d__dexcaus_dexcaus__lag017,0.69279,0.127972,0.16151,0.20055069
m__pcuomfgomfg_ppi_man__lag007,0.514107,0.013338,0.376651,0.20049554
d__dexmxus_dexmxus__lag005,0.407524,0.18584,0.305287,0.20014555
d__dexcaus_dexcaus__lag023,0.69279,0.121219,0.167629,0.20011073
q__bogz1fa713068703q_fed_dw_tx__lag005,0.981191,0.110259,0.09345,0.19987783
m__baaffm_baaff__lag009,0.893417,0.12475,0.098783,0.1997085
d__dexmxus_dexmxus__lag004,0.407524,0.185055,0.304746,0.19960539
m__csushpinsa_cs_hpi__lag011,0.482759,0.081225,0.332154,0.19956212
d__dexmxus_dexmxus__lag006,0.407524,0.185046,0.304233,0.19939301
d__aaa10y_aaa10y__lag073,0.54232,0.252623,0.115035,0.19938797
d__vixcls_vixcls__lag018,0.454545,0.122427,0.315836,0.1992106
d__aaa10y_aaa10y__lag003,0.54232,0.16618,0.201042,0.19915166
d__dexmxus_dexmxus__lag011,0.407524,0.186287,0.302299,0.19911019
d__dexcaus_dexcaus__lag021,0.69279,0.130101,0.157231,0.19906088
d__dexcaus_dexcaus__lag037,0.69279,0.112984,0.174337,0.19905299
d__aaa10y_aaa10y__lag022,0.54232,0.199599,0.167208,0.19892673
d__usepuindxd_policy_uncertainty__lag055,0.517241,0.256221,0.12837,0.19892649
q__b092rc1q027sbea_gov_int_priv__lag002,0.824451,0.068072,0.173125,0.19885498
d__dexcaus_dexcaus__lag053,0.69279,0.116397,0.170518,0.19877185
d__dexcaus_dexcaus__lag050,0.69279,0.110038,0.176324,0.19838891
q__rowmmfq027s_row_moneymarketfundshares_flow__lag004,0.984326,0.111336,0.089863,0.19804534
d__dexmxus_dexmxus__lag013,0.407524,0.185076,0.300759,0.19798908
q__bogz1fa313161305q_gov_nonmarketable_ts_tx__lag008,0.971787,0.120685,0.083004,0.19794237
q__bogz1fa343061123q_fed_gov_dcg_retirement_ts_tx__lag002,0.990596,0.059434,0.140298,0.19785393
q__qbpbslevk_tier1lc__lag008,0.504702,0.089577,0.302408,0.19783577
d__dexcaus_dexcaus__lag039,0.69279,0.103138,0.182423,0.19783417
q__qbpbsrskk_tier1rbc__lag008,0.504702,0.089452,0.302401,0.1977692
q__b639rg3q086sbea_exp_ind_pi__lag005,0.727273,0.037718,0.234202,0.19775997
q__b092rc1q027sbea_gov_int_priv__lag003,0.821317,0.04312,0.197567,0.19768018
q__qbpbslevk_tier1lc__lag007,0.507837,0.085213,0.304029,0.19767153
q__qbpbsrskk_tier1rbc__lag007,0.507837,0.085147,0.304029,0.19763792
q__bogz1fa743061103q_usb_tsy_dom_tx__lag003,0.987461,0.196632,0.003424,0.19754829
m__ttlcons_ttlcons__lag004,0.413793,0.059011,0.418277,0.19749868
d__dexmxus_dexmxus__lag012,0.407524,0.184179,0.300258,0.19741949
d__dexcaus_dexcaus__lag044,0.69279,0.110768,0.17418,0.19740875
m__mtsr133fms_fedgov_rcpt__lag003,0.570533,0.1728,0.173016,0.19729927
q__bogz1fr713061103q_cb_tsy_reval__lag008,0.971787,0.149884,0.053058,0.19721665
q__bogz1fa223061143q_state_local_db_retirement_ts_tx__lag003,0.987461,0.141949,0.057689,0.19713471
d__aaa10y_aaa10y__lag059,0.54232,0.236051,0.126906,0.19683867
d__dexcaus_dexcaus__lag019,0.69279,0.122625,0.160654,0.19625294
q__bogz1fa663061165q_brokers_dealers_long_ts_tx__lag004,0.984326,0.135339,0.0637,0.19591988
d__vixcls_vixcls__lag086,0.454545,0.20619,0.224382,0.19571419
d__aaa10y_aaa10y__lag058,0.54232,0.236979,0.123525,0.19550835
d__aaa10y_aaa10y__lag061,0.54232,0.237852,0.122263,0.19529781
d__dexcaus_dexcaus__lag035,0.69279,0.115834,0.166047,0.19528399
d__dexmxus_dexmxus__lag014,0.407524,0.181491,0.297598,0.19523987
d__aaa10y_aaa10y__lag036,0.54232,0.223723,0.135858,0.19500789
d__vixcls_vixcls__lag081,0.454545,0.170965,0.257806,0.19489593
d__dexcaus_dexcaus__lag054,0.69279,0.114725,0.166457,0.19480009
d__dexchus_dexchus__lag004,0.567398,0.228536,0.114242,0.19449145
q__bogz1fr733061103q_holding_companies_ts_reval__lag008,0.971787,0.149994,0.049989,0.19434052
d__dexchus_dexchus__lag003,0.567398,0.22868,0.113809,0.19432739
d__dexchus_dexchus__lag017,0.567398,0.229066,0.113384,0.19430532
d__aaa10y_aaa10y__lag084,0.54232,0.241134,0.11697,0.19420713
d__dexchus_dexchus__lag001,0.567398,0.22901,0.113178,0.19415725
d__aaa10y_aaa10y__lag085,0.54232,0.237877,0.120083,0.19412878
q__bogz1lm473061105q_credit_unions_ts__lag008,0.984326,0.017899,0.179199,0.19400931
q__bogz1lm473061105q_credit_unions_ts_tx__lag008,0.984326,0.017899,0.179199,0.19400931
d__dexchus_dexchus__lag002,0.567398,0.227222,0.114636,0.19396949
d__aaa10y_aaa10y__lag090,0.539185,0.25177,0.107966,0.19396408
d__usepuindxd_policy_uncertainty__lag060,0.517241,0.223264,0.151727,0.193961
d__aaa10y_aaa10y__lag033,0.54232,0.212499,0.145116,0.19394173
d__dexchus_dexchus__lag016,0.567398,0.228159,0.11362,0.19392479
q__bogz1fa543461113q_li_bills_tx__lag004,0.984326,0.048318,0.148652,0.19388234
d__aaa10y_aaa10y__lag062,0.54232,0.240718,0.116748,0.1938608
d__dexchus_dexchus__lag015,0.567398,0.227672,0.113962,0.19384263
d__usepuindxd_policy_uncertainty__lag082,0.517241,0.279454,0.095307,0.193842
d__dexchus_dexchus__lag020,0.567398,0.226239,0.115387,0.19383793
d__dexchus_dexchus__lag005,0.567398,0.227114,0.114493,0.19382687
q__bogz1fa543461113q_li_bills_tx__lag005,0.981191,0.058835,0.138527,0.1936493
q__bogz1fr343061165q_fed_gov_db_retirement_ts_reval__lag008,0.971787,0.179554,0.019631,0.19356518
d__vixcls_vixcls__lag019,0.454545,0.123593,0.302143,0.19351636
d__dexchus_dexchus__lag021,0.567398,0.226066,0.114959,0.19349691
d__usepuindxd_policy_uncertainty__lag047,0.517241,0.185924,0.188155,0.19348918
d__dexchus_dexchus__lag044,0.567398,0.221884,0.119103,0.19347589
d__dexchus_dexchus__lag025,0.567398,0.226646,0.114282,0.19344225
d__aaa10y_aaa10y__lag029,0.54232,0.210895,0.145718,0.19339812
d__aaa10y_aaa10y__lag072,0.54232,0.245214,0.111347,0.19337002
d__dexchus_dexchus__lag022,0.567398,0.225571,0.115027,0.19325458
q__bogz1fa343061105q_fed_gov_retirement_ts_tx__lag006,0.978056,0.133248,0.064339,0.19325056
d__dexchus_dexchus__lag023,0.567398,0.225673,0.114897,0.19323873
q__b092rc1q027sbea_gov_int_priv__lag001,0.827586,0.082659,0.150825,0.19322821
d__dexchus_dexchus__lag018,0.567398,0.226092,0.11413,0.19304104
d__vixcls_vixcls__lag053,0.454545,0.142413,0.28203,0.19292882
d__dexchus_dexchus__lag031,0.567398,0.223962,0.116045,0.19291915
d__dexchus_dexchus__lag032,0.567398,0.223986,0.115987,0.19289976
d__aaa10y_aaa10y__lag060,0.54232,0.232821,0.122866,0.19289649
d__dexcaus_dexcaus__lag018,0.69279,0.123254,0.154887,0.1926929
d__vixcls_vixcls__lag050,0.454545,0.186119,0.237729,0.19265812
d__dexchus_dexchus__lag024,0.567398,0.225199,0.114334,0.19265029
d__dexchus_dexchus__lag045,0.567398,0.220545,0.11892,0.19261213
m__csushpinsa_cs_hpi__lag012,0.482759,0.079403,0.319515,0.19258112
d__aaa10y_aaa10y__lag037,0.54232,0.223241,0.131716,0.1925002
d__dexchus_dexchus__lag035,0.567398,0.222418,0.116754,0.19244579
d__dexchus_dexchus__lag029,0.567398,0.223361,0.115733,0.19240115
d__dexchus_dexchus__lag030,0.567398,0.223764,0.115194,0.19232391
d__aaa10y_aaa10y__lag001,0.54232,0.165794,0.188811,0.19230968
d__dexchus_dexchus__lag019,0.567398,0.22429,0.114626,0.19230029
d__aaa10y_aaa10y__lag074,0.54232,0.244314,0.11026,0.19229257
d__dexchus_dexchus__lag026,0.567398,0.22408,0.114733,0.19224173
d__usepuindxd_policy_uncertainty__lag029,0.517241,0.084023,0.287639,0.19223902
d__dexchus_dexchus__lag033,0.567398,0.222989,0.115811,0.19223503
d__dexchus_dexchus__lag010,0.567398,0.224037,0.114648,0.19216894
d__aaa10y_aaa10y__lag002,0.54232,0.167465,0.186851,0.19215276
d__dexchus_dexchus__lag046,0.567398,0.219021,0.11934,0.1919855
d__dexchus_dexchus__lag027,0.567398,0.222866,0.115382,0.19192131
d__dexchus_dexchus__lag034,0.567398,0.222101,0.116107,0.19189841
d__dexchus_dexchus__lag036,0.567398,0.221922,0.11627,0.19188951
d__dexchus_dexchus__lag006,0.567398,0.224086,0.114003,0.19183115
d__dexchus_dexchus__lag043,0.567398,0.219523,0.118523,0.19180654
d__dexchus_dexchus__lag047,0.567398,0.218075,0.119912,0.19177313
d__aaa10y_aaa10y__lag025,0.54232,0.20406,0.149297,0.19163251
d__dexchus_dexchus__lag041,0.567398,0.218973,0.11847,0.19146435
d__dexchus_dexchus__lag008,0.567398,0.223814,0.11351,0.19139682
d__dexchus_dexchus__lag007,0.567398,0.222253,0.115007,0.19136071
d__dexchus_dexchus__lag028,0.567398,0.222231,0.114996,0.19134201
d__aaa10y_aaa10y__lag024,0.54232,0.198368,0.15435,0.19128618
d__dexchus_dexchus__lag042,0.567398,0.218685,0.118424,0.19127513
d__dexchus_dexchus__lag037,0.567398,0.219165,0.117915,0.19125856
q__bogz1fa693061105q_nonmmf_ts_tx__lag004,0.984326,0.156503,0.037785,0.1912426
q__bogz1fa693061105q_nonmmmf_ts_tx__lag004,0.984326,0.156503,0.037785,0.1912426
d__aaa10y_aaa10y__lag056,0.54232,0.231509,0.121117,0.19123597
d__dexchus_dexchus__lag040,0.567398,0.218317,0.118496,0.19110665
q__b092rc1q027sbea_gov_int_priv__lag005,0.815047,0.011428,0.223039,0.19110112
d__usepuindxd_policy_uncertainty__lag052,0.517241,0.227437,0.14197,0.19107263
d__dexchus_dexchus__lag009,0.567398,0.222294,0.114423,0.19105248
d__dexchus_dexchus__lag011,0.567398,0.222483,0.114172,0.1910172
d__dexchus_dexchus__lag013,0.567398,0.221695,0.114904,0.19098558
d__dexchus_dexchus__lag014,0.567398,0.223119,0.113431,0.19095742
d__dexcaus_dexcaus__lag045,0.69279,0.104177,0.171278,0.19083193
d__aaa10y_aaa10y__lag086,0.54232,0.242259,0.109621,0.19083176
d__dexcaus_dexcaus__lag043,0.69279,0.10648,0.168857,0.19075111
d__dexchus_dexchus__lag012,0.567398,0.221477,0.114494,0.19062899
d__dexchus_dexchus__lag048,0.567398,0.21624,0.119664,0.19059145
d__aaa10y_aaa10y__lag028,0.54232,0.21156,0.139849,0.19057602
d__aaa10y_aaa10y__lag057,0.54232,0.236063,0.114769,0.19026301
d__dexchus_dexchus__lag039,0.567398,0.216624,0.118682,0.19025194
d__vixcls_vixcls__lag012,0.454545,0.165467,0.253024,0.19022308
m__rmfsl_mmf__lag005,0.664577,0.024914,0.261309,0.19021728
d__dexchus_dexchus__lag038,0.567398,0.216914,0.118225,0.19015754
d__aaa10y_aaa10y__lag071,0.54232,0.246468,0.104082,0.19011029
d__aaa10y_aaa10y__lag027,0.54232,0.206355,0.143975,0.18999082
d__dexmxus_dexmxus__lag020,0.407524,0.181452,0.28444,0.18986201
d__dexchus_dexchus__lag049,0.567398,0.215034,0.119383,0.18974749
d__vixcls_vixcls__lag013,0.454545,0.16788,0.24938,0.18966387
m__neworder_neworder__lag001,0.429467,0.059219,0.382387,0.18965529
d__dexchus_dexchus__lag052,0.567398,0.215147,0.11891,0.18954338
d__dexchus_dexchus__lag051,0.567398,0.215235,0.118819,0.18954155
d__aaa10y_aaa10y__lag032,0.54232,0.209812,0.139602,0.18949419
d__usepuindxd_policy_uncertainty__lag032,0.517241,0.110443,0.255892,0.18948337
d__aaa10y_aaa10y__lag035,0.54232,0.218691,0.130652,0.18945553
m__usphci_usphci__lag007,0.586207,0.007353,0.315834,0.18945441
q__drtscilm_loan_tight__lag004,0.438871,0.191092,0.240572,0.18944493
d__aaa10y_aaa10y__lag070,0.54232,0.24638,0.102891,0.18941657
d__dexmxus_dexmxus__lag015,0.407524,0.174574,0.290026,0.18933535
d__aaa10y_aaa10y__lag064,0.54232,0.243635,0.105356,0.1892645
d__aaa10y_aaa10y__lag089,0.539185,0.24465,0.106368,0.18926359
d__aaa10y_aaa10y__lag034,0.54232,0.216026,0.132563,0.1890468
d__dexmxus_dexmxus__lag035,0.407524,0.198762,0.264946,0.18897164
m__pcuomfgomfg_ppi_man__lag008,0.510972,0.01997,0.349847,0.188966
d__aaa10y_aaa10y__lag049,0.54232,0.232115,0.116187,0.18889112
q__bogz1lm513061105q_pci_tsy_raw__lag006,0.990596,0.001407,0.189264,0.18887744
q__bogz1lm513061105q_pc_insurance_ts__lag006,0.990596,0.001407,0.189264,0.18887744
q__bogz1lm513061105q_p_c_insurance_ts__lag006,0.990596,0.001407,0.189264,0.18887744
d__dexchus_dexchus__lag057,0.567398,0.214297,0.118533,0.18884739
q__bogz1fl073164013q_dj_index__lag005,0.680251,0.040118,0.237453,0.18881751
d__dexcaus_dexcaus__lag042,0.69279,0.103578,0.168947,0.18880296
m__ttlcons_ttlcons__lag005,0.413793,0.063431,0.392694,0.18874131
d__vixcls_vixcls__lag014,0.454545,0.164537,0.250675,0.1887327
d__aaa10y_aaa10y__lag048,0.54232,0.231207,0.116787,0.18872397
d__aaa10y_aaa10y__lag068,0.54232,0.248001,0.099703,0.18856655
d__aaa10y_aaa10y__lag083,0.54232,0.233009,0.114644,0.18853889
d__dexcaus_dexcaus__lag020,0.69279,0.123973,0.148149,0.18852384
d__aaa10y_aaa10y__lag055,0.54232,0.230737,0.116879,0.18851873
d__dexcaus_dexcaus__lag036,0.69279,0.113869,0.158239,0.18851396
d__dexmxus_dexmxus__lag033,0.407524,0.193024,0.269552,0.18851061
d__aaa10y_aaa10y__lag075,0.54232,0.240672,0.106827,0.18845582
d__dexmxus_dexmxus__lag032,0.407524,0.192544,0.269774,0.18840566
d__dexchus_dexchus__lag055,0.567398,0.213927,0.118093,0.18838758
d__aaa10y_aaa10y__lag063,0.54232,0.238699,0.10838,0.18822754
d__dexchus_dexchus__lag050,0.567398,0.212812,0.118739,0.1881217
m__baaffm_baaff__lag010,0.890282,0.09971,0.111586,0.18811322
m__usphci_usphci__lag001,0.592476,0.004608,0.312815,0.18806517
d__aaa10y_aaa10y__lag026,0.54232,0.200371,0.146346,0.18803137
d__dexmxus_dexmxus__lag034,0.407524,0.195576,0.265821,0.18803
m__amtmno_amtmno__lag001,0.429467,0.068155,0.369654,0.18802471
m__neworder_neworder__lag007,0.423197,0.103025,0.340923,0.18787779
d__dexmxus_dexmxus__lag016,0.407524,0.175758,0.285243,0.18786887
d__dexchus_dexchus__lag053,0.567398,0.212042,0.11896,0.18780959
d__dexchus_dexchus__lag054,0.567398,0.211976,0.119024,0.18780901
d__aaa10y_aaa10y__lag087,0.54232,0.23968,0.106439,0.18770749
d__aaa10y_aaa10y__lag069,0.54232,0.24643,0.099506,0.18760788
q__bogz1fa653061105q_mutual_funds_ts_tx__lag006,0.978056,0.087418,0.104282,0.18749307
m__neworder_neworder__lag006,0.423197,0.111783,0.331183,0.18746209
d__dexcaus_dexcaus__lag034,0.69279,0.1141,0.156343,0.18735979
m__usphci_usphci__lag008,0.586207,0.003946,0.315518,0.18727185
d__usepuindxd_policy_uncertainty__lag017,0.517241,0.126476,0.235301,0.18712608
d__usepuindxd_policy_uncertainty__lag087,0.517241,0.127371,0.234394,0.18711972
m__usphci_usphci__lag002,0.592476,0.001939,0.313859,0.1871027
d__aaa10y_aaa10y__lag054,0.54232,0.228584,0.116382,0.18708175
q__bogz1fa633061110q_mmf_bills_tx__lag006,0.978056,0.072162,0.118968,0.1869359
d__aaa10y_aaa10y__lag045,0.54232,0.221911,0.122652,0.1868635
d__dexmxus_dexmxus__lag019,0.407524,0.177454,0.280862,0.18677461
d__dexchus_dexchus__lag058,0.567398,0.209041,0.120113,0.18676105
d__dexmxus_dexmxus__lag031,0.407524,0.189204,0.26904,0.18674517
d__usepuindxd_policy_uncertainty__lag088,0.517241,0.246447,0.114513,0.18670331
m__rmfsl_mmf__lag001,0.667712,0.038067,0.241525,0.18668695
m__usphci_usphci__lag004,0.589342,0.004889,0.31187,0.18667926
q__bogz1lm513061105q_pci_tsy_raw__lag002,1.0,0.01791,0.168753,0.1866626
q__bogz1lm513061105q_pc_insurance_ts__lag002,1.0,0.01791,0.168753,0.1866626
q__bogz1lm513061105q_p_c_insurance_ts__lag002,1.0,0.01791,0.168753,0.1866626
q__bogz1fa313161305q_gov_nonmarketable_ts_tx__lag007,0.974922,0.039324,0.152125,0.18664812
d__aaa10y_aaa10y__lag031,0.54232,0.202737,0.14138,0.18662131
d__aaa10y_aaa10y__lag047,0.54232,0.225397,0.118586,0.18654878
q__bogz1fr553061103q_closed_end_funds_ts_reval__lag008,0.971787,0.148587,0.043367,0.18653765
m__usphci_usphci__lag003,0.592476,0.001896,0.312932,0.18652844
m__usphci_usphci__lag009,0.586207,0.00389,0.314303,0.18652692
d__aaa10y_aaa10y__lag077,0.54232,0.237226,0.106626,0.18647751
q__bogz1fl073164013q_dj_index__lag006,0.677116,0.014914,0.260408,0.18642527
d__dexchus_dexchus__lag056,0.567398,0.210323,0.118204,0.18640582
m__neworder_neworder__lag003,0.426332,0.096247,0.340924,0.18638001
d__dexmxus_dexmxus__lag029,0.407524,0.189967,0.267188,0.1863011
d__aaa10y_aaa10y__lag051,0.54232,0.228495,0.114997,0.18628237
d__dexmxus_dexmxus__lag018,0.407524,0.177719,0.279335,0.18626013
d__aaa10y_aaa10y__lag088,0.54232,0.236658,0.106578,0.18614398
d__usepuindxd_policy_uncertainty__lag023,0.517241,0.048717,0.310927,0.18602273
d__aaa10y_aaa10y__lag065,0.54232,0.242333,0.100667,0.18601616
m__dgorder_dgorder__lag009,0.420063,0.208663,0.234036,0.18596153
q__bogz1fa313161110q_totalbills_z1_tx__lag006,0.978056,0.070661,0.119424,0.18591387
d__dexmxus_dexmxus__lag036,0.407524,0.193099,0.26258,0.18569961
q__bogz1fr743061103q_usb_tsy_dom_reval__lag008,0.971787,0.164915,0.026114,0.1856393
d__dexmxus_dexmxus__lag037,0.407524,0.192407,0.262845,0.1855261
d__usepuindxd_policy_uncertainty__lag078,0.517241,0.115611,0.243039,0.18550894
q__bogz1fr553061103q_closed_end_funds_ts_reval__lag007,0.974922,0.134847,0.055284,0.18536277
d__aaa10y_aaa10y__lag042,0.54232,0.219648,0.122061,0.18531578
q__bogz1fa513061105q_pc_insurance_ts_tx__lag004,0.984326,0.115628,0.072622,0.18529909
d__aaa10y_aaa10y__lag050,0.54232,0.22934,0.112232,0.18524114
d__usepuindxd_policy_uncertainty__lag089,0.517241,0.159689,0.198113,0.18506996
d__aaa10y_aaa10y__lag082,0.54232,0.233675,0.107572,0.18506482
d__vixcls_vixcls__lag003,0.454545,0.161768,0.244985,0.18488744
q__bogz1lm513061105q_pci_tsy_raw__lag001,1.0,0.021994,0.162878,0.18487246
q__bogz1lm513061105q_pc_insurance_ts__lag001,1.0,0.021994,0.162878,0.18487246
q__bogz1lm513061105q_p_c_insurance_ts__lag001,1.0,0.021994,0.162878,0.18487246
d__dexmxus_dexmxus__lag030,0.407524,0.187674,0.265934,0.18485602
d__aaa10y_aaa10y__lag040,0.54232,0.219251,0.121437,0.18476198
d__aaa10y_aaa10y__lag030,0.54232,0.202608,0.13807,0.18475608
d__dexmxus_dexmxus__lag023,0.407524,0.180161,0.273123,0.18472404
d__aaa10y_aaa10y__lag081,0.54232,0.238109,0.102417,0.18467384
d__dexchus_dexchus__lag083,0.567398,0.203308,0.121765,0.18444541
d__dexchus_dexchus__lag084,0.567398,0.202256,0.122737,0.18440014
d__dexcaus_dexcaus__lag012,0.69279,0.106389,0.159772,0.18439332
m__usphci_usphci__lag005,0.589342,0.002165,0.310531,0.18428472
d__vixcls_vixcls__lag001,0.454545,0.155914,0.249428,0.18424662
q__bogz1fa653061113q_mutf_bills_tx__lag002,0.990596,0.003037,0.182953,0.18424077
d__dexchus_dexchus__lag070,0.567398,0.205176,0.119527,0.18423556
d__dexmxus_dexmxus__lag017,0.407524,0.174327,0.277558,0.18415381
d__dexchus_dexchus__lag062,0.567398,0.206626,0.117931,0.18415285
d__dexchus_dexchus__lag072,0.567398,0.205471,0.118884,0.18403822
q__b092rc1q027sbea_gov_int_priv__lag004,0.818182,0.01234,0.212558,0.18400756
d__aaa10y_aaa10y__lag039,0.54232,0.213826,0.125448,0.18399535
d__aaa10y_aaa10y__lag076,0.54232,0.236352,0.102915,0.18399086
d__dexchus_dexchus__lag060,0.567398,0.205543,0.118691,0.18396971
m__usphci_usphci__lag006,0.589342,0.003286,0.308819,0.18393632
d__aaa10y_aaa10y__lag038,0.54232,0.215452,0.123643,0.18389783
d__usepuindxd_policy_uncertainty__lag045,0.517241,0.206296,0.149204,0.18387919
d__dexmxus_dexmxus__lag028,0.407524,0.185211,0.265814,0.18380342
d__dexchus_dexchus__lag059,0.567398,0.205177,0.118755,0.18379841
d__aaa10y_aaa10y__lag078,0.54232,0.234435,0.104386,0.18374925
q__bogz1fa693061105q_nonmmf_ts_tx__lag003,0.987461,0.158811,0.027259,0.18373637
q__bogz1fa693061105q_nonmmmf_ts_tx__lag003,0.987461,0.158811,0.027259,0.18373637
d__dexchus_dexchus__lag069,0.567398,0.203451,0.120336,0.18371619
q__bogz1fr563061103q_etfs_ts_reval__lag006,0.978056,0.075174,0.112623,0.18367678
d__dexmxus_dexmxus__lag026,0.407524,0.18228,0.268386,0.18365697
d__dexmxus_dexmxus__lag038,0.407524,0.190989,0.259637,0.18364095
d__aaa10y_aaa10y__lag067,0.54232,0.241407,0.097158,0.18361031
d__dexchus_dexchus__lag082,0.567398,0.202657,0.12089,0.18357957
d__aaa10y_aaa10y__lag046,0.54232,0.221009,0.117473,0.18356536
d__dexchus_dexchus__lag063,0.567398,0.204711,0.118723,0.18351587
d__dexmxus_dexmxus__lag027,0.407524,0.184825,0.265464,0.1835036
d__dexchus_dexchus__lag071,0.567398,0.203506,0.119835,0.18346323
d__dexchus_dexchus__lag061,0.567398,0.20469,0.118544,0.18340217
d__dexmxus_dexmxus__lag022,0.407524,0.176496,0.273172,0.18324998
d__dexchus_dexchus__lag066,0.567398,0.20257,0.120213,0.18314632
d__dexchus_dexchus__lag074,0.567398,0.202772,0.119858,0.18305955
d__dexchus_dexchus__lag067,0.567398,0.202201,0.120281,0.18297588
d__dexmxus_dexmxus__lag021,0.407524,0.174472,0.274513,0.18297163
d__dexchus_dexchus__lag068,0.567398,0.202316,0.119826,0.18278314
d__dexmxus_dexmxus__lag039,0.407524,0.190174,0.257922,0.18260959
d__aaa10y_aaa10y__lag066,0.54232,0.239876,0.096835,0.18260504
d__dexchus_dexchus__lag073,0.567398,0.202164,0.119562,0.18254674
d__dexchus_dexchus__lag065,0.567398,0.201416,0.120297,0.18253958
q__bogz1fa263061130q_row_gov_tsy_tx__lag003,0.987461,0.011992,0.172818,0.1824922
q__rowmslq027s_row_muni_flow__lag003,0.987461,0.037294,0.147515,0.18249159
d__dexmxus_dexmxus__lag041,0.407524,0.188991,0.258777,0.18247602
d__dexchus_dexchus__lag064,0.567398,0.202362,0.119178,0.18244131
d__dexchus_dexchus__lag086,0.567398,0.196885,0.1245,0.18235297
d__dexmxus_dexmxus__lag025,0.407524,0.18026,0.267189,0.18234599
m__ttlcons_ttlcons__lag006,0.413793,0.059667,0.380904,0.18230554
d__dexchus_dexchus__lag081,0.567398,0.20023,0.120892,0.18220404
d__aaa10y_aaa10y__lag080,0.54232,0.235972,0.099894,0.18214692
m__baaffm_baaff__lag004,0.896552,0.174182,0.028978,0.1821433
m__neworder_neworder__lag004,0.426332,0.075422,0.351551,0.18203241
q__bogz1fa543461113q_li_bills_tx__lag007,0.974922,0.093619,0.093063,0.18199981
q__rowmfsq027s_row_mutualfundshares_flow__lag007,0.974922,0.13694,0.04971,0.1819695
d__dexchus_dexchus__lag085,0.567398,0.196843,0.123751,0.18190456
m__amtmno_amtmno__lag003,0.426332,0.082072,0.344517,0.18186898
d__dexmxus_dexmxus__lag040,0.407524,0.188298,0.257799,0.18179509
m__baaffm_baaff__lag008,0.893417,0.136223,0.067221,0.18176078
d__usepuindxd_policy_uncertainty__lag046,0.517241,0.229742,0.121621,0.1817396
q__bogz1fa513061113q_pci_bills_tx__lag004,0.984326,0.067761,0.116829,0.18169682
d__dexchus_dexchus__lag089,0.567398,0.190732,0.129454,0.18167311
m__pcuomfgomfg_ppi_man__lag009,0.510972,0.025945,0.329441,0.18159227
m__recprousm156n_recprob__lag008,0.730408,0.121643,0.126835,0.18149044
d__dexmxus_dexmxus__lag024,0.407524,0.178756,0.266516,0.18145879
m__neworder_neworder__lag009,0.420063,0.135864,0.296023,0.18141974
d__aaa10y_aaa10y__lag041,0.54232,0.214784,0.119658,0.18137436
d__dexchus_dexchus__lag087,0.567398,0.195144,0.124165,0.18117574
d__usepuindxd_policy_uncertainty__lag002,0.517241,0.111034,0.239218,0.18116512
d__dexchus_dexchus__lag076,0.567398,0.199113,0.120167,0.18115917
d__dexchus_dexchus__lag075,0.567398,0.199444,0.119813,0.18114569
q__bogz1fa653061105q_mutual_funds_ts_tx__lag002,0.990596,0.081846,0.100893,0.18102089
d__aaa10y_aaa10y__lag079,0.54232,0.233449,0.100335,0.18101744
q__bogz1lm103061103q_nfcb_tsy__lag001,1.0,0.048671,0.132298,0.18096969
q__bogz1fa513061113q_pci_bills_tx__lag002,0.990596,0.1426,0.040054,0.1809366
d__dexmxus_dexmxus__lag042,0.407524,0.186041,0.257892,0.18091276
d__usepuindxd_policy_uncertainty__lag071,0.517241,0.167344,0.182392,0.18089773
d__usepuindxd_policy_uncertainty__lag031,0.517241,0.182294,0.167288,0.18081855
d__vixcls_vixcls__lag002,0.454545,0.173643,0.224146,0.18081303
d__dexchus_dexchus__lag077,0.567398,0.198085,0.120513,0.18077179
m__neworder_neworder__lag002,0.429467,0.079485,0.34118,0.1806617
d__aaa10y_aaa10y__lag053,0.54232,0.220372,0.112639,0.18059836
d__dexchus_dexchus__lag079,0.567398,0.197327,0.120922,0.18057404
d__vixcls_vixcls__lag015,0.454545,0.137609,0.259622,0.18055961
d__dexcaus_dexcaus__lag032,0.69279,0.112503,0.148076,0.18052653
d__dexchus_dexchus__lag080,0.567398,0.196614,0.12136,0.18041802
q__bogz1fa693061105q_nonmmf_ts_tx__lag002,0.990596,0.055366,0.126762,0.18041565
q__bogz1fa693061105q_nonmmmf_ts_tx__lag002,0.990596,0.055366,0.126762,0.18041565
q__bogz1fa263061130q_row_gov_tsy_tx__lag002,0.990596,0.150265,0.031763,0.18031637
d__vixcls_vixcls__lag047,0.454545,0.154194,0.242404,0.18027193
q__b639rg3q086sbea_exp_ind_pi__lag006,0.724138,0.002848,0.246087,0.1802635
d__dexchus_dexchus__lag088,0.567398,0.193279,0.124384,0.18024157
d__dexchus_dexchus__lag078,0.567398,0.197202,0.120432,0.18022516
d__usepuindxd_policy_uncertainty__lag009,0.517241,0.086274,0.262141,0.18021489
d__aaa10y_aaa10y__lag044,0.54232,0.212846,0.119394,0.18018017
m__mtsr133fms_fedgov_rcpt__lag006,0.567398,0.007417,0.310111,0.18016466
m__amtmno_amtmno__lag002,0.429467,0.085548,0.3338,0.18009613
d__dexchus_dexchus__lag090,0.564263,0.190611,0.128115,0.17984506
d__vixcls_vixcls__lag083,0.454545,0.185419,0.209807,0.17964804
d__dexmxus_dexmxus__lag089,0.404389,0.191029,0.252887,0.17951479
q__bogz1fa553061103q_closed_end_funds_ts_tx__lag004,0.984326,0.106298,0.075999,0.17943903
d__dexcaus_dexcaus__lag014,0.69279,0.111774,0.147198,0.1794129
m__neworder_neworder__lag008,0.423197,0.117264,0.305961,0.17910755
d__usepuindxd_policy_uncertainty__lag064,0.517241,0.144738,0.200984,0.1788218
d__dexmxus_dexmxus__lag090,0.404389,0.188656,0.253096,0.17863946
m__rmfsl_mmf__lag002,0.667712,0.020896,0.24649,0.17853708
m__dgorder_dgorder__lag001,0.429467,0.120361,0.295309,0.17851678
m__dgorder_dgorder__lag003,0.426332,0.1256,0.292726,0.17834564
q__bogz1fa343061123q_fed_gov_dcg_retirement_ts_tx__lag007,0.974922,0.03873,0.144145,0.17828938
d__dexmxus_dexmxus__lag049,0.407524,0.182661,0.254516,0.17815984
d__aaa10y_aaa10y__lag043,0.54232,0.211446,0.117034,0.17814101
d__dexmxus_dexmxus__lag043,0.407524,0.180848,0.255789,0.17794004
d__aaa10y_aaa10y__lag052,0.54232,0.217901,0.110022,0.17783957
d__dexmxus_dexmxus__lag048,0.407524,0.182127,0.254066,0.17775889
d__dexmxus_dexmxus__lag050,0.407524,0.182859,0.253259,0.17772855
m__pcuomfgomfg_ppi_man__lag010,0.510972,0.022036,0.325561,0.17761234
d__dexcaus_dexcaus__lag033,0.69279,0.111021,0.145214,0.17751703
d__dexmxus_dexmxus__lag044,0.407524,0.180393,0.254956,0.17741514
q__bogz1fr513061105q_pc_insurance_ts_reval__lag005,0.981191,0.142573,0.038226,0.17739859
m__uempmean_uempmean__lag008,0.974922,0.033126,0.148708,0.17727383
q__bogz1fa593061105q_pension_ts_tx__lag002,0.990596,0.098059,0.080836,0.1772125
q__bogz1fl073164013q_dj_index__lag003,0.68652,0.006471,0.251573,0.17715287
q__rowcpaq027s_row_commercialpaper_flow__lag007,0.974922,0.089648,0.092029,0.17712153
m__neworder_neworder__lag010,0.420063,0.102755,0.318793,0.17707682
d__vixcls_vixcls__lag085,0.454545,0.190085,0.199476,0.17707313
d__dexmxus_dexmxus__lag046,0.407524,0.179843,0.254017,0.17680793
q__cbi_cbi__lag007,0.971787,0.016148,0.16576,0.17677564
d__usepuindxd_policy_uncertainty__lag034,0.517241,0.195119,0.14659,0.17674632
d__dexcaus_dexcaus__lag041,0.69279,0.104737,0.149976,0.17646286
d__dexmxus_dexmxus__lag045,0.407524,0.179285,0.253632,0.17642392
d__dexcaus_dexcaus__lag013,0.69279,0.107553,0.147063,0.17639533
d__dexmxus_dexmxus__lag047,0.407524,0.178517,0.253175,0.17592466
d__usepuindxd_policy_uncertainty__lag086,0.517241,0.145241,0.194782,0.17587427
d__dexcaus_dexcaus__lag004,0.69279,0.107998,0.14579,0.17582183
d__dexmxus_dexmxus__lag085,0.404389,0.180924,0.253819,0.17580507
m__businv_businv__lag001,0.429467,0.023761,0.385027,0.17556099
d__usepuindxd_policy_uncertainty__lag014,0.517241,0.080074,0.258262,0.17500139
d__dexmxus_dexmxus__lag078,0.404389,0.182294,0.250429,0.1749881
d__dexmxus_dexmxus__lag086,0.404389,0.181429,0.251246,0.17496875
d__dexmxus_dexmxus__lag051,0.407524,0.176238,0.252894,0.17488129
m__neworder_neworder__lag005,0.426332,0.092291,0.317129,0.17454878
d__dexmxus_dexmxus__lag088,0.404389,0.181123,0.2505,0.17454354
m__rmfsl_mmf__lag004,0.664577,0.006527,0.256054,0.17450535
d__usepuindxd_policy_uncertainty__lag072,0.517241,0.146502,0.190679,0.17440421
d__dexmxus_dexmxus__lag079,0.404389,0.180084,0.251124,0.1743756
d__dexmxus_dexmxus__lag052,0.407524,0.175573,0.252209,0.17433131
d__usepuindxd_policy_uncertainty__lag036,0.517241,0.111878,0.224989,0.17424119
q__bogz1fa223061143q_state_local_db_retirement_ts_tx__lag002,0.990596,0.066961,0.108875,0.17418294
m__rmfsl_mmf__lag003,0.667712,0.009595,0.251267,0.17417997
d__dexmxus_dexmxus__lag060,0.404389,0.187781,0.242548,0.17402036
d__dexcaus_dexcaus__lag090,0.689655,0.102431,0.149776,0.17393541
d__dexmxus_dexmxus__lag080,0.404389,0.180147,0.249872,0.17389452
d__dexmxus_dexmxus__lag061,0.404389,0.188264,0.241614,0.17383775
d__dexcaus_dexcaus__lag040,0.69279,0.105042,0.145875,0.17383293
q__bogz1fa263061130q_row_gov_tsy_tx__lag004,0.984326,0.051743,0.124854,0.17382943
d__dexmxus_dexmxus__lag087,0.404389,0.179737,0.250033,0.1737942
d__dexmxus_dexmxus__lag059,0.404389,0.185823,0.243651,0.1736744
q__bogz1fa693061105q_nonmmf_ts_tx__lag006,0.978056,0.0693,0.108263,0.1736668
q__bogz1fa693061105q_nonmmmf_ts_tx__lag006,0.978056,0.0693,0.108263,0.1736668
d__dexmxus_dexmxus__lag057,0.404389,0.184114,0.245177,0.17360016
q__bogz1fl073164013q_dj_index__lag004,0.683386,0.015517,0.238462,0.17356562
d__dexmxus_dexmxus__lag058,0.404389,0.182778,0.246303,0.17351547
d__usepuindxd_policy_uncertainty__lag019,0.517241,0.132351,0.203014,0.17346421
d__dexmxus_dexmxus__lag084,0.404389,0.176417,0.252054,0.17326859
m__ttlcons_ttlcons__lag007,0.410658,0.060334,0.361421,0.17319727
d__dexcaus_dexcaus__lag006,0.69279,0.108535,0.141437,0.17317757
d__dexmxus_dexmxus__lag063,0.404389,0.185471,0.242601,0.17310735
m__dgorder_dgorder__lag006,0.423197,0.145323,0.263475,0.1730026
d__dexmxus_dexmxus__lag062,0.404389,0.185498,0.242133,0.17292937
m__baaffm_baaff__lag006,0.896552,0.143709,0.049168,0.17292345
q__bogz1fa343061165q_fed_gov_db_retirement_ts_tx__lag005,0.981191,0.073466,0.102744,0.17289599
d__dexmxus_dexmxus__lag064,0.404389,0.186235,0.240948,0.17274801
m__amtmno_amtmno__lag006,0.423197,0.105797,0.302325,0.17271616
d__dexmxus_dexmxus__lag074,0.404389,0.179379,0.2476,0.17266554
d__dexmxus_dexmxus__lag077,0.404389,0.179638,0.247128,0.17257916
d__dexmxus_dexmxus__lag083,0.404389,0.176422,0.250318,0.17256883
d__vixcls_vixcls__lag051,0.454545,0.137629,0.242008,0.17256269
d__dexmxus_dexmxus__lag054,0.407524,0.172859,0.250482,0.17252152
d__dexmxus_dexmxus__lag056,0.404389,0.183579,0.242977,0.17249429
m__amtmno_amtmno__lag004,0.426332,0.100174,0.304424,0.17249323
d__usepuindxd_policy_uncertainty__lag016,0.517241,0.051356,0.281682,0.17226094
q__bogz1fr383061105q_dom_nonfin_sector_tsy_reval__lag006,0.978056,0.066622,0.10949,0.1722476
d__dexmxus_dexmxus__lag053,0.407524,0.172495,0.249649,0.17203377
q__bogz1fr153061105q_hhnp_tsy_reval__lag006,0.978056,0.047952,0.127689,0.1717871
d__dexmxus_dexmxus__lag065,0.404389,0.182836,0.241863,0.17174313
d__dexmxus_dexmxus__lag081,0.404389,0.176939,0.247537,0.17165322
d__dexcaus_dexcaus__lag068,0.69279,0.095172,0.152269,0.17142454
d__dexmxus_dexmxus__lag075,0.404389,0.177771,0.2461,0.1714087
d__dexmxus_dexmxus__lag076,0.404389,0.177474,0.24618,0.17132093
d__dexmxus_dexmxus__lag082,0.404389,0.175258,0.247926,0.17113093
d__dexmxus_dexmxus__lag073,0.404389,0.175781,0.246754,0.17086829
m__baaffm_baaff__lag012,0.890282,0.042499,0.149369,0.17081679
q__hnotsbq027s_hhnp_tsy_tx__lag004,0.984326,0.076385,0.09709,0.17075601
q__bogz1fa743061103q_usb_tsy_dom_tx__lag004,0.984326,0.04336,0.129864,0.17050876
m__dgorder_dgorder__lag002,0.429467,0.138555,0.257804,0.17022336
q__bogz1fa343061113q_fed_gov_dcf_retirement_ts_tx__lag006,0.978056,0.13609,0.037866,0.17013875
m__mtsds133fms_fed_surplus_deficit__lag002,0.570533,0.11263,0.185355,0.17001027
d__usepuindxd_policy_uncertainty__lag065,0.517241,0.163882,0.164786,0.17000059
d__dexmxus_dexmxus__lag055,0.404389,0.175055,0.24413,0.16951397
m__baaffm_baaff__lag007,0.893417,0.149175,0.039999,0.16901058
d__dexmxus_dexmxus__lag068,0.404389,0.174891,0.242362,0.16873215
d__dexmxus_dexmxus__lag067,0.404389,0.175907,0.241227,0.16868415
d__dexcaus_dexcaus__lag089,0.689655,0.095776,0.148543,0.16849608
d__dexmxus_dexmxus__lag072,0.404389,0.173131,0.243519,0.16848861
d__dexmxus_dexmxus__lag071,0.404389,0.173442,0.243117,0.16845176
d__vixcls_vixcls__lag020,0.454545,0.134211,0.236135,0.16833925
d__dexmxus_dexmxus__lag066,0.404389,0.176261,0.239369,0.1680758
m__businv_businv__lag002,0.429467,0.024663,0.366298,0.16790497
d__usepuindxd_policy_uncertainty__lag035,0.517241,0.103124,0.221475,0.16789608
q__rowtsaq027s_row_tsy_tx__lag008,0.971787,0.037798,0.134887,0.16781334
d__dexmxus_dexmxus__lag070,0.404389,0.173329,0.241177,0.16762141
d__dexcaus_dexcaus__lag072,0.69279,0.094982,0.14685,0.16753854
d__usepuindxd_policy_uncertainty__lag067,0.517241,0.220687,0.1032,0.16752793
d__dexmxus_dexmxus__lag069,0.404389,0.173296,0.240914,0.16750175
q__bogz1fa743061103q_usb_tsy_dom_tx__lag007,0.974922,0.023921,0.147568,0.16718755
q__bogz1fa593061105q_pension_ts_tx__lag001,0.99373,0.130283,0.037707,0.16693685
q__bogz1fa593061105q_pension_ts_tx__lag003,0.987461,0.086333,0.082676,0.1668898
d__vixcls_vixcls__lag016,0.454545,0.130885,0.235836,0.16669163
d__vixcls_vixcls__lag010,0.454545,0.158713,0.207882,0.16663425
d__dexcaus_dexcaus__lag003,0.69279,0.107859,0.132524,0.16653502
d__dexcaus_dexcaus__lag055,0.69279,0.108897,0.131126,0.16628592
d__vixcls_vixcls__lag048,0.454545,0.148657,0.216565,0.16601021
m__pcuomfgomfg_ppi_man__lag011,0.507837,0.022299,0.304266,0.1658413
m__recprousm156n_recprob__lag011,0.727273,0.072828,0.154985,0.16568211
d__usepuindxd_policy_uncertainty__lag063,0.517241,0.127834,0.192399,0.16563792
d__dexcaus_dexcaus__lag007,0.69279,0.108152,0.130918,0.16562499
q__bogz1fa343061123q_fed_gov_dcg_retirement_ts_tx__lag008,0.971787,0.115771,0.054526,0.16549321
m__neworder_neworder__lag011,0.420063,0.115857,0.277582,0.16526914
m__amtmno_amtmno__lag009,0.420063,0.146688,0.246734,0.16526192
d__dexcaus_dexcaus__lag005,0.69279,0.107465,0.131028,0.16522544
q__rowmfsq027s_row_mutualfundshares_flow__lag002,0.990596,0.085522,0.081227,0.1651806
q__bogz1fa403061105q_gses_ts_tx__lag008,0.971787,0.03086,0.138626,0.16470406
q__rowtsaq027s_row_tsy_tx__lag003,0.987461,0.074823,0.091859,0.16459163
d__dexcaus_dexcaus__lag010,0.69279,0.102593,0.134931,0.16455441
d__usepuindxd_policy_uncertainty__lag042,0.517241,0.210239,0.107309,0.16424914
d__vixcls_vixcls__lag004,0.454545,0.134507,0.226575,0.16412807
q__rowmfsq027s_row_mutualfundshares_flow__lag001,0.99373,0.076666,0.088431,0.16406186
d__dexcaus_dexcaus__lag009,0.69279,0.106132,0.130552,0.16397215
m__baaffm_baaff__lag005,0.896552,0.141436,0.041289,0.16382278
q__bogz1fa313161305q_gov_nonmarketable_ts_tx__lag003,0.987461,0.006521,0.15937,0.16381121
d__dexcaus_dexcaus__lag071,0.69279,0.094975,0.140799,0.16334172
m__ttlcons_ttlcons__lag008,0.410658,0.064043,0.330853,0.16216728
d__dexcaus_dexcaus__lag008,0.69279,0.111647,0.122406,0.16214915
m__neworder_neworder__lag012,0.416928,0.10449,0.284212,0.16206079
q__hnotsbq027s_hhnp_tsy_tx__lag006,0.978056,0.116428,0.04901,0.16180772
m__uempmean_uempmean__lag012,0.971787,0.023497,0.142771,0.16157637
m__businv_businv__lag003,0.429467,0.025818,0.349674,0.16126129
d__dexcaus_dexcaus__lag069,0.69279,0.095651,0.137021,0.16119341
q__bogz1fa383061105q_dom_nonfin_sector_tsy_tx__lag004,0.984326,0.055936,0.107483,0.16085755
d__dexcaus_dexcaus__lag083,0.69279,0.105496,0.126678,0.16084799
d__usepuindxd_policy_uncertainty__lag007,0.517241,0.094856,0.21535,0.16045124
m__amtmno_amtmno__lag007,0.423197,0.131001,0.24742,0.1601464
m__dgorder_dgorder__lag004,0.426332,0.149176,0.226393,0.16011733
d__vixcls_vixcls__lag082,0.454545,0.15706,0.19513,0.16008593
d__dexcaus_dexcaus__lag074,0.69279,0.092832,0.138239,0.16008413
q__bogz1fa653061105q_mutual_funds_ts_tx__lag003,0.987461,0.133378,0.028153,0.15950598
d__usepuindxd_policy_uncertainty__lag084,0.517241,0.139727,0.168453,0.15940342
d__usepuindxd_policy_uncertainty__lag070,0.517241,0.133609,0.173851,0.15903133
d__vixcls_vixcls__lag054,0.454545,0.124273,0.225451,0.15896519
q__bogz1fr343061165q_fed_gov_db_retirement_ts_reval__lag007,0.974922,0.152629,0.009843,0.15839784
m__uempmean_uempmean__lag010,0.971787,0.024958,0.138026,0.15838572
q__ncbtsaq027s_nfcb_tsy_tx__lag006,0.978056,0.02058,0.140907,0.15794287
q__bogz1fa543461113q_li_bills_tx__lag006,0.978056,0.019243,0.142165,0.15786676
d__dexcaus_dexcaus__lag088,0.689655,0.103496,0.125338,0.15781696
d__dexcaus_dexcaus__lag084,0.69279,0.10411,0.123682,0.15781168
d__dexcaus_dexcaus__lag011,0.69279,0.103181,0.124336,0.15762148
m__pcuomfgomfg_ppi_man__lag012,0.507837,0.024181,0.285742,0.15739002
d__dexcaus_dexcaus__lag085,0.69279,0.102113,0.124994,0.15733749
m__uempmean_uempmean__lag011,0.971787,0.005585,0.155528,0.15656742
d__vixcls_vixcls__lag088,0.454545,0.179983,0.163495,0.15612618
d__usepuindxd_policy_uncertainty__lag090,0.517241,0.106904,0.194934,0.15612299
d__dexcaus_dexcaus__lag087,0.69279,0.102061,0.122949,0.15588518
m__ttlcons_ttlcons__lag009,0.410658,0.062829,0.31626,0.15567615
m__businv_businv__lag004,0.426332,0.027265,0.337796,0.15563721
q__bogz1fa503061123q_ccps_ts_tx__lag006,0.978056,0.054459,0.103986,0.15496867
d__vixcls_vixcls__lag005,0.454545,0.114887,0.225502,0.15472218
q__bogz1fa513061105q_pc_insurance_ts_tx__lag001,0.99373,0.017801,0.137545,0.15437161
q__bogz1fr263061130q_row_gov_tsy_reval__lag006,0.978056,0.081812,0.075925,0.15427553
q__ncbtsaq027s_nfcb_tsy_tx__lag008,0.971787,0.042942,0.115615,0.15408334
d__dexcaus_dexcaus__lag067,0.69279,0.094027,0.128152,0.15392361
d__dexcaus_dexcaus__lag076,0.69279,0.097716,0.124439,0.15390651
d__dexcaus_dexcaus__lag073,0.69279,0.093176,0.127935,0.1531839
q__ncbtsaq027s_nfcb_tsy_tx__lag005,0.981191,0.139983,0.016092,0.15313952
m__dgorder_dgorder__lag007,0.423197,0.184425,0.17685,0.15289047
d__dexcaus_dexcaus__lag080,0.69279,0.101532,0.118886,0.15270343
d__dexcaus_dexcaus__lag001,0.69279,0.107625,0.112655,0.1526074
d__dexcaus_dexcaus__lag063,0.69279,0.092814,0.127247,0.15245564
q__bogz1fa343061105q_fed_gov_retirement_ts_tx__lag005,0.981191,0.056989,0.098296,0.15236433
d__usepuindxd_policy_uncertainty__lag068,0.517241,0.219292,0.073965,0.15168477
d__dexcaus_dexcaus__lag057,0.69279,0.107113,0.111785,0.15165075
q__bogz1fa743061103q_usb_tsy_dom_tx__lag001,0.99373,0.069535,0.082988,0.15156759
m__dgorder_dgorder__lag012,0.416928,0.172209,0.191271,0.15154485
d__dexcaus_dexcaus__lag002,0.69279,0.102966,0.115538,0.15137758
d__dexcaus_dexcaus__lag086,0.69279,0.099761,0.118583,0.15126603
q__bogz1fa263061110q_row_bills_tx__lag005,0.981191,0.097859,0.055914,0.15088044
d__dexcaus_dexcaus__lag070,0.69279,0.094552,0.123039,0.1507449
d__dexcaus_dexcaus__lag079,0.69279,0.101626,0.115575,0.15047477
d__dexcaus_dexcaus__lag056,0.69279,0.105414,0.111757,0.15045356
d__dexcaus_dexcaus__lag062,0.69279,0.095145,0.121494,0.15008534
q__bogz1fa263061130q_row_gov_tsy_tx__lag008,0.971787,0.060976,0.093319,0.14994141
m__amtmno_amtmno__lag005,0.426332,0.09277,0.257423,0.14929856
d__baa10y_baa10y__lag058,0.504702,0.189017,0.106348,0.14907175
d__vixcls_vixcls__lag009,0.454545,0.138075,0.189701,0.14898944
d__dexcaus_dexcaus__lag082,0.69279,0.105874,0.109056,0.14890176
q__bogz1fa383061105q_dom_nonfin_sector_tsy_tx__lag005,0.981191,0.064825,0.086894,0.14886541
q__bogz1fa653061105q_mutual_funds_ts_tx__lag004,0.984326,0.135838,0.01513,0.14860251
d__vixcls_vixcls__lag052,0.454545,0.120106,0.205724,0.14810445
q__bogz1fa553061103q_closed_end_funds_ts_tx__lag003,0.987461,0.01802,0.131365,0.14751232
m__amtmno_amtmno__lag008,0.423197,0.125946,0.222596,0.14750233
q__bogz1fa503061123q_ccps_ts_tx__lag007,0.974922,0.049909,0.101252,0.14737074
d__vixcls_vixcls__lag049,0.454545,0.155912,0.1676,0.14705062
d__dexcaus_dexcaus__lag064,0.69279,0.08989,0.122043,0.14682518
d__dexcaus_dexcaus__lag058,0.69279,0.10314,0.108675,0.1467433
m__ttlcons_ttlcons__lag010,0.407524,0.062677,0.296786,0.14648928
q__rowtsaq027s_row_tsy_tx__lag007,0.974922,0.061437,0.088551,0.14622608
d__usepuindxd_policy_uncertainty__lag075,0.517241,0.186351,0.096236,0.14616573
m__businv_businv__lag005,0.426332,0.025955,0.316801,0.14612788
d__dexcaus_dexcaus__lag066,0.69279,0.093576,0.117218,0.14603606
d__usepuindxd_policy_uncertainty__lag066,0.517241,0.171661,0.110421,0.14590415
q__bogz1fa263061130q_row_gov_tsy_tx__lag007,0.974922,0.063486,0.085634,0.14538075
d__vixcls_vixcls__lag007,0.454545,0.119022,0.200766,0.14535826
d__dexcaus_dexcaus__lag077,0.69279,0.100308,0.108991,0.14499986
d__vixcls_vixcls__lag084,0.454545,0.148318,0.169554,0.14448716
d__dexcaus_dexcaus__lag078,0.69279,0.10011,0.108415,0.14446388
m__recprousm156n_recprob__lag007,0.733542,0.166766,0.029941,0.14429249
d__dexcaus_dexcaus__lag081,0.69279,0.103505,0.104651,0.14420819
d__baa10y_baa10y__lag065,0.504702,0.18881,0.096883,0.14419015
d__dexcaus_dexcaus__lag075,0.69279,0.097883,0.110219,0.14417079
d__baa10y_baa10y__lag057,0.504702,0.18706,0.098411,0.14407783
m__dgorder_dgorder__lag008,0.423197,0.166263,0.173365,0.14373006
d__usepuindxd_policy_uncertainty__lag080,0.517241,0.098334,0.179135,0.14351829
d__vixcls_vixcls__lag008,0.454545,0.127397,0.187722,0.14323572
d__vixcls_vixcls__lag055,0.454545,0.141601,0.172697,0.14286285
d__baa10y_baa10y__lag059,0.504702,0.187762,0.094656,0.14253694
d__usepuindxd_policy_uncertainty__lag053,0.517241,0.208499,0.066787,0.14238897
q__bogz1fa693061105q_nonmmf_ts_tx__lag007,0.974922,0.021521,0.124352,0.14221475
q__bogz1fa693061105q_nonmmmf_ts_tx__lag007,0.974922,0.021521,0.124352,0.14221475
m__dgorder_dgorder__lag010,0.420063,0.171474,0.166192,0.14184089
q__bogz1fa553061103q_closed_end_funds_ts_tx__lag002,0.990596,0.039387,0.103663,0.14170489
d__usepuindxd_policy_uncertainty__lag027,0.517241,0.011799,0.262093,0.14166807
d__baa10y_baa10y__lag066,0.504702,0.182799,0.097663,0.14154992
q__bogz1fa663061165q_brokers_dealers_long_ts_tx__lag003,0.987461,0.041078,0.102033,0.14131632
d__vixcls_vixcls__lag006,0.454545,0.112663,0.197394,0.14093493
d__usepuindxd_policy_uncertainty__lag040,0.517241,0.221949,0.049785,0.14055195
q__bogz1fa263061145q_row_priv_tsy_tx__lag008,0.971787,0.022379,0.12206,0.14036374
d__baa10y_baa10y__lag064,0.504702,0.18915,0.088334,0.14004687
d__baa10y_baa10y__lag063,0.504702,0.188399,0.0887,0.1398521
q__rowmslq027s_row_muni_flow__lag004,0.984326,0.03268,0.109352,0.13980583
d__dexcaus_dexcaus__lag065,0.69279,0.088304,0.113327,0.139688
q__ncbtsaq027s_nfcb_tsy_tx__lag007,0.974922,0.098122,0.044984,0.1395174
d__dexcaus_dexcaus__lag061,0.69279,0.09665,0.10452,0.13936852
q__bogz1fa633061105q_money_market_funds_ts_tx__lag007,0.974922,0.031851,0.110393,0.13867673
d__baa10y_baa10y__lag062,0.504702,0.188722,0.085797,0.13855065
m__businv_businv__lag006,0.426332,0.024781,0.29862,0.13787591
q__bogz1fa543461113q_li_bills_tx__lag003,0.987461,0.050459,0.08911,0.13781814
d__baa10y_baa10y__lag060,0.504702,0.185263,0.085707,0.13675919
d__usepuindxd_policy_uncertainty__lag081,0.517241,0.187688,0.07646,0.13662819
m__uempmean_uempmean__lag009,0.974922,0.016424,0.122996,0.13592441
d__usepuindxd_policy_uncertainty__lag051,0.517241,0.139651,0.123026,0.13586725
d__baa10y_baa10y__lag056,0.504702,0.182165,0.085584,0.13513396
m__baaffm_baaff__lag011,0.890282,0.052284,0.099278,0.1349333
m__ttlcons_ttlcons__lag011,0.407524,0.064153,0.265938,0.13451985
q__bogz1fa513061113q_pci_bills_tx__lag003,0.987461,0.014241,0.12182,0.134355
q__bogz1fa553061103q_closed_end_funds_ts_tx__lag001,0.99373,0.082863,0.052209,0.13422446
d__baa10y_baa10y__lag009,0.504702,0.119964,0.145888,0.13417624
m__dgorder_dgorder__lag005,0.426332,0.124707,0.189192,0.13382516
q__bogz1fa663061165q_brokers_dealers_long_ts_tx__lag007,0.974922,0.036375,0.100879,0.13381128
d__baa10y_baa10y__lag010,0.504702,0.121669,0.14228,0.13321527
d__baa10y_baa10y__lag061,0.504702,0.188275,0.075569,0.13316288
d__baa10y_baa10y__lag050,0.504702,0.174624,0.089074,0.1330891
d__baa10y_baa10y__lag011,0.504702,0.120801,0.14281,0.13304543
q__bogz1fa263061110q_row_bills_tx__lag007,0.974922,0.067275,0.069141,0.13299499
q__bogz1fa633061110q_mmf_bills_tx__lag007,0.974922,0.017086,0.119303,0.13296806
d__baa10y_baa10y__lag055,0.504702,0.183073,0.079853,0.13269959
d__baa10y_baa10y__lag067,0.504702,0.184889,0.077795,0.1325771
q__bogz1fa383061105q_dom_nonfin_sector_tsy_tx__lag006,0.978056,0.086756,0.048795,0.13257666
d__usepuindxd_policy_uncertainty__lag044,0.517241,0.072824,0.183491,0.1325766
q__bogz1fa343061123q_fed_gov_dcg_retirement_ts_tx__lag004,0.984326,0.11496,0.019712,0.1325603
d__usepuindxd_policy_uncertainty__lag056,0.517241,0.142496,0.113512,0.13241769
d__baa10y_baa10y__lag008,0.504702,0.12007,0.142147,0.13234153
m__dgorder_dgorder__lag011,0.420063,0.141308,0.173596,0.13227937
m__amtmno_amtmno__lag012,0.416928,0.115163,0.20101,0.13182144
d__baa10y_baa10y__lag006,0.504702,0.121363,0.13973,0.13177417
d__baa10y_baa10y__lag051,0.504702,0.175233,0.085331,0.13150716
d__baa10y_baa10y__lag007,0.504702,0.118685,0.14164,0.13138681
d__baa10y_baa10y__lag068,0.504702,0.18655,0.073529,0.13126258
d__baa10y_baa10y__lag049,0.504702,0.176899,0.083173,0.13125913
m__businv_businv__lag007,0.423197,0.025173,0.284797,0.13117887
q__bogz1fa313161305q_gov_nonmarketable_ts_tx__lag005,0.981191,0.075771,0.057779,0.13103791
d__baa10y_baa10y__lag012,0.504702,0.119125,0.140415,0.13099035
d__dexcaus_dexcaus__lag060,0.69279,0.095406,0.093371,0.13078257
m__ttlcons_ttlcons__lag012,0.407524,0.062565,0.258046,0.13065659
d__baa10y_baa10y__lag005,0.504702,0.119382,0.139121,0.13046681
q__bogz1fa543461113q_li_bills_tx__lag001,0.99373,0.113962,0.017211,0.13035098
d__baa10y_baa10y__lag069,0.504702,0.188724,0.069456,0.13030401
d__baa10y_baa10y__lag004,0.504702,0.118151,0.139748,0.13016259
q__bogz1fr553061103q_closed_end_funds_ts_reval__lag006,0.978056,0.08598,0.046714,0.12978223
m__exgeus_demusd__lag012,0.683386,0.018798,0.171088,0.12976485
m__exgeus_exgeus__lag012,0.683386,0.018798,0.171088,0.12976485
q__bogz1fa553061103q_closed_end_funds_ts_tx__lag005,0.981191,0.060143,0.071976,0.12963385
m__recprousm156n_recprob__lag006,0.733542,0.163314,0.012784,0.12917566
d__baa10y_baa10y__lag003,0.504702,0.116957,0.138721,0.12904166
q__hnotsbq027s_hhnp_tsy_tx__lag005,0.981191,0.025938,0.105107,0.12857944
m__amtmno_amtmno__lag010,0.420063,0.120732,0.184887,0.12837902
d__baa10y_baa10y__lag053,0.504702,0.17683,0.077054,0.12813608
d__baa10y_baa10y__lag001,0.504702,0.114628,0.13902,0.12801687
d__usepuindxd_policy_uncertainty__lag062,0.517241,0.137942,0.108925,0.12768998
d__baa10y_baa10y__lag052,0.504702,0.171446,0.081441,0.1276325
d__baa10y_baa10y__lag054,0.504702,0.181684,0.07098,0.12752018
m__exgeus_demusd__lag011,0.683386,0.018798,0.167525,0.12733008
m__exgeus_exgeus__lag011,0.683386,0.018798,0.167525,0.12733008
d__baa10y_baa10y__lag048,0.504702,0.178194,0.073951,0.1272584
d__usepuindxd_policy_uncertainty__lag079,0.517241,0.112031,0.133945,0.12722857
d__dexcaus_dexcaus__lag059,0.69279,0.101513,0.081692,0.12692265
d__baa10y_baa10y__lag002,0.504702,0.116557,0.134837,0.12687939
d__stlfsi4_stlfed_fin_stress_idx__lag001,0.407524,0.061548,0.24866,0.12641684
d__baa10y_baa10y__lag013,0.504702,0.118624,0.131445,0.12621036
d__usepuindxd_policy_uncertainty__lag049,0.517241,0.091182,0.152763,0.12617857
m__exgeus_demusd__lag003,0.69279,0.0,0.181748,0.12591308
m__exgeus_exgeus__lag003,0.69279,0.0,0.181748,0.12591308
q__bogz1fa343061165q_fed_gov_db_retirement_ts_tx__lag008,0.971787,0.109022,0.020147,0.12552463
q__bogz1fa343061113q_fed_gov_dcf_retirement_ts_tx__lag005,0.981191,0.035701,0.091305,0.12461763
d__usepuindxd_policy_uncertainty__lag013,0.517241,0.042154,0.198496,0.12447364
q__bogz1fa223061143q_state_local_db_retirement_ts_tx__lag001,0.99373,0.05988,0.064995,0.12409155
q__rowgseq027s_row_agency_flow__lag006,0.978056,0.012796,0.114048,0.12406058
d__usepuindxd_policy_uncertainty__lag043,0.517241,0.130409,0.109338,0.12400718
d__baa10y_baa10y__lag014,0.504702,0.123143,0.121323,0.12338265
d__baa10y_baa10y__lag071,0.504702,0.190812,0.053549,0.12332963
q__bogz1fr513061115q_pci_bills_reval__lag003,0.987461,0.029793,0.095063,0.12329009
d__usepuindxd_policy_uncertainty__lag073,0.517241,0.104819,0.133315,0.12317293
q__rowtsaq027s_row_tsy_tx__lag006,0.978056,0.002733,0.123105,0.12307665
q__bogz1fa653061113q_mutf_bills_tx__lag001,0.99373,0.034847,0.088999,0.12306981
m__exgeus_demusd__lag002,0.69279,0.0,0.176978,0.12260878
m__exgeus_exgeus__lag002,0.69279,0.0,0.176978,0.12260878
d__baa10y_baa10y__lag046,0.504702,0.170397,0.071972,0.12232368
m__recprousm156n_recprob__lag001,0.739812,0.038501,0.126619,0.12215716
d__usepuindxd_policy_uncertainty__lag028,0.517241,0.026924,0.208588,0.12181642
d__baa10y_baa10y__lag072,0.504702,0.19367,0.047573,0.12175563
d__baa10y_baa10y__lag070,0.504702,0.187603,0.053581,0.12172644
m__exgeus_demusd__lag001,0.69279,0.0,0.17534,0.12147346
m__exgeus_exgeus__lag001,0.69279,0.0,0.17534,0.12147346
q__rownblq027s_row_nonfinbusinessloans_flow__lag002,0.990596,0.023014,0.099599,0.12145952
d__stlfsi4_stlfed_fin_stress_idx__lag003,0.404389,0.057232,0.242438,0.12118327
q__bogz1fa343061123q_fed_gov_dcg_retirement_ts_tx__lag005,0.981191,0.081093,0.0424,0.12117017
m__exgeus_demusd__lag004,0.689655,0.0,0.175409,0.12097145
m__exgeus_exgeus__lag004,0.689655,0.0,0.175409,0.12097145
m__businv_businv__lag008,0.423197,0.021196,0.264516,0.12091236
d__usepuindxd_policy_uncertainty__lag050,0.517241,0.032068,0.201509,0.12081559
m__exgeus_demusd__lag005,0.689655,0.0,0.175179,0.1208129
m__exgeus_exgeus__lag005,0.689655,0.0,0.175179,0.1208129
m__exgeus_demusd__lag006,0.689655,0.0,0.174737,0.12050861
m__exgeus_exgeus__lag006,0.689655,0.0,0.174737,0.12050861
d__baa10y_baa10y__lag016,0.504702,0.135386,0.103348,0.12048993
d__stlfsi4_stlfed_fin_stress_idx__lag002,0.404389,0.051944,0.245158,0.1201447
d__stlfsi4_stlfed_fin_stress_idx__lag004,0.404389,0.05753,0.238996,0.11991145
d__baa10y_baa10y__lag090,0.501567,0.207178,0.031723,0.11982493
d__baa10y_baa10y__lag015,0.504702,0.129707,0.10751,0.11972374
d__baa10y_baa10y__lag076,0.504702,0.19288,0.044272,0.11969095
m__amtmno_amtmno__lag011,0.420063,0.101668,0.182787,0.11948898
q__drtscilm_loan_tight__lag005,0.435737,0.105282,0.168522,0.11930668
d__baa10y_baa10y__lag079,0.504702,0.194433,0.041698,0.11917577
d__baa10y_baa10y__lag089,0.504702,0.203819,0.032099,0.11906834
d__baa10y_baa10y__lag078,0.504702,0.196041,0.039865,0.11906229
q__bogz1fa543061175q_life_insurance_ts_tx__lag006,0.978056,0.034916,0.08665,0.11889762
d__baa10y_baa10y__lag084,0.504702,0.199634,0.035588,0.11871729
d__baa10y_baa10y__lag047,0.504702,0.173791,0.060692,0.11834412
d__usepuindxd_policy_uncertainty__lag054,0.517241,0.170079,0.058015,0.11797933
d__baa10y_baa10y__lag045,0.504702,0.170758,0.062846,0.11790035
d__baa10y_baa10y__lag088,0.504702,0.201436,0.03193,0.1177804
d__baa10y_baa10y__lag085,0.504702,0.200584,0.032257,0.11751543
m__exgeus_demusd__lag009,0.68652,0.0,0.171099,0.11746278
m__exgeus_exgeus__lag009,0.68652,0.0,0.171099,0.11746278
d__baa10y_baa10y__lag041,0.504702,0.162034,0.070481,0.11735113
d__baa10y_baa10y__lag080,0.504702,0.194703,0.037796,0.11734246
q__rowceaq027s_row_corpequities_flow__lag004,0.984326,0.020629,0.098432,0.11719471
m__exgeus_demusd__lag008,0.68652,0.0,0.169919,0.11665305
m__exgeus_exgeus__lag008,0.68652,0.0,0.169919,0.11665305
d__baa10y_baa10y__lag086,0.504702,0.201315,0.029489,0.11648757
d__baa10y_baa10y__lag042,0.504702,0.164547,0.066039,0.11637764
d__baa10y_baa10y__lag018,0.504702,0.135031,0.09521,0.11620355
d__usepuindxd_policy_uncertainty__lag030,0.517241,0.033538,0.190945,0.1161121
d__baa10y_baa10y__lag083,0.504702,0.194768,0.035007,0.11596813
d__baa10y_baa10y__lag073,0.504702,0.198204,0.031522,0.11594337
d__baa10y_baa10y__lag043,0.504702,0.160235,0.069481,0.11593813
q__bogz1fa343061165q_fed_gov_db_retirement_ts_tx__lag001,0.99373,0.03232,0.08417,0.11576015
m__exgeus_demusd__lag007,0.68652,0.0,0.168476,0.11566249
m__exgeus_exgeus__lag007,0.68652,0.0,0.168476,0.11566249
d__baa10y_baa10y__lag081,0.504702,0.198388,0.030661,0.11560131
d__baa10y_baa10y__lag020,0.504702,0.138416,0.090628,0.11559923
d__baa10y_baa10y__lag082,0.504702,0.196574,0.031748,0.11523444
d__baa10y_baa10y__lag019,0.504702,0.133781,0.093078,0.11449619
d__baa10y_baa10y__lag017,0.504702,0.133788,0.092527,0.11422187
d__baa10y_baa10y__lag075,0.504702,0.194333,0.031516,0.11398618
d__baa10y_baa10y__lag087,0.504702,0.196719,0.028142,0.11348803
q__drtscilm_loan_tight__lag006,0.432602,0.102389,0.15977,0.11341059
d__baa10y_baa10y__lag044,0.504702,0.165981,0.0582,0.11314456
m__exgeus_demusd__lag010,0.683386,0.0,0.165498,0.11309893
m__exgeus_exgeus__lag010,0.683386,0.0,0.165498,0.11309893
d__baa10y_baa10y__lag074,0.504702,0.195108,0.028559,0.11288512
d__baa10y_baa10y__lag077,0.504702,0.192149,0.03077,0.11250771
q__bogz1fr713061113q_cb_bills_reval__lag004,0.984326,0.042249,0.072003,0.11246198
d__stlfsi4_stlfed_fin_stress_idx__lag005,0.404389,0.050226,0.227456,0.11229129
m__businv_businv__lag009,0.423197,0.015121,0.249438,0.11196086
m__recprousm156n_recprob__lag004,0.736677,0.123347,0.02786,0.11139095
d__baa10y_baa10y__lag021,0.504702,0.138816,0.080719,0.11079994
d__usepuindxd_policy_uncertainty__lag061,0.517241,0.054167,0.159366,0.11044811
d__usepuindxd_policy_uncertainty__lag069,0.517241,0.081675,0.130644,0.10981998
q__bogz1fa313161110q_totalbills_z1_tx__lag001,0.99373,0.007837,0.102499,0.10964498
d__baa10y_baa10y__lag023,0.504702,0.138641,0.078094,0.10938693
q__bogz1fr713061113q_cb_bills_reval__lag008,0.971787,0.014737,0.097061,0.10864449
d__baa10y_baa10y__lag040,0.504702,0.162859,0.052233,0.10855701
q__rowtsaq027s_row_tsy_tx__lag004,0.984326,0.08374,0.026394,0.10840831
d__stlfsi4_stlfed_fin_stress_idx__lag006,0.404389,0.047221,0.219876,0.10801131
q__bogz1fa513061113q_pci_bills_tx__lag001,0.99373,0.052946,0.054512,0.10678496
q__bogz1fa343061105q_fed_gov_retirement_ts_tx__lag004,0.984326,0.08731,0.019578,0.10521335
m__businv_businv__lag010,0.420063,0.012357,0.236972,0.10473408
q__drtscilm_loan_tight__lag007,0.429467,0.107057,0.136752,0.1047081
d__usepuindxd_policy_uncertainty__lag076,0.517241,0.061004,0.138473,0.10317796
d__baa10y_baa10y__lag022,0.504702,0.133423,0.070766,0.10305474
d__baa10y_baa10y__lag034,0.504702,0.159448,0.044355,0.10285999
q__bogz1fa503061123q_ccps_ts_tx__lag004,0.984326,0.064236,0.04011,0.10271103
d__baa10y_baa10y__lag033,0.504702,0.155433,0.0478,0.10257228
d__baa10y_baa10y__lag027,0.504702,0.146802,0.056139,0.10242518
d__stlfsi4_stlfed_fin_stress_idx__lag012,0.404389,0.047584,0.205549,0.10236431
d__baa10y_baa10y__lag037,0.504702,0.164975,0.037755,0.10231813
d__stlfsi4_stlfed_fin_stress_idx__lag007,0.404389,0.051344,0.201287,0.10216082
q__bogz1fr513061105q_pc_insurance_ts_reval__lag006,0.978056,0.012479,0.091637,0.10183064
d__baa10y_baa10y__lag026,0.504702,0.143565,0.057517,0.10148632
d__baa10y_baa10y__lag036,0.504702,0.161857,0.039138,0.10144257
d__baa10y_baa10y__lag025,0.504702,0.143074,0.057265,0.10111151
d__baa10y_baa10y__lag035,0.504702,0.159711,0.040274,0.10093302
d__baa10y_baa10y__lag024,0.504702,0.140536,0.059339,0.10087767
q__bogz1fa553061103q_closed_end_funds_ts_tx__lag006,0.978056,0.05404,0.048736,0.10052089
d__baa10y_baa10y__lag029,0.504702,0.148,0.051028,0.10045003
d__stlfsi4_stlfed_fin_stress_idx__lag008,0.404389,0.050642,0.197356,0.10028759
d__stlfsi4_stlfed_fin_stress_idx__lag011,0.404389,0.044931,0.20236,0.1000018
d__baa10y_baa10y__lag039,0.504702,0.16166,0.035304,0.09940827
d__baa10y_baa10y__lag030,0.504702,0.147687,0.047895,0.09871078
d__baa10y_baa10y__lag028,0.504702,0.147057,0.048409,0.09865189
d__stlfsi4_stlfed_fin_stress_idx__lag010,0.404389,0.047726,0.196094,0.0985981
d__baa10y_baa10y__lag031,0.504702,0.150494,0.043207,0.09776139
m__mtsr133fms_fedgov_rcpt__lag012,0.561129,0.013486,0.160655,0.09771544
d__usepuindxd_policy_uncertainty__lag048,0.517241,0.090078,0.098532,0.09755659
m__recprousm156n_recprob__lag003,0.736677,0.10598,0.026261,0.09741906
d__baa10y_baa10y__lag038,0.504702,0.159761,0.033048,0.09731081
d__stlfsi4_stlfed_fin_stress_idx__lag009,0.404389,0.044597,0.194215,0.09657308
q__drtscilm_loan_tight__lag008,0.426332,0.073187,0.153316,0.09656555
d__baa10y_baa10y__lag032,0.504702,0.150814,0.040288,0.09644948
d__stlfsi4_stlfed_fin_stress_idx__lag062,0.404389,0.128097,0.109891,0.09623976
m__businv_businv__lag011,0.420063,0.007377,0.217463,0.09444696
d__stlfsi4_stlfed_fin_stress_idx__lag063,0.404389,0.123845,0.109384,0.09431519
q__bogz1fa713068703q_fed_dw_tx__lag006,0.978056,0.059013,0.035839,0.09277141
q__bogz1fa343061105q_fed_gov_retirement_ts_tx__lag002,0.990596,0.087776,0.005847,0.09274254
d__stlfsi4_stlfed_fin_stress_idx__lag067,0.404389,0.119255,0.108642,0.09215916
d__stlfsi4_stlfed_fin_stress_idx__lag058,0.404389,0.140607,0.08704,0.09205789
d__usepuindxd_policy_uncertainty__lag041,0.517241,0.109817,0.067944,0.09194529
d__stlfsi4_stlfed_fin_stress_idx__lag050,0.404389,0.079109,0.148197,0.09192012
q__bogz1fr513061115q_pci_bills_reval__lag006,0.978056,0.040727,0.052602,0.09128116
d__stlfsi4_stlfed_fin_stress_idx__lag068,0.404389,0.12276,0.102762,0.09119872
d__stlfsi4_stlfed_fin_stress_idx__lag057,0.404389,0.140822,0.084478,0.09110867
d__stlfsi4_stlfed_fin_stress_idx__lag066,0.404389,0.118655,0.104112,0.09008458
d__stlfsi4_stlfed_fin_stress_idx__lag060,0.404389,0.139885,0.082371,0.08987783
d__stlfsi4_stlfed_fin_stress_idx__lag059,0.404389,0.137393,0.084686,0.08980595
m__businv_businv__lag012,0.420063,0.000567,0.211984,0.08928491
q__bogz1fr343061165q_fed_gov_db_retirement_ts_reval__lag006,0.978056,0.077309,0.013719,0.08902996
d__stlfsi4_stlfed_fin_stress_idx__lag090,0.404389,0.140293,0.079156,0.0887424
d__stlfsi4_stlfed_fin_stress_idx__lag032,0.404389,0.071706,0.146347,0.08817833
d__stlfsi4_stlfed_fin_stress_idx__lag065,0.404389,0.116733,0.101314,0.08817562
d__stlfsi4_stlfed_fin_stress_idx__lag051,0.404389,0.085499,0.131322,0.08767997
q__bogz1fa263061130q_row_gov_tsy_tx__lag006,0.978056,0.019889,0.068846,0.08678814
d__stlfsi4_stlfed_fin_stress_idx__lag069,0.404389,0.116805,0.093576,0.08507561
d__stlfsi4_stlfed_fin_stress_idx__lag064,0.404389,0.109819,0.100254,0.08495092
q__bogz1fr513061115q_pci_bills_reval__lag005,0.981191,0.034705,0.051485,0.08456807
d__stlfsi4_stlfed_fin_stress_idx__lag089,0.404389,0.12875,0.080036,0.08443103
d__stlfsi4_stlfed_fin_stress_idx__lag045,0.404389,0.054002,0.153439,0.08388699
d__stlfsi4_stlfed_fin_stress_idx__lag041,0.404389,0.111131,0.093497,0.08274948
d__stlfsi4_stlfed_fin_stress_idx__lag061,0.404389,0.121352,0.081911,0.0821973
d__stlfsi4_stlfed_fin_stress_idx__lag087,0.404389,0.118543,0.084687,0.08218383
q__bogz1fa663061165q_brokers_dealers_long_ts_tx__lag002,0.990596,0.002058,0.080765,0.0820447
d__stlfsi4_stlfed_fin_stress_idx__lag085,0.404389,0.119134,0.083472,0.08193175
d__stlfsi4_stlfed_fin_stress_idx__lag070,0.404389,0.11801,0.084454,0.08187399
d__stlfsi4_stlfed_fin_stress_idx__lag086,0.404389,0.119184,0.083232,0.08185444
d__stlfsi4_stlfed_fin_stress_idx__lag073,0.404389,0.103754,0.098538,0.08180454
d__stlfsi4_stlfed_fin_stress_idx__lag071,0.404389,0.113424,0.088482,0.08164832
d__stlfsi4_stlfed_fin_stress_idx__lag046,0.404389,0.058279,0.143379,0.08154841
d__stlfsi4_stlfed_fin_stress_idx__lag074,0.404389,0.102695,0.098951,0.08154326
q__bogz1fa713068703q_fed_dw_tx__lag001,0.99373,0.034106,0.047764,0.08135675
d__stlfsi4_stlfed_fin_stress_idx__lag042,0.404389,0.094922,0.106187,0.08132612
d__stlfsi4_stlfed_fin_stress_idx__lag056,0.404389,0.12208,0.078975,0.08130453
d__stlfsi4_stlfed_fin_stress_idx__lag072,0.404389,0.107307,0.093401,0.08116418
d__stlfsi4_stlfed_fin_stress_idx__lag075,0.404389,0.093326,0.106333,0.08073984
d__stlfsi4_stlfed_fin_stress_idx__lag084,0.404389,0.108568,0.09058,0.08053318
d__stlfsi4_stlfed_fin_stress_idx__lag055,0.404389,0.116908,0.081882,0.08038851
d__stlfsi4_stlfed_fin_stress_idx__lag083,0.404389,0.104771,0.093859,0.0803239
d__stlfsi4_stlfed_fin_stress_idx__lag088,0.404389,0.112724,0.085524,0.08016958
q__rowmfsq027s_row_mutualfundshares_flow__lag005,0.981191,0.007011,0.074265,0.07974713
d__stlfsi4_stlfed_fin_stress_idx__lag040,0.404389,0.110915,0.086043,0.07964768
d__stlfsi4_stlfed_fin_stress_idx__lag054,0.404389,0.10427,0.09119,0.07904214
q__bogz1fa343061105q_fed_gov_retirement_ts_tx__lag008,0.971787,0.026865,0.054238,0.07881529
d__stlfsi4_stlfed_fin_stress_idx__lag033,0.404389,0.074616,0.118992,0.07829312
d__stlfsi4_stlfed_fin_stress_idx__lag082,0.404389,0.093547,0.098677,0.07773332
q__bogz1fa343061105q_fed_gov_retirement_ts_tx__lag003,0.987461,0.033214,0.045476,0.07770342
d__stlfsi4_stlfed_fin_stress_idx__lag080,0.404389,0.093709,0.09832,0.07765447
d__stlfsi4_stlfed_fin_stress_idx__lag037,0.404389,0.104372,0.08745,0.07757073
d__stlfsi4_stlfed_fin_stress_idx__lag036,0.404389,0.094883,0.093916,0.07634803
d__stlfsi4_stlfed_fin_stress_idx__lag076,0.404389,0.101745,0.08699,0.07632235
d__stlfsi4_stlfed_fin_stress_idx__lag081,0.404389,0.090661,0.098067,0.07631927
d__stlfsi4_stlfed_fin_stress_idx__lag035,0.404389,0.086536,0.102017,0.07624897
d__stlfsi4_stlfed_fin_stress_idx__lag031,0.404389,0.07327,0.115005,0.0761363
d__stlfsi4_stlfed_fin_stress_idx__lag077,0.404389,0.102328,0.085453,0.0759365
d__stlfsi4_stlfed_fin_stress_idx__lag038,0.404389,0.102437,0.08473,0.07568803
d__stlfsi4_stlfed_fin_stress_idx__lag052,0.404389,0.09523,0.091227,0.07540106
d__stlfsi4_stlfed_fin_stress_idx__lag079,0.404389,0.092224,0.093888,0.07526122
d__stlfsi4_stlfed_fin_stress_idx__lag078,0.404389,0.099537,0.086419,0.07519821
d__stlfsi4_stlfed_fin_stress_idx__lag053,0.404389,0.097127,0.088262,0.07496897
d__stlfsi4_stlfed_fin_stress_idx__lag034,0.404389,0.080431,0.104522,0.07479278
d__stlfsi4_stlfed_fin_stress_idx__lag048,0.404389,0.045419,0.138673,0.07444473
d__stlfsi4_stlfed_fin_stress_idx__lag049,0.404389,0.050776,0.13281,0.07424008
d__stlfsi4_stlfed_fin_stress_idx__lag039,0.404389,0.098828,0.084251,0.07403492
d__stlfsi4_stlfed_fin_stress_idx__lag043,0.404389,0.068739,0.112176,0.07316005
q__bogz1fa343061105q_fed_gov_retirement_ts_tx__lag007,0.974922,0.026951,0.046284,0.07139817
q__bogz1fa503061123q_ccps_ts_tx__lag001,0.99373,0.03784,0.033057,0.07045278
q__bogz1fa343061105q_fed_gov_retirement_ts_tx__lag001,0.99373,0.014612,0.056064,0.07023217
d__stlfsi4_stlfed_fin_stress_idx__lag044,0.404389,0.059077,0.108972,0.06795682
d__stlfsi4_stlfed_fin_stress_idx__lag047,0.404389,0.046214,0.121742,0.06791985
q__bogz1fa713068703q_fed_dw_tx__lag002,0.990596,0.023404,0.044018,0.0667875
q__bogz1fa653061105q_mutual_funds_ts_tx__lag007,0.974922,0.001653,0.06684,0.06677554
q__bogz1fa713068703q_fed_dw_tx__lag003,0.987461,0.018847,0.047354,0.06537093
q__bogz1fa633061110q_mmf_bills_tx__lag008,0.971787,0.000426,0.065007,0.06358708
q__bogz1fa633061105q_money_market_funds_ts_tx__lag008,0.971787,0.014327,0.050671,0.06316428
q__bogz1fa713068703q_fed_dw_tx__lag007,0.974922,0.039878,0.024457,0.06272238
q__bogz1fa543461113q_li_bills_tx__lag002,0.990596,0.012211,0.050314,0.0619375
d__stlfsi4_stlfed_fin_stress_idx__lag015,0.404389,0.042118,0.110162,0.06158053
q__ncbtsaq027s_nfcb_tsy_tx__lag003,0.987461,0.029768,0.031548,0.0605462
d__stlfsi4_stlfed_fin_stress_idx__lag014,0.404389,0.047207,0.097217,0.05840346
d__stlfsi4_stlfed_fin_stress_idx__lag016,0.404389,0.059396,0.084814,0.05831662
d__usepuindxd_policy_uncertainty__lag083,0.517241,0.012798,0.099198,0.05792871
d__stlfsi4_stlfed_fin_stress_idx__lag017,0.404389,0.0558,0.085548,0.05715966
q__bogz1fa343061165q_fed_gov_db_retirement_ts_tx__lag004,0.984326,0.03304,0.024081,0.05622602
d__stlfsi4_stlfed_fin_stress_idx__lag018,0.404389,0.053583,0.084222,0.05572658
d__stlfsi4_stlfed_fin_stress_idx__lag029,0.404389,0.072476,0.063548,0.05500648
d__stlfsi4_stlfed_fin_stress_idx__lag027,0.404389,0.06975,0.064086,0.05412154
q__bogz1fa313161110q_totalbills_z1_tx__lag008,0.971787,0.048261,0.007125,0.05382298
d__stlfsi4_stlfed_fin_stress_idx__lag028,0.404389,0.067059,0.065949,0.05378731
d__stlfsi4_stlfed_fin_stress_idx__lag019,0.404389,0.050669,0.082248,0.05375
d__stlfsi4_stlfed_fin_stress_idx__lag013,0.404389,0.034543,0.096969,0.05318196
q__bogz1fr513061115q_pci_bills_reval__lag008,0.971787,0.047616,0.006616,0.0527023
d__stlfsi4_stlfed_fin_stress_idx__lag030,0.404389,0.063429,0.065572,0.05216665
q__bogz1fr513061115q_pci_bills_reval__lag002,0.990596,0.015786,0.036276,0.05157253
q__bogz1fa313161110q_totalbills_z1_tx__lag007,0.974922,0.020516,0.032291,0.05148226
d__stlfsi4_stlfed_fin_stress_idx__lag023,0.404389,0.061547,0.06285,0.05030496
q__bogz1fa743061103q_usb_tsy_dom_tx__lag002,0.990596,0.03002,0.015046,0.04464227
q__bogz1fa503061123q_ccps_ts_tx__lag002,0.990596,0.01094,0.033935,0.04445261
d__stlfsi4_stlfed_fin_stress_idx__lag026,0.404389,0.072695,0.033399,0.04290323
d__stlfsi4_stlfed_fin_stress_idx__lag025,0.404389,0.063344,0.033828,0.03929509
q__bogz1fa343061165q_fed_gov_db_retirement_ts_tx__lag007,0.974922,0.009198,0.030197,0.03840759
d__stlfsi4_stlfed_fin_stress_idx__lag024,0.404389,0.062015,0.029242,0.03690317
q__rowmfsq027s_row_mutualfundshares_flow__lag006,0.978056,0.003184,0.03059,0.0330327
d__stlfsi4_stlfed_fin_stress_idx__lag022,0.404389,0.051487,0.030036,0.03296722
d__stlfsi4_stlfed_fin_stress_idx__lag020,0.404389,0.053333,0.027781,0.03280152
d__stlfsi4_stlfed_fin_stress_idx__lag021,0.404389,0.051397,0.029689,0.03279033
q__bogz1fa663061165q_brokers_dealers_long_ts_tx__lag006,0.978056,0.008914,0.022504,0.0307288
q__bogz1fr513061115q_pci_bills_reval__lag001,0.99373,0.026917,0.000875,0.02761755
q__bogz1fr513061115q_pci_bills_reval__lag007,0.974922,0.02245,0.005865,0.02760548
q__bogz1fa343061165q_fed_gov_db_retirement_ts_tx__lag003,0.987461,0.013777,0.008866,0.0223593
q__bogz1fr513061115q_pci_bills_reval__lag004,0.984326,0.012765,0.009156,0.02157773
q__bogz1fa263061110q_row_bills_tx__lag006,0.978056,0.005055,0.011363,0.01605746
q__bogz1fr313161305q_gov_nonmarketable_ts_reval__lag001,0.99373,0.0,0.0,0.0
q__bogz1fr343061123q_fed_gov_dcg_retirement_ts_reval__lag001,0.99373,0.0,0.0,0.0
q__bogz1fr503061123q_ccps_ts_reval__lag001,0.99373,0.0,0.0,0.0
q__bogz1fr543461113q_li_bills_reval__lag001,0.99373,0.0,0.0,0.0
q__bogz1fr633061105q_money_market_funds_ts_reval__lag001,0.99373,0.0,0.0,0.0
q__bogz1fr633061110q_mmf_bills_reval__lag001,0.99373,0.0,0.0,0.0
q__bogz1fr653061113q_mutf_bills_reval__lag001,0.99373,0.0,0.0,0.0
q__bogz1fr673061103q_abs_issuers_ts_reval__lag001,0.99373,0.0,0.0,0.0
q__bogz1fr313161305q_gov_nonmarketable_ts_reval__lag002,0.990596,0.0,0.0,0.0
q__bogz1fr343061123q_fed_gov_dcg_retirement_ts_reval__lag002,0.990596,0.0,0.0,0.0
q__bogz1fr503061123q_ccps_ts_reval__lag002,0.990596,0.0,0.0,0.0
q__bogz1fr543461113q_li_bills_reval__lag002,0.990596,0.0,0.0,0.0
q__bogz1fr633061105q_money_market_funds_ts_reval__lag002,0.990596,0.0,0.0,0.0
q__bogz1fr633061110q_mmf_bills_reval__lag002,0.990596,0.0,0.0,0.0
q__bogz1fr653061113q_mutf_bills_reval__lag002,0.990596,0.0,0.0,0.0
q__bogz1fr673061103q_abs_issuers_ts_reval__lag002,0.990596,0.0,0.0,0.0
q__bogz1fr313161305q_gov_nonmarketable_ts_reval__lag003,0.987461,0.0,0.0,0.0
q__bogz1fr343061123q_fed_gov_dcg_retirement_ts_reval__lag003,0.987461,0.0,0.0,0.0
q__bogz1fr503061123q_ccps_ts_reval__lag003,0.987461,0.0,0.0,0.0
q__bogz1fr543461113q_li_bills_reval__lag003,0.987461,0.0,0.0,0.0
q__bogz1fr633061105q_money_market_funds_ts_reval__lag003,0.987461,0.0,0.0,0.0
q__bogz1fr633061110q_mmf_bills_reval__lag003,0.987461,0.0,0.0,0.0
q__bogz1fr653061113q_mutf_bills_reval__lag003,0.987461,0.0,0.0,0.0
q__bogz1fr673061103q_abs_issuers_ts_reval__lag003,0.987461,0.0,0.0,0.0
q__bogz1fr313161305q_gov_nonmarketable_ts_reval__lag004,0.984326,0.0,0.0,0.0
q__bogz1fr343061123q_fed_gov_dcg_retirement_ts_reval__lag004,0.984326,0.0,0.0,0.0
q__bogz1fr503061123q_ccps_ts_reval__lag004,0.984326,0.0,0.0,0.0
q__bogz1fr543461113q_li_bills_reval__lag004,0.984326,0.0,0.0,0.0
q__bogz1fr633061105q_money_market_funds_ts_reval__lag004,0.984326,0.0,0.0,0.0
q__bogz1fr633061110q_mmf_bills_reval__lag004,0.984326,0.0,0.0,0.0
q__bogz1fr653061113q_mutf_bills_reval__lag004,0.984326,0.0,0.0,0.0
q__bogz1fr673061103q_abs_issuers_ts_reval__lag004,0.984326,0.0,0.0,0.0
q__bogz1fr313161305q_gov_nonmarketable_ts_reval__lag005,0.981191,0.0,0.0,0.0
q__bogz1fr343061123q_fed_gov_dcg_retirement_ts_reval__lag005,0.981191,0.0,0.0,0.0
q__bogz1fr503061123q_ccps_ts_reval__lag005,0.981191,0.0,0.0,0.0
q__bogz1fr543461113q_li_bills_reval__lag005,0.981191,0.0,0.0,0.0
q__bogz1fr633061105q_money_market_funds_ts_reval__lag005,0.981191,0.0,0.0,0.0
q__bogz1fr633061110q_mmf_bills_reval__lag005,0.981191,0.0,0.0,0.0
q__bogz1fr653061113q_mutf_bills_reval__lag005,0.981191,0.0,0.0,0.0
q__bogz1fr673061103q_abs_issuers_ts_reval__lag005,0.981191,0.0,0.0,0.0
q__bogz1fr313161305q_gov_nonmarketable_ts_reval__lag006,0.978056,0.0,0.0,0.0
q__bogz1fr343061123q_fed_gov_dcg_retirement_ts_reval__lag006,0.978056,0.0,0.0,0.0
q__bogz1fr503061123q_ccps_ts_reval__lag006,0.978056,0.0,0.0,0.0
q__bogz1fr543461113q_li_bills_reval__lag006,0.978056,0.0,0.0,0.0
q__bogz1fr633061105q_money_market_funds_ts_reval__lag006,0.978056,0.0,0.0,0.0
q__bogz1fr633061110q_mmf_bills_reval__lag006,0.978056,0.0,0.0,0.0
q__bogz1fr653061113q_mutf_bills_reval__lag006,0.978056,0.0,0.0,0.0
q__bogz1fr673061103q_abs_issuers_ts_reval__lag006,0.978056,0.0,0.0,0.0
q__bogz1fr313161305q_gov_nonmarketable_ts_reval__lag007,0.974922,0.0,0.0,0.0
q__bogz1fr343061123q_fed_gov_dcg_retirement_ts_reval__lag007,0.974922,0.0,0.0,0.0
q__bogz1fr503061123q_ccps_ts_reval__lag007,0.974922,0.0,0.0,0.0
q__bogz1fr543461113q_li_bills_reval__lag007,0.974922,0.0,0.0,0.0
q__bogz1fr633061105q_money_market_funds_ts_reval__lag007,0.974922,0.0,0.0,0.0
q__bogz1fr633061110q_mmf_bills_reval__lag007,0.974922,0.0,0.0,0.0
q__bogz1fr653061113q_mutf_bills_reval__lag007,0.974922,0.0,0.0,0.0
q__bogz1fr673061103q_abs_issuers_ts_reval__lag007,0.974922,0.0,0.0,0.0
q__bogz1fr313161305q_gov_nonmarketable_ts_reval__lag008,0.971787,0.0,0.0,0.0
q__bogz1fr343061123q_fed_gov_dcg_retirement_ts_reval__lag008,0.971787,0.0,0.0,0.0
q__bogz1fr503061123q_ccps_ts_reval__lag008,0.971787,0.0,0.0,0.0
q__bogz1fr543461113q_li_bills_reval__lag008,0.971787,0.0,0.0,0.0
q__bogz1fr633061105q_money_market_funds_ts_reval__lag008,0.971787,0.0,0.0,0.0
q__bogz1fr633061110q_mmf_bills_reval__lag008,0.971787,0.0,0.0,0.0
q__bogz1fr653061113q_mutf_bills_reval__lag008,0.971787,0.0,0.0,0.0
q__bogz1fr673061103q_abs_issuers_ts_reval__lag008,0.971787,0.0,0.0,0.0
