feature_id,coverage_share,abs_corr_treatment,abs_corr_outcome_max,screen_score
q__bogz1fa313161105q_tsy_net_tx__lag002,0.990596,0.414269,0.533465,0.93882136
m__psavert_psavert__lag008,0.836991,0.394512,0.687208,0.90538932
q__tgdef_net_gov_sav__lag001,0.990596,0.299427,0.580295,0.87144918
q__bogz1fl712051000q_fed_rrp__lag005,0.99373,0.310544,0.566293,0.87133978
q__fbtsatq027s_dom_fin_sector_tsy_tx__lag002,0.990596,0.325601,0.545026,0.86243838
q__bogz1fl313024000q_tres_oper_cash__lag001,1.0,0.299318,0.557761,0.85707892
q__bogz1fl712051000q_fed_rrp__lag004,0.996865,0.355202,0.494879,0.84741639
q__psave_psave__lag002,0.987461,0.245367,0.593568,0.82841586
m__ipfinal_ipfinal__lag009,1.0,0.330061,0.482256,0.81231756
q__psave_psave__lag001,0.990596,0.247527,0.563659,0.80355803
m__psavert_psavert__lag009,0.836991,0.300024,0.649001,0.79432491
q__bogz1fl313024000q_tres_oper_cash__lag002,1.0,0.222418,0.558316,0.7807343
q__bogz1fa403061105q_gses_ts_tx__lag003,0.987461,0.360396,0.422278,0.77285968
q__tgdef_net_gov_sav__lag002,0.987461,0.220288,0.558327,0.76885238
q__bogz1fa343061113q_fed_gov_dcf_retirement_ts_tx__lag004,0.984326,0.342699,0.433526,0.76405898
q__bogz1fl712051000q_fed_rrp__lag003,1.0,0.370059,0.391505,0.76156325
m__ipcongd_ipcongd__lag009,1.0,0.303923,0.452815,0.75673755
m__unrate_unrate__lag009,0.974922,0.255691,0.518085,0.75437127
q__fgdef_fgdef__lag001,0.990596,0.228628,0.52861,0.75011744
m__psavert_psavert__lag004,0.840125,0.268225,0.618974,0.74535869
q__bogz1fl713123030q_tga__lag001,1.0,0.226435,0.506108,0.73254282
q__bogz1fl713123030q_tga_z1__lag001,1.0,0.226435,0.506108,0.73254282
m__ipfinal_ipfinal__lag008,1.0,0.279011,0.449692,0.72870285
q__bogz1fa713061103q_cb_tsy_tx__lag002,0.990596,0.221588,0.500645,0.71544043
q__fgdef_fgdef__lag002,0.987461,0.205656,0.515513,0.71212533
q__bogz1fl713123030q_tga__lag002,1.0,0.194993,0.516213,0.71120653
q__bogz1fl713123030q_tga_z1__lag002,1.0,0.194993,0.516213,0.71120653
m__psavert_psavert__lag006,0.840125,0.260249,0.569375,0.69698824
q__bogz1fl712051000q_fed_rrp__lag001,1.0,0.172994,0.522526,0.69552
q__cbi_cbi__lag004,0.981191,0.265903,0.439786,0.69241578
q__bogz1fa633061105q_money_market_funds_ts_tx__lag002,0.990596,0.340351,0.357147,0.69093854
q__bogz1fa313161110q_totalbills_z1_tx__lag002,0.990596,0.376898,0.31489,0.68528259
q__bogz1fa633061110q_mmf_bills_tx__lag002,0.990596,0.349513,0.341618,0.68463131
m__unrate_unrate__lag008,0.974922,0.22235,0.479218,0.68397353
q__bogz1fa713061103q_cb_tsy_tx__lag003,0.987461,0.178227,0.50947,0.67907392
m__ipdcongd_ipdcongd__lag009,0.987461,0.290208,0.394713,0.67633293
m__ipcongd_ipcongd__lag008,1.0,0.243437,0.41779,0.66122757
q__fbtsatq027s_dom_fin_sector_tsy_tx__lag004,0.984326,0.150998,0.515572,0.6561222
m__psavert_psavert__lag005,0.840125,0.219368,0.557946,0.65304145
m__unrate_unrate__lag007,0.974922,0.201431,0.46771,0.65235964
m__usalolitoaastsam_oecd_leading_indicator_us__lag009,0.887147,0.313877,0.420641,0.65162562
q__bogz1fa633061105q_money_market_funds_ts_tx__lag004,0.984326,0.217499,0.436198,0.64345072
m__ipfinal_ipfinal__lag003,1.0,0.234855,0.403262,0.63811706
m__unrate_unrate__lag006,0.978056,0.207665,0.443218,0.63660019
m__ipfinal_ipfinal__lag004,1.0,0.241969,0.393774,0.63574298
m__indpro_indpro__lag009,1.0,0.261494,0.370654,0.63214793
m__ipfinal_ipfinal__lag002,1.0,0.225323,0.405688,0.6310111
q__bogz1fa223061143q_state_local_db_retirement_ts_tx__lag005,0.981191,0.286515,0.35572,0.63015493
q__ad02rc1q027sbea_gov_netlending__lag001,0.833856,0.232155,0.522489,0.62926466
q__bogz1fa313161105q_tsy_net_tx__lag004,0.984326,0.178768,0.458943,0.62771486
q__bogz1lm903061103q_instrument_discrepancies_ts__lag002,1.0,0.186511,0.437127,0.6236384
m__psavert_psavert__lag007,0.836991,0.170189,0.572367,0.62151214
q__bogz1fa633061110q_mmf_bills_tx__lag004,0.984326,0.207771,0.413871,0.61189919
q__bogz1fl702050005q_usb_ffrrp__lag002,1.0,0.286797,0.320771,0.60756771
q__bogz1fa313161110q_totalbills_z1_tx__lag004,0.984326,0.200388,0.4076,0.5984576
q__ad02rc1q027sbea_gov_netlending__lag002,0.830721,0.209884,0.509282,0.59742602
m__indpro_indpro__lag008,1.0,0.228741,0.366452,0.59519352
q__fbtsatq027s_dom_fin_sector_tsy_tx__lag003,0.987461,0.136434,0.466196,0.59507315
q__bogz1lm903061103q_instrument_discrepancies_ts__lag001,1.0,0.188651,0.40453,0.59318136
m__unrate_unrate__lag002,0.981191,0.176049,0.427325,0.5920244
m__psavert_psavert__lag002,0.84326,0.219228,0.481766,0.59112027
m__ipdcongd_ipdcongd__lag008,0.987461,0.224362,0.373678,0.59054073
m__unrate_unrate__lag001,0.981191,0.184124,0.415289,0.58813943
m__usalolitoaastsam_oecd_leading_indicator_us__lag008,0.887147,0.293887,0.367527,0.58677195
q__bogz1fr713061113q_cb_bills_reval__lag005,0.981191,0.269632,0.327563,0.58596267
q__bogz1fr263061105q_row_bills_reval__lag003,0.987461,0.289123,0.301313,0.58303276
q__bogz1fr263061105q_row_tsy_reval__lag003,0.987461,0.289123,0.301313,0.58303276
q__bogz1fr573061143q_private_db_pension_ts_reval__lag003,0.987461,0.306004,0.284399,0.58300009
m__ipfinal_ipfinal__lag001,1.0,0.204737,0.375882,0.58061948
m__unrate_unrate__lag005,0.978056,0.183232,0.409496,0.57972173
m__unrate_unrate__lag003,0.981191,0.172609,0.414627,0.57619051
m__tcu_tcu__lag009,0.736677,0.284307,0.496433,0.57515317
m__indpro_indpro__lag002,1.0,0.20993,0.364314,0.57424435
q__bogz1fa543061175q_life_insurance_ts_tx__lag008,0.971787,0.271032,0.315934,0.57040541
m__indpro_indpro__lag003,1.0,0.215799,0.353572,0.56937098
q__bogz1fr263061130q_row_gov_tsy_reval__lag003,0.987461,0.286659,0.2897,0.56913274
m__unrate_unrate__lag004,0.978056,0.177895,0.401035,0.56622565
m__ipbuseq_ipbuseq__lag003,0.99373,0.295509,0.274222,0.56615925
m__ipfinal_ipfinal__lag007,1.0,0.181004,0.38274,0.56374442
q__bogz1fa573061133q_private_dc_pension_ts_tx__lag001,0.99373,0.203538,0.363069,0.56305474
m__psavert_psavert__lag001,0.84326,0.165555,0.497143,0.55882671
m__ipbuseq_ipbuseq__lag009,0.987461,0.301738,0.26311,0.55776513
q__hnotsbq027s_hhnp_tsy_tx__lag008,0.971787,0.232555,0.341044,0.55741582
q__bogz1fr753061103q_usb_tsy_for_reval__lag003,0.987461,0.288466,0.275466,0.5568612
q__rowcpaq027s_row_commercialpaper_flow__lag002,0.990596,0.235063,0.326506,0.55628852
m__indpro_indpro__lag007,1.0,0.196737,0.35744,0.55417715
q__bogz1fa733061103q_holding_companies_ts_tx__lag001,0.99373,0.250898,0.306652,0.55405451
q__bogz1fr263061145q_row_priv_tsy_reval__lag004,0.984326,0.209017,0.350752,0.55099567
q__rowcpaq027s_row_commercialpaper_flow__lag008,0.971787,0.229958,0.336383,0.55036262
m__ipbuseq_ipbuseq__lag002,0.99373,0.287332,0.265786,0.54965093
m__indpro_indpro__lag004,1.0,0.213647,0.333813,0.54746063
m__psavert_psavert__lag003,0.84326,0.169281,0.478731,0.54644301
m__ipfinal_ipfinal__lag005,1.0,0.16146,0.384943,0.54640257
q__bogz1fl702050005q_usb_ffrrp__lag001,1.0,0.24922,0.296033,0.54525365
q__bogz1fr573061105q_private_pension_ts_reval__lag003,0.987461,0.283661,0.265981,0.54275004
q__bogz1fa343061113q_fed_gov_dcf_retirement_ts_tx__lag002,0.990596,0.24605,0.299638,0.54055557
q__rowgseq027s_row_agency_flow__lag001,0.99373,0.176048,0.36681,0.53945408
q__bogz1fl702050005q_usb_ffrrp__lag004,0.996865,0.224385,0.316585,0.53927381
q__bogz1fa713061103q_cb_tsy_tx__lag004,0.984326,0.094115,0.453445,0.53897786
q__bogz1fr593061105q_pension_ts_reval__lag003,0.987461,0.272773,0.270544,0.53650413
m__ipbuseq_ipbuseq__lag001,0.99373,0.285015,0.254751,0.53638232
q__rowcbaq027s_row_corpbonds_flow__lag005,0.981191,0.224655,0.320408,0.53481166
q__bogz1fr543061175q_life_insurance_ts_reval__lag007,0.974922,0.22519,0.322739,0.53418753
m__tcu_tcu__lag008,0.736677,0.248222,0.473058,0.53135063
q__bogz1lm903061103q_instrument_discrepancies_ts__lag003,1.0,0.125255,0.406075,0.53133046
m__awotman_awotman__lag009,0.874608,0.241554,0.363607,0.52927866
q__bogz1fr543061175q_life_insurance_ts_reval__lag003,0.987461,0.215048,0.318032,0.52639536
q__bogz1fl702050005q_usb_ffrrp__lag007,0.987461,0.211003,0.321798,0.52612028
m__awhman_awhman__lag009,1.0,0.283591,0.240952,0.52454305
q__bogz1fr223061143q_state_local_db_retirement_ts_reval__lag003,0.987461,0.258464,0.272504,0.52430992
q__bogz1fr753061103q_usb_tsy_for_reval__lag005,0.981191,0.175127,0.358517,0.52360678
m__ipfinal_ipfinal__lag006,1.0,0.14797,0.3741,0.52206989
m__ipbuseq_ipbuseq__lag004,0.990596,0.283459,0.243373,0.52187791
q__bogz1fa713068703q_fed_dw_tx__lag008,0.971787,0.331546,0.205352,0.5217496
q__bogz1fa543061175q_life_insurance_ts_tx__lag004,0.984326,0.149379,0.378026,0.51913869
q__fbtsatq027s_dom_fin_sector_tsy_tx__lag001,0.99373,0.170417,0.350897,0.51804495
q__bogz1fl702050005q_usb_ffrrp__lag003,1.0,0.195116,0.322251,0.51736672
m__usalolitoaastsam_oecd_leading_indicator_us__lag007,0.887147,0.267183,0.314669,0.51618911
m__indpro_indpro__lag005,1.0,0.193156,0.321905,0.51506109
q__bogz1fl702050005q_usb_ffrrp__lag008,0.984326,0.167504,0.354704,0.51402206
q__bogz1fr343061105q_fed_gov_retirement_ts_reval__lag003,0.987461,0.267431,0.252443,0.51335462
d__dgs5_dgs5__lag090,0.802508,0.16864,0.46789,0.51081984
q__bogz1fa713061103q_cb_tsy_tx__lag008,0.971787,0.17122,0.354182,0.51057858
q__bogz1fl712051000q_fed_rrp__lag002,1.0,0.182221,0.32777,0.50999133
q__bogz1fa713061113q_cb_bills_tx__lag004,0.984326,0.17357,0.344406,0.50985676
q__bogz1fa763061100q_usb_tsy_oth_tx__lag002,0.990596,0.149114,0.364179,0.50846641
d__dgs5_dgs5__lag039,0.805643,0.163023,0.467301,0.50781573
q__bogz1fa763061100q_usb_tsy_oth_tx__lag001,0.99373,0.158662,0.35223,0.50768889
q__bogz1fr343061113q_fed_gov_dcf_retirement_ts_reval__lag003,0.987461,0.266909,0.246977,0.50744208
d__dgs5_dgs5__lag040,0.805643,0.161288,0.467039,0.50620734
d__dgs5_dgs5__lag042,0.805643,0.160155,0.466509,0.50486714
d__dgs5_dgs5__lag025,0.805643,0.156148,0.469324,0.50390724
d__dgs5_dgs5__lag089,0.805643,0.162497,0.462523,0.50354292
q__rowceaq027s_row_corpequities_flow__lag001,0.99373,0.225731,0.28052,0.50307683
d__dgs5_dgs5__lag037,0.805643,0.15393,0.468807,0.50170373
d__dgs5_dgs5__lag041,0.805643,0.157121,0.465561,0.50165862
m__recprousm156n_recprob__lag009,0.730408,0.316458,0.369909,0.5013276
q__bogz1lm403061105q_gses_ts__lag001,1.0,0.135454,0.365826,0.50127954
q__bogz1lm403061105q_gse_tsy__lag001,1.0,0.135454,0.365826,0.50127954
q__cbi_cbi__lag003,0.984326,0.167371,0.341527,0.50092151
m__ipbuseq_ipbuseq__lag008,0.987461,0.26826,0.238796,0.50069766
d__dgs5_dgs5__lag026,0.805643,0.154076,0.467353,0.50064971
q__bogz1fr543061175q_life_insurance_ts_reval__lag002,0.990596,0.168599,0.335773,0.49962882
m__mcumfn_caputil_man__lag009,0.673981,0.28727,0.453407,0.49920235
d__dgs5_dgs5__lag029,0.805643,0.152772,0.466381,0.49881626
d__dgs5_dgs5__lag027,0.805643,0.153102,0.465577,0.49843352
d__dgs5_dgs5__lag024,0.805643,0.150912,0.465438,0.49655796
d__dgs5_dgs5__lag036,0.805643,0.149498,0.466464,0.49624592
d__dgs5_dgs5__lag028,0.805643,0.152193,0.463602,0.49611067
d__dgs5_dgs5__lag038,0.805643,0.150392,0.464285,0.49521032
d__dgs5_dgs5__lag033,0.805643,0.148508,0.466097,0.49515195
d__dgs3_dgs3__lag025,0.805643,0.14818,0.465828,0.49467047
q__bogz1fa713061103q_cb_tsy_tx__lag001,0.99373,0.083906,0.413658,0.49444424
d__dgs5_dgs5__lag043,0.805643,0.150576,0.462892,0.49423627
d__dgs5_dgs5__lag034,0.805643,0.145699,0.467642,0.49413399
d__dgs5_dgs5__lag087,0.805643,0.156573,0.456729,0.49410182
d__dgs5_dgs5__lag088,0.805643,0.156719,0.456326,0.49389515
q__bogz1fa403061105q_gses_ts_tx__lag001,0.99373,0.285863,0.211092,0.49383855
q__bogz1fl673061103q_abs_issuers_ts__lag005,0.99373,0.188809,0.307462,0.49315974
d__dgs3_dgs3__lag029,0.805643,0.147009,0.464632,0.49276357
d__dgs5_dgs5__lag086,0.805643,0.15563,0.455957,0.49272019
q__bogz1fl713068703q_fed_dw_a__lag006,0.990596,0.226873,0.27001,0.4922096
d__dgs5_dgs5__lag044,0.805643,0.148195,0.462212,0.49176974
q__bogz1fl712151003q_fed_repo__lag001,1.0,0.234689,0.256305,0.49099444
d__dgs5_dgs5__lag032,0.805643,0.145731,0.463616,0.49091549
d__dgs3_dgs3__lag028,0.805643,0.146757,0.462557,0.49088916
d__dgs3_dgs3__lag026,0.805643,0.145405,0.463725,0.49074116
d__dgs5_dgs5__lag023,0.805643,0.14581,0.462963,0.49045346
d__dgs3_dgs3__lag027,0.805643,0.145981,0.462751,0.49042071
d__dgs5_dgs5__lag018,0.805643,0.141391,0.467055,0.49018976
m__indpro_indpro__lag006,1.0,0.186959,0.302928,0.48988654
d__dgs3_dgs3__lag002,0.805643,0.149548,0.458518,0.4898837
d__dgs5_dgs5__lag030,0.805643,0.145034,0.462901,0.48977771
d__dgs3_dgs3__lag024,0.805643,0.144385,0.46318,0.48947974
q__bogz1fl673061103q_abs_issuers_ts__lag006,0.990596,0.154193,0.339867,0.48941313
d__dgs5_dgs5__lag056,0.805643,0.15231,0.454856,0.48915853
d__dgs5_dgs5__lag019,0.805643,0.142551,0.464595,0.48914267
q__bogz1fa673061103q_abs_issuers_ts_tx__lag004,0.984326,0.111758,0.385148,0.48911769
d__dgs5_dgs5__lag021,0.805643,0.139612,0.467282,0.48894018
d__dgs5_dgs5__lag057,0.805643,0.148854,0.457864,0.48879713
d__dgs5_dgs5__lag035,0.805643,0.142044,0.464577,0.4887195
d__dgs3_dgs3__lag018,0.805643,0.140363,0.466122,0.48861037
q__rowtsaq027s_row_tsy_tx__lag003,0.987461,0.217025,0.277513,0.48833747
q__bogz1fa403061105q_gses_ts_tx__lag004,0.984326,0.089909,0.405555,0.487698
d__dgs3_dgs3__lag021,0.805643,0.138097,0.466727,0.48727231
m__awotman_awotman__lag012,0.871473,0.149929,0.409188,0.48725581
d__dgs5_dgs5__lag016,0.805643,0.139184,0.465441,0.48711125
d__dgs5_dgs5__lag048,0.805643,0.148678,0.455916,0.48708697
d__dgs5_dgs5__lag031,0.805643,0.143552,0.460993,0.48704734
d__dgs3_dgs3__lag039,0.805643,0.1467,0.457587,0.48683933
d__dgs5_dgs5__lag045,0.805643,0.144219,0.460006,0.48678921
d__dgs5_dgs5__lag015,0.805643,0.142003,0.461949,0.48657015
d__dgs5_dgs5__lag022,0.805643,0.139422,0.464463,0.48651592
d__dgs3_dgs3__lag042,0.805643,0.147207,0.45617,0.48610635
d__dgs5_dgs5__lag085,0.805643,0.146905,0.456219,0.48590264
d__dgs3_dgs3__lag016,0.805643,0.13812,0.464986,0.48588779
d__dgs3_dgs3__lag003,0.805643,0.147271,0.45512,0.48531176
d__dgs3_dgs3__lag040,0.805643,0.14526,0.456888,0.48511557
d__dgs5_dgs5__lag046,0.805643,0.143733,0.458368,0.48507815
d__dgs3_dgs3__lag019,0.805643,0.138343,0.463352,0.48475109
d__dgs5_dgs5__lag002,0.805643,0.148321,0.453311,0.48470035
d__dgs3_dgs3__lag037,0.805643,0.140784,0.460542,0.48445393
d__dgs3_dgs3__lag023,0.805643,0.140346,0.460959,0.48443701
d__dgs3_dgs3__lag030,0.805643,0.140086,0.461174,0.48439998
d__dgs3_dgs3__lag020,0.805643,0.137772,0.463431,0.48435511
m__ipfinal_ipfinal__lag010,1.0,0.112076,0.372253,0.48432971
q__bogz1fl702050005q_usb_ffrrp__lag006,0.990596,0.200033,0.288872,0.48430772
d__dgs5_dgs5__lag020,0.805643,0.1378,0.46245,0.48358654
q__bogz1fl713068703q_fed_dw_a__lag007,0.987461,0.208874,0.280757,0.4834915
d__dgs3_dgs3__lag033,0.805643,0.139202,0.460833,0.48341353
d__dgs3_dgs3__lag034,0.805643,0.137832,0.462188,0.48340187
d__dgs5_dgs5__lag083,0.805643,0.144615,0.455371,0.48337432
d__dgs3_dgs3__lag015,0.805643,0.137884,0.461864,0.48318248
d__dgs3_dgs3__lag041,0.805643,0.143231,0.456404,0.48309192
q__bogz1fr403061105q_gses_ts_reval__lag005,0.981191,0.156208,0.335977,0.48292738
q__tgdef_net_gov_sav__lag003,0.984326,0.052008,0.43845,0.48277076
d__dgs5_dgs5__lag084,0.805643,0.143823,0.4553,0.48267889
d__dgs3_dgs3__lag017,0.805643,0.136005,0.46309,0.48265682
d__dgs5_dgs5__lag017,0.805643,0.1363,0.46271,0.48258784
d__dgs3_dgs3__lag022,0.805643,0.135677,0.462687,0.48206759
d__dgs5_dgs5__lag054,0.805643,0.144192,0.454169,0.48206497
d__dgs3_dgs3__lag001,0.805643,0.144704,0.453609,0.4820267
d__dgs3_dgs3__lag032,0.805643,0.138645,0.45917,0.481626
d__dgs5_dgs5__lag003,0.805643,0.147938,0.4496,0.48140235
q__bogz1fr263061145q_row_priv_tsy_reval__lag003,0.987461,0.221011,0.266345,0.48124554
q__bogz1fr573061133q_private_dc_pension_ts_reval__lag003,0.987461,0.249762,0.236925,0.48058422
d__dgs5_dgs5__lag014,0.805643,0.139774,0.456587,0.48045434
d__dgs5_dgs5__lag071,0.805643,0.140481,0.45566,0.48027652
d__dgs3_dgs3__lag031,0.805643,0.136798,0.458623,0.47969629
q__bogz1fr513061105q_pc_insurance_ts_reval__lag008,0.971787,0.21639,0.277093,0.47956022
d__dgs5_dgs5__lag055,0.805643,0.142957,0.452184,0.47947138
d__dgs3_dgs3__lag011,0.805643,0.136255,0.458772,0.47937943
d__dgs3_dgs3__lag004,0.805643,0.140432,0.454464,0.47927369
d__dgs5_dgs5__lag072,0.805643,0.139193,0.455621,0.47920786
d__dgs3_dgs3__lag038,0.805643,0.138063,0.456544,0.47904059
d__dgs3_dgs3__lag014,0.805643,0.135866,0.458391,0.47875843
q__bogz1fr543061175q_life_insurance_ts_reval__lag008,0.971787,0.171484,0.320974,0.47856409
d__dgs3_dgs3__lag008,0.805643,0.135801,0.4582,0.47855271
q__psave_psave__lag003,0.984326,0.03826,0.447906,0.47854579
d__dgs3_dgs3__lag036,0.805643,0.136008,0.457935,0.47850623
d__dgs5_dgs5__lag070,0.805643,0.140083,0.453729,0.47840067
d__dgs3_dgs3__lag043,0.805643,0.140169,0.45353,0.47830902
q__bogz1fa593061105q_pension_ts_tx__lag005,0.981191,0.238137,0.249318,0.47828652
q__bogz1fa213061103q_state_local_gov_ts_tx__lag007,0.974922,0.210308,0.280131,0.47813961
d__dgs3_dgs3__lag006,0.805643,0.137531,0.455863,0.4780635
d__dgs5_dgs5__lag069,0.805643,0.138332,0.454943,0.47796783
d__dgs5_dgs5__lag047,0.805643,0.140462,0.452802,0.47795874
d__dgs3_dgs3__lag035,0.805643,0.13343,0.459259,0.47749559
d__dgs5_dgs5__lag080,0.805643,0.142588,0.450077,0.47747595
d__dgs3_dgs3__lag005,0.805643,0.138256,0.454276,0.47736963
d__dgs3_dgs3__lag007,0.805643,0.136404,0.456026,0.47728675
d__dgs5_dgs5__lag013,0.805643,0.138175,0.454014,0.47709259
d__dgs3_dgs3__lag044,0.805643,0.138904,0.453079,0.47692626
d__dgs5_dgs5__lag011,0.805643,0.136899,0.454719,0.47663233
q__bogz1fl673061103q_abs_issuers_ts__lag007,0.987461,0.121578,0.360651,0.47618214
d__dgs3_dgs3__lag013,0.805643,0.133805,0.456748,0.47577526
d__dgs5_dgs5__lag081,0.805643,0.138202,0.452001,0.47549288
d__dgs5_dgs5__lag001,0.805643,0.142646,0.447444,0.47540189
d__dgs5_dgs5__lag082,0.805643,0.136935,0.453135,0.47538527
d__dgs3_dgs3__lag010,0.805643,0.131856,0.458067,0.47526706
d__dgs5_dgs5__lag049,0.805643,0.138325,0.450971,0.47476204
d__dgs5_dgs5__lag058,0.805643,0.13722,0.452015,0.47471241
q__bogz1fa403061105q_gses_ts_tx__lag002,0.990596,0.223433,0.255469,0.47439813
d__dgs5_dgs5__lag073,0.805643,0.133473,0.45518,0.474244
q__rowgseq027s_row_agency_flow__lag002,0.990596,0.101784,0.376912,0.47419435
q__bogz1fr543061175q_life_insurance_ts_reval__lag004,0.984326,0.112684,0.368654,0.47379397
d__dgs5_dgs5__lag005,0.805643,0.137306,0.450475,0.47354117
d__dgs5_dgs5__lag007,0.805643,0.135607,0.452046,0.47343834
d__dgs5_dgs5__lag004,0.805643,0.137951,0.448956,0.47283703
q__bogz1fl633061110q_mmf_bills_raw__lag001,1.0,0.129158,0.343657,0.47281512
q__bogz1fl633061110q_mmf_bills__lag001,1.0,0.129158,0.343657,0.47281512
d__dgs5_dgs5__lag008,0.805643,0.133497,0.453257,0.47271359
m__psavert_psavert__lag010,0.833856,0.089585,0.477062,0.4725024
d__dgs3_dgs3__lag045,0.805643,0.135708,0.450722,0.47245294
d__dgs5_dgs5__lag006,0.805643,0.1352,0.451181,0.47241359
d__dgs3_dgs3__lag012,0.805643,0.130666,0.455253,0.47204135
m__indpro_indpro__lag001,1.0,0.197539,0.274457,0.47199581
d__dgs5_dgs5__lag010,0.805643,0.131705,0.454139,0.47198028
d__dgs5_dgs5__lag075,0.805643,0.133576,0.452002,0.4717664
q__bogz1fr573061143q_private_db_pension_ts_reval__lag005,0.981191,0.155082,0.325605,0.47164615
d__dgs5_dgs5__lag077,0.805643,0.133801,0.451388,0.47145393
d__dgs5_dgs5__lag050,0.805643,0.137938,0.446779,0.47107293
d__dgs3_dgs3__lag046,0.805643,0.134772,0.449601,0.47079524
d__dgs3_dgs3__lag009,0.805643,0.128502,0.45575,0.47069887
d__dgs5_dgs5__lag012,0.805643,0.132434,0.451801,0.47068465
d__dgs5_dgs5__lag074,0.805643,0.132185,0.451573,0.47030047
d__dgs5_dgs5__lag068,0.805643,0.130649,0.452087,0.46947737
d__dgs3_dgs3__lag090,0.802508,0.135687,0.448795,0.46905145
d__dgs5_dgs5__lag065,0.805643,0.128677,0.453453,0.46898875
m__ipcongd_ipcongd__lag003,1.0,0.129965,0.338227,0.46819186
d__dgs10_dgs10__lag090,0.802508,0.154355,0.428448,0.46770429
d__dgs3_dgs3__lag048,0.805643,0.134131,0.445967,0.46735168
d__dgs5_dgs5__lag078,0.805643,0.131042,0.448749,0.46710514
q__cbi_cbi__lag005,0.978056,0.170024,0.307539,0.46708437
q__bogz1fr653061105q_mutual_funds_ts_reval__lag003,0.987461,0.22424,0.248028,0.46634657
d__dgs5_dgs5__lag051,0.805643,0.133015,0.445664,0.46620895
m__ipman_ipman__lag009,0.673981,0.284865,0.406464,0.46594269
d__dgs5_dgs5__lag076,0.805643,0.129324,0.4489,0.46584186
m__awotman_awotman__lag008,0.874608,0.198252,0.334049,0.46555505
d__dgs5_dgs5__lag079,0.805643,0.130086,0.446867,0.46481796
q__bogz1fa693061105q_nonmmf_ts_tx__lag003,0.987461,0.310425,0.159734,0.4642641
q__bogz1fa693061105q_nonmmmf_ts_tx__lag003,0.987461,0.310425,0.159734,0.4642641
m__ipdcongd_ipdcongd__lag002,0.99373,0.111314,0.355801,0.4641865
m__indpro_indpro__lag010,1.0,0.124696,0.339367,0.4640633
d__dgs3_dgs3__lag047,0.805643,0.130946,0.444856,0.46389016
d__dgs3_dgs3__lag057,0.805643,0.129682,0.445992,0.46378765
d__dgs3_dgs3__lag056,0.805643,0.132295,0.443298,0.46372238
q__bogz1fl673061103q_abs_issuers_ts__lag004,0.996865,0.215629,0.249534,0.46370558
d__dgs5_dgs5__lag067,0.805643,0.12585,0.449426,0.4634671
q__bogz1fr403061105q_gses_ts_reval__lag003,0.987461,0.258755,0.210557,0.46342667
d__dgs5_dgs5__lag059,0.805643,0.125705,0.449359,0.46329603
d__dgs10_dgs10__lag089,0.805643,0.150075,0.424223,0.46267888
m__tcu_tcu__lag007,0.736677,0.213829,0.414116,0.46259256
m__ipcongd_ipcongd__lag010,1.0,0.091195,0.37139,0.4625848
q__hnotsbq027s_hhnp_tsy_tx__lag001,0.99373,0.137749,0.327473,0.46230445
q__bogz1fr743061103q_usb_tsy_dom_reval__lag003,0.987461,0.229083,0.238901,0.46211534
d__dgs5_dgs5__lag060,0.805643,0.122473,0.450843,0.46188762
d__dgs3_dgs3__lag089,0.805643,0.129268,0.443268,0.46125949
d__dgs5_dgs5__lag053,0.805643,0.127937,0.444454,0.46114267
d__dgs5_dgs5__lag061,0.805643,0.121736,0.450654,0.46114167
q__bogz1fr793061105q_dom_fin_sector_tsy_reval__lag003,0.987461,0.227397,0.239504,0.4610466
d__dgs5_dgs5__lag064,0.805643,0.122189,0.449499,0.46057663
d__dgs5_dgs5__lag009,0.805643,0.122045,0.449412,0.46039069
d__dgs5_dgs5__lag052,0.805643,0.128693,0.442679,0.46032137
d__dgs5_dgs5__lag066,0.805643,0.121531,0.449563,0.46009801
d__dgs3_dgs3__lag049,0.805643,0.127508,0.44327,0.45984327
d__dgs5_dgs5__lag062,0.805643,0.120023,0.449142,0.45854354
d__dgs3_dgs3__lag054,0.805643,0.126772,0.442315,0.45848065
q__bogz1fr543061175q_life_insurance_ts_reval__lag005,0.981191,0.107587,0.359265,0.4580712
q__bogz1fr753061103q_usb_tsy_for_reval__lag002,0.990596,0.156514,0.30588,0.45804542
d__dgs3_dgs3__lag055,0.805643,0.126104,0.441848,0.45756575
q__bogz1fr713061113q_cb_bills_reval__lag002,0.990596,0.195247,0.266491,0.45739554
q__bogz1fa263061130q_row_gov_tsy_tx__lag001,0.99373,0.187727,0.272333,0.45717564
d__dgs3_dgs3__lag087,0.805643,0.12769,0.439686,0.45710275
d__dgs3_dgs3__lag058,0.805643,0.124221,0.44237,0.45646997
q__bogz1fa383061105q_dom_nonfin_sector_tsy_tx__lag008,0.971787,0.204124,0.265212,0.45609493
q__bogz1fr403061105q_gses_ts_reval__lag004,0.984326,0.161823,0.301419,0.45598096
d__dgs3_dgs3__lag086,0.805643,0.127489,0.438355,0.45586739
q__bogz1fl712151003q_fed_repo__lag002,1.0,0.186879,0.268869,0.45574811
m__ipbuseq_ipbuseq__lag005,0.990596,0.2284,0.231445,0.45552083
d__dgs3_dgs3__lag050,0.805643,0.125989,0.439158,0.45530623
d__dgs3_dgs3__lag088,0.805643,0.126156,0.438813,0.45516321
m__ipdcongd_ipdcongd__lag010,0.984326,0.111162,0.350868,0.45478834
d__dgs5_dgs5__lag063,0.805643,0.11607,0.447566,0.45408923
d__dgs3_dgs3__lag085,0.805643,0.122206,0.440385,0.45324764
q__bogz1fr263061145q_row_priv_tsy_reval__lag002,0.990596,0.214607,0.24273,0.45303584
m__ipmat_ipmat__lag009,1.0,0.211549,0.241275,0.45282391
m__psavert_psavert__lag011,0.833856,0.0304,0.512648,0.4528239
d__dgs10_dgs10__lag087,0.805643,0.143965,0.417944,0.45269795
q__bogz1fr263061105q_row_bills_reval__lag005,0.981191,0.12797,0.333141,0.45243823
q__bogz1fr263061105q_row_tsy_reval__lag005,0.981191,0.12797,0.333141,0.45243823
m__ipcongd_ipcongd__lag004,1.0,0.126753,0.325626,0.45237964
m__ipcongd_ipcongd__lag002,1.0,0.116703,0.335288,0.4519911
q__bogz1fr263061105q_row_bills_reval__lag002,0.990596,0.188628,0.267403,0.45174278
q__bogz1fr263061105q_row_tsy_reval__lag002,0.990596,0.188628,0.267403,0.45174278
d__dgs3_dgs3__lag083,0.805643,0.121568,0.438595,0.45129149
m__awhman_awhman__lag008,1.0,0.231228,0.219618,0.45084632
q__bogz1fr573061105q_private_pension_ts_reval__lag005,0.981191,0.142741,0.316654,0.45075498
q__bogz1fr693061105q_nonmmf_ts_reval__lag003,0.987461,0.215622,0.240792,0.45069151
q__bogz1fr693061105q_nonmmmf_ts_reval__lag003,0.987461,0.215622,0.240792,0.45069151
q__bogz1fr553061103q_closed_end_funds_ts_reval__lag003,0.987461,0.24026,0.21591,0.45045034
d__dgs3_dgs3__lag059,0.805643,0.117625,0.441356,0.45033892
m__umcsent_umcsent__lag006,0.915361,0.115773,0.375685,0.44986089
d__dgs3_dgs3__lag061,0.805643,0.115447,0.442703,0.44966944
d__dgs3_dgs3__lag060,0.805643,0.115377,0.442727,0.44963241
d__dgs7_dgs7__lag090,0.711599,0.173695,0.45794,0.44947079
q__rowcpaq027s_row_commercialpaper_flow__lag003,0.987461,0.154219,0.300955,0.44946643
m__awotman_awotman__lag007,0.874608,0.192056,0.321415,0.44908604
m__recprousm156n_recprob__lag010,0.730408,0.246798,0.367756,0.4488748
d__dgs3_dgs3__lag084,0.805643,0.118873,0.438284,0.44886965
d__dgs3_dgs3__lag072,0.805643,0.116839,0.440204,0.44877792
d__dgs10_dgs10__lag088,0.805643,0.141075,0.415962,0.44877303
q__bogz1fr343061113q_fed_gov_dcf_retirement_ts_reval__lag005,0.981191,0.138947,0.318375,0.44872041
d__dgs3_dgs3__lag051,0.805643,0.119986,0.43691,0.44865929
d__dgs3_dgs3__lag071,0.805643,0.116986,0.439524,0.4483482
m__awhman_awhman__lag007,1.0,0.22208,0.226108,0.44818828
m__tcu_tcu__lag005,0.739812,0.198853,0.406787,0.44806009
d__dgs3_dgs3__lag069,0.805643,0.116762,0.439332,0.44801318
q__bogz1fr663061165q_brokers_dealers_long_ts_reval__lag003,0.987461,0.217854,0.235722,0.44788789
q__bogz1fa653061105q_mutual_funds_ts_tx__lag001,0.99373,0.138263,0.312234,0.44767282
d__dgs3_dgs3__lag070,0.805643,0.117585,0.437761,0.4474104
d__dgs3_dgs3__lag053,0.805643,0.118675,0.436379,0.44717485
d__dgs3_dgs3__lag065,0.805643,0.114177,0.440834,0.4471402
q__bogz1fr713061103q_cb_tsy_reval__lag003,0.987461,0.215523,0.237256,0.44710204
m__mtsds133fms_fed_surplus_deficit__lag003,0.570533,0.272939,0.509492,0.44640254
m__mcumfn_caputil_man__lag008,0.673981,0.239851,0.422361,0.44631782
q__bogz1fr263061130q_row_gov_tsy_reval__lag005,0.981191,0.165248,0.289451,0.44614668
q__cbi_cbi__lag002,0.987461,0.186676,0.265082,0.44609379
d__dgs3_dgs3__lag075,0.805643,0.115415,0.438009,0.4458624
m__ipcongd_ipcongd__lag007,1.0,0.099161,0.346382,0.44554285
q__bogz1fr593061105q_pension_ts_reval__lag005,0.981191,0.136964,0.317059,0.44548312
d__dgs3_dgs3__lag080,0.805643,0.119132,0.433727,0.44540715
q__bogz1fa713061103q_cb_tsy_tx__lag007,0.974922,0.217735,0.238814,0.44510029
d__dgs3_dgs3__lag073,0.805643,0.112693,0.439488,0.44485993
m__awotman_awotman__lag011,0.871473,0.156264,0.354201,0.44485672
d__dgs10_dgs10__lag086,0.805643,0.137216,0.414791,0.44472036
d__dgs3_dgs3__lag064,0.805643,0.112119,0.439805,0.44465385
d__dgs3_dgs3__lag077,0.805643,0.115187,0.436684,0.44461124
d__dgs3_dgs3__lag052,0.805643,0.117334,0.434496,0.44457797
d__dgs3_dgs3__lag062,0.805643,0.111743,0.440043,0.44454297
d__dgs3_dgs3__lag081,0.805643,0.116698,0.43482,0.4443261
d__dgs3_dgs3__lag082,0.805643,0.114956,0.43646,0.44424475
d__dgs3_dgs3__lag074,0.805643,0.114043,0.436839,0.44381424
q__bogz1fl763123005q_tga_usb__lag001,1.0,0.236703,0.206886,0.4435894
d__dgs3_dgs3__lag078,0.805643,0.115139,0.435452,0.44357983
q__bogz1fa383061105q_dom_nonfin_sector_tsy_tx__lag001,0.99373,0.166782,0.279295,0.44327985
d__dgs1_dgs1__lag003,0.805643,0.11923,0.430643,0.44300094
q__bogz1fr713061113q_cb_bills_reval__lag003,0.987461,0.294759,0.153698,0.44283423
m__ipmat_ipmat__lag008,1.0,0.198498,0.244206,0.44270458
m__tcu_tcu__lag004,0.739812,0.225378,0.372941,0.44264361
d__dgs3_dgs3__lag068,0.805643,0.111411,0.437174,0.44196388
d__dgs1_dgs1__lag002,0.805643,0.117854,0.43047,0.44175323
m__ipbuseq_ipbuseq__lag006,0.990596,0.214714,0.231157,0.4416777
d__dgs7_dgs7__lag089,0.711599,0.167991,0.45257,0.44159034
d__dgs1_dgs1__lag004,0.805643,0.117907,0.429794,0.44125163
d__dgs3_dgs3__lag063,0.805643,0.109037,0.438411,0.44104774
d__dgs10_dgs10__lag042,0.805643,0.125605,0.421486,0.44076034
q__bogz1fa673061103q_abs_issuers_ts_tx__lag003,0.987461,0.015438,0.430508,0.44035412
q__bogz1fr343061105q_fed_gov_retirement_ts_reval__lag005,0.981191,0.137958,0.310778,0.44029627
m__umcsent_umcsent__lag009,0.912226,0.052662,0.429844,0.44015431
m__usalolitoaastsam_oecd_leading_indicator_us__lag010,0.884013,0.160159,0.337711,0.44012269
d__dgs10_dgs10__lag039,0.805643,0.126194,0.420033,0.44006384
d__dgs3_dgs3__lag076,0.805643,0.111483,0.434515,0.43987961
d__dgs1_dgs1__lag001,0.805643,0.116684,0.429022,0.43964403
d__dgs3_dgs3__lag067,0.805643,0.109178,0.435649,0.43893514
d__dgs10_dgs10__lag037,0.805643,0.121282,0.423352,0.43878028
d__dgs1_dgs1__lag005,0.805643,0.115981,0.428394,0.43857205
d__dgs10_dgs10__lag085,0.805643,0.129837,0.414355,0.43842473
d__dgs10_dgs10__lag040,0.805643,0.123853,0.419998,0.43814987
q__bogz1fl712051000q_fed_rrp__lag006,0.990596,0.051176,0.390894,0.43791289
q__bogz1fl673061103q_abs_issuers_ts__lag008,0.984326,0.077781,0.366934,0.43774509
d__dgs3_dgs3__lag066,0.805643,0.106666,0.436373,0.43749494
d__dgs10_dgs10__lag084,0.805643,0.127921,0.414994,0.43739555
m__umcsent_umcsent__lag005,0.918495,0.125596,0.350506,0.43729719
d__dgs3_dgs3__lag079,0.805643,0.110847,0.43172,0.43711517
d__dgs1_dgs1__lag006,0.805643,0.114414,0.428029,0.4370154
m__unrate_unrate__lag010,0.971787,0.031635,0.417974,0.43692458
m__usalolitoaastsam_oecd_leading_indicator_us__lag006,0.890282,0.226422,0.264197,0.43678967
q__bogz1fa543061175q_life_insurance_ts_tx__lag005,0.981191,0.060442,0.38459,0.4366614
d__dgs1_dgs1__lag007,0.805643,0.114034,0.427923,0.43662388
d__dgs1_dgs1__lag008,0.805643,0.113292,0.428117,0.43618247
d__dgs1_dgs1__lag010,0.805643,0.114164,0.427103,0.43606757
m__ipdcongd_ipdcongd__lag003,0.99373,0.117255,0.321518,0.43602263
m__tcu_tcu__lag006,0.739812,0.1926,0.396119,0.43554169
m__tcu_tcu__lag003,0.742947,0.217108,0.368722,0.43524035
m__tcu_tcu__lag002,0.742947,0.208011,0.377804,0.43522911
q__bogz1fr223061143q_state_local_db_retirement_ts_reval__lag002,0.990596,0.160046,0.279006,0.43492319
d__dgs10_dgs10__lag036,0.805643,0.118896,0.420802,0.43480389
m__ipman_ipman__lag002,0.680251,0.226218,0.412259,0.43432442
d__dgs1_dgs1__lag011,0.805643,0.11296,0.425997,0.43420703
q__ncbtsaq027s_nfcb_tsy_tx__lag004,0.984326,0.225787,0.215243,0.43411716
d__dgs10_dgs10__lag083,0.805643,0.124751,0.413677,0.43378031
q__rowtsaq027s_row_tsy_tx__lag005,0.981191,0.181429,0.260554,0.43366995
q__bogz1fr223061143q_state_local_db_retirement_ts_reval__lag005,0.981191,0.129223,0.312429,0.43334539
d__dgs10_dgs10__lag041,0.805643,0.120034,0.41785,0.43334241
d__dgs1_dgs1__lag009,0.805643,0.112147,0.425698,0.4333105
d__dgs1_dgs1__lag025,0.805643,0.113352,0.424483,0.43330264
d__dgs7_dgs7__lag087,0.711599,0.16127,0.44689,0.43276606
d__dgs1_dgs1__lag016,0.805643,0.11056,0.426473,0.43265699
d__dgs10_dgs10__lag033,0.805643,0.116981,0.419833,0.43248073
d__dgs1_dgs1__lag020,0.805643,0.111856,0.424866,0.43240564
d__dgs1_dgs1__lag024,0.805643,0.112919,0.423791,0.43239613
m__unrate_unrate__lag012,0.971787,0.02089,0.42393,0.43227042
d__dgs1_dgs1__lag021,0.805643,0.110536,0.425539,0.43188424
d__dgs7_dgs7__lag042,0.711599,0.153371,0.45312,0.43157815
d__dgs1_dgs1__lag023,0.805643,0.112422,0.4232,0.43152031
d__dgs7_dgs7__lag088,0.711599,0.161028,0.445284,0.43145132
d__dgs1_dgs1__lag015,0.805643,0.109714,0.425536,0.43121986
d__dgs1_dgs1__lag018,0.805643,0.109893,0.425315,0.43118655
m__ipmat_ipmat__lag007,1.0,0.18911,0.242014,0.43112405
d__dgs7_dgs7__lag039,0.711599,0.153987,0.451506,0.43086768
q__bogz1fr693061105q_nonmmf_ts_reval__lag002,0.990596,0.163995,0.270838,0.43074358
q__bogz1fr693061105q_nonmmmf_ts_reval__lag002,0.990596,0.163995,0.270838,0.43074358
q__bogz1fr343061165q_fed_gov_db_retirement_ts_reval__lag003,0.987461,0.210288,0.225623,0.43044523
m__awotman_awotman__lag005,0.877743,0.21051,0.279556,0.43015157
d__dgs7_dgs7__lag037,0.711599,0.148951,0.455509,0.43013302
d__dgs1_dgs1__lag022,0.805643,0.110638,0.423252,0.43012425
q__rowcbaq027s_row_corpbonds_flow__lag003,0.987461,0.211543,0.223939,0.43002159
d__dgs7_dgs7__lag086,0.711599,0.158565,0.445657,0.42996377
d__dgs7_dgs7__lag040,0.711599,0.15225,0.451739,0.42979788
d__dgs1_dgs1__lag027,0.805643,0.110484,0.422107,0.42907816
d__dgs1_dgs1__lag013,0.805643,0.108651,0.423889,0.42903711
d__dgs1_dgs1__lag014,0.805643,0.108203,0.424116,0.42885911
d__dgs1_dgs1__lag019,0.805643,0.107936,0.423601,0.42822875
d__dgs1_dgs1__lag012,0.805643,0.108739,0.422792,0.42822415
d__dgs1_dgs1__lag017,0.805643,0.107297,0.423822,0.42789236
m__fedfunds_fed_funds__lag001,0.899687,0.089039,0.386527,0.42786033
m__ipbuseq_ipbuseq__lag007,0.987461,0.210493,0.222681,0.42774204
d__dgs10_dgs10__lag038,0.805643,0.11385,0.417046,0.42771235
d__dgs1_dgs1__lag028,0.805643,0.108718,0.422144,0.42768545
d__dgs1_dgs1__lag026,0.805643,0.109089,0.421757,0.42767238
m__manemp_manemp__lag001,1.0,0.092965,0.334695,0.42766062
m__ipdcongd_ipdcongd__lag007,0.987461,0.112131,0.320284,0.42699339
d__dgs10_dgs10__lag034,0.805643,0.110148,0.419815,0.42696078
q__bogz1lm403061105q_gses_ts__lag002,1.0,0.074066,0.352496,0.42656231
q__bogz1lm403061105q_gse_tsy__lag002,1.0,0.074066,0.352496,0.42656231
d__dgs10_dgs10__lag082,0.805643,0.117268,0.412196,0.42655849
d__dgs7_dgs7__lag041,0.711599,0.148796,0.450568,0.42650653
q__bogz1fa653061105q_mutual_funds_ts_tx__lag003,0.987461,0.297933,0.133941,0.4264594
q__bogz1fr563061103q_etfs_ts_reval__lag002,0.990596,0.167419,0.262897,0.42626913
q__bogz1fa543461113q_li_bills_tx__lag008,0.971787,0.197443,0.241013,0.42608635
d__dgs10_dgs10__lag080,0.805643,0.120011,0.40866,0.42591981
d__dgs1_dgs1__lag029,0.805643,0.10694,0.421729,0.42591763
d__dgs10_dgs10__lag081,0.805643,0.116638,0.411825,0.4257524
q__bogz1fl704135005q_usb_loan_l__lag005,0.99373,0.286089,0.14179,0.42519627
m__usgood_usgood__lag001,1.0,0.066222,0.358956,0.42517889
q__bogz1fa343061113q_fed_gov_dcf_retirement_ts_tx__lag008,0.971787,0.169963,0.267077,0.42470961
q__bogz1fa343061165q_fed_gov_db_retirement_ts_tx__lag006,0.978056,0.245935,0.187496,0.42391923
d__dgs7_dgs7__lag085,0.711599,0.149402,0.445338,0.42321614
q__bogz1fr743061103q_usb_tsy_dom_reval__lag004,0.984326,0.131117,0.298773,0.42315216
q__bogz1fl704141005q_usb_stloan_l__lag005,0.99373,0.285376,0.14022,0.4229281
d__dgs7_dgs7__lag036,0.711599,0.142133,0.451496,0.4224253
q__bogz1fl704135005q_usb_loan_l__lag001,1.0,0.15593,0.266376,0.42230574
d__dgs10_dgs10__lag032,0.805643,0.109432,0.414541,0.42213575
d__dgs10_dgs10__lag071,0.805643,0.11295,0.410821,0.4219723
d__dgs10_dgs10__lag070,0.805643,0.114229,0.40949,0.42193064
d__dgs10_dgs10__lag025,0.805643,0.112022,0.41161,0.42186071
d__dgs1_dgs1__lag030,0.805643,0.103977,0.419499,0.42173453
d__dgs7_dgs7__lag083,0.711599,0.147294,0.445261,0.4216612
d__dgs7_dgs7__lag057,0.711599,0.146812,0.445564,0.42153389
d__dgs10_dgs10__lag043,0.805643,0.107647,0.415456,0.42143384
d__dgs10_dgs10__lag035,0.805643,0.107465,0.415566,0.42137541
d__dgs7_dgs7__lag084,0.711599,0.146868,0.445142,0.42127362
d__dgs10_dgs10__lag026,0.805643,0.111562,0.411291,0.42123266
d__dgs7_dgs7__lag033,0.711599,0.141549,0.450243,0.42111789
m__psavert_psavert__lag012,0.833856,0.033019,0.472,0.42111317
d__dgs10_dgs10__lag056,0.805643,0.114024,0.408443,0.42092153
d__dgs7_dgs7__lag038,0.711599,0.142112,0.449398,0.42091733
q__bogz1fr593061105q_pension_ts_reval__lag002,0.990596,0.154018,0.270797,0.42081967
d__dgs7_dgs7__lag056,0.711599,0.148705,0.442627,0.42079094
q__bogz1fl704141005q_usb_stloan_l__lag001,1.0,0.158259,0.262494,0.42075315
m__ipcongd_ipcongd__lag011,1.0,0.093219,0.327242,0.42046101
q__bogz1fr743061103q_usb_tsy_dom_reval__lag002,0.990596,0.144823,0.279414,0.42024648
q__bogz1fr653061105q_mutual_funds_ts_reval__lag002,0.990596,0.158728,0.265445,0.4201833
d__dgs10_dgs10__lag057,0.805643,0.110464,0.410638,0.41982206
q__bogz1fa343061165q_fed_gov_db_retirement_ts_tx__lag002,0.990596,0.237418,0.186251,0.41968526
m__ipman_ipman__lag008,0.673981,0.236051,0.386468,0.4195656
q__bogz1fr793061105q_dom_fin_sector_tsy_reval__lag002,0.990596,0.160814,0.262578,0.41941024
d__dgs7_dgs7__lag034,0.711599,0.137767,0.451615,0.4194031
d__dgs7_dgs7__lag043,0.711599,0.140408,0.448906,0.41935544
q__bogz1fa673061103q_abs_issuers_ts_tx__lag005,0.981191,0.196731,0.230582,0.41927565
m__ipmat_ipmat__lag002,1.0,0.191445,0.227799,0.4192437
d__dgs10_dgs10__lag072,0.805643,0.110107,0.409999,0.41901936
q__tgdef_net_gov_sav__lag004,0.981191,0.039432,0.387542,0.41894298
q__bogz1fr793061105q_dom_fin_sector_tsy_reval__lag004,0.984326,0.12367,0.301718,0.41872048
d__dgs10_dgs10__lag024,0.805643,0.109602,0.409913,0.41854354
q__bogz1fr713061103q_cb_tsy_reval__lag004,0.984326,0.125601,0.299604,0.41854024
d__dgs1_dgs1__lag031,0.805643,0.10177,0.417498,0.41834492
m__ipmat_ipmat__lag003,1.0,0.194537,0.223793,0.4183292
d__dgs10_dgs10__lag069,0.805643,0.109426,0.409393,0.41798332
d__dgs10_dgs10__lag002,0.805643,0.118523,0.400015,0.41775594
d__dgs10_dgs10__lag029,0.805643,0.107577,0.41092,0.41772292
d__dgs7_dgs7__lag025,0.711599,0.140236,0.446521,0.41753496
m__usgood_usgood__lag002,1.0,0.054399,0.362888,0.41728692
q__bogz1fr563061103q_etfs_ts_reval__lag007,0.974922,0.181324,0.246448,0.41704386
d__dgs10_dgs10__lag015,0.805643,0.107691,0.409866,0.4169654
d__dgs7_dgs7__lag026,0.711599,0.140189,0.445725,0.41693567
d__dgs1_dgs1__lag039,0.805643,0.1027,0.414785,0.41690808
d__dgs10_dgs10__lag027,0.805643,0.109266,0.408118,0.41682601
d__dgs1_dgs1__lag034,0.805643,0.100179,0.417187,0.41681256
q__bogz1fa663061165q_brokers_dealers_long_ts_tx__lag008,0.971787,0.232382,0.196356,0.41664267
q__bogz1fl704135005q_usb_loan_l__lag007,0.987461,0.230421,0.191501,0.41663147
m__ipcongd_ipcongd__lag012,1.0,0.051596,0.364899,0.41649535
d__dgs10_dgs10__lag031,0.805643,0.107105,0.409829,0.41646402
d__dgs1_dgs1__lag032,0.805643,0.100133,0.416769,0.41643788
d__dgs10_dgs10__lag073,0.805643,0.105314,0.411454,0.41633008
m__ipman_ipman__lag003,0.680251,0.220437,0.39157,0.41631823
d__dgs1_dgs1__lag041,0.805643,0.102424,0.414254,0.41625768
d__dgs1_dgs1__lag033,0.805643,0.099987,0.416528,0.41612665
d__dgs1_dgs1__lag042,0.805643,0.102352,0.413784,0.41582084
d__dgs10_dgs10__lag014,0.805643,0.108486,0.407614,0.415792
q__bogz1fr573061133q_private_dc_pension_ts_reval__lag005,0.981191,0.123684,0.299965,0.41568064
q__bogz1fa313161105q_tsy_net_tx__lag001,0.99373,0.150314,0.267987,0.4156776
d__dgs1_dgs1__lag038,0.805643,0.100396,0.415183,0.41537176
d__dgs10_dgs10__lag030,0.805643,0.105599,0.409919,0.41532337
d__dgs1_dgs1__lag037,0.805643,0.099514,0.415949,0.41527882
d__dgs10_dgs10__lag023,0.805643,0.105087,0.410133,0.41508298
m__fedfunds_fed_funds__lag002,0.899687,0.083319,0.377985,0.4150297
m__manemp_manemp__lag002,1.0,0.078381,0.336477,0.41485765
d__dgs1_dgs1__lag035,0.805643,0.098794,0.416036,0.4147692
q__bogz1fa743061103q_usb_tsy_dom_tx__lag003,0.987461,0.222173,0.197596,0.41450553
d__dgs7_dgs7__lag044,0.711599,0.135231,0.447249,0.41449211
d__dgs1_dgs1__lag040,0.805643,0.101204,0.413258,0.4144727
q__bogz1fr473061105q_credit_unions_ts_reval__lag004,0.984326,0.132981,0.287956,0.41433877
d__dgs7_dgs7__lag029,0.711599,0.137735,0.444419,0.41426019
d__dgs7_dgs7__lag080,0.711599,0.142723,0.439329,0.41418743
d__dgs7_dgs7__lag048,0.711599,0.139487,0.442292,0.4139932
d__dgs7_dgs7__lag035,0.711599,0.13387,0.447792,0.41390968
q__bogz1fr473061105q_credit_unions_ts_reval__lag003,0.987461,0.201973,0.217113,0.41383053
d__dgs7_dgs7__lag027,0.711599,0.138319,0.443225,0.41382582
d__dgs7_dgs7__lag071,0.711599,0.13878,0.44275,0.41381622
m__usalolitoaastsam_oecd_leading_indicator_us__lag012,0.884013,0.104748,0.363264,0.41372781
d__dgs10_dgs10__lag013,0.805643,0.108487,0.405001,0.41368789
d__dgs7_dgs7__lag082,0.711599,0.138366,0.442716,0.4134974
d__dgs7_dgs7__lag072,0.711599,0.137897,0.443154,0.41347496
d__dgs7_dgs7__lag024,0.711599,0.137054,0.443974,0.41345944
d__dgs10_dgs10__lag028,0.805643,0.107462,0.405501,0.41326437
d__dgs7_dgs7__lag081,0.711599,0.138944,0.441793,0.41325156
q__bogz1fl704141005q_usb_stloan_l__lag007,0.987461,0.229921,0.188522,0.41319627
d__dgs1_dgs1__lag043,0.805643,0.09984,0.412988,0.41315662
d__dgs1_dgs1__lag036,0.805643,0.098116,0.414697,0.41314451
d__dgs10_dgs10__lag003,0.805643,0.116333,0.396264,0.41297029
d__dgs10_dgs10__lag044,0.805643,0.100394,0.41204,0.41283867
d__dgs7_dgs7__lag032,0.711599,0.134825,0.445171,0.41272478
d__dgs7_dgs7__lag070,0.711599,0.138458,0.441327,0.41257406
d__dgs7_dgs7__lag054,0.711599,0.138447,0.441185,0.41246494
d__dgs10_dgs10__lag077,0.805643,0.103674,0.408094,0.41230199
q__bogz1fr763061100q_usb_tsy_oth_reval__lag004,0.984326,0.140488,0.27825,0.41217515
q__bogz1fr763061100q_usb_tsy_oth_reval__lag003,0.987461,0.175315,0.241874,0.41195801
d__dgs1_dgs1__lag044,0.805643,0.098651,0.412643,0.41191988
d__dgs10_dgs10__lag018,0.805643,0.098241,0.412568,0.41152945
q__bogz1fl633061110q_mmf_bills_raw__lag002,1.0,0.080642,0.3308,0.41144249
q__bogz1fl633061110q_mmf_bills__lag002,1.0,0.080642,0.3308,0.41144249
q__bogz1fl673061103q_abs_issuers_ts__lag003,1.0,0.22867,0.182717,0.4113866
d__dgs7_dgs7__lag028,0.711599,0.137377,0.440566,0.41126294
d__dgs10_dgs10__lag075,0.805643,0.102567,0.407598,0.41101067
d__dgs10_dgs10__lag079,0.805643,0.105757,0.404355,0.4109681
d__dgs7_dgs7__lag045,0.711599,0.131609,0.445515,0.41068043
d__dgs1_dgs1__lag045,0.805643,0.097952,0.411784,0.41066442
d__dgs7_dgs7__lag069,0.711599,0.135015,0.441865,0.41050694
d__dgs7_dgs7__lag055,0.711599,0.137918,0.438897,0.4104611
d__dgs10_dgs10__lag068,0.805643,0.103088,0.406376,0.41044577
d__dgs7_dgs7__lag018,0.711599,0.128797,0.44777,0.41028446
m__usalolitoaastsam_oecd_leading_indicator_us__lag004,0.890282,0.231518,0.229124,0.41010169
q__bogz1fl702150005q_usb_ffrepo__lag001,1.0,0.328483,0.081521,0.41000404
d__dgs7_dgs7__lag030,0.711599,0.133109,0.442993,0.40995324
d__dgs7_dgs7__lag023,0.711599,0.13275,0.443295,0.40991289
d__dgs10_dgs10__lag011,0.805643,0.103887,0.404733,0.4097659
d__dgs7_dgs7__lag073,0.711599,0.131755,0.443961,0.40967837
d__dgs10_dgs10__lag074,0.805643,0.100731,0.407706,0.40961886
d__dgs7_dgs7__lag031,0.711599,0.133524,0.442087,0.40960412
d__dgs10_dgs10__lag078,0.805643,0.102415,0.405881,0.40950537
d__dgs1_dgs1__lag046,0.805643,0.096866,0.411425,0.4095008
m__mcumfn_caputil_man__lag002,0.680251,0.207387,0.393893,0.40902121
q__bogz1fa713061113q_cb_bills_tx__lag005,0.981191,0.083131,0.333618,0.40891069
d__dgs7_dgs7__lag015,0.711599,0.132037,0.442488,0.40883153
d__dgs7_dgs7__lag019,0.711599,0.129829,0.444527,0.40871101
d__dgs7_dgs7__lag046,0.711599,0.131147,0.443208,0.40871067
d__dgs10_dgs10__lag019,0.805643,0.098551,0.408736,0.40869161
m__manemp_manemp__lag003,1.0,0.069823,0.338781,0.4086044
d__dgs10_dgs10__lag054,0.805643,0.101876,0.404965,0.40833321
d__dgs10_dgs10__lag055,0.805643,0.103255,0.403373,0.40816102
d__dgs10_dgs10__lag021,0.805643,0.094542,0.412084,0.40815954
m__ipmat_ipmat__lag004,1.0,0.195153,0.21299,0.40814271
d__dgs10_dgs10__lag048,0.805643,0.100258,0.406301,0.40810507
d__dgs10_dgs10__lag076,0.805643,0.099734,0.405791,0.40727268
d__dgs7_dgs7__lag021,0.711599,0.12497,0.447212,0.40716371
d__dgs7_dgs7__lag058,0.711599,0.132932,0.439117,0.40706872
q__bogz1fr573061143q_private_db_pension_ts_reval__lag002,0.990596,0.14479,0.265929,0.40685647
d__dgs10_dgs10__lag045,0.805643,0.094397,0.409967,0.40633683
d__dgs10_dgs10__lag005,0.805643,0.106175,0.398072,0.40624265
d__dgs10_dgs10__lag022,0.805643,0.094209,0.409976,0.40619328
d__dgs10_dgs10__lag016,0.805643,0.094517,0.40957,0.40611353
m__ipmat_ipmat__lag005,1.0,0.191008,0.215099,0.40610684
d__dgs7_dgs7__lag075,0.711599,0.130435,0.440107,0.40599706
m__tcu_tcu__lag010,0.733542,0.136327,0.417105,0.40596645
d__dgs7_dgs7__lag022,0.711599,0.125356,0.445033,0.40588775
q__bogz1fa713061113q_cb_bills_tx__lag003,0.987461,0.137094,0.273855,0.40579644
q__bogz1fr573061105q_private_pension_ts_reval__lag002,0.990596,0.148308,0.261327,0.40578243
q__bogz1fl704135005q_usb_loan_l__lag008,0.984326,0.211464,0.200705,0.40570844
d__dgs7_dgs7__lag074,0.711599,0.129458,0.440423,0.40552677
m__mcumfn_caputil_man__lag007,0.673981,0.198589,0.403027,0.40547782
d__dgs7_dgs7__lag077,0.711599,0.130191,0.439595,0.40545896
d__dgs7_dgs7__lag016,0.711599,0.124987,0.444777,0.40544338
d__dgs10_dgs10__lag001,0.805643,0.109188,0.394059,0.40543735
d__dgs7_dgs7__lag002,0.711599,0.138406,0.430946,0.40514978
q__bogz1fr473061105q_credit_unions_ts_reval__lag002,0.990596,0.150949,0.258037,0.40513907
d__dgs7_dgs7__lag014,0.711599,0.131104,0.438199,0.40511539
d__dgs10_dgs10__lag058,0.805643,0.097757,0.404831,0.40490679
q__bogz1lm543061115q_li_bills__lag001,1.0,0.107127,0.297679,0.40480588
q__psave_psave__lag004,0.981191,0.032809,0.379505,0.40455802
m__ipman_ipman__lag004,0.677116,0.219102,0.378139,0.40440084
q__bogz1fa653061113q_mutf_bills_tx__lag004,0.984326,0.079336,0.331446,0.40434267
d__dgs10_dgs10__lag004,0.805643,0.105768,0.396045,0.4042818
d__dgs10_dgs10__lag065,0.805643,0.095052,0.406572,0.40412993
d__dgs10_dgs10__lag006,0.805643,0.103376,0.398092,0.40400361
d__dgs10_dgs10__lag067,0.805643,0.097588,0.403662,0.40382784
q__bogz1fl712151003q_fed_repo__lag003,1.0,0.148217,0.25561,0.40382693
d__dgs10_dgs10__lag012,0.805643,0.099999,0.401182,0.40377281
d__dgs1_dgs1__lag047,0.805643,0.093326,0.407343,0.40335969
q__bogz1fa673061103q_abs_issuers_ts_tx__lag001,0.99373,0.12062,0.285245,0.40332009
d__dgs10_dgs10__lag046,0.805643,0.09339,0.407225,0.40331684
q__rowmslq027s_row_muni_flow__lag007,0.974922,0.174267,0.239371,0.40326477
d__dgs7_dgs7__lag013,0.711599,0.130877,0.435794,0.40324206
d__dgs1_dgs1__lag048,0.805643,0.093201,0.407255,0.4031883
q__bogz1fl702150005q_usb_ffrepo__lag005,0.99373,0.274087,0.13162,0.40316288
d__dgs10_dgs10__lag007,0.805643,0.102659,0.397735,0.40313856
d__dgs7_dgs7__lag068,0.711599,0.12759,0.4389,0.40311336
d__dgs7_dgs7__lag047,0.711599,0.128449,0.438023,0.40310093
d__dgs10_dgs10__lag008,0.805643,0.100143,0.400096,0.40301391
d__dgs7_dgs7__lag020,0.711599,0.123667,0.442495,0.40288042
d__dgs10_dgs10__lag020,0.805643,0.092737,0.406985,0.40259757
q__bogz1fl713068703q_fed_dw_a__lag005,0.99373,0.141495,0.263641,0.40259578
d__dgs7_dgs7__lag078,0.711599,0.127993,0.437445,0.40236472
d__dgs7_dgs7__lag079,0.711599,0.129364,0.43593,0.4022623
q__bogz1fa513061105q_pc_insurance_ts_tx__lag007,0.974922,0.200116,0.212291,0.40206471
m__usgood_usgood__lag003,1.0,0.043647,0.358286,0.40193307
m__ipcongd_ipcongd__lag005,1.0,0.064676,0.337025,0.40170148
q__bogz1fl702050005q_usb_ffrrp__lag005,0.99373,0.151456,0.252771,0.40169245
q__bogz1fr103061103q_nfcb_tsy_reval__lag003,0.987461,0.213753,0.192926,0.40157999
d__dgs10_dgs10__lag017,0.805643,0.091401,0.407051,0.40157446
d__dgs7_dgs7__lag011,0.711599,0.128151,0.436137,0.40154665
d__dgs7_dgs7__lag076,0.711599,0.126365,0.437553,0.40128382
q__bogz1fl704141005q_usb_stloan_l__lag008,0.984326,0.210518,0.197025,0.40115598
d__dgs7_dgs7__lag065,0.711599,0.123407,0.440102,0.40099211
d__dgs1_dgs1__lag050,0.805643,0.092448,0.405127,0.40086785
d__dgs1_dgs1__lag049,0.805643,0.090786,0.406748,0.4008341
d__dgs10_dgs10__lag010,0.805643,0.095188,0.402128,0.40065931
d__dgs7_dgs7__lag003,0.711599,0.136338,0.426696,0.40065414
d__dgs7_dgs7__lag017,0.711599,0.120876,0.441828,0.4004199
q__bogz1fr713061103q_cb_tsy_reval__lag002,0.990596,0.157542,0.246506,0.40024873
q__bogz1fr733061103q_holding_companies_ts_reval__lag004,0.984326,0.134276,0.272332,0.40023451
m__usalolitoaastsam_oecd_leading_indicator_us__lag005,0.890282,0.225863,0.223648,0.40019109
d__dgs7_dgs7__lag049,0.711599,0.126183,0.43595,0.40001291
d__dgs10_dgs10__lag066,0.805643,0.091339,0.404959,0.39983854
m__mcumfn_caputil_man__lag003,0.680251,0.20793,0.37957,0.39964727
q__rowtsaq027s_row_tsy_tx__lag001,0.99373,0.207269,0.194811,0.39955948
q__bogz1fl753061103q_usb_tsy_for__lag003,1.0,0.109992,0.289453,0.39944472
q__bogz1fr213061103q_state_local_gov_ts_reval__lag003,0.987461,0.182144,0.221775,0.398854
m__unrate_unrate__lag011,0.971787,0.000787,0.409167,0.39838813
q__bogz1fr573061133q_private_dc_pension_ts_reval__lag002,0.990596,0.151066,0.250996,0.39828141
m__awotman_awotman__lag006,0.877743,0.185859,0.267701,0.39810874
q__bogz1fr753061103q_usb_tsy_for_reval__lag007,0.974922,0.151755,0.256062,0.39758938
d__dgs7_dgs7__lag067,0.711599,0.122164,0.436069,0.39723819
q__bogz1fa263061110q_row_bills_tx__lag002,0.990596,0.222574,0.17832,0.3971237
q__bogz1fr563061103q_etfs_ts_reval__lag004,0.984326,0.117895,0.284472,0.39606063
d__dgs7_dgs7__lag012,0.711599,0.123486,0.433025,0.39601299
d__dgs7_dgs7__lag050,0.711599,0.125347,0.431106,0.39597116
q__bogz1fr753061103q_usb_tsy_for_reval__lag004,0.984326,0.114527,0.287696,0.39591876
d__dgs1_dgs1__lag056,0.805643,0.089225,0.402102,0.39583417
d__dgs1_dgs1__lag052,0.805643,0.088442,0.402664,0.39565534
d__dgs1_dgs1__lag054,0.805643,0.088287,0.402804,0.39564333
d__dgs1_dgs1__lag051,0.805643,0.088563,0.402397,0.39553806
q__bogz1fa673061103q_abs_issuers_ts_tx__lag002,0.990596,0.110273,0.289001,0.3955194
d__dgs1_dgs1__lag055,0.805643,0.08835,0.402561,0.39549889
d__dgs7_dgs7__lag001,0.711599,0.130957,0.424789,0.39546857
d__dgs7_dgs7__lag004,0.711599,0.127957,0.427715,0.39541601
d__dgs10_dgs10__lag047,0.805643,0.088934,0.401453,0.39507633
d__dgs1_dgs1__lag053,0.805643,0.087844,0.402318,0.39489548
d__dgs7_dgs7__lag051,0.711599,0.123846,0.430999,0.39482685
d__dgs7_dgs7__lag005,0.711599,0.126108,0.428711,0.39480859
d__dgs7_dgs7__lag066,0.711599,0.117439,0.437335,0.39477593
d__dgs7_dgs7__lag008,0.711599,0.122026,0.432505,0.39460325
d__dgs7_dgs7__lag010,0.711599,0.120247,0.434264,0.39458899
d__dgs1_dgs1__lag057,0.805643,0.086769,0.402918,0.39451273
q__bogz1fr103061103q_nfcb_tsy_reval__lag004,0.984326,0.13039,0.270264,0.39437442
q__bogz1fr263061105q_row_bills_reval__lag004,0.984326,0.096987,0.30362,0.39432741
q__bogz1fr263061105q_row_tsy_reval__lag004,0.984326,0.096987,0.30362,0.39432741
d__dgs7_dgs7__lag006,0.711599,0.12416,0.429881,0.39425456
d__dgs7_dgs7__lag007,0.711599,0.124127,0.429617,0.39404374
d__dgs7_dgs7__lag064,0.711599,0.117471,0.435973,0.39382953
q__bogz1fr343061113q_fed_gov_dcf_retirement_ts_reval__lag002,0.990596,0.155901,0.241425,0.39358989
m__baaffm_baaff__lag002,0.899687,0.118226,0.319036,0.39339799
q__bogz1fl713068703q_fed_dw_a__lag008,0.984326,0.137961,0.26169,0.39338654
m__mcumfn_caputil_man__lag004,0.677116,0.206149,0.374228,0.39298247
q__bogz1fr343061105q_fed_gov_retirement_ts_reval__lag002,0.990596,0.158235,0.237858,0.39236816
d__dgs7_dgs7__lag060,0.711599,0.115594,0.435761,0.39234349
q__bogz1fl313024000q_tres_oper_cash__lag003,1.0,0.030586,0.361605,0.39219139
m__awhman_awhman__lag012,1.0,0.123519,0.268589,0.39210835
m__uempmean_uempmean__lag009,0.974922,0.270042,0.132,0.39195995
q__bogz1fr693061105q_nonmmf_ts_reval__lag004,0.984326,0.114926,0.283252,0.39193697
q__bogz1fr693061105q_nonmmmf_ts_reval__lag004,0.984326,0.114926,0.283252,0.39193697
d__dgs10_dgs10__lag064,0.805643,0.085221,0.400572,0.39137537
d__dgs7_dgs7__lag059,0.711599,0.116447,0.433235,0.39115348
m__ipmat_ipmat__lag006,1.0,0.186704,0.204425,0.39112921
q__bogz1fr693061105q_nonmmf_ts_reval__lag007,0.974922,0.160893,0.239999,0.3908378
q__bogz1fr693061105q_nonmmmf_ts_reval__lag007,0.974922,0.160893,0.239999,0.3908378
d__dgs7_dgs7__lag061,0.711599,0.113941,0.435264,0.39081348
d__dgs10_dgs10__lag049,0.805643,0.086313,0.39873,0.39077084
q__bogz1fa513061113q_pci_bills_tx__lag007,0.974922,0.182078,0.218563,0.39059312
d__dgs20_dgs20__lag090,0.802508,0.116672,0.369608,0.39024366
q__bogz1fl633061105q_mmf_tsy_raw__lag001,1.0,0.085901,0.304221,0.39012273
q__bogz1fl633061105q_money_market_funds_ts__lag001,1.0,0.085901,0.304221,0.39012273
d__dgs1_dgs1__lag059,0.805643,0.083011,0.401209,0.39010831
d__dgs7_dgs7__lag062,0.711599,0.113157,0.434742,0.38988431
m__ipman_ipman__lag007,0.673981,0.19634,0.382136,0.38988186
d__dgs7_dgs7__lag053,0.711599,0.118658,0.429229,0.38987565
d__dgs10_dgs10__lag009,0.805643,0.086967,0.396685,0.38965065
q__bogz1fa553061103q_closed_end_funds_ts_tx__lag008,0.971787,0.231582,0.169231,0.38950502
d__dgs1_dgs1__lag058,0.805643,0.082952,0.400246,0.38928418
d__dgs7_dgs7__lag052,0.711599,0.119012,0.427847,0.38914362
m__ipncongd_ipncongd__lag012,0.984326,0.125253,0.269967,0.38902553
d__dgs10_dgs10__lag050,0.805643,0.088066,0.394641,0.38888946
q__bogz1fa693061105q_nonmmf_ts_tx__lag001,0.99373,0.115149,0.276149,0.38884412
q__bogz1fa693061105q_nonmmmf_ts_tx__lag001,0.99373,0.115149,0.276149,0.38884412
d__dgs1_dgs1__lag060,0.805643,0.081826,0.400569,0.38863788
q__bogz1fa653061105q_mutual_funds_ts_tx__lag005,0.981191,0.15666,0.239227,0.38844026
d__dgs10_dgs10__lag062,0.805643,0.082323,0.399598,0.38825581
d__dgs10_dgs10__lag060,0.805643,0.081794,0.400053,0.38819681
m__uempmean_uempmean__lag006,0.978056,0.197676,0.199002,0.38797287
m__awotman_awotman__lag010,0.871473,0.106585,0.338506,0.38788444
d__dgs10_dgs10__lag061,0.805643,0.08098,0.399694,0.38725139
m__ipman_ipman__lag001,0.680251,0.238433,0.330632,0.38710672
d__dgs20_dgs20__lag089,0.805643,0.113249,0.366242,0.38629819
q__bogz1fr103061103q_nfcb_tsy_reval__lag005,0.981191,0.116008,0.277462,0.38606943
q__bogz1fa213061103q_state_local_gov_ts_tx__lag003,0.987461,0.192533,0.198439,0.38606898
m__ipncongd_ipncongd__lag011,0.984326,0.144749,0.247409,0.38601153
q__bogz1fl263061130q_row_gov_tsy__lag002,1.0,0.191027,0.194913,0.3859397
q__bogz1fa473061105q_credit_unions_ts_tx__lag003,0.987461,0.197857,0.192838,0.38579536
d__dgs7_dgs7__lag063,0.711599,0.109305,0.432804,0.38576412
d__dgs1_dgs1__lag061,0.805643,0.079934,0.398837,0.38571838
m__manemp_manemp__lag012,1.0,0.12696,0.258353,0.3853125
q__bogz1fr663061165q_brokers_dealers_long_ts_reval__lag007,0.974922,0.180945,0.213383,0.38443943
q__bogz1fr513061105q_pc_insurance_ts_reval__lag003,0.987461,0.164447,0.224786,0.38435213
m__umcsent_umcsent__lag008,0.915361,0.031816,0.387712,0.38401992
m__ipcongd_ipcongd__lag006,1.0,0.052814,0.331132,0.38394673
q__bogz1fr653061105q_mutual_funds_ts_reval__lag004,0.984326,0.11252,0.277486,0.38389325
d__dgs10_dgs10__lag051,0.805643,0.083475,0.392973,0.38384645
m__fedfunds_fed_funds__lag003,0.899687,0.05968,0.366883,0.38377323
q__bogz1fr663061165q_brokers_dealers_long_ts_reval__lag002,0.990596,0.140282,0.246648,0.38329107
d__dgs10_dgs10__lag063,0.805643,0.078245,0.397408,0.38320604
q__bogz1fa673061103q_abs_issuers_ts_tx__lag007,0.974922,0.255437,0.137573,0.38315399
q__fgdef_fgdef__lag003,0.984326,0.015605,0.373322,0.3828307
d__dgs7_dgs7__lag009,0.711599,0.109176,0.428116,0.38233656
q__bogz1fa633061105q_money_market_funds_ts_tx__lag003,0.987461,0.10193,0.285176,0.38225227
q__bogz1fl713061113q_cb_bills_raw__lag007,0.987461,0.070469,0.316437,0.38205427
q__bogz1fl713061113q_cb_bills__lag007,0.987461,0.070469,0.316437,0.38205427
m__manemp_manemp__lag011,1.0,0.126041,0.255922,0.38196296
d__dgs10_dgs10__lag053,0.805643,0.081395,0.392624,0.38188975
q__bogz1fl713061113q_cb_bills_raw__lag008,0.984326,0.048232,0.339736,0.38188649
q__bogz1fl713061113q_cb_bills__lag008,0.984326,0.048232,0.339736,0.38188649
q__bogz1fa263061110q_row_bills_tx__lag008,0.971787,0.188079,0.204684,0.38168181
d__dgs10_dgs10__lag059,0.805643,0.077797,0.395879,0.38161349
m__uempmean_uempmean__lag005,0.978056,0.156652,0.233011,0.38111283
d__dgs1_dgs1__lag090,0.802508,0.077785,0.397073,0.38107722
d__dgs1_dgs1__lag081,0.805643,0.079476,0.393396,0.38096596
d__dgs1_dgs1__lag083,0.805643,0.079068,0.393582,0.38078624
d__dgs1_dgs1__lag062,0.805643,0.076191,0.396429,0.38076282
m__ipncongd_ipncongd__lag009,0.987461,0.059059,0.32653,0.38075395
m__ipdcongd_ipdcongd__lag012,0.984326,0.045497,0.341303,0.38073719
q__bogz1fl763123005q_tga_usb__lag002,1.0,0.193415,0.187322,0.38073675
m__mcumfn_caputil_man__lag005,0.677116,0.201616,0.36041,0.3805566
q__rowcbaq027s_row_corpbonds_flow__lag004,0.984326,0.12341,0.263146,0.38049719
d__dgs1_dgs1__lag080,0.805643,0.079257,0.392794,0.38030429
d__dgs1_dgs1__lag063,0.805643,0.075183,0.396866,0.3803028
q__bogz1fr513061105q_pc_insurance_ts_reval__lag004,0.984326,0.151166,0.235135,0.38024673
m__tcu_tcu__lag001,0.742947,0.191176,0.320595,0.38021856
q__bogz1fa223061143q_state_local_db_retirement_ts_tx__lag004,0.984326,0.166838,0.219424,0.38020815
d__dgs1_dgs1__lag078,0.805643,0.077517,0.394414,0.38020774
d__dgs1_dgs1__lag064,0.805643,0.074866,0.396391,0.37966405
m__indpro_indpro__lag012,1.0,0.06213,0.317461,0.37959116
q__bogz1fr653061105q_mutual_funds_ts_reval__lag005,0.981191,0.107298,0.279506,0.37952863
m__ipman_ipman__lag005,0.677116,0.204777,0.355503,0.37937443
q__bogz1fl704135005q_usb_loan_l__lag006,0.990596,0.215777,0.166887,0.37906585
d__dgs1_dgs1__lag075,0.805643,0.075458,0.394993,0.37901501
d__dgs1_dgs1__lag074,0.805643,0.075581,0.394811,0.37896782
q__bogz1fl753061103q_usb_tsy_for__lag002,1.0,0.087497,0.291369,0.37886673
d__dgs1_dgs1__lag077,0.805643,0.075531,0.394555,0.37872103
q__bogz1fr383061105q_dom_nonfin_sector_tsy_reval__lag003,0.987461,0.19251,0.190633,0.37833872
m__usalolitoaastsam_oecd_leading_indicator_us__lag003,0.893417,0.199749,0.223676,0.3782954
q__bogz1fr383061105q_dom_nonfin_sector_tsy_reval__lag007,0.974922,0.164593,0.223396,0.37825907
q__bogz1fl263061130q_row_gov_tsy__lag003,1.0,0.199291,0.178939,0.37822975
q__fgdef_fgdef__lag004,0.981191,0.040393,0.344895,0.37804186
m__usalolitoaastsam_oecd_leading_indicator_us__lag011,0.884013,0.100415,0.327162,0.37798402
d__dgs1_dgs1__lag082,0.805643,0.076273,0.392723,0.37784317
q__bogz1fa383061105q_dom_nonfin_sector_tsy_tx__lag003,0.987461,0.15737,0.225263,0.37783466
q__bogz1fr653061105q_mutual_funds_ts_reval__lag007,0.974922,0.153337,0.234061,0.3776825
q__bogz1fl343061123q_fed_gov_dcg_retirement_ts__lag001,1.0,0.081046,0.296609,0.37765487
q__bogz1fl704141005q_usb_stloan_l__lag006,0.990596,0.216292,0.164948,0.37765399
q__bogz1fr213061103q_state_local_gov_ts_reval__lag002,0.990596,0.146164,0.234993,0.37757319
d__vixcls_vixcls__lag062,0.454545,0.35616,0.474467,0.37755761
d__dgs1_dgs1__lag065,0.805643,0.072555,0.395863,0.37737805
d__dgs1_dgs1__lag089,0.805643,0.074772,0.393557,0.37730572
d__mortgage30us_mortgage30us__lag008,0.689655,0.094311,0.452188,0.37689627
d__dgs1_dgs1__lag087,0.805643,0.075616,0.391935,0.376679
m__ipdcongd_ipdcongd__lag004,0.990596,0.088331,0.291735,0.37649098
d__dgs1_dgs1__lag085,0.805643,0.074173,0.393107,0.3764602
d__dgs1_dgs1__lag076,0.805643,0.074008,0.393114,0.3763335
d__dgs20_dgs20__lag087,0.805643,0.106882,0.360161,0.37626979
d__dgs10_dgs10__lag052,0.805643,0.077566,0.388816,0.37573712
d__dgs1_dgs1__lag079,0.805643,0.074742,0.391475,0.37560462
d__mortgage30us_mortgage30us__lag010,0.689655,0.091883,0.452369,0.37534649
m__baaffm_baaff__lag003,0.899687,0.095284,0.321483,0.37495912
d__mortgage30us_mortgage30us__lag011,0.689655,0.091578,0.451951,0.3748479
d__dgs1_dgs1__lag088,0.805643,0.073477,0.391483,0.3745915
d__dgs1_dgs1__lag086,0.805643,0.07388,0.390942,0.37448101
d__dgs1_dgs1__lag084,0.805643,0.072964,0.391599,0.37427255
q__bogz1fr383061105q_dom_nonfin_sector_tsy_reval__lag002,0.990596,0.148159,0.229642,0.37424739
d__mortgage30us_mortgage30us__lag007,0.689655,0.094007,0.448243,0.37396538
q__bogz1fr343061113q_fed_gov_dcf_retirement_ts_reval__lag004,0.984326,0.099132,0.280652,0.37383122
m__usgood_usgood__lag012,1.0,0.094991,0.278803,0.37379396
m__uspriv_uspriv__lag009,1.0,0.143138,0.230374,0.3735116
q__bogz1fa573061133q_private_dc_pension_ts_tx__lag002,0.990596,0.087266,0.289615,0.37333679
d__dgs1_dgs1__lag071,0.805643,0.069413,0.393966,0.37331759
d__dgs1_dgs1__lag073,0.805643,0.069167,0.394109,0.37323546
d__dgs1_dgs1__lag069,0.805643,0.07091,0.392343,0.37321612
q__bogz1fl763123005q_tga_usb__lag003,1.0,0.202278,0.170629,0.37290655
d__mortgage30us_mortgage30us__lag013,0.689655,0.090784,0.449789,0.37280955
d__dgs1_dgs1__lag070,0.805643,0.070599,0.392147,0.37280803
d__mortgage30us_mortgage30us__lag012,0.689655,0.089869,0.450346,0.37256231
d__dgs1_dgs1__lag066,0.805643,0.069031,0.393376,0.37253462
q__bogz1fr733061103q_holding_companies_ts_reval__lag002,0.990596,0.142742,0.232925,0.37213367
d__dgs20_dgs20__lag088,0.805643,0.10321,0.358441,0.37192617
d__mortgage30us_mortgage30us__lag009,0.689655,0.089395,0.449607,0.37172521
d__dgs1_dgs1__lag072,0.805643,0.068015,0.393359,0.37170223
d__mortgage30us_mortgage30us__lag014,0.689655,0.08926,0.44946,0.3715307
q__bogz1fl713123030q_tga__lag003,1.0,0.03651,0.3346,0.37110958
q__bogz1fl713123030q_tga_z1__lag003,1.0,0.03651,0.3346,0.37110958
d__dgs1_dgs1__lag068,0.805643,0.068851,0.39176,0.371088
m__manemp_manemp__lag010,1.0,0.117535,0.25355,0.37108492
q__bogz1fl263061130q_row_gov_tsy__lag001,1.0,0.164723,0.206057,0.37078054
q__bogz1fr743061103q_usb_tsy_dom_reval__lag005,0.981191,0.089584,0.287887,0.37037129
d__dgs1_dgs1__lag067,0.805643,0.0681,0.391566,0.37032664
d__mortgage30us_mortgage30us__lag017,0.689655,0.089115,0.446643,0.36948809
q__bogz1fr263061130q_row_gov_tsy_reval__lag002,0.990596,0.13568,0.237221,0.36939387
m__uempmean_uempmean__lag007,0.974922,0.217548,0.161269,0.36931663
q__bogz1fl263061130q_row_gov_tsy__lag004,0.996865,0.210439,0.159857,0.36913433
q__bogz1fr223061143q_state_local_db_retirement_ts_reval__lag007,0.974922,0.15232,0.226017,0.3688488
d__mortgage30us_mortgage30us__lag018,0.689655,0.088591,0.445282,0.36818876
d__mortgage30us_mortgage30us__lag005,0.689655,0.091202,0.442492,0.36806502
d__vixcls_vixcls__lag061,0.454545,0.347486,0.461682,0.36780396
d__vixcls_vixcls__lag060,0.454545,0.349018,0.459409,0.36746667
q__rowgseq027s_row_agency_flow__lag003,0.987461,0.043553,0.32821,0.36710211
q__fgdef_fgdef__lag007,0.971787,0.132821,0.244555,0.36672829
q__bogz1fl673061103q_abs_issuers_ts__lag002,1.0,0.229298,0.137233,0.36653099
q__bogz1fr153061105q_hhnp_tsy_reval__lag007,0.974922,0.1609,0.214976,0.36644928
d__mortgage30us_mortgage30us__lag019,0.689655,0.087204,0.444126,0.36643432
q__bogz1fl543061175q_life_insurance_ts__lag001,1.0,0.086527,0.279907,0.36643411
d__dgs2_dgs2__lag025,0.626959,0.133037,0.451381,0.36640621
q__bogz1fl543061175q_life_insurance_ts__lag002,1.0,0.105154,0.261234,0.36638766
d__mortgage30us_mortgage30us__lag006,0.689655,0.089196,0.441754,0.36617271
d__wtregen_tga__lag070,0.504702,0.241693,0.483669,0.36609153
d__wtregen_tga_fed__lag070,0.504702,0.241693,0.483669,0.36609153
q__ncbtsaq027s_nfcb_tsy_tx__lag001,0.99373,0.185951,0.182322,0.36596337
d__dgs2_dgs2__lag002,0.626959,0.134222,0.448988,0.36564889
d__mortgage30us_mortgage30us__lag015,0.689655,0.082443,0.447628,0.36556616
q__bogz1fa263061145q_row_priv_tsy_tx__lag003,0.987461,0.167538,0.202632,0.36552778
m__usgood_usgood__lag011,1.0,0.089215,0.276283,0.36549854
q__bogz1fa663061165q_brokers_dealers_long_ts_tx__lag005,0.981191,0.168928,0.203471,0.3653949
q__bogz1fr223061143q_state_local_db_retirement_ts_reval__lag004,0.984326,0.091327,0.279737,0.36524738
m__awotman_awotman__lag004,0.877743,0.140834,0.275076,0.36506238
d__mortgage30us_mortgage30us__lag004,0.689655,0.088578,0.440622,0.36496533
m__uempmean_uempmean__lag004,0.978056,0.130869,0.242077,0.36476238
d__dgs2_dgs2__lag029,0.626959,0.131306,0.449785,0.36432049
m__ipmine_ipmine__lag007,1.0,0.160287,0.20378,0.36406672
d__mortgage30us_mortgage30us__lag028,0.689655,0.091166,0.436693,0.36404112
d__dgs2_dgs2__lag027,0.626959,0.131446,0.44919,0.36403514
d__dgs2_dgs2__lag003,0.626959,0.133503,0.447069,0.36399472
q__bogz1fl753061103q_usb_tsy_for__lag005,0.99373,0.061598,0.304545,0.36384759
d__dgs2_dgs2__lag026,0.626959,0.130603,0.449402,0.36363933
q__fbtsatq027s_dom_fin_sector_tsy_tx__lag005,0.981191,0.121498,0.249005,0.36353463
d__dgs2_dgs2__lag028,0.626959,0.131159,0.448581,0.36347313
d__wtregen_tga__lag016,0.504702,0.272131,0.447844,0.36337317
m__fedfunds_fed_funds__lag012,0.890282,0.136521,0.27154,0.36328907
m__uempmean_uempmean__lag001,0.981191,0.058244,0.31186,0.3631424
d__wtregen_tga__lag071,0.504702,0.238689,0.480746,0.3631003
d__wtregen_tga_fed__lag071,0.504702,0.238689,0.480746,0.3631003
m__umcsent_umcsent__lag010,0.912226,0.036664,0.361212,0.36295286
d__wtregen_tga_fed__lag016,0.504702,0.272654,0.446101,0.36275737
d__mortgage30us_mortgage30us__lag020,0.689655,0.085598,0.440392,0.36275238
d__dgs2_dgs2__lag021,0.626959,0.126639,0.451934,0.36274149
q__bogz1fr573061133q_private_dc_pension_ts_reval__lag004,0.984326,0.094702,0.273671,0.36259837
d__dgs2_dgs2__lag001,0.626959,0.132616,0.445354,0.36236366
d__dgs2_dgs2__lag024,0.626959,0.129151,0.448294,0.36203419
d__mortgage30us_mortgage30us__lag003,0.689655,0.085505,0.439274,0.36191651
d__mortgage30us_mortgage30us__lag001,0.689655,0.087825,0.436862,0.36185282
d__dgs20_dgs20__lag086,0.805643,0.095119,0.353801,0.36166872
d__dgs2_dgs2__lag018,0.626959,0.125652,0.451199,0.36166196
q__bogz1fr593061105q_pension_ts_reval__lag007,0.974922,0.148782,0.222084,0.36156495
m__payems_nonfarm_payrolls__lag009,1.0,0.135934,0.225629,0.36156272
d__dgs2_dgs2__lag011,0.626959,0.127455,0.449124,0.36149208
m__indpro_indpro__lag011,1.0,0.052881,0.308547,0.36142756
q__bogz1fa733061103q_holding_companies_ts_tx__lag003,0.987461,0.208534,0.157406,0.36135136
m__mcumfn_caputil_man__lag006,0.677116,0.188247,0.345405,0.36134418
d__wtregen_tga__lag080,0.504702,0.223132,0.492745,0.36130464
d__wtregen_tga_fed__lag080,0.504702,0.223132,0.492745,0.36130464
q__bogz1fr593061105q_pension_ts_reval__lag004,0.984326,0.086938,0.27994,0.36112757
d__mortgage30us_mortgage30us__lag016,0.689655,0.080729,0.442547,0.36088004
d__wtregen_tga__lag013,0.504702,0.275303,0.439423,0.36072407
q__bogz1lm653061113q_mf_bills_raw__lag008,0.984326,0.034613,0.331804,0.36067363
q__bogz1lm653061113q_mutf_bills__lag008,0.984326,0.034613,0.331804,0.36067363
d__dgs2_dgs2__lag008,0.626959,0.125925,0.4493,0.36064287
d__dgs2_dgs2__lag016,0.626959,0.124409,0.450639,0.3605314
d__wtregen_tga__lag087,0.501567,0.228777,0.489816,0.36042281
d__wtregen_tga_fed__lag087,0.501567,0.228777,0.489816,0.36042281
q__bogz1fr213061103q_state_local_gov_ts_reval__lag004,0.984326,0.102576,0.263478,0.36031574
d__dgs2_dgs2__lag020,0.626959,0.125309,0.449236,0.36021641
q__rowmslq027s_row_muni_flow__lag008,0.971787,0.181895,0.188707,0.36014563
q__bogz1fl543061175q_life_insurance_ts__lag003,1.0,0.125336,0.234806,0.36014273
d__wtregen_tga_fed__lag013,0.504702,0.275834,0.437676,0.36011012
d__wtregen_tga__lag079,0.504702,0.224669,0.488696,0.36003655
d__wtregen_tga_fed__lag079,0.504702,0.224669,0.488696,0.36003655
q__bogz1fr153061105q_hhnp_tsy_reval__lag003,0.987461,0.185454,0.179076,0.35995909
q__netfi_netfi__lag004,0.981191,0.09101,0.275596,0.35971124
d__dgs20_dgs20__lag084,0.805643,0.092606,0.353862,0.35969342
d__wtregen_tga__lag017,0.504702,0.268689,0.443905,0.35964761
m__usgood_usgood__lag010,1.0,0.080462,0.279101,0.35956343
d__dgs2_dgs2__lag015,0.626959,0.124914,0.448307,0.35938632
d__dgs2_dgs2__lag007,0.626959,0.12566,0.447472,0.35933043
d__dgs2_dgs2__lag023,0.626959,0.126615,0.446326,0.3592104
d__wtregen_tga__lag023,0.504702,0.263698,0.447864,0.35912691
q__bogz1fr563061103q_etfs_ts_reval__lag003,0.987461,0.153668,0.209998,0.35910601
d__wtregen_tga_fed__lag017,0.504702,0.269219,0.44219,0.35904959
d__dgs2_dgs2__lag004,0.626959,0.127174,0.445422,0.35899446
d__dgs2_dgs2__lag019,0.626959,0.123532,0.448826,0.35884545
q__rowgseq027s_row_agency_flow__lag004,0.984326,0.054734,0.309815,0.3588355
d__dgs2_dgs2__lag017,0.626959,0.122736,0.449472,0.35875136
q__bogz1fa763061100q_usb_tsy_oth_tx__lag003,0.987461,0.044155,0.31901,0.3586114
d__mortgage30us_mortgage30us__lag027,0.689655,0.085547,0.434414,0.35859363
m__usgood_usgood__lag004,1.0,0.024336,0.334241,0.35857672
d__wtregen_tga_fed__lag023,0.504702,0.264248,0.446177,0.35855308
d__mortgage30us_mortgage30us__lag033,0.689655,0.086248,0.433537,0.35847237
m__umcsent_umcsent__lag011,0.912226,0.058559,0.334189,0.35827517
d__wtregen_tga__lag019,0.504702,0.265168,0.444705,0.35827433
q__bogz1lm653061113q_mf_bills_raw__lag007,0.987461,0.033426,0.329381,0.35825846
q__bogz1lm653061113q_mutf_bills__lag007,0.987461,0.033426,0.329381,0.35825846
d__dgs2_dgs2__lag030,0.626959,0.125472,0.445834,0.35818578
d__dgs2_dgs2__lag022,0.626959,0.123833,0.447415,0.35814923
q__bogz1fa223061143q_state_local_db_retirement_ts_tx__lag003,0.987461,0.218091,0.14457,0.35811312
d__dgs2_dgs2__lag010,0.626959,0.122719,0.448471,0.35811298
d__dgs2_dgs2__lag006,0.626959,0.124649,0.446406,0.35802826
d__dgs20_dgs20__lag085,0.805643,0.091571,0.352664,0.35789458
d__mortgage30us_mortgage30us__lag021,0.689655,0.085043,0.433897,0.35788971
d__wtregen_tga_fed__lag019,0.504702,0.265705,0.442992,0.35768118
d__dgs2_dgs2__lag014,0.626959,0.123678,0.446669,0.35758426
d__wtregen_tga__lag082,0.504702,0.217883,0.490618,0.35758234
d__wtregen_tga_fed__lag082,0.504702,0.217883,0.490618,0.35758234
q__bogz1fr213061103q_state_local_gov_ts_reval__lag007,0.974922,0.155941,0.210828,0.35757059
d__dgs2_dgs2__lag005,0.626959,0.125262,0.444901,0.35746881
d__mortgage30us_mortgage30us__lag025,0.689655,0.084776,0.433224,0.3572416
m__awotman_awotman__lag001,0.880878,0.173268,0.232281,0.35723858
d__wtregen_tga__lag006,0.504702,0.285286,0.422362,0.35715149
d__mortgage30us_mortgage30us__lag030,0.689655,0.083496,0.434302,0.35710195
d__wtregen_tga__lag015,0.504702,0.270682,0.436767,0.35705121
q__bogz1fl753061103q_usb_tsy_for__lag004,0.996865,0.050009,0.308152,0.35703889
q__bogz1fr513061105q_pc_insurance_ts_reval__lag002,0.990596,0.148553,0.211811,0.35697419
d__dgs20_dgs20__lag083,0.805643,0.090207,0.352879,0.35696892
d__mortgage30us_mortgage30us__lag024,0.689655,0.084372,0.433087,0.35686857
d__mortgage30us_mortgage30us__lag032,0.689655,0.084451,0.432752,0.35669227
d__wtregen_tga_fed__lag006,0.504702,0.285919,0.420793,0.35667876
d__dgs2_dgs2__lag009,0.626959,0.121362,0.447491,0.35664784
d__mortgage30us_mortgage30us__lag002,0.689655,0.081374,0.435724,0.35661892
d__dgs2_dgs2__lag013,0.626959,0.122766,0.445998,0.35659232
d__wtregen_tga__lag077,0.504702,0.225271,0.481131,0.35652233
d__wtregen_tga_fed__lag077,0.504702,0.225271,0.481131,0.35652233
d__mortgage30us_mortgage30us__lag029,0.689655,0.08218,0.434774,0.35651993
d__mortgage30us_mortgage30us__lag034,0.689655,0.085936,0.430968,0.35648545
d__wtregen_tga_fed__lag015,0.504702,0.271208,0.435009,0.35642957
d__wtregen_tga__lag072,0.504702,0.233838,0.472369,0.35642424
d__wtregen_tga_fed__lag072,0.504702,0.233838,0.472369,0.35642424
d__wtregen_tga__lag014,0.504702,0.269617,0.436553,0.35640597
d__mortgage30us_mortgage30us__lag026,0.689655,0.084096,0.432593,0.35633721
d__wtregen_tga__lag081,0.504702,0.218606,0.487228,0.35623561
d__wtregen_tga_fed__lag081,0.504702,0.218606,0.487228,0.35623561
d__mortgage30us_mortgage30us__lag035,0.689655,0.08619,0.430255,0.35616925
m__usgood_usgood__lag005,1.0,0.025835,0.330256,0.35609127
d__wtregen_tga__lag020,0.504702,0.264098,0.441325,0.35602822
d__dgs2_dgs2__lag012,0.626959,0.12186,0.445855,0.35593368
d__wtregen_tga__lag083,0.504702,0.21657,0.488449,0.35582433
d__wtregen_tga_fed__lag083,0.504702,0.21657,0.488449,0.35582433
d__wtregen_tga_fed__lag014,0.504702,0.270152,0.434813,0.35579707
d__wtregen_tga__lag089,0.501567,0.222822,0.486156,0.35560041
d__wtregen_tga_fed__lag089,0.501567,0.222822,0.486156,0.35560041
m__umcsent_umcsent__lag003,0.918495,0.083905,0.303247,0.35559769
d__wtregen_tga__lag088,0.501567,0.223106,0.485834,0.35558094
d__wtregen_tga_fed__lag088,0.501567,0.223106,0.485834,0.35558094
d__wtregen_tga__lag086,0.501567,0.222975,0.485961,0.35557902
d__wtregen_tga_fed__lag086,0.501567,0.222975,0.485961,0.35557902
d__wtregen_tga__lag005,0.504702,0.284555,0.419874,0.35552711
d__wtregen_tga_fed__lag020,0.504702,0.26464,0.439628,0.3554455
d__wtregen_tga__lag007,0.504702,0.281473,0.422527,0.35531038
d__wtregen_tga__lag069,0.504702,0.232258,0.471686,0.35528228
d__wtregen_tga_fed__lag069,0.504702,0.232258,0.471686,0.35528228
q__bogz1fr693061105q_nonmmf_ts_reval__lag005,0.981191,0.092645,0.269438,0.35527233
q__bogz1fr693061105q_nonmmmf_ts_reval__lag005,0.981191,0.092645,0.269438,0.35527233
d__wtregen_tga_fed__lag005,0.504702,0.285196,0.418317,0.35506453
d__wtregen_tga__lag078,0.504702,0.224175,0.479209,0.35499956
d__wtregen_tga_fed__lag078,0.504702,0.224175,0.479209,0.35499956
d__wtregen_tga__lag012,0.504702,0.271316,0.432038,0.3549843
d__wtregen_tga__lag090,0.501567,0.222749,0.484997,0.35498214
d__wtregen_tga_fed__lag090,0.501567,0.222749,0.484997,0.35498214
d__wtregen_tga__lag024,0.504702,0.258512,0.444763,0.35494444
d__vixcls_vixcls__lag059,0.454545,0.349392,0.431254,0.35483904
d__wtregen_tga_fed__lag007,0.504702,0.282106,0.420951,0.35483467
d__vixcls_vixcls__lag063,0.454545,0.338862,0.44176,0.35482825
d__wtregen_tga__lag022,0.504702,0.262749,0.440228,0.35479378
d__mortgage30us_mortgage30us__lag031,0.689655,0.082617,0.431748,0.35473482
m__ipdcongd_ipdcongd__lag011,0.984326,0.020977,0.339363,0.35469209
d__dgs2_dgs2__lag033,0.623824,0.123658,0.444887,0.35467231
d__dgs20_dgs20__lag039,0.805643,0.083312,0.356815,0.35458498
q__bogz1fr573061105q_private_pension_ts_reval__lag004,0.984326,0.083442,0.276774,0.35456996
d__dgs2_dgs2__lag031,0.623824,0.123948,0.444309,0.35449279
d__wtregen_tga__lag018,0.504702,0.261742,0.440572,0.35445947
d__dgs2_dgs2__lag034,0.623824,0.122672,0.445516,0.35444944
d__wtregen_tga_fed__lag012,0.504702,0.271868,0.430333,0.35440255
d__wtregen_tga_fed__lag024,0.504702,0.259076,0.443099,0.35438885
q__bogz1fa213061103q_state_local_gov_ts_tx__lag008,0.971787,0.115928,0.248636,0.3542784
d__wtregen_tga_fed__lag022,0.504702,0.263293,0.438517,0.3542051
d__dgs2_dgs2__lag032,0.623824,0.123659,0.444099,0.35418127
m__ipncongd_ipncongd__lag001,0.99373,0.129549,0.226693,0.35400859
d__wtregen_tga_fed__lag018,0.504702,0.262285,0.438866,0.35387227
d__dgs20_dgs20__lag042,0.805643,0.081167,0.358038,0.35384236
m__manemp_manemp__lag005,1.0,0.031774,0.322028,0.35380185
d__mortgage30us_mortgage30us__lag036,0.689655,0.082227,0.430756,0.35378148
m__ipmat_ipmat__lag001,1.0,0.183822,0.169925,0.35374683
d__mortgage30us_mortgage30us__lag022,0.689655,0.080926,0.431883,0.35366123
q__bogz1fr103061103q_nfcb_tsy_reval__lag002,0.990596,0.140658,0.216249,0.35354998
d__wtregen_tga__lag011,0.504702,0.273637,0.426664,0.3534435
d__wtregen_tga__lag084,0.501567,0.216686,0.487983,0.35343903
d__wtregen_tga_fed__lag084,0.501567,0.216686,0.487983,0.35343903
q__bogz1fr573061105q_private_pension_ts_reval__lag007,0.974922,0.14587,0.216238,0.35302734
d__wtregen_tga__lag004,0.504702,0.282795,0.416645,0.35300863
m__awhman_awhman__lag011,1.0,0.135789,0.217184,0.35297251
q__bogz1fa383061105q_dom_nonfin_sector_tsy_tx__lag002,0.990596,0.128139,0.228133,0.35292078
q__bogz1fr793061105q_dom_fin_sector_tsy_reval__lag007,0.974922,0.145077,0.21691,0.35290926
d__wtregen_tga_fed__lag011,0.504702,0.274212,0.425001,0.35289423
q__bogz1fr793061105q_dom_fin_sector_tsy_reval__lag005,0.981191,0.085464,0.27413,0.3528306
d__wtregen_tga__lag008,0.504702,0.278944,0.419819,0.35266707
q__bogz1fr573061133q_private_dc_pension_ts_reval__lag007,0.974922,0.144301,0.217333,0.35256469
d__wtregen_tga_fed__lag004,0.504702,0.283439,0.415095,0.35255194
d__mortgage30us_mortgage30us__lag023,0.689655,0.080224,0.430942,0.35252828
m__mcumfn_caputil_man__lag010,0.670846,0.127868,0.397408,0.35237922
d__wtregen_tga__lag073,0.504702,0.226501,0.471657,0.35236173
d__wtregen_tga_fed__lag073,0.504702,0.226501,0.471657,0.35236173
m__fedfunds_fed_funds__lag011,0.890282,0.110756,0.285011,0.35234488
d__wtregen_tga_fed__lag008,0.504702,0.279568,0.418225,0.3521773
m__uspriv_uspriv__lag008,1.0,0.130945,0.221151,0.3520961
d__dgs20_dgs20__lag040,0.805643,0.08039,0.356471,0.35195334
q__bogz1fl543061175q_life_insurance_ts__lag004,0.996865,0.160083,0.19295,0.35192649
d__wtregen_tga__lag085,0.501567,0.216602,0.484833,0.35181693
d__wtregen_tga_fed__lag085,0.501567,0.216602,0.484833,0.35181693
q__bogz1fr763061100q_usb_tsy_oth_reval__lag002,0.990596,0.132904,0.222241,0.35180487
d__mortgage30us_mortgage30us__lag037,0.689655,0.080605,0.429481,0.35178298
m__ipdcongd_ipdcongd__lag001,0.99373,0.111499,0.242487,0.35176615
d__wtregen_tga__lag021,0.504702,0.259236,0.437198,0.35149156
d__dgs2_dgs2__lag037,0.623824,0.120942,0.442444,0.35145398
m__mcumfn_caputil_man__lag001,0.680251,0.210325,0.306143,0.35132745
d__wtregen_tga__lag001,0.504702,0.288682,0.40737,0.35129889
d__wtregen_tga__lag002,0.504702,0.287495,0.408453,0.35124644
q__bogz1fa633061110q_mmf_bills_tx__lag005,0.981191,0.103091,0.254865,0.35122373
q__bogz1fr153061105q_hhnp_tsy_reval__lag002,0.990596,0.142389,0.212161,0.35121501
d__dgs2_dgs2__lag039,0.623824,0.124478,0.438393,0.3511329
q__bogz1fl702150005q_usb_ffrepo__lag003,1.0,0.253049,0.09799,0.35103915
d__dgs2_dgs2__lag042,0.623824,0.124903,0.437762,0.35100422
d__wtregen_tga_fed__lag021,0.504702,0.259784,0.435511,0.35091693
d__wtregen_tga__lag026,0.504702,0.255295,0.439984,0.35090926
d__dgs2_dgs2__lag036,0.623824,0.120406,0.442085,0.35089591
d__dgs20_dgs20__lag082,0.805643,0.083632,0.351906,0.35088805
d__wtregen_tga_fed__lag001,0.504702,0.289317,0.405826,0.35083988
m__manemp_manemp__lag004,1.0,0.032042,0.318789,0.35083129
d__wtregen_tga_fed__lag002,0.504702,0.288134,0.406912,0.35079128
m__uempmean_uempmean__lag008,0.974922,0.239935,0.119822,0.35073476
d__vixcls_vixcls__lag064,0.454545,0.34803,0.423099,0.35051324
m__ipdcongd_ipdcongd__lag005,0.990596,0.091241,0.262543,0.35045621
d__wtregen_tga_fed__lag026,0.504702,0.25588,0.43835,0.35037948
d__wtregen_tga__lag003,0.504702,0.28071,0.413468,0.35035308
d__dgs2_dgs2__lag035,0.623824,0.118347,0.443257,0.3503419
q__bogz1fr573061143q_private_db_pension_ts_reval__lag007,0.974922,0.14578,0.213543,0.35031157
q__bogz1fl763123005q_tga_usb__lag005,0.99373,0.206267,0.146237,0.35029454
d__dgs2_dgs2__lag040,0.623824,0.123306,0.437811,0.3500385
d__wtregen_tga_fed__lag003,0.504702,0.281362,0.411929,0.34990555
d__wtregen_tga__lag076,0.504702,0.220019,0.473209,0.34987344
d__wtregen_tga_fed__lag076,0.504702,0.220019,0.473209,0.34987344
d__mortgage30us_mortgage30us__lag089,0.689655,0.086828,0.420407,0.34981704
d__wtregen_tga__lag074,0.504702,0.223003,0.469874,0.34969641
d__wtregen_tga_fed__lag074,0.504702,0.223003,0.469874,0.34969641
d__dgs2_dgs2__lag041,0.623824,0.122584,0.437981,0.34969446
d__dgs20_dgs20__lag037,0.805643,0.075943,0.358066,0.34965619
m__uempmean_uempmean__lag002,0.981191,0.091357,0.264771,0.34942912
d__wtregen_tga__lag025,0.504702,0.252504,0.43984,0.34942729
d__mortgage30us_mortgage30us__lag090,0.689655,0.085813,0.420814,0.34939769
q__bogz1fa663061165q_brokers_dealers_long_ts_tx__lag001,0.99373,0.162712,0.188758,0.34926672
m__ipbuseq_ipbuseq__lag010,0.984326,0.147197,0.207605,0.34924042
m__ipman_ipman__lag006,0.677116,0.185526,0.330226,0.34922368
m__awhman_awhman__lag002,1.0,0.172123,0.17704,0.34916362
m__iputil_iputil__lag010,1.0,0.208301,0.140777,0.3490786
d__wtregen_tga_fed__lag025,0.504702,0.253084,0.438193,0.34888945
q__bogz1fr663061165q_brokers_dealers_long_ts_reval__lag005,0.981191,0.108922,0.246512,0.34874875
m__usalolitoaastsam_oecd_leading_indicator_us__lag002,0.893417,0.195357,0.19476,0.3485375
d__dgs20_dgs20__lag036,0.805643,0.074869,0.357373,0.34823245
d__wtregen_tga__lag068,0.504702,0.228901,0.461037,0.34821344
d__wtregen_tga_fed__lag068,0.504702,0.228901,0.461037,0.34821344
d__vixcls_vixcls__lag065,0.454545,0.358984,0.407066,0.34820433
d__mortgage30us_mortgage30us__lag087,0.689655,0.085459,0.419365,0.34815465
d__mortgage30us_mortgage30us__lag084,0.689655,0.083859,0.420951,0.34814515
d__wtregen_tga__lag075,0.504702,0.22042,0.469112,0.3480082
d__wtregen_tga_fed__lag075,0.504702,0.22042,0.469112,0.3480082
q__bogz1fl753061103q_usb_tsy_for__lag001,1.0,0.09101,0.25697,0.34798018
d__mortgage30us_mortgage30us__lag088,0.689655,0.085284,0.418879,0.34769826
d__dgs20_dgs20__lag033,0.805643,0.073819,0.357713,0.34766044
q__bopbca_bopbca__lag001,0.827586,0.217758,0.202215,0.34756341
m__ipmine_ipmine__lag008,1.0,0.149389,0.197956,0.34734412
d__wtregen_tga__lag027,0.504702,0.252697,0.435136,0.34715084
m__umcsent_umcsent__lag004,0.918495,0.06355,0.314399,0.34714486
d__mortgage30us_mortgage30us__lag086,0.689655,0.085509,0.417766,0.34708617
d__wtregen_tga__lag067,0.504702,0.228378,0.458902,0.34687207
d__wtregen_tga_fed__lag067,0.504702,0.228378,0.458902,0.34687207
d__dgs20_dgs20__lag041,0.805643,0.076559,0.353943,0.34683089
q__rowcpaq027s_row_commercialpaper_flow__lag004,0.984326,0.08772,0.264607,0.34680453
d__dgs2_dgs2__lag038,0.623824,0.118211,0.437687,0.34678273
d__dgs20_dgs20__lag081,0.805643,0.079806,0.350555,0.34671745
d__wtregen_tga_fed__lag027,0.504702,0.253292,0.433525,0.34663786
m__usgood_usgood__lag009,1.0,0.020964,0.325568,0.34653205
d__wtregen_tga__lag009,0.504702,0.267023,0.419534,0.34650691
d__dgs2_dgs2__lag043,0.623824,0.120068,0.435272,0.34643496
d__dgs20_dgs20__lag080,0.805643,0.081541,0.348324,0.34631729
d__dgs2_dgs2__lag044,0.623824,0.119952,0.43509,0.3462486
d__wtregen_tga_fed__lag009,0.504702,0.267652,0.417955,0.34602692
d__mortgage30us_mortgage30us__lag085,0.689655,0.083076,0.418264,0.34575204
q__bogz1fa313161105q_tsy_net_tx__lag003,0.987461,0.012557,0.337299,0.34546859
d__wtregen_tga__lag010,0.504702,0.270296,0.414088,0.34540991
q__bogz1fr573061143q_private_db_pension_ts_reval__lag004,0.984326,0.074495,0.27619,0.34518802
d__wtregen_tga_fed__lag010,0.504702,0.270897,0.412468,0.3448955
q__netfi_netfi__lag005,0.978056,0.06653,0.286024,0.34481766
m__uspriv_uspriv__lag003,1.0,0.126721,0.21795,0.34467097
m__ipcongd_ipcongd__lag001,1.0,0.052122,0.291794,0.34391547
q__bogz1fa693061105q_nonmmf_ts_tx__lag005,0.981191,0.130296,0.220199,0.34390291
q__bogz1fa693061105q_nonmmmf_ts_tx__lag005,0.981191,0.130296,0.220199,0.34390291
d__dgs2_dgs2__lag045,0.623824,0.117756,0.43307,0.34361891
d__dgs2_dgs2__lag046,0.623824,0.117777,0.432689,0.34339433
d__dgs20_dgs20__lag038,0.805643,0.073093,0.353141,0.34339266
m__uspriv_uspriv__lag002,1.0,0.129702,0.213474,0.34317607
d__mortgage30us_mortgage30us__lag038,0.689655,0.073264,0.423739,0.34276123
q__bogz1fl343061123q_fed_gov_dcg_retirement_ts__lag007,0.987461,0.207106,0.139912,0.34266703
d__wtregen_tga__lag030,0.504702,0.243657,0.4351,0.34257039
m__manemp_manemp__lag009,1.0,0.025319,0.317054,0.34237284
q__bogz1fl704135005q_usb_loan_l__lag002,1.0,0.182136,0.16011,0.34224676
q__bogz1fa673061103q_abs_issuers_ts_tx__lag006,0.978056,0.189465,0.16042,0.3422077
m__manemp_manemp__lag006,1.0,0.020945,0.321222,0.34216708
q__bogz1fl713068703q_fed_dw_a__lag001,1.0,0.103404,0.23872,0.34212412
d__wtregen_tga_fed__lag030,0.504702,0.24427,0.43351,0.34207662
d__mortgage30us_mortgage30us__lag039,0.689655,0.07315,0.422631,0.34191778
d__mortgage30us_mortgage30us__lag040,0.689655,0.07342,0.422332,0.34189788
m__payems_nonfarm_payrolls__lag008,1.0,0.12485,0.216908,0.34175756
m__umcsent_umcsent__lag012,0.909091,0.074123,0.301534,0.34150675
q__bogz1fl704141005q_usb_stloan_l__lag002,1.0,0.183893,0.157579,0.34147146
d__mortgage30us_mortgage30us__lag078,0.689655,0.077363,0.417627,0.34137211
q__bogz1fr473061105q_credit_unions_ts_reval__lag007,0.974922,0.136917,0.213088,0.34122771
d__mortgage30us_mortgage30us__lag083,0.689655,0.079458,0.415316,0.3412234
d__dgs20_dgs20__lag034,0.805643,0.066209,0.356713,0.34072415
d__dgs2_dgs2__lag048,0.623824,0.116332,0.429802,0.34069209
m__fedfunds_fed_funds__lag004,0.896552,0.031524,0.348367,0.34059251
q__tgdef_net_gov_sav__lag006,0.974922,0.130274,0.219035,0.3405492
q__bogz1fl633061105q_mmf_tsy_raw__lag002,1.0,0.049542,0.290894,0.34043595
q__bogz1fl633061105q_money_market_funds_ts__lag002,1.0,0.049542,0.290894,0.34043595
d__wtregen_tga__lag031,0.504702,0.240547,0.433563,0.34022488
m__awhman_awhman__lag005,1.0,0.191497,0.148692,0.34018804
q__rowmfsq027s_row_mutualfundshares_flow__lag004,0.984326,0.13761,0.207948,0.34014209
d__mortgage30us_mortgage30us__lag041,0.689655,0.072504,0.420429,0.33995393
q__tgdef_net_gov_sav__lag007,0.971787,0.120755,0.229064,0.33994868
d__wtregen_tga__lag029,0.504702,0.244306,0.429038,0.33983791
m__payems_nonfarm_payrolls__lag003,1.0,0.123065,0.216733,0.33979819
d__wtregen_tga_fed__lag031,0.504702,0.241163,0.431977,0.33973529
q__bogz1fr263061145q_row_priv_tsy_reval__lag005,0.981191,0.040666,0.305404,0.33956026
d__dgs20_dgs20__lag013,0.805643,0.073883,0.347559,0.3395319
q__bogz1fa633061110q_mmf_bills_tx__lag003,0.987461,0.084693,0.259131,0.33951213
q__bogz1fr343061105q_fed_gov_retirement_ts_reval__lag007,0.974922,0.139855,0.208236,0.33936108
d__wtregen_tga_fed__lag029,0.504702,0.244918,0.427429,0.33933532
m__payems_nonfarm_payrolls__lag002,1.0,0.125208,0.21403,0.33923779
d__mortgage30us_mortgage30us__lag081,0.689655,0.078035,0.413705,0.33913121
q__bogz1fa713061103q_cb_tsy_tx__lag005,0.981191,0.047415,0.298149,0.33906423
d__dgs20_dgs20__lag014,0.805643,0.072476,0.348271,0.33897144
q__bogz1fa313161105q_tsy_net_tx__lag005,0.981191,0.168694,0.176613,0.33881213
q__bogz1fr343061105q_fed_gov_retirement_ts_reval__lag004,0.984326,0.077444,0.266668,0.33871877
d__mortgage30us_mortgage30us__lag082,0.689655,0.077032,0.413735,0.33846039
d__dgs20_dgs20__lag002,0.805643,0.077184,0.34283,0.33838108
m__civpart_civpart__lag002,0.981191,0.133865,0.210917,0.33829715
q__bogz1fr343061113q_fed_gov_dcf_retirement_ts_reval__lag007,0.974922,0.137056,0.209908,0.3382627
d__wtregen_tga__lag028,0.504702,0.242971,0.427155,0.33821425
d__dgs2_dgs2__lag047,0.623824,0.113845,0.428207,0.33814549
d__dgs2_dgs2__lag049,0.623824,0.113047,0.428645,0.33792061
d__wtregen_tga_fed__lag028,0.504702,0.243583,0.425579,0.33772724
m__ipfinal_ipfinal__lag012,1.0,0.002514,0.335005,0.33751882
m__awotman_awotman__lag003,0.880878,0.140898,0.242245,0.33750243
m__mtsr133fms_fedgov_rcpt__lag010,0.561129,0.351489,0.249913,0.33746357
m__ipmat_ipmat__lag010,1.0,0.120348,0.2168,0.33714869
m__baaffm_baaff__lag001,0.899687,0.103302,0.271293,0.33701834
d__mortgage30us_mortgage30us__lag080,0.689655,0.075047,0.413401,0.33686099
d__dgs20_dgs20__lag032,0.805643,0.065046,0.352677,0.33653549
q__bogz1fa633061105q_money_market_funds_ts_tx__lag005,0.981191,0.081428,0.261465,0.33644359
d__dgs20_dgs20__lag015,0.805643,0.069702,0.347608,0.33620282
d__mortgage30us_mortgage30us__lag079,0.689655,0.074599,0.412792,0.33613164
d__dgs20_dgs20__lag070,0.805643,0.070461,0.346686,0.33607195
q__bogz1fa543061175q_life_insurance_ts_tx__lag003,0.987461,0.066131,0.273948,0.33581447
q__bogz1fa573061143q_private_db_pension_ts_tx__lag006,0.978056,0.108687,0.234521,0.33567615
d__mortgage30us_mortgage30us__lag070,0.689655,0.071423,0.415097,0.33553095
d__dgs20_dgs20__lag024,0.805643,0.069468,0.34684,0.33539521
d__dgs20_dgs20__lag023,0.805643,0.067773,0.348476,0.33534739
m__usgood_usgood__lag006,1.0,0.017625,0.31772,0.33534506
q__bogz1fa313161110q_totalbills_z1_tx__lag003,0.987461,0.085441,0.254082,0.33526545
q__bogz1fa573061143q_private_db_pension_ts_tx__lag007,0.974922,0.101105,0.242725,0.33520757
q__bogz1fl713068703q_fed_dw_a__lag004,0.996865,0.054639,0.28145,0.3350357
d__dgs20_dgs20__lag026,0.805643,0.068336,0.347398,0.33493251
q__bogz1fl263061130q_row_gov_tsy__lag005,0.99373,0.186002,0.1509,0.33478955
d__dgs2_dgs2__lag050,0.623824,0.111545,0.425092,0.33476742
d__dgs2_dgs2__lag090,0.623824,0.109092,0.427403,0.3346783
d__dgs20_dgs20__lag035,0.805643,0.064312,0.351082,0.33465921
m__tcu_tcu__lag012,0.733542,0.063649,0.392382,0.33451784
m__civpart_civpart__lag004,0.978056,0.144384,0.197607,0.33448705
d__dgs2_dgs2__lag056,0.623824,0.111412,0.424658,0.33441346
d__dgs20_dgs20__lag025,0.805643,0.067846,0.347223,0.33439775
d__mortgage30us_mortgage30us__lag042,0.689655,0.067566,0.417139,0.33427927
d__dgs2_dgs2__lag057,0.623824,0.108517,0.42722,0.33420595
d__mortgage30us_mortgage30us__lag043,0.689655,0.065643,0.41835,0.33378818
q__bogz1fa543061175q_life_insurance_ts_tx__lag007,0.974922,0.147737,0.194501,0.33365509
q__bogz1lm903061103q_instrument_discrepancies_ts__lag004,0.996865,0.025245,0.309422,0.33361722
d__mortgage30us_mortgage30us__lag046,0.689655,0.071734,0.411878,0.33352553
q__bogz1fr733061103q_holding_companies_ts_reval__lag003,0.987461,0.157702,0.18005,0.33351691
d__wtregen_tga__lag034,0.504702,0.231377,0.429137,0.33336298
d__wtregen_tga__lag066,0.504702,0.216053,0.444435,0.33334946
d__wtregen_tga_fed__lag066,0.504702,0.216053,0.444435,0.33334946
m__civpart_civpart__lag003,0.981191,0.134032,0.20564,0.33328386
d__dgs20_dgs20__lag011,0.805643,0.067445,0.346165,0.3332217
d__dgs20_dgs20__lag003,0.805643,0.074582,0.338882,0.33310467
d__wtregen_tga__lag033,0.504702,0.230673,0.429203,0.33304075
d__wtregen_tga__lag032,0.504702,0.232417,0.42743,0.33302665
q__bogz1fr763061100q_usb_tsy_oth_reval__lag005,0.981191,0.076796,0.262509,0.33292349
d__mortgage30us_mortgage30us__lag065,0.689655,0.071485,0.411203,0.33288861
d__wtregen_tga_fed__lag034,0.504702,0.232009,0.427553,0.33288231
d__mortgage30us_mortgage30us__lag047,0.689655,0.071199,0.411411,0.33283511
q__bogz1fl713068703q_fed_dw_a__lag003,1.0,0.066809,0.265986,0.33279491
d__mortgage30us_mortgage30us__lag064,0.689655,0.071922,0.410562,0.33274794
q__bogz1fr153061105q_hhnp_tsy_reval__lag005,0.981191,0.099778,0.239317,0.33271682
d__dgs20_dgs20__lag071,0.805643,0.066712,0.346263,0.33271025
d__dgs2_dgs2__lag054,0.623824,0.108271,0.425056,0.33270202
d__wtregen_tga_fed__lag033,0.504702,0.231304,0.427618,0.33255921
d__wtregen_tga_fed__lag032,0.504702,0.233046,0.425855,0.33254884
d__wtregen_tga__lag038,0.504702,0.225661,0.432833,0.33234347
m__uspriv_uspriv__lag001,1.0,0.132256,0.200085,0.33234138
d__dgs20_dgs20__lag079,0.805643,0.068285,0.344031,0.33217907
q__bogz1fa513061113q_pci_bills_tx__lag006,0.978056,0.210192,0.129258,0.33200191
d__mortgage30us_mortgage30us__lag049,0.689655,0.070839,0.410563,0.33200133
d__wtregen_tga_fed__lag038,0.504702,0.22631,0.431277,0.33188548
m__fedfunds_fed_funds__lag010,0.890282,0.068196,0.304524,0.33182619
d__mortgage30us_mortgage30us__lag077,0.689655,0.06719,0.413927,0.33180455
d__mortgage30us_mortgage30us__lag045,0.689655,0.067136,0.413924,0.33176557
d__mortgage30us_mortgage30us__lag066,0.689655,0.070893,0.410128,0.33173813
d__mortgage30us_mortgage30us__lag048,0.689655,0.070224,0.410588,0.33159484
d__dgs20_dgs20__lag031,0.805643,0.063614,0.347278,0.33103152
d__dgs2_dgs2__lag055,0.623824,0.106516,0.424097,0.33100924
d__dgs20_dgs20__lag018,0.805643,0.061679,0.349118,0.33095565
d__dgs20_dgs20__lag069,0.805643,0.065193,0.345414,0.33080311
q__bogz1fa743061103q_usb_tsy_dom_tx__lag008,0.971787,0.133816,0.206404,0.33062117
q__bogz1fl712151003q_fed_repo__lag004,0.996865,0.114513,0.216874,0.3303475
d__dgs20_dgs20__lag029,0.805643,0.06328,0.346748,0.33033544
d__dgs20_dgs20__lag043,0.805643,0.06033,0.349678,0.33032023
d__wtregen_tga__lag037,0.504702,0.224455,0.429713,0.33016033
d__dgs20_dgs20__lag077,0.805643,0.063592,0.346212,0.33015582
m__umcsent_umcsent__lag007,0.915361,0.034987,0.325576,0.33004577
m__civpart_civpart__lag001,0.981191,0.114744,0.221508,0.32992741
d__dgs20_dgs20__lag012,0.805643,0.065921,0.343595,0.32992352
d__dgs20_dgs20__lag022,0.805643,0.060483,0.34896,0.3298648
m__payems_nonfarm_payrolls__lag001,1.0,0.128448,0.201345,0.32979256
d__dgs2_dgs2__lag051,0.623824,0.106642,0.421983,0.32976944
d__dgs20_dgs20__lag030,0.805643,0.062256,0.347007,0.32971946
d__wtregen_tga_fed__lag037,0.504702,0.225101,0.428139,0.32969195
d__dgs20_dgs20__lag027,0.805643,0.065372,0.343844,0.32968177
m__usgood_usgood__lag007,1.0,0.006235,0.32335,0.32958513
d__mortgage30us_mortgage30us__lag075,0.689655,0.065852,0.412021,0.32956755
m__ipncongd_ipncongd__lag008,0.987461,0.028343,0.305267,0.32942692
q__rowgseq027s_row_agency_flow__lag005,0.981191,0.126896,0.208807,0.32938843
d__mortgage30us_mortgage30us__lag051,0.689655,0.065511,0.411975,0.32930067
d__mortgage30us_mortgage30us__lag050,0.689655,0.068089,0.409372,0.32928354
d__dgs20_dgs20__lag078,0.805643,0.064144,0.344431,0.32916539
d__mortgage30us_mortgage30us__lag069,0.689655,0.068406,0.408718,0.3290507
d__dgs2_dgs2__lag058,0.623824,0.102569,0.42447,0.32878002
q__bogz1fl713123030q_tga__lag007,0.987461,0.137536,0.195345,0.32870729
q__bogz1fl713123030q_tga_z1__lag007,0.987461,0.137536,0.195345,0.32870729
d__dgs20_dgs20__lag072,0.805643,0.063157,0.344825,0.3286881
d__mortgage30us_mortgage30us__lag067,0.689655,0.068201,0.408335,0.32864594
d__dgs20_dgs20__lag056,0.805643,0.063844,0.344055,0.32862042
q__bogz1fr383061105q_dom_nonfin_sector_tsy_reval__lag005,0.981191,0.088273,0.24662,0.32859326
m__uempmean_uempmean__lag010,0.971787,0.209673,0.128338,0.32847527
d__mortgage30us_mortgage30us__lag068,0.689655,0.067849,0.408397,0.3284456
d__mortgage30us_mortgage30us__lag053,0.689655,0.064853,0.41136,0.32842241
q__bogz1lm903061103q_instrument_discrepancies_ts__lag008,0.984326,0.116332,0.217276,0.32837939
d__dgs2_dgs2__lag052,0.623824,0.105518,0.420836,0.32835261
q__bogz1fr403061105q_gses_ts_reval__lag002,0.990596,0.151283,0.180166,0.32833244
q__bogz1fa713061113q_cb_bills_tx__lag006,0.978056,0.051195,0.284499,0.32832766
d__dgs2_dgs2__lag089,0.623824,0.103856,0.422428,0.32830886
d__dgs20_dgs20__lag073,0.805643,0.061017,0.346436,0.32826156
d__dgs2_dgs2__lag053,0.623824,0.104131,0.421463,0.32787853
d__dgs2_dgs2__lag059,0.623824,0.100266,0.42509,0.32773
d__dgs20_dgs20__lag057,0.805643,0.060361,0.346314,0.327635
d__dgs20_dgs20__lag005,0.805643,0.066222,0.34044,0.3276242
d__wtregen_tga__lag036,0.504702,0.224698,0.424391,0.32759685
d__wtregen_tga__lag035,0.504702,0.224356,0.424511,0.32748438
d__dgs2_dgs2__lag060,0.623824,0.098534,0.426306,0.32740788
d__mortgage30us_mortgage30us__lag074,0.689655,0.064104,0.410529,0.32733284
d__dgs20_dgs20__lag019,0.805643,0.060433,0.345638,0.32714843
d__wtregen_tga_fed__lag036,0.504702,0.225342,0.4228,0.32711864
q__bogz1fl713061103q_fed_tsy__lag006,0.990596,0.19256,0.137646,0.32710048
q__bogz1fl713061103q_fed_tsy_raw__lag006,0.990596,0.19256,0.137646,0.32710048
q__bogz1fl713061103q_cb_tsy__lag006,0.990596,0.19256,0.137646,0.32710048
d__dgs20_dgs20__lag021,0.805643,0.057334,0.348655,0.32708184
d__dgs20_dgs20__lag068,0.805643,0.062269,0.343661,0.32703437
d__wtregen_tga_fed__lag035,0.504702,0.224997,0.422949,0.32701948
d__mortgage30us_mortgage30us__lag052,0.689655,0.063507,0.410645,0.3270011
m__srvprd_srvprd__lag009,1.0,0.152276,0.174693,0.32696887
q__bogz1fl713068703q_fed_dw_a__lag002,1.0,0.096132,0.230718,0.32685043
d__mortgage30us_mortgage30us__lag054,0.689655,0.063622,0.409963,0.32661045
q__bogz1fr663061165q_brokers_dealers_long_ts_reval__lag004,0.984326,0.080422,0.251376,0.32659701
d__mortgage30us_mortgage30us__lag073,0.689655,0.063936,0.409612,0.32658462
d__dgs2_dgs2__lag061,0.623824,0.097652,0.425837,0.32656532
m__wtisplc_wtisplc__lag010,0.996865,0.091826,0.235763,0.32656162
m__uempmean_uempmean__lag003,0.981191,0.113301,0.21948,0.32652175
q__ncbtsaq027s_nfcb_tsy_tx__lag008,0.971787,0.17639,0.15961,0.32652043
d__dgs20_dgs20__lag004,0.805643,0.066903,0.338237,0.32639775
d__wtregen_tga__lag039,0.504702,0.21953,0.4271,0.32635542
q__rowmmfq027s_row_moneymarketfundshares_flow__lag005,0.981191,0.112751,0.219843,0.32633855
q__bogz1fa343061105q_fed_gov_retirement_ts_tx__lag006,0.978056,0.200528,0.132987,0.3261967
d__wtregen_tga_fed__lag039,0.504702,0.220191,0.425558,0.32591108
d__dgs2_dgs2__lag087,0.623824,0.102763,0.419471,0.32578279
q__rowmslq027s_row_muni_flow__lag002,0.990596,0.221345,0.107497,0.32575031
d__dgs20_dgs20__lag001,0.805643,0.067123,0.336981,0.32556349
d__dgs20_dgs20__lag028,0.805643,0.062778,0.341305,0.32554678
q__rowtsaq027s_row_tsy_tx__lag002,0.990596,0.072465,0.256146,0.32552024
d__mortgage30us_mortgage30us__lag056,0.689655,0.062396,0.409555,0.32548308
d__mortgage30us_mortgage30us__lag055,0.689655,0.063187,0.408759,0.32547996
q__bogz1fr713061103q_cb_tsy_reval__lag007,0.974922,0.13654,0.197196,0.32536624
d__mortgage30us_mortgage30us__lag072,0.689655,0.062635,0.409095,0.32533105
d__mortgage30us_mortgage30us__lag076,0.689655,0.061736,0.40997,0.32531477
q__tgdef_net_gov_sav__lag005,0.978056,0.113134,0.219478,0.32531329
d__dgs20_dgs20__lag074,0.805643,0.058544,0.345205,0.3252775
q__bogz1fr103061103q_nfcb_tsy_reval__lag007,0.974922,0.129188,0.204426,0.32524772
q__bogz1lm403061105q_gses_ts__lag004,0.996865,0.10254,0.223588,0.32510492
q__bogz1lm403061105q_gse_tsy__lag004,0.996865,0.10254,0.223588,0.32510492
d__wtregen_tga__lag040,0.504702,0.218123,0.425186,0.32467968
d__dgs20_dgs20__lag075,0.805643,0.059044,0.343829,0.32457187
d__dgs2_dgs2__lag086,0.623824,0.102154,0.418087,0.32453862
m__usgood_usgood__lag008,1.0,0.001643,0.322866,0.3245093
q__bogz1fl263061130q_row_gov_tsy__lag006,0.990596,0.188919,0.138545,0.32438445
d__mortgage30us_mortgage30us__lag044,0.689655,0.059062,0.411234,0.32434258
d__dgs2_dgs2__lag071,0.623824,0.097522,0.422343,0.32430461
d__dgs2_dgs2__lag088,0.623824,0.101056,0.418797,0.32429739
d__wtregen_tga_fed__lag040,0.504702,0.218788,0.423651,0.32424069
d__dgs20_dgs20__lag008,0.805643,0.060367,0.341894,0.32407929
d__mortgage30us_mortgage30us__lag071,0.689655,0.060481,0.409315,0.3239977
m__ipmine_ipmine__lag005,1.0,0.159382,0.164564,0.32394563
d__dgs20_dgs20__lag076,0.805643,0.058246,0.343807,0.32391104
m__ipfinal_ipfinal__lag011,1.0,0.01999,0.303896,0.32388574
d__dgs2_dgs2__lag085,0.623824,0.098808,0.420303,0.32383397
m__ipncongd_ipncongd__lag005,0.990596,0.047451,0.279457,0.32383301
d__dgs20_dgs20__lag006,0.805643,0.062478,0.339465,0.32382166
q__bogz1fa313161110q_totalbills_z1_tx__lag005,0.981191,0.115691,0.214022,0.32351173
q__bogz1fa763061100q_usb_tsy_oth_tx__lag004,0.984326,0.036165,0.292426,0.32344097
d__dgs2_dgs2__lag072,0.623824,0.096345,0.421964,0.32333404
q__cbi_cbi__lag006,0.974922,0.099444,0.232143,0.32327181
d__dgs20_dgs20__lag016,0.805643,0.055791,0.345446,0.32325306
m__awhman_awhman__lag010,1.0,0.109701,0.213519,0.32322043
d__dgs2_dgs2__lag064,0.623824,0.09465,0.4232,0.32304778
d__dgs2_dgs2__lag062,0.623824,0.094408,0.423347,0.32298851
m__uspriv_uspriv__lag007,1.0,0.113183,0.209658,0.32284118
d__dgs20_dgs20__lag007,0.805643,0.062265,0.338398,0.32279072
d__dgs2_dgs2__lag073,0.623824,0.09491,0.422232,0.32260542
q__bogz1fa263061110q_row_bills_tx__lag004,0.984326,0.07724,0.250347,0.32245299
d__wtregen_tga__lag045,0.504702,0.211102,0.427791,0.322451
q__bogz1fl702150005q_usb_ffrepo__lag006,0.990596,0.176377,0.149037,0.32235432
d__dgs2_dgs2__lag065,0.623824,0.093763,0.422965,0.32234752
d__wtregen_tga__lag064,0.504702,0.213248,0.425403,0.32232823
d__wtregen_tga_fed__lag064,0.504702,0.213248,0.425403,0.32232823
d__mortgage30us_mortgage30us__lag063,0.689655,0.060996,0.406357,0.32231239
d__dgs2_dgs2__lag069,0.623824,0.0959,0.420746,0.32229614
q__bopbca_bopbca__lag002,0.824451,0.218325,0.172572,0.32227497
d__dexjpus_dexjpus__lag025,0.69279,0.152918,0.312236,0.32225389
d__dgs2_dgs2__lag075,0.623824,0.096163,0.420414,0.32225297
d__mortgage30us_mortgage30us__lag059,0.689655,0.059148,0.408111,0.32224803
d__wtregen_tga_fed__lag045,0.504702,0.211796,0.426347,0.32207223
d__dgs20_dgs20__lag010,0.805643,0.056814,0.342875,0.32200619
m__manemp_manemp__lag008,1.0,0.010666,0.311279,0.32194419
d__dgs20_dgs20__lag020,0.805643,0.05536,0.344211,0.32191148
d__mortgage30us_mortgage30us__lag060,0.689655,0.059941,0.406791,0.32188458
d__dgs2_dgs2__lag083,0.623824,0.0979,0.418033,0.32185174
d__wtregen_tga__lag041,0.504702,0.216929,0.420709,0.32181717
q__ad02rc1q027sbea_gov_netlending__lag008,0.811912,0.16775,0.228459,0.32168654
d__wtregen_tga__lag044,0.504702,0.214438,0.422729,0.32157917
d__wtregen_tga_fed__lag041,0.504702,0.217601,0.419201,0.3213957
q__ad02rc1q027sbea_gov_netlending__lag003,0.827586,0.02128,0.367021,0.32135195
d__dgs2_dgs2__lag077,0.623824,0.09654,0.418536,0.32131679
d__dgs2_dgs2__lag070,0.623824,0.095961,0.419092,0.32130268
d__dgs2_dgs2__lag063,0.623824,0.092596,0.422441,0.32129246
d__wtregen_tga__lag063,0.504702,0.211737,0.424692,0.32120704
d__wtregen_tga_fed__lag063,0.504702,0.211737,0.424692,0.32120704
d__wtregen_tga_fed__lag044,0.504702,0.215124,0.421266,0.32118738
m__ipmine_ipmine__lag006,1.0,0.15453,0.166619,0.32114905
d__dgs20_dgs20__lag017,0.805643,0.054477,0.344109,0.32111753
d__dgs2_dgs2__lag074,0.623824,0.095096,0.419617,0.32109018
d__dgs2_dgs2__lag084,0.623824,0.096214,0.418236,0.32092652
d__dgs2_dgs2__lag078,0.623824,0.095817,0.418585,0.32089681
m__awhman_awhman__lag001,1.0,0.178808,0.142053,0.32086057
q__ib0000043q086sbea_imp_ind_pi__lag002,0.733542,0.081451,0.355798,0.32074079
d__wtregen_tga__lag065,0.504702,0.207902,0.427237,0.320556
d__wtregen_tga_fed__lag065,0.504702,0.207902,0.427237,0.320556
d__wtregen_tga__lag052,0.504702,0.204874,0.430093,0.3204695
d__wtregen_tga_fed__lag052,0.504702,0.204874,0.430093,0.3204695
d__wtregen_tga__lag051,0.504702,0.207436,0.427456,0.3204313
d__wtregen_tga_fed__lag051,0.504702,0.207436,0.427456,0.3204313
d__dgs20_dgs20__lag044,0.805643,0.052347,0.345295,0.32035733
q__bogz1fa263061130q_row_gov_tsy_tx__lag002,0.990596,0.045994,0.277227,0.32018142
q__fbtsatq027s_dom_fin_sector_tsy_tx__lag008,0.971787,0.125634,0.203723,0.32006508
d__dgs20_dgs20__lag065,0.805643,0.05376,0.343374,0.31994794
d__mortgage30us_mortgage30us__lag062,0.689655,0.058854,0.405008,0.31990493
d__dgs20_dgs20__lag067,0.805643,0.055964,0.341109,0.31989907
q__bogz1fa263061130q_row_gov_tsy_tx__lag005,0.981191,0.075244,0.250721,0.31983338
d__mortgage30us_mortgage30us__lag061,0.689655,0.057864,0.405511,0.31956835
q__bogz1fa343061113q_fed_gov_dcf_retirement_ts_tx__lag005,0.981191,0.225021,0.100602,0.31949848
d__wtregen_tga__lag043,0.504702,0.214705,0.41824,0.31944854
d__dgs20_dgs20__lag066,0.805643,0.052296,0.344148,0.31939235
m__mtso133fms_fedgov_out__lag009,0.564263,0.187101,0.378866,0.31935413
d__dgs2_dgs2__lag081,0.623824,0.095413,0.416271,0.31920102
d__wtregen_tga_fed__lag043,0.504702,0.215389,0.416761,0.31904787
d__dgs2_dgs2__lag068,0.623824,0.092055,0.419341,0.31902152
q__bogz1fa663061165q_brokers_dealers_long_ts_tx__lag004,0.984326,0.189461,0.134493,0.31887688
d__dgs2_dgs2__lag076,0.623824,0.093703,0.417412,0.31884591
d__wtregen_tga__lag046,0.504702,0.208214,0.423233,0.31869265
q__bogz1fr553061103q_closed_end_funds_ts_reval__lag005,0.981191,0.132506,0.192282,0.31867882
m__baaffm_baaff__lag008,0.893417,0.038163,0.318222,0.31840017
d__wtregen_tga_fed__lag046,0.504702,0.208915,0.421798,0.31832242
m__civpart_civpart__lag005,0.978056,0.142022,0.183359,0.31824153
d__dexjpus_dexjpus__lag002,0.69279,0.157659,0.30166,0.3182116
d__dgs2_dgs2__lag080,0.623824,0.095485,0.414532,0.31816109
m__uspriv_uspriv__lag006,1.0,0.127808,0.190309,0.31811741
d__dexjpus_dexjpus__lag024,0.69279,0.150251,0.308431,0.31776999
m__mcumfn_caputil_man__lag012,0.670846,0.079238,0.394345,0.31770143
q__a464rc1q027sbea_nfcb_pbt__lag004,0.981191,0.182476,0.141294,0.31767984
m__umcsent_umcsent__lag002,0.92163,0.04738,0.297133,0.31751348
d__wtregen_tga__lag062,0.504702,0.206742,0.42232,0.31748858
d__wtregen_tga_fed__lag062,0.504702,0.206742,0.42232,0.31748858
q__ad02rc1q027sbea_gov_netlending__lag007,0.815047,0.138196,0.25131,0.31746551
d__wtregen_tga__lag048,0.504702,0.207109,0.421877,0.3174503
q__bogz1lm653061113q_mf_bills_raw__lag005,0.99373,0.02264,0.296808,0.31744492
q__bogz1lm653061113q_mutf_bills__lag005,0.99373,0.02264,0.296808,0.31744492
d__wtregen_tga__lag049,0.504702,0.206555,0.422394,0.31743219
d__wtregen_tga__lag042,0.504702,0.213016,0.415795,0.31736227
d__dgs2_dgs2__lag066,0.623824,0.089929,0.418795,0.31735399
d__dgs2_dgs2__lag082,0.623824,0.092386,0.416228,0.31728604
q__na000283q_gov_current_exp__lag001,0.990596,0.05293,0.267364,0.31728266
d__wtregen_tga__lag050,0.504702,0.206361,0.422104,0.3171876
d__wtregen_tga_fed__lag050,0.504702,0.206361,0.422104,0.3171876
q__bogz1fl673061103q_abs_issuers_ts__lag001,1.0,0.227637,0.089492,0.31712903
d__wtregen_tga_fed__lag048,0.504702,0.207818,0.420453,0.31708979
d__wtregen_tga_fed__lag049,0.504702,0.207267,0.420964,0.31706958
d__vixcls_vixcls__lag066,0.454545,0.307945,0.389508,0.31702436
d__wtregen_tga_fed__lag042,0.504702,0.213696,0.414313,0.31695762
q__fgexpnd_fgexpnd__lag001,0.990596,0.053213,0.26672,0.31692382
q__bogz1lm653061113q_mf_bills_raw__lag006,0.990596,0.000251,0.319598,0.31684125
q__bogz1lm653061113q_mutf_bills__lag006,0.990596,0.000251,0.319598,0.31684125
d__wtregen_tga__lag061,0.504702,0.206036,0.421528,0.31673334
d__wtregen_tga_fed__lag061,0.504702,0.206036,0.421528,0.31673334
m__fedfunds_fed_funds__lag009,0.893417,0.03143,0.322978,0.31663477
d__wtregen_tga__lag047,0.504702,0.205678,0.421591,0.31658407
d__dgs2_dgs2__lag067,0.623824,0.089633,0.417652,0.31645699
d__wtregen_tga__lag060,0.504702,0.204971,0.422037,0.31645233
d__wtregen_tga_fed__lag060,0.504702,0.204971,0.422037,0.31645233
d__dgs20_dgs20__lag046,0.805643,0.049546,0.343005,0.31625544
d__wtregen_tga_fed__lag047,0.504702,0.206385,0.42016,0.31621871
d__dgs20_dgs20__lag048,0.805643,0.052078,0.340387,0.31618619
d__dexjpus_dexjpus__lag018,0.69279,0.149122,0.30726,0.31617693
d__mortgage30us_mortgage30us__lag057,0.689655,0.052913,0.405192,0.31593412
d__dexjpus_dexjpus__lag027,0.69279,0.149143,0.3068,0.31587261
m__payems_nonfarm_payrolls__lag007,1.0,0.10847,0.207398,0.31586776
q__rowtsaq027s_row_tsy_tx__lag004,0.984326,0.129101,0.191497,0.31557324
d__mortgage30us_mortgage30us__lag058,0.689655,0.053073,0.40436,0.31547098
m__awotman_awotman__lag002,0.880878,0.13703,0.221102,0.31547039
d__dgs20_dgs20__lag058,0.805643,0.049493,0.34202,0.31541901
q__hnotsbq027s_hhnp_tsy_tx__lag002,0.990596,0.120234,0.198177,0.31541688
d__dexjpus_dexjpus__lag021,0.69279,0.146753,0.308296,0.31525378
d__vixcls_vixcls__lag058,0.454545,0.297146,0.39624,0.31517521
d__dgs20_dgs20__lag045,0.805643,0.047283,0.34392,0.31516996
d__dexjpus_dexjpus__lag029,0.69279,0.146911,0.307842,0.31504776
d__dexjpus_dexjpus__lag003,0.69279,0.153735,0.300873,0.31494815
d__wtregen_tga__lag059,0.504702,0.20301,0.420936,0.31490693
d__wtregen_tga_fed__lag059,0.504702,0.20301,0.420936,0.31490693
m__baaffm_baaff__lag009,0.893417,0.02753,0.32481,0.3147868
m__uspriv_uspriv__lag005,1.0,0.124296,0.190481,0.31477647
q__bogz1lm403061105q_gses_ts__lag003,1.0,0.004402,0.310326,0.31472767
q__bogz1lm403061105q_gse_tsy__lag003,1.0,0.004402,0.310326,0.31472767
d__dexjpus_dexjpus__lag020,0.69279,0.146886,0.307248,0.31461908
d__dexjpus_dexjpus__lag026,0.69279,0.146879,0.307206,0.31458564
q__psave_psave__lag005,0.978056,0.125671,0.195963,0.31457663
m__civpart_civpart__lag010,0.971787,0.195982,0.127707,0.31455586
d__dgs2_dgs2__lag079,0.623824,0.089933,0.414194,0.31448707
m__tcu_tcu__lag011,0.733542,0.053117,0.375565,0.31445615
d__dgs20_dgs20__lag055,0.805643,0.051444,0.338685,0.3143043
d__vixcls_vixcls__lag067,0.454545,0.306325,0.384969,0.31422468
d__dexjpus_dexjpus__lag001,0.69279,0.155494,0.297935,0.31413103
m__uspriv_uspriv__lag004,1.0,0.119656,0.194089,0.31374565
d__dexjpus_dexjpus__lag023,0.69279,0.147023,0.305692,0.31363594
q__bogz1fr223061143q_state_local_db_retirement_ts_reval__lag008,0.971787,0.094191,0.228511,0.31359731
q__fgdef_fgdef__lag008,0.968652,0.137816,0.185887,0.31355572
d__dexjpus_dexjpus__lag030,0.69279,0.144536,0.308021,0.31352704
d__dgs20_dgs20__lag054,0.805643,0.049171,0.339928,0.3134749
q__bogz1fr383061105q_dom_nonfin_sector_tsy_reval__lag004,0.984326,0.08034,0.238027,0.31337754
q__bogz1fr403061105q_gses_ts_reval__lag001,0.99373,0.094921,0.220419,0.3133629
q__tgdef_net_gov_sav__lag008,0.968652,0.155076,0.16812,0.3130645
q__rowceaq027s_row_corpequities_flow__lag007,0.974922,0.103273,0.217731,0.31295383
q__rowcbaq027s_row_corpbonds_flow__lag007,0.974922,0.086658,0.234306,0.31291484
d__dexjpus_dexjpus__lag015,0.69279,0.14679,0.304532,0.31267132
m__totresns_res__lag012,0.833856,0.292625,0.082269,0.31260736
m__payems_nonfarm_payrolls__lag006,1.0,0.124138,0.188385,0.31252333
m__manemp_manemp__lag007,1.0,0.012839,0.299492,0.31233038
m__civpart_civpart__lag011,0.971787,0.213229,0.107691,0.31186523
m__totresns_res__lag001,0.84326,0.205716,0.164051,0.31180995
d__dgs20_dgs20__lag009,0.805643,0.048519,0.338455,0.31176287
d__dexjpus_dexjpus__lag022,0.69279,0.144286,0.304757,0.31109264
d__dexjpus_dexjpus__lag008,0.69279,0.14751,0.301426,0.31101836
d__dexjpus_dexjpus__lag054,0.69279,0.142771,0.306139,0.31100049
q__bogz1fr743061103q_usb_tsy_dom_reval__lag007,0.974922,0.111591,0.207316,0.31090999
d__dexjpus_dexjpus__lag028,0.69279,0.145076,0.303636,0.3108626
q__fgdef_fgdef__lag006,0.974922,0.124804,0.194043,0.31085117
d__wtregen_tga__lag053,0.504702,0.19589,0.419987,0.31083436
d__wtregen_tga_fed__lag053,0.504702,0.19589,0.419987,0.31083436
m__awhman_awhman__lag003,1.0,0.134988,0.175809,0.31079749
m__mtsds133fms_fed_surplus_deficit__lag011,0.561129,0.217423,0.336395,0.31076301
q__bogz1fl313024000q_tres_oper_cash__lag007,0.987461,0.102295,0.212315,0.31066484
d__dexjpus_dexjpus__lag019,0.69279,0.144914,0.303259,0.31049011
q__bogz1fr263061145q_row_priv_tsy_reval__lag008,0.971787,0.094384,0.224953,0.31032779
q__bogz1fl263061130q_row_gov_tsy__lag007,0.987461,0.185216,0.128795,0.31007368
m__civpart_civpart__lag012,0.971787,0.200389,0.118663,0.31005046
m__srvprd_srvprd__lag008,1.0,0.142816,0.16717,0.30998651
q__bogz1fr553061103q_closed_end_funds_ts_reval__lag007,0.974922,0.175019,0.142939,0.3099846
d__dexjpus_dexjpus__lag069,0.69279,0.145851,0.301558,0.3099605
q__cbi_cbi__lag001,0.990596,0.094979,0.217633,0.30967256
q__ad02rc1q027sbea_gov_netlending__lag004,0.824451,0.039139,0.336471,0.30967252
q__bogz1fl263061130q_row_gov_tsy__lag008,0.984326,0.203988,0.110542,0.30960078
d__dexjpus_dexjpus__lag057,0.69279,0.139347,0.307441,0.30953046
d__dexjpus_dexjpus__lag014,0.69279,0.145347,0.301275,0.30941512
m__wtisplc_wtisplc__lag009,1.0,0.08499,0.224339,0.3093292
d__dexjpus_dexjpus__lag067,0.69279,0.144645,0.30141,0.3090229
d__dexjpus_dexjpus__lag042,0.69279,0.143794,0.302078,0.30889623
d__dexjpus_dexjpus__lag068,0.69279,0.144556,0.301205,0.30881857
q__bogz1fl713061103q_fed_tsy__lag007,0.987461,0.165654,0.147014,0.30874751
q__bogz1fl713061103q_fed_tsy_raw__lag007,0.987461,0.165654,0.147014,0.30874751
q__bogz1fl713061103q_cb_tsy__lag007,0.987461,0.165654,0.147014,0.30874751
d__dexjpus_dexjpus__lag016,0.69279,0.142029,0.303628,0.30874683
d__vixcls_vixcls__lag057,0.454545,0.303462,0.375674,0.30869837
d__dexjpus_dexjpus__lag031,0.69279,0.141263,0.304244,0.30864332
d__vixcls_vixcls__lag045,0.454545,0.302337,0.376595,0.30860518
d__dexjpus_dexjpus__lag011,0.69279,0.145097,0.300051,0.30839404
m__payems_nonfarm_payrolls__lag004,1.0,0.115603,0.192692,0.30829549
d__dexjpus_dexjpus__lag066,0.69279,0.142217,0.302788,0.30829505
d__dexjpus_dexjpus__lag012,0.69279,0.145905,0.299099,0.30829455
m__fedfunds_fed_funds__lag005,0.896552,0.013484,0.330355,0.30826933
d__wtregen_tga__lag058,0.504702,0.198868,0.41186,0.30823553
d__wtregen_tga_fed__lag058,0.504702,0.198868,0.41186,0.30823553
q__bogz1fa633061105q_money_market_funds_ts_tx__lag001,0.99373,0.135722,0.174431,0.30820778
d__dexjpus_dexjpus__lag017,0.69279,0.142595,0.302264,0.30819384
d__wtregen_tga__lag054,0.504702,0.195432,0.415168,0.30817129
d__wtregen_tga_fed__lag054,0.504702,0.195432,0.415168,0.30817129
q__bogz1fa213061103q_state_local_gov_ts_tx__lag005,0.981191,0.162934,0.151054,0.30808299
d__dexjpus_dexjpus__lag085,0.69279,0.142969,0.301509,0.30792934
d__dgs20_dgs20__lag060,0.805643,0.04292,0.339236,0.30788129
q__bogz1fr263061130q_row_gov_tsy_reval__lag007,0.974922,0.140142,0.175643,0.30786524
q__bogz1fa593061105q_pension_ts_tx__lag008,0.971787,0.138848,0.17783,0.30774278
m__awhman_awhman__lag006,1.0,0.178421,0.129306,0.3077274
d__dexjpus_dexjpus__lag040,0.69279,0.141828,0.302347,0.30771973
m__ipmine_ipmine__lag003,1.0,0.149976,0.157724,0.30770014
d__dexjpus_dexjpus__lag055,0.69279,0.139975,0.303967,0.30755875
d__vixcls_vixcls__lag070,0.454545,0.290467,0.386006,0.30748759
d__dexjpus_dexjpus__lag007,0.69279,0.146621,0.297058,0.30737655
q__bogz1fl713061113q_cb_bills_raw__lag006,0.990596,0.058015,0.25216,0.30725828
q__bogz1fl713061113q_cb_bills__lag006,0.990596,0.058015,0.25216,0.30725828
q__a464rc1q027sbea_nfcb_pbt__lag006,0.974922,0.171882,0.143264,0.30724304
d__dexjpus_dexjpus__lag090,0.689655,0.140127,0.305365,0.30723572
m__ipmine_ipmine__lag002,1.0,0.142251,0.16494,0.30719132
d__dexjpus_dexjpus__lag004,0.69279,0.147543,0.295769,0.3071221
m__ipncongd_ipncongd__lag007,0.987461,0.034967,0.275898,0.30696707
q__bogz1lm543061115q_li_bills__lag002,1.0,0.032895,0.274007,0.30690145
d__dexjpus_dexjpus__lag084,0.69279,0.142833,0.300109,0.30686571
m__ipman_ipman__lag010,0.670846,0.107789,0.349552,0.30680566
q__bogz1fr653061105q_mutual_funds_ts_reval__lag008,0.971787,0.084706,0.230906,0.30670751
q__bogz1lm543061115q_li_bills__lag004,0.996865,0.092475,0.215189,0.30670036
d__dexjpus_dexjpus__lag013,0.69279,0.144498,0.298184,0.30668573
m__payems_nonfarm_payrolls__lag005,1.0,0.118862,0.1878,0.30666233
d__dexjpus_dexjpus__lag039,0.69279,0.141986,0.300631,0.30664091
d__dgs20_dgs20__lag064,0.805643,0.042827,0.337669,0.30654381
d__dexjpus_dexjpus__lag041,0.69279,0.141353,0.300873,0.30637001
d__dexjpus_dexjpus__lag056,0.69279,0.140123,0.301891,0.30622289
q__bogz1fa343061105q_fed_gov_retirement_ts_tx__lag005,0.981191,0.100676,0.210907,0.30572219
d__dexjpus_dexjpus__lag035,0.69279,0.136381,0.304784,0.30563486
d__dexjpus_dexjpus__lag082,0.69279,0.141529,0.299575,0.30559192
q__bogz1fa653061113q_mutf_bills_tx__lag003,0.987461,0.105472,0.203967,0.30555883
d__dexjpus_dexjpus__lag034,0.69279,0.135736,0.305221,0.30549074
d__dgs20_dgs20__lag062,0.805643,0.041071,0.338067,0.30544948
d__wtregen_tga__lag056,0.504702,0.195739,0.409461,0.30544557
d__wtregen_tga_fed__lag056,0.504702,0.195739,0.409461,0.30544557
d__wtregen_tga__lag057,0.504702,0.195304,0.409892,0.30544367
d__wtregen_tga_fed__lag057,0.504702,0.195304,0.409892,0.30544367
m__ipncongd_ipncongd__lag010,0.984326,0.021846,0.288443,0.30542533
d__dexjpus_dexjpus__lag033,0.69279,0.136157,0.30463,0.30537259
q__bogz1fa573061133q_private_dc_pension_ts_tx__lag003,0.987461,0.047192,0.262048,0.30536181
d__dgs20_dgs20__lag061,0.805643,0.040501,0.338468,0.30531355
d__vixcls_vixcls__lag046,0.454545,0.29409,0.377409,0.30522677
d__dexjpus_dexjpus__lag010,0.69279,0.141951,0.298539,0.30516696
d__dexjpus_dexjpus__lag083,0.69279,0.142542,0.297909,0.30514053
d__dexjpus_dexjpus__lag087,0.69279,0.139932,0.300397,0.30505573
d__dgs20_dgs20__lag047,0.805643,0.042607,0.336017,0.3050358
m__recprousm156n_recprob__lag008,0.730408,0.150136,0.26743,0.30499316
d__dexjpus_dexjpus__lag065,0.69279,0.139565,0.300235,0.30468966
d__dexjpus_dexjpus__lag009,0.69279,0.141524,0.298222,0.30465146
d__dexjpus_dexjpus__lag043,0.69279,0.138412,0.301237,0.30458476
q__rowmfsq027s_row_mutualfundshares_flow__lag002,0.990596,0.168436,0.139012,0.30455658
d__dexjpus_dexjpus__lag005,0.69279,0.144911,0.294437,0.30437585
q__bogz1fr713061103q_cb_tsy_reval__lag005,0.981191,0.064599,0.245524,0.30429027
d__dexjpus_dexjpus__lag086,0.69279,0.139101,0.299681,0.3039835
d__dexjpus_dexjpus__lag032,0.69279,0.136345,0.302392,0.30395259
d__vixcls_vixcls__lag074,0.454545,0.305723,0.362273,0.30363461
q__bogz1lm663061105q_brokers_dealers_ts__lag005,0.99373,0.126173,0.179321,0.30357903
d__wtregen_tga__lag055,0.504702,0.192775,0.408659,0.30354517
d__wtregen_tga_fed__lag055,0.504702,0.192775,0.408659,0.30354517
d__dexjpus_dexjpus__lag080,0.69279,0.141272,0.296671,0.30340276
d__vixcls_vixcls__lag068,0.454545,0.291552,0.375817,0.30334924
m__ipncongd_ipncongd__lag003,0.99373,0.023054,0.282168,0.30330838
d__dexjpus_dexjpus__lag006,0.69279,0.143872,0.293902,0.30328538
q__bogz1fl702150005q_usb_ffrepo__lag007,0.987461,0.173733,0.133332,0.30321437
d__vixcls_vixcls__lag073,0.454545,0.285571,0.381174,0.30306613
q__bogz1fr263061105q_row_bills_reval__lag008,0.971787,0.099337,0.212227,0.30277455
q__bogz1fr263061105q_row_tsy_reval__lag008,0.971787,0.099337,0.212227,0.30277455
q__hnotsbq027s_hhnp_tsy_tx__lag003,0.987461,0.103379,0.203056,0.30259254
d__dexjpus_dexjpus__lag036,0.69279,0.135416,0.301235,0.30250731
d__dexjpus_dexjpus__lag060,0.69279,0.13388,0.30272,0.30247231
d__vixcls_vixcls__lag056,0.454545,0.29201,0.373091,0.30231887
d__dexjpus_dexjpus__lag037,0.69279,0.136816,0.299515,0.30228574
d__dexjpus_dexjpus__lag044,0.69279,0.136158,0.300123,0.30225131
d__dexjpus_dexjpus__lag045,0.69279,0.136134,0.299498,0.30180178
d__dexjpus_dexjpus__lag059,0.69279,0.133546,0.302054,0.30177873
d__dexjpus_dexjpus__lag038,0.69279,0.136513,0.299048,0.30175224
d__dexjpus_dexjpus__lag070,0.69279,0.137896,0.297493,0.3016333
d__dexjpus_dexjpus__lag071,0.69279,0.136955,0.298353,0.30157652
d__dexjpus_dexjpus__lag081,0.69279,0.139135,0.296121,0.30154132
q__bogz1lm343061105q_fed_gov_retirement_ts__lag001,1.0,0.09679,0.204598,0.30138784
q__bogz1lm343061105q_fed_ret_tsy_total__lag001,1.0,0.09679,0.204598,0.30138784
q__bogz1fa693061105q_nonmmf_ts_tx__lag004,0.984326,0.147018,0.159088,0.30130806
q__bogz1fa693061105q_nonmmmf_ts_tx__lag004,0.984326,0.147018,0.159088,0.30130806
q__bogz1fa343061123q_fed_gov_dcg_retirement_ts_tx__lag001,0.99373,0.153674,0.149519,0.30129157
d__dexjpus_dexjpus__lag061,0.69279,0.133181,0.301704,0.3012843
q__bogz1lm343061105q_fed_gov_retirement_ts__lag002,1.0,0.080213,0.221046,0.301259
q__bogz1lm343061105q_fed_ret_tsy_total__lag002,1.0,0.080213,0.221046,0.301259
d__dexjpus_dexjpus__lag058,0.69279,0.133339,0.301419,0.30119601
q__bogz1fa263061110q_row_bills_tx__lag007,0.974922,0.182465,0.126251,0.30097317
q__bogz1fr343061165q_fed_gov_db_retirement_ts_reval__lag008,0.971787,0.129611,0.179646,0.30053237
m__totresns_res__lag002,0.84326,0.203489,0.152793,0.30043862
m__ipmine_ipmine__lag004,1.0,0.15342,0.14675,0.30017055
d__dexjpus_dexjpus__lag062,0.69279,0.13335,0.299905,0.30015515
m__ipmat_ipmat__lag012,1.0,0.088699,0.211392,0.30009066
q__bogz1fa573061105q_private_pension_ts_tx__lag001,0.99373,0.044979,0.25698,0.30006563
d__dexjpus_dexjpus__lag053,0.69279,0.134701,0.298388,0.30003935
q__bogz1fa223061143q_state_local_db_retirement_ts_tx__lag007,0.974922,0.146511,0.161094,0.29989035
d__dgs20_dgs20__lag063,0.805643,0.037106,0.335121,0.29988161
m__civpart_civpart__lag006,0.978056,0.112051,0.194542,0.29986514
q__bogz1fl543061175q_life_insurance_ts__lag005,0.99373,0.142893,0.158814,0.29981559
q__bogz1fr593061105q_pension_ts_reval__lag008,0.971787,0.088588,0.219679,0.29956972
d__dexjpus_dexjpus__lag072,0.69279,0.13376,0.298645,0.29956576
d__vixcls_vixcls__lag072,0.454545,0.277474,0.381391,0.2994841
m__srvprd_srvprd__lag003,1.0,0.13474,0.164678,0.29941773
d__dexjpus_dexjpus__lag049,0.69279,0.134493,0.297683,0.29940742
d__dexjpus_dexjpus__lag089,0.689655,0.134884,0.299228,0.29938782
q__bogz1fa753061103q_usb_tsy_for_tx__lag005,0.981191,0.164574,0.140413,0.29925034
d__dgs30_dgs30__lag090,0.61442,0.124185,0.362615,0.2990998
m__mich_mich__lag010,0.595611,0.073632,0.428507,0.29907946
d__dexjpus_dexjpus__lag063,0.69279,0.134651,0.296949,0.29900845
q__b639rg3q086sbea_exp_ind_pi__lag002,0.736677,0.196662,0.209194,0.29898479
m__ipmine_ipmine__lag009,1.0,0.11672,0.182236,0.29895603
d__dexjpus_dexjpus__lag048,0.69279,0.133831,0.297523,0.29883805
q__rowtsaq027s_row_tsy_tx__lag006,0.978056,0.117661,0.18788,0.29883568
d__dexjpus_dexjpus__lag047,0.69279,0.133418,0.297462,0.29850978
m__wpu0561_ppi_crude__lag010,0.984326,0.082674,0.220442,0.29836482
d__dexjpus_dexjpus__lag046,0.69279,0.133015,0.297453,0.29822437
q__bogz1fa473061105q_credit_unions_ts_tx__lag005,0.981191,0.143922,0.159833,0.29804175
m__baaffm_baaff__lag012,0.890282,0.089717,0.245036,0.29802473
m__baaffm_baaff__lag007,0.893417,0.030314,0.303129,0.29790392
d__dgs20_dgs20__lag049,0.805643,0.036646,0.333043,0.29783761
m__totresns_res__lag003,0.84326,0.217815,0.135288,0.29775757
q__bogz1fa573061105q_private_pension_ts_tx__lag006,0.978056,0.069627,0.234776,0.29772335
d__vixcls_vixcls__lag090,0.451411,0.281809,0.377699,0.29770921
q__bogz1fa713068703q_fed_dw_tx__lag004,0.984326,0.159129,0.143196,0.29758614
q__bogz1fa313161305q_gov_nonmarketable_ts_tx__lag004,0.984326,0.145924,0.156342,0.29752779
m__srvprd_srvprd__lag002,1.0,0.135612,0.161872,0.29748415
d__vixcls_vixcls__lag069,0.454545,0.28933,0.364711,0.29729147
q__bogz1fr343061165q_fed_gov_db_retirement_ts_reval__lag002,0.990596,0.136614,0.16342,0.29721227
d__dexjpus_dexjpus__lag064,0.69279,0.132085,0.296834,0.29715026
m__awhman_awhman__lag004,1.0,0.146369,0.150581,0.29695013
q__bogz1fr343061165q_fed_gov_db_retirement_ts_reval__lag005,0.981191,0.102301,0.200151,0.29676348
d__dgs20_dgs20__lag050,0.805643,0.038389,0.329568,0.29644111
q__bogz1fr713061113q_cb_bills_reval__lag006,0.978056,0.112536,0.19052,0.29640561
d__dexjpus_dexjpus__lag073,0.69279,0.13077,0.296356,0.29590876
m__mcumfn_caputil_man__lag011,0.670846,0.068697,0.372295,0.29583779
m__civpart_civpart__lag007,0.974922,0.125029,0.178281,0.29570269
d__dexjpus_dexjpus__lag050,0.69279,0.132178,0.294517,0.29560939
q__bogz1fl704135005q_usb_loan_l__lag003,1.0,0.259077,0.036533,0.29560915
m__totresns_res__lag011,0.833856,0.277283,0.07698,0.29540391
m__ipmat_ipmat__lag011,1.0,0.083181,0.21216,0.29534125
d__dexjpus_dexjpus__lag079,0.69279,0.132978,0.293246,0.29528321
d__dgs30_dgs30__lag089,0.61442,0.120877,0.359674,0.29526035
q__bogz1fr403061105q_gses_ts_reval__lag007,0.974922,0.081117,0.22163,0.2951548
q__bogz1fr343061105q_fed_gov_retirement_ts_reval__lag008,0.971787,0.095826,0.207738,0.29499953
m__baaffm_baaff__lag011,0.890282,0.073272,0.257992,0.29491851
q__bogz1fa403061105q_gses_ts_tx__lag005,0.981191,0.032542,0.26801,0.29489967
d__dexjpus_dexjpus__lag078,0.69279,0.132079,0.293577,0.29489047
m__baaffm_baaff__lag004,0.896552,0.032494,0.296389,0.29486004
d__dexjpus_dexjpus__lag075,0.69279,0.132288,0.293156,0.29474317
q__bogz1lm263061110q_row_bills_raw__lag003,1.0,0.092303,0.202209,0.29451229
q__bogz1lm263061110q_row_bills__lag003,1.0,0.092303,0.202209,0.29451229
d__dexjpus_dexjpus__lag088,0.689655,0.131735,0.295162,0.29441201
d__vixcls_vixcls__lag075,0.454545,0.287385,0.360288,0.29439671
d__vixcls_vixcls__lag047,0.454545,0.283087,0.364218,0.29422967
m__ipncongd_ipncongd__lag006,0.990596,0.008115,0.288704,0.29402775
d__dexjpus_dexjpus__lag051,0.69279,0.127882,0.296447,0.29397123
d__dexjpus_dexjpus__lag076,0.69279,0.131911,0.292389,0.29395078
d__dgs20_dgs20__lag059,0.805643,0.031913,0.33227,0.29340208
m__fedfunds_fed_funds__lag008,0.893417,0.011673,0.316518,0.29321176
q__bogz1lm653061113q_mf_bills_raw__lag002,1.0,0.132326,0.160853,0.29317852
q__bogz1lm653061113q_mutf_bills__lag002,1.0,0.132326,0.160853,0.29317852
q__bogz1fl313161110q_totalbills_z1__lag001,1.0,0.074632,0.218517,0.29314979
q__bogz1fa713061113q_cb_bills_tx__lag007,0.974922,0.085262,0.215414,0.29313579
q__bogz1fa653061105q_mutual_funds_ts_tx__lag002,0.990596,0.177404,0.118173,0.29279733
d__dexjpus_dexjpus__lag052,0.69279,0.126109,0.296027,0.29245207
d__dexjpus_dexjpus__lag074,0.69279,0.128941,0.293184,0.29244425
q__bogz1fa513061105q_pc_insurance_ts_tx__lag003,0.987461,0.135192,0.160922,0.29240108
d__dexjpus_dexjpus__lag077,0.69279,0.131016,0.290776,0.29221322
q__bogz1lm263061110q_row_bills_raw__lag004,0.996865,0.128559,0.164496,0.29213562
q__bogz1lm263061110q_row_bills__lag004,0.996865,0.128559,0.164496,0.29213562
q__bopbca_bopbca__lag003,0.821317,0.191911,0.163717,0.29208296
m__ipbuseq_ipbuseq__lag012,0.984326,0.084634,0.211932,0.29191715
d__vixcls_vixcls__lag042,0.454545,0.289762,0.352263,0.29182963
q__bogz1fa653061113q_mutf_bills_tx__lag006,0.978056,0.112546,0.185823,0.29182145
q__netfi_netfi__lag003,0.984326,0.069373,0.226946,0.29167448
q__fbtsatq027s_dom_fin_sector_tsy_tx__lag007,0.974922,0.123455,0.175621,0.29157562
q__bogz1fa693061105q_nonmmf_ts_tx__lag002,0.990596,0.193353,0.100964,0.29154969
q__bogz1fa693061105q_nonmmmf_ts_tx__lag002,0.990596,0.193353,0.100964,0.29154969
d__dexszus_dexszus__lag034,0.69279,0.26253,0.158294,0.29154227
d__vixcls_vixcls__lag076,0.454545,0.281307,0.35998,0.29149445
q__bogz1fa743061103q_usb_tsy_dom_tx__lag005,0.981191,0.052725,0.243971,0.29111551
q__bogz1fr733061103q_holding_companies_ts_reval__lag007,0.974922,0.115237,0.18328,0.29103012
q__bogz1fl704141005q_usb_stloan_l__lag003,1.0,0.259041,0.031942,0.29098248
m__ipncongd_ipncongd__lag004,0.990596,0.024323,0.269144,0.29070772
d__dexszus_dexszus__lag043,0.69279,0.264906,0.154113,0.29029246
q__bogz1fa343061113q_fed_gov_dcf_retirement_ts_tx__lag003,0.987461,0.068357,0.225497,0.29016852
m__mtsds133fms_fed_surplus_deficit__lag007,0.564263,0.180791,0.333367,0.29012047
q__rownblq027s_row_nonfinbusinessloans_flow__lag004,0.984326,0.082322,0.21227,0.28997443
d__dexszus_dexszus__lag036,0.69279,0.262583,0.155944,0.28995102
q__fgdef_fgdef__lag005,0.978056,0.137616,0.158814,0.289925
d__dexszus_dexszus__lag033,0.69279,0.260434,0.157768,0.28972574
q__bogz1fl313024000q_tres_oper_cash__lag004,0.996865,0.030138,0.26031,0.28953752
d__dgs6mo_dgs6mo__lag001,0.561129,0.105267,0.410273,0.28928426
q__bogz1fa573061143q_private_db_pension_ts_tx__lag008,0.971787,0.004432,0.293249,0.28928264
q__bogz1fr573061143q_private_db_pension_ts_reval__lag008,0.971787,0.0865,0.210937,0.28904538
m__mich_mich__lag009,0.598746,0.053626,0.429116,0.2890401
d__dgs6mo_dgs6mo__lag018,0.561129,0.107473,0.407317,0.28886313
d__dgs6mo_dgs6mo__lag002,0.561129,0.10473,0.409964,0.28880984
d__dgs6mo_dgs6mo__lag011,0.561129,0.106808,0.407871,0.28880081
d__dgs6mo_dgs6mo__lag004,0.561129,0.105154,0.409322,0.28868725
m__fedfunds_fed_funds__lag006,0.896552,0.002513,0.319425,0.28863486
d__dgs20_dgs20__lag051,0.805643,0.030869,0.32732,0.28857204
q__bogz1fa263061130q_row_gov_tsy_tx__lag006,0.978056,0.120747,0.174004,0.28828329
d__dgs6mo_dgs6mo__lag020,0.561129,0.107029,0.406674,0.28825294
d__dgs6mo_dgs6mo__lag021,0.561129,0.10622,0.407471,0.28824647
d__dexszus_dexszus__lag041,0.69279,0.263999,0.152029,0.2882199
d__dgs6mo_dgs6mo__lag003,0.561129,0.103985,0.409084,0.2878973
d__dexszus_dexszus__lag044,0.69279,0.25718,0.158277,0.28782464
d__dexszus_dexszus__lag040,0.69279,0.263019,0.152232,0.28768232
d__vixcls_vixcls__lag078,0.454545,0.289183,0.343714,0.28768059
d__dgs20_dgs20__lag053,0.805643,0.029116,0.327957,0.28767371
m__totresns_res__lag004,0.840125,0.220861,0.121553,0.28767144
m__srvprd_srvprd__lag001,1.0,0.137688,0.149916,0.28760352
q__bogz1fa573061105q_private_pension_ts_tx__lag005,0.981191,0.086641,0.206457,0.28758502
d__dgs30_dgs30__lag087,0.61442,0.11457,0.353397,0.28752788
d__dgs6mo_dgs6mo__lag016,0.561129,0.105411,0.406762,0.28739471
q__bogz1fr753061103q_usb_tsy_for_reval__lag008,0.971787,0.062085,0.233626,0.28736824
d__dexszus_dexszus__lag035,0.69279,0.25429,0.160452,0.28732932
d__dgs6mo_dgs6mo__lag005,0.561129,0.103627,0.408366,0.28729425
d__dgs6mo_dgs6mo__lag007,0.561129,0.102637,0.409031,0.28711141
d__dgs6mo_dgs6mo__lag019,0.561129,0.105112,0.406058,0.28683214
d__dgs6mo_dgs6mo__lag010,0.561129,0.103717,0.407383,0.28679279
d__dgs6mo_dgs6mo__lag008,0.561129,0.102123,0.408967,0.28678726
q__bogz1lm543061115q_li_bills__lag003,1.0,0.012673,0.274093,0.28676626
d__dexszus_dexszus__lag037,0.69279,0.257661,0.156175,0.28670109
q__bogz1fr473061105q_credit_unions_ts_reval__lag005,0.981191,0.057719,0.234407,0.28663207
d__dgs6mo_dgs6mo__lag022,0.561129,0.105841,0.404878,0.28657862
d__dgs6mo_dgs6mo__lag024,0.561129,0.105567,0.4049,0.28643755
d__dgs6mo_dgs6mo__lag025,0.561129,0.105842,0.404597,0.28642212
d__dgs6mo_dgs6mo__lag006,0.561129,0.10222,0.40813,0.28637177
d__dgs6mo_dgs6mo__lag013,0.561129,0.103291,0.406685,0.28616183
d__dgs6mo_dgs6mo__lag023,0.561129,0.105173,0.404523,0.28600475
d__dgs6mo_dgs6mo__lag015,0.561129,0.1033,0.406077,0.28582591
d__dgs6mo_dgs6mo__lag014,0.561129,0.102839,0.40649,0.28579907
d__dgs6mo_dgs6mo__lag017,0.561129,0.103572,0.405658,0.28574356
q__bogz1fl713061103q_fed_tsy__lag005,0.99373,0.195363,0.092175,0.28573485
q__bogz1fl713061103q_fed_tsy_raw__lag005,0.99373,0.195363,0.092175,0.28573485
q__bogz1fl713061103q_cb_tsy__lag005,0.99373,0.195363,0.092175,0.28573485
d__dexszus_dexszus__lag038,0.69279,0.258765,0.153601,0.28568275
q__bogz1fl543061175q_life_insurance_ts__lag006,0.990596,0.157784,0.130581,0.28565317
d__dexszus_dexszus__lag042,0.69279,0.257851,0.154433,0.2856263
m__mich_mich__lag011,0.595611,0.102873,0.376566,0.28555957
d__dgs6mo_dgs6mo__lag012,0.561129,0.103917,0.404946,0.28553745
d__dexszus_dexszus__lag039,0.69279,0.260374,0.151765,0.28552567
m__ipncongd_ipncongd__lag002,0.99373,0.007914,0.279196,0.28531041
d__vixcls_vixcls__lag089,0.454545,0.273316,0.354295,0.28527766
q__bogz1fa213061103q_state_local_gov_ts_tx__lag001,0.99373,0.073098,0.213905,0.28520372
q__bogz1fr573061105q_private_pension_ts_reval__lag008,0.971787,0.083664,0.20956,0.28495199
q__bogz1fr693061105q_nonmmf_ts_reval__lag008,0.971787,0.070566,0.222428,0.28472781
q__bogz1fr693061105q_nonmmmf_ts_reval__lag008,0.971787,0.070566,0.222428,0.28472781
q__ib0000043q086sbea_imp_ind_pi__lag001,0.736677,0.05893,0.327435,0.28462606
d__dgs6mo_dgs6mo__lag009,0.561129,0.101952,0.405228,0.2845934
m__uempmean_uempmean__lag012,0.971787,0.192031,0.100313,0.28409576
d__dgs6mo_dgs6mo__lag027,0.561129,0.103317,0.40297,0.28409235
d__dexszus_dexszus__lag032,0.69279,0.252784,0.157108,0.28396869
d__dgs6mo_dgs6mo__lag028,0.561129,0.102678,0.402775,0.28362407
m__srvprd_srvprd__lag007,1.0,0.125548,0.158031,0.28357877
d__dgs6mo_dgs6mo__lag026,0.561129,0.102618,0.402725,0.28356263
d__vixcls_vixcls__lag071,0.454545,0.268368,0.35495,0.28332633
d__dexszus_dexszus__lag045,0.69279,0.252777,0.155947,0.28316039
m__baaffm_baaff__lag006,0.896552,0.006737,0.309045,0.28311481
q__na000283q_gov_current_exp__lag002,0.987461,0.037319,0.249335,0.28305994
d__dexszus_dexszus__lag046,0.69279,0.251446,0.157046,0.28299933
d__dgs30_dgs30__lag088,0.61442,0.109709,0.350805,0.2829492
q__bogz1fl702150005q_usb_ffrepo__lag004,0.996865,0.163618,0.120197,0.28292478
d__dgs6mo_dgs6mo__lag029,0.561129,0.101617,0.402362,0.28279701
q__bogz1fa743061103q_usb_tsy_dom_tx__lag006,0.978056,0.150416,0.13863,0.28270282
q__a464rc1q027sbea_nfcb_pbt__lag005,0.978056,0.152912,0.136081,0.28265181
q__bogz1fa573061133q_private_dc_pension_ts_tx__lag004,0.984326,0.044924,0.241968,0.28239559
q__rowmfsq027s_row_mutualfundshares_flow__lag008,0.971787,0.094334,0.196191,0.2823284
d__dexszus_dexszus__lag047,0.69279,0.251894,0.155503,0.28224066
d__vixcls_vixcls__lag048,0.454545,0.272294,0.348283,0.28208023
d__vixcls_vixcls__lag077,0.454545,0.275341,0.345112,0.28202418
q__bogz1fr343061113q_fed_gov_dcf_retirement_ts_reval__lag008,0.971787,0.085557,0.204642,0.28201175
d__dexszus_dexszus__lag061,0.69279,0.241503,0.165428,0.28191776
q__bogz1fa263061145q_row_priv_tsy_tx__lag005,0.981191,0.183504,0.103785,0.28188566
m__permit_permit__lag009,0.824451,0.114667,0.227061,0.28173815
m__ltdacbm027nbog_ltd__lag012,0.658307,0.199119,0.228746,0.28166671
q__a464rc1q027sbea_nfcb_pbt__lag007,0.971787,0.153505,0.136324,0.28165182
q__bogz1fl713061103q_fed_tsy__lag008,0.984326,0.145877,0.14026,0.2816516
q__bogz1fl713061103q_fed_tsy_raw__lag008,0.984326,0.145877,0.14026,0.2816516
q__bogz1fl713061103q_cb_tsy__lag008,0.984326,0.145877,0.14026,0.2816516
m__fedfunds_fed_funds__lag007,0.893417,0.003593,0.311576,0.28157748
q__bogz1fa223061143q_state_local_db_retirement_ts_tx__lag008,0.971787,0.167348,0.122374,0.28154804
m__totresns_res__lag006,0.840125,0.237876,0.097229,0.28153022
q__bogz1fa593061105q_pension_ts_tx__lag003,0.987461,0.194725,0.090229,0.28138157
m__mich_mich__lag012,0.595611,0.084509,0.387887,0.28136468
d__vixcls_vixcls__lag050,0.454545,0.25984,0.358902,0.28124613
q__rowcbaq027s_row_corpbonds_flow__lag008,0.971787,0.029802,0.259554,0.28119233
q__bogz1fr403061105q_gses_ts_reval__lag008,0.971787,0.092554,0.196697,0.28109091
m__totresns_res__lag005,0.840125,0.224271,0.110118,0.28092853
d__dgs6mo_dgs6mo__lag030,0.561129,0.099362,0.401267,0.28091715
q__bogz1fr213061103q_state_local_gov_ts_reval__lag008,0.971787,0.079423,0.209406,0.28068077
q__bogz1fr263061105q_row_bills_reval__lag007,0.974922,0.101311,0.185894,0.28000188
q__bogz1fr263061105q_row_tsy_reval__lag007,0.974922,0.101311,0.185894,0.28000188
m__civpart_civpart__lag008,0.974922,0.109785,0.177282,0.27986788
q__bogz1fa753061103q_usb_tsy_for_tx__lag002,0.990596,0.13263,0.149783,0.27975764
m__srvprd_srvprd__lag006,1.0,0.139729,0.14001,0.27973854
q__bogz1fa573061143q_private_db_pension_ts_tx__lag005,0.981191,0.105679,0.179337,0.27965571
d__dgs20_dgs20__lag052,0.805643,0.023245,0.323837,0.27962364
m__totresns_res__lag010,0.833856,0.254219,0.08109,0.2795992
q__fgexpnd_fgexpnd__lag002,0.987461,0.035299,0.247724,0.279474
q__bogz1fa563061103q_etfs_ts_tx__lag005,0.981191,0.132033,0.152706,0.27938353
d__dexszus_dexszus__lag052,0.69279,0.249526,0.153447,0.27917515
d__vixcls_vixcls__lag039,0.454545,0.272264,0.341391,0.2789338
d__dexszus_dexszus__lag048,0.69279,0.242594,0.159974,0.27889498
d__dexszus_dexszus__lag049,0.69279,0.243617,0.158778,0.27877514
m__houst_houst__lag002,0.84326,0.084805,0.245711,0.27871054
q__bogz1fa213061103q_state_local_gov_ts_tx__lag002,0.990596,0.044933,0.236377,0.278665
d__dexszus_dexszus__lag050,0.69279,0.243119,0.15907,0.27863212
d__dexszus_dexszus__lag051,0.69279,0.244175,0.15785,0.27851876
q__bogz1fa343061123q_fed_gov_dcg_retirement_ts_tx__lag003,0.987461,0.073258,0.208717,0.27843902
d__dexszus_dexszus__lag031,0.69279,0.239148,0.162666,0.27837221
d__dgs30_dgs30__lag039,0.617555,0.097258,0.353388,0.27829864
d__dgs6mo_dgs6mo__lag031,0.557994,0.098555,0.400156,0.27827768
m__uempmean_uempmean__lag011,0.971787,0.201668,0.084662,0.27825178
d__vixcls_vixcls__lag044,0.454545,0.260247,0.351792,0.27819966
d__dexszus_dexszus__lag059,0.69279,0.239187,0.162106,0.27801195
m__wtisplc_wtisplc__lag008,1.0,0.074662,0.203284,0.27794588
q__bogz1fa263061130q_row_gov_tsy_tx__lag003,0.987461,0.120296,0.161149,0.27791577
d__dexszus_dexszus__lag060,0.69279,0.236764,0.16421,0.27779094
d__dgs6mo_dgs6mo__lag032,0.557994,0.097738,0.400055,0.27776524
d__anfci_anfci__lag067,0.69279,0.216637,0.183796,0.27741597
m__baaffm_baaff__lag010,0.890282,0.019871,0.291686,0.27737422
d__anfci_anfci__lag066,0.69279,0.21696,0.183259,0.27726801
m__ppiaco_ppiaco__lag009,1.0,0.167568,0.109362,0.27693029
d__anfci_anfci__lag069,0.69279,0.217667,0.181819,0.27675951
d__dgs6mo_dgs6mo__lag033,0.557994,0.097216,0.398704,0.27672001
d__anfci_anfci__lag062,0.69279,0.21757,0.181724,0.27662651
d__dgs30_dgs30__lag042,0.617555,0.094175,0.353597,0.27652416
d__dgs30_dgs30__lag084,0.61442,0.102525,0.347031,0.27621603
d__dexszus_dexszus__lag064,0.69279,0.236265,0.162387,0.27618224
d__vixcls_vixcls__lag055,0.454545,0.261063,0.346475,0.27615367
d__anfci_anfci__lag073,0.69279,0.215414,0.183056,0.27605547
m__mtsr133fms_fedgov_rcpt__lag011,0.561129,0.296312,0.195629,0.2760423
d__anfci_anfci__lag065,0.69279,0.216793,0.181651,0.27603776
q__hnotsbq027s_hhnp_tsy_tx__lag007,0.974922,0.110342,0.17274,0.27598346
d__dgs6mo_dgs6mo__lag039,0.557994,0.096822,0.397765,0.27597663
m__wtisplc_wtisplc__lag011,0.996865,0.077231,0.199587,0.27595099
d__anfci_anfci__lag060,0.69279,0.216725,0.18152,0.27590047
q__bogz1fr573061133q_private_dc_pension_ts_reval__lag008,0.971787,0.07869,0.20522,0.27589992
d__dgs30_dgs30__lag040,0.617555,0.094011,0.35268,0.27585628
d__dgs6mo_dgs6mo__lag034,0.557994,0.095927,0.398206,0.27572304
d__anfci_anfci__lag074,0.69279,0.214872,0.183014,0.27565146
d__vixcls_vixcls__lag053,0.454545,0.257657,0.348629,0.27558456
q__bogz1fr383061105q_dom_nonfin_sector_tsy_reval__lag008,0.971787,0.069694,0.21388,0.2755729
q__ib0000043q086sbea_imp_ind_pi__lag008,0.714734,0.330461,0.055089,0.27556615
d__dgs30_dgs30__lag086,0.61442,0.101772,0.346649,0.27551896
d__dgs6mo_dgs6mo__lag038,0.557994,0.095698,0.398058,0.27551283
q__bogz1fr543061175q_life_insurance_ts_reval__lag006,0.978056,0.021474,0.260139,0.27543374
d__dexszus_dexszus__lag062,0.69279,0.231926,0.16561,0.27540879
d__dgs6mo_dgs6mo__lag037,0.557994,0.095257,0.397803,0.27512463
d__anfci_anfci__lag072,0.69279,0.215359,0.18175,0.27511319
d__anfci_anfci__lag068,0.69279,0.216487,0.180618,0.27511061
d__anfci_anfci__lag059,0.69279,0.216894,0.180185,0.27509182
d__anfci_anfci__lag055,0.69279,0.217997,0.179074,0.27508699
m__civpart_civpart__lag009,0.974922,0.097838,0.184257,0.275021
d__dexszus_dexszus__lag065,0.69279,0.231804,0.16509,0.27496387
d__dgs3mo_dgs3mo__lag005,0.561129,0.096156,0.393775,0.27491442
d__anfci_anfci__lag070,0.69279,0.215609,0.181178,0.27488988
q__bogz1lm263061105q_row_tsy_raw__lag003,1.0,0.149832,0.125014,0.27484589
q__bogz1lm263061105q_row_tsy__lag003,1.0,0.149832,0.125014,0.27484589
q__bogz1fr213061103q_state_local_gov_ts_reval__lag005,0.981191,0.0576,0.222436,0.27476923
q__rowcbaq027s_row_corpbonds_flow__lag001,0.99373,0.039566,0.236756,0.27458987
d__dgs3mo_dgs3mo__lag002,0.561129,0.096292,0.393042,0.27457926
d__dgs6mo_dgs6mo__lag040,0.557994,0.095606,0.396277,0.2744677
q__bopbca_bopbca__lag008,0.805643,0.272828,0.067704,0.27434685
d__dgs6mo_dgs6mo__lag041,0.557994,0.095698,0.395951,0.27433735
d__anfci_anfci__lag061,0.69279,0.216167,0.179818,0.27433488
d__anfci_anfci__lag076,0.69279,0.215313,0.180672,0.27433454
d__anfci_anfci__lag058,0.69279,0.216797,0.179003,0.27420618
m__ipbuseq_ipbuseq__lag011,0.984326,0.087406,0.191061,0.27410194
q__bogz1lm263061105q_row_tsy_raw__lag002,1.0,0.138204,0.135854,0.27405797
q__bogz1lm263061105q_row_tsy__lag002,1.0,0.138204,0.135854,0.27405797
d__dexszus_dexszus__lag026,0.69279,0.23479,0.160762,0.27403439
d__dgs6mo_dgs6mo__lag036,0.557994,0.094389,0.396716,0.27403398
d__dexszus_dexszus__lag030,0.69279,0.228,0.167482,0.27398604
d__dgs30_dgs30__lag085,0.61442,0.099963,0.345811,0.27389218
d__dgs6mo_dgs6mo__lag035,0.557994,0.094118,0.396657,0.27384943
d__dgs30_dgs30__lag033,0.617555,0.08835,0.355058,0.27382839
d__dgs30_dgs30__lag037,0.617555,0.090146,0.353251,0.27382223
m__wpu0561_ppi_crude__lag009,0.987461,0.066924,0.210329,0.27377588
d__dgs30_dgs30__lag083,0.61442,0.099951,0.345613,0.2737638
d__vixcls_vixcls__lag083,0.454545,0.285879,0.316359,0.27374444
d__dgs6mo_dgs6mo__lag042,0.557994,0.094918,0.395648,0.27373245
d__anfci_anfci__lag071,0.69279,0.214021,0.18066,0.27343148
d__dgs3mo_dgs3mo__lag003,0.561129,0.094978,0.392248,0.27339639
d__anfci_anfci__lag063,0.69279,0.214205,0.180408,0.27338417
d__anfci_anfci__lag048,0.69279,0.220399,0.1742,0.27337361
d__dgs3mo_dgs3mo__lag020,0.561129,0.097204,0.389921,0.27333976
q__bogz1fl313161110q_totalbills_z1__lag002,1.0,0.046521,0.226646,0.27316624
d__dgs3mo_dgs3mo__lag004,0.561129,0.094864,0.391929,0.27315363
d__dgs3mo_dgs3mo__lag021,0.561129,0.096778,0.389992,0.27314095
d__dgs3mo_dgs3mo__lag018,0.561129,0.096754,0.389732,0.27298145
d__dgs3mo_dgs3mo__lag025,0.561129,0.097306,0.388907,0.27282817
d__anfci_anfci__lag064,0.69279,0.213648,0.180103,0.27278716
d__dgs3mo_dgs3mo__lag006,0.561129,0.093503,0.392496,0.27270744
d__dgs3mo_dgs3mo__lag017,0.561129,0.09603,0.389957,0.27270104
d__dgs3mo_dgs3mo__lag019,0.561129,0.096072,0.389717,0.27258975
d__anfci_anfci__lag075,0.69279,0.215111,0.178344,0.27258138
d__dexszus_dexszus__lag066,0.69279,0.230975,0.162451,0.27256148
d__dgs3mo_dgs3mo__lag001,0.561129,0.093161,0.392538,0.27253941
q__bogz1lm263061105q_row_tsy_raw__lag004,0.996865,0.163009,0.110309,0.27246054
q__bogz1lm263061105q_row_tsy__lag004,0.996865,0.163009,0.110309,0.27246054
d__dexszus_dexszus__lag058,0.69279,0.229461,0.163678,0.27236236
d__anfci_anfci__lag053,0.69279,0.217226,0.175904,0.27235625
d__dexszus_dexszus__lag063,0.69279,0.228381,0.164654,0.27229069
m__srvprd_srvprd__lag004,1.0,0.129158,0.143124,0.27228216
d__dgs30_dgs30__lag013,0.617555,0.096781,0.344115,0.27227749
d__anfci_anfci__lag041,0.69279,0.22489,0.168049,0.27222439
q__bogz1lm653061113q_mf_bills_raw__lag001,1.0,0.136505,0.135652,0.27215692
q__bogz1lm653061113q_mutf_bills__lag001,1.0,0.136505,0.135652,0.27215692
d__dexszus_dexszus__lag053,0.69279,0.233324,0.159371,0.27205538
d__dgs3mo_dgs3mo__lag024,0.561129,0.096487,0.388271,0.27201175
d__dgs3mo_dgs3mo__lag007,0.561129,0.093156,0.391532,0.2719722
q__bogz1fa753061103q_usb_tsy_for_tx__lag003,0.987461,0.108185,0.167238,0.27196887
d__dgs30_dgs30__lag041,0.617555,0.090303,0.350009,0.27191679
d__dgs3mo_dgs3mo__lag016,0.561129,0.094801,0.389775,0.27190993
q__bogz1fa513061105q_pc_insurance_ts_tx__lag008,0.971787,0.119816,0.159891,0.27181639
m__ipdcongd_ipdcongd__lag006,0.990596,0.062564,0.211799,0.27178288
d__anfci_anfci__lag054,0.69279,0.216514,0.175762,0.27176502
d__dexszus_dexszus__lag029,0.69279,0.227487,0.164706,0.27170687
d__dexszus_dexszus__lag057,0.69279,0.225012,0.167053,0.27161925
d__dgs3mo_dgs3mo__lag022,0.561129,0.096113,0.387617,0.27143488
d__usepuindxd_policy_uncertainty__lag006,0.517241,0.185116,0.339623,0.27141656
d__dgs3mo_dgs3mo__lag023,0.561129,0.095548,0.388071,0.27137203
q__bogz1fa653061105q_mutual_funds_ts_tx__lag004,0.984326,0.137864,0.137818,0.2713614
d__vixcls_vixcls__lag041,0.454545,0.263642,0.332861,0.27113775
d__dgs3mo_dgs3mo__lag011,0.561129,0.095182,0.387899,0.27107023
d__dgs6mo_dgs6mo__lag043,0.557994,0.091662,0.394066,0.27103285
d__anfci_anfci__lag077,0.69279,0.211078,0.180118,0.27101651
d__anfci_anfci__lag052,0.69279,0.217348,0.173685,0.27090349
d__dgs3mo_dgs3mo__lag008,0.561129,0.092411,0.390237,0.27082736
m__wpu0561_ppi_crude__lag011,0.984326,0.089581,0.18537,0.27064186
d__dgs30_dgs30__lag036,0.617555,0.086905,0.351241,0.27057922
q__bogz1fa573061105q_private_pension_ts_tx__lag007,0.974922,0.054278,0.223214,0.27053368
m__srvprd_srvprd__lag005,1.0,0.132443,0.138063,0.27050652
q__bogz1fl712151003q_fed_repo__lag005,0.99373,0.096318,0.175844,0.27045544
d__anfci_anfci__lag051,0.69279,0.217157,0.173182,0.27042316
m__ipmine_ipmine__lag010,1.0,0.056776,0.213569,0.27034524
d__dexszus_dexszus__lag067,0.69279,0.226768,0.163451,0.27033969
m__totresns_res__lag007,0.836991,0.215206,0.107647,0.27022464
q__bogz1fr343061165q_fed_gov_db_retirement_ts_reval__lag007,0.974922,0.124457,0.152701,0.27020683
d__dgs6mo_dgs6mo__lag044,0.557994,0.090248,0.393987,0.27020017
d__dgs3mo_dgs3mo__lag010,0.561129,0.094296,0.387112,0.27013189
d__anfci_anfci__lag057,0.69279,0.212515,0.1774,0.27012931
d__dgs30_dgs30__lag014,0.617555,0.093473,0.343922,0.27011507
d__anfci_anfci__lag056,0.69279,0.212434,0.17743,0.27009372
d__dgs3mo_dgs3mo__lag027,0.561129,0.095085,0.386255,0.2700934
d__dgs3mo_dgs3mo__lag026,0.561129,0.094822,0.386459,0.27006064
q__bogz1fa673061103q_abs_issuers_ts_tx__lag008,0.971787,0.174083,0.103794,0.27003651
d__dgs3mo_dgs3mo__lag012,0.561129,0.094489,0.386709,0.27001365
d__dgs3mo_dgs3mo__lag029,0.561129,0.095056,0.386029,0.26995085
m__wtisplc_wtisplc__lag007,1.0,0.068728,0.201138,0.26986567
d__dgs3mo_dgs3mo__lag028,0.561129,0.094388,0.386373,0.26976836
d__dgs3mo_dgs3mo__lag014,0.561129,0.092283,0.38847,0.26976409
d__dgs3mo_dgs3mo__lag015,0.561129,0.092162,0.388516,0.26972202
d__anfci_anfci__lag080,0.69279,0.208283,0.180799,0.26955218
q__psave_psave__lag007,0.971787,0.084678,0.192696,0.26954895
d__dgs6mo_dgs6mo__lag045,0.557994,0.089415,0.39348,0.26945254
q__rowmmfq027s_row_moneymarketfundshares_flow__lag006,0.978056,0.131995,0.143426,0.269378
d__dgs30_dgs30__lag082,0.61442,0.093208,0.344838,0.26914379
d__dgs30_dgs30__lag038,0.617555,0.086982,0.348709,0.26906349
d__anfci_anfci__lag079,0.69279,0.208254,0.180083,0.2690356
q__ib0000043q086sbea_imp_ind_pi__lag007,0.717868,0.308222,0.066465,0.26897632
q__bogz1fr663061165q_brokers_dealers_long_ts_reval__lag008,0.971787,0.078841,0.197935,0.26896737
d__anfci_anfci__lag081,0.69279,0.207587,0.180641,0.26896
q__bogz1lm403061105q_gses_ts__lag005,0.99373,0.135569,0.135079,0.26895089
q__bogz1lm403061105q_gse_tsy__lag005,0.99373,0.135569,0.135079,0.26895089
q__bogz1lm153061105q_hhnp_tsy__lag008,0.984326,0.098915,0.174309,0.26894176
q__b639rg3q086sbea_exp_ind_pi__lag001,0.739812,0.177226,0.186176,0.26884937
d__dgs3mo_dgs3mo__lag030,0.561129,0.093324,0.385794,0.26884679
q__bogz1fa223061143q_state_local_db_retirement_ts_tx__lag001,0.99373,0.122169,0.148348,0.26882076
d__anfci_anfci__lag078,0.69279,0.208294,0.179494,0.2686556
d__anfci_anfci__lag046,0.69279,0.219415,0.168341,0.26863325
d__anfci_anfci__lag047,0.69279,0.218698,0.169042,0.26862256
d__vixcls_vixcls__lag049,0.454545,0.230612,0.360339,0.26861398
m__ppiaco_ppiaco__lag008,1.0,0.162437,0.106152,0.26858983
d__dgs3mo_dgs3mo__lag013,0.561129,0.092045,0.386437,0.26848966
q__bogz1fa593061105q_pension_ts_tx__lag004,0.984326,0.135798,0.136965,0.26848813
d__dgs30_dgs30__lag011,0.617555,0.090287,0.344305,0.26838477
d__dgs30_dgs30__lag015,0.617555,0.090748,0.343781,0.26834557
d__vixcls_vixcls__lag043,0.454545,0.249791,0.340561,0.26834176
q__bogz1fl343061123q_fed_gov_dcg_retirement_ts__lag003,1.0,0.054698,0.213622,0.26832022
d__dexszus_dexszus__lag027,0.69279,0.223122,0.163982,0.26818158
d__dgs3mo_dgs3mo__lag009,0.561129,0.092557,0.385303,0.26814098
d__dgs30_dgs30__lag002,0.617555,0.094917,0.339075,0.26801384
m__recprousm156n_recprob__lag001,0.739812,0.159268,0.202899,0.26793576
m__wtisplc_wtisplc__lag012,0.996865,0.069337,0.199307,0.26780121
d__dgs6mo_dgs6mo__lag046,0.557994,0.087092,0.392602,0.26766574
q__bogz1lm553061103q_closed_end_funds_ts__lag004,0.996865,0.070642,0.197815,0.26761553
m__totresns_res__lag008,0.836991,0.210294,0.109383,0.26756703
d__usepuindxd_policy_uncertainty__lag003,0.517241,0.128878,0.388396,0.26755593
d__dexszus_dexszus__lag028,0.69279,0.223417,0.162759,0.2675387
d__vixcls_vixcls__lag040,0.454545,0.252052,0.336439,0.26749581
m__wpu0561_ppi_crude__lag007,0.987461,0.079912,0.190972,0.26748808
d__dgs30_dgs30__lag034,0.617555,0.079667,0.353405,0.26744567
d__dgs30_dgs30__lag080,0.61442,0.092133,0.343006,0.26735807
m__ppiaco_ppiaco__lag010,1.0,0.159882,0.107355,0.26723734
d__dgs6mo_dgs6mo__lag047,0.557994,0.08696,0.391838,0.26716613
d__anfci_anfci__lag045,0.69279,0.219767,0.165619,0.26699164
m__recprousm156n_recprob__lag007,0.733542,0.176963,0.186998,0.26698072
q__netfi_netfi__lag007,0.971787,0.038874,0.235844,0.26696681
d__anfci_anfci__lag044,0.69279,0.219551,0.165703,0.26690017
d__anfci_anfci__lag083,0.69279,0.206692,0.178507,0.26686157
d__anfci_anfci__lag050,0.69279,0.212953,0.171944,0.26665245
d__anfci_anfci__lag049,0.69279,0.21258,0.172264,0.26661609
d__dexszus_dexszus__lag073,0.69279,0.225566,0.159244,0.26659252
q__bogz1fl543061175q_life_insurance_ts__lag008,0.984326,0.144273,0.126561,0.26658963
q__bogz1fl343061123q_fed_gov_dcg_retirement_ts__lag002,1.0,0.089269,0.177315,0.26658376
d__dgs3mo_dgs3mo__lag032,0.557994,0.093163,0.384474,0.26651836
d__dgs6mo_dgs6mo__lag050,0.557994,0.087642,0.389623,0.26631097
d__dgs3mo_dgs3mo__lag031,0.557994,0.09266,0.384398,0.26619484
q__netfi_netfi__lag008,0.968652,0.094424,0.180377,0.26618675
d__dgs30_dgs30__lag081,0.61442,0.089125,0.344062,0.26615864
d__dgs6mo_dgs6mo__lag048,0.557994,0.085886,0.390732,0.26594962
d__dexszus_dexszus__lag072,0.69279,0.222108,0.161549,0.26579357
m__houst_houst__lag003,0.84326,0.064517,0.250319,0.26548885
d__dgs30_dgs30__lag018,0.617555,0.082739,0.346876,0.26531125
d__anfci_anfci__lag082,0.69279,0.208096,0.174657,0.26516763
d__dgs30_dgs30__lag012,0.617555,0.088685,0.340644,0.26513415
q__bogz1lm263061110q_row_bills_raw__lag005,0.99373,0.152789,0.114009,0.26512592
q__bogz1lm263061110q_row_bills__lag005,0.99373,0.152789,0.114009,0.26512592
d__anfci_anfci__lag034,0.69279,0.226076,0.156595,0.26511075
m__ppiaco_ppiaco__lag007,1.0,0.159306,0.105744,0.26504965
m__ipmine_ipmine__lag001,1.0,0.138838,0.126198,0.2650362
d__dgs30_dgs30__lag032,0.617555,0.079178,0.349965,0.26501903
d__dgs6mo_dgs6mo__lag049,0.557994,0.084646,0.390126,0.26492016
d__dexszus_dexszus__lag074,0.69279,0.22531,0.157036,0.26488514
d__anfci_anfci__lag042,0.69279,0.216082,0.166177,0.26482541
d__dgs30_dgs30__lag023,0.617555,0.083952,0.344698,0.26471475
q__bogz1fr153061105q_hhnp_tsy_reval__lag008,0.971787,0.05506,0.217322,0.26469766
d__dexszus_dexszus__lag054,0.69279,0.213769,0.168277,0.26467769
q__ad02rc1q027sbea_gov_netlending__lag006,0.818182,0.104514,0.218821,0.26454737
d__dgs6mo_dgs6mo__lag053,0.557994,0.085627,0.388419,0.26451446
q__bogz1fl543061165q_life_insurance_ts__lag001,1.0,0.109496,0.155016,0.26451163
d__dexszus_dexszus__lag070,0.69279,0.223296,0.158222,0.26431187
q__bogz1fa753061103q_usb_tsy_for_tx__lag008,0.971787,0.041399,0.230546,0.26427207
q__bogz1fl713123030q_tga__lag004,0.996865,0.025275,0.239789,0.26423361
q__bogz1fl713123030q_tga_z1__lag004,0.996865,0.025275,0.239789,0.26423361
d__anfci_anfci__lag040,0.69279,0.222652,0.15873,0.26421781
d__dgs3mo_dgs3mo__lag033,0.557994,0.091432,0.38205,0.26420017
d__anfci_anfci__lag043,0.69279,0.216249,0.164983,0.26411323
d__dgs30_dgs30__lag003,0.617555,0.092508,0.335098,0.2640702
q__rhvrusq156n_owner_vacancy__lag008,0.855799,0.109724,0.198837,0.26406596
d__dgs6mo_dgs6mo__lag054,0.557994,0.085452,0.387675,0.26400174
q__bogz1fl633061110q_mmf_bills_raw__lag003,1.0,0.003579,0.260395,0.26397348
q__bogz1fl633061110q_mmf_bills__lag003,1.0,0.003579,0.260395,0.26397348
m__houst_houst__lag009,0.836991,0.089841,0.225514,0.26394913
d__dexszus_dexszus__lag056,0.69279,0.214735,0.165942,0.26372947
q__bogz1fl704141005q_usb_stloan_l__lag004,0.996865,0.223051,0.041487,0.2637085
m__totresns_res__lag009,0.836991,0.219035,0.095939,0.26363015
q__bogz1fa343061113q_fed_gov_dcf_retirement_ts_tx__lag006,0.978056,0.081353,0.18819,0.26362891
d__dexszus_dexszus__lag055,0.69279,0.211568,0.168751,0.26348162
d__dgs3mo_dgs3mo__lag034,0.557994,0.090928,0.381019,0.26334336
d__dgs3mo_dgs3mo__lag042,0.557994,0.091179,0.38073,0.26332224
d__dgs6mo_dgs6mo__lag051,0.557994,0.084242,0.38757,0.26326808
q__bogz1lm343061113q_fed_gov_dcf_retirement_ts__lag003,1.0,0.079255,0.183993,0.26324798
q__bogz1lm343061113q_fed_gov_dc_retirement_ts__lag003,1.0,0.079255,0.183993,0.26324798
q__bogz1lm343061113q_fed_ret_tsy_dc__lag003,1.0,0.079255,0.183993,0.26324798
d__vixcls_vixcls__lag080,0.454545,0.251474,0.3276,0.26321565
q__bogz1lm153061105q_hhnp_tsy__lag005,0.99373,0.030893,0.233915,0.26314746
q__bogz1fa223061143q_state_local_db_retirement_ts_tx__lag006,0.978056,0.18661,0.082345,0.263053
d__dgs3mo_dgs3mo__lag039,0.557994,0.090288,0.381127,0.26304685
d__dgs6mo_dgs6mo__lag052,0.557994,0.083554,0.387843,0.2630364
d__dgs6mo_dgs6mo__lag055,0.557994,0.084142,0.387164,0.26298577
d__dgs6mo_dgs6mo__lag056,0.557994,0.084428,0.386824,0.26295542
d__dgs3mo_dgs3mo__lag040,0.557994,0.090425,0.380788,0.26293357
d__dgs30_dgs30__lag024,0.617555,0.084756,0.341003,0.26292988
d__dexszus_dexszus__lag071,0.69279,0.22017,0.159327,0.26291188
d__anfci_anfci__lag039,0.69279,0.222966,0.15651,0.26289684
m__houst_houst__lag008,0.836991,0.072461,0.241522,0.26280047
q__bogz1fa313161305q_gov_nonmarketable_ts_tx__lag003,0.987461,0.063772,0.202339,0.26277425
d__dexszus_dexszus__lag025,0.69279,0.210472,0.168719,0.26270002
d__dexszus_dexszus__lag069,0.69279,0.215901,0.163118,0.26258019
d__vixcls_vixcls__lag079,0.454545,0.247959,0.329665,0.26255668
d__dgs3mo_dgs3mo__lag041,0.557994,0.090586,0.379919,0.26253876
d__dgs30_dgs30__lag025,0.617555,0.083079,0.341993,0.26250565
d__dgs3mo_dgs3mo__lag035,0.557994,0.089513,0.380886,0.26247944
m__wpu0561_ppi_crude__lag008,0.987461,0.073614,0.192019,0.26230187
q__ib0000043q086sbea_imp_ind_pi__lag005,0.724138,0.139136,0.223074,0.26228958
d__dgs6mo_dgs6mo__lag057,0.557994,0.082497,0.387512,0.26226169
d__dgs30_dgs30__lag022,0.617555,0.07865,0.346018,0.26225576
d__dgs3mo_dgs3mo__lag043,0.557994,0.090246,0.379735,0.26224629
d__dgs3mo_dgs3mo__lag036,0.557994,0.089155,0.380804,0.26223395
q__bogz1fa653061113q_mutf_bills_tx__lag008,0.971787,0.03344,0.236215,0.26204773
d__dgs3mo_dgs3mo__lag037,0.557994,0.088681,0.38092,0.26203451
d__dgs30_dgs30__lag031,0.617555,0.080208,0.344001,0.26197211
q__bogz1fa633061110q_mmf_bills_tx__lag001,0.99373,0.133803,0.129732,0.26188276
d__anfci_anfci__lag037,0.69279,0.223409,0.154509,0.26181791
d__dgs3mo_dgs3mo__lag038,0.557994,0.08826,0.380942,0.26181136
q__bogz1fa713068703q_fed_dw_tx__lag005,0.981191,0.156552,0.110277,0.26181018
d__anfci_anfci__lag038,0.69279,0.223599,0.154297,0.26180256
q__bogz1lm263061105q_row_tsy_raw__lag001,1.0,0.11899,0.142713,0.26170354
q__bogz1lm263061105q_row_tsy__lag001,1.0,0.11899,0.142713,0.26170354
d__dexszus_dexszus__lag068,0.69279,0.214989,0.162684,0.26164816
d__vixcls_vixcls__lag086,0.454545,0.259949,0.315291,0.26147261
q__b639rg3q086sbea_exp_ind_pi__lag003,0.733542,0.169894,0.186516,0.26144202
d__dgs30_dgs30__lag035,0.617555,0.076353,0.34695,0.26141286
d__dgs3mo_dgs3mo__lag045,0.557994,0.089482,0.378966,0.26139104
d__usepuindxd_policy_uncertainty__lag038,0.517241,0.262504,0.242813,0.26137054
d__dexszus_dexszus__lag024,0.69279,0.209589,0.167619,0.26132618
d__dgs3mo_dgs3mo__lag044,0.557994,0.089199,0.378997,0.26125068
d__dgs3mo_dgs3mo__lag046,0.557994,0.089204,0.37894,0.26122137
d__baa10y_baa10y__lag073,0.504702,0.241043,0.276383,0.2611465
d__dgs30_dgs30__lag026,0.617555,0.081039,0.34159,0.26099671
d__dexszus_dexszus__lag090,0.689655,0.205351,0.172906,0.26086642
m__ipman_ipman__lag012,0.670846,0.05426,0.334571,0.26084632
d__vixcls_vixcls__lag087,0.454545,0.256803,0.317057,0.26084571
d__dgs30_dgs30__lag030,0.617555,0.078552,0.343789,0.2608187
d__dgs6mo_dgs6mo__lag060,0.557994,0.080993,0.38627,0.26073001
d__dgs30_dgs30__lag019,0.617555,0.079585,0.342552,0.26069293
q__bogz1fl702150005q_usb_ffrepo__lag002,1.0,0.209123,0.051461,0.26058436
q__bogz1fa473061105q_credit_unions_ts_tx__lag007,0.974922,0.143744,0.123536,0.26057615
q__bogz1fa263061110q_row_bills_tx__lag003,0.987461,0.061732,0.202074,0.26049764
d__anfci_anfci__lag035,0.69279,0.220228,0.155706,0.26044339
d__baa10y_baa10y__lag072,0.504702,0.238841,0.277181,0.26043748
d__baa10y_baa10y__lag071,0.504702,0.234992,0.280887,0.26036516
d__dexszus_dexszus__lag089,0.689655,0.208913,0.168448,0.26024889
d__dgs30_dgs30__lag027,0.617555,0.081634,0.339606,0.26013936
d__baa10y_baa10y__lag075,0.504702,0.238631,0.276705,0.26009096
d__dgs30_dgs30__lag070,0.61442,0.081748,0.341546,0.26008013
d__baa10y_baa10y__lag069,0.504702,0.233417,0.281891,0.26007672
d__dgs3mo_dgs3mo__lag047,0.557994,0.088083,0.377847,0.25998562
d__baa10y_baa10y__lag070,0.504702,0.233637,0.28124,0.25985989
d__dgs3mo_dgs3mo__lag048,0.557994,0.088133,0.377571,0.25985956
m__recprousm156n_recprob__lag006,0.733542,0.191279,0.162881,0.25979068
d__dgs30_dgs30__lag005,0.617555,0.083465,0.33702,0.25967254
d__vixcls_vixcls__lag081,0.454545,0.253498,0.31752,0.25955351
d__dexszus_dexszus__lag023,0.69279,0.206954,0.167563,0.25946196
d__anfci_anfci__lag036,0.69279,0.220442,0.153964,0.25938439
d__dgs30_dgs30__lag029,0.617555,0.077454,0.342438,0.25930601
q__bogz1fl543061165q_life_insurance_ts__lag002,1.0,0.112177,0.147114,0.25929062
q__bogz1fl543061165q_life_insurance_ts__lag004,0.996865,0.121026,0.139031,0.25924213
q__bogz1fl543061175q_life_insurance_ts__lag007,0.987461,0.141704,0.120826,0.25923807
d__dgs30_dgs30__lag001,0.617555,0.086104,0.333594,0.25918658
q__bogz1fa343061123q_fed_gov_dcg_retirement_ts_tx__lag008,0.971787,0.109554,0.15709,0.25912096
d__dgs30_dgs30__lag043,0.617555,0.072306,0.347093,0.25900131
d__anfci_anfci__lag084,0.689655,0.198298,0.177244,0.25899433
d__dgs3mo_dgs3mo__lag049,0.557994,0.086666,0.377466,0.25898266
q__bogz1fl704135005q_usb_loan_l__lag004,0.996865,0.222761,0.037031,0.25897767
d__baa10y_baa10y__lag074,0.504702,0.236424,0.276497,0.25887223
d__dgs6mo_dgs6mo__lag061,0.557994,0.079364,0.384486,0.25882516
q__rowceaq027s_row_corpequities_flow__lag005,0.981191,0.119739,0.143937,0.25871671
d__baa10y_baa10y__lag076,0.504702,0.235953,0.276652,0.25871281
d__dgs6mo_dgs6mo__lag059,0.557994,0.078315,0.385208,0.25864296
q__a464rc1q027sbea_nfcb_pbt__lag002,0.987461,0.167483,0.094397,0.2585961
d__dgs30_dgs30__lag004,0.617555,0.084207,0.334467,0.25855387
q__rrvrusq156n_rental_vacancy__lag001,0.877743,0.156173,0.138353,0.25851838
q__bogz1lm153061105q_hhnp_tsy__lag003,1.0,0.04125,0.217258,0.25850787
d__dgs6mo_dgs6mo__lag058,0.557994,0.078386,0.384889,0.25850498
d__dexszus_dexszus__lag075,0.69279,0.215485,0.157608,0.25847478
q__expgs_exports__lag002,0.987461,0.212189,0.049537,0.25844499
q__bogz1fa733061103q_holding_companies_ts_tx__lag002,0.990596,0.16245,0.098397,0.25839393
q__bogz1fl753061103q_usb_tsy_for__lag006,0.990596,0.000784,0.260015,0.25834656
d__dgs30_dgs30__lag010,0.617555,0.077334,0.340491,0.25803012
d__baa10y_baa10y__lag065,0.504702,0.231585,0.279665,0.25802901
d__dgs3mo_dgs3mo__lag050,0.557994,0.086352,0.375847,0.25790457
q__rowceaq027s_row_corpequities_flow__lag002,0.990596,0.042634,0.217593,0.25777975
d__dgs30_dgs30__lag071,0.61442,0.078275,0.341247,0.25776275
d__dgs30_dgs30__lag008,0.617555,0.078872,0.338267,0.25760594
q__bogz1lm663061105q_brokers_dealers_ts__lag008,0.984326,0.147198,0.114453,0.25754996
d__dgs30_dgs30__lag021,0.617555,0.073324,0.343645,0.25750139
q__bogz1fl543061165q_life_insurance_ts__lag005,0.99373,0.108926,0.150153,0.25745454
d__baa10y_baa10y__lag064,0.504702,0.23214,0.27758,0.25725672
d__dexszus_dexszus__lag021,0.69279,0.196805,0.174418,0.25718006
d__dgs30_dgs30__lag007,0.617555,0.081122,0.335241,0.25712684
d__baa10y_baa10y__lag058,0.504702,0.236959,0.272484,0.2571167
d__dgs30_dgs30__lag006,0.617555,0.080572,0.335741,0.25709613
d__dexszus_dexszus__lag022,0.69279,0.200341,0.170714,0.25706353
d__dgs30_dgs30__lag079,0.61442,0.079549,0.338816,0.25705179
d__dgs30_dgs30__lag077,0.61442,0.076076,0.342209,0.25700282
m__bogmbase_mb__lag001,0.84326,0.155617,0.149133,0.25698359
d__baa10y_baa10y__lag068,0.504702,0.227419,0.281631,0.25691828
q__bogz1fa343061123q_fed_gov_dcg_retirement_ts_tx__lag007,0.974922,0.090378,0.173056,0.25682744
d__dgs30_dgs30__lag017,0.617555,0.074709,0.340897,0.25665982
d__baa10y_baa10y__lag067,0.504702,0.226335,0.282119,0.25661811
d__dgs30_dgs30__lag016,0.617555,0.074149,0.341324,0.25657765
q__bogz1fa573061143q_private_db_pension_ts_tx__lag002,0.990596,0.125505,0.133433,0.25650278
d__anfci_anfci__lag086,0.689655,0.194351,0.177461,0.25642215
m__ltdacbm027nbog_ltd__lag011,0.658307,0.188707,0.200694,0.25634579
d__anfci_anfci__lag085,0.689655,0.194633,0.176998,0.25629699
d__dgs30_dgs30__lag028,0.617555,0.07815,0.336848,0.25628378
d__anfci_anfci__lag087,0.689655,0.194142,0.177391,0.25622976
d__dexszus_dexszus__lag020,0.69279,0.199522,0.170292,0.25620367
d__dgs6mo_dgs6mo__lag062,0.557994,0.076511,0.382622,0.25619346
d__dgs30_dgs30__lag069,0.61442,0.076066,0.340545,0.25597445
q__netfi_netfi__lag006,0.974922,0.013607,0.24893,0.25595261
q__bogz1fr553061103q_closed_end_funds_ts_reval__lag002,0.990596,0.106583,0.151598,0.25575301
d__baa10y_baa10y__lag057,0.504702,0.235831,0.270906,0.25575145
d__dgs3mo_dgs3mo__lag053,0.557994,0.08401,0.374286,0.25572619
d__anfci_anfci__lag088,0.689655,0.193388,0.177337,0.25567232
q__bogz1lm663061105q_brokers_dealers_ts__lag004,0.996865,0.066404,0.19001,0.2556095
d__dgs3mo_dgs3mo__lag051,0.557994,0.084065,0.373835,0.2555054
d__dgs6mo_dgs6mo__lag063,0.557994,0.075239,0.382625,0.2554854
d__usepuindxd_policy_uncertainty__lag057,0.517241,0.1947,0.29922,0.25547625
d__dgs30_dgs30__lag078,0.61442,0.075939,0.33972,0.25538907
d__dgs30_dgs30__lag020,0.617555,0.072772,0.340733,0.25536185
d__dgs3mo_dgs3mo__lag052,0.557994,0.083564,0.374033,0.25533642
q__bogz1fl763123005q_tga_usb__lag004,0.996865,0.17095,0.085118,0.25526514
d__baa10y_baa10y__lag066,0.504702,0.224601,0.280932,0.25514335
q__psave_psave__lag008,0.968652,0.102938,0.160265,0.25495236
q__rowmmfq027s_row_moneymarketfundshares_flow__lag001,0.99373,0.068605,0.187892,0.25488938
d__baa10y_baa10y__lag055,0.504702,0.23664,0.268369,0.25487886
q__a464rc1q027sbea_nfcb_pbt__lag003,0.984326,0.154507,0.104388,0.25483738
q__bogz1fa763061100q_usb_tsy_oth_tx__lag005,0.981191,0.208155,0.05156,0.25483022
q__bogz1fl543061165q_life_insurance_ts__lag006,0.990596,0.10424,0.152918,0.25474056
d__dgs30_dgs30__lag073,0.61442,0.072483,0.342069,0.25470921
d__dgs3mo_dgs3mo__lag054,0.557994,0.083517,0.372768,0.25460416
q__bogz1lm263061105q_row_tsy_raw__lag005,0.99373,0.155934,0.100241,0.2545693
q__bogz1lm263061105q_row_tsy__lag005,0.99373,0.155934,0.100241,0.2545693
d__baa10y_baa10y__lag063,0.504702,0.228736,0.275518,0.25449774
d__anfci_anfci__lag027,0.69279,0.222989,0.144025,0.25426305
d__baa10y_baa10y__lag078,0.504702,0.226326,0.277368,0.25421546
q__rownblq027s_row_nonfinbusinessloans_flow__lag005,0.981191,0.096651,0.162384,0.25416241
d__dgs6mo_dgs6mo__lag064,0.557994,0.073346,0.381928,0.25404016
q__bogz1fa553061103q_closed_end_funds_ts_tx__lag004,0.984326,0.151911,0.106136,0.25400229
d__anfci_anfci__lag090,0.689655,0.191623,0.176652,0.2539827
d__dgs30_dgs30__lag072,0.61442,0.074049,0.339273,0.25395299
d__dexszus_dexszus__lag076,0.69279,0.204261,0.16197,0.25372112
q__bogz1fa563061103q_etfs_ts_tx__lag001,0.99373,0.109574,0.145567,0.25354121
d__anfci_anfci__lag033,0.69279,0.223272,0.142684,0.2535308
q__bogz1fr103061103q_nfcb_tsy_reval__lag008,0.971787,0.064146,0.196703,0.25348979
d__dgs30_dgs30__lag068,0.61442,0.073385,0.339029,0.25339548
d__ldgust_tga_fed_alt__lag085,1.0,0.124757,0.128537,0.25329336
d__baa10y_baa10y__lag081,0.504702,0.223613,0.278075,0.25320272
d__baa10y_baa10y__lag080,0.504702,0.224885,0.27673,0.25316583
d__dgs3mo_dgs3mo__lag056,0.557994,0.081793,0.371831,0.25311896
d__dgs3mo_dgs3mo__lag060,0.557994,0.081093,0.372493,0.25309807
d__dgs3mo_dgs3mo__lag055,0.557994,0.081861,0.371572,0.25301279
d__dexszus_dexszus__lag019,0.69279,0.195467,0.16968,0.25297032
q__rowcpaq027s_row_commercialpaper_flow__lag005,0.981191,0.060995,0.196621,0.25276999
q__bogz1fl543061165q_life_insurance_ts__lag003,1.0,0.113671,0.139025,0.25269549
q__bogz1lm343061113q_fed_gov_dcf_retirement_ts__lag001,1.0,0.043893,0.208692,0.25258545
q__bogz1lm343061113q_fed_gov_dc_retirement_ts__lag001,1.0,0.043893,0.208692,0.25258545
q__bogz1lm343061113q_fed_ret_tsy_dc__lag001,1.0,0.043893,0.208692,0.25258545
q__bogz1fr513061105q_pc_insurance_ts_reval__lag007,0.974922,0.119705,0.139349,0.25255692
m__wpu0561_ppi_crude__lag012,0.984326,0.067048,0.189467,0.25249433
q__bogz1fa503061123q_ccps_ts_tx__lag008,0.971787,0.162592,0.09712,0.2523846
d__dgs30_dgs30__lag057,0.61442,0.069427,0.341334,0.25237979
d__anfci_anfci__lag030,0.69279,0.223822,0.140462,0.25237201
d__dgs30_dgs30__lag056,0.61442,0.071735,0.338999,0.25236321
d__anfci_anfci__lag031,0.69279,0.224146,0.140067,0.25232289
m__baaffm_baaff__lag005,0.896552,0.002024,0.279363,0.25227793
d__dgs3mo_dgs3mo__lag061,0.557994,0.081107,0.370998,0.25227184
d__anfci_anfci__lag032,0.69279,0.223266,0.140872,0.25227073
d__baa10y_baa10y__lag077,0.504702,0.228695,0.271128,0.25226163
q__bogz1lm263061110q_row_bills_raw__lag008,0.984326,0.178269,0.077987,0.25223939
q__bogz1lm263061110q_row_bills__lag008,0.984326,0.178269,0.077987,0.25223939
d__anfci_anfci__lag028,0.69279,0.220317,0.143697,0.25218508
q__hnotsbq027s_hhnp_tsy_tx__lag006,0.978056,0.141719,0.116109,0.25217018
d__anfci_anfci__lag089,0.689655,0.193999,0.171438,0.25202506
d__baa10y_baa10y__lag079,0.504702,0.223393,0.275938,0.25201332
d__aaa10y_aaa10y__lag090,0.539185,0.213319,0.253987,0.25196454
d__baa10y_baa10y__lag054,0.504702,0.2351,0.264096,0.25194558
q__bogz1fa403061105q_gses_ts_tx__lag007,0.974922,0.08983,0.168584,0.25193435
d__baa10y_baa10y__lag062,0.504702,0.229298,0.26967,0.25183051
d__dgs30_dgs30__lag075,0.61442,0.069895,0.339723,0.25167693
q__bogz1fr713061103q_cb_tsy_reval__lag001,0.99373,0.060166,0.193095,0.25167364
m__ppiaco_ppiaco__lag011,1.0,0.157101,0.094531,0.25163246
q__bogz1fa343061165q_fed_gov_db_retirement_ts_tx__lag005,0.981191,0.045865,0.210574,0.25161559
q__bogz1fl633061105q_mmf_tsy_raw__lag003,1.0,0.01597,0.235456,0.25142608
q__bogz1fl633061105q_money_market_funds_ts__lag003,1.0,0.01597,0.235456,0.25142608
d__aaa10y_aaa10y__lag069,0.54232,0.188489,0.275006,0.25136273
d__baa10y_baa10y__lag056,0.504702,0.231607,0.26643,0.25136014
d__dgs6mo_dgs6mo__lag081,0.557994,0.07254,0.377749,0.25125851
d__baa10y_baa10y__lag059,0.504702,0.230309,0.267416,0.25120289
d__dgs3mo_dgs3mo__lag057,0.557994,0.079158,0.370978,0.25117316
d__ldgust_tga_fed_alt__lag084,1.0,0.113367,0.13776,0.25112738
d__aaa10y_aaa10y__lag068,0.54232,0.185445,0.277581,0.25110799
d__anfci_anfci__lag029,0.69279,0.22083,0.14161,0.25109497
d__dgs6mo_dgs6mo__lag078,0.557994,0.071343,0.378478,0.25099779
d__dgs6mo_dgs6mo__lag080,0.557994,0.072594,0.377203,0.25098368
d__dgs3mo_dgs3mo__lag062,0.557994,0.079655,0.36995,0.25087651
d__dgs30_dgs30__lag076,0.61442,0.068995,0.339283,0.25085439
d__dgs3mo_dgs3mo__lag059,0.557994,0.078461,0.370568,0.25055557
d__dgs30_dgs30__lag074,0.61442,0.067718,0.340017,0.25052057
d__dgs6mo_dgs6mo__lag083,0.557994,0.071612,0.37728,0.25047903
d__baa10y_baa10y__lag082,0.504702,0.220452,0.27582,0.25046979
d__dgs6mo_dgs6mo__lag065,0.557994,0.068667,0.380207,0.25046873
d__ldgust_tga_fed_alt__lag089,1.0,0.128711,0.121745,0.25045613
d__dgs6mo_dgs6mo__lag082,0.557994,0.071218,0.377453,0.25035568
d__dexszus_dexszus__lag088,0.689655,0.190077,0.172867,0.25030624
d__aaa10y_aaa10y__lag073,0.54232,0.205231,0.256299,0.25029717
q__bogz1lm263061110q_row_bills_raw__lag002,1.0,0.022864,0.227426,0.25029003
q__bogz1lm263061110q_row_bills__lag002,1.0,0.022864,0.227426,0.25029003
d__baa10y_baa10y__lag090,0.501567,0.216665,0.282292,0.25026044
m__permit_permit__lag008,0.824451,0.075109,0.22843,0.25025259
d__dexszus_dexszus__lag087,0.69279,0.188464,0.172745,0.25024176
d__baa10y_baa10y__lag053,0.504702,0.230298,0.265518,0.25023943
d__dgs3mo_dgs3mo__lag058,0.557994,0.078419,0.370017,0.25022425
d__dgs3mo_dgs3mo__lag063,0.557994,0.079018,0.36927,0.25014156
q__rowceaq027s_row_corpequities_flow__lag006,0.978056,0.014311,0.241407,0.25010639
q__bogz1fr153061105q_hhnp_tsy_reval__lag004,0.984326,0.054633,0.199381,0.25003239
d__aaa10y_aaa10y__lag067,0.54232,0.179693,0.281227,0.24996578
d__ldgust_tga_fed_alt__lag083,1.0,0.111341,0.138538,0.24987914
d__baa10y_baa10y__lag061,0.504702,0.227295,0.267517,0.24973258
q__bogz1fl262151003q_row_repo__lag008,0.984326,0.147086,0.106448,0.24956022
q__bogz1lm343061105q_fed_gov_retirement_ts__lag006,0.990596,0.114958,0.136932,0.24952049
q__bogz1lm343061105q_fed_ret_tsy_total__lag006,0.990596,0.114958,0.136932,0.24952049
d__ldgust_tga_fed_alt__lag090,1.0,0.124791,0.124504,0.249295
d__baa10y_baa10y__lag089,0.504702,0.214305,0.279313,0.24912974
d__dgs6mo_dgs6mo__lag074,0.557994,0.067761,0.378685,0.24911404
d__dexszus_dexszus__lag016,0.69279,0.18182,0.177668,0.24904984
d__aaa10y_aaa10y__lag071,0.54232,0.194636,0.264316,0.24889894
q__bogz1lm263061105q_row_tsy_raw__lag008,0.984326,0.169767,0.08301,0.24881433
q__bogz1lm263061105q_row_tsy__lag008,0.984326,0.169767,0.08301,0.24881433
d__baa10y_baa10y__lag060,0.504702,0.225912,0.26699,0.24876889
d__aaa10y_aaa10y__lag070,0.54232,0.189583,0.269091,0.24874822
d__dgs30_dgs30__lag067,0.61442,0.068288,0.336419,0.24865977
m__wtisplc_wtisplc__lag001,1.0,0.084536,0.164123,0.24865914
d__baa10y_baa10y__lag086,0.504702,0.217799,0.27487,0.24865106
d__dgs30_dgs30__lag044,0.617555,0.061209,0.341252,0.24854163
q__bogz1fa653061105q_mutual_funds_ts_tx__lag008,0.971787,0.108301,0.147364,0.24845215
q__bogz1fr263061130q_row_gov_tsy_reval__lag008,0.971787,0.08351,0.17212,0.24841801
d__dgs6mo_dgs6mo__lag077,0.557994,0.067401,0.377692,0.24835891
d__aaa10y_aaa10y__lag072,0.54232,0.20169,0.256082,0.24825847
q__bogz1fa313161105q_tsy_net_tx__lag007,0.974922,0.09147,0.163163,0.24824644
m__houst_houst__lag010,0.833856,0.065543,0.232097,0.24818845
m__bogmbase_mb__lag002,0.84326,0.15322,0.141082,0.24817309
d__vixcls_vixcls__lag082,0.454545,0.245386,0.300574,0.24816338
q__bogz1fa593061105q_pension_ts_tx__lag001,0.99373,0.09957,0.15011,0.24811437
d__ldgust_tga_fed_alt__lag080,1.0,0.109372,0.138656,0.24802732
d__dgs6mo_dgs6mo__lag090,0.557994,0.067319,0.37712,0.24799453
d__baa10y_baa10y__lag049,0.504702,0.220954,0.270366,0.24797051
q__ib0000043q086sbea_imp_ind_pi__lag004,0.727273,0.025795,0.315124,0.24794166
d__dgs6mo_dgs6mo__lag075,0.557994,0.066489,0.377812,0.2479172
q__bogz1fa653061105q_mutual_funds_ts_tx__lag006,0.978056,0.047603,0.205841,0.24788226
d__dgs6mo_dgs6mo__lag066,0.557994,0.065422,0.378765,0.24785353
m__usalolitoaastsam_oecd_leading_indicator_us__lag001,0.893417,0.174119,0.103301,0.24785106
d__dexszus_dexszus__lag018,0.69279,0.184237,0.17352,0.24785046
m__wtisplc_wtisplc__lag006,1.0,0.059233,0.18853,0.2477634
q__bogz1lm343061113q_fed_gov_dcf_retirement_ts__lag002,1.0,0.035663,0.212049,0.24771161
q__bogz1lm343061113q_fed_gov_dc_retirement_ts__lag002,1.0,0.035663,0.212049,0.24771161
q__bogz1lm343061113q_fed_ret_tsy_dc__lag002,1.0,0.035663,0.212049,0.24771161
q__bogz1lm153061105q_hhnp_tsy__lag007,0.987461,0.019347,0.231366,0.2475688
d__dgs6mo_dgs6mo__lag079,0.557994,0.067685,0.375988,0.24756665
d__dgs30_dgs30__lag009,0.617555,0.066224,0.334656,0.24756554
q__bogz1lm343061113q_fed_gov_dcf_retirement_ts__lag004,0.996865,0.093463,0.154779,0.24746358
q__bogz1lm343061113q_fed_gov_dc_retirement_ts__lag004,0.996865,0.093463,0.154779,0.24746358
q__bogz1lm343061113q_fed_ret_tsy_dc__lag004,0.996865,0.093463,0.154779,0.24746358
d__aaa10y_aaa10y__lag065,0.54232,0.180333,0.275887,0.24741721
q__bogz1fr743061103q_usb_tsy_dom_reval__lag006,0.978056,0.05327,0.199668,0.24738783
d__baa10y_baa10y__lag048,0.504702,0.220465,0.26967,0.24737232
d__ldgust_tga_fed_alt__lag088,1.0,0.123535,0.123723,0.24725852
d__baa10y_baa10y__lag052,0.504702,0.225285,0.264386,0.24713846
d__baa10y_baa10y__lag083,0.504702,0.220513,0.268926,0.24702072
d__dgs3mo_dgs3mo__lag064,0.557994,0.074995,0.367684,0.24701222
d__dgs6mo_dgs6mo__lag089,0.557994,0.066674,0.375949,0.24698055
m__permit_permit__lag010,0.821317,0.075492,0.225094,0.24687602
d__dgs30_dgs30__lag066,0.61442,0.062775,0.338963,0.24683585
d__dgs6mo_dgs6mo__lag085,0.557994,0.066152,0.376125,0.24678812
d__dgs6mo_dgs6mo__lag076,0.557994,0.065596,0.376609,0.24674798
q__bogz1fr763061100q_usb_tsy_oth_reval__lag001,0.99373,0.05287,0.195432,0.24674528
q__bogz1fl712151003q_fed_repo__lag006,0.990596,0.094511,0.154565,0.24673349
d__dgs30_dgs30__lag065,0.61442,0.063531,0.33798,0.24669637
m__iputil_iputil__lag001,1.0,0.134164,0.112448,0.24661183
d__vixcls_vixcls__lag038,0.454545,0.225754,0.316703,0.24657104
d__baa10y_baa10y__lag088,0.504702,0.211491,0.27705,0.24656804
q__ib0000043q086sbea_imp_ind_pi__lag006,0.721003,0.187867,0.154093,0.24655448
d__dgs6mo_dgs6mo__lag067,0.557994,0.064155,0.377678,0.24654013
q__bogz1fl713061103q_fed_tsy__lag004,0.996865,0.179552,0.067742,0.24651957
q__bogz1fl713061103q_fed_tsy_raw__lag004,0.996865,0.179552,0.067742,0.24651957
q__bogz1fl713061103q_cb_tsy__lag004,0.996865,0.179552,0.067742,0.24651957
d__aaa10y_aaa10y__lag080,0.54232,0.202846,0.251567,0.24643716
d__dgs6mo_dgs6mo__lag087,0.557994,0.06629,0.37523,0.24636571
m__mich_mich__lag001,0.605016,0.278967,0.128212,0.24634953
d__dgs6mo_dgs6mo__lag069,0.557994,0.065018,0.376417,0.24631829
d__baa10y_baa10y__lag051,0.504702,0.222466,0.265406,0.24622977
d__dgs6mo_dgs6mo__lag084,0.557994,0.065779,0.375459,0.24620818
d__dgs6mo_dgs6mo__lag071,0.557994,0.062829,0.378318,0.24615726
d__dexszus_dexszus__lag084,0.69279,0.177626,0.177659,0.24613747
d__dgs6mo_dgs6mo__lag068,0.557994,0.064172,0.376892,0.24611089
d__aaa10y_aaa10y__lag086,0.54232,0.209676,0.244073,0.24607684
d__dgs6mo_dgs6mo__lag088,0.557994,0.0661,0.374856,0.24605075
m__ppiaco_ppiaco__lag001,1.0,0.167147,0.078894,0.24604097
m__ipmine_ipmine__lag011,1.0,0.038472,0.207551,0.24602223
d__dgs3mo_dgs3mo__lag078,0.557994,0.075119,0.365739,0.24599604
q__ib0000043q086sbea_imp_ind_pi__lag003,0.730408,0.006634,0.330054,0.24591976
q__bogz1fl543061165q_life_insurance_ts__lag007,0.987461,0.089528,0.159406,0.24581237
d__baa10y_baa10y__lag085,0.504702,0.214922,0.271966,0.2457337
d__aaa10y_aaa10y__lag064,0.54232,0.189303,0.263777,0.24571426
d__dgs6mo_dgs6mo__lag070,0.557994,0.063477,0.376641,0.24558318
m__ipmine_ipmine__lag012,1.0,0.029655,0.21592,0.24557473
q__bogz1fa513061105q_pc_insurance_ts_tx__lag006,0.978056,0.142937,0.107936,0.24536859
d__aaa10y_aaa10y__lag081,0.54232,0.198992,0.253296,0.24528492
m__recprousm156n_recprob__lag004,0.736677,0.186732,0.146061,0.24516108
d__dexszus_dexszus__lag017,0.69279,0.176612,0.17724,0.24514541
d__aaa10y_aaa10y__lag066,0.54232,0.173406,0.278433,0.24504102
q__bogz1lm263061105q_row_tsy_raw__lag006,0.990596,0.158976,0.088379,0.24502949
q__bogz1lm263061105q_row_tsy__lag006,0.990596,0.158976,0.088379,0.24502949
m__ppiaco_ppiaco__lag006,1.0,0.145957,0.099005,0.24496251
q__bogz1fl313024000q_tres_oper_cash__lag006,0.990596,0.092582,0.154527,0.24478485
d__dgs3mo_dgs3mo__lag077,0.557994,0.072479,0.366161,0.24475812
m__recprousm156n_recprob__lag012,0.727273,0.004802,0.331692,0.24472301
d__dgs6mo_dgs6mo__lag086,0.557994,0.064211,0.37429,0.24468076
d__ldgust_tga_fed_alt__lag082,1.0,0.104885,0.139796,0.24468038
d__dgs3mo_dgs3mo__lag080,0.557994,0.074292,0.364028,0.24457933
d__dgs30_dgs30__lag045,0.617555,0.056435,0.339606,0.24457685
d__dexszus_dexszus__lag086,0.69279,0.180883,0.172083,0.2445308
d__dgs3mo_dgs3mo__lag082,0.557994,0.073502,0.364569,0.24444109
d__dgs6mo_dgs6mo__lag072,0.557994,0.060846,0.377195,0.24442371
d__ldgust_tga_fed_alt__lag081,1.0,0.104921,0.139502,0.24442347
d__dgs3mo_dgs3mo__lag081,0.557994,0.073703,0.364004,0.2442377
d__baa10y_baa10y__lag047,0.504702,0.21662,0.267152,0.2441606
q__bogz1fr263061145q_row_priv_tsy_reval__lag006,0.978056,0.065515,0.184045,0.24408384
d__dexszus_dexszus__lag077,0.69279,0.183321,0.168953,0.24405194
d__dgs6mo_dgs6mo__lag073,0.557994,0.059838,0.377487,0.24402476
d__ldgust_tga_fed_alt__lag017,1.0,0.07488,0.169118,0.24399759
d__baa10y_baa10y__lag050,0.504702,0.218052,0.265268,0.24393296
q__bogz1fl712051000q_fed_rrp__lag007,0.987461,0.011883,0.235136,0.2439214
q__bogz1lm663061105q_brokers_dealers_ts__lag007,0.987461,0.091712,0.155297,0.24391116
d__dgs3mo_dgs3mo__lag065,0.557994,0.07115,0.365839,0.24383676
d__dexszus_dexszus__lag085,0.69279,0.175683,0.176264,0.24382536
d__usepuindxd_policy_uncertainty__lag082,0.517241,0.192186,0.278902,0.24366592
q__na000283q_gov_current_exp__lag007,0.971787,0.137082,0.11365,0.24365872
d__aaa10y_aaa10y__lag089,0.539185,0.204966,0.246885,0.2436317
d__dgs3mo_dgs3mo__lag083,0.557994,0.073096,0.363516,0.24362662
d__baa10y_baa10y__lag087,0.504702,0.208341,0.274209,0.24354422
d__baa10y_baa10y__lag084,0.504702,0.212484,0.269997,0.24350899
q__bogz1fl713123030q_tga__lag008,0.984326,0.060362,0.187017,0.24350159
q__bogz1fl713123030q_tga_z1__lag008,0.984326,0.060362,0.187017,0.24350159
d__vixcls_vixcls__lag085,0.454545,0.243684,0.292002,0.24349345
q__w006rc1q027sbea_gov_tax_receipts__lag002,0.987461,0.155836,0.090678,0.24342239
q__bogz1lm153061105q_hhnp_tsy__lag004,0.996865,0.021622,0.222494,0.24335112
m__iputil_iputil__lag008,1.0,0.145992,0.09733,0.24332254
d__dgs3mo_dgs3mo__lag079,0.557994,0.07231,0.363709,0.24329549
m__bogmbase_mb__lag003,0.84326,0.164176,0.124273,0.24323718
d__dgs30_dgs30__lag058,0.61442,0.058455,0.337364,0.24319894
q__bogz1lm653061113q_mf_bills_raw__lag003,1.0,0.096851,0.146344,0.24319482
q__bogz1lm653061113q_mutf_bills__lag003,1.0,0.096851,0.146344,0.24319482
d__dgs30_dgs30__lag046,0.61442,0.058395,0.33735,0.2431532
d__aaa10y_aaa10y__lag079,0.54232,0.196045,0.251687,0.24281416
d__dexszus_dexszus__lag013,0.69279,0.176949,0.1735,0.24278703
d__aaa10y_aaa10y__lag075,0.54232,0.196587,0.251062,0.24276856
d__aaa10y_aaa10y__lag076,0.54232,0.196168,0.251474,0.24276486
q__gsave_gsave__lag002,0.987461,0.126875,0.118906,0.24269872
d__ldgust_tga_fed_alt__lag086,1.0,0.112918,0.129773,0.24269167
q__bogz1fa313161305q_gov_nonmarketable_ts_tx__lag008,0.971787,0.122186,0.127364,0.24250888
q__rowmfsq027s_row_mutualfundshares_flow__lag007,0.974922,0.110844,0.137787,0.24239564
d__baa10y_baa10y__lag046,0.504702,0.2139,0.266213,0.24231379
q__bogz1fl713061103q_fed_tsy__lag001,1.0,0.099149,0.143155,0.24230419
q__bogz1fl713061103q_fed_tsy_raw__lag001,1.0,0.099149,0.143155,0.24230419
q__bogz1fl713061103q_cb_tsy__lag001,1.0,0.099149,0.143155,0.24230419
d__aaa10y_aaa10y__lag074,0.54232,0.196677,0.250012,0.2422481
d__dexszus_dexszus__lag009,0.69279,0.171047,0.178621,0.24224649
d__dgs30_dgs30__lag048,0.61442,0.060038,0.333994,0.24210148
q__bogz1fa573061143q_private_db_pension_ts_tx__lag001,0.99373,0.045626,0.197996,0.24209486
d__dgs3mo_dgs3mo__lag066,0.557994,0.069144,0.364503,0.24197196
d__baa10y_baa10y__lag042,0.504702,0.219707,0.259683,0.24194906
q__bogz1lm153061105q_hhnp_tsy__lag006,0.990596,0.007893,0.236325,0.24192154
q__bogz1lm103061103q_nfcb_tsy__lag003,1.0,0.065828,0.176072,0.24190019
q__bogz1fa513061113q_pci_bills_tx__lag002,0.990596,0.069603,0.174571,0.24187765
d__dgs3mo_dgs3mo__lag068,0.557994,0.069071,0.364401,0.24187468
d__dgs3mo_dgs3mo__lag074,0.557994,0.067745,0.365715,0.24186782
m__ipman_ipman__lag011,0.670846,0.041733,0.318788,0.24185412
q__bogz1fl543061165q_life_insurance_ts__lag008,0.984326,0.079806,0.1658,0.24175647
d__dexszus_dexszus__lag078,0.69279,0.179765,0.16918,0.24174575
m__houst_houst__lag005,0.840125,0.064741,0.222751,0.24152924
q__bogz1lm343061113q_fed_gov_dcf_retirement_ts__lag005,0.99373,0.141499,0.101461,0.24143612
q__bogz1lm343061113q_fed_gov_dc_retirement_ts__lag005,0.99373,0.141499,0.101461,0.24143612
q__bogz1lm343061113q_fed_ret_tsy_dc__lag005,0.99373,0.141499,0.101461,0.24143612
d__dgs3mo_dgs3mo__lag069,0.557994,0.068989,0.363688,0.24143106
q__bogz1lm263061110q_row_bills_raw__lag001,1.0,0.02143,0.219946,0.24137627
q__bogz1lm263061110q_row_bills__lag001,1.0,0.02143,0.219946,0.24137627
m__wpu0561_ppi_crude__lag001,0.99373,0.099829,0.142947,0.24125431
d__vixcls_vixcls__lag051,0.454545,0.212799,0.317903,0.24122812
d__t10y2y_t10y2y__lag021,0.626959,0.097011,0.287695,0.241195
m__houst_houst__lag004,0.840125,0.070767,0.216157,0.24105232
d__dgs3mo_dgs3mo__lag071,0.557994,0.065689,0.366248,0.24101768
d__ldgust_tga_fed_alt__lag087,1.0,0.115973,0.125005,0.2409778
d__dgs3mo_dgs3mo__lag067,0.557994,0.067821,0.363984,0.24094472
d__dexszus_dexszus__lag083,0.69279,0.171043,0.176576,0.24082654
d__dgs3mo_dgs3mo__lag075,0.557994,0.066807,0.364776,0.24082052
m__ppiaco_ppiaco__lag005,1.0,0.154257,0.086544,0.2408004
d__baa10y_baa10y__lag045,0.504702,0.214123,0.2629,0.24075454
q__bogz1lm343061105q_fed_gov_retirement_ts__lag004,0.996865,0.110931,0.130483,0.24065704
q__bogz1lm343061105q_fed_ret_tsy_total__lag004,0.996865,0.110931,0.130483,0.24065704
d__dgs3mo_dgs3mo__lag070,0.557994,0.067157,0.363761,0.24044932
d__dexszus_dexszus__lag011,0.69279,0.170508,0.176379,0.24031967
d__baa10y_baa10y__lag041,0.504702,0.217259,0.258858,0.2402973
d__t10y2y_t10y2y__lag022,0.626959,0.09364,0.28957,0.24025662
d__dgs30_dgs30__lag055,0.61442,0.057999,0.332968,0.24021797
m__umcsent_umcsent__lag001,0.92163,0.016274,0.244303,0.24015598
d__dexszus_dexszus__lag012,0.69279,0.169989,0.17645,0.24000956
d__dgs30_dgs30__lag054,0.61442,0.056016,0.334485,0.23993121
d__ldgust_tga_fed_alt__lag060,1.0,0.114312,0.125614,0.23992575
d__dexszus_dexszus__lag082,0.69279,0.171383,0.174879,0.23988642
d__baa10y_baa10y__lag040,0.504702,0.217749,0.257382,0.23979994
d__dgs3mo_dgs3mo__lag076,0.557994,0.065829,0.363861,0.23976436
d__dgs30_dgs30__lag060,0.61442,0.05427,0.335733,0.23962561
d__dgs3mo_dgs3mo__lag072,0.557994,0.064269,0.365112,0.23959218
d__aaa10y_aaa10y__lag077,0.54232,0.195155,0.246422,0.23947618
q__bogz1fr753061103q_usb_tsy_for_reval__lag006,0.978056,0.02876,0.215951,0.23934116
q__ad02rc1q027sbea_gov_netlending__lag005,0.821317,0.115539,0.175859,0.23932995
q__bogz1fl763123005q_tga_usb__lag006,0.990596,0.019527,0.221978,0.23923398
q__na000283q_gov_current_exp__lag003,0.984326,0.07325,0.16978,0.23922091
d__vixcls_vixcls__lag054,0.454545,0.205184,0.321038,0.2391916
q__bogz1lm153061105q_hhnp_tsy__lag002,1.0,0.055117,0.184018,0.23913566
q__bogz1fr793061105q_dom_fin_sector_tsy_reval__lag008,0.971787,0.057693,0.188371,0.2391215
q__fgexpnd_fgexpnd__lag007,0.971787,0.134145,0.111867,0.23907071
d__baa10y_baa10y__lag044,0.504702,0.212561,0.260851,0.23893215
d__dgs3mo_dgs3mo__lag084,0.557994,0.066074,0.362065,0.23889929
q__bogz1lm553061103q_closed_end_funds_ts__lag006,0.990596,0.055312,0.185724,0.23876868
d__aaa10y_aaa10y__lag085,0.54232,0.200111,0.240053,0.2387097
d__ldgust_tga_fed_alt__lag011,1.0,0.068947,0.169716,0.23866323
d__aaa10y_aaa10y__lag087,0.54232,0.198572,0.241506,0.23866294
d__aaa10y_aaa10y__lag088,0.54232,0.201087,0.238949,0.23864012
q__bogz1fa573061133q_private_dc_pension_ts_tx__lag005,0.981191,0.006361,0.236669,0.23845955
d__aaa10y_aaa10y__lag057,0.54232,0.181402,0.257999,0.23829591
d__dexszus_dexszus__lag079,0.69279,0.174241,0.169687,0.23826959
q__bogz1fa343061123q_fed_gov_dcg_retirement_ts_tx__lag004,0.984326,0.127087,0.114939,0.23823235
d__ldgust_tga_fed_alt__lag079,1.0,0.098121,0.139961,0.23808107
m__houst_houst__lag007,0.836991,0.075262,0.209166,0.23806352
d__t10y2y_t10y2y__lag020,0.626959,0.098291,0.281374,0.238035
d__dexszus_dexszus__lag010,0.69279,0.164096,0.179369,0.23794889
d__anfci_anfci__lag024,0.69279,0.220431,0.122965,0.23790103
d__anfci_anfci__lag023,0.69279,0.220118,0.123081,0.23776486
d__dgs3mo_dgs3mo__lag073,0.557994,0.061322,0.364629,0.23767792
q__bogz1fl262151003q_row_repo__lag006,0.990596,0.087621,0.152238,0.23760324
d__dgs3mo_dgs3mo__lag088,0.557994,0.065578,0.360232,0.23759972
d__usepuindxd_policy_uncertainty__lag001,0.517241,0.128107,0.330904,0.23741944
d__dgs3mo_dgs3mo__lag085,0.557994,0.063933,0.361537,0.23741012
d__anfci_anfci__lag026,0.69279,0.219664,0.122956,0.23736346
q__bogz1fl573061143q_private_db_pension_ts__lag004,0.996865,0.034846,0.203132,0.23723239
d__anfci_anfci__lag025,0.69279,0.219316,0.123095,0.23721866
d__usepuindxd_policy_uncertainty__lag004,0.517241,0.148907,0.309334,0.23702085
q__bogz1fl633061110q_mmf_bills_raw__lag004,0.996865,0.06217,0.175556,0.23697995
q__bogz1fl633061110q_mmf_bills__lag004,0.996865,0.06217,0.175556,0.23697995
d__dgs30_dgs30__lag061,0.61442,0.051689,0.33399,0.2369691
d__dexszus_dexszus__lag008,0.69279,0.158235,0.183776,0.23694225
d__aaa10y_aaa10y__lag082,0.54232,0.193613,0.243142,0.23686099
q__bogz1fa593061105q_pension_ts_tx__lag002,0.990596,0.050941,0.188167,0.23685942
d__t10y2y_t10y2y__lag028,0.626959,0.092912,0.284714,0.23675566
d__aaa10y_aaa10y__lag055,0.54232,0.183982,0.252472,0.23669734
q__fgexpnd_fgexpnd__lag003,0.984326,0.068866,0.171374,0.23647453
q__bogz1fa693061105q_nonmmf_ts_tx__lag006,0.978056,0.053442,0.188334,0.23646988
q__bogz1fa693061105q_nonmmmf_ts_tx__lag006,0.978056,0.053442,0.188334,0.23646988
d__dgs30_dgs30__lag062,0.61442,0.052083,0.332723,0.23643225
d__t10y2y_t10y2y__lag017,0.626959,0.095022,0.282046,0.23640629
d__anfci_anfci__lag021,0.69279,0.215105,0.125946,0.23627688
d__dgs3mo_dgs3mo__lag087,0.557994,0.063911,0.35943,0.23622181
d__t10y2y_t10y2y__lag029,0.626959,0.093057,0.283526,0.23610166
d__ldgust_tga_fed_alt__lag063,1.0,0.113599,0.122455,0.23605384
d__dgs3mo_dgs3mo__lag089,0.557994,0.06411,0.358905,0.23603991
d__anfci_anfci__lag020,0.69279,0.214292,0.126314,0.23596841
d__anfci_anfci__lag022,0.69279,0.216056,0.124494,0.23592967
d__vixcls_vixcls__lag088,0.454545,0.221938,0.297019,0.23588977
m__mtso133fms_fedgov_out__lag003,0.570533,0.104419,0.309035,0.23588882
m__permit_permit__lag012,0.821317,0.044606,0.24247,0.23578026
d__dgs3mo_dgs3mo__lag090,0.557994,0.063651,0.358898,0.23577943
d__baa10y_baa10y__lag037,0.504702,0.214697,0.252446,0.23576836
d__aaa10y_aaa10y__lag054,0.54232,0.183058,0.251679,0.23576607
d__t10y2y_t10y2y__lag016,0.626959,0.094822,0.280993,0.23562053
d__baa10y_baa10y__lag043,0.504702,0.207841,0.258957,0.23559375
d__aaa10y_aaa10y__lag084,0.54232,0.190573,0.243487,0.23539972
m__ppiaco_ppiaco__lag002,1.0,0.165106,0.070292,0.23539759
d__dexszus_dexszus__lag080,0.69279,0.16954,0.170212,0.23537686
q__bogz1fa573061105q_private_pension_ts_tx__lag008,0.971787,0.018242,0.223962,0.23537044
q__rownblq027s_row_nonfinbusinessloans_flow__lag003,0.987461,0.028461,0.209879,0.23535093
d__baa10y_baa10y__lag039,0.504702,0.212736,0.253573,0.23534719
m__recprousm156n_recprob__lag005,0.733542,0.179419,0.141297,0.23525911
d__aaa10y_aaa10y__lag058,0.54232,0.184201,0.249458,0.23518184
d__aaa10y_aaa10y__lag083,0.54232,0.197531,0.235952,0.2350859
q__rrvrusq156n_rental_vacancy__lag005,0.865204,0.145965,0.125685,0.23503248
q__bogz1fl633061110q_mmf_bills_raw__lag006,0.990596,0.11873,0.11848,0.23497886
q__bogz1fl633061110q_mmf_bills__lag006,0.990596,0.11873,0.11848,0.23497886
d__dgs30_dgs30__lag064,0.61442,0.050887,0.331546,0.23497428
d__ldgust_tga_fed_alt__lag013,1.0,0.066338,0.168604,0.23494152
q__bogz1fa343061105q_fed_gov_retirement_ts_tx__lag002,0.990596,0.149184,0.087911,0.23486524
d__t10y2y_t10y2y__lag023,0.626959,0.087387,0.286884,0.23465265
d__t10y2y_t10y2y__lag018,0.626959,0.093391,0.280763,0.23457916
d__dexszus_dexszus__lag015,0.69279,0.159702,0.178807,0.23451558
q__bogz1fr153061105q_hhnp_tsy_reval__lag006,0.978056,0.085978,0.153703,0.23442116
q__bogz1lm263061105q_row_tsy_raw__lag007,0.987461,0.152252,0.085051,0.2343267
q__bogz1lm263061105q_row_tsy__lag007,0.987461,0.152252,0.085051,0.2343267
d__t10y2y_t10y2y__lag009,0.626959,0.097451,0.275954,0.23410999
d__t10y2y_t10y2y__lag025,0.626959,0.090786,0.282462,0.23401121
d__dgs3mo_dgs3mo__lag086,0.557994,0.060331,0.358955,0.23395915
q__rowcbaq027s_row_corpbonds_flow__lag006,0.978056,0.001767,0.237401,0.23391924
d__aaa10y_aaa10y__lag063,0.54232,0.174586,0.256484,0.23377783
d__t10y2y_t10y2y__lag030,0.626959,0.087324,0.285234,0.23357834
q__bogz1fl573061143q_private_db_pension_ts__lag001,1.0,0.004845,0.228691,0.23353662
q__bogz1fa313161305q_gov_nonmarketable_ts_tx__lag007,0.974922,0.072902,0.166539,0.23343586
q__bogz1fa713061113q_cb_bills_tx__lag001,0.99373,0.005798,0.22911,0.23343459
d__aaa10y_aaa10y__lag078,0.54232,0.184196,0.24609,0.23335271
d__dgs30_dgs30__lag047,0.61442,0.050315,0.329442,0.23333014
d__t10y2y_t10y2y__lag027,0.626959,0.091347,0.280744,0.23328566
m__mich_mich__lag003,0.605016,0.201098,0.184435,0.23325397
d__baa10y_baa10y__lag038,0.504702,0.209029,0.252966,0.23316988
d__dexszus_dexszus__lag081,0.69279,0.163366,0.173131,0.23312137
q__bogz1lm653061113q_mf_bills_raw__lag004,0.996865,0.033538,0.200142,0.2329473
q__bogz1lm653061113q_mutf_bills__lag004,0.996865,0.033538,0.200142,0.2329473
d__dexszus_dexszus__lag007,0.69279,0.157344,0.178884,0.23293504
q__rowcbaq027s_row_corpbonds_flow__lag002,0.990596,0.014056,0.221062,0.23290716
d__t10y2y_t10y2y__lag001,0.626959,0.092735,0.278611,0.23281936
q__impgs_imports__lag002,0.987461,0.170021,0.065676,0.2327412
d__ldgust_tga_fed_alt__lag078,1.0,0.090693,0.141965,0.23265774
m__bogmbase_mb__lag004,0.840125,0.169472,0.107394,0.23260273
d__t10y2y_t10y2y__lag019,0.626959,0.089256,0.281409,0.23239187
d__aaa10y_aaa10y__lag049,0.54232,0.169345,0.259109,0.23235906
q__bogz1fr713061113q_cb_bills_reval__lag001,0.99373,0.086609,0.147203,0.23234601
q__a464rc1q027sbea_nfcb_pbt__lag008,0.968652,0.125762,0.114075,0.23231877
q__bogz1fl573061143q_private_db_pension_ts__lag002,1.0,0.001168,0.231149,0.23231743
d__baa10y_baa10y__lag036,0.504702,0.211891,0.248309,0.23226377
q__bogz1fl313024000q_tres_oper_cash__lag005,0.99373,0.168842,0.064847,0.23222376
d__dexszus_dexszus__lag014,0.69279,0.160609,0.174522,0.2321757
q__gsave_gsave__lag003,0.984326,0.098925,0.136915,0.23214305
q__bopbca_bopbca__lag007,0.808777,0.193302,0.093655,0.23208415
d__baa10y_baa10y__lag035,0.504702,0.213321,0.246511,0.23207843
q__rowgseq027s_row_agency_flow__lag007,0.974922,0.087226,0.150745,0.2320026
d__ldgust_tga_fed_alt__lag062,1.0,0.10814,0.123815,0.23195451
q__bogz1fl313024000q_tres_oper_cash__lag008,0.984326,0.041974,0.193618,0.23189957
m__ppiaco_ppiaco__lag012,1.0,0.14745,0.084416,0.2318665
q__bogz1fl264135005a_row_loans_l__lag004,1.0,0.081162,0.150686,0.23184844
d__ldgust_tga_fed_alt__lag061,1.0,0.106149,0.125677,0.23182664
q__bogz1fl573061143q_private_db_pension_ts__lag003,1.0,0.006201,0.225576,0.23177749
q__rowmfsq027s_row_mutualfundshares_flow__lag003,0.987461,0.032525,0.202135,0.23171815
q__bogz1fa593061105q_pension_ts_tx__lag006,0.978056,0.171097,0.065815,0.23171337
q__bogz1fa313161305q_gov_nonmarketable_ts_tx__lag001,0.99373,0.122863,0.110209,0.23160993
q__bogz1fl633061105q_mmf_tsy_raw__lag004,0.996865,0.071765,0.1605,0.23153628
q__bogz1fl633061105q_money_market_funds_ts__lag004,0.996865,0.071765,0.1605,0.23153628
d__dgs30_dgs30__lag063,0.61442,0.046804,0.329786,0.23138446
d__usepuindxd_policy_uncertainty__lag010,0.517241,0.04013,0.407197,0.23137622
q__bogz1fa753061103q_usb_tsy_for_tx__lag001,0.99373,0.013427,0.219192,0.23116015
m__recprousm156n_recprob__lag003,0.736677,0.202518,0.110667,0.23071627
d__aaa10y_aaa10y__lag062,0.54232,0.177835,0.247484,0.23065864
m__permit_permit__lag002,0.830721,0.063542,0.213947,0.23051584
d__dexszus_dexszus__lag006,0.69279,0.152926,0.179705,0.2304435
d__t10y2y_t10y2y__lag026,0.626959,0.087766,0.279768,0.23042882
d__baa10y_baa10y__lag034,0.504702,0.213669,0.242661,0.23031062
d__t10y2y_t10y2y__lag031,0.623824,0.084084,0.284937,0.23020427
d__t10y2y_t10y2y__lag008,0.626959,0.091015,0.276146,0.23019498
d__aaa10y_aaa10y__lag052,0.54232,0.171553,0.252613,0.23003332
d__ldgust_tga_fed_alt__lag077,1.0,0.08868,0.141262,0.22994145
d__t10y2y_t10y2y__lag024,0.626959,0.087549,0.2791,0.2298741
d__aaa10y_aaa10y__lag053,0.54232,0.172147,0.251599,0.22980602
d__ldgust_tga_fed_alt__lag059,1.0,0.095952,0.133746,0.22969804
d__t10y2y_t10y2y__lag010,0.626959,0.091819,0.274484,0.22965705
d__aaa10y_aaa10y__lag051,0.54232,0.169308,0.254105,0.22962542
d__aaa10y_aaa10y__lag056,0.54232,0.177169,0.245888,0.22943182
q__w006rc1q027sbea_gov_tax_receipts__lag004,0.981191,0.130515,0.103251,0.22936961
q__bogz1fr733061103q_holding_companies_ts_reval__lag005,0.981191,0.029331,0.204412,0.22934691
d__t10y2y_t10y2y__lag011,0.626959,0.091229,0.274459,0.22927111
q__bogz1fa473061105q_credit_unions_ts_tx__lag006,0.978056,0.117334,0.116875,0.22906883
m__bogmbase_mb__lag012,0.833856,0.229868,0.044782,0.22901862
d__t10y2y_t10y2y__lag052,0.623824,0.08209,0.284895,0.2289345
m__wpu0561_ppi_crude__lag006,0.990596,0.057109,0.173963,0.22889881
q__rowtsaq027s_row_tsy_tx__lag007,0.974922,0.059679,0.174873,0.22867024
q__drtscilm_loan_tight__lag002,0.445141,0.248062,0.265537,0.22862397
d__usepuindxd_policy_uncertainty__lag025,0.517241,0.147933,0.293438,0.22829516
d__ldgust_tga_fed_alt__lag012,1.0,0.060779,0.167354,0.22813249
d__dgs30_dgs30__lag050,0.61442,0.047585,0.323637,0.22808675
d__t10y2y_t10y2y__lag044,0.623824,0.08486,0.280749,0.22807568
m__bogmbase_mb__lag011,0.833856,0.219747,0.053716,0.2280284
q__bogz1lm543061115q_li_bills__lag005,0.99373,0.015954,0.213488,0.22800312
d__ldgust_tga_fed_alt__lag075,1.0,0.090748,0.137252,0.22800052
d__t10y2y_t10y2y__lag049,0.623824,0.085367,0.279936,0.22788531
m__bogmbase_mb__lag005,0.840125,0.172635,0.09856,0.22783778
d__t10y2y_t10y2y__lag007,0.626959,0.087302,0.275449,0.2274302
q__b093rc1q027sbea_gov_int_row__lag008,0.968652,0.037845,0.196919,0.22740501
d__aaa10y_aaa10y__lag061,0.54232,0.175931,0.243321,0.22736851
d__vixcls_vixcls__lag052,0.454545,0.190276,0.309801,0.22730777
q__bogz1fl633061110q_mmf_bills_raw__lag008,0.984326,0.086704,0.144156,0.22724164
q__bogz1fl633061110q_mmf_bills__lag008,0.984326,0.086704,0.144156,0.22724164
d__aaa10y_aaa10y__lag048,0.54232,0.161927,0.25707,0.22723028
d__ldgust_tga_fed_alt__lag015,1.0,0.06425,0.162957,0.22720682
q__bogz1fl713123030q_tga__lag006,0.990596,0.106488,0.122872,0.22720357
q__bogz1fl713123030q_tga_z1__lag006,0.990596,0.106488,0.122872,0.22720357
q__ncbtsaq027s_nfcb_tsy_tx__lag002,0.990596,0.016172,0.213166,0.22718197
d__t10y2y_t10y2y__lag047,0.623824,0.084496,0.279579,0.22711889
m__permit_permit__lag005,0.827586,0.053731,0.220536,0.22697901
d__dgs30_dgs30__lag059,0.61442,0.041585,0.327821,0.22697042
d__dgs30_dgs30__lag049,0.61442,0.043009,0.326298,0.22690984
q__bogz1fa383061105q_dom_nonfin_sector_tsy_tx__lag006,0.978056,0.130378,0.1016,0.22688752
d__t10y2y_t10y2y__lag002,0.626959,0.085726,0.276152,0.22688283
m__mich_mich__lag004,0.601881,0.1843,0.192596,0.22684622
d__t10y2y_t10y2y__lag045,0.623824,0.086488,0.276991,0.22674736
d__aaa10y_aaa10y__lag050,0.54232,0.162405,0.255661,0.22672562
d__t10y2y_t10y2y__lag034,0.623824,0.080202,0.283157,0.22667181
d__t10y2y_t10y2y__lag012,0.626959,0.086755,0.274746,0.22664633
m__wpu0561_ppi_crude__lag005,0.990596,0.089238,0.13954,0.22662583
d__t10y2y_t10y2y__lag003,0.626959,0.085818,0.275594,0.22659041
q__bogz1fl573061143q_private_db_pension_ts__lag005,0.99373,0.047404,0.180572,0.22654658
q__bogz1fl713061103q_fed_tsy__lag003,1.0,0.143143,0.083353,0.22649589
q__bogz1fl713061103q_fed_tsy_raw__lag003,1.0,0.143143,0.083353,0.22649589
q__bogz1fl713061103q_cb_tsy__lag003,1.0,0.143143,0.083353,0.22649589
q__mmmffaq027s_mmf_tfa__lag008,0.984326,0.107169,0.122873,0.22643615
d__ldgust_tga_fed_alt__lag076,1.0,0.088252,0.138074,0.22632681
q__bogz1fa733061103q_holding_companies_ts_tx__lag005,0.981191,0.106336,0.124213,0.22621287
d__t10y2y_t10y2y__lag053,0.623824,0.076953,0.28535,0.22601357
d__wimfsl_immf__lag054,0.579937,0.123631,0.26608,0.22600829
q__bogz1fl753061103q_usb_tsy_for__lag008,0.984326,0.039507,0.190059,0.22596714
q__bogz1fa213061103q_state_local_gov_ts_tx__lag004,0.984326,0.057409,0.172083,0.22589429
d__t10y2y_t10y2y__lag032,0.623824,0.082057,0.279873,0.22578059
d__aaa10y_aaa10y__lag059,0.54232,0.173897,0.242385,0.22575807
d__t10y2y_t10y2y__lag004,0.626959,0.086785,0.273279,0.22574556
d__t10y2y_t10y2y__lag006,0.626959,0.085981,0.274045,0.2257214
m__ppiaco_ppiaco__lag003,1.0,0.162382,0.063321,0.22570276
d__t10y2y_t10y2y__lag046,0.623824,0.086903,0.274814,0.22564778
q__ophnfb_nflabor_productivity__lag003,0.984326,0.085396,0.143789,0.22559282
d__dexszus_dexszus__lag005,0.69279,0.148058,0.177404,0.22547697
q__w006rc1q027sbea_gov_tax_receipts__lag003,0.984326,0.132634,0.096307,0.22535285
d__ldgust_tga_fed_alt__lag064,1.0,0.10469,0.120638,0.2253274
q__bogz1lm573061105q_private_pension_ts__lag004,0.996865,0.074843,0.151155,0.22528949
d__t10y2y_t10y2y__lag035,0.623824,0.076267,0.284587,0.22510935
d__baa10y_baa10y__lag033,0.504702,0.211284,0.234611,0.225044
d__usepuindxd_policy_uncertainty__lag042,0.517241,0.122652,0.312319,0.22498521
q__bogz1fl712151003q_fed_repo__lag007,0.987461,0.08785,0.139987,0.22497942
d__vixcls_vixcls__lag084,0.454545,0.228008,0.266859,0.22493953
d__vixcls_vixcls__lag035,0.454545,0.197895,0.29692,0.22491595
d__wimfsl_immf__lag051,0.579937,0.123075,0.264714,0.22489343
d__baa10y_baa10y__lag032,0.504702,0.207896,0.237686,0.22488632
d__wimfsl_immf__lag049,0.579937,0.124362,0.263319,0.22483058
d__t10y2y_t10y2y__lag050,0.623824,0.081254,0.279061,0.22477307
d__t10y2y_t10y2y__lag051,0.623824,0.078899,0.281226,0.22465512
d__ldgust_tga_fed_alt__lag019,1.0,0.051811,0.172827,0.22463812
q__gsave_gsave__lag001,0.990596,0.142539,0.084225,0.22463152
d__wimfsl_immf__lag050,0.579937,0.123868,0.26319,0.22446946
d__ldgust_tga_fed_alt__lag014,1.0,0.064013,0.16043,0.22444362
q__bogz1fl753061103q_usb_tsy_for__lag007,0.987461,0.005798,0.221399,0.22434763
d__wimfsl_immf__lag055,0.579937,0.121086,0.265734,0.22433157
q__bogz1fl713061113q_cb_bills_raw__lag005,0.99373,0.036421,0.189305,0.22431104
q__bogz1fl713061113q_cb_bills__lag005,0.99373,0.036421,0.189305,0.22431104
d__wimfsl_immf__lag057,0.579937,0.120894,0.265839,0.22428112
q__bogz1fa223061143q_state_local_db_retirement_ts_tx__lag002,0.990596,0.021599,0.204794,0.22426351
d__wimfsl_immf__lag048,0.579937,0.123618,0.262627,0.22399758
q__bogz1lm343061105q_fed_gov_retirement_ts__lag003,1.0,0.013417,0.210475,0.22389175
q__bogz1lm343061105q_fed_ret_tsy_total__lag003,1.0,0.013417,0.210475,0.22389175
q__hnotsbq027s_hhnp_tsy_tx__lag004,0.984326,0.094273,0.133085,0.22379475
d__wimfsl_immf__lag056,0.579937,0.120248,0.265564,0.22374691
q__bogz1fr513061105q_pc_insurance_ts_reval__lag001,0.99373,0.078223,0.14693,0.2237412
d__usepuindxd_policy_uncertainty__lag055,0.517241,0.176974,0.255576,0.22373242
q__bogz1fl702150005q_usb_ffrepo__lag008,0.984326,0.114394,0.112898,0.22372982
d__t10y2y_t10y2y__lag014,0.626959,0.083091,0.273723,0.22370775
d__ldgust_tga_fed_alt__lag058,1.0,0.094998,0.128512,0.22350993
d__wimfsl_immf__lag052,0.579937,0.121657,0.26374,0.22350571
d__wimfsl_immf__lag058,0.576803,0.121415,0.266026,0.2234767
q__bogz1fa713061103q_cb_tsy_tx__lag006,0.978056,0.1866,0.041787,0.22337498
d__wimfsl_immf__lag053,0.579937,0.121042,0.264091,0.22335332
d__t10y2y_t10y2y__lag015,0.626959,0.084632,0.271414,0.22322669
q__bogz1lm663061105q_brokers_dealers_ts__lag003,1.0,0.025319,0.197885,0.22320368
d__wimfsl_immf__lag047,0.579937,0.122354,0.262264,0.22305415
q__bogz1lm573061105q_private_pension_ts__lag003,1.0,0.049923,0.173116,0.22303912
m__ltdacbm027nbog_ltd__lag010,0.658307,0.170347,0.168443,0.22302783
d__aaa10y_aaa10y__lag047,0.54232,0.15732,0.253495,0.22279316
q__bogz1lm573061105q_private_pension_ts__lag001,1.0,0.038164,0.184348,0.22251265
q__bogz1fr343061113q_fed_gov_dcf_retirement_ts_reval__lag006,0.978056,0.070477,0.156997,0.22248222
d__wimfsl_immf__lag038,0.579937,0.123427,0.259938,0.22232755
m__bogmbase_mb__lag006,0.840125,0.181576,0.082972,0.22225388
d__aaa10y_aaa10y__lag060,0.54232,0.16807,0.241713,0.22223394
d__wimfsl_immf__lag089,0.576803,0.117556,0.267532,0.2221198
d__t10y2y_t10y2y__lag043,0.623824,0.078021,0.277892,0.22202674
q__bogz1lm573061105q_private_pension_ts__lag002,1.0,0.039661,0.182197,0.22185848
q__bogz1fa343061165q_fed_gov_db_retirement_ts_tx__lag007,0.974922,0.106321,0.121195,0.22181014
d__wimfsl_immf__lag044,0.579937,0.121836,0.260612,0.22179585
d__wimfsl_immf__lag090,0.576803,0.116911,0.267508,0.22173357
d__t10y2y_t10y2y__lag048,0.623824,0.077529,0.277785,0.22165334
d__wimfsl_immf__lag039,0.579937,0.122124,0.260025,0.22162258
d__t10y2y_t10y2y__lag005,0.626959,0.083538,0.269875,0.22157583
d__wimfsl_immf__lag045,0.579937,0.121342,0.260382,0.22137599
d__wimfsl_immf__lag061,0.576803,0.118909,0.264874,0.2213673
d__wimfsl_immf__lag042,0.579937,0.122351,0.259345,0.22136004
d__baa10y_baa10y__lag031,0.504702,0.204577,0.233992,0.22134689
d__wimfsl_immf__lag059,0.576803,0.119326,0.264393,0.22133012
d__wimfsl_immf__lag043,0.579937,0.122126,0.25947,0.22130185
d__dexszus_dexszus__lag004,0.69279,0.140444,0.178972,0.22128814
q__bogz1lm663061105q_brokers_dealers_ts__lag006,0.990596,0.056521,0.166742,0.22116316
q__bogz1fl573061143q_private_db_pension_ts__lag006,0.990596,0.071503,0.151666,0.22107034
q__bogz1fa573061133q_private_dc_pension_ts_tx__lag006,0.978056,0.041303,0.184571,0.22091714
d__wimfsl_immf__lag041,0.579937,0.121807,0.25894,0.2208098
q__bogz1fa693061105q_nonmmf_ts_tx__lag008,0.971787,0.096661,0.130486,0.22073812
q__bogz1fa693061105q_nonmmmf_ts_tx__lag008,0.971787,0.096661,0.130486,0.22073812
q__rhvrusq156n_owner_vacancy__lag007,0.858934,0.108853,0.148063,0.22067429
d__wimfsl_immf__lag046,0.579937,0.119919,0.260589,0.22067105
q__gsave_gsave__lag004,0.981191,0.099093,0.125788,0.22065145
d__t10y2y_t10y2y__lag013,0.626959,0.080312,0.271435,0.22053057
q__psave_psave__lag006,0.974922,0.088942,0.137218,0.22048797
d__wimfsl_immf__lag035,0.579937,0.122121,0.25802,0.22045779
q__bogz1fr763061100q_usb_tsy_oth_reval__lag007,0.974922,0.068732,0.157393,0.22045398
q__expgs_exports__lag007,0.971787,0.071965,0.154812,0.22037938
d__wimfsl_immf__lag088,0.576803,0.115621,0.266342,0.22031716
d__wimfsl_immf__lag086,0.576803,0.115615,0.266303,0.22029121
m__ppiaco_ppiaco__lag004,1.0,0.147999,0.072222,0.22022101
d__wimfsl_immf__lag040,0.579937,0.120994,0.258679,0.22018665
d__wimfsl_immf__lag085,0.576803,0.115712,0.266023,0.2201853
q__bogz1fl513061115q_pci_bills_raw__lag004,0.996865,0.061181,0.159681,0.22016974
q__bogz1fl513061115q_pci_bills__lag004,0.996865,0.061181,0.159681,0.22016974
q__bogz1fr713061113q_cb_bills_reval__lag007,0.974922,0.025254,0.200574,0.22016427
d__wimfsl_immf__lag084,0.576803,0.115553,0.266128,0.2201547
m__bogmbase_mb__lag010,0.833856,0.201616,0.062274,0.22004592
q__bogz1lm403061105q_gses_ts__lag006,0.990596,0.136619,0.085505,0.22003528
q__bogz1lm403061105q_gse_tsy__lag006,0.990596,0.136619,0.085505,0.22003528
q__bogz1fl633061105q_mmf_tsy_raw__lag008,0.984326,0.103721,0.119807,0.2200246
q__bogz1fl633061105q_money_market_funds_ts__lag008,0.984326,0.103721,0.119807,0.2200246
d__wimfsl_immf__lag033,0.579937,0.12186,0.257519,0.22001642
m__permit_permit__lag007,0.824451,0.0633,0.203545,0.2200004
d__wimfsl_immf__lag065,0.576803,0.116154,0.265237,0.21998719
d__wimfsl_immf__lag036,0.579937,0.12127,0.257916,0.21990405
d__wimfsl_immf__lag034,0.579937,0.121541,0.257566,0.21985853
d__t10y2y_t10y2y__lag033,0.623824,0.075087,0.277188,0.21975767
d__wimfsl_immf__lag037,0.579937,0.120473,0.258232,0.21962531
d__usepuindxd_policy_uncertainty__lag074,0.517241,0.179326,0.245275,0.21962084
q__bogz1fr573061133q_private_dc_pension_ts_reval__lag006,0.978056,0.071049,0.153481,0.21960284
q__bogz1lm903061103q_instrument_discrepancies_ts__lag006,0.990596,0.065304,0.156277,0.21949675
q__expgs_exports__lag001,0.990596,0.19772,0.023848,0.21948507
d__wimfsl_immf__lag060,0.576803,0.116775,0.263419,0.21929687
m__mtsds133fms_fed_surplus_deficit__lag008,0.564263,0.103488,0.285099,0.21926539
d__wimfsl_immf__lag079,0.576803,0.114344,0.265748,0.2192382
d__aaa10y_aaa10y__lag046,0.54232,0.151998,0.252243,0.2192279
d__wimfsl_immf__lag071,0.576803,0.11538,0.264678,0.21921847
q__bogz1fr573061105q_private_pension_ts_reval__lag006,0.978056,0.076127,0.147999,0.2192078
d__wimfsl_immf__lag030,0.579937,0.121682,0.256267,0.21918704
d__wimfsl_immf__lag070,0.576803,0.115306,0.264617,0.21914014
d__wimfsl_immf__lag063,0.576803,0.115911,0.263992,0.21912911
d__wimfsl_immf__lag078,0.576803,0.114566,0.265262,0.2190854
d__wimfsl_immf__lag064,0.576803,0.115827,0.263831,0.21898769
d__wimfsl_immf__lag080,0.576803,0.11433,0.265286,0.21896317
d__wimfsl_immf__lag069,0.576803,0.11494,0.264623,0.21893295
d__ldgust_tga_fed_alt__lag021,1.0,0.046956,0.171951,0.21890612
d__wimfsl_immf__lag081,0.576803,0.114648,0.264831,0.21888418
d__wimfsl_immf__lag062,0.576803,0.115743,0.263668,0.2188455
d__wimfsl_immf__lag068,0.576803,0.114939,0.264444,0.21882891
q__bogz1fa763061100q_usb_tsy_oth_tx__lag006,0.978056,0.12281,0.100879,0.21878095
q__bogz1fl633061105q_mmf_tsy_raw__lag006,0.990596,0.130906,0.089932,0.21876138
q__bogz1fl633061105q_money_market_funds_ts__lag006,0.990596,0.130906,0.089932,0.21876138
d__wimfsl_immf__lag083,0.576803,0.114001,0.265104,0.21866875
d__wimfsl_immf__lag066,0.576803,0.115432,0.263634,0.21864635
d__wimfsl_immf__lag072,0.576803,0.11461,0.264368,0.21859537
d__wimfsl_immf__lag027,0.579937,0.121372,0.255521,0.21857432
d__wimfsl_immf__lag075,0.576803,0.113917,0.265022,0.21857283
d__wimfsl_immf__lag077,0.576803,0.113967,0.264912,0.21853854
d__ldgust_tga_fed_alt__lag020,1.0,0.047468,0.170993,0.21846121
d__wimfsl_immf__lag082,0.576803,0.113761,0.264968,0.21845167
d__wimfsl_immf__lag029,0.579937,0.121023,0.255472,0.21834345
d__dgs30_dgs30__lag051,0.61442,0.035944,0.319321,0.21828161
d__t10y2y_t10y2y__lag038,0.623824,0.068959,0.28094,0.21827555
d__wimfsl_immf__lag076,0.576803,0.113575,0.264843,0.21827255
d__dgs30_dgs30__lag053,0.61442,0.033481,0.321619,0.21818108
d__wimfsl_immf__lag073,0.576803,0.114301,0.26376,0.21806681
d__wimfsl_immf__lag028,0.579937,0.120786,0.255205,0.21805151
d__wimfsl_immf__lag023,0.579937,0.120872,0.255096,0.21803779
d__ldgust_tga_fed_alt__lag065,1.0,0.102261,0.115696,0.21795623
d__wimfsl_immf__lag026,0.579937,0.120548,0.255255,0.21794234
d__ldgust_tga_fed_alt__lag057,1.0,0.09003,0.127866,0.21789656
m__mtsds133fms_fed_surplus_deficit__lag001,0.570533,0.044313,0.337423,0.21779261
d__wimfsl_immf__lag087,0.576803,0.114066,0.26346,0.21775815
d__wimfsl_immf__lag024,0.579937,0.120606,0.25483,0.21772944
d__ldgust_tga_fed_alt__lag055,1.0,0.086071,0.131634,0.21770485
d__t10y2y_t10y2y__lag059,0.623824,0.07199,0.276978,0.21769525
d__wimfsl_immf__lag022,0.579937,0.12087,0.254408,0.21763789
q__bogz1fr263061105q_row_bills_reval__lag006,0.978056,0.103566,0.118937,0.21762032
q__bogz1fr263061105q_row_tsy_reval__lag006,0.978056,0.103566,0.118937,0.21762032
d__ldgust_tga_fed_alt__lag072,1.0,0.092473,0.125147,0.21762012
d__wimfsl_immf__lag067,0.576803,0.114251,0.262833,0.21750336
d__usepuindxd_policy_uncertainty__lag058,0.517241,0.155319,0.265175,0.21749688
d__wimfsl_immf__lag031,0.579937,0.119705,0.255287,0.21747172
d__wimfsl_immf__lag032,0.579937,0.119309,0.255451,0.21733693
q__bogz1fl633061110q_mmf_bills_raw__lag005,0.99373,0.152604,0.066088,0.21732086
q__bogz1fl633061110q_mmf_bills__lag005,0.99373,0.152604,0.066088,0.21732086
d__wimfsl_immf__lag025,0.579937,0.119762,0.254945,0.21730626
d__wimfsl_immf__lag074,0.576803,0.112626,0.263993,0.21723464
d__ldgust_tga_fed_alt__lag016,1.0,0.052308,0.164888,0.21719682
d__wimfsl_immf__lag021,0.579937,0.120669,0.25384,0.21719146
m__permit_permit__lag011,0.821317,0.043823,0.220581,0.21715968
d__t10y2y_t10y2y__lag036,0.623824,0.068993,0.279005,0.21708985
q__bogz1fr573061143q_private_db_pension_ts_reval__lag006,0.978056,0.079091,0.142798,0.21701963
q__bogz1fl513061115q_pci_bills_raw__lag008,0.984326,0.07608,0.144378,0.21700246
q__bogz1fl513061115q_pci_bills__lag008,0.984326,0.07608,0.144378,0.21700246
d__t10y2y_t10y2y__lag039,0.623824,0.065936,0.281816,0.21693621
q__bogz1fr553061103q_closed_end_funds_ts_reval__lag008,0.971787,0.07288,0.150301,0.21688483
m__recprousm156n_recprob__lag011,0.727273,0.024288,0.273927,0.21688409
q__bogz1fl633061105q_mmf_tsy_raw__lag005,0.99373,0.157233,0.060799,0.21666515
q__bogz1fl633061105q_money_market_funds_ts__lag005,0.99373,0.157233,0.060799,0.21666515
q__ophnfb_nflabor_productivity__lag002,0.987461,0.052541,0.166839,0.21662965
d__t10y2y_t10y2y__lag041,0.623824,0.068506,0.27854,0.21649584
d__wimfsl_immf__lag017,0.579937,0.120769,0.252514,0.21648065
d__wimfsl_immf__lag020,0.579937,0.119912,0.252873,0.21619193
d__wimfsl_immf__lag015,0.579937,0.12015,0.252281,0.21598665
d__wimfsl_immf__lag018,0.579937,0.119472,0.252841,0.21591831
q__bogz1lm553061103q_closed_end_funds_ts__lag002,1.0,0.050955,0.164941,0.21589604
d__wimfsl_immf__lag019,0.579937,0.119461,0.252774,0.21587297
q__bogz1fa563061103q_etfs_ts_tx__lag008,0.971787,0.07136,0.150778,0.21587109
q__bogz1lm553061103q_closed_end_funds_ts__lag003,1.0,0.038261,0.177561,0.21582208
q__bogz1fa763061100q_usb_tsy_oth_tx__lag007,0.974922,0.09156,0.129763,0.21577243
d__anfci_anfci__lag017,0.69279,0.212003,0.099413,0.21574619
d__t10y2y_t10y2y__lag037,0.623824,0.067157,0.278553,0.21566182
d__t10y2y_t10y2y__lag040,0.623824,0.066199,0.279501,0.21565656
q__bogz1fl713123030q_tga__lag005,0.99373,0.178948,0.038026,0.21561311
q__bogz1fl713123030q_tga_z1__lag005,0.99373,0.178948,0.038026,0.21561311
d__anfci_anfci__lag016,0.69279,0.211806,0.0993,0.21553124
d__wimfsl_immf__lag014,0.579937,0.11955,0.25185,0.21538817
d__anfci_anfci__lag019,0.69279,0.211486,0.099366,0.21535487
d__wimfsl_immf__lag016,0.579937,0.11892,0.251988,0.21510323
q__bogz1fl262151003q_row_repo__lag002,1.0,0.023754,0.191324,0.21507849
d__wimfsl_immf__lag013,0.579937,0.119084,0.251714,0.21503926
q__mmmffaq027s_mmf_tfa__lag007,0.987461,0.086197,0.131524,0.21499127
d__ldgust_tga_fed_alt__lag069,1.0,0.101781,0.113091,0.21487164
d__vixcls_vixcls__lag037,0.454545,0.190065,0.28243,0.21477008
d__anfci_anfci__lag018,0.69279,0.210954,0.098904,0.21466672
q__w326rc1q027sbea_net_op_surplus__lag002,0.987461,0.170534,0.04678,0.21458915
q__bogz1fl262151003q_row_repo__lag003,1.0,0.036985,0.17753,0.21451562
d__ldgust_tga_fed_alt__lag052,1.0,0.069528,0.144936,0.21446322
d__baa10y_baa10y__lag030,0.504702,0.200538,0.224363,0.21444855
d__baa10y_baa10y__lag028,0.504702,0.204439,0.220449,0.21444183
d__ldgust_tga_fed_alt__lag023,1.0,0.05152,0.162755,0.21427507
q__ophnfb_nflabor_productivity__lag005,0.978056,0.119697,0.099381,0.21427092
q__cbi_cbi__lag008,0.968652,0.084289,0.136909,0.21426396
q__bogz1lm553061103q_closed_end_funds_ts__lag005,0.99373,0.031171,0.184333,0.21415325
q__bogz1fr103061103q_nfcb_tsy_reval__lag006,0.978056,0.070554,0.148362,0.21411292
q__bogz1fa573061105q_private_pension_ts_tx__lag002,0.990596,0.067028,0.148994,0.21399057
d__dexchus_dexchus__lag061,0.567398,0.172056,0.204947,0.21391095
q__bogz1lm343061105q_fed_gov_retirement_ts__lag005,0.99373,0.157311,0.057908,0.21387039
q__bogz1lm343061105q_fed_ret_tsy_total__lag005,0.99373,0.157311,0.057908,0.21387039
q__bogz1fr383061105q_dom_nonfin_sector_tsy_reval__lag006,0.978056,0.077981,0.140534,0.21372025
d__baa10y_baa10y__lag029,0.504702,0.203419,0.219894,0.21364726
q__bogz1fl713061103q_fed_tsy__lag002,1.0,0.10589,0.10755,0.2134398
q__bogz1fl713061103q_fed_tsy_raw__lag002,1.0,0.10589,0.10755,0.2134398
q__bogz1fl713061103q_cb_tsy__lag002,1.0,0.10589,0.10755,0.2134398
d__t10y2y_t10y2y__lag060,0.623824,0.065958,0.276184,0.21343655
d__anfci_anfci__lag015,0.69279,0.207206,0.100832,0.21340601
q__bogz1fa743061103q_usb_tsy_dom_tx__lag001,0.99373,0.097624,0.117011,0.21328953
d__ldgust_tga_fed_alt__lag074,1.0,0.084379,0.12881,0.21318903
d__dexchus_dexchus__lag065,0.567398,0.174113,0.201602,0.21318
d__ldgust_tga_fed_alt__lag054,1.0,0.082717,0.130447,0.21316432
d__ldgust_tga_fed_alt__lag070,1.0,0.099102,0.113904,0.21300628
q__bogz1fa263061130q_row_gov_tsy_tx__lag007,0.974922,0.072218,0.146263,0.21300169
d__anfci_anfci__lag014,0.69279,0.206232,0.101182,0.21297358
q__rrvrusq156n_rental_vacancy__lag003,0.871473,0.149733,0.09459,0.21292067
q__bogz1lm403061105q_gses_ts__lag007,0.987461,0.128185,0.087418,0.21289929
q__bogz1lm403061105q_gse_tsy__lag007,0.987461,0.128185,0.087418,0.21289929
d__wimfsl_immf__lag012,0.579937,0.116444,0.250614,0.21287031
d__t10y2y_t10y2y__lag061,0.623824,0.065652,0.275573,0.21286464
d__t10y2y_t10y2y__lag054,0.623824,0.062183,0.278953,0.21280854
d__dexchus_dexchus__lag064,0.567398,0.172451,0.202568,0.21278532
d__t10y2y_t10y2y__lag042,0.623824,0.06775,0.273244,0.21272026
m__wtisplc_wtisplc__lag002,1.0,0.106336,0.106367,0.21270261
q__bogz1lm403061105q_gses_ts__lag008,0.984326,0.149208,0.066813,0.21263446
q__bogz1lm403061105q_gse_tsy__lag008,0.984326,0.149208,0.066813,0.21263446
d__wimfsl_immf__lag003,0.579937,0.117441,0.249185,0.21262022
q__bogz1fa343061105q_fed_gov_retirement_ts_tx__lag003,0.987461,0.108242,0.107029,0.21257216
d__aaa10y_aaa10y__lag045,0.54232,0.146583,0.245368,0.21256288
d__dexchus_dexchus__lag060,0.567398,0.168688,0.205819,0.21249452
d__dexchus_dexchus__lag063,0.567398,0.169456,0.204965,0.21244563
d__dexchus_dexchus__lag087,0.567398,0.179239,0.195173,0.21244093
q__bogz1fa753061103q_usb_tsy_for_tx__lag007,0.974922,0.125704,0.092184,0.21242349
m__ltdacbm027nbog_ltd__lag009,0.661442,0.171403,0.149662,0.21236613
d__dexchus_dexchus__lag086,0.567398,0.177325,0.19695,0.2123627
q__rowgseq027s_row_agency_flow__lag006,0.978056,0.126543,0.090573,0.21235121
d__dexchus_dexchus__lag067,0.567398,0.171839,0.202406,0.21234574
d__vixcls_vixcls__lag030,0.454545,0.225354,0.241778,0.21233297
q__b093rc1q027sbea_gov_int_row__lag007,0.971787,0.044454,0.173993,0.21228482
d__dexchus_dexchus__lag089,0.567398,0.183181,0.190851,0.21222507
q__bogz1fr263061130q_row_gov_tsy_reval__lag004,0.984326,0.000371,0.215054,0.21204805
m__wtisplc_wtisplc__lag005,1.0,0.068648,0.143358,0.21200609
d__dexchus_dexchus__lag062,0.567398,0.166408,0.206918,0.2118245
q__na000283q_gov_current_exp__lag005,0.978056,0.152963,0.063582,0.21179397
d__baa10y_baa10y__lag027,0.504702,0.203495,0.21613,0.21178557
d__dexchus_dexchus__lag066,0.567398,0.170348,0.202777,0.2117106
d__wimfsl_immf__lag004,0.579937,0.11589,0.249037,0.21163456
q__bogz1lm103061103q_nfcb_tsy__lag004,0.996865,0.032233,0.18005,0.21161724
d__ldgust_tga_fed_alt__lag068,1.0,0.098341,0.113208,0.21154895
q__fgexpnd_fgexpnd__lag005,0.978056,0.153014,0.063257,0.2115253
d__ldgust_tga_fed_alt__lag053,1.0,0.070192,0.141267,0.21145929
d__dexchus_dexchus__lag090,0.564263,0.183899,0.190758,0.2114053
d__usepuindxd_policy_uncertainty__lag039,0.517241,0.111916,0.296722,0.2113645
m__bogmbase_mb__lag007,0.836991,0.16857,0.083816,0.21124512
q__bogz1lm263061110q_row_bills_raw__lag006,0.990596,0.116364,0.096813,0.21117158
q__bogz1lm263061110q_row_bills__lag006,0.990596,0.116364,0.096813,0.21117158
d__dexchus_dexchus__lag031,0.567398,0.147459,0.224635,0.21112571
d__dexchus_dexchus__lag021,0.567398,0.14526,0.226787,0.21109889
d__ldgust_tga_fed_alt__lag067,1.0,0.098881,0.112211,0.21109236
d__ldgust_tga_fed_alt__lag056,1.0,0.080986,0.129919,0.21090528
q__bogz1fl264135005q_row_loans_l__lag006,0.990596,0.086099,0.1268,0.21089701
d__usepuindxd_policy_uncertainty__lag085,0.517241,0.14824,0.259178,0.21073317
d__dexchus_dexchus__lag028,0.567398,0.148457,0.222875,0.21069295
d__ldgust_tga_fed_alt__lag066,1.0,0.099604,0.111003,0.21060705
d__vixcls_vixcls__lag036,0.454545,0.198027,0.265258,0.21058414
q__bogz1lm213061103q_state_local_gov_ts__lag005,0.99373,0.129047,0.082865,0.21058252
d__dexchus_dexchus__lag059,0.567398,0.165638,0.205451,0.21055497
d__dexchus_dexchus__lag088,0.567398,0.177806,0.193268,0.21054613
d__dgs30_dgs30__lag052,0.61442,0.026472,0.316086,0.21047438
d__wimfsl_immf__lag001,0.579937,0.113741,0.249131,0.21044303
d__ldgust_tga_fed_alt__lag022,1.0,0.046492,0.163936,0.21042756
q__ophnfb_nflabor_productivity__lag004,0.981191,0.085103,0.129354,0.21042353
m__bogmbase_mb__lag008,0.836991,0.16602,0.085297,0.21035042
d__dexchus_dexchus__lag036,0.567398,0.148142,0.222533,0.21032035
d__wimfsl_immf__lag010,0.579937,0.11479,0.247807,0.21028388
d__dexchus_dexchus__lag026,0.567398,0.145668,0.224762,0.21018074
d__dexchus_dexchus__lag030,0.567398,0.145888,0.224435,0.21012004
m__mvmtd027mnfrbdal_mv_mkt_debt__lag010,1.0,0.097695,0.112372,0.2100671
d__dexchus_dexchus__lag023,0.567398,0.143836,0.226383,0.21006176
d__dexchus_dexchus__lag022,0.567398,0.143899,0.22628,0.21003888
d__dexchus_dexchus__lag027,0.567398,0.146597,0.223528,0.21000839
d__dexchus_dexchus__lag069,0.567398,0.166242,0.203669,0.20988695
q__bogz1lm553061103q_closed_end_funds_ts__lag008,0.984326,0.036675,0.176554,0.20988647
m__recprousm156n_recprob__lag002,0.736677,0.222728,0.062125,0.20984496
d__wimfsl_immf__lag002,0.579937,0.113204,0.248618,0.20983443
q__bogz1lm573061105q_private_pension_ts__lag005,0.99373,0.083568,0.12757,0.20981347
d__dexchus_dexchus__lag029,0.567398,0.145706,0.224025,0.20978464
d__dexchus_dexchus__lag038,0.567398,0.152238,0.217429,0.20974846
m__mtsds133fms_fed_surplus_deficit__lag006,0.567398,0.060614,0.308774,0.20959
d__anfci_anfci__lag013,0.69279,0.201873,0.100614,0.20955968
d__baa10y_baa10y__lag026,0.504702,0.203097,0.212083,0.20954251
d__dexchus_dexchus__lag068,0.567398,0.166784,0.202518,0.20954115
d__t10y2y_t10y2y__lag062,0.623824,0.059882,0.276008,0.20953636
d__dexchus_dexchus__lag070,0.567398,0.163832,0.205426,0.20951612
d__ldgust_tga_fed_alt__lag031,1.0,0.039148,0.17033,0.20947803
q__bogz1fa343061105q_fed_gov_retirement_ts_tx__lag007,0.974922,0.092613,0.122242,0.20946648
d__dexchus_dexchus__lag079,0.567398,0.171758,0.197408,0.20946381
d__dexchus_dexchus__lag037,0.567398,0.149272,0.219724,0.20936761
q__bogz1lm553061103q_closed_end_funds_ts__lag007,0.987461,0.032436,0.17955,0.20932773
d__dexchus_dexchus__lag035,0.567398,0.145828,0.223038,0.20929396
q__bogz1fr793061105q_dom_fin_sector_tsy_reval__lag001,0.99373,0.037727,0.172767,0.20917437
m__mvmtd027mnfrbdal_mv_mkt_debt__lag009,1.0,0.089185,0.119946,0.20913097
m__uspriv_uspriv__lag012,1.0,0.015026,0.194072,0.20909747
q__bogz1fl513061115q_pci_bills_raw__lag003,1.0,0.081932,0.127151,0.20908313
q__bogz1fl513061115q_pci_bills__lag003,1.0,0.081932,0.127151,0.20908313
q__bogz1fr343061165q_fed_gov_db_retirement_ts_reval__lag004,0.984326,0.062562,0.149812,0.20904517
q__bogz1lm223061143q_state_local_db_retirement_ts__lag008,0.984326,0.050389,0.161955,0.20901576
q__ophnfb_nflabor_productivity__lag001,0.990596,0.029457,0.181522,0.20899543
q__cbi_cbi__lag007,0.971787,0.069669,0.145369,0.20897149
d__dexchus_dexchus__lag078,0.567398,0.170979,0.197278,0.20894838
d__aaa10y_aaa10y__lag040,0.54232,0.141779,0.243443,0.2089135
d__dexchus_dexchus__lag071,0.567398,0.164427,0.203719,0.20888543
d__dexchus_dexchus__lag034,0.567398,0.145421,0.222714,0.20887899
d__t10y2y_t10y2y__lag063,0.623824,0.060664,0.274119,0.20884554
d__dexchus_dexchus__lag085,0.567398,0.171055,0.196908,0.20878138
m__mtso133fms_fedgov_out__lag006,0.567398,0.067577,0.300192,0.20867181
d__dexchus_dexchus__lag080,0.567398,0.171013,0.196685,0.2086309
d__wimfsl_immf__lag011,0.579937,0.112124,0.247613,0.20862488
q__bogz1fl763123005q_tga_usb__lag007,0.987461,0.066037,0.145217,0.20860458
d__dexchus_dexchus__lag025,0.567398,0.140232,0.227381,0.20858308
q__b639rg3q086sbea_exp_ind_pi__lag004,0.730408,0.149686,0.135859,0.2085642
q__ncbtsaq027s_nfcb_tsy_tx__lag007,0.974922,0.103314,0.110602,0.20855092
d__ldgust_tga_fed_alt__lag029,1.0,0.04829,0.160245,0.20853441
d__dexchus_dexchus__lag032,0.567398,0.142823,0.224652,0.20850476
d__dexchus_dexchus__lag024,0.567398,0.14157,0.225902,0.20850272
d__dexchus_dexchus__lag039,0.567398,0.150291,0.217126,0.20847212
m__mvphgfd027mnfrbdal_mvphgfd027mnfrbdal__lag012,1.0,0.088984,0.119382,0.20836608
m__mvphgfd027mnfrbdal_mv_priv_debt__lag012,1.0,0.088984,0.119382,0.20836608
d__baa10y_baa10y__lag025,0.504702,0.201021,0.211679,0.20829067
d__wimfsl_immf__lag006,0.579937,0.112371,0.246777,0.2082831
q__mmmffaq027s_mmf_tfa__lag006,0.990596,0.076882,0.133285,0.20819097
d__dexchus_dexchus__lag073,0.567398,0.164528,0.202333,0.20815613
d__dexchus_dexchus__lag050,0.567398,0.153475,0.213235,0.20807082
q__bogz1lm663061105q_brokers_dealers_ts__lag002,1.0,0.033844,0.1742,0.20804363
d__dexchus_dexchus__lag046,0.567398,0.14705,0.219561,0.20801449
d__dexchus_dexchus__lag043,0.567398,0.146435,0.220076,0.20795801
d__ldgust_tga_fed_alt__lag018,1.0,0.039832,0.168027,0.20785864
d__wimfsl_immf__lag008,0.579937,0.111708,0.246692,0.20784961
d__dexchus_dexchus__lag048,0.567398,0.149569,0.216728,0.2078363
d__wimfsl_immf__lag007,0.579937,0.111804,0.246549,0.20782202
q__bopbca_bopbca__lag006,0.811912,0.125482,0.130476,0.20781575
q__bogz1fr593061105q_pension_ts_reval__lag006,0.978056,0.070121,0.142316,0.20777564
q__bogz1fa263061145q_row_priv_tsy_tx__lag004,0.984326,0.125278,0.085805,0.20777398
m__mvphgfd027mnfrbdal_mvphgfd027mnfrbdal__lag010,1.0,0.073799,0.133967,0.20776552
m__mvphgfd027mnfrbdal_mv_priv_debt__lag010,1.0,0.073799,0.133967,0.20776552
m__bogmbase_mb__lag009,0.836991,0.173462,0.074703,0.20771201
d__ldgust_tga_fed_alt__lag010,1.0,0.048804,0.158797,0.20760127
d__dexchus_dexchus__lag058,0.567398,0.156385,0.209389,0.20753949
d__t10y2y_t10y2y__lag055,0.623824,0.057547,0.275107,0.20751768
d__dexchus_dexchus__lag044,0.567398,0.143232,0.222482,0.20750516
d__wimfsl_immf__lag005,0.579937,0.111505,0.246231,0.20746464
m__mtsr133fms_fedgov_rcpt__lag003,0.570533,0.187588,0.175973,0.20742325
q__bogz1fl262151003q_row_repo__lag001,1.0,0.031993,0.17543,0.20742255
d__dexchus_dexchus__lag033,0.567398,0.141895,0.223635,0.20740106
d__dexchus_dexchus__lag019,0.567398,0.140472,0.224988,0.20736105
q__fbtsaaq027s_dom_fin_sector_tsy__lag001,1.0,0.044016,0.16333,0.20734609
d__stlfsi4_stlfed_fin_stress_idx__lag058,0.404389,0.300047,0.212639,0.20732419
d__aaa10y_aaa10y__lag042,0.54232,0.141751,0.240509,0.20730693
d__wimfsl_immf__lag009,0.579937,0.110746,0.246694,0.20729278
d__dexchus_dexchus__lag075,0.567398,0.165666,0.199558,0.20722767
d__dexchus_dexchus__lag047,0.567398,0.146609,0.218595,0.20721632
d__stlfsi4_stlfed_fin_stress_idx__lag062,0.404389,0.285057,0.227185,0.20714521
d__dexchus_dexchus__lag051,0.567398,0.149288,0.215702,0.2070946
q__bogz1fa593061105q_pension_ts_tx__lag007,0.974922,0.106183,0.106211,0.20706679
m__mvmtd027mnfrbdal_mv_mkt_debt__lag011,1.0,0.108293,0.098761,0.20705405
d__dexchus_dexchus__lag077,0.567398,0.166742,0.198174,0.20705259
q__mmmffaq027s_mmf_tfa__lag005,0.99373,0.052128,0.156231,0.20705238
d__dexchus_dexchus__lag072,0.567398,0.159182,0.205699,0.20703278
q__gpdi_gpdi__lag002,0.987461,0.103871,0.105787,0.20702884
d__ldgust_tga_fed_alt__lag024,1.0,0.042141,0.164884,0.20702536
m__mvmtd027mnfrbdal_mv_mkt_debt__lag007,1.0,0.071139,0.135867,0.20700617
m__mvphgfd027mnfrbdal_mvphgfd027mnfrbdal__lag009,1.0,0.073396,0.133528,0.20692385
m__mvphgfd027mnfrbdal_mv_priv_debt__lag009,1.0,0.073396,0.133528,0.20692385
d__dexchus_dexchus__lag049,0.567398,0.149194,0.215494,0.20692323
m__permit_permit__lag003,0.830721,0.047187,0.201894,0.20691656
d__dexchus_dexchus__lag076,0.567398,0.16542,0.199219,0.20689554
d__dexchus_dexchus__lag074,0.567398,0.161692,0.202946,0.20689511
d__stlfsi4_stlfed_fin_stress_idx__lag041,0.404389,0.306285,0.205062,0.2067827
d__dexchus_dexchus__lag045,0.567398,0.143267,0.221117,0.20675097
m__mvphgfd027mnfrbdal_mvphgfd027mnfrbdal__lag011,1.0,0.079777,0.126925,0.20670207
m__mvphgfd027mnfrbdal_mv_priv_debt__lag011,1.0,0.079777,0.126925,0.20670207
m__mvmtd027mnfrbdal_mv_mkt_debt__lag012,1.0,0.113205,0.093476,0.20668149
d__dexchus_dexchus__lag052,0.567398,0.148513,0.21561,0.20660316
d__dexchus_dexchus__lag054,0.567398,0.151463,0.212373,0.20643976
d__dexchus_dexchus__lag040,0.567398,0.144911,0.218847,0.20639548
q__bogz1fa543061175q_life_insurance_ts_tx__lag001,0.99373,0.092511,0.115134,0.20634296
m__mvmtd027mnfrbdal_mv_mkt_debt__lag008,1.0,0.082769,0.123547,0.20631539
q__bogz1fl264135005q_row_loans_l__lag008,0.984326,0.110831,0.098765,0.20631032
m__mvmtd027mnfrbdal_mv_mkt_debt__lag001,1.0,0.053754,0.152466,0.20621978
d__dexchus_dexchus__lag042,0.567398,0.144215,0.219227,0.20621615
d__dexchus_dexchus__lag020,0.567398,0.136356,0.226968,0.20614936
q__bogz1lm903061103q_instrument_discrepancies_ts__lag007,0.987461,0.044048,0.164634,0.20606483
d__dexchus_dexchus__lag057,0.567398,0.148428,0.214744,0.20606299
d__dexchus_dexchus__lag018,0.567398,0.136272,0.226838,0.20602783
d__dexchus_dexchus__lag017,0.567398,0.133069,0.229866,0.20592894
d__vixcls_vixcls__lag028,0.454545,0.220054,0.232978,0.20592369
q__bogz1fl264135005q_row_loans_l__lag002,1.0,0.028751,0.177086,0.20583601
q__bogz1fa753061103q_usb_tsy_for_tx__lag004,0.984326,0.080843,0.128243,0.20580891
d__dexchus_dexchus__lag041,0.567398,0.143153,0.21952,0.20577983
d__dexchus_dexchus__lag081,0.567398,0.162167,0.200366,0.20570102
d__dexchus_dexchus__lag016,0.567398,0.133518,0.228945,0.20566092
d__ldgust_tga_fed_alt__lag051,1.0,0.058736,0.146715,0.20545076
d__dexchus_dexchus__lag014,0.567398,0.138086,0.223811,0.20534015
d__dexchus_dexchus__lag053,0.567398,0.149316,0.21244,0.20525998
q__bogz1fr473061105q_credit_unions_ts_reval__lag008,0.971787,0.036706,0.174399,0.20514905
d__dexchus_dexchus__lag056,0.567398,0.150856,0.210694,0.20514307
d__dexchus_dexchus__lag055,0.567398,0.147065,0.21437,0.20507745
q__bogz1fa263061110q_row_bills_tx__lag001,0.99373,0.169738,0.036603,0.20504777
d__stlfsi4_stlfed_fin_stress_idx__lag063,0.404389,0.282957,0.224093,0.20504535
q__bogz1fl513061115q_pci_bills_raw__lag005,0.99373,0.05417,0.152047,0.20492448
q__bogz1fl513061115q_pci_bills__lag005,0.99373,0.05417,0.152047,0.20492448
d__dexchus_dexchus__lag015,0.567398,0.132483,0.228455,0.20479597
d__dexszus_dexszus__lag003,0.69279,0.110279,0.185329,0.20479434
q__fgexpnd_fgexpnd__lag006,0.974922,0.133139,0.07692,0.20479079
d__ldgust_tga_fed_alt__lag073,1.0,0.080401,0.124304,0.20470443
m__mvmtd027mnfrbdal_mv_mkt_debt__lag003,1.0,0.058327,0.146376,0.20470263
d__dexchus_dexchus__lag012,0.567398,0.138621,0.222138,0.20469405
m__mvmtd027mnfrbdal_mv_mkt_debt__lag006,1.0,0.064661,0.139996,0.20465723
d__dexchus_dexchus__lag011,0.567398,0.137519,0.223162,0.20464968
m__mvmtd027mnfrbdal_mv_mkt_debt__lag002,1.0,0.055649,0.148988,0.20463673
d__dexchus_dexchus__lag082,0.567398,0.157726,0.202837,0.20458294
q__bogz1fa343061165q_fed_gov_db_retirement_ts_tx__lag008,0.971787,0.101598,0.108894,0.2045531
d__dexchus_dexchus__lag084,0.567398,0.157857,0.202418,0.20441952
q__bogz1lm903061103q_instrument_discrepancies_ts__lag005,0.99373,0.009099,0.196552,0.20436126
q__expgs_exports__lag006,0.974922,0.086607,0.12301,0.20436004
d__t10y2y_t10y2y__lag058,0.623824,0.055177,0.27229,0.20428233
d__dexchus_dexchus__lag013,0.567398,0.137666,0.222353,0.20427387
d__aaa10y_aaa10y__lag041,0.54232,0.136095,0.240561,0.20426785
d__dexchus_dexchus__lag083,0.567398,0.156407,0.203491,0.20420554
q__bogz1fa263061130q_row_gov_tsy_tx__lag004,0.984326,0.052316,0.155044,0.20411015
q__bogz1fl633061110q_mmf_bills_raw__lag007,0.987461,0.062957,0.143721,0.20408628
q__bogz1fl633061110q_mmf_bills__lag007,0.987461,0.062957,0.143721,0.20408628
m__mvmtd027mnfrbdal_mv_mkt_debt__lag005,1.0,0.064204,0.139869,0.20407249
q__bogz1fr473061105q_credit_unions_ts_reval__lag006,0.978056,0.04112,0.167505,0.20404639
q__rowgseq027s_row_agency_flow__lag008,0.971787,0.017433,0.192526,0.20403468
d__aaa10y_aaa10y__lag044,0.54232,0.135112,0.241024,0.20398609
q__bogz1lm343061165q_fed_gov_db_retirement_ts__lag007,0.987461,0.134332,0.072135,0.20387813
q__bogz1lm343061165q_fed_ret_tsy_db__lag007,0.987461,0.134332,0.072135,0.20387813
q__bogz1fa473061105q_credit_unions_ts_tx__lag004,0.984326,0.100137,0.106943,0.20383423
q__bogz1fr513061105q_pc_insurance_ts_reval__lag006,0.978056,0.105761,0.102603,0.2037921
q__na000283q_gov_current_exp__lag006,0.974922,0.130207,0.078809,0.20377398
d__ldgust_tga_fed_alt__lag071,1.0,0.082787,0.120848,0.2036343
q__bogz1fl264135005a_row_loans_l__lag008,0.99373,0.114681,0.090211,0.20360673
d__dexchus_dexchus__lag009,0.567398,0.135511,0.22297,0.20340157
d__t10y2y_t10y2y__lag056,0.623824,0.054266,0.271556,0.2032556
d__dexchus_dexchus__lag010,0.567398,0.133354,0.224744,0.20318385
q__bogz1fl663061165q_brokers_dealers_long_ts__lag005,0.99373,0.106266,0.098084,0.20306868
q__bogz1fl383061105q_dom_nonfin_sector_tsy__lag008,0.984326,0.103515,0.102713,0.20299518
q__bogz1fa473061105q_credit_unions_ts_tx__lag008,0.971787,0.079146,0.129551,0.20280933
m__mvmtd027mnfrbdal_mv_mkt_debt__lag004,1.0,0.056861,0.145923,0.20278469
d__baa10y_baa10y__lag024,0.504702,0.194411,0.2073,0.2027447
q__bogz1lm343061113q_fed_gov_dcf_retirement_ts__lag006,0.990596,0.124658,0.07997,0.20270409
q__bogz1lm343061113q_fed_gov_dc_retirement_ts__lag006,0.990596,0.124658,0.07997,0.20270409
q__bogz1lm343061113q_fed_ret_tsy_dc__lag006,0.990596,0.124658,0.07997,0.20270409
d__aaa10y_aaa10y__lag043,0.54232,0.132122,0.241609,0.20268142
d__stlfsi4_stlfed_fin_stress_idx__lag057,0.404389,0.292165,0.208942,0.20264204
q__bogz1lm213061103q_state_local_gov_ts__lag003,1.0,0.116983,0.085657,0.20264018
q__fgexpnd_fgexpnd__lag004,0.981191,0.050657,0.155733,0.20250793
d__dexchus_dexchus__lag008,0.567398,0.132382,0.224516,0.20250308
m__mvphgfd027mnfrbdal_mvphgfd027mnfrbdal__lag008,1.0,0.065772,0.136721,0.20249238
m__mvphgfd027mnfrbdal_mv_priv_debt__lag008,1.0,0.065772,0.136721,0.20249238
q__bogz1fl313161110q_totalbills_z1__lag003,1.0,0.020647,0.181699,0.20234628
m__permit_permit__lag004,0.827586,0.047332,0.197128,0.20231172
q__impgs_imports__lag001,0.990596,0.159187,0.044986,0.20225228
q__bogz1fl313161110q_totalbills_z1__lag008,0.984326,0.108668,0.096783,0.20223103
m__permit_permit__lag001,0.830721,0.052477,0.190848,0.20213559
d__t10y2y_t10y2y__lag064,0.623824,0.056392,0.267552,0.20208394
d__stlfsi4_stlfed_fin_stress_idx__lag060,0.404389,0.293329,0.206161,0.20198831
d__ldgust_tga_fed_alt__lag027,1.0,0.049225,0.152669,0.20189421
q__ophnfb_nflabor_productivity__lag006,0.974922,0.126867,0.080104,0.20178036
q__bogz1fr343061105q_fed_gov_retirement_ts_reval__lag006,0.978056,0.07043,0.135853,0.20175615
d__usepuindxd_policy_uncertainty__lag059,0.517241,0.155982,0.233898,0.20166249
q__bogz1fr793061105q_dom_fin_sector_tsy_reval__lag006,0.978056,0.051456,0.154632,0.20156579
q__gpdi_gpdi__lag003,0.984326,0.087848,0.116866,0.20150552
d__ldgust_tga_fed_alt__lag049,1.0,0.044254,0.157109,0.20136294
m__wpu0561_ppi_crude__lag002,0.99373,0.098559,0.103928,0.20121831
d__ldgust_tga_fed_alt__lag028,1.0,0.04895,0.152261,0.20121099
m__mtsds133fms_fed_surplus_deficit__lag010,0.561129,0.077875,0.280655,0.20118174
d__stlfsi4_stlfed_fin_stress_idx__lag040,0.404389,0.299955,0.197013,0.20096843
d__stlfsi4_stlfed_fin_stress_idx__lag059,0.404389,0.290601,0.206186,0.2008952
d__dexszus_dexszus__lag001,0.69279,0.109932,0.180031,0.20088353
q__bogz1fr223061143q_state_local_db_retirement_ts_reval__lag006,0.978056,0.062343,0.142818,0.20065937
d__ldgust_tga_fed_alt__lag026,1.0,0.048819,0.151837,0.20065552
q__bogz1fr563061103q_etfs_ts_reval__lag005,0.981191,0.011083,0.193353,0.20059147
q__na000283q_gov_current_exp__lag004,0.981191,0.049161,0.155269,0.20058456
m__houst_houst__lag006,0.840125,0.049526,0.189166,0.20053081
d__dexchus_dexchus__lag007,0.567398,0.130263,0.222925,0.2003984
d__ldgust_tga_fed_alt__lag009,1.0,0.048453,0.151906,0.20035852
m__hqmcb10yrp_hqm10y__lag002,0.529781,0.031556,0.346561,0.20031911
d__ldgust_tga_fed_alt__lag030,1.0,0.03469,0.165628,0.20031844
q__bogz1fl663061165q_brokers_dealers_long_ts__lag004,0.996865,0.107723,0.093019,0.20011343
m__uspriv_uspriv__lag011,1.0,0.016369,0.183713,0.20008186
m__uspriv_uspriv__lag010,1.0,0.024753,0.175289,0.20004235
q__bogz1fa543461113q_li_bills_tx__lag004,0.984326,0.075069,0.128089,0.19997453
q__gpdi_gpdi__lag004,0.981191,0.086075,0.117674,0.19991673
q__bogz1fl262051003q_row_rrp__lag001,1.0,0.068788,0.131102,0.19988969
d__ldgust_tga_fed_alt__lag050,1.0,0.049637,0.150128,0.19976476
d__dexchus_dexchus__lag006,0.567398,0.127116,0.22479,0.19967054
q__w326rc1q027sbea_net_op_surplus__lag004,0.981191,0.143154,0.060327,0.19965456
d__aaa10y_aaa10y__lag036,0.54232,0.13889,0.229123,0.19958118
d__t10y2y_t10y2y__lag057,0.623824,0.052482,0.26731,0.19949411
q__bogz1fl573061143q_private_db_pension_ts__lag007,0.987461,0.071637,0.130361,0.19946507
q__bogz1lm263061110q_row_bills_raw__lag007,0.987461,0.101036,0.10093,0.19943395
q__bogz1lm263061110q_row_bills__lag007,0.987461,0.101036,0.10093,0.19943395
q__rowmfsq027s_row_mutualfundshares_flow__lag001,0.99373,0.124687,0.075838,0.19926811
m__mtsr133fms_fedgov_rcpt__lag009,0.564263,0.173205,0.179853,0.19921738
d__stlfsi4_stlfed_fin_stress_idx__lag067,0.404389,0.275014,0.216711,0.19884807
q__bogz1fr733061103q_holding_companies_ts_reval__lag006,0.978056,0.050226,0.15303,0.19879619
d__aaa10y_aaa10y__lag039,0.54232,0.134098,0.232444,0.19878348
d__aaa10y_aaa10y__lag035,0.54232,0.135181,0.231267,0.19873179
q__w006rc1q027sbea_gov_tax_receipts__lag001,0.990596,0.144615,0.055915,0.19864447
q__bogz1fr513061105q_pc_insurance_ts_reval__lag005,0.981191,0.059817,0.142633,0.19864254
d__aaa10y_aaa10y__lag037,0.54232,0.133402,0.232875,0.19863896
q__bogz1fr473061105q_credit_unions_ts_reval__lag001,0.99373,0.050655,0.149186,0.19858759
d__ldgust_tga_fed_alt__lag048,1.0,0.040924,0.157441,0.19836494
m__hqmcb10yrp_hqm10y__lag005,0.526646,0.028555,0.348008,0.19831515
d__ldgust_tga_fed_alt__lag047,1.0,0.042721,0.155438,0.19815913
q__fbtsaaq027s_dom_fin_sector_tsy__lag002,1.0,0.058091,0.13995,0.19804058
d__usepuindxd_policy_uncertainty__lag068,0.517241,0.113006,0.2698,0.19800315
m__mvphgfd027mnfrbdal_mvphgfd027mnfrbdal__lag007,1.0,0.051802,0.146003,0.19780472
m__mvphgfd027mnfrbdal_mv_priv_debt__lag007,1.0,0.051802,0.146003,0.19780472
q__bogz1fl264135005a_row_loans_l__lag003,1.0,0.036297,0.16144,0.19773684
q__bogz1lm653061105q_mf_tsy_raw__lag001,1.0,0.071455,0.126255,0.19771037
q__bogz1lm653061105q_mutual_funds_ts__lag001,1.0,0.071455,0.126255,0.19771037
q__drtscilm_loan_tight__lag001,0.448276,0.269366,0.171147,0.19747132
q__bogz1fa343061165q_fed_gov_db_retirement_ts_tx__lag003,0.987461,0.140152,0.059684,0.19733052
q__bogz1lm573061105q_private_pension_ts__lag006,0.990596,0.099884,0.09927,0.19728136
q__expgs_exports__lag003,0.984326,0.147194,0.053067,0.19712207
d__stlfsi4_stlfed_fin_stress_idx__lag066,0.404389,0.27334,0.213551,0.19689293
d__dexszus_dexszus__lag002,0.69279,0.101761,0.182429,0.19688419
d__ldgust_tga_fed_alt__lag008,1.0,0.047264,0.149579,0.19684275
d__aaa10y_aaa10y__lag038,0.54232,0.128206,0.234604,0.19675876
d__dexchus_dexchus__lag005,0.567398,0.118714,0.227881,0.19665713
q__fbtsatq027s_dom_fin_sector_tsy_tx__lag006,0.978056,0.137029,0.064035,0.19665168
d__usepuindxd_policy_uncertainty__lag037,0.517241,0.196116,0.183502,0.19635407
q__bogz1fr403061105q_gses_ts_reval__lag006,0.978056,0.006492,0.19419,0.19627885
q__bogz1fa383061105q_dom_nonfin_sector_tsy_tx__lag004,0.984326,0.119099,0.080096,0.19607223
q__bogz1fl573061143q_private_db_pension_ts__lag008,0.984326,0.09378,0.10536,0.1960192
q__fgla_fgla__lag004,0.996865,0.120316,0.076252,0.19595215
q__fgla_fedgov_loans__lag004,0.996865,0.120316,0.076252,0.19595215
d__stlfsi4_stlfed_fin_stress_idx__lag037,0.404389,0.294395,0.189927,0.1958546
q__fgtlasq027s_gov_loan_a__lag004,0.996865,0.120409,0.07601,0.1958033
q__bogz1fa663061165q_brokers_dealers_long_ts_tx__lag002,0.990596,0.084214,0.11336,0.19571568
q__bogz1lm573061133q_private_dc_pension_ts__lag003,1.0,0.088544,0.106972,0.19551625
m__mvphgfd027mnfrbdal_mvphgfd027mnfrbdal__lag006,1.0,0.048771,0.146659,0.19542976
m__mvphgfd027mnfrbdal_mv_priv_debt__lag006,1.0,0.048771,0.146659,0.19542976
q__bogz1fl264135005q_row_loans_l__lag004,0.996865,0.048876,0.147105,0.19536618
d__dexchus_dexchus__lag004,0.567398,0.114866,0.229337,0.19530018
d__t10y2y_t10y2y__lag065,0.623824,0.045074,0.267898,0.19523985
q__ophnfb_nflabor_productivity__lag007,0.971787,0.129779,0.071089,0.19520163
m__payems_nonfarm_payrolls__lag012,1.0,0.007581,0.187617,0.19519772
d__usepuindxd_policy_uncertainty__lag008,0.517241,0.033252,0.344114,0.19518919
d__stlfsi4_stlfed_fin_stress_idx__lag061,0.404389,0.290606,0.192065,0.19518653
q__bogz1fl262151003q_row_repo__lag004,0.996865,0.030537,0.165207,0.19513027
d__aaa10y_aaa10y__lag034,0.54232,0.131001,0.228516,0.19497321
q__bogz1lm573061133q_private_dc_pension_ts__lag004,0.996865,0.109653,0.085843,0.19488335
q__bogz1lm653061105q_mf_tsy_raw__lag002,1.0,0.084711,0.110152,0.19486253
q__bogz1lm653061105q_mutual_funds_ts__lag002,1.0,0.084711,0.110152,0.19486253
q__bopbca_bopbca__lag004,0.818182,0.069835,0.168262,0.19480633
d__stlfsi4_stlfed_fin_stress_idx__lag068,0.404389,0.270457,0.211005,0.19469772
q__expgs_exports__lag008,0.968652,0.046127,0.154839,0.19466652
q__rowmmfq027s_row_moneymarketfundshares_flow__lag004,0.984326,0.070954,0.126686,0.1945424
q__bogz1fl262151003q_row_repo__lag005,0.99373,0.010871,0.184748,0.19439257
q__bogz1lm223061143q_state_local_db_retirement_ts__lag006,0.990596,0.056304,0.1399,0.19435876
d__stlfsi4_stlfed_fin_stress_idx__lag038,0.404389,0.292365,0.188069,0.1942821
q__bogz1fa313161110q_totalbills_z1_tx__lag001,0.99373,0.11142,0.083845,0.19404028
q__bogz1fa733061103q_holding_companies_ts_tx__lag008,0.971787,0.070088,0.129557,0.19401281
q__bogz1fl633061105q_mmf_tsy_raw__lag007,0.987461,0.084589,0.111764,0.19389089
q__bogz1fl633061105q_money_market_funds_ts__lag007,0.987461,0.084589,0.111764,0.19389089
d__dexchus_dexchus__lag003,0.567398,0.112005,0.229484,0.19376048
d__dexchus_dexchus__lag001,0.567398,0.111474,0.229829,0.19365513
q__bogz1lm573061133q_private_dc_pension_ts__lag001,1.0,0.065684,0.127903,0.1935874
d__ldgust_tga_fed_alt__lag025,1.0,0.03528,0.15829,0.19356997
q__bogz1fr713061103q_cb_tsy_reval__lag006,0.978056,0.053764,0.144047,0.19347013
q__bogz1lm343061165q_fed_gov_db_retirement_ts__lag001,1.0,0.029425,0.164035,0.19345993
q__bogz1lm343061165q_fed_ret_tsy_db__lag001,1.0,0.029425,0.164035,0.19345993
m__iputil_iputil__lag004,1.0,0.109518,0.083823,0.1933407
d__stlfsi4_stlfed_fin_stress_idx__lag065,0.404389,0.270005,0.20769,0.19317417
d__stlfsi4_stlfed_fin_stress_idx__lag042,0.404389,0.279371,0.198301,0.19316507
m__pcedg_pcedg__lag009,0.836991,0.147235,0.083516,0.19313617
q__bogz1lm573061133q_private_dc_pension_ts__lag002,1.0,0.072882,0.120248,0.19313061
q__bogz1fl264135005q_row_loans_l__lag001,1.0,0.037616,0.155497,0.19311255
d__t10y2y_t10y2y__lag066,0.623824,0.042416,0.266959,0.19299591
q__bogz1fl503061123q_ccps_ts__lag003,1.0,0.07457,0.118287,0.19285695
q__bogz1fl264135005a_row_loans_l__lag005,1.0,0.036267,0.156324,0.19259158
q__bogz1lm213061103q_state_local_gov_ts__lag006,0.990596,0.114483,0.07979,0.19244551
m__houst_houst__lag011,0.833856,0.007319,0.223206,0.19222491
q__bopbca_bopbca__lag005,0.815047,0.076028,0.159701,0.19213071
q__bogz1fr763061100q_usb_tsy_oth_reval__lag008,0.971787,0.041818,0.155887,0.19212687
q__bogz1fa473061105q_credit_unions_ts_tx__lag001,0.99373,0.131018,0.06221,0.19201619
d__stlfsi4_stlfed_fin_stress_idx__lag039,0.404389,0.290792,0.183716,0.19188598
q__rowmmfq027s_row_moneymarketfundshares_flow__lag008,0.971787,0.085209,0.112246,0.19188438
d__dexchus_dexchus__lag002,0.567398,0.109835,0.228003,0.19168883
q__bogz1fa343061123q_fed_gov_dcg_retirement_ts_tx__lag006,0.978056,0.050534,0.14544,0.19167312
q__bogz1fl513061115q_pci_bills_raw__lag006,0.990596,0.051612,0.141874,0.19166595
q__bogz1fl513061115q_pci_bills__lag006,0.990596,0.051612,0.141874,0.19166595
m__hqmcb10yrp_hqm10y__lag003,0.529781,0.044278,0.317302,0.19155811
q__bogz1fl593061105q_pension_ts__lag001,1.0,0.038832,0.152579,0.19141129
d__stlfsi4_stlfed_fin_stress_idx__lag090,0.404389,0.254843,0.218318,0.19134105
q__bogz1fa543461113q_li_bills_tx__lag005,0.981191,0.065305,0.12947,0.19111139
q__bogz1fl503061123q_ccps_ts__lag005,0.99373,0.075398,0.116874,0.19106661
m__permit_permit__lag006,0.827586,0.042335,0.188413,0.19096408
d__usepuindxd_policy_uncertainty__lag088,0.517241,0.123306,0.245858,0.19094662
d__stlfsi4_stlfed_fin_stress_idx__lag089,0.404389,0.264295,0.20775,0.1908897
d__ldgust_tga_fed_alt__lag032,1.0,0.023812,0.167006,0.19081768
q__bogz1fl503061123q_ccps_ts__lag004,0.996865,0.054927,0.136228,0.19055503
d__usepuindxd_policy_uncertainty__lag005,0.517241,0.130902,0.237323,0.19046114
q__na000283q_gov_current_exp__lag008,0.968652,0.119953,0.076592,0.19038408
q__bogz1fa573061133q_private_dc_pension_ts_tx__lag007,0.974922,0.063582,0.131656,0.19034231
m__mtsds133fms_fed_surplus_deficit__lag005,0.567398,0.128986,0.206398,0.19029584
q__w006rc1q027sbea_gov_tax_receipts__lag005,0.978056,0.109021,0.085423,0.19017657
q__bogz1fl313161110q_totalbills_z1__lag004,0.996865,0.070542,0.120202,0.19014559
q__fbtsaaq027s_dom_fin_sector_tsy__lag003,1.0,0.091781,0.098364,0.19014487
q__bogz1fl264135005a_row_loans_l__lag002,1.0,0.035121,0.155015,0.19013618
q__fgexpnd_fgexpnd__lag008,0.968652,0.119675,0.07656,0.19008365
m__houst_houst__lag001,0.84326,0.033353,0.192003,0.19003378
q__netfi_netfi__lag002,0.987461,0.034556,0.157861,0.19000348
m__mvphgfd027mnfrbdal_mvphgfd027mnfrbdal__lag005,1.0,0.043633,0.146366,0.18999991
m__mvphgfd027mnfrbdal_mv_priv_debt__lag005,1.0,0.043633,0.146366,0.18999991
q__w328rc1q027sbea_nfcb_pat__lag002,0.987461,0.158142,0.034212,0.18994279
d__usepuindxd_policy_uncertainty__lag024,0.517241,0.104648,0.262129,0.18971235
d__stlfsi4_stlfed_fin_stress_idx__lag055,0.404389,0.279757,0.188638,0.18941345
q__bogz1fr663061165q_brokers_dealers_long_ts_reval__lag006,0.978056,0.074893,0.118658,0.18930415
d__stlfsi4_stlfed_fin_stress_idx__lag070,0.404389,0.277939,0.189973,0.18921821
q__fgla_fgla__lag002,1.0,0.110192,0.07892,0.189112
q__fgla_fedgov_loans__lag002,1.0,0.110192,0.07892,0.189112
q__fgtlasq027s_gov_loan_a__lag002,1.0,0.110156,0.078775,0.18893159
q__gsave_gsave__lag006,0.974922,0.041455,0.152313,0.18890878
d__stlfsi4_stlfed_fin_stress_idx__lag069,0.404389,0.271963,0.195173,0.1889045
m__hqmcb10yrp_hqm10y__lag001,0.529781,0.006088,0.350055,0.18867741
q__bogz1fr263061130q_row_gov_tsy_reval__lag006,0.978056,0.110917,0.081915,0.18860046
m__nonrevsl_nonrevsl__lag003,1.0,0.097664,0.090899,0.18856291
d__stlfsi4_stlfed_fin_stress_idx__lag054,0.404389,0.281676,0.184431,0.18848816
m__nonrevsl_nonrevsl__lag002,1.0,0.097668,0.090798,0.18846621
d__stlfsi4_stlfed_fin_stress_idx__lag036,0.404389,0.27892,0.186795,0.18833002
q__rownblq027s_row_nonfinbusinessloans_flow__lag007,0.974922,0.019857,0.173307,0.18831999
d__stlfsi4_stlfed_fin_stress_idx__lag053,0.404389,0.287905,0.177744,0.18830287
d__stlfsi4_stlfed_fin_stress_idx__lag071,0.404389,0.279421,0.186213,0.18829741
d__ldgust_tga_fed_alt__lag046,1.0,0.032455,0.155726,0.18818131
d__usepuindxd_policy_uncertainty__lag040,0.517241,0.142389,0.221333,0.18813214
d__t10y2y_t10y2y__lag067,0.623824,0.035583,0.265889,0.18806549
q__fgla_fgla__lag003,1.0,0.110546,0.07751,0.18805562
q__fgla_fedgov_loans__lag003,1.0,0.110546,0.07751,0.18805562
d__vixcls_vixcls__lag034,0.454545,0.190796,0.222786,0.18799204
q__fgtlasq027s_gov_loan_a__lag003,1.0,0.110661,0.077213,0.18787326
d__t10y2y_t10y2y__lag074,0.623824,0.042192,0.258898,0.18782714
q__bogz1fl593061105q_pension_ts__lag002,1.0,0.029733,0.157864,0.18759694
q__bogz1fl593061105q_pension_ts__lag003,1.0,0.038499,0.148937,0.18743582
d__stlfsi4_stlfed_fin_stress_idx__lag052,0.404389,0.285711,0.177745,0.18741639
d__stlfsi4_stlfed_fin_stress_idx__lag064,0.404389,0.261404,0.201958,0.18737824
m__nonrevsl_nonrevsl__lag004,1.0,0.096764,0.090536,0.18730025
m__dgorder_dgorder__lag009,0.420063,0.230937,0.214836,0.18725287
q__rowsllq027s_row_stloan_l__lag006,0.990596,0.081607,0.107132,0.18696431
d__stlfsi4_stlfed_fin_stress_idx__lag056,0.404389,0.271787,0.1903,0.18686273
d__anfci_anfci__lag012,0.69279,0.200012,0.069702,0.18685493
q__bogz1fa343061113q_fed_gov_dcf_retirement_ts_tx__lag001,0.99373,0.049878,0.13804,0.18674049
d__aaa10y_aaa10y__lag028,0.54232,0.125811,0.218491,0.18672158
d__anfci_anfci__lag010,0.69279,0.200198,0.06923,0.18665721
q__bogz1lm213061103q_state_local_gov_ts__lag004,0.996865,0.108383,0.078746,0.18654299
q__fgla_fgla__lag005,0.99373,0.111856,0.075863,0.1865426
q__fgla_fedgov_loans__lag005,0.99373,0.111856,0.075863,0.1865426
d__usepuindxd_policy_uncertainty__lag011,0.517241,0.038683,0.3219,0.18650858
q__bogz1fa403061105q_gses_ts_tx__lag008,0.971787,0.125566,0.066248,0.18640205
q__bogz1fa403061105q_gses_ts_tx__lag006,0.978056,0.028078,0.162499,0.18639503
q__fgtlasq027s_gov_loan_a__lag005,0.99373,0.111873,0.075671,0.18636835
d__ldgust_tga_fed_alt__lag003,1.0,0.040596,0.145705,0.18630099
d__t10y2y_t10y2y__lag068,0.623824,0.034076,0.264485,0.18624952
d__anfci_anfci__lag009,0.69279,0.199817,0.068981,0.18622034
d__ldgust_tga_fed_alt__lag007,1.0,0.041472,0.14469,0.18616176
m__houst_houst__lag012,0.833856,0.004472,0.218765,0.18614757
d__aaa10y_aaa10y__lag033,0.54232,0.124542,0.218598,0.18609133
q__bogz1lm543061115q_li_bills__lag007,0.987461,0.034633,0.153821,0.18609072
q__w326rc1q027sbea_net_op_surplus__lag003,0.984326,0.137246,0.05179,0.18607262
q__ophnfb_nflabor_productivity__lag008,0.968652,0.126641,0.065376,0.18599825
d__t10y2y_t10y2y__lag075,0.623824,0.042068,0.255919,0.18589183
d__ldgust_tga_fed_alt__lag033,1.0,0.014857,0.171017,0.18587406
d__aaa10y_aaa10y__lag032,0.54232,0.126887,0.215764,0.18582634
q__impgs_imports__lag004,0.981191,0.13586,0.053526,0.18582449
q__bogz1fl763123005q_tga_usb__lag008,0.984326,0.101034,0.087705,0.18578126
m__mich_mich__lag008,0.598746,0.012697,0.297398,0.18566822
d__usepuindxd_policy_uncertainty__lag033,0.517241,0.117206,0.241742,0.1856625
d__vixcls_vixcls__lag032,0.454545,0.192251,0.216102,0.1856151
d__anfci_anfci__lag011,0.69279,0.199441,0.068352,0.18552447
q__bogz1lm343061113q_fed_gov_dcf_retirement_ts__lag007,0.987461,0.126975,0.060809,0.18542976
q__bogz1lm343061113q_fed_gov_dc_retirement_ts__lag007,0.987461,0.126975,0.060809,0.18542976
q__bogz1lm343061113q_fed_ret_tsy_dc__lag007,0.987461,0.126975,0.060809,0.18542976
d__baa10y_baa10y__lag023,0.504702,0.184829,0.182323,0.18530285
q__impgs_imports__lag003,0.984326,0.133055,0.055106,0.18521196
q__bogz1fr743061103q_usb_tsy_dom_reval__lag008,0.971787,0.025269,0.165199,0.18509392
d__t10y2y_t10y2y__lag069,0.623824,0.033402,0.263135,0.18498742
d__vixcls_vixcls__lag033,0.454545,0.194384,0.212558,0.18497369
q__bogz1lm103061103q_nfcb_tsy__lag002,1.0,0.068007,0.116815,0.18482155
d__ldgust_tga_fed_alt__lag005,1.0,0.041171,0.143641,0.18481203
d__stlfsi4_stlfed_fin_stress_idx__lag087,0.404389,0.257559,0.199329,0.18476037
q__bogz1fr543061175q_life_insurance_ts_reval__lag001,0.99373,0.050916,0.134998,0.18474765
q__bogz1fa573061143q_private_db_pension_ts_tx__lag003,0.987461,0.05191,0.135165,0.18472934
q__bogz1fl262151003q_row_repo__lag007,0.987461,0.03061,0.156393,0.18465815
d__stlfsi4_stlfed_fin_stress_idx__lag035,0.404389,0.267987,0.188603,0.18463966
d__t10y2y_t10y2y__lag073,0.623824,0.037902,0.25801,0.18459691
q__bogz1fl663061165q_brokers_dealers_long_ts__lag008,0.984326,0.178536,0.008983,0.18457998
q__fgla_fgla__lag001,1.0,0.098322,0.086118,0.18443972
q__fgla_fedgov_loans__lag001,1.0,0.098322,0.086118,0.18443972
d__t10y2y_t10y2y__lag078,0.623824,0.041145,0.254495,0.184428
q__bogz1fl383061105q_dom_nonfin_sector_tsy__lag007,0.987461,0.052989,0.133779,0.18442619
q__bogz1lm213061103q_state_local_gov_ts__lag007,0.987461,0.111812,0.074925,0.18439458
q__fgtlasq027s_gov_loan_a__lag001,1.0,0.098061,0.086325,0.18438613
d__ldgust_tga_fed_alt__lag006,1.0,0.04052,0.143762,0.18428184
d__anfci_anfci__lag008,0.69279,0.195616,0.070122,0.1841007
d__stlfsi4_stlfed_fin_stress_idx__lag086,0.404389,0.258047,0.197154,0.18407821
m__payems_nonfarm_payrolls__lag010,1.0,0.014991,0.169083,0.18407364
q__rowmmfq027s_row_moneymarketfundshares_flow__lag002,0.990596,0.045883,0.139914,0.18404974
q__bogz1fr563061103q_etfs_ts_reval__lag008,0.971787,0.010958,0.17839,0.18400582
q__bogz1fl264035005q_row_loans_a__lag007,0.987461,0.055055,0.131147,0.18386729
m__dspic96_real_dpi__lag004,0.840125,0.017685,0.201114,0.18381838
d__usepuindxd_policy_uncertainty__lag022,0.517241,0.14955,0.205618,0.18370758
q__fgla_fgla__lag006,0.990596,0.107465,0.077986,0.18370742
q__fgla_fedgov_loans__lag006,0.990596,0.107465,0.077986,0.18370742
q__bogz1fa513061113q_pci_bills_tx__lag004,0.984326,0.057278,0.129208,0.18356267
d__vixcls_vixcls__lag031,0.454545,0.204152,0.199669,0.18355486
m__iputil_iputil__lag009,1.0,0.120109,0.063444,0.18355337
q__fgtlasq027s_gov_loan_a__lag006,0.990596,0.107444,0.077819,0.18352076
d__ldgust_tga_fed_alt__lag035,1.0,0.013236,0.170171,0.18340677
d__stlfsi4_stlfed_fin_stress_idx__lag072,0.404389,0.268649,0.184678,0.18332015
q__mmmffaq027s_mmf_tfa__lag004,0.996865,0.011572,0.172221,0.18321675
d__t10y2y_t10y2y__lag076,0.623824,0.040965,0.252733,0.18321568
q__bogz1fa573061105q_private_pension_ts_tx__lag004,0.984326,0.030233,0.155892,0.18320766
d__ldgust_tga_fed_alt__lag037,1.0,0.019271,0.163874,0.18314495
m__payems_nonfarm_payrolls__lag011,1.0,0.006789,0.176342,0.18313069
d__anfci_anfci__lag007,0.69279,0.195071,0.069202,0.18308575
d__ldgust_tga_fed_alt__lag034,1.0,0.013579,0.169454,0.18303241
q__bogz1fa263061110q_row_bills_tx__lag005,0.981191,0.089135,0.097315,0.18294261
d__stlfsi4_stlfed_fin_stress_idx__lag085,0.404389,0.257013,0.19517,0.18285764
d__vixcls_vixcls__lag029,0.454545,0.197247,0.204807,0.18275163
d__t10y2y_t10y2y__lag072,0.623824,0.035185,0.257713,0.18271695
m__mvphgfd027mnfrbdal_mvphgfd027mnfrbdal__lag004,1.0,0.036981,0.145707,0.18268721
m__mvphgfd027mnfrbdal_mv_priv_debt__lag004,1.0,0.036981,0.145707,0.18268721
q__bogz1fl763061100q_usb_tsy_oth__lag005,0.99373,0.116823,0.067012,0.18268232
d__t10y2y_t10y2y__lag071,0.623824,0.033475,0.259279,0.18262702
d__ldgust_tga_fed_alt__lag004,1.0,0.03756,0.145014,0.18257451
q__rowmmfq027s_row_moneymarketfundshares_flow__lag007,0.974922,0.096669,0.090585,0.18255768
d__aaa10y_aaa10y__lag029,0.54232,0.119778,0.216821,0.18254414
q__bogz1fl763061100q_usb_tsy_oth__lag006,0.990596,0.106517,0.077692,0.18247692
q__w328rc1q027sbea_nfcb_pat__lag004,0.981191,0.134746,0.051165,0.18241473
d__stlfsi4_stlfed_fin_stress_idx__lag073,0.404389,0.265501,0.185264,0.18228438
q__expgs_exports__lag004,0.981191,0.128089,0.057623,0.18221897
d__baa10y_baa10y__lag021,0.504702,0.179358,0.181606,0.18217914
d__aaa10y_aaa10y__lag027,0.54232,0.122664,0.213026,0.18205168
q__gdpc1_real_gdp__lag002,0.987461,0.105942,0.078327,0.18195927
m__mtsds133fms_fed_surplus_deficit__lag012,0.561129,0.074791,0.24936,0.1818903
d__t10y2y_t10y2y__lag077,0.623824,0.041022,0.25054,0.18188332
d__baa10y_baa10y__lag022,0.504702,0.172652,0.187717,0.1818792
q__bogz1fr553061103q_closed_end_funds_ts_reval__lag004,0.984326,0.022971,0.161743,0.18181901
q__rhvrusq156n_owner_vacancy__lag004,0.868339,0.107232,0.102126,0.18179387
m__nonrevsl_nonrevsl__lag001,1.0,0.089597,0.092193,0.18179026
q__bogz1fr343061165q_fed_gov_db_retirement_ts_reval__lag001,0.99373,0.132,0.050929,0.18178177
m__mvphgfd027mnfrbdal_mvphgfd027mnfrbdal__lag003,1.0,0.03622,0.145543,0.18176351
m__mvphgfd027mnfrbdal_mv_priv_debt__lag003,1.0,0.03622,0.145543,0.18176351
q__bogz1fl343061123q_fed_gov_dcg_retirement_ts__lag006,0.990596,0.156884,0.026551,0.18170966
q__bogz1lm573061133q_private_dc_pension_ts__lag006,0.990596,0.124365,0.058895,0.18153583
q__bogz1fa513061105q_pc_insurance_ts_tx__lag004,0.984326,0.040612,0.143764,0.18148692
q__fgla_fgla__lag008,0.984326,0.09965,0.084672,0.18143307
q__fgla_fedgov_loans__lag008,0.984326,0.09965,0.084672,0.18143307
q__fgtlasq027s_gov_loan_a__lag008,0.984326,0.099716,0.084524,0.18135312
d__t10y2y_t10y2y__lag070,0.623824,0.029591,0.260895,0.18121259
q__rowsllq027s_row_stloan_l__lag008,0.984326,0.107209,0.076884,0.18120708
q__bogz1fr653061105q_mutual_funds_ts_reval__lag006,0.978056,0.040689,0.144452,0.18107841
d__aaa10y_aaa10y__lag025,0.54232,0.123226,0.210584,0.18103183
q__bogz1lm573061133q_private_dc_pension_ts__lag005,0.99373,0.115391,0.066777,0.18102633
m__hqmcb10yrp_hqm10y__lag008,0.523511,0.065458,0.280308,0.18101264
q__gsave_gsave__lag007,0.971787,0.025125,0.161068,0.18094031
d__stlfsi4_stlfed_fin_stress_idx__lag083,0.404389,0.257974,0.189208,0.18083547
d__stlfsi4_stlfed_fin_stress_idx__lag051,0.404389,0.273923,0.172598,0.18056821
d__stlfsi4_stlfed_fin_stress_idx__lag088,0.404389,0.250526,0.195975,0.18055969
q__bogz1fl264135005q_row_loans_l__lag007,0.987461,0.057351,0.125466,0.18052478
q__bogz1fl383061105q_dom_nonfin_sector_tsy__lag006,0.990596,0.046366,0.135744,0.18039699
m__busloans_busloans__lag008,0.987461,0.024499,0.158107,0.1803167
q__fpi_fpi__lag002,0.987461,0.088928,0.093663,0.18030183
q__fpi_invest_priv_fixed__lag002,0.987461,0.088928,0.093663,0.18030183
d__stlfsi4_stlfed_fin_stress_idx__lag074,0.404389,0.261221,0.184549,0.18026427
q__bogz1fr103061103q_nfcb_tsy_reval__lag001,0.99373,0.032705,0.148646,0.18021362
q__bogz1fr763061100q_usb_tsy_oth_reval__lag006,0.978056,0.041151,0.143081,0.18018889
q__fbtsaaq027s_dom_fin_sector_tsy__lag006,0.990596,0.138585,0.043185,0.18006091
q__bogz1lm343061165q_fed_gov_db_retirement_ts__lag002,1.0,0.024934,0.154979,0.17991295
q__bogz1lm343061165q_fed_ret_tsy_db__lag002,1.0,0.024934,0.154979,0.17991295
d__stlfsi4_stlfed_fin_stress_idx__lag034,0.404389,0.260847,0.183981,0.17988349
m__mich_mich__lag002,0.605016,0.185419,0.111643,0.17972706
q__rhvrusq156n_owner_vacancy__lag005,0.865204,0.087912,0.119742,0.17966313
m__dspic96_real_dpi__lag007,0.836991,0.049595,0.165027,0.17963619
q__bogz1fl262051003q_row_rrp__lag002,1.0,0.064301,0.115316,0.17961629
q__bogz1lm553061103q_closed_end_funds_ts__lag001,1.0,0.031251,0.14822,0.17947113
q__bogz1fl593061105q_pension_ts__lag004,0.996865,0.043871,0.136118,0.17942524
m__nonrevsl_nonrevsl__lag005,1.0,0.092356,0.086793,0.17914851
q__bogz1lm223061143q_state_local_db_retirement_ts__lag003,1.0,0.024146,0.154978,0.17912483
q__bogz1fr693061105q_nonmmf_ts_reval__lag006,0.978056,0.03823,0.144736,0.17895133
q__bogz1fr693061105q_nonmmmf_ts_reval__lag006,0.978056,0.03823,0.144736,0.17895133
m__busloans_busloans__lag009,0.987461,0.021444,0.159708,0.17888107
d__usepuindxd_policy_uncertainty__lag047,0.517241,0.138732,0.206556,0.17859683
d__ldgust_tga_fed_alt__lag036,1.0,0.011482,0.167056,0.17853764
d__aaa10y_aaa10y__lag026,0.54232,0.120774,0.207785,0.17818423
d__stlfsi4_stlfed_fin_stress_idx__lag082,0.404389,0.260187,0.179724,0.17789526
m__mtso133fms_fedgov_out__lag012,0.561129,0.080511,0.236462,0.1778627
m__mvphgfd027mnfrbdal_mvphgfd027mnfrbdal__lag002,1.0,0.034588,0.14323,0.17781834
m__mvphgfd027mnfrbdal_mv_priv_debt__lag002,1.0,0.034588,0.14323,0.17781834
d__anfci_anfci__lag006,0.69279,0.189406,0.066922,0.17758163
q__bogz1lm653061105q_mf_tsy_raw__lag003,1.0,0.075503,0.10205,0.17755292
q__bogz1lm653061105q_mutual_funds_ts__lag003,1.0,0.075503,0.10205,0.17755292
q__rowsllq027s_row_stloan_l__lag002,1.0,0.023424,0.154032,0.17745617
q__bogz1fa553061103q_closed_end_funds_ts_tx__lag006,0.978056,0.069151,0.11208,0.17725433
q__bogz1fr713061103q_cb_tsy_reval__lag008,0.971787,0.031943,0.150217,0.17702044
q__bogz1lm223061143q_state_local_db_retirement_ts__lag007,0.987461,0.026438,0.152796,0.17698604
d__stlfsi4_stlfed_fin_stress_idx__lag043,0.404389,0.25981,0.177792,0.17696115
q__bogz1fr733061103q_holding_companies_ts_reval__lag001,0.99373,0.053244,0.124817,0.17694532
q__bogz1fa543061175q_life_insurance_ts_tx__lag006,0.978056,0.085326,0.09555,0.17690672
q__bogz1fl264135005a_row_loans_l__lag006,1.0,0.02824,0.148609,0.17684861
q__fgrecpt_fgrecpt__lag002,0.987461,0.136362,0.042606,0.17672396
m__mich_mich__lag007,0.598746,0.069797,0.225351,0.17671842
q__drtscilm_loan_tight__lag003,0.442006,0.146388,0.25323,0.17663376
d__usepuindxd_policy_uncertainty__lag067,0.517241,0.093788,0.247415,0.17648436
d__stlfsi4_stlfed_fin_stress_idx__lag080,0.404389,0.259274,0.176906,0.1763862
d__ldgust_tga_fed_alt__lag002,1.0,0.036061,0.140212,0.17627238
m__mvphgfd027mnfrbdal_mvphgfd027mnfrbdal__lag001,1.0,0.036431,0.139553,0.17598322
m__mvphgfd027mnfrbdal_mv_priv_debt__lag001,1.0,0.036431,0.139553,0.17598322
d__ldgust_tga_fed_alt__lag042,1.0,0.015322,0.160548,0.17587041
d__stlfsi4_stlfed_fin_stress_idx__lag084,0.404389,0.246581,0.188111,0.17578463
q__bogz1fl313161110q_totalbills_z1__lag005,0.99373,0.123476,0.053275,0.17564343
d__stlfsi4_stlfed_fin_stress_idx__lag075,0.404389,0.252664,0.181573,0.17560066
m__hqmcb10yrp_hqm10y__lag004,0.526646,0.001469,0.331943,0.17559024
m__nonrevsl_nonrevsl__lag006,1.0,0.089688,0.085861,0.17554911
d__t10y2y_t10y2y__lag079,0.623824,0.029116,0.252279,0.17554064
q__gpdi_gpdi__lag001,0.990596,0.093535,0.083664,0.17553226
m__popthm_popthm__lag012,0.833856,0.084533,0.125928,0.17549478
d__vixcls_vixcls__lag027,0.454545,0.204268,0.181683,0.17543187
d__t10y2y_t10y2y__lag081,0.623824,0.027157,0.253962,0.17536881
d__stlfsi4_stlfed_fin_stress_idx__lag081,0.404389,0.257852,0.175744,0.17534123
q__bogz1lm573061105q_private_pension_ts__lag007,0.987461,0.096064,0.081494,0.17533133
d__ldgust_tga_fed_alt__lag045,1.0,0.01792,0.157335,0.1752545
m__popthm_popthm__lag011,0.833856,0.08527,0.124555,0.17496394
q__w328rc1q027sbea_nfcb_pat__lag006,0.974922,0.126797,0.052532,0.1748317
q__bogz1lm343061113q_fed_gov_dcf_retirement_ts__lag008,0.984326,0.135348,0.042057,0.17462442
q__bogz1lm343061113q_fed_gov_dc_retirement_ts__lag008,0.984326,0.135348,0.042057,0.17462442
q__bogz1lm343061113q_fed_ret_tsy_dc__lag008,0.984326,0.135348,0.042057,0.17462442
m__hqmcb10yrp_hqm10y__lag009,0.523511,0.080908,0.252626,0.17460902
q__bogz1lm653061105q_mf_tsy_raw__lag008,0.984326,0.056039,0.121341,0.1745995
q__bogz1lm653061105q_mutual_funds_ts__lag008,0.984326,0.056039,0.121341,0.1745995
q__bogz1lm573061133q_private_dc_pension_ts__lag008,0.984326,0.125198,0.052133,0.17455152
m__popthm_popthm__lag009,0.836991,0.086539,0.121984,0.1745321
d__ldgust_tga_fed_alt__lag038,1.0,0.013867,0.160641,0.17450842
m__ltdacbm027nbog_ltd__lag008,0.661442,0.149416,0.114356,0.17446996
m__popthm_popthm__lag006,0.840125,0.090444,0.117177,0.17442725
q__bogz1fa105019005q_nfcb_gfi__lag002,0.990596,0.102574,0.073493,0.17441129
m__popthm_popthm__lag010,0.833856,0.085733,0.123361,0.17435457
q__gsave_gsave__lag005,0.978056,0.057061,0.121191,0.17434104
q__fgrecpt_fgrecpt__lag004,0.981191,0.119995,0.057671,0.17432369
m__popthm_popthm__lag008,0.836991,0.087991,0.120261,0.17430519
d__aaa10y_aaa10y__lag021,0.54232,0.104251,0.217063,0.17425474
d__stlfsi4_stlfed_fin_stress_idx__lag076,0.404389,0.259239,0.171448,0.17416514
q__bogz1fl343061123q_fed_gov_dcg_retirement_ts__lag008,0.984326,0.119826,0.057109,0.17416156
d__usepuindxd_policy_uncertainty__lag046,0.517241,0.102506,0.234187,0.17415152
m__popthm_popthm__lag007,0.836991,0.089302,0.118695,0.17409081
q__bogz1lm213061103q_state_local_gov_ts__lag002,1.0,0.097374,0.07669,0.17406361
q__gce_gce__lag008,0.968652,0.075573,0.10411,0.17405092
q__bogz1fa573061143q_private_db_pension_ts_tx__lag004,0.984326,0.059705,0.117105,0.17403792
d__ldgust_tga_fed_alt__lag041,1.0,0.012915,0.160976,0.17389167
m__nonrevsl_nonrevsl__lag007,1.0,0.088742,0.085119,0.17386092
m__popthm_popthm__lag005,0.840125,0.091221,0.115712,0.17384967
d__baa10y_baa10y__lag020,0.504702,0.176111,0.168277,0.17381348
q__iatashcbsnncb_nfcb_hc_inventories__lag001,1.0,0.097784,0.075864,0.17364806
q__fgrecpt_fgrecpt__lag003,0.984326,0.122933,0.053225,0.17339762
q__rrvrusq156n_rental_vacancy__lag002,0.874608,0.088743,0.109499,0.17338427
q__bogz1fl264135005a_row_loans_l__lag001,1.0,0.0462,0.127119,0.17331921
d__stlfsi4_stlfed_fin_stress_idx__lag077,0.404389,0.257313,0.171136,0.17325981
m__popthm_popthm__lag003,0.84326,0.092153,0.113228,0.17318945
q__bogz1fl543461113q_li_bills__lag008,0.984326,0.035883,0.140006,0.17313187
m__hqmcb10yrp_hqm10y__lag007,0.523511,0.031914,0.298721,0.1730909
m__popthm_popthm__lag004,0.840125,0.091596,0.114433,0.17309001
q__fgtsl_fgtsl__lag001,1.0,0.078362,0.09451,0.17287218
m__popthm_popthm__lag002,0.84326,0.093175,0.111801,0.17284842
m__popthm_popthm__lag001,0.84326,0.094762,0.110142,0.17278716
q__gce_gce__lag007,0.971787,0.073918,0.103824,0.1727272
m__mtsr133fms_fedgov_rcpt__lag007,0.564263,0.157535,0.148571,0.1727243
q__rrvrusq156n_rental_vacancy__lag007,0.858934,0.096664,0.104407,0.17270704
q__bogz1fl503061123q_ccps_ts__lag002,1.0,0.054709,0.117918,0.17262727
q__fgtsl_fgtsl__lag002,1.0,0.089024,0.083596,0.17262036
q__fgla_fgla__lag007,0.987461,0.094799,0.07994,0.17254843
q__fgla_fedgov_loans__lag007,0.987461,0.094799,0.07994,0.17254843
d__usepuindxd_policy_uncertainty__lag041,0.517241,0.128562,0.204706,0.17237997
d__aaa10y_aaa10y__lag031,0.54232,0.109199,0.208612,0.17235541
q__fgtlasq027s_gov_loan_a__lag007,0.987461,0.094835,0.079707,0.17235367
q__a457rc1q027sbea_netva_nfcb__lag002,0.987461,0.122339,0.052192,0.17234194
q__b093rc1q027sbea_gov_int_row__lag006,0.974922,0.039439,0.137316,0.17232243
d__stlfsi4_stlfed_fin_stress_idx__lag079,0.404389,0.255608,0.170222,0.17220069
q__bogz1fl264035005q_row_loans_a__lag008,0.984326,0.035191,0.139727,0.17217659
q__bogz1fr733061103q_holding_companies_ts_reval__lag008,0.971787,0.026705,0.15034,0.17205055
d__stlfsi4_stlfed_fin_stress_idx__lag001,0.407524,0.163694,0.258177,0.17192227
q__bogz1lm543061115q_li_bills__lag006,0.990596,0.003365,0.170022,0.17175671
d__ldgust_tga_fed_alt__lag044,1.0,0.01264,0.159045,0.17168523
d__usepuindxd_policy_uncertainty__lag060,0.517241,0.108957,0.22296,0.17168126
q__bogz1fl264135005q_row_loans_l__lag003,1.0,0.015573,0.156088,0.17166123
m__mtso133fms_fedgov_out__lag007,0.564263,0.082185,0.221891,0.17157898
m__nonrevsl_nonrevsl__lag008,1.0,0.088766,0.082738,0.17150425
q__bogz1fl264135005q_row_loans_l__lag005,0.99373,0.024024,0.148499,0.17144112
q__bogz1fl543461113q_li_bills__lag007,0.987461,0.024813,0.148753,0.1713892
d__t10y2y_t10y2y__lag080,0.623824,0.023431,0.251302,0.17138545
q__w326rc1q027sbea_net_op_surplus__lag005,0.978056,0.124329,0.05081,0.17129608
m__wtisplc_wtisplc__lag003,1.0,0.098467,0.072732,0.17119952
q__fgtsl_fgtsl__lag003,1.0,0.106085,0.065111,0.17119643
q__bogz1fa105019005q_nfcb_gfi__lag001,0.99373,0.105199,0.067024,0.17114341
d__dexcaus_dexcaus__lag021,0.69279,0.062675,0.18416,0.17100501
q__rowsllq027s_row_stloan_l__lag004,0.996865,0.050213,0.121273,0.17094812
q__pnfi_priv_nonres_fi__lag002,0.987461,0.094387,0.078637,0.17085449
d__aaa10y_aaa10y__lag020,0.54232,0.09925,0.215751,0.17083121
d__aaa10y_aaa10y__lag030,0.54232,0.106552,0.208403,0.17080657
q__bogz1lm573061133q_private_dc_pension_ts__lag007,0.987461,0.117477,0.055493,0.1708014
q__bogz1fa473061105q_credit_unions_ts_tx__lag002,0.990596,0.003302,0.16872,0.17040465
m__hqmcb10yrp_hqm10y__lag006,0.526646,0.004694,0.318777,0.17035441
d__stlfsi4_stlfed_fin_stress_idx__lag078,0.404389,0.253254,0.167992,0.17034724
q__bogz1fl343061123q_fed_gov_dcg_retirement_ts__lag005,0.99373,0.107125,0.064285,0.17033526
d__dexcaus_dexcaus__lag017,0.69279,0.063758,0.182054,0.17029564
q__w260rc1q027sbea_gdi_netopsurp_privent__lag004,0.981191,0.126456,0.047097,0.17028886
q__bogz1fl313161110q_totalbills_z1__lag006,0.990596,0.099729,0.07209,0.17020276
d__ldgust_tga_fed_alt__lag039,1.0,0.012804,0.157383,0.17018732
q__fbtsaaq027s_dom_fin_sector_tsy__lag004,0.996865,0.121925,0.048754,0.17014387
q__bogz1fr653061105q_mutual_funds_ts_reval__lag001,0.99373,0.012268,0.158673,0.16986899
d__ldgust_tga_fed_alt__lag040,1.0,0.010563,0.159035,0.16959814
q__bogz1lm343061105q_fed_gov_retirement_ts__lag007,0.987461,0.008582,0.163017,0.16944751
q__bogz1lm343061105q_fed_ret_tsy_total__lag007,0.987461,0.008582,0.163017,0.16944751
d__t10y2y_t10y2y__lag082,0.623824,0.022295,0.249135,0.16932475
d__t10y2y_t10y2y__lag083,0.623824,0.022725,0.248503,0.16919865
m__nonrevsl_nonrevsl__lag009,1.0,0.087354,0.081742,0.16909577
q__ncbtsaq027s_nfcb_tsy_tx__lag005,0.981191,0.020744,0.151404,0.1689095
d__aaa10y_aaa10y__lag024,0.54232,0.106297,0.204822,0.1687262
m__dspic96_real_dpi__lag006,0.840125,0.011649,0.189051,0.16861316
q__bogz1fl543461113q_li_bills__lag004,0.996865,0.043194,0.125878,0.1685422
q__rrvrusq156n_rental_vacancy__lag004,0.868339,0.079429,0.114663,0.16853721
q__bogz1fl593061105q_pension_ts__lag005,0.99373,0.044583,0.124915,0.16843486
d__baa10y_baa10y__lag019,0.504702,0.169867,0.163594,0.16829852
q__fpi_invest_priv_fixed__lag001,0.990596,0.086745,0.083135,0.16828268
q__fpi_fpi__lag001,0.990596,0.086927,0.082828,0.16815861
q__bogz1fl343061123q_fed_gov_dcg_retirement_ts__lag004,0.996865,0.015389,0.153265,0.16812558
q__bogz1fl264135005a_row_loans_l__lag007,0.996865,0.0337,0.134895,0.16806721
m__totalsl_totalsl__lag002,1.0,0.089639,0.078277,0.16791645
q__bogz1fl693061105q_nonmmf_ts__lag001,1.0,0.062478,0.1053,0.16777725
q__bogz1fl693061105q_nonmmmf_ts__lag001,1.0,0.062478,0.1053,0.16777725
q__gdpc1_real_gdp__lag001,0.990596,0.084219,0.084682,0.1673119
m__busloans_busloans__lag012,0.984326,0.021184,0.148626,0.16714826
q__bogz1fl543461113q_li_bills__lag006,0.990596,0.021479,0.147177,0.16706985
d__dexcaus_dexcaus__lag015,0.69279,0.057258,0.183891,0.1670658
d__ldgust_tga_fed_alt__lag001,1.0,0.028178,0.138886,0.16706428
q__w326rc1q027sbea_net_op_surplus__lag006,0.974922,0.125587,0.045751,0.16704046
m__busloans_busloans__lag011,0.984326,0.025873,0.143819,0.16703252
q__gce_gce__lag006,0.974922,0.064566,0.106674,0.16694469
q__fbtsaaq027s_dom_fin_sector_tsy__lag008,0.984326,0.115579,0.053818,0.16674215
q__iatashcbsnncb_nfcb_hc_inventories__lag002,1.0,0.094858,0.071857,0.1667156
q__bogz1lm573061105q_private_pension_ts__lag008,0.984326,0.110908,0.058455,0.16670799
d__dexcaus_dexcaus__lag014,0.69279,0.053309,0.187241,0.1666508
m__totalsl_totalsl__lag003,1.0,0.086953,0.079568,0.16652079
q__bogz1fl693061105q_nonmmf_ts__lag002,1.0,0.070932,0.095508,0.16644027
q__bogz1fl693061105q_nonmmmf_ts__lag002,1.0,0.070932,0.095508,0.16644027
q__bogz1fr743061103q_usb_tsy_dom_reval__lag001,0.99373,0.041746,0.12573,0.16642593
q__bogz1fl543461113q_li_bills__lag005,0.99373,0.031781,0.135616,0.1663468
m__dspic96_real_dpi__lag001,0.84326,0.026242,0.170955,0.16628848
d__aaa10y_aaa10y__lag019,0.54232,0.094351,0.212025,0.16615368
m__srvprd_srvprd__lag012,1.0,0.024662,0.141358,0.1660196
m__mich_mich__lag006,0.601881,0.073315,0.202394,0.16594385
d__stlfsi4_stlfed_fin_stress_idx__lag003,0.404389,0.155059,0.255244,0.16592176
q__pnfi_priv_nonres_fi__lag001,0.990596,0.094979,0.072458,0.16586278
m__totalsl_totalsl__lag004,1.0,0.084761,0.081035,0.16579629
d__dexcaus_dexcaus__lag008,0.69279,0.053387,0.185891,0.16576906
q__bogz1fl712051000q_fed_rrp__lag008,0.984326,0.050943,0.117399,0.16570282
d__stlfsi4_stlfed_fin_stress_idx__lag050,0.404389,0.247004,0.162549,0.16561841
q__bogz1fa713068703q_fed_dw_tx__lag007,0.974922,0.129962,0.039874,0.16557679
q__bogz1fl503061123q_ccps_ts__lag008,0.984326,0.091969,0.076143,0.16547701
m__dspic96_real_dpi__lag012,0.833856,0.036839,0.161571,0.16544546
d__t10y2y_t10y2y__lag085,0.623824,0.018908,0.246194,0.16537705
m__nonrevsl_nonrevsl__lag010,1.0,0.083238,0.082089,0.16532643
d__vixcls_vixcls__lag002,0.454545,0.142612,0.220891,0.16522859
d__dexcaus_dexcaus__lag009,0.69279,0.052084,0.186283,0.16513822
d__dexcaus_dexcaus__lag019,0.69279,0.053516,0.184837,0.16512864
q__bogz1fr263061145q_row_priv_tsy_reval__lag007,0.974922,0.018697,0.150636,0.16508609
q__rowmslq027s_row_muni_flow__lag006,0.978056,0.070757,0.098001,0.16505535
q__rowceaq027s_row_corpequities_flow__lag003,0.987461,0.028028,0.139112,0.16504413
d__baa10y_baa10y__lag018,0.504702,0.166852,0.160109,0.16501834
d__stlfsi4_stlfed_fin_stress_idx__lag002,0.404389,0.153242,0.254821,0.16501596
d__baa10y_baa10y__lag017,0.504702,0.165395,0.161429,0.16494876
q__drtscilm_loan_tight__lag006,0.432602,0.099551,0.281394,0.1647975
q__bogz1fa543461113q_li_bills_tx__lag002,0.990596,0.107132,0.059155,0.16472323
d__stlfsi4_stlfed_fin_stress_idx__lag004,0.404389,0.155197,0.252064,0.1646919
d__dexcaus_dexcaus__lag022,0.69279,0.054386,0.183271,0.16464642
m__currcir_currcir__lag001,1.0,0.061533,0.103079,0.1646128
q__ttaatashcbshnncb_nfcb_hc_assets__lag008,0.984326,0.064585,0.102401,0.16436782
d__dexcaus_dexcaus__lag018,0.69279,0.054741,0.182364,0.1642642
d__usepuindxd_policy_uncertainty__lag002,0.517241,0.105699,0.211355,0.16399347
q__rowmmfq027s_row_moneymarketfundshares_flow__lag003,0.987461,0.041783,0.124212,0.16391415
q__fbtsaaq027s_dom_fin_sector_tsy__lag007,0.987461,0.116731,0.049165,0.16381536
q__tfaabshno_hhnp_tfa__lag001,1.0,0.080097,0.083659,0.16375602
d__aaa10y_aaa10y__lag017,0.54232,0.089643,0.212111,0.1636472
q__bogz1fa343061105q_fed_gov_retirement_ts_tx__lag004,0.984326,0.064201,0.101935,0.16353187
d__dexcaus_dexcaus__lag020,0.69279,0.054457,0.181545,0.16350035
q__rhvrusq156n_owner_vacancy__lag006,0.862069,0.076549,0.11302,0.16342204
m__totalsl_totalsl__lag001,1.0,0.084466,0.078878,0.16334471
d__dexcaus_dexcaus__lag016,0.69279,0.05725,0.178439,0.16328354
q__fgtsl_fgtsl__lag005,0.99373,0.126921,0.037264,0.16315594
q__bogz1fr263061130q_row_gov_tsy_reval__lag001,0.99373,0.086463,0.077721,0.16315515
d__t10y2y_t10y2y__lag084,0.623824,0.016522,0.244819,0.16303085
m__dpsfrim027sbog_row_deposits__lag003,0.667712,0.133829,0.110154,0.16291034
m__hqmcb10yrp_hqm10y__lag010,0.520376,0.068327,0.244684,0.16288336
q__fgtsl_fgtsl__lag004,0.996865,0.115994,0.047269,0.16275071
d__dexcaus_dexcaus__lag007,0.69279,0.052915,0.181958,0.16271782
q__rowcpaq027s_row_commercialpaper_flow__lag006,0.978056,0.020231,0.146115,0.16269601
q__bogz1fa213061103q_state_local_gov_ts_tx__lag006,0.978056,0.022721,0.14356,0.16263226
q__bogz1fl262051003q_row_rrp__lag004,0.996865,0.069157,0.093891,0.16253716
d__usepuindxd_policy_uncertainty__lag053,0.517241,0.105964,0.207993,0.16239179
q__bogz1lm213061103q_state_local_gov_ts__lag001,1.0,0.10337,0.058791,0.16216125
q__bogz1fa313161105q_tsy_net_tx__lag006,0.978056,0.050896,0.114758,0.16201911
m__nonrevsl_nonrevsl__lag011,1.0,0.076566,0.085403,0.16196948
q__bogz1fr213061103q_state_local_gov_ts_reval__lag006,0.978056,0.060165,0.105269,0.16180388
m__currcir_currcir__lag002,1.0,0.059974,0.101771,0.16174424
q__fpi_fpi__lag003,0.984326,0.073921,0.090367,0.16171305
q__fpi_invest_priv_fixed__lag003,0.984326,0.073921,0.090367,0.16171305
m__dpsfrim027sbog_row_deposits__lag001,0.667712,0.126885,0.115248,0.16167511
m__currcir_currcir__lag003,1.0,0.064941,0.096643,0.16158354
q__bogz1lm223061143q_state_local_db_retirement_ts__lag002,1.0,0.016076,0.145417,0.16149345
q__fbtsaaq027s_dom_fin_sector_tsy__lag005,0.99373,0.148456,0.014043,0.16148043
d__aaa10y_aaa10y__lag016,0.54232,0.086373,0.211277,0.1614217
m__mtsds133fms_fed_surplus_deficit__lag004,0.567398,0.063291,0.221166,0.16140047
q__rownblq027s_row_nonfinbusinessloans_flow__lag001,0.99373,0.008932,0.153388,0.16130216
d__vixcls_vixcls__lag024,0.454545,0.190987,0.163866,0.16129695
q__bogz1fl313161110q_totalbills_z1__lag007,0.987461,0.068578,0.094655,0.16118566
q__w260rc1q027sbea_gdi_netopsurp_privent__lag002,0.987461,0.144183,0.018903,0.16104151
q__bogz1lm153061105q_hhnp_tsy__lag001,1.0,0.043643,0.117387,0.16103021
q__ttaatashcbshnncb_nfcb_hc_assets__lag007,0.987461,0.059118,0.10385,0.16092409
m__dpsfrim027sbog_row_deposits__lag002,0.667712,0.126503,0.11428,0.16077329
q__gce_gce__lag005,0.978056,0.054031,0.110267,0.16069287
q__bogz1lm223061143q_state_local_db_retirement_ts__lag005,0.99373,0.0077,0.153985,0.16067113
q__bogz1lm343061165q_fed_gov_db_retirement_ts__lag003,1.0,0.062477,0.098161,0.16063832
q__bogz1lm343061165q_fed_ret_tsy_db__lag003,1.0,0.062477,0.098161,0.16063832
d__vixcls_vixcls__lag003,0.454545,0.107691,0.245705,0.16063432
m__w875rx1_real_dpi_xtx__lag003,0.84326,0.065164,0.125187,0.16051515
d__t10y2y_t10y2y__lag086,0.623824,0.016267,0.240968,0.16046952
q__bogz1lm223061143q_state_local_db_retirement_ts__lag004,0.996865,0.004218,0.156717,0.16042981
q__ttaatashcbshnncb_nfcb_hc_assets__lag001,1.0,0.073043,0.087373,0.16041616
q__bogz1fl263061145q_row_priv_tsy__lag004,0.996865,0.108954,0.051925,0.16037458
q__bogz1fa663061165q_brokers_dealers_long_ts_tx__lag007,0.974922,0.086301,0.078078,0.16025697
m__iputil_iputil__lag002,1.0,0.116874,0.043368,0.16024235
m__currcir_currcir__lag004,1.0,0.069528,0.09063,0.16015782
d__aaa10y_aaa10y__lag022,0.54232,0.089462,0.205825,0.16014025
q__bogz1lm223061143q_state_local_db_retirement_ts__lag001,1.0,0.035247,0.12475,0.15999685
m__w875rx1_real_dpi_xtx__lag004,0.840125,0.076871,0.113462,0.15990388
q__bogz1lm473061105q_credit_unions_ts__lag001,1.0,0.110708,0.049162,0.15986948
q__bogz1lm473061105q_credit_unions_ts_tx__lag001,1.0,0.110708,0.049162,0.15986948
m__w875rx1_real_dpi_xtx__lag002,0.84326,0.059248,0.13032,0.15985579
d__dexcaus_dexcaus__lag013,0.69279,0.047531,0.183183,0.15983599
q__bogz1fl263061145q_row_priv_tsy__lag002,1.0,0.090891,0.068879,0.1597699
d__aaa10y_aaa10y__lag023,0.54232,0.092635,0.201928,0.15974718
q__bogz1fl503061123q_ccps_ts__lag006,0.990596,0.086426,0.074792,0.15970144
d__vixcls_vixcls__lag026,0.454545,0.183262,0.168069,0.15969577
m__dgorder_dgorder__lag007,0.423197,0.187301,0.189816,0.15959463
m__nonrevsl_nonrevsl__lag012,1.0,0.07392,0.085632,0.15955173
q__bogz1fa313161105q_tsy_net_tx__lag008,0.971787,0.036344,0.127833,0.15954469
q__bogz1fa633061105q_money_market_funds_ts_tx__lag006,0.978056,0.05331,0.109745,0.15947759
d__baa10y_baa10y__lag016,0.504702,0.165774,0.150183,0.1594645
m__busloans_busloans__lag001,0.99373,0.033803,0.126636,0.15943285
q__expgs_exports__lag005,0.978056,0.084897,0.078101,0.15942155
d__aaa10y_aaa10y__lag018,0.54232,0.08465,0.209012,0.15925889
q__ttaatashcbshnncb_nfcb_hc_assets__lag006,0.990596,0.059233,0.10149,0.15921125
q__ttaatashcbshnncb_nfcb_hc_assets__lag002,1.0,0.070139,0.088944,0.15908326
q__rowstaq027s_row_stloan_a__lag008,0.984326,0.023727,0.137766,0.15896195
q__bogz1fl264035005q_row_loans_a__lag005,0.99373,0.050502,0.10937,0.15886957
m__currcir_currcir__lag005,1.0,0.07039,0.088413,0.15880394
q__rowsllq027s_row_stloan_l__lag001,1.0,0.022685,0.136116,0.15880173
q__bogz1lm653061105q_mf_tsy_raw__lag007,0.987461,0.041406,0.119311,0.15870119
q__bogz1lm653061105q_mutual_funds_ts__lag007,0.987461,0.041406,0.119311,0.15870119
d__anfci_anfci__lag005,0.69279,0.188983,0.039995,0.15863396
d__usepuindxd_policy_uncertainty__lag045,0.517241,0.100781,0.205906,0.15863149
q__a091rc1q027sbea_gov_interest_payments__lag001,0.990596,0.080461,0.079661,0.15861688
q__a091rc1q027sbea_fedgov_int__lag001,0.990596,0.080461,0.079661,0.15861688
m__dspic96_real_dpi__lag003,0.84326,0.017317,0.170584,0.15844983
d__stlfsi4_stlfed_fin_stress_idx__lag046,0.404389,0.220868,0.170838,0.15840169
d__stlfsi4_stlfed_fin_stress_idx__lag044,0.404389,0.228605,0.163009,0.15836459
m__amtmno_amtmno__lag009,0.420063,0.223288,0.153462,0.15825852
m__dspic96_real_dpi__lag009,0.836991,0.002439,0.186625,0.15824517
q__rowceaq027s_row_corpequities_flow__lag004,0.984326,0.042799,0.117854,0.15813488
d__ldgust_tga_fed_alt__lag043,1.0,0.002437,0.155525,0.15796211
d__dexcaus_dexcaus__lag003,0.69279,0.055588,0.172284,0.15786685
q__bogz1fl383061105q_dom_nonfin_sector_tsy__lag005,0.99373,0.02439,0.134434,0.15782828
q__bogz1fl263061145q_row_priv_tsy__lag006,0.990596,0.113397,0.045839,0.15773782
m__totalsl_totalsl__lag005,1.0,0.080122,0.07751,0.15763179
d__vixcls_vixcls__lag025,0.454545,0.180655,0.166128,0.15762851
d__anfci_anfci__lag003,0.69279,0.188817,0.038648,0.15758547
d__vixcls_vixcls__lag014,0.454545,0.094758,0.251747,0.15750251
q__netfi_netfi__lag001,0.990596,0.027352,0.131595,0.15745139
q__bogz1fa263061145q_row_priv_tsy_tx__lag001,0.99373,0.072297,0.08614,0.15744321
m__srvprd_srvprd__lag010,1.0,0.030571,0.126784,0.157355
d__stlfsi4_stlfed_fin_stress_idx__lag005,0.404389,0.148262,0.240376,0.15716084
q__pnfi_priv_nonres_fi__lag003,0.984326,0.077085,0.082523,0.15710559
m__dspic96_real_dpi__lag010,0.833856,0.055438,0.132814,0.15697478
q__bogz1fl263061145q_row_priv_tsy__lag008,0.984326,0.11804,0.0413,0.15684225
q__bogz1fa563061103q_etfs_ts_tx__lag007,0.974922,0.055341,0.105529,0.15683573
m__w875rx1_real_dpi_xtx__lag005,0.840125,0.076207,0.110475,0.1568357
d__anfci_anfci__lag002,0.69279,0.188112,0.038238,0.15681306
q__bogz1fa343061123q_fed_gov_dcg_retirement_ts_tx__lag002,0.990596,0.034706,0.123571,0.15678856
d__anfci_anfci__lag004,0.69279,0.18844,0.03782,0.15675071
q__fgrecpt_fgrecpt__lag005,0.978056,0.107411,0.052706,0.15660404
q__bogz1fl543461113q_li_bills__lag003,1.0,0.027532,0.128568,0.15610004
q__bogz1fa563061103q_etfs_ts_tx__lag002,0.990596,0.04606,0.111519,0.15609764
q__bogz1lm653061105q_mf_tsy_raw__lag004,0.996865,0.057358,0.099213,0.15608071
q__bogz1lm653061105q_mutual_funds_ts__lag004,0.996865,0.057358,0.099213,0.15608071
q__fgtsl_fgtsl__lag008,0.984326,0.115191,0.043367,0.1560731
q__w328rc1q027sbea_nfcb_pat__lag003,0.984326,0.120009,0.038495,0.15601972
q__bogz1fl693061105q_nonmmf_ts__lag008,0.984326,0.061303,0.097173,0.1559921
q__bogz1fl693061105q_nonmmmf_ts__lag008,0.984326,0.061303,0.097173,0.1559921
d__stlfsi4_stlfed_fin_stress_idx__lag029,0.404389,0.25077,0.134628,0.1558508
d__stlfsi4_stlfed_fin_stress_idx__lag033,0.404389,0.246319,0.138881,0.15577035
q__rowsllq027s_row_stloan_l__lag007,0.987461,0.048711,0.108854,0.15558977
d__vixcls_vixcls__lag011,0.454545,0.114127,0.228067,0.15554285
q__ttaatashcbshnncb_nfcb_hc_assets__lag004,0.996865,0.063254,0.092751,0.15551615
d__anfci_anfci__lag001,0.69279,0.185816,0.038645,0.15550442
q__dividend_dividend__lag001,0.990596,0.104162,0.05276,0.15544716
m__totalsl_totalsl__lag006,1.0,0.076623,0.078779,0.1554021
q__bogz1fl263061145q_row_priv_tsy__lag001,1.0,0.081192,0.074171,0.15536375
d__dexusuk_dexusuk__lag066,0.69279,0.061097,0.163132,0.15534399
q__bogz1fl503061123q_ccps_ts__lag007,0.987461,0.092675,0.064582,0.15528588
q__bogz1fl263061145q_row_priv_tsy__lag005,0.99373,0.111626,0.044498,0.15514494
q__mmmffaq027s_mmf_tfa__lag003,1.0,0.011155,0.143894,0.15504917
q__bogz1fr553061103q_closed_end_funds_ts_reval__lag006,0.978056,0.068461,0.090032,0.1550149
q__bogz1fa513061113q_pci_bills_tx__lag001,0.99373,0.103257,0.052726,0.15500512
q__bogz1fa763061100q_usb_tsy_oth_tx__lag008,0.971787,0.011316,0.148184,0.15499948
q__gsave_gsave__lag008,0.968652,0.023921,0.136089,0.15499435
m__currcir_currcir__lag006,1.0,0.069874,0.085074,0.15494793
q__pcesv_pcesv__lag008,0.968652,0.050399,0.109531,0.15491636
m__totalsl_totalsl__lag007,1.0,0.074771,0.080117,0.15488818
m__hqmcb10yrp_hqm10y__lag011,0.520376,0.064082,0.233484,0.15484613
d__vixcls_vixcls__lag023,0.454545,0.171036,0.169539,0.1548071
d__dexcaus_dexcaus__lag010,0.69279,0.045823,0.177575,0.15476815
d__stlfsi4_stlfed_fin_stress_idx__lag031,0.404389,0.245564,0.137038,0.1547201
d__stlfsi4_stlfed_fin_stress_idx__lag045,0.404389,0.223788,0.158544,0.15461092
m__busloans_busloans__lag007,0.987461,0.012109,0.144441,0.15458655
q__rownblq027s_row_nonfinbusinessloans_flow__lag002,0.990596,0.092593,0.063252,0.15437978
q__ttaatashcbshnncb_nfcb_hc_assets__lag003,1.0,0.064696,0.089576,0.15427122
q__bogz1lm513061105q_pci_tsy_raw__lag003,1.0,0.063724,0.090416,0.15414009
q__bogz1lm513061105q_pc_insurance_ts__lag003,1.0,0.063724,0.090416,0.15414009
q__bogz1lm513061105q_p_c_insurance_ts__lag003,1.0,0.063724,0.090416,0.15414009
d__dexcaus_dexcaus__lag012,0.69279,0.046784,0.175653,0.15410215
q__bogz1fl693061105q_nonmmf_ts__lag003,1.0,0.065865,0.088218,0.15408203
q__bogz1fl693061105q_nonmmmf_ts__lag003,1.0,0.065865,0.088218,0.15408203
q__bogz1fr693061105q_nonmmf_ts_reval__lag001,0.99373,0.00605,0.148953,0.15403078
q__bogz1fr693061105q_nonmmmf_ts_reval__lag001,0.99373,0.00605,0.148953,0.15403078
q__drtscilm_loan_tight__lag007,0.429467,0.098627,0.259778,0.15392334
m__srvprd_srvprd__lag011,1.0,0.022662,0.131225,0.15388658
q__bogz1fa105019005q_nfcb_gfi__lag003,0.987461,0.086958,0.068838,0.15384162
d__dexcaus_dexcaus__lag001,0.69279,0.051855,0.170068,0.15374637
d__stlfsi4_stlfed_fin_stress_idx__lag032,0.404389,0.243702,0.135954,0.15352858
d__dexcaus_dexcaus__lag004,0.69279,0.051078,0.170458,0.15347785
m__m2sl_m2__lag001,0.84326,0.05588,0.126067,0.1534283
m__totalsl_totalsl__lag008,1.0,0.073344,0.080065,0.15340892
m__w875rx1_real_dpi_xtx__lag009,0.836991,0.078848,0.104369,0.15335071
q__bogz1fr563061103q_etfs_ts_reval__lag006,0.978056,0.021676,0.135035,0.15327263
d__dexcaus_dexcaus__lag005,0.69279,0.052155,0.169041,0.15324247
q__bogz1fa653061113q_mutf_bills_tx__lag001,0.99373,0.038873,0.115324,0.15323094
q__pcesv_pcesv__lag007,0.971787,0.046459,0.111197,0.15320875
d__t10y2y_t10y2y__lag087,0.623824,0.0102,0.235289,0.15314226
q__rowstaq027s_row_stloan_a__lag007,0.987461,0.048773,0.106308,0.15313609
q__rowsllq027s_row_stloan_l__lag005,0.99373,0.022665,0.131398,0.15309708
q__fgtsl_fgtsl__lag006,0.990596,0.119939,0.034601,0.15308669
q__ttaatashcbshnncb_nfcb_hc_assets__lag005,0.99373,0.056516,0.097514,0.15306416
d__dexcaus_dexcaus__lag006,0.69279,0.049742,0.171064,0.15297189
d__dexcaus_dexcaus__lag002,0.69279,0.051242,0.169252,0.15275563
q__bogz1lm663061105q_brokers_dealers_ts__lag001,1.0,0.056139,0.096492,0.15263107
q__bogz1fl263061145q_row_priv_tsy__lag003,1.0,0.099162,0.053444,0.1526056
m__w875rx1_real_dpi_xtx__lag006,0.840125,0.077699,0.103946,0.15260458
q__fgrecpt_fgrecpt__lag001,0.990596,0.127143,0.02689,0.15258408
m__busloans_busloans__lag010,0.984326,0.009541,0.145416,0.15252798
q__bogz1lm103061103q_nfcb_tsy__lag005,0.99373,0.062261,0.091223,0.15252187
q__bogz1fr553061103q_closed_end_funds_ts_reval__lag001,0.99373,0.095484,0.057986,0.15250796
q__bogz1fa513061113q_pci_bills_tx__lag003,0.987461,0.074116,0.080241,0.1524221
d__stlfsi4_stlfed_fin_stress_idx__lag027,0.404389,0.247172,0.129057,0.15214308
d__dexusuk_dexusuk__lag068,0.69279,0.056191,0.16323,0.15201238
d__stlfsi4_stlfed_fin_stress_idx__lag028,0.404389,0.248899,0.126996,0.15200747
q__tfaabshno_hhnp_tfa__lag002,1.0,0.086064,0.065835,0.15189869
d__t10y2y_t10y2y__lag088,0.623824,0.010633,0.232855,0.15189423
q__bogz1lm343061105q_fed_gov_retirement_ts__lag008,0.984326,0.060144,0.094039,0.15176659
q__bogz1lm343061105q_fed_ret_tsy_total__lag008,0.984326,0.060144,0.094039,0.15176659
m__currcir_currcir__lag007,1.0,0.072067,0.079491,0.15155741
d__usepuindxd_policy_uncertainty__lag012,0.517241,0.005933,0.287049,0.15154224
d__dexcaus_dexcaus__lag011,0.69279,0.043486,0.175119,0.15144724
m__w875rx1_real_dpi_xtx__lag007,0.836991,0.065826,0.115075,0.15141237
q__gdpc1_real_gdp__lag003,0.984326,0.064048,0.089636,0.15127458
q__bogz1fa743061103q_usb_tsy_dom_tx__lag004,0.984326,0.095163,0.058457,0.15121154
m__m2sl_m2__lag002,0.84326,0.058398,0.12087,0.15116996
m__dspic96_real_dpi__lag011,0.833856,0.038962,0.14177,0.15070502
m__dspic96_real_dpi__lag005,0.840125,0.032577,0.146773,0.15067625
q__bogz1fa513061105q_pc_insurance_ts_tx__lag005,0.981191,0.013433,0.14009,0.1506348
q__gdpc1_real_gdp__lag007,0.971787,0.032684,0.12224,0.15055331
q__bogz1fl383061105q_dom_nonfin_sector_tsy__lag004,0.996865,0.02159,0.129367,0.15048445
q__tfaabshno_hhnp_tfa__lag003,1.0,0.097932,0.052415,0.15034686
q__bogz1fa713061113q_cb_bills_tx__lag002,0.990596,0.017144,0.134547,0.15026458
q__w260rc1q027sbea_gdi_netopsurp_privent__lag008,0.968652,0.087927,0.067114,0.15018097
m__wpu0561_ppi_crude__lag003,0.99373,0.088176,0.062776,0.15000531
m__w875rx1_real_dpi_xtx__lag001,0.84326,0.057011,0.120742,0.14989193
m__w875rx1_real_dpi_xtx__lag008,0.836991,0.06915,0.109891,0.14985614
m__currcir_currcir__lag008,1.0,0.073066,0.076749,0.14981418
d__stlfsi4_stlfed_fin_stress_idx__lag006,0.404389,0.137762,0.232618,0.14977737
m__mtsds133fms_fed_surplus_deficit__lag002,0.570533,0.114488,0.148028,0.14977374
d__dexusuk_dexusuk__lag067,0.69279,0.054467,0.161582,0.14967691
d__baa10y_baa10y__lag015,0.504702,0.157013,0.139294,0.14954693
d__stlfsi4_stlfed_fin_stress_idx__lag030,0.404389,0.239463,0.130296,0.14952629
d__dexusuk_dexusuk__lag065,0.69279,0.056114,0.159547,0.14940749
d__stlfsi4_stlfed_fin_stress_idx__lag049,0.404389,0.222112,0.14722,0.14935379
d__dexcaus_dexcaus__lag051,0.69279,0.047414,0.168105,0.14930926
q__bogz1fa503061123q_ccps_ts_tx__lag003,0.987461,0.049936,0.10121,0.14925116
m__ltdacbm027nbog_ltd__lag007,0.661442,0.138569,0.087066,0.14924476
q__bogz1fl263061145q_row_priv_tsy__lag007,0.987461,0.104706,0.046355,0.14916726
m__totalsl_totalsl__lag009,1.0,0.06895,0.080201,0.149151
q__w328rc1q027sbea_nfcb_pat__lag005,0.978056,0.11057,0.04189,0.14911424
d__stlfsi4_stlfed_fin_stress_idx__lag047,0.404389,0.211295,0.157249,0.1490349
q__bogz1fl593061105q_pension_ts__lag007,0.987461,0.042442,0.108392,0.14894237
q__bogz1fl704035005q_usb_loan_a__lag008,0.984326,0.003516,0.147519,0.14866822
q__bogz1fa753061103q_usb_tsy_for_tx__lag006,0.978056,0.009893,0.142049,0.14860783
q__bogz1fl593061105q_pension_ts__lag006,0.990596,0.03181,0.118161,0.14856124
q__bogz1fa543461113q_li_bills_tx__lag007,0.974922,0.059265,0.093117,0.14856025
m__currcir_currcir__lag009,1.0,0.077892,0.070547,0.14843868
m__dpsfrim027sbog_row_deposits__lag005,0.664577,0.127734,0.095556,0.14839341
d__dexcaus_dexcaus__lag028,0.69279,0.045959,0.168218,0.14837992
d__vixcls_vixcls__lag004,0.454545,0.103102,0.223195,0.14831672
q__gce_gce__lag004,0.981191,0.041019,0.110106,0.14828293
d__dexusuk_dexusuk__lag064,0.69279,0.051997,0.16154,0.14793621
m__m2sl_m2__lag003,0.84326,0.060813,0.114614,0.14793061
q__bogz1lm513061105q_pci_tsy_raw__lag004,0.996865,0.044429,0.103873,0.14783718
q__bogz1lm513061105q_pc_insurance_ts__lag004,0.996865,0.044429,0.103873,0.14783718
q__bogz1lm513061105q_p_c_insurance_ts__lag004,0.996865,0.044429,0.103873,0.14783718
d__stlfsi4_stlfed_fin_stress_idx__lag007,0.404389,0.155288,0.210254,0.14782104
q__bogz1fl704041005q_usb_stloan_a__lag005,0.99373,0.034494,0.114216,0.14777822
q__rowcpaq027s_row_commercialpaper_flow__lag007,0.974922,0.033062,0.118493,0.1477539
d__dexcaus_dexcaus__lag053,0.69279,0.048364,0.164445,0.14743146
q__bogz1fl663061165q_brokers_dealers_long_ts__lag007,0.987461,0.107304,0.041972,0.14740348
m__dgorder_dgorder__lag002,0.429467,0.187467,0.155592,0.14733269
q__bogz1fa553061103q_closed_end_funds_ts_tx__lag002,0.990596,0.087528,0.061136,0.14726611
m__pcedg_pcedg__lag010,0.833856,0.117292,0.059308,0.14725865
q__rowsllq027s_row_stloan_l__lag003,1.0,0.011925,0.135162,0.14708636
q__bogz1fl663061165q_brokers_dealers_long_ts__lag006,0.990596,0.093359,0.055105,0.14706697
d__dexcaus_dexcaus__lag024,0.69279,0.046815,0.165397,0.14701866
d__dexusuk_dexusuk__lag069,0.69279,0.053065,0.159052,0.14695271
q__bogz1lm213061103q_state_local_gov_ts__lag008,0.984326,0.094933,0.054241,0.14683548
d__dexcaus_dexcaus__lag029,0.69279,0.043322,0.168472,0.14672849
q__bogz1fa543461113q_li_bills_tx__lag001,0.99373,0.032828,0.114749,0.14665121
q__bogz1fl763061100q_usb_tsy_oth__lag007,0.987461,0.081958,0.066553,0.1466494
m__dgorder_dgorder__lag008,0.423197,0.175482,0.170967,0.14661666
q__fgtsl_fgtsl__lag007,0.987461,0.111143,0.03722,0.14650289
m__currcir_currcir__lag010,1.0,0.083105,0.063299,0.14640351
q__b456rc1q027sbea_nfcb_cfc__lag008,0.968652,0.059376,0.091744,0.14638296
d__stlfsi4_stlfed_fin_stress_idx__lag011,0.404389,0.153377,0.207843,0.14607327
d__dexcaus_dexcaus__lag052,0.69279,0.046079,0.16447,0.14586627
q__bogz1fl503061123q_ccps_ts__lag001,1.0,0.044312,0.101526,0.14583742
d__dexcaus_dexcaus__lag030,0.69279,0.045423,0.164805,0.14564369
m__iputil_iputil__lag011,1.0,0.023345,0.12226,0.1456049
q__w260rc1q027sbea_gdi_netopsurp_privent__lag003,0.984326,0.120553,0.027074,0.1453132
d__t10y2y_t10y2y__lag090,0.623824,0.008688,0.224242,0.14530763
d__dexcaus_dexcaus__lag023,0.69279,0.042618,0.167101,0.1452914
q__bogz1fa743061103q_usb_tsy_dom_tx__lag002,0.990596,0.068586,0.078079,0.1452858
d__dexcaus_dexcaus__lag054,0.69279,0.046403,0.163132,0.14516337
m__pcedg_pcedg__lag012,0.833856,0.091579,0.082386,0.14506144
q__hnotsbq027s_hhnp_tsy_tx__lag005,0.981191,0.051398,0.096414,0.14503094
d__stlfsi4_stlfed_fin_stress_idx__lag012,0.404389,0.148216,0.210403,0.14502148
q__w260rc1q027sbea_gdi_netopsurp_privent__lag007,0.971787,0.092425,0.056684,0.14490194
q__bogz1lm653061105q_mf_tsy_raw__lag006,0.990596,0.038788,0.107444,0.14485747
q__bogz1lm653061105q_mutual_funds_ts__lag006,0.990596,0.038788,0.107444,0.14485747
q__gdpc1_real_gdp__lag004,0.981191,0.062224,0.085398,0.14484572
m__currcir_currcir__lag011,1.0,0.086239,0.058481,0.14471978
m__busloans_busloans__lag006,0.990596,0.006842,0.13925,0.14471795
q__bogz1lm653061105q_mf_tsy_raw__lag005,0.99373,0.049429,0.09613,0.14464578
q__bogz1lm653061105q_mutual_funds_ts__lag005,0.99373,0.049429,0.09613,0.14464578
d__dexusuk_dexusuk__lag046,0.69279,0.057234,0.151528,0.14462865
d__stlfsi4_stlfed_fin_stress_idx__lag010,0.404389,0.152654,0.204954,0.14461282
d__t10y2y_t10y2y__lag089,0.623824,0.005443,0.226293,0.1445631
d__bamlcc0a1aaatriv_aaa_index__lag002,0.470219,0.032912,0.274118,0.14437184
m__dpsfrim027sbog_row_deposits__lag004,0.664577,0.112111,0.104847,0.14418523
d__dexcaus_dexcaus__lag031,0.69279,0.040838,0.167106,0.14406184
d__stlfsi4_stlfed_fin_stress_idx__lag008,0.404389,0.148989,0.207187,0.1440335
q__pnfi_priv_nonres_fi__lag004,0.981191,0.059984,0.086732,0.14395694
m__m2sl_m2__lag004,0.840125,0.064173,0.107155,0.143937
m__mtso133fms_fedgov_out__lag010,0.561129,0.113906,0.142602,0.14393382
d__stlfsi4_stlfed_fin_stress_idx__lag048,0.404389,0.210195,0.145632,0.14389274
d__aaa10y_aaa10y__lag015,0.54232,0.070612,0.194393,0.14371744
q__bogz1fl713061113q_cb_bills_raw__lag004,0.996865,0.009247,0.134914,0.14370887
q__bogz1fl713061113q_cb_bills__lag004,0.996865,0.009247,0.134914,0.14370887
q__gdpc1_real_gdp__lag008,0.968652,0.034582,0.11367,0.14360453
q__a091rc1q027sbea_gov_interest_payments__lag002,0.987461,0.068035,0.07727,0.14348349
q__a091rc1q027sbea_fedgov_int__lag002,0.987461,0.068035,0.07727,0.14348349
q__bogz1fa105019005q_nfcb_gfi__lag004,0.984326,0.069043,0.07664,0.14339975
q__bogz1fa513061113q_pci_bills_tx__lag005,0.981191,0.036152,0.109955,0.14335851
d__usepuindxd_policy_uncertainty__lag026,0.517241,0.082704,0.194431,0.14334528
q__bogz1fl313161305q_gov_nonmarketable_ts__lag005,0.99373,0.109078,0.035136,0.14330967
d__bamlcc0a1aaatriv_aaa_index__lag003,0.470219,0.0321,0.27254,0.14324766
q__bogz1lm473061105q_credit_unions_ts__lag003,1.0,0.093553,0.049678,0.14323081
q__bogz1lm473061105q_credit_unions_ts_tx__lag003,1.0,0.093553,0.049678,0.14323081
d__bamlcc0a1aaatriv_aaa_index__lag011,0.470219,0.030846,0.273606,0.14315914
q__bogz1fl704041005q_usb_stloan_a__lag004,0.996865,0.02011,0.123488,0.14314836
d__bamlcc0a1aaatriv_aaa_index__lag039,0.467085,0.026807,0.279511,0.14307613
m__totalsl_totalsl__lag010,1.0,0.060728,0.082201,0.14292873
q__impgs_imports__lag006,0.974922,0.076397,0.070093,0.14281633
m__amtmno_amtmno__lag007,0.423197,0.200108,0.137251,0.14276943
d__bamlcc0a1aaatriv_aaa_index__lag023,0.467085,0.020997,0.284613,0.14274576
m__dpsfrim027sbog_row_deposits__lag006,0.664577,0.111412,0.103352,0.14272687
d__bamlcc0a1aaatriv_aaa_index__lag040,0.467085,0.025792,0.279744,0.14271119
d__bamlcc0a1aaatriv_aaa_index__lag042,0.467085,0.025401,0.280042,0.14266778
m__busloans_busloans__lag005,0.990596,0.002929,0.140989,0.14256415
q__gce_gce__lag003,0.984326,0.039552,0.10508,0.14236505
d__bamlcc0a1aaatriv_aaa_index__lag037,0.467085,0.025861,0.278881,0.14234002
m__hqmcb10yrp_hqm10y__lag012,0.520376,0.070502,0.202981,0.14231406
q__bogz1fa105019005q_nfcb_gfi__lag007,0.974922,0.02524,0.120666,0.142247
d__stlfsi4_stlfed_fin_stress_idx__lag009,0.404389,0.147274,0.204273,0.14216163
q__mmmffaq027s_mmf_tfa__lag002,1.0,0.014171,0.127938,0.14210894
d__bamlcc0a1aaatriv_aaa_index__lag013,0.470219,0.030245,0.271918,0.14208256
q__bogz1lm513061105q_pci_tsy_raw__lag005,0.99373,0.050441,0.092522,0.14206628
q__bogz1lm513061105q_pc_insurance_ts__lag005,0.99373,0.050441,0.092522,0.14206628
q__bogz1lm513061105q_p_c_insurance_ts__lag005,0.99373,0.050441,0.092522,0.14206628
d__bamlcc0a1aaatriv_aaa_index__lag024,0.467085,0.023379,0.280585,0.14197681
q__bogz1fl693061105q_nonmmf_ts__lag007,0.987461,0.046458,0.097276,0.14193145
q__bogz1fl693061105q_nonmmmf_ts__lag007,0.987461,0.046458,0.097276,0.14193145
d__bamlcc0a1aaatriv_aaa_index__lag001,0.470219,0.030271,0.271559,0.14192657
q__bogz1fa563061103q_etfs_ts_tx__lag003,0.987461,0.029869,0.113793,0.14186044
q__bogz1fr343061113q_fed_gov_dcf_retirement_ts_reval__lag001,0.99373,0.007996,0.134646,0.14174815
d__vixcls_vixcls__lag022,0.454545,0.152105,0.159709,0.14173383
m__m2sl_m2__lag005,0.840125,0.069172,0.099514,0.14171751
d__bamlcc0a1aaatriv_aaa_index__lag041,0.467085,0.024151,0.27922,0.14169963
q__pcesv_pcesv__lag002,0.987461,0.106464,0.036979,0.14164456
d__bamlcc0a1aaatriv_aaa_index__lag012,0.470219,0.029327,0.271883,0.14163453
d__dexusuk_dexusuk__lag047,0.69279,0.053171,0.151246,0.14161804
d__bamlcc0a1aaatriv_aaa_index__lag038,0.467085,0.024711,0.27845,0.14160187
d__bamlcc0a1aaatriv_aaa_index__lag004,0.470219,0.028396,0.272404,0.14144203
d__vixcls_vixcls__lag005,0.454545,0.090254,0.220826,0.14140008
d__bamlcc0a1aaatriv_aaa_index__lag033,0.467085,0.024397,0.278326,0.14139703
q__fpi_fpi__lag004,0.981191,0.06208,0.082015,0.14138496
q__fpi_invest_priv_fixed__lag004,0.981191,0.06208,0.082015,0.14138496
q__bogz1fa633061110q_mmf_bills_tx__lag006,0.978056,0.056522,0.08802,0.14137033
q__bogz1fl593061105q_pension_ts__lag008,0.984326,0.042023,0.101523,0.14129555
d__dexusuk_dexusuk__lag045,0.69279,0.053676,0.150209,0.14124937
q__bogz1fa543461113q_li_bills_tx__lag003,0.987461,0.093127,0.04987,0.14120337
d__bamlcc0a1aaatriv_aaa_index__lag036,0.467085,0.023824,0.278279,0.14110787
q__rowcpaq027s_row_commercialpaper_flow__lag001,0.99373,0.014622,0.127305,0.14103668
d__bamlcc0a1aaatriv_aaa_index__lag018,0.467085,0.026271,0.275602,0.14099996
d__vixcls_vixcls__lag016,0.454545,0.078337,0.231798,0.14097048
q__bogz1fl704041005q_usb_stloan_a__lag006,0.990596,0.028859,0.113443,0.14096329
d__dexusuk_dexusuk__lag070,0.69279,0.044826,0.15858,0.14091758
m__dspic96_real_dpi__lag002,0.84326,0.031324,0.135646,0.14079867
d__bamlcc0a1aaatriv_aaa_index__lag008,0.470219,0.026722,0.272437,0.14067046
d__bamlcc0a1aaatriv_aaa_index__lag010,0.470219,0.026772,0.272235,0.14059902
d__vixcls_vixcls__lag013,0.454545,0.091228,0.218037,0.1405748
q__bogz1fl763061100q_usb_tsy_oth__lag004,0.996865,0.106764,0.034228,0.14054978
q__iatashcbsnncb_nfcb_hc_inventories__lag008,0.984326,0.04932,0.093465,0.14054678
d__bamlcc0a1aaatriv_aaa_index__lag007,0.470219,0.027196,0.271657,0.14052638
d__bamlcc0a1aaatriv_aaa_index__lag034,0.467085,0.022513,0.278244,0.14047893
d__bamlcc0a1aaatriv_aaa_index__lag014,0.470219,0.027682,0.271062,0.14047502
d__bamlcc0a1aaatriv_aaa_index__lag005,0.470219,0.027026,0.271636,0.14043649
q__bogz1fa693061105q_nonmmf_ts_tx__lag007,0.974922,0.06864,0.075382,0.14040931
q__bogz1fa693061105q_nonmmmf_ts_tx__lag007,0.974922,0.06864,0.075382,0.14040931
d__bamlcc0a1aaatriv_aaa_index__lag025,0.467085,0.021222,0.279302,0.14036987
d__dexusuk_dexusuk__lag063,0.69279,0.044528,0.158024,0.14032593
q__bogz1fl313161305q_gov_nonmarketable_ts__lag007,0.987461,0.087982,0.053897,0.1400996
m__totalsl_totalsl__lag011,1.0,0.05311,0.08694,0.1400493
m__iputil_iputil__lag003,1.0,0.125818,0.014223,0.14004033
q__b456rc1q027sbea_nfcb_cfc__lag007,0.971787,0.056309,0.087688,0.13993475
m__ces2000000008_wage_const__lag011,0.984326,0.065913,0.075944,0.13963311
q__w260rc1q027sbea_gdi_netopsurp_privent__lag005,0.978056,0.10483,0.037886,0.13958396
q__w006rc1q027sbea_gov_tax_receipts__lag006,0.974922,0.084193,0.058919,0.13952306
d__bamlcc0a1aaatriv_aaa_index__lag022,0.467085,0.020846,0.277838,0.13951072
d__bamlcc0a1aaatriv_aaa_index__lag006,0.470219,0.025512,0.27118,0.13951011
m__currcir_currcir__lag012,1.0,0.084296,0.055134,0.13943002
q__a457rc1q027sbea_netva_nfcb__lag001,0.990596,0.107796,0.032943,0.13941563
d__bamlcc0a1aaatriv_aaa_index__lag021,0.467085,0.021401,0.27695,0.13935516
q__bogz1fl693061105q_nonmmf_ts__lag004,0.996865,0.053999,0.085777,0.13933819
q__bogz1fl693061105q_nonmmmf_ts__lag004,0.996865,0.053999,0.085777,0.13933819
d__baa10y_baa10y__lag006,0.504702,0.149578,0.126056,0.13911319
q__bogz1lm543061115q_li_bills__lag008,0.984326,0.018568,0.122707,0.13906058
q__a457rc1q027sbea_netva_nfcb__lag003,0.984326,0.08786,0.053382,0.13902785
d__bamlcc0a1aaatriv_aaa_index__lag015,0.470219,0.024794,0.270723,0.13895767
m__totalsl_totalsl__lag012,1.0,0.050693,0.088234,0.13892717
m__amtmno_amtmno__lag008,0.423197,0.196228,0.131997,0.13890379
m__m2sl_m2__lag006,0.840125,0.071485,0.093851,0.13890267
d__bamlcc0a1aaatriv_aaa_index__lag043,0.467085,0.020371,0.276922,0.13886101
d__bamlcc0a1aaatriv_aaa_index__lag035,0.467085,0.02145,0.275702,0.13879516
m__dpsfrim027sbog_row_deposits__lag012,0.658307,0.085715,0.124988,0.13870735
q__rrvrusq156n_rental_vacancy__lag006,0.862069,0.061624,0.09925,0.13868421
d__bamlcc0a1aaatriv_aaa_index__lag029,0.467085,0.021989,0.27467,0.13856505
d__dexcaus_dexcaus__lag025,0.69279,0.036677,0.163247,0.13850551
d__bamlcc0a1aaatriv_aaa_index__lag090,0.467085,0.02422,0.272186,0.13844666
d__dexcaus_dexcaus__lag027,0.69279,0.036876,0.162789,0.13832635
d__bamlcc0a1aaatriv_aaa_index__lag019,0.467085,0.023828,0.272319,0.13832564
q__bogz1fl663061165q_brokers_dealers_long_ts__lag003,1.0,0.041117,0.097178,0.13829503
m__ces2000000008_wage_const__lag010,0.984326,0.06657,0.073925,0.13829204
q__pnfi_priv_nonres_fi__lag007,0.971787,0.023668,0.118597,0.13825135
d__dexusuk_dexusuk__lag062,0.69279,0.04151,0.158043,0.13824821
d__bamlcc0a1aaatriv_aaa_index__lag009,0.470219,0.022403,0.271592,0.13824224
q__b092rc1q027sbea_gov_int_priv__lag001,0.827586,0.082348,0.084543,0.13811724
q__bogz1fa343061113q_fed_gov_dcf_retirement_ts_tx__lag007,0.974922,0.012766,0.128876,0.13808914
d__usepuindxd_policy_uncertainty__lag056,0.517241,0.079205,0.187692,0.13805018
m__dspi_dspi__lag007,0.836991,0.071808,0.093126,0.13804846
m__ces2000000008_wage_const__lag012,0.984326,0.062879,0.077324,0.13800495
m__ces2000000008_wage_const__lag009,0.987461,0.072299,0.067452,0.13799845
d__bamlcc0a1aaatriv_aaa_index__lag016,0.470219,0.020695,0.272389,0.1378138
d__baa10y_baa10y__lag014,0.504702,0.14603,0.126954,0.13777567
d__usepuindxd_policy_uncertainty__lag014,0.517241,0.044813,0.221327,0.13765847
q__bogz1lm473061105q_credit_unions_ts__lag002,1.0,0.084572,0.053039,0.13761056
q__bogz1lm473061105q_credit_unions_ts_tx__lag002,1.0,0.084572,0.053039,0.13761056
d__bamlcc0a1aaatriv_aaa_index__lag044,0.467085,0.0191,0.275509,0.13760739
d__bamlcc0a1aaatriv_aaa_index__lag089,0.467085,0.023654,0.270846,0.13755661
d__vixcls_vixcls__lag020,0.454545,0.096645,0.205943,0.13753983
q__bogz1fa503061123q_ccps_ts_tx__lag005,0.981191,0.020489,0.119649,0.1375027
m__w875rx1_real_dpi_xtx__lag010,0.833856,0.048786,0.116022,0.13742585
d__baa10y_baa10y__lag005,0.504702,0.148343,0.123907,0.13740501
d__bamlcc0a1aaatriv_aaa_index__lag026,0.467085,0.017675,0.276417,0.13736572
d__bamlcc0a1aaatriv_aaa_index__lag020,0.467085,0.021193,0.272892,0.13736225
q__bogz1fa513061113q_pci_bills_tx__lag008,0.971787,0.084115,0.057224,0.13735162
q__bogz1fl763061100q_usb_tsy_oth__lag008,0.984326,0.07967,0.059858,0.13734014
q__gdp_gdp__lag007,0.971787,0.050947,0.090376,0.13733551
q__bogz1fl313161305q_gov_nonmarketable_ts__lag001,1.0,0.049481,0.087845,0.13732606
q__gdp_gdp__lag008,0.968652,0.052193,0.089569,0.13731834
d__bamlcc0a1aaatriv_aaa_index__lag032,0.467085,0.019085,0.274884,0.13730855
d__dexcaus_dexcaus__lag032,0.69279,0.036158,0.162015,0.13729225
d__bamlcc0a1aaatriv_aaa_index__lag017,0.467085,0.020924,0.272643,0.13712044
m__dgorder_dgorder__lag003,0.426332,0.171914,0.149368,0.13697261
q__bogz1fl704041005q_usb_stloan_a__lag008,0.984326,0.015406,0.12373,0.13695478
q__bogz1fa553061103q_closed_end_funds_ts_tx__lag003,0.987461,0.058073,0.08061,0.13694406
q__gdp_gdp__lag002,0.987461,0.099909,0.038722,0.13689247
m__ces2000000008_wage_const__lag008,0.987461,0.069395,0.069155,0.13681181
d__vixcls_vixcls__lag015,0.454545,0.097021,0.203888,0.13677664
q__pcesv_pcesv__lag006,0.974922,0.046489,0.093798,0.13676939
q__bogz1fl884035005q_dom_loan_a__lag008,0.984326,0.023232,0.115642,0.13669734
m__dpsfrim027sbog_row_deposits__lag009,0.661442,0.099767,0.106729,0.13658541
d__dexcaus_dexcaus__lag026,0.69279,0.032779,0.16419,0.13645787
q__impgs_imports__lag007,0.971787,0.037099,0.103256,0.1363948
d__baa10y_baa10y__lag003,0.504702,0.148277,0.121774,0.13629545
q__bogz1fl543461113q_li_bills__lag002,1.0,0.010204,0.126088,0.13629193
d__dexcaus_dexcaus__lag034,0.69279,0.034932,0.161779,0.13627972
d__baa10y_baa10y__lag004,0.504702,0.146924,0.122995,0.13622874
m__mich_mich__lag005,0.601881,0.099397,0.126808,0.13614802
q__bogz1fl264035005q_row_loans_a__lag003,1.0,0.051036,0.085082,0.13611823
q__bogz1fl313161305q_gov_nonmarketable_ts__lag002,1.0,0.062298,0.07382,0.13611815
d__bamlcc0a1aaatriv_aaa_index__lag087,0.467085,0.020651,0.270739,0.13610382
d__stlfsi4_stlfed_fin_stress_idx__lag025,0.404389,0.241519,0.09489,0.13604001
d__baa10y_baa10y__lag002,0.504702,0.148119,0.121368,0.136011
q__bogz1lm343061165q_fed_gov_db_retirement_ts__lag006,0.990596,0.035594,0.101667,0.13596938
q__bogz1lm343061165q_fed_ret_tsy_db__lag006,0.990596,0.035594,0.101667,0.13596938
d__dexusuk_dexusuk__lag048,0.69279,0.047735,0.148485,0.13593924
q__bogz1fl704041005q_usb_stloan_a__lag003,1.0,0.013268,0.122596,0.13586399
q__a464rc1q027sbea_nfcb_pbt__lag001,0.990596,0.098639,0.038392,0.13574292
d__bamlcc0a1aaatriv_aaa_index__lag045,0.467085,0.016105,0.274419,0.13569923
d__baa10y_baa10y__lag007,0.504702,0.145507,0.123258,0.13564665
d__baa10y_baa10y__lag008,0.504702,0.144164,0.124577,0.13563432
d__bamlcc0a1aaatriv_aaa_index__lag056,0.467085,0.017279,0.273061,0.13561312
d__dexusuk_dexusuk__lag049,0.69279,0.046176,0.149542,0.13559145
d__stlfsi4_stlfed_fin_stress_idx__lag024,0.404389,0.246029,0.089249,0.13558295
d__vixcls_vixcls__lag010,0.454545,0.088616,0.209655,0.1355777
d__bamlcc0a1aaatriv_aaa_index__lag030,0.467085,0.017311,0.272932,0.13556801
d__stlfsi4_stlfed_fin_stress_idx__lag026,0.404389,0.237317,0.097879,0.13554926
d__dexusuk_dexusuk__lag060,0.69279,0.040669,0.154867,0.13546547
q__bogz1fa105019005q_nfcb_gfi__lag006,0.978056,0.030996,0.107497,0.13545335
d__bamlcc0a1aaatriv_aaa_index__lag027,0.467085,0.01811,0.271667,0.13535031
q__bogz1fr573061133q_private_dc_pension_ts_reval__lag001,0.99373,0.004592,0.131606,0.13534418
d__baa10y_baa10y__lag010,0.504702,0.142093,0.125936,0.13527453
q__w328rc1q027sbea_nfcb_pat__lag007,0.971787,0.084917,0.054242,0.1352329
q__bogz1fl704035005q_usb_loan_a__lag007,0.987461,0.000144,0.136794,0.13522045
m__ces2000000008_wage_const__lag006,0.990596,0.070855,0.065619,0.13519023
d__dexcaus_dexcaus__lag057,0.69279,0.042678,0.1524,0.13514819
q__rowmslq027s_row_muni_flow__lag005,0.981191,0.069887,0.067826,0.13512267
q__b456rc1q027sbea_nfcb_cfc__lag006,0.974922,0.058207,0.080379,0.13511011
d__bamlcc0a1aaatriv_aaa_index__lag028,0.467085,0.018292,0.270958,0.13510449
q__gdpc1_real_gdp__lag006,0.974922,0.036421,0.101998,0.1349485
q__w260rc1q027sbea_gdi_netopsurp_privent__lag006,0.974922,0.105093,0.033315,0.13493717
q__w260rc1q027sbea_gdi_netopsurp_privent__lag001,0.990596,0.107149,0.029057,0.13492496
d__dexusuk_dexusuk__lag043,0.69279,0.047614,0.147064,0.13487038
q__bogz1fa553061103q_closed_end_funds_ts_tx__lag001,0.99373,0.053484,0.082202,0.13483519
m__dpsfrim027sbog_row_deposits__lag007,0.661442,0.098309,0.105406,0.13474531
d__bamlcc0a1aaatriv_aaa_index__lag088,0.467085,0.019801,0.268587,0.13470134
q__bogz1fa573061105q_private_pension_ts_tx__lag003,0.987461,0.023542,0.112854,0.13468548
d__bamlcc0a1aaatriv_aaa_index__lag031,0.467085,0.016988,0.271341,0.13467367
d__usepuindxd_policy_uncertainty__lag065,0.517241,0.057898,0.20247,0.13467287
q__drtscilm_loan_tight__lag004,0.438871,0.076939,0.229913,0.13466848
m__m2sl_m2__lag007,0.836991,0.073789,0.087037,0.13461056
d__dexusuk_dexusuk__lag042,0.69279,0.048902,0.145395,0.13460757
q__bogz1lm102010005q_nfcb_nfassets__lag001,1.0,0.070329,0.064236,0.13456446
m__dgorder_dgorder__lag006,0.423197,0.168275,0.149691,0.13456242
m__mtso133fms_fedgov_out__lag001,0.570533,0.000251,0.235571,0.13454401
m__dpsfrim027sbog_row_deposits__lag011,0.658307,0.089085,0.115276,0.13453228
d__dexusuk_dexusuk__lag039,0.69279,0.045824,0.148327,0.1345061
m__ces2000000008_wage_const__lag003,0.99373,0.072327,0.062949,0.13442771
q__fgrecpt_fgrecpt__lag006,0.974922,0.087775,0.050071,0.13438887
q__bogz1fl383061105q_dom_nonfin_sector_tsy__lag003,1.0,0.010747,0.123507,0.13425396
d__stlfsi4_stlfed_fin_stress_idx__lag023,0.404389,0.241615,0.090354,0.13424448
d__bamlcc0a1aaatriv_aaa_index__lag057,0.467085,0.014458,0.272926,0.13423268
m__dpsfrim027sbog_row_deposits__lag008,0.661442,0.103127,0.099735,0.13418108
q__bogz1fl704041005q_usb_stloan_a__lag007,0.987461,0.01856,0.117313,0.13416982
q__w326rc1q027sbea_net_op_surplus__lag007,0.971787,0.093692,0.044342,0.13413955
q__bogz1lm105020015q_nfcb_inventories__lag002,1.0,0.115498,0.018568,0.1340668
d__usepuindxd_policy_uncertainty__lag077,0.517241,0.10213,0.157044,0.13405581
d__usepuindxd_policy_uncertainty__lag075,0.517241,0.072874,0.186081,0.13394222
d__aaa10y_aaa10y__lag006,0.54232,0.063201,0.183775,0.13393992
d__vixcls_vixcls__lag001,0.454545,0.114262,0.180378,0.13392719
d__dexcaus_dexcaus__lag033,0.69279,0.034641,0.158511,0.13381343
d__bamlcc0a1aaatriv_aaa_index__lag084,0.467085,0.017099,0.269378,0.13380917
d__baa10y_baa10y__lag011,0.504702,0.140048,0.125029,0.13378485
d__bamlcc0a1aaatriv_aaa_index__lag048,0.467085,0.01488,0.271246,0.13364486
q__bogz1fr343061165q_fed_gov_db_retirement_ts_reval__lag006,0.978056,0.054711,0.081903,0.13361537
d__usepuindxd_policy_uncertainty__lag009,0.517241,0.012019,0.246246,0.13358538
m__ces2000000008_wage_const__lag005,0.990596,0.068964,0.065811,0.13350804
m__dspi_dspi__lag001,0.84326,0.063274,0.09504,0.13349953
q__gce_gce__lag002,0.987461,0.033136,0.102021,0.13346264
q__bogz1fr223061143q_state_local_db_retirement_ts_reval__lag001,0.99373,0.023098,0.111191,0.13344742
m__ces3000000008_wage_man__lag012,1.0,0.069249,0.064114,0.13336238
d__dexcaus_dexcaus__lag055,0.69279,0.040086,0.152351,0.13331777
d__dexcaus_dexcaus__lag035,0.69279,0.032023,0.160372,0.13328959
d__usepuindxd_policy_uncertainty__lag069,0.517241,0.039654,0.217809,0.13317017
q__bogz1fa653061105q_mutual_funds_ts_tx__lag007,0.974922,0.055722,0.080838,0.13313549
d__bamlcc0a1aaatriv_aaa_index__lag054,0.467085,0.013138,0.271692,0.13303966
d__bamlcc0a1aaatriv_aaa_index__lag085,0.467085,0.016018,0.268776,0.13302324
m__ces2000000008_wage_const__lag004,0.990596,0.071026,0.06319,0.13295398
m__busloans_busloans__lag002,0.99373,0.016792,0.116996,0.13294997
d__dexusuk_dexusuk__lag041,0.69279,0.046304,0.145577,0.13293355
d__baa10y_baa10y__lag013,0.504702,0.140858,0.122434,0.13288373
d__bamlcc0a1aaatriv_aaa_index__lag086,0.467085,0.015983,0.268436,0.13284805
q__bogz1fr343061105q_fed_gov_retirement_ts_reval__lag001,0.99373,0.012568,0.121095,0.13282539
q__bogz1fl704035005q_usb_loan_a__lag006,0.990596,0.004673,0.129398,0.13281017
d__bamlcc0a1aaatriv_aaa_index__lag046,0.467085,0.012804,0.271488,0.13278839
q__bogz1fl712151003q_fed_repo__lag008,0.984326,0.044726,0.090159,0.13277087
d__usepuindxd_policy_uncertainty__lag081,0.517241,0.06949,0.186967,0.13264979
d__baa10y_baa10y__lag009,0.504702,0.13864,0.124181,0.13264649
d__dexusuk_dexusuk__lag040,0.69279,0.043843,0.147532,0.13258207
m__busloans_busloans__lag004,0.990596,0.002599,0.131121,0.13246251
d__dexcaus_dexcaus__lag058,0.69279,0.041121,0.149862,0.13231061
q__bogz1fa105019005q_nfcb_gfi__lag008,0.971787,0.018651,0.117435,0.1322463
m__ces2000000008_wage_const__lag007,0.987461,0.064804,0.069105,0.13223055
q__bogz1lm103061103q_nfcb_tsy__lag006,0.990596,0.063896,0.069517,0.13215847
q__bogz1fl704035005q_usb_loan_a__lag005,0.99373,0.008981,0.123978,0.13212558
d__aaa10y_aaa10y__lag014,0.54232,0.053961,0.189664,0.13212286
d__baa10y_baa10y__lag001,0.504702,0.142103,0.11968,0.13212279
d__dexusuk_dexusuk__lag061,0.69279,0.03576,0.154861,0.13206002
d__bamlcc0a1aaatriv_aaa_index__lag055,0.467085,0.012304,0.270245,0.13197405
m__neworder_neworder__lag009,0.420063,0.171295,0.14282,0.13194789
d__baa10y_baa10y__lag012,0.504702,0.138288,0.123115,0.13193102
q__gpdi_gpdi__lag005,0.978056,0.050928,0.08394,0.13190773
q__bogz1fl693061105q_nonmmf_ts__lag006,0.990596,0.043834,0.089316,0.1318981
q__bogz1fl693061105q_nonmmmf_ts__lag006,0.990596,0.043834,0.089316,0.1318981
q__bogz1fa653061113q_mutf_bills_tx__lag007,0.974922,0.007927,0.1273,0.13183523
q__pcesv_pcesv__lag001,0.990596,0.099696,0.033354,0.13179855
m__ces3000000008_wage_man__lag011,1.0,0.067228,0.064518,0.13174654
q__a457rc1q027sbea_netva_nfcb__lag007,0.971787,0.043415,0.092126,0.13171679
d__usepuindxd_policy_uncertainty__lag034,0.517241,0.033578,0.220966,0.13166077
q__a024rc1q027sbea_cfc__lag008,0.968652,0.050174,0.085712,0.13162603
d__vixcls_vixcls__lag007,0.454545,0.091425,0.198066,0.13158689
d__dexusuk_dexusuk__lag059,0.69279,0.038887,0.151004,0.13155478
q__pnfi_priv_nonres_fi__lag008,0.968652,0.021879,0.113916,0.13153849
m__dpsfrim027sbog_row_deposits__lag010,0.658307,0.089968,0.109836,0.1315323
d__aaa10y_aaa10y__lag002,0.54232,0.066266,0.176242,0.13151707
q__a457rc1q027sbea_netva_nfcb__lag004,0.981191,0.084439,0.049549,0.13146733
q__b093rc1q027sbea_gov_int_row__lag001,0.990596,0.071805,0.060906,0.13146322
m__ltdacbm027nbog_ltd__lag006,0.664577,0.114311,0.083454,0.13143004
d__dexusuk_dexusuk__lag071,0.69279,0.035342,0.15435,0.13141688
m__ces2000000008_wage_const__lag002,0.99373,0.069088,0.063076,0.13133601
q__rowmslq027s_row_muni_flow__lag001,0.99373,0.028232,0.103884,0.13128822
m__wtisplc_wtisplc__lag004,1.0,0.061363,0.069902,0.13126573
m__m2sl_m2__lag008,0.836991,0.077916,0.078792,0.13116296
d__bamlcc0a1aaatriv_aaa_index__lag077,0.467085,0.009728,0.271041,0.13114259
q__b456rc1q027sbea_nfcb_cfc__lag005,0.978056,0.062548,0.071514,0.13112032
q__bogz1fr753061103q_usb_tsy_for_reval__lag001,0.99373,0.009885,0.122046,0.13110408
d__bamlcc0a1aaatriv_aaa_index__lag070,0.467085,0.010065,0.270607,0.13109754
q__bogz1fl693061105q_nonmmf_ts__lag005,0.99373,0.049116,0.082798,0.13108711
q__bogz1fl693061105q_nonmmmf_ts__lag005,0.99373,0.049116,0.082798,0.13108711
d__bamlcc0a1aaatriv_aaa_index__lag083,0.467085,0.013373,0.267239,0.13106941
m__cpiaucsl_cpiaucsl__lag001,0.99373,0.102336,0.029506,0.13101541
d__dexcaus_dexcaus__lag087,0.69279,0.042265,0.146822,0.13099783
m__neworder_neworder__lag003,0.426332,0.194666,0.112507,0.13095784
d__dexusuk_dexusuk__lag044,0.69279,0.045137,0.143882,0.13095047
d__bamlcc0a1aaatriv_aaa_index__lag047,0.467085,0.011126,0.269197,0.13093423
m__ces2000000008_wage_const__lag001,0.99373,0.070137,0.061593,0.13090424
q__b456rc1q027sbea_nfcb_cfc__lag004,0.981191,0.067081,0.066319,0.1308907
d__usepuindxd_policy_uncertainty__lag007,0.517241,0.046742,0.206298,0.13088301
d__bamlcc0a1aaatriv_aaa_index__lag071,0.467085,0.009228,0.270933,0.13085912
q__bogz1fr593061105q_pension_ts_reval__lag001,0.99373,0.011373,0.120304,0.13085173
q__bogz1fa713061113q_cb_bills_tx__lag008,0.971787,0.071251,0.063373,0.13082554
m__dgorder_dgorder__lag010,0.420063,0.134437,0.17697,0.13081062
q__bogz1lm105020015q_nfcb_inventories__lag001,1.0,0.115972,0.014777,0.13074919
q__bogz1fl704041005q_usb_stloan_a__lag001,1.0,0.02355,0.107059,0.13060851
m__cpiaucsl_cpiaucsl__lag002,0.99373,0.104109,0.027266,0.13055161
q__bogz1fr513061115q_pci_bills_reval__lag005,0.981191,0.066325,0.066716,0.13053787
q__bogz1fr513061115q_pci_bills_reval__lag006,0.978056,0.052618,0.080825,0.13051514
d__bamlcc0a1aaatriv_aaa_index__lag069,0.467085,0.0088,0.270338,0.13038128
q__bogz1fa105019005q_nfcb_gfi__lag005,0.981191,0.043346,0.089401,0.13024996
d__usepuindxd_policy_uncertainty__lag052,0.517241,0.023646,0.228109,0.13021778
q__b456rc1q027sbea_nfcb_cfc__lag003,0.984326,0.070514,0.061697,0.13013905
d__dpsacbw027sbog_deposits__lag005,0.667712,0.063603,0.131276,0.13012334
m__w875rx1_real_dpi_xtx__lag011,0.833856,0.041951,0.11409,0.13011597
d__dpsacbw027sbog_deposits__lag007,0.667712,0.062842,0.13197,0.13007879
d__bamlcc0a1aaatriv_aaa_index__lag049,0.467085,0.009435,0.268973,0.13004012
d__bamlcc0a1aaatriv_aaa_index__lag075,0.467085,0.00817,0.270226,0.1300344
d__dpsacbw027sbog_deposits__lag001,0.667712,0.063374,0.131364,0.13002903
d__aaa10y_aaa10y__lag003,0.54232,0.064967,0.174766,0.13001228
q__rhvrusq156n_owner_vacancy__lag003,0.871473,0.07845,0.070735,0.13001138
q__bogz1fl262051003q_row_rrp__lag007,0.987461,0.049862,0.081796,0.13000669
d__dpsacbw027sbog_deposits__lag003,0.667712,0.063341,0.131353,0.12999949
d__dpsacbw027sbog_deposits__lag002,0.667712,0.062704,0.131952,0.12997405
d__dpsacbw027sbog_deposits__lag014,0.667712,0.06313,0.131507,0.12996165
d__dpsacbw027sbog_deposits__lag004,0.667712,0.06354,0.131083,0.12995163
m__m2sl_m2__lag009,0.836991,0.086445,0.068816,0.12995162
d__bamlcc0a1aaatriv_aaa_index__lag072,0.467085,0.008338,0.269816,0.12992131
d__dpsacbw027sbog_deposits__lag006,0.667712,0.062905,0.131653,0.12990901
d__aaa10y_aaa10y__lag004,0.54232,0.060272,0.179263,0.12990472
d__bamlcc0a1aaatriv_aaa_index__lag058,0.467085,0.00843,0.269672,0.12989746
q__b461rc1q027sbea_netva_wages__lag001,0.990596,0.086754,0.044376,0.12989621
d__dpsacbw027sbog_deposits__lag013,0.667712,0.062703,0.131827,0.12988956
q__bogz1lm102010005q_nfcb_nfassets__lag002,1.0,0.067274,0.062573,0.12984789
d__bamlcc0a1aaatriv_aaa_index__lag082,0.467085,0.01025,0.267728,0.12983912
d__bamlcc0a1aaatriv_aaa_index__lag074,0.467085,0.007068,0.270878,0.12982444
q__pnfi_priv_nonres_fi__lag006,0.974922,0.025331,0.107828,0.12981971
q__bogz1fa733061103q_holding_companies_ts_tx__lag006,0.978056,0.027275,0.105373,0.12973683
d__dpsacbw027sbog_deposits__lag012,0.667712,0.062779,0.131493,0.12971759
d__bamlcc0a1aaatriv_aaa_index__lag081,0.467085,0.009994,0.267626,0.12967196
q__impgs_imports__lag008,0.968652,0.00397,0.129897,0.12967104
d__usepuindxd_policy_uncertainty__lag031,0.517241,0.069162,0.181495,0.12965018
m__cpiulfsl_cpiulfsl__lag001,0.99373,0.100578,0.029888,0.12964745
q__gce_gce__lag001,0.990596,0.033099,0.097772,0.12963952
m__cpiulfsl_cpiulfsl__lag002,0.99373,0.102789,0.027665,0.12963559
m__dspi_dspi__lag012,0.833856,0.058944,0.096488,0.1296081
d__dpsacbw027sbog_deposits__lag010,0.667712,0.062351,0.131746,0.12960118
d__dpsacbw027sbog_deposits__lag011,0.667712,0.062755,0.131336,0.12959668
d__aaa10y_aaa10y__lag007,0.54232,0.056033,0.18292,0.12958851
d__dpsacbw027sbog_deposits__lag009,0.667712,0.062609,0.131461,0.12958267
d__dexcaus_dexcaus__lag050,0.69279,0.030573,0.1564,0.12953296
m__dgorder_dgorder__lag004,0.426332,0.149403,0.154411,0.12952592
d__bamlcc0a1aaatriv_aaa_index__lag050,0.467085,0.010125,0.26718,0.12952494
q__bogz1fa263061145q_row_priv_tsy_tx__lag008,0.971787,0.079514,0.053667,0.12942366
d__dpsacbw027sbog_deposits__lag008,0.667712,0.062331,0.1315,0.12942298
d__bamlcc0a1aaatriv_aaa_index__lag080,0.467085,0.011212,0.265865,0.12941816
q__bogz1fa343061123q_fed_gov_dcg_retirement_ts_tx__lag005,0.981191,0.050794,0.081068,0.12938184
q__a4102c1q027sbea_gdi_wages__lag001,0.990596,0.082017,0.048523,0.129312
d__dpsacbw027sbog_deposits__lag015,0.667712,0.062512,0.131141,0.12930434
m__busloans_busloans__lag003,0.99373,0.007245,0.122845,0.12927427
d__bamlcc0a1aaatriv_aaa_index__lag073,0.467085,0.006556,0.270111,0.12922725
q__b461rc1q027sbea_netva_wages__lag002,0.987461,0.082612,0.04813,0.12910221
m__w875rx1_real_dpi_xtx__lag012,0.833856,0.044822,0.109968,0.12907191
m__ces3000000008_wage_man__lag009,1.0,0.067836,0.061214,0.12905017
d__dexcaus_dexcaus__lag056,0.69279,0.038684,0.147527,0.12900545
d__aaa10y_aaa10y__lag005,0.54232,0.058844,0.179003,0.12898887
d__bamlcc0a1aaatriv_aaa_index__lag076,0.467085,0.006725,0.26943,0.12898793
q__bogz1lm473061105q_credit_unions_ts__lag005,0.99373,0.098116,0.031635,0.12893736
q__bogz1lm473061105q_credit_unions_ts_tx__lag005,0.99373,0.098116,0.031635,0.12893736
d__usepuindxd_policy_uncertainty__lag043,0.517241,0.051893,0.197354,0.12892082
q__bogz1fl264035005q_row_loans_a__lag006,0.990596,0.019407,0.110653,0.12883739
d__dexcaus_dexcaus__lag036,0.69279,0.028516,0.157452,0.12883667
m__pce_pce__lag009,0.836991,0.120174,0.033743,0.12882689
d__dexcaus_dexcaus__lag037,0.69279,0.027443,0.158372,0.12873055
q__a4102c1q027sbea_gdi_wages__lag002,0.987461,0.0782,0.052165,0.12872992
d__bamlcc0a1aaatriv_aaa_index__lag068,0.467085,0.006418,0.269094,0.12868763
d__dpsacbw027sbog_deposits__lag016,0.667712,0.062301,0.130408,0.12867382
d__dexcaus_dexcaus__lag085,0.69279,0.033389,0.152336,0.12866793
q__bogz1lm513061105q_pci_tsy_raw__lag006,0.990596,0.05099,0.078835,0.12860454
q__bogz1lm513061105q_pc_insurance_ts__lag006,0.990596,0.05099,0.078835,0.12860454
q__bogz1lm513061105q_p_c_insurance_ts__lag006,0.990596,0.05099,0.078835,0.12860454
d__bamlcc0a1aaatriv_aaa_index__lag079,0.467085,0.008851,0.266382,0.1285572
q__bogz1fr513061115q_pci_bills_reval__lag003,0.987461,0.039124,0.091064,0.12855487
d__dexusuk_dexusuk__lag050,0.69279,0.039471,0.146003,0.12849472
d__dexcaus_dexcaus__lag090,0.689655,0.043463,0.14283,0.12847739
d__usepuindxd_policy_uncertainty__lag035,0.517241,0.010215,0.238118,0.12844819
d__dexcaus_dexcaus__lag088,0.689655,0.043469,0.142727,0.12841115
q__rowstaq027s_row_stloan_a__lag005,0.99373,0.050595,0.078618,0.12840251
d__dpsacbw027sbog_deposits__lag028,0.667712,0.064853,0.127434,0.12839243
d__bamlcc0a1aaatriv_aaa_index__lag078,0.467085,0.006976,0.267843,0.12836399
m__ces3000000008_wage_man__lag010,1.0,0.066509,0.061839,0.12834883
q__dividend_dividend__lag002,0.987461,0.084983,0.044981,0.12833431
d__dpsacbw027sbog_deposits__lag017,0.667712,0.06224,0.129933,0.12831621
m__wpu0561_ppi_crude__lag004,0.990596,0.057062,0.072449,0.12829322
d__dpsacbw027sbog_deposits__lag018,0.667712,0.062152,0.129766,0.12814601
d__dpsacbw027sbog_deposits__lag029,0.667712,0.06436,0.127529,0.12812671
d__dpsacbw027sbog_deposits__lag027,0.667712,0.064486,0.127366,0.12810203
q__bogz1fl513061115q_pci_bills_raw__lag007,0.987461,0.014002,0.115718,0.12809367
q__bogz1fl513061115q_pci_bills__lag007,0.987461,0.014002,0.115718,0.12809367
q__drtscilm_loan_tight__lag008,0.426332,0.062774,0.237629,0.12807126
d__dpsacbw027sbog_deposits__lag019,0.667712,0.062124,0.129674,0.12806566
d__dpsacbw027sbog_deposits__lag024,0.667712,0.063862,0.127936,0.12806546
q__b639rg3q086sbea_exp_ind_pi__lag005,0.727273,0.105332,0.070744,0.12805578
d__dpsacbw027sbog_deposits__lag020,0.667712,0.061989,0.129767,0.12803721
m__m2sl_m2__lag010,0.833856,0.096098,0.057444,0.12803235
d__dpsacbw027sbog_deposits__lag030,0.667712,0.064877,0.126857,0.12802277
d__dpsacbw027sbog_deposits__lag026,0.667712,0.064671,0.127043,0.12800938
q__bogz1lm102010005q_nfcb_nfassets__lag003,1.0,0.066009,0.061961,0.12797015
d__dpsacbw027sbog_deposits__lag025,0.667712,0.064496,0.127093,0.12792655
q__pcesv_pcesv__lag004,0.981191,0.069496,0.060865,0.12790944
d__dpsacbw027sbog_deposits__lag023,0.667712,0.063505,0.128053,0.12790539
d__dpsacbw027sbog_deposits__lag022,0.667712,0.061847,0.129691,0.12789245
d__dpsacbw027sbog_deposits__lag021,0.667712,0.06146,0.130059,0.12787963
q__bogz1fl313161305q_gov_nonmarketable_ts__lag006,0.990596,0.095124,0.033966,0.12787577
m__ces3000000008_wage_man__lag008,1.0,0.066263,0.061436,0.12769894
d__vixcls_vixcls__lag012,0.454545,0.086912,0.193985,0.12768069
d__dpsacbw027sbog_deposits__lag041,0.667712,0.065217,0.125803,0.12754628
d__dpsacbw027sbog_deposits__lag031,0.667712,0.064195,0.126819,0.12754223
m__dspic96_real_dpi__lag008,0.836991,0.000596,0.151758,0.1275187
d__dpsacbw027sbog_deposits__lag040,0.667712,0.064981,0.125976,0.12750414
q__iatashcbsnncb_nfcb_hc_inventories__lag006,0.990596,0.033134,0.09557,0.12749404
d__dpsacbw027sbog_deposits__lag042,0.667712,0.064815,0.126051,0.12744352
d__vixcls_vixcls__lag009,0.454545,0.094951,0.185419,0.12744123
q__rowmslq027s_row_muni_flow__lag004,0.984326,0.034333,0.095136,0.12743974
q__bogz1fr573061105q_private_pension_ts_reval__lag001,0.99373,0.001589,0.126606,0.12739174
d__dpsacbw027sbog_deposits__lag037,0.667712,0.064303,0.126463,0.12737701
d__dpsacbw027sbog_deposits__lag039,0.667712,0.065032,0.125719,0.12736683
d__dpsacbw027sbog_deposits__lag032,0.667712,0.063551,0.127194,0.12736302
d__dexcaus_dexcaus__lag038,0.69279,0.028744,0.155047,0.12732899
d__dpsacbw027sbog_deposits__lag043,0.667712,0.064525,0.126084,0.12727164
d__aaa10y_aaa10y__lag008,0.54232,0.052339,0.182252,0.12722325
m__amtmno_amtmno__lag002,0.429467,0.205644,0.090569,0.12721377
d__bamlcc0a1aaatriv_aaa_index__lag067,0.467085,0.004845,0.267441,0.12718104
d__dpsacbw027sbog_deposits__lag038,0.667712,0.064917,0.125547,0.12717501
d__bamlcc0a1aaatriv_aaa_index__lag066,0.467085,0.003235,0.26901,0.12716155
q__pnfi_priv_nonres_fi__lag005,0.978056,0.035319,0.094666,0.12713253
d__dpsacbw027sbog_deposits__lag033,0.667712,0.063184,0.12721,0.12712818
d__dpsacbw027sbog_deposits__lag036,0.667712,0.063996,0.126236,0.12701993
d__dpsacbw027sbog_deposits__lag035,0.667712,0.063313,0.126917,0.12701917
d__dpsacbw027sbog_deposits__lag034,0.667712,0.063013,0.127131,0.12696178
q__a091rc1q027sbea_gov_interest_payments__lag003,0.984326,0.04954,0.079365,0.12688409
q__a091rc1q027sbea_fedgov_int__lag003,0.984326,0.04954,0.079365,0.12688409
q__bogz1fa543061175q_life_insurance_ts_tx__lag002,0.990596,0.005836,0.122169,0.1268015
q__bogz1fr573061143q_private_db_pension_ts_reval__lag001,0.99373,0.006251,0.121336,0.12678681
q__bogz1fl884135005q_dom_loan_l__lag008,0.984326,0.011131,0.117614,0.12672715
m__cpiaucsl_cpiaucsl__lag003,0.99373,0.099644,0.027816,0.12666002
d__dpsacbw027sbog_deposits__lag050,0.667712,0.063798,0.125816,0.12660748
d__dpsacbw027sbog_deposits__lag049,0.667712,0.0635,0.126108,0.12660374
d__bamlcc0a1aaatriv_aaa_index__lag053,0.467085,0.0041,0.266909,0.12658416
d__dpsacbw027sbog_deposits__lag044,0.667712,0.063531,0.126047,0.12658377
d__dexcaus_dexcaus__lag084,0.69279,0.030939,0.151727,0.12654933
d__dpsacbw027sbog_deposits__lag048,0.667712,0.063417,0.126004,0.12647883
q__bogz1fl704041005q_usb_stloan_a__lag002,1.0,0.005982,0.120489,0.1264712
q__bogz1fl313161305q_gov_nonmarketable_ts__lag003,1.0,0.052429,0.07403,0.12645839
m__amtmno_amtmno__lag006,0.423197,0.187434,0.111341,0.12644096
m__dspi_dspi__lag003,0.84326,0.055965,0.093913,0.1263861
d__dpsacbw027sbog_deposits__lag047,0.667712,0.063467,0.12581,0.12638224
d__dpsacbw027sbog_deposits__lag046,0.667712,0.063387,0.125877,0.12637365
q__bogz1fa383061105q_dom_nonfin_sector_tsy_tx__lag007,0.974922,0.042467,0.087104,0.12632129
d__bamlcc0a1aaatriv_aaa_index__lag065,0.467085,0.002515,0.267915,0.12631401
d__dpsacbw027sbog_deposits__lag051,0.667712,0.064134,0.125003,0.12628913
d__dexcaus_dexcaus__lag086,0.69279,0.035891,0.146366,0.12626585
d__dpsacbw027sbog_deposits__lag045,0.667712,0.063328,0.125762,0.12625759
q__gdp_gdp__lag001,0.990596,0.089633,0.037822,0.12625562
m__ces3000000008_wage_man__lag005,1.0,0.068186,0.058043,0.12622911
d__dexcaus_dexcaus__lag044,0.69279,0.024257,0.157812,0.12613591
q__bogz1lm733061103q_holding_companies_ts__lag003,1.0,0.070411,0.055682,0.12609292
q__bogz1fl884035005q_dom_loan_a__lag006,0.990596,0.031549,0.095729,0.12608177
q__rhvrusq156n_owner_vacancy__lag001,0.877743,0.046131,0.097456,0.12603282
m__ces3000000008_wage_man__lag007,1.0,0.069188,0.056842,0.12603092
d__vixcls_vixcls__lag021,0.454545,0.13079,0.146441,0.12601389
d__dpsacbw027sbog_deposits__lag054,0.667712,0.064152,0.124456,0.12593567
d__dpsacbw027sbog_deposits__lag053,0.667712,0.063978,0.124615,0.12592534
q__bogz1fl884035005q_dom_loan_a__lag007,0.987461,0.022256,0.105261,0.12591839
d__dpsacbw027sbog_deposits__lag052,0.667712,0.063631,0.124903,0.12588621
d__dexusuk_dexusuk__lag038,0.69279,0.035441,0.14622,0.12585279
d__dpsacbw027sbog_deposits__lag055,0.667712,0.064062,0.124296,0.12576862
q__bogz1lm105020015q_nfcb_inventories__lag003,1.0,0.104392,0.021326,0.12571812
d__dpsacbw027sbog_deposits__lag056,0.667712,0.063785,0.12445,0.12568624
d__dpsacbw027sbog_deposits__lag057,0.667712,0.064437,0.12376,0.1256618
d__usepuindxd_policy_uncertainty__lag070,0.517241,0.033514,0.209409,0.12564996
q__b092rc1q027sbea_gov_int_priv__lag002,0.824451,0.070139,0.082163,0.12556585
q__bogz1fl763061100q_usb_tsy_oth__lag002,1.0,0.084607,0.040958,0.12556483
q__b456rc1q027sbea_nfcb_cfc__lag002,0.987461,0.071017,0.056135,0.12555833
m__ces3000000008_wage_man__lag003,1.0,0.070115,0.055322,0.12543707
q__iatashcbsnncb_nfcb_hc_inventories__lag004,0.996865,0.06319,0.062636,0.12543161
q__gdp_gdp__lag006,0.974922,0.053275,0.075335,0.12538412
d__dexcaus_dexcaus__lag049,0.69279,0.02608,0.154845,0.12534247
d__dpsacbw027sbog_deposits__lag058,0.667712,0.065089,0.122584,0.12531126
d__dpsacbw027sbog_deposits__lag059,0.667712,0.065571,0.122026,0.12526097
d__dpsacbw027sbog_deposits__lag063,0.667712,0.065288,0.122276,0.12523909
d__dpsacbw027sbog_deposits__lag064,0.667712,0.065265,0.12226,0.12521254
m__cpiulfsl_cpiulfsl__lag003,0.99373,0.097844,0.02813,0.12518437
d__bamlcc0a1aaatriv_aaa_index__lag051,0.467085,0.003668,0.264302,0.1251645
q__b456rc1q027sbea_nfcb_cfc__lag001,0.990596,0.076464,0.049867,0.12514325
d__dpsacbw027sbog_deposits__lag062,0.667712,0.064791,0.122574,0.12510584
d__dpsacbw027sbog_deposits__lag060,0.667712,0.065179,0.122184,0.1251045
d__bamlcc0a1aaatriv_aaa_index__lag052,0.467085,0.002719,0.265095,0.12509198
m__dgorder_dgorder__lag001,0.429467,0.166042,0.125199,0.12507819
m__ces3000000008_wage_man__lag006,1.0,0.067629,0.057436,0.12506481
q__a457rc1q027sbea_netva_nfcb__lag008,0.968652,0.039003,0.09007,0.12502642
m__ces3000000008_wage_man__lag002,1.0,0.066599,0.058408,0.12500696
d__dpsacbw027sbog_deposits__lag061,0.667712,0.064832,0.122287,0.12494125
q__bogz1fl763061100q_usb_tsy_oth__lag001,1.0,0.063176,0.061736,0.12491263
d__bamlcc0a1aaatriv_aaa_index__lag063,0.467085,0.003749,0.263672,0.12490802
d__dexcaus_dexcaus__lag079,0.69279,0.034993,0.145239,0.12486348
d__bamlcc0a1aaatriv_aaa_index__lag064,0.467085,0.002682,0.264409,0.12475439
d__vixcls_vixcls__lag008,0.454545,0.093132,0.181322,0.12475174
q__a024rc1q027sbea_cfc__lag007,0.971787,0.04958,0.078653,0.12461557
m__m2sl_m2__lag011,0.833856,0.101096,0.048343,0.12461067
d__bamlcc0a1aaatriv_aaa_index__lag061,0.467085,0.000469,0.266308,0.12460713
d__dpsacbw027sbog_deposits__lag065,0.667712,0.065406,0.12121,0.1246052
d__dpsacbw027sbog_deposits__lag066,0.667712,0.06574,0.120782,0.12454327
d__dpsacbw027sbog_deposits__lag070,0.667712,0.065244,0.121227,0.12450826
d__aaa10y_aaa10y__lag001,0.54232,0.05441,0.175098,0.12446662
d__dpsacbw027sbog_deposits__lag071,0.667712,0.065642,0.120736,0.12444688
m__dspi_dspi__lag009,0.836991,0.042345,0.106336,0.12444424
d__dpsacbw027sbog_deposits__lag069,0.667712,0.065338,0.121,0.12441998
d__bamlcc0a1aaatriv_aaa_index__lag060,0.467085,0.000285,0.266067,0.12440914
m__pcend_pcend__lag001,0.84326,0.099835,0.047684,0.12439656
d__dpsacbw027sbog_deposits__lag068,0.667712,0.06555,0.120632,0.12431576
d__dpsacbw027sbog_deposits__lag072,0.667712,0.065212,0.120969,0.12431529
q__tfaabshno_hhnp_tfa__lag004,0.996865,0.087968,0.036708,0.12428516
d__dpsacbw027sbog_deposits__lag067,0.667712,0.065432,0.120682,0.12427042
d__dpsacbw027sbog_deposits__lag075,0.667712,0.06435,0.121725,0.12424411
m__cpiaucsl_cpiaucsl__lag004,0.990596,0.097501,0.027913,0.12423482
d__dpsacbw027sbog_deposits__lag077,0.667712,0.064297,0.121701,0.12419307
d__bamlcc0a1aaatriv_aaa_index__lag062,0.467085,0.000755,0.265114,0.12418332
d__bamlcc0a1aaatriv_aaa_index__lag059,0.467085,0.001234,0.26458,0.12415804
m__ces3000000008_wage_man__lag004,1.0,0.069835,0.054266,0.12410065
d__dpsacbw027sbog_deposits__lag074,0.667712,0.064421,0.12142,0.12408855
d__dpsacbw027sbog_deposits__lag076,0.667712,0.064304,0.121518,0.12407526
q__gdp_gdp__lag004,0.981191,0.072285,0.054116,0.12402363
q__gdp_gdp__lag003,0.984326,0.075825,0.050163,0.12401274
d__dpsacbw027sbog_deposits__lag073,0.667712,0.064666,0.121022,0.12398594
d__dpsacbw027sbog_deposits__lag078,0.667712,0.065399,0.12026,0.12396668
m__dspi_dspi__lag010,0.833856,0.071173,0.077288,0.12379515
d__dpsacbw027sbog_deposits__lag079,0.667712,0.066314,0.118972,0.12371767
m__cpiaucsl_cpiaucsl__lag012,0.984326,0.08296,0.042599,0.12359076
d__dpsacbw027sbog_deposits__lag080,0.667712,0.067321,0.11769,0.12353396
d__vixcls_vixcls__lag006,0.454545,0.07942,0.192332,0.12352379
d__dpsacbw027sbog_deposits__lag083,0.667712,0.068121,0.116826,0.12349104
d__dpsacbw027sbog_deposits__lag081,0.667712,0.067864,0.11708,0.12348891
q__bogz1fl704035005q_usb_loan_a__lag004,0.996865,0.000853,0.122902,0.12336699
q__bogz1lm105020015q_nfcb_inventories__lag007,0.987461,0.059513,0.065393,0.12334053
d__dpsacbw027sbog_deposits__lag082,0.667712,0.067735,0.116952,0.12331739
d__dpsacbw027sbog_deposits__lag084,0.667712,0.067675,0.116808,0.12318127
q__bogz1fl892050005q_all_ffrepo__lag008,0.984326,0.0333,0.091799,0.12313856
q__bogz1fl663061165q_brokers_dealers_long_ts__lag002,1.0,0.014583,0.108537,0.12312088
m__cpiaucsl_cpiaucsl__lag007,0.987461,0.095995,0.028665,0.12309671
m__dgorder_dgorder__lag012,0.416928,0.11852,0.176666,0.12307119
q__pcesv_pcesv__lag003,0.984326,0.072011,0.052979,0.12303068
m__cpiaucsl_cpiaucsl__lag005,0.990596,0.097793,0.02637,0.12299594
q__bogz1lm105020015q_nfcb_inventories__lag008,0.984326,0.046878,0.078071,0.12299064
m__ces3000000008_wage_man__lag001,1.0,0.06709,0.055898,0.12298833
q__tfaabshno_hhnp_tfa__lag008,0.984326,0.0732,0.05172,0.12296226
d__dpsacbw027sbog_deposits__lag085,0.667712,0.066993,0.117022,0.12286883
m__dspi_dspi__lag004,0.840125,0.033495,0.112706,0.12282719
q__bogz1lm473061105q_credit_unions_ts__lag007,0.987461,0.096602,0.0277,0.12274375
q__bogz1lm473061105q_credit_unions_ts_tx__lag007,0.987461,0.096602,0.0277,0.12274375
m__cpiulfsl_cpiulfsl__lag004,0.990596,0.095674,0.028201,0.12270978
d__stlfsi4_stlfed_fin_stress_idx__lag022,0.404389,0.222879,0.080459,0.12266686
m__cpiaucsl_cpiaucsl__lag008,0.987461,0.09478,0.029439,0.12266076
q__bogz1fa553061103q_closed_end_funds_ts_tx__lag005,0.981191,0.055353,0.069522,0.12252653
d__dexusuk_dexusuk__lag036,0.69279,0.034341,0.142453,0.12248092
q__bogz1lm105020015q_nfcb_inventories__lag006,0.990596,0.069804,0.053817,0.122458
m__cpiaucsl_cpiaucsl__lag006,0.990596,0.096679,0.026907,0.12242367
d__usepuindxd_policy_uncertainty__lag019,0.517241,0.094438,0.141808,0.12219614
d__dpsacbw027sbog_deposits__lag086,0.667712,0.066585,0.116394,0.12217724
d__dexusuk_dexusuk__lag037,0.69279,0.033006,0.143314,0.12215251
m__amtmno_amtmno__lag004,0.426332,0.180273,0.105921,0.12201373
d__dexcaus_dexcaus__lag047,0.69279,0.020405,0.155386,0.12178609
m__cpiaucsl_cpiaucsl__lag009,0.987461,0.090674,0.032613,0.12174078
d__dpsacbw027sbog_deposits__lag088,0.667712,0.065367,0.116863,0.12167726
m__cpiaucsl_cpiaucsl__lag010,0.984326,0.087336,0.036238,0.1216364
d__dpsacbw027sbog_deposits__lag087,0.667712,0.065548,0.116608,0.12162757
d__dexcaus_dexcaus__lag083,0.69279,0.025274,0.150233,0.12158932
m__mtsr133fms_fedgov_rcpt__lag008,0.564263,0.148948,0.066458,0.12154541
q__drtscilm_loan_tight__lag005,0.435737,0.021135,0.257797,0.12154085
m__cpiaucsl_cpiaucsl__lag011,0.984326,0.082994,0.04036,0.12142101
m__cpiulfsl_cpiulfsl__lag005,0.990596,0.096136,0.026408,0.12139148
m__cpiulfsl_cpiulfsl__lag007,0.987461,0.09471,0.02819,0.1213587
d__dexusuk_dexusuk__lag089,0.689655,0.015921,0.160031,0.12134574
q__bogz1fl763061100q_usb_tsy_oth__lag003,1.0,0.092662,0.028663,0.12132466
d__stlfsi4_stlfed_fin_stress_idx__lag020,0.404389,0.22922,0.070774,0.12131437
d__dexcaus_dexcaus__lag043,0.69279,0.019653,0.155294,0.12120123
d__dexusuk_dexusuk__lag058,0.69279,0.025369,0.149504,0.12115042
q__rhvrusq156n_owner_vacancy__lag002,0.874608,0.054108,0.084359,0.12110451
d__dpsacbw027sbog_deposits__lag089,0.664577,0.06502,0.11714,0.12105925
m__mtsr133fms_fedgov_rcpt__lag012,0.561129,0.153183,0.062278,0.12090112
d__dpsacbw027sbog_deposits__lag090,0.664577,0.064604,0.117288,0.1208815
d__dexusuk_dexusuk__lag010,0.69279,0.024743,0.149683,0.12084002
m__cpiulfsl_cpiulfsl__lag008,0.987461,0.093399,0.028955,0.12081912
d__usepuindxd_policy_uncertainty__lag064,0.517241,0.089293,0.144264,0.12080557
d__tlaacbw027sbog_bank_ta__lag001,0.667712,0.075584,0.105169,0.12069114
q__bogz1lm513061105q_pci_tsy_raw__lag002,1.0,0.053104,0.06752,0.12062392
q__bogz1lm513061105q_pc_insurance_ts__lag002,1.0,0.053104,0.06752,0.12062392
q__bogz1lm513061105q_p_c_insurance_ts__lag002,1.0,0.053104,0.06752,0.12062392
d__stlfsi4_stlfed_fin_stress_idx__lag021,0.404389,0.221357,0.076852,0.12059221
m__cpiulfsl_cpiulfsl__lag006,0.990596,0.094973,0.026686,0.12051442
d__stlfsi4_stlfed_fin_stress_idx__lag016,0.404389,0.208656,0.089326,0.12050041
d__dexcaus_dexcaus__lag082,0.69279,0.027369,0.146371,0.12036548
d__dexusuk_dexusuk__lag011,0.69279,0.023022,0.150715,0.12036318
d__tasacbw027sbog_bank_ts_agency__lag001,0.667712,0.050888,0.129369,0.12035973
d__tlaacbw027sbog_bank_ta__lag007,0.667712,0.071721,0.108519,0.12034857
d__tasacbw027sbog_bank_ts_agency__lag002,0.667712,0.051182,0.129051,0.1203439
q__w326rc1q027sbea_net_op_surplus__lag001,0.990596,0.102365,0.01911,0.12033245
m__cpiulfsl_cpiulfsl__lag012,0.984326,0.078824,0.043274,0.12018491
d__tlaacbw027sbog_bank_ta__lag006,0.667712,0.072121,0.107826,0.12015269
q__bogz1fr663061165q_brokers_dealers_long_ts_reval__lag001,0.99373,0.01789,0.102993,0.12012502
d__tlaacbw027sbog_bank_ta__lag002,0.667712,0.072219,0.10768,0.12012094
d__tlaacbw027sbog_bank_ta__lag005,0.667712,0.072531,0.107341,0.12010246
d__dexcaus_dexcaus__lag080,0.69279,0.0293,0.143865,0.1199673
q__a091rc1q027sbea_gov_interest_payments__lag008,0.968652,0.000478,0.123355,0.11995097
q__a091rc1q027sbea_fedgov_int__lag008,0.968652,0.000478,0.123355,0.11995097
d__tlaacbw027sbog_bank_ta__lag003,0.667712,0.072663,0.106868,0.11987491
m__amtmno_amtmno__lag003,0.426332,0.193925,0.087223,0.11986258
d__tlaacbw027sbog_bank_ta__lag004,0.667712,0.072364,0.107136,0.11985397
q__impgs_imports__lag005,0.978056,0.089001,0.033467,0.11978022
d__tlaacbw027sbog_bank_ta__lag014,0.667712,0.072528,0.10677,0.11971943
d__tasacbw027sbog_bank_ts_agency__lag007,0.667712,0.053194,0.126025,0.11966656
q__tfaabshno_hhnp_tfa__lag005,0.99373,0.089862,0.030555,0.11966269
d__tlaacbw027sbog_bank_ta__lag013,0.667712,0.072526,0.10668,0.11965788
d__dexcaus_dexcaus__lag046,0.69279,0.018459,0.154242,0.11964522
d__tlaacbw027sbog_bank_ta__lag011,0.667712,0.072771,0.106388,0.11962695
d__tasacbw027sbog_bank_ts_agency__lag003,0.667712,0.051256,0.127897,0.11962199
d__tasacbw027sbog_bank_ts_agency__lag004,0.667712,0.053222,0.125927,0.11962023
d__tasacbw027sbog_bank_ts_agency__lag006,0.667712,0.053083,0.12605,0.11960957
d__tlaacbw027sbog_bank_ta__lag009,0.667712,0.071328,0.107724,0.11955484
d__tlaacbw027sbog_bank_ta__lag008,0.667712,0.070731,0.108292,0.11953607
m__m2sl_m2__lag012,0.833856,0.100369,0.042965,0.11951987
q__a024rc1q027sbea_cfc__lag006,0.974922,0.052813,0.069772,0.11951021
d__tasacbw027sbog_bank_ts_agency__lag005,0.667712,0.053152,0.1258,0.11948871
d__tlaacbw027sbog_bank_ta__lag012,0.667712,0.072286,0.106601,0.11944494
m__cpiulfsl_cpiulfsl__lag009,0.987461,0.088644,0.032315,0.11944139
d__tasacbw027sbog_bank_ts_agency__lag008,0.667712,0.052924,0.125956,0.11944073
m__dspi_dspi__lag006,0.840125,0.037241,0.104907,0.11942255
d__tasacbw027sbog_bank_ts_agency__lag014,0.667712,0.054705,0.124134,0.11941333
q__bogz1fa573061133q_private_dc_pension_ts_tx__lag008,0.971787,0.054302,0.068575,0.11940992
d__tlaacbw027sbog_bank_ta__lag010,0.667712,0.071674,0.10715,0.11940274
d__dexcaus_dexcaus__lag045,0.69279,0.020359,0.151925,0.11935671
d__tasacbw027sbog_bank_ts_agency__lag013,0.667712,0.054665,0.12408,0.11935035
d__tasacbw027sbog_bank_ts_agency__lag009,0.667712,0.054068,0.124594,0.11929459
d__tasacbw027sbog_bank_ts_agency__lag010,0.667712,0.053758,0.124899,0.11929144
d__dexusuk_dexusuk__lag056,0.69279,0.024324,0.147835,0.1192707
q__a457rc1q027sbea_netva_nfcb__lag006,0.974922,0.051402,0.070856,0.11919234
d__dexusuk_dexusuk__lag053,0.69279,0.027472,0.14457,0.11918855
d__dexcaus_dexcaus__lag089,0.689655,0.034542,0.138247,0.11916496
q__a4102c1q027sbea_gdi_wages__lag008,0.968652,0.037789,0.085211,0.11914432
d__tasacbw027sbog_bank_ts_agency__lag011,0.667712,0.054784,0.123644,0.1191385
d__dexcaus_dexcaus__lag048,0.69279,0.018823,0.153112,0.11911526
d__usepuindxd_policy_uncertainty__lag017,0.517241,0.010155,0.220042,0.11906745
d__tasacbw027sbog_bank_ts_agency__lag015,0.667712,0.054297,0.123962,0.11902557
d__dexcaus_dexcaus__lag059,0.69279,0.033679,0.138015,0.11894792
d__tasacbw027sbog_bank_ts_agency__lag012,0.667712,0.054377,0.123757,0.1189422
q__bogz1fl713061113q_cb_bills_raw__lag003,1.0,0.045795,0.073129,0.11892376
q__bogz1fl713061113q_cb_bills__lag003,1.0,0.045795,0.073129,0.11892376
q__bogz1fl262051003q_row_rrp__lag006,0.990596,0.052422,0.067604,0.11889735
d__usepuindxd_policy_uncertainty__lag015,0.517241,0.022013,0.207755,0.11884524
q__bogz1lm733061103q_holding_companies_ts__lag002,1.0,0.08936,0.029464,0.1188232
q__bogz1fl513061115q_pci_bills_raw__lag002,1.0,0.054675,0.064104,0.11877922
q__bogz1fl513061115q_pci_bills__lag002,1.0,0.054675,0.064104,0.11877922
q__fgrecpt_fgrecpt__lag007,0.971787,0.080365,0.04181,0.11872874
d__tlaacbw027sbog_bank_ta__lag030,0.667712,0.074329,0.103481,0.11872592
d__tlaacbw027sbog_bank_ta__lag027,0.667712,0.074176,0.103626,0.11872047
d__tlaacbw027sbog_bank_ta__lag028,0.667712,0.073794,0.10399,0.11870791
d__tlaacbw027sbog_bank_ta__lag015,0.667712,0.071255,0.106504,0.11869161
q__a4102c1q027sbea_gdi_wages__lag003,0.984326,0.059859,0.060722,0.11869126
m__dspi_dspi__lag005,0.840125,0.062813,0.078415,0.11864919
q__bogz1fa313161305q_gov_nonmarketable_ts_tx__lag002,0.990596,0.009295,0.110449,0.11861793
d__tlaacbw027sbog_bank_ta__lag023,0.667712,0.07268,0.104913,0.1185808
d__tlaacbw027sbog_bank_ta__lag026,0.667712,0.074183,0.103389,0.11856701
m__amtmno_amtmno__lag010,0.420063,0.155427,0.126829,0.11856544
d__tlaacbw027sbog_bank_ta__lag017,0.667712,0.072564,0.10496,0.11853448
m__cpiulfsl_cpiulfsl__lag010,0.984326,0.08382,0.036596,0.11852836
q__b461rc1q027sbea_netva_wages__lag003,0.984326,0.063114,0.057257,0.11848452
m__dspi_dspi__lag011,0.833856,0.059589,0.082496,0.11847893
q__bogz1fa713068703q_fed_dw_tx__lag002,0.990596,0.053949,0.065602,0.11842682
d__tlaacbw027sbog_bank_ta__lag029,0.667712,0.073285,0.10402,0.11838854
d__tlaacbw027sbog_bank_ta__lag016,0.667712,0.071581,0.105713,0.11838105
d__tlaacbw027sbog_bank_ta__lag025,0.667712,0.073478,0.10376,0.11834389
q__bogz1lm343061165q_fed_gov_db_retirement_ts__lag008,0.984326,0.091881,0.028329,0.11832585
q__bogz1lm343061165q_fed_ret_tsy_db__lag008,0.984326,0.091881,0.028329,0.11832585
m__pcedg_pcedg__lag008,0.836991,0.102635,0.038687,0.11828522
d__tlaacbw027sbog_bank_ta__lag022,0.667712,0.070661,0.106484,0.1182819
q__bogz1fl892050005q_all_ffrepo__lag006,0.990596,0.023763,0.095624,0.11826358
q__a4102c1q027sbea_gdi_wages__lag007,0.971787,0.041042,0.080642,0.11825047
d__tlaacbw027sbog_bank_ta__lag031,0.667712,0.072793,0.104285,0.11823686
d__tlaacbw027sbog_bank_ta__lag024,0.667712,0.072454,0.104622,0.11823553
d__tlaacbw027sbog_bank_ta__lag021,0.667712,0.069895,0.107159,0.11822094
d__tasacbw027sbog_bank_ts_agency__lag016,0.667712,0.053888,0.12314,0.11820405
d__tlaacbw027sbog_bank_ta__lag041,0.667712,0.074045,0.10296,0.11818787
d__tlaacbw027sbog_bank_ta__lag020,0.667712,0.070145,0.106811,0.11815506
d__tlaacbw027sbog_bank_ta__lag019,0.667712,0.070104,0.106848,0.11815318
d__tlaacbw027sbog_bank_ta__lag042,0.667712,0.073391,0.103522,0.1181274
m__cpiulfsl_cpiulfsl__lag011,0.984326,0.078922,0.041044,0.11808592
d__dexcaus_dexcaus__lag078,0.69279,0.026652,0.143778,0.11807215
m__mtsr133fms_fedgov_rcpt__lag005,0.567398,0.13086,0.077208,0.11805741
d__tlaacbw027sbog_bank_ta__lag040,0.667712,0.073715,0.103085,0.11805102
d__tlaacbw027sbog_bank_ta__lag032,0.667712,0.072658,0.104105,0.11802664
d__tlaacbw027sbog_bank_ta__lag018,0.667712,0.069698,0.107053,0.11801868
d__tlaacbw027sbog_bank_ta__lag033,0.667712,0.072302,0.104415,0.11799616
d__tasacbw027sbog_bank_ts_agency__lag021,0.667712,0.052939,0.123763,0.11798611
d__tlaacbw027sbog_bank_ta__lag034,0.667712,0.072094,0.104474,0.11789667
d__tlaacbw027sbog_bank_ta__lag039,0.667712,0.073591,0.102966,0.11788874
q__tfaabshno_hhnp_tfa__lag007,0.987461,0.070619,0.048744,0.11786591
d__totci_totci__lag001,0.667712,0.039974,0.136491,0.11782722
d__tlaacbw027sbog_bank_ta__lag050,0.667712,0.071818,0.104631,0.11781683
d__tlaacbw027sbog_bank_ta__lag036,0.667712,0.072394,0.104051,0.11781445
m__neworder_neworder__lag006,0.423197,0.159826,0.118532,0.11780011
d__tlaacbw027sbog_bank_ta__lag043,0.667712,0.072611,0.103796,0.11778927
d__dexusuk_dexusuk__lag055,0.69279,0.024956,0.145032,0.11776609
d__tlaacbw027sbog_bank_ta__lag037,0.667712,0.072199,0.104121,0.11773155
d__tlaacbw027sbog_bank_ta__lag035,0.667712,0.072068,0.104242,0.11772392
d__tlaacbw027sbog_bank_ta__lag038,0.667712,0.073259,0.103035,0.1177138
d__tasacbw027sbog_bank_ts_agency__lag020,0.667712,0.052665,0.123591,0.11768841
d__tlaacbw027sbog_bank_ta__lag051,0.667712,0.072381,0.103839,0.11766424
d__tasacbw027sbog_bank_ts_agency__lag022,0.667712,0.052878,0.1233,0.11763605
q__w006rc1q027sbea_gov_tax_receipts__lag007,0.971787,0.070068,0.05094,0.11759423
d__tasacbw027sbog_bank_ts_agency__lag017,0.667712,0.05409,0.122025,0.1175939
d__tlaacbw027sbog_bank_ta__lag049,0.667712,0.071384,0.104657,0.11754454
q__bogz1fa733061103q_holding_companies_ts_tx__lag004,0.984326,0.003604,0.115807,0.11753966
d__dexcaus_dexcaus__lag081,0.69279,0.027812,0.141813,0.11751463
d__tlaacbw027sbog_bank_ta__lag048,0.667712,0.071437,0.104554,0.11751096
d__tlaacbw027sbog_bank_ta__lag044,0.667712,0.072015,0.103956,0.11749848
q__dividend_dividend__lag003,0.984326,0.086939,0.032409,0.11747707
d__tasacbw027sbog_bank_ts_agency__lag019,0.667712,0.053137,0.122678,0.11739338
d__tlaacbw027sbog_bank_ta__lag052,0.667712,0.071755,0.103872,0.11726832
d__tlaacbw027sbog_bank_ta__lag047,0.667712,0.071366,0.104258,0.11726676
q__b461rc1q027sbea_netva_wages__lag004,0.981191,0.065162,0.054339,0.11725304
d__dexusuk_dexusuk__lag090,0.689655,0.014072,0.155911,0.11722928
d__aaa10y_aaa10y__lag013,0.54232,0.037487,0.178613,0.11719575
d__tasacbw027sbog_bank_ts_agency__lag023,0.667712,0.052421,0.12309,0.11719051
d__tasacbw027sbog_bank_ts_agency__lag028,0.667712,0.0515,0.124001,0.11718465
d__tlaacbw027sbog_bank_ta__lag046,0.667712,0.071648,0.103841,0.11717649
q__bogz1fa743061103q_usb_tsy_dom_tx__lag007,0.974922,0.081486,0.038673,0.11714534
d__tasacbw027sbog_bank_ts_agency__lag018,0.667712,0.052863,0.122564,0.11713513
d__tlaacbw027sbog_bank_ta__lag045,0.667712,0.071915,0.10351,0.11713351
d__stlfsi4_stlfed_fin_stress_idx__lag019,0.404389,0.201816,0.087833,0.11713105
d__dexusuk_dexusuk__lag054,0.69279,0.024855,0.144196,0.11711668
q__bogz1lm102010005q_nfcb_nfassets__lag004,0.996865,0.056432,0.061042,0.11710544
d__tlaacbw027sbog_bank_ta__lag057,0.667712,0.071435,0.103931,0.11709426
q__bogz1fl313161305q_gov_nonmarketable_ts__lag004,0.996865,0.03346,0.083927,0.11701924
d__tasacbw027sbog_bank_ts_agency__lag027,0.667712,0.051513,0.123705,0.11699483
d__tasacbw027sbog_bank_ts_agency__lag024,0.667712,0.052122,0.123095,0.11699476
d__totci_totci__lag002,0.667712,0.037995,0.137194,0.11697611
d__tlaacbw027sbog_bank_ta__lag056,0.667712,0.071186,0.103957,0.11694478
d__usepuindxd_policy_uncertainty__lag086,0.517241,0.081403,0.144594,0.11689479
d__tlaacbw027sbog_bank_ta__lag053,0.667712,0.071098,0.103966,0.11689172
d__tlaacbw027sbog_bank_ta__lag058,0.667712,0.071501,0.103522,0.11686492
d__tlaacbw027sbog_bank_ta__lag055,0.667712,0.071038,0.103921,0.11682217
d__tasacbw027sbog_bank_ts_agency__lag029,0.667712,0.051449,0.123491,0.11680946
q__b092rc1q027sbea_gov_int_priv__lag003,0.821317,0.054308,0.08791,0.11680665
d__tlaacbw027sbog_bank_ta__lag054,0.667712,0.071127,0.103787,0.11679258
d__tasacbw027sbog_bank_ts_agency__lag025,0.667712,0.051891,0.122985,0.11676688
d__dexusuk_dexusuk__lag080,0.69279,0.012392,0.155943,0.11662137
d__totci_totci__lag003,0.667712,0.037196,0.137451,0.11661396
d__tasacbw027sbog_bank_ts_agency__lag026,0.667712,0.051613,0.122991,0.11658533
d__tlaacbw027sbog_bank_ta__lag059,0.667712,0.071131,0.103315,0.11647949
d__dexusuk_dexusuk__lag087,0.69279,0.012002,0.156057,0.11642967
q__bogz1lm105020015q_nfcb_inventories__lag004,0.996865,0.093904,0.022887,0.11642475
d__dexusuk_dexusuk__lag084,0.69279,0.014394,0.153602,0.11638585
m__dspi_dspi__lag002,0.84326,0.066903,0.071082,0.11635771
d__totci_totci__lag004,0.667712,0.03704,0.137191,0.11633596
d__usepuindxd_policy_uncertainty__lag084,0.517241,0.071145,0.153746,0.1163231
d__stlfsi4_stlfed_fin_stress_idx__lag017,0.404389,0.19881,0.088774,0.11629573
q__bogz1fa653061113q_mutf_bills_tx__lag002,0.990596,0.08659,0.030796,0.11628149
d__totci_totci__lag007,0.667712,0.036231,0.1379,0.11626948
q__b093rc1q027sbea_gov_int_row__lag002,0.987461,0.059016,0.058701,0.11624155
d__tlaacbw027sbog_bank_ta__lag060,0.667712,0.070045,0.10404,0.11623819
d__totci_totci__lag005,0.667712,0.036663,0.137393,0.11621923
q__bogz1fl543461113q_li_bills__lag001,1.0,0.006043,0.110086,0.11612939
d__totci_totci__lag006,0.667712,0.036308,0.137556,0.11609139
d__tasacbw027sbog_bank_ts_agency__lag030,0.667712,0.052579,0.121188,0.11602621
d__tlaacbw027sbog_bank_ta__lag061,0.667712,0.069602,0.104158,0.11602144
d__tlaacbw027sbog_bank_ta__lag075,0.667712,0.070896,0.102832,0.1159999
d__tlaacbw027sbog_bank_ta__lag063,0.667712,0.070506,0.103196,0.11598251
d__tlaacbw027sbog_bank_ta__lag079,0.667712,0.072533,0.101164,0.11597957
m__pcepi_pcepi__lag001,0.84326,0.106753,0.030718,0.11592435
m__pcepi_pce_price_index__lag001,0.84326,0.106753,0.030718,0.11592435
d__tlaacbw027sbog_bank_ta__lag062,0.667712,0.069519,0.104085,0.11591744
d__tlaacbw027sbog_bank_ta__lag072,0.667712,0.07182,0.101782,0.11591646
m__usphci_usphci__lag002,0.592476,0.102495,0.093128,0.11590209
q__bogz1fa313161110q_totalbills_z1_tx__lag008,0.971787,0.038061,0.081197,0.1158933
d__tlaacbw027sbog_bank_ta__lag076,0.667712,0.070569,0.102997,0.11589144
d__tlaacbw027sbog_bank_ta__lag077,0.667712,0.070596,0.102941,0.11587288
q__iatashcbsnncb_nfcb_hc_inventories__lag007,0.987461,0.016863,0.10047,0.11586196
d__tlaacbw027sbog_bank_ta__lag064,0.667712,0.070289,0.103186,0.11583108
d__tlaacbw027sbog_bank_ta__lag078,0.667712,0.07181,0.101635,0.11581112
d__tlaacbw027sbog_bank_ta__lag066,0.667712,0.071692,0.101732,0.11579738
d__tlaacbw027sbog_bank_ta__lag065,0.667712,0.071513,0.101827,0.11574127
d__tlaacbw027sbog_bank_ta__lag074,0.667712,0.07099,0.102331,0.11572845
d__stlfsi4_stlfed_fin_stress_idx__lag018,0.404389,0.196845,0.089323,0.11572329
d__tasacbw027sbog_bank_ts_agency__lag035,0.667712,0.05335,0.119938,0.11570654
m__pcepi_pcepi__lag002,0.84326,0.107676,0.029428,0.11561481
m__pcepi_pce_price_index__lag002,0.84326,0.107676,0.029428,0.11561481
d__tasacbw027sbog_bank_ts_agency__lag034,0.667712,0.053427,0.11971,0.11560524
d__tlaacbw027sbog_bank_ta__lag067,0.667712,0.071391,0.101724,0.11559072
d__tlaacbw027sbog_bank_ta__lag073,0.667712,0.071561,0.101533,0.11557727
d__dexusuk_dexusuk__lag009,0.69279,0.019849,0.146957,0.11556145
d__tasacbw027sbog_bank_ts_agency__lag036,0.667712,0.053469,0.119602,0.11556138
d__tlaacbw027sbog_bank_ta__lag070,0.667712,0.070266,0.102774,0.11554062
d__tlaacbw027sbog_bank_ta__lag083,0.667712,0.074189,0.098827,0.11552494
d__tasacbw027sbog_bank_ts_agency__lag033,0.667712,0.053681,0.119331,0.11552245
d__tlaacbw027sbog_bank_ta__lag080,0.667712,0.072865,0.100131,0.11551132
d__tlaacbw027sbog_bank_ta__lag071,0.667712,0.070706,0.102288,0.11550987
d__dexusuk_dexusuk__lag072,0.69279,0.017286,0.149439,0.11550508
d__tlaacbw027sbog_bank_ta__lag081,0.667712,0.073471,0.099458,0.11546667
d__tasacbw027sbog_bank_ts_agency__lag032,0.667712,0.053823,0.119101,0.11546337
q__a4102c1q027sbea_gdi_wages__lag004,0.981191,0.061457,0.056213,0.11545657
d__tasacbw027sbog_bank_ts_agency__lag031,0.667712,0.053199,0.119714,0.11545592
q__rowstaq027s_row_stloan_a__lag003,1.0,0.054674,0.060718,0.11539177
d__tlaacbw027sbog_bank_ta__lag068,0.667712,0.071035,0.101747,0.11536792
m__pcend_pcend__lag002,0.84326,0.105028,0.031755,0.11534363
d__tlaacbw027sbog_bank_ta__lag069,0.667712,0.07079,0.101926,0.11532451
d__tasacbw027sbog_bank_ts_agency__lag038,0.667712,0.054398,0.1183,0.11531246
d__tlaacbw027sbog_bank_ta__lag082,0.667712,0.073621,0.099076,0.11531162
q__a024rc1q027sbea_cfc__lag004,0.981191,0.061509,0.055977,0.11527655
d__tasacbw027sbog_bank_ts_agency__lag037,0.667712,0.053928,0.118614,0.11520794
q__a024rc1q027sbea_cfc__lag003,0.984326,0.065988,0.051027,0.11518169
d__usepuindxd_policy_uncertainty__lag049,0.517241,0.070442,0.152195,0.11515694
q__bogz1fr213061103q_state_local_gov_ts_reval__lag001,0.99373,0.003686,0.112193,0.11515266
q__a024rc1q027sbea_cfc__lag005,0.978056,0.056695,0.061032,0.11514373
q__bogz1lm513061105q_pci_tsy_raw__lag001,1.0,0.051898,0.063212,0.11511028
q__bogz1lm513061105q_pc_insurance_ts__lag001,1.0,0.051898,0.063212,0.11511028
q__bogz1lm513061105q_p_c_insurance_ts__lag001,1.0,0.051898,0.063212,0.11511028
d__tasacbw027sbog_bank_ts_agency__lag041,0.667712,0.054317,0.118075,0.11510842
d__tasacbw027sbog_bank_ts_agency__lag039,0.667712,0.054258,0.118109,0.11509155
d__tasacbw027sbog_bank_ts_agency__lag040,0.667712,0.054078,0.118276,0.11508264
q__b461rc1q027sbea_netva_wages__lag007,0.971787,0.035332,0.083089,0.11508025
q__gpdi_gpdi__lag006,0.974922,0.033315,0.084694,0.11504995
d__tasacbw027sbog_bank_ts_agency__lag042,0.667712,0.054254,0.118023,0.11503196
q__bogz1fr263061105q_row_bills_reval__lag001,0.99373,0.035796,0.079933,0.11500285
q__bogz1fr263061105q_row_tsy_reval__lag001,0.99373,0.035796,0.079933,0.11500285
d__dexusuk_dexusuk__lag074,0.69279,0.011339,0.154614,0.1149707
m__usphci_usphci__lag001,0.592476,0.1033,0.090667,0.11492076
q__w328rc1q027sbea_nfcb_pat__lag008,0.968652,0.071662,0.046971,0.11491414
q__bogz1lm105020015q_nfcb_inventories__lag005,0.99373,0.078873,0.036763,0.11491113
d__usepuindxd_policy_uncertainty__lag066,0.517241,0.050465,0.17158,0.11485117
m__pcuomfgomfg_ppi_man__lag001,0.520376,0.158703,0.06194,0.11481735
d__tasacbw027sbog_bank_ts_agency__lag043,0.667712,0.054223,0.117732,0.11481628
q__bogz1fl884135005q_dom_loan_l__lag007,0.987461,0.013608,0.102605,0.11475642
d__tlaacbw027sbog_bank_ta__lag084,0.667712,0.072076,0.099634,0.1146529
q__a4102c1q027sbea_gdi_wages__lag006,0.974922,0.043002,0.074594,0.11464665
m__usphci_usphci__lag009,0.586207,0.102411,0.093146,0.11463644
d__dexusuk_dexusuk__lag085,0.69279,0.010512,0.154745,0.11448851
m__usphci_usphci__lag003,0.592476,0.102432,0.09065,0.11439684
d__dexusuk_dexusuk__lag073,0.69279,0.012899,0.152188,0.11437039
q__w326rc1q027sbea_net_op_surplus__lag008,0.968652,0.075795,0.042206,0.11430161
d__tlaacbw027sbog_bank_ta__lag086,0.667712,0.072291,0.098878,0.11429145
d__dexusuk_dexusuk__lag051,0.69279,0.025055,0.139745,0.11417169
d__aaa10y_aaa10y__lag012,0.54232,0.031502,0.179018,0.11416908
m__mtsds133fms_fed_surplus_deficit__lag009,0.564263,0.001193,0.200936,0.11405429
d__tasacbw027sbog_bank_ts_agency__lag050,0.667712,0.05621,0.114566,0.11402876
q__bogz1lm733061103q_holding_companies_ts__lag006,0.990596,0.074107,0.041005,0.11402865
d__tlaacbw027sbog_bank_ta__lag085,0.667712,0.070182,0.100541,0.11399423
d__tasacbw027sbog_bank_ts_agency__lag044,0.667712,0.054073,0.116589,0.11395282
d__tasacbw027sbog_bank_ts_agency__lag052,0.667712,0.056215,0.114372,0.11390286
d__tasacbw027sbog_bank_ts_agency__lag051,0.667712,0.056347,0.114237,0.11390096
q__bogz1fl884135005q_dom_loan_l__lag006,0.990596,0.02447,0.09044,0.11382887
d__vixcls_vixcls__lag017,0.454545,0.120045,0.130359,0.11382036
d__tasacbw027sbog_bank_ts_agency__lag049,0.667712,0.055555,0.114868,0.11379377
q__bogz1fl892050005q_all_ffrepo__lag005,0.99373,0.032088,0.082423,0.11379326
d__tasacbw027sbog_bank_ts_agency__lag045,0.667712,0.055339,0.115059,0.11377636
d__dexcaus_dexcaus__lag077,0.69279,0.024443,0.139761,0.11375873
d__tasacbw027sbog_bank_ts_agency__lag053,0.667712,0.055865,0.114441,0.11371529
d__tasacbw027sbog_bank_ts_agency__lag056,0.667712,0.05535,0.114864,0.11365351
d__tasacbw027sbog_bank_ts_agency__lag055,0.667712,0.055621,0.11458,0.11364515
d__dexusuk_dexusuk__lag052,0.69279,0.023016,0.140949,0.11359323
d__tasacbw027sbog_bank_ts_agency__lag054,0.667712,0.055628,0.114464,0.11357223
d__tasacbw027sbog_bank_ts_agency__lag046,0.667712,0.055499,0.114556,0.11354767
d__tasacbw027sbog_bank_ts_agency__lag057,0.667712,0.054877,0.11514,0.11352274
d__tlaacbw027sbog_bank_ta__lag088,0.667712,0.071383,0.098602,0.11350112
d__aaa10y_aaa10y__lag009,0.54232,0.033826,0.175427,0.11348201
d__tasacbw027sbog_bank_ts_agency__lag048,0.667712,0.054863,0.115043,0.11344843
d__stlfsi4_stlfed_fin_stress_idx__lag014,0.404389,0.193172,0.087214,0.11338486
d__tasacbw027sbog_bank_ts_agency__lag047,0.667712,0.055162,0.114584,0.11334129
q__tfaabsnncb_nfcb_tfa__lag001,1.0,0.032482,0.080819,0.11330131
q__a024rc1q027sbea_cfc__lag001,0.990596,0.072604,0.041754,0.11328265
d__dexusuk_dexusuk__lag083,0.69279,0.011046,0.152454,0.11327082
d__tlaacbw027sbog_bank_ta__lag087,0.667712,0.070946,0.098679,0.11326059
d__dexusuk_dexusuk__lag057,0.69279,0.01848,0.144946,0.11321965
q__a024rc1q027sbea_cfc__lag002,0.987461,0.068561,0.045928,0.11305335
d__dexusuk_dexusuk__lag013,0.69279,0.016227,0.146879,0.11299822
q__a091rc1q027sbea_gov_interest_payments__lag007,0.971787,0.006311,0.109903,0.11293499
q__a091rc1q027sbea_fedgov_int__lag007,0.971787,0.006311,0.109903,0.11293499
d__tasacbw027sbog_bank_ts_agency__lag060,0.667712,0.057506,0.111481,0.11283458
q__bogz1fr563061103q_etfs_ts_reval__lag001,0.99373,0.01795,0.095552,0.11279095
d__tlaacbw027sbog_bank_ta__lag089,0.664577,0.071024,0.098634,0.11275107
d__aaa10y_aaa10y__lag011,0.54232,0.028123,0.179773,0.11274611
d__tasacbw027sbog_bank_ts_agency__lag059,0.667712,0.056956,0.111839,0.11270579
d__tasacbw027sbog_bank_ts_agency__lag058,0.667712,0.055675,0.113044,0.1126557
d__tlaacbw027sbog_bank_ta__lag090,0.664577,0.070832,0.098675,0.11265076
d__tasacbw027sbog_bank_ts_agency__lag063,0.667712,0.057367,0.111248,0.11258648
m__usphci_usphci__lag008,0.586207,0.095646,0.096398,0.11257749
d__tasacbw027sbog_bank_ts_agency__lag061,0.667712,0.057494,0.111099,0.11257141
d__dexusuk_dexusuk__lag088,0.689655,0.007833,0.155335,0.11252915
d__tasacbw027sbog_bank_ts_agency__lag075,0.667712,0.061969,0.106556,0.11252596
d__tasacbw027sbog_bank_ts_agency__lag062,0.667712,0.057729,0.11076,0.11250205
d__tasacbw027sbog_bank_ts_agency__lag076,0.667712,0.061987,0.106496,0.11249785
d__tasacbw027sbog_bank_ts_agency__lag072,0.667712,0.061208,0.107183,0.11243694
d__tasacbw027sbog_bank_ts_agency__lag073,0.667712,0.061587,0.106758,0.1124062
d__tasacbw027sbog_bank_ts_agency__lag064,0.667712,0.056758,0.111564,0.1123907
d__tasacbw027sbog_bank_ts_agency__lag074,0.667712,0.061439,0.10678,0.11232161
d__tasacbw027sbog_bank_ts_agency__lag077,0.667712,0.061618,0.106596,0.11231823
d__dexusuk_dexusuk__lag081,0.69279,0.008935,0.153147,0.11228892
d__nasdaqcom_nasdaqcom__lag042,0.69279,0.050282,0.11179,0.11228173
m__pcuomfgomfg_ppi_man__lag007,0.514107,0.148773,0.069607,0.11227078
q__bogz1fl892050005q_all_ffrepo__lag001,1.0,0.0345,0.077634,0.11213399
q__mmmffaq027s_mmf_tfa__lag001,1.0,0.002966,0.109094,0.11205994
q__pcesv_pcesv__lag005,0.978056,0.042652,0.071905,0.11204334
d__tasacbw027sbog_bank_ts_agency__lag078,0.667712,0.061087,0.10663,0.11198685
d__usepuindxd_policy_uncertainty__lag018,0.517241,0.040215,0.176285,0.11198309
m__amtmno_amtmno__lag005,0.426332,0.164571,0.098062,0.11196909
d__tasacbw027sbog_bank_ts_agency__lag079,0.667712,0.063019,0.104614,0.11193107
d__dexcaus_dexcaus__lag040,0.69279,0.012611,0.148899,0.11189265
m__pce_pce__lag002,0.84326,0.096601,0.036053,0.11186175
d__dexusuk_dexusuk__lag086,0.69279,0.006317,0.155137,0.11185384
m__usphci_usphci__lag007,0.586207,0.093442,0.097264,0.1117932
q__dividend_dividend__lag005,0.978056,0.077735,0.036545,0.11177191
d__dexusuk_dexusuk__lag035,0.69279,0.02278,0.138496,0.1117306
q__bogz1fl073164013q_dj_index__lag001,0.69279,0.077884,0.08323,0.11161808
d__tasacbw027sbog_bank_ts_agency__lag080,0.667712,0.06352,0.103634,0.11161014
d__tasacbw027sbog_bank_ts_agency__lag065,0.667712,0.05682,0.110285,0.11157776
q__bogz1fl892050005q_all_ffrepo__lag007,0.987461,0.008934,0.104046,0.11156399
d__tasacbw027sbog_bank_ts_agency__lag081,0.667712,0.063623,0.103457,0.11156084
m__pcepi_pcepi__lag003,0.84326,0.102052,0.03022,0.11154003
m__pcepi_pce_price_index__lag003,0.84326,0.102052,0.03022,0.11154003
d__tasacbw027sbog_bank_ts_agency__lag066,0.667712,0.057801,0.109242,0.11153652
d__tasacbw027sbog_bank_ts_agency__lag071,0.667712,0.057749,0.109186,0.1114639
d__tasacbw027sbog_bank_ts_agency__lag082,0.667712,0.063484,0.103436,0.11145395
d__tasacbw027sbog_bank_ts_agency__lag067,0.667712,0.057464,0.10943,0.11143681
d__tasacbw027sbog_bank_ts_agency__lag070,0.667712,0.057434,0.109355,0.11136706
d__nasdaqcom_nasdaqcom__lag041,0.69279,0.048947,0.111795,0.11136008
d__tasacbw027sbog_bank_ts_agency__lag085,0.667712,0.062606,0.104159,0.11135111
d__tasacbw027sbog_bank_ts_agency__lag084,0.667712,0.062854,0.103847,0.1113077
d__tasacbw027sbog_bank_ts_agency__lag083,0.667712,0.06322,0.103418,0.11126655
d__tasacbw027sbog_bank_ts_agency__lag068,0.667712,0.057406,0.10921,0.11125142
m__pcuomfgomfg_ppi_man__lag009,0.510972,0.149122,0.068541,0.11121973
d__tasacbw027sbog_bank_ts_agency__lag069,0.667712,0.057147,0.109358,0.11117697
m__pce_pce__lag008,0.836991,0.105708,0.027034,0.11110314
q__b461rc1q027sbea_netva_wages__lag006,0.974922,0.038889,0.075045,0.11107682
d__dexusuk_dexusuk__lag034,0.69279,0.020489,0.139801,0.11104728
q__gpdi_gpdi__lag007,0.971787,0.007833,0.106407,0.11101714
d__tasacbw027sbog_bank_ts_agency__lag088,0.667712,0.063162,0.103091,0.11100881
d__tasacbw027sbog_bank_ts_agency__lag086,0.667712,0.062875,0.103306,0.11096087
d__dexusuk_dexusuk__lag032,0.69279,0.019621,0.140433,0.11088371
m__amtmno_amtmno__lag001,0.429467,0.184903,0.073263,0.11087413
d__tasacbw027sbog_bank_ts_agency__lag087,0.667712,0.062602,0.103255,0.11074473
d__vixcls_vixcls__lag018,0.454545,0.115235,0.128383,0.11073537
q__tfaabshno_hhnp_tfa__lag006,0.990596,0.065918,0.04563,0.11049902
d__dexusuk_dexusuk__lag012,0.69279,0.013057,0.146402,0.11047193
m__mtso133fms_fedgov_out__lag004,0.567398,0.005029,0.189596,0.11042996
d__nasdaqcom_nasdaqcom__lag040,0.69279,0.048096,0.11115,0.11032381
q__bogz1fa263061145q_row_priv_tsy_tx__lag002,0.990596,0.049233,0.062136,0.11032191
q__gdpc1_real_gdp__lag005,0.978056,0.030741,0.082006,0.11027273
d__aaa10y_aaa10y__lag010,0.54232,0.023465,0.179822,0.11024649
q__w328rc1q027sbea_nfcb_pat__lag001,0.990596,0.074459,0.036775,0.11018821
q__bogz1fr513061115q_pci_bills_reval__lag008,0.971787,0.065667,0.047716,0.11018424
d__dexcaus_dexcaus__lag042,0.69279,0.007368,0.151661,0.11017374
q__bogz1lm513061105q_pci_tsy_raw__lag007,0.987461,0.020915,0.090587,0.11010386
q__bogz1lm513061105q_pc_insurance_ts__lag007,0.987461,0.020915,0.090587,0.11010386
q__bogz1lm513061105q_p_c_insurance_ts__lag007,0.987461,0.020915,0.090587,0.11010386
m__pcepi_pcepi__lag012,0.833856,0.088477,0.043537,0.11008058
m__pcepi_pce_price_index__lag012,0.833856,0.088477,0.043537,0.11008058
q__rowmfsq027s_row_mutualfundshares_flow__lag006,0.978056,0.063055,0.049478,0.11006412
m__neworder_neworder__lag007,0.423197,0.149604,0.110416,0.11003999
q__bogz1fl713061113q_cb_bills_raw__lag002,1.0,0.049245,0.060795,0.11003984
q__bogz1fl713061113q_cb_bills__lag002,1.0,0.049245,0.060795,0.11003984
d__dexcaus_dexcaus__lag075,0.69279,0.02301,0.135781,0.11000931
d__tasacbw027sbog_bank_ts_agency__lag089,0.664577,0.062859,0.102664,0.11000289
d__dexcaus_dexcaus__lag076,0.69279,0.025447,0.13331,0.10998538
d__nasdaqcom_nasdaqcom__lag043,0.69279,0.049539,0.109096,0.1099009
m__pcepilfe_pcepilfe__lag001,0.84326,0.095418,0.034889,0.10988287
d__tasacbw027sbog_bank_ts_agency__lag090,0.664577,0.063069,0.102214,0.1098432
d__nasdaqcom_nasdaqcom__lag039,0.69279,0.047439,0.11108,0.10982045
m__pcepilfe_pcepilfe__lag002,0.84326,0.095856,0.03435,0.10979827
d__nasdaqcom_nasdaqcom__lag038,0.69279,0.044299,0.114149,0.1097712
q__iatashcbsnncb_nfcb_hc_inventories__lag003,1.0,0.062501,0.047252,0.1097529
d__dexusuk_dexusuk__lag077,0.69279,0.007437,0.150885,0.1096839
m__usphci_usphci__lag004,0.589342,0.098321,0.087708,0.10963469
m__pce_pce__lag003,0.84326,0.093911,0.036087,0.10962249
d__dexusuk_dexusuk__lag033,0.69279,0.018792,0.139438,0.10962027
q__bogz1fl884035005q_dom_loan_a__lag005,0.99373,0.020216,0.09006,0.10958441
m__pcend_pcend__lag004,0.840125,0.089651,0.040513,0.10935408
d__nasdaqcom_nasdaqcom__lag046,0.69279,0.050616,0.107202,0.10933443
q__b093rc1q027sbea_gov_int_row__lag005,0.978056,0.019168,0.092583,0.10929866
d__usepuindxd_policy_uncertainty__lag020,0.517241,0.096175,0.115123,0.10929177
q__tnwhcbsnncb_nfcb_hc_nw__lag001,1.0,0.041271,0.068011,0.10928178
m__pcend_pcend__lag003,0.84326,0.093449,0.036054,0.10920462
q__bogz1lm513061105q_pci_tsy_raw__lag008,0.984326,0.009436,0.101491,0.10918884
q__bogz1lm513061105q_pc_insurance_ts__lag008,0.984326,0.009436,0.101491,0.10918884
q__bogz1lm513061105q_p_c_insurance_ts__lag008,0.984326,0.009436,0.101491,0.10918884
d__nasdaqcom_nasdaqcom__lag044,0.69279,0.051969,0.105551,0.10912796
q__bogz1fl704035005q_usb_loan_a__lag003,1.0,0.000102,0.108995,0.10909738
d__dexusuk_dexusuk__lag004,0.69279,0.014216,0.142925,0.10886615
q__a091rc1q027sbea_gov_interest_payments__lag006,0.974922,0.012829,0.098832,0.10886099
q__a091rc1q027sbea_fedgov_int__lag006,0.974922,0.012829,0.098832,0.10886099
m__dgorder_dgorder__lag005,0.426332,0.126289,0.128927,0.10880715
d__dexusuk_dexusuk__lag075,0.69279,0.004753,0.152237,0.10876082
m__pcepi_pcepi__lag004,0.840125,0.098969,0.030342,0.10863725
m__pcepi_pce_price_index__lag004,0.840125,0.098969,0.030342,0.10863725
d__dexusuk_dexusuk__lag002,0.69279,0.011829,0.144958,0.10862074
q__fpi_fpi__lag007,0.971787,0.015684,0.096077,0.10860775
q__fpi_invest_priv_fixed__lag007,0.971787,0.015684,0.096077,0.10860775
m__pcepilfe_pcepilfe__lag012,0.833856,0.080448,0.049719,0.10854055
d__dexusuk_dexusuk__lag078,0.69279,0.005559,0.15109,0.10852464
d__vixcls_vixcls__lag019,0.454545,0.107814,0.130699,0.10841491
d__dexusuk_dexusuk__lag008,0.69279,0.014358,0.142094,0.10838821
m__pce_pce__lag007,0.836991,0.100465,0.029029,0.10838506
m__ltdacbm027nbog_ltd__lag005,0.664577,0.082488,0.080596,0.10838135
m__neworder_neworder__lag008,0.423197,0.133383,0.122692,0.10837052
d__nasdaqcom_nasdaqcom__lag047,0.69279,0.049972,0.10643,0.10835365
d__dexcaus_dexcaus__lag041,0.69279,0.008829,0.14748,0.10828934
d__nasdaqcom_nasdaqcom__lag048,0.69279,0.048077,0.108218,0.10827944
q__b461rc1q027sbea_netva_wages__lag008,0.968652,0.031701,0.080082,0.10827859
d__nasdaqcom_nasdaqcom__lag045,0.69279,0.051768,0.104521,0.1082756
m__iputil_iputil__lag006,1.0,0.021958,0.086317,0.10827465
m__pcepi_pcepi__lag005,0.840125,0.099459,0.02941,0.10826656
m__pcepi_pce_price_index__lag005,0.840125,0.099459,0.02941,0.10826656
m__pcepi_pcepi__lag011,0.833856,0.087768,0.04199,0.10819995
m__pcepi_pce_price_index__lag011,0.833856,0.087768,0.04199,0.10819995
q__gdp_gdp__lag005,0.978056,0.05145,0.059147,0.10816997
m__usphci_usphci__lag005,0.589342,0.09927,0.084128,0.10808431
m__pcepi_pcepi__lag006,0.840125,0.098467,0.03014,0.10804647
m__pcepi_pce_price_index__lag006,0.840125,0.098467,0.03014,0.10804647
m__pcepilfe_pcepilfe__lag003,0.84326,0.093555,0.034446,0.10793846
m__pcepi_pcepi__lag007,0.836991,0.097014,0.031936,0.10793015
m__pcepi_pce_price_index__lag007,0.836991,0.097014,0.031936,0.10793015
m__pcuomfgomfg_ppi_man__lag006,0.514107,0.142704,0.067116,0.10786962
d__stlfsi4_stlfed_fin_stress_idx__lag015,0.404389,0.192556,0.074169,0.10786045
m__pcepi_pcepi__lag010,0.833856,0.090751,0.038509,0.10778459
m__pcepi_pce_price_index__lag010,0.833856,0.090751,0.038509,0.10778459
q__bogz1fl383061105q_dom_nonfin_sector_tsy__lag002,1.0,0.005193,0.102591,0.10778328
m__pcepi_pcepi__lag008,0.836991,0.096095,0.032658,0.1077652
m__pcepi_pce_price_index__lag008,0.836991,0.096095,0.032658,0.1077652
m__pcuomfgomfg_ppi_man__lag008,0.510972,0.143642,0.067223,0.10774612
d__dexusuk_dexusuk__lag031,0.69279,0.01809,0.137352,0.10768914
m__usphci_usphci__lag006,0.589342,0.102972,0.079739,0.10767879
m__pcuomfgomfg_ppi_man__lag010,0.510972,0.14437,0.066242,0.10761669
m__mtso133fms_fedgov_out__lag002,0.570533,0.048971,0.139603,0.10758741
m__pcepi_pcepi__lag009,0.836991,0.093284,0.035225,0.10756146
m__pcepi_pce_price_index__lag009,0.836991,0.093284,0.035225,0.10756146
d__dexusuk_dexusuk__lag079,0.69279,0.001811,0.153445,0.10755964
d__dexusuk_dexusuk__lag076,0.69279,0.004667,0.150556,0.10753667
q__bogz1lm733061103q_holding_companies_ts__lag008,0.984326,0.073035,0.036195,0.10751796
d__usepuindxd_policy_uncertainty__lag089,0.517241,0.049065,0.158768,0.1075001
q__bogz1fa563061103q_etfs_ts_tx__lag004,0.984326,0.021882,0.087192,0.10736353
d__dexusuk_dexusuk__lag005,0.69279,0.011307,0.143616,0.10732924
m__pce_pce__lag004,0.840125,0.092094,0.035506,0.10719957
d__nasdaqcom_nasdaqcom__lag050,0.69279,0.049624,0.105081,0.10717848
m__pcepilfe_pcepilfe__lag011,0.833856,0.080464,0.048017,0.10713441
m__neworder_neworder__lag011,0.420063,0.134121,0.120605,0.107001
d__usepuindxd_policy_uncertainty__lag029,0.517241,0.123177,0.083578,0.10694234
q__bogz1fr383061105q_dom_nonfin_sector_tsy_reval__lag001,0.99373,0.014108,0.093481,0.10691483
d__nasdaqcom_nasdaqcom__lag037,0.69279,0.042393,0.111923,0.10690912
d__nasdaqcom_nasdaqcom__lag049,0.69279,0.047338,0.106975,0.10690658
d__usepuindxd_policy_uncertainty__lag051,0.517241,0.066208,0.140036,0.10667753
q__fpi_fpi__lag006,0.974922,0.023807,0.085535,0.1065999
q__fpi_invest_priv_fixed__lag006,0.974922,0.023807,0.085535,0.1065999
d__dexusuk_dexusuk__lag082,0.69279,0.004211,0.149642,0.10658838
q__bogz1fa653061113q_mutf_bills_tx__lag005,0.981191,0.018677,0.089954,0.10658739
d__stlfsi4_stlfed_fin_stress_idx__lag013,0.404389,0.17138,0.092016,0.10651436
q__bogz1fa313161110q_totalbills_z1_tx__lag006,0.978056,0.023834,0.085023,0.106468
d__dexusuk_dexusuk__lag014,0.69279,0.009801,0.143822,0.10642843
m__pcepilfe_pcepilfe__lag009,0.836991,0.085264,0.04186,0.10640192
m__dgorder_dgorder__lag011,0.420063,0.106446,0.146696,0.10633589
m__dspi_dspi__lag008,0.836991,0.044323,0.082649,0.10627467
d__nasdaqcom_nasdaqcom__lag053,0.69279,0.042777,0.11042,0.10613339
m__pcepilfe_pcepilfe__lag010,0.833856,0.082247,0.045025,0.10612656
q__bogz1fl264035005q_row_loans_a__lag002,1.0,0.01434,0.091777,0.10611676
d__dexcaus_dexcaus__lag039,0.69279,0.00639,0.146719,0.10607247
m__amtmno_amtmno__lag012,0.416928,0.133738,0.12056,0.10602385
m__pcepilfe_pcepilfe__lag004,0.840125,0.091191,0.034948,0.10597236
m__pcepilfe_pcepilfe__lag006,0.840125,0.089667,0.036393,0.1059056
q__bogz1fa513061105q_pc_insurance_ts_tx__lag002,0.990596,0.006718,0.100169,0.10588159
m__pcepilfe_pcepilfe__lag005,0.840125,0.090618,0.035389,0.10586166
m__pcepilfe_pcepilfe__lag008,0.836991,0.086461,0.039971,0.10582234
d__totci_totci__lag011,0.667712,0.033567,0.124723,0.10569246
m__pcuomfgomfg_ppi_man__lag005,0.514107,0.147605,0.057895,0.10564912
q__bogz1fa563061103q_etfs_ts_tx__lag006,0.978056,0.024877,0.083123,0.10563014
d__dexusuk_dexusuk__lag006,0.69279,0.009642,0.142784,0.10559883
m__pce_pce__lag005,0.840125,0.09851,0.02696,0.10541081
d__dexcaus_dexcaus__lag074,0.69279,0.018796,0.133357,0.10540967
d__totci_totci__lag008,0.667712,0.03375,0.124029,0.10535105
m__pcepilfe_pcepilfe__lag007,0.836991,0.087409,0.038453,0.10534598
d__nasdaqcom_nasdaqcom__lag057,0.689655,0.04539,0.107332,0.10532571
d__totci_totci__lag012,0.667712,0.033019,0.124683,0.10529961
d__totci_totci__lag014,0.667712,0.032974,0.124634,0.10523698
m__neworder_neworder__lag010,0.420063,0.142842,0.107648,0.10522158
d__totci_totci__lag010,0.667712,0.03215,0.125414,0.10520721
m__mtsr133fms_fedgov_rcpt__lag001,0.570533,0.060325,0.124049,0.10519095
d__totci_totci__lag013,0.667712,0.03283,0.124639,0.1051434
q__bogz1fr263061145q_row_priv_tsy_reval__lag001,0.99373,0.042642,0.063163,0.1051417
d__nasdaqcom_nasdaqcom__lag061,0.689655,0.04903,0.103338,0.10508108
d__dexcaus_dexcaus__lag060,0.69279,0.020025,0.131597,0.10504202
q__a4102c1q027sbea_gdi_wages__lag005,0.978056,0.046956,0.060354,0.10495564
d__totci_totci__lag009,0.667712,0.032747,0.124404,0.10493117
q__gpdi_gpdi__lag008,0.968652,0.004167,0.104094,0.10486637
d__nasdaqcom_nasdaqcom__lag066,0.689655,0.042432,0.109431,0.10473258
d__nasdaqcom_nasdaqcom__lag062,0.689655,0.049383,0.10245,0.104712
d__nasdaqcom_nasdaqcom__lag060,0.689655,0.051414,0.100289,0.10462223
d__nasdaqcom_nasdaqcom__lag067,0.689655,0.044399,0.10727,0.10459929
q__bogz1lm343061165q_fed_gov_db_retirement_ts__lag005,0.99373,0.018781,0.086401,0.1045227
q__bogz1lm343061165q_fed_ret_tsy_db__lag005,0.99373,0.018781,0.086401,0.1045227
q__a091rc1q027sbea_gov_interest_payments__lag005,0.978056,0.022882,0.083942,0.10448022
q__a091rc1q027sbea_fedgov_int__lag005,0.978056,0.022882,0.083942,0.10448022
q__fpi_fpi__lag005,0.978056,0.035002,0.071775,0.10443385
q__fpi_invest_priv_fixed__lag005,0.978056,0.035002,0.071775,0.10443385
d__dexusuk_dexusuk__lag007,0.69279,0.007872,0.142856,0.10442285
d__nasdaqcom_nasdaqcom__lag069,0.689655,0.041314,0.11008,0.10441017
m__pcend_pcend__lag007,0.836991,0.101635,0.023045,0.10435526
d__nasdaqcom_nasdaqcom__lag056,0.689655,0.043072,0.108208,0.10433107
q__bogz1fl313161305q_gov_nonmarketable_ts__lag008,0.984326,0.065257,0.040627,0.10422366
d__nasdaqcom_nasdaqcom__lag070,0.689655,0.04048,0.110616,0.10420397
d__dexcaus_dexcaus__lag061,0.69279,0.018823,0.131555,0.10418082
q__bogz1lm102010005q_nfcb_nfassets__lag008,0.984326,0.009389,0.096444,0.10417438
m__pcedg_pcedg__lag011,0.833856,0.079283,0.045606,0.10414005
q__bogz1fa663061165q_brokers_dealers_long_ts_tx__lag006,0.978056,0.097111,0.009361,0.10413567
q__b461rc1q027sbea_netva_wages__lag005,0.978056,0.046736,0.05973,0.10412939
d__nasdaqcom_nasdaqcom__lag055,0.69279,0.041372,0.108786,0.10402815
m__pcuomfgomfg_ppi_man__lag002,0.517241,0.149524,0.051543,0.10400038
d__nasdaqcom_nasdaqcom__lag068,0.689655,0.042928,0.107863,0.10399391
m__pcend_pcend__lag009,0.836991,0.121371,0.002823,0.10394913
q__bogz1lm473061105q_credit_unions_ts__lag004,0.996865,0.071795,0.032449,0.1039173
q__bogz1lm473061105q_credit_unions_ts_tx__lag004,0.996865,0.071795,0.032449,0.1039173
d__usepuindxd_policy_uncertainty__lag078,0.517241,0.085263,0.115608,0.10389869
q__bogz1fa503061123q_ccps_ts_tx__lag004,0.984326,0.036539,0.068983,0.10386726
d__nasdaqcom_nasdaqcom__lag071,0.689655,0.037271,0.113185,0.10376285
d__nasdaqcom_nasdaqcom__lag059,0.689655,0.051222,0.098961,0.10357442
m__pce_pce__lag010,0.833856,0.09171,0.032418,0.10350472
q__tnwmvbsnncb_nfcb_nw__lag001,1.0,0.050472,0.052992,0.10346368
d__nasdaqcom_nasdaqcom__lag065,0.689655,0.047456,0.102538,0.10344377
d__dexcaus_dexcaus__lag062,0.69279,0.015966,0.133118,0.1032841
q__bogz1lm733061103q_holding_companies_ts__lag004,0.996865,0.043046,0.060515,0.10323635
d__dexusuk_dexusuk__lag026,0.69279,0.013039,0.135873,0.10316505
d__nasdaqcom_nasdaqcom__lag051,0.69279,0.043668,0.105175,0.10311646
d__nasdaqcom_nasdaqcom__lag054,0.69279,0.04003,0.10879,0.10310099
q__b639rg3q086sbea_exp_ind_pi__lag006,0.724138,0.11524,0.027009,0.10300799
d__nasdaqcom_nasdaqcom__lag035,0.69279,0.040552,0.108086,0.10297447
d__nasdaqcom_nasdaqcom__lag052,0.69279,0.044078,0.104227,0.10274438
d__nasdaqcom_nasdaqcom__lag063,0.689655,0.048247,0.10073,0.10274314
q__rowmslq027s_row_muni_flow__lag003,0.987461,0.047061,0.056965,0.10272227
d__nasdaqcom_nasdaqcom__lag036,0.69279,0.039601,0.108636,0.10269721
m__pcedg_pcedg__lag007,0.836991,0.094289,0.028327,0.10262836
d__dexusuk_dexusuk__lag001,0.69279,0.005879,0.142168,0.10256558
q__bogz1fl264035005q_row_loans_a__lag004,0.996865,0.023875,0.078692,0.10224596
m__pce_pce__lag006,0.840125,0.100763,0.020865,0.10218285
q__bogz1fa263061130q_row_gov_tsy_tx__lag008,0.971787,0.045052,0.059962,0.1020518
d__nasdaqcom_nasdaqcom__lag072,0.689655,0.038751,0.109202,0.10203682
d__nasdaqcom_nasdaqcom__lag064,0.689655,0.044867,0.10308,0.10203266
d__nasdaqcom_nasdaqcom__lag030,0.69279,0.039439,0.107773,0.10198732
m__pcend_pcend__lag006,0.840125,0.101116,0.020198,0.10191921
d__dexusuk_dexusuk__lag020,0.69279,0.00535,0.141623,0.10182145
q__bogz1fr153061105q_hhnp_tsy_reval__lag001,0.99373,0.024799,0.077597,0.10175437
q__bogz1fa343061165q_fed_gov_db_retirement_ts_tx__lag004,0.984326,0.029014,0.074285,0.10168054
d__clsacbw027sbog_cons_loans__lag001,0.667712,0.081865,0.07028,0.10158888
d__nasdaqcom_nasdaqcom__lag058,0.689655,0.048267,0.099017,0.10157519
m__mtsr133fms_fedgov_rcpt__lag002,0.570533,0.040524,0.137332,0.10147268
d__nasdaqcom_nasdaqcom__lag028,0.69279,0.038513,0.107903,0.10143602
q__bogz1fl743061103q_usb_tsy_dom__lag004,0.996865,0.034882,0.066753,0.10131688
d__usepuindxd_policy_uncertainty__lag021,0.517241,0.061964,0.133908,0.10131338
q__bogz1fl663061165q_brokers_dealers_long_ts__lag001,1.0,0.038666,0.062638,0.1013036
m__pcend_pcend__lag005,0.840125,0.102841,0.017706,0.10127501
q__bogz1fr513061115q_pci_bills_reval__lag002,0.990596,0.051737,0.050341,0.10111859
d__dexusuk_dexusuk__lag027,0.69279,0.012174,0.133756,0.10109929
q__bogz1lm343061165q_fed_gov_db_retirement_ts__lag004,0.996865,0.006713,0.094668,0.10106387
q__bogz1lm343061165q_fed_ret_tsy_db__lag004,0.996865,0.006713,0.094668,0.10106387
d__nasdaqcom_nasdaqcom__lag073,0.689655,0.037804,0.108407,0.10083497
d__dexusuk_dexusuk__lag003,0.69279,0.004911,0.140494,0.1007347
d__nasdaqcom_nasdaqcom__lag084,0.689655,0.033027,0.112764,0.10054514
m__neworder_neworder__lag005,0.426332,0.138356,0.097317,0.10047498
q__bogz1fl073164013q_dj_index__lag003,0.68652,0.102072,0.044217,0.10043005
d__dexusuk_dexusuk__lag017,0.69279,0.012734,0.132229,0.10042896
m__mtso133fms_fedgov_out__lag005,0.567398,0.016136,0.160669,0.10031884
d__nasdaqcom_nasdaqcom__lag082,0.689655,0.035176,0.110042,0.10015033
m__amtmno_amtmno__lag011,0.420063,0.130786,0.107507,0.10009771
d__nasdaqcom_nasdaqcom__lag033,0.69279,0.039021,0.105422,0.10006849
d__nasdaqcom_nasdaqcom__lag031,0.69279,0.038183,0.106198,0.10002627
d__nasdaqcom_nasdaqcom__lag034,0.69279,0.039731,0.10446,0.09989407
d__dexusuk_dexusuk__lag023,0.69279,0.007026,0.137121,0.0998633
d__dexusuk_dexusuk__lag019,0.69279,0.003536,0.14058,0.0998423
m__neworder_neworder__lag001,0.429467,0.166933,0.06551,0.09982669
d__dexusuk_dexusuk__lag016,0.69279,0.009294,0.134779,0.09981186
m__neworder_neworder__lag004,0.426332,0.152569,0.081515,0.09979754
q__ncbtsaq027s_nfcb_tsy_tx__lag006,0.978056,0.082191,0.019831,0.09978354
d__nasdaqcom_nasdaqcom__lag027,0.69279,0.037802,0.106193,0.09975823
d__nasdaqcom_nasdaqcom__lag083,0.689655,0.037715,0.106896,0.09973219
q__dividend_dividend__lag004,0.981191,0.076267,0.025362,0.09971778
q__b092rc1q027sbea_gov_int_priv__lag007,0.808777,0.022215,0.101034,0.09968112
q__iatashcbsnncb_nfcb_hc_inventories__lag005,0.99373,0.015767,0.084515,0.09965335
m__neworder_neworder__lag002,0.429467,0.147701,0.084227,0.09960524
d__nasdaqcom_nasdaqcom__lag032,0.69279,0.039699,0.104073,0.09960335
m__pcuomfgomfg_ppi_man__lag011,0.507837,0.14431,0.051766,0.09957478
d__usepuindxd_policy_uncertainty__lag036,0.517241,0.056807,0.135408,0.09942145
q__bogz1lm733061103q_holding_companies_ts__lag005,0.99373,0.048905,0.051037,0.09931573
d__nasdaqcom_nasdaqcom__lag074,0.689655,0.037733,0.106256,0.09930302
q__a091rc1q027sbea_gov_interest_payments__lag004,0.981191,0.032345,0.068855,0.09929657
q__a091rc1q027sbea_fedgov_int__lag004,0.981191,0.032345,0.068855,0.09929657
d__dexcaus_dexcaus__lag073,0.69279,0.014467,0.128851,0.09928913
d__nasdaqcom_nasdaqcom__lag086,0.689655,0.037096,0.106765,0.09921462
d__nasdaqcom_nasdaqcom__lag081,0.689655,0.032532,0.111229,0.09914521
q__bogz1fa543461113q_li_bills_tx__lag006,0.978056,0.016381,0.084764,0.09892523
d__nasdaqcom_nasdaqcom__lag075,0.689655,0.033118,0.110224,0.09885657
q__bogz1fl884035005q_dom_loan_a__lag004,0.996865,0.020933,0.078185,0.0988077
d__nasdaqcom_nasdaqcom__lag085,0.689655,0.037036,0.106176,0.09876713
d__nasdaqcom_nasdaqcom__lag025,0.69279,0.034503,0.108007,0.09872952
m__pce_pce__lag001,0.84326,0.091125,0.025943,0.09871938
q__tnwmvbsnncb_nfcb_nw__lag003,1.0,0.059613,0.039045,0.09865752
q__a457rc1q027sbea_netva_nfcb__lag005,0.978056,0.054182,0.046561,0.09853298
d__dexusuk_dexusuk__lag030,0.69279,0.00736,0.134772,0.09846756
q__bogz1lm473061105q_credit_unions_ts__lag008,0.984326,0.080508,0.019522,0.09846264
q__bogz1lm473061105q_credit_unions_ts_tx__lag008,0.984326,0.080508,0.019522,0.09846264
d__dexusuk_dexusuk__lag015,0.69279,0.005875,0.136229,0.09844815
d__dexcaus_dexcaus__lag063,0.69279,0.008683,0.133382,0.09842115
d__nasdaqcom_nasdaqcom__lag078,0.689655,0.035245,0.107283,0.09829497
d__nasdaqcom_nasdaqcom__lag076,0.689655,0.033133,0.109309,0.09823558
d__nasdaqcom_nasdaqcom__lag029,0.69279,0.036837,0.104795,0.09812084
d__nasdaqcom_nasdaqcom__lag024,0.69279,0.033639,0.107992,0.09812082
d__nasdaqcom_nasdaqcom__lag079,0.689655,0.033806,0.108304,0.09800622
d__dexusuk_dexusuk__lag025,0.69279,0.007221,0.134212,0.09798314
d__dexusuk_dexusuk__lag029,0.69279,0.007576,0.133824,0.09796022
d__nasdaqcom_nasdaqcom__lag077,0.689655,0.033589,0.108374,0.09790594
d__nasdaqcom_nasdaqcom__lag080,0.689655,0.033463,0.108384,0.0978253
q__bogz1lm733061103q_holding_companies_ts__lag007,0.987461,0.068835,0.030181,0.09777446
q__rrvrusq156n_rental_vacancy__lag008,0.855799,0.023725,0.090434,0.09769754
q__bogz1fl073164013q_dj_index__lag005,0.680251,0.095077,0.048157,0.09743566
q__tfaabsnncb_nfcb_tfa__lag002,1.0,0.032389,0.065044,0.09743355
q__b092rc1q027sbea_gov_int_priv__lag006,0.811912,0.028534,0.091454,0.09741985
q__bogz1fl704035005q_usb_loan_a__lag001,1.0,0.01456,0.082844,0.09740467
d__nasdaqcom_nasdaqcom__lag026,0.69279,0.034176,0.10634,0.09734791
d__nasdaqcom_nasdaqcom__lag087,0.689655,0.038199,0.102769,0.09721967
d__nasdaqcom_nasdaqcom__lag023,0.69279,0.035967,0.104134,0.09706057
q__rowstaq027s_row_stloan_a__lag006,0.990596,0.02103,0.07694,0.09704918
d__nasdaqcom_nasdaqcom__lag021,0.69279,0.03041,0.109569,0.09697633
m__rmfsl_mmf__lag012,0.658307,0.057495,0.089752,0.09693434
d__dexusuk_dexusuk__lag028,0.69279,0.00664,0.13314,0.09683817
d__dexusuk_dexusuk__lag021,0.69279,0.002312,0.137211,0.09666014
d__nasdaqcom_nasdaqcom__lag022,0.69279,0.032465,0.106941,0.09657916
d__usepuindxd_policy_uncertainty__lag062,0.517241,0.041435,0.145011,0.09643744
d__nasdaqcom_nasdaqcom__lag088,0.689655,0.03697,0.102783,0.09638162
q__bogz1fl264035005q_row_loans_a__lag001,1.0,0.003071,0.09331,0.09638091
d__dexusuk_dexusuk__lag022,0.69279,0.001914,0.136977,0.09622229
q__bogz1fl704035005q_usb_loan_a__lag002,1.0,0.002392,0.093691,0.09608328
m__pcuomfgomfg_ppi_man__lag003,0.517241,0.141275,0.04443,0.09605406
q__bogz1fl073164013q_dj_index__lag002,0.689655,0.083399,0.055659,0.09590262
q__fpi_fpi__lag008,0.968652,0.005183,0.093823,0.0959021
q__fpi_invest_priv_fixed__lag008,0.968652,0.005183,0.093823,0.0959021
q__rownblq027s_row_nonfinbusinessloans_flow__lag006,0.978056,0.057181,0.040732,0.0957645
d__usepuindxd_policy_uncertainty__lag013,0.517241,0.010912,0.174215,0.09575536
q__bogz1lm102010005q_nfcb_nfassets__lag007,0.987461,0.012106,0.084849,0.09573913
d__dexcaus_dexcaus__lag072,0.69279,0.013336,0.124796,0.09569655
d__usepuindxd_policy_uncertainty__lag063,0.517241,0.054026,0.130726,0.09556137
d__nasdaqcom_nasdaqcom__lag017,0.69279,0.028379,0.109459,0.09549262
d__usepuindxd_policy_uncertainty__lag071,0.517241,0.011305,0.173149,0.09540734
q__fgrecpt_fgrecpt__lag008,0.968652,0.050133,0.048358,0.09540367
d__nasdaqcom_nasdaqcom__lag015,0.69279,0.028727,0.10888,0.09533301
q__bogz1fa383061105q_dom_nonfin_sector_tsy_tx__lag005,0.981191,0.001826,0.095315,0.09531376
d__usepuindxd_policy_uncertainty__lag079,0.517241,0.063115,0.121088,0.09527731
q__bogz1fl884135005q_dom_loan_l__lag005,0.99373,0.013763,0.082032,0.09519451
d__nasdaqcom_nasdaqcom__lag089,0.689655,0.041682,0.096348,0.09519307
d__nasdaqcom_nasdaqcom__lag008,0.69279,0.02905,0.108285,0.09514443
m__mtso133fms_fedgov_out__lag008,0.564263,0.011947,0.156624,0.0951185
q__bogz1lm473061105q_credit_unions_ts__lag006,0.990596,0.076922,0.019056,0.09507578
q__bogz1lm473061105q_credit_unions_ts_tx__lag006,0.990596,0.076922,0.019056,0.09507578
d__nasdaqcom_nasdaqcom__lag007,0.69279,0.028962,0.108271,0.09507407
m__pcuomfgomfg_ppi_man__lag004,0.517241,0.135963,0.047814,0.09505682
d__nasdaqcom_nasdaqcom__lag005,0.69279,0.027536,0.109633,0.0950294
d__dexusuk_dexusuk__lag018,0.69279,0.001381,0.135653,0.09493595
d__nasdaqcom_nasdaqcom__lag006,0.69279,0.0268,0.110172,0.09489309
d__nasdaqcom_nasdaqcom__lag090,0.689655,0.046479,0.0911,0.09488176
d__nasdaqcom_nasdaqcom__lag018,0.69279,0.02929,0.107664,0.09488033
m__pcend_pcend__lag008,0.836991,0.107175,0.005902,0.09464465
q__rowstaq027s_row_stloan_a__lag002,1.0,0.02371,0.070883,0.09459277
d__nasdaqcom_nasdaqcom__lag020,0.69279,0.029729,0.106769,0.09456458
d__nasdaqcom_nasdaqcom__lag009,0.69279,0.026526,0.109727,0.09439432
d__totbkcr_totbkcr__lag001,0.667712,0.056542,0.084738,0.09433455
m__rmfsl_mmf__lag008,0.661442,0.072491,0.070082,0.09430394
m__usphci_usphci__lag010,0.583072,0.050008,0.11166,0.09426386
d__nasdaqcom_nasdaqcom__lag019,0.69279,0.029716,0.106329,0.09425065
d__nasdaqcom_nasdaqcom__lag004,0.69279,0.026963,0.108953,0.09416147
d__nasdaqcom_nasdaqcom__lag010,0.69279,0.027445,0.108154,0.09394188
q__qbpbsrskk_tier1rbc__lag001,0.526646,0.090734,0.087533,0.09388346
q__bogz1fa343061165q_fed_gov_db_retirement_ts_tx__lag001,0.99373,0.017382,0.077078,0.0938676
d__nasdaqcom_nasdaqcom__lag016,0.69279,0.026949,0.108491,0.09383149
q__b092rc1q027sbea_gov_int_priv__lag004,0.818182,0.038752,0.075925,0.09382627
m__rmfsl_mmf__lag009,0.661442,0.067713,0.074007,0.09373907
q__qbpbslevk_tier1lc__lag001,0.526646,0.090671,0.087273,0.09371332
q__b092rc1q027sbea_gov_int_priv__lag005,0.815047,0.034988,0.079986,0.09370941
d__totci_totci__lag015,0.667712,0.029656,0.11056,0.0936244
m__pcedg_pcedg__lag001,0.84326,0.060324,0.050592,0.09353103
m__pcuomfgomfg_ppi_man__lag012,0.507837,0.139659,0.044116,0.09332782
d__dexcaus_dexcaus__lag068,0.69279,0.00953,0.125063,0.09324494
q__bogz1lm102010005q_nfcb_nfassets__lag005,0.99373,0.029639,0.064094,0.09314574
d__nasdaqcom_nasdaqcom__lag013,0.69279,0.030242,0.104161,0.093113
d__nasdaqcom_nasdaqcom__lag002,0.69279,0.02797,0.106306,0.09302544
q__tnwmvbsnncb_nfcb_nw__lag002,1.0,0.05419,0.03882,0.09300988
d__nasdaqcom_nasdaqcom__lag001,0.69279,0.027606,0.106388,0.09282935
d__totci_totci__lag016,0.667712,0.02711,0.111901,0.09281943
d__nasdaqcom_nasdaqcom__lag003,0.69279,0.026964,0.106889,0.0927323
d__totci_totci__lag017,0.667712,0.02576,0.112964,0.09262733
d__nasdaqcom_nasdaqcom__lag014,0.69279,0.028767,0.104921,0.09261831
d__totci_totci__lag018,0.667712,0.024657,0.114038,0.09260848
d__dexusuk_dexusuk__lag024,0.69279,0.000265,0.133393,0.09259719
d__totbkcr_totbkcr__lag002,0.667712,0.053815,0.08484,0.09258214
m__iputil_iputil__lag005,1.0,0.026944,0.065626,0.09257003
d__totci_totci__lag019,0.667712,0.024391,0.114209,0.09254484
d__totci_totci__lag021,0.667712,0.024535,0.114053,0.09253675
d__dexmxus_dexmxus__lag008,0.407524,0.006591,0.220427,0.09251546
d__totci_totci__lag020,0.667712,0.024442,0.11389,0.09236626
d__nasdaqcom_nasdaqcom__lag012,0.69279,0.028764,0.104542,0.09235307
m__pce_pce__lag012,0.833856,0.073475,0.03716,0.0922542
d__totbkcr_totbkcr__lag003,0.667712,0.053525,0.084556,0.09219797
d__totbkcr_totbkcr__lag007,0.667712,0.053807,0.08421,0.09215566
d__totbkcr_totbkcr__lag006,0.667712,0.053748,0.084197,0.09210714
q__bogz1lm102010005q_nfcb_nfassets__lag006,0.990596,0.019295,0.073684,0.09210418
d__totci_totci__lag026,0.667712,0.023197,0.114729,0.09209479
d__totbkcr_totbkcr__lag004,0.667712,0.054017,0.083908,0.09209474
d__totbkcr_totbkcr__lag005,0.667712,0.053921,0.083973,0.09207343
d__nasdaqcom_nasdaqcom__lag011,0.69279,0.028941,0.103938,0.092057
m__usphci_usphci__lag012,0.583072,0.045927,0.11191,0.09203061
d__totci_totci__lag028,0.667712,0.023288,0.114512,0.09201026
m__usphci_usphci__lag011,0.583072,0.044577,0.11322,0.09200701
q__bogz1fa553061103q_closed_end_funds_ts_tx__lag007,0.974922,0.036623,0.057727,0.09198377
m__pcend_pcend__lag010,0.833856,0.087539,0.02274,0.09195707
d__totbkcr_totbkcr__lag014,0.667712,0.052986,0.084617,0.09187913
d__totci_totci__lag025,0.667712,0.023117,0.114404,0.09182466
d__dexmxus_dexmxus__lag009,0.407524,0.007538,0.217766,0.09181671
d__totci_totci__lag027,0.667712,0.023133,0.114344,0.09179509
q__bogz1fa633061105q_money_market_funds_ts_tx__lag007,0.974922,0.022869,0.071271,0.09177876
d__totbkcr_totbkcr__lag013,0.667712,0.052974,0.084453,0.09176144
m__ltdacbm027nbog_ltd__lag004,0.664577,0.062411,0.075627,0.09173679
d__totci_totci__lag022,0.667712,0.024169,0.113032,0.09161079
d__totbkcr_totbkcr__lag008,0.667712,0.053187,0.083991,0.0915953
d__totbkcr_totbkcr__lag010,0.667712,0.052961,0.08419,0.09157731
d__totbkcr_totbkcr__lag012,0.667712,0.052883,0.084249,0.09156443
q__b639rg3q086sbea_exp_ind_pi__lag007,0.721003,0.094762,0.032226,0.09155855
d__totbkcr_totbkcr__lag011,0.667712,0.053219,0.083833,0.0915114
d__totbkcr_totbkcr__lag009,0.667712,0.05321,0.083793,0.09147837
d__totci_totci__lag024,0.667712,0.022417,0.114489,0.09141401
d__totci_totci__lag023,0.667712,0.023574,0.113282,0.09138062
d__totci_totci__lag029,0.667712,0.021961,0.11464,0.09121004
d__totbkcr_totbkcr__lag015,0.667712,0.051739,0.084809,0.09117423
q__bogz1lm563061103q_etfs_ts__lag006,0.990596,0.054064,0.037923,0.09112179
m__pce_pce__lag011,0.833856,0.071444,0.037824,0.09111327
q__qbpbsrskk_tier1rbc__lag002,0.523511,0.096487,0.077489,0.09107868
d__totbkcr_totbkcr__lag016,0.667712,0.05128,0.085078,0.09104803
d__totbkcr_totbkcr__lag017,0.667712,0.0513,0.084922,0.09095685
d__totbkcr_totbkcr__lag021,0.667712,0.049977,0.0862,0.09092672
d__totci_totci__lag030,0.667712,0.020827,0.115306,0.09089757
q__qbpbslevk_tier1lc__lag002,0.523511,0.096305,0.077276,0.09087161
d__totbkcr_totbkcr__lag022,0.667712,0.050207,0.085858,0.09085236
q__tfaabsnncb_nfcb_tfa__lag007,0.987461,0.044216,0.047785,0.09084745
d__dexcaus_dexcaus__lag071,0.69279,0.009474,0.121654,0.09084401
d__totbkcr_totbkcr__lag020,0.667712,0.049976,0.086002,0.09079398
d__totbkcr_totbkcr__lag018,0.667712,0.05018,0.085724,0.09074468
q__bogz1fl262051003q_row_rrp__lag008,0.984326,0.002189,0.089982,0.09072572
m__mtsr133fms_fedgov_rcpt__lag004,0.567398,0.115825,0.044064,0.09072066
q__dividend_dividend__lag006,0.974922,0.057644,0.035395,0.09070564
d__totbkcr_totbkcr__lag019,0.667712,0.050148,0.085683,0.09069611
d__totbkcr_totbkcr__lag023,0.667712,0.050272,0.085481,0.09064389
m__rmfsl_mmf__lag011,0.658307,0.055085,0.082589,0.09063206
d__usepuindxd_policy_uncertainty__lag090,0.517241,0.010137,0.165081,0.09062997
d__totbkcr_totbkcr__lag024,0.667712,0.049803,0.085889,0.09060306
d__totbkcr_totbkcr__lag028,0.667712,0.049882,0.085759,0.09056856
d__totbkcr_totbkcr__lag027,0.667712,0.04988,0.085743,0.09055706
q__bogz1lm563061103q_etfs_ts__lag008,0.984326,0.07265,0.019325,0.09053318
d__totbkcr_totbkcr__lag026,0.667712,0.049935,0.085505,0.09043469
d__totbkcr_totbkcr__lag029,0.667712,0.049634,0.085801,0.09043147
d__totbkcr_totbkcr__lag025,0.667712,0.049905,0.085515,0.09042114
q__dividend_dividend__lag007,0.971787,0.055634,0.037352,0.09036273
d__totci_totci__lag031,0.667712,0.018671,0.116505,0.09025858
d__totci_totci__lag037,0.667712,0.018196,0.116813,0.09014704
d__totci_totci__lag036,0.667712,0.01838,0.116627,0.09014587
d__totbkcr_totbkcr__lag030,0.667712,0.049737,0.085253,0.09013446
q__bogz1fl743061103q_usb_tsy_dom__lag002,1.0,0.025405,0.06466,0.09006522
d__dexmxus_dexmxus__lag007,0.407524,0.00524,0.215621,0.09000605
d__totci_totci__lag032,0.667712,0.018251,0.11642,0.08992162
q__bogz1fa713068703q_fed_dw_tx__lag006,0.978056,0.032873,0.05903,0.08988678
d__totci_totci__lag038,0.667712,0.016935,0.117647,0.08986176
d__totci_totci__lag034,0.667712,0.01814,0.116404,0.08983696
d__totci_totci__lag033,0.667712,0.018131,0.116401,0.08982855
d__totci_totci__lag040,0.667712,0.01684,0.117679,0.08981987
d__totci_totci__lag039,0.667712,0.016962,0.117532,0.08980321
d__totci_totci__lag035,0.667712,0.018125,0.116349,0.08978948
d__usepuindxd_policy_uncertainty__lag054,0.517241,0.004018,0.169528,0.08976537
d__totbkcr_totbkcr__lag031,0.667712,0.049126,0.085269,0.08973736
d__totbkcr_totbkcr__lag032,0.667712,0.049097,0.08523,0.08969143
d__totbkcr_totbkcr__lag042,0.667712,0.048221,0.086101,0.08968888
d__totci_totci__lag041,0.667712,0.016909,0.117394,0.08967614
d__totbkcr_totbkcr__lag034,0.667712,0.048798,0.085499,0.08967183
d__totbkcr_totbkcr__lag033,0.667712,0.048991,0.085306,0.08967164
d__totbkcr_totbkcr__lag041,0.667712,0.048375,0.085849,0.0896227
d__totbkcr_totbkcr__lag036,0.667712,0.048887,0.085328,0.08961729
q__bogz1lm563061103q_etfs_ts__lag005,0.99373,0.041894,0.048278,0.08960643
d__totbkcr_totbkcr__lag035,0.667712,0.048677,0.085522,0.08960632
q__bogz1fa633061110q_mmf_bills_tx__lag007,0.974922,0.019939,0.071956,0.08958993
q__dividend_dividend__lag008,0.968652,0.039169,0.053319,0.08958867
q__b092rc1q027sbea_gov_int_priv__lag008,0.805643,0.011903,0.099274,0.08956865
d__totbkcr_totbkcr__lag043,0.667712,0.047878,0.086211,0.08953258
d__totbkcr_totbkcr__lag040,0.667712,0.048331,0.085757,0.0895319
d__totbkcr_totbkcr__lag037,0.667712,0.04903,0.085055,0.08952946
d__totci_totci__lag042,0.667712,0.01668,0.117402,0.08952815
d__dexmxus_dexmxus__lag002,0.407524,0.004,0.215608,0.08949524
d__totbkcr_totbkcr__lag038,0.667712,0.048624,0.085397,0.08948742
d__totbkcr_totbkcr__lag039,0.667712,0.048514,0.085465,0.08945885
d__clsacbw027sbog_cons_loans__lag002,0.667712,0.058338,0.07545,0.08933197
d__totbkcr_totbkcr__lag050,0.667712,0.047047,0.086669,0.08928371
d__totbkcr_totbkcr__lag049,0.667712,0.047002,0.086713,0.08928309
d__totbkcr_totbkcr__lag048,0.667712,0.046952,0.086623,0.08918911
d__totbkcr_totbkcr__lag052,0.667712,0.047161,0.086282,0.08910183
d__totll_totll__lag001,0.667712,0.053566,0.079849,0.08908265
d__totbkcr_totbkcr__lag047,0.667712,0.047074,0.086337,0.08907978
d__totbkcr_totbkcr__lag051,0.667712,0.047122,0.086273,0.08906963
d__clsacbw027sbog_cons_loans__lag008,0.667712,0.057118,0.076262,0.08905927
d__totbkcr_totbkcr__lag045,0.667712,0.047157,0.086199,0.0890433
d__clsacbw027sbog_cons_loans__lag009,0.667712,0.057134,0.076218,0.089041
d__clsacbw027sbog_cons_loans__lag010,0.667712,0.056725,0.076606,0.08902666
d__totbkcr_totbkcr__lag044,0.667712,0.047281,0.086032,0.08901481
d__totbkcr_totbkcr__lag046,0.667712,0.047097,0.08619,0.08899752
d__clsacbw027sbog_cons_loans__lag012,0.667712,0.056269,0.076919,0.08893178
d__totbkcr_totbkcr__lag053,0.667712,0.046662,0.086504,0.08891617
d__totbkcr_totbkcr__lag055,0.667712,0.046583,0.086561,0.08890157
d__totbkcr_totbkcr__lag054,0.667712,0.046653,0.086476,0.08889201
d__dexcaus_dexcaus__lag065,0.69279,0.007906,0.120381,0.08887643
d__totbkcr_totbkcr__lag056,0.667712,0.046562,0.086539,0.08887316
d__clsacbw027sbog_cons_loans__lag087,0.667712,0.054085,0.079008,0.08886793
d__clsacbw027sbog_cons_loans__lag011,0.667712,0.056275,0.076796,0.08885284
d__totbkcr_totbkcr__lag057,0.667712,0.046407,0.086569,0.08878916
d__clsacbw027sbog_cons_loans__lag003,0.667712,0.056797,0.07598,0.0886572
d__totbkcr_totbkcr__lag079,0.667712,0.04727,0.085498,0.08865092
d__clsacbw027sbog_cons_loans__lag088,0.667712,0.053346,0.079417,0.08864772
d__dexcaus_dexcaus__lag069,0.69279,0.006792,0.121165,0.08864753
d__clsacbw027sbog_cons_loans__lag013,0.667712,0.05606,0.076692,0.08863995
d__usepuindxd_policy_uncertainty__lag048,0.517241,0.070917,0.100334,0.08857837
q__tfaabsnncb_nfcb_tfa__lag003,1.0,0.033268,0.055305,0.08857322
d__totci_totci__lag054,0.667712,0.012494,0.12012,0.08854782
d__clsacbw027sbog_cons_loans__lag019,0.667712,0.055518,0.077014,0.08849337
d__clsacbw027sbog_cons_loans__lag005,0.667712,0.056203,0.076321,0.08848788
d__clsacbw027sbog_cons_loans__lag025,0.667712,0.055405,0.077094,0.0884706
d__totbkcr_totbkcr__lag080,0.667712,0.046922,0.085558,0.08845834
d__clsacbw027sbog_cons_loans__lag006,0.667712,0.056159,0.076319,0.08845749
d__clsacbw027sbog_cons_loans__lag004,0.667712,0.056233,0.076245,0.08845668
d__clsacbw027sbog_cons_loans__lag020,0.667712,0.055194,0.077273,0.08844978
d__totbkcr_totbkcr__lag088,0.667712,0.045472,0.086974,0.08843563
d__clsacbw027sbog_cons_loans__lag018,0.667712,0.055553,0.076882,0.08842835
d__clsacbw027sbog_cons_loans__lag014,0.667712,0.055945,0.076486,0.08842556
d__clsacbw027sbog_cons_loans__lag017,0.667712,0.055864,0.076502,0.08838249
d__totci_totci__lag056,0.667712,0.01218,0.120177,0.08837639
d__totci_totci__lag043,0.667712,0.015098,0.117254,0.08837288
d__clsacbw027sbog_cons_loans__lag024,0.667712,0.055519,0.076828,0.08837012
d__totbkcr_totbkcr__lag084,0.667712,0.046018,0.086328,0.08836894
d__clsacbw027sbog_cons_loans__lag007,0.667712,0.056086,0.07624,0.08835547
d__clsacbw027sbog_cons_loans__lag026,0.667712,0.055159,0.077165,0.08835425
d__totci_totci__lag052,0.667712,0.012512,0.119809,0.08835261
d__totbkcr_totbkcr__lag085,0.667712,0.045844,0.086477,0.08835227
d__totci_totci__lag055,0.667712,0.012132,0.120188,0.08835104
d__totci_totci__lag057,0.667712,0.012125,0.12019,0.08834845
d__totci_totci__lag053,0.667712,0.012469,0.119842,0.08834548
d__clsacbw027sbog_cons_loans__lag021,0.667712,0.054944,0.077351,0.08833546
d__totbkcr_totbkcr__lag087,0.667712,0.045512,0.086783,0.08833494
d__totbkcr_totbkcr__lag086,0.667712,0.045987,0.086308,0.08833489
d__totbkcr_totbkcr__lag083,0.667712,0.046348,0.085935,0.08832712
d__totbkcr_totbkcr__lag077,0.667712,0.045938,0.086345,0.08832706
d__totbkcr_totbkcr__lag082,0.667712,0.046482,0.085791,0.08832026
d__clsacbw027sbog_cons_loans__lag023,0.667712,0.055574,0.076689,0.08831377
d__clsacbw027sbog_cons_loans__lag022,0.667712,0.055317,0.076932,0.08830425
d__clsacbw027sbog_cons_loans__lag028,0.667712,0.055471,0.076752,0.08828655
d__totbkcr_totbkcr__lag081,0.667712,0.046522,0.085681,0.08827317
d__totbkcr_totbkcr__lag076,0.667712,0.046305,0.085879,0.08826072
d__clsacbw027sbog_cons_loans__lag016,0.667712,0.055948,0.076223,0.08825243
d__totbkcr_totbkcr__lag075,0.667712,0.046324,0.085798,0.08821901
d__totbkcr_totbkcr__lag078,0.667712,0.045999,0.086115,0.08821407
d__clsacbw027sbog_cons_loans__lag027,0.667712,0.055164,0.07691,0.08818708
d__totci_totci__lag051,0.667712,0.012737,0.11923,0.08811634
d__clsacbw027sbog_cons_loans__lag090,0.664577,0.052731,0.079819,0.0880901
d__clsacbw027sbog_cons_loans__lag089,0.664577,0.052954,0.079573,0.08807451
d__clsacbw027sbog_cons_loans__lag015,0.667712,0.05561,0.076247,0.0880423
d__totbkcr_totbkcr__lag058,0.667712,0.045999,0.085851,0.08803772
d__totbkcr_totbkcr__lag074,0.667712,0.046125,0.085691,0.08801518
d__clsacbw027sbog_cons_loans__lag086,0.667712,0.05357,0.078215,0.08799437
d__totbkcr_totbkcr__lag073,0.667712,0.046479,0.085278,0.08797579
m__pcedg_pcedg__lag004,0.840125,0.064837,0.039871,0.0879679
d__totbkcr_totbkcr__lag089,0.664577,0.045359,0.086966,0.08794065
d__totbkcr_totbkcr__lag059,0.667712,0.046064,0.085637,0.08793792
d__totbkcr_totbkcr__lag060,0.667712,0.046032,0.085663,0.08793419
d__totci_totci__lag047,0.667712,0.012729,0.118888,0.08788203
d__totbkcr_totbkcr__lag090,0.664577,0.045271,0.086952,0.08787222
d__totbkcr_totbkcr__lag072,0.667712,0.046353,0.085243,0.08786833
d__totci_totci__lag046,0.667712,0.012707,0.118835,0.08783199
d__totci_totci__lag045,0.667712,0.012641,0.118887,0.08782271
d__totbkcr_totbkcr__lag064,0.667712,0.046005,0.085522,0.08782268
d__totci_totci__lag049,0.667712,0.012748,0.118743,0.08779818
d__totci_totci__lag044,0.667712,0.013944,0.117526,0.08778408
d__totci_totci__lag050,0.667712,0.012275,0.119174,0.08777002
d__totci_totci__lag048,0.667712,0.01271,0.118728,0.08776326
d__totbkcr_totbkcr__lag063,0.667712,0.045634,0.085777,0.08774456
d__totci_totci__lag058,0.667712,0.011333,0.120055,0.08772887
d__totci_totci__lag079,0.667712,0.006942,0.124434,0.0877218
d__totbkcr_totbkcr__lag061,0.667712,0.045723,0.085652,0.08772056
d__totbkcr_totbkcr__lag070,0.667712,0.045644,0.085709,0.08770644
q__bogz1fa503061123q_ccps_ts_tx__lag006,0.978056,0.012737,0.076903,0.08767316
q__bogz1lm563061103q_etfs_ts__lag007,0.987461,0.057573,0.031194,0.08765311
d__totbkcr_totbkcr__lag071,0.667712,0.04574,0.085533,0.08765275
q__bogz1fa313161305q_gov_nonmarketable_ts_tx__lag005,0.981191,0.013728,0.075588,0.0876366
d__totbkcr_totbkcr__lag062,0.667712,0.045627,0.085616,0.08763287
d__totbkcr_totbkcr__lag065,0.667712,0.046294,0.084934,0.08762199
d__totbkcr_totbkcr__lag069,0.667712,0.045693,0.085502,0.08760077
d__totbkcr_totbkcr__lag068,0.667712,0.045827,0.085323,0.08757093
d__totbkcr_totbkcr__lag067,0.667712,0.045777,0.0853,0.08752175
d__totbkcr_totbkcr__lag066,0.667712,0.04607,0.085002,0.08751769
d__clsacbw027sbog_cons_loans__lag085,0.667712,0.05245,0.078549,0.08746994
m__pcedg_pcedg__lag005,0.840125,0.082389,0.021592,0.08735751
d__totci_totci__lag080,0.667712,0.006015,0.124774,0.08732948
d__clsacbw027sbog_cons_loans__lag029,0.667712,0.055706,0.075061,0.08731478
d__dexcaus_dexcaus__lag067,0.69279,0.004632,0.121396,0.08731109
d__totci_totci__lag082,0.667712,0.005791,0.124959,0.08730349
d__totci_totci__lag064,0.667712,0.008655,0.122049,0.0872727
d__clsacbw027sbog_cons_loans__lag044,0.667712,0.054204,0.076385,0.08719563
d__clsacbw027sbog_cons_loans__lag030,0.667712,0.055751,0.074803,0.08717243
d__totci_totci__lag081,0.667712,0.005636,0.124793,0.08708884
d__totci_totci__lag083,0.667712,0.00557,0.124806,0.08705366
d__totci_totci__lag078,0.667712,0.006355,0.124013,0.08704868
d__totci_totci__lag086,0.667712,0.004882,0.12547,0.08703723
d__dexcaus_dexcaus__lag064,0.69279,0.003539,0.122066,0.08701766
d__clsacbw027sbog_cons_loans__lag049,0.667712,0.053212,0.07708,0.08699762
m__rmfsl_mmf__lag010,0.658307,0.056856,0.075279,0.08698536
d__totci_totci__lag076,0.667712,0.005991,0.124248,0.08696241
d__clsacbw027sbog_cons_loans__lag040,0.667712,0.053466,0.076759,0.0869527
d__totci_totci__lag065,0.667712,0.007851,0.122372,0.08695178
d__clsacbw027sbog_cons_loans__lag042,0.667712,0.053322,0.076877,0.08693532
d__clsacbw027sbog_cons_loans__lag041,0.667712,0.053453,0.076744,0.08693456
d__clsacbw027sbog_cons_loans__lag084,0.667712,0.051565,0.078621,0.08692631
d__clsacbw027sbog_cons_loans__lag047,0.667712,0.053156,0.077001,0.08690751
d__clsacbw027sbog_cons_loans__lag045,0.667712,0.053598,0.076556,0.08690508
d__totci_totci__lag077,0.667712,0.005932,0.124205,0.08689387
d__clsacbw027sbog_cons_loans__lag048,0.667712,0.053013,0.07712,0.08689136
d__totci_totci__lag075,0.667712,0.005721,0.124388,0.08687513
d__clsacbw027sbog_cons_loans__lag083,0.667712,0.051688,0.078421,0.08687485
d__clsacbw027sbog_cons_loans__lag031,0.667712,0.055098,0.074982,0.08685609
d__clsacbw027sbog_cons_loans__lag035,0.667712,0.054407,0.075651,0.08684139
d__clsacbw027sbog_cons_loans__lag034,0.667712,0.054387,0.075663,0.08683571
d__clsacbw027sbog_cons_loans__lag082,0.667712,0.051713,0.078326,0.08682845
d__clsacbw027sbog_cons_loans__lag046,0.667712,0.053129,0.076906,0.08682582
d__clsacbw027sbog_cons_loans__lag033,0.667712,0.054689,0.075344,0.08682445
d__clsacbw027sbog_cons_loans__lag038,0.667712,0.053728,0.076297,0.08681908
d__clsacbw027sbog_cons_loans__lag039,0.667712,0.053403,0.076594,0.08680051
d__clsacbw027sbog_cons_loans__lag043,0.667712,0.053421,0.076555,0.08678597
d__totci_totci__lag074,0.667712,0.005603,0.124329,0.08675675
d__dexmxus_dexmxus__lag035,0.407524,0.01469,0.198189,0.08675342
d__totci_totci__lag084,0.667712,0.004888,0.125024,0.08674352
d__dexcaus_dexcaus__lag070,0.69279,0.008006,0.117187,0.08673252
q__qbpbsrskk_tier1rbc__lag003,0.520376,0.095569,0.071085,0.08672282
d__clsacbw027sbog_cons_loans__lag051,0.667712,0.053449,0.076418,0.08671389
d__totci_totci__lag063,0.667712,0.007835,0.122024,0.08670841
m__pcedg_pcedg__lag002,0.84326,0.071338,0.031475,0.08669827
d__clsacbw027sbog_cons_loans__lag081,0.667712,0.051611,0.078229,0.0866957
d__totci_totci__lag072,0.667712,0.005832,0.123968,0.08666926
d__clsacbw027sbog_cons_loans__lag080,0.667712,0.0517,0.078085,0.08665889
d__totci_totci__lag073,0.667712,0.005705,0.12406,0.08664546
d__totci_totci__lag071,0.667712,0.006042,0.123713,0.08663907
d__clsacbw027sbog_cons_loans__lag052,0.667712,0.053106,0.076633,0.08662867
d__clsacbw027sbog_cons_loans__lag032,0.667712,0.054539,0.075138,0.08658678
d__totci_totci__lag059,0.667712,0.008413,0.121262,0.08658553
d__clsacbw027sbog_cons_loans__lag079,0.667712,0.051574,0.078079,0.08657108
d__totci_totci__lag087,0.667712,0.003582,0.126031,0.08654419
d__clsacbw027sbog_cons_loans__lag054,0.667712,0.052808,0.076801,0.08654123
q__qbpbslevk_tier1lc__lag003,0.520376,0.095367,0.070906,0.08652484
d__clsacbw027sbog_cons_loans__lag037,0.667712,0.053938,0.075645,0.08652402
d__totci_totci__lag088,0.667712,0.003089,0.126473,0.08650966
d__clsacbw027sbog_cons_loans__lag050,0.667712,0.052895,0.076648,0.08649715
d__clsacbw027sbog_cons_loans__lag053,0.667712,0.052747,0.076776,0.08648402
q__bogz1lm563061103q_etfs_ts__lag004,0.996865,0.037047,0.049706,0.08648177
d__totci_totci__lag060,0.667712,0.00813,0.121344,0.08645122
d__clsacbw027sbog_cons_loans__lag055,0.667712,0.052744,0.076722,0.08644592
d__clsacbw027sbog_cons_loans__lag036,0.667712,0.053744,0.075719,0.08644367
d__totci_totci__lag061,0.667712,0.007674,0.121702,0.08638607
d__totci_totci__lag062,0.667712,0.007524,0.12185,0.0863849
d__totll_totll__lag002,0.667712,0.048522,0.08082,0.08636319
q__bogz1fa313161305q_gov_nonmarketable_ts_tx__lag006,0.978056,0.007714,0.08056,0.08633709
d__clsacbw027sbog_cons_loans__lag056,0.667712,0.052576,0.076718,0.08633104
d__totci_totci__lag069,0.667712,0.005976,0.123318,0.08633103
d__totci_totci__lag070,0.667712,0.005953,0.123317,0.08631514
d__usepuindxd_policy_uncertainty__lag087,0.517241,0.039945,0.126924,0.08631119
d__totci_totci__lag068,0.667712,0.006011,0.123252,0.08631034
d__totci_totci__lag089,0.664577,0.002804,0.127054,0.08630094
d__totci_totci__lag066,0.667712,0.006307,0.122824,0.08622205
d__totll_totll__lag003,0.667712,0.048106,0.080985,0.08619597
d__totci_totci__lag090,0.664577,0.002561,0.127072,0.08615108
d__totci_totci__lag067,0.667712,0.005953,0.123068,0.08614906
d__totci_totci__lag085,0.667712,0.00397,0.124909,0.08605412
d__clsacbw027sbog_cons_loans__lag058,0.667712,0.052582,0.076289,0.08604854
d__totll_totll__lag007,0.667712,0.047497,0.081325,0.08601599
d__clsacbw027sbog_cons_loans__lag057,0.667712,0.05219,0.076625,0.08601075
d__totll_totll__lag004,0.667712,0.047834,0.080979,0.08600988
d__totll_totll__lag005,0.667712,0.047668,0.081109,0.08598576
d__totll_totll__lag006,0.667712,0.04743,0.081251,0.08592152
d__clsacbw027sbog_cons_loans__lag078,0.667712,0.050946,0.077734,0.08592117
d__clsacbw027sbog_cons_loans__lag059,0.667712,0.052428,0.076161,0.08586004
q__bogz1fa633061105q_money_market_funds_ts_tx__lag008,0.971787,0.042191,0.046148,0.08584589
d__dexmxus_dexmxus__lag001,0.407524,0.0053,0.205302,0.08582533
q__ncbtsaq027s_nfcb_tsy_tx__lag003,0.987461,0.056701,0.030097,0.08571004
d__clsacbw027sbog_cons_loans__lag060,0.667712,0.052127,0.076229,0.08570485
d__clsacbw027sbog_cons_loans__lag061,0.667712,0.051991,0.076318,0.08567291
d__clsacbw027sbog_cons_loans__lag077,0.667712,0.050345,0.077935,0.08565386
d__clsacbw027sbog_cons_loans__lag062,0.667712,0.051672,0.076475,0.08556566
d__clsacbw027sbog_cons_loans__lag063,0.667712,0.051588,0.076435,0.08548295
d__clsacbw027sbog_cons_loans__lag071,0.667712,0.051486,0.07646,0.08543116
d__clsacbw027sbog_cons_loans__lag076,0.667712,0.050316,0.077625,0.08542811
d__clsacbw027sbog_cons_loans__lag070,0.667712,0.051622,0.076217,0.08535919
d__clsacbw027sbog_cons_loans__lag075,0.667712,0.050547,0.077264,0.08534125
d__clsacbw027sbog_cons_loans__lag068,0.667712,0.051741,0.076028,0.08531292
d__clsacbw027sbog_cons_loans__lag069,0.667712,0.051675,0.076093,0.08531236
d__clsacbw027sbog_cons_loans__lag072,0.667712,0.051508,0.076221,0.08528592
d__clsacbw027sbog_cons_loans__lag066,0.667712,0.05218,0.075462,0.08522819
d__clsacbw027sbog_cons_loans__lag065,0.667712,0.052268,0.075316,0.08518912
d__clsacbw027sbog_cons_loans__lag064,0.667712,0.051743,0.075826,0.08517962
d__clsacbw027sbog_cons_loans__lag067,0.667712,0.051541,0.075975,0.08514367
d__clsacbw027sbog_cons_loans__lag073,0.667712,0.051197,0.076231,0.08508504
d__clsacbw027sbog_cons_loans__lag074,0.667712,0.050391,0.077006,0.08506419
q__bogz1fa503061123q_ccps_ts_tx__lag007,0.974922,0.003069,0.084162,0.08504324
q__tnwhcbsnncb_nfcb_hc_nw__lag002,1.0,0.048535,0.036474,0.08500957
m__pcend_pcend__lag011,0.833856,0.089966,0.011852,0.08490202
q__qbpbsrskk_tier1rbc__lag008,0.504702,0.080519,0.087576,0.08483804
q__bogz1fl884035005q_dom_loan_a__lag003,1.0,0.020186,0.06461,0.08479593
q__qbpbslevk_tier1lc__lag008,0.504702,0.080226,0.087702,0.08475367
q__bogz1fl884135005q_dom_loan_l__lag004,0.996865,0.01804,0.066862,0.08463586
d__dexmxus_dexmxus__lag010,0.407524,0.006448,0.201124,0.08459063
q__tfaabsnncb_nfcb_tfa__lag008,0.984326,0.048171,0.037682,0.08450706
q__bogz1lm103061103q_nfcb_tsy__lag007,0.987461,0.030549,0.054956,0.08443258
d__dexmxus_dexmxus__lag039,0.407524,0.017343,0.189502,0.08429438
m__pcedg_pcedg__lag006,0.840125,0.088958,0.011255,0.08419205
d__dexcaus_dexcaus__lag066,0.69279,0.000506,0.120837,0.08406582
d__dexmxus_dexmxus__lag005,0.407524,0.003795,0.202486,0.08406451
d__dexmxus_dexmxus__lag003,0.407524,0.002902,0.203331,0.08404499
q__rowmfsq027s_row_mutualfundshares_flow__lag005,0.981191,0.044704,0.040927,0.08402025
d__usepuindxd_policy_uncertainty__lag080,0.517241,0.063823,0.098478,0.08394927
m__ltdacbm027nbog_ltd__lag003,0.667712,0.033079,0.092452,0.08381823
d__dexmxus_dexmxus__lag034,0.407524,0.010193,0.194959,0.08360419
q__qbpbsrskk_tier1rbc__lag004,0.517241,0.09025,0.070993,0.08340179
d__dexmxus_dexmxus__lag037,0.407524,0.012492,0.191766,0.0832401
d__dexmxus_dexmxus__lag006,0.407524,0.00374,0.200385,0.08318555
q__qbpbslevk_tier1lc__lag004,0.517241,0.089942,0.070875,0.08318117
q__rowstaq027s_row_stloan_a__lag001,1.0,0.009595,0.073513,0.08310777
q__qbpbsrskk_tier1rbc__lag007,0.507837,0.080286,0.083199,0.0830235
d__dexmxus_dexmxus__lag036,0.407524,0.011161,0.19247,0.08298439
d__dexmxus_dexmxus__lag004,0.407524,0.001931,0.201591,0.08293998
q__qbpbslevk_tier1lc__lag007,0.507837,0.080041,0.083265,0.08293286
d__dexmxus_dexmxus__lag011,0.407524,0.006127,0.197159,0.08284369
m__rmfsl_mmf__lag007,0.661442,0.069974,0.055219,0.08280796
d__usepuindxd_policy_uncertainty__lag032,0.517241,0.049987,0.109926,0.08271399
d__dexmxus_dexmxus__lag041,0.407524,0.014221,0.188314,0.08253764
d__dexmxus_dexmxus__lag012,0.407524,0.00806,0.194241,0.08244236
d__dexmxus_dexmxus__lag038,0.407524,0.011877,0.19033,0.08240403
q__bogz1fa263061145q_row_priv_tsy_tx__lag007,0.974922,0.007298,0.077054,0.08223694
d__totll_totll__lag008,0.667712,0.046679,0.076339,0.08214075
d__dexmxus_dexmxus__lag013,0.407524,0.006397,0.195003,0.08207532
d__dexmxus_dexmxus__lag029,0.407524,0.012016,0.189285,0.08203495
q__bogz1fl262051003q_row_rrp__lag003,1.0,0.0013,0.080703,0.0820036
d__dexmxus_dexmxus__lag033,0.407524,0.008747,0.192375,0.08196184
d__totll_totll__lag010,0.667712,0.046035,0.076686,0.08194238
q__bogz1lm733061103q_holding_companies_ts__lag001,1.0,0.046984,0.034956,0.0819401
d__dexmxus_dexmxus__lag031,0.407524,0.012548,0.188509,0.08193563
q__bogz1fa263061145q_row_priv_tsy_tx__lag006,0.978056,0.016858,0.066862,0.08188312
d__totll_totll__lag009,0.667712,0.046271,0.076239,0.08180127
d__totll_totll__lag011,0.667712,0.045824,0.076641,0.08177164
d__totll_totll__lag014,0.667712,0.045442,0.076959,0.08172845
d__dexmxus_dexmxus__lag040,0.407524,0.012729,0.187605,0.08164104
d__dexmxus_dexmxus__lag032,0.407524,0.008428,0.19189,0.08163429
d__totll_totll__lag013,0.667712,0.045434,0.076785,0.081607
q__bogz1fl884035005q_dom_loan_a__lag002,1.0,0.033055,0.04855,0.08160427
d__totll_totll__lag012,0.667712,0.045478,0.076732,0.08160126
q__qbpbsrskk_tier1rbc__lag006,0.510972,0.078813,0.080627,0.08146959
q__qbpbslevk_tier1lc__lag006,0.510972,0.078448,0.080657,0.08129828
q__bogz1fl743061103q_usb_tsy_dom__lag006,0.990596,0.018333,0.063679,0.08124129
q__bogz1fl892050005q_all_ffrepo__lag002,1.0,0.026148,0.05459,0.08073803
d__usepuindxd_policy_uncertainty__lag072,0.517241,0.007392,0.148491,0.0806289
d__dexmxus_dexmxus__lag030,0.407524,0.010826,0.186964,0.08060412
q__bogz1fl713061113q_cb_bills_raw__lag001,1.0,0.047754,0.032655,0.08040884
q__bogz1fl713061113q_cb_bills__lag001,1.0,0.047754,0.032655,0.08040884
m__pcend_pcend__lag012,0.833856,0.090889,0.005388,0.0802807
q__tfaabsnncb_nfcb_tfa__lag006,0.990596,0.028962,0.052052,0.0802525
d__dexmxus_dexmxus__lag014,0.407524,0.006079,0.190137,0.07996285
q__qbpbsrskk_tier1rbc__lag005,0.514107,0.077644,0.077676,0.07985088
q__qbpbslevk_tier1lc__lag005,0.514107,0.0773,0.077628,0.07964933
q__b093rc1q027sbea_gov_int_row__lag003,0.984326,0.031306,0.049363,0.07940468
q__bogz1lm563061103q_etfs_ts__lag003,1.0,0.030968,0.048408,0.07937584
d__dexmxus_dexmxus__lag042,0.407524,0.009306,0.185325,0.07931657
q__bogz1fl073164013q_dj_index__lag004,0.683386,0.083188,0.032747,0.07922825
m__neworder_neworder__lag012,0.416928,0.080434,0.109462,0.07917292
q__bogz1fl743061103q_usb_tsy_dom__lag001,1.0,0.006875,0.072223,0.07909797
q__bogz1fl884035005q_dom_loan_a__lag001,1.0,0.041126,0.0379,0.0790264
d__dexmxus_dexmxus__lag090,0.404389,0.007276,0.187914,0.0789324
d__dexmxus_dexmxus__lag088,0.404389,0.014538,0.180311,0.07879496
q__tfaabsnncb_nfcb_tfa__lag005,0.99373,0.033725,0.045303,0.07853306
m__ltdacbm027nbog_ltd__lag001,0.667712,0.001473,0.116061,0.07847903
q__bogz1fl073164013q_dj_index__lag008,0.670846,0.064462,0.052178,0.07824771
d__dexmxus_dexmxus__lag089,0.404389,0.003164,0.190306,0.07823708
d__dexmxus_dexmxus__lag028,0.407524,0.007498,0.184461,0.07822811
m__mtso133fms_fedgov_out__lag011,0.561129,0.019118,0.120069,0.07810149
d__dexmxus_dexmxus__lag015,0.407524,0.012682,0.17871,0.077997
d__usepuindxd_policy_uncertainty__lag073,0.517241,0.045951,0.104767,0.07795784
d__dexmxus_dexmxus__lag027,0.407524,0.007159,0.184064,0.07792785
d__dexmxus_dexmxus__lag079,0.404389,0.013112,0.179294,0.07780686
q__bogz1fa313161110q_totalbills_z1_tx__lag007,0.974922,0.007182,0.072501,0.07768485
d__dexmxus_dexmxus__lag087,0.404389,0.012926,0.178911,0.07757686
m__pcedg_pcedg__lag003,0.84326,0.067236,0.02458,0.07742438
m__ltdacbm027nbog_ltd__lag002,0.667712,0.001393,0.114461,0.07735729
q__tfaabsnncb_nfcb_tfa__lag004,0.996865,0.027953,0.049473,0.07718331
d__dexmxus_dexmxus__lag048,0.407524,0.007727,0.181323,0.07704217
d__dexmxus_dexmxus__lag060,0.404389,0.003407,0.187046,0.07701693
d__dexmxus_dexmxus__lag080,0.404389,0.011016,0.179362,0.07698693
d__dexmxus_dexmxus__lag081,0.404389,0.014255,0.176121,0.07698587
d__dexmxus_dexmxus__lag061,0.404389,0.002352,0.187533,0.07678742
d__totll_totll__lag015,0.667712,0.043756,0.071227,0.0767756
d__dexmxus_dexmxus__lag078,0.404389,0.007993,0.181526,0.07663934
d__dexmxus_dexmxus__lag064,0.404389,0.003715,0.185521,0.07652504
d__totll_totll__lag016,0.667712,0.043146,0.07146,0.07652334
d__totll_totll__lag017,0.667712,0.042994,0.071578,0.07650097
q__b093rc1q027sbea_gov_int_row__lag004,0.981191,0.008989,0.068877,0.0764009
d__totll_totll__lag018,0.667712,0.042044,0.072247,0.07631378
d__totll_totll__lag019,0.667712,0.041893,0.072226,0.0761986
d__totll_totll__lag020,0.667712,0.041892,0.072116,0.07612461
d__totll_totll__lag021,0.667712,0.041748,0.072189,0.07607697
q__rowstaq027s_row_stloan_a__lag004,0.996865,0.024964,0.05134,0.07606508
d__dexmxus_dexmxus__lag049,0.407524,0.004762,0.181866,0.07605557
d__totll_totll__lag026,0.667712,0.042249,0.071591,0.07601227
d__dexmxus_dexmxus__lag084,0.404389,0.01228,0.175563,0.07596142
m__mtsr133fms_fedgov_rcpt__lag006,0.567398,0.002007,0.131866,0.07595881
d__totll_totll__lag028,0.667712,0.042211,0.071514,0.07593604
d__totll_totll__lag027,0.667712,0.042214,0.071447,0.07589223
d__dexmxus_dexmxus__lag082,0.404389,0.013085,0.174408,0.07582035
d__dexmxus_dexmxus__lag086,0.404389,0.006643,0.180622,0.07572765
d__dexmxus_dexmxus__lag074,0.404389,0.008604,0.178585,0.07569694
d__dexmxus_dexmxus__lag076,0.404389,0.010499,0.176671,0.0756894
q__bogz1fl743061103q_usb_tsy_dom__lag005,0.99373,0.012996,0.063125,0.07564374
d__totll_totll__lag025,0.667712,0.042166,0.071102,0.07563027
d__dexmxus_dexmxus__lag054,0.407524,0.013454,0.171993,0.07557415
d__totll_totll__lag024,0.667712,0.041898,0.071251,0.07555135
d__dexmxus_dexmxus__lag075,0.404389,0.009729,0.176974,0.07550066
d__totll_totll__lag023,0.667712,0.0424,0.07065,0.07548479
d__dexmxus_dexmxus__lag059,0.404389,0.001504,0.185063,0.07544531
d__totll_totll__lag022,0.667712,0.042118,0.070768,0.07537547
d__dexmxus_dexmxus__lag058,0.404389,0.004275,0.181989,0.0753227
d__dexmxus_dexmxus__lag073,0.404389,0.01125,0.174946,0.07529565
d__totll_totll__lag029,0.667712,0.041736,0.070968,0.07525327
d__dexmxus_dexmxus__lag043,0.407524,0.00457,0.180079,0.07524894
d__dexmxus_dexmxus__lag063,0.404389,0.001209,0.184739,0.07519544
d__dexmxus_dexmxus__lag050,0.407524,0.002207,0.182087,0.07510422
d__dexmxus_dexmxus__lag016,0.407524,0.009345,0.174906,0.07508674
d__dexmxus_dexmxus__lag077,0.404389,0.006751,0.178849,0.07505439
d__dexmxus_dexmxus__lag062,0.404389,0.00081,0.184757,0.07504122
d__totll_totll__lag030,0.667712,0.041328,0.071031,0.0750236
d__dexmxus_dexmxus__lag026,0.407524,0.002468,0.181496,0.07496978
q__b639rg3q086sbea_exp_ind_pi__lag008,0.717868,0.003247,0.101141,0.07493708
d__usepuindxd_policy_uncertainty__lag016,0.517241,0.032356,0.112455,0.07490232
m__csushpinsa_cs_hpi__lag011,0.482759,0.070298,0.084594,0.07477558
d__dexmxus_dexmxus__lag052,0.407524,0.008662,0.174736,0.0747391
d__totll_totll__lag079,0.667712,0.033831,0.077997,0.0746687
d__totll_totll__lag037,0.667712,0.039955,0.071869,0.07466577
d__dexmxus_dexmxus__lag053,0.407524,0.011586,0.171624,0.07466261
d__totll_totll__lag031,0.667712,0.040209,0.071588,0.07464817
d__dexmxus_dexmxus__lag017,0.407524,0.009662,0.173463,0.0746275
d__totll_totll__lag033,0.667712,0.039796,0.071949,0.07461332
d__dexmxus_dexmxus__lag051,0.407524,0.007679,0.17541,0.07461285
d__totll_totll__lag035,0.667712,0.039505,0.072198,0.0745856
d__totll_totll__lag087,0.667712,0.031046,0.080633,0.07456921
d__totll_totll__lag088,0.667712,0.03084,0.080829,0.07456255
d__totll_totll__lag032,0.667712,0.039865,0.0718,0.07456023
d__totll_totll__lag034,0.667712,0.039587,0.072046,0.07453866
d__totll_totll__lag036,0.667712,0.039796,0.071831,0.07453464
d__totll_totll__lag086,0.667712,0.031714,0.079891,0.07451999
d__dexmxus_dexmxus__lag083,0.404389,0.008629,0.175578,0.07449157
d__totll_totll__lag080,0.667712,0.032989,0.07857,0.07448962
q__bogz1fl073164013q_dj_index__lag007,0.673981,0.064507,0.046014,0.07448909
d__dexmxus_dexmxus__lag072,0.404389,0.011871,0.172266,0.07446277
d__totll_totll__lag039,0.667712,0.038985,0.07253,0.07445957
d__totll_totll__lag040,0.667712,0.038815,0.072645,0.07442339
d__totll_totll__lag038,0.667712,0.039099,0.07236,0.07442227
d__dexmxus_dexmxus__lag055,0.404389,0.009818,0.174213,0.0744202
d__totll_totll__lag041,0.667712,0.038828,0.072555,0.07437116
d__totll_totll__lag084,0.667712,0.031817,0.079563,0.07436947
d__totll_totll__lag083,0.667712,0.032163,0.079215,0.07436834
d__dexmxus_dexmxus__lag065,0.404389,0.001737,0.182071,0.07432965
d__totll_totll__lag085,0.667712,0.031629,0.079662,0.07431024
d__totll_totll__lag082,0.667712,0.032239,0.079034,0.07429805
d__totll_totll__lag089,0.664577,0.030765,0.080971,0.07425722
d__totll_totll__lag042,0.667712,0.038527,0.072679,0.0742536
d__dexmxus_dexmxus__lag057,0.404389,0.000218,0.18336,0.07423653
d__totll_totll__lag090,0.664577,0.030569,0.08111,0.07421944
d__totll_totll__lag081,0.667712,0.032245,0.078887,0.07420376
d__totll_totll__lag048,0.667712,0.036889,0.074228,0.07419411
d__dexmxus_dexmxus__lag068,0.404389,0.009407,0.174045,0.07418593
d__totll_totll__lag049,0.667712,0.036651,0.074447,0.07418118
d__dexmxus_dexmxus__lag056,0.404389,0.0006,0.182829,0.07417623
q__tnwhcbsnncb_nfcb_hc_nw__lag003,1.0,0.05451,0.019603,0.07411325
d__totll_totll__lag047,0.667712,0.036914,0.074014,0.07406752
d__dexmxus_dexmxus__lag018,0.407524,0.004848,0.176895,0.07406441
d__totll_totll__lag050,0.667712,0.036313,0.074563,0.0740331
d__dexmxus_dexmxus__lag044,0.407524,0.002004,0.179596,0.07400646
d__totll_totll__lag052,0.667712,0.036751,0.074077,0.07400095
d__dexmxus_dexmxus__lag066,0.404389,0.007515,0.175425,0.07397859
q__bogz1fa343061105q_fed_gov_retirement_ts_tx__lag008,0.971787,0.047351,0.028732,0.07393613
d__dexmxus_dexmxus__lag069,0.404389,0.010392,0.172438,0.07393425
d__totll_totll__lag051,0.667712,0.036565,0.074162,0.07393341
d__totll_totll__lag077,0.667712,0.032427,0.07828,0.07391985
d__totll_totll__lag054,0.667712,0.036249,0.074446,0.07391226
d__totll_totll__lag078,0.667712,0.032878,0.077798,0.07389908
m__csushpinsa_cs_hpi__lag010,0.482759,0.071623,0.081385,0.07386618
d__totll_totll__lag055,0.667712,0.03613,0.074487,0.07386019
d__totll_totll__lag053,0.667712,0.036126,0.074465,0.07384257
d__totll_totll__lag056,0.667712,0.036263,0.074279,0.07380978
d__totll_totll__lag046,0.667712,0.036712,0.073825,0.07380708
d__totll_totll__lag076,0.667712,0.032821,0.077622,0.07374373
d__totll_totll__lag045,0.667712,0.036857,0.073575,0.07373671
d__totll_totll__lag043,0.667712,0.038098,0.072322,0.0737287
d__totll_totll__lag057,0.667712,0.036186,0.074223,0.07372085
d__totll_totll__lag075,0.667712,0.032822,0.077472,0.07364465
d__totll_totll__lag044,0.667712,0.037754,0.072532,0.07363921
d__dexmxus_dexmxus__lag020,0.407524,9e-06,0.18067,0.07363071
d__dexmxus_dexmxus__lag071,0.404389,0.009459,0.172595,0.07362063
d__totll_totll__lag065,0.667712,0.035439,0.074732,0.07356274
d__totll_totll__lag070,0.667712,0.033941,0.076203,0.07354444
d__totll_totll__lag069,0.667712,0.034178,0.075939,0.07352654
d__dexmxus_dexmxus__lag019,0.407524,0.003704,0.176627,0.07348896
d__dexmxus_dexmxus__lag025,0.407524,0.000789,0.179465,0.07345783
d__totll_totll__lag074,0.667712,0.032742,0.077245,0.07344003
d__totll_totll__lag068,0.667712,0.03423,0.075737,0.07342646
d__dexmxus_dexmxus__lag024,0.407524,0.002205,0.177945,0.07341534
d__totll_totll__lag071,0.667712,0.033904,0.075991,0.07337771
d__totll_totll__lag073,0.667712,0.033057,0.076776,0.07333661
d__dexmxus_dexmxus__lag046,0.407524,0.000917,0.179038,0.07333568
d__totll_totll__lag058,0.667712,0.035673,0.074127,0.07331478
d__dexmxus_dexmxus__lag023,0.407524,0.000524,0.179365,0.07330919
d__totll_totll__lag072,0.667712,0.03324,0.076525,0.07329126
d__totll_totll__lag064,0.667712,0.035066,0.074675,0.07327549
d__totll_totll__lag067,0.667712,0.034198,0.07551,0.07325377
d__totll_totll__lag066,0.667712,0.034591,0.075083,0.07323041
d__totll_totll__lag059,0.667712,0.034916,0.07448,0.07304483
d__dexmxus_dexmxus__lag070,0.404389,0.008039,0.172488,0.07300329
d__dexmxus_dexmxus__lag085,0.404389,0.000397,0.18011,0.0729951
d__totll_totll__lag060,0.667712,0.034703,0.074614,0.07299215
q__bogz1fr713061113q_cb_bills_reval__lag008,0.971787,0.043093,0.032008,0.07298244
d__totll_totll__lag063,0.667712,0.034238,0.075032,0.07296069
d__dexmxus_dexmxus__lag067,0.404389,0.005335,0.175068,0.07295319
d__dexmxus_dexmxus__lag021,0.407524,0.005293,0.173616,0.07290991
d__dexmxus_dexmxus__lag022,0.407524,0.003237,0.175665,0.0729067
d__totll_totll__lag061,0.667712,0.03434,0.074807,0.07287877
d__dexmxus_dexmxus__lag045,0.407524,0.00023,0.178477,0.07282755
d__totll_totll__lag062,0.667712,0.034038,0.074979,0.07279204
m__iputil_iputil__lag012,1.0,0.001305,0.071234,0.07253829
d__dexmxus_dexmxus__lag047,0.407524,0.000259,0.177686,0.07251698
m__rmfsl_mmf__lag006,0.664577,0.066211,0.042525,0.07226306
q__bogz1fa713068703q_fed_dw_tx__lag003,0.987461,0.022485,0.050626,0.07219388
q__bogz1fr713061113q_cb_bills_reval__lag004,0.984326,0.008625,0.06408,0.07156604
q__bogz1fa663061165q_brokers_dealers_long_ts_tx__lag003,0.987461,0.032186,0.039944,0.07122504
m__businv_businv__lag007,0.423197,0.114294,0.052864,0.07074107
q__bogz1lm563061103q_etfs_ts__lag002,1.0,0.025756,0.044738,0.07049316
q__bogz1fl513061115q_pci_bills_raw__lag001,1.0,0.022,0.048374,0.07037338
q__bogz1fl513061115q_pci_bills__lag001,1.0,0.022,0.048374,0.07037338
m__businv_businv__lag006,0.426332,0.115074,0.04992,0.0703426
m__businv_businv__lag003,0.429467,0.122165,0.041153,0.07013954
q__bogz1fl884135005q_dom_loan_l__lag001,1.0,0.042257,0.027856,0.07011265
m__businv_businv__lag005,0.426332,0.117974,0.04622,0.07000158
m__csushpinsa_cs_hpi__lag012,0.482759,0.062241,0.082754,0.06999753
m__businv_businv__lag004,0.426332,0.120588,0.043357,0.06989478
q__bogz1fl743061103q_usb_tsy_dom__lag003,1.0,0.0076,0.062238,0.06983817
m__businv_businv__lag008,0.423197,0.10958,0.055038,0.0696658
q__bogz1fl884135005q_dom_loan_l__lag002,1.0,0.032516,0.037098,0.06961435
q__bogz1fl884135005q_dom_loan_l__lag003,1.0,0.01691,0.052659,0.06956938
m__rmfsl_mmf__lag005,0.664577,0.058417,0.046169,0.06950522
m__csushpinsa_cs_hpi__lag009,0.485893,0.067785,0.075141,0.06944699
m__businv_businv__lag002,0.429467,0.123744,0.037645,0.06931117
q__bogz1fl073164013q_dj_index__lag006,0.677116,0.051781,0.050462,0.06923066
m__businv_businv__lag001,0.429467,0.125319,0.035535,0.06908138
d__usepuindxd_policy_uncertainty__lag083,0.517241,0.01951,0.113533,0.06881494
q__bogz1fl383061105q_dom_nonfin_sector_tsy__lag001,1.0,0.006422,0.062323,0.06874466
q__rowtsaq027s_row_tsy_tx__lag008,0.971787,0.008134,0.061086,0.06726739
m__businv_businv__lag009,0.423197,0.10182,0.055088,0.06640281
q__bogz1lm563061103q_etfs_ts__lag001,1.0,0.032331,0.033968,0.06629921
q__rowceaq027s_row_corpequities_flow__lag008,0.971787,0.011967,0.055861,0.06591421
q__bogz1fl262051003q_row_rrp__lag005,0.99373,0.010062,0.054984,0.06463867
m__businv_businv__lag010,0.420063,0.097539,0.055391,0.06423992
m__csushpinsa_cs_hpi__lag008,0.485893,0.062891,0.068663,0.06392127
q__tnwmvbsnncb_nfcb_nw__lag004,0.996865,0.043785,0.02031,0.06389478
d__relacbw027sbog_relacbw027sbog__lag079,0.667712,0.013392,0.08125,0.06319348
d__relacbw027sbog_re_loans__lag079,0.667712,0.013392,0.08125,0.06319348
d__relacbw027sbog_real_estate_loan__lag079,0.667712,0.013392,0.08125,0.06319348
d__relacbw027sbog_relacbw027sbog__lag080,0.667712,0.011915,0.082231,0.06286254
d__relacbw027sbog_re_loans__lag080,0.667712,0.011915,0.082231,0.06286254
d__relacbw027sbog_real_estate_loan__lag080,0.667712,0.011915,0.082231,0.06286254
d__relacbw027sbog_relacbw027sbog__lag078,0.667712,0.01272,0.081248,0.06274315
d__relacbw027sbog_re_loans__lag078,0.667712,0.01272,0.081248,0.06274315
d__relacbw027sbog_real_estate_loan__lag078,0.667712,0.01272,0.081248,0.06274315
d__relacbw027sbog_relacbw027sbog__lag085,0.667712,0.010461,0.083455,0.06270919
d__relacbw027sbog_re_loans__lag085,0.667712,0.010461,0.083455,0.06270919
d__relacbw027sbog_real_estate_loan__lag085,0.667712,0.010461,0.083455,0.06270919
d__relacbw027sbog_relacbw027sbog__lag077,0.667712,0.012466,0.081447,0.06270644
d__relacbw027sbog_re_loans__lag077,0.667712,0.012466,0.081447,0.06270644
d__relacbw027sbog_real_estate_loan__lag077,0.667712,0.012466,0.081447,0.06270644
d__relacbw027sbog_relacbw027sbog__lag084,0.667712,0.009948,0.08366,0.06250295
d__relacbw027sbog_re_loans__lag084,0.667712,0.009948,0.08366,0.06250295
d__relacbw027sbog_real_estate_loan__lag084,0.667712,0.009948,0.08366,0.06250295
m__businv_businv__lag011,0.420063,0.093737,0.054995,0.06247679
d__relacbw027sbog_relacbw027sbog__lag083,0.667712,0.01005,0.083456,0.06243518
d__relacbw027sbog_re_loans__lag083,0.667712,0.01005,0.083456,0.06243518
d__relacbw027sbog_real_estate_loan__lag083,0.667712,0.01005,0.083456,0.06243518
d__relacbw027sbog_relacbw027sbog__lag076,0.667712,0.012774,0.080727,0.06243147
d__relacbw027sbog_re_loans__lag076,0.667712,0.012774,0.080727,0.06243147
d__relacbw027sbog_real_estate_loan__lag076,0.667712,0.012774,0.080727,0.06243147
d__relacbw027sbog_relacbw027sbog__lag082,0.667712,0.010096,0.083402,0.06242956
d__relacbw027sbog_re_loans__lag082,0.667712,0.010096,0.083402,0.06242956
d__relacbw027sbog_real_estate_loan__lag082,0.667712,0.010096,0.083402,0.06242956
q__bogz1fa513061105q_pc_insurance_ts_tx__lag001,0.99373,0.015874,0.0468,0.06228148
d__relacbw027sbog_relacbw027sbog__lag075,0.667712,0.012952,0.08028,0.06225254
d__relacbw027sbog_re_loans__lag075,0.667712,0.012952,0.08028,0.06225254
d__relacbw027sbog_real_estate_loan__lag075,0.667712,0.012952,0.08028,0.06225254
d__relacbw027sbog_relacbw027sbog__lag088,0.667712,0.010338,0.082827,0.06220724
d__relacbw027sbog_re_loans__lag088,0.667712,0.010338,0.082827,0.06220724
d__relacbw027sbog_real_estate_loan__lag088,0.667712,0.010338,0.082827,0.06220724
d__relacbw027sbog_relacbw027sbog__lag086,0.667712,0.010397,0.08272,0.06217525
d__relacbw027sbog_re_loans__lag086,0.667712,0.010397,0.08272,0.06217525
d__relacbw027sbog_real_estate_loan__lag086,0.667712,0.010397,0.08272,0.06217525
d__relacbw027sbog_relacbw027sbog__lag081,0.667712,0.009943,0.083138,0.0621507
d__relacbw027sbog_re_loans__lag081,0.667712,0.009943,0.083138,0.0621507
d__relacbw027sbog_real_estate_loan__lag081,0.667712,0.009943,0.083138,0.0621507
d__relacbw027sbog_relacbw027sbog__lag087,0.667712,0.010162,0.082822,0.06208675
d__relacbw027sbog_re_loans__lag087,0.667712,0.010162,0.082822,0.06208675
d__relacbw027sbog_real_estate_loan__lag087,0.667712,0.010162,0.082822,0.06208675
q__bogz1fa713068703q_fed_dw_tx__lag001,0.99373,0.011043,0.051378,0.06202954
d__relacbw027sbog_relacbw027sbog__lag074,0.667712,0.012837,0.079925,0.06193799
d__relacbw027sbog_re_loans__lag074,0.667712,0.012837,0.079925,0.06193799
d__relacbw027sbog_real_estate_loan__lag074,0.667712,0.012837,0.079925,0.06193799
d__relacbw027sbog_relacbw027sbog__lag090,0.664577,0.010169,0.082983,0.06190645
d__relacbw027sbog_re_loans__lag090,0.664577,0.010169,0.082983,0.06190645
d__relacbw027sbog_real_estate_loan__lag090,0.664577,0.010169,0.082983,0.06190645
d__relacbw027sbog_relacbw027sbog__lag089,0.664577,0.010243,0.082716,0.06177801
d__relacbw027sbog_re_loans__lag089,0.664577,0.010243,0.082716,0.06177801
d__relacbw027sbog_real_estate_loan__lag089,0.664577,0.010243,0.082716,0.06177801
d__relacbw027sbog_relacbw027sbog__lag073,0.667712,0.013298,0.079139,0.06172128
d__relacbw027sbog_re_loans__lag073,0.667712,0.013298,0.079139,0.06172128
d__relacbw027sbog_real_estate_loan__lag073,0.667712,0.013298,0.079139,0.06172128
d__usepuindxd_policy_uncertainty__lag076,0.517241,0.05167,0.067603,0.06169259
d__relacbw027sbog_relacbw027sbog__lag072,0.667712,0.013334,0.078732,0.0614736
d__relacbw027sbog_re_loans__lag072,0.667712,0.013334,0.078732,0.0614736
d__relacbw027sbog_real_estate_loan__lag072,0.667712,0.013334,0.078732,0.0614736
d__relacbw027sbog_relacbw027sbog__lag069,0.667712,0.014297,0.07758,0.06134795
d__relacbw027sbog_re_loans__lag069,0.667712,0.014297,0.07758,0.06134795
d__relacbw027sbog_real_estate_loan__lag069,0.667712,0.014297,0.07758,0.06134795
d__relacbw027sbog_relacbw027sbog__lag070,0.667712,0.013942,0.077921,0.06133742
d__relacbw027sbog_re_loans__lag070,0.667712,0.013942,0.077921,0.06133742
d__relacbw027sbog_real_estate_loan__lag070,0.667712,0.013942,0.077921,0.06133742
d__relacbw027sbog_relacbw027sbog__lag068,0.667712,0.014366,0.077309,0.06121242
d__relacbw027sbog_re_loans__lag068,0.667712,0.014366,0.077309,0.06121242
d__relacbw027sbog_real_estate_loan__lag068,0.667712,0.014366,0.077309,0.06121242
d__relacbw027sbog_relacbw027sbog__lag071,0.667712,0.013863,0.077739,0.06116355
d__relacbw027sbog_re_loans__lag071,0.667712,0.013863,0.077739,0.06116355
d__relacbw027sbog_real_estate_loan__lag071,0.667712,0.013863,0.077739,0.06116355
d__relacbw027sbog_relacbw027sbog__lag065,0.667712,0.015559,0.075864,0.06104418
d__relacbw027sbog_re_loans__lag065,0.667712,0.015559,0.075864,0.06104418
d__relacbw027sbog_real_estate_loan__lag065,0.667712,0.015559,0.075864,0.06104418
d__relacbw027sbog_relacbw027sbog__lag067,0.667712,0.01446,0.076902,0.06100339
d__relacbw027sbog_re_loans__lag067,0.667712,0.01446,0.076902,0.06100339
d__relacbw027sbog_real_estate_loan__lag067,0.667712,0.01446,0.076902,0.06100339
d__relacbw027sbog_relacbw027sbog__lag048,0.667712,0.015283,0.075991,0.06094444
d__relacbw027sbog_re_loans__lag048,0.667712,0.015283,0.075991,0.06094444
d__relacbw027sbog_real_estate_loan__lag048,0.667712,0.015283,0.075991,0.06094444
q__bogz1fa343061105q_fed_gov_retirement_ts_tx__lag001,0.99373,0.028756,0.032543,0.06091502
d__relacbw027sbog_relacbw027sbog__lag066,0.667712,0.014595,0.076538,0.06085078
d__relacbw027sbog_re_loans__lag066,0.667712,0.014595,0.076538,0.06085078
d__relacbw027sbog_real_estate_loan__lag066,0.667712,0.014595,0.076538,0.06085078
d__usepuindxd_policy_uncertainty__lag050,0.517241,0.081278,0.036328,0.0608304
q__w006rc1q027sbea_gov_tax_receipts__lag008,0.968652,0.03545,0.027316,0.06079837
d__relacbw027sbog_relacbw027sbog__lag064,0.667712,0.015185,0.075784,0.06074091
d__relacbw027sbog_re_loans__lag064,0.667712,0.015185,0.075784,0.06074091
d__relacbw027sbog_real_estate_loan__lag064,0.667712,0.015185,0.075784,0.06074091
d__relacbw027sbog_relacbw027sbog__lag047,0.667712,0.015115,0.075811,0.06071251
d__relacbw027sbog_re_loans__lag047,0.667712,0.015115,0.075811,0.06071251
d__relacbw027sbog_real_estate_loan__lag047,0.667712,0.015115,0.075811,0.06071251
d__relacbw027sbog_relacbw027sbog__lag049,0.667712,0.014699,0.076128,0.06064647
d__relacbw027sbog_re_loans__lag049,0.667712,0.014699,0.076128,0.06064647
d__relacbw027sbog_real_estate_loan__lag049,0.667712,0.014699,0.076128,0.06064647
d__relacbw027sbog_relacbw027sbog__lag051,0.667712,0.015108,0.075615,0.06057657
d__relacbw027sbog_re_loans__lag051,0.667712,0.015108,0.075615,0.06057657
d__relacbw027sbog_real_estate_loan__lag051,0.667712,0.015108,0.075615,0.06057657
d__relacbw027sbog_relacbw027sbog__lag052,0.667712,0.014882,0.075653,0.06045114
d__relacbw027sbog_re_loans__lag052,0.667712,0.014882,0.075653,0.06045114
d__relacbw027sbog_real_estate_loan__lag052,0.667712,0.014882,0.075653,0.06045114
d__relacbw027sbog_relacbw027sbog__lag050,0.667712,0.014227,0.076288,0.06043802
d__relacbw027sbog_re_loans__lag050,0.667712,0.014227,0.076288,0.06043802
d__relacbw027sbog_real_estate_loan__lag050,0.667712,0.014227,0.076288,0.06043802
d__relacbw027sbog_relacbw027sbog__lag046,0.667712,0.014785,0.075626,0.06036829
d__relacbw027sbog_re_loans__lag046,0.667712,0.014785,0.075626,0.06036829
d__relacbw027sbog_real_estate_loan__lag046,0.667712,0.014785,0.075626,0.06036829
d__relacbw027sbog_relacbw027sbog__lag057,0.667712,0.01428,0.075916,0.060225
d__relacbw027sbog_re_loans__lag057,0.667712,0.01428,0.075916,0.060225
d__relacbw027sbog_real_estate_loan__lag057,0.667712,0.01428,0.075916,0.060225
d__relacbw027sbog_relacbw027sbog__lag045,0.667712,0.015007,0.075064,0.06014144
d__relacbw027sbog_re_loans__lag045,0.667712,0.015007,0.075064,0.06014144
d__relacbw027sbog_real_estate_loan__lag045,0.667712,0.015007,0.075064,0.06014144
d__relacbw027sbog_relacbw027sbog__lag063,0.667712,0.013576,0.076462,0.06011891
d__relacbw027sbog_re_loans__lag063,0.667712,0.013576,0.076462,0.06011891
d__relacbw027sbog_real_estate_loan__lag063,0.667712,0.013576,0.076462,0.06011891
d__relacbw027sbog_relacbw027sbog__lag060,0.667712,0.013939,0.076052,0.06008822
d__relacbw027sbog_re_loans__lag060,0.667712,0.013939,0.076052,0.06008822
d__relacbw027sbog_real_estate_loan__lag060,0.667712,0.013939,0.076052,0.06008822
d__relacbw027sbog_relacbw027sbog__lag058,0.667712,0.013906,0.076054,0.06006719
d__relacbw027sbog_re_loans__lag058,0.667712,0.013906,0.076054,0.06006719
d__relacbw027sbog_real_estate_loan__lag058,0.667712,0.013906,0.076054,0.06006719
d__relacbw027sbog_relacbw027sbog__lag056,0.667712,0.01394,0.076012,0.06006184
d__relacbw027sbog_re_loans__lag056,0.667712,0.01394,0.076012,0.06006184
d__relacbw027sbog_real_estate_loan__lag056,0.667712,0.01394,0.076012,0.06006184
d__usepuindxd_policy_uncertainty__lag061,0.517241,0.06118,0.054875,0.06002837
d__relacbw027sbog_relacbw027sbog__lag054,0.667712,0.013478,0.076388,0.06000487
d__relacbw027sbog_re_loans__lag054,0.667712,0.013478,0.076388,0.06000487
d__relacbw027sbog_real_estate_loan__lag054,0.667712,0.013478,0.076388,0.06000487
d__relacbw027sbog_relacbw027sbog__lag061,0.667712,0.013483,0.076355,0.05998584
d__relacbw027sbog_re_loans__lag061,0.667712,0.013483,0.076355,0.05998584
d__relacbw027sbog_real_estate_loan__lag061,0.667712,0.013483,0.076355,0.05998584
d__relacbw027sbog_relacbw027sbog__lag055,0.667712,0.013456,0.076376,0.05998228
d__relacbw027sbog_re_loans__lag055,0.667712,0.013456,0.076376,0.05998228
d__relacbw027sbog_real_estate_loan__lag055,0.667712,0.013456,0.076376,0.05998228
d__relacbw027sbog_relacbw027sbog__lag053,0.667712,0.013238,0.076523,0.05993452
d__relacbw027sbog_re_loans__lag053,0.667712,0.013238,0.076523,0.05993452
d__relacbw027sbog_real_estate_loan__lag053,0.667712,0.013238,0.076523,0.05993452
d__relacbw027sbog_relacbw027sbog__lag062,0.667712,0.013351,0.076377,0.05991235
d__relacbw027sbog_re_loans__lag062,0.667712,0.013351,0.076377,0.05991235
d__relacbw027sbog_real_estate_loan__lag062,0.667712,0.013351,0.076377,0.05991235
d__relacbw027sbog_relacbw027sbog__lag059,0.667712,0.013669,0.07589,0.05979974
d__relacbw027sbog_re_loans__lag059,0.667712,0.013669,0.07589,0.05979974
d__relacbw027sbog_real_estate_loan__lag059,0.667712,0.013669,0.07589,0.05979974
d__relacbw027sbog_relacbw027sbog__lag001,0.667712,0.024649,0.064769,0.0597055
d__relacbw027sbog_re_loans__lag001,0.667712,0.024649,0.064769,0.0597055
d__relacbw027sbog_real_estate_loan__lag001,0.667712,0.024649,0.064769,0.0597055
q__tnwhcbsnncb_nfcb_hc_nw__lag007,0.987461,0.044501,0.015931,0.0596737
d__relacbw027sbog_relacbw027sbog__lag044,0.667712,0.015712,0.073634,0.0596574
d__relacbw027sbog_re_loans__lag044,0.667712,0.015712,0.073634,0.0596574
d__relacbw027sbog_real_estate_loan__lag044,0.667712,0.015712,0.073634,0.0596574
m__csushpinsa_cs_hpi__lag007,0.485893,0.059732,0.062904,0.05958786
d__relacbw027sbog_relacbw027sbog__lag042,0.667712,0.016254,0.072778,0.05944833
d__relacbw027sbog_re_loans__lag042,0.667712,0.016254,0.072778,0.05944833
d__relacbw027sbog_real_estate_loan__lag042,0.667712,0.016254,0.072778,0.05944833
m__rmfsl_mmf__lag004,0.664577,0.049138,0.040252,0.05940604
d__relacbw027sbog_relacbw027sbog__lag041,0.667712,0.016358,0.072359,0.05923679
d__relacbw027sbog_re_loans__lag041,0.667712,0.016358,0.072359,0.05923679
d__relacbw027sbog_real_estate_loan__lag041,0.667712,0.016358,0.072359,0.05923679
d__relacbw027sbog_relacbw027sbog__lag043,0.667712,0.016073,0.072586,0.05919896
d__relacbw027sbog_re_loans__lag043,0.667712,0.016073,0.072586,0.05919896
d__relacbw027sbog_real_estate_loan__lag043,0.667712,0.016073,0.072586,0.05919896
d__relacbw027sbog_relacbw027sbog__lag017,0.667712,0.019754,0.068887,0.05918692
d__relacbw027sbog_re_loans__lag017,0.667712,0.019754,0.068887,0.05918692
d__relacbw027sbog_real_estate_loan__lag017,0.667712,0.019754,0.068887,0.05918692
d__relacbw027sbog_relacbw027sbog__lag006,0.667712,0.022875,0.065706,0.0591468
d__relacbw027sbog_re_loans__lag006,0.667712,0.022875,0.065706,0.0591468
d__relacbw027sbog_real_estate_loan__lag006,0.667712,0.022875,0.065706,0.0591468
d__relacbw027sbog_relacbw027sbog__lag005,0.667712,0.022948,0.065608,0.05913004
d__relacbw027sbog_re_loans__lag005,0.667712,0.022948,0.065608,0.05913004
d__relacbw027sbog_real_estate_loan__lag005,0.667712,0.022948,0.065608,0.05913004
m__businv_businv__lag012,0.420063,0.087456,0.053307,0.05912952
d__relacbw027sbog_relacbw027sbog__lag014,0.667712,0.02102,0.067513,0.05911456
d__relacbw027sbog_re_loans__lag014,0.667712,0.02102,0.067513,0.05911456
d__relacbw027sbog_real_estate_loan__lag014,0.667712,0.02102,0.067513,0.05911456
d__relacbw027sbog_relacbw027sbog__lag040,0.667712,0.016474,0.071977,0.05906017
d__relacbw027sbog_re_loans__lag040,0.667712,0.016474,0.071977,0.05906017
d__relacbw027sbog_real_estate_loan__lag040,0.667712,0.016474,0.071977,0.05906017
d__relacbw027sbog_relacbw027sbog__lag007,0.667712,0.02309,0.065357,0.05905718
d__relacbw027sbog_re_loans__lag007,0.667712,0.02309,0.065357,0.05905718
d__relacbw027sbog_real_estate_loan__lag007,0.667712,0.02309,0.065357,0.05905718
q__bogz1fl743061103q_usb_tsy_dom__lag008,0.984326,0.004063,0.055897,0.05902007
d__relacbw027sbog_relacbw027sbog__lag003,0.667712,0.023158,0.065226,0.05901536
d__relacbw027sbog_re_loans__lag003,0.667712,0.023158,0.065226,0.05901536
d__relacbw027sbog_real_estate_loan__lag003,0.667712,0.023158,0.065226,0.05901536
d__relacbw027sbog_relacbw027sbog__lag022,0.667712,0.019597,0.068778,0.05900922
d__relacbw027sbog_re_loans__lag022,0.667712,0.019597,0.068778,0.05900922
d__relacbw027sbog_real_estate_loan__lag022,0.667712,0.019597,0.068778,0.05900922
q__bogz1fr513061115q_pci_bills_reval__lag001,0.99373,0.022489,0.03688,0.05899648
d__relacbw027sbog_relacbw027sbog__lag013,0.667712,0.020946,0.067407,0.05899418
d__relacbw027sbog_re_loans__lag013,0.667712,0.020946,0.067407,0.05899418
d__relacbw027sbog_real_estate_loan__lag013,0.667712,0.020946,0.067407,0.05899418
d__relacbw027sbog_relacbw027sbog__lag008,0.667712,0.022922,0.065368,0.05895193
d__relacbw027sbog_re_loans__lag008,0.667712,0.022922,0.065368,0.05895193
d__relacbw027sbog_real_estate_loan__lag008,0.667712,0.022922,0.065368,0.05895193
d__relacbw027sbog_relacbw027sbog__lag018,0.667712,0.018586,0.069671,0.05893013
d__relacbw027sbog_re_loans__lag018,0.667712,0.018586,0.069671,0.05893013
d__relacbw027sbog_real_estate_loan__lag018,0.667712,0.018586,0.069671,0.05893013
d__relacbw027sbog_relacbw027sbog__lag004,0.667712,0.022638,0.065606,0.05892182
d__relacbw027sbog_re_loans__lag004,0.667712,0.022638,0.065606,0.05892182
d__relacbw027sbog_real_estate_loan__lag004,0.667712,0.022638,0.065606,0.05892182
d__relacbw027sbog_relacbw027sbog__lag023,0.667712,0.020009,0.068197,0.05889614
d__relacbw027sbog_re_loans__lag023,0.667712,0.020009,0.068197,0.05889614
d__relacbw027sbog_real_estate_loan__lag023,0.667712,0.020009,0.068197,0.05889614
d__relacbw027sbog_relacbw027sbog__lag039,0.667712,0.016974,0.071226,0.05889205
d__relacbw027sbog_re_loans__lag039,0.667712,0.016974,0.071226,0.05889205
d__relacbw027sbog_real_estate_loan__lag039,0.667712,0.016974,0.071226,0.05889205
d__relacbw027sbog_relacbw027sbog__lag016,0.667712,0.019849,0.068328,0.05887689
d__relacbw027sbog_re_loans__lag016,0.667712,0.019849,0.068328,0.05887689
d__relacbw027sbog_real_estate_loan__lag016,0.667712,0.019849,0.068328,0.05887689
d__relacbw027sbog_relacbw027sbog__lag024,0.667712,0.019617,0.068539,0.05886271
d__relacbw027sbog_re_loans__lag024,0.667712,0.019617,0.068539,0.05886271
d__relacbw027sbog_real_estate_loan__lag024,0.667712,0.019617,0.068539,0.05886271
d__relacbw027sbog_relacbw027sbog__lag002,0.667712,0.023368,0.064787,0.05886264
d__relacbw027sbog_re_loans__lag002,0.667712,0.023368,0.064787,0.05886264
d__relacbw027sbog_real_estate_loan__lag002,0.667712,0.023368,0.064787,0.05886264
d__relacbw027sbog_relacbw027sbog__lag026,0.667712,0.020217,0.067929,0.05885633
d__relacbw027sbog_re_loans__lag026,0.667712,0.020217,0.067929,0.05885633
d__relacbw027sbog_real_estate_loan__lag026,0.667712,0.020217,0.067929,0.05885633
d__relacbw027sbog_relacbw027sbog__lag037,0.667712,0.01841,0.069696,0.05882912
d__relacbw027sbog_re_loans__lag037,0.667712,0.01841,0.069696,0.05882912
d__relacbw027sbog_real_estate_loan__lag037,0.667712,0.01841,0.069696,0.05882912
d__relacbw027sbog_relacbw027sbog__lag030,0.667712,0.019749,0.068354,0.05882717
d__relacbw027sbog_re_loans__lag030,0.667712,0.019749,0.068354,0.05882717
d__relacbw027sbog_real_estate_loan__lag030,0.667712,0.019749,0.068354,0.05882717
d__relacbw027sbog_relacbw027sbog__lag029,0.667712,0.019983,0.068119,0.05882714
d__relacbw027sbog_re_loans__lag029,0.667712,0.019983,0.068119,0.05882714
d__relacbw027sbog_real_estate_loan__lag029,0.667712,0.019983,0.068119,0.05882714
d__relacbw027sbog_relacbw027sbog__lag027,0.667712,0.020117,0.067985,0.05882624
d__relacbw027sbog_re_loans__lag027,0.667712,0.020117,0.067985,0.05882624
d__relacbw027sbog_real_estate_loan__lag027,0.667712,0.020117,0.067985,0.05882624
d__relacbw027sbog_relacbw027sbog__lag012,0.667712,0.020974,0.067086,0.05879904
d__relacbw027sbog_re_loans__lag012,0.667712,0.020974,0.067086,0.05879904
d__relacbw027sbog_real_estate_loan__lag012,0.667712,0.020974,0.067086,0.05879904
d__relacbw027sbog_relacbw027sbog__lag025,0.667712,0.020022,0.068021,0.0587877
d__relacbw027sbog_re_loans__lag025,0.667712,0.020022,0.068021,0.0587877
d__relacbw027sbog_real_estate_loan__lag025,0.667712,0.020022,0.068021,0.0587877
d__relacbw027sbog_relacbw027sbog__lag031,0.667712,0.019096,0.06894,0.05878288
d__relacbw027sbog_re_loans__lag031,0.667712,0.019096,0.06894,0.05878288
d__relacbw027sbog_real_estate_loan__lag031,0.667712,0.019096,0.06894,0.05878288
d__relacbw027sbog_relacbw027sbog__lag028,0.667712,0.01993,0.068102,0.05878028
d__relacbw027sbog_re_loans__lag028,0.667712,0.01993,0.068102,0.05878028
d__relacbw027sbog_real_estate_loan__lag028,0.667712,0.01993,0.068102,0.05878028
d__relacbw027sbog_relacbw027sbog__lag038,0.667712,0.017394,0.07059,0.05874787
d__relacbw027sbog_re_loans__lag038,0.667712,0.017394,0.07059,0.05874787
d__relacbw027sbog_real_estate_loan__lag038,0.667712,0.017394,0.07059,0.05874787
d__relacbw027sbog_relacbw027sbog__lag021,0.667712,0.018685,0.069294,0.05874468
d__relacbw027sbog_re_loans__lag021,0.667712,0.018685,0.069294,0.05874468
d__relacbw027sbog_real_estate_loan__lag021,0.667712,0.018685,0.069294,0.05874468
d__relacbw027sbog_relacbw027sbog__lag032,0.667712,0.018666,0.069305,0.05873895
d__relacbw027sbog_re_loans__lag032,0.667712,0.018666,0.069305,0.05873895
d__relacbw027sbog_real_estate_loan__lag032,0.667712,0.018666,0.069305,0.05873895
d__relacbw027sbog_relacbw027sbog__lag010,0.667712,0.022075,0.065848,0.05870755
d__relacbw027sbog_re_loans__lag010,0.667712,0.022075,0.065848,0.05870755
d__relacbw027sbog_real_estate_loan__lag010,0.667712,0.022075,0.065848,0.05870755
d__relacbw027sbog_relacbw027sbog__lag020,0.667712,0.01866,0.069208,0.05867045
d__relacbw027sbog_re_loans__lag020,0.667712,0.01866,0.069208,0.05867045
d__relacbw027sbog_real_estate_loan__lag020,0.667712,0.01866,0.069208,0.05867045
d__relacbw027sbog_relacbw027sbog__lag009,0.667712,0.022405,0.065392,0.05862314
d__relacbw027sbog_re_loans__lag009,0.667712,0.022405,0.065392,0.05862314
d__relacbw027sbog_real_estate_loan__lag009,0.667712,0.022405,0.065392,0.05862314
d__relacbw027sbog_relacbw027sbog__lag033,0.667712,0.018475,0.069308,0.05861424
d__relacbw027sbog_re_loans__lag033,0.667712,0.018475,0.069308,0.05861424
d__relacbw027sbog_real_estate_loan__lag033,0.667712,0.018475,0.069308,0.05861424
d__relacbw027sbog_relacbw027sbog__lag015,0.667712,0.019611,0.068106,0.05856948
d__relacbw027sbog_re_loans__lag015,0.667712,0.019611,0.068106,0.05856948
d__relacbw027sbog_real_estate_loan__lag015,0.667712,0.019611,0.068106,0.05856948
d__relacbw027sbog_relacbw027sbog__lag036,0.667712,0.0182,0.069491,0.05855262
d__relacbw027sbog_re_loans__lag036,0.667712,0.0182,0.069491,0.05855262
d__relacbw027sbog_real_estate_loan__lag036,0.667712,0.0182,0.069491,0.05855262
d__relacbw027sbog_relacbw027sbog__lag019,0.667712,0.018586,0.0691,0.05854868
d__relacbw027sbog_re_loans__lag019,0.667712,0.018586,0.0691,0.05854868
d__relacbw027sbog_real_estate_loan__lag019,0.667712,0.018586,0.0691,0.05854868
d__relacbw027sbog_relacbw027sbog__lag011,0.667712,0.021472,0.066208,0.05854485
d__relacbw027sbog_re_loans__lag011,0.667712,0.021472,0.066208,0.05854485
d__relacbw027sbog_real_estate_loan__lag011,0.667712,0.021472,0.066208,0.05854485
d__relacbw027sbog_relacbw027sbog__lag034,0.667712,0.018024,0.069554,0.0584771
d__relacbw027sbog_re_loans__lag034,0.667712,0.018024,0.069554,0.0584771
d__relacbw027sbog_real_estate_loan__lag034,0.667712,0.018024,0.069554,0.0584771
d__relacbw027sbog_relacbw027sbog__lag035,0.667712,0.017884,0.069554,0.05838345
d__relacbw027sbog_re_loans__lag035,0.667712,0.017884,0.069554,0.05838345
d__relacbw027sbog_real_estate_loan__lag035,0.667712,0.017884,0.069554,0.05838345
d__usepuindxd_policy_uncertainty__lag044,0.517241,0.001243,0.111123,0.05812021
m__rmfsl_mmf__lag002,0.667712,0.039951,0.046443,0.05768608
m__csushpinsa_cs_hpi__lag006,0.489028,0.059127,0.0583,0.05742517
m__ttlcons_ttlcons__lag001,0.416928,0.05563,0.081817,0.05730544
m__rmfsl_mmf__lag001,0.667712,0.028271,0.05746,0.05724376
q__tnwhcbsnncb_nfcb_hc_nw__lag005,0.99373,0.044223,0.013206,0.05706886
q__tnwhcbsnncb_nfcb_hc_nw__lag008,0.984326,0.041318,0.016597,0.05700753
m__rmfsl_mmf__lag003,0.667712,0.044059,0.040946,0.05675901
m__csushpinsa_cs_hpi__lag005,0.489028,0.060447,0.055165,0.05653715
m__ttlcons_ttlcons__lag002,0.416928,0.051983,0.081638,0.05571041
q__bogz1fa503061123q_ccps_ts_tx__lag001,0.99373,0.018062,0.037793,0.05550535
m__csushpinsa_cs_hpi__lag004,0.489028,0.061024,0.051648,0.0550994
d__usepuindxd_policy_uncertainty__lag023,0.517241,0.033325,0.072465,0.05471889
q__bogz1fl743061103q_usb_tsy_dom__lag007,0.987461,0.005164,0.050043,0.05451442
q__rownblq027s_row_nonfinbusinessloans_flow__lag008,0.971787,0.028685,0.02673,0.05385153
m__csushpinsa_cs_hpi__lag001,0.492163,0.065584,0.042012,0.0529548
m__csushpinsa_cs_hpi__lag003,0.492163,0.060092,0.047446,0.05292631
m__ttlcons_ttlcons__lag003,0.416928,0.049344,0.077438,0.05285898
m__ttlcons_ttlcons__lag005,0.413793,0.05375,0.073153,0.05251178
m__csushpinsa_cs_hpi__lag002,0.492163,0.06048,0.044073,0.05145714
m__ttlcons_ttlcons__lag004,0.413793,0.050486,0.07272,0.05098184
q__bogz1fa263061110q_row_bills_tx__lag006,0.978056,0.003949,0.047809,0.05062171
q__bogz1lm103061103q_nfcb_tsy__lag001,1.0,0.003668,0.046787,0.05045554
m__iputil_iputil__lag007,1.0,0.024432,0.025547,0.04997871
m__ttlcons_ttlcons__lag006,0.413793,0.050974,0.069577,0.04988301
m__ttlcons_ttlcons__lag007,0.410658,0.049994,0.069423,0.04903959
m__ttlcons_ttlcons__lag009,0.410658,0.047937,0.069911,0.04839511
m__ttlcons_ttlcons__lag008,0.410658,0.048771,0.068851,0.04830266
q__bogz1fa503061123q_ccps_ts_tx__lag002,0.990596,0.037541,0.010739,0.04782638
q__bogz1fa633061110q_mmf_bills_tx__lag008,0.971787,0.017981,0.029338,0.04598351
m__ttlcons_ttlcons__lag010,0.407524,0.047018,0.065393,0.04581028
m__ttlcons_ttlcons__lag011,0.407524,0.045917,0.066383,0.04576497
m__ttlcons_ttlcons__lag012,0.407524,0.042773,0.064768,0.04382569
q__bogz1lm103061103q_nfcb_tsy__lag008,0.984326,0.001215,0.042189,0.04272434
q__tnwhcbsnncb_nfcb_hc_nw__lag004,0.996865,0.041673,0.000939,0.04247864
q__bogz1fr513061115q_pci_bills_reval__lag007,0.974922,0.020569,0.022545,0.0420334
q__tnwmvbsnncb_nfcb_nw__lag008,0.984326,0.000113,0.040331,0.03980967
q__tnwhcbsnncb_nfcb_hc_nw__lag006,0.990596,0.027713,0.01242,0.03975545
q__bogz1fl892050005q_all_ffrepo__lag003,1.0,0.016403,0.022887,0.03928986
d__usepuindxd_policy_uncertainty__lag030,0.517241,0.038807,0.033658,0.03748167
q__bogz1fa733061103q_holding_companies_ts_tx__lag007,0.974922,0.028816,0.009592,0.03744478
q__tnwmvbsnncb_nfcb_nw__lag007,0.987461,0.007954,0.029886,0.03736604
q__bogz1fr513061115q_pci_bills_reval__lag004,0.984326,0.003039,0.031621,0.03411722
q__bogz1fl892050005q_all_ffrepo__lag004,0.996865,0.001374,0.031712,0.03298209
q__tnwmvbsnncb_nfcb_nw__lag005,0.99373,0.025505,0.007267,0.03256698
d__usepuindxd_policy_uncertainty__lag028,0.517241,0.026446,0.028219,0.02827463
q__tnwmvbsnncb_nfcb_nw__lag006,0.990596,0.004378,0.018081,0.02224765
d__usepuindxd_policy_uncertainty__lag027,0.517241,0.013697,0.016515,0.01562712
q__bogz1fr313161305q_gov_nonmarketable_ts_reval__lag001,0.99373,0.0,0.0,0.0
q__bogz1fr343061123q_fed_gov_dcg_retirement_ts_reval__lag001,0.99373,0.0,0.0,0.0
q__bogz1fr503061123q_ccps_ts_reval__lag001,0.99373,0.0,0.0,0.0
q__bogz1fr543461113q_li_bills_reval__lag001,0.99373,0.0,0.0,0.0
q__bogz1fr633061105q_money_market_funds_ts_reval__lag001,0.99373,0.0,0.0,0.0
q__bogz1fr633061110q_mmf_bills_reval__lag001,0.99373,0.0,0.0,0.0
q__bogz1fr653061113q_mutf_bills_reval__lag001,0.99373,0.0,0.0,0.0
q__bogz1fr673061103q_abs_issuers_ts_reval__lag001,0.99373,0.0,0.0,0.0
q__bogz1fr313161305q_gov_nonmarketable_ts_reval__lag002,0.990596,0.0,0.0,0.0
q__bogz1fr343061123q_fed_gov_dcg_retirement_ts_reval__lag002,0.990596,0.0,0.0,0.0
q__bogz1fr503061123q_ccps_ts_reval__lag002,0.990596,0.0,0.0,0.0
q__bogz1fr543461113q_li_bills_reval__lag002,0.990596,0.0,0.0,0.0
q__bogz1fr633061105q_money_market_funds_ts_reval__lag002,0.990596,0.0,0.0,0.0
q__bogz1fr633061110q_mmf_bills_reval__lag002,0.990596,0.0,0.0,0.0
q__bogz1fr653061113q_mutf_bills_reval__lag002,0.990596,0.0,0.0,0.0
q__bogz1fr673061103q_abs_issuers_ts_reval__lag002,0.990596,0.0,0.0,0.0
q__bogz1fr313161305q_gov_nonmarketable_ts_reval__lag003,0.987461,0.0,0.0,0.0
q__bogz1fr343061123q_fed_gov_dcg_retirement_ts_reval__lag003,0.987461,0.0,0.0,0.0
q__bogz1fr503061123q_ccps_ts_reval__lag003,0.987461,0.0,0.0,0.0
q__bogz1fr543461113q_li_bills_reval__lag003,0.987461,0.0,0.0,0.0
q__bogz1fr633061105q_money_market_funds_ts_reval__lag003,0.987461,0.0,0.0,0.0
q__bogz1fr633061110q_mmf_bills_reval__lag003,0.987461,0.0,0.0,0.0
q__bogz1fr653061113q_mutf_bills_reval__lag003,0.987461,0.0,0.0,0.0
q__bogz1fr673061103q_abs_issuers_ts_reval__lag003,0.987461,0.0,0.0,0.0
q__bogz1fr313161305q_gov_nonmarketable_ts_reval__lag004,0.984326,0.0,0.0,0.0
q__bogz1fr343061123q_fed_gov_dcg_retirement_ts_reval__lag004,0.984326,0.0,0.0,0.0
q__bogz1fr503061123q_ccps_ts_reval__lag004,0.984326,0.0,0.0,0.0
q__bogz1fr543461113q_li_bills_reval__lag004,0.984326,0.0,0.0,0.0
q__bogz1fr633061105q_money_market_funds_ts_reval__lag004,0.984326,0.0,0.0,0.0
q__bogz1fr633061110q_mmf_bills_reval__lag004,0.984326,0.0,0.0,0.0
q__bogz1fr653061113q_mutf_bills_reval__lag004,0.984326,0.0,0.0,0.0
q__bogz1fr673061103q_abs_issuers_ts_reval__lag004,0.984326,0.0,0.0,0.0
q__bogz1fr313161305q_gov_nonmarketable_ts_reval__lag005,0.981191,0.0,0.0,0.0
q__bogz1fr343061123q_fed_gov_dcg_retirement_ts_reval__lag005,0.981191,0.0,0.0,0.0
q__bogz1fr503061123q_ccps_ts_reval__lag005,0.981191,0.0,0.0,0.0
q__bogz1fr543461113q_li_bills_reval__lag005,0.981191,0.0,0.0,0.0
q__bogz1fr633061105q_money_market_funds_ts_reval__lag005,0.981191,0.0,0.0,0.0
q__bogz1fr633061110q_mmf_bills_reval__lag005,0.981191,0.0,0.0,0.0
q__bogz1fr653061113q_mutf_bills_reval__lag005,0.981191,0.0,0.0,0.0
q__bogz1fr673061103q_abs_issuers_ts_reval__lag005,0.981191,0.0,0.0,0.0
q__bogz1fr313161305q_gov_nonmarketable_ts_reval__lag006,0.978056,0.0,0.0,0.0
q__bogz1fr343061123q_fed_gov_dcg_retirement_ts_reval__lag006,0.978056,0.0,0.0,0.0
q__bogz1fr503061123q_ccps_ts_reval__lag006,0.978056,0.0,0.0,0.0
q__bogz1fr543461113q_li_bills_reval__lag006,0.978056,0.0,0.0,0.0
q__bogz1fr633061105q_money_market_funds_ts_reval__lag006,0.978056,0.0,0.0,0.0
q__bogz1fr633061110q_mmf_bills_reval__lag006,0.978056,0.0,0.0,0.0
q__bogz1fr653061113q_mutf_bills_reval__lag006,0.978056,0.0,0.0,0.0
q__bogz1fr673061103q_abs_issuers_ts_reval__lag006,0.978056,0.0,0.0,0.0
q__bogz1fr313161305q_gov_nonmarketable_ts_reval__lag007,0.974922,0.0,0.0,0.0
q__bogz1fr343061123q_fed_gov_dcg_retirement_ts_reval__lag007,0.974922,0.0,0.0,0.0
q__bogz1fr503061123q_ccps_ts_reval__lag007,0.974922,0.0,0.0,0.0
q__bogz1fr543461113q_li_bills_reval__lag007,0.974922,0.0,0.0,0.0
q__bogz1fr633061105q_money_market_funds_ts_reval__lag007,0.974922,0.0,0.0,0.0
q__bogz1fr633061110q_mmf_bills_reval__lag007,0.974922,0.0,0.0,0.0
q__bogz1fr653061113q_mutf_bills_reval__lag007,0.974922,0.0,0.0,0.0
q__bogz1fr673061103q_abs_issuers_ts_reval__lag007,0.974922,0.0,0.0,0.0
q__bogz1fr313161305q_gov_nonmarketable_ts_reval__lag008,0.971787,0.0,0.0,0.0
q__bogz1fr343061123q_fed_gov_dcg_retirement_ts_reval__lag008,0.971787,0.0,0.0,0.0
q__bogz1fr503061123q_ccps_ts_reval__lag008,0.971787,0.0,0.0,0.0
q__bogz1fr543461113q_li_bills_reval__lag008,0.971787,0.0,0.0,0.0
q__bogz1fr633061105q_money_market_funds_ts_reval__lag008,0.971787,0.0,0.0,0.0
q__bogz1fr633061110q_mmf_bills_reval__lag008,0.971787,0.0,0.0,0.0
q__bogz1fr653061113q_mutf_bills_reval__lag008,0.971787,0.0,0.0,0.0
q__bogz1fr673061103q_abs_issuers_ts_reval__lag008,0.971787,0.0,0.0,0.0
m__exgeus_demusd__lag001,0.69279,0.0,0.0,0.0
m__exgeus_demusd__lag002,0.69279,0.0,0.0,0.0
m__exgeus_demusd__lag003,0.69279,0.0,0.0,0.0
m__exgeus_exgeus__lag001,0.69279,0.0,0.0,0.0
m__exgeus_exgeus__lag002,0.69279,0.0,0.0,0.0
m__exgeus_exgeus__lag003,0.69279,0.0,0.0,0.0
m__exgeus_demusd__lag004,0.689655,0.0,0.0,0.0
m__exgeus_demusd__lag005,0.689655,0.0,0.0,0.0
m__exgeus_demusd__lag006,0.689655,0.0,0.0,0.0
m__exgeus_exgeus__lag004,0.689655,0.0,0.0,0.0
m__exgeus_exgeus__lag005,0.689655,0.0,0.0,0.0
m__exgeus_exgeus__lag006,0.689655,0.0,0.0,0.0
m__exgeus_demusd__lag007,0.68652,0.0,0.0,0.0
m__exgeus_demusd__lag008,0.68652,0.0,0.0,0.0
m__exgeus_demusd__lag009,0.68652,0.0,0.0,0.0
m__exgeus_exgeus__lag007,0.68652,0.0,0.0,0.0
m__exgeus_exgeus__lag008,0.68652,0.0,0.0,0.0
m__exgeus_exgeus__lag009,0.68652,0.0,0.0,0.0
m__exgeus_demusd__lag010,0.683386,0.0,0.0,0.0
m__exgeus_demusd__lag011,0.683386,0.0,0.0,0.0
m__exgeus_demusd__lag012,0.683386,0.0,0.0,0.0
m__exgeus_exgeus__lag010,0.683386,0.0,0.0,0.0
m__exgeus_exgeus__lag011,0.683386,0.0,0.0,0.0
m__exgeus_exgeus__lag012,0.683386,0.0,0.0,0.0
